decision_id,advocate_general_id
DOC_JUDG_CJ_1954_0001_19541221,ACT_EU_INST_CJEU_JUDG_AG_FR_LAG
DOC_JUDG_CJ_1954_0002_19541221,ACT_EU_INST_CJEU_JUDG_AG_FR_LAG
DOC_JUDG_CJ_1954_0003_19550211,ACT_EU_INST_CJEU_JUDG_AG_FR_LAG
DOC_JUDG_CJ_1954_0004_19550211,ACT_EU_INST_CJEU_JUDG_AG_FR_LAG
DOC_JUDG_CJ_1954_0006_19550321,ACT_EU_INST_CJEU_JUDG_AG_DE_ROE
DOC_JUDG_CJ_1954_0007_19560423,ACT_EU_INST_CJEU_JUDG_AG_DE_ROE
DOC_JUDG_CJ_1954_0008_19560423,ACT_EU_INST_CJEU_JUDG_AG_DE_ROE
DOC_JUDG_CJ_1955_0001_19550719,ACT_EU_INST_CJEU_JUDG_AG_DE_ROE
DOC_JUDG_CJ_1955_0005_19550628,ACT_EU_INST_CJEU_JUDG_AG_FR_LAG
DOC_JUDG_CJ_1955_0008_19560716,ACT_EU_INST_CJEU_JUDG_AG_FR_LAG
DOC_JUDG_CJ_1955_0008_19561129,ACT_EU_INST_CJEU_JUDG_AG_FR_LAG
DOC_JUDG_CJ_1955_0009_19561129,ACT_EU_INST_CJEU_JUDG_AG_FR_LAG
DOC_JUDG_CJ_1955_0010_19561212,ACT_EU_INST_CJEU_JUDG_AG_FR_LAG
DOC_JUDG_CJ_1956_0001_19561217,ACT_EU_INST_CJEU_JUDG_AG_DE_ROE
DOC_JUDG_CJ_1956_0002_19570320,ACT_EU_INST_CJEU_JUDG_AG_DE_ROE
DOC_JUDG_CJ_1956_0007_19570712,ACT_EU_INST_CJEU_JUDG_AG_FR_LAG
DOC_JUDG_CJ_1956_0008_19571210,ACT_EU_INST_CJEU_JUDG_AG_FR_LAG
DOC_JUDG_CJ_1956_0009_19580613,ACT_EU_INST_CJEU_JUDG_AG_DE_ROE
DOC_JUDG_CJ_1956_0010_19580613,ACT_EU_INST_CJEU_JUDG_AG_DE_ROE
DOC_JUDG_CJ_1957_0001_19571210,ACT_EU_INST_CJEU_JUDG_AG_FR_LAG
DOC_JUDG_CJ_1957_0002_19580612,ACT_EU_INST_CJEU_JUDG_AG_FR_LAG
DOC_JUDG_CJ_1957_0008_19580621,ACT_EU_INST_CJEU_JUDG_AG_FR_LAG
DOC_JUDG_CJ_1957_0009_19580626,ACT_EU_INST_CJEU_JUDG_AG_FR_LAG
DOC_JUDG_CJ_1957_0010_19580626,ACT_EU_INST_CJEU_JUDG_AG_FR_LAG
DOC_JUDG_CJ_1957_0011_19580626,ACT_EU_INST_CJEU_JUDG_AG_FR_LAG
DOC_JUDG_CJ_1957_0012_19580626,ACT_EU_INST_CJEU_JUDG_AG_FR_LAG
DOC_JUDG_CJ_1957_0013_19580621,ACT_EU_INST_CJEU_JUDG_AG_FR_LAG
DOC_JUDG_CJ_1957_0015_19580612,ACT_EU_INST_CJEU_JUDG_AG_FR_LAG
DOC_JUDG_CJ_1957_0017_19590204,ACT_EU_INST_CJEU_JUDG_AG_FR_LAG
DOC_JUDG_CJ_1957_0018_19590320,ACT_EU_INST_CJEU_JUDG_AG_DE_ROE
DOC_JUDG_CJ_1958_0001_19590204,ACT_EU_INST_CJEU_JUDG_AG_FR_LAG
DOC_JUDG_CJ_1958_0003_19600510,ACT_EU_INST_CJEU_JUDG_AG_FR_LAG
DOC_JUDG_CJ_1958_0019_19600510,ACT_EU_INST_CJEU_JUDG_AG_FR_LAG
DOC_JUDG_CJ_1958_0020_19590717,ACT_EU_INST_CJEU_JUDG_AG_FR_LAG
DOC_JUDG_CJ_1958_0021_19590717,ACT_EU_INST_CJEU_JUDG_AG_FR_LAG
DOC_JUDG_CJ_1958_0022_19590717,ACT_EU_INST_CJEU_JUDG_AG_FR_LAG
DOC_JUDG_CJ_1958_0023_19590717,ACT_EU_INST_CJEU_JUDG_AG_FR_LAG
DOC_JUDG_CJ_1958_0024_19600715,ACT_EU_INST_CJEU_JUDG_AG_DE_ROE
DOC_JUDG_CJ_1958_0027_19600510,ACT_EU_INST_CJEU_JUDG_AG_DE_ROE
DOC_JUDG_CJ_1958_0032_19590717,ACT_EU_INST_CJEU_JUDG_AG_FR_LAG
DOC_JUDG_CJ_1958_0036_19590717,ACT_EU_INST_CJEU_JUDG_AG_DE_ROE
DOC_JUDG_CJ_1958_0042_19590717,ACT_EU_INST_CJEU_JUDG_AG_FR_LAG
DOC_JUDG_CJ_1959_0001_19591217,ACT_EU_INST_CJEU_JUDG_AG_FR_LAG
DOC_JUDG_CJ_1959_0003_19600308,ACT_EU_INST_CJEU_JUDG_AG_FR_LAG
DOC_JUDG_CJ_1959_0004_19600404,ACT_EU_INST_CJEU_JUDG_AG_DE_ROE
DOC_JUDG_CJ_1959_0014_19591217,ACT_EU_INST_CJEU_JUDG_AG_FR_LAG
DOC_JUDG_CJ_1959_0015_19600212,ACT_EU_INST_CJEU_JUDG_AG_FR_LAG
DOC_JUDG_CJ_1959_0016_19600212,ACT_EU_INST_CJEU_JUDG_AG_FR_LAG
DOC_JUDG_CJ_1959_0020_19600715,ACT_EU_INST_CJEU_JUDG_AG_DE_ROE
DOC_JUDG_CJ_1959_0023_19591217,ACT_EU_INST_CJEU_JUDG_AG_FR_LAG
DOC_JUDG_CJ_1959_0025_19600715,ACT_EU_INST_CJEU_JUDG_AG_DE_ROE
DOC_JUDG_CJ_1959_0027_19600715,ACT_EU_INST_CJEU_JUDG_AG_DE_ROE
DOC_JUDG_CJ_1959_0030_19610223,ACT_EU_INST_CJEU_JUDG_AG_FR_LAG
DOC_JUDG_CJ_1959_0031_19600414,ACT_EU_INST_CJEU_JUDG_AG_DE_ROE
DOC_JUDG_CJ_1959_0033_19621214,ACT_EU_INST_CJEU_JUDG_AG_FR_LAG
DOC_JUDG_CJ_1959_0034_19600404,ACT_EU_INST_CJEU_JUDG_AG_DE_ROE
DOC_JUDG_CJ_1959_0036_19600715,ACT_EU_INST_CJEU_JUDG_AG_FR_LAG
DOC_JUDG_CJ_1959_0041_19601216,ACT_EU_INST_CJEU_JUDG_AG_DE_ROE
DOC_JUDG_CJ_1959_0042_19610322,ACT_EU_INST_CJEU_JUDG_AG_FR_LAG
DOC_JUDG_CJ_1959_0042_TO_19620712,ACT_EU_INST_CJEU_JUDG_AG_DE_ROE
DOC_JUDG_CJ_1959_0043_19600715,ACT_EU_INST_CJEU_JUDG_AG_DE_ROE
DOC_JUDG_CJ_1959_0044_19601216,ACT_EU_INST_CJEU_JUDG_AG_DE_ROE
DOC_JUDG_CJ_1959_0046_19621214,ACT_EU_INST_CJEU_JUDG_AG_FR_LAG
DOC_JUDG_CJ_1960_0001_19600510,ACT_EU_INST_CJEU_JUDG_AG_FR_LAG
DOC_JUDG_CJ_1960_0002_19610713,ACT_EU_INST_CJEU_JUDG_AG_FR_LAG
DOC_JUDG_CJ_1960_0002_19631216,ACT_EU_INST_CJEU_JUDG_AG_DE_ROE
DOC_JUDG_CJ_1960_0005_19610601,ACT_EU_INST_CJEU_JUDG_AG_FR_LAG
DOC_JUDG_CJ_1960_0006_19601216,ACT_EU_INST_CJEU_JUDG_AG_FR_LAG
DOC_JUDG_CJ_1960_0009_19610714,ACT_EU_INST_CJEU_JUDG_AG_DE_ROE
DOC_JUDG_CJ_1960_0009_TO_19620712,ACT_EU_INST_CJEU_JUDG_AG_BE_DEL
DOC_JUDG_CJ_1960_0013_19620518,ACT_EU_INST_CJEU_JUDG_AG_DE_ROE
DOC_JUDG_CJ_1960_0014_19610713,ACT_EU_INST_CJEU_JUDG_AG_FR_LAG
DOC_JUDG_CJ_1960_0015_19610601,ACT_EU_INST_CJEU_JUDG_AG_DE_ROE
DOC_JUDG_CJ_1960_0018_19620712,ACT_EU_INST_CJEU_JUDG_AG_FR_LAG
DOC_JUDG_CJ_1960_0019_19611215,ACT_EU_INST_CJEU_JUDG_AG_DE_ROE
DOC_JUDG_CJ_1960_0022_19610713,ACT_EU_INST_CJEU_JUDG_AG_DE_ROE
DOC_JUDG_CJ_1960_0025_19620301,ACT_EU_INST_CJEU_JUDG_AG_FR_LAG
DOC_JUDG_CJ_1961_0007_19611219,ACT_EU_INST_CJEU_JUDG_AG_FR_LAG
DOC_JUDG_CJ_1961_0009_19620712,ACT_EU_INST_CJEU_JUDG_AG_DE_ROE
DOC_JUDG_CJ_1961_0010_19620227,ACT_EU_INST_CJEU_JUDG_AG_FR_LAG
DOC_JUDG_CJ_1961_0012_19611214,ACT_EU_INST_CJEU_JUDG_AG_FR_LAG
DOC_JUDG_CJ_1961_0013_19620406,ACT_EU_INST_CJEU_JUDG_AG_FR_LAG
DOC_JUDG_CJ_1961_0014_19620712,ACT_EU_INST_CJEU_JUDG_AG_FR_LAG
DOC_JUDG_CJ_1961_0016_19620712,ACT_EU_INST_CJEU_JUDG_AG_DE_ROE
DOC_JUDG_CJ_1961_0017_19620713,ACT_EU_INST_CJEU_JUDG_AG_FR_LAG
DOC_JUDG_CJ_1961_0019_19620713,ACT_EU_INST_CJEU_JUDG_AG_FR_LAG
DOC_JUDG_CJ_1961_0021_19620406,ACT_EU_INST_CJEU_JUDG_AG_DE_ROE
DOC_JUDG_CJ_1962_0002_19621214,ACT_EU_INST_CJEU_JUDG_AG_DE_ROE
DOC_JUDG_CJ_1962_0005_19621214,ACT_EU_INST_CJEU_JUDG_AG_FR_LAG
DOC_JUDG_CJ_1962_0016_19621214,ACT_EU_INST_CJEU_JUDG_AG_FR_LAG
DOC_JUDG_CJ_1962_0018_19631216,ACT_EU_INST_CJEU_JUDG_AG_FR_LAG
DOC_JUDG_CJ_1962_0019_19621214,ACT_EU_INST_CJEU_JUDG_AG_FR_LAG
DOC_JUDG_CJ_1962_0024_19630704,ACT_EU_INST_CJEU_JUDG_AG_DE_ROE
DOC_JUDG_CJ_1962_0025_19630715,ACT_EU_INST_CJEU_JUDG_AG_DE_ROE
DOC_JUDG_CJ_1962_0026_19630205,ACT_EU_INST_CJEU_JUDG_AG_DE_ROE
DOC_JUDG_CJ_1962_0028_19630327,ACT_EU_INST_CJEU_JUDG_AG_FR_LAG
DOC_JUDG_CJ_1962_0031_19621214,ACT_EU_INST_CJEU_JUDG_AG_DE_ROE
DOC_JUDG_CJ_1962_0032_19630704,ACT_EU_INST_CJEU_JUDG_AG_FR_LAG
DOC_JUDG_CJ_1962_0034_19630715,ACT_EU_INST_CJEU_JUDG_AG_DE_ROE
DOC_JUDG_CJ_1962_0035_19631205,ACT_EU_INST_CJEU_JUDG_AG_FR_LAG
DOC_JUDG_CJ_1962_0036_19631216,ACT_EU_INST_CJEU_JUDG_AG_FR_LAG
DOC_JUDG_CJ_1963_0001_19631216,ACT_EU_INST_CJEU_JUDG_AG_DE_ROE
DOC_JUDG_CJ_1963_0011_19640319,ACT_EU_INST_CJEU_JUDG_AG_FR_LAG
DOC_JUDG_CJ_1963_0012_19630704,ACT_EU_INST_CJEU_JUDG_AG_DE_ROE
DOC_JUDG_CJ_1963_0013_19630717,ACT_EU_INST_CJEU_JUDG_AG_FR_LAG
DOC_JUDG_CJ_1963_0014_19631216,ACT_EU_INST_CJEU_JUDG_AG_FR_LAG
DOC_JUDG_CJ_1963_0015_19640304,ACT_EU_INST_CJEU_JUDG_AG_FR_LAG
DOC_JUDG_CJ_1963_0018_19640319,ACT_EU_INST_CJEU_JUDG_AG_FR_LAG
DOC_JUDG_CJ_1963_0019_19650708,ACT_EU_INST_CJEU_JUDG_AG_FR_GAN
DOC_JUDG_CJ_1963_0020_19640319,ACT_EU_INST_CJEU_JUDG_AG_FR_LAG
DOC_JUDG_CJ_1963_0023_19631205,ACT_EU_INST_CJEU_JUDG_AG_DE_ROE
DOC_JUDG_CJ_1963_0026_19640701,ACT_EU_INST_CJEU_JUDG_AG_DE_ROE
DOC_JUDG_CJ_1963_0027_19640319,ACT_EU_INST_CJEU_JUDG_AG_DE_ROE
DOC_JUDG_CJ_1963_0028_19631205,ACT_EU_INST_CJEU_JUDG_AG_DE_ROE
DOC_JUDG_CJ_1963_0029_19651209,ACT_EU_INST_CJEU_JUDG_AG_DE_ROE
DOC_JUDG_CJ_1963_0029_19660607,ACT_EU_INST_CJEU_JUDG_AG_DE_ROE
DOC_JUDG_CJ_1963_0053_19631205,ACT_EU_INST_CJEU_JUDG_AG_DE_ROE
DOC_JUDG_CJ_1963_0055_19640609,ACT_EU_INST_CJEU_JUDG_AG_DE_ROE
DOC_JUDG_CJ_1963_0066_19640715,ACT_EU_INST_CJEU_JUDG_AG_FR_LAG
DOC_JUDG_CJ_1963_0067_19640319,ACT_EU_INST_CJEU_JUDG_AG_DE_ROE
DOC_JUDG_CJ_1963_0068_19650708,ACT_EU_INST_CJEU_JUDG_AG_FR_GAN
DOC_JUDG_CJ_1963_0069_19640609,ACT_EU_INST_CJEU_JUDG_AG_FR_LAG
DOC_JUDG_CJ_1963_0070_19640707,ACT_EU_INST_CJEU_JUDG_AG_FR_LAG
DOC_JUDG_CJ_1963_0070_INTP_19650407,ACT_EU_INST_CJEU_JUDG_AG_DE_ROE
DOC_JUDG_CJ_1963_0073_19640218,ACT_EU_INST_CJEU_JUDG_AG_DE_ROE
DOC_JUDG_CJ_1963_0075_19640319,ACT_EU_INST_CJEU_JUDG_AG_FR_LAG
DOC_JUDG_CJ_1963_0078_19640701,ACT_EU_INST_CJEU_JUDG_AG_DE_ROE
DOC_JUDG_CJ_1963_0079_19640609,ACT_EU_INST_CJEU_JUDG_AG_DE_ROE
DOC_JUDG_CJ_1963_0080_19640701,ACT_EU_INST_CJEU_JUDG_AG_DE_ROE
DOC_JUDG_CJ_1963_0083_19650708,ACT_EU_INST_CJEU_JUDG_AG_FR_GAN
DOC_JUDG_CJ_1963_0084_19640625,ACT_EU_INST_CJEU_JUDG_AG_FR_LAG
DOC_JUDG_CJ_1963_0087_19640707,ACT_EU_INST_CJEU_JUDG_AG_FR_LAG
DOC_JUDG_CJ_1963_0090_19641113,ACT_EU_INST_CJEU_JUDG_AG_DE_ROE
DOC_JUDG_CJ_1963_0092_19640609,ACT_EU_INST_CJEU_JUDG_AG_FR_LAG
DOC_JUDG_CJ_1963_0093_19640707,ACT_EU_INST_CJEU_JUDG_AG_FR_LAG
DOC_JUDG_CJ_1963_0094_19640609,ACT_EU_INST_CJEU_JUDG_AG_DE_ROE
DOC_JUDG_CJ_1963_0097_19640707,ACT_EU_INST_CJEU_JUDG_AG_DE_ROE
DOC_JUDG_CJ_1963_0100_19640715,ACT_EU_INST_CJEU_JUDG_AG_FR_LAG
DOC_JUDG_CJ_1963_0101_19640512,ACT_EU_INST_CJEU_JUDG_AG_FR_LAG
DOC_JUDG_CJ_1963_0102_19641217,ACT_EU_INST_CJEU_JUDG_AG_DE_ROE
DOC_JUDG_CJ_1963_0103_19640702,ACT_EU_INST_CJEU_JUDG_AG_DE_ROE
DOC_JUDG_CJ_1963_0106_19650701,ACT_EU_INST_CJEU_JUDG_AG_DE_ROE
DOC_JUDG_CJ_1963_0108_19650121,ACT_EU_INST_CJEU_JUDG_AG_DE_ROE
DOC_JUDG_CJ_1963_0109_19641216,ACT_EU_INST_CJEU_JUDG_AG_DE_ROE
DOC_JUDG_CJ_1963_0110_19650708,ACT_EU_INST_CJEU_JUDG_AG_FR_GAN
DOC_JUDG_CJ_1963_0110_INTP_19660713,ACT_EU_INST_CJEU_JUDG_AG_FR_GAN
DOC_JUDG_CJ_1963_0111_19650713,ACT_EU_INST_CJEU_JUDG_AG_DE_ROE
DOC_JUDG_CJ_1964_0001_19640702,ACT_EU_INST_CJEU_JUDG_AG_FR_LAG
DOC_JUDG_CJ_1964_0003_19650708,ACT_EU_INST_CJEU_JUDG_AG_DE_ROE
DOC_JUDG_CJ_1964_0006_19640715,ACT_EU_INST_CJEU_JUDG_AG_FR_LAG
DOC_JUDG_CJ_1964_0009_19650602,ACT_EU_INST_CJEU_JUDG_AG_FR_GAN
DOC_JUDG_CJ_1964_0010_19650224,ACT_EU_INST_CJEU_JUDG_AG_FR_GAN
DOC_JUDG_CJ_1964_0011_19650407,ACT_EU_INST_CJEU_JUDG_AG_DE_ROE
DOC_JUDG_CJ_1964_0012_19650331,ACT_EU_INST_CJEU_JUDG_AG_FR_GAN
DOC_JUDG_CJ_1964_0014_19650216,ACT_EU_INST_CJEU_JUDG_AG_DE_ROE
DOC_JUDG_CJ_1964_0015_19661215,ACT_EU_INST_CJEU_JUDG_AG_DE_ROE
DOC_JUDG_CJ_1964_0016_19650331,ACT_EU_INST_CJEU_JUDG_AG_FR_GAN
DOC_JUDG_CJ_1964_0018_19650714,ACT_EU_INST_CJEU_JUDG_AG_FR_GAN
DOC_JUDG_CJ_1964_0020_19650204,ACT_EU_INST_CJEU_JUDG_AG_FR_GAN
DOC_JUDG_CJ_1964_0021_19650331,ACT_EU_INST_CJEU_JUDG_AG_DE_ROE
DOC_JUDG_CJ_1964_0023_19650331,ACT_EU_INST_CJEU_JUDG_AG_FR_GAN
DOC_JUDG_CJ_1964_0024_19641202,ACT_EU_INST_CJEU_JUDG_AG_FR_GAN
DOC_JUDG_CJ_1964_0027_19650708,ACT_EU_INST_CJEU_JUDG_AG_DE_ROE
DOC_JUDG_CJ_1964_0028_19650407,ACT_EU_INST_CJEU_JUDG_AG_FR_GAN
DOC_JUDG_CJ_1964_0028_REV_19670622,ACT_EU_INST_CJEU_JUDG_AG_FR_GAN
DOC_JUDG_CJ_1964_0031_19650311,ACT_EU_INST_CJEU_JUDG_AG_FR_GAN
DOC_JUDG_CJ_1964_0032_19650617,ACT_EU_INST_CJEU_JUDG_AG_DE_ROE
DOC_JUDG_CJ_1964_0033_19650311,ACT_EU_INST_CJEU_JUDG_AG_FR_GAN
DOC_JUDG_CJ_1964_0035_19650407,ACT_EU_INST_CJEU_JUDG_AG_FR_GAN
DOC_JUDG_CJ_1964_0036_19650602,ACT_EU_INST_CJEU_JUDG_AG_DE_ROE
DOC_JUDG_CJ_1964_0037_19650713,ACT_EU_INST_CJEU_JUDG_AG_DE_ROE
DOC_JUDG_CJ_1964_0038_19650401,ACT_EU_INST_CJEU_JUDG_AG_FR_GAN
DOC_JUDG_CJ_1964_0039_19650713,ACT_EU_INST_CJEU_JUDG_AG_DE_ROE
DOC_JUDG_CJ_1964_0040_19650401,ACT_EU_INST_CJEU_JUDG_AG_DE_ROE
DOC_JUDG_CJ_1964_0043_19650617,ACT_EU_INST_CJEU_JUDG_AG_FR_GAN
DOC_JUDG_CJ_1964_0045_19651201,ACT_EU_INST_CJEU_JUDG_AG_FR_GAN
DOC_JUDG_CJ_1964_0045_19691119,ACT_EU_INST_CJEU_JUDG_AG_FR_GAN
DOC_JUDG_CJ_1964_0046_19650714,ACT_EU_INST_CJEU_JUDG_AG_FR_GAN
DOC_JUDG_CJ_1964_0048_19650616,ACT_EU_INST_CJEU_JUDG_AG_FR_GAN
DOC_JUDG_CJ_1964_0049_19650708,ACT_EU_INST_CJEU_JUDG_AG_DE_ROE
DOC_JUDG_CJ_1964_0050_19650714,ACT_EU_INST_CJEU_JUDG_AG_FR_GAN
DOC_JUDG_CJ_1964_0052_19651214,ACT_EU_INST_CJEU_JUDG_AG_FR_GAN
DOC_JUDG_CJ_1964_0055_19651117,ACT_EU_INST_CJEU_JUDG_AG_DE_ROE
DOC_JUDG_CJ_1964_0056_19660713,ACT_EU_INST_CJEU_JUDG_AG_DE_ROE
DOC_JUDG_CJ_1965_0002_19660630,ACT_EU_INST_CJEU_JUDG_AG_FR_GAN
DOC_JUDG_CJ_1965_0003_19651215,ACT_EU_INST_CJEU_JUDG_AG_DE_ROE
DOC_JUDG_CJ_1965_0004_19651215,ACT_EU_INST_CJEU_JUDG_AG_DE_ROE
DOC_JUDG_CJ_1965_0005_19651214,ACT_EU_INST_CJEU_JUDG_AG_FR_GAN
DOC_JUDG_CJ_1965_0008_19660208,ACT_EU_INST_CJEU_JUDG_AG_FR_GAN
DOC_JUDG_CJ_1965_0009_19670302,ACT_EU_INST_CJEU_JUDG_AG_DE_ROE
DOC_JUDG_CJ_1965_0010_19650708,ACT_EU_INST_CJEU_JUDG_AG_FR_GAN
DOC_JUDG_CJ_1965_0011_19651214,ACT_EU_INST_CJEU_JUDG_AG_FR_GAN
DOC_JUDG_CJ_1965_0012_19651214,ACT_EU_INST_CJEU_JUDG_AG_FR_GAN
DOC_JUDG_CJ_1965_0015_19651215,ACT_EU_INST_CJEU_JUDG_AG_FR_GAN
DOC_JUDG_CJ_1965_0016_19651201,ACT_EU_INST_CJEU_JUDG_AG_FR_GAN
DOC_JUDG_CJ_1965_0018_19660505,ACT_EU_INST_CJEU_JUDG_AG_DE_ROE
DOC_JUDG_CJ_1965_0018_19670315,ACT_EU_INST_CJEU_JUDG_AG_DE_ROE
DOC_JUDG_CJ_1965_0020_19651117,ACT_EU_INST_CJEU_JUDG_AG_DE_ROE
DOC_JUDG_CJ_1965_0021_19651214,ACT_EU_INST_CJEU_JUDG_AG_FR_GAN
DOC_JUDG_CJ_1965_0025_19670302,ACT_EU_INST_CJEU_JUDG_AG_FR_GAN
DOC_JUDG_CJ_1965_0028_19661215,ACT_EU_INST_CJEU_JUDG_AG_DE_ROE
DOC_JUDG_CJ_1965_0030_19660322,ACT_EU_INST_CJEU_JUDG_AG_DE_ROE
DOC_JUDG_CJ_1965_0031_19661215,ACT_EU_INST_CJEU_JUDG_AG_DE_ROE
DOC_JUDG_CJ_1965_0032_19660713,ACT_EU_INST_CJEU_JUDG_AG_DE_ROE
DOC_JUDG_CJ_1965_0033_19651201,ACT_EU_INST_CJEU_JUDG_AG_FR_GAN
DOC_JUDG_CJ_1965_0034_19661215,ACT_EU_INST_CJEU_JUDG_AG_DE_ROE
DOC_JUDG_CJ_1965_0044_19651209,ACT_EU_INST_CJEU_JUDG_AG_FR_GAN
DOC_JUDG_CJ_1965_0047_19651214,ACT_EU_INST_CJEU_JUDG_AG_FR_GAN
DOC_JUDG_CJ_1965_0048_19660301,ACT_EU_INST_CJEU_JUDG_AG_FR_GAN
DOC_JUDG_CJ_1965_0049_19660428,ACT_EU_INST_CJEU_JUDG_AG_FR_GAN
DOC_JUDG_CJ_1965_0050_19660616,ACT_EU_INST_CJEU_JUDG_AG_FR_GAN
DOC_JUDG_CJ_1965_0051_19660428,ACT_EU_INST_CJEU_JUDG_AG_FR_GAN
DOC_JUDG_CJ_1965_0052_19660616,ACT_EU_INST_CJEU_JUDG_AG_DE_ROE
DOC_JUDG_CJ_1965_0054_19660616,ACT_EU_INST_CJEU_JUDG_AG_FR_GAN
DOC_JUDG_CJ_1965_0056_19660630,ACT_EU_INST_CJEU_JUDG_AG_DE_ROE
DOC_JUDG_CJ_1965_0057_19660616,ACT_EU_INST_CJEU_JUDG_AG_FR_GAN
DOC_JUDG_CJ_1965_0059_19661215,ACT_EU_INST_CJEU_JUDG_AG_DE_ROE
DOC_JUDG_CJ_1965_0061_19660630,ACT_EU_INST_CJEU_JUDG_AG_FR_GAN
DOC_JUDG_CJ_1965_0062_19661215,ACT_EU_INST_CJEU_JUDG_AG_DE_ROE
DOC_JUDG_CJ_1966_0003_19661214,ACT_EU_INST_CJEU_JUDG_AG_FR_GAN
DOC_JUDG_CJ_1966_0004_19660713,ACT_EU_INST_CJEU_JUDG_AG_FR_GAN
DOC_JUDG_CJ_1966_0005_19670714,ACT_EU_INST_CJEU_JUDG_AG_FR_GAN
DOC_JUDG_CJ_1966_0008_19670315,ACT_EU_INST_CJEU_JUDG_AG_DE_ROE
DOC_JUDG_CJ_1966_0012_19670622,ACT_EU_INST_CJEU_JUDG_AG_DE_ROE
DOC_JUDG_CJ_1966_0024_INTP_19731213,ACT_EU_INST_CJEU_JUDG_AG_DE_REI
DOC_JUDG_CJ_1966_0026_19670614,ACT_EU_INST_CJEU_JUDG_AG_DE_ROE
DOC_JUDG_CJ_1966_0028_19680208,ACT_EU_INST_CJEU_JUDG_AG_FR_GAN
DOC_JUDG_CJ_1966_0030_19671130,ACT_EU_INST_CJEU_JUDG_AG_FR_GAN
DOC_JUDG_CJ_1967_0001_19670705,ACT_EU_INST_CJEU_JUDG_AG_FR_GAN
DOC_JUDG_CJ_1967_0002_19670705,ACT_EU_INST_CJEU_JUDG_AG_DE_ROE
DOC_JUDG_CJ_1967_0003_19680208,ACT_EU_INST_CJEU_JUDG_AG_DE_ROE
DOC_JUDG_CJ_1967_0004_19671212,ACT_EU_INST_CJEU_JUDG_AG_DE_ROE
DOC_JUDG_CJ_1967_0005_19680313,ACT_EU_INST_CJEU_JUDG_AG_FR_GAN
DOC_JUDG_CJ_1967_0006_19670705,ACT_EU_INST_CJEU_JUDG_AG_FR_GAN
DOC_JUDG_CJ_1967_0007_19680404,ACT_EU_INST_CJEU_JUDG_AG_FR_GAN
DOC_JUDG_CJ_1967_0009_19670705,ACT_EU_INST_CJEU_JUDG_AG_DE_ROE
DOC_JUDG_CJ_1967_0010_19670622,ACT_EU_INST_CJEU_JUDG_AG_FR_GAN
DOC_JUDG_CJ_1967_0011_19671212,ACT_EU_INST_CJEU_JUDG_AG_DE_ROE
DOC_JUDG_CJ_1967_0012_19671213,ACT_EU_INST_CJEU_JUDG_AG_DE_ROE
DOC_JUDG_CJ_1967_0013_19680404,ACT_EU_INST_CJEU_JUDG_AG_FR_GAN
DOC_JUDG_CJ_1967_0014_19671205,ACT_EU_INST_CJEU_JUDG_AG_FR_GAN
DOC_JUDG_CJ_1967_0015_19671212,ACT_EU_INST_CJEU_JUDG_AG_FR_GAN
DOC_JUDG_CJ_1967_0016_19680711,ACT_EU_INST_CJEU_JUDG_AG_DE_ROE
DOC_JUDG_CJ_1967_0017_19671213,ACT_EU_INST_CJEU_JUDG_AG_DE_ROE
DOC_JUDG_CJ_1967_0018_19671130,ACT_EU_INST_CJEU_JUDG_AG_DE_ROE
DOC_JUDG_CJ_1967_0019_19671205,ACT_EU_INST_CJEU_JUDG_AG_FR_GAN
DOC_JUDG_CJ_1967_0020_19680404,ACT_EU_INST_CJEU_JUDG_AG_FR_GAN
DOC_JUDG_CJ_1967_0022_19671130,ACT_EU_INST_CJEU_JUDG_AG_FR_GAN
DOC_JUDG_CJ_1967_0023_19671212,ACT_EU_INST_CJEU_JUDG_AG_DE_ROE
DOC_JUDG_CJ_1967_0024_19680229,ACT_EU_INST_CJEU_JUDG_AG_DE_ROE
DOC_JUDG_CJ_1967_0025_19680404,ACT_EU_INST_CJEU_JUDG_AG_FR_GAN
DOC_JUDG_CJ_1967_0026_19680711,ACT_EU_INST_CJEU_JUDG_AG_FR_GAN
DOC_JUDG_CJ_1967_0027_19680404,ACT_EU_INST_CJEU_JUDG_AG_FR_GAN
DOC_JUDG_CJ_1967_0028_19680403,ACT_EU_INST_CJEU_JUDG_AG_FR_GAN
DOC_JUDG_CJ_1967_0029_19680611,ACT_EU_INST_CJEU_JUDG_AG_DE_ROE
DOC_JUDG_CJ_1967_0030_19680313,ACT_EU_INST_CJEU_JUDG_AG_DE_ROE
DOC_JUDG_CJ_1967_0031_19680404,ACT_EU_INST_CJEU_JUDG_AG_FR_GAN
DOC_JUDG_CJ_1967_0032_19680208,ACT_EU_INST_CJEU_JUDG_AG_DE_ROE
DOC_JUDG_CJ_1967_0033_19680328,ACT_EU_INST_CJEU_JUDG_AG_FR_GAN
DOC_JUDG_CJ_1967_0034_19680404,ACT_EU_INST_CJEU_JUDG_AG_DE_ROE
DOC_JUDG_CJ_1967_0035_19680711,ACT_EU_INST_CJEU_JUDG_AG_DE_ROE
DOC_JUDG_CJ_1968_0003_19680711,ACT_EU_INST_CJEU_JUDG_AG_FR_GAN
DOC_JUDG_CJ_1968_0004_19680711,ACT_EU_INST_CJEU_JUDG_AG_FR_GAN
DOC_JUDG_CJ_1968_0005_19680711,ACT_EU_INST_CJEU_JUDG_AG_FR_GAN
DOC_JUDG_CJ_1968_0006_19680711,ACT_EU_INST_CJEU_JUDG_AG_DE_ROE
DOC_JUDG_CJ_1968_0007_19681210,ACT_EU_INST_CJEU_JUDG_AG_FR_GAN
DOC_JUDG_CJ_1968_0010_19691210,ACT_EU_INST_CJEU_JUDG_AG_DE_ROE
DOC_JUDG_CJ_1968_0012_19690507,ACT_EU_INST_CJEU_JUDG_AG_FR_GAN
DOC_JUDG_CJ_1968_0012_19700527,ACT_EU_INST_CJEU_JUDG_AG_FR_GAN
DOC_JUDG_CJ_1968_0013_19681219,ACT_EU_INST_CJEU_JUDG_AG_FR_GAN
DOC_JUDG_CJ_1968_0014_19690213,ACT_EU_INST_CJEU_JUDG_AG_DE_ROE
DOC_JUDG_CJ_1968_0015_19690225,ACT_EU_INST_CJEU_JUDG_AG_DE_ROE
DOC_JUDG_CJ_1968_0017_19690506,ACT_EU_INST_CJEU_JUDG_AG_DE_ROE
DOC_JUDG_CJ_1968_0019_19681219,ACT_EU_INST_CJEU_JUDG_AG_FR_GAN
DOC_JUDG_CJ_1968_0020_19690702,ACT_EU_INST_CJEU_JUDG_AG_FR_GAN
DOC_JUDG_CJ_1968_0021_19690506,ACT_EU_INST_CJEU_JUDG_AG_DE_ROE
DOC_JUDG_CJ_1968_0023_19690225,ACT_EU_INST_CJEU_JUDG_AG_FR_GAN
DOC_JUDG_CJ_1968_0024_19690701,ACT_EU_INST_CJEU_JUDG_AG_DE_ROE
DOC_JUDG_CJ_1968_0025_19771018,ACT_EU_INST_CJEU_JUDG_AG_FR_MAY
DOC_JUDG_CJ_1968_0026_19690624,ACT_EU_INST_CJEU_JUDG_AG_DE_ROE
DOC_JUDG_CJ_1968_0027_19690702,ACT_EU_INST_CJEU_JUDG_AG_DE_ROE
DOC_JUDG_CJ_1968_0028_19690507,ACT_EU_INST_CJEU_JUDG_AG_DE_ROE
DOC_JUDG_CJ_1968_0029_19690624,ACT_EU_INST_CJEU_JUDG_AG_FR_GAN
DOC_JUDG_CJ_1968_0030_19700528,ACT_EU_INST_CJEU_JUDG_AG_DE_ROE
DOC_JUDG_CJ_1968_0032_19691210,ACT_EU_INST_CJEU_JUDG_AG_DE_ROE
DOC_JUDG_CJ_1968_0033_19691030,ACT_EU_INST_CJEU_JUDG_AG_DE_ROE
DOC_JUDG_CJ_1969_0001_19690709,ACT_EU_INST_CJEU_JUDG_AG_DE_ROE
DOC_JUDG_CJ_1969_0002_19690701,ACT_EU_INST_CJEU_JUDG_AG_FR_GAN
DOC_JUDG_CJ_1969_0004_19710428,ACT_EU_INST_CJEU_JUDG_AG_FR_DUT_LAM
DOC_JUDG_CJ_1969_0005_19690709,ACT_EU_INST_CJEU_JUDG_AG_FR_GAN
DOC_JUDG_CJ_1969_0006_19691210,ACT_EU_INST_CJEU_JUDG_AG_DE_ROE
DOC_JUDG_CJ_1969_0007_19700310,ACT_EU_INST_CJEU_JUDG_AG_DE_ROE
DOC_JUDG_CJ_1969_0008_19691210,ACT_EU_INST_CJEU_JUDG_AG_DE_ROE
DOC_JUDG_CJ_1969_0009_19690710,ACT_EU_INST_CJEU_JUDG_AG_FR_GAN
DOC_JUDG_CJ_1969_0010_19690709,ACT_EU_INST_CJEU_JUDG_AG_DE_ROE
DOC_JUDG_CJ_1969_0012_19691210,ACT_EU_INST_CJEU_JUDG_AG_DE_ROE
DOC_JUDG_CJ_1969_0013_19700204,ACT_EU_INST_CJEU_JUDG_AG_DE_ROE
DOC_JUDG_CJ_1969_0014_19691015,ACT_EU_INST_CJEU_JUDG_AG_FR_GAN
DOC_JUDG_CJ_1969_0015_19691015,ACT_EU_INST_CJEU_JUDG_AG_FR_GAN
DOC_JUDG_CJ_1969_0016_19691015,ACT_EU_INST_CJEU_JUDG_AG_DE_ROE
DOC_JUDG_CJ_1969_0018_19700513,ACT_EU_INST_CJEU_JUDG_AG_DE_ROE
DOC_JUDG_CJ_1969_0019_19700528,ACT_EU_INST_CJEU_JUDG_AG_DE_ROE
DOC_JUDG_CJ_1969_0023_19700709,ACT_EU_INST_CJEU_JUDG_AG_DE_ROE
DOC_JUDG_CJ_1969_0024_19700414,ACT_EU_INST_CJEU_JUDG_AG_DE_ROE
DOC_JUDG_CJ_1969_0026_19700709,ACT_EU_INST_CJEU_JUDG_AG_DE_ROE
DOC_JUDG_CJ_1969_0027_19691112,ACT_EU_INST_CJEU_JUDG_AG_FR_GAN
DOC_JUDG_CJ_1969_0028_19700415,ACT_EU_INST_CJEU_JUDG_AG_FR_GAN
DOC_JUDG_CJ_1969_0029_19691112,ACT_EU_INST_CJEU_JUDG_AG_DE_ROE
DOC_JUDG_CJ_1969_0031_19700217,ACT_EU_INST_CJEU_JUDG_AG_FR_GAN
DOC_JUDG_CJ_1969_0032_19700709,ACT_EU_INST_CJEU_JUDG_AG_DE_ROE
DOC_JUDG_CJ_1969_0033_19700304,ACT_EU_INST_CJEU_JUDG_AG_FR_GAN
DOC_JUDG_CJ_1969_0034_19691210,ACT_EU_INST_CJEU_JUDG_AG_DE_ROE
DOC_JUDG_CJ_1969_0035_19700709,ACT_EU_INST_CJEU_JUDG_AG_DE_ROE
DOC_JUDG_CJ_1969_0036_19700528,ACT_EU_INST_CJEU_JUDG_AG_DE_ROE
DOC_JUDG_CJ_1969_0038_19700218,ACT_EU_INST_CJEU_JUDG_AG_FR_GAN
DOC_JUDG_CJ_1969_0039_19700513,ACT_EU_INST_CJEU_JUDG_AG_DE_ROE
DOC_JUDG_CJ_1969_0040_19700218,ACT_EU_INST_CJEU_JUDG_AG_DE_ROE
DOC_JUDG_CJ_1969_0041_19700715,ACT_EU_INST_CJEU_JUDG_AG_FR_GAN
DOC_JUDG_CJ_1969_0042_19700414,ACT_EU_INST_CJEU_JUDG_AG_DE_ROE
DOC_JUDG_CJ_1969_0043_19700318,ACT_EU_INST_CJEU_JUDG_AG_FR_GAN
DOC_JUDG_CJ_1969_0044_19700715,ACT_EU_INST_CJEU_JUDG_AG_FR_GAN
DOC_JUDG_CJ_1969_0045_19700715,ACT_EU_INST_CJEU_JUDG_AG_FR_GAN
DOC_JUDG_CJ_1969_0046_19700513,ACT_EU_INST_CJEU_JUDG_AG_DE_ROE
DOC_JUDG_CJ_1969_0047_19700625,ACT_EU_INST_CJEU_JUDG_AG_DE_ROE
DOC_JUDG_CJ_1969_0048_19720714,ACT_EU_INST_CJEU_JUDG_AG_FR_MAY
DOC_JUDG_CJ_1969_0049_19720714,ACT_EU_INST_CJEU_JUDG_AG_FR_MAY
DOC_JUDG_CJ_1969_0051_19720714,ACT_EU_INST_CJEU_JUDG_AG_FR_MAY
DOC_JUDG_CJ_1969_0052_19720714,ACT_EU_INST_CJEU_JUDG_AG_FR_MAY
DOC_JUDG_CJ_1969_0053_19720714,ACT_EU_INST_CJEU_JUDG_AG_FR_MAY
DOC_JUDG_CJ_1969_0054_19720714,ACT_EU_INST_CJEU_JUDG_AG_FR_MAY
DOC_JUDG_CJ_1969_0055_19720714,ACT_EU_INST_CJEU_JUDG_AG_FR_MAY
DOC_JUDG_CJ_1969_0056_19720714,ACT_EU_INST_CJEU_JUDG_AG_FR_MAY
DOC_JUDG_CJ_1969_0057_19720714,ACT_EU_INST_CJEU_JUDG_AG_FR_MAY
DOC_JUDG_CJ_1969_0058_19700625,ACT_EU_INST_CJEU_JUDG_AG_FR_GAN
DOC_JUDG_CJ_1969_0059_19700709,ACT_EU_INST_CJEU_JUDG_AG_FR_GAN
DOC_JUDG_CJ_1969_0060_19700715,ACT_EU_INST_CJEU_JUDG_AG_FR_GAN
DOC_JUDG_CJ_1969_0063_19700416,ACT_EU_INST_CJEU_JUDG_AG_DE_ROE
DOC_JUDG_CJ_1969_0064_19700416,ACT_EU_INST_CJEU_JUDG_AG_DE_ROE
DOC_JUDG_CJ_1969_0065_19700416,ACT_EU_INST_CJEU_JUDG_AG_DE_ROE
DOC_JUDG_CJ_1969_0067_19710316,ACT_EU_INST_CJEU_JUDG_AG_DE_ROE
DOC_JUDG_CJ_1969_0068_19700414,ACT_EU_INST_CJEU_JUDG_AG_DE_ROE
DOC_JUDG_CJ_1969_0069_19700616,ACT_EU_INST_CJEU_JUDG_AG_FR_GAN
DOC_JUDG_CJ_1969_0070_19710316,ACT_EU_INST_CJEU_JUDG_AG_DE_ROE
DOC_JUDG_CJ_1969_0072_19700618,ACT_EU_INST_CJEU_JUDG_AG_DE_ROE
DOC_JUDG_CJ_1969_0073_19700624,ACT_EU_INST_CJEU_JUDG_AG_DE_ROE
DOC_JUDG_CJ_1969_0074_19700618,ACT_EU_INST_CJEU_JUDG_AG_DE_ROE
DOC_JUDG_CJ_1969_0075_19700708,ACT_EU_INST_CJEU_JUDG_AG_FR_GAN
DOC_JUDG_CJ_1969_0076_19710401,ACT_EU_INST_CJEU_JUDG_AG_FR_DUT_LAM
DOC_JUDG_CJ_1969_0077_19700505,ACT_EU_INST_CJEU_JUDG_AG_FR_GAN
DOC_JUDG_CJ_1970_0001_19700630,ACT_EU_INST_CJEU_JUDG_AG_DE_ROE
DOC_JUDG_CJ_1970_0002_19710303,ACT_EU_INST_CJEU_JUDG_AG_DE_ROE
DOC_JUDG_CJ_1970_0003_19700617,ACT_EU_INST_CJEU_JUDG_AG_FR_GAN
DOC_JUDG_CJ_1970_0005_19701216,ACT_EU_INST_CJEU_JUDG_AG_FR_DUT_LAM
DOC_JUDG_CJ_1970_0006_19700715,ACT_EU_INST_CJEU_JUDG_AG_FR_GAN
DOC_JUDG_CJ_1970_0008_19701118,ACT_EU_INST_CJEU_JUDG_AG_DE_ROE
DOC_JUDG_CJ_1970_0009_19701006,ACT_EU_INST_CJEU_JUDG_AG_DE_ROE
DOC_JUDG_CJ_1970_0011_19701217,ACT_EU_INST_CJEU_JUDG_AG_FR_DUT_LAM
DOC_JUDG_CJ_1970_0012_19701022,ACT_EU_INST_CJEU_JUDG_AG_FR_GAN
DOC_JUDG_CJ_1970_0013_19701216,ACT_EU_INST_CJEU_JUDG_AG_FR_DUT_LAM
DOC_JUDG_CJ_1970_0014_19701208,ACT_EU_INST_CJEU_JUDG_AG_DE_ROE
DOC_JUDG_CJ_1970_0015_19701118,ACT_EU_INST_CJEU_JUDG_AG_FR_DUT_LAM
DOC_JUDG_CJ_1970_0016_19701028,ACT_EU_INST_CJEU_JUDG_AG_DE_ROE
DOC_JUDG_CJ_1970_0017_19701028,ACT_EU_INST_CJEU_JUDG_AG_DE_ROE
DOC_JUDG_CJ_1970_0018_19710616,ACT_EU_INST_CJEU_JUDG_AG_DE_ROE
DOC_JUDG_CJ_1970_0018_19721206,ACT_EU_INST_CJEU_JUDG_AG_DE_ROE
DOC_JUDG_CJ_1970_0019_19710630,ACT_EU_INST_CJEU_JUDG_AG_FR_DUT_LAM
DOC_JUDG_CJ_1970_0020_19701021,ACT_EU_INST_CJEU_JUDG_AG_DE_ROE
DOC_JUDG_CJ_1970_0021_19710203,ACT_EU_INST_CJEU_JUDG_AG_DE_ROE
DOC_JUDG_CJ_1970_0022_19710331,ACT_EU_INST_CJEU_JUDG_AG_FR_DUT_LAM
DOC_JUDG_CJ_1970_0023_19701021,ACT_EU_INST_CJEU_JUDG_AG_DE_ROE
DOC_JUDG_CJ_1970_0025_19701217,ACT_EU_INST_CJEU_JUDG_AG_FR_DUT_LAM
DOC_JUDG_CJ_1970_0026_19701217,ACT_EU_INST_CJEU_JUDG_AG_FR_DUT_LAM
DOC_JUDG_CJ_1970_0027_19701210,ACT_EU_INST_CJEU_JUDG_AG_DE_ROE
DOC_JUDG_CJ_1970_0028_19701208,ACT_EU_INST_CJEU_JUDG_AG_DE_ROE
DOC_JUDG_CJ_1970_0029_19710317,ACT_EU_INST_CJEU_JUDG_AG_FR_DUT_LAM
DOC_JUDG_CJ_1970_0030_19701217,ACT_EU_INST_CJEU_JUDG_AG_FR_DUT_LAM
DOC_JUDG_CJ_1970_0031_19701215,ACT_EU_INST_CJEU_JUDG_AG_DE_ROE
DOC_JUDG_CJ_1970_0032_19701201,ACT_EU_INST_CJEU_JUDG_AG_DE_ROE
DOC_JUDG_CJ_1970_0033_19701217,ACT_EU_INST_CJEU_JUDG_AG_DE_ROE
DOC_JUDG_CJ_1970_0034_19701217,ACT_EU_INST_CJEU_JUDG_AG_DE_ROE
DOC_JUDG_CJ_1970_0035_19701217,ACT_EU_INST_CJEU_JUDG_AG_FR_DUT_LAM
DOC_JUDG_CJ_1970_0036_19701216,ACT_EU_INST_CJEU_JUDG_AG_DE_ROE
DOC_JUDG_CJ_1970_0037_19710211,ACT_EU_INST_CJEU_JUDG_AG_FR_DUT_LAM
DOC_JUDG_CJ_1970_0038_19710310,ACT_EU_INST_CJEU_JUDG_AG_FR_DUT_LAM
DOC_JUDG_CJ_1970_0039_19710211,ACT_EU_INST_CJEU_JUDG_AG_FR_DUT_LAM
DOC_JUDG_CJ_1970_0040_19710218,ACT_EU_INST_CJEU_JUDG_AG_FR_DUT_LAM
DOC_JUDG_CJ_1970_0041_19710513,ACT_EU_INST_CJEU_JUDG_AG_DE_ROE
DOC_JUDG_CJ_1970_0045_19710526,ACT_EU_INST_CJEU_JUDG_AG_FR_DUT_LAM
DOC_JUDG_CJ_1970_0047_19710317,ACT_EU_INST_CJEU_JUDG_AG_FR_DUT_LAM
DOC_JUDG_CJ_1970_0048_19710316,ACT_EU_INST_CJEU_JUDG_AG_DE_ROE
DOC_JUDG_CJ_1970_0051_19710303,ACT_EU_INST_CJEU_JUDG_AG_DE_ROE
DOC_JUDG_CJ_1970_0052_19710512,ACT_EU_INST_CJEU_JUDG_AG_FR_DUT_LAM
DOC_JUDG_CJ_1970_0053_19710624,ACT_EU_INST_CJEU_JUDG_AG_FR_DUT_LAM
DOC_JUDG_CJ_1970_0054_19710401,ACT_EU_INST_CJEU_JUDG_AG_FR_DUT_LAM
DOC_JUDG_CJ_1970_0055_19710512,ACT_EU_INST_CJEU_JUDG_AG_FR_DUT_LAM
DOC_JUDG_CJ_1970_0056_19710121,ACT_EU_INST_CJEU_JUDG_AG_DE_ROE
DOC_JUDG_CJ_1970_0057_19710624,ACT_EU_INST_CJEU_JUDG_AG_FR_DUT_LAM
DOC_JUDG_CJ_1970_0058_19710310,ACT_EU_INST_CJEU_JUDG_AG_FR_DUT_LAM
DOC_JUDG_CJ_1970_0059_19710706,ACT_EU_INST_CJEU_JUDG_AG_DE_ROE
DOC_JUDG_CJ_1970_0061_19710616,ACT_EU_INST_CJEU_JUDG_AG_DE_ROE
DOC_JUDG_CJ_1970_0062_19711123,ACT_EU_INST_CJEU_JUDG_AG_FR_DUT_LAM
DOC_JUDG_CJ_1970_0063_19710616,ACT_EU_INST_CJEU_JUDG_AG_FR_DUT_LAM
DOC_JUDG_CJ_1970_0076_19710512,ACT_EU_INST_CJEU_JUDG_AG_DE_ROE
DOC_JUDG_CJ_1970_0077_19710616,ACT_EU_INST_CJEU_JUDG_AG_DE_ROE
DOC_JUDG_CJ_1970_0078_19710608,ACT_EU_INST_CJEU_JUDG_AG_DE_ROE
DOC_JUDG_CJ_1970_0079_19710707,ACT_EU_INST_CJEU_JUDG_AG_FR_DUT_LAM
DOC_JUDG_CJ_1970_0080_19710525,ACT_EU_INST_CJEU_JUDG_AG_FR_DUT_LAM
DOC_JUDG_CJ_1971_0001_19710506,ACT_EU_INST_CJEU_JUDG_AG_FR_DUT_LAM
DOC_JUDG_CJ_1971_0002_19710706,ACT_EU_INST_CJEU_JUDG_AG_DE_ROE
DOC_JUDG_CJ_1971_0003_19710617,ACT_EU_INST_CJEU_JUDG_AG_FR_DUT_LAM
DOC_JUDG_CJ_1971_0005_19711202,ACT_EU_INST_CJEU_JUDG_AG_DE_ROE
DOC_JUDG_CJ_1971_0006_19711027,ACT_EU_INST_CJEU_JUDG_AG_FR_DUT_LAM
DOC_JUDG_CJ_1971_0007_19711214,ACT_EU_INST_CJEU_JUDG_AG_DE_ROE
DOC_JUDG_CJ_1971_0008_19710713,ACT_EU_INST_CJEU_JUDG_AG_DE_ROE
DOC_JUDG_CJ_1971_0009_19720613,ACT_EU_INST_CJEU_JUDG_AG_FR_MAY
DOC_JUDG_CJ_1971_0010_19710714,ACT_EU_INST_CJEU_JUDG_AG_FR_DUT_LAM
DOC_JUDG_CJ_1971_0012_19710714,ACT_EU_INST_CJEU_JUDG_AG_DE_ROE
DOC_JUDG_CJ_1971_0013_19710714,ACT_EU_INST_CJEU_JUDG_AG_DE_ROE
DOC_JUDG_CJ_1971_0014_19710714,ACT_EU_INST_CJEU_JUDG_AG_DE_ROE
DOC_JUDG_CJ_1971_0015_19711026,ACT_EU_INST_CJEU_JUDG_AG_FR_DUT_LAM
DOC_JUDG_CJ_1971_0017_19711215,ACT_EU_INST_CJEU_JUDG_AG_DE_ROE
DOC_JUDG_CJ_1971_0018_19711026,ACT_EU_INST_CJEU_JUDG_AG_DE_ROE
DOC_JUDG_CJ_1971_0020_19720607,ACT_EU_INST_CJEU_JUDG_AG_DE_ROE
DOC_JUDG_CJ_1971_0021_19711215,ACT_EU_INST_CJEU_JUDG_AG_FR_DUT_LAM
DOC_JUDG_CJ_1971_0022_19711125,ACT_EU_INST_CJEU_JUDG_AG_FR_DUT_LAM
DOC_JUDG_CJ_1971_0023_19711027,ACT_EU_INST_CJEU_JUDG_AG_DE_ROE
DOC_JUDG_CJ_1971_0024_19720517,ACT_EU_INST_CJEU_JUDG_AG_DE_ROE
DOC_JUDG_CJ_1971_0026_19711110,ACT_EU_INST_CJEU_JUDG_AG_FR_DUT_LAM
DOC_JUDG_CJ_1971_0027_19711110,ACT_EU_INST_CJEU_JUDG_AG_FR_DUT_LAM
DOC_JUDG_CJ_1971_0028_19711110,ACT_EU_INST_CJEU_JUDG_AG_FR_DUT_LAM
DOC_JUDG_CJ_1971_0029_19720713,ACT_EU_INST_CJEU_JUDG_AG_DE_ROE
DOC_JUDG_CJ_1971_0030_19711124,ACT_EU_INST_CJEU_JUDG_AG_DE_ROE
DOC_JUDG_CJ_1971_0031_19731129,ACT_EU_INST_CJEU_JUDG_AG_DE_REI
DOC_JUDG_CJ_1971_0031_19750312,ACT_EU_INST_CJEU_JUDG_AG_DE_REI
DOC_JUDG_CJ_1971_0032_19720607,ACT_EU_INST_CJEU_JUDG_AG_DE_ROE
DOC_JUDG_CJ_1971_0033_19720503,ACT_EU_INST_CJEU_JUDG_AG_DE_ROE
DOC_JUDG_CJ_1971_0035_19711215,ACT_EU_INST_CJEU_JUDG_AG_DE_ROE
DOC_JUDG_CJ_1971_0036_19720323,ACT_EU_INST_CJEU_JUDG_AG_DE_ROE
DOC_JUDG_CJ_1971_0037_19720628,ACT_EU_INST_CJEU_JUDG_AG_DE_ROE
DOC_JUDG_CJ_1971_0037_REV_19730313,ACT_EU_INST_CJEU_JUDG_AG_DE_ROE
DOC_JUDG_CJ_1971_0038_19720126,ACT_EU_INST_CJEU_JUDG_AG_FR_DUT_LAM
DOC_JUDG_CJ_1971_0040_19720217,ACT_EU_INST_CJEU_JUDG_AG_DE_ROE
DOC_JUDG_CJ_1971_0042_19720308,ACT_EU_INST_CJEU_JUDG_AG_DE_ROE
DOC_JUDG_CJ_1971_0043_19711214,ACT_EU_INST_CJEU_JUDG_AG_FR_DUT_LAM
DOC_JUDG_CJ_1971_0044_19720614,ACT_EU_INST_CJEU_JUDG_AG_DE_ROE
DOC_JUDG_CJ_1971_0046_19720607,ACT_EU_INST_CJEU_JUDG_AG_DE_ROE
DOC_JUDG_CJ_1971_0048_19720713,ACT_EU_INST_CJEU_JUDG_AG_DE_ROE
DOC_JUDG_CJ_1971_0049_19720201,ACT_EU_INST_CJEU_JUDG_AG_DE_ROE
DOC_JUDG_CJ_1971_0050_19720201,ACT_EU_INST_CJEU_JUDG_AG_DE_ROE
DOC_JUDG_CJ_1971_0051_19711215,ACT_EU_INST_CJEU_JUDG_AG_DE_ROE
DOC_JUDG_CJ_1971_0055_19720713,ACT_EU_INST_CJEU_JUDG_AG_DE_ROE
DOC_JUDG_CJ_1971_0077_19711215,ACT_EU_INST_CJEU_JUDG_AG_DE_ROE
DOC_JUDG_CJ_1971_0078_19720322,ACT_EU_INST_CJEU_JUDG_AG_DE_ROE
DOC_JUDG_CJ_1971_0079_19720713,ACT_EU_INST_CJEU_JUDG_AG_DE_ROE
DOC_JUDG_CJ_1971_0080_19720322,ACT_EU_INST_CJEU_JUDG_AG_DE_ROE
DOC_JUDG_CJ_1971_0082_19720321,ACT_EU_INST_CJEU_JUDG_AG_DE_ROE
DOC_JUDG_CJ_1971_0084_19720307,ACT_EU_INST_CJEU_JUDG_AG_DE_ROE
DOC_JUDG_CJ_1971_0085_19720323,ACT_EU_INST_CJEU_JUDG_AG_DE_ROE
DOC_JUDG_CJ_1971_0088_19720628,ACT_EU_INST_CJEU_JUDG_AG_DE_ROE
DOC_JUDG_CJ_1971_0090_19720713,ACT_EU_INST_CJEU_JUDG_AG_DE_ROE
DOC_JUDG_CJ_1971_0092_19720426,ACT_EU_INST_CJEU_JUDG_AG_DE_ROE
DOC_JUDG_CJ_1971_0093_19720517,ACT_EU_INST_CJEU_JUDG_AG_DE_ROE
DOC_JUDG_CJ_1971_0094_19720606,ACT_EU_INST_CJEU_JUDG_AG_DE_ROE
DOC_JUDG_CJ_1971_0096_19721025,ACT_EU_INST_CJEU_JUDG_AG_FR_MAY
DOC_JUDG_CJ_1972_0001_19720622,ACT_EU_INST_CJEU_JUDG_AG_FR_MAY
DOC_JUDG_CJ_1972_0002_19720606,ACT_EU_INST_CJEU_JUDG_AG_DE_ROE
DOC_JUDG_CJ_1972_0005_19720615,ACT_EU_INST_CJEU_JUDG_AG_FR_MAY
DOC_JUDG_CJ_1972_0006_19730221,ACT_EU_INST_CJEU_JUDG_AG_DE_ROE
DOC_JUDG_CJ_1972_0007_19721214,ACT_EU_INST_CJEU_JUDG_AG_FR_MAY
DOC_JUDG_CJ_1972_0008_19721017,ACT_EU_INST_CJEU_JUDG_AG_FR_MAY
DOC_JUDG_CJ_1972_0009_19721004,ACT_EU_INST_CJEU_JUDG_AG_DE_ROE
DOC_JUDG_CJ_1972_0010_19730712,ACT_EU_INST_CJEU_JUDG_AG_IT_TRA
DOC_JUDG_CJ_1972_0011_19730405,ACT_EU_INST_CJEU_JUDG_AG_FR_MAY
DOC_JUDG_CJ_1972_0013_19730111,ACT_EU_INST_CJEU_JUDG_AG_FR_MAY
DOC_JUDG_CJ_1972_0014_19721116,ACT_EU_INST_CJEU_JUDG_AG_FR_MAY
DOC_JUDG_CJ_1972_0015_19721116,ACT_EU_INST_CJEU_JUDG_AG_FR_MAY
DOC_JUDG_CJ_1972_0016_19721116,ACT_EU_INST_CJEU_JUDG_AG_FR_MAY
DOC_JUDG_CJ_1972_0017_19721108,ACT_EU_INST_CJEU_JUDG_AG_DE_ROE
DOC_JUDG_CJ_1972_0018_19721130,ACT_EU_INST_CJEU_JUDG_AG_DE_ROE
DOC_JUDG_CJ_1972_0019_19721122,ACT_EU_INST_CJEU_JUDG_AG_FR_MAY
DOC_JUDG_CJ_1972_0020_19721107,ACT_EU_INST_CJEU_JUDG_AG_DE_ROE
DOC_JUDG_CJ_1972_0021_19721212,ACT_EU_INST_CJEU_JUDG_AG_FR_MAY
DOC_JUDG_CJ_1972_0026_19721026,ACT_EU_INST_CJEU_JUDG_AG_FR_MAY
DOC_JUDG_CJ_1972_0027_19721115,ACT_EU_INST_CJEU_JUDG_AG_DE_ROE
DOC_JUDG_CJ_1972_0028_19730712,ACT_EU_INST_CJEU_JUDG_AG_FR_MAY
DOC_JUDG_CJ_1972_0029_19721214,ACT_EU_INST_CJEU_JUDG_AG_DE_ROE
DOC_JUDG_CJ_1972_0030_19730208,ACT_EU_INST_CJEU_JUDG_AG_FR_MAY
DOC_JUDG_CJ_1972_0031_19730404,ACT_EU_INST_CJEU_JUDG_AG_DE_ROE
DOC_JUDG_CJ_1972_0032_19721130,ACT_EU_INST_CJEU_JUDG_AG_FR_MAY
DOC_JUDG_CJ_1972_0033_19730508,ACT_EU_INST_CJEU_JUDG_AG_FR_MAY
DOC_JUDG_CJ_1972_0035_19730627,ACT_EU_INST_CJEU_JUDG_AG_IT_TRA
DOC_JUDG_CJ_1972_0036_19730530,ACT_EU_INST_CJEU_JUDG_AG_FR_MAY
DOC_JUDG_CJ_1972_0037_19730315,ACT_EU_INST_CJEU_JUDG_AG_FR_MAY
DOC_JUDG_CJ_1972_0038_19721214,ACT_EU_INST_CJEU_JUDG_AG_FR_MAY
DOC_JUDG_CJ_1972_0039_19730207,ACT_EU_INST_CJEU_JUDG_AG_FR_MAY
DOC_JUDG_CJ_1972_0040_19730207,ACT_EU_INST_CJEU_JUDG_AG_DE_ROE
DOC_JUDG_CJ_1972_0041_19730110,ACT_EU_INST_CJEU_JUDG_AG_DE_ROE
DOC_JUDG_CJ_1972_0042_19730206,ACT_EU_INST_CJEU_JUDG_AG_DE_ROE
DOC_JUDG_CJ_1972_0043_19731024,ACT_EU_INST_CJEU_JUDG_AG_FR_MAY
DOC_JUDG_CJ_1972_0044_19721213,ACT_EU_INST_CJEU_JUDG_AG_DE_ROE
DOC_JUDG_CJ_1972_0045_19721213,ACT_EU_INST_CJEU_JUDG_AG_DE_ROE
DOC_JUDG_CJ_1972_0046_19730530,ACT_EU_INST_CJEU_JUDG_AG_IT_TRA
DOC_JUDG_CJ_1972_0048_19730206,ACT_EU_INST_CJEU_JUDG_AG_DE_ROE
DOC_JUDG_CJ_1972_0049_19730530,ACT_EU_INST_CJEU_JUDG_AG_IT_TRA
DOC_JUDG_CJ_1972_0051_19730405,ACT_EU_INST_CJEU_JUDG_AG_FR_MAY
DOC_JUDG_CJ_1972_0052_19721213,ACT_EU_INST_CJEU_JUDG_AG_DE_ROE
DOC_JUDG_CJ_1972_0053_19740711,ACT_EU_INST_CJEU_JUDG_AG_IT_TRA
DOC_JUDG_CJ_1972_0054_19730220,ACT_EU_INST_CJEU_JUDG_AG_DE_ROE
DOC_JUDG_CJ_1972_0055_19730110,ACT_EU_INST_CJEU_JUDG_AG_DE_ROE
DOC_JUDG_CJ_1972_0056_19730208,ACT_EU_INST_CJEU_JUDG_AG_FR_MAY
DOC_JUDG_CJ_1972_0057_19730314,ACT_EU_INST_CJEU_JUDG_AG_FR_MAY
DOC_JUDG_CJ_1972_0058_19730517,ACT_EU_INST_CJEU_JUDG_AG_UK_WAR
DOC_JUDG_CJ_1972_0059_19730712,ACT_EU_INST_CJEU_JUDG_AG_FR_MAY
DOC_JUDG_CJ_1972_0060_19730508,ACT_EU_INST_CJEU_JUDG_AG_IT_TRA
DOC_JUDG_CJ_1972_0061_19730313,ACT_EU_INST_CJEU_JUDG_AG_FR_MAY
DOC_JUDG_CJ_1972_0062_19730301,ACT_EU_INST_CJEU_JUDG_AG_DE_ROE
DOC_JUDG_CJ_1972_0063_19731113,ACT_EU_INST_CJEU_JUDG_AG_DE_ROE
DOC_JUDG_CJ_1972_0070_19730712,ACT_EU_INST_CJEU_JUDG_AG_FR_MAY
DOC_JUDG_CJ_1972_0071_19730627,ACT_EU_INST_CJEU_JUDG_AG_FR_MAY
DOC_JUDG_CJ_1972_0072_19730322,ACT_EU_INST_CJEU_JUDG_AG_DE_ROE
DOC_JUDG_CJ_1972_0073_19730301,ACT_EU_INST_CJEU_JUDG_AG_FR_MAY
DOC_JUDG_CJ_1972_0074_19730712,ACT_EU_INST_CJEU_JUDG_AG_DE_ROE
DOC_JUDG_CJ_1972_0076_19730411,ACT_EU_INST_CJEU_JUDG_AG_FR_MAY
DOC_JUDG_CJ_1972_0077_19730619,ACT_EU_INST_CJEU_JUDG_AG_DE_ROE
DOC_JUDG_CJ_1972_0078_19730516,ACT_EU_INST_CJEU_JUDG_AG_DE_ROE
DOC_JUDG_CJ_1972_0079_19730621,ACT_EU_INST_CJEU_JUDG_AG_DE_ROE
DOC_JUDG_CJ_1972_0080_19730620,ACT_EU_INST_CJEU_JUDG_AG_FR_MAY
DOC_JUDG_CJ_1972_0081_19730605,ACT_EU_INST_CJEU_JUDG_AG_UK_WAR
DOC_JUDG_CJ_1972_0082_19730607,ACT_EU_INST_CJEU_JUDG_AG_DE_ROE
DOC_JUDG_CJ_1973_0001_19730704,ACT_EU_INST_CJEU_JUDG_AG_DE_ROE
DOC_JUDG_CJ_1973_0002_19730712,ACT_EU_INST_CJEU_JUDG_AG_IT_TRA
DOC_JUDG_CJ_1973_0003_19730711,ACT_EU_INST_CJEU_JUDG_AG_UK_WAR
DOC_JUDG_CJ_1973_0004_19740514,ACT_EU_INST_CJEU_JUDG_AG_IT_TRA
DOC_JUDG_CJ_1973_0005_19731024,ACT_EU_INST_CJEU_JUDG_AG_DE_ROE
DOC_JUDG_CJ_1973_0006_19740306,ACT_EU_INST_CJEU_JUDG_AG_UK_WAR
DOC_JUDG_CJ_1973_0008_19730712,ACT_EU_INST_CJEU_JUDG_AG_IT_TRA
DOC_JUDG_CJ_1973_0009_19731024,ACT_EU_INST_CJEU_JUDG_AG_DE_ROE
DOC_JUDG_CJ_1973_0010_19731024,ACT_EU_INST_CJEU_JUDG_AG_DE_ROE
DOC_JUDG_CJ_1973_0011_19730712,ACT_EU_INST_CJEU_JUDG_AG_UK_WAR
DOC_JUDG_CJ_1973_0012_19731009,ACT_EU_INST_CJEU_JUDG_AG_IT_TRA
DOC_JUDG_CJ_1973_0013_19730712,ACT_EU_INST_CJEU_JUDG_AG_IT_TRA
DOC_JUDG_CJ_1973_0015_19740221,ACT_EU_INST_CJEU_JUDG_AG_IT_TRA
DOC_JUDG_CJ_1973_0034_19731010,ACT_EU_INST_CJEU_JUDG_AG_FR_MAY
DOC_JUDG_CJ_1973_0035_19731011,ACT_EU_INST_CJEU_JUDG_AG_DE_ROE
DOC_JUDG_CJ_1973_0036_19731127,ACT_EU_INST_CJEU_JUDG_AG_FR_MAY
DOC_JUDG_CJ_1973_0037_19731213,ACT_EU_INST_CJEU_JUDG_AG_UK_WAR
DOC_JUDG_CJ_1973_0039_19731011,ACT_EU_INST_CJEU_JUDG_AG_IT_TRA
DOC_JUDG_CJ_1973_0040_19751216,ACT_EU_INST_CJEU_JUDG_AG_FR_MAY
DOC_JUDG_CJ_1973_0041_INTP_19770309,ACT_EU_INST_CJEU_JUDG_AG_UK_WAR
DOC_JUDG_CJ_1973_0049_19731107,ACT_EU_INST_CJEU_JUDG_AG_IT_TRA
DOC_JUDG_CJ_1973_0051_19731107,ACT_EU_INST_CJEU_JUDG_AG_IT_TRA
DOC_JUDG_CJ_1973_0110_19731010,ACT_EU_INST_CJEU_JUDG_AG_UK_WAR
DOC_JUDG_CJ_1973_0112_19741009,ACT_EU_INST_CJEU_JUDG_AG_UK_WAR
DOC_JUDG_CJ_1973_0115_19740404,ACT_EU_INST_CJEU_JUDG_AG_UK_WAR
DOC_JUDG_CJ_1973_0115_REV_19740702,ACT_EU_INST_CJEU_JUDG_AG_UK_WAR
DOC_JUDG_CJ_1973_0119_19731205,ACT_EU_INST_CJEU_JUDG_AG_UK_WAR
DOC_JUDG_CJ_1973_0120_19731211,ACT_EU_INST_CJEU_JUDG_AG_DE_REI
DOC_JUDG_CJ_1973_0121_19731211,ACT_EU_INST_CJEU_JUDG_AG_DE_REI
DOC_JUDG_CJ_1973_0122_19731211,ACT_EU_INST_CJEU_JUDG_AG_DE_REI
DOC_JUDG_CJ_1973_0124_19731205,ACT_EU_INST_CJEU_JUDG_AG_UK_WAR
DOC_JUDG_CJ_1973_0125_19731205,ACT_EU_INST_CJEU_JUDG_AG_UK_WAR
DOC_JUDG_CJ_1973_0126_19731205,ACT_EU_INST_CJEU_JUDG_AG_UK_WAR
DOC_JUDG_CJ_1973_0127_19740130,ACT_EU_INST_CJEU_JUDG_AG_FR_MAY
DOC_JUDG_CJ_1973_0127_19740327,ACT_EU_INST_CJEU_JUDG_AG_FR_MAY
DOC_JUDG_CJ_1973_0128_19731122,ACT_EU_INST_CJEU_JUDG_AG_IT_TRA
DOC_JUDG_CJ_1973_0130_19731127,ACT_EU_INST_CJEU_JUDG_AG_IT_TRA
DOC_JUDG_CJ_1973_0131_19731212,ACT_EU_INST_CJEU_JUDG_AG_FR_MAY
DOC_JUDG_CJ_1973_0134_19740115,ACT_EU_INST_CJEU_JUDG_AG_DE_REI
DOC_JUDG_CJ_1973_0138_19731128,ACT_EU_INST_CJEU_JUDG_AG_UK_WAR
DOC_JUDG_CJ_1973_0139_19731122,ACT_EU_INST_CJEU_JUDG_AG_DE_REI
DOC_JUDG_CJ_1973_0140_19731206,ACT_EU_INST_CJEU_JUDG_AG_IT_TRA
DOC_JUDG_CJ_1973_0141_19731211,ACT_EU_INST_CJEU_JUDG_AG_DE_REI
DOC_JUDG_CJ_1973_0142_19731212,ACT_EU_INST_CJEU_JUDG_AG_UK_WAR
DOC_JUDG_CJ_1973_0143_19731205,ACT_EU_INST_CJEU_JUDG_AG_UK_WAR
DOC_JUDG_CJ_1973_0146_19740212,ACT_EU_INST_CJEU_JUDG_AG_UK_WAR
DOC_JUDG_CJ_1973_0147_19731211,ACT_EU_INST_CJEU_JUDG_AG_IT_TRA
DOC_JUDG_CJ_1973_0148_19740130,ACT_EU_INST_CJEU_JUDG_AG_DE_REI
DOC_JUDG_CJ_1973_0149_19731212,ACT_EU_INST_CJEU_JUDG_AG_IT_TRA
DOC_JUDG_CJ_1973_0150_19731213,ACT_EU_INST_CJEU_JUDG_AG_IT_TRA
DOC_JUDG_CJ_1973_0151_19740321,ACT_EU_INST_CJEU_JUDG_AG_UK_WAR
DOC_JUDG_CJ_1973_0152_19740212,ACT_EU_INST_CJEU_JUDG_AG_FR_MAY
DOC_JUDG_CJ_1973_0153_19740702,ACT_EU_INST_CJEU_JUDG_AG_DE_REI
DOC_JUDG_CJ_1973_0154_19740115,ACT_EU_INST_CJEU_JUDG_AG_IT_TRA
DOC_JUDG_CJ_1973_0155_19740430,ACT_EU_INST_CJEU_JUDG_AG_DE_REI
DOC_JUDG_CJ_1973_0158_19740130,ACT_EU_INST_CJEU_JUDG_AG_UK_WAR
DOC_JUDG_CJ_1973_0159_19740130,ACT_EU_INST_CJEU_JUDG_AG_IT_TRA
DOC_JUDG_CJ_1973_0162_19740221,ACT_EU_INST_CJEU_JUDG_AG_FR_MAY
DOC_JUDG_CJ_1973_0166_19740116,ACT_EU_INST_CJEU_JUDG_AG_UK_WAR
DOC_JUDG_CJ_1973_0167_19740404,ACT_EU_INST_CJEU_JUDG_AG_DE_REI
DOC_JUDG_CJ_1973_0169_19750204,ACT_EU_INST_CJEU_JUDG_AG_IT_TRA
DOC_JUDG_CJ_1973_0173_19740702,ACT_EU_INST_CJEU_JUDG_AG_UK_WAR
DOC_JUDG_CJ_1973_0175_19741008,ACT_EU_INST_CJEU_JUDG_AG_DE_REI
DOC_JUDG_CJ_1973_0176_19741205,ACT_EU_INST_CJEU_JUDG_AG_DE_REI
DOC_JUDG_CJ_1973_0177_19740711,ACT_EU_INST_CJEU_JUDG_AG_FR_MAY
DOC_JUDG_CJ_1973_0178_19740404,ACT_EU_INST_CJEU_JUDG_AG_DE_REI
DOC_JUDG_CJ_1973_0181_19740430,ACT_EU_INST_CJEU_JUDG_AG_UK_WAR
DOC_JUDG_CJ_1973_0183_19740508,ACT_EU_INST_CJEU_JUDG_AG_IT_TRA
DOC_JUDG_CJ_1973_0184_19740515,ACT_EU_INST_CJEU_JUDG_AG_UK_WAR
DOC_JUDG_CJ_1973_0185_19740529,ACT_EU_INST_CJEU_JUDG_AG_IT_TRA
DOC_JUDG_CJ_1973_0186_19740515,ACT_EU_INST_CJEU_JUDG_AG_FR_MAY
DOC_JUDG_CJ_1973_0187_19740528,ACT_EU_INST_CJEU_JUDG_AG_DE_REI
DOC_JUDG_CJ_1973_0188_19741030,ACT_EU_INST_CJEU_JUDG_AG_UK_WAR
DOC_JUDG_CJ_1973_0189_19750319,ACT_EU_INST_CJEU_JUDG_AG_FR_MAY
DOC_JUDG_CJ_1973_0190_19741030,ACT_EU_INST_CJEU_JUDG_AG_FR_MAY
DOC_JUDG_CJ_1973_0191_19740528,ACT_EU_INST_CJEU_JUDG_AG_UK_WAR
DOC_JUDG_CJ_1973_0192_19740703,ACT_EU_INST_CJEU_JUDG_AG_FR_MAY
DOC_JUDG_CJ_1974_0001_19741121,ACT_EU_INST_CJEU_JUDG_AG_IT_TRA
DOC_JUDG_CJ_1974_0002_19740621,ACT_EU_INST_CJEU_JUDG_AG_FR_MAY
DOC_JUDG_CJ_1974_0003_19740528,ACT_EU_INST_CJEU_JUDG_AG_DE_REI
DOC_JUDG_CJ_1974_0004_19750710,ACT_EU_INST_CJEU_JUDG_AG_IT_TRA
DOC_JUDG_CJ_1974_0006_19741121,ACT_EU_INST_CJEU_JUDG_AG_FR_MAY
DOC_JUDG_CJ_1974_0007_19740703,ACT_EU_INST_CJEU_JUDG_AG_DE_REI
DOC_JUDG_CJ_1974_0008_19740711,ACT_EU_INST_CJEU_JUDG_AG_IT_TRA
DOC_JUDG_CJ_1974_0009_19740703,ACT_EU_INST_CJEU_JUDG_AG_UK_WAR
DOC_JUDG_CJ_1974_0010_19740711,ACT_EU_INST_CJEU_JUDG_AG_FR_MAY
DOC_JUDG_CJ_1974_0011_19740711,ACT_EU_INST_CJEU_JUDG_AG_IT_TRA
DOC_JUDG_CJ_1974_0012_19750220,ACT_EU_INST_CJEU_JUDG_AG_UK_WAR
DOC_JUDG_CJ_1974_0014_19741001,ACT_EU_INST_CJEU_JUDG_AG_DE_REI
DOC_JUDG_CJ_1974_0015_19741031,ACT_EU_INST_CJEU_JUDG_AG_IT_TRA
DOC_JUDG_CJ_1974_0016_19741031,ACT_EU_INST_CJEU_JUDG_AG_IT_TRA
DOC_JUDG_CJ_1974_0017_19741023,ACT_EU_INST_CJEU_JUDG_AG_UK_WAR
DOC_JUDG_CJ_1974_0018_19741008,ACT_EU_INST_CJEU_JUDG_AG_IT_TRA
DOC_JUDG_CJ_1974_0019_19750514,ACT_EU_INST_CJEU_JUDG_AG_UK_WAR
DOC_JUDG_CJ_1974_0021_19750220,ACT_EU_INST_CJEU_JUDG_AG_IT_TRA
DOC_JUDG_CJ_1974_0023_19750312,ACT_EU_INST_CJEU_JUDG_AG_DE_REI
DOC_JUDG_CJ_1974_0024_19741009,ACT_EU_INST_CJEU_JUDG_AG_DE_REI
DOC_JUDG_CJ_1974_0025_19741010,ACT_EU_INST_CJEU_JUDG_AG_IT_TRA
DOC_JUDG_CJ_1974_0026_19760521,ACT_EU_INST_CJEU_JUDG_AG_IT_TRA
DOC_JUDG_CJ_1974_0027_19741022,ACT_EU_INST_CJEU_JUDG_AG_DE_REI
DOC_JUDG_CJ_1974_0028_19750319,ACT_EU_INST_CJEU_JUDG_AG_FR_MAY
DOC_JUDG_CJ_1974_0029_19750123,ACT_EU_INST_CJEU_JUDG_AG_UK_WAR
DOC_JUDG_CJ_1974_0031_19750123,ACT_EU_INST_CJEU_JUDG_AG_UK_WAR
DOC_JUDG_CJ_1974_0032_19741112,ACT_EU_INST_CJEU_JUDG_AG_FR_MAY
DOC_JUDG_CJ_1974_0033_19741203,ACT_EU_INST_CJEU_JUDG_AG_FR_MAY
DOC_JUDG_CJ_1974_0034_19741112,ACT_EU_INST_CJEU_JUDG_AG_IT_TRA
DOC_JUDG_CJ_1974_0035_19741112,ACT_EU_INST_CJEU_JUDG_AG_IT_TRA
DOC_JUDG_CJ_1974_0036_19741212,ACT_EU_INST_CJEU_JUDG_AG_UK_WAR
DOC_JUDG_CJ_1974_0037_19750220,ACT_EU_INST_CJEU_JUDG_AG_IT_TRA
DOC_JUDG_CJ_1974_0038_19750220,ACT_EU_INST_CJEU_JUDG_AG_IT_TRA
DOC_JUDG_CJ_1974_0039_19741113,ACT_EU_INST_CJEU_JUDG_AG_DE_REI
DOC_JUDG_CJ_1974_0040_19741203,ACT_EU_INST_CJEU_JUDG_AG_DE_REI
DOC_JUDG_CJ_1974_0041_19741204,ACT_EU_INST_CJEU_JUDG_AG_FR_MAY
DOC_JUDG_CJ_1974_0042_19750709,ACT_EU_INST_CJEU_JUDG_AG_FR_MAY
DOC_JUDG_CJ_1974_0043_19770707,ACT_EU_INST_CJEU_JUDG_AG_IT_CAP
DOC_JUDG_CJ_1974_0044_19750318,ACT_EU_INST_CJEU_JUDG_AG_IT_TRA
DOC_JUDG_CJ_1974_0048_19741210,ACT_EU_INST_CJEU_JUDG_AG_UK_WAR
DOC_JUDG_CJ_1974_0050_19750930,ACT_EU_INST_CJEU_JUDG_AG_FR_MAY
DOC_JUDG_CJ_1974_0051_19750123,ACT_EU_INST_CJEU_JUDG_AG_IT_TRA
DOC_JUDG_CJ_1974_0055_19750122,ACT_EU_INST_CJEU_JUDG_AG_UK_WAR
DOC_JUDG_CJ_1974_0056_19760602,ACT_EU_INST_CJEU_JUDG_AG_DE_REI
DOC_JUDG_CJ_1974_0061_19750415,ACT_EU_INST_CJEU_JUDG_AG_IT_TRA
DOC_JUDG_CJ_1974_0063_19750226,ACT_EU_INST_CJEU_JUDG_AG_IT_TRA
DOC_JUDG_CJ_1974_0064_19750220,ACT_EU_INST_CJEU_JUDG_AG_UK_WAR
DOC_JUDG_CJ_1974_0065_19750311,ACT_EU_INST_CJEU_JUDG_AG_DE_REI
DOC_JUDG_CJ_1974_0066_19750218,ACT_EU_INST_CJEU_JUDG_AG_IT_TRA
DOC_JUDG_CJ_1974_0067_19750226,ACT_EU_INST_CJEU_JUDG_AG_FR_MAY
DOC_JUDG_CJ_1974_0068_19750129,ACT_EU_INST_CJEU_JUDG_AG_UK_WAR
DOC_JUDG_CJ_1974_0069_19750218,ACT_EU_INST_CJEU_JUDG_AG_DE_REI
DOC_JUDG_CJ_1974_0070_19750626,ACT_EU_INST_CJEU_JUDG_AG_DE_REI
DOC_JUDG_CJ_1974_0071_19750515,ACT_EU_INST_CJEU_JUDG_AG_UK_WAR
DOC_JUDG_CJ_1974_0072_19750318,ACT_EU_INST_CJEU_JUDG_AG_DE_REI
DOC_JUDG_CJ_1974_0073_19751126,ACT_EU_INST_CJEU_JUDG_AG_IT_TRA
DOC_JUDG_CJ_1974_0074_19750514,ACT_EU_INST_CJEU_JUDG_AG_IT_TRA
DOC_JUDG_CJ_1974_0074_19760615,ACT_EU_INST_CJEU_JUDG_AG_IT_TRA
DOC_JUDG_CJ_1974_0077_19750710,ACT_EU_INST_CJEU_JUDG_AG_DE_REI
DOC_JUDG_CJ_1974_0078_19750318,ACT_EU_INST_CJEU_JUDG_AG_IT_TRA
DOC_JUDG_CJ_1974_0079_19750619,ACT_EU_INST_CJEU_JUDG_AG_DE_REI
DOC_JUDG_CJ_1974_0081_19751029,ACT_EU_INST_CJEU_JUDG_AG_UK_WAR
DOC_JUDG_CJ_1974_0089_19750930,ACT_EU_INST_CJEU_JUDG_AG_IT_TRA
DOC_JUDG_CJ_1974_0090_19751016,ACT_EU_INST_CJEU_JUDG_AG_UK_WAR
DOC_JUDG_CJ_1974_0091_19750610,ACT_EU_INST_CJEU_JUDG_AG_UK_WAR
DOC_JUDG_CJ_1974_0092_19750515,ACT_EU_INST_CJEU_JUDG_AG_IT_TRA
DOC_JUDG_CJ_1974_0093_19750617,ACT_EU_INST_CJEU_JUDG_AG_DE_REI
DOC_JUDG_CJ_1974_0094_19750618,ACT_EU_INST_CJEU_JUDG_AG_IT_TRA
DOC_JUDG_CJ_1974_0095_19751210,ACT_EU_INST_CJEU_JUDG_AG_IT_TRA
DOC_JUDG_CJ_1974_0099_19751126,ACT_EU_INST_CJEU_JUDG_AG_IT_TRA
DOC_JUDG_CJ_1974_0100_19751118,ACT_EU_INST_CJEU_JUDG_AG_UK_WAR
DOC_JUDG_CJ_1974_0101_19760226,ACT_EU_INST_CJEU_JUDG_AG_IT_TRA
DOC_JUDG_CJ_1975_0002_19750527,ACT_EU_INST_CJEU_JUDG_AG_UK_WAR
DOC_JUDG_CJ_1975_0004_19750708,ACT_EU_INST_CJEU_JUDG_AG_DE_REI
DOC_JUDG_CJ_1975_0005_19750625,ACT_EU_INST_CJEU_JUDG_AG_IT_TRA
DOC_JUDG_CJ_1975_0006_19750626,ACT_EU_INST_CJEU_JUDG_AG_DE_REI
DOC_JUDG_CJ_1975_0007_19750617,ACT_EU_INST_CJEU_JUDG_AG_IT_TRA
DOC_JUDG_CJ_1975_0008_19750624,ACT_EU_INST_CJEU_JUDG_AG_UK_WAR
DOC_JUDG_CJ_1975_0009_19751022,ACT_EU_INST_CJEU_JUDG_AG_UK_WAR
DOC_JUDG_CJ_1975_0010_19750930,ACT_EU_INST_CJEU_JUDG_AG_FR_MAY
DOC_JUDG_CJ_1975_0017_19750625,ACT_EU_INST_CJEU_JUDG_AG_DE_REI
DOC_JUDG_CJ_1975_0020_19750709,ACT_EU_INST_CJEU_JUDG_AG_IT_TRA
DOC_JUDG_CJ_1975_0021_19750709,ACT_EU_INST_CJEU_JUDG_AG_UK_WAR
DOC_JUDG_CJ_1975_0022_19751029,ACT_EU_INST_CJEU_JUDG_AG_DE_REI
DOC_JUDG_CJ_1975_0023_19751030,ACT_EU_INST_CJEU_JUDG_AG_FR_MAY
DOC_JUDG_CJ_1975_0024_19751021,ACT_EU_INST_CJEU_JUDG_AG_UK_WAR
DOC_JUDG_CJ_1975_0025_19751001,ACT_EU_INST_CJEU_JUDG_AG_DE_REI
DOC_JUDG_CJ_1975_0026_19751113,ACT_EU_INST_CJEU_JUDG_AG_FR_MAY
DOC_JUDG_CJ_1975_0027_19750710,ACT_EU_INST_CJEU_JUDG_AG_UK_WAR
DOC_JUDG_CJ_1975_0028_19750925,ACT_EU_INST_CJEU_JUDG_AG_DE_REI
DOC_JUDG_CJ_1975_0029_19760408,ACT_EU_INST_CJEU_JUDG_AG_UK_WAR
DOC_JUDG_CJ_1975_0030_19751118,ACT_EU_INST_CJEU_JUDG_AG_DE_REI
DOC_JUDG_CJ_1975_0031_19751204,ACT_EU_INST_CJEU_JUDG_AG_UK_WAR
DOC_JUDG_CJ_1975_0032_19750930,ACT_EU_INST_CJEU_JUDG_AG_IT_TRA
DOC_JUDG_CJ_1975_0033_19751030,ACT_EU_INST_CJEU_JUDG_AG_DE_REI
DOC_JUDG_CJ_1975_0035_19751023,ACT_EU_INST_CJEU_JUDG_AG_UK_WAR
DOC_JUDG_CJ_1975_0036_19751028,ACT_EU_INST_CJEU_JUDG_AG_FR_MAY
DOC_JUDG_CJ_1975_0037_19751111,ACT_EU_INST_CJEU_JUDG_AG_FR_MAY
DOC_JUDG_CJ_1975_0038_19751119,ACT_EU_INST_CJEU_JUDG_AG_DE_REI
DOC_JUDG_CJ_1975_0039_19751126,ACT_EU_INST_CJEU_JUDG_AG_UK_WAR
DOC_JUDG_CJ_1975_0040_19760121,ACT_EU_INST_CJEU_JUDG_AG_DE_REI
DOC_JUDG_CJ_1975_0042_19760217,ACT_EU_INST_CJEU_JUDG_AG_UK_WAR
DOC_JUDG_CJ_1975_0043_19760408,ACT_EU_INST_CJEU_JUDG_AG_IT_TRA
DOC_JUDG_CJ_1975_0045_19760217,ACT_EU_INST_CJEU_JUDG_AG_DE_REI
DOC_JUDG_CJ_1975_0046_19760127,ACT_EU_INST_CJEU_JUDG_AG_UK_WAR
DOC_JUDG_CJ_1975_0047_19760504,ACT_EU_INST_CJEU_JUDG_AG_IT_TRA
DOC_JUDG_CJ_1975_0048_19760408,ACT_EU_INST_CJEU_JUDG_AG_FR_MAY
DOC_JUDG_CJ_1975_0049_19751120,ACT_EU_INST_CJEU_JUDG_AG_DE_REI
DOC_JUDG_CJ_1975_0050_19751125,ACT_EU_INST_CJEU_JUDG_AG_IT_TRA
DOC_JUDG_CJ_1975_0051_19760615,ACT_EU_INST_CJEU_JUDG_AG_UK_WAR
DOC_JUDG_CJ_1975_0052_19760226,ACT_EU_INST_CJEU_JUDG_AG_FR_MAY
DOC_JUDG_CJ_1975_0053_19751210,ACT_EU_INST_CJEU_JUDG_AG_DE_REI
DOC_JUDG_CJ_1975_0054_19760929,ACT_EU_INST_CJEU_JUDG_AG_FR_MAY
DOC_JUDG_CJ_1975_0054_19770309,ACT_EU_INST_CJEU_JUDG_AG_IT_CAP
DOC_JUDG_CJ_1975_0055_19760122,ACT_EU_INST_CJEU_JUDG_AG_DE_REI
DOC_JUDG_CJ_1975_0056_19760624,ACT_EU_INST_CJEU_JUDG_AG_DE_REI
DOC_JUDG_CJ_1975_0056_REV_19771013,ACT_EU_INST_CJEU_JUDG_AG_DE_REI
DOC_JUDG_CJ_1975_0057_19751209,ACT_EU_INST_CJEU_JUDG_AG_UK_WAR
DOC_JUDG_CJ_1975_0058_19760701,ACT_EU_INST_CJEU_JUDG_AG_DE_REI
DOC_JUDG_CJ_1975_0059_19760203,ACT_EU_INST_CJEU_JUDG_AG_UK_WAR
DOC_JUDG_CJ_1975_0060_19760122,ACT_EU_INST_CJEU_JUDG_AG_DE_REI
DOC_JUDG_CJ_1975_0062_19760701,ACT_EU_INST_CJEU_JUDG_AG_DE_REI
DOC_JUDG_CJ_1975_0063_19760203,ACT_EU_INST_CJEU_JUDG_AG_DE_REI
DOC_JUDG_CJ_1975_0064_19751209,ACT_EU_INST_CJEU_JUDG_AG_IT_TRA
DOC_JUDG_CJ_1975_0065_19760226,ACT_EU_INST_CJEU_JUDG_AG_DE_REI
DOC_JUDG_CJ_1975_0066_19760520,ACT_EU_INST_CJEU_JUDG_AG_FR_MAY
DOC_JUDG_CJ_1975_0067_19760317,ACT_EU_INST_CJEU_JUDG_AG_UK_WAR
DOC_JUDG_CJ_1975_0086_19760615,ACT_EU_INST_CJEU_JUDG_AG_UK_WAR
DOC_JUDG_CJ_1975_0087_19760205,ACT_EU_INST_CJEU_JUDG_AG_IT_TRA
DOC_JUDG_CJ_1975_0088_19760226,ACT_EU_INST_CJEU_JUDG_AG_DE_REI
DOC_JUDG_CJ_1975_0091_19760217,ACT_EU_INST_CJEU_JUDG_AG_IT_TRA
DOC_JUDG_CJ_1975_0092_19760226,ACT_EU_INST_CJEU_JUDG_AG_UK_WAR
DOC_JUDG_CJ_1975_0093_19751217,ACT_EU_INST_CJEU_JUDG_AG_IT_TRA
DOC_JUDG_CJ_1975_0094_19760205,ACT_EU_INST_CJEU_JUDG_AG_UK_WAR
DOC_JUDG_CJ_1975_0095_19760309,ACT_EU_INST_CJEU_JUDG_AG_DE_REI
DOC_JUDG_CJ_1975_0096_19760615,ACT_EU_INST_CJEU_JUDG_AG_UK_WAR
DOC_JUDG_CJ_1975_0097_19760624,ACT_EU_INST_CJEU_JUDG_AG_UK_WAR
DOC_JUDG_CJ_1975_0098_19760218,ACT_EU_INST_CJEU_JUDG_AG_IT_TRA
DOC_JUDG_CJ_1975_0102_19761202,ACT_EU_INST_CJEU_JUDG_AG_UK_WAR
DOC_JUDG_CJ_1975_0103_19760526,ACT_EU_INST_CJEU_JUDG_AG_UK_WAR
DOC_JUDG_CJ_1975_0104_19760520,ACT_EU_INST_CJEU_JUDG_AG_FR_MAY
DOC_JUDG_CJ_1975_0105_19760929,ACT_EU_INST_CJEU_JUDG_AG_UK_WAR
DOC_JUDG_CJ_1975_0106_19760408,ACT_EU_INST_CJEU_JUDG_AG_DE_REI
DOC_JUDG_CJ_1975_0108_19760309,ACT_EU_INST_CJEU_JUDG_AG_DE_REI
DOC_JUDG_CJ_1975_0110_19760615,ACT_EU_INST_CJEU_JUDG_AG_UK_WAR
DOC_JUDG_CJ_1975_0110_19761117,ACT_EU_INST_CJEU_JUDG_AG_UK_WAR
DOC_JUDG_CJ_1975_0111_19760520,ACT_EU_INST_CJEU_JUDG_AG_DE_REI
DOC_JUDG_CJ_1975_0112_19760408,ACT_EU_INST_CJEU_JUDG_AG_IT_TRA
DOC_JUDG_CJ_1975_0113_19760615,ACT_EU_INST_CJEU_JUDG_AG_UK_WAR
DOC_JUDG_CJ_1975_0118_19760707,ACT_EU_INST_CJEU_JUDG_AG_IT_TRA
DOC_JUDG_CJ_1975_0119_19760622,ACT_EU_INST_CJEU_JUDG_AG_FR_MAY
DOC_JUDG_CJ_1975_0120_19760615,ACT_EU_INST_CJEU_JUDG_AG_IT_TRA
DOC_JUDG_CJ_1975_0122_19761125,ACT_EU_INST_CJEU_JUDG_AG_DE_REI
DOC_JUDG_CJ_1975_0123_19761125,ACT_EU_INST_CJEU_JUDG_AG_DE_REI
DOC_JUDG_CJ_1975_0124_19761216,ACT_EU_INST_CJEU_JUDG_AG_DE_REI
DOC_JUDG_CJ_1975_0125_19760602,ACT_EU_INST_CJEU_JUDG_AG_DE_REI
DOC_JUDG_CJ_1975_0126_19771027,ACT_EU_INST_CJEU_JUDG_AG_IT_CAP
DOC_JUDG_CJ_1975_0127_19760622,ACT_EU_INST_CJEU_JUDG_AG_UK_WAR
DOC_JUDG_CJ_1975_0128_19761018,ACT_EU_INST_CJEU_JUDG_AG_FR_MAY
DOC_JUDG_CJ_1975_0129_19760714,ACT_EU_INST_CJEU_JUDG_AG_IT_TRA
DOC_JUDG_CJ_1975_0130_19761027,ACT_EU_INST_CJEU_JUDG_AG_UK_WAR
DOC_JUDG_CJ_1976_0001_19760615,ACT_EU_INST_CJEU_JUDG_AG_FR_MAY
DOC_JUDG_CJ_1976_0002_19761216,ACT_EU_INST_CJEU_JUDG_AG_IT_CAP
DOC_JUDG_CJ_1976_0003_19760714,ACT_EU_INST_CJEU_JUDG_AG_IT_TRA
DOC_JUDG_CJ_1976_0005_19760615,ACT_EU_INST_CJEU_JUDG_AG_FR_MAY
DOC_JUDG_CJ_1976_0005_19771020,ACT_EU_INST_CJEU_JUDG_AG_FR_MAY
DOC_JUDG_CJ_1976_0007_19760707,ACT_EU_INST_CJEU_JUDG_AG_UK_WAR
DOC_JUDG_CJ_1976_0009_19760929,ACT_EU_INST_CJEU_JUDG_AG_FR_MAY
DOC_JUDG_CJ_1976_0010_19760922,ACT_EU_INST_CJEU_JUDG_AG_DE_REI
DOC_JUDG_CJ_1976_0011_19790207,ACT_EU_INST_CJEU_JUDG_AG_IT_CAP
DOC_JUDG_CJ_1976_0012_19761006,ACT_EU_INST_CJEU_JUDG_AG_FR_MAY
DOC_JUDG_CJ_1976_0013_19760714,ACT_EU_INST_CJEU_JUDG_AG_IT_TRA
DOC_JUDG_CJ_1976_0014_19761006,ACT_EU_INST_CJEU_JUDG_AG_DE_REI
DOC_JUDG_CJ_1976_0015_19790207,ACT_EU_INST_CJEU_JUDG_AG_IT_CAP
DOC_JUDG_CJ_1976_0017_19760929,ACT_EU_INST_CJEU_JUDG_AG_FR_MAY
DOC_JUDG_CJ_1976_0018_19790207,ACT_EU_INST_CJEU_JUDG_AG_IT_CAP
DOC_JUDG_CJ_1976_0019_19760713,ACT_EU_INST_CJEU_JUDG_AG_UK_WAR
DOC_JUDG_CJ_1976_0020_19770216,ACT_EU_INST_CJEU_JUDG_AG_IT_CAP
DOC_JUDG_CJ_1976_0021_19761130,ACT_EU_INST_CJEU_JUDG_AG_IT_CAP
DOC_JUDG_CJ_1976_0022_19760922,ACT_EU_INST_CJEU_JUDG_AG_UK_WAR
DOC_JUDG_CJ_1976_0023_19761207,ACT_EU_INST_CJEU_JUDG_AG_FR_MAY
DOC_JUDG_CJ_1976_0024_19761214,ACT_EU_INST_CJEU_JUDG_AG_IT_CAP
DOC_JUDG_CJ_1976_0025_19761214,ACT_EU_INST_CJEU_JUDG_AG_IT_CAP
DOC_JUDG_CJ_1976_0026_19771025,ACT_EU_INST_CJEU_JUDG_AG_DE_REI
DOC_JUDG_CJ_1976_0027_19780214,ACT_EU_INST_CJEU_JUDG_AG_FR_MAY
DOC_JUDG_CJ_1976_0028_19761123,ACT_EU_INST_CJEU_JUDG_AG_UK_WAR
DOC_JUDG_CJ_1976_0029_19761014,ACT_EU_INST_CJEU_JUDG_AG_DE_REI
DOC_JUDG_CJ_1976_0030_19761125,ACT_EU_INST_CJEU_JUDG_AG_DE_REI
DOC_JUDG_CJ_1976_0031_19770512,ACT_EU_INST_CJEU_JUDG_AG_FR_MAY
DOC_JUDG_CJ_1976_0032_19761013,ACT_EU_INST_CJEU_JUDG_AG_FR_MAY
DOC_JUDG_CJ_1976_0033_19761216,ACT_EU_INST_CJEU_JUDG_AG_UK_WAR
DOC_JUDG_CJ_1976_0035_19761215,ACT_EU_INST_CJEU_JUDG_AG_DE_REI
DOC_JUDG_CJ_1976_0036_19761216,ACT_EU_INST_CJEU_JUDG_AG_FR_MAY
DOC_JUDG_CJ_1976_0038_19761216,ACT_EU_INST_CJEU_JUDG_AG_IT_CAP
DOC_JUDG_CJ_1976_0039_19761215,ACT_EU_INST_CJEU_JUDG_AG_UK_WAR
DOC_JUDG_CJ_1976_0040_19761123,ACT_EU_INST_CJEU_JUDG_AG_DE_REI
DOC_JUDG_CJ_1976_0041_19761215,ACT_EU_INST_CJEU_JUDG_AG_IT_CAP
DOC_JUDG_CJ_1976_0042_19761130,ACT_EU_INST_CJEU_JUDG_AG_FR_MAY
DOC_JUDG_CJ_1976_0044_19770302,ACT_EU_INST_CJEU_JUDG_AG_DE_REI
DOC_JUDG_CJ_1976_0045_19761216,ACT_EU_INST_CJEU_JUDG_AG_UK_WAR
DOC_JUDG_CJ_1976_0046_19770125,ACT_EU_INST_CJEU_JUDG_AG_DE_REI
DOC_JUDG_CJ_1976_0047_19770201,ACT_EU_INST_CJEU_JUDG_AG_FR_MAY
DOC_JUDG_CJ_1976_0048_19770217,ACT_EU_INST_CJEU_JUDG_AG_IT_CAP
DOC_JUDG_CJ_1976_0049_19770126,ACT_EU_INST_CJEU_JUDG_AG_UK_WAR
DOC_JUDG_CJ_1976_0050_19770202,ACT_EU_INST_CJEU_JUDG_AG_IT_CAP
DOC_JUDG_CJ_1976_0051_19770201,ACT_EU_INST_CJEU_JUDG_AG_FR_MAY
DOC_JUDG_CJ_1976_0052_19770203,ACT_EU_INST_CJEU_JUDG_AG_DE_REI
DOC_JUDG_CJ_1976_0053_19770203,ACT_EU_INST_CJEU_JUDG_AG_IT_CAP
DOC_JUDG_CJ_1976_0054_19770331,ACT_EU_INST_CJEU_JUDG_AG_DE_REI
DOC_JUDG_CJ_1976_0061_19770714,ACT_EU_INST_CJEU_JUDG_AG_DE_REI
DOC_JUDG_CJ_1976_0062_19770203,ACT_EU_INST_CJEU_JUDG_AG_UK_WAR
DOC_JUDG_CJ_1976_0063_19761216,ACT_EU_INST_CJEU_JUDG_AG_DE_REI
DOC_JUDG_CJ_1976_0064_19791004,ACT_EU_INST_CJEU_JUDG_AG_IT_CAP
DOC_JUDG_CJ_1976_0064_19820519,ACT_EU_INST_CJEU_JUDG_AG_IT_CAP
DOC_JUDG_CJ_1976_0065_19770125,ACT_EU_INST_CJEU_JUDG_AG_FR_MAY
DOC_JUDG_CJ_1976_0066_19770217,ACT_EU_INST_CJEU_JUDG_AG_DE_REI
DOC_JUDG_CJ_1976_0068_19770316,ACT_EU_INST_CJEU_JUDG_AG_IT_CAP
DOC_JUDG_CJ_1976_0069_19770215,ACT_EU_INST_CJEU_JUDG_AG_UK_WAR
DOC_JUDG_CJ_1976_0071_19770428,ACT_EU_INST_CJEU_JUDG_AG_FR_MAY
DOC_JUDG_CJ_1976_0072_19770216,ACT_EU_INST_CJEU_JUDG_AG_UK_WAR
DOC_JUDG_CJ_1976_0073_19770614,ACT_EU_INST_CJEU_JUDG_AG_FR_MAY
DOC_JUDG_CJ_1976_0074_19770322,ACT_EU_INST_CJEU_JUDG_AG_UK_WAR
DOC_JUDG_CJ_1976_0075_19770310,ACT_EU_INST_CJEU_JUDG_AG_IT_CAP
DOC_JUDG_CJ_1976_0076_19770217,ACT_EU_INST_CJEU_JUDG_AG_IT_CAP
DOC_JUDG_CJ_1976_0077_19770525,ACT_EU_INST_CJEU_JUDG_AG_DE_REI
DOC_JUDG_CJ_1976_0078_19770322,ACT_EU_INST_CJEU_JUDG_AG_UK_WAR
DOC_JUDG_CJ_1976_0079_19770331,ACT_EU_INST_CJEU_JUDG_AG_UK_WAR
DOC_JUDG_CJ_1976_0080_19770303,ACT_EU_INST_CJEU_JUDG_AG_IT_CAP
DOC_JUDG_CJ_1976_0082_19770217,ACT_EU_INST_CJEU_JUDG_AG_UK_WAR
DOC_JUDG_CJ_1976_0083_19780525,ACT_EU_INST_CJEU_JUDG_AG_IT_CAP
DOC_JUDG_CJ_1976_0084_19770301,ACT_EU_INST_CJEU_JUDG_AG_IT_CAP
DOC_JUDG_CJ_1976_0085_19790213,ACT_EU_INST_CJEU_JUDG_AG_DE_REI
DOC_JUDG_CJ_1976_0086_19770323,ACT_EU_INST_CJEU_JUDG_AG_UK_WAR
DOC_JUDG_CJ_1976_0087_19770331,ACT_EU_INST_CJEU_JUDG_AG_IT_CAP
DOC_JUDG_CJ_1976_0088_19770331,ACT_EU_INST_CJEU_JUDG_AG_DE_REI
DOC_JUDG_CJ_1976_0089_19770712,ACT_EU_INST_CJEU_JUDG_AG_FR_MAY
DOC_JUDG_CJ_1976_0090_19770609,ACT_EU_INST_CJEU_JUDG_AG_DE_REI
DOC_JUDG_CJ_1976_0091_19770203,ACT_EU_INST_CJEU_JUDG_AG_UK_WAR
DOC_JUDG_CJ_1976_0093_19770316,ACT_EU_INST_CJEU_JUDG_AG_DE_REI
DOC_JUDG_CJ_1976_0095_19771215,ACT_EU_INST_CJEU_JUDG_AG_DE_REI
DOC_JUDG_CJ_1976_0097_19770608,ACT_EU_INST_CJEU_JUDG_AG_FR_MAY
DOC_JUDG_CJ_1976_0099_19770511,ACT_EU_INST_CJEU_JUDG_AG_DE_REI
DOC_JUDG_CJ_1976_0101_19770505,ACT_EU_INST_CJEU_JUDG_AG_DE_REI
DOC_JUDG_CJ_1976_0102_19770505,ACT_EU_INST_CJEU_JUDG_AG_UK_WAR
DOC_JUDG_CJ_1976_0104_19770505,ACT_EU_INST_CJEU_JUDG_AG_DE_REI
DOC_JUDG_CJ_1976_0105_19770525,ACT_EU_INST_CJEU_JUDG_AG_DE_REI
DOC_JUDG_CJ_1976_0106_19771013,ACT_EU_INST_CJEU_JUDG_AG_FR_MAY
DOC_JUDG_CJ_1976_0107_19770524,ACT_EU_INST_CJEU_JUDG_AG_IT_CAP
DOC_JUDG_CJ_1976_0108_19770526,ACT_EU_INST_CJEU_JUDG_AG_DE_REI
DOC_JUDG_CJ_1976_0109_19770609,ACT_EU_INST_CJEU_JUDG_AG_UK_WAR
DOC_JUDG_CJ_1976_0110_19770505,ACT_EU_INST_CJEU_JUDG_AG_UK_WAR
DOC_JUDG_CJ_1976_0111_19770518,ACT_EU_INST_CJEU_JUDG_AG_FR_MAY
DOC_JUDG_CJ_1976_0112_19771013,ACT_EU_INST_CJEU_JUDG_AG_UK_WAR
DOC_JUDG_CJ_1976_0114_19770705,ACT_EU_INST_CJEU_JUDG_AG_IT_CAP
DOC_JUDG_CJ_1976_0115_19780316,ACT_EU_INST_CJEU_JUDG_AG_UK_WAR
DOC_JUDG_CJ_1976_0116_19770705,ACT_EU_INST_CJEU_JUDG_AG_IT_CAP
DOC_JUDG_CJ_1976_0117_19771019,ACT_EU_INST_CJEU_JUDG_AG_IT_CAP
DOC_JUDG_CJ_1976_0118_19770628,ACT_EU_INST_CJEU_JUDG_AG_DE_REI
DOC_JUDG_CJ_1976_0119_19770705,ACT_EU_INST_CJEU_JUDG_AG_IT_CAP
DOC_JUDG_CJ_1976_0121_19771027,ACT_EU_INST_CJEU_JUDG_AG_FR_MAY
DOC_JUDG_CJ_1976_0123_19770714,ACT_EU_INST_CJEU_JUDG_AG_UK_WAR
DOC_JUDG_CJ_1976_0124_19771019,ACT_EU_INST_CJEU_JUDG_AG_IT_CAP
DOC_JUDG_CJ_1976_0125_19771011,ACT_EU_INST_CJEU_JUDG_AG_DE_REI
DOC_JUDG_CJ_1976_0126_19771215,ACT_EU_INST_CJEU_JUDG_AG_UK_WAR
DOC_JUDG_CJ_1977_0001_19770714,ACT_EU_INST_CJEU_JUDG_AG_UK_WAR
DOC_JUDG_CJ_1977_0002_19770712,ACT_EU_INST_CJEU_JUDG_AG_FR_MAY
DOC_JUDG_CJ_1977_0005_19771005,ACT_EU_INST_CJEU_JUDG_AG_FR_MAY
DOC_JUDG_CJ_1977_0006_19770706,ACT_EU_INST_CJEU_JUDG_AG_UK_WAR
DOC_JUDG_CJ_1977_0007_19780316,ACT_EU_INST_CJEU_JUDG_AG_UK_WAR
DOC_JUDG_CJ_1977_0008_19770714,ACT_EU_INST_CJEU_JUDG_AG_DE_REI
DOC_JUDG_CJ_1977_0009_19770714,ACT_EU_INST_CJEU_JUDG_AG_FR_MAY
DOC_JUDG_CJ_1977_0011_19770628,ACT_EU_INST_CJEU_JUDG_AG_FR_MAY
DOC_JUDG_CJ_1977_0012_19780302,ACT_EU_INST_CJEU_JUDG_AG_FR_MAY
DOC_JUDG_CJ_1977_0013_19771116,ACT_EU_INST_CJEU_JUDG_AG_DE_REI
DOC_JUDG_CJ_1977_0014_19771013,ACT_EU_INST_CJEU_JUDG_AG_FR_MAY
DOC_JUDG_CJ_1977_0019_19780201,ACT_EU_INST_CJEU_JUDG_AG_UK_WAR
DOC_JUDG_CJ_1977_0022_19771013,ACT_EU_INST_CJEU_JUDG_AG_UK_WAR
DOC_JUDG_CJ_1977_0023_19771027,ACT_EU_INST_CJEU_JUDG_AG_DE_REI
DOC_JUDG_CJ_1977_0025_19780511,ACT_EU_INST_CJEU_JUDG_AG_UK_WAR
DOC_JUDG_CJ_1977_0026_19771108,ACT_EU_INST_CJEU_JUDG_AG_DE_REI
DOC_JUDG_CJ_1977_0027_19770929,ACT_EU_INST_CJEU_JUDG_AG_UK_WAR
DOC_JUDG_CJ_1977_0028_19780620,ACT_EU_INST_CJEU_JUDG_AG_IT_CAP
DOC_JUDG_CJ_1977_0029_19771020,ACT_EU_INST_CJEU_JUDG_AG_UK_WAR
DOC_JUDG_CJ_1977_0030_19771027,ACT_EU_INST_CJEU_JUDG_AG_UK_WAR
DOC_JUDG_CJ_1977_0032_19771020,ACT_EU_INST_CJEU_JUDG_AG_UK_WAR
DOC_JUDG_CJ_1977_0034_19780511,ACT_EU_INST_CJEU_JUDG_AG_UK_WAR
DOC_JUDG_CJ_1977_0035_19771129,ACT_EU_INST_CJEU_JUDG_AG_UK_WAR
DOC_JUDG_CJ_1977_0036_19771108,ACT_EU_INST_CJEU_JUDG_AG_DE_REI
DOC_JUDG_CJ_1977_0037_19771013,ACT_EU_INST_CJEU_JUDG_AG_UK_WAR
DOC_JUDG_CJ_1977_0038_19771123,ACT_EU_INST_CJEU_JUDG_AG_UK_WAR
DOC_JUDG_CJ_1977_0041_19771109,ACT_EU_INST_CJEU_JUDG_AG_UK_WAR
DOC_JUDG_CJ_1977_0043_19771122,ACT_EU_INST_CJEU_JUDG_AG_DE_REI
DOC_JUDG_CJ_1977_0044_19780126,ACT_EU_INST_CJEU_JUDG_AG_FR_MAY
DOC_JUDG_CJ_1977_0052_19771130,ACT_EU_INST_CJEU_JUDG_AG_UK_WAR
DOC_JUDG_CJ_1977_0054_19780309,ACT_EU_INST_CJEU_JUDG_AG_FR_MAY
DOC_JUDG_CJ_1977_0055_19771206,ACT_EU_INST_CJEU_JUDG_AG_IT_CAP
DOC_JUDG_CJ_1977_0056_19781123,ACT_EU_INST_CJEU_JUDG_AG_DE_REI
DOC_JUDG_CJ_1977_0059_19771214,ACT_EU_INST_CJEU_JUDG_AG_FR_MAY
DOC_JUDG_CJ_1977_0060_19771215,ACT_EU_INST_CJEU_JUDG_AG_UK_WAR
DOC_JUDG_CJ_1977_0061_19780216,ACT_EU_INST_CJEU_JUDG_AG_DE_REI
DOC_JUDG_CJ_1977_0062_19771208,ACT_EU_INST_CJEU_JUDG_AG_IT_CAP
DOC_JUDG_CJ_1977_0063_19771215,ACT_EU_INST_CJEU_JUDG_AG_UK_WAR
DOC_JUDG_CJ_1977_0064_19771130,ACT_EU_INST_CJEU_JUDG_AG_UK_WAR
DOC_JUDG_CJ_1977_0065_19771124,ACT_EU_INST_CJEU_JUDG_AG_DE_REI
DOC_JUDG_CJ_1977_0066_19771201,ACT_EU_INST_CJEU_JUDG_AG_IT_CAP
DOC_JUDG_CJ_1977_0068_19780214,ACT_EU_INST_CJEU_JUDG_AG_IT_CAP
DOC_JUDG_CJ_1977_0069_19780921,ACT_EU_INST_CJEU_JUDG_AG_DE_REI
DOC_JUDG_CJ_1977_0070_19780628,ACT_EU_INST_CJEU_JUDG_AG_UK_WAR
DOC_JUDG_CJ_1977_0072_19780202,ACT_EU_INST_CJEU_JUDG_AG_UK_WAR
DOC_JUDG_CJ_1977_0073_19771214,ACT_EU_INST_CJEU_JUDG_AG_FR_MAY
DOC_JUDG_CJ_1977_0074_19780425,ACT_EU_INST_CJEU_JUDG_AG_DE_REI
DOC_JUDG_CJ_1977_0075_19780413,ACT_EU_INST_CJEU_JUDG_AG_FR_MAY
DOC_JUDG_CJ_1977_0076_19771215,ACT_EU_INST_CJEU_JUDG_AG_IT_CAP
DOC_JUDG_CJ_1977_0077_19780629,ACT_EU_INST_CJEU_JUDG_AG_UK_WAR
DOC_JUDG_CJ_1977_0078_19780201,ACT_EU_INST_CJEU_JUDG_AG_FR_MAY
DOC_JUDG_CJ_1977_0079_19780309,ACT_EU_INST_CJEU_JUDG_AG_UK_WAR
DOC_JUDG_CJ_1977_0080_19780420,ACT_EU_INST_CJEU_JUDG_AG_UK_WAR
DOC_JUDG_CJ_1977_0082_19780124,ACT_EU_INST_CJEU_JUDG_AG_IT_CAP
DOC_JUDG_CJ_1977_0083_19780314,ACT_EU_INST_CJEU_JUDG_AG_UK_WAR
DOC_JUDG_CJ_1977_0084_19780119,ACT_EU_INST_CJEU_JUDG_AG_DE_REI
DOC_JUDG_CJ_1977_0085_19780228,ACT_EU_INST_CJEU_JUDG_AG_DE_REI
DOC_JUDG_CJ_1977_0086_19781012,ACT_EU_INST_CJEU_JUDG_AG_UK_WAR
DOC_JUDG_CJ_1977_0087_19850711,ACT_EU_INST_CJEU_JUDG_AG_NL_LOR_THE
DOC_JUDG_CJ_1977_0088_19780216,ACT_EU_INST_CJEU_JUDG_AG_DE_REI
DOC_JUDG_CJ_1977_0090_19780427,ACT_EU_INST_CJEU_JUDG_AG_FR_MAY
DOC_JUDG_CJ_1977_0092_19780223,ACT_EU_INST_CJEU_JUDG_AG_FR_MAY
DOC_JUDG_CJ_1977_0094_19780131,ACT_EU_INST_CJEU_JUDG_AG_UK_WAR
DOC_JUDG_CJ_1977_0095_19780411,ACT_EU_INST_CJEU_JUDG_AG_DE_REI
DOC_JUDG_CJ_1977_0096_19780215,ACT_EU_INST_CJEU_JUDG_AG_IT_CAP
DOC_JUDG_CJ_1977_0098_19780314,ACT_EU_INST_CJEU_JUDG_AG_UK_WAR
DOC_JUDG_CJ_1977_0099_19780601,ACT_EU_INST_CJEU_JUDG_AG_UK_WAR
DOC_JUDG_CJ_1977_0100_19780411,ACT_EU_INST_CJEU_JUDG_AG_DE_REI
DOC_JUDG_CJ_1977_0101_19780413,ACT_EU_INST_CJEU_JUDG_AG_FR_MAY
DOC_JUDG_CJ_1977_0102_19780523,ACT_EU_INST_CJEU_JUDG_AG_IT_CAP
DOC_JUDG_CJ_1977_0103_19781025,ACT_EU_INST_CJEU_JUDG_AG_DE_REI
DOC_JUDG_CJ_1977_0104_19780316,ACT_EU_INST_CJEU_JUDG_AG_FR_MAY
DOC_JUDG_CJ_1977_0105_19780314,ACT_EU_INST_CJEU_JUDG_AG_UK_WAR
DOC_JUDG_CJ_1977_0106_19780309,ACT_EU_INST_CJEU_JUDG_AG_DE_REI
DOC_JUDG_CJ_1977_0108_19780524,ACT_EU_INST_CJEU_JUDG_AG_UK_WAR
DOC_JUDG_CJ_1977_0110_19780601,ACT_EU_INST_CJEU_JUDG_AG_FR_MAY
DOC_JUDG_CJ_1977_0111_19780309,ACT_EU_INST_CJEU_JUDG_AG_IT_CAP
DOC_JUDG_CJ_1977_0112_19780503,ACT_EU_INST_CJEU_JUDG_AG_FR_MAY
DOC_JUDG_CJ_1977_0113_19790329,ACT_EU_INST_CJEU_JUDG_AG_UK_WAR
DOC_JUDG_CJ_1977_0114_19780713,ACT_EU_INST_CJEU_JUDG_AG_UK_WAR
DOC_JUDG_CJ_1977_0115_19780316,ACT_EU_INST_CJEU_JUDG_AG_DE_REI
DOC_JUDG_CJ_1977_0116_19791205,ACT_EU_INST_CJEU_JUDG_AG_DE_REI
DOC_JUDG_CJ_1977_0117_19780316,ACT_EU_INST_CJEU_JUDG_AG_FR_MAY
DOC_JUDG_CJ_1977_0118_19790329,ACT_EU_INST_CJEU_JUDG_AG_UK_WAR
DOC_JUDG_CJ_1977_0119_19790329,ACT_EU_INST_CJEU_JUDG_AG_UK_WAR
DOC_JUDG_CJ_1977_0120_19790329,ACT_EU_INST_CJEU_JUDG_AG_UK_WAR
DOC_JUDG_CJ_1977_0121_19790329,ACT_EU_INST_CJEU_JUDG_AG_UK_WAR
DOC_JUDG_CJ_1977_0122_19781026,ACT_EU_INST_CJEU_JUDG_AG_DE_REI
DOC_JUDG_CJ_1977_0123_19780316,ACT_EU_INST_CJEU_JUDG_AG_UK_WAR
DOC_JUDG_CJ_1977_0125_19781025,ACT_EU_INST_CJEU_JUDG_AG_DE_REI
DOC_JUDG_CJ_1977_0126_19780315,ACT_EU_INST_CJEU_JUDG_AG_IT_CAP
DOC_JUDG_CJ_1977_0131_19780503,ACT_EU_INST_CJEU_JUDG_AG_IT_CAP
DOC_JUDG_CJ_1977_0132_19780510,ACT_EU_INST_CJEU_JUDG_AG_FR_MAY
DOC_JUDG_CJ_1977_0134_19780420,ACT_EU_INST_CJEU_JUDG_AG_IT_CAP
DOC_JUDG_CJ_1977_0135_19780316,ACT_EU_INST_CJEU_JUDG_AG_UK_WAR
DOC_JUDG_CJ_1977_0136_19780525,ACT_EU_INST_CJEU_JUDG_AG_DE_REI
DOC_JUDG_CJ_1977_0137_19780705,ACT_EU_INST_CJEU_JUDG_AG_UK_WAR
DOC_JUDG_CJ_1977_0138_19780705,ACT_EU_INST_CJEU_JUDG_AG_UK_WAR
DOC_JUDG_CJ_1977_0139_19780613,ACT_EU_INST_CJEU_JUDG_AG_DE_REI
DOC_JUDG_CJ_1977_0140_19781109,ACT_EU_INST_CJEU_JUDG_AG_DE_REI
DOC_JUDG_CJ_1977_0142_19780629,ACT_EU_INST_CJEU_JUDG_AG_IT_CAP
DOC_JUDG_CJ_1977_0143_19791205,ACT_EU_INST_CJEU_JUDG_AG_DE_REI
DOC_JUDG_CJ_1977_0146_19780613,ACT_EU_INST_CJEU_JUDG_AG_IT_CAP
DOC_JUDG_CJ_1977_0147_19780606,ACT_EU_INST_CJEU_JUDG_AG_DE_REI
DOC_JUDG_CJ_1977_0148_19781010,ACT_EU_INST_CJEU_JUDG_AG_IT_CAP
DOC_JUDG_CJ_1977_0149_19780615,ACT_EU_INST_CJEU_JUDG_AG_IT_CAP
DOC_JUDG_CJ_1977_0150_19780621,ACT_EU_INST_CJEU_JUDG_AG_IT_CAP
DOC_JUDG_CJ_1977_0151_19790405,ACT_EU_INST_CJEU_JUDG_AG_FR_MAY
DOC_JUDG_CJ_1977_0152_19791002,ACT_EU_INST_CJEU_JUDG_AG_DE_REI
DOC_JUDG_CJ_1977_0154_19780629,ACT_EU_INST_CJEU_JUDG_AG_FR_MAY
DOC_JUDG_CJ_1977_0156_19781012,ACT_EU_INST_CJEU_JUDG_AG_FR_MAY
DOC_JUDG_CJ_1977_0157_19790405,ACT_EU_INST_CJEU_JUDG_AG_IT_CAP
DOC_JUDG_CJ_1978_0001_19780628,ACT_EU_INST_CJEU_JUDG_AG_FR_MAY
DOC_JUDG_CJ_1978_0002_19790516,ACT_EU_INST_CJEU_JUDG_AG_DE_REI
DOC_JUDG_CJ_1978_0003_19781010,ACT_EU_INST_CJEU_JUDG_AG_IT_CAP
DOC_JUDG_CJ_1978_0004_19781130,ACT_EU_INST_CJEU_JUDG_AG_IT_CAP
DOC_JUDG_CJ_1978_0005_19780704,ACT_EU_INST_CJEU_JUDG_AG_IT_CAP
DOC_JUDG_CJ_1978_0006_19780711,ACT_EU_INST_CJEU_JUDG_AG_IT_CAP
DOC_JUDG_CJ_1978_0007_19781123,ACT_EU_INST_CJEU_JUDG_AG_FR_MAY
DOC_JUDG_CJ_1978_0008_19780713,ACT_EU_INST_CJEU_JUDG_AG_UK_WAR
DOC_JUDG_CJ_1978_0009_19780706,ACT_EU_INST_CJEU_JUDG_AG_FR_MAY
DOC_JUDG_CJ_1978_0010_19781012,ACT_EU_INST_CJEU_JUDG_AG_IT_CAP
DOC_JUDG_CJ_1978_0011_19790405,ACT_EU_INST_CJEU_JUDG_AG_FR_MAY
DOC_JUDG_CJ_1978_0012_19790510,ACT_EU_INST_CJEU_JUDG_AG_UK_WAR
DOC_JUDG_CJ_1978_0013_19781012,ACT_EU_INST_CJEU_JUDG_AG_FR_MAY
DOC_JUDG_CJ_1978_0014_19781205,ACT_EU_INST_CJEU_JUDG_AG_FR_MAY
DOC_JUDG_CJ_1978_0015_19781024,ACT_EU_INST_CJEU_JUDG_AG_DE_REI
DOC_JUDG_CJ_1978_0016_19781128,ACT_EU_INST_CJEU_JUDG_AG_DE_REI
DOC_JUDG_CJ_1978_0017_19790201,ACT_EU_INST_CJEU_JUDG_AG_DE_REI
DOC_JUDG_CJ_1978_0018_19790614,ACT_EU_INST_CJEU_JUDG_AG_IT_CAP
DOC_JUDG_CJ_1978_0021_19781129,ACT_EU_INST_CJEU_JUDG_AG_FR_MAY
DOC_JUDG_CJ_1978_0022_19790531,ACT_EU_INST_CJEU_JUDG_AG_DE_REI
DOC_JUDG_CJ_1978_0023_19781109,ACT_EU_INST_CJEU_JUDG_AG_IT_CAP
DOC_JUDG_CJ_1978_0024_19790213,ACT_EU_INST_CJEU_JUDG_AG_IT_CAP
DOC_JUDG_CJ_1978_0026_19781005,ACT_EU_INST_CJEU_JUDG_AG_UK_WAR
DOC_JUDG_CJ_1978_0027_19781003,ACT_EU_INST_CJEU_JUDG_AG_UK_WAR
DOC_JUDG_CJ_1978_0030_19800710,ACT_EU_INST_CJEU_JUDG_AG_UK_WAR
DOC_JUDG_CJ_1978_0031_19781130,ACT_EU_INST_CJEU_JUDG_AG_DE_REI
DOC_JUDG_CJ_1978_0032_19790712,ACT_EU_INST_CJEU_JUDG_AG_UK_WAR
DOC_JUDG_CJ_1978_0033_19781122,ACT_EU_INST_CJEU_JUDG_AG_FR_MAY
DOC_JUDG_CJ_1978_0034_19790131,ACT_EU_INST_CJEU_JUDG_AG_IT_CAP
DOC_JUDG_CJ_1978_0035_19781214,ACT_EU_INST_CJEU_JUDG_AG_FR_MAY
DOC_JUDG_CJ_1978_0083_19781129,ACT_EU_INST_CJEU_JUDG_AG_DE_REI
DOC_JUDG_CJ_1978_0084_19790516,ACT_EU_INST_CJEU_JUDG_AG_UK_WAR
DOC_JUDG_CJ_1978_0085_19781212,ACT_EU_INST_CJEU_JUDG_AG_DE_REI
DOC_JUDG_CJ_1978_0086_19790313,ACT_EU_INST_CJEU_JUDG_AG_FR_MAY
DOC_JUDG_CJ_1978_0087_19781130,ACT_EU_INST_CJEU_JUDG_AG_IT_CAP
DOC_JUDG_CJ_1978_0088_19781130,ACT_EU_INST_CJEU_JUDG_AG_DE_REI
DOC_JUDG_CJ_1978_0090_19790328,ACT_EU_INST_CJEU_JUDG_AG_IT_CAP
DOC_JUDG_CJ_1978_0091_19790313,ACT_EU_INST_CJEU_JUDG_AG_IT_CAP
DOC_JUDG_CJ_1978_0092_19790306,ACT_EU_INST_CJEU_JUDG_AG_DE_REI
DOC_JUDG_CJ_1978_0093_19781122,ACT_EU_INST_CJEU_JUDG_AG_FR_MAY
DOC_JUDG_CJ_1978_0095_19790405,ACT_EU_INST_CJEU_JUDG_AG_FR_MAY
DOC_JUDG_CJ_1978_0097_19781128,ACT_EU_INST_CJEU_JUDG_AG_UK_WAR
DOC_JUDG_CJ_1978_0098_19790125,ACT_EU_INST_CJEU_JUDG_AG_DE_REI
DOC_JUDG_CJ_1978_0099_19790125,ACT_EU_INST_CJEU_JUDG_AG_DE_REI
DOC_JUDG_CJ_1978_0100_19790306,ACT_EU_INST_CJEU_JUDG_AG_IT_CAP
DOC_JUDG_CJ_1978_0101_19790213,ACT_EU_INST_CJEU_JUDG_AG_IT_CAP
DOC_JUDG_CJ_1978_0103_19790118,ACT_EU_INST_CJEU_JUDG_AG_UK_WAR
DOC_JUDG_CJ_1978_0110_19790118,ACT_EU_INST_CJEU_JUDG_AG_UK_WAR
DOC_JUDG_CJ_1978_0112_19790405,ACT_EU_INST_CJEU_JUDG_AG_IT_CAP
DOC_JUDG_CJ_1978_0113_19790221,ACT_EU_INST_CJEU_JUDG_AG_DE_REI
DOC_JUDG_CJ_1978_0114_19790131,ACT_EU_INST_CJEU_JUDG_AG_IT_CAP
DOC_JUDG_CJ_1978_0115_19790207,ACT_EU_INST_CJEU_JUDG_AG_DE_REI
DOC_JUDG_CJ_1978_0116_19790405,ACT_EU_INST_CJEU_JUDG_AG_DE_REI
DOC_JUDG_CJ_1978_0116_REV_19800110,ACT_EU_INST_CJEU_JUDG_AG_DE_REI
DOC_JUDG_CJ_1978_0117_19790405,ACT_EU_INST_CJEU_JUDG_AG_IT_CAP
DOC_JUDG_CJ_1978_0118_19790329,ACT_EU_INST_CJEU_JUDG_AG_FR_MAY
DOC_JUDG_CJ_1978_0119_19790313,ACT_EU_INST_CJEU_JUDG_AG_FR_MAY
DOC_JUDG_CJ_1978_0120_19790220,ACT_EU_INST_CJEU_JUDG_AG_IT_CAP
DOC_JUDG_CJ_1978_0121_19790201,ACT_EU_INST_CJEU_JUDG_AG_DE_REI
DOC_JUDG_CJ_1978_0122_19790220,ACT_EU_INST_CJEU_JUDG_AG_IT_CAP
DOC_JUDG_CJ_1978_0124_19790712,ACT_EU_INST_CJEU_JUDG_AG_DE_REI
DOC_JUDG_CJ_1978_0125_19791018,ACT_EU_INST_CJEU_JUDG_AG_IT_CAP
DOC_JUDG_CJ_1978_0126_19790612,ACT_EU_INST_CJEU_JUDG_AG_DE_REI
DOC_JUDG_CJ_1978_0127_19790131,ACT_EU_INST_CJEU_JUDG_AG_FR_MAY
DOC_JUDG_CJ_1978_0128_19790207,ACT_EU_INST_CJEU_JUDG_AG_FR_MAY
DOC_JUDG_CJ_1978_0129_19790308,ACT_EU_INST_CJEU_JUDG_AG_IT_CAP
DOC_JUDG_CJ_1978_0130_19790308,ACT_EU_INST_CJEU_JUDG_AG_DE_REI
DOC_JUDG_CJ_1978_0131_19790329,ACT_EU_INST_CJEU_JUDG_AG_DE_REI
DOC_JUDG_CJ_1978_0132_19790531,ACT_EU_INST_CJEU_JUDG_AG_UK_WAR
DOC_JUDG_CJ_1978_0133_19790222,ACT_EU_INST_CJEU_JUDG_AG_DE_REI
DOC_JUDG_CJ_1978_0134_19790322,ACT_EU_INST_CJEU_JUDG_AG_DE_REI
DOC_JUDG_CJ_1978_0136_19790207,ACT_EU_INST_CJEU_JUDG_AG_UK_WAR
DOC_JUDG_CJ_1978_0137_19790502,ACT_EU_INST_CJEU_JUDG_AG_UK_WAR
DOC_JUDG_CJ_1978_0138_19790221,ACT_EU_INST_CJEU_JUDG_AG_FR_MAY
DOC_JUDG_CJ_1978_0139_19790320,ACT_EU_INST_CJEU_JUDG_AG_DE_REI
DOC_JUDG_CJ_1978_0140_19801210,ACT_EU_INST_CJEU_JUDG_AG_DE_REI
DOC_JUDG_CJ_1978_0141_19791004,ACT_EU_INST_CJEU_JUDG_AG_DE_REI
DOC_JUDG_CJ_1978_0142_19791011,ACT_EU_INST_CJEU_JUDG_AG_DE_REI
DOC_JUDG_CJ_1978_0143_19790327,ACT_EU_INST_CJEU_JUDG_AG_UK_WAR
DOC_JUDG_CJ_1978_0144_19790222,ACT_EU_INST_CJEU_JUDG_AG_UK_WAR
DOC_JUDG_CJ_1978_0145_19790322,ACT_EU_INST_CJEU_JUDG_AG_FR_MAY
DOC_JUDG_CJ_1978_0146_19790322,ACT_EU_INST_CJEU_JUDG_AG_FR_MAY
DOC_JUDG_CJ_1978_0148_19790405,ACT_EU_INST_CJEU_JUDG_AG_DE_REI
DOC_JUDG_CJ_1978_0149_19790712,ACT_EU_INST_CJEU_JUDG_AG_IT_CAP
DOC_JUDG_CJ_1978_0151_19790116,ACT_EU_INST_CJEU_JUDG_AG_UK_WAR
DOC_JUDG_CJ_1978_0152_19800710,ACT_EU_INST_CJEU_JUDG_AG_DE_REI
DOC_JUDG_CJ_1978_0153_19790712,ACT_EU_INST_CJEU_JUDG_AG_UK_WAR
DOC_JUDG_CJ_1978_0154_19800318,ACT_EU_INST_CJEU_JUDG_AG_IT_CAP
DOC_JUDG_CJ_1978_0155_19800610,ACT_EU_INST_CJEU_JUDG_AG_IT_CAP
DOC_JUDG_CJ_1978_0156_19790531,ACT_EU_INST_CJEU_JUDG_AG_DE_REI
DOC_JUDG_CJ_1978_0157_19790405,ACT_EU_INST_CJEU_JUDG_AG_FR_MAY
DOC_JUDG_CJ_1978_0158_19790328,ACT_EU_INST_CJEU_JUDG_AG_FR_MAY
DOC_JUDG_CJ_1978_0159_19791025,ACT_EU_INST_CJEU_JUDG_AG_UK_WAR
DOC_JUDG_CJ_1978_0160_19790628,ACT_EU_INST_CJEU_JUDG_AG_IT_CAP
DOC_JUDG_CJ_1978_0161_19790627,ACT_EU_INST_CJEU_JUDG_AG_DE_REI
DOC_JUDG_CJ_1978_0162_19791120,ACT_EU_INST_CJEU_JUDG_AG_UK_WAR
DOC_JUDG_CJ_1978_0163_19790222,ACT_EU_INST_CJEU_JUDG_AG_UK_WAR
DOC_JUDG_CJ_1978_0164_19790531,ACT_EU_INST_CJEU_JUDG_AG_DE_REI
DOC_JUDG_CJ_1978_0165_19790529,ACT_EU_INST_CJEU_JUDG_AG_IT_CAP
DOC_JUDG_CJ_1978_0166_19790712,ACT_EU_INST_CJEU_JUDG_AG_DE_REI
DOC_JUDG_CJ_1978_0168_19800227,ACT_EU_INST_CJEU_JUDG_AG_DE_REI
DOC_JUDG_CJ_1978_0169_19800227,ACT_EU_INST_CJEU_JUDG_AG_DE_REI
DOC_JUDG_CJ_1978_0170_19800227,ACT_EU_INST_CJEU_JUDG_AG_DE_REI
DOC_JUDG_CJ_1978_0170_19830712,ACT_EU_INST_CJEU_JUDG_AG_NL_LOR_THE
DOC_JUDG_CJ_1978_0171_19800227,ACT_EU_INST_CJEU_JUDG_AG_DE_REI
DOC_JUDG_CJ_1978_0173_19790529,ACT_EU_INST_CJEU_JUDG_AG_IT_CAP
DOC_JUDG_CJ_1978_0175_19790328,ACT_EU_INST_CJEU_JUDG_AG_UK_WAR
DOC_JUDG_CJ_1978_0176_19790405,ACT_EU_INST_CJEU_JUDG_AG_UK_WAR
DOC_JUDG_CJ_1978_0177_19790626,ACT_EU_INST_CJEU_JUDG_AG_UK_WAR
DOC_JUDG_CJ_1978_0178_19791002,ACT_EU_INST_CJEU_JUDG_AG_IT_CAP
DOC_JUDG_CJ_1978_0179_19790328,ACT_EU_INST_CJEU_JUDG_AG_UK_WAR
DOC_JUDG_CJ_1978_0180_19790619,ACT_EU_INST_CJEU_JUDG_AG_IT_CAP
DOC_JUDG_CJ_1978_0181_19790612,ACT_EU_INST_CJEU_JUDG_AG_DE_REI
DOC_JUDG_CJ_1978_0182_19790531,ACT_EU_INST_CJEU_JUDG_AG_FR_MAY
DOC_JUDG_CJ_1978_0183_19790531,ACT_EU_INST_CJEU_JUDG_AG_FR_MAY
DOC_JUDG_CJ_1978_0185_19790703,ACT_EU_INST_CJEU_JUDG_AG_DE_REI
DOC_JUDG_CJ_1978_0207_19790531,ACT_EU_INST_CJEU_JUDG_AG_FR_MAY
DOC_JUDG_CJ_1978_0209_19801029,ACT_EU_INST_CJEU_JUDG_AG_DE_REI
DOC_JUDG_CJ_1978_0216_19790628,ACT_EU_INST_CJEU_JUDG_AG_UK_WAR
DOC_JUDG_CJ_1978_0217_19790628,ACT_EU_INST_CJEU_JUDG_AG_UK_WAR
DOC_JUDG_CJ_1978_0219_19791108,ACT_EU_INST_CJEU_JUDG_AG_IT_CAP
DOC_JUDG_CJ_1978_0220_19790405,ACT_EU_INST_CJEU_JUDG_AG_IT_CAP
DOC_JUDG_CJ_1978_0222_19790328,ACT_EU_INST_CJEU_JUDG_AG_FR_MAY
DOC_JUDG_CJ_1978_0223_19790712,ACT_EU_INST_CJEU_JUDG_AG_IT_CAP
DOC_JUDG_CJ_1978_0225_19791011,ACT_EU_INST_CJEU_JUDG_AG_IT_CAP
DOC_JUDG_CJ_1978_0230_19790927,ACT_EU_INST_CJEU_JUDG_AG_UK_WAR
DOC_JUDG_CJ_1978_0231_19790329,ACT_EU_INST_CJEU_JUDG_AG_FR_MAY
DOC_JUDG_CJ_1978_0232_19790925,ACT_EU_INST_CJEU_JUDG_AG_DE_REI
DOC_JUDG_CJ_1978_0233_19790628,ACT_EU_INST_CJEU_JUDG_AG_IT_CAP
DOC_JUDG_CJ_1978_0236_19790516,ACT_EU_INST_CJEU_JUDG_AG_UK_WAR
DOC_JUDG_CJ_1978_0237_19790712,ACT_EU_INST_CJEU_JUDG_AG_UK_WAR
DOC_JUDG_CJ_1978_0238_19791004,ACT_EU_INST_CJEU_JUDG_AG_IT_CAP
DOC_JUDG_CJ_1978_0240_19790621,ACT_EU_INST_CJEU_JUDG_AG_DE_REI
DOC_JUDG_CJ_1978_0241_19791004,ACT_EU_INST_CJEU_JUDG_AG_IT_CAP
DOC_JUDG_CJ_1978_0243_19800305,ACT_EU_INST_CJEU_JUDG_AG_DE_REI
DOC_JUDG_CJ_1978_0244_19790712,ACT_EU_INST_CJEU_JUDG_AG_FR_MAY
DOC_JUDG_CJ_1978_0250_19830301,ACT_EU_INST_CJEU_JUDG_AG_IT_MAN
DOC_JUDG_CJ_1978_0251_19791108,ACT_EU_INST_CJEU_JUDG_AG_UK_WAR
DOC_JUDG_CJ_1978_0252_19790711,ACT_EU_INST_CJEU_JUDG_AG_FR_MAY
DOC_JUDG_CJ_1978_0253_19800710,ACT_EU_INST_CJEU_JUDG_AG_DE_REI
DOC_JUDG_CJ_1978_0255_19790628,ACT_EU_INST_CJEU_JUDG_AG_UK_WAR
DOC_JUDG_CJ_1978_0256_19800213,ACT_EU_INST_CJEU_JUDG_AG_FR_MAY
DOC_JUDG_CJ_1978_0257_19791214,ACT_EU_INST_CJEU_JUDG_AG_UK_WAR
DOC_JUDG_CJ_1978_0258_19820608,ACT_EU_INST_CJEU_JUDG_AG_FR_ROZ
DOC_JUDG_CJ_1978_0260_19790712,ACT_EU_INST_CJEU_JUDG_AG_DE_REI
DOC_JUDG_CJ_1978_0261_19791004,ACT_EU_INST_CJEU_JUDG_AG_IT_CAP
DOC_JUDG_CJ_1978_0261_19821006,ACT_EU_INST_CJEU_JUDG_AG_IT_CAP
DOC_JUDG_CJ_1978_0262_19821006,ACT_EU_INST_CJEU_JUDG_AG_IT_CAP
DOC_JUDG_CJ_1978_0265_19800305,ACT_EU_INST_CJEU_JUDG_AG_UK_WAR
DOC_JUDG_CJ_1978_0266_19790712,ACT_EU_INST_CJEU_JUDG_AG_DE_REI
DOC_JUDG_CJ_1978_0267_19800110,ACT_EU_INST_CJEU_JUDG_AG_UK_WAR
DOC_JUDG_CJ_1978_0268_19790711,ACT_EU_INST_CJEU_JUDG_AG_FR_MAY
DOC_JUDG_CJ_1979_0004_19801015,ACT_EU_INST_CJEU_JUDG_AG_FR_MAY
DOC_JUDG_CJ_1979_0005_19791018,ACT_EU_INST_CJEU_JUDG_AG_UK_WAR
DOC_JUDG_CJ_1979_0006_19800703,ACT_EU_INST_CJEU_JUDG_AG_IT_CAP
DOC_JUDG_CJ_1979_0007_19790704,ACT_EU_INST_CJEU_JUDG_AG_DE_REI
DOC_JUDG_CJ_1979_0009_19790712,ACT_EU_INST_CJEU_JUDG_AG_FR_MAY
DOC_JUDG_CJ_1979_0010_19791106,ACT_EU_INST_CJEU_JUDG_AG_DE_REI
DOC_JUDG_CJ_1979_0011_19791004,ACT_EU_INST_CJEU_JUDG_AG_UK_WAR
DOC_JUDG_CJ_1979_0012_19791212,ACT_EU_INST_CJEU_JUDG_AG_UK_WAR
DOC_JUDG_CJ_1979_0014_19791213,ACT_EU_INST_CJEU_JUDG_AG_DE_REI
DOC_JUDG_CJ_1979_0015_19791108,ACT_EU_INST_CJEU_JUDG_AG_IT_CAP
DOC_JUDG_CJ_1979_0016_19791106,ACT_EU_INST_CJEU_JUDG_AG_FR_MAY
DOC_JUDG_CJ_1979_0021_19800108,ACT_EU_INST_CJEU_JUDG_AG_FR_MAY
DOC_JUDG_CJ_1979_0022_19791025,ACT_EU_INST_CJEU_JUDG_AG_UK_WAR
DOC_JUDG_CJ_1979_0023_19790927,ACT_EU_INST_CJEU_JUDG_AG_DE_REI
DOC_JUDG_CJ_1979_0024_19800605,ACT_EU_INST_CJEU_JUDG_AG_FR_MAY
DOC_JUDG_CJ_1979_0025_19791113,ACT_EU_INST_CJEU_JUDG_AG_IT_CAP
DOC_JUDG_CJ_1979_0026_19800318,ACT_EU_INST_CJEU_JUDG_AG_IT_CAP
DOC_JUDG_CJ_1979_0030_19800122,ACT_EU_INST_CJEU_JUDG_AG_UK_WAR
DOC_JUDG_CJ_1979_0032_19800710,ACT_EU_INST_CJEU_JUDG_AG_DE_REI
DOC_JUDG_CJ_1979_0033_19800528,ACT_EU_INST_CJEU_JUDG_AG_FR_MAY
DOC_JUDG_CJ_1979_0034_19791214,ACT_EU_INST_CJEU_JUDG_AG_UK_WAR
DOC_JUDG_CJ_1979_0035_19800123,ACT_EU_INST_CJEU_JUDG_AG_FR_MAY
DOC_JUDG_CJ_1979_0036_19791115,ACT_EU_INST_CJEU_JUDG_AG_DE_REI
DOC_JUDG_CJ_1979_0037_19800710,ACT_EU_INST_CJEU_JUDG_AG_DE_REI
DOC_JUDG_CJ_1979_0038_19800305,ACT_EU_INST_CJEU_JUDG_AG_IT_CAP
DOC_JUDG_CJ_1979_0040_19810205,ACT_EU_INST_CJEU_JUDG_AG_UK_WAR
DOC_JUDG_CJ_1979_0041_19800619,ACT_EU_INST_CJEU_JUDG_AG_DE_REI
DOC_JUDG_CJ_1979_0042_19791213,ACT_EU_INST_CJEU_JUDG_AG_IT_CAP
DOC_JUDG_CJ_1979_0043_19800207,ACT_EU_INST_CJEU_JUDG_AG_FR_MAY
DOC_JUDG_CJ_1979_0044_19791213,ACT_EU_INST_CJEU_JUDG_AG_IT_CAP
DOC_JUDG_CJ_1979_0047_19791206,ACT_EU_INST_CJEU_JUDG_AG_UK_WAR
DOC_JUDG_CJ_1979_0049_19800304,ACT_EU_INST_CJEU_JUDG_AG_DE_REI
DOC_JUDG_CJ_1979_0052_19800318,ACT_EU_INST_CJEU_JUDG_AG_UK_WAR
DOC_JUDG_CJ_1979_0053_19800214,ACT_EU_INST_CJEU_JUDG_AG_DE_REI
DOC_JUDG_CJ_1979_0054_19800226,ACT_EU_INST_CJEU_JUDG_AG_FR_MAY
DOC_JUDG_CJ_1979_0055_19800227,ACT_EU_INST_CJEU_JUDG_AG_DE_REI
DOC_JUDG_CJ_1979_0056_19800117,ACT_EU_INST_CJEU_JUDG_AG_IT_CAP
DOC_JUDG_CJ_1979_0061_19800327,ACT_EU_INST_CJEU_JUDG_AG_DE_REI
DOC_JUDG_CJ_1979_0062_19800318,ACT_EU_INST_CJEU_JUDG_AG_UK_WAR
DOC_JUDG_CJ_1979_0063_19801016,ACT_EU_INST_CJEU_JUDG_AG_UK_WAR
DOC_JUDG_CJ_1979_0065_19800424,ACT_EU_INST_CJEU_JUDG_AG_IT_CAP
DOC_JUDG_CJ_1979_0066_19800327,ACT_EU_INST_CJEU_JUDG_AG_DE_REI
DOC_JUDG_CJ_1979_0067_19800228,ACT_EU_INST_CJEU_JUDG_AG_FR_MAY
DOC_JUDG_CJ_1979_0068_19800227,ACT_EU_INST_CJEU_JUDG_AG_DE_REI
DOC_JUDG_CJ_1979_0069_19800110,ACT_EU_INST_CJEU_JUDG_AG_UK_WAR
DOC_JUDG_CJ_1979_0072_19800424,ACT_EU_INST_CJEU_JUDG_AG_FR_MAY
DOC_JUDG_CJ_1979_0073_19800521,ACT_EU_INST_CJEU_JUDG_AG_FR_MAY
DOC_JUDG_CJ_1979_0074_19800213,ACT_EU_INST_CJEU_JUDG_AG_FR_MAY
DOC_JUDG_CJ_1979_0076_19800305,ACT_EU_INST_CJEU_JUDG_AG_DE_REI
DOC_JUDG_CJ_1979_0077_19800213,ACT_EU_INST_CJEU_JUDG_AG_UK_WAR
DOC_JUDG_CJ_1979_0080_19890713,ACT_EU_INST_CJEU_JUDG_AG_LU_MIS
DOC_JUDG_CJ_1979_0081_19801127,ACT_EU_INST_CJEU_JUDG_AG_FR_MAY
DOC_JUDG_CJ_1979_0084_19800214,ACT_EU_INST_CJEU_JUDG_AG_DE_REI
DOC_JUDG_CJ_1979_0087_19800320,ACT_EU_INST_CJEU_JUDG_AG_DE_REI
DOC_JUDG_CJ_1979_0088_19800612,ACT_EU_INST_CJEU_JUDG_AG_FR_MAY
DOC_JUDG_CJ_1979_0089_19800228,ACT_EU_INST_CJEU_JUDG_AG_DE_REI
DOC_JUDG_CJ_1979_0090_19810203,ACT_EU_INST_CJEU_JUDG_AG_UK_WAR
DOC_JUDG_CJ_1979_0091_19800318,ACT_EU_INST_CJEU_JUDG_AG_FR_MAY
DOC_JUDG_CJ_1979_0092_19800318,ACT_EU_INST_CJEU_JUDG_AG_FR_MAY
DOC_JUDG_CJ_1979_0093_19791214,ACT_EU_INST_CJEU_JUDG_AG_FR_MAY
DOC_JUDG_CJ_1979_0094_19800226,ACT_EU_INST_CJEU_JUDG_AG_FR_MAY
DOC_JUDG_CJ_1979_0095_19800117,ACT_EU_INST_CJEU_JUDG_AG_FR_MAY
DOC_JUDG_CJ_1979_0098_19800305,ACT_EU_INST_CJEU_JUDG_AG_IT_CAP
DOC_JUDG_CJ_1979_0099_19800710,ACT_EU_INST_CJEU_JUDG_AG_DE_REI
DOC_JUDG_CJ_1979_0100_19800320,ACT_EU_INST_CJEU_JUDG_AG_FR_MAY
DOC_JUDG_CJ_1979_0101_19801021,ACT_EU_INST_CJEU_JUDG_AG_UK_WAR
DOC_JUDG_CJ_1979_0102_19800506,ACT_EU_INST_CJEU_JUDG_AG_DE_REI
DOC_JUDG_CJ_1979_0103_19800711,ACT_EU_INST_CJEU_JUDG_AG_FR_MAY
DOC_JUDG_CJ_1979_0104_19800311,ACT_EU_INST_CJEU_JUDG_AG_UK_WAR
DOC_JUDG_CJ_1979_0106_19800320,ACT_EU_INST_CJEU_JUDG_AG_IT_CAP
DOC_JUDG_CJ_1979_0107_19800612,ACT_EU_INST_CJEU_JUDG_AG_UK_WAR
DOC_JUDG_CJ_1979_0107_REV_19831124,ACT_EU_INST_CJEU_JUDG_AG_FR_ROZ
DOC_JUDG_CJ_1979_0108_19800605,ACT_EU_INST_CJEU_JUDG_AG_FR_MAY
DOC_JUDG_CJ_1979_0109_19801015,ACT_EU_INST_CJEU_JUDG_AG_FR_MAY
DOC_JUDG_CJ_1979_0110_19800424,ACT_EU_INST_CJEU_JUDG_AG_FR_MAY
DOC_JUDG_CJ_1979_0111_19800313,ACT_EU_INST_CJEU_JUDG_AG_UK_WAR
DOC_JUDG_CJ_1979_0118_19800320,ACT_EU_INST_CJEU_JUDG_AG_DE_REI
DOC_JUDG_CJ_1979_0119_19800612,ACT_EU_INST_CJEU_JUDG_AG_IT_CAP
DOC_JUDG_CJ_1979_0120_19800306,ACT_EU_INST_CJEU_JUDG_AG_UK_WAR
DOC_JUDG_CJ_1979_0122_19810219,ACT_EU_INST_CJEU_JUDG_AG_DE_REI
DOC_JUDG_CJ_1979_0124_19800313,ACT_EU_INST_CJEU_JUDG_AG_UK_WAR
DOC_JUDG_CJ_1979_0125_19800521,ACT_EU_INST_CJEU_JUDG_AG_FR_MAY
DOC_JUDG_CJ_1979_0129_19800327,ACT_EU_INST_CJEU_JUDG_AG_IT_CAP
DOC_JUDG_CJ_1979_0130_19800612,ACT_EU_INST_CJEU_JUDG_AG_IT_CAP
DOC_JUDG_CJ_1979_0131_19800522,ACT_EU_INST_CJEU_JUDG_AG_UK_WAR
DOC_JUDG_CJ_1979_0133_19800327,ACT_EU_INST_CJEU_JUDG_AG_DE_REI
DOC_JUDG_CJ_1979_0135_19800603,ACT_EU_INST_CJEU_JUDG_AG_UK_WAR
DOC_JUDG_CJ_1979_0136_19800626,ACT_EU_INST_CJEU_JUDG_AG_UK_WAR
DOC_JUDG_CJ_1979_0137_19800711,ACT_EU_INST_CJEU_JUDG_AG_FR_MAY
DOC_JUDG_CJ_1979_0138_19801029,ACT_EU_INST_CJEU_JUDG_AG_DE_REI
DOC_JUDG_CJ_1979_0139_19801029,ACT_EU_INST_CJEU_JUDG_AG_DE_REI
DOC_JUDG_CJ_1979_0140_19810114,ACT_EU_INST_CJEU_JUDG_AG_FR_MAY
DOC_JUDG_CJ_1979_0142_19800522,ACT_EU_INST_CJEU_JUDG_AG_IT_CAP
DOC_JUDG_CJ_1979_0143_19800522,ACT_EU_INST_CJEU_JUDG_AG_IT_CAP
DOC_JUDG_CJ_1979_0145_19801015,ACT_EU_INST_CJEU_JUDG_AG_FR_MAY
DOC_JUDG_CJ_1979_0147_19801016,ACT_EU_INST_CJEU_JUDG_AG_FR_MAY
DOC_JUDG_CJ_1979_0148_19810226,ACT_EU_INST_CJEU_JUDG_AG_IT_CAP
DOC_JUDG_CJ_1979_0149_19801217,ACT_EU_INST_CJEU_JUDG_AG_FR_MAY
DOC_JUDG_CJ_1979_0149_19820526,ACT_EU_INST_CJEU_JUDG_AG_FR_ROZ
DOC_JUDG_CJ_1979_0150_19800711,ACT_EU_INST_CJEU_JUDG_AG_IT_CAP
DOC_JUDG_CJ_1979_0152_19800506,ACT_EU_INST_CJEU_JUDG_AG_UK_WAR
DOC_JUDG_CJ_1979_0153_19810716,ACT_EU_INST_CJEU_JUDG_AG_IT_CAP
DOC_JUDG_CJ_1979_0154_19810716,ACT_EU_INST_CJEU_JUDG_AG_IT_CAP
DOC_JUDG_CJ_1979_0155_19820518,ACT_EU_INST_CJEU_JUDG_AG_UK_SLY
DOC_JUDG_CJ_1979_0156_19801218,ACT_EU_INST_CJEU_JUDG_AG_FR_MAY
DOC_JUDG_CJ_1979_0156_19811217,ACT_EU_INST_CJEU_JUDG_AG_FR_ROZ
DOC_JUDG_CJ_1979_0157_19800703,ACT_EU_INST_CJEU_JUDG_AG_UK_WAR
DOC_JUDG_CJ_1979_0158_19821215,ACT_EU_INST_CJEU_JUDG_AG_IT_CAP
DOC_JUDG_CJ_1979_0158_19850115,ACT_EU_INST_CJEU_JUDG_AG_IT_MAN
DOC_JUDG_CJ_1979_0532_19821215,ACT_EU_INST_CJEU_JUDG_AG_IT_CAP
DOC_JUDG_CJ_1979_0532_19850115,ACT_EU_INST_CJEU_JUDG_AG_IT_MAN
DOC_JUDG_CJ_1979_0543_19811112,ACT_EU_INST_CJEU_JUDG_AG_IT_CAP
DOC_JUDG_CJ_1979_0543_19821215,ACT_EU_INST_CJEU_JUDG_AG_IT_CAP
DOC_JUDG_CJ_1979_0567_19820701,ACT_EU_INST_CJEU_JUDG_AG_IT_CAP
DOC_JUDG_CJ_1979_0618_19820701,ACT_EU_INST_CJEU_JUDG_AG_IT_CAP
DOC_JUDG_CJ_1979_0730_19800917,ACT_EU_INST_CJEU_JUDG_AG_IT_CAP
DOC_JUDG_CJ_1979_0731_19810115,ACT_EU_INST_CJEU_JUDG_AG_FR_MAY
DOC_JUDG_CJ_1979_0733_19800612,ACT_EU_INST_CJEU_JUDG_AG_UK_WAR
DOC_JUDG_CJ_1979_0737_19821215,ACT_EU_INST_CJEU_JUDG_AG_IT_CAP
DOC_JUDG_CJ_1979_0737_19850115,ACT_EU_INST_CJEU_JUDG_AG_IT_MAN
DOC_JUDG_CJ_1979_0782_19801204,ACT_EU_INST_CJEU_JUDG_AG_DE_REI
DOC_JUDG_CJ_1979_0783_19811027,ACT_EU_INST_CJEU_JUDG_AG_IT_CAP
DOC_JUDG_CJ_1979_0784_19800506,ACT_EU_INST_CJEU_JUDG_AG_DE_REI
DOC_JUDG_CJ_1979_0785_19810402,ACT_EU_INST_CJEU_JUDG_AG_UK_WAR
DOC_JUDG_CJ_1979_0785_19830505,ACT_EU_INST_CJEU_JUDG_AG_UK_SLY
DOC_JUDG_CJ_1979_0788_19800626,ACT_EU_INST_CJEU_JUDG_AG_IT_CAP
DOC_JUDG_CJ_1979_0789_19800617,ACT_EU_INST_CJEU_JUDG_AG_UK_WAR
DOC_JUDG_CJ_1979_0791_19811217,ACT_EU_INST_CJEU_JUDG_AG_FR_ROZ
DOC_JUDG_CJ_1979_0793_19800626,ACT_EU_INST_CJEU_JUDG_AG_DE_REI
DOC_JUDG_CJ_1979_0795_19800918,ACT_EU_INST_CJEU_JUDG_AG_FR_MAY
DOC_JUDG_CJ_1979_0797_19801218,ACT_EU_INST_CJEU_JUDG_AG_IT_CAP
DOC_JUDG_CJ_1979_0798_19800711,ACT_EU_INST_CJEU_JUDG_AG_UK_WAR
DOC_JUDG_CJ_1979_0799_19811112,ACT_EU_INST_CJEU_JUDG_AG_IT_CAP
DOC_JUDG_CJ_1979_0799_19821215,ACT_EU_INST_CJEU_JUDG_AG_IT_CAP
DOC_JUDG_CJ_1979_0803_19800619,ACT_EU_INST_CJEU_JUDG_AG_FR_MAY
DOC_JUDG_CJ_1979_0804_19810505,ACT_EU_INST_CJEU_JUDG_AG_DE_REI
DOC_JUDG_CJ_1979_0806_19801120,ACT_EU_INST_CJEU_JUDG_AG_DE_REI
DOC_JUDG_CJ_1979_0807_19800709,ACT_EU_INST_CJEU_JUDG_AG_UK_WAR
DOC_JUDG_CJ_1979_0808_19800626,ACT_EU_INST_CJEU_JUDG_AG_DE_REI
DOC_JUDG_CJ_1979_0810_19801008,ACT_EU_INST_CJEU_JUDG_AG_FR_MAY
DOC_JUDG_CJ_1979_0811_19800710,ACT_EU_INST_CJEU_JUDG_AG_UK_WAR
DOC_JUDG_CJ_1979_0812_19801014,ACT_EU_INST_CJEU_JUDG_AG_IT_CAP
DOC_JUDG_CJ_1979_0814_19801216,ACT_EU_INST_CJEU_JUDG_AG_UK_WAR
DOC_JUDG_CJ_1979_0815_19801202,ACT_EU_INST_CJEU_JUDG_AG_UK_WAR
DOC_JUDG_CJ_1979_0816_19801016,ACT_EU_INST_CJEU_JUDG_AG_FR_MAY
DOC_JUDG_CJ_1979_0817_19820204,ACT_EU_INST_CJEU_JUDG_AG_IT_CAP
DOC_JUDG_CJ_1979_0818_19800918,ACT_EU_INST_CJEU_JUDG_AG_DE_REI
DOC_JUDG_CJ_1979_0819_19810114,ACT_EU_INST_CJEU_JUDG_AG_IT_CAP
DOC_JUDG_CJ_1979_0820_19801125,ACT_EU_INST_CJEU_JUDG_AG_FR_MAY
DOC_JUDG_CJ_1979_0823_19801009,ACT_EU_INST_CJEU_JUDG_AG_IT_CAP
DOC_JUDG_CJ_1979_0824_19801016,ACT_EU_INST_CJEU_JUDG_AG_UK_WAR
DOC_JUDG_CJ_1979_0826_19800710,ACT_EU_INST_CJEU_JUDG_AG_UK_WAR
DOC_JUDG_CJ_1979_0827_19801211,ACT_EU_INST_CJEU_JUDG_AG_IT_CAP
DOC_JUDG_CJ_1979_0828_19820204,ACT_EU_INST_CJEU_JUDG_AG_IT_CAP
DOC_JUDG_CJ_1979_1205_19820701,ACT_EU_INST_CJEU_JUDG_AG_IT_CAP
DOC_JUDG_CJ_1979_1251_19810127,ACT_EU_INST_CJEU_JUDG_AG_DE_REI
DOC_JUDG_CJ_1979_1252_19801211,ACT_EU_INST_CJEU_JUDG_AG_IT_CAP
DOC_JUDG_CJ_1979_1253_19820204,ACT_EU_INST_CJEU_JUDG_AG_IT_CAP
DOC_JUDG_CJ_1979_1322_19810115,ACT_EU_INST_CJEU_JUDG_AG_DE_REI
DOC_JUDG_CJ_1980_0001_19800612,ACT_EU_INST_CJEU_JUDG_AG_UK_WAR
DOC_JUDG_CJ_1980_0002_19801028,ACT_EU_INST_CJEU_JUDG_AG_UK_WAR
DOC_JUDG_CJ_1980_0003_19801030,ACT_EU_INST_CJEU_JUDG_AG_DE_REI
DOC_JUDG_CJ_1980_0004_19801015,ACT_EU_INST_CJEU_JUDG_AG_UK_WAR
DOC_JUDG_CJ_1980_0005_19820701,ACT_EU_INST_CJEU_JUDG_AG_IT_CAP
DOC_JUDG_CJ_1980_0022_19801029,ACT_EU_INST_CJEU_JUDG_AG_FR_MAY
DOC_JUDG_CJ_1980_0023_19801210,ACT_EU_INST_CJEU_JUDG_AG_UK_WAR
DOC_JUDG_CJ_1980_0025_19810226,ACT_EU_INST_CJEU_JUDG_AG_DE_REI
DOC_JUDG_CJ_1980_0026_19801030,ACT_EU_INST_CJEU_JUDG_AG_DE_REI
DOC_JUDG_CJ_1980_0027_19801216,ACT_EU_INST_CJEU_JUDG_AG_FR_MAY
DOC_JUDG_CJ_1980_0028_19810917,ACT_EU_INST_CJEU_JUDG_AG_FR_ROZ
DOC_JUDG_CJ_1980_0029_19810521,ACT_EU_INST_CJEU_JUDG_AG_UK_SLY
DOC_JUDG_CJ_1980_0031_19801211,ACT_EU_INST_CJEU_JUDG_AG_DE_REI
DOC_JUDG_CJ_1980_0032_19810128,ACT_EU_INST_CJEU_JUDG_AG_IT_CAP
DOC_JUDG_CJ_1980_0033_19810716,ACT_EU_INST_CJEU_JUDG_AG_IT_CAP
DOC_JUDG_CJ_1980_0034_19810226,ACT_EU_INST_CJEU_JUDG_AG_UK_WAR
DOC_JUDG_CJ_1980_0035_19810114,ACT_EU_INST_CJEU_JUDG_AG_FR_MAY
DOC_JUDG_CJ_1980_0036_19810310,ACT_EU_INST_CJEU_JUDG_AG_UK_WAR
DOC_JUDG_CJ_1980_0042_19801202,ACT_EU_INST_CJEU_JUDG_AG_UK_WAR
DOC_JUDG_CJ_1980_0043_19801202,ACT_EU_INST_CJEU_JUDG_AG_UK_WAR
DOC_JUDG_CJ_1980_0044_19810204,ACT_EU_INST_CJEU_JUDG_AG_DE_REI
DOC_JUDG_CJ_1980_0045_19810204,ACT_EU_INST_CJEU_JUDG_AG_DE_REI
DOC_JUDG_CJ_1980_0046_19810114,ACT_EU_INST_CJEU_JUDG_AG_DE_REI
DOC_JUDG_CJ_1980_0050_19810205,ACT_EU_INST_CJEU_JUDG_AG_IT_CAP
DOC_JUDG_CJ_1980_0053_19810205,ACT_EU_INST_CJEU_JUDG_AG_UK_WAR
DOC_JUDG_CJ_1980_0054_19801204,ACT_EU_INST_CJEU_JUDG_AG_IT_CAP
DOC_JUDG_CJ_1980_0055_19810120,ACT_EU_INST_CJEU_JUDG_AG_UK_WAR
DOC_JUDG_CJ_1980_0056_19810225,ACT_EU_INST_CJEU_JUDG_AG_IT_CAP
DOC_JUDG_CJ_1980_0058_19810122,ACT_EU_INST_CJEU_JUDG_AG_IT_CAP
DOC_JUDG_CJ_1980_0059_19810709,ACT_EU_INST_CJEU_JUDG_AG_FR_ROZ
DOC_JUDG_CJ_1980_0060_19810521,ACT_EU_INST_CJEU_JUDG_AG_DE_REI
DOC_JUDG_CJ_1980_0061_19810325,ACT_EU_INST_CJEU_JUDG_AG_UK_WAR
DOC_JUDG_CJ_1980_0064_19810226,ACT_EU_INST_CJEU_JUDG_AG_DE_REI
DOC_JUDG_CJ_1980_0066_19810513,ACT_EU_INST_CJEU_JUDG_AG_DE_REI
DOC_JUDG_CJ_1980_0069_19810311,ACT_EU_INST_CJEU_JUDG_AG_UK_WAR
DOC_JUDG_CJ_1980_0070_19810127,ACT_EU_INST_CJEU_JUDG_AG_DE_REI
DOC_JUDG_CJ_1980_0072_19811112,ACT_EU_INST_CJEU_JUDG_AG_IT_CAP
DOC_JUDG_CJ_1980_0095_19810203,ACT_EU_INST_CJEU_JUDG_AG_IT_CAP
DOC_JUDG_CJ_1980_0096_19810331,ACT_EU_INST_CJEU_JUDG_AG_UK_WAR
DOC_JUDG_CJ_1980_0098_19810514,ACT_EU_INST_CJEU_JUDG_AG_UK_WAR
DOC_JUDG_CJ_1980_0099_19810331,ACT_EU_INST_CJEU_JUDG_AG_UK_WAR
DOC_JUDG_CJ_1980_0100_19830607,ACT_EU_INST_CJEU_JUDG_AG_UK_SLY
DOC_JUDG_CJ_1980_0104_19810219,ACT_EU_INST_CJEU_JUDG_AG_DE_REI
DOC_JUDG_CJ_1980_0105_19810625,ACT_EU_INST_CJEU_JUDG_AG_IT_CAP
DOC_JUDG_CJ_1980_0106_19811119,ACT_EU_INST_CJEU_JUDG_AG_UK_SLY
DOC_JUDG_CJ_1980_0107_19810603,ACT_EU_INST_CJEU_JUDG_AG_IT_CAP
DOC_JUDG_CJ_1980_0108_19810205,ACT_EU_INST_CJEU_JUDG_AG_DE_REI
DOC_JUDG_CJ_1980_0109_19810325,ACT_EU_INST_CJEU_JUDG_AG_DE_REI
DOC_JUDG_CJ_1980_0111_19810514,ACT_EU_INST_CJEU_JUDG_AG_UK_WAR
DOC_JUDG_CJ_1980_0112_19810505,ACT_EU_INST_CJEU_JUDG_AG_DE_REI
DOC_JUDG_CJ_1980_0113_19810617,ACT_EU_INST_CJEU_JUDG_AG_IT_CAP
DOC_JUDG_CJ_1980_0114_19810326,ACT_EU_INST_CJEU_JUDG_AG_DE_REI
DOC_JUDG_CJ_1980_0115_19811217,ACT_EU_INST_CJEU_JUDG_AG_FR_ROZ
DOC_JUDG_CJ_1980_0116_19810702,ACT_EU_INST_CJEU_JUDG_AG_UK_SLY
DOC_JUDG_CJ_1980_0122_19811119,ACT_EU_INST_CJEU_JUDG_AG_IT_CAP
DOC_JUDG_CJ_1980_0124_19810602,ACT_EU_INST_CJEU_JUDG_AG_DE_REI
DOC_JUDG_CJ_1980_0125_19811029,ACT_EU_INST_CJEU_JUDG_AG_FR_ROZ
DOC_JUDG_CJ_1980_0126_19810616,ACT_EU_INST_CJEU_JUDG_AG_DE_REI
DOC_JUDG_CJ_1980_0127_19820311,ACT_EU_INST_CJEU_JUDG_AG_IT_CAP
DOC_JUDG_CJ_1980_0130_19810219,ACT_EU_INST_CJEU_JUDG_AG_IT_CAP
DOC_JUDG_CJ_1980_0131_19810507,ACT_EU_INST_CJEU_JUDG_AG_DE_REI
DOC_JUDG_CJ_1980_0132_19810407,ACT_EU_INST_CJEU_JUDG_AG_IT_CAP
DOC_JUDG_CJ_1980_0133_19810217,ACT_EU_INST_CJEU_JUDG_AG_DE_REI
DOC_JUDG_CJ_1980_0136_19810917,ACT_EU_INST_CJEU_JUDG_AG_IT_CAP
DOC_JUDG_CJ_1980_0137_19811020,ACT_EU_INST_CJEU_JUDG_AG_IT_CAP
DOC_JUDG_CJ_1980_0139_19810318,ACT_EU_INST_CJEU_JUDG_AG_DE_REI
DOC_JUDG_CJ_1980_0142_19810527,ACT_EU_INST_CJEU_JUDG_AG_IT_CAP
DOC_JUDG_CJ_1980_0145_19810714,ACT_EU_INST_CJEU_JUDG_AG_IT_CAP
DOC_JUDG_CJ_1980_0145_19830714,ACT_EU_INST_CJEU_JUDG_AG_IT_MAN
DOC_JUDG_CJ_1980_0150_19810624,ACT_EU_INST_CJEU_JUDG_AG_UK_SLY
DOC_JUDG_CJ_1980_0151_19811217,ACT_EU_INST_CJEU_JUDG_AG_DE_REI
DOC_JUDG_CJ_1980_0152_19810520,ACT_EU_INST_CJEU_JUDG_AG_DE_REI
DOC_JUDG_CJ_1980_0153_19810507,ACT_EU_INST_CJEU_JUDG_AG_DE_REI
DOC_JUDG_CJ_1980_0154_19810205,ACT_EU_INST_CJEU_JUDG_AG_UK_WAR
DOC_JUDG_CJ_1980_0155_19810714,ACT_EU_INST_CJEU_JUDG_AG_IT_CAP
DOC_JUDG_CJ_1980_0156_19810521,ACT_EU_INST_CJEU_JUDG_AG_UK_SLY
DOC_JUDG_CJ_1980_0157_19810526,ACT_EU_INST_CJEU_JUDG_AG_DE_REI
DOC_JUDG_CJ_1980_0158_19810707,ACT_EU_INST_CJEU_JUDG_AG_IT_CAP
DOC_JUDG_CJ_1980_0159_19810716,ACT_EU_INST_CJEU_JUDG_AG_IT_CAP
DOC_JUDG_CJ_1980_0160_19810702,ACT_EU_INST_CJEU_JUDG_AG_UK_SLY
DOC_JUDG_CJ_1980_0161_19810224,ACT_EU_INST_CJEU_JUDG_AG_DE_REI
DOC_JUDG_CJ_1980_0164_19820311,ACT_EU_INST_CJEU_JUDG_AG_IT_CAP
DOC_JUDG_CJ_1980_0166_19810616,ACT_EU_INST_CJEU_JUDG_AG_DE_REI
DOC_JUDG_CJ_1980_0167_19810604,ACT_EU_INST_CJEU_JUDG_AG_IT_CAP
DOC_JUDG_CJ_1980_0167_19820311,ACT_EU_INST_CJEU_JUDG_AG_IT_CAP
DOC_JUDG_CJ_1980_0169_19810709,ACT_EU_INST_CJEU_JUDG_AG_UK_SLY
DOC_JUDG_CJ_1980_0170_19810708,ACT_EU_INST_CJEU_JUDG_AG_DE_REI
DOC_JUDG_CJ_1980_0171_19810217,ACT_EU_INST_CJEU_JUDG_AG_DE_REI
DOC_JUDG_CJ_1980_0172_19810714,ACT_EU_INST_CJEU_JUDG_AG_UK_SLY
DOC_JUDG_CJ_1980_0173_19810618,ACT_EU_INST_CJEU_JUDG_AG_DE_REI
DOC_JUDG_CJ_1980_0175_19811008,ACT_EU_INST_CJEU_JUDG_AG_UK_SLY
DOC_JUDG_CJ_1980_0178_19811217,ACT_EU_INST_CJEU_JUDG_AG_UK_SLY
DOC_JUDG_CJ_1980_0179_19821019,ACT_EU_INST_CJEU_JUDG_AG_DE_REI
DOC_JUDG_CJ_1980_0180_19811208,ACT_EU_INST_CJEU_JUDG_AG_IT_CAP
DOC_JUDG_CJ_1980_0181_19811208,ACT_EU_INST_CJEU_JUDG_AG_IT_CAP
DOC_JUDG_CJ_1980_0182_19820304,ACT_EU_INST_CJEU_JUDG_AG_FR_ROZ
DOC_JUDG_CJ_1980_0184_19810709,ACT_EU_INST_CJEU_JUDG_AG_UK_SLY
DOC_JUDG_CJ_1980_0185_19810702,ACT_EU_INST_CJEU_JUDG_AG_DE_REI
DOC_JUDG_CJ_1980_0186_19810714,ACT_EU_INST_CJEU_JUDG_AG_UK_SLY
DOC_JUDG_CJ_1980_0187_19810714,ACT_EU_INST_CJEU_JUDG_AG_DE_REI
DOC_JUDG_CJ_1980_0188_19820706,ACT_EU_INST_CJEU_JUDG_AG_DE_REI
DOC_JUDG_CJ_1980_0193_19811209,ACT_EU_INST_CJEU_JUDG_AG_UK_SLY
DOC_JUDG_CJ_1980_0194_19811119,ACT_EU_INST_CJEU_JUDG_AG_IT_CAP
DOC_JUDG_CJ_1980_0195_19811126,ACT_EU_INST_CJEU_JUDG_AG_UK_SLY
DOC_JUDG_CJ_1980_0196_19811001,ACT_EU_INST_CJEU_JUDG_AG_UK_SLY
DOC_JUDG_CJ_1980_0197_19811217,ACT_EU_INST_CJEU_JUDG_AG_NL_LOR_THE
DOC_JUDG_CJ_1980_0203_19811111,ACT_EU_INST_CJEU_JUDG_AG_IT_CAP
DOC_JUDG_CJ_1980_0204_19820216,ACT_EU_INST_CJEU_JUDG_AG_FR_ROZ
DOC_JUDG_CJ_1980_0205_19810714,ACT_EU_INST_CJEU_JUDG_AG_DE_REI
DOC_JUDG_CJ_1980_0206_19820609,ACT_EU_INST_CJEU_JUDG_AG_UK_SLY
DOC_JUDG_CJ_1980_0208_19810915,ACT_EU_INST_CJEU_JUDG_AG_UK_SLY
DOC_JUDG_CJ_1980_0211_19840119,ACT_EU_INST_CJEU_JUDG_AG_FR_ROZ
DOC_JUDG_CJ_1980_0212_19811112,ACT_EU_INST_CJEU_JUDG_AG_FR_ROZ
DOC_JUDG_CJ_1980_0218_19811022,ACT_EU_INST_CJEU_JUDG_AG_FR_ROZ
DOC_JUDG_CJ_1980_0219_19840119,ACT_EU_INST_CJEU_JUDG_AG_FR_ROZ
DOC_JUDG_CJ_1980_0244_19811216,ACT_EU_INST_CJEU_JUDG_AG_UK_SLY
DOC_JUDG_CJ_1980_0246_19811006,ACT_EU_INST_CJEU_JUDG_AG_DE_REI
DOC_JUDG_CJ_1980_0248_19820203,ACT_EU_INST_CJEU_JUDG_AG_UK_SLY
DOC_JUDG_CJ_1980_0250_19811027,ACT_EU_INST_CJEU_JUDG_AG_IT_CAP
DOC_JUDG_CJ_1980_0252_19811013,ACT_EU_INST_CJEU_JUDG_AG_UK_SLY
DOC_JUDG_CJ_1980_0256_19820127,ACT_EU_INST_CJEU_JUDG_AG_IT_CAP
DOC_JUDG_CJ_1980_0256_19841113,ACT_EU_INST_CJEU_JUDG_AG_NL_LOR_THE
DOC_JUDG_CJ_1980_0258_19820216,ACT_EU_INST_CJEU_JUDG_AG_DE_REI
DOC_JUDG_CJ_1980_0260_19840119,ACT_EU_INST_CJEU_JUDG_AG_FR_ROZ
DOC_JUDG_CJ_1980_0262_19840119,ACT_EU_INST_CJEU_JUDG_AG_FR_ROZ
DOC_JUDG_CJ_1980_0267_REV_19851023,ACT_EU_INST_CJEU_JUDG_AG_NL_LOR_THE
DOC_JUDG_CJ_1980_0267_TO_19861210,ACT_EU_INST_CJEU_JUDG_AG_LU_MIS
DOC_JUDG_CJ_1980_0268_19811001,ACT_EU_INST_CJEU_JUDG_AG_IT_CAP
DOC_JUDG_CJ_1980_0269_19811216,ACT_EU_INST_CJEU_JUDG_AG_DE_REI
DOC_JUDG_CJ_1980_0270_19820209,ACT_EU_INST_CJEU_JUDG_AG_FR_ROZ
DOC_JUDG_CJ_1980_0272_19811217,ACT_EU_INST_CJEU_JUDG_AG_FR_ROZ
DOC_JUDG_CJ_1980_0275_19811028,ACT_EU_INST_CJEU_JUDG_AG_DE_REI
DOC_JUDG_CJ_1980_0276_19820216,ACT_EU_INST_CJEU_JUDG_AG_DE_REI
DOC_JUDG_CJ_1980_0277_19820218,ACT_EU_INST_CJEU_JUDG_AG_UK_SLY
DOC_JUDG_CJ_1980_0278_19820211,ACT_EU_INST_CJEU_JUDG_AG_FR_ROZ
DOC_JUDG_CJ_1980_0279_19811217,ACT_EU_INST_CJEU_JUDG_AG_UK_SLY
DOC_JUDG_CJ_1980_0280_19811203,ACT_EU_INST_CJEU_JUDG_AG_NL_LOR_THE
DOC_JUDG_CJ_1981_0001_19811203,ACT_EU_INST_CJEU_JUDG_AG_IT_CAP
DOC_JUDG_CJ_1981_0002_19811217,ACT_EU_INST_CJEU_JUDG_AG_FR_ROZ
DOC_JUDG_CJ_1981_0003_19820617,ACT_EU_INST_CJEU_JUDG_AG_FR_ROZ
DOC_JUDG_CJ_1981_0004_19811125,ACT_EU_INST_CJEU_JUDG_AG_DE_REI
DOC_JUDG_CJ_1981_0006_19820302,ACT_EU_INST_CJEU_JUDG_AG_NL_LOR_THE
DOC_JUDG_CJ_1981_0007_19820202,ACT_EU_INST_CJEU_JUDG_AG_FR_ROZ
DOC_JUDG_CJ_1981_0008_19820119,ACT_EU_INST_CJEU_JUDG_AG_UK_SLY
DOC_JUDG_CJ_1981_0009_19821006,ACT_EU_INST_CJEU_JUDG_AG_DE_REI
DOC_JUDG_CJ_1981_0011_19820401,ACT_EU_INST_CJEU_JUDG_AG_DE_REI
DOC_JUDG_CJ_1981_0012_19820209,ACT_EU_INST_CJEU_JUDG_AG_NL_LOR_THE
DOC_JUDG_CJ_1981_0014_19820303,ACT_EU_INST_CJEU_JUDG_AG_DE_REI
DOC_JUDG_CJ_1981_0015_19820505,ACT_EU_INST_CJEU_JUDG_AG_FR_ROZ
DOC_JUDG_CJ_1981_0016_19820513,ACT_EU_INST_CJEU_JUDG_AG_NL_LOR_THE
DOC_JUDG_CJ_1981_0017_19820429,ACT_EU_INST_CJEU_JUDG_AG_FR_ROZ
DOC_JUDG_CJ_1981_0019_19820216,ACT_EU_INST_CJEU_JUDG_AG_NL_LOR_THE
DOC_JUDG_CJ_1981_0021_19820210,ACT_EU_INST_CJEU_JUDG_AG_DE_REI
DOC_JUDG_CJ_1981_0022_19811217,ACT_EU_INST_CJEU_JUDG_AG_UK_SLY
DOC_JUDG_CJ_1981_0023_19830922,ACT_EU_INST_CJEU_JUDG_AG_UK_SLY
DOC_JUDG_CJ_1981_0025_19820331,ACT_EU_INST_CJEU_JUDG_AG_FR_ROZ
DOC_JUDG_CJ_1981_0026_19820929,ACT_EU_INST_CJEU_JUDG_AG_NL_LOR_THE
DOC_JUDG_CJ_1981_0027_19811022,ACT_EU_INST_CJEU_JUDG_AG_IT_CAP
DOC_JUDG_CJ_1981_0028_19811110,ACT_EU_INST_CJEU_JUDG_AG_UK_SLY
DOC_JUDG_CJ_1981_0029_19811110,ACT_EU_INST_CJEU_JUDG_AG_UK_SLY
DOC_JUDG_CJ_1981_0030_19811217,ACT_EU_INST_CJEU_JUDG_AG_FR_ROZ
DOC_JUDG_CJ_1981_0035_19811203,ACT_EU_INST_CJEU_JUDG_AG_IT_CAP
DOC_JUDG_CJ_1981_0036_19830601,ACT_EU_INST_CJEU_JUDG_AG_NL_LOR_THE
DOC_JUDG_CJ_1981_0038_19820304,ACT_EU_INST_CJEU_JUDG_AG_DE_REI
DOC_JUDG_CJ_1981_0039_19820216,ACT_EU_INST_CJEU_JUDG_AG_NL_LOR_THE
DOC_JUDG_CJ_1981_0044_19820526,ACT_EU_INST_CJEU_JUDG_AG_NL_LOR_THE
DOC_JUDG_CJ_1981_0045_19820325,ACT_EU_INST_CJEU_JUDG_AG_NL_LOR_THE
DOC_JUDG_CJ_1981_0049_19820527,ACT_EU_INST_CJEU_JUDG_AG_NL_LOR_THE
DOC_JUDG_CJ_1981_0050_19820527,ACT_EU_INST_CJEU_JUDG_AG_NL_LOR_THE
DOC_JUDG_CJ_1981_0051_19820127,ACT_EU_INST_CJEU_JUDG_AG_IT_CAP
DOC_JUDG_CJ_1981_0052_19821028,ACT_EU_INST_CJEU_JUDG_AG_UK_SLY
DOC_JUDG_CJ_1981_0053_19820323,ACT_EU_INST_CJEU_JUDG_AG_UK_SLY
DOC_JUDG_CJ_1981_0054_19820506,ACT_EU_INST_CJEU_JUDG_AG_NL_LOR_THE
DOC_JUDG_CJ_1981_0055_19820218,ACT_EU_INST_CJEU_JUDG_AG_NL_LOR_THE
DOC_JUDG_CJ_1981_0056_19820114,ACT_EU_INST_CJEU_JUDG_AG_DE_REI
DOC_JUDG_CJ_1981_0058_19820609,ACT_EU_INST_CJEU_JUDG_AG_NL_LOR_THE
DOC_JUDG_CJ_1981_0059_19821006,ACT_EU_INST_CJEU_JUDG_AG_NL_LOR_THE
DOC_JUDG_CJ_1981_0060_19811111,ACT_EU_INST_CJEU_JUDG_AG_UK_SLY
DOC_JUDG_CJ_1981_0061_19820706,ACT_EU_INST_CJEU_JUDG_AG_NL_LOR_THE
DOC_JUDG_CJ_1981_0062_19820203,ACT_EU_INST_CJEU_JUDG_AG_NL_LOR_THE
DOC_JUDG_CJ_1981_0064_19820114,ACT_EU_INST_CJEU_JUDG_AG_DE_REI
DOC_JUDG_CJ_1981_0065_19820114,ACT_EU_INST_CJEU_JUDG_AG_UK_SLY
DOC_JUDG_CJ_1981_0066_19820429,ACT_EU_INST_CJEU_JUDG_AG_NL_LOR_THE
DOC_JUDG_CJ_1981_0067_19820218,ACT_EU_INST_CJEU_JUDG_AG_DE_REI
DOC_JUDG_CJ_1981_0068_19820202,ACT_EU_INST_CJEU_JUDG_AG_IT_CAP
DOC_JUDG_CJ_1981_0069_19820202,ACT_EU_INST_CJEU_JUDG_AG_IT_CAP
DOC_JUDG_CJ_1981_0070_19820202,ACT_EU_INST_CJEU_JUDG_AG_IT_CAP
DOC_JUDG_CJ_1981_0071_19820202,ACT_EU_INST_CJEU_JUDG_AG_IT_CAP
DOC_JUDG_CJ_1981_0072_19820202,ACT_EU_INST_CJEU_JUDG_AG_IT_CAP
DOC_JUDG_CJ_1981_0073_19820202,ACT_EU_INST_CJEU_JUDG_AG_IT_CAP
DOC_JUDG_CJ_1981_0074_19820210,ACT_EU_INST_CJEU_JUDG_AG_DE_REI
DOC_JUDG_CJ_1981_0075_19820331,ACT_EU_INST_CJEU_JUDG_AG_DE_REI
DOC_JUDG_CJ_1981_0076_19820210,ACT_EU_INST_CJEU_JUDG_AG_DE_REI
DOC_JUDG_CJ_1981_0077_19820218,ACT_EU_INST_CJEU_JUDG_AG_DE_REI
DOC_JUDG_CJ_1981_0079_19820323,ACT_EU_INST_CJEU_JUDG_AG_NL_LOR_THE
DOC_JUDG_CJ_1981_0080_19841009,ACT_EU_INST_CJEU_JUDG_AG_UK_SLY
DOC_JUDG_CJ_1981_0084_19820519,ACT_EU_INST_CJEU_JUDG_AG_UK_SLY
DOC_JUDG_CJ_1981_0089_19820401,ACT_EU_INST_CJEU_JUDG_AG_NL_LOR_THE
DOC_JUDG_CJ_1981_0090_19820318,ACT_EU_INST_CJEU_JUDG_AG_UK_SLY
DOC_JUDG_CJ_1981_0091_19820608,ACT_EU_INST_CJEU_JUDG_AG_NL_LOR_THE
DOC_JUDG_CJ_1981_0092_19820610,ACT_EU_INST_CJEU_JUDG_AG_NL_LOR_THE
DOC_JUDG_CJ_1981_0093_19820311,ACT_EU_INST_CJEU_JUDG_AG_NL_LOR_THE
DOC_JUDG_CJ_1981_0094_19820302,ACT_EU_INST_CJEU_JUDG_AG_NL_LOR_THE
DOC_JUDG_CJ_1981_0095_19820609,ACT_EU_INST_CJEU_JUDG_AG_UK_SLY
DOC_JUDG_CJ_1981_0096_19820525,ACT_EU_INST_CJEU_JUDG_AG_IT_CAP
DOC_JUDG_CJ_1981_0097_19820525,ACT_EU_INST_CJEU_JUDG_AG_IT_CAP
DOC_JUDG_CJ_1981_0098_19820325,ACT_EU_INST_CJEU_JUDG_AG_DE_REI
DOC_JUDG_CJ_1981_0100_19820525,ACT_EU_INST_CJEU_JUDG_AG_IT_CAP
DOC_JUDG_CJ_1981_0102_19820323,ACT_EU_INST_CJEU_JUDG_AG_DE_REI
DOC_JUDG_CJ_1981_0103_19820318,ACT_EU_INST_CJEU_JUDG_AG_DE_REI
DOC_JUDG_CJ_1981_0104_19821026,ACT_EU_INST_CJEU_JUDG_AG_FR_ROZ
DOC_JUDG_CJ_1981_0105_19821028,ACT_EU_INST_CJEU_JUDG_AG_FR_ROZ
DOC_JUDG_CJ_1981_0106_19820915,ACT_EU_INST_CJEU_JUDG_AG_IT_CAP
DOC_JUDG_CJ_1981_0108_19820930,ACT_EU_INST_CJEU_JUDG_AG_DE_REI
DOC_JUDG_CJ_1981_0109_19820701,ACT_EU_INST_CJEU_JUDG_AG_IT_CAP
DOC_JUDG_CJ_1981_0110_19820930,ACT_EU_INST_CJEU_JUDG_AG_DE_REI
DOC_JUDG_CJ_1981_0111_19820303,ACT_EU_INST_CJEU_JUDG_AG_DE_REI
DOC_JUDG_CJ_1981_0113_19820527,ACT_EU_INST_CJEU_JUDG_AG_FR_ROZ
DOC_JUDG_CJ_1981_0114_19820930,ACT_EU_INST_CJEU_JUDG_AG_DE_REI
DOC_JUDG_CJ_1981_0115_19820518,ACT_EU_INST_CJEU_JUDG_AG_IT_CAP
DOC_JUDG_CJ_1981_0117_19830706,ACT_EU_INST_CJEU_JUDG_AG_UK_SLY
DOC_JUDG_CJ_1981_0119_19820707,ACT_EU_INST_CJEU_JUDG_AG_NL_LOR_THE
DOC_JUDG_CJ_1981_0124_19830208,ACT_EU_INST_CJEU_JUDG_AG_NL_LOR_THE
DOC_JUDG_CJ_1981_0126_19820506,ACT_EU_INST_CJEU_JUDG_AG_FR_ROZ
DOC_JUDG_CJ_1981_0129_19820311,ACT_EU_INST_CJEU_JUDG_AG_UK_SLY
DOC_JUDG_CJ_1981_0131_19821007,ACT_EU_INST_CJEU_JUDG_AG_FR_ROZ
DOC_JUDG_CJ_1981_0131_19850214,ACT_EU_INST_CJEU_JUDG_AG_FR_DAR
DOC_JUDG_CJ_1981_0132_19820916,ACT_EU_INST_CJEU_JUDG_AG_NL_LOR_THE
DOC_JUDG_CJ_1981_0133_19820526,ACT_EU_INST_CJEU_JUDG_AG_DE_REI
DOC_JUDG_CJ_1981_0135_19821028,ACT_EU_INST_CJEU_JUDG_AG_FR_ROZ
DOC_JUDG_CJ_1981_0136_19821012,ACT_EU_INST_CJEU_JUDG_AG_UK_SLY
DOC_JUDG_CJ_1981_0137_19821028,ACT_EU_INST_CJEU_JUDG_AG_IT_CAP
DOC_JUDG_CJ_1981_0138_19821028,ACT_EU_INST_CJEU_JUDG_AG_IT_CAP
DOC_JUDG_CJ_1981_0141_19820401,ACT_EU_INST_CJEU_JUDG_AG_UK_SLY
DOC_JUDG_CJ_1981_0144_19820914,ACT_EU_INST_CJEU_JUDG_AG_DE_REI
DOC_JUDG_CJ_1981_0145_19820701,ACT_EU_INST_CJEU_JUDG_AG_NL_LOR_THE
DOC_JUDG_CJ_1981_0146_19820506,ACT_EU_INST_CJEU_JUDG_AG_IT_CAP
DOC_JUDG_CJ_1981_0147_19820429,ACT_EU_INST_CJEU_JUDG_AG_IT_CAP
DOC_JUDG_CJ_1981_0148_19821012,ACT_EU_INST_CJEU_JUDG_AG_UK_SLY
DOC_JUDG_CJ_1981_0149_19821012,ACT_EU_INST_CJEU_JUDG_AG_UK_SLY
DOC_JUDG_CJ_1981_0151_19821012,ACT_EU_INST_CJEU_JUDG_AG_UK_SLY
DOC_JUDG_CJ_1981_0152_19830714,ACT_EU_INST_CJEU_JUDG_AG_FR_ROZ
DOC_JUDG_CJ_1981_0189_19820708,ACT_EU_INST_CJEU_JUDG_AG_NL_LOR_THE
DOC_JUDG_CJ_1981_0191_19821209,ACT_EU_INST_CJEU_JUDG_AG_DE_REI
DOC_JUDG_CJ_1981_0196_19820527,ACT_EU_INST_CJEU_JUDG_AG_DE_REI
DOC_JUDG_CJ_1981_0198_19821202,ACT_EU_INST_CJEU_JUDG_AG_DE_REI
DOC_JUDG_CJ_1981_0206_19821006,ACT_EU_INST_CJEU_JUDG_AG_DE_REI
DOC_JUDG_CJ_1981_0207_19830505,ACT_EU_INST_CJEU_JUDG_AG_DE_REI
DOC_JUDG_CJ_1981_0208_19820701,ACT_EU_INST_CJEU_JUDG_AG_FR_ROZ
DOC_JUDG_CJ_1981_0210_19831011,ACT_EU_INST_CJEU_JUDG_AG_FR_ROZ
DOC_JUDG_CJ_1981_0211_19821215,ACT_EU_INST_CJEU_JUDG_AG_IT_MAN
DOC_JUDG_CJ_1981_0212_19820318,ACT_EU_INST_CJEU_JUDG_AG_IT_CAP
DOC_JUDG_CJ_1981_0213_19821013,ACT_EU_INST_CJEU_JUDG_AG_NL_LOR_THE
DOC_JUDG_CJ_1981_0216_19820715,ACT_EU_INST_CJEU_JUDG_AG_DE_REI
DOC_JUDG_CJ_1981_0217_19820610,ACT_EU_INST_CJEU_JUDG_AG_NL_LOR_THE
DOC_JUDG_CJ_1981_0220_19820622,ACT_EU_INST_CJEU_JUDG_AG_IT_CAP
DOC_JUDG_CJ_1981_0221_19821026,ACT_EU_INST_CJEU_JUDG_AG_IT_CAP
DOC_JUDG_CJ_1981_0222_19820701,ACT_EU_INST_CJEU_JUDG_AG_FR_ROZ
DOC_JUDG_CJ_1981_0225_19830223,ACT_EU_INST_CJEU_JUDG_AG_FR_ROZ
DOC_JUDG_CJ_1981_0227_19820527,ACT_EU_INST_CJEU_JUDG_AG_UK_SLY
DOC_JUDG_CJ_1981_0228_19820715,ACT_EU_INST_CJEU_JUDG_AG_DE_REI
DOC_JUDG_CJ_1981_0230_19830210,ACT_EU_INST_CJEU_JUDG_AG_IT_MAN
DOC_JUDG_CJ_1981_0231_19820610,ACT_EU_INST_CJEU_JUDG_AG_UK_SLY
DOC_JUDG_CJ_1981_0232_19841127,ACT_EU_INST_CJEU_JUDG_AG_DE_LEN
DOC_JUDG_CJ_1981_0233_19820915,ACT_EU_INST_CJEU_JUDG_AG_IT_CAP
DOC_JUDG_CJ_1981_0234_19821007,ACT_EU_INST_CJEU_JUDG_AG_UK_SLY
DOC_JUDG_CJ_1981_0237_19820923,ACT_EU_INST_CJEU_JUDG_AG_UK_SLY
DOC_JUDG_CJ_1981_0238_19830505,ACT_EU_INST_CJEU_JUDG_AG_UK_SLY
DOC_JUDG_CJ_1981_0240_19821026,ACT_EU_INST_CJEU_JUDG_AG_IT_CAP
DOC_JUDG_CJ_1981_0242_19820930,ACT_EU_INST_CJEU_JUDG_AG_DE_REI
DOC_JUDG_CJ_1981_0244_19830511,ACT_EU_INST_CJEU_JUDG_AG_DE_REI
DOC_JUDG_CJ_1981_0245_19820715,ACT_EU_INST_CJEU_JUDG_AG_UK_SLY
DOC_JUDG_CJ_1981_0246_19820610,ACT_EU_INST_CJEU_JUDG_AG_UK_SLY
DOC_JUDG_CJ_1981_0247_19840228,ACT_EU_INST_CJEU_JUDG_AG_IT_MAN
DOC_JUDG_CJ_1981_0249_19821124,ACT_EU_INST_CJEU_JUDG_AG_IT_CAP
DOC_JUDG_CJ_1981_0250_19821007,ACT_EU_INST_CJEU_JUDG_AG_UK_SLY
DOC_JUDG_CJ_1981_0252_19830317,ACT_EU_INST_CJEU_JUDG_AG_IT_MAN
DOC_JUDG_CJ_1981_0255_19820610,ACT_EU_INST_CJEU_JUDG_AG_UK_SLY
DOC_JUDG_CJ_1981_0256_19830518,ACT_EU_INST_CJEU_JUDG_AG_IT_MAN
DOC_JUDG_CJ_1981_0257_19830112,ACT_EU_INST_CJEU_JUDG_AG_UK_SLY
DOC_JUDG_CJ_1981_0258_19821209,ACT_EU_INST_CJEU_JUDG_AG_NL_LOR_THE
DOC_JUDG_CJ_1981_0261_19821110,ACT_EU_INST_CJEU_JUDG_AG_DE_REI
DOC_JUDG_CJ_1981_0262_19821006,ACT_EU_INST_CJEU_JUDG_AG_DE_REI
DOC_JUDG_CJ_1981_0263_19830127,ACT_EU_INST_CJEU_JUDG_AG_UK_SLY
DOC_JUDG_CJ_1981_0264_19841127,ACT_EU_INST_CJEU_JUDG_AG_DE_LEN
DOC_JUDG_CJ_1981_0265_19821028,ACT_EU_INST_CJEU_JUDG_AG_FR_ROZ
DOC_JUDG_CJ_1981_0266_19830316,ACT_EU_INST_CJEU_JUDG_AG_DE_REI
DOC_JUDG_CJ_1981_0267_19830316,ACT_EU_INST_CJEU_JUDG_AG_DE_REI
DOC_JUDG_CJ_1981_0270_19820715,ACT_EU_INST_CJEU_JUDG_AG_UK_SLY
DOC_JUDG_CJ_1981_0271_19830628,ACT_EU_INST_CJEU_JUDG_AG_UK_SLY
DOC_JUDG_CJ_1981_0272_19821202,ACT_EU_INST_CJEU_JUDG_AG_FR_ROZ
DOC_JUDG_CJ_1981_0273_19821202,ACT_EU_INST_CJEU_JUDG_AG_FR_ROZ
DOC_JUDG_CJ_1981_0274_19820923,ACT_EU_INST_CJEU_JUDG_AG_NL_LOR_THE
DOC_JUDG_CJ_1981_0275_19820923,ACT_EU_INST_CJEU_JUDG_AG_NL_LOR_THE
DOC_JUDG_CJ_1981_0276_19820923,ACT_EU_INST_CJEU_JUDG_AG_NL_LOR_THE
DOC_JUDG_CJ_1981_0280_19830317,ACT_EU_INST_CJEU_JUDG_AG_FR_ROZ
DOC_JUDG_CJ_1981_0282_19830421,ACT_EU_INST_CJEU_JUDG_AG_UK_SLY
DOC_JUDG_CJ_1981_0283_19821006,ACT_EU_INST_CJEU_JUDG_AG_IT_CAP
DOC_JUDG_CJ_1981_0285_19830706,ACT_EU_INST_CJEU_JUDG_AG_UK_SLY
DOC_JUDG_CJ_1981_0285_19840405,ACT_EU_INST_CJEU_JUDG_AG_UK_SLY
DOC_JUDG_CJ_1981_0286_19821215,ACT_EU_INST_CJEU_JUDG_AG_NL_LOR_THE
DOC_JUDG_CJ_1981_0287_19821130,ACT_EU_INST_CJEU_JUDG_AG_DE_REI
DOC_JUDG_CJ_1981_0289_19830519,ACT_EU_INST_CJEU_JUDG_AG_FR_ROZ
DOC_JUDG_CJ_1981_0290_19830316,ACT_EU_INST_CJEU_JUDG_AG_DE_REI
DOC_JUDG_CJ_1981_0292_19821028,ACT_EU_INST_CJEU_JUDG_AG_NL_LOR_THE
DOC_JUDG_CJ_1981_0294_19830317,ACT_EU_INST_CJEU_JUDG_AG_UK_SLY
DOC_JUDG_CJ_1981_0295_19820930,ACT_EU_INST_CJEU_JUDG_AG_UK_SLY
DOC_JUDG_CJ_1981_0298_19830324,ACT_EU_INST_CJEU_JUDG_AG_FR_ROZ
DOC_JUDG_CJ_1981_0300_19830301,ACT_EU_INST_CJEU_JUDG_AG_FR_ROZ
DOC_JUDG_CJ_1981_0301_19830301,ACT_EU_INST_CJEU_JUDG_AG_FR_ROZ
DOC_JUDG_CJ_1981_0302_19821006,ACT_EU_INST_CJEU_JUDG_AG_FR_ROZ
DOC_JUDG_CJ_1981_0303_19830511,ACT_EU_INST_CJEU_JUDG_AG_DE_REI
DOC_JUDG_CJ_1981_0306_19830519,ACT_EU_INST_CJEU_JUDG_AG_FR_ROZ
DOC_JUDG_CJ_1981_0307_19821006,ACT_EU_INST_CJEU_JUDG_AG_FR_ROZ
DOC_JUDG_CJ_1981_0309_19821209,ACT_EU_INST_CJEU_JUDG_AG_DE_REI
DOC_JUDG_CJ_1981_0310_19840315,ACT_EU_INST_CJEU_JUDG_AG_IT_MAN
DOC_JUDG_CJ_1981_0311_19830511,ACT_EU_INST_CJEU_JUDG_AG_DE_REI
DOC_JUDG_CJ_1981_0314_19821214,ACT_EU_INST_CJEU_JUDG_AG_FR_ROZ
DOC_JUDG_CJ_1981_0317_19820930,ACT_EU_INST_CJEU_JUDG_AG_UK_SLY
DOC_JUDG_CJ_1981_0318_19851126,ACT_EU_INST_CJEU_JUDG_AG_UK_SLY
DOC_JUDG_CJ_1981_0319_19830315,ACT_EU_INST_CJEU_JUDG_AG_UK_SLY
DOC_JUDG_CJ_1981_0320_19900307,ACT_EU_INST_CJEU_JUDG_AG_LU_MIS
DOC_JUDG_CJ_1981_0322_19831109,ACT_EU_INST_CJEU_JUDG_AG_NL_LOR_THE
DOC_JUDG_CJ_1982_0001_19821027,ACT_EU_INST_CJEU_JUDG_AG_IT_CAP
DOC_JUDG_CJ_1982_0002_19831006,ACT_EU_INST_CJEU_JUDG_AG_NL_LOR_THE
DOC_JUDG_CJ_1982_0005_19821215,ACT_EU_INST_CJEU_JUDG_AG_UK_SLY
DOC_JUDG_CJ_1982_0007_19830302,ACT_EU_INST_CJEU_JUDG_AG_DE_REI
DOC_JUDG_CJ_1982_0008_19830223,ACT_EU_INST_CJEU_JUDG_AG_UK_SLY
DOC_JUDG_CJ_1982_0009_19830714,ACT_EU_INST_CJEU_JUDG_AG_NL_LOR_THE
DOC_JUDG_CJ_1982_0010_19830714,ACT_EU_INST_CJEU_JUDG_AG_NL_LOR_THE
DOC_JUDG_CJ_1982_0011_19850117,ACT_EU_INST_CJEU_JUDG_AG_NL_LOR_THE
DOC_JUDG_CJ_1982_0012_19821130,ACT_EU_INST_CJEU_JUDG_AG_FR_ROZ
DOC_JUDG_CJ_1982_0013_19821028,ACT_EU_INST_CJEU_JUDG_AG_IT_CAP
DOC_JUDG_CJ_1982_0029_19830203,ACT_EU_INST_CJEU_JUDG_AG_FR_ROZ
DOC_JUDG_CJ_1982_0031_19831215,ACT_EU_INST_CJEU_JUDG_AG_NL_LOR_THE
DOC_JUDG_CJ_1982_0032_19821130,ACT_EU_INST_CJEU_JUDG_AG_FR_ROZ
DOC_JUDG_CJ_1982_0033_19850919,ACT_EU_INST_CJEU_JUDG_AG_NL_LOR_THE
DOC_JUDG_CJ_1982_0034_19830322,ACT_EU_INST_CJEU_JUDG_AG_IT_MAN
DOC_JUDG_CJ_1982_0035_19821027,ACT_EU_INST_CJEU_JUDG_AG_UK_SLY
DOC_JUDG_CJ_1982_0037_19821006,ACT_EU_INST_CJEU_JUDG_AG_NL_LOR_THE
DOC_JUDG_CJ_1982_0038_19830426,ACT_EU_INST_CJEU_JUDG_AG_DE_REI
DOC_JUDG_CJ_1982_0039_19830112,ACT_EU_INST_CJEU_JUDG_AG_FR_ROZ
DOC_JUDG_CJ_1982_0040_19820715,ACT_EU_INST_CJEU_JUDG_AG_IT_CAP
DOC_JUDG_CJ_1982_0040_19840131,ACT_EU_INST_CJEU_JUDG_AG_IT_MAN
DOC_JUDG_CJ_1982_0041_19821207,ACT_EU_INST_CJEU_JUDG_AG_UK_SLY
DOC_JUDG_CJ_1982_0042_19830322,ACT_EU_INST_CJEU_JUDG_AG_UK_SLY
DOC_JUDG_CJ_1982_0043_19840117,ACT_EU_INST_CJEU_JUDG_AG_NL_LOR_THE
DOC_JUDG_CJ_1982_0045_19830315,ACT_EU_INST_CJEU_JUDG_AG_FR_ROZ
DOC_JUDG_CJ_1982_0046_19831109,ACT_EU_INST_CJEU_JUDG_AG_FR_ROZ
DOC_JUDG_CJ_1982_0047_19821111,ACT_EU_INST_CJEU_JUDG_AG_NL_LOR_THE
DOC_JUDG_CJ_1982_0049_19830420,ACT_EU_INST_CJEU_JUDG_AG_UK_SLY
DOC_JUDG_CJ_1982_0050_19821028,ACT_EU_INST_CJEU_JUDG_AG_IT_CAP
DOC_JUDG_CJ_1982_0059_19830420,ACT_EU_INST_CJEU_JUDG_AG_IT_MAN
DOC_JUDG_CJ_1982_0060_19821215,ACT_EU_INST_CJEU_JUDG_AG_DE_REI
DOC_JUDG_CJ_1982_0061_19830315,ACT_EU_INST_CJEU_JUDG_AG_FR_ROZ
DOC_JUDG_CJ_1982_0062_19830315,ACT_EU_INST_CJEU_JUDG_AG_FR_ROZ
DOC_JUDG_CJ_1982_0064_19840315,ACT_EU_INST_CJEU_JUDG_AG_UK_SLY
DOC_JUDG_CJ_1982_0066_19830223,ACT_EU_INST_CJEU_JUDG_AG_DE_REI
DOC_JUDG_CJ_1982_0071_19821216,ACT_EU_INST_CJEU_JUDG_AG_DE_REI
DOC_JUDG_CJ_1982_0074_19840131,ACT_EU_INST_CJEU_JUDG_AG_IT_MAN
DOC_JUDG_CJ_1982_0075_19840320,ACT_EU_INST_CJEU_JUDG_AG_UK_SLY
DOC_JUDG_CJ_1982_0076_19821209,ACT_EU_INST_CJEU_JUDG_AG_NL_LOR_THE
DOC_JUDG_CJ_1982_0077_19830323,ACT_EU_INST_CJEU_JUDG_AG_UK_SLY
DOC_JUDG_CJ_1982_0078_19830607,ACT_EU_INST_CJEU_JUDG_AG_FR_ROZ
DOC_JUDG_CJ_1982_0079_19821125,ACT_EU_INST_CJEU_JUDG_AG_UK_SLY
DOC_JUDG_CJ_1982_0080_19830505,ACT_EU_INST_CJEU_JUDG_AG_NL_LOR_THE
DOC_JUDG_CJ_1982_0082_19821209,ACT_EU_INST_CJEU_JUDG_AG_FR_ROZ
DOC_JUDG_CJ_1982_0084_19840320,ACT_EU_INST_CJEU_JUDG_AG_UK_SLY
DOC_JUDG_CJ_1982_0085_19830630,ACT_EU_INST_CJEU_JUDG_AG_DE_REI
DOC_JUDG_CJ_1982_0086_19840221,ACT_EU_INST_CJEU_JUDG_AG_UK_SLY
DOC_JUDG_CJ_1982_0087_19830511,ACT_EU_INST_CJEU_JUDG_AG_FR_ROZ
DOC_JUDG_CJ_1982_0088_19830322,ACT_EU_INST_CJEU_JUDG_AG_DE_REI
DOC_JUDG_CJ_1982_0090_19830621,ACT_EU_INST_CJEU_JUDG_AG_IT_MAN
DOC_JUDG_CJ_1982_0092_19831020,ACT_EU_INST_CJEU_JUDG_AG_IT_MAN
DOC_JUDG_CJ_1982_0094_19830317,ACT_EU_INST_CJEU_JUDG_AG_IT_MAN
DOC_JUDG_CJ_1982_0096_19831108,ACT_EU_INST_CJEU_JUDG_AG_NL_LOR_THE
DOC_JUDG_CJ_1982_0107_19831025,ACT_EU_INST_CJEU_JUDG_AG_DE_REI
DOC_JUDG_CJ_1982_0109_19830127,ACT_EU_INST_CJEU_JUDG_AG_NL_LOR_THE
DOC_JUDG_CJ_1982_0113_19830419,ACT_EU_INST_CJEU_JUDG_AG_UK_SLY
DOC_JUDG_CJ_1982_0116_R_19860918,ACT_EU_INST_CJEU_JUDG_AG_LU_MIS
DOC_JUDG_CJ_1982_0118_19831006,ACT_EU_INST_CJEU_JUDG_AG_DE_REI
DOC_JUDG_CJ_1982_0126_19830125,ACT_EU_INST_CJEU_JUDG_AG_DE_REI
DOC_JUDG_CJ_1982_0129_19841213,ACT_EU_INST_CJEU_JUDG_AG_NL_LOR_THE
DOC_JUDG_CJ_1982_0130_19830210,ACT_EU_INST_CJEU_JUDG_AG_DE_REI
DOC_JUDG_CJ_1982_0131_19830928,ACT_EU_INST_CJEU_JUDG_AG_IT_MAN
DOC_JUDG_CJ_1982_0132_19830517,ACT_EU_INST_CJEU_JUDG_AG_IT_MAN
DOC_JUDG_CJ_1982_0133_19830517,ACT_EU_INST_CJEU_JUDG_AG_IT_MAN
DOC_JUDG_CJ_1982_0136_19830511,ACT_EU_INST_CJEU_JUDG_AG_DE_REI
DOC_JUDG_CJ_1982_0139_19830505,ACT_EU_INST_CJEU_JUDG_AG_IT_MAN
DOC_JUDG_CJ_1982_0140_19840221,ACT_EU_INST_CJEU_JUDG_AG_NL_LOR_THE
DOC_JUDG_CJ_1982_0143_19830428,ACT_EU_INST_CJEU_JUDG_AG_NL_LOR_THE
DOC_JUDG_CJ_1982_0144_19830714,ACT_EU_INST_CJEU_JUDG_AG_IT_MAN
DOC_JUDG_CJ_1982_0145_19830315,ACT_EU_INST_CJEU_JUDG_AG_DE_REI
DOC_JUDG_CJ_1982_0148_19830928,ACT_EU_INST_CJEU_JUDG_AG_IT_MAN
DOC_JUDG_CJ_1982_0149_19830203,ACT_EU_INST_CJEU_JUDG_AG_IT_MAN
DOC_JUDG_CJ_1982_0150_19830112,ACT_EU_INST_CJEU_JUDG_AG_UK_SLY
DOC_JUDG_CJ_1982_0152_19830713,ACT_EU_INST_CJEU_JUDG_AG_FR_ROZ
DOC_JUDG_CJ_1982_0155_19830302,ACT_EU_INST_CJEU_JUDG_AG_FR_ROZ
DOC_JUDG_CJ_1982_0156_19830511,ACT_EU_INST_CJEU_JUDG_AG_DE_REI
DOC_JUDG_CJ_1982_0158_19831109,ACT_EU_INST_CJEU_JUDG_AG_IT_MAN
DOC_JUDG_CJ_1982_0159_19830922,ACT_EU_INST_CJEU_JUDG_AG_UK_SLY
DOC_JUDG_CJ_1982_0160_19821215,ACT_EU_INST_CJEU_JUDG_AG_IT_MAN
DOC_JUDG_CJ_1982_0161_19830628,ACT_EU_INST_CJEU_JUDG_AG_UK_SLY
DOC_JUDG_CJ_1982_0162_19830323,ACT_EU_INST_CJEU_JUDG_AG_UK_SLY
DOC_JUDG_CJ_1982_0163_19831026,ACT_EU_INST_CJEU_JUDG_AG_FR_ROZ
DOC_JUDG_CJ_1982_0165_19831108,ACT_EU_INST_CJEU_JUDG_AG_FR_ROZ
DOC_JUDG_CJ_1982_0166_19840207,ACT_EU_INST_CJEU_JUDG_AG_DE_REI
DOC_JUDG_CJ_1982_0167_19830324,ACT_EU_INST_CJEU_JUDG_AG_FR_ROZ
DOC_JUDG_CJ_1982_0168_19830517,ACT_EU_INST_CJEU_JUDG_AG_NL_LOR_THE
DOC_JUDG_CJ_1982_0169_19840327,ACT_EU_INST_CJEU_JUDG_AG_NL_LOR_THE
DOC_JUDG_CJ_1982_0170_19830428,ACT_EU_INST_CJEU_JUDG_AG_NL_LOR_THE
DOC_JUDG_CJ_1982_0171_19830705,ACT_EU_INST_CJEU_JUDG_AG_IT_MAN
DOC_JUDG_CJ_1982_0172_19830310,ACT_EU_INST_CJEU_JUDG_AG_FR_ROZ
DOC_JUDG_CJ_1982_0173_19860206,ACT_EU_INST_CJEU_JUDG_AG_DE_LEN
DOC_JUDG_CJ_1982_0174_19830714,ACT_EU_INST_CJEU_JUDG_AG_IT_MAN
DOC_JUDG_CJ_1982_0175_19830317,ACT_EU_INST_CJEU_JUDG_AG_IT_MAN
DOC_JUDG_CJ_1982_0176_19830714,ACT_EU_INST_CJEU_JUDG_AG_FR_ROZ
DOC_JUDG_CJ_1982_0177_19840405,ACT_EU_INST_CJEU_JUDG_AG_DE_REI
DOC_JUDG_CJ_1982_0179_19831019,ACT_EU_INST_CJEU_JUDG_AG_DE_REI
DOC_JUDG_CJ_1982_0181_19831129,ACT_EU_INST_CJEU_JUDG_AG_FR_ROZ
DOC_JUDG_CJ_1982_0186_19831005,ACT_EU_INST_CJEU_JUDG_AG_IT_MAN
DOC_JUDG_CJ_1982_0188_19831116,ACT_EU_INST_CJEU_JUDG_AG_NL_LOR_THE
DOC_JUDG_CJ_1982_0189_19840126,ACT_EU_INST_CJEU_JUDG_AG_FR_ROZ
DOC_JUDG_CJ_1982_0190_19831201,ACT_EU_INST_CJEU_JUDG_AG_FR_ROZ
DOC_JUDG_CJ_1982_0191_19831004,ACT_EU_INST_CJEU_JUDG_AG_FR_ROZ
DOC_JUDG_CJ_1982_0192_19830519,ACT_EU_INST_CJEU_JUDG_AG_DE_REI
DOC_JUDG_CJ_1982_0193_19830928,ACT_EU_INST_CJEU_JUDG_AG_NL_LOR_THE
DOC_JUDG_CJ_1982_0199_19831109,ACT_EU_INST_CJEU_JUDG_AG_IT_MAN
DOC_JUDG_CJ_1982_0201_19830714,ACT_EU_INST_CJEU_JUDG_AG_IT_MAN
DOC_JUDG_CJ_1982_0202_19840221,ACT_EU_INST_CJEU_JUDG_AG_IT_MAN
DOC_JUDG_CJ_1982_0203_19830714,ACT_EU_INST_CJEU_JUDG_AG_FR_ROZ
DOC_JUDG_CJ_1982_0205_19830921,ACT_EU_INST_CJEU_JUDG_AG_NL_LOR_THE
DOC_JUDG_CJ_1982_0216_19830927,ACT_EU_INST_CJEU_JUDG_AG_UK_SLY
DOC_JUDG_CJ_1982_0217_19831201,ACT_EU_INST_CJEU_JUDG_AG_NL_LOR_THE
DOC_JUDG_CJ_1982_0218_19831213,ACT_EU_INST_CJEU_JUDG_AG_FR_ROZ
DOC_JUDG_CJ_1982_0222_19831213,ACT_EU_INST_CJEU_JUDG_AG_FR_ROZ
DOC_JUDG_CJ_1982_0223_19830929,ACT_EU_INST_CJEU_JUDG_AG_UK_SLY
DOC_JUDG_CJ_1982_0224_19830714,ACT_EU_INST_CJEU_JUDG_AG_FR_ROZ
DOC_JUDG_CJ_1982_0225_19830609,ACT_EU_INST_CJEU_JUDG_AG_FR_ROZ
DOC_JUDG_CJ_1982_0227_19831130,ACT_EU_INST_CJEU_JUDG_AG_FR_ROZ
DOC_JUDG_CJ_1982_0228_19840228,ACT_EU_INST_CJEU_JUDG_AG_UK_SLY
DOC_JUDG_CJ_1982_0230_19830706,ACT_EU_INST_CJEU_JUDG_AG_FR_ROZ
DOC_JUDG_CJ_1982_0231_19830714,ACT_EU_INST_CJEU_JUDG_AG_FR_ROZ
DOC_JUDG_CJ_1982_0232_19830310,ACT_EU_INST_CJEU_JUDG_AG_NL_LOR_THE
DOC_JUDG_CJ_1982_0234_19831130,ACT_EU_INST_CJEU_JUDG_AG_DE_REI
DOC_JUDG_CJ_1982_0235_19831130,ACT_EU_INST_CJEU_JUDG_AG_DE_REI
DOC_JUDG_CJ_1982_0235_REV_19860611,ACT_EU_INST_CJEU_JUDG_AG_IT_MAN
DOC_JUDG_CJ_1982_0236_19850711,ACT_EU_INST_CJEU_JUDG_AG_DE_LEN
DOC_JUDG_CJ_1982_0237_19840207,ACT_EU_INST_CJEU_JUDG_AG_IT_MAN
DOC_JUDG_CJ_1982_0238_19840207,ACT_EU_INST_CJEU_JUDG_AG_IT_MAN
DOC_JUDG_CJ_1982_0239_19840221,ACT_EU_INST_CJEU_JUDG_AG_NL_LOR_THE
DOC_JUDG_CJ_1982_0240_19851210,ACT_EU_INST_CJEU_JUDG_AG_NL_LOR_THE
DOC_JUDG_CJ_1982_0260_19851210,ACT_EU_INST_CJEU_JUDG_AG_NL_LOR_THE
DOC_JUDG_CJ_1982_0263_19831214,ACT_EU_INST_CJEU_JUDG_AG_DE_REI
DOC_JUDG_CJ_1982_0264_19850320,ACT_EU_INST_CJEU_JUDG_AG_FR_DAR
DOC_JUDG_CJ_1982_0265_19831019,ACT_EU_INST_CJEU_JUDG_AG_UK_SLY
DOC_JUDG_CJ_1982_0266_19840112,ACT_EU_INST_CJEU_JUDG_AG_FR_ROZ
DOC_JUDG_CJ_1982_0267_19860624,ACT_EU_INST_CJEU_JUDG_AG_IT_MAN
DOC_JUDG_CJ_1982_0270_19840229,ACT_EU_INST_CJEU_JUDG_AG_UK_SLY
DOC_JUDG_CJ_1982_0271_19830922,ACT_EU_INST_CJEU_JUDG_AG_IT_MAN
DOC_JUDG_CJ_1982_0273_19831011,ACT_EU_INST_CJEU_JUDG_AG_UK_SLY
DOC_JUDG_CJ_1982_0276_19831027,ACT_EU_INST_CJEU_JUDG_AG_NL_LOR_THE
DOC_JUDG_CJ_1982_0277_19830929,ACT_EU_INST_CJEU_JUDG_AG_IT_MAN
DOC_JUDG_CJ_1982_0278_19840214,ACT_EU_INST_CJEU_JUDG_AG_FR_ROZ
DOC_JUDG_CJ_1982_0279_19830915,ACT_EU_INST_CJEU_JUDG_AG_NL_LOR_THE
DOC_JUDG_CJ_1982_0281_19840412,ACT_EU_INST_CJEU_JUDG_AG_IT_MAN
DOC_JUDG_CJ_1982_0283_19831215,ACT_EU_INST_CJEU_JUDG_AG_IT_MAN
DOC_JUDG_CJ_1982_0284_19840209,ACT_EU_INST_CJEU_JUDG_AG_DE_REI
DOC_JUDG_CJ_1982_0285_19840202,ACT_EU_INST_CJEU_JUDG_AG_FR_ROZ
DOC_JUDG_CJ_1982_0286_19840131,ACT_EU_INST_CJEU_JUDG_AG_IT_MAN
DOC_JUDG_CJ_1982_0288_19831115,ACT_EU_INST_CJEU_JUDG_AG_FR_ROZ
DOC_JUDG_CJ_1982_0289_19831006,ACT_EU_INST_CJEU_JUDG_AG_IT_MAN
DOC_JUDG_CJ_1982_0290_19831117,ACT_EU_INST_CJEU_JUDG_AG_NL_LOR_THE
DOC_JUDG_CJ_1982_0292_19831117,ACT_EU_INST_CJEU_JUDG_AG_UK_SLY
DOC_JUDG_CJ_1982_0294_19840228,ACT_EU_INST_CJEU_JUDG_AG_IT_MAN
DOC_JUDG_CJ_1982_0295_19840209,ACT_EU_INST_CJEU_JUDG_AG_FR_ROZ
DOC_JUDG_CJ_1982_0296_19850313,ACT_EU_INST_CJEU_JUDG_AG_UK_SLY
DOC_JUDG_CJ_1982_0297_19831026,ACT_EU_INST_CJEU_JUDG_AG_NL_LOR_THE
DOC_JUDG_CJ_1982_0298_19840405,ACT_EU_INST_CJEU_JUDG_AG_FR_ROZ
DOC_JUDG_CJ_1982_0299_19831020,ACT_EU_INST_CJEU_JUDG_AG_IT_MAN
DOC_JUDG_CJ_1982_0300_19831110,ACT_EU_INST_CJEU_JUDG_AG_NL_LOR_THE
DOC_JUDG_CJ_1982_0301_19840126,ACT_EU_INST_CJEU_JUDG_AG_IT_MAN
DOC_JUDG_CJ_1982_0311_19830922,ACT_EU_INST_CJEU_JUDG_AG_FR_ROZ
DOC_JUDG_CJ_1982_0313_19840315,ACT_EU_INST_CJEU_JUDG_AG_NL_LOR_THE
DOC_JUDG_CJ_1982_0314_19840320,ACT_EU_INST_CJEU_JUDG_AG_IT_MAN
DOC_JUDG_CJ_1982_0316_19840209,ACT_EU_INST_CJEU_JUDG_AG_FR_ROZ
DOC_JUDG_CJ_1982_0317_19830622,ACT_EU_INST_CJEU_JUDG_AG_FR_ROZ
DOC_JUDG_CJ_1982_0319_19831214,ACT_EU_INST_CJEU_JUDG_AG_NL_LOR_THE
DOC_JUDG_CJ_1982_0320_19831124,ACT_EU_INST_CJEU_JUDG_AG_FR_ROZ
DOC_JUDG_CJ_1982_0321_19831027,ACT_EU_INST_CJEU_JUDG_AG_FR_ROZ
DOC_JUDG_CJ_1982_0322_19831115,ACT_EU_INST_CJEU_JUDG_AG_FR_ROZ
DOC_JUDG_CJ_1982_0323_19841114,ACT_EU_INST_CJEU_JUDG_AG_NL_LOR_THE
DOC_JUDG_CJ_1982_0324_19840410,ACT_EU_INST_CJEU_JUDG_AG_NL_LOR_THE
DOC_JUDG_CJ_1982_0325_19840214,ACT_EU_INST_CJEU_JUDG_AG_FR_ROZ
DOC_JUDG_CJ_1982_0326_19840530,ACT_EU_INST_CJEU_JUDG_AG_FR_DAR
DOC_JUDG_CJ_1982_0327_19840118,ACT_EU_INST_CJEU_JUDG_AG_NL_LOR_THE
DOC_JUDG_CJ_1982_0337_19840221,ACT_EU_INST_CJEU_JUDG_AG_DE_REI
DOC_JUDG_CJ_1982_0338_19840517,ACT_EU_INST_CJEU_JUDG_AG_IT_MAN
DOC_JUDG_CJ_1982_0342_19831124,ACT_EU_INST_CJEU_JUDG_AG_UK_SLY
DOC_JUDG_CJ_1982_0343_19831201,ACT_EU_INST_CJEU_JUDG_AG_DE_REI
DOC_JUDG_CJ_1982_0344_19840209,ACT_EU_INST_CJEU_JUDG_AG_UK_SLY
DOC_JUDG_CJ_1982_0345_19840412,ACT_EU_INST_CJEU_JUDG_AG_FR_ROZ
DOC_JUDG_CJ_1982_0346_19840530,ACT_EU_INST_CJEU_JUDG_AG_UK_SLY
DOC_JUDG_CJ_1982_0347_19840405,ACT_EU_INST_CJEU_JUDG_AG_NL_LOR_THE
DOC_JUDG_CJ_1982_0348_19840315,ACT_EU_INST_CJEU_JUDG_AG_DE_REI
DOC_JUDG_CJ_1983_0001_19840131,ACT_EU_INST_CJEU_JUDG_AG_IT_MAN
DOC_JUDG_CJ_1983_0002_19840214,ACT_EU_INST_CJEU_JUDG_AG_DE_REI
DOC_JUDG_CJ_1983_0003_19850703,ACT_EU_INST_CJEU_JUDG_AG_FR_DAR
DOC_JUDG_CJ_1983_0005_19831215,ACT_EU_INST_CJEU_JUDG_AG_UK_SLY
DOC_JUDG_CJ_1983_0007_19840209,ACT_EU_INST_CJEU_JUDG_AG_IT_MAN
DOC_JUDG_CJ_1983_0008_19840328,ACT_EU_INST_CJEU_JUDG_AG_NL_LOR_THE
DOC_JUDG_CJ_1983_0009_19840516,ACT_EU_INST_CJEU_JUDG_AG_NL_LOR_THE
DOC_JUDG_CJ_1983_0010_19840301,ACT_EU_INST_CJEU_JUDG_AG_NL_LOR_THE
DOC_JUDG_CJ_1983_0012_19840517,ACT_EU_INST_CJEU_JUDG_AG_NL_LOR_THE
DOC_JUDG_CJ_1983_0013_19850522,ACT_EU_INST_CJEU_JUDG_AG_DE_LEN
DOC_JUDG_CJ_1983_0014_19840410,ACT_EU_INST_CJEU_JUDG_AG_FR_ROZ
DOC_JUDG_CJ_1983_0015_19840517,ACT_EU_INST_CJEU_JUDG_AG_IT_MAN
DOC_JUDG_CJ_1983_0016_19840313,ACT_EU_INST_CJEU_JUDG_AG_UK_SLY
DOC_JUDG_CJ_1983_0017_19840712,ACT_EU_INST_CJEU_JUDG_AG_DE_LEN
DOC_JUDG_CJ_1983_0018_19831201,ACT_EU_INST_CJEU_JUDG_AG_IT_MAN
DOC_JUDG_CJ_1983_0019_19850207,ACT_EU_INST_CJEU_JUDG_AG_UK_SLY
DOC_JUDG_CJ_1983_0020_19841213,ACT_EU_INST_CJEU_JUDG_AG_FR_DAR
DOC_JUDG_CJ_1983_0023_19840918,ACT_EU_INST_CJEU_JUDG_AG_UK_SLY
DOC_JUDG_CJ_1983_0024_19840214,ACT_EU_INST_CJEU_JUDG_AG_UK_SLY
DOC_JUDG_CJ_1983_0025_19840329,ACT_EU_INST_CJEU_JUDG_AG_DE_LEN
DOC_JUDG_CJ_1983_0028_19840315,ACT_EU_INST_CJEU_JUDG_AG_NL_LOR_THE
DOC_JUDG_CJ_1983_0029_19840328,ACT_EU_INST_CJEU_JUDG_AG_FR_ROZ
DOC_JUDG_CJ_1983_0035_19850130,ACT_EU_INST_CJEU_JUDG_AG_UK_SLY
DOC_JUDG_CJ_1983_0036_19840628,ACT_EU_INST_CJEU_JUDG_AG_UK_SLY
DOC_JUDG_CJ_1983_0037_19840229,ACT_EU_INST_CJEU_JUDG_AG_UK_SLY
DOC_JUDG_CJ_1983_0038_19840927,ACT_EU_INST_CJEU_JUDG_AG_DE_LEN
DOC_JUDG_CJ_1983_0039_19840209,ACT_EU_INST_CJEU_JUDG_AG_UK_SLY
DOC_JUDG_CJ_1983_0041_19850320,ACT_EU_INST_CJEU_JUDG_AG_FR_DAR
DOC_JUDG_CJ_1983_0042_19840710,ACT_EU_INST_CJEU_JUDG_AG_IT_MAN
DOC_JUDG_CJ_1983_0045_19840126,ACT_EU_INST_CJEU_JUDG_AG_NL_LOR_THE
DOC_JUDG_CJ_1983_0046_19840216,ACT_EU_INST_CJEU_JUDG_AG_DE_REI
DOC_JUDG_CJ_1983_0047_19840328,ACT_EU_INST_CJEU_JUDG_AG_FR_ROZ
DOC_JUDG_CJ_1983_0049_19840712,ACT_EU_INST_CJEU_JUDG_AG_FR_DAR
DOC_JUDG_CJ_1983_0050_19840327,ACT_EU_INST_CJEU_JUDG_AG_UK_SLY
DOC_JUDG_CJ_1983_0051_19840711,ACT_EU_INST_CJEU_JUDG_AG_DE_LEN
DOC_JUDG_CJ_1983_0052_19831115,ACT_EU_INST_CJEU_JUDG_AG_IT_MAN
DOC_JUDG_CJ_1983_0053_19850523,ACT_EU_INST_CJEU_JUDG_AG_NL_LOR_THE
DOC_JUDG_CJ_1983_0055_19850227,ACT_EU_INST_CJEU_JUDG_AG_UK_SLY
DOC_JUDG_CJ_1983_0056_19850227,ACT_EU_INST_CJEU_JUDG_AG_UK_SLY
DOC_JUDG_CJ_1983_0058_19840510,ACT_EU_INST_CJEU_JUDG_AG_IT_MAN
DOC_JUDG_CJ_1983_0059_19841206,ACT_EU_INST_CJEU_JUDG_AG_UK_SLY
DOC_JUDG_CJ_1983_0060_19840209,ACT_EU_INST_CJEU_JUDG_AG_DE_REI
DOC_JUDG_CJ_1983_0062_19840530,ACT_EU_INST_CJEU_JUDG_AG_DE_LEN
DOC_JUDG_CJ_1983_0063_19840710,ACT_EU_INST_CJEU_JUDG_AG_FR_DAR
DOC_JUDG_CJ_1983_0064_19840209,ACT_EU_INST_CJEU_JUDG_AG_UK_SLY
DOC_JUDG_CJ_1983_0065_19840119,ACT_EU_INST_CJEU_JUDG_AG_IT_MAN
DOC_JUDG_CJ_1983_0066_19850711,ACT_EU_INST_CJEU_JUDG_AG_NL_LOR_THE
DOC_JUDG_CJ_1983_0069_19840621,ACT_EU_INST_CJEU_JUDG_AG_NL_LOR_THE
DOC_JUDG_CJ_1983_0070_19840222,ACT_EU_INST_CJEU_JUDG_AG_NL_LOR_THE
DOC_JUDG_CJ_1983_0071_19840619,ACT_EU_INST_CJEU_JUDG_AG_UK_SLY
DOC_JUDG_CJ_1983_0072_19840710,ACT_EU_INST_CJEU_JUDG_AG_UK_SLY
DOC_JUDG_CJ_1983_0076_19840216,ACT_EU_INST_CJEU_JUDG_AG_FR_ROZ
DOC_JUDG_CJ_1983_0077_19840229,ACT_EU_INST_CJEU_JUDG_AG_IT_MAN
DOC_JUDG_CJ_1983_0078_19841213,ACT_EU_INST_CJEU_JUDG_AG_UK_SLY
DOC_JUDG_CJ_1983_0079_19840410,ACT_EU_INST_CJEU_JUDG_AG_FR_ROZ
DOC_JUDG_CJ_1983_0081_19840712,ACT_EU_INST_CJEU_JUDG_AG_DE_LEN
DOC_JUDG_CJ_1983_0083_19840517,ACT_EU_INST_CJEU_JUDG_AG_UK_SLY
DOC_JUDG_CJ_1983_0089_19840711,ACT_EU_INST_CJEU_JUDG_AG_DE_LEN
DOC_JUDG_CJ_1983_0090_19840322,ACT_EU_INST_CJEU_JUDG_AG_NL_LOR_THE
DOC_JUDG_CJ_1983_0091_19841009,ACT_EU_INST_CJEU_JUDG_AG_IT_MAN
DOC_JUDG_CJ_1983_0092_19840322,ACT_EU_INST_CJEU_JUDG_AG_DE_LEN
DOC_JUDG_CJ_1983_0093_19840223,ACT_EU_INST_CJEU_JUDG_AG_FR_ROZ
DOC_JUDG_CJ_1983_0094_19840919,ACT_EU_INST_CJEU_JUDG_AG_DE_LEN
DOC_JUDG_CJ_1983_0097_19840606,ACT_EU_INST_CJEU_JUDG_AG_NL_LOR_THE
DOC_JUDG_CJ_1983_0098_19841113,ACT_EU_INST_CJEU_JUDG_AG_IT_MAN
DOC_JUDG_CJ_1983_0099_19841127,ACT_EU_INST_CJEU_JUDG_AG_UK_SLY
DOC_JUDG_CJ_1983_0101_19840517,ACT_EU_INST_CJEU_JUDG_AG_UK_SLY
DOC_JUDG_CJ_1983_0103_19841011,ACT_EU_INST_CJEU_JUDG_AG_UK_SLY
DOC_JUDG_CJ_1983_0104_19840301,ACT_EU_INST_CJEU_JUDG_AG_IT_MAN
DOC_JUDG_CJ_1983_0105_19840516,ACT_EU_INST_CJEU_JUDG_AG_DE_LEN
DOC_JUDG_CJ_1983_0106_19841213,ACT_EU_INST_CJEU_JUDG_AG_NL_LOR_THE
DOC_JUDG_CJ_1983_0107_19840712,ACT_EU_INST_CJEU_JUDG_AG_UK_SLY
DOC_JUDG_CJ_1983_0108_19840410,ACT_EU_INST_CJEU_JUDG_AG_IT_MAN
DOC_JUDG_CJ_1983_0109_19841018,ACT_EU_INST_CJEU_JUDG_AG_DE_LEN
DOC_JUDG_CJ_1983_0111_19840530,ACT_EU_INST_CJEU_JUDG_AG_DE_LEN
DOC_JUDG_CJ_1983_0112_19850227,ACT_EU_INST_CJEU_JUDG_AG_FR_DAR
DOC_JUDG_CJ_1983_0113_19841213,ACT_EU_INST_CJEU_JUDG_AG_DE_LEN
DOC_JUDG_CJ_1983_0114_19840705,ACT_EU_INST_CJEU_JUDG_AG_UK_SLY
DOC_JUDG_CJ_1983_0115_19840705,ACT_EU_INST_CJEU_JUDG_AG_IT_MAN
DOC_JUDG_CJ_1983_0116_19840621,ACT_EU_INST_CJEU_JUDG_AG_UK_SLY
DOC_JUDG_CJ_1983_0117_19840925,ACT_EU_INST_CJEU_JUDG_AG_NL_LOR_THE
DOC_JUDG_CJ_1983_0118_19850710,ACT_EU_INST_CJEU_JUDG_AG_NL_LOR_THE
DOC_JUDG_CJ_1983_0119_19850711,ACT_EU_INST_CJEU_JUDG_AG_NL_LOR_THE
DOC_JUDG_CJ_1983_0121_19840515,ACT_EU_INST_CJEU_JUDG_AG_IT_MAN
DOC_JUDG_CJ_1983_0123_19850130,ACT_EU_INST_CJEU_JUDG_AG_UK_SLY
DOC_JUDG_CJ_1983_0124_19851205,ACT_EU_INST_CJEU_JUDG_AG_NL_LOR_THE
DOC_JUDG_CJ_1983_0125_19851001,ACT_EU_INST_CJEU_JUDG_AG_NL_LOR_THE
DOC_JUDG_CJ_1983_0126_19840710,ACT_EU_INST_CJEU_JUDG_AG_NL_LOR_THE
DOC_JUDG_CJ_1983_0128_19841011,ACT_EU_INST_CJEU_JUDG_AG_IT_MAN
DOC_JUDG_CJ_1983_0129_19840607,ACT_EU_INST_CJEU_JUDG_AG_IT_MAN
DOC_JUDG_CJ_1983_0130_19840711,ACT_EU_INST_CJEU_JUDG_AG_NL_LOR_THE
DOC_JUDG_CJ_1983_0133_19840711,ACT_EU_INST_CJEU_JUDG_AG_DE_LEN
DOC_JUDG_CJ_1983_0134_19841211,ACT_EU_INST_CJEU_JUDG_AG_NL_LOR_THE
DOC_JUDG_CJ_1983_0135_19850207,ACT_EU_INST_CJEU_JUDG_AG_UK_SLY
DOC_JUDG_CJ_1983_0143_19850130,ACT_EU_INST_CJEU_JUDG_AG_NL_LOR_THE
DOC_JUDG_CJ_1983_0145_19851107,ACT_EU_INST_CJEU_JUDG_AG_IT_MAN
DOC_JUDG_CJ_1983_0147_19850129,ACT_EU_INST_CJEU_JUDG_AG_NL_LOR_THE
DOC_JUDG_CJ_1983_0151_19841011,ACT_EU_INST_CJEU_JUDG_AG_UK_SLY
DOC_JUDG_CJ_1983_0152_19871006,ACT_EU_INST_CJEU_JUDG_AG_UK_SLY
DOC_JUDG_CJ_1983_0154_19850502,ACT_EU_INST_CJEU_JUDG_AG_DE_LEN
DOC_JUDG_CJ_1983_0168_19850115,ACT_EU_INST_CJEU_JUDG_AG_FR_DAR
DOC_JUDG_CJ_1983_0169_19861008,ACT_EU_INST_CJEU_JUDG_AG_UK_SLY
DOC_JUDG_CJ_1983_0170_19840712,ACT_EU_INST_CJEU_JUDG_AG_DE_LEN
DOC_JUDG_CJ_1983_0172_19850919,ACT_EU_INST_CJEU_JUDG_AG_UK_SLY
DOC_JUDG_CJ_1983_0173_19850207,ACT_EU_INST_CJEU_JUDG_AG_DE_LEN
DOC_JUDG_CJ_1983_0174_19850704,ACT_EU_INST_CJEU_JUDG_AG_IT_MAN
DOC_JUDG_CJ_1983_0174_19860930,ACT_EU_INST_CJEU_JUDG_AG_IT_MAN
DOC_JUDG_CJ_1983_0175_19850704,ACT_EU_INST_CJEU_JUDG_AG_IT_MAN
DOC_JUDG_CJ_1983_0175_19860930,ACT_EU_INST_CJEU_JUDG_AG_IT_MAN
DOC_JUDG_CJ_1983_0176_19850704,ACT_EU_INST_CJEU_JUDG_AG_IT_MAN
DOC_JUDG_CJ_1983_0176_19860930,ACT_EU_INST_CJEU_JUDG_AG_IT_MAN
DOC_JUDG_CJ_1983_0177_19841106,ACT_EU_INST_CJEU_JUDG_AG_DE_LEN
DOC_JUDG_CJ_1983_0178_19840712,ACT_EU_INST_CJEU_JUDG_AG_FR_DAR
DOC_JUDG_CJ_1983_0179_19850207,ACT_EU_INST_CJEU_JUDG_AG_UK_SLY
DOC_JUDG_CJ_1983_0180_19840628,ACT_EU_INST_CJEU_JUDG_AG_UK_SLY
DOC_JUDG_CJ_1983_0181_19841129,ACT_EU_INST_CJEU_JUDG_AG_DE_LEN
DOC_JUDG_CJ_1983_0182_19841106,ACT_EU_INST_CJEU_JUDG_AG_FR_DAR
DOC_JUDG_CJ_1983_0183_19851112,ACT_EU_INST_CJEU_JUDG_AG_IT_MAN
DOC_JUDG_CJ_1983_0184_19840712,ACT_EU_INST_CJEU_JUDG_AG_FR_DAR
DOC_JUDG_CJ_1983_0185_19841025,ACT_EU_INST_CJEU_JUDG_AG_NL_LOR_THE
DOC_JUDG_CJ_1983_0186_19850207,ACT_EU_INST_CJEU_JUDG_AG_UK_SLY
DOC_JUDG_CJ_1983_0187_19840628,ACT_EU_INST_CJEU_JUDG_AG_NL_LOR_THE
DOC_JUDG_CJ_1983_0188_19841009,ACT_EU_INST_CJEU_JUDG_AG_IT_MAN
DOC_JUDG_CJ_1983_0191_19841113,ACT_EU_INST_CJEU_JUDG_AG_FR_DAR
DOC_JUDG_CJ_1983_0192_19850919,ACT_EU_INST_CJEU_JUDG_AG_UK_SLY
DOC_JUDG_CJ_1983_0193_19860225,ACT_EU_INST_CJEU_JUDG_AG_DE_LEN
DOC_JUDG_CJ_1983_0194_19850919,ACT_EU_INST_CJEU_JUDG_AG_UK_SLY
DOC_JUDG_CJ_1983_0207_19850425,ACT_EU_INST_CJEU_JUDG_AG_FR_DAR
DOC_JUDG_CJ_1983_0209_19840712,ACT_EU_INST_CJEU_JUDG_AG_NL_LOR_THE
DOC_JUDG_CJ_1983_0211_19851015,ACT_EU_INST_CJEU_JUDG_AG_FR_DAR
DOC_JUDG_CJ_1983_0214_19851003,ACT_EU_INST_CJEU_JUDG_AG_NL_LOR_THE
DOC_JUDG_CJ_1983_0215_19850328,ACT_EU_INST_CJEU_JUDG_AG_UK_SLY
DOC_JUDG_CJ_1983_0218_19840712,ACT_EU_INST_CJEU_JUDG_AG_UK_SLY
DOC_JUDG_CJ_1983_0220_19861204,ACT_EU_INST_CJEU_JUDG_AG_UK_SLY
DOC_JUDG_CJ_1983_0221_19840918,ACT_EU_INST_CJEU_JUDG_AG_UK_SLY
DOC_JUDG_CJ_1983_0222_19840711,ACT_EU_INST_CJEU_JUDG_AG_DE_LEN
DOC_JUDG_CJ_1983_0224_19840530,ACT_EU_INST_CJEU_JUDG_AG_FR_DAR
DOC_JUDG_CJ_1983_0227_19840712,ACT_EU_INST_CJEU_JUDG_AG_DE_LEN
DOC_JUDG_CJ_1983_0228_19850129,ACT_EU_INST_CJEU_JUDG_AG_IT_MAN
DOC_JUDG_CJ_1983_0229_19850110,ACT_EU_INST_CJEU_JUDG_AG_FR_DAR
DOC_JUDG_CJ_1983_0231_19850129,ACT_EU_INST_CJEU_JUDG_AG_NL_LOR_THE
DOC_JUDG_CJ_1983_0233_19850704,ACT_EU_INST_CJEU_JUDG_AG_IT_MAN
DOC_JUDG_CJ_1983_0233_19860930,ACT_EU_INST_CJEU_JUDG_AG_IT_MAN
DOC_JUDG_CJ_1983_0234_19850129,ACT_EU_INST_CJEU_JUDG_AG_IT_MAN
DOC_JUDG_CJ_1983_0235_19840927,ACT_EU_INST_CJEU_JUDG_AG_UK_SLY
DOC_JUDG_CJ_1983_0236_19841115,ACT_EU_INST_CJEU_JUDG_AG_NL_LOR_THE
DOC_JUDG_CJ_1983_0237_19840712,ACT_EU_INST_CJEU_JUDG_AG_DE_LEN
DOC_JUDG_CJ_1983_0238_19840705,ACT_EU_INST_CJEU_JUDG_AG_IT_MAN
DOC_JUDG_CJ_1983_0240_19850207,ACT_EU_INST_CJEU_JUDG_AG_DE_LEN
DOC_JUDG_CJ_1983_0241_19850115,ACT_EU_INST_CJEU_JUDG_AG_UK_SLY
DOC_JUDG_CJ_1983_0242_19840712,ACT_EU_INST_CJEU_JUDG_AG_FR_DAR
DOC_JUDG_CJ_1983_0243_19850703,ACT_EU_INST_CJEU_JUDG_AG_UK_SLY
DOC_JUDG_CJ_1983_0244_19860318,ACT_EU_INST_CJEU_JUDG_AG_NL_LOR_THE
DOC_JUDG_CJ_1983_0246_19850502,ACT_EU_INST_CJEU_JUDG_AG_FR_DAR
DOC_JUDG_CJ_1983_0247_19850704,ACT_EU_INST_CJEU_JUDG_AG_IT_MAN
DOC_JUDG_CJ_1983_0247_19860930,ACT_EU_INST_CJEU_JUDG_AG_IT_MAN
DOC_JUDG_CJ_1983_0248_19850521,ACT_EU_INST_CJEU_JUDG_AG_IT_MAN
DOC_JUDG_CJ_1983_0249_19850327,ACT_EU_INST_CJEU_JUDG_AG_FR_DAR
DOC_JUDG_CJ_1983_0250_19850115,ACT_EU_INST_CJEU_JUDG_AG_DE_LEN
DOC_JUDG_CJ_1983_0251_19841213,ACT_EU_INST_CJEU_JUDG_AG_DE_LEN
DOC_JUDG_CJ_1983_0252_19861204,ACT_EU_INST_CJEU_JUDG_AG_UK_SLY
DOC_JUDG_CJ_1983_0253_19850115,ACT_EU_INST_CJEU_JUDG_AG_DE_LEN
DOC_JUDG_CJ_1983_0254_19841003,ACT_EU_INST_CJEU_JUDG_AG_UK_SLY
DOC_JUDG_CJ_1983_0255_19850711,ACT_EU_INST_CJEU_JUDG_AG_DE_LEN
DOC_JUDG_CJ_1983_0257_19841016,ACT_EU_INST_CJEU_JUDG_AG_FR_DAR
DOC_JUDG_CJ_1983_0258_19841127,ACT_EU_INST_CJEU_JUDG_AG_UK_SLY
DOC_JUDG_CJ_1983_0261_19840712,ACT_EU_INST_CJEU_JUDG_AG_NL_LOR_THE
DOC_JUDG_CJ_1983_0263_19850321,ACT_EU_INST_CJEU_JUDG_AG_NL_LOR_THE
DOC_JUDG_CJ_1983_0264_19850704,ACT_EU_INST_CJEU_JUDG_AG_IT_MAN
DOC_JUDG_CJ_1983_0264_19860930,ACT_EU_INST_CJEU_JUDG_AG_IT_MAN
DOC_JUDG_CJ_1983_0265_19841129,ACT_EU_INST_CJEU_JUDG_AG_DE_LEN
DOC_JUDG_CJ_1983_0266_19850115,ACT_EU_INST_CJEU_JUDG_AG_UK_SLY
DOC_JUDG_CJ_1983_0267_19850213,ACT_EU_INST_CJEU_JUDG_AG_FR_DAR
DOC_JUDG_CJ_1983_0268_19850214,ACT_EU_INST_CJEU_JUDG_AG_UK_SLY
DOC_JUDG_CJ_1983_0269_19850314,ACT_EU_INST_CJEU_JUDG_AG_DE_LEN
DOC_JUDG_CJ_1983_0270_19860128,ACT_EU_INST_CJEU_JUDG_AG_IT_MAN
DOC_JUDG_CJ_1983_0271_19870115,ACT_EU_INST_CJEU_JUDG_AG_LU_MIS
DOC_JUDG_CJ_1983_0272_19850328,ACT_EU_INST_CJEU_JUDG_AG_DE_LEN
DOC_JUDG_CJ_1983_0273_19850129,ACT_EU_INST_CJEU_JUDG_AG_DE_LEN
DOC_JUDG_CJ_1983_0274_19850328,ACT_EU_INST_CJEU_JUDG_AG_DE_LEN
DOC_JUDG_CJ_1983_0275_19850328,ACT_EU_INST_CJEU_JUDG_AG_FR_DAR
DOC_JUDG_CJ_1983_0277_19850703,ACT_EU_INST_CJEU_JUDG_AG_UK_SLY
DOC_JUDG_CJ_1983_0278_19850711,ACT_EU_INST_CJEU_JUDG_AG_UK_SLY
DOC_JUDG_CJ_1983_0279_19841003,ACT_EU_INST_CJEU_JUDG_AG_DE_LEN
DOC_JUDG_CJ_1983_0280_19840605,ACT_EU_INST_CJEU_JUDG_AG_UK_SLY
DOC_JUDG_CJ_1983_0281_19851015,ACT_EU_INST_CJEU_JUDG_AG_FR_DAR
DOC_JUDG_CJ_1983_0283_19841113,ACT_EU_INST_CJEU_JUDG_AG_NL_LOR_THE
DOC_JUDG_CJ_1983_0284_19850212,ACT_EU_INST_CJEU_JUDG_AG_DE_LEN
DOC_JUDG_CJ_1983_0286_19890713,ACT_EU_INST_CJEU_JUDG_AG_LU_MIS
DOC_JUDG_CJ_1983_0288_19850611,ACT_EU_INST_CJEU_JUDG_AG_FR_DAR
DOC_JUDG_CJ_1983_0289_19841213,ACT_EU_INST_CJEU_JUDG_AG_UK_SLY
DOC_JUDG_CJ_1983_0290_19850130,ACT_EU_INST_CJEU_JUDG_AG_IT_MAN
DOC_JUDG_CJ_1983_0293_19850213,ACT_EU_INST_CJEU_JUDG_AG_UK_SLY
DOC_JUDG_CJ_1983_0294_19860423,ACT_EU_INST_CJEU_JUDG_AG_IT_MAN
DOC_JUDG_CJ_1983_0298_19850328,ACT_EU_INST_CJEU_JUDG_AG_DE_LEN
DOC_JUDG_CJ_1983_0299_19850711,ACT_EU_INST_CJEU_JUDG_AG_DE_LEN
DOC_JUDG_CJ_1984_0002_19850328,ACT_EU_INST_CJEU_JUDG_AG_FR_DAR
DOC_JUDG_CJ_1984_0003_19850515,ACT_EU_INST_CJEU_JUDG_AG_DE_LEN
DOC_JUDG_CJ_1984_0004_19850327,ACT_EU_INST_CJEU_JUDG_AG_IT_MAN
DOC_JUDG_CJ_1984_0005_19850213,ACT_EU_INST_CJEU_JUDG_AG_NL_LOR_THE
DOC_JUDG_CJ_1984_0006_19850307,ACT_EU_INST_CJEU_JUDG_AG_IT_MAN
DOC_JUDG_CJ_1984_0011_19850925,ACT_EU_INST_CJEU_JUDG_AG_UK_SLY
DOC_JUDG_CJ_1984_0012_19850327,ACT_EU_INST_CJEU_JUDG_AG_UK_SLY
DOC_JUDG_CJ_1984_0013_19870121,ACT_EU_INST_CJEU_JUDG_AG_UK_SLY
DOC_JUDG_CJ_1984_0014_19841213,ACT_EU_INST_CJEU_JUDG_AG_NL_LOR_THE
DOC_JUDG_CJ_1984_0016_19850710,ACT_EU_INST_CJEU_JUDG_AG_FR_DAR
DOC_JUDG_CJ_1984_0017_19850710,ACT_EU_INST_CJEU_JUDG_AG_FR_DAR
DOC_JUDG_CJ_1984_0018_19850507,ACT_EU_INST_CJEU_JUDG_AG_IT_MAN
DOC_JUDG_CJ_1984_0019_19850709,ACT_EU_INST_CJEU_JUDG_AG_IT_MAN
DOC_JUDG_CJ_1984_0020_19850703,ACT_EU_INST_CJEU_JUDG_AG_NL_LOR_THE
DOC_JUDG_CJ_1984_0021_19850509,ACT_EU_INST_CJEU_JUDG_AG_DE_LEN
DOC_JUDG_CJ_1984_0023_19861202,ACT_EU_INST_CJEU_JUDG_AG_LU_MIS
DOC_JUDG_CJ_1984_0025_19850917,ACT_EU_INST_CJEU_JUDG_AG_UK_SLY
DOC_JUDG_CJ_1984_0027_19850710,ACT_EU_INST_CJEU_JUDG_AG_FR_DAR
DOC_JUDG_CJ_1984_0028_19851003,ACT_EU_INST_CJEU_JUDG_AG_FR_DAR
DOC_JUDG_CJ_1984_0029_19850523,ACT_EU_INST_CJEU_JUDG_AG_UK_SLY
DOC_JUDG_CJ_1984_0030_19850307,ACT_EU_INST_CJEU_JUDG_AG_IT_MAN
DOC_JUDG_CJ_1984_0032_19850307,ACT_EU_INST_CJEU_JUDG_AG_FR_DAR
DOC_JUDG_CJ_1984_0033_19850522,ACT_EU_INST_CJEU_JUDG_AG_DE_LEN
DOC_JUDG_CJ_1984_0034_19850925,ACT_EU_INST_CJEU_JUDG_AG_UK_SLY
DOC_JUDG_CJ_1984_0035_19860218,ACT_EU_INST_CJEU_JUDG_AG_DE_LEN
DOC_JUDG_CJ_1984_0038_19850502,ACT_EU_INST_CJEU_JUDG_AG_FR_DAR
DOC_JUDG_CJ_1984_0039_19850703,ACT_EU_INST_CJEU_JUDG_AG_DE_LEN
DOC_JUDG_CJ_1984_0040_19850214,ACT_EU_INST_CJEU_JUDG_AG_NL_LOR_THE
DOC_JUDG_CJ_1984_0041_19860115,ACT_EU_INST_CJEU_JUDG_AG_IT_MAN
DOC_JUDG_CJ_1984_0042_19850711,ACT_EU_INST_CJEU_JUDG_AG_DE_LEN
DOC_JUDG_CJ_1984_0043_19850711,ACT_EU_INST_CJEU_JUDG_AG_FR_DAR
DOC_JUDG_CJ_1984_0044_19860115,ACT_EU_INST_CJEU_JUDG_AG_UK_SLY
DOC_JUDG_CJ_1984_0046_19851003,ACT_EU_INST_CJEU_JUDG_AG_DE_LEN
DOC_JUDG_CJ_1984_0047_19850521,ACT_EU_INST_CJEU_JUDG_AG_FR_DAR
DOC_JUDG_CJ_1984_0048_19850307,ACT_EU_INST_CJEU_JUDG_AG_UK_SLY
DOC_JUDG_CJ_1984_0049_19850611,ACT_EU_INST_CJEU_JUDG_AG_NL_LOR_THE
DOC_JUDG_CJ_1984_0050_19841127,ACT_EU_INST_CJEU_JUDG_AG_IT_MAN
DOC_JUDG_CJ_1984_0051_19850704,ACT_EU_INST_CJEU_JUDG_AG_IT_MAN
DOC_JUDG_CJ_1984_0052_19860115,ACT_EU_INST_CJEU_JUDG_AG_DE_LEN
DOC_JUDG_CJ_1984_0053_19851107,ACT_EU_INST_CJEU_JUDG_AG_IT_MAN
DOC_JUDG_CJ_1984_0054_19850321,ACT_EU_INST_CJEU_JUDG_AG_FR_DAR
DOC_JUDG_CJ_1984_0058_19850604,ACT_EU_INST_CJEU_JUDG_AG_FR_DAR
DOC_JUDG_CJ_1984_0059_19860305,ACT_EU_INST_CJEU_JUDG_AG_NL_LOR_THE
DOC_JUDG_CJ_1984_0060_19850711,ACT_EU_INST_CJEU_JUDG_AG_UK_SLY
DOC_JUDG_CJ_1984_0063_19850919,ACT_EU_INST_CJEU_JUDG_AG_DE_LEN
DOC_JUDG_CJ_1984_0064_19850620,ACT_EU_INST_CJEU_JUDG_AG_NL_LOR_THE
DOC_JUDG_CJ_1984_0066_19850321,ACT_EU_INST_CJEU_JUDG_AG_NL_LOR_THE
DOC_JUDG_CJ_1984_0067_19851212,ACT_EU_INST_CJEU_JUDG_AG_IT_MAN
DOC_JUDG_CJ_1984_0069_19850620,ACT_EU_INST_CJEU_JUDG_AG_UK_SLY
DOC_JUDG_CJ_1984_0071_19850925,ACT_EU_INST_CJEU_JUDG_AG_DE_LEN
DOC_JUDG_CJ_1984_0073_19850327,ACT_EU_INST_CJEU_JUDG_AG_FR_DAR
DOC_JUDG_CJ_1984_0075_19861022,ACT_EU_INST_CJEU_JUDG_AG_NL_LOR_THE
DOC_JUDG_CJ_1984_0076_19870121,ACT_EU_INST_CJEU_JUDG_AG_DE_LEN
DOC_JUDG_CJ_1984_0079_19850925,ACT_EU_INST_CJEU_JUDG_AG_UK_SLY
DOC_JUDG_CJ_1984_0081_19850502,ACT_EU_INST_CJEU_JUDG_AG_IT_MAN
DOC_JUDG_CJ_1984_0086_19850321,ACT_EU_INST_CJEU_JUDG_AG_DE_LEN
DOC_JUDG_CJ_1984_0089_19850514,ACT_EU_INST_CJEU_JUDG_AG_UK_SLY
DOC_JUDG_CJ_1984_0091_19850328,ACT_EU_INST_CJEU_JUDG_AG_NL_LOR_THE
DOC_JUDG_CJ_1984_0093_19850313,ACT_EU_INST_CJEU_JUDG_AG_UK_SLY
DOC_JUDG_CJ_1984_0094_19850620,ACT_EU_INST_CJEU_JUDG_AG_NL_LOR_THE
DOC_JUDG_CJ_1984_0095_19860710,ACT_EU_INST_CJEU_JUDG_AG_UK_SLY
DOC_JUDG_CJ_1984_0096_19850328,ACT_EU_INST_CJEU_JUDG_AG_DE_LEN
DOC_JUDG_CJ_1984_0100_19850328,ACT_EU_INST_CJEU_JUDG_AG_IT_MAN
DOC_JUDG_CJ_1984_0101_19850711,ACT_EU_INST_CJEU_JUDG_AG_FR_DAR
DOC_JUDG_CJ_1984_0103_19860605,ACT_EU_INST_CJEU_JUDG_AG_DE_LEN
DOC_JUDG_CJ_1984_0104_19850704,ACT_EU_INST_CJEU_JUDG_AG_FR_DAR
DOC_JUDG_CJ_1984_0105_19850711,ACT_EU_INST_CJEU_JUDG_AG_UK_SLY
DOC_JUDG_CJ_1984_0106_19860304,ACT_EU_INST_CJEU_JUDG_AG_NL_LOR_THE
DOC_JUDG_CJ_1984_0107_19850711,ACT_EU_INST_CJEU_JUDG_AG_FR_DAR
DOC_JUDG_CJ_1984_0108_19850321,ACT_EU_INST_CJEU_JUDG_AG_UK_SLY
DOC_JUDG_CJ_1984_0109_19850502,ACT_EU_INST_CJEU_JUDG_AG_NL_LOR_THE
DOC_JUDG_CJ_1984_0110_19851211,ACT_EU_INST_CJEU_JUDG_AG_UK_SLY
DOC_JUDG_CJ_1984_0111_19850711,ACT_EU_INST_CJEU_JUDG_AG_FR_DAR
DOC_JUDG_CJ_1984_0112_19850509,ACT_EU_INST_CJEU_JUDG_AG_NL_LOR_THE
DOC_JUDG_CJ_1984_0114_19850925,ACT_EU_INST_CJEU_JUDG_AG_UK_SLY
DOC_JUDG_CJ_1984_0116_19850605,ACT_EU_INST_CJEU_JUDG_AG_DE_LEN
DOC_JUDG_CJ_1984_0117_19850604,ACT_EU_INST_CJEU_JUDG_AG_FR_DAR
DOC_JUDG_CJ_1984_0118_19850620,ACT_EU_INST_CJEU_JUDG_AG_UK_SLY
DOC_JUDG_CJ_1984_0119_19851003,ACT_EU_INST_CJEU_JUDG_AG_UK_SLY
DOC_JUDG_CJ_1984_0121_19860115,ACT_EU_INST_CJEU_JUDG_AG_UK_SLY
DOC_JUDG_CJ_1984_0122_19850327,ACT_EU_INST_CJEU_JUDG_AG_FR_DAR
DOC_JUDG_CJ_1984_0123_19850620,ACT_EU_INST_CJEU_JUDG_AG_NL_LOR_THE
DOC_JUDG_CJ_1984_0124_19850620,ACT_EU_INST_CJEU_JUDG_AG_IT_MAN
DOC_JUDG_CJ_1984_0125_19851015,ACT_EU_INST_CJEU_JUDG_AG_IT_MAN
DOC_JUDG_CJ_1984_0127_19850515,ACT_EU_INST_CJEU_JUDG_AG_UK_SLY
DOC_JUDG_CJ_1984_0128_19851007,ACT_EU_INST_CJEU_JUDG_AG_UK_SLY
DOC_JUDG_CJ_1984_0129_19860128,ACT_EU_INST_CJEU_JUDG_AG_UK_SLY
DOC_JUDG_CJ_1984_0130_19860128,ACT_EU_INST_CJEU_JUDG_AG_UK_SLY
DOC_JUDG_CJ_1984_0131_19851106,ACT_EU_INST_CJEU_JUDG_AG_NL_LOR_THE
DOC_JUDG_CJ_1984_0133_19860417,ACT_EU_INST_CJEU_JUDG_AG_NL_LOR_THE
DOC_JUDG_CJ_1984_0134_19850704,ACT_EU_INST_CJEU_JUDG_AG_IT_MAN
DOC_JUDG_CJ_1984_0137_19850711,ACT_EU_INST_CJEU_JUDG_AG_DE_LEN
DOC_JUDG_CJ_1984_0138_19850620,ACT_EU_INST_CJEU_JUDG_AG_DE_LEN
DOC_JUDG_CJ_1984_0139_19850514,ACT_EU_INST_CJEU_JUDG_AG_DE_LEN
DOC_JUDG_CJ_1984_0141_19850620,ACT_EU_INST_CJEU_JUDG_AG_NL_LOR_THE
DOC_JUDG_CJ_1984_0142_19871117,ACT_EU_INST_CJEU_JUDG_AG_IT_MAN
DOC_JUDG_CJ_1984_0143_19860206,ACT_EU_INST_CJEU_JUDG_AG_DE_LEN
DOC_JUDG_CJ_1984_0144_19850502,ACT_EU_INST_CJEU_JUDG_AG_FR_DAR
DOC_JUDG_CJ_1984_0145_19850307,ACT_EU_INST_CJEU_JUDG_AG_DE_LEN
DOC_JUDG_CJ_1984_0146_19850606,ACT_EU_INST_CJEU_JUDG_AG_UK_SLY
DOC_JUDG_CJ_1984_0148_19850702,ACT_EU_INST_CJEU_JUDG_AG_DE_LEN
DOC_JUDG_CJ_1984_0149_19850925,ACT_EU_INST_CJEU_JUDG_AG_UK_SLY
DOC_JUDG_CJ_1984_0150_19860423,ACT_EU_INST_CJEU_JUDG_AG_FR_DAR
DOC_JUDG_CJ_1984_0151_19860226,ACT_EU_INST_CJEU_JUDG_AG_UK_SLY
DOC_JUDG_CJ_1984_0152_19860226,ACT_EU_INST_CJEU_JUDG_AG_UK_SLY
DOC_JUDG_CJ_1984_0153_19860423,ACT_EU_INST_CJEU_JUDG_AG_FR_DAR
DOC_JUDG_CJ_1984_0154_19851003,ACT_EU_INST_CJEU_JUDG_AG_NL_LOR_THE
DOC_JUDG_CJ_1984_0155_19850515,ACT_EU_INST_CJEU_JUDG_AG_DE_LEN
DOC_JUDG_CJ_1984_0157_19850606,ACT_EU_INST_CJEU_JUDG_AG_DE_LEN
DOC_JUDG_CJ_1984_0160_19860515,ACT_EU_INST_CJEU_JUDG_AG_LU_MIS
DOC_JUDG_CJ_1984_0161_19860128,ACT_EU_INST_CJEU_JUDG_AG_NL_LOR_THE
DOC_JUDG_CJ_1984_0162_19860206,ACT_EU_INST_CJEU_JUDG_AG_DE_LEN
DOC_JUDG_CJ_1984_0163_19851007,ACT_EU_INST_CJEU_JUDG_AG_FR_DAR
DOC_JUDG_CJ_1984_0165_19851212,ACT_EU_INST_CJEU_JUDG_AG_DE_LEN
DOC_JUDG_CJ_1984_0166_19850926,ACT_EU_INST_CJEU_JUDG_AG_IT_MAN
DOC_JUDG_CJ_1984_0167_19850704,ACT_EU_INST_CJEU_JUDG_AG_FR_DAR
DOC_JUDG_CJ_1984_0168_19850704,ACT_EU_INST_CJEU_JUDG_AG_IT_MAN
DOC_JUDG_CJ_1984_0169_19860128,ACT_EU_INST_CJEU_JUDG_AG_NL_LOR_THE
DOC_JUDG_CJ_1984_0169_19900712,ACT_EU_INST_CJEU_JUDG_AG_LU_MIS
DOC_JUDG_CJ_1984_0170_19860513,ACT_EU_INST_CJEU_JUDG_AG_FR_DAR
DOC_JUDG_CJ_1984_0171_19860123,ACT_EU_INST_CJEU_JUDG_AG_DE_LEN
DOC_JUDG_CJ_1984_0172_19850321,ACT_EU_INST_CJEU_JUDG_AG_DE_LEN
DOC_JUDG_CJ_1984_0173_19860123,ACT_EU_INST_CJEU_JUDG_AG_IT_MAN
DOC_JUDG_CJ_1984_0174_19860218,ACT_EU_INST_CJEU_JUDG_AG_UK_SLY
DOC_JUDG_CJ_1984_0175_19860226,ACT_EU_INST_CJEU_JUDG_AG_IT_MAN
DOC_JUDG_CJ_1984_0175_19870115,ACT_EU_INST_CJEU_JUDG_AG_IT_MAN
DOC_JUDG_CJ_1984_0176_19870312,ACT_EU_INST_CJEU_JUDG_AG_UK_SLY
DOC_JUDG_CJ_1984_0178_19870312,ACT_EU_INST_CJEU_JUDG_AG_UK_SLY
DOC_JUDG_CJ_1984_0179_19850709,ACT_EU_INST_CJEU_JUDG_AG_FR_DAR
DOC_JUDG_CJ_1984_0181_19850924,ACT_EU_INST_CJEU_JUDG_AG_IT_MAN
DOC_JUDG_CJ_1984_0182_19851126,ACT_EU_INST_CJEU_JUDG_AG_UK_SLY
DOC_JUDG_CJ_1984_0183_19851010,ACT_EU_INST_CJEU_JUDG_AG_IT_MAN
DOC_JUDG_CJ_1984_0187_19850926,ACT_EU_INST_CJEU_JUDG_AG_FR_DAR
DOC_JUDG_CJ_1984_0188_19860128,ACT_EU_INST_CJEU_JUDG_AG_NL_LOR_THE
DOC_JUDG_CJ_1984_0190_19880225,ACT_EU_INST_CJEU_JUDG_AG_IT_MAN
DOC_JUDG_CJ_1984_0191_19860507,ACT_EU_INST_CJEU_JUDG_AG_FR_DAR
DOC_JUDG_CJ_1984_0192_19851211,ACT_EU_INST_CJEU_JUDG_AG_FR_DAR
DOC_JUDG_CJ_1984_0194_19871203,ACT_EU_INST_CJEU_JUDG_AG_FR_DAR
DOC_JUDG_CJ_1984_0195_19851003,ACT_EU_INST_CJEU_JUDG_AG_FR_DAR
DOC_JUDG_CJ_1984_0197_19850618,ACT_EU_INST_CJEU_JUDG_AG_NL_LOR_THE
DOC_JUDG_CJ_1984_0199_19851007,ACT_EU_INST_CJEU_JUDG_AG_FR_DAR
DOC_JUDG_CJ_1984_0200_19851010,ACT_EU_INST_CJEU_JUDG_AG_DE_LEN
DOC_JUDG_CJ_1984_0201_19850925,ACT_EU_INST_CJEU_JUDG_AG_UK_SLY
DOC_JUDG_CJ_1984_0202_19850925,ACT_EU_INST_CJEU_JUDG_AG_UK_SLY
DOC_JUDG_CJ_1984_0204_19860423,ACT_EU_INST_CJEU_JUDG_AG_IT_MAN
DOC_JUDG_CJ_1984_0205_19861204,ACT_EU_INST_CJEU_JUDG_AG_UK_SLY
DOC_JUDG_CJ_1984_0206_19861204,ACT_EU_INST_CJEU_JUDG_AG_UK_SLY
DOC_JUDG_CJ_1984_0207_19851003,ACT_EU_INST_CJEU_JUDG_AG_IT_MAN
DOC_JUDG_CJ_1984_0208_19851212,ACT_EU_INST_CJEU_JUDG_AG_FR_DAR
DOC_JUDG_CJ_1984_0209_19860430,ACT_EU_INST_CJEU_JUDG_AG_DE_LEN
DOC_JUDG_CJ_1984_0214_19851212,ACT_EU_INST_CJEU_JUDG_AG_IT_MAN
DOC_JUDG_CJ_1984_0215_19850925,ACT_EU_INST_CJEU_JUDG_AG_UK_SLY
DOC_JUDG_CJ_1984_0216_19880223,ACT_EU_INST_CJEU_JUDG_AG_UK_SLY
DOC_JUDG_CJ_1984_0219_19851114,ACT_EU_INST_CJEU_JUDG_AG_UK_SLY
DOC_JUDG_CJ_1984_0219_19870121,ACT_EU_INST_CJEU_JUDG_AG_UK_SLY
DOC_JUDG_CJ_1984_0220_19850704,ACT_EU_INST_CJEU_JUDG_AG_DE_LEN
DOC_JUDG_CJ_1984_0221_19850711,ACT_EU_INST_CJEU_JUDG_AG_UK_SLY
DOC_JUDG_CJ_1984_0222_19860515,ACT_EU_INST_CJEU_JUDG_AG_FR_DAR
DOC_JUDG_CJ_1984_0223_19851007,ACT_EU_INST_CJEU_JUDG_AG_FR_DAR
DOC_JUDG_CJ_1984_0226_19861111,ACT_EU_INST_CJEU_JUDG_AG_FR_DAR
DOC_JUDG_CJ_1984_0227_19851114,ACT_EU_INST_CJEU_JUDG_AG_UK_SLY
DOC_JUDG_CJ_1984_0228_19850620,ACT_EU_INST_CJEU_JUDG_AG_UK_SLY
DOC_JUDG_CJ_1984_0229_19860612,ACT_EU_INST_CJEU_JUDG_AG_FR_DAR
DOC_JUDG_CJ_1984_0231_19850926,ACT_EU_INST_CJEU_JUDG_AG_IT_MAN
DOC_JUDG_CJ_1984_0232_19851003,ACT_EU_INST_CJEU_JUDG_AG_NL_LOR_THE
DOC_JUDG_CJ_1984_0234_19860710,ACT_EU_INST_CJEU_JUDG_AG_DE_LEN
DOC_JUDG_CJ_1984_0235_19860710,ACT_EU_INST_CJEU_JUDG_AG_UK_SLY
DOC_JUDG_CJ_1984_0236_19860624,ACT_EU_INST_CJEU_JUDG_AG_LU_MIS
DOC_JUDG_CJ_1984_0237_19860415,ACT_EU_INST_CJEU_JUDG_AG_UK_SLY
DOC_JUDG_CJ_1984_0238_19860227,ACT_EU_INST_CJEU_JUDG_AG_IT_MAN
DOC_JUDG_CJ_1984_0239_19851024,ACT_EU_INST_CJEU_JUDG_AG_NL_LOR_THE
DOC_JUDG_CJ_1984_0240_19870507,ACT_EU_INST_CJEU_JUDG_AG_IT_MAN
DOC_JUDG_CJ_1984_0242_19860305,ACT_EU_INST_CJEU_JUDG_AG_NL_LOR_THE
DOC_JUDG_CJ_1984_0243_19860304,ACT_EU_INST_CJEU_JUDG_AG_NL_LOR_THE
DOC_JUDG_CJ_1984_0246_19861218,ACT_EU_INST_CJEU_JUDG_AG_UK_SLY
DOC_JUDG_CJ_1984_0247_19851210,ACT_EU_INST_CJEU_JUDG_AG_IT_MAN
DOC_JUDG_CJ_1984_0248_19871014,ACT_EU_INST_CJEU_JUDG_AG_FR_DAR
DOC_JUDG_CJ_1984_0249_19851003,ACT_EU_INST_CJEU_JUDG_AG_NL_LOR_THE
DOC_JUDG_CJ_1984_0250_19860122,ACT_EU_INST_CJEU_JUDG_AG_NL_LOR_THE
DOC_JUDG_CJ_1984_0251_19860123,ACT_EU_INST_CJEU_JUDG_AG_FR_DAR
DOC_JUDG_CJ_1984_0252_19851010,ACT_EU_INST_CJEU_JUDG_AG_DE_LEN
DOC_JUDG_CJ_1984_0253_19870115,ACT_EU_INST_CJEU_JUDG_AG_UK_SLY
DOC_JUDG_CJ_1984_0254_19860225,ACT_EU_INST_CJEU_JUDG_AG_IT_MAN
DOC_JUDG_CJ_1984_0255_19870507,ACT_EU_INST_CJEU_JUDG_AG_IT_MAN
DOC_JUDG_CJ_1984_0256_19870507,ACT_EU_INST_CJEU_JUDG_AG_IT_MAN
DOC_JUDG_CJ_1984_0258_19870507,ACT_EU_INST_CJEU_JUDG_AG_IT_MAN
DOC_JUDG_CJ_1984_0260_19870507,ACT_EU_INST_CJEU_JUDG_AG_IT_MAN
DOC_JUDG_CJ_1984_0261_19850711,ACT_EU_INST_CJEU_JUDG_AG_NL_LOR_THE
DOC_JUDG_CJ_1984_0262_19860226,ACT_EU_INST_CJEU_JUDG_AG_UK_SLY
DOC_JUDG_CJ_1984_0266_19860122,ACT_EU_INST_CJEU_JUDG_AG_DE_LEN
DOC_JUDG_CJ_1984_0268_19870121,ACT_EU_INST_CJEU_JUDG_AG_FR_DAR
DOC_JUDG_CJ_1984_0269_19861021,ACT_EU_INST_CJEU_JUDG_AG_LU_MIS
DOC_JUDG_CJ_1984_0270_19860710,ACT_EU_INST_CJEU_JUDG_AG_FR_DAR
DOC_JUDG_CJ_1984_0271_19860206,ACT_EU_INST_CJEU_JUDG_AG_UK_SLY
DOC_JUDG_CJ_1984_0275_19851114,ACT_EU_INST_CJEU_JUDG_AG_FR_DAR
DOC_JUDG_CJ_1984_0276_19851212,ACT_EU_INST_CJEU_JUDG_AG_NL_LOR_THE
DOC_JUDG_CJ_1984_0277_19871210,ACT_EU_INST_CJEU_JUDG_AG_DE_LEN
DOC_JUDG_CJ_1984_0278_19870114,ACT_EU_INST_CJEU_JUDG_AG_UK_SLY
DOC_JUDG_CJ_1984_0279_19870311,ACT_EU_INST_CJEU_JUDG_AG_DE_LEN
DOC_JUDG_CJ_1984_0281_19870114,ACT_EU_INST_CJEU_JUDG_AG_UK_SLY
DOC_JUDG_CJ_1984_0283_19860123,ACT_EU_INST_CJEU_JUDG_AG_UK_SLY
DOC_JUDG_CJ_1984_0284_19860225,ACT_EU_INST_CJEU_JUDG_AG_IT_MAN
DOC_JUDG_CJ_1984_0290_19851210,ACT_EU_INST_CJEU_JUDG_AG_DE_LEN
DOC_JUDG_CJ_1984_0291_19870917,ACT_EU_INST_CJEU_JUDG_AG_FR_DAR
DOC_JUDG_CJ_1984_0293_19860311,ACT_EU_INST_CJEU_JUDG_AG_UK_SLY
DOC_JUDG_CJ_1984_0294_19860311,ACT_EU_INST_CJEU_JUDG_AG_UK_SLY
DOC_JUDG_CJ_1984_0295_19851127,ACT_EU_INST_CJEU_JUDG_AG_IT_MAN
DOC_JUDG_CJ_1984_0296_19860313,ACT_EU_INST_CJEU_JUDG_AG_FR_DAR
DOC_JUDG_CJ_1984_0298_19860123,ACT_EU_INST_CJEU_JUDG_AG_IT_MAN
DOC_JUDG_CJ_1984_0299_19851114,ACT_EU_INST_CJEU_JUDG_AG_NL_LOR_THE
DOC_JUDG_CJ_1984_0300_19861023,ACT_EU_INST_CJEU_JUDG_AG_FR_DAR
DOC_JUDG_CJ_1984_0302_19860612,ACT_EU_INST_CJEU_JUDG_AG_UK_SLY
DOC_JUDG_CJ_1984_0303_19860320,ACT_EU_INST_CJEU_JUDG_AG_IT_MAN
DOC_JUDG_CJ_1984_0304_19860506,ACT_EU_INST_CJEU_JUDG_AG_FR_DAR
DOC_JUDG_CJ_1984_0306_19870212,ACT_EU_INST_CJEU_JUDG_AG_FR_DAR
DOC_JUDG_CJ_1984_0307_19860603,ACT_EU_INST_CJEU_JUDG_AG_IT_MAN
DOC_JUDG_CJ_1984_0309_19860220,ACT_EU_INST_CJEU_JUDG_AG_NL_LOR_THE
DOC_JUDG_CJ_1984_0311_19851003,ACT_EU_INST_CJEU_JUDG_AG_DE_LEN
DOC_JUDG_CJ_1984_0312_19870224,ACT_EU_INST_CJEU_JUDG_AG_FR_DAR
DOC_JUDG_CJ_1985_0001_19860612,ACT_EU_INST_CJEU_JUDG_AG_DE_LEN
DOC_JUDG_CJ_1985_0005_19860923,ACT_EU_INST_CJEU_JUDG_AG_DE_LEN
DOC_JUDG_CJ_1985_0008_19860320,ACT_EU_INST_CJEU_JUDG_AG_FR_DAR
DOC_JUDG_CJ_1985_0009_19861008,ACT_EU_INST_CJEU_JUDG_AG_IT_MAN
DOC_JUDG_CJ_1985_0010_19860312,ACT_EU_INST_CJEU_JUDG_AG_DE_LEN
DOC_JUDG_CJ_1985_0015_19870226,ACT_EU_INST_CJEU_JUDG_AG_LU_MIS
DOC_JUDG_CJ_1985_0017_19860320,ACT_EU_INST_CJEU_JUDG_AG_FR_DAR
DOC_JUDG_CJ_1985_0020_19880607,ACT_EU_INST_CJEU_JUDG_AG_IT_MAN
DOC_JUDG_CJ_1985_0021_19861127,ACT_EU_INST_CJEU_JUDG_AG_DE_LEN
DOC_JUDG_CJ_1985_0022_19860624,ACT_EU_INST_CJEU_JUDG_AG_FR_DAR
DOC_JUDG_CJ_1985_0024_19860318,ACT_EU_INST_CJEU_JUDG_AG_UK_SLY
DOC_JUDG_CJ_1985_0025_19860506,ACT_EU_INST_CJEU_JUDG_AG_FR_DAR
DOC_JUDG_CJ_1985_0026_19861023,ACT_EU_INST_CJEU_JUDG_AG_DE_LEN
DOC_JUDG_CJ_1985_0027_19870311,ACT_EU_INST_CJEU_JUDG_AG_DE_LEN
DOC_JUDG_CJ_1985_0028_19860311,ACT_EU_INST_CJEU_JUDG_AG_DE_LEN
DOC_JUDG_CJ_1985_0030_19870611,ACT_EU_INST_CJEU_JUDG_AG_IT_MAN
DOC_JUDG_CJ_1985_0031_19851210,ACT_EU_INST_CJEU_JUDG_AG_FR_DAR
DOC_JUDG_CJ_1985_0035_19860320,ACT_EU_INST_CJEU_JUDG_AG_DE_LEN
DOC_JUDG_CJ_1985_0038_19860227,ACT_EU_INST_CJEU_JUDG_AG_UK_SLY
DOC_JUDG_CJ_1985_0039_19860123,ACT_EU_INST_CJEU_JUDG_AG_FR_DAR
DOC_JUDG_CJ_1985_0040_19860710,ACT_EU_INST_CJEU_JUDG_AG_DE_LEN
DOC_JUDG_CJ_1985_0041_19861210,ACT_EU_INST_CJEU_JUDG_AG_IT_MAN
DOC_JUDG_CJ_1985_0042_19851126,ACT_EU_INST_CJEU_JUDG_AG_FR_DAR
DOC_JUDG_CJ_1985_0043_19870709,ACT_EU_INST_CJEU_JUDG_AG_UK_SLY
DOC_JUDG_CJ_1985_0044_19870709,ACT_EU_INST_CJEU_JUDG_AG_IT_MAN
DOC_JUDG_CJ_1985_0045_19870127,ACT_EU_INST_CJEU_JUDG_AG_FR_DAR
DOC_JUDG_CJ_1985_0046_19860710,ACT_EU_INST_CJEU_JUDG_AG_LU_MIS
DOC_JUDG_CJ_1985_0048_19860918,ACT_EU_INST_CJEU_JUDG_AG_IT_MAN
DOC_JUDG_CJ_1985_0050_19860612,ACT_EU_INST_CJEU_JUDG_AG_IT_MAN
DOC_JUDG_CJ_1985_0052_19860507,ACT_EU_INST_CJEU_JUDG_AG_IT_MAN
DOC_JUDG_CJ_1985_0053_19860624,ACT_EU_INST_CJEU_JUDG_AG_DE_LEN
DOC_JUDG_CJ_1985_0054_19860313,ACT_EU_INST_CJEU_JUDG_AG_IT_MAN
DOC_JUDG_CJ_1985_0056_19881005,ACT_EU_INST_CJEU_JUDG_AG_UK_SLY
DOC_JUDG_CJ_1985_0057_19860227,ACT_EU_INST_CJEU_JUDG_AG_DE_LEN
DOC_JUDG_CJ_1985_0058_19860318,ACT_EU_INST_CJEU_JUDG_AG_LU_MIS
DOC_JUDG_CJ_1985_0059_19860417,ACT_EU_INST_CJEU_JUDG_AG_DE_LEN
DOC_JUDG_CJ_1985_0060_19860710,ACT_EU_INST_CJEU_JUDG_AG_UK_SLY
DOC_JUDG_CJ_1985_0061_19870624,ACT_EU_INST_CJEU_JUDG_AG_IT_MAN
DOC_JUDG_CJ_1985_0064_19880504,ACT_EU_INST_CJEU_JUDG_AG_IT_MAN
DOC_JUDG_CJ_1985_0065_19860204,ACT_EU_INST_CJEU_JUDG_AG_NL_LOR_THE
DOC_JUDG_CJ_1985_0066_19860703,ACT_EU_INST_CJEU_JUDG_AG_DE_LEN
DOC_JUDG_CJ_1985_0067_19880202,ACT_EU_INST_CJEU_JUDG_AG_UK_SLY
DOC_JUDG_CJ_1985_0071_19861204,ACT_EU_INST_CJEU_JUDG_AG_IT_MAN
DOC_JUDG_CJ_1985_0072_19860320,ACT_EU_INST_CJEU_JUDG_AG_IT_MAN
DOC_JUDG_CJ_1985_0073_19860708,ACT_EU_INST_CJEU_JUDG_AG_FR_DAR
DOC_JUDG_CJ_1985_0075_19861002,ACT_EU_INST_CJEU_JUDG_AG_FR_DAR
DOC_JUDG_CJ_1985_0079_19860710,ACT_EU_INST_CJEU_JUDG_AG_FR_DAR
DOC_JUDG_CJ_1985_0080_19861113,ACT_EU_INST_CJEU_JUDG_AG_LU_MIS
DOC_JUDG_CJ_1985_0081_19860610,ACT_EU_INST_CJEU_JUDG_AG_DE_LEN
DOC_JUDG_CJ_1985_0084_19871001,ACT_EU_INST_CJEU_JUDG_AG_PT_CRU_VIL
DOC_JUDG_CJ_1985_0085_19860318,ACT_EU_INST_CJEU_JUDG_AG_NL_LOR_THE
DOC_JUDG_CJ_1985_0086_19870121,ACT_EU_INST_CJEU_JUDG_AG_FR_DAR
DOC_JUDG_CJ_1985_0087_19860527,ACT_EU_INST_CJEU_JUDG_AG_IT_MAN
DOC_JUDG_CJ_1985_0089_19880927,ACT_EU_INST_CJEU_JUDG_AG_FR_DAR
DOC_JUDG_CJ_1985_0089_19930331,ACT_EU_INST_CJEU_JUDG_AG_FR_DAR
DOC_JUDG_CJ_1985_0090_19860515,ACT_EU_INST_CJEU_JUDG_AG_UK_SLY
DOC_JUDG_CJ_1985_0091_19861008,ACT_EU_INST_CJEU_JUDG_AG_UK_SLY
DOC_JUDG_CJ_1985_0092_19861023,ACT_EU_INST_CJEU_JUDG_AG_UK_SLY
DOC_JUDG_CJ_1985_0093_19861218,ACT_EU_INST_CJEU_JUDG_AG_DE_LEN
DOC_JUDG_CJ_1985_0096_19860430,ACT_EU_INST_CJEU_JUDG_AG_UK_SLY
DOC_JUDG_CJ_1985_0097_19870521,ACT_EU_INST_CJEU_JUDG_AG_DE_LEN
DOC_JUDG_CJ_1985_0098_19860612,ACT_EU_INST_CJEU_JUDG_AG_LU_MIS
DOC_JUDG_CJ_1985_0103_19880714,ACT_EU_INST_CJEU_JUDG_AG_LU_MIS
DOC_JUDG_CJ_1985_0118_19870616,ACT_EU_INST_CJEU_JUDG_AG_LU_MIS
DOC_JUDG_CJ_1985_0121_19860311,ACT_EU_INST_CJEU_JUDG_AG_UK_SLY
DOC_JUDG_CJ_1985_0124_19861216,ACT_EU_INST_CJEU_JUDG_AG_IT_MAN
DOC_JUDG_CJ_1985_0130_19860625,ACT_EU_INST_CJEU_JUDG_AG_IT_MAN
DOC_JUDG_CJ_1985_0131_19860507,ACT_EU_INST_CJEU_JUDG_AG_IT_MAN
DOC_JUDG_CJ_1985_0133_19870521,ACT_EU_INST_CJEU_JUDG_AG_DE_LEN
DOC_JUDG_CJ_1985_0137_19871118,ACT_EU_INST_CJEU_JUDG_AG_LU_MIS
DOC_JUDG_CJ_1985_0139_19860603,ACT_EU_INST_CJEU_JUDG_AG_UK_SLY
DOC_JUDG_CJ_1985_0142_19861023,ACT_EU_INST_CJEU_JUDG_AG_FR_DAR
DOC_JUDG_CJ_1985_0143_19861008,ACT_EU_INST_CJEU_JUDG_AG_LU_MIS
DOC_JUDG_CJ_1985_0145_19870205,ACT_EU_INST_CJEU_JUDG_AG_LU_MIS
DOC_JUDG_CJ_1985_0146_19871027,ACT_EU_INST_CJEU_JUDG_AG_UK_SLY
DOC_JUDG_CJ_1985_0148_19861125,ACT_EU_INST_CJEU_JUDG_AG_LU_MIS
DOC_JUDG_CJ_1985_0149_19860710,ACT_EU_INST_CJEU_JUDG_AG_FR_DAR
DOC_JUDG_CJ_1985_0150_19860624,ACT_EU_INST_CJEU_JUDG_AG_IT_MAN
DOC_JUDG_CJ_1985_0151_19860710,ACT_EU_INST_CJEU_JUDG_AG_LU_MIS
DOC_JUDG_CJ_1985_0152_19870115,ACT_EU_INST_CJEU_JUDG_AG_IT_MAN
DOC_JUDG_CJ_1985_0153_19860710,ACT_EU_INST_CJEU_JUDG_AG_IT_MAN
DOC_JUDG_CJ_1985_0154_19870617,ACT_EU_INST_CJEU_JUDG_AG_FR_DAR
DOC_JUDG_CJ_1985_0155_19861127,ACT_EU_INST_CJEU_JUDG_AG_LU_MIS
DOC_JUDG_CJ_1985_0156_19860507,ACT_EU_INST_CJEU_JUDG_AG_DE_LEN
DOC_JUDG_CJ_1985_0157_19860624,ACT_EU_INST_CJEU_JUDG_AG_FR_DAR
DOC_JUDG_CJ_1985_0158_19860430,ACT_EU_INST_CJEU_JUDG_AG_LU_MIS
DOC_JUDG_CJ_1985_0160_19861105,ACT_EU_INST_CJEU_JUDG_AG_UK_SLY
DOC_JUDG_CJ_1985_0166_19870407,ACT_EU_INST_CJEU_JUDG_AG_IT_MAN
DOC_JUDG_CJ_1985_0167_19870409,ACT_EU_INST_CJEU_JUDG_AG_LU_MIS
DOC_JUDG_CJ_1985_0168_19861015,ACT_EU_INST_CJEU_JUDG_AG_LU_MIS
DOC_JUDG_CJ_1985_0179_19861204,ACT_EU_INST_CJEU_JUDG_AG_UK_SLY
DOC_JUDG_CJ_1985_0181_19870212,ACT_EU_INST_CJEU_JUDG_AG_UK_SLY
DOC_JUDG_CJ_1985_0182_19870709,ACT_EU_INST_CJEU_JUDG_AG_IT_MAN
DOC_JUDG_CJ_1985_0183_19860612,ACT_EU_INST_CJEU_JUDG_AG_LU_MIS
DOC_JUDG_CJ_1985_0184_19870507,ACT_EU_INST_CJEU_JUDG_AG_DE_LEN
DOC_JUDG_CJ_1985_0185_19860701,ACT_EU_INST_CJEU_JUDG_AG_LU_MIS
DOC_JUDG_CJ_1985_0186_19870507,ACT_EU_INST_CJEU_JUDG_AG_LU_MIS
DOC_JUDG_CJ_1985_0187_19880714,ACT_EU_INST_CJEU_JUDG_AG_IT_MAN
DOC_JUDG_CJ_1985_0188_19880714,ACT_EU_INST_CJEU_JUDG_AG_IT_MAN
DOC_JUDG_CJ_1985_0189_19870507,ACT_EU_INST_CJEU_JUDG_AG_LU_MIS
DOC_JUDG_CJ_1985_0192_19871203,ACT_EU_INST_CJEU_JUDG_AG_FR_DAR
DOC_JUDG_CJ_1985_0193_19870507,ACT_EU_INST_CJEU_JUDG_AG_DE_LEN
DOC_JUDG_CJ_1985_0194_19880225,ACT_EU_INST_CJEU_JUDG_AG_PT_CRU_VIL
DOC_JUDG_CJ_1985_0196_19870407,ACT_EU_INST_CJEU_JUDG_AG_UK_SLY
DOC_JUDG_CJ_1985_0197_19871006,ACT_EU_INST_CJEU_JUDG_AG_DE_LEN
DOC_JUDG_CJ_1985_0198_19860710,ACT_EU_INST_CJEU_JUDG_AG_IT_MAN
DOC_JUDG_CJ_1985_0199_19870310,ACT_EU_INST_CJEU_JUDG_AG_DE_LEN
DOC_JUDG_CJ_1985_0200_19861216,ACT_EU_INST_CJEU_JUDG_AG_LU_MIS
DOC_JUDG_CJ_1985_0201_19861125,ACT_EU_INST_CJEU_JUDG_AG_UK_SLY
DOC_JUDG_CJ_1985_0203_19860626,ACT_EU_INST_CJEU_JUDG_AG_LU_MIS
DOC_JUDG_CJ_1985_0204_19870121,ACT_EU_INST_CJEU_JUDG_AG_DE_LEN
DOC_JUDG_CJ_1985_0206_19871216,ACT_EU_INST_CJEU_JUDG_AG_UK_SLY
DOC_JUDG_CJ_1985_0208_19871014,ACT_EU_INST_CJEU_JUDG_AG_PT_CRU_VIL
DOC_JUDG_CJ_1985_0213_19880202,ACT_EU_INST_CJEU_JUDG_AG_UK_SLY
DOC_JUDG_CJ_1985_0214_19870520,ACT_EU_INST_CJEU_JUDG_AG_FR_DAR
DOC_JUDG_CJ_1985_0215_19870312,ACT_EU_INST_CJEU_JUDG_AG_IT_MAN
DOC_JUDG_CJ_1985_0218_19861125,ACT_EU_INST_CJEU_JUDG_AG_IT_MAN
DOC_JUDG_CJ_1985_0220_19861113,ACT_EU_INST_CJEU_JUDG_AG_FR_DAR
DOC_JUDG_CJ_1985_0221_19870212,ACT_EU_INST_CJEU_JUDG_AG_DE_LEN
DOC_JUDG_CJ_1985_0222_19860710,ACT_EU_INST_CJEU_JUDG_AG_LU_MIS
DOC_JUDG_CJ_1985_0223_19871124,ACT_EU_INST_CJEU_JUDG_AG_UK_SLY
DOC_JUDG_CJ_1985_0225_19870616,ACT_EU_INST_CJEU_JUDG_AG_DE_LEN
DOC_JUDG_CJ_1985_0226_19870407,ACT_EU_INST_CJEU_JUDG_AG_PT_CRU_VIL
DOC_JUDG_CJ_1985_0227_19880114,ACT_EU_INST_CJEU_JUDG_AG_IT_MAN
DOC_JUDG_CJ_1985_0232_19861113,ACT_EU_INST_CJEU_JUDG_AG_IT_MAN
DOC_JUDG_CJ_1985_0233_19870212,ACT_EU_INST_CJEU_JUDG_AG_FR_DAR
DOC_JUDG_CJ_1985_0234_19861008,ACT_EU_INST_CJEU_JUDG_AG_LU_MIS
DOC_JUDG_CJ_1985_0235_19870326,ACT_EU_INST_CJEU_JUDG_AG_DE_LEN
DOC_JUDG_CJ_1985_0236_19871013,ACT_EU_INST_CJEU_JUDG_AG_PT_CRU_VIL
DOC_JUDG_CJ_1985_0237_19860701,ACT_EU_INST_CJEU_JUDG_AG_DE_LEN
DOC_JUDG_CJ_1985_0239_19861202,ACT_EU_INST_CJEU_JUDG_AG_PT_CRU_VIL
DOC_JUDG_CJ_1985_0242_19870520,ACT_EU_INST_CJEU_JUDG_AG_FR_DAR
DOC_JUDG_CJ_1985_0244_19870312,ACT_EU_INST_CJEU_JUDG_AG_LU_MIS
DOC_JUDG_CJ_1985_0247_19870708,ACT_EU_INST_CJEU_JUDG_AG_PT_CRU_VIL
DOC_JUDG_CJ_1985_0249_19870521,ACT_EU_INST_CJEU_JUDG_AG_DE_LEN
DOC_JUDG_CJ_1985_0250_19881005,ACT_EU_INST_CJEU_JUDG_AG_UK_SLY
DOC_JUDG_CJ_1985_0252_19880427,ACT_EU_INST_CJEU_JUDG_AG_PT_CRU_VIL
DOC_JUDG_CJ_1985_0254_19861111,ACT_EU_INST_CJEU_JUDG_AG_IT_MAN
DOC_JUDG_CJ_1985_0255_19860710,ACT_EU_INST_CJEU_JUDG_AG_DE_LEN
DOC_JUDG_CJ_1985_0256_19880204,ACT_EU_INST_CJEU_JUDG_AG_PT_CRU_VIL
DOC_JUDG_CJ_1985_0257_19870401,ACT_EU_INST_CJEU_JUDG_AG_PT_CRU_VIL
DOC_JUDG_CJ_1985_0259_19871111,ACT_EU_INST_CJEU_JUDG_AG_IT_MAN
DOC_JUDG_CJ_1985_0260_19881005,ACT_EU_INST_CJEU_JUDG_AG_UK_SLY
DOC_JUDG_CJ_1985_0261_19880204,ACT_EU_INST_CJEU_JUDG_AG_LU_MIS
DOC_JUDG_CJ_1985_0262_19870708,ACT_EU_INST_CJEU_JUDG_AG_PT_CRU_VIL
DOC_JUDG_CJ_1985_0263_19910516,ACT_EU_INST_CJEU_JUDG_AG_DE_LEN
DOC_JUDG_CJ_1985_0265_19870311,ACT_EU_INST_CJEU_JUDG_AG_DE_LEN
DOC_JUDG_CJ_1985_0266_19870115,ACT_EU_INST_CJEU_JUDG_AG_IT_MAN
DOC_JUDG_CJ_1985_0267_19861113,ACT_EU_INST_CJEU_JUDG_AG_PT_CRU_VIL
DOC_JUDG_CJ_1985_0272_19870520,ACT_EU_INST_CJEU_JUDG_AG_UK_SLY
DOC_JUDG_CJ_1985_0273_19881005,ACT_EU_INST_CJEU_JUDG_AG_UK_SLY
DOC_JUDG_CJ_1985_0275_19870127,ACT_EU_INST_CJEU_JUDG_AG_FR_DAR
DOC_JUDG_CJ_1985_0276_19870204,ACT_EU_INST_CJEU_JUDG_AG_PT_CRU_VIL
DOC_JUDG_CJ_1985_0277_19881005,ACT_EU_INST_CJEU_JUDG_AG_UK_SLY
DOC_JUDG_CJ_1985_0278_19871014,ACT_EU_INST_CJEU_JUDG_AG_PT_CRU_VIL
DOC_JUDG_CJ_1985_0279_19870709,ACT_EU_INST_CJEU_JUDG_AG_LU_MIS
DOC_JUDG_CJ_1985_0280_19870205,ACT_EU_INST_CJEU_JUDG_AG_PT_CRU_VIL
DOC_JUDG_CJ_1985_0281_19870709,ACT_EU_INST_CJEU_JUDG_AG_IT_MAN
DOC_JUDG_CJ_1985_0282_19860710,ACT_EU_INST_CJEU_JUDG_AG_IT_MAN
DOC_JUDG_CJ_1985_0286_19870324,ACT_EU_INST_CJEU_JUDG_AG_IT_MAN
DOC_JUDG_CJ_1985_0288_19870205,ACT_EU_INST_CJEU_JUDG_AG_UK_SLY
DOC_JUDG_CJ_1985_0293_19880202,ACT_EU_INST_CJEU_JUDG_AG_UK_SLY
DOC_JUDG_CJ_1985_0301_19881005,ACT_EU_INST_CJEU_JUDG_AG_UK_SLY
DOC_JUDG_CJ_1985_0302_19870204,ACT_EU_INST_CJEU_JUDG_AG_DE_LEN
DOC_JUDG_CJ_1985_0304_19870224,ACT_EU_INST_CJEU_JUDG_AG_UK_SLY
DOC_JUDG_CJ_1985_0305_19880202,ACT_EU_INST_CJEU_JUDG_AG_PT_CRU_VIL
DOC_JUDG_CJ_1985_0306_19870205,ACT_EU_INST_CJEU_JUDG_AG_FR_DAR
DOC_JUDG_CJ_1985_0307_19870610,ACT_EU_INST_CJEU_JUDG_AG_DE_LEN
DOC_JUDG_CJ_1985_0309_19880202,ACT_EU_INST_CJEU_JUDG_AG_UK_SLY
DOC_JUDG_CJ_1985_0310_19870224,ACT_EU_INST_CJEU_JUDG_AG_FR_DAR
DOC_JUDG_CJ_1985_0311_19871001,ACT_EU_INST_CJEU_JUDG_AG_DE_LEN
DOC_JUDG_CJ_1985_0312_19861218,ACT_EU_INST_CJEU_JUDG_AG_IT_MAN
DOC_JUDG_CJ_1985_0313_19861111,ACT_EU_INST_CJEU_JUDG_AG_PT_CRU_VIL
DOC_JUDG_CJ_1985_0314_19871022,ACT_EU_INST_CJEU_JUDG_AG_IT_MAN
DOC_JUDG_CJ_1985_0315_19871217,ACT_EU_INST_CJEU_JUDG_AG_IT_MAN
DOC_JUDG_CJ_1985_0316_19870618,ACT_EU_INST_CJEU_JUDG_AG_DE_LEN
DOC_JUDG_CJ_1985_0319_19880419,ACT_EU_INST_CJEU_JUDG_AG_IT_MAN
DOC_JUDG_CJ_1985_0320_19861008,ACT_EU_INST_CJEU_JUDG_AG_PT_CRU_VIL
DOC_JUDG_CJ_1985_0321_19861023,ACT_EU_INST_CJEU_JUDG_AG_FR_DAR
DOC_JUDG_CJ_1985_0322_19861023,ACT_EU_INST_CJEU_JUDG_AG_FR_DAR
DOC_JUDG_CJ_1985_0324_19870204,ACT_EU_INST_CJEU_JUDG_AG_PT_CRU_VIL
DOC_JUDG_CJ_1985_0325_19871215,ACT_EU_INST_CJEU_JUDG_AG_PT_CRU_VIL
DOC_JUDG_CJ_1985_0326_19871215,ACT_EU_INST_CJEU_JUDG_AG_PT_CRU_VIL
DOC_JUDG_CJ_1985_0327_19880225,ACT_EU_INST_CJEU_JUDG_AG_PT_CRU_VIL
DOC_JUDG_CJ_1985_0328_19871215,ACT_EU_INST_CJEU_JUDG_AG_UK_SLY
DOC_JUDG_CJ_1985_0329_19870709,ACT_EU_INST_CJEU_JUDG_AG_PT_CRU_VIL
DOC_JUDG_CJ_1985_0330_19861113,ACT_EU_INST_CJEU_JUDG_AG_IT_MAN
DOC_JUDG_CJ_1985_0331_19880225,ACT_EU_INST_CJEU_JUDG_AG_UK_SLY
DOC_JUDG_CJ_1985_0332_19871215,ACT_EU_INST_CJEU_JUDG_AG_PT_CRU_VIL
DOC_JUDG_CJ_1985_0333_19870317,ACT_EU_INST_CJEU_JUDG_AG_PT_CRU_VIL
DOC_JUDG_CJ_1985_0336_19871215,ACT_EU_INST_CJEU_JUDG_AG_PT_CRU_VIL
DOC_JUDG_CJ_1985_0337_19871022,ACT_EU_INST_CJEU_JUDG_AG_PT_CRU_VIL
DOC_JUDG_CJ_1985_0338_19880421,ACT_EU_INST_CJEU_JUDG_AG_FR_DAR
DOC_JUDG_CJ_1985_0339_19880308,ACT_EU_INST_CJEU_JUDG_AG_DE_LEN
DOC_JUDG_CJ_1985_0340_19870924,ACT_EU_INST_CJEU_JUDG_AG_UK_SLY
DOC_JUDG_CJ_1985_0341_19890228,ACT_EU_INST_CJEU_JUDG_AG_UK_JAC
DOC_JUDG_CJ_1985_0342_19871125,ACT_EU_INST_CJEU_JUDG_AG_PT_CRU_VIL
DOC_JUDG_CJ_1985_0343_19871125,ACT_EU_INST_CJEU_JUDG_AG_PT_CRU_VIL
DOC_JUDG_CJ_1985_0344_19871112,ACT_EU_INST_CJEU_JUDG_AG_IT_MAN
DOC_JUDG_CJ_1985_0346_19871215,ACT_EU_INST_CJEU_JUDG_AG_PT_CRU_VIL
DOC_JUDG_CJ_1985_0347_19880324,ACT_EU_INST_CJEU_JUDG_AG_LU_MIS
DOC_JUDG_CJ_1985_0348_19871215,ACT_EU_INST_CJEU_JUDG_AG_PT_CRU_VIL
DOC_JUDG_CJ_1985_0349_19880127,ACT_EU_INST_CJEU_JUDG_AG_PT_CRU_VIL
DOC_JUDG_CJ_1985_0350_19870224,ACT_EU_INST_CJEU_JUDG_AG_FR_DAR
DOC_JUDG_CJ_1985_0351_19870929,ACT_EU_INST_CJEU_JUDG_AG_PT_CRU_VIL
DOC_JUDG_CJ_1985_0352_19880426,ACT_EU_INST_CJEU_JUDG_AG_IT_MAN
DOC_JUDG_CJ_1985_0353_19880223,ACT_EU_INST_CJEU_JUDG_AG_IT_MAN
DOC_JUDG_CJ_1985_0355_19861023,ACT_EU_INST_CJEU_JUDG_AG_UK_SLY
DOC_JUDG_CJ_1985_0356_19870709,ACT_EU_INST_CJEU_JUDG_AG_PT_CRU_VIL
DOC_JUDG_CJ_1985_0358_19880922,ACT_EU_INST_CJEU_JUDG_AG_IT_MAN
DOC_JUDG_CJ_1985_0361_19870129,ACT_EU_INST_CJEU_JUDG_AG_FR_DAR
DOC_JUDG_CJ_1985_0363_19870409,ACT_EU_INST_CJEU_JUDG_AG_FR_DAR
DOC_JUDG_CJ_1985_0364_19870129,ACT_EU_INST_CJEU_JUDG_AG_FR_DAR
DOC_JUDG_CJ_1985_0365_19870115,ACT_EU_INST_CJEU_JUDG_AG_FR_DAR
DOC_JUDG_CJ_1985_0372_19870512,ACT_EU_INST_CJEU_JUDG_AG_IT_MAN
DOC_JUDG_CJ_1985_0375_19870604,ACT_EU_INST_CJEU_JUDG_AG_DE_LEN
DOC_JUDG_CJ_1985_0377_19870709,ACT_EU_INST_CJEU_JUDG_AG_FR_DAR
DOC_JUDG_CJ_1985_0379_19870224,ACT_EU_INST_CJEU_JUDG_AG_PT_CRU_VIL
DOC_JUDG_CJ_1985_0383_19891003,ACT_EU_INST_CJEU_JUDG_AG_IT_TES
DOC_JUDG_CJ_1985_0384_19870624,ACT_EU_INST_CJEU_JUDG_AG_PT_CRU_VIL
DOC_JUDG_CJ_1985_0385_19861008,ACT_EU_INST_CJEU_JUDG_AG_UK_SLY
DOC_JUDG_CJ_1985_0386_19870310,ACT_EU_INST_CJEU_JUDG_AG_UK_SLY
DOC_JUDG_CJ_1985_0390_19870212,ACT_EU_INST_CJEU_JUDG_AG_LU_MIS
DOC_JUDG_CJ_1985_0391_19880204,ACT_EU_INST_CJEU_JUDG_AG_LU_MIS
DOC_JUDG_CJ_1985_0392_19871027,ACT_EU_INST_CJEU_JUDG_AG_IT_MAN
DOC_JUDG_CJ_1985_0394_19870617,ACT_EU_INST_CJEU_JUDG_AG_UK_SLY
DOC_JUDG_CJ_1985_0401_19871007,ACT_EU_INST_CJEU_JUDG_AG_PT_CRU_VIL
DOC_JUDG_CJ_1985_0402_19870409,ACT_EU_INST_CJEU_JUDG_AG_DE_LEN
DOC_JUDG_CJ_1985_0403_19870205,ACT_EU_INST_CJEU_JUDG_AG_LU_MIS
DOC_JUDG_CJ_1985_0403_19910319,ACT_EU_INST_CJEU_JUDG_AG_LU_MIS
DOC_JUDG_CJ_1985_0406_19870611,ACT_EU_INST_CJEU_JUDG_AG_PT_CRU_VIL
DOC_JUDG_CJ_1985_0407_19880714,ACT_EU_INST_CJEU_JUDG_AG_IT_MAN
DOC_JUDG_CJ_1985_0412_19870917,ACT_EU_INST_CJEU_JUDG_AG_PT_CRU_VIL
DOC_JUDG_CJ_1985_0415_19880621,ACT_EU_INST_CJEU_JUDG_AG_FR_DAR
DOC_JUDG_CJ_1985_0416_19880621,ACT_EU_INST_CJEU_JUDG_AG_FR_DAR
DOC_JUDG_CJ_1985_0417_19870204,ACT_EU_INST_CJEU_JUDG_AG_FR_DAR
DOC_JUDG_CJ_1985_0419_19870507,ACT_EU_INST_CJEU_JUDG_AG_DE_LEN
DOC_JUDG_CJ_1985_0420_19870707,ACT_EU_INST_CJEU_JUDG_AG_FR_DAR
DOC_JUDG_CJ_1985_0422_19871217,ACT_EU_INST_CJEU_JUDG_AG_IT_MAN
DOC_JUDG_CJ_1985_0424_19870617,ACT_EU_INST_CJEU_JUDG_AG_LU_MIS
DOC_JUDG_CJ_1985_0426_19861218,ACT_EU_INST_CJEU_JUDG_AG_UK_SLY
DOC_JUDG_CJ_1985_0427_19880225,ACT_EU_INST_CJEU_JUDG_AG_PT_CRU_VIL
DOC_JUDG_CJ_1985_0429_19880223,ACT_EU_INST_CJEU_JUDG_AG_PT_CRU_VIL
DOC_JUDG_CJ_1985_0432_19870520,ACT_EU_INST_CJEU_JUDG_AG_UK_SLY
DOC_JUDG_CJ_1985_0433_19870917,ACT_EU_INST_CJEU_JUDG_AG_LU_MIS
DOC_JUDG_CJ_1985_0434_19880303,ACT_EU_INST_CJEU_JUDG_AG_IT_MAN
DOC_JUDG_CJ_1986_0001_19870617,ACT_EU_INST_CJEU_JUDG_AG_LU_MIS
DOC_JUDG_CJ_1986_0003_19880628,ACT_EU_INST_CJEU_JUDG_AG_DE_LEN
DOC_JUDG_CJ_1986_0005_19870409,ACT_EU_INST_CJEU_JUDG_AG_FR_DAR
DOC_JUDG_CJ_1986_0007_19870610,ACT_EU_INST_CJEU_JUDG_AG_PT_CRU_VIL
DOC_JUDG_CJ_1986_0009_19870312,ACT_EU_INST_CJEU_JUDG_AG_DE_LEN
DOC_JUDG_CJ_1986_0010_19861218,ACT_EU_INST_CJEU_JUDG_AG_LU_MIS
DOC_JUDG_CJ_1986_0012_19870930,ACT_EU_INST_CJEU_JUDG_AG_FR_DAR
DOC_JUDG_CJ_1986_0014_19870611,ACT_EU_INST_CJEU_JUDG_AG_IT_MAN
DOC_JUDG_CJ_1986_0021_19870217,ACT_EU_INST_CJEU_JUDG_AG_UK_SLY
DOC_JUDG_CJ_1986_0022_19870312,ACT_EU_INST_CJEU_JUDG_AG_LU_MIS
DOC_JUDG_CJ_1986_0024_19880202,ACT_EU_INST_CJEU_JUDG_AG_UK_SLY
DOC_JUDG_CJ_1986_0026_19870224,ACT_EU_INST_CJEU_JUDG_AG_LU_MIS
DOC_JUDG_CJ_1986_0027_19870709,ACT_EU_INST_CJEU_JUDG_AG_LU_MIS
DOC_JUDG_CJ_1986_0031_19880428,ACT_EU_INST_CJEU_JUDG_AG_DE_LEN
DOC_JUDG_CJ_1986_0032_19870407,ACT_EU_INST_CJEU_JUDG_AG_LU_MIS
DOC_JUDG_CJ_1986_0033_19880714,ACT_EU_INST_CJEU_JUDG_AG_LU_MIS
DOC_JUDG_CJ_1986_0034_19860703,ACT_EU_INST_CJEU_JUDG_AG_IT_MAN
DOC_JUDG_CJ_1986_0036_19880202,ACT_EU_INST_CJEU_JUDG_AG_DE_LEN
DOC_JUDG_CJ_1986_0037_19870924,ACT_EU_INST_CJEU_JUDG_AG_DE_LEN
DOC_JUDG_CJ_1986_0038_19870407,ACT_EU_INST_CJEU_JUDG_AG_LU_MIS
DOC_JUDG_CJ_1986_0039_19880621,ACT_EU_INST_CJEU_JUDG_AG_UK_SLY
DOC_JUDG_CJ_1986_0040_19870616,ACT_EU_INST_CJEU_JUDG_AG_PT_CRU_VIL
DOC_JUDG_CJ_1986_0042_19871208,ACT_EU_INST_CJEU_JUDG_AG_DE_LEN
DOC_JUDG_CJ_1986_0043_19870924,ACT_EU_INST_CJEU_JUDG_AG_LU_MIS
DOC_JUDG_CJ_1986_0045_19870326,ACT_EU_INST_CJEU_JUDG_AG_DE_LEN
DOC_JUDG_CJ_1986_0046_19870616,ACT_EU_INST_CJEU_JUDG_AG_DE_LEN
DOC_JUDG_CJ_1986_0047_19870630,ACT_EU_INST_CJEU_JUDG_AG_DE_LEN
DOC_JUDG_CJ_1986_0049_19870707,ACT_EU_INST_CJEU_JUDG_AG_DE_LEN
DOC_JUDG_CJ_1986_0050_19871208,ACT_EU_INST_CJEU_JUDG_AG_DE_LEN
DOC_JUDG_CJ_1986_0052_19870225,ACT_EU_INST_CJEU_JUDG_AG_DE_LEN
DOC_JUDG_CJ_1986_0053_19870616,ACT_EU_INST_CJEU_JUDG_AG_DE_LEN
DOC_JUDG_CJ_1986_0054_19870616,ACT_EU_INST_CJEU_JUDG_AG_DE_LEN
DOC_JUDG_CJ_1986_0055_19880114,ACT_EU_INST_CJEU_JUDG_AG_LU_MIS
DOC_JUDG_CJ_1986_0056_19870318,ACT_EU_INST_CJEU_JUDG_AG_LU_MIS
DOC_JUDG_CJ_1986_0057_19880607,ACT_EU_INST_CJEU_JUDG_AG_UK_SLY
DOC_JUDG_CJ_1986_0058_19870326,ACT_EU_INST_CJEU_JUDG_AG_FR_DAR
DOC_JUDG_CJ_1986_0060_19880712,ACT_EU_INST_CJEU_JUDG_AG_IT_MAN
DOC_JUDG_CJ_1986_0061_19880202,ACT_EU_INST_CJEU_JUDG_AG_DE_LEN
DOC_JUDG_CJ_1986_0062_19910703,ACT_EU_INST_CJEU_JUDG_AG_DE_LEN
DOC_JUDG_CJ_1986_0063_19880114,ACT_EU_INST_CJEU_JUDG_AG_PT_CRU_VIL
DOC_JUDG_CJ_1986_0064_19880308,ACT_EU_INST_CJEU_JUDG_AG_DE_LEN
DOC_JUDG_CJ_1986_0065_19880927,ACT_EU_INST_CJEU_JUDG_AG_FR_DAR
DOC_JUDG_CJ_1986_0066_19890411,ACT_EU_INST_CJEU_JUDG_AG_DE_LEN
DOC_JUDG_CJ_1986_0068_19880223,ACT_EU_INST_CJEU_JUDG_AG_DE_LEN
DOC_JUDG_CJ_1986_0069_19870212,ACT_EU_INST_CJEU_JUDG_AG_UK_SLY
DOC_JUDG_CJ_1986_0070_19870917,ACT_EU_INST_CJEU_JUDG_AG_DE_LEN
DOC_JUDG_CJ_1986_0074_19880426,ACT_EU_INST_CJEU_JUDG_AG_LU_MIS
DOC_JUDG_CJ_1986_0076_19890511,ACT_EU_INST_CJEU_JUDG_AG_UK_JAC
DOC_JUDG_CJ_1986_0077_19880211,ACT_EU_INST_CJEU_JUDG_AG_UK_SLY
DOC_JUDG_CJ_1986_0079_19870521,ACT_EU_INST_CJEU_JUDG_AG_LU_MIS
DOC_JUDG_CJ_1986_0080_19871008,ACT_EU_INST_CJEU_JUDG_AG_LU_MIS
DOC_JUDG_CJ_1986_0081_19870929,ACT_EU_INST_CJEU_JUDG_AG_IT_MAN
DOC_JUDG_CJ_1986_0082_19870709,ACT_EU_INST_CJEU_JUDG_AG_LU_MIS
DOC_JUDG_CJ_1986_0085_19880303,ACT_EU_INST_CJEU_JUDG_AG_IT_MAN
DOC_JUDG_CJ_1986_0088_19871217,ACT_EU_INST_CJEU_JUDG_AG_LU_MIS
DOC_JUDG_CJ_1986_0089_19870707,ACT_EU_INST_CJEU_JUDG_AG_PT_CRU_VIL
DOC_JUDG_CJ_1986_0090_19880714,ACT_EU_INST_CJEU_JUDG_AG_IT_MAN
DOC_JUDG_CJ_1986_0094_19870702,ACT_EU_INST_CJEU_JUDG_AG_DE_LEN
DOC_JUDG_CJ_1986_0097_19880426,ACT_EU_INST_CJEU_JUDG_AG_UK_SLY
DOC_JUDG_CJ_1986_0098_19870218,ACT_EU_INST_CJEU_JUDG_AG_LU_MIS
DOC_JUDG_CJ_1986_0100_19870709,ACT_EU_INST_CJEU_JUDG_AG_LU_MIS
DOC_JUDG_CJ_1986_0102_19880308,ACT_EU_INST_CJEU_JUDG_AG_UK_SLY
DOC_JUDG_CJ_1986_0104_19880324,ACT_EU_INST_CJEU_JUDG_AG_UK_SLY
DOC_JUDG_CJ_1986_0109_19871027,ACT_EU_INST_CJEU_JUDG_AG_UK_SLY
DOC_JUDG_CJ_1986_0111_19871216,ACT_EU_INST_CJEU_JUDG_AG_FR_DAR
DOC_JUDG_CJ_1986_0112_19871112,ACT_EU_INST_CJEU_JUDG_AG_FR_DAR
DOC_JUDG_CJ_1986_0113_19880204,ACT_EU_INST_CJEU_JUDG_AG_PT_CRU_VIL
DOC_JUDG_CJ_1986_0114_19880927,ACT_EU_INST_CJEU_JUDG_AG_DE_LEN
DOC_JUDG_CJ_1986_0116_19880303,ACT_EU_INST_CJEU_JUDG_AG_LU_MIS
DOC_JUDG_CJ_1986_0118_19871006,ACT_EU_INST_CJEU_JUDG_AG_PT_CRU_VIL
DOC_JUDG_CJ_1986_0119_19871020,ACT_EU_INST_CJEU_JUDG_AG_FR_DAR
DOC_JUDG_CJ_1986_0120_19880428,ACT_EU_INST_CJEU_JUDG_AG_UK_SLY
DOC_JUDG_CJ_1986_0121_19891128,ACT_EU_INST_CJEU_JUDG_AG_IT_TES
DOC_JUDG_CJ_1986_0122_19891128,ACT_EU_INST_CJEU_JUDG_AG_IT_TES
DOC_JUDG_CJ_1986_0124_19871124,ACT_EU_INST_CJEU_JUDG_AG_DE_LEN
DOC_JUDG_CJ_1986_0125_19871124,ACT_EU_INST_CJEU_JUDG_AG_DE_LEN
DOC_JUDG_CJ_1986_0126_19870929,ACT_EU_INST_CJEU_JUDG_AG_IT_MAN
DOC_JUDG_CJ_1986_0127_19880706,ACT_EU_INST_CJEU_JUDG_AG_LU_MIS
DOC_JUDG_CJ_1986_0128_19871020,ACT_EU_INST_CJEU_JUDG_AG_FR_DAR
DOC_JUDG_CJ_1986_0129_19891128,ACT_EU_INST_CJEU_JUDG_AG_IT_TES
DOC_JUDG_CJ_1986_0131_19880223,ACT_EU_INST_CJEU_JUDG_AG_LU_MIS
DOC_JUDG_CJ_1986_0134_19870604,ACT_EU_INST_CJEU_JUDG_AG_LU_MIS
DOC_JUDG_CJ_1986_0136_19871203,ACT_EU_INST_CJEU_JUDG_AG_UK_SLY
DOC_JUDG_CJ_1986_0138_19880712,ACT_EU_INST_CJEU_JUDG_AG_PT_CRU_VIL
DOC_JUDG_CJ_1986_0140_19871007,ACT_EU_INST_CJEU_JUDG_AG_FR_DAR
DOC_JUDG_CJ_1986_0141_19880119,ACT_EU_INST_CJEU_JUDG_AG_DE_LEN
DOC_JUDG_CJ_1986_0143_19880204,ACT_EU_INST_CJEU_JUDG_AG_DE_LEN
DOC_JUDG_CJ_1986_0144_19871208,ACT_EU_INST_CJEU_JUDG_AG_IT_MAN
DOC_JUDG_CJ_1986_0145_19880204,ACT_EU_INST_CJEU_JUDG_AG_FR_DAR
DOC_JUDG_CJ_1986_0147_19880315,ACT_EU_INST_CJEU_JUDG_AG_UK_SLY
DOC_JUDG_CJ_1986_0149_19880419,ACT_EU_INST_CJEU_JUDG_AG_DE_LEN
DOC_JUDG_CJ_1986_0151_19871210,ACT_EU_INST_CJEU_JUDG_AG_LU_MIS
DOC_JUDG_CJ_1986_0157_19880204,ACT_EU_INST_CJEU_JUDG_AG_DE_LEN
DOC_JUDG_CJ_1986_0158_19880517,ACT_EU_INST_CJEU_JUDG_AG_IT_MAN
DOC_JUDG_CJ_1986_0159_19880922,ACT_EU_INST_CJEU_JUDG_AG_FR_DAR
DOC_JUDG_CJ_1986_0160_19870409,ACT_EU_INST_CJEU_JUDG_AG_UK_SLY
DOC_JUDG_CJ_1986_0161_19890713,ACT_EU_INST_CJEU_JUDG_AG_LU_MIS
DOC_JUDG_CJ_1986_0162_19880202,ACT_EU_INST_CJEU_JUDG_AG_DE_LEN
DOC_JUDG_CJ_1986_0164_19871210,ACT_EU_INST_CJEU_JUDG_AG_IT_MAN
DOC_JUDG_CJ_1986_0165_19880308,ACT_EU_INST_CJEU_JUDG_AG_PT_CRU_VIL
DOC_JUDG_CJ_1986_0166_19881215,ACT_EU_INST_CJEU_JUDG_AG_FR_DAR
DOC_JUDG_CJ_1986_0167_19880531,ACT_EU_INST_CJEU_JUDG_AG_UK_SLY
DOC_JUDG_CJ_1986_0168_19870225,ACT_EU_INST_CJEU_JUDG_AG_UK_SLY
DOC_JUDG_CJ_1986_0170_19880428,ACT_EU_INST_CJEU_JUDG_AG_UK_SLY
DOC_JUDG_CJ_1986_0175_19880419,ACT_EU_INST_CJEU_JUDG_AG_IT_MAN
DOC_JUDG_CJ_1986_0176_19871027,ACT_EU_INST_CJEU_JUDG_AG_PT_CRU_VIL
DOC_JUDG_CJ_1986_0178_19871216,ACT_EU_INST_CJEU_JUDG_AG_PT_CRU_VIL
DOC_JUDG_CJ_1986_0181_19871210,ACT_EU_INST_CJEU_JUDG_AG_LU_MIS
DOC_JUDG_CJ_1986_0188_19870702,ACT_EU_INST_CJEU_JUDG_AG_FR_DAR
DOC_JUDG_CJ_1986_0197_19880621,ACT_EU_INST_CJEU_JUDG_AG_UK_SLY
DOC_JUDG_CJ_1986_0198_19871112,ACT_EU_INST_CJEU_JUDG_AG_PT_CRU_VIL
DOC_JUDG_CJ_1986_0199_19880225,ACT_EU_INST_CJEU_JUDG_AG_LU_MIS
DOC_JUDG_CJ_1986_0203_19880920,ACT_EU_INST_CJEU_JUDG_AG_FR_DAR
DOC_JUDG_CJ_1986_0204_19880927,ACT_EU_INST_CJEU_JUDG_AG_IT_MAN
DOC_JUDG_CJ_1986_0207_19880426,ACT_EU_INST_CJEU_JUDG_AG_LU_MIS
DOC_JUDG_CJ_1986_0214_19890221,ACT_EU_INST_CJEU_JUDG_AG_DE_LEN
DOC_JUDG_CJ_1986_0216_19870701,ACT_EU_INST_CJEU_JUDG_AG_FR_DAR
DOC_JUDG_CJ_1986_0218_19871209,ACT_EU_INST_CJEU_JUDG_AG_UK_SLY
DOC_JUDG_CJ_1986_0222_19871015,ACT_EU_INST_CJEU_JUDG_AG_IT_MAN
DOC_JUDG_CJ_1986_0223_19880119,ACT_EU_INST_CJEU_JUDG_AG_LU_MIS
DOC_JUDG_CJ_1986_0225_19880427,ACT_EU_INST_CJEU_JUDG_AG_DE_LEN
DOC_JUDG_CJ_1986_0228_19880324,ACT_EU_INST_CJEU_JUDG_AG_DE_LEN
DOC_JUDG_CJ_1986_0232_19871210,ACT_EU_INST_CJEU_JUDG_AG_IT_MAN
DOC_JUDG_CJ_1986_0236_19880706,ACT_EU_INST_CJEU_JUDG_AG_FR_DAR
DOC_JUDG_CJ_1986_0237_19871215,ACT_EU_INST_CJEU_JUDG_AG_PT_CRU_VIL
DOC_JUDG_CJ_1986_0238_19880225,ACT_EU_INST_CJEU_JUDG_AG_PT_CRU_VIL
DOC_JUDG_CJ_1986_0239_19871215,ACT_EU_INST_CJEU_JUDG_AG_PT_CRU_VIL
DOC_JUDG_CJ_1986_0240_19880324,ACT_EU_INST_CJEU_JUDG_AG_DE_LEN
DOC_JUDG_CJ_1986_0241_19870611,ACT_EU_INST_CJEU_JUDG_AG_DE_LEN
DOC_JUDG_CJ_1986_0246_19890711,ACT_EU_INST_CJEU_JUDG_AG_LU_MIS
DOC_JUDG_CJ_1986_0247_19881005,ACT_EU_INST_CJEU_JUDG_AG_IT_MAN
DOC_JUDG_CJ_1986_0249_19890518,ACT_EU_INST_CJEU_JUDG_AG_LU_MIS
DOC_JUDG_CJ_1986_0250_19890629,ACT_EU_INST_CJEU_JUDG_AG_LU_MIS
DOC_JUDG_CJ_1986_0252_19880303,ACT_EU_INST_CJEU_JUDG_AG_IT_MAN
DOC_JUDG_CJ_1986_0253_19880531,ACT_EU_INST_CJEU_JUDG_AG_LU_MIS
DOC_JUDG_CJ_1986_0254_19871028,ACT_EU_INST_CJEU_JUDG_AG_FR_DAR
DOC_JUDG_CJ_1986_0255_19880204,ACT_EU_INST_CJEU_JUDG_AG_PT_CRU_VIL
DOC_JUDG_CJ_1986_0256_19870709,ACT_EU_INST_CJEU_JUDG_AG_DE_LEN
DOC_JUDG_CJ_1986_0257_19880621,ACT_EU_INST_CJEU_JUDG_AG_FR_DAR
DOC_JUDG_CJ_1986_0260_19880224,ACT_EU_INST_CJEU_JUDG_AG_LU_MIS
DOC_JUDG_CJ_1986_0263_19880927,ACT_EU_INST_CJEU_JUDG_AG_UK_SLY
DOC_JUDG_CJ_1986_0264_19880224,ACT_EU_INST_CJEU_JUDG_AG_DE_LEN
DOC_JUDG_CJ_1986_0265_19880531,ACT_EU_INST_CJEU_JUDG_AG_PT_CRU_VIL
DOC_JUDG_CJ_1986_0267_19880921,ACT_EU_INST_CJEU_JUDG_AG_IT_MAN
DOC_JUDG_CJ_1986_0268_19880504,ACT_EU_INST_CJEU_JUDG_AG_PT_CRU_VIL
DOC_JUDG_CJ_1986_0269_19880705,ACT_EU_INST_CJEU_JUDG_AG_IT_MAN
DOC_JUDG_CJ_1986_0270_19901212,ACT_EU_INST_CJEU_JUDG_AG_DE_LEN
DOC_JUDG_CJ_1986_0272_19880922,ACT_EU_INST_CJEU_JUDG_AG_PT_CRU_VIL
DOC_JUDG_CJ_1986_0283_19880621,ACT_EU_INST_CJEU_JUDG_AG_DE_LEN
DOC_JUDG_CJ_1986_0286_19880922,ACT_EU_INST_CJEU_JUDG_AG_UK_SLY
DOC_JUDG_CJ_1986_0287_19871217,ACT_EU_INST_CJEU_JUDG_AG_IT_MAN
DOC_JUDG_CJ_1986_0289_19880705,ACT_EU_INST_CJEU_JUDG_AG_IT_MAN
DOC_JUDG_CJ_1986_0291_19880705,ACT_EU_INST_CJEU_JUDG_AG_UK_SLY
DOC_JUDG_CJ_1986_0292_19880119,ACT_EU_INST_CJEU_JUDG_AG_FR_DAR
DOC_JUDG_CJ_1986_0294_19881005,ACT_EU_INST_CJEU_JUDG_AG_UK_SLY
DOC_JUDG_CJ_1986_0296_19880308,ACT_EU_INST_CJEU_JUDG_AG_LU_MIS
DOC_JUDG_CJ_1986_0297_19880630,ACT_EU_INST_CJEU_JUDG_AG_DE_LEN
DOC_JUDG_CJ_1986_0298_19880714,ACT_EU_INST_CJEU_JUDG_AG_PT_CRU_VIL
DOC_JUDG_CJ_1986_0299_19880225,ACT_EU_INST_CJEU_JUDG_AG_FR_DAR
DOC_JUDG_CJ_1986_0300_19880629,ACT_EU_INST_CJEU_JUDG_AG_FR_DAR
DOC_JUDG_CJ_1986_0302_19880920,ACT_EU_INST_CJEU_JUDG_AG_UK_SLY
DOC_JUDG_CJ_1986_0304_19900711,ACT_EU_INST_CJEU_JUDG_AG_BE_GER
DOC_JUDG_CJ_1986_0305_19900711,ACT_EU_INST_CJEU_JUDG_AG_BE_GER
DOC_JUDG_CJ_1986_0307_19880524,ACT_EU_INST_CJEU_JUDG_AG_LU_MIS
DOC_JUDG_CJ_1986_0308_19880714,ACT_EU_INST_CJEU_JUDG_AG_UK_SLY
DOC_JUDG_CJ_1986_0309_19880302,ACT_EU_INST_CJEU_JUDG_AG_FR_DAR
DOC_JUDG_CJ_1986_0310_19880712,ACT_EU_INST_CJEU_JUDG_AG_LU_MIS
DOC_JUDG_CJ_1986_0312_19881025,ACT_EU_INST_CJEU_JUDG_AG_UK_SLY
DOC_JUDG_CJ_1986_0313_19880927,ACT_EU_INST_CJEU_JUDG_AG_UK_SLY
DOC_JUDG_CJ_1986_0314_19881005,ACT_EU_INST_CJEU_JUDG_AG_FR_DAR
DOC_JUDG_CJ_1986_0316_19880426,ACT_EU_INST_CJEU_JUDG_AG_IT_MAN
DOC_JUDG_CJ_1986_0317_19890315,ACT_EU_INST_CJEU_JUDG_AG_IT_TES
DOC_JUDG_CJ_1986_0318_19880630,ACT_EU_INST_CJEU_JUDG_AG_UK_SLY
DOC_JUDG_CJ_1986_0320_19900711,ACT_EU_INST_CJEU_JUDG_AG_BE_GER
DOC_JUDG_CJ_1986_0321_19880308,ACT_EU_INST_CJEU_JUDG_AG_LU_MIS
DOC_JUDG_CJ_1986_0322_19880712,ACT_EU_INST_CJEU_JUDG_AG_DE_LEN
DOC_JUDG_CJ_1986_0323_19871217,ACT_EU_INST_CJEU_JUDG_AG_PT_CRU_VIL
DOC_JUDG_CJ_1986_0324_19880210,ACT_EU_INST_CJEU_JUDG_AG_FR_DAR
DOC_JUDG_CJ_1986_0326_19890704,ACT_EU_INST_CJEU_JUDG_AG_DE_LEN
DOC_JUDG_CJ_1987_0001_19880209,ACT_EU_INST_CJEU_JUDG_AG_PT_CRU_VIL
DOC_JUDG_CJ_1987_0002_19880119,ACT_EU_INST_CJEU_JUDG_AG_PT_CRU_VIL
DOC_JUDG_CJ_1987_0003_19891214,ACT_EU_INST_CJEU_JUDG_AG_LU_MIS
DOC_JUDG_CJ_1987_0007_19880628,ACT_EU_INST_CJEU_JUDG_AG_PT_CRU_VIL
DOC_JUDG_CJ_1987_0008_19880224,ACT_EU_INST_CJEU_JUDG_AG_IT_MAN
DOC_JUDG_CJ_1987_0009_19880308,ACT_EU_INST_CJEU_JUDG_AG_UK_SLY
DOC_JUDG_CJ_1987_0010_19880621,ACT_EU_INST_CJEU_JUDG_AG_PT_CRU_VIL
DOC_JUDG_CJ_1987_0012_19880614,ACT_EU_INST_CJEU_JUDG_AG_DE_LEN
DOC_JUDG_CJ_1987_0018_19880927,ACT_EU_INST_CJEU_JUDG_AG_IT_MAN
DOC_JUDG_CJ_1987_0019_19880323,ACT_EU_INST_CJEU_JUDG_AG_LU_MIS
DOC_JUDG_CJ_1987_0020_19871208,ACT_EU_INST_CJEU_JUDG_AG_PT_CRU_VIL
DOC_JUDG_CJ_1987_0021_19880705,ACT_EU_INST_CJEU_JUDG_AG_UK_SLY
DOC_JUDG_CJ_1987_0022_19890202,ACT_EU_INST_CJEU_JUDG_AG_DE_LEN
DOC_JUDG_CJ_1987_0023_19880714,ACT_EU_INST_CJEU_JUDG_AG_UK_SLY
DOC_JUDG_CJ_1987_0027_19880419,ACT_EU_INST_CJEU_JUDG_AG_LU_MIS
DOC_JUDG_CJ_1987_0028_19880517,ACT_EU_INST_CJEU_JUDG_AG_FR_DAR
DOC_JUDG_CJ_1987_0029_19880614,ACT_EU_INST_CJEU_JUDG_AG_FR_DAR
DOC_JUDG_CJ_1987_0030_19880504,ACT_EU_INST_CJEU_JUDG_AG_PT_CRU_VIL
DOC_JUDG_CJ_1987_0031_19880920,ACT_EU_INST_CJEU_JUDG_AG_FR_DAR
DOC_JUDG_CJ_1987_0032_19880621,ACT_EU_INST_CJEU_JUDG_AG_DE_LEN
DOC_JUDG_CJ_1987_0033_19880614,ACT_EU_INST_CJEU_JUDG_AG_PT_CRU_VIL
DOC_JUDG_CJ_1987_0035_19880630,ACT_EU_INST_CJEU_JUDG_AG_LU_MIS
DOC_JUDG_CJ_1987_0037_19880419,ACT_EU_INST_CJEU_JUDG_AG_IT_MAN
DOC_JUDG_CJ_1987_0038_19880714,ACT_EU_INST_CJEU_JUDG_AG_FR_DAR
DOC_JUDG_CJ_1987_0042_19880927,ACT_EU_INST_CJEU_JUDG_AG_UK_SLY
DOC_JUDG_CJ_1987_0043_19880308,ACT_EU_INST_CJEU_JUDG_AG_IT_MAN
DOC_JUDG_CJ_1987_0045_19880922,ACT_EU_INST_CJEU_JUDG_AG_FR_DAR
DOC_JUDG_CJ_1987_0046_19890921,ACT_EU_INST_CJEU_JUDG_AG_LU_MIS
DOC_JUDG_CJ_1987_0047_19880614,ACT_EU_INST_CJEU_JUDG_AG_UK_SLY
DOC_JUDG_CJ_1987_0050_19880921,ACT_EU_INST_CJEU_JUDG_AG_UK_SLY
DOC_JUDG_CJ_1987_0051_19880927,ACT_EU_INST_CJEU_JUDG_AG_DE_LEN
DOC_JUDG_CJ_1987_0053_19881005,ACT_EU_INST_CJEU_JUDG_AG_LU_MIS
DOC_JUDG_CJ_1987_0054_19890222,ACT_EU_INST_CJEU_JUDG_AG_FR_DAR
DOC_JUDG_CJ_1987_0055_19880707,ACT_EU_INST_CJEU_JUDG_AG_IT_MAN
DOC_JUDG_CJ_1987_0056_19880609,ACT_EU_INST_CJEU_JUDG_AG_FR_DAR
DOC_JUDG_CJ_1987_0058_19880629,ACT_EU_INST_CJEU_JUDG_AG_IT_MAN
DOC_JUDG_CJ_1987_0061_19880428,ACT_EU_INST_CJEU_JUDG_AG_FR_DAR
DOC_JUDG_CJ_1987_0062_19880308,ACT_EU_INST_CJEU_JUDG_AG_DE_LEN
DOC_JUDG_CJ_1987_0063_19880607,ACT_EU_INST_CJEU_JUDG_AG_UK_SLY
DOC_JUDG_CJ_1987_0064_19880419,ACT_EU_INST_CJEU_JUDG_AG_FR_DAR
DOC_JUDG_CJ_1987_0069_19880922,ACT_EU_INST_CJEU_JUDG_AG_UK_SLY
DOC_JUDG_CJ_1987_0070_19890622,ACT_EU_INST_CJEU_JUDG_AG_BE_GER
DOC_JUDG_CJ_1987_0071_19880419,ACT_EU_INST_CJEU_JUDG_AG_LU_MIS
DOC_JUDG_CJ_1987_0074_19880531,ACT_EU_INST_CJEU_JUDG_AG_UK_SLY
DOC_JUDG_CJ_1987_0076_19880428,ACT_EU_INST_CJEU_JUDG_AG_LU_MIS
DOC_JUDG_CJ_1987_0079_19880223,ACT_EU_INST_CJEU_JUDG_AG_LU_MIS
DOC_JUDG_CJ_1987_0080_19880308,ACT_EU_INST_CJEU_JUDG_AG_IT_MAN
DOC_JUDG_CJ_1987_0081_19880927,ACT_EU_INST_CJEU_JUDG_AG_FR_DAR
DOC_JUDG_CJ_1987_0083_19880504,ACT_EU_INST_CJEU_JUDG_AG_FR_DAR
DOC_JUDG_CJ_1987_0084_19880517,ACT_EU_INST_CJEU_JUDG_AG_FR_DAR
DOC_JUDG_CJ_1987_0085_19891017,ACT_EU_INST_CJEU_JUDG_AG_LU_MIS
DOC_JUDG_CJ_1987_0091_19880505,ACT_EU_INST_CJEU_JUDG_AG_IT_MAN
DOC_JUDG_CJ_1987_0092_19890222,ACT_EU_INST_CJEU_JUDG_AG_BE_GER
DOC_JUDG_CJ_1987_0094_19890202,ACT_EU_INST_CJEU_JUDG_AG_FR_DAR
DOC_JUDG_CJ_1987_0097_19891017,ACT_EU_INST_CJEU_JUDG_AG_LU_MIS
DOC_JUDG_CJ_1987_0100_19890228,ACT_EU_INST_CJEU_JUDG_AG_UK_JAC
DOC_JUDG_CJ_1987_0101_19880615,ACT_EU_INST_CJEU_JUDG_AG_FR_DAR
DOC_JUDG_CJ_1987_0102_19880713,ACT_EU_INST_CJEU_JUDG_AG_DE_LEN
DOC_JUDG_CJ_1987_0105_19880323,ACT_EU_INST_CJEU_JUDG_AG_IT_MAN
DOC_JUDG_CJ_1987_0106_19880927,ACT_EU_INST_CJEU_JUDG_AG_UK_SLY
DOC_JUDG_CJ_1987_0121_19881018,ACT_EU_INST_CJEU_JUDG_AG_UK_SLY
DOC_JUDG_CJ_1987_0122_19880524,ACT_EU_INST_CJEU_JUDG_AG_PT_CRU_VIL
DOC_JUDG_CJ_1987_0123_19880714,ACT_EU_INST_CJEU_JUDG_AG_UK_SLY
DOC_JUDG_CJ_1987_0124_19880629,ACT_EU_INST_CJEU_JUDG_AG_DE_LEN
DOC_JUDG_CJ_1987_0125_19880308,ACT_EU_INST_CJEU_JUDG_AG_LU_MIS
DOC_JUDG_CJ_1987_0125_19891026,ACT_EU_INST_CJEU_JUDG_AG_LU_MIS
DOC_JUDG_CJ_1987_0126_19890310,ACT_EU_INST_CJEU_JUDG_AG_FR_DAR
DOC_JUDG_CJ_1987_0127_19880621,ACT_EU_INST_CJEU_JUDG_AG_DE_LEN
DOC_JUDG_CJ_1987_0128_19890117,ACT_EU_INST_CJEU_JUDG_AG_LU_MIS
DOC_JUDG_CJ_1987_0129_19881005,ACT_EU_INST_CJEU_JUDG_AG_FR_DAR
DOC_JUDG_CJ_1987_0130_19890418,ACT_EU_INST_CJEU_JUDG_AG_FR_DAR
DOC_JUDG_CJ_1987_0131_19891116,ACT_EU_INST_CJEU_JUDG_AG_DE_LEN
DOC_JUDG_CJ_1987_0133_19900314,ACT_EU_INST_CJEU_JUDG_AG_LU_MIS
DOC_JUDG_CJ_1987_0135_19880608,ACT_EU_INST_CJEU_JUDG_AG_DE_LEN
DOC_JUDG_CJ_1987_0136_19880920,ACT_EU_INST_CJEU_JUDG_AG_PT_CRU_VIL
DOC_JUDG_CJ_1987_0140_19890315,ACT_EU_INST_CJEU_JUDG_AG_IT_TES
DOC_JUDG_CJ_1987_0141_19890425,ACT_EU_INST_CJEU_JUDG_AG_UK_JAC
DOC_JUDG_CJ_1987_0142_19900321,ACT_EU_INST_CJEU_JUDG_AG_IT_TES
DOC_JUDG_CJ_1987_0143_19880707,ACT_EU_INST_CJEU_JUDG_AG_IT_MAN
DOC_JUDG_CJ_1987_0144_19880505,ACT_EU_INST_CJEU_JUDG_AG_IT_MAN
DOC_JUDG_CJ_1987_0147_19871217,ACT_EU_INST_CJEU_JUDG_AG_PT_CRU_VIL
DOC_JUDG_CJ_1987_0148_19880922,ACT_EU_INST_CJEU_JUDG_AG_DE_LEN
DOC_JUDG_CJ_1987_0151_19880420,ACT_EU_INST_CJEU_JUDG_AG_FR_DAR
DOC_JUDG_CJ_1987_0154_19880707,ACT_EU_INST_CJEU_JUDG_AG_IT_MAN
DOC_JUDG_CJ_1987_0156_19900314,ACT_EU_INST_CJEU_JUDG_AG_LU_MIS
DOC_JUDG_CJ_1987_0157_19900711,ACT_EU_INST_CJEU_JUDG_AG_BE_GER
DOC_JUDG_CJ_1987_0158_19880706,ACT_EU_INST_CJEU_JUDG_AG_IT_MAN
DOC_JUDG_CJ_1987_0161_19880614,ACT_EU_INST_CJEU_JUDG_AG_DE_LEN
DOC_JUDG_CJ_1987_0164_19880706,ACT_EU_INST_CJEU_JUDG_AG_DE_LEN
DOC_JUDG_CJ_1987_0165_19880927,ACT_EU_INST_CJEU_JUDG_AG_DE_LEN
DOC_JUDG_CJ_1987_0169_19880713,ACT_EU_INST_CJEU_JUDG_AG_PT_CRU_VIL
DOC_JUDG_CJ_1987_0171_19920310,ACT_EU_INST_CJEU_JUDG_AG_LU_MIS
DOC_JUDG_CJ_1987_0172_19920310,ACT_EU_INST_CJEU_JUDG_AG_LU_MIS
DOC_JUDG_CJ_1987_0174_19920310,ACT_EU_INST_CJEU_JUDG_AG_LU_MIS
DOC_JUDG_CJ_1987_0175_19920310,ACT_EU_INST_CJEU_JUDG_AG_LU_MIS
DOC_JUDG_CJ_1987_0176_19920310,ACT_EU_INST_CJEU_JUDG_AG_LU_MIS
DOC_JUDG_CJ_1987_0177_19920310,ACT_EU_INST_CJEU_JUDG_AG_LU_MIS
DOC_JUDG_CJ_1987_0178_19920310,ACT_EU_INST_CJEU_JUDG_AG_LU_MIS
DOC_JUDG_CJ_1987_0179_19920310,ACT_EU_INST_CJEU_JUDG_AG_LU_MIS
DOC_JUDG_CJ_1987_0180_19881005,ACT_EU_INST_CJEU_JUDG_AG_IT_MAN
DOC_JUDG_CJ_1987_0181_19880706,ACT_EU_INST_CJEU_JUDG_AG_DE_LEN
DOC_JUDG_CJ_1987_0182_19890228,ACT_EU_INST_CJEU_JUDG_AG_UK_JAC
DOC_JUDG_CJ_1987_0186_19890202,ACT_EU_INST_CJEU_JUDG_AG_DE_LEN
DOC_JUDG_CJ_1987_0187_19880922,ACT_EU_INST_CJEU_JUDG_AG_UK_SLY
DOC_JUDG_CJ_1987_0189_19880927,ACT_EU_INST_CJEU_JUDG_AG_FR_DAR
DOC_JUDG_CJ_1987_0190_19880920,ACT_EU_INST_CJEU_JUDG_AG_FR_DAR
DOC_JUDG_CJ_1987_0192_19880428,ACT_EU_INST_CJEU_JUDG_AG_LU_MIS
DOC_JUDG_CJ_1987_0193_19890511,ACT_EU_INST_CJEU_JUDG_AG_FR_DAR
DOC_JUDG_CJ_1987_0193_19900118,ACT_EU_INST_CJEU_JUDG_AG_FR_DAR
DOC_JUDG_CJ_1987_0195_19890711,ACT_EU_INST_CJEU_JUDG_AG_IT_TES
DOC_JUDG_CJ_1987_0196_19881005,ACT_EU_INST_CJEU_JUDG_AG_FR_DAR
DOC_JUDG_CJ_1987_0198_19890704,ACT_EU_INST_CJEU_JUDG_AG_UK_JAC
DOC_JUDG_CJ_1987_0199_19880922,ACT_EU_INST_CJEU_JUDG_AG_UK_SLY
DOC_JUDG_CJ_1987_0200_19890627,ACT_EU_INST_CJEU_JUDG_AG_BE_GER
DOC_JUDG_CJ_1987_0201_19890228,ACT_EU_INST_CJEU_JUDG_AG_IT_TES
DOC_JUDG_CJ_1987_0203_19890221,ACT_EU_INST_CJEU_JUDG_AG_LU_MIS
DOC_JUDG_CJ_1987_0204_19880420,ACT_EU_INST_CJEU_JUDG_AG_PT_CRU_VIL
DOC_JUDG_CJ_1987_0206_19890214,ACT_EU_INST_CJEU_JUDG_AG_DE_LEN
DOC_JUDG_CJ_1987_0207_19880714,ACT_EU_INST_CJEU_JUDG_AG_DE_LEN
DOC_JUDG_CJ_1987_0210_19881005,ACT_EU_INST_CJEU_JUDG_AG_FR_DAR
DOC_JUDG_CJ_1987_0211_19880531,ACT_EU_INST_CJEU_JUDG_AG_UK_SLY
DOC_JUDG_CJ_1987_0212_19880922,ACT_EU_INST_CJEU_JUDG_AG_IT_MAN
DOC_JUDG_CJ_1987_0213_19900207,ACT_EU_INST_CJEU_JUDG_AG_IT_TES
DOC_JUDG_CJ_1987_0215_19890307,ACT_EU_INST_CJEU_JUDG_AG_IT_TES
DOC_JUDG_CJ_1987_0216_19891214,ACT_EU_INST_CJEU_JUDG_AG_LU_MIS
DOC_JUDG_CJ_1987_0217_19880920,ACT_EU_INST_CJEU_JUDG_AG_LU_MIS
DOC_JUDG_CJ_1987_0218_19890614,ACT_EU_INST_CJEU_JUDG_AG_DE_LEN
DOC_JUDG_CJ_1987_0219_19890614,ACT_EU_INST_CJEU_JUDG_AG_DE_LEN
DOC_JUDG_CJ_1987_0224_19890126,ACT_EU_INST_CJEU_JUDG_AG_IT_TES
DOC_JUDG_CJ_1987_0225_19890712,ACT_EU_INST_CJEU_JUDG_AG_BE_GER
DOC_JUDG_CJ_1987_0226_19880630,ACT_EU_INST_CJEU_JUDG_AG_IT_MAN
DOC_JUDG_CJ_1987_0228_19880922,ACT_EU_INST_CJEU_JUDG_AG_DE_LEN
DOC_JUDG_CJ_1987_0229_19881115,ACT_EU_INST_CJEU_JUDG_AG_UK_SLY
DOC_JUDG_CJ_1987_0230_19881123,ACT_EU_INST_CJEU_JUDG_AG_PT_CRU_VIL
DOC_JUDG_CJ_1987_0231_19891017,ACT_EU_INST_CJEU_JUDG_AG_LU_MIS
DOC_JUDG_CJ_1987_0233_19890228,ACT_EU_INST_CJEU_JUDG_AG_DE_LEN
DOC_JUDG_CJ_1987_0234_19890120,ACT_EU_INST_CJEU_JUDG_AG_FR_DAR
DOC_JUDG_CJ_1987_0235_19880927,ACT_EU_INST_CJEU_JUDG_AG_UK_SLY
DOC_JUDG_CJ_1987_0236_19880922,ACT_EU_INST_CJEU_JUDG_AG_DE_LEN
DOC_JUDG_CJ_1987_0238_19881005,ACT_EU_INST_CJEU_JUDG_AG_LU_MIS
DOC_JUDG_CJ_1987_0240_19880629,ACT_EU_INST_CJEU_JUDG_AG_UK_SLY
DOC_JUDG_CJ_1987_0242_19890530,ACT_EU_INST_CJEU_JUDG_AG_LU_MIS
DOC_JUDG_CJ_1987_0245_19890228,ACT_EU_INST_CJEU_JUDG_AG_FR_DAR
DOC_JUDG_CJ_1987_0246_19890512,ACT_EU_INST_CJEU_JUDG_AG_FR_DAR
DOC_JUDG_CJ_1987_0247_19890214,ACT_EU_INST_CJEU_JUDG_AG_DE_LEN
DOC_JUDG_CJ_1987_0248_19880323,ACT_EU_INST_CJEU_JUDG_AG_UK_SLY
DOC_JUDG_CJ_1987_0249_19891206,ACT_EU_INST_CJEU_JUDG_AG_UK_JAC
DOC_JUDG_CJ_1987_0252_19880920,ACT_EU_INST_CJEU_JUDG_AG_FR_DAR
DOC_JUDG_CJ_1987_0253_19880621,ACT_EU_INST_CJEU_JUDG_AG_DE_LEN
DOC_JUDG_CJ_1987_0254_19880714,ACT_EU_INST_CJEU_JUDG_AG_UK_SLY
DOC_JUDG_CJ_1987_0258_19891019,ACT_EU_INST_CJEU_JUDG_AG_DE_LEN
DOC_JUDG_CJ_1987_0259_19900710,ACT_EU_INST_CJEU_JUDG_AG_DE_LEN
DOC_JUDG_CJ_1987_0262_19890202,ACT_EU_INST_CJEU_JUDG_AG_BE_GER
DOC_JUDG_CJ_1987_0263_19890511,ACT_EU_INST_CJEU_JUDG_AG_BE_GER
DOC_JUDG_CJ_1987_0265_19890711,ACT_EU_INST_CJEU_JUDG_AG_IT_TES
DOC_JUDG_CJ_1987_0266_19890518,ACT_EU_INST_CJEU_JUDG_AG_FR_DAR
DOC_JUDG_CJ_1987_0268_19880922,ACT_EU_INST_CJEU_JUDG_AG_FR_DAR
DOC_JUDG_CJ_1987_0269_19881214,ACT_EU_INST_CJEU_JUDG_AG_BE_GER
DOC_JUDG_CJ_1987_0270_19890628,ACT_EU_INST_CJEU_JUDG_AG_LU_MIS
DOC_JUDG_CJ_1987_0271_19890427,ACT_EU_INST_CJEU_JUDG_AG_FR_DAR
DOC_JUDG_CJ_1987_0274_19890202,ACT_EU_INST_CJEU_JUDG_AG_FR_DAR
DOC_JUDG_CJ_1987_0275_19890202,ACT_EU_INST_CJEU_JUDG_AG_DE_LEN
DOC_JUDG_CJ_1987_0277_19900111,ACT_EU_INST_CJEU_JUDG_AG_BE_GER
DOC_JUDG_CJ_1987_0279_19900208,ACT_EU_INST_CJEU_JUDG_AG_BE_GER
DOC_JUDG_CJ_1987_0280_19881214,ACT_EU_INST_CJEU_JUDG_AG_LU_MIS
DOC_JUDG_CJ_1987_0281_19891129,ACT_EU_INST_CJEU_JUDG_AG_UK_JAC
DOC_JUDG_CJ_1987_0284_19880714,ACT_EU_INST_CJEU_JUDG_AG_IT_MAN
DOC_JUDG_CJ_1987_0287_19900118,ACT_EU_INST_CJEU_JUDG_AG_IT_TES
DOC_JUDG_CJ_1987_0290_19891005,ACT_EU_INST_CJEU_JUDG_AG_DE_LEN
DOC_JUDG_CJ_1987_0291_19881214,ACT_EU_INST_CJEU_JUDG_AG_BE_GER
DOC_JUDG_CJ_1987_0292_19880922,ACT_EU_INST_CJEU_JUDG_AG_UK_SLY
DOC_JUDG_CJ_1987_0293_19890117,ACT_EU_INST_CJEU_JUDG_AG_LU_MIS
DOC_JUDG_CJ_1987_0298_19880714,ACT_EU_INST_CJEU_JUDG_AG_LU_MIS
DOC_JUDG_CJ_1987_0301_19900214,ACT_EU_INST_CJEU_JUDG_AG_UK_JAC
DOC_JUDG_CJ_1987_0302_19880927,ACT_EU_INST_CJEU_JUDG_AG_FR_DAR
DOC_JUDG_CJ_1987_0303_19890315,ACT_EU_INST_CJEU_JUDG_AG_FR_DAR
DOC_JUDG_CJ_1987_0305_19890530,ACT_EU_INST_CJEU_JUDG_AG_UK_JAC
DOC_JUDG_CJ_1987_0307_19890131,ACT_EU_INST_CJEU_JUDG_AG_UK_JAC
DOC_JUDG_CJ_1987_0308_19900327,ACT_EU_INST_CJEU_JUDG_AG_IT_TES
DOC_JUDG_CJ_1987_0308_19940203,ACT_EU_INST_CJEU_JUDG_AG_IT_TES
DOC_JUDG_CJ_1987_0310_19890117,ACT_EU_INST_CJEU_JUDG_AG_IT_TES
DOC_JUDG_CJ_1987_0311_19881018,ACT_EU_INST_CJEU_JUDG_AG_LU_MIS
DOC_JUDG_CJ_1987_0320_19890512,ACT_EU_INST_CJEU_JUDG_AG_IT_TES
DOC_JUDG_CJ_1987_0321_19890427,ACT_EU_INST_CJEU_JUDG_AG_IT_TES
DOC_JUDG_CJ_1987_0323_19890711,ACT_EU_INST_CJEU_JUDG_AG_UK_JAC
DOC_JUDG_CJ_1987_0324_19890427,ACT_EU_INST_CJEU_JUDG_AG_UK_JAC
DOC_JUDG_CJ_1987_0326_19880712,ACT_EU_INST_CJEU_JUDG_AG_PT_CRU_VIL
DOC_JUDG_CJ_1987_0331_19891212,ACT_EU_INST_CJEU_JUDG_AG_LU_MIS
DOC_JUDG_CJ_1987_0333_19891116,ACT_EU_INST_CJEU_JUDG_AG_IT_TES
DOC_JUDG_CJ_1987_0334_19900710,ACT_EU_INST_CJEU_JUDG_AG_DE_LEN
DOC_JUDG_CJ_1987_0335_19900710,ACT_EU_INST_CJEU_JUDG_AG_DE_LEN
DOC_JUDG_CJ_1987_0339_19900315,ACT_EU_INST_CJEU_JUDG_AG_BE_GER
DOC_JUDG_CJ_1987_0340_19890530,ACT_EU_INST_CJEU_JUDG_AG_BE_GER
DOC_JUDG_CJ_1987_0341_19890124,ACT_EU_INST_CJEU_JUDG_AG_FR_DAR
DOC_JUDG_CJ_1987_0342_19891213,ACT_EU_INST_CJEU_JUDG_AG_LU_MIS
DOC_JUDG_CJ_1987_0343_19900207,ACT_EU_INST_CJEU_JUDG_AG_LU_MIS
DOC_JUDG_CJ_1987_0344_19890531,ACT_EU_INST_CJEU_JUDG_AG_UK_JAC
DOC_JUDG_CJ_1987_0346_19890214,ACT_EU_INST_CJEU_JUDG_AG_FR_DAR
DOC_JUDG_CJ_1987_0347_19900322,ACT_EU_INST_CJEU_JUDG_AG_BE_GER
DOC_JUDG_CJ_1987_0348_19890615,ACT_EU_INST_CJEU_JUDG_AG_LU_MIS
DOC_JUDG_CJ_1987_0349_19911004,ACT_EU_INST_CJEU_JUDG_AG_IT_TES
DOC_JUDG_CJ_1987_0353_19890202,ACT_EU_INST_CJEU_JUDG_AG_FR_DAR
DOC_JUDG_CJ_1987_0354_19901106,ACT_EU_INST_CJEU_JUDG_AG_BE_GER
DOC_JUDG_CJ_1987_0355_19890530,ACT_EU_INST_CJEU_JUDG_AG_DE_LEN
DOC_JUDG_CJ_1987_0357_19881005,ACT_EU_INST_CJEU_JUDG_AG_PT_CRU_VIL
DOC_JUDG_CJ_1987_0358_19890418,ACT_EU_INST_CJEU_JUDG_AG_UK_JAC
DOC_JUDG_CJ_1987_0359_19890302,ACT_EU_INST_CJEU_JUDG_AG_DE_LEN
DOC_JUDG_CJ_1987_0360_19910228,ACT_EU_INST_CJEU_JUDG_AG_BE_GER
DOC_JUDG_CJ_1987_0361_19890713,ACT_EU_INST_CJEU_JUDG_AG_LU_MIS
DOC_JUDG_CJ_1987_0368_19890518,ACT_EU_INST_CJEU_JUDG_AG_UK_JAC
DOC_JUDG_CJ_1987_0374_19891018,ACT_EU_INST_CJEU_JUDG_AG_FR_DAR
DOC_JUDG_CJ_1987_0377_19880712,ACT_EU_INST_CJEU_JUDG_AG_LU_MIS
DOC_JUDG_CJ_1987_0378_19890523,ACT_EU_INST_CJEU_JUDG_AG_LU_MIS
DOC_JUDG_CJ_1987_0379_19891128,ACT_EU_INST_CJEU_JUDG_AG_FR_DAR
DOC_JUDG_CJ_1987_0380_19890713,ACT_EU_INST_CJEU_JUDG_AG_UK_JAC
DOC_JUDG_CJ_1987_0381_19891123,ACT_EU_INST_CJEU_JUDG_AG_IT_TES
DOC_JUDG_CJ_1987_0382_19890516,ACT_EU_INST_CJEU_JUDG_AG_IT_TES
DOC_JUDG_CJ_1987_0383_19880712,ACT_EU_INST_CJEU_JUDG_AG_LU_MIS
DOC_JUDG_CJ_1987_0386_19891109,ACT_EU_INST_CJEU_JUDG_AG_UK_JAC
DOC_JUDG_CJ_1987_0388_19890512,ACT_EU_INST_CJEU_JUDG_AG_BE_GER
DOC_JUDG_CJ_1987_0389_19890315,ACT_EU_INST_CJEU_JUDG_AG_FR_DAR
DOC_JUDG_CJ_1987_0395_19890713,ACT_EU_INST_CJEU_JUDG_AG_UK_JAC
DOC_JUDG_CJ_1988_0001_19890314,ACT_EU_INST_CJEU_JUDG_AG_LU_MIS
DOC_JUDG_CJ_1988_0003_19891205,ACT_EU_INST_CJEU_JUDG_AG_LU_MIS
DOC_JUDG_CJ_1988_0004_19890713,ACT_EU_INST_CJEU_JUDG_AG_UK_JAC
DOC_JUDG_CJ_1988_0005_19890713,ACT_EU_INST_CJEU_JUDG_AG_UK_JAC
DOC_JUDG_CJ_1988_0006_19891114,ACT_EU_INST_CJEU_JUDG_AG_IT_TES
DOC_JUDG_CJ_1988_0008_19900612,ACT_EU_INST_CJEU_JUDG_AG_BE_GER
DOC_JUDG_CJ_1988_0009_19890927,ACT_EU_INST_CJEU_JUDG_AG_FR_DAR
DOC_JUDG_CJ_1988_0010_19900327,ACT_EU_INST_CJEU_JUDG_AG_BE_GER
DOC_JUDG_CJ_1988_0011_19891116,ACT_EU_INST_CJEU_JUDG_AG_DE_LEN
DOC_JUDG_CJ_1988_0012_19890921,ACT_EU_INST_CJEU_JUDG_AG_UK_JAC
DOC_JUDG_CJ_1988_0013_19890214,ACT_EU_INST_CJEU_JUDG_AG_BE_GER
DOC_JUDG_CJ_1988_0014_19891114,ACT_EU_INST_CJEU_JUDG_AG_BE_GER
DOC_JUDG_CJ_1988_0015_19890525,ACT_EU_INST_CJEU_JUDG_AG_DE_LEN
DOC_JUDG_CJ_1988_0016_19891024,ACT_EU_INST_CJEU_JUDG_AG_FR_DAR
DOC_JUDG_CJ_1988_0017_19891213,ACT_EU_INST_CJEU_JUDG_AG_DE_LEN
DOC_JUDG_CJ_1988_0018_19911213,ACT_EU_INST_CJEU_JUDG_AG_FR_DAR
DOC_JUDG_CJ_1988_0019_19890228,ACT_EU_INST_CJEU_JUDG_AG_FR_DAR
DOC_JUDG_CJ_1988_0020_19890530,ACT_EU_INST_CJEU_JUDG_AG_FR_DAR
DOC_JUDG_CJ_1988_0021_19900320,ACT_EU_INST_CJEU_JUDG_AG_DE_LEN
DOC_JUDG_CJ_1988_0022_19890629,ACT_EU_INST_CJEU_JUDG_AG_BE_GER
DOC_JUDG_CJ_1988_0024_19890627,ACT_EU_INST_CJEU_JUDG_AG_IT_TES
DOC_JUDG_CJ_1988_0025_19890511,ACT_EU_INST_CJEU_JUDG_AG_BE_GER
DOC_JUDG_CJ_1988_0026_19891213,ACT_EU_INST_CJEU_JUDG_AG_BE_GER
DOC_JUDG_CJ_1988_0027_19891018,ACT_EU_INST_CJEU_JUDG_AG_FR_DAR
DOC_JUDG_CJ_1988_0029_19890228,ACT_EU_INST_CJEU_JUDG_AG_FR_DAR
DOC_JUDG_CJ_1988_0030_19891114,ACT_EU_INST_CJEU_JUDG_AG_IT_TES
DOC_JUDG_CJ_1988_0032_19890215,ACT_EU_INST_CJEU_JUDG_AG_IT_TES
DOC_JUDG_CJ_1988_0033_19890530,ACT_EU_INST_CJEU_JUDG_AG_DE_LEN
DOC_JUDG_CJ_1988_0035_19900712,ACT_EU_INST_CJEU_JUDG_AG_LU_MIS
DOC_JUDG_CJ_1988_0037_19890927,ACT_EU_INST_CJEU_JUDG_AG_BE_GER
DOC_JUDG_CJ_1988_0038_19900328,ACT_EU_INST_CJEU_JUDG_AG_FR_DAR
DOC_JUDG_CJ_1988_0039_19901127,ACT_EU_INST_CJEU_JUDG_AG_LU_MIS
DOC_JUDG_CJ_1988_0040_19890525,ACT_EU_INST_CJEU_JUDG_AG_IT_TES
DOC_JUDG_CJ_1988_0041_19891121,ACT_EU_INST_CJEU_JUDG_AG_LU_MIS
DOC_JUDG_CJ_1988_0043_19890531,ACT_EU_INST_CJEU_JUDG_AG_UK_JAC
DOC_JUDG_CJ_1988_0046_19890511,ACT_EU_INST_CJEU_JUDG_AG_FR_DAR
DOC_JUDG_CJ_1988_0047_19901211,ACT_EU_INST_CJEU_JUDG_AG_LU_MIS
DOC_JUDG_CJ_1988_0048_19890627,ACT_EU_INST_CJEU_JUDG_AG_FR_DAR
DOC_JUDG_CJ_1988_0049_19910627,ACT_EU_INST_CJEU_JUDG_AG_FR_DAR
DOC_JUDG_CJ_1988_0050_19890627,ACT_EU_INST_CJEU_JUDG_AG_UK_JAC
DOC_JUDG_CJ_1988_0051_19890315,ACT_EU_INST_CJEU_JUDG_AG_UK_JAC
DOC_JUDG_CJ_1988_0052_19890511,ACT_EU_INST_CJEU_JUDG_AG_FR_DAR
DOC_JUDG_CJ_1988_0053_19901108,ACT_EU_INST_CJEU_JUDG_AG_DE_LEN
DOC_JUDG_CJ_1988_0054_19901003,ACT_EU_INST_CJEU_JUDG_AG_FR_DAR
DOC_JUDG_CJ_1988_0055_19891109,ACT_EU_INST_CJEU_JUDG_AG_IT_TES
DOC_JUDG_CJ_1988_0056_19890530,ACT_EU_INST_CJEU_JUDG_AG_LU_MIS
DOC_JUDG_CJ_1988_0058_19890713,ACT_EU_INST_CJEU_JUDG_AG_BE_GER
DOC_JUDG_CJ_1988_0062_19900329,ACT_EU_INST_CJEU_JUDG_AG_FR_DAR
DOC_JUDG_CJ_1988_0064_19910611,ACT_EU_INST_CJEU_JUDG_AG_DE_LEN
DOC_JUDG_CJ_1988_0067_19901127,ACT_EU_INST_CJEU_JUDG_AG_BE_GER
DOC_JUDG_CJ_1988_0068_19890921,ACT_EU_INST_CJEU_JUDG_AG_IT_TES
DOC_JUDG_CJ_1988_0069_19900307,ACT_EU_INST_CJEU_JUDG_AG_FR_DAR
DOC_JUDG_CJ_1988_0070_19900522,ACT_EU_INST_CJEU_JUDG_AG_BE_GER
DOC_JUDG_CJ_1988_0070_19911004,ACT_EU_INST_CJEU_JUDG_AG_BE_GER
DOC_JUDG_CJ_1988_0075_19891109,ACT_EU_INST_CJEU_JUDG_AG_DE_LEN
DOC_JUDG_CJ_1988_0077_19890615,ACT_EU_INST_CJEU_JUDG_AG_UK_JAC
DOC_JUDG_CJ_1988_0081_19900207,ACT_EU_INST_CJEU_JUDG_AG_UK_JAC
DOC_JUDG_CJ_1988_0088_19890627,ACT_EU_INST_CJEU_JUDG_AG_UK_JAC
DOC_JUDG_CJ_1988_0093_19890713,ACT_EU_INST_CJEU_JUDG_AG_LU_MIS
DOC_JUDG_CJ_1988_0095_19900207,ACT_EU_INST_CJEU_JUDG_AG_UK_JAC
DOC_JUDG_CJ_1988_0100_19891213,ACT_EU_INST_CJEU_JUDG_AG_FR_DAR
DOC_JUDG_CJ_1988_0101_19900110,ACT_EU_INST_CJEU_JUDG_AG_FR_DAR
DOC_JUDG_CJ_1988_0102_19891213,ACT_EU_INST_CJEU_JUDG_AG_FR_DAR
DOC_JUDG_CJ_1988_0103_19890622,ACT_EU_INST_CJEU_JUDG_AG_DE_LEN
DOC_JUDG_CJ_1988_0104_19890622,ACT_EU_INST_CJEU_JUDG_AG_LU_MIS
DOC_JUDG_CJ_1988_0108_19890713,ACT_EU_INST_CJEU_JUDG_AG_IT_TES
DOC_JUDG_CJ_1988_0109_19891017,ACT_EU_INST_CJEU_JUDG_AG_DE_LEN
DOC_JUDG_CJ_1988_0110_19890713,ACT_EU_INST_CJEU_JUDG_AG_UK_JAC
DOC_JUDG_CJ_1988_0113_19890627,ACT_EU_INST_CJEU_JUDG_AG_UK_JAC
DOC_JUDG_CJ_1988_0114_19891205,ACT_EU_INST_CJEU_JUDG_AG_IT_TES
DOC_JUDG_CJ_1988_0115_19900110,ACT_EU_INST_CJEU_JUDG_AG_LU_MIS
DOC_JUDG_CJ_1988_0116_19900307,ACT_EU_INST_CJEU_JUDG_AG_LU_MIS
DOC_JUDG_CJ_1988_0117_19900307,ACT_EU_INST_CJEU_JUDG_AG_FR_DAR
DOC_JUDG_CJ_1988_0119_19900606,ACT_EU_INST_CJEU_JUDG_AG_UK_JAC
DOC_JUDG_CJ_1988_0120_19910226,ACT_EU_INST_CJEU_JUDG_AG_FR_DAR
DOC_JUDG_CJ_1988_0125_19891107,ACT_EU_INST_CJEU_JUDG_AG_FR_DAR
DOC_JUDG_CJ_1988_0126_19900327,ACT_EU_INST_CJEU_JUDG_AG_BE_GER
DOC_JUDG_CJ_1988_0128_19890418,ACT_EU_INST_CJEU_JUDG_AG_UK_JAC
DOC_JUDG_CJ_1988_0130_19890927,ACT_EU_INST_CJEU_JUDG_AG_FR_DAR
DOC_JUDG_CJ_1988_0131_19910228,ACT_EU_INST_CJEU_JUDG_AG_BE_GER
DOC_JUDG_CJ_1988_0132_19900405,ACT_EU_INST_CJEU_JUDG_AG_LU_MIS
DOC_JUDG_CJ_1988_0133_19890314,ACT_EU_INST_CJEU_JUDG_AG_IT_TES
DOC_JUDG_CJ_1988_0136_19891207,ACT_EU_INST_CJEU_JUDG_AG_IT_TES
DOC_JUDG_CJ_1988_0137_19900214,ACT_EU_INST_CJEU_JUDG_AG_IT_TES
DOC_JUDG_CJ_1988_0140_19910221,ACT_EU_INST_CJEU_JUDG_AG_LU_MIS
DOC_JUDG_CJ_1988_0141_19890712,ACT_EU_INST_CJEU_JUDG_AG_BE_GER
DOC_JUDG_CJ_1988_0142_19891019,ACT_EU_INST_CJEU_JUDG_AG_IT_TES
DOC_JUDG_CJ_1988_0145_19891123,ACT_EU_INST_CJEU_JUDG_AG_BE_GER
DOC_JUDG_CJ_1988_0150_19891123,ACT_EU_INST_CJEU_JUDG_AG_FR_DAR
DOC_JUDG_CJ_1988_0152_19900626,ACT_EU_INST_CJEU_JUDG_AG_IT_TES
DOC_JUDG_CJ_1988_0153_19900307,ACT_EU_INST_CJEU_JUDG_AG_UK_JAC
DOC_JUDG_CJ_1988_0158_19900612,ACT_EU_INST_CJEU_JUDG_AG_FR_DAR
DOC_JUDG_CJ_1988_0159_19900606,ACT_EU_INST_CJEU_JUDG_AG_IT_TES
DOC_JUDG_CJ_1988_0161_19890712,ACT_EU_INST_CJEU_JUDG_AG_FR_DAR
DOC_JUDG_CJ_1988_0163_19891212,ACT_EU_INST_CJEU_JUDG_AG_UK_JAC
DOC_JUDG_CJ_1988_0164_19890628,ACT_EU_INST_CJEU_JUDG_AG_BE_GER
DOC_JUDG_CJ_1988_0165_19891205,ACT_EU_INST_CJEU_JUDG_AG_IT_TES
DOC_JUDG_CJ_1988_0167_19890608,ACT_EU_INST_CJEU_JUDG_AG_IT_TES
DOC_JUDG_CJ_1988_0168_19891214,ACT_EU_INST_CJEU_JUDG_AG_FR_DAR
DOC_JUDG_CJ_1988_0169_19891213,ACT_EU_INST_CJEU_JUDG_AG_IT_TES
DOC_JUDG_CJ_1988_0170_19890711,ACT_EU_INST_CJEU_JUDG_AG_UK_JAC
DOC_JUDG_CJ_1988_0171_19890713,ACT_EU_INST_CJEU_JUDG_AG_FR_DAR
DOC_JUDG_CJ_1988_0173_19890713,ACT_EU_INST_CJEU_JUDG_AG_UK_JAC
DOC_JUDG_CJ_1988_0174_19900606,ACT_EU_INST_CJEU_JUDG_AG_BE_GER
DOC_JUDG_CJ_1988_0175_19900508,ACT_EU_INST_CJEU_JUDG_AG_FR_DAR
DOC_JUDG_CJ_1988_0177_19901108,ACT_EU_INST_CJEU_JUDG_AG_FR_DAR
DOC_JUDG_CJ_1988_0179_19901108,ACT_EU_INST_CJEU_JUDG_AG_FR_DAR
DOC_JUDG_CJ_1988_0180_19901206,ACT_EU_INST_CJEU_JUDG_AG_FR_DAR
DOC_JUDG_CJ_1988_0181_19891213,ACT_EU_INST_CJEU_JUDG_AG_DE_LEN
DOC_JUDG_CJ_1988_0186_19891128,ACT_EU_INST_CJEU_JUDG_AG_FR_DAR
DOC_JUDG_CJ_1988_0188_19920310,ACT_EU_INST_CJEU_JUDG_AG_IT_TES
DOC_JUDG_CJ_1988_0189_19900327,ACT_EU_INST_CJEU_JUDG_AG_IT_TES
DOC_JUDG_CJ_1988_0192_19890427,ACT_EU_INST_CJEU_JUDG_AG_BE_GER
DOC_JUDG_CJ_1988_0196_19890711,ACT_EU_INST_CJEU_JUDG_AG_BE_GER
DOC_JUDG_CJ_1988_0199_19900321,ACT_EU_INST_CJEU_JUDG_AG_UK_JAC
DOC_JUDG_CJ_1988_0200_19901127,ACT_EU_INST_CJEU_JUDG_AG_LU_MIS
DOC_JUDG_CJ_1988_0201_19891010,ACT_EU_INST_CJEU_JUDG_AG_UK_JAC
DOC_JUDG_CJ_1988_0202_19910319,ACT_EU_INST_CJEU_JUDG_AG_IT_TES
DOC_JUDG_CJ_1988_0204_19891213,ACT_EU_INST_CJEU_JUDG_AG_IT_TES
DOC_JUDG_CJ_1988_0206_19900328,ACT_EU_INST_CJEU_JUDG_AG_UK_JAC
DOC_JUDG_CJ_1988_0208_19901206,ACT_EU_INST_CJEU_JUDG_AG_FR_DAR
DOC_JUDG_CJ_1988_0209_19901127,ACT_EU_INST_CJEU_JUDG_AG_LU_MIS
DOC_JUDG_CJ_1988_0212_19891026,ACT_EU_INST_CJEU_JUDG_AG_BE_GER
DOC_JUDG_CJ_1988_0213_19911128,ACT_EU_INST_CJEU_JUDG_AG_DE_LEN
DOC_JUDG_CJ_1988_0214_19890713,ACT_EU_INST_CJEU_JUDG_AG_UK_JAC
DOC_JUDG_CJ_1988_0215_19890713,ACT_EU_INST_CJEU_JUDG_AG_LU_MIS
DOC_JUDG_CJ_1988_0217_19900710,ACT_EU_INST_CJEU_JUDG_AG_UK_JAC
DOC_JUDG_CJ_1988_0219_19900328,ACT_EU_INST_CJEU_JUDG_AG_IT_TES
DOC_JUDG_CJ_1988_0220_19900111,ACT_EU_INST_CJEU_JUDG_AG_FR_DAR
DOC_JUDG_CJ_1988_0221_19900222,ACT_EU_INST_CJEU_JUDG_AG_LU_MIS
DOC_JUDG_CJ_1988_0228_19900222,ACT_EU_INST_CJEU_JUDG_AG_UK_JAC
DOC_JUDG_CJ_1988_0229_19900327,ACT_EU_INST_CJEU_JUDG_AG_LU_MIS
DOC_JUDG_CJ_1988_0233_19900208,ACT_EU_INST_CJEU_JUDG_AG_IT_TES
DOC_JUDG_CJ_1988_0234_19900322,ACT_EU_INST_CJEU_JUDG_AG_BE_GER
DOC_JUDG_CJ_1988_0236_19900712,ACT_EU_INST_CJEU_JUDG_AG_BE_GER
DOC_JUDG_CJ_1988_0244_19891121,ACT_EU_INST_CJEU_JUDG_AG_IT_TES
DOC_JUDG_CJ_1988_0245_19910221,ACT_EU_INST_CJEU_JUDG_AG_LU_MIS
DOC_JUDG_CJ_1988_0246_19910507,ACT_EU_INST_CJEU_JUDG_AG_BE_GER
DOC_JUDG_CJ_1988_0248_19890713,ACT_EU_INST_CJEU_JUDG_AG_DE_LEN
DOC_JUDG_CJ_1988_0249_19910319,ACT_EU_INST_CJEU_JUDG_AG_IT_TES
DOC_JUDG_CJ_1988_0251_19900523,ACT_EU_INST_CJEU_JUDG_AG_UK_JAC
DOC_JUDG_CJ_1988_0262_19900517,ACT_EU_INST_CJEU_JUDG_AG_BE_GER
DOC_JUDG_CJ_1988_0263_19901212,ACT_EU_INST_CJEU_JUDG_AG_LU_MIS
DOC_JUDG_CJ_1988_0265_19891212,ACT_EU_INST_CJEU_JUDG_AG_LU_MIS
DOC_JUDG_CJ_1988_0267_19900221,ACT_EU_INST_CJEU_JUDG_AG_LU_MIS
DOC_JUDG_CJ_1988_0288_19900703,ACT_EU_INST_CJEU_JUDG_AG_BE_GER
DOC_JUDG_CJ_1988_0293_19900502,ACT_EU_INST_CJEU_JUDG_AG_FR_DAR
DOC_JUDG_CJ_1988_0295_19900118,ACT_EU_INST_CJEU_JUDG_AG_DE_LEN
DOC_JUDG_CJ_1988_0301_19901024,ACT_EU_INST_CJEU_JUDG_AG_IT_TES
DOC_JUDG_CJ_1988_0302_19901212,ACT_EU_INST_CJEU_JUDG_AG_IT_TES
DOC_JUDG_CJ_1988_0303_19910321,ACT_EU_INST_CJEU_JUDG_AG_BE_GER
DOC_JUDG_CJ_1988_0304_19900705,ACT_EU_INST_CJEU_JUDG_AG_FR_DAR
DOC_JUDG_CJ_1988_0305_19900703,ACT_EU_INST_CJEU_JUDG_AG_UK_JAC
DOC_JUDG_CJ_1988_0306_19921216,ACT_EU_INST_CJEU_JUDG_AG_BE_GER
DOC_JUDG_CJ_1988_0315_19900327,ACT_EU_INST_CJEU_JUDG_AG_LU_MIS
DOC_JUDG_CJ_1988_0320_19900208,ACT_EU_INST_CJEU_JUDG_AG_BE_GER
DOC_JUDG_CJ_1988_0322_19891213,ACT_EU_INST_CJEU_JUDG_AG_LU_MIS
DOC_JUDG_CJ_1988_0323_19900711,ACT_EU_INST_CJEU_JUDG_AG_BE_GER
DOC_JUDG_CJ_1988_0324_19900207,ACT_EU_INST_CJEU_JUDG_AG_DE_LEN
DOC_JUDG_CJ_1988_0326_19900710,ACT_EU_INST_CJEU_JUDG_AG_BE_GER
DOC_JUDG_CJ_1988_0329_19891206,ACT_EU_INST_CJEU_JUDG_AG_UK_JAC
DOC_JUDG_CJ_1988_0330_19910305,ACT_EU_INST_CJEU_JUDG_AG_IT_TES
DOC_JUDG_CJ_1988_0331_19901113,ACT_EU_INST_CJEU_JUDG_AG_LU_MIS
DOC_JUDG_CJ_1988_0332_19900522,ACT_EU_INST_CJEU_JUDG_AG_IT_TES
DOC_JUDG_CJ_1988_0333_19900322,ACT_EU_INST_CJEU_JUDG_AG_UK_JAC
DOC_JUDG_CJ_1988_0337_19900109,ACT_EU_INST_CJEU_JUDG_AG_IT_TES
DOC_JUDG_CJ_1988_0342_19900606,ACT_EU_INST_CJEU_JUDG_AG_IT_TES
DOC_JUDG_CJ_1988_0344_19900328,ACT_EU_INST_CJEU_JUDG_AG_LU_MIS
DOC_JUDG_CJ_1988_0345_19900118,ACT_EU_INST_CJEU_JUDG_AG_UK_JAC
DOC_JUDG_CJ_1988_0346_19891214,ACT_EU_INST_CJEU_JUDG_AG_UK_JAC
DOC_JUDG_CJ_1988_0347_19901213,ACT_EU_INST_CJEU_JUDG_AG_IT_TES
DOC_JUDG_CJ_1988_0348_19900502,ACT_EU_INST_CJEU_JUDG_AG_BE_GER
DOC_JUDG_CJ_1988_0350_19900214,ACT_EU_INST_CJEU_JUDG_AG_DE_LEN
DOC_JUDG_CJ_1988_0351_19910711,ACT_EU_INST_CJEU_JUDG_AG_DE_LEN
DOC_JUDG_CJ_1988_0353_19891109,ACT_EU_INST_CJEU_JUDG_AG_UK_JAC
DOC_JUDG_CJ_1988_0354_19900704,ACT_EU_INST_CJEU_JUDG_AG_UK_JAC
DOC_JUDG_CJ_1988_0357_19900502,ACT_EU_INST_CJEU_JUDG_AG_IT_TES
DOC_JUDG_CJ_1988_0358_19900502,ACT_EU_INST_CJEU_JUDG_AG_IT_TES
DOC_JUDG_CJ_1988_0359_19900328,ACT_EU_INST_CJEU_JUDG_AG_UK_JAC
DOC_JUDG_CJ_1988_0360_19891116,ACT_EU_INST_CJEU_JUDG_AG_UK_JAC
DOC_JUDG_CJ_1988_0361_19910530,ACT_EU_INST_CJEU_JUDG_AG_LU_MIS
DOC_JUDG_CJ_1988_0362_19900307,ACT_EU_INST_CJEU_JUDG_AG_DE_LEN
DOC_JUDG_CJ_1988_0363_19920130,ACT_EU_INST_CJEU_JUDG_AG_BE_GER
DOC_JUDG_CJ_1988_0365_19900515,ACT_EU_INST_CJEU_JUDG_AG_DE_LEN
DOC_JUDG_CJ_1988_0366_19901009,ACT_EU_INST_CJEU_JUDG_AG_IT_TES
DOC_JUDG_CJ_1988_0367_19901206,ACT_EU_INST_CJEU_JUDG_AG_FR_DAR
DOC_JUDG_CJ_1988_0369_19910321,ACT_EU_INST_CJEU_JUDG_AG_IT_TES
DOC_JUDG_CJ_1988_0370_19901113,ACT_EU_INST_CJEU_JUDG_AG_IT_TES
DOC_JUDG_CJ_1988_0372_19900327,ACT_EU_INST_CJEU_JUDG_AG_IT_TES
DOC_JUDG_CJ_1989_0001_19891213,ACT_EU_INST_CJEU_JUDG_AG_BE_GER
DOC_JUDG_CJ_1989_0002_19900503,ACT_EU_INST_CJEU_JUDG_AG_IT_TES
DOC_JUDG_CJ_1989_0004_19900515,ACT_EU_INST_CJEU_JUDG_AG_LU_MIS
DOC_JUDG_CJ_1989_0005_19900920,ACT_EU_INST_CJEU_JUDG_AG_FR_DAR
DOC_JUDG_CJ_1989_0006_19900405,ACT_EU_INST_CJEU_JUDG_AG_LU_MIS
DOC_JUDG_CJ_1989_0008_19900626,ACT_EU_INST_CJEU_JUDG_AG_IT_TES
DOC_JUDG_CJ_1989_0009_19900327,ACT_EU_INST_CJEU_JUDG_AG_FR_DAR
DOC_JUDG_CJ_1989_0010_19901017,ACT_EU_INST_CJEU_JUDG_AG_UK_JAC
DOC_JUDG_CJ_1989_0011_19900606,ACT_EU_INST_CJEU_JUDG_AG_IT_TES
DOC_JUDG_CJ_1989_0012_19900222,ACT_EU_INST_CJEU_JUDG_AG_UK_JAC
DOC_JUDG_CJ_1989_0015_19910205,ACT_EU_INST_CJEU_JUDG_AG_FR_DAR
DOC_JUDG_CJ_1989_0016_19900712,ACT_EU_INST_CJEU_JUDG_AG_BE_GER
DOC_JUDG_CJ_1989_0017_19900606,ACT_EU_INST_CJEU_JUDG_AG_IT_TES
DOC_JUDG_CJ_1989_0018_19900627,ACT_EU_INST_CJEU_JUDG_AG_DE_LEN
DOC_JUDG_CJ_1989_0020_19900404,ACT_EU_INST_CJEU_JUDG_AG_BE_GER
DOC_JUDG_CJ_1989_0022_19901213,ACT_EU_INST_CJEU_JUDG_AG_UK_JAC
DOC_JUDG_CJ_1989_0023_19900711,ACT_EU_INST_CJEU_JUDG_AG_DE_LEN
DOC_JUDG_CJ_1989_0027_19900502,ACT_EU_INST_CJEU_JUDG_AG_IT_TES
DOC_JUDG_CJ_1989_0028_19910221,ACT_EU_INST_CJEU_JUDG_AG_UK_JAC
DOC_JUDG_CJ_1989_0030_19900313,ACT_EU_INST_CJEU_JUDG_AG_DE_LEN
DOC_JUDG_CJ_1989_0031_19900523,ACT_EU_INST_CJEU_JUDG_AG_IT_TES
DOC_JUDG_CJ_1989_0032_19910319,ACT_EU_INST_CJEU_JUDG_AG_UK_JAC
DOC_JUDG_CJ_1989_0033_19900627,ACT_EU_INST_CJEU_JUDG_AG_FR_DAR
DOC_JUDG_CJ_1989_0034_19901011,ACT_EU_INST_CJEU_JUDG_AG_UK_JAC
DOC_JUDG_CJ_1989_0037_19900614,ACT_EU_INST_CJEU_JUDG_AG_FR_DAR
DOC_JUDG_CJ_1989_0038_19900111,ACT_EU_INST_CJEU_JUDG_AG_DE_LEN
DOC_JUDG_CJ_1989_0042_19900705,ACT_EU_INST_CJEU_JUDG_AG_DE_LEN
DOC_JUDG_CJ_1989_0043_19900712,ACT_EU_INST_CJEU_JUDG_AG_BE_GER
DOC_JUDG_CJ_1989_0044_19911022,ACT_EU_INST_CJEU_JUDG_AG_UK_JAC
DOC_JUDG_CJ_1989_0045_19910507,ACT_EU_INST_CJEU_JUDG_AG_FR_DAR
DOC_JUDG_CJ_1989_0046_19901011,ACT_EU_INST_CJEU_JUDG_AG_IT_TES
DOC_JUDG_CJ_1989_0048_19900614,ACT_EU_INST_CJEU_JUDG_AG_UK_JAC
DOC_JUDG_CJ_1989_0049_19891213,ACT_EU_INST_CJEU_JUDG_AG_DE_LEN
DOC_JUDG_CJ_1989_0051_19910611,ACT_EU_INST_CJEU_JUDG_AG_IT_TES
DOC_JUDG_CJ_1989_0057_19910228,ACT_EU_INST_CJEU_JUDG_AG_BE_GER
DOC_JUDG_CJ_1989_0058_19911017,ACT_EU_INST_CJEU_JUDG_AG_UK_JAC
DOC_JUDG_CJ_1989_0059_19910530,ACT_EU_INST_CJEU_JUDG_AG_LU_MIS
DOC_JUDG_CJ_1989_0060_19910321,ACT_EU_INST_CJEU_JUDG_AG_IT_TES
DOC_JUDG_CJ_1989_0061_19901003,ACT_EU_INST_CJEU_JUDG_AG_FR_DAR
DOC_JUDG_CJ_1989_0062_19900320,ACT_EU_INST_CJEU_JUDG_AG_UK_JAC
DOC_JUDG_CJ_1989_0063_19910418,ACT_EU_INST_CJEU_JUDG_AG_IT_TES
DOC_JUDG_CJ_1989_0064_19900626,ACT_EU_INST_CJEU_JUDG_AG_LU_MIS
DOC_JUDG_CJ_1989_0066_19900517,ACT_EU_INST_CJEU_JUDG_AG_FR_DAR
DOC_JUDG_CJ_1989_0067_19900627,ACT_EU_INST_CJEU_JUDG_AG_UK_JAC
DOC_JUDG_CJ_1989_0068_19910530,ACT_EU_INST_CJEU_JUDG_AG_IT_TES
DOC_JUDG_CJ_1989_0069_19910507,ACT_EU_INST_CJEU_JUDG_AG_DE_LEN
DOC_JUDG_CJ_1989_0070_19901213,ACT_EU_INST_CJEU_JUDG_AG_DE_LEN
DOC_JUDG_CJ_1989_0073_19921112,ACT_EU_INST_CJEU_JUDG_AG_UK_JAC
DOC_JUDG_CJ_1989_0074_19900221,ACT_EU_INST_CJEU_JUDG_AG_DE_LEN
DOC_JUDG_CJ_1989_0079_19910418,ACT_EU_INST_CJEU_JUDG_AG_DE_LEN
DOC_JUDG_CJ_1989_0080_19900628,ACT_EU_INST_CJEU_JUDG_AG_FR_DAR
DOC_JUDG_CJ_1989_0083_19900322,ACT_EU_INST_CJEU_JUDG_AG_FR_DAR
DOC_JUDG_CJ_1989_0085_19900321,ACT_EU_INST_CJEU_JUDG_AG_UK_JAC
DOC_JUDG_CJ_1989_0086_19901106,ACT_EU_INST_CJEU_JUDG_AG_DE_LEN
DOC_JUDG_CJ_1989_0087_19900517,ACT_EU_INST_CJEU_JUDG_AG_DE_LEN
DOC_JUDG_CJ_1989_0092_19910221,ACT_EU_INST_CJEU_JUDG_AG_DE_LEN
DOC_JUDG_CJ_1989_0093_19911004,ACT_EU_INST_CJEU_JUDG_AG_LU_MIS
DOC_JUDG_CJ_1989_0095_19920716,ACT_EU_INST_CJEU_JUDG_AG_DK_GUL
DOC_JUDG_CJ_1989_0096_19910516,ACT_EU_INST_CJEU_JUDG_AG_FR_DAR
DOC_JUDG_CJ_1989_0099_19901113,ACT_EU_INST_CJEU_JUDG_AG_DE_LEN
DOC_JUDG_CJ_1989_0100_19901212,ACT_EU_INST_CJEU_JUDG_AG_LU_MIS
DOC_JUDG_CJ_1989_0104_19920519,ACT_EU_INST_CJEU_JUDG_AG_BE_GER
DOC_JUDG_CJ_1989_0104_20000127,ACT_EU_INST_CJEU_JUDG_AG_IT_SAG
DOC_JUDG_CJ_1989_0105_19901114,ACT_EU_INST_CJEU_JUDG_AG_LU_MIS
DOC_JUDG_CJ_1989_0106_19901113,ACT_EU_INST_CJEU_JUDG_AG_BE_GER
DOC_JUDG_CJ_1989_0108_19900405,ACT_EU_INST_CJEU_JUDG_AG_UK_JAC
DOC_JUDG_CJ_1989_0109_19900405,ACT_EU_INST_CJEU_JUDG_AG_UK_JAC
DOC_JUDG_CJ_1989_0110_19910530,ACT_EU_INST_CJEU_JUDG_AG_DE_LEN
DOC_JUDG_CJ_1989_0111_19900502,ACT_EU_INST_CJEU_JUDG_AG_UK_JAC
DOC_JUDG_CJ_1989_0112_19910416,ACT_EU_INST_CJEU_JUDG_AG_DE_LEN
DOC_JUDG_CJ_1989_0113_19900327,ACT_EU_INST_CJEU_JUDG_AG_BE_GER
DOC_JUDG_CJ_1989_0116_19910307,ACT_EU_INST_CJEU_JUDG_AG_DE_LEN
DOC_JUDG_CJ_1989_0117_19900704,ACT_EU_INST_CJEU_JUDG_AG_BE_GER
DOC_JUDG_CJ_1989_0118_19900627,ACT_EU_INST_CJEU_JUDG_AG_FR_DAR
DOC_JUDG_CJ_1989_0119_19910226,ACT_EU_INST_CJEU_JUDG_AG_FR_DAR
DOC_JUDG_CJ_1989_0128_19900712,ACT_EU_INST_CJEU_JUDG_AG_UK_JAC
DOC_JUDG_CJ_1989_0137_19900314,ACT_EU_INST_CJEU_JUDG_AG_DE_LEN
DOC_JUDG_CJ_1989_0146_19910709,ACT_EU_INST_CJEU_JUDG_AG_DE_LEN
DOC_JUDG_CJ_1989_0152_19910626,ACT_EU_INST_CJEU_JUDG_AG_UK_JAC
DOC_JUDG_CJ_1989_0153_19910626,ACT_EU_INST_CJEU_JUDG_AG_UK_JAC
DOC_JUDG_CJ_1989_0154_19910226,ACT_EU_INST_CJEU_JUDG_AG_DE_LEN
DOC_JUDG_CJ_1989_0155_19900712,ACT_EU_INST_CJEU_JUDG_AG_LU_MIS
DOC_JUDG_CJ_1989_0157_19910117,ACT_EU_INST_CJEU_JUDG_AG_BE_GER
DOC_JUDG_CJ_1989_0158_19900517,ACT_EU_INST_CJEU_JUDG_AG_BE_GER
DOC_JUDG_CJ_1989_0159_19910226,ACT_EU_INST_CJEU_JUDG_AG_FR_DAR
DOC_JUDG_CJ_1989_0162_19900613,ACT_EU_INST_CJEU_JUDG_AG_FR_DAR
DOC_JUDG_CJ_1989_0163_19900510,ACT_EU_INST_CJEU_JUDG_AG_DE_LEN
DOC_JUDG_CJ_1989_0169_19900523,ACT_EU_INST_CJEU_JUDG_AG_BE_GER
DOC_JUDG_CJ_1989_0170_19911128,ACT_EU_INST_CJEU_JUDG_AG_LU_MIS
DOC_JUDG_CJ_1989_0172_19901212,ACT_EU_INST_CJEU_JUDG_AG_UK_JAC
DOC_JUDG_CJ_1989_0174_19900628,ACT_EU_INST_CJEU_JUDG_AG_DE_LEN
DOC_JUDG_CJ_1989_0177_19900619,ACT_EU_INST_CJEU_JUDG_AG_FR_DAR
DOC_JUDG_CJ_1989_0180_19910226,ACT_EU_INST_CJEU_JUDG_AG_DE_LEN
DOC_JUDG_CJ_1989_0182_19901129,ACT_EU_INST_CJEU_JUDG_AG_LU_MIS
DOC_JUDG_CJ_1989_0184_19910207,ACT_EU_INST_CJEU_JUDG_AG_FR_DAR
DOC_JUDG_CJ_1989_0185_19900626,ACT_EU_INST_CJEU_JUDG_AG_DE_LEN
DOC_JUDG_CJ_1989_0186_19901204,ACT_EU_INST_CJEU_JUDG_AG_BE_GER
DOC_JUDG_CJ_1989_0188_19900712,ACT_EU_INST_CJEU_JUDG_AG_BE_GER
DOC_JUDG_CJ_1989_0189_19901211,ACT_EU_INST_CJEU_JUDG_AG_UK_JAC
DOC_JUDG_CJ_1989_0190_19910725,ACT_EU_INST_CJEU_JUDG_AG_FR_DAR
DOC_JUDG_CJ_1989_0192_19900920,ACT_EU_INST_CJEU_JUDG_AG_FR_DAR
DOC_JUDG_CJ_1989_0196_19901011,ACT_EU_INST_CJEU_JUDG_AG_BE_GER
DOC_JUDG_CJ_1989_0197_19901018,ACT_EU_INST_CJEU_JUDG_AG_FR_DAR
DOC_JUDG_CJ_1989_0198_19910226,ACT_EU_INST_CJEU_JUDG_AG_DE_LEN
DOC_JUDG_CJ_1989_0200_19901011,ACT_EU_INST_CJEU_JUDG_AG_IT_TES
DOC_JUDG_CJ_1989_0201_19900322,ACT_EU_INST_CJEU_JUDG_AG_UK_JAC
DOC_JUDG_CJ_1989_0203_19900920,ACT_EU_INST_CJEU_JUDG_AG_IT_TES
DOC_JUDG_CJ_1989_0205_19910319,ACT_EU_INST_CJEU_JUDG_AG_BE_GER
DOC_JUDG_CJ_1989_0209_19910321,ACT_EU_INST_CJEU_JUDG_AG_FR_DAR
DOC_JUDG_CJ_1989_0210_19901011,ACT_EU_INST_CJEU_JUDG_AG_BE_GER
DOC_JUDG_CJ_1989_0213_19900619,ACT_EU_INST_CJEU_JUDG_AG_IT_TES
DOC_JUDG_CJ_1989_0214_19920310,ACT_EU_INST_CJEU_JUDG_AG_IT_TES
DOC_JUDG_CJ_1989_0215_19910115,ACT_EU_INST_CJEU_JUDG_AG_UK_JAC
DOC_JUDG_CJ_1989_0216_19901113,ACT_EU_INST_CJEU_JUDG_AG_IT_TES
DOC_JUDG_CJ_1989_0217_19901211,ACT_EU_INST_CJEU_JUDG_AG_UK_JAC
DOC_JUDG_CJ_1989_0218_19901204,ACT_EU_INST_CJEU_JUDG_AG_DE_LEN
DOC_JUDG_CJ_1989_0219_19910418,ACT_EU_INST_CJEU_JUDG_AG_FR_DAR
DOC_JUDG_CJ_1989_0221_19910725,ACT_EU_INST_CJEU_JUDG_AG_LU_MIS
DOC_JUDG_CJ_1989_0226_19910321,ACT_EU_INST_CJEU_JUDG_AG_UK_JAC
DOC_JUDG_CJ_1989_0227_19910207,ACT_EU_INST_CJEU_JUDG_AG_FR_DAR
DOC_JUDG_CJ_1989_0228_19900918,ACT_EU_INST_CJEU_JUDG_AG_IT_TES
DOC_JUDG_CJ_1989_0229_19910507,ACT_EU_INST_CJEU_JUDG_AG_FR_DAR
DOC_JUDG_CJ_1989_0230_19910418,ACT_EU_INST_CJEU_JUDG_AG_UK_JAC
DOC_JUDG_CJ_1989_0231_19901108,ACT_EU_INST_CJEU_JUDG_AG_FR_DAR
DOC_JUDG_CJ_1989_0234_19910228,ACT_EU_INST_CJEU_JUDG_AG_BE_GER
DOC_JUDG_CJ_1989_0235_19920218,ACT_EU_INST_CJEU_JUDG_AG_BE_GER
DOC_JUDG_CJ_1989_0238_19901213,ACT_EU_INST_CJEU_JUDG_AG_IT_TES
DOC_JUDG_CJ_1989_0240_19901213,ACT_EU_INST_CJEU_JUDG_AG_UK_JAC
DOC_JUDG_CJ_1989_0241_19901212,ACT_EU_INST_CJEU_JUDG_AG_IT_TES
DOC_JUDG_CJ_1989_0243_19930622,ACT_EU_INST_CJEU_JUDG_AG_IT_TES
DOC_JUDG_CJ_1989_0244_19910131,ACT_EU_INST_CJEU_JUDG_AG_UK_JAC
DOC_JUDG_CJ_1989_0246_19911004,ACT_EU_INST_CJEU_JUDG_AG_LU_MIS
DOC_JUDG_CJ_1989_0247_19910711,ACT_EU_INST_CJEU_JUDG_AG_DE_LEN
DOC_JUDG_CJ_1989_0248_19910620,ACT_EU_INST_CJEU_JUDG_AG_LU_MIS
DOC_JUDG_CJ_1989_0249_19910205,ACT_EU_INST_CJEU_JUDG_AG_FR_DAR
DOC_JUDG_CJ_1989_0251_19910611,ACT_EU_INST_CJEU_JUDG_AG_BE_GER
DOC_JUDG_CJ_1989_0252_19910725,ACT_EU_INST_CJEU_JUDG_AG_DE_LEN
DOC_JUDG_CJ_1989_0258_19910725,ACT_EU_INST_CJEU_JUDG_AG_FR_DAR
DOC_JUDG_CJ_1989_0260_19910618,ACT_EU_INST_CJEU_JUDG_AG_DE_LEN
DOC_JUDG_CJ_1989_0261_19911003,ACT_EU_INST_CJEU_JUDG_AG_BE_GER
DOC_JUDG_CJ_1989_0265_19900918,ACT_EU_INST_CJEU_JUDG_AG_BE_GER
DOC_JUDG_CJ_1989_0266_19910508,ACT_EU_INST_CJEU_JUDG_AG_FR_DAR
DOC_JUDG_CJ_1989_0269_19901113,ACT_EU_INST_CJEU_JUDG_AG_FR_DAR
DOC_JUDG_CJ_1989_0279_19921117,ACT_EU_INST_CJEU_JUDG_AG_DK_GUL
DOC_JUDG_CJ_1989_0280_19921202,ACT_EU_INST_CJEU_JUDG_AG_DK_GUL
DOC_JUDG_CJ_1989_0281_19910219,ACT_EU_INST_CJEU_JUDG_AG_LU_MIS
DOC_JUDG_CJ_1989_0285_19901212,ACT_EU_INST_CJEU_JUDG_AG_FR_DAR
DOC_JUDG_CJ_1989_0287_19910507,ACT_EU_INST_CJEU_JUDG_AG_LU_MIS
DOC_JUDG_CJ_1989_0288_19910725,ACT_EU_INST_CJEU_JUDG_AG_IT_TES
DOC_JUDG_CJ_1989_0290_19910611,ACT_EU_INST_CJEU_JUDG_AG_DE_LEN
DOC_JUDG_CJ_1989_0291_19910507,ACT_EU_INST_CJEU_JUDG_AG_FR_DAR
DOC_JUDG_CJ_1989_0292_19910226,ACT_EU_INST_CJEU_JUDG_AG_FR_DAR
DOC_JUDG_CJ_1989_0293_19920716,ACT_EU_INST_CJEU_JUDG_AG_DK_GUL
DOC_JUDG_CJ_1989_0294_19910710,ACT_EU_INST_CJEU_JUDG_AG_IT_TES
DOC_JUDG_CJ_1989_0295_19910618,ACT_EU_INST_CJEU_JUDG_AG_DE_LEN
DOC_JUDG_CJ_1989_0297_19910423,ACT_EU_INST_CJEU_JUDG_AG_IT_TES
DOC_JUDG_CJ_1989_0298_19930629,ACT_EU_INST_CJEU_JUDG_AG_DE_LEN
DOC_JUDG_CJ_1989_0300_19910611,ACT_EU_INST_CJEU_JUDG_AG_IT_TES
DOC_JUDG_CJ_1989_0304_19910507,ACT_EU_INST_CJEU_JUDG_AG_FR_DAR
DOC_JUDG_CJ_1989_0305_19910321,ACT_EU_INST_CJEU_JUDG_AG_BE_GER
DOC_JUDG_CJ_1989_0306_19911210,ACT_EU_INST_CJEU_JUDG_AG_DE_LEN
DOC_JUDG_CJ_1989_0307_19910611,ACT_EU_INST_CJEU_JUDG_AG_BE_GER
DOC_JUDG_CJ_1989_0308_19901113,ACT_EU_INST_CJEU_JUDG_AG_FR_DAR
DOC_JUDG_CJ_1989_0309_19940518,ACT_EU_INST_CJEU_JUDG_AG_DE_LEN
DOC_JUDG_CJ_1989_0310_19910319,ACT_EU_INST_CJEU_JUDG_AG_UK_JAC
DOC_JUDG_CJ_1989_0312_19910228,ACT_EU_INST_CJEU_JUDG_AG_BE_GER
DOC_JUDG_CJ_1989_0313_19911107,ACT_EU_INST_CJEU_JUDG_AG_DE_LEN
DOC_JUDG_CJ_1989_0314_19910321,ACT_EU_INST_CJEU_JUDG_AG_LU_MIS
DOC_JUDG_CJ_1989_0324_19910418,ACT_EU_INST_CJEU_JUDG_AG_FR_DAR
DOC_JUDG_CJ_1989_0328_19910515,ACT_EU_INST_CJEU_JUDG_AG_UK_JAC
DOC_JUDG_CJ_1989_0332_19910228,ACT_EU_INST_CJEU_JUDG_AG_BE_GER
DOC_JUDG_CJ_1989_0334_19910117,ACT_EU_INST_CJEU_JUDG_AG_BE_GER
DOC_JUDG_CJ_1989_0337_19921125,ACT_EU_INST_CJEU_JUDG_AG_DE_LEN
DOC_JUDG_CJ_1989_0338_19910507,ACT_EU_INST_CJEU_JUDG_AG_LU_MIS
DOC_JUDG_CJ_1989_0339_19910124,ACT_EU_INST_CJEU_JUDG_AG_BE_GER
DOC_JUDG_CJ_1989_0340_19910507,ACT_EU_INST_CJEU_JUDG_AG_BE_GER
DOC_JUDG_CJ_1989_0341_19910115,ACT_EU_INST_CJEU_JUDG_AG_IT_TES
DOC_JUDG_CJ_1989_0342_19911017,ACT_EU_INST_CJEU_JUDG_AG_FR_DAR
DOC_JUDG_CJ_1989_0343_19901206,ACT_EU_INST_CJEU_JUDG_AG_UK_JAC
DOC_JUDG_CJ_1989_0344_19910627,ACT_EU_INST_CJEU_JUDG_AG_LU_MIS
DOC_JUDG_CJ_1989_0345_19910725,ACT_EU_INST_CJEU_JUDG_AG_IT_TES
DOC_JUDG_CJ_1989_0346_19911017,ACT_EU_INST_CJEU_JUDG_AG_FR_DAR
DOC_JUDG_CJ_1989_0347_19910416,ACT_EU_INST_CJEU_JUDG_AG_BE_GER
DOC_JUDG_CJ_1989_0348_19910627,ACT_EU_INST_CJEU_JUDG_AG_IT_TES
DOC_JUDG_CJ_1989_0350_19910507,ACT_EU_INST_CJEU_JUDG_AG_DE_LEN
DOC_JUDG_CJ_1989_0351_19910627,ACT_EU_INST_CJEU_JUDG_AG_BE_GER
DOC_JUDG_CJ_1989_0353_19910725,ACT_EU_INST_CJEU_JUDG_AG_IT_TES
DOC_JUDG_CJ_1989_0354_19910416,ACT_EU_INST_CJEU_JUDG_AG_UK_JAC
DOC_JUDG_CJ_1989_0355_19910703,ACT_EU_INST_CJEU_JUDG_AG_UK_JAC
DOC_JUDG_CJ_1989_0356_19910620,ACT_EU_INST_CJEU_JUDG_AG_FR_DAR
DOC_JUDG_CJ_1989_0357_19920226,ACT_EU_INST_CJEU_JUDG_AG_BE_GER
DOC_JUDG_CJ_1989_0358_19910516,ACT_EU_INST_CJEU_JUDG_AG_UK_JAC
DOC_JUDG_CJ_1989_0358_19920611,ACT_EU_INST_CJEU_JUDG_AG_UK_JAC
DOC_JUDG_CJ_1989_0359_19910321,ACT_EU_INST_CJEU_JUDG_AG_FR_DAR
DOC_JUDG_CJ_1989_0360_19920603,ACT_EU_INST_CJEU_JUDG_AG_DE_LEN
DOC_JUDG_CJ_1989_0361_19910314,ACT_EU_INST_CJEU_JUDG_AG_LU_MIS
DOC_JUDG_CJ_1989_0362_19910725,ACT_EU_INST_CJEU_JUDG_AG_BE_GER
DOC_JUDG_CJ_1989_0363_19910205,ACT_EU_INST_CJEU_JUDG_AG_IT_TES
DOC_JUDG_CJ_1989_0364_19911003,ACT_EU_INST_CJEU_JUDG_AG_FR_DAR
DOC_JUDG_CJ_1989_0365_19910620,ACT_EU_INST_CJEU_JUDG_AG_LU_MIS
DOC_JUDG_CJ_1989_0366_19930802,ACT_EU_INST_CJEU_JUDG_AG_FR_DAR
DOC_JUDG_CJ_1989_0367_19911004,ACT_EU_INST_CJEU_JUDG_AG_UK_JAC
DOC_JUDG_CJ_1989_0368_19910711,ACT_EU_INST_CJEU_JUDG_AG_LU_MIS
DOC_JUDG_CJ_1989_0369_19910618,ACT_EU_INST_CJEU_JUDG_AG_IT_TES
DOC_JUDG_CJ_1989_0370_19921202,ACT_EU_INST_CJEU_JUDG_AG_DK_GUL
DOC_JUDG_CJ_1989_0370_19930525,ACT_EU_INST_CJEU_JUDG_AG_DK_GUL
DOC_JUDG_CJ_1989_0372_19910115,ACT_EU_INST_CJEU_JUDG_AG_IT_TES
DOC_JUDG_CJ_1989_0373_19901121,ACT_EU_INST_CJEU_JUDG_AG_UK_JAC
DOC_JUDG_CJ_1989_0374_19910219,ACT_EU_INST_CJEU_JUDG_AG_LU_MIS
DOC_JUDG_CJ_1989_0375_19910219,ACT_EU_INST_CJEU_JUDG_AG_IT_TES
DOC_JUDG_CJ_1989_0376_19910305,ACT_EU_INST_CJEU_JUDG_AG_FR_DAR
DOC_JUDG_CJ_1989_0377_19910313,ACT_EU_INST_CJEU_JUDG_AG_LU_MIS
DOC_JUDG_CJ_1989_0381_19920324,ACT_EU_INST_CJEU_JUDG_AG_IT_TES
DOC_JUDG_CJ_1989_0384_19910124,ACT_EU_INST_CJEU_JUDG_AG_UK_JAC
DOC_JUDG_CJ_1989_0385_19920520,ACT_EU_INST_CJEU_JUDG_AG_DK_GUL
DOC_JUDG_CJ_1990_0001_19910725,ACT_EU_INST_CJEU_JUDG_AG_BE_GER
DOC_JUDG_CJ_1990_0002_19920709,ACT_EU_INST_CJEU_JUDG_AG_UK_JAC
DOC_JUDG_CJ_1990_0003_19920226,ACT_EU_INST_CJEU_JUDG_AG_BE_GER
DOC_JUDG_CJ_1990_0005_19920227,ACT_EU_INST_CJEU_JUDG_AG_DE_LEN
DOC_JUDG_CJ_1990_0006_19911119,ACT_EU_INST_CJEU_JUDG_AG_LU_MIS
DOC_JUDG_CJ_1990_0007_19911002,ACT_EU_INST_CJEU_JUDG_AG_BE_GER
DOC_JUDG_CJ_1990_0008_19911002,ACT_EU_INST_CJEU_JUDG_AG_DE_LEN
DOC_JUDG_CJ_1990_0010_19910307,ACT_EU_INST_CJEU_JUDG_AG_FR_DAR
DOC_JUDG_CJ_1990_0013_19911001,ACT_EU_INST_CJEU_JUDG_AG_DE_LEN
DOC_JUDG_CJ_1990_0014_19911001,ACT_EU_INST_CJEU_JUDG_AG_DE_LEN
DOC_JUDG_CJ_1990_0015_19911004,ACT_EU_INST_CJEU_JUDG_AG_LU_MIS
DOC_JUDG_CJ_1990_0016_19911022,ACT_EU_INST_CJEU_JUDG_AG_BE_GER
DOC_JUDG_CJ_1990_0017_19911107,ACT_EU_INST_CJEU_JUDG_AG_FR_DAR
DOC_JUDG_CJ_1990_0018_19910131,ACT_EU_INST_CJEU_JUDG_AG_BE_GER
DOC_JUDG_CJ_1990_0019_19910530,ACT_EU_INST_CJEU_JUDG_AG_IT_TES
DOC_JUDG_CJ_1990_0022_19911107,ACT_EU_INST_CJEU_JUDG_AG_BE_GER
DOC_JUDG_CJ_1990_0024_19911016,ACT_EU_INST_CJEU_JUDG_AG_UK_JAC
DOC_JUDG_CJ_1990_0025_19911016,ACT_EU_INST_CJEU_JUDG_AG_UK_JAC
DOC_JUDG_CJ_1990_0026_19911016,ACT_EU_INST_CJEU_JUDG_AG_UK_JAC
DOC_JUDG_CJ_1990_0027_19910124,ACT_EU_INST_CJEU_JUDG_AG_DE_LEN
DOC_JUDG_CJ_1990_0029_19920318,ACT_EU_INST_CJEU_JUDG_AG_FR_DAR
DOC_JUDG_CJ_1990_0030_19920218,ACT_EU_INST_CJEU_JUDG_AG_BE_GER
DOC_JUDG_CJ_1990_0031_19910711,ACT_EU_INST_CJEU_JUDG_AG_FR_DAR
DOC_JUDG_CJ_1990_0032_19910725,ACT_EU_INST_CJEU_JUDG_AG_LU_MIS
DOC_JUDG_CJ_1990_0033_19911213,ACT_EU_INST_CJEU_JUDG_AG_FR_DAR
DOC_JUDG_CJ_1990_0035_19911017,ACT_EU_INST_CJEU_JUDG_AG_IT_TES
DOC_JUDG_CJ_1990_0038_19920310,ACT_EU_INST_CJEU_JUDG_AG_IT_TES
DOC_JUDG_CJ_1990_0039_19910620,ACT_EU_INST_CJEU_JUDG_AG_FR_DAR
DOC_JUDG_CJ_1990_0041_19910423,ACT_EU_INST_CJEU_JUDG_AG_UK_JAC
DOC_JUDG_CJ_1990_0042_19901213,ACT_EU_INST_CJEU_JUDG_AG_LU_MIS
DOC_JUDG_CJ_1990_0043_19920313,ACT_EU_INST_CJEU_JUDG_AG_FR_DAR
DOC_JUDG_CJ_1990_0045_19920603,ACT_EU_INST_CJEU_JUDG_AG_DK_GUL
DOC_JUDG_CJ_1990_0046_19931027,ACT_EU_INST_CJEU_JUDG_AG_DE_LEN
DOC_JUDG_CJ_1990_0047_19920609,ACT_EU_INST_CJEU_JUDG_AG_DK_GUL
DOC_JUDG_CJ_1990_0048_19920212,ACT_EU_INST_CJEU_JUDG_AG_BE_GER
DOC_JUDG_CJ_1990_0052_19920331,ACT_EU_INST_CJEU_JUDG_AG_DE_LEN
DOC_JUDG_CJ_1990_0054_19920218,ACT_EU_INST_CJEU_JUDG_AG_BE_GER
DOC_JUDG_CJ_1990_0055_19920408,ACT_EU_INST_CJEU_JUDG_AG_FR_DAR
DOC_JUDG_CJ_1990_0056_19930714,ACT_EU_INST_CJEU_JUDG_AG_DE_LEN
DOC_JUDG_CJ_1990_0057_19920116,ACT_EU_INST_CJEU_JUDG_AG_DE_LEN
DOC_JUDG_CJ_1990_0058_19910725,ACT_EU_INST_CJEU_JUDG_AG_FR_DAR
DOC_JUDG_CJ_1990_0060_19910620,ACT_EU_INST_CJEU_JUDG_AG_BE_GER
DOC_JUDG_CJ_1990_0061_19920407,ACT_EU_INST_CJEU_JUDG_AG_DK_GUL
DOC_JUDG_CJ_1990_0062_19920408,ACT_EU_INST_CJEU_JUDG_AG_UK_JAC
DOC_JUDG_CJ_1990_0063_19921013,ACT_EU_INST_CJEU_JUDG_AG_DE_LEN
DOC_JUDG_CJ_1990_0064_19911001,ACT_EU_INST_CJEU_JUDG_AG_DE_LEN
DOC_JUDG_CJ_1990_0065_19920716,ACT_EU_INST_CJEU_JUDG_AG_FR_DAR
DOC_JUDG_CJ_1990_0069_19911213,ACT_EU_INST_CJEU_JUDG_AG_BE_GER
DOC_JUDG_CJ_1990_0070_19921013,ACT_EU_INST_CJEU_JUDG_AG_DE_LEN
DOC_JUDG_CJ_1990_0071_19921013,ACT_EU_INST_CJEU_JUDG_AG_DE_LEN
DOC_JUDG_CJ_1990_0073_19921013,ACT_EU_INST_CJEU_JUDG_AG_DE_LEN
DOC_JUDG_CJ_1990_0075_19910725,ACT_EU_INST_CJEU_JUDG_AG_BE_GER
DOC_JUDG_CJ_1990_0076_19910725,ACT_EU_INST_CJEU_JUDG_AG_UK_JAC
DOC_JUDG_CJ_1990_0078_19920311,ACT_EU_INST_CJEU_JUDG_AG_IT_TES
DOC_JUDG_CJ_1990_0084_19920319,ACT_EU_INST_CJEU_JUDG_AG_UK_JAC
DOC_JUDG_CJ_1990_0085_19921022,ACT_EU_INST_CJEU_JUDG_AG_UK_JAC
DOC_JUDG_CJ_1990_0086_19921203,ACT_EU_INST_CJEU_JUDG_AG_UK_JAC
DOC_JUDG_CJ_1990_0087_19910711,ACT_EU_INST_CJEU_JUDG_AG_FR_DAR
DOC_JUDG_CJ_1990_0090_19910710,ACT_EU_INST_CJEU_JUDG_AG_FR_DAR
DOC_JUDG_CJ_1990_0093_19910320,ACT_EU_INST_CJEU_JUDG_AG_UK_JAC
DOC_JUDG_CJ_1990_0097_19910711,ACT_EU_INST_CJEU_JUDG_AG_UK_JAC
DOC_JUDG_CJ_1990_0100_19911017,ACT_EU_INST_CJEU_JUDG_AG_FR_DAR
DOC_JUDG_CJ_1990_0104_19931013,ACT_EU_INST_CJEU_JUDG_AG_BE_GER
DOC_JUDG_CJ_1990_0105_19920213,ACT_EU_INST_CJEU_JUDG_AG_BE_GER
DOC_JUDG_CJ_1990_0106_19930120,ACT_EU_INST_CJEU_JUDG_AG_DK_GUL
DOC_JUDG_CJ_1990_0107_P_19920117,ACT_EU_INST_CJEU_JUDG_AG_IT_TES
DOC_JUDG_CJ_1990_0109_19910319,ACT_EU_INST_CJEU_JUDG_AG_UK_JAC
DOC_JUDG_CJ_1990_0113_19911002,ACT_EU_INST_CJEU_JUDG_AG_LU_MIS
DOC_JUDG_CJ_1990_0120_19910507,ACT_EU_INST_CJEU_JUDG_AG_IT_TES
DOC_JUDG_CJ_1990_0121_19911206,ACT_EU_INST_CJEU_JUDG_AG_UK_JAC
DOC_JUDG_CJ_1990_0132_P_19911128,ACT_EU_INST_CJEU_JUDG_AG_IT_TES
DOC_JUDG_CJ_1990_0145_P_19911121,ACT_EU_INST_CJEU_JUDG_AG_BE_GER
DOC_JUDG_CJ_1990_0157_19920604,ACT_EU_INST_CJEU_JUDG_AG_FR_DAR
DOC_JUDG_CJ_1990_0158_19911213,ACT_EU_INST_CJEU_JUDG_AG_IT_TES
DOC_JUDG_CJ_1990_0159_19911004,ACT_EU_INST_CJEU_JUDG_AG_BE_GER
DOC_JUDG_CJ_1990_0161_19911010,ACT_EU_INST_CJEU_JUDG_AG_FR_DAR
DOC_JUDG_CJ_1990_0163_19920716,ACT_EU_INST_CJEU_JUDG_AG_UK_JAC
DOC_JUDG_CJ_1990_0164_19911213,ACT_EU_INST_CJEU_JUDG_AG_UK_JAC
DOC_JUDG_CJ_1990_0167_19910516,ACT_EU_INST_CJEU_JUDG_AG_IT_TES
DOC_JUDG_CJ_1990_0168_19910516,ACT_EU_INST_CJEU_JUDG_AG_IT_TES
DOC_JUDG_CJ_1990_0177_19920110,ACT_EU_INST_CJEU_JUDG_AG_LU_MIS
DOC_JUDG_CJ_1990_0179_19911210,ACT_EU_INST_CJEU_JUDG_AG_BE_GER
DOC_JUDG_CJ_1990_0181_19920604,ACT_EU_INST_CJEU_JUDG_AG_FR_DAR
DOC_JUDG_CJ_1990_0183_19911004,ACT_EU_INST_CJEU_JUDG_AG_BE_GER
DOC_JUDG_CJ_1990_0185_P_19911004,ACT_EU_INST_CJEU_JUDG_AG_UK_JAC
DOC_JUDG_CJ_1990_0186_19911128,ACT_EU_INST_CJEU_JUDG_AG_BE_GER
DOC_JUDG_CJ_1990_0188_19920319,ACT_EU_INST_CJEU_JUDG_AG_BE_GER
DOC_JUDG_CJ_1990_0189_19920604,ACT_EU_INST_CJEU_JUDG_AG_FR_DAR
DOC_JUDG_CJ_1990_0190_19920520,ACT_EU_INST_CJEU_JUDG_AG_DK_GUL
DOC_JUDG_CJ_1990_0191_19921027,ACT_EU_INST_CJEU_JUDG_AG_BE_GER
DOC_JUDG_CJ_1990_0192_19911210,ACT_EU_INST_CJEU_JUDG_AG_DE_LEN
DOC_JUDG_CJ_1990_0195_19920519,ACT_EU_INST_CJEU_JUDG_AG_UK_JAC
DOC_JUDG_CJ_1990_0196_19911004,ACT_EU_INST_CJEU_JUDG_AG_IT_TES
DOC_JUDG_CJ_1990_0197_19920108,ACT_EU_INST_CJEU_JUDG_AG_FR_DAR
DOC_JUDG_CJ_1990_0198_19911128,ACT_EU_INST_CJEU_JUDG_AG_BE_GER
DOC_JUDG_CJ_1990_0199_19911127,ACT_EU_INST_CJEU_JUDG_AG_FR_DAR
DOC_JUDG_CJ_1990_0200_19920331,ACT_EU_INST_CJEU_JUDG_AG_IT_TES
DOC_JUDG_CJ_1990_0201_19910515,ACT_EU_INST_CJEU_JUDG_AG_LU_MIS
DOC_JUDG_CJ_1990_0202_19910725,ACT_EU_INST_CJEU_JUDG_AG_IT_TES
DOC_JUDG_CJ_1990_0203_19920225,ACT_EU_INST_CJEU_JUDG_AG_IT_TES
DOC_JUDG_CJ_1990_0204_19920128,ACT_EU_INST_CJEU_JUDG_AG_LU_MIS
DOC_JUDG_CJ_1990_0208_19910725,ACT_EU_INST_CJEU_JUDG_AG_LU_MIS
DOC_JUDG_CJ_1990_0209_19920408,ACT_EU_INST_CJEU_JUDG_AG_DE_LEN
DOC_JUDG_CJ_1990_0210_19920213,ACT_EU_INST_CJEU_JUDG_AG_IT_TES
DOC_JUDG_CJ_1990_0213_19910704,ACT_EU_INST_CJEU_JUDG_AG_UK_JAC
DOC_JUDG_CJ_1990_0215_19920310,ACT_EU_INST_CJEU_JUDG_AG_IT_TES
DOC_JUDG_CJ_1990_0228_19920609,ACT_EU_INST_CJEU_JUDG_AG_DE_LEN
DOC_JUDG_CJ_1990_0235_19911119,ACT_EU_INST_CJEU_JUDG_AG_LU_MIS
DOC_JUDG_CJ_1990_0236_19920709,ACT_EU_INST_CJEU_JUDG_AG_DE_LEN
DOC_JUDG_CJ_1990_0237_19921124,ACT_EU_INST_CJEU_JUDG_AG_UK_JAC
DOC_JUDG_CJ_1990_0239_19910430,ACT_EU_INST_CJEU_JUDG_AG_IT_TES
DOC_JUDG_CJ_1990_0240_19921027,ACT_EU_INST_CJEU_JUDG_AG_UK_JAC
DOC_JUDG_CJ_1990_0242_P_19930706,ACT_EU_INST_CJEU_JUDG_AG_BE_GER
DOC_JUDG_CJ_1990_0243_19920204,ACT_EU_INST_CJEU_JUDG_AG_IT_TES
DOC_JUDG_CJ_1990_0246_19920603,ACT_EU_INST_CJEU_JUDG_AG_IT_TES
DOC_JUDG_CJ_1990_0251_19920507,ACT_EU_INST_CJEU_JUDG_AG_IT_TES
DOC_JUDG_CJ_1990_0253_19920206,ACT_EU_INST_CJEU_JUDG_AG_DE_LEN
DOC_JUDG_CJ_1990_0255_P_19920331,ACT_EU_INST_CJEU_JUDG_AG_DK_GUL
DOC_JUDG_CJ_1990_0256_19920408,ACT_EU_INST_CJEU_JUDG_AG_UK_JAC
DOC_JUDG_CJ_1990_0257_19930114,ACT_EU_INST_CJEU_JUDG_AG_DE_LEN
DOC_JUDG_CJ_1990_0258_19920507,ACT_EU_INST_CJEU_JUDG_AG_DK_GUL
DOC_JUDG_CJ_1990_0260_19920212,ACT_EU_INST_CJEU_JUDG_AG_UK_JAC
DOC_JUDG_CJ_1990_0261_19920326,ACT_EU_INST_CJEU_JUDG_AG_DK_GUL
DOC_JUDG_CJ_1990_0264_19921203,ACT_EU_INST_CJEU_JUDG_AG_DE_LEN
DOC_JUDG_CJ_1990_0266_19920128,ACT_EU_INST_CJEU_JUDG_AG_IT_TES
DOC_JUDG_CJ_1990_0269_19911121,ACT_EU_INST_CJEU_JUDG_AG_UK_JAC
DOC_JUDG_CJ_1990_0271_19921117,ACT_EU_INST_CJEU_JUDG_AG_UK_JAC
DOC_JUDG_CJ_1990_0272_19910516,ACT_EU_INST_CJEU_JUDG_AG_IT_TES
DOC_JUDG_CJ_1990_0273_19911127,ACT_EU_INST_CJEU_JUDG_AG_BE_GER
DOC_JUDG_CJ_1990_0280_19920226,ACT_EU_INST_CJEU_JUDG_AG_FR_DAR
DOC_JUDG_CJ_1990_0282_19920313,ACT_EU_INST_CJEU_JUDG_AG_FR_DAR
DOC_JUDG_CJ_1990_0283_P_19911001,ACT_EU_INST_CJEU_JUDG_AG_DE_LEN
DOC_JUDG_CJ_1990_0284_19920331,ACT_EU_INST_CJEU_JUDG_AG_UK_JAC
DOC_JUDG_CJ_1990_0286_19921124,ACT_EU_INST_CJEU_JUDG_AG_IT_TES
DOC_JUDG_CJ_1990_0290_19920520,ACT_EU_INST_CJEU_JUDG_AG_BE_GER
DOC_JUDG_CJ_1990_0294_19920204,ACT_EU_INST_CJEU_JUDG_AG_BE_GER
DOC_JUDG_CJ_1990_0295_19920707,ACT_EU_INST_CJEU_JUDG_AG_UK_JAC
DOC_JUDG_CJ_1990_0295_REV_19921020,ACT_EU_INST_CJEU_JUDG_AG_UK_JAC
DOC_JUDG_CJ_1990_0296_19910711,ACT_EU_INST_CJEU_JUDG_AG_FR_DAR
DOC_JUDG_CJ_1990_0299_19910725,ACT_EU_INST_CJEU_JUDG_AG_LU_MIS
DOC_JUDG_CJ_1990_0300_19920128,ACT_EU_INST_CJEU_JUDG_AG_LU_MIS
DOC_JUDG_CJ_1990_0301_19920123,ACT_EU_INST_CJEU_JUDG_AG_UK_JAC
DOC_JUDG_CJ_1990_0302_19911015,ACT_EU_INST_CJEU_JUDG_AG_DE_LEN
DOC_JUDG_CJ_1990_0303_19911113,ACT_EU_INST_CJEU_JUDG_AG_IT_TES
DOC_JUDG_CJ_1990_0304_19921216,ACT_EU_INST_CJEU_JUDG_AG_BE_GER
DOC_JUDG_CJ_1990_0308_19930121,ACT_EU_INST_CJEU_JUDG_AG_UK_JAC
DOC_JUDG_CJ_1990_0309_19911107,ACT_EU_INST_CJEU_JUDG_AG_FR_DAR
DOC_JUDG_CJ_1990_0310_19920121,ACT_EU_INST_CJEU_JUDG_AG_FR_DAR
DOC_JUDG_CJ_1990_0311_19920319,ACT_EU_INST_CJEU_JUDG_AG_UK_JAC
DOC_JUDG_CJ_1990_0312_19920630,ACT_EU_INST_CJEU_JUDG_AG_BE_GER
DOC_JUDG_CJ_1990_0313_19930324,ACT_EU_INST_CJEU_JUDG_AG_DE_LEN
DOC_JUDG_CJ_1990_0315_19911127,ACT_EU_INST_CJEU_JUDG_AG_BE_GER
DOC_JUDG_CJ_1990_0318_19920603,ACT_EU_INST_CJEU_JUDG_AG_FR_DAR
DOC_JUDG_CJ_1990_0319_19920121,ACT_EU_INST_CJEU_JUDG_AG_IT_TES
DOC_JUDG_CJ_1990_0320_19930126,ACT_EU_INST_CJEU_JUDG_AG_DK_GUL
DOC_JUDG_CJ_1990_0323_19920311,ACT_EU_INST_CJEU_JUDG_AG_IT_TES
DOC_JUDG_CJ_1990_0324_19940413,ACT_EU_INST_CJEU_JUDG_AG_FR_DAR
DOC_JUDG_CJ_1990_0326_19921110,ACT_EU_INST_CJEU_JUDG_AG_DK_GUL
DOC_JUDG_CJ_1990_0327_19920512,ACT_EU_INST_CJEU_JUDG_AG_IT_TES
DOC_JUDG_CJ_1990_0328_19920130,ACT_EU_INST_CJEU_JUDG_AG_UK_JAC
DOC_JUDG_CJ_1990_0330_19920128,ACT_EU_INST_CJEU_JUDG_AG_UK_JAC
DOC_JUDG_CJ_1990_0332_19920128,ACT_EU_INST_CJEU_JUDG_AG_FR_DAR
DOC_JUDG_CJ_1990_0333_19920226,ACT_EU_INST_CJEU_JUDG_AG_IT_TES
DOC_JUDG_CJ_1990_0334_19920116,ACT_EU_INST_CJEU_JUDG_AG_UK_JAC
DOC_JUDG_CJ_1990_0338_19920331,ACT_EU_INST_CJEU_JUDG_AG_FR_DAR
DOC_JUDG_CJ_1990_0343_19920716,ACT_EU_INST_CJEU_JUDG_AG_IT_TES
DOC_JUDG_CJ_1990_0344_19920716,ACT_EU_INST_CJEU_JUDG_AG_DK_GUL
DOC_JUDG_CJ_1990_0345_P_19920220,ACT_EU_INST_CJEU_JUDG_AG_FR_DAR
DOC_JUDG_CJ_1990_0346_P_19920408,ACT_EU_INST_CJEU_JUDG_AG_IT_TES
DOC_JUDG_CJ_1990_0347_19920507,ACT_EU_INST_CJEU_JUDG_AG_UK_JAC
DOC_JUDG_CJ_1990_0348_P_19911105,ACT_EU_INST_CJEU_JUDG_AG_DE_LEN
DOC_JUDG_CJ_1990_0351_19920616,ACT_EU_INST_CJEU_JUDG_AG_UK_JAC
DOC_JUDG_CJ_1990_0354_19911121,ACT_EU_INST_CJEU_JUDG_AG_UK_JAC
DOC_JUDG_CJ_1990_0355_19930802,ACT_EU_INST_CJEU_JUDG_AG_BE_GER
DOC_JUDG_CJ_1990_0356_19930518,ACT_EU_INST_CJEU_JUDG_AG_FR_DAR
DOC_JUDG_CJ_1990_0358_19920407,ACT_EU_INST_CJEU_JUDG_AG_UK_JAC
DOC_JUDG_CJ_1990_0360_19920604,ACT_EU_INST_CJEU_JUDG_AG_FR_DAR
DOC_JUDG_CJ_1990_0361_19930119,ACT_EU_INST_CJEU_JUDG_AG_IT_TES
DOC_JUDG_CJ_1990_0362_19920331,ACT_EU_INST_CJEU_JUDG_AG_DE_LEN
DOC_JUDG_CJ_1990_0364_19930428,ACT_EU_INST_CJEU_JUDG_AG_UK_JAC
DOC_JUDG_CJ_1990_0369_19920707,ACT_EU_INST_CJEU_JUDG_AG_IT_TES
DOC_JUDG_CJ_1990_0370_19920707,ACT_EU_INST_CJEU_JUDG_AG_IT_TES
DOC_JUDG_CJ_1990_0371_19920408,ACT_EU_INST_CJEU_JUDG_AG_IT_TES
DOC_JUDG_CJ_1990_0373_19920116,ACT_EU_INST_CJEU_JUDG_AG_IT_TES
DOC_JUDG_CJ_1990_0375_19930427,ACT_EU_INST_CJEU_JUDG_AG_IT_TES
DOC_JUDG_CJ_1990_0376_19921125,ACT_EU_INST_CJEU_JUDG_AG_UK_JAC
DOC_JUDG_CJ_1990_0377_19920227,ACT_EU_INST_CJEU_JUDG_AG_DK_GUL
DOC_JUDG_CJ_1990_0378_P_19920402,ACT_EU_INST_CJEU_JUDG_AG_FR_DAR
DOC_JUDG_CJ_1991_0002_19931117,ACT_EU_INST_CJEU_JUDG_AG_IT_TES
DOC_JUDG_CJ_1991_0003_19921110,ACT_EU_INST_CJEU_JUDG_AG_DE_LEN
DOC_JUDG_CJ_1991_0004_19911127,ACT_EU_INST_CJEU_JUDG_AG_DE_LEN
DOC_JUDG_CJ_1991_0005_19920218,ACT_EU_INST_CJEU_JUDG_AG_FR_DAR
DOC_JUDG_CJ_1991_0009_19920707,ACT_EU_INST_CJEU_JUDG_AG_BE_GER
DOC_JUDG_CJ_1991_0013_19920604,ACT_EU_INST_CJEU_JUDG_AG_BE_GER
DOC_JUDG_CJ_1991_0014_19920130,ACT_EU_INST_CJEU_JUDG_AG_IT_TES
DOC_JUDG_CJ_1991_0015_19921124,ACT_EU_INST_CJEU_JUDG_AG_DK_GUL
DOC_JUDG_CJ_1991_0016_19921217,ACT_EU_INST_CJEU_JUDG_AG_IT_TES
DOC_JUDG_CJ_1991_0017_19921216,ACT_EU_INST_CJEU_JUDG_AG_IT_TES
DOC_JUDG_CJ_1991_0018_P_19920619,ACT_EU_INST_CJEU_JUDG_AG_DK_GUL
DOC_JUDG_CJ_1991_0019_19911210,ACT_EU_INST_CJEU_JUDG_AG_DK_GUL
DOC_JUDG_CJ_1991_0020_19920506,ACT_EU_INST_CJEU_JUDG_AG_UK_JAC
DOC_JUDG_CJ_1991_0021_19920604,ACT_EU_INST_CJEU_JUDG_AG_FR_DAR
DOC_JUDG_CJ_1991_0024_19920318,ACT_EU_INST_CJEU_JUDG_AG_DE_LEN
DOC_JUDG_CJ_1991_0025_19930401,ACT_EU_INST_CJEU_JUDG_AG_DK_GUL
DOC_JUDG_CJ_1991_0026_19920617,ACT_EU_INST_CJEU_JUDG_AG_UK_JAC
DOC_JUDG_CJ_1991_0027_19911121,ACT_EU_INST_CJEU_JUDG_AG_DE_LEN
DOC_JUDG_CJ_1991_0028_19920701,ACT_EU_INST_CJEU_JUDG_AG_IT_TES
DOC_JUDG_CJ_1991_0029_19920519,ACT_EU_INST_CJEU_JUDG_AG_BE_GER
DOC_JUDG_CJ_1991_0030_P_19920609,ACT_EU_INST_CJEU_JUDG_AG_IT_TES
DOC_JUDG_CJ_1991_0031_19930401,ACT_EU_INST_CJEU_JUDG_AG_FR_DAR
DOC_JUDG_CJ_1991_0045_19920407,ACT_EU_INST_CJEU_JUDG_AG_UK_JAC
DOC_JUDG_CJ_1991_0047_19920630,ACT_EU_INST_CJEU_JUDG_AG_BE_GER
DOC_JUDG_CJ_1991_0047_19941005,ACT_EU_INST_CJEU_JUDG_AG_BE_GER
DOC_JUDG_CJ_1991_0048_19931110,ACT_EU_INST_CJEU_JUDG_AG_DE_LEN
DOC_JUDG_CJ_1991_0049_19921013,ACT_EU_INST_CJEU_JUDG_AG_UK_JAC
DOC_JUDG_CJ_1991_0050_19921013,ACT_EU_INST_CJEU_JUDG_AG_UK_JAC
DOC_JUDG_CJ_1991_0052_19930608,ACT_EU_INST_CJEU_JUDG_AG_DE_LEN
DOC_JUDG_CJ_1991_0054_19930622,ACT_EU_INST_CJEU_JUDG_AG_IT_TES
DOC_JUDG_CJ_1991_0055_19931006,ACT_EU_INST_CJEU_JUDG_AG_BE_GER
DOC_JUDG_CJ_1991_0056_19930622,ACT_EU_INST_CJEU_JUDG_AG_UK_JAC
DOC_JUDG_CJ_1991_0060_19920319,ACT_EU_INST_CJEU_JUDG_AG_UK_JAC
DOC_JUDG_CJ_1991_0062_19920408,ACT_EU_INST_CJEU_JUDG_AG_IT_TES
DOC_JUDG_CJ_1991_0063_19920716,ACT_EU_INST_CJEU_JUDG_AG_BE_GER
DOC_JUDG_CJ_1991_0065_19921014,ACT_EU_INST_CJEU_JUDG_AG_DK_GUL
DOC_JUDG_CJ_1991_0067_19920716,ACT_EU_INST_CJEU_JUDG_AG_UK_JAC
DOC_JUDG_CJ_1991_0068_P_19921217,ACT_EU_INST_CJEU_JUDG_AG_BE_GER
DOC_JUDG_CJ_1991_0069_19931027,ACT_EU_INST_CJEU_JUDG_AG_IT_TES
DOC_JUDG_CJ_1991_0070_P_19920507,ACT_EU_INST_CJEU_JUDG_AG_FR_DAR
DOC_JUDG_CJ_1991_0071_19930420,ACT_EU_INST_CJEU_JUDG_AG_UK_JAC
DOC_JUDG_CJ_1991_0072_19930317,ACT_EU_INST_CJEU_JUDG_AG_FR_DAR
DOC_JUDG_CJ_1991_0074_19921027,ACT_EU_INST_CJEU_JUDG_AG_DK_GUL
DOC_JUDG_CJ_1991_0075_19920206,ACT_EU_INST_CJEU_JUDG_AG_IT_TES
DOC_JUDG_CJ_1991_0076_19930119,ACT_EU_INST_CJEU_JUDG_AG_IT_TES
DOC_JUDG_CJ_1991_0077_19920206,ACT_EU_INST_CJEU_JUDG_AG_DK_GUL
DOC_JUDG_CJ_1991_0078_19920716,ACT_EU_INST_CJEU_JUDG_AG_BE_GER
DOC_JUDG_CJ_1991_0079_19921217,ACT_EU_INST_CJEU_JUDG_AG_UK_JAC
DOC_JUDG_CJ_1991_0081_19930519,ACT_EU_INST_CJEU_JUDG_AG_UK_JAC
DOC_JUDG_CJ_1991_0083_19920716,ACT_EU_INST_CJEU_JUDG_AG_IT_TES
DOC_JUDG_CJ_1991_0088_19920625,ACT_EU_INST_CJEU_JUDG_AG_BE_GER
DOC_JUDG_CJ_1991_0089_19930119,ACT_EU_INST_CJEU_JUDG_AG_FR_DAR
DOC_JUDG_CJ_1991_0090_19920611,ACT_EU_INST_CJEU_JUDG_AG_UK_JAC
DOC_JUDG_CJ_1991_0092_19931027,ACT_EU_INST_CJEU_JUDG_AG_IT_TES
DOC_JUDG_CJ_1991_0094_19920408,ACT_EU_INST_CJEU_JUDG_AG_BE_GER
DOC_JUDG_CJ_1991_0096_19920609,ACT_EU_INST_CJEU_JUDG_AG_DK_GUL
DOC_JUDG_CJ_1991_0097_19921203,ACT_EU_INST_CJEU_JUDG_AG_FR_DAR
DOC_JUDG_CJ_1991_0098_19940127,ACT_EU_INST_CJEU_JUDG_AG_DE_LEN
DOC_JUDG_CJ_1991_0101_19930119,ACT_EU_INST_CJEU_JUDG_AG_DK_GUL
DOC_JUDG_CJ_1991_0102_19920708,ACT_EU_INST_CJEU_JUDG_AG_BE_GER
DOC_JUDG_CJ_1991_0104_19920507,ACT_EU_INST_CJEU_JUDG_AG_UK_JAC
DOC_JUDG_CJ_1991_0105_19921117,ACT_EU_INST_CJEU_JUDG_AG_IT_TES
DOC_JUDG_CJ_1991_0106_19920520,ACT_EU_INST_CJEU_JUDG_AG_UK_JAC
DOC_JUDG_CJ_1991_0107_19930216,ACT_EU_INST_CJEU_JUDG_AG_DK_GUL
DOC_JUDG_CJ_1991_0109_19931006,ACT_EU_INST_CJEU_JUDG_AG_BE_GER
DOC_JUDG_CJ_1991_0110_19931214,ACT_EU_INST_CJEU_JUDG_AG_BE_GER
DOC_JUDG_CJ_1991_0111_19930310,ACT_EU_INST_CJEU_JUDG_AG_UK_JAC
DOC_JUDG_CJ_1991_0112_19930126,ACT_EU_INST_CJEU_JUDG_AG_FR_DAR
DOC_JUDG_CJ_1991_0114_19921216,ACT_EU_INST_CJEU_JUDG_AG_IT_TES
DOC_JUDG_CJ_1991_0116_19920625,ACT_EU_INST_CJEU_JUDG_AG_FR_DAR
DOC_JUDG_CJ_1991_0119_19921209,ACT_EU_INST_CJEU_JUDG_AG_FR_DAR
DOC_JUDG_CJ_1991_0121_19930706,ACT_EU_INST_CJEU_JUDG_AG_DK_GUL
DOC_JUDG_CJ_1991_0123_19921112,ACT_EU_INST_CJEU_JUDG_AG_UK_JAC
DOC_JUDG_CJ_1991_0126_19930518,ACT_EU_INST_CJEU_JUDG_AG_FR_DAR
DOC_JUDG_CJ_1991_0127_19921112,ACT_EU_INST_CJEU_JUDG_AG_IT_TES
DOC_JUDG_CJ_1991_0130_REV_19950307,ACT_EU_INST_CJEU_JUDG_AG_FR_LEGE
DOC_JUDG_CJ_1991_0130_REV_II_19960116,ACT_EU_INST_CJEU_JUDG_AG_FR_LEGE
DOC_JUDG_CJ_1991_0131_19920709,ACT_EU_INST_CJEU_JUDG_AG_FR_DAR
DOC_JUDG_CJ_1991_0132_19921216,ACT_EU_INST_CJEU_JUDG_AG_BE_GER
DOC_JUDG_CJ_1991_0134_19921112,ACT_EU_INST_CJEU_JUDG_AG_IT_TES
DOC_JUDG_CJ_1991_0136_19930401,ACT_EU_INST_CJEU_JUDG_AG_BE_GER
DOC_JUDG_CJ_1991_0137_19920624,ACT_EU_INST_CJEU_JUDG_AG_FR_DAR
DOC_JUDG_CJ_1991_0140_19921203,ACT_EU_INST_CJEU_JUDG_AG_DE_LEN
DOC_JUDG_CJ_1991_0142_19930211,ACT_EU_INST_CJEU_JUDG_AG_UK_JAC
DOC_JUDG_CJ_1991_0143_19921008,ACT_EU_INST_CJEU_JUDG_AG_DE_LEN
DOC_JUDG_CJ_1991_0144_19921216,ACT_EU_INST_CJEU_JUDG_AG_IT_TES
DOC_JUDG_CJ_1991_0146_19940915,ACT_EU_INST_CJEU_JUDG_AG_BE_GER
DOC_JUDG_CJ_1991_0147_19920625,ACT_EU_INST_CJEU_JUDG_AG_UK_JAC
DOC_JUDG_CJ_1991_0148_19930203,ACT_EU_INST_CJEU_JUDG_AG_IT_TES
DOC_JUDG_CJ_1991_0149_19920611,ACT_EU_INST_CJEU_JUDG_AG_DK_GUL
DOC_JUDG_CJ_1991_0152_19931222,ACT_EU_INST_CJEU_JUDG_AG_BE_GER
DOC_JUDG_CJ_1991_0153_19920922,ACT_EU_INST_CJEU_JUDG_AG_DE_LEN
DOC_JUDG_CJ_1991_0155_19930317,ACT_EU_INST_CJEU_JUDG_AG_IT_TES
DOC_JUDG_CJ_1991_0156_19921110,ACT_EU_INST_CJEU_JUDG_AG_UK_JAC
DOC_JUDG_CJ_1991_0157_19921117,ACT_EU_INST_CJEU_JUDG_AG_FR_DAR
DOC_JUDG_CJ_1991_0158_19930802,ACT_EU_INST_CJEU_JUDG_AG_IT_TES
DOC_JUDG_CJ_1991_0159_19930217,ACT_EU_INST_CJEU_JUDG_AG_IT_TES
DOC_JUDG_CJ_1991_0162_19921015,ACT_EU_INST_CJEU_JUDG_AG_FR_DAR
DOC_JUDG_CJ_1991_0163_19921112,ACT_EU_INST_CJEU_JUDG_AG_DK_GUL
DOC_JUDG_CJ_1991_0165_19941005,ACT_EU_INST_CJEU_JUDG_AG_FR_DAR
DOC_JUDG_CJ_1991_0166_19920408,ACT_EU_INST_CJEU_JUDG_AG_FR_DAR
DOC_JUDG_CJ_1991_0168_19930330,ACT_EU_INST_CJEU_JUDG_AG_UK_JAC
DOC_JUDG_CJ_1991_0169_19921216,ACT_EU_INST_CJEU_JUDG_AG_BE_GER
DOC_JUDG_CJ_1991_0171_19930526,ACT_EU_INST_CJEU_JUDG_AG_FR_DAR
DOC_JUDG_CJ_1991_0172_19930421,ACT_EU_INST_CJEU_JUDG_AG_FR_DAR
DOC_JUDG_CJ_1991_0173_19930217,ACT_EU_INST_CJEU_JUDG_AG_UK_JAC
DOC_JUDG_CJ_1991_0174_19930505,ACT_EU_INST_CJEU_JUDG_AG_DK_GUL
DOC_JUDG_CJ_1991_0177_19930114,ACT_EU_INST_CJEU_JUDG_AG_DK_GUL
DOC_JUDG_CJ_1991_0181_19930630,ACT_EU_INST_CJEU_JUDG_AG_UK_JAC
DOC_JUDG_CJ_1991_0182_19930429,ACT_EU_INST_CJEU_JUDG_AG_DE_LEN
DOC_JUDG_CJ_1991_0183_19930610,ACT_EU_INST_CJEU_JUDG_AG_BE_GER
DOC_JUDG_CJ_1991_0184_19930331,ACT_EU_INST_CJEU_JUDG_AG_DK_GUL
DOC_JUDG_CJ_1991_0185_19931117,ACT_EU_INST_CJEU_JUDG_AG_FR_DAR
DOC_JUDG_CJ_1991_0186_19930310,ACT_EU_INST_CJEU_JUDG_AG_DE_LEN
DOC_JUDG_CJ_1991_0187_19920716,ACT_EU_INST_CJEU_JUDG_AG_DK_GUL
DOC_JUDG_CJ_1991_0188_19930121,ACT_EU_INST_CJEU_JUDG_AG_BE_GER
DOC_JUDG_CJ_1991_0189_19931130,ACT_EU_INST_CJEU_JUDG_AG_FR_DAR
DOC_JUDG_CJ_1991_0190_19930114,ACT_EU_INST_CJEU_JUDG_AG_BE_GER
DOC_JUDG_CJ_1991_0191_19930310,ACT_EU_INST_CJEU_JUDG_AG_BE_GER
DOC_JUDG_CJ_1991_0193_19930525,ACT_EU_INST_CJEU_JUDG_AG_UK_JAC
DOC_JUDG_CJ_1991_0194_19921216,ACT_EU_INST_CJEU_JUDG_AG_DK_GUL
DOC_JUDG_CJ_1991_0195_P_19941215,ACT_EU_INST_CJEU_JUDG_AG_DK_GUL
DOC_JUDG_CJ_1991_0197_19930525,ACT_EU_INST_CJEU_JUDG_AG_UK_JAC
DOC_JUDG_CJ_1991_0198_19930519,ACT_EU_INST_CJEU_JUDG_AG_IT_TES
DOC_JUDG_CJ_1991_0199_19930525,ACT_EU_INST_CJEU_JUDG_AG_FR_DAR
DOC_JUDG_CJ_1991_0200_19940928,ACT_EU_INST_CJEU_JUDG_AG_BE_GER
DOC_JUDG_CJ_1991_0201_19921001,ACT_EU_INST_CJEU_JUDG_AG_DE_LEN
DOC_JUDG_CJ_1991_0206_19921216,ACT_EU_INST_CJEU_JUDG_AG_BE_GER
DOC_JUDG_CJ_1991_0207_19930701,ACT_EU_INST_CJEU_JUDG_AG_IT_TES
DOC_JUDG_CJ_1991_0208_19921216,ACT_EU_INST_CJEU_JUDG_AG_FR_DAR
DOC_JUDG_CJ_1991_0209_19921112,ACT_EU_INST_CJEU_JUDG_AG_BE_GER
DOC_JUDG_CJ_1991_0210_19921216,ACT_EU_INST_CJEU_JUDG_AG_DK_GUL
DOC_JUDG_CJ_1991_0211_19921216,ACT_EU_INST_CJEU_JUDG_AG_IT_TES
DOC_JUDG_CJ_1991_0212_19940125,ACT_EU_INST_CJEU_JUDG_AG_UK_JAC
DOC_JUDG_CJ_1991_0213_19930615,ACT_EU_INST_CJEU_JUDG_AG_BE_GER
DOC_JUDG_CJ_1991_0216_19931207,ACT_EU_INST_CJEU_JUDG_AG_DE_LEN
DOC_JUDG_CJ_1991_0217_19930707,ACT_EU_INST_CJEU_JUDG_AG_DK_GUL
DOC_JUDG_CJ_1991_0218_19930218,ACT_EU_INST_CJEU_JUDG_AG_BE_GER
DOC_JUDG_CJ_1991_0219_19921028,ACT_EU_INST_CJEU_JUDG_AG_IT_TES
DOC_JUDG_CJ_1991_0220_P_19930518,ACT_EU_INST_CJEU_JUDG_AG_DK_GUL
DOC_JUDG_CJ_1991_0222_19930622,ACT_EU_INST_CJEU_JUDG_AG_DE_LEN
DOC_JUDG_CJ_1991_0225_19930615,ACT_EU_INST_CJEU_JUDG_AG_BE_GER
DOC_JUDG_CJ_1991_0226_19921119,ACT_EU_INST_CJEU_JUDG_AG_IT_TES
DOC_JUDG_CJ_1991_0228_19930525,ACT_EU_INST_CJEU_JUDG_AG_FR_DAR
DOC_JUDG_CJ_1991_0231_19921210,ACT_EU_INST_CJEU_JUDG_AG_DK_GUL
DOC_JUDG_CJ_1991_0234_19931201,ACT_EU_INST_CJEU_JUDG_AG_IT_TES
DOC_JUDG_CJ_1991_0235_19921117,ACT_EU_INST_CJEU_JUDG_AG_DK_GUL
DOC_JUDG_CJ_1991_0236_19921117,ACT_EU_INST_CJEU_JUDG_AG_DK_GUL
DOC_JUDG_CJ_1991_0237_19921216,ACT_EU_INST_CJEU_JUDG_AG_FR_DAR
DOC_JUDG_CJ_1991_0241_P_19950406,ACT_EU_INST_CJEU_JUDG_AG_DK_GUL
DOC_JUDG_CJ_1991_0243_19920708,ACT_EU_INST_CJEU_JUDG_AG_BE_GER
DOC_JUDG_CJ_1991_0244_P_19931222,ACT_EU_INST_CJEU_JUDG_AG_FR_DAR
DOC_JUDG_CJ_1991_0245_19931117,ACT_EU_INST_CJEU_JUDG_AG_IT_TES
DOC_JUDG_CJ_1991_0246_19930505,ACT_EU_INST_CJEU_JUDG_AG_IT_TES
DOC_JUDG_CJ_1991_0250_19930401,ACT_EU_INST_CJEU_JUDG_AG_IT_TES
DOC_JUDG_CJ_1991_0251_19921111,ACT_EU_INST_CJEU_JUDG_AG_DE_LEN
DOC_JUDG_CJ_1991_0256_19930401,ACT_EU_INST_CJEU_JUDG_AG_IT_TES
DOC_JUDG_CJ_1991_0259_19930802,ACT_EU_INST_CJEU_JUDG_AG_DE_LEN
DOC_JUDG_CJ_1991_0260_19930401,ACT_EU_INST_CJEU_JUDG_AG_DK_GUL
DOC_JUDG_CJ_1991_0262_19921014,ACT_EU_INST_CJEU_JUDG_AG_DE_LEN
DOC_JUDG_CJ_1991_0263_19930525,ACT_EU_INST_CJEU_JUDG_AG_UK_JAC
DOC_JUDG_CJ_1991_0264_19930615,ACT_EU_INST_CJEU_JUDG_AG_BE_GER
DOC_JUDG_CJ_1991_0266_19930802,ACT_EU_INST_CJEU_JUDG_AG_DK_GUL
DOC_JUDG_CJ_1991_0267_19931124,ACT_EU_INST_CJEU_JUDG_AG_BE_GER
DOC_JUDG_CJ_1991_0270_19920708,ACT_EU_INST_CJEU_JUDG_AG_FR_DAR
DOC_JUDG_CJ_1991_0271_19930802,ACT_EU_INST_CJEU_JUDG_AG_BE_GER
DOC_JUDG_CJ_1991_0272_19940426,ACT_EU_INST_CJEU_JUDG_AG_DK_GUL
DOC_JUDG_CJ_1991_0275_19930203,ACT_EU_INST_CJEU_JUDG_AG_UK_JAC
DOC_JUDG_CJ_1991_0276_19930802,ACT_EU_INST_CJEU_JUDG_AG_DE_LEN
DOC_JUDG_CJ_1991_0277_19931215,ACT_EU_INST_CJEU_JUDG_AG_FR_DAR
DOC_JUDG_CJ_1991_0280_19930318,ACT_EU_INST_CJEU_JUDG_AG_UK_JAC
DOC_JUDG_CJ_1991_0281_19931027,ACT_EU_INST_CJEU_JUDG_AG_UK_JAC
DOC_JUDG_CJ_1991_0282_19930330,ACT_EU_INST_CJEU_JUDG_AG_UK_JAC
DOC_JUDG_CJ_1991_0283_19921203,ACT_EU_INST_CJEU_JUDG_AG_BE_GER
DOC_JUDG_CJ_1991_0284_19921027,ACT_EU_INST_CJEU_JUDG_AG_DK_GUL
DOC_JUDG_CJ_1991_0285_19930218,ACT_EU_INST_CJEU_JUDG_AG_DE_LEN
DOC_JUDG_CJ_1991_0287_19920603,ACT_EU_INST_CJEU_JUDG_AG_DK_GUL
DOC_JUDG_CJ_1991_0289_19930802,ACT_EU_INST_CJEU_JUDG_AG_DK_GUL
DOC_JUDG_CJ_1991_0290_19930527,ACT_EU_INST_CJEU_JUDG_AG_UK_JAC
DOC_JUDG_CJ_1991_0291_19930211,ACT_EU_INST_CJEU_JUDG_AG_BE_GER
DOC_JUDG_CJ_1991_0292_19930504,ACT_EU_INST_CJEU_JUDG_AG_BE_GER
DOC_JUDG_CJ_1991_0293_19930113,ACT_EU_INST_CJEU_JUDG_AG_IT_TES
DOC_JUDG_CJ_1991_0304_19930511,ACT_EU_INST_CJEU_JUDG_AG_UK_JAC
DOC_JUDG_CJ_1991_0306_19930428,ACT_EU_INST_CJEU_JUDG_AG_DK_GUL
DOC_JUDG_CJ_1991_0307_19931216,ACT_EU_INST_CJEU_JUDG_AG_FR_DAR
DOC_JUDG_CJ_1991_0308_19930525,ACT_EU_INST_CJEU_JUDG_AG_UK_JAC
DOC_JUDG_CJ_1991_0310_19930527,ACT_EU_INST_CJEU_JUDG_AG_DE_LEN
DOC_JUDG_CJ_1991_0312_19930701,ACT_EU_INST_CJEU_JUDG_AG_UK_JAC
DOC_JUDG_CJ_1991_0314_19930323,ACT_EU_INST_CJEU_JUDG_AG_BE_GER
DOC_JUDG_CJ_1991_0316_19940302,ACT_EU_INST_CJEU_JUDG_AG_UK_JAC
DOC_JUDG_CJ_1991_0317_19931130,ACT_EU_INST_CJEU_JUDG_AG_IT_TES
DOC_JUDG_CJ_1991_0320_19930519,ACT_EU_INST_CJEU_JUDG_AG_IT_TES
DOC_JUDG_CJ_1991_0321_19930525,ACT_EU_INST_CJEU_JUDG_AG_DK_GUL
DOC_JUDG_CJ_1991_0325_19930616,ACT_EU_INST_CJEU_JUDG_AG_IT_TES
DOC_JUDG_CJ_1991_0326_P_19940602,ACT_EU_INST_CJEU_JUDG_AG_DE_LEN
DOC_JUDG_CJ_1991_0327_19940809,ACT_EU_INST_CJEU_JUDG_AG_IT_TES
DOC_JUDG_CJ_1991_0328_19930330,ACT_EU_INST_CJEU_JUDG_AG_IT_TES
DOC_JUDG_CJ_1991_0330_19930713,ACT_EU_INST_CJEU_JUDG_AG_FR_DAR
DOC_JUDG_CJ_1991_0333_19930622,ACT_EU_INST_CJEU_JUDG_AG_BE_GER
DOC_JUDG_CJ_1991_0334_19930525,ACT_EU_INST_CJEU_JUDG_AG_FR_DAR
DOC_JUDG_CJ_1991_0337_19931027,ACT_EU_INST_CJEU_JUDG_AG_FR_DAR
DOC_JUDG_CJ_1991_0338_19931027,ACT_EU_INST_CJEU_JUDG_AG_FR_DAR
DOC_JUDG_CJ_1992_0002_19940324,ACT_EU_INST_CJEU_JUDG_AG_DK_GUL
DOC_JUDG_CJ_1992_0006_19931207,ACT_EU_INST_CJEU_JUDG_AG_FR_DAR
DOC_JUDG_CJ_1992_0008_19930303,ACT_EU_INST_CJEU_JUDG_AG_FR_DAR
DOC_JUDG_CJ_1992_0009_19930802,ACT_EU_INST_CJEU_JUDG_AG_IT_TES
DOC_JUDG_CJ_1992_0010_19931020,ACT_EU_INST_CJEU_JUDG_AG_UK_JAC
DOC_JUDG_CJ_1992_0011_19930622,ACT_EU_INST_CJEU_JUDG_AG_DE_LEN
DOC_JUDG_CJ_1992_0012_19931207,ACT_EU_INST_CJEU_JUDG_AG_DK_GUL
DOC_JUDG_CJ_1992_0013_19931005,ACT_EU_INST_CJEU_JUDG_AG_UK_JAC
DOC_JUDG_CJ_1992_0017_19930504,ACT_EU_INST_CJEU_JUDG_AG_BE_GER
DOC_JUDG_CJ_1992_0018_19930525,ACT_EU_INST_CJEU_JUDG_AG_DK_GUL
DOC_JUDG_CJ_1992_0019_19930331,ACT_EU_INST_CJEU_JUDG_AG_BE_GER
DOC_JUDG_CJ_1992_0020_19930701,ACT_EU_INST_CJEU_JUDG_AG_FR_DAR
DOC_JUDG_CJ_1992_0021_19940505,ACT_EU_INST_CJEU_JUDG_AG_UK_JAC
DOC_JUDG_CJ_1992_0023_19930802,ACT_EU_INST_CJEU_JUDG_AG_BE_GER
DOC_JUDG_CJ_1992_0024_19930330,ACT_EU_INST_CJEU_JUDG_AG_FR_DAR
DOC_JUDG_CJ_1992_0027_19930331,ACT_EU_INST_CJEU_JUDG_AG_DK_GUL
DOC_JUDG_CJ_1992_0028_19931216,ACT_EU_INST_CJEU_JUDG_AG_UK_JAC
DOC_JUDG_CJ_1992_0031_19930802,ACT_EU_INST_CJEU_JUDG_AG_DE_LEN
DOC_JUDG_CJ_1992_0033_19930527,ACT_EU_INST_CJEU_JUDG_AG_IT_TES
DOC_JUDG_CJ_1992_0034_19930715,ACT_EU_INST_CJEU_JUDG_AG_BE_GER
DOC_JUDG_CJ_1992_0035_P_19930318,ACT_EU_INST_CJEU_JUDG_AG_BE_GER
DOC_JUDG_CJ_1992_0036_P_19940519,ACT_EU_INST_CJEU_JUDG_AG_UK_JAC
DOC_JUDG_CJ_1992_0037_19931012,ACT_EU_INST_CJEU_JUDG_AG_DE_LEN
DOC_JUDG_CJ_1992_0039_19931110,ACT_EU_INST_CJEU_JUDG_AG_DE_LEN
DOC_JUDG_CJ_1992_0040_19940324,ACT_EU_INST_CJEU_JUDG_AG_DK_GUL
DOC_JUDG_CJ_1992_0042_19930713,ACT_EU_INST_CJEU_JUDG_AG_DE_LEN
DOC_JUDG_CJ_1992_0045_19931209,ACT_EU_INST_CJEU_JUDG_AG_DK_GUL
DOC_JUDG_CJ_1992_0049_P_19990708,ACT_EU_INST_CJEU_JUDG_AG_EL_COS
DOC_JUDG_CJ_1992_0050_19930318,ACT_EU_INST_CJEU_JUDG_AG_DE_LEN
DOC_JUDG_CJ_1992_0051_P_19990708,ACT_EU_INST_CJEU_JUDG_AG_EL_COS
DOC_JUDG_CJ_1992_0052_19930526,ACT_EU_INST_CJEU_JUDG_AG_IT_TES
DOC_JUDG_CJ_1992_0053_P_19940302,ACT_EU_INST_CJEU_JUDG_AG_UK_JAC
DOC_JUDG_CJ_1992_0059_19930429,ACT_EU_INST_CJEU_JUDG_AG_FR_DAR
DOC_JUDG_CJ_1992_0060_19931110,ACT_EU_INST_CJEU_JUDG_AG_DK_GUL
DOC_JUDG_CJ_1992_0063_19931215,ACT_EU_INST_CJEU_JUDG_AG_FR_DAR
DOC_JUDG_CJ_1992_0065_19930422,ACT_EU_INST_CJEU_JUDG_AG_UK_JAC
DOC_JUDG_CJ_1992_0066_19930802,ACT_EU_INST_CJEU_JUDG_AG_DE_LEN
DOC_JUDG_CJ_1992_0068_19931117,ACT_EU_INST_CJEU_JUDG_AG_DK_GUL
DOC_JUDG_CJ_1992_0069_19931117,ACT_EU_INST_CJEU_JUDG_AG_DK_GUL
DOC_JUDG_CJ_1992_0071_19931117,ACT_EU_INST_CJEU_JUDG_AG_DK_GUL
DOC_JUDG_CJ_1992_0072_19931027,ACT_EU_INST_CJEU_JUDG_AG_IT_TES
DOC_JUDG_CJ_1992_0073_19931117,ACT_EU_INST_CJEU_JUDG_AG_DK_GUL
DOC_JUDG_CJ_1992_0075_19940707,ACT_EU_INST_CJEU_JUDG_AG_DE_LEN
DOC_JUDG_CJ_1992_0080_19940324,ACT_EU_INST_CJEU_JUDG_AG_IT_TES
DOC_JUDG_CJ_1992_0081_19930802,ACT_EU_INST_CJEU_JUDG_AG_IT_TES
DOC_JUDG_CJ_1992_0083_19931207,ACT_EU_INST_CJEU_JUDG_AG_DE_LEN
DOC_JUDG_CJ_1992_0087_19930802,ACT_EU_INST_CJEU_JUDG_AG_FR_DAR
DOC_JUDG_CJ_1992_0088_19930617,ACT_EU_INST_CJEU_JUDG_AG_FR_DAR
DOC_JUDG_CJ_1992_0090_19930624,ACT_EU_INST_CJEU_JUDG_AG_DK_GUL
DOC_JUDG_CJ_1992_0091_19940714,ACT_EU_INST_CJEU_JUDG_AG_DE_LEN
DOC_JUDG_CJ_1992_0092_19931020,ACT_EU_INST_CJEU_JUDG_AG_UK_JAC
DOC_JUDG_CJ_1992_0093_19931013,ACT_EU_INST_CJEU_JUDG_AG_BE_GER
DOC_JUDG_CJ_1992_0095_19930609,ACT_EU_INST_CJEU_JUDG_AG_BE_GER
DOC_JUDG_CJ_1992_0099_19940224,ACT_EU_INST_CJEU_JUDG_AG_DK_GUL
DOC_JUDG_CJ_1992_0100_19940224,ACT_EU_INST_CJEU_JUDG_AG_DK_GUL
DOC_JUDG_CJ_1992_0107_19930802,ACT_EU_INST_CJEU_JUDG_AG_DK_GUL
DOC_JUDG_CJ_1992_0108_19930701,ACT_EU_INST_CJEU_JUDG_AG_IT_TES
DOC_JUDG_CJ_1992_0109_19931207,ACT_EU_INST_CJEU_JUDG_AG_FR_DAR
DOC_JUDG_CJ_1992_0111_19930802,ACT_EU_INST_CJEU_JUDG_AG_UK_JAC
DOC_JUDG_CJ_1992_0113_19931215,ACT_EU_INST_CJEU_JUDG_AG_FR_DAR
DOC_JUDG_CJ_1992_0115_P_19931209,ACT_EU_INST_CJEU_JUDG_AG_DE_LEN
DOC_JUDG_CJ_1992_0116_19931215,ACT_EU_INST_CJEU_JUDG_AG_BE_GER
DOC_JUDG_CJ_1992_0118_19940518,ACT_EU_INST_CJEU_JUDG_AG_UK_JAC
DOC_JUDG_CJ_1992_0119_19940209,ACT_EU_INST_CJEU_JUDG_AG_FR_DAR
DOC_JUDG_CJ_1992_0120_19931216,ACT_EU_INST_CJEU_JUDG_AG_BE_GER
DOC_JUDG_CJ_1992_0121_19931013,ACT_EU_INST_CJEU_JUDG_AG_UK_JAC
DOC_JUDG_CJ_1992_0124_19931013,ACT_EU_INST_CJEU_JUDG_AG_DK_GUL
DOC_JUDG_CJ_1992_0125_19930713,ACT_EU_INST_CJEU_JUDG_AG_UK_JAC
DOC_JUDG_CJ_1992_0127_19931027,ACT_EU_INST_CJEU_JUDG_AG_DE_LEN
DOC_JUDG_CJ_1992_0128_19940413,ACT_EU_INST_CJEU_JUDG_AG_BE_GER
DOC_JUDG_CJ_1992_0129_19940120,ACT_EU_INST_CJEU_JUDG_AG_DE_LEN
DOC_JUDG_CJ_1992_0130_19940713,ACT_EU_INST_CJEU_JUDG_AG_DE_LEN
DOC_JUDG_CJ_1992_0132_19931109,ACT_EU_INST_CJEU_JUDG_AG_BE_GER
DOC_JUDG_CJ_1992_0134_19931117,ACT_EU_INST_CJEU_JUDG_AG_FR_DAR
DOC_JUDG_CJ_1992_0135_19940629,ACT_EU_INST_CJEU_JUDG_AG_FR_DAR
DOC_JUDG_CJ_1992_0136_P_19940601,ACT_EU_INST_CJEU_JUDG_AG_DE_LEN
DOC_JUDG_CJ_1992_0137_P_19940615,ACT_EU_INST_CJEU_JUDG_AG_BE_GER
DOC_JUDG_CJ_1992_0139_19930802,ACT_EU_INST_CJEU_JUDG_AG_DK_GUL
DOC_JUDG_CJ_1992_0154_19930701,ACT_EU_INST_CJEU_JUDG_AG_FR_DAR
DOC_JUDG_CJ_1992_0188_19940309,ACT_EU_INST_CJEU_JUDG_AG_UK_JAC
DOC_JUDG_CJ_1992_0189_19940127,ACT_EU_INST_CJEU_JUDG_AG_IT_TES
DOC_JUDG_CJ_1992_0193_19930218,ACT_EU_INST_CJEU_JUDG_AG_UK_JAC
DOC_JUDG_CJ_1992_0199_P_19990708,ACT_EU_INST_CJEU_JUDG_AG_EL_COS
DOC_JUDG_CJ_1992_0200_P_19990708,ACT_EU_INST_CJEU_JUDG_AG_EL_COS
DOC_JUDG_CJ_1992_0227_P_19990708,ACT_EU_INST_CJEU_JUDG_AG_EL_COS
DOC_JUDG_CJ_1992_0228_19940426,ACT_EU_INST_CJEU_JUDG_AG_FR_DAR
DOC_JUDG_CJ_1992_0234_P_19990708,ACT_EU_INST_CJEU_JUDG_AG_EL_COS
DOC_JUDG_CJ_1992_0235_P_19990708,ACT_EU_INST_CJEU_JUDG_AG_EL_COS
DOC_JUDG_CJ_1992_0236_19940223,ACT_EU_INST_CJEU_JUDG_AG_FR_DAR
DOC_JUDG_CJ_1992_0245_P_19990708,ACT_EU_INST_CJEU_JUDG_AG_EL_COS
DOC_JUDG_CJ_1992_0248_19930802,ACT_EU_INST_CJEU_JUDG_AG_DK_GUL
DOC_JUDG_CJ_1992_0249_19940920,ACT_EU_INST_CJEU_JUDG_AG_DE_LEN
DOC_JUDG_CJ_1992_0250_19941215,ACT_EU_INST_CJEU_JUDG_AG_IT_TES
DOC_JUDG_CJ_1992_0271_19930525,ACT_EU_INST_CJEU_JUDG_AG_IT_TES
DOC_JUDG_CJ_1992_0272_19931020,ACT_EU_INST_CJEU_JUDG_AG_UK_JAC
DOC_JUDG_CJ_1992_0275_19940324,ACT_EU_INST_CJEU_JUDG_AG_DK_GUL
DOC_JUDG_CJ_1992_0278_19940914,ACT_EU_INST_CJEU_JUDG_AG_UK_JAC
DOC_JUDG_CJ_1992_0285_19931117,ACT_EU_INST_CJEU_JUDG_AG_BE_GER
DOC_JUDG_CJ_1992_0287_19940127,ACT_EU_INST_CJEU_JUDG_AG_DE_LEN
DOC_JUDG_CJ_1992_0288_19940629,ACT_EU_INST_CJEU_JUDG_AG_DE_LEN
DOC_JUDG_CJ_1992_0291_19951004,ACT_EU_INST_CJEU_JUDG_AG_UK_JAC
DOC_JUDG_CJ_1992_0292_19931215,ACT_EU_INST_CJEU_JUDG_AG_IT_TES
DOC_JUDG_CJ_1992_0294_19940517,ACT_EU_INST_CJEU_JUDG_AG_FR_DAR
DOC_JUDG_CJ_1992_0296_19940112,ACT_EU_INST_CJEU_JUDG_AG_DK_GUL
DOC_JUDG_CJ_1992_0297_19931020,ACT_EU_INST_CJEU_JUDG_AG_UK_JAC
DOC_JUDG_CJ_1992_0303_19930802,ACT_EU_INST_CJEU_JUDG_AG_IT_TES
DOC_JUDG_CJ_1992_0304_19931222,ACT_EU_INST_CJEU_JUDG_AG_BE_GER
DOC_JUDG_CJ_1992_0305_19940428,ACT_EU_INST_CJEU_JUDG_AG_IT_TES
DOC_JUDG_CJ_1992_0313_19940602,ACT_EU_INST_CJEU_JUDG_AG_IT_TES
DOC_JUDG_CJ_1992_0315_19940202,ACT_EU_INST_CJEU_JUDG_AG_DK_GUL
DOC_JUDG_CJ_1992_0316_19930629,ACT_EU_INST_CJEU_JUDG_AG_IT_TES
DOC_JUDG_CJ_1992_0317_19940601,ACT_EU_INST_CJEU_JUDG_AG_FR_DAR
DOC_JUDG_CJ_1992_0319_19940209,ACT_EU_INST_CJEU_JUDG_AG_FR_DAR
DOC_JUDG_CJ_1992_0320_P_19941215,ACT_EU_INST_CJEU_JUDG_AG_FR_DAR
DOC_JUDG_CJ_1992_0327_19950518,ACT_EU_INST_CJEU_JUDG_AG_DK_GUL
DOC_JUDG_CJ_1992_0328_19940503,ACT_EU_INST_CJEU_JUDG_AG_DE_LEN
DOC_JUDG_CJ_1992_0331_19940419,ACT_EU_INST_CJEU_JUDG_AG_DE_LEN
DOC_JUDG_CJ_1992_0332_19940303,ACT_EU_INST_CJEU_JUDG_AG_FR_DAR
DOC_JUDG_CJ_1992_0334_19931216,ACT_EU_INST_CJEU_JUDG_AG_DE_LEN
DOC_JUDG_CJ_1992_0338_19931020,ACT_EU_INST_CJEU_JUDG_AG_BE_GER
DOC_JUDG_CJ_1992_0339_19931207,ACT_EU_INST_CJEU_JUDG_AG_IT_TES
DOC_JUDG_CJ_1992_0343_19940224,ACT_EU_INST_CJEU_JUDG_AG_FR_DAR
DOC_JUDG_CJ_1992_0345_19930323,ACT_EU_INST_CJEU_JUDG_AG_IT_TES
DOC_JUDG_CJ_1992_0350_19950713,ACT_EU_INST_CJEU_JUDG_AG_UK_JAC
DOC_JUDG_CJ_1992_0351_19940714,ACT_EU_INST_CJEU_JUDG_AG_BE_GER
DOC_JUDG_CJ_1992_0352_19940714,ACT_EU_INST_CJEU_JUDG_AG_BE_GER
DOC_JUDG_CJ_1992_0353_19940714,ACT_EU_INST_CJEU_JUDG_AG_UK_JAC
DOC_JUDG_CJ_1992_0354_P_19931222,ACT_EU_INST_CJEU_JUDG_AG_FR_DAR
DOC_JUDG_CJ_1992_0359_19940809,ACT_EU_INST_CJEU_JUDG_AG_UK_JAC
DOC_JUDG_CJ_1992_0360_P_19950117,ACT_EU_INST_CJEU_JUDG_AG_DE_LEN
DOC_JUDG_CJ_1992_0364_19940119,ACT_EU_INST_CJEU_JUDG_AG_IT_TES
DOC_JUDG_CJ_1992_0365_19931123,ACT_EU_INST_CJEU_JUDG_AG_FR_DAR
DOC_JUDG_CJ_1992_0368_19940224,ACT_EU_INST_CJEU_JUDG_AG_DK_GUL
DOC_JUDG_CJ_1992_0371_19940608,ACT_EU_INST_CJEU_JUDG_AG_BE_GER
DOC_JUDG_CJ_1992_0373_19930608,ACT_EU_INST_CJEU_JUDG_AG_DK_GUL
DOC_JUDG_CJ_1992_0374_19940201,ACT_EU_INST_CJEU_JUDG_AG_DK_GUL
DOC_JUDG_CJ_1992_0375_19940322,ACT_EU_INST_CJEU_JUDG_AG_DE_LEN
DOC_JUDG_CJ_1992_0376_19940113,ACT_EU_INST_CJEU_JUDG_AG_IT_TES
DOC_JUDG_CJ_1992_0377_19931005,ACT_EU_INST_CJEU_JUDG_AG_UK_JAC
DOC_JUDG_CJ_1992_0378_19931013,ACT_EU_INST_CJEU_JUDG_AG_FR_DAR
DOC_JUDG_CJ_1992_0379_19940714,ACT_EU_INST_CJEU_JUDG_AG_DE_LEN
DOC_JUDG_CJ_1992_0381_19940126,ACT_EU_INST_CJEU_JUDG_AG_IT_TES
DOC_JUDG_CJ_1992_0382_19940608,ACT_EU_INST_CJEU_JUDG_AG_BE_GER
DOC_JUDG_CJ_1992_0383_19940608,ACT_EU_INST_CJEU_JUDG_AG_BE_GER
DOC_JUDG_CJ_1992_0384_19931222,ACT_EU_INST_CJEU_JUDG_AG_DK_GUL
DOC_JUDG_CJ_1992_0385_19940714,ACT_EU_INST_CJEU_JUDG_AG_UK_JAC
DOC_JUDG_CJ_1992_0387_19940315,ACT_EU_INST_CJEU_JUDG_AG_DE_LEN
DOC_JUDG_CJ_1992_0388_19940601,ACT_EU_INST_CJEU_JUDG_AG_FR_DAR
DOC_JUDG_CJ_1992_0389_19940414,ACT_EU_INST_CJEU_JUDG_AG_DK_GUL
DOC_JUDG_CJ_1992_0391_19950629,ACT_EU_INST_CJEU_JUDG_AG_DE_LEN
DOC_JUDG_CJ_1992_0392_19940414,ACT_EU_INST_CJEU_JUDG_AG_BE_GER
DOC_JUDG_CJ_1992_0393_19940427,ACT_EU_INST_CJEU_JUDG_AG_FR_DAR
DOC_JUDG_CJ_1992_0394_19940609,ACT_EU_INST_CJEU_JUDG_AG_IT_TES
DOC_JUDG_CJ_1992_0396_19940809,ACT_EU_INST_CJEU_JUDG_AG_DK_GUL
DOC_JUDG_CJ_1992_0398_19940210,ACT_EU_INST_CJEU_JUDG_AG_IT_TES
DOC_JUDG_CJ_1992_0399_19941215,ACT_EU_INST_CJEU_JUDG_AG_FR_DAR
DOC_JUDG_CJ_1992_0400_19941005,ACT_EU_INST_CJEU_JUDG_AG_FR_DAR
DOC_JUDG_CJ_1992_0401_19940602,ACT_EU_INST_CJEU_JUDG_AG_BE_GER
DOC_JUDG_CJ_1992_0403_19940629,ACT_EU_INST_CJEU_JUDG_AG_UK_JAC
DOC_JUDG_CJ_1992_0404_P_19941005,ACT_EU_INST_CJEU_JUDG_AG_BE_GER
DOC_JUDG_CJ_1992_0405_19931124,ACT_EU_INST_CJEU_JUDG_AG_DK_GUL
DOC_JUDG_CJ_1992_0406_19941206,ACT_EU_INST_CJEU_JUDG_AG_IT_TES
DOC_JUDG_CJ_1992_0408_19940928,ACT_EU_INST_CJEU_JUDG_AG_BE_GER
DOC_JUDG_CJ_1992_0410_19941206,ACT_EU_INST_CJEU_JUDG_AG_DK_GUL
DOC_JUDG_CJ_1992_0411_19940705,ACT_EU_INST_CJEU_JUDG_AG_DK_GUL
DOC_JUDG_CJ_1992_0412_P_19940809,ACT_EU_INST_CJEU_JUDG_AG_FR_DAR
DOC_JUDG_CJ_1992_0413_19940809,ACT_EU_INST_CJEU_JUDG_AG_FR_DAR
DOC_JUDG_CJ_1992_0414_19940602,ACT_EU_INST_CJEU_JUDG_AG_DK_GUL
DOC_JUDG_CJ_1992_0416_19940517,ACT_EU_INST_CJEU_JUDG_AG_DE_LEN
DOC_JUDG_CJ_1992_0419_19940223,ACT_EU_INST_CJEU_JUDG_AG_UK_JAC
DOC_JUDG_CJ_1992_0420_19940707,ACT_EU_INST_CJEU_JUDG_AG_DE_LEN
DOC_JUDG_CJ_1992_0421_19940505,ACT_EU_INST_CJEU_JUDG_AG_IT_TES
DOC_JUDG_CJ_1992_0422_19950510,ACT_EU_INST_CJEU_JUDG_AG_UK_JAC
DOC_JUDG_CJ_1992_0426_19940622,ACT_EU_INST_CJEU_JUDG_AG_FR_DAR
DOC_JUDG_CJ_1992_0428_19940602,ACT_EU_INST_CJEU_JUDG_AG_DE_LEN
DOC_JUDG_CJ_1992_0430_19941026,ACT_EU_INST_CJEU_JUDG_AG_DK_GUL
DOC_JUDG_CJ_1992_0431_19950811,ACT_EU_INST_CJEU_JUDG_AG_DK_ELM
DOC_JUDG_CJ_1992_0432_19940705,ACT_EU_INST_CJEU_JUDG_AG_DK_GUL
DOC_JUDG_CJ_1992_0433_19940428,ACT_EU_INST_CJEU_JUDG_AG_FR_DAR
DOC_JUDG_CJ_1992_0435_19940119,ACT_EU_INST_CJEU_JUDG_AG_BE_GER
DOC_JUDG_CJ_1992_0438_19940714,ACT_EU_INST_CJEU_JUDG_AG_UK_JAC
DOC_JUDG_CJ_1993_0001_19940412,ACT_EU_INST_CJEU_JUDG_AG_DE_LEN
DOC_JUDG_CJ_1993_0002_19940602,ACT_EU_INST_CJEU_JUDG_AG_DE_LEN
DOC_JUDG_CJ_1993_0005_P_19990708,ACT_EU_INST_CJEU_JUDG_AG_EL_COS
DOC_JUDG_CJ_1993_0007_19940928,ACT_EU_INST_CJEU_JUDG_AG_UK_JAC
DOC_JUDG_CJ_1993_0009_19940622,ACT_EU_INST_CJEU_JUDG_AG_DK_GUL
DOC_JUDG_CJ_1993_0011_19940519,ACT_EU_INST_CJEU_JUDG_AG_UK_JAC
DOC_JUDG_CJ_1993_0012_19940920,ACT_EU_INST_CJEU_JUDG_AG_IT_TES
DOC_JUDG_CJ_1993_0013_19940203,ACT_EU_INST_CJEU_JUDG_AG_IT_TES
DOC_JUDG_CJ_1993_0016_19940303,ACT_EU_INST_CJEU_JUDG_AG_DE_LEN
DOC_JUDG_CJ_1993_0017_19940714,ACT_EU_INST_CJEU_JUDG_AG_FR_DAR
DOC_JUDG_CJ_1993_0018_19940517,ACT_EU_INST_CJEU_JUDG_AG_BE_GER
DOC_JUDG_CJ_1993_0019_P_19951019,ACT_EU_INST_CJEU_JUDG_AG_IT_TES
DOC_JUDG_CJ_1993_0020_19931116,ACT_EU_INST_CJEU_JUDG_AG_BE_GER
DOC_JUDG_CJ_1993_0022_P_19940421,ACT_EU_INST_CJEU_JUDG_AG_IT_TES
DOC_JUDG_CJ_1993_0023_19941005,ACT_EU_INST_CJEU_JUDG_AG_DE_LEN
DOC_JUDG_CJ_1993_0028_19940928,ACT_EU_INST_CJEU_JUDG_AG_BE_GER
DOC_JUDG_CJ_1993_0029_19940519,ACT_EU_INST_CJEU_JUDG_AG_DK_GUL
DOC_JUDG_CJ_1993_0030_19940602,ACT_EU_INST_CJEU_JUDG_AG_DE_LEN
DOC_JUDG_CJ_1993_0031_19931215,ACT_EU_INST_CJEU_JUDG_AG_DE_LEN
DOC_JUDG_CJ_1993_0032_19940714,ACT_EU_INST_CJEU_JUDG_AG_IT_TES
DOC_JUDG_CJ_1993_0033_19940602,ACT_EU_INST_CJEU_JUDG_AG_BE_GER
DOC_JUDG_CJ_1993_0035_19940616,ACT_EU_INST_CJEU_JUDG_AG_DK_GUL
DOC_JUDG_CJ_1993_0037_19931201,ACT_EU_INST_CJEU_JUDG_AG_DE_LEN
DOC_JUDG_CJ_1993_0038_19940505,ACT_EU_INST_CJEU_JUDG_AG_UK_JAC
DOC_JUDG_CJ_1993_0039_P_19940616,ACT_EU_INST_CJEU_JUDG_AG_DE_LEN
DOC_JUDG_CJ_1993_0040_19950601,ACT_EU_INST_CJEU_JUDG_AG_FR_LEGE
DOC_JUDG_CJ_1993_0041_19940517,ACT_EU_INST_CJEU_JUDG_AG_IT_TES
DOC_JUDG_CJ_1993_0042_19940914,ACT_EU_INST_CJEU_JUDG_AG_UK_JAC
DOC_JUDG_CJ_1993_0043_19940809,ACT_EU_INST_CJEU_JUDG_AG_IT_TES
DOC_JUDG_CJ_1993_0044_19940809,ACT_EU_INST_CJEU_JUDG_AG_DE_LEN
DOC_JUDG_CJ_1993_0045_19940315,ACT_EU_INST_CJEU_JUDG_AG_DK_GUL
DOC_JUDG_CJ_1993_0046_19960305,ACT_EU_INST_CJEU_JUDG_AG_IT_TES
DOC_JUDG_CJ_1993_0047_19940503,ACT_EU_INST_CJEU_JUDG_AG_DK_GUL
DOC_JUDG_CJ_1993_0051_19940809,ACT_EU_INST_CJEU_JUDG_AG_DK_GUL
DOC_JUDG_CJ_1993_0052_19940714,ACT_EU_INST_CJEU_JUDG_AG_BE_GER
DOC_JUDG_CJ_1993_0055_19941005,ACT_EU_INST_CJEU_JUDG_AG_UK_JAC
DOC_JUDG_CJ_1993_0056_19960229,ACT_EU_INST_CJEU_JUDG_AG_IE_FEN
DOC_JUDG_CJ_1993_0057_19940928,ACT_EU_INST_CJEU_JUDG_AG_BE_GER
DOC_JUDG_CJ_1993_0058_19940420,ACT_EU_INST_CJEU_JUDG_AG_IT_TES
DOC_JUDG_CJ_1993_0060_19940629,ACT_EU_INST_CJEU_JUDG_AG_DE_LEN
DOC_JUDG_CJ_1993_0061_19940714,ACT_EU_INST_CJEU_JUDG_AG_BE_GER
DOC_JUDG_CJ_1993_0062_19950706,ACT_EU_INST_CJEU_JUDG_AG_UK_JAC
DOC_JUDG_CJ_1993_0063_19960215,ACT_EU_INST_CJEU_JUDG_AG_EL_COS
DOC_JUDG_CJ_1993_0065_19950330,ACT_EU_INST_CJEU_JUDG_AG_IT_TES
DOC_JUDG_CJ_1993_0068_19950307,ACT_EU_INST_CJEU_JUDG_AG_FR_LEGE
DOC_JUDG_CJ_1993_0069_19940602,ACT_EU_INST_CJEU_JUDG_AG_BE_GER
DOC_JUDG_CJ_1993_0070_19951024,ACT_EU_INST_CJEU_JUDG_AG_IT_TES
DOC_JUDG_CJ_1993_0071_19940324,ACT_EU_INST_CJEU_JUDG_AG_DK_GUL
DOC_JUDG_CJ_1993_0076_P_19941020,ACT_EU_INST_CJEU_JUDG_AG_UK_JAC
DOC_JUDG_CJ_1993_0128_19940928,ACT_EU_INST_CJEU_JUDG_AG_BE_GER
DOC_JUDG_CJ_1993_0130_19940707,ACT_EU_INST_CJEU_JUDG_AG_IT_TES
DOC_JUDG_CJ_1993_0131_19940713,ACT_EU_INST_CJEU_JUDG_AG_BE_GER
DOC_JUDG_CJ_1993_0132_19940616,ACT_EU_INST_CJEU_JUDG_AG_FR_DAR
DOC_JUDG_CJ_1993_0133_19941005,ACT_EU_INST_CJEU_JUDG_AG_UK_JAC
DOC_JUDG_CJ_1993_0135_19950629,ACT_EU_INST_CJEU_JUDG_AG_DE_LEN
DOC_JUDG_CJ_1993_0136_19941215,ACT_EU_INST_CJEU_JUDG_AG_BE_GER
DOC_JUDG_CJ_1993_0143_19960213,ACT_EU_INST_CJEU_JUDG_AG_DK_ELM
DOC_JUDG_CJ_1993_0144_19940928,ACT_EU_INST_CJEU_JUDG_AG_BE_GER
DOC_JUDG_CJ_1993_0146_19940707,ACT_EU_INST_CJEU_JUDG_AG_DE_LEN
DOC_JUDG_CJ_1993_0148_19940324,ACT_EU_INST_CJEU_JUDG_AG_FR_DAR
DOC_JUDG_CJ_1993_0150_19940412,ACT_EU_INST_CJEU_JUDG_AG_IT_TES
DOC_JUDG_CJ_1993_0151_19941005,ACT_EU_INST_CJEU_JUDG_AG_DE_LEN
DOC_JUDG_CJ_1993_0153_19940609,ACT_EU_INST_CJEU_JUDG_AG_FR_DAR
DOC_JUDG_CJ_1993_0154_19940209,ACT_EU_INST_CJEU_JUDG_AG_FR_DAR
DOC_JUDG_CJ_1993_0156_19950713,ACT_EU_INST_CJEU_JUDG_AG_UK_JAC
DOC_JUDG_CJ_1993_0186_19940714,ACT_EU_INST_CJEU_JUDG_AG_BE_GER
DOC_JUDG_CJ_1993_0187_19940628,ACT_EU_INST_CJEU_JUDG_AG_UK_JAC
DOC_JUDG_CJ_1993_0255_19941005,ACT_EU_INST_CJEU_JUDG_AG_DE_LEN
DOC_JUDG_CJ_1993_0260_19940503,ACT_EU_INST_CJEU_JUDG_AG_IT_TES
DOC_JUDG_CJ_1993_0266_19951024,ACT_EU_INST_CJEU_JUDG_AG_IT_TES
DOC_JUDG_CJ_1993_0268_19940323,ACT_EU_INST_CJEU_JUDG_AG_FR_DAR
DOC_JUDG_CJ_1993_0274_19960425,ACT_EU_INST_CJEU_JUDG_AG_UK_JAC
DOC_JUDG_CJ_1993_0277_19941206,ACT_EU_INST_CJEU_JUDG_AG_IT_TES
DOC_JUDG_CJ_1993_0278_19960307,ACT_EU_INST_CJEU_JUDG_AG_FR_DAR
DOC_JUDG_CJ_1993_0279_19950214,ACT_EU_INST_CJEU_JUDG_AG_FR_LEGE
DOC_JUDG_CJ_1993_0280_19941005,ACT_EU_INST_CJEU_JUDG_AG_DK_GUL
DOC_JUDG_CJ_1993_0285_19951123,ACT_EU_INST_CJEU_JUDG_AG_EL_COS
DOC_JUDG_CJ_1993_0289_19940223,ACT_EU_INST_CJEU_JUDG_AG_DE_LEN
DOC_JUDG_CJ_1993_0291_19940309,ACT_EU_INST_CJEU_JUDG_AG_DE_LEN
DOC_JUDG_CJ_1993_0292_19940609,ACT_EU_INST_CJEU_JUDG_AG_FR_DAR
DOC_JUDG_CJ_1993_0293_19940915,ACT_EU_INST_CJEU_JUDG_AG_DK_GUL
DOC_JUDG_CJ_1993_0296_19960229,ACT_EU_INST_CJEU_JUDG_AG_DE_LEN
DOC_JUDG_CJ_1993_0297_19941213,ACT_EU_INST_CJEU_JUDG_AG_UK_JAC
DOC_JUDG_CJ_1993_0298_P_19940629,ACT_EU_INST_CJEU_JUDG_AG_DK_GUL
DOC_JUDG_CJ_1993_0299_19950406,ACT_EU_INST_CJEU_JUDG_AG_EL_COS
DOC_JUDG_CJ_1993_0301_19940922,ACT_EU_INST_CJEU_JUDG_AG_UK_JAC
DOC_JUDG_CJ_1993_0302_19960926,ACT_EU_INST_CJEU_JUDG_AG_IT_TES
DOC_JUDG_CJ_1993_0303_19940518,ACT_EU_INST_CJEU_JUDG_AG_UK_JAC
DOC_JUDG_CJ_1993_0306_19941213,ACT_EU_INST_CJEU_JUDG_AG_DK_GUL
DOC_JUDG_CJ_1993_0308_19960430,ACT_EU_INST_CJEU_JUDG_AG_IT_TES
DOC_JUDG_CJ_1993_0310_P_19950406,ACT_EU_INST_CJEU_JUDG_AG_FR_LEGE
DOC_JUDG_CJ_1993_0312_19951214,ACT_EU_INST_CJEU_JUDG_AG_UK_JAC
DOC_JUDG_CJ_1993_0313_19940413,ACT_EU_INST_CJEU_JUDG_AG_BE_GER
DOC_JUDG_CJ_1993_0314_19940712,ACT_EU_INST_CJEU_JUDG_AG_IT_TES
DOC_JUDG_CJ_1993_0315_19950406,ACT_EU_INST_CJEU_JUDG_AG_IT_TES
DOC_JUDG_CJ_1993_0316_19940303,ACT_EU_INST_CJEU_JUDG_AG_UK_JAC
DOC_JUDG_CJ_1993_0317_19951214,ACT_EU_INST_CJEU_JUDG_AG_FR_LEGE
DOC_JUDG_CJ_1993_0318_19940915,ACT_EU_INST_CJEU_JUDG_AG_FR_DAR
DOC_JUDG_CJ_1993_0319_19951212,ACT_EU_INST_CJEU_JUDG_AG_IT_TES
DOC_JUDG_CJ_1993_0320_19941110,ACT_EU_INST_CJEU_JUDG_AG_DK_GUL
DOC_JUDG_CJ_1993_0321_19951005,ACT_EU_INST_CJEU_JUDG_AG_DK_ELM
DOC_JUDG_CJ_1993_0322_P_19940616,ACT_EU_INST_CJEU_JUDG_AG_DE_LEN
DOC_JUDG_CJ_1993_0323_19941005,ACT_EU_INST_CJEU_JUDG_AG_DK_GUL
DOC_JUDG_CJ_1993_0324_19950328,ACT_EU_INST_CJEU_JUDG_AG_DE_LEN
DOC_JUDG_CJ_1993_0325_19950406,ACT_EU_INST_CJEU_JUDG_AG_BE_GER
DOC_JUDG_CJ_1993_0329_19961024,ACT_EU_INST_CJEU_JUDG_AG_EL_COS
DOC_JUDG_CJ_1993_0334_19950223,ACT_EU_INST_CJEU_JUDG_AG_DE_LEN
DOC_JUDG_CJ_1993_0336_19940223,ACT_EU_INST_CJEU_JUDG_AG_DE_LEN
DOC_JUDG_CJ_1993_0340_19940809,ACT_EU_INST_CJEU_JUDG_AG_DK_GUL
DOC_JUDG_CJ_1993_0341_19950713,ACT_EU_INST_CJEU_JUDG_AG_FR_LEGE
DOC_JUDG_CJ_1993_0342_19960213,ACT_EU_INST_CJEU_JUDG_AG_FR_LEGE
DOC_JUDG_CJ_1993_0345_19950309,ACT_EU_INST_CJEU_JUDG_AG_UK_JAC
DOC_JUDG_CJ_1993_0346_19950328,ACT_EU_INST_CJEU_JUDG_AG_IT_TES
DOC_JUDG_CJ_1993_0347_19940809,ACT_EU_INST_CJEU_JUDG_AG_DK_GUL
DOC_JUDG_CJ_1993_0348_19950404,ACT_EU_INST_CJEU_JUDG_AG_UK_JAC
DOC_JUDG_CJ_1993_0349_19950223,ACT_EU_INST_CJEU_JUDG_AG_UK_JAC
DOC_JUDG_CJ_1993_0350_19950404,ACT_EU_INST_CJEU_JUDG_AG_UK_JAC
DOC_JUDG_CJ_1993_0351_19950119,ACT_EU_INST_CJEU_JUDG_AG_BE_GER
DOC_JUDG_CJ_1993_0355_19941005,ACT_EU_INST_CJEU_JUDG_AG_FR_DAR
DOC_JUDG_CJ_1993_0356_19940602,ACT_EU_INST_CJEU_JUDG_AG_BE_GER
DOC_JUDG_CJ_1993_0358_19950223,ACT_EU_INST_CJEU_JUDG_AG_IT_TES
DOC_JUDG_CJ_1993_0359_19950124,ACT_EU_INST_CJEU_JUDG_AG_IT_TES
DOC_JUDG_CJ_1993_0360_19960307,ACT_EU_INST_CJEU_JUDG_AG_IT_TES
DOC_JUDG_CJ_1993_0363_19940809,ACT_EU_INST_CJEU_JUDG_AG_IT_TES
DOC_JUDG_CJ_1993_0364_19950919,ACT_EU_INST_CJEU_JUDG_AG_FR_LEGE
DOC_JUDG_CJ_1993_0365_19950323,ACT_EU_INST_CJEU_JUDG_AG_DE_LEN
DOC_JUDG_CJ_1993_0367_19950811,ACT_EU_INST_CJEU_JUDG_AG_IT_TES
DOC_JUDG_CJ_1993_0381_19941005,ACT_EU_INST_CJEU_JUDG_AG_DE_LEN
DOC_JUDG_CJ_1993_0384_19950510,ACT_EU_INST_CJEU_JUDG_AG_UK_JAC
DOC_JUDG_CJ_1993_0387_19951214,ACT_EU_INST_CJEU_JUDG_AG_DK_ELM
DOC_JUDG_CJ_1993_0389_19950608,ACT_EU_INST_CJEU_JUDG_AG_DK_ELM
DOC_JUDG_CJ_1993_0391_19950713,ACT_EU_INST_CJEU_JUDG_AG_UK_JAC
DOC_JUDG_CJ_1993_0392_19960326,ACT_EU_INST_CJEU_JUDG_AG_IT_TES
DOC_JUDG_CJ_1993_0393_19940809,ACT_EU_INST_CJEU_JUDG_AG_FR_DAR
DOC_JUDG_CJ_1993_0394_19951123,ACT_EU_INST_CJEU_JUDG_AG_FR_LEGE
DOC_JUDG_CJ_1993_0395_19940809,ACT_EU_INST_CJEU_JUDG_AG_UK_JAC
DOC_JUDG_CJ_1993_0396_P_19950914,ACT_EU_INST_CJEU_JUDG_AG_IT_PERG
DOC_JUDG_CJ_1993_0398_P_19940809,ACT_EU_INST_CJEU_JUDG_AG_IT_TES
DOC_JUDG_CJ_1993_0399_19951212,ACT_EU_INST_CJEU_JUDG_AG_IT_TES
DOC_JUDG_CJ_1993_0400_19950531,ACT_EU_INST_CJEU_JUDG_AG_FR_LEGE
DOC_JUDG_CJ_1993_0401_19941213,ACT_EU_INST_CJEU_JUDG_AG_UK_JAC
DOC_JUDG_CJ_1993_0406_19940809,ACT_EU_INST_CJEU_JUDG_AG_UK_JAC
DOC_JUDG_CJ_1993_0412_19950209,ACT_EU_INST_CJEU_JUDG_AG_UK_JAC
DOC_JUDG_CJ_1993_0414_19950601,ACT_EU_INST_CJEU_JUDG_AG_UK_JAC
DOC_JUDG_CJ_1993_0415_19951215,ACT_EU_INST_CJEU_JUDG_AG_DE_LEN
DOC_JUDG_CJ_1993_0417_19950510,ACT_EU_INST_CJEU_JUDG_AG_FR_LEGE
DOC_JUDG_CJ_1993_0418_19960620,ACT_EU_INST_CJEU_JUDG_AG_EL_COS
DOC_JUDG_CJ_1993_0422_19950615,ACT_EU_INST_CJEU_JUDG_AG_DK_ELM
DOC_JUDG_CJ_1993_0425_19950216,ACT_EU_INST_CJEU_JUDG_AG_DE_LEN
DOC_JUDG_CJ_1993_0426_19951109,ACT_EU_INST_CJEU_JUDG_AG_UK_JAC
DOC_JUDG_CJ_1993_0427_19960711,ACT_EU_INST_CJEU_JUDG_AG_UK_JAC
DOC_JUDG_CJ_1993_0430_19951214,ACT_EU_INST_CJEU_JUDG_AG_UK_JAC
DOC_JUDG_CJ_1993_0432_19950811,ACT_EU_INST_CJEU_JUDG_AG_FR_LEGE
DOC_JUDG_CJ_1993_0433_19950811,ACT_EU_INST_CJEU_JUDG_AG_DK_ELM
DOC_JUDG_CJ_1993_0434_19950606,ACT_EU_INST_CJEU_JUDG_AG_DK_ELM
DOC_JUDG_CJ_1993_0435_19961024,ACT_EU_INST_CJEU_JUDG_AG_EL_COS
DOC_JUDG_CJ_1993_0437_19950629,ACT_EU_INST_CJEU_JUDG_AG_IT_TES
DOC_JUDG_CJ_1993_0439_19950406,ACT_EU_INST_CJEU_JUDG_AG_DK_ELM
DOC_JUDG_CJ_1993_0440_19951005,ACT_EU_INST_CJEU_JUDG_AG_FR_LEGE
DOC_JUDG_CJ_1993_0441_19960312,ACT_EU_INST_CJEU_JUDG_AG_IT_TES
DOC_JUDG_CJ_1993_0443_19951122,ACT_EU_INST_CJEU_JUDG_AG_ES_RUI_JAR_COL
DOC_JUDG_CJ_1993_0444_19951214,ACT_EU_INST_CJEU_JUDG_AG_FR_LEGE
DOC_JUDG_CJ_1993_0446_19960118,ACT_EU_INST_CJEU_JUDG_AG_EL_COS
DOC_JUDG_CJ_1993_0447_19940809,ACT_EU_INST_CJEU_JUDG_AG_FR_DAR
DOC_JUDG_CJ_1993_0448_P_19950811,ACT_EU_INST_CJEU_JUDG_AG_FR_LEGE
DOC_JUDG_CJ_1993_0449_19951207,ACT_EU_INST_CJEU_JUDG_AG_EL_COS
DOC_JUDG_CJ_1993_0450_19951017,ACT_EU_INST_CJEU_JUDG_AG_IT_TES
DOC_JUDG_CJ_1993_0451_19950608,ACT_EU_INST_CJEU_JUDG_AG_UK_JAC
DOC_JUDG_CJ_1993_0452_P_19940915,ACT_EU_INST_CJEU_JUDG_AG_IT_TES
DOC_JUDG_CJ_1993_0453_19950811,ACT_EU_INST_CJEU_JUDG_AG_EL_COS
DOC_JUDG_CJ_1993_0454_19950629,ACT_EU_INST_CJEU_JUDG_AG_EL_COS
DOC_JUDG_CJ_1993_0456_19950629,ACT_EU_INST_CJEU_JUDG_AG_FR_LEGE
DOC_JUDG_CJ_1993_0457_19960206,ACT_EU_INST_CJEU_JUDG_AG_UK_JAC
DOC_JUDG_CJ_1993_0459_19950601,ACT_EU_INST_CJEU_JUDG_AG_EL_COS
DOC_JUDG_CJ_1993_0463_19970123,ACT_EU_INST_CJEU_JUDG_AG_ES_RUI_JAR_COL
DOC_JUDG_CJ_1993_0465_19951109,ACT_EU_INST_CJEU_JUDG_AG_DK_ELM
DOC_JUDG_CJ_1993_0466_19951109,ACT_EU_INST_CJEU_JUDG_AG_DK_ELM
DOC_JUDG_CJ_1993_0467_19950601,ACT_EU_INST_CJEU_JUDG_AG_IT_TES
DOC_JUDG_CJ_1993_0468_19960328,ACT_EU_INST_CJEU_JUDG_AG_IE_FEN
DOC_JUDG_CJ_1993_0469_19951212,ACT_EU_INST_CJEU_JUDG_AG_DE_LEN
DOC_JUDG_CJ_1993_0470_19950706,ACT_EU_INST_CJEU_JUDG_AG_FR_LEGE
DOC_JUDG_CJ_1993_0472_19951207,ACT_EU_INST_CJEU_JUDG_AG_EL_COS
DOC_JUDG_CJ_1993_0473_19960702,ACT_EU_INST_CJEU_JUDG_AG_FR_LEGE
DOC_JUDG_CJ_1993_0474_19950713,ACT_EU_INST_CJEU_JUDG_AG_UK_JAC
DOC_JUDG_CJ_1993_0475_19951109,ACT_EU_INST_CJEU_JUDG_AG_EL_COS
DOC_JUDG_CJ_1993_0476_P_19951123,ACT_EU_INST_CJEU_JUDG_AG_ES_RUI_JAR_COL
DOC_JUDG_CJ_1993_0478_19951017,ACT_EU_INST_CJEU_JUDG_AG_DK_ELM
DOC_JUDG_CJ_1993_0479_19951109,ACT_EU_INST_CJEU_JUDG_AG_EL_COS
DOC_JUDG_CJ_1993_0480_P_19960111,ACT_EU_INST_CJEU_JUDG_AG_DE_LEN
DOC_JUDG_CJ_1993_0481_19951026,ACT_EU_INST_CJEU_JUDG_AG_IT_PERG
DOC_JUDG_CJ_1993_0482_19951026,ACT_EU_INST_CJEU_JUDG_AG_IT_PERG
DOC_JUDG_CJ_1993_0484_19951114,ACT_EU_INST_CJEU_JUDG_AG_DK_ELM
DOC_JUDG_CJ_1993_0485_19950914,ACT_EU_INST_CJEU_JUDG_AG_IT_TES
DOC_JUDG_CJ_1994_0001_19950811,ACT_EU_INST_CJEU_JUDG_AG_FR_LEGE
DOC_JUDG_CJ_1994_0002_19960611,ACT_EU_INST_CJEU_JUDG_AG_UK_JAC
DOC_JUDG_CJ_1994_0004_19950406,ACT_EU_INST_CJEU_JUDG_AG_DE_LEN
DOC_JUDG_CJ_1994_0005_19960523,ACT_EU_INST_CJEU_JUDG_AG_FR_LEGE
DOC_JUDG_CJ_1994_0007_19950504,ACT_EU_INST_CJEU_JUDG_AG_IT_TES
DOC_JUDG_CJ_1994_0008_19960208,ACT_EU_INST_CJEU_JUDG_AG_DE_LEN
DOC_JUDG_CJ_1994_0012_19950811,ACT_EU_INST_CJEU_JUDG_AG_DK_ELM
DOC_JUDG_CJ_1994_0013_19960430,ACT_EU_INST_CJEU_JUDG_AG_IT_TES
DOC_JUDG_CJ_1994_0016_19950811,ACT_EU_INST_CJEU_JUDG_AG_IT_PERG
DOC_JUDG_CJ_1994_0017_19951207,ACT_EU_INST_CJEU_JUDG_AG_DK_ELM
DOC_JUDG_CJ_1994_0018_19960502,ACT_EU_INST_CJEU_JUDG_AG_IE_FEN
DOC_JUDG_CJ_1994_0019_19950504,ACT_EU_INST_CJEU_JUDG_AG_DK_ELM
DOC_JUDG_CJ_1994_0021_19950705,ACT_EU_INST_CJEU_JUDG_AG_FR_LEGE
DOC_JUDG_CJ_1994_0022_19970415,ACT_EU_INST_CJEU_JUDG_AG_ES_RUI_JAR_COL
DOC_JUDG_CJ_1994_0025_19960319,ACT_EU_INST_CJEU_JUDG_AG_UK_JAC
DOC_JUDG_CJ_1994_0027_19981001,ACT_EU_INST_CJEU_JUDG_AG_DE_ALB
DOC_JUDG_CJ_1994_0028_19990422,ACT_EU_INST_CJEU_JUDG_AG_DE_ALB
DOC_JUDG_CJ_1994_0029_19950216,ACT_EU_INST_CJEU_JUDG_AG_DE_LEN
DOC_JUDG_CJ_1994_0036_19951026,ACT_EU_INST_CJEU_JUDG_AG_DK_ELM
DOC_JUDG_CJ_1994_0038_19951109,ACT_EU_INST_CJEU_JUDG_AG_EL_COS
DOC_JUDG_CJ_1994_0039_19960711,ACT_EU_INST_CJEU_JUDG_AG_UK_JAC
DOC_JUDG_CJ_1994_0041_19961003,ACT_EU_INST_CJEU_JUDG_AG_IT_PERG
DOC_JUDG_CJ_1994_0042_19950601,ACT_EU_INST_CJEU_JUDG_AG_FR_LEGE
DOC_JUDG_CJ_1994_0043_P_19950811,ACT_EU_INST_CJEU_JUDG_AG_FR_LEGE
DOC_JUDG_CJ_1994_0044_19951017,ACT_EU_INST_CJEU_JUDG_AG_IT_TES
DOC_JUDG_CJ_1994_0045_19951207,ACT_EU_INST_CJEU_JUDG_AG_IT_TES
DOC_JUDG_CJ_1994_0046_19950705,ACT_EU_INST_CJEU_JUDG_AG_DK_ELM
DOC_JUDG_CJ_1994_0048_19950919,ACT_EU_INST_CJEU_JUDG_AG_EL_COS
DOC_JUDG_CJ_1994_0049_19950914,ACT_EU_INST_CJEU_JUDG_AG_ES_RUI_JAR_COL
DOC_JUDG_CJ_1994_0050_19960704,ACT_EU_INST_CJEU_JUDG_AG_IE_FEN
DOC_JUDG_CJ_1994_0051_19951026,ACT_EU_INST_CJEU_JUDG_AG_UK_JAC
DOC_JUDG_CJ_1994_0054_19950223,ACT_EU_INST_CJEU_JUDG_AG_DE_LEN
DOC_JUDG_CJ_1994_0055_19951130,ACT_EU_INST_CJEU_JUDG_AG_FR_LEGE
DOC_JUDG_CJ_1994_0056_19950629,ACT_EU_INST_CJEU_JUDG_AG_ES_RUI_JAR_COL
DOC_JUDG_CJ_1994_0057_19950518,ACT_EU_INST_CJEU_JUDG_AG_DK_ELM
DOC_JUDG_CJ_1994_0058_19960430,ACT_EU_INST_CJEU_JUDG_AG_IT_TES
DOC_JUDG_CJ_1994_0059_19951017,ACT_EU_INST_CJEU_JUDG_AG_UK_JAC
DOC_JUDG_CJ_1994_0061_19960910,ACT_EU_INST_CJEU_JUDG_AG_IT_TES
DOC_JUDG_CJ_1994_0063_19950811,ACT_EU_INST_CJEU_JUDG_AG_EL_COS
DOC_JUDG_CJ_1994_0065_19940928,ACT_EU_INST_CJEU_JUDG_AG_FR_DAR
DOC_JUDG_CJ_1994_0066_19950119,ACT_EU_INST_CJEU_JUDG_AG_FR_LEGE
DOC_JUDG_CJ_1994_0068_19980331,ACT_EU_INST_CJEU_JUDG_AG_IT_TES
DOC_JUDG_CJ_1994_0069_19970529,ACT_EU_INST_CJEU_JUDG_AG_IT_TES
DOC_JUDG_CJ_1994_0070_19951017,ACT_EU_INST_CJEU_JUDG_AG_UK_JAC
DOC_JUDG_CJ_1994_0071_19960711,ACT_EU_INST_CJEU_JUDG_AG_UK_JAC
DOC_JUDG_CJ_1994_0079_19950504,ACT_EU_INST_CJEU_JUDG_AG_DE_LEN
DOC_JUDG_CJ_1994_0080_19950811,ACT_EU_INST_CJEU_JUDG_AG_FR_LEGE
DOC_JUDG_CJ_1994_0083_19951017,ACT_EU_INST_CJEU_JUDG_AG_UK_JAC
DOC_JUDG_CJ_1994_0084_19961112,ACT_EU_INST_CJEU_JUDG_AG_FR_LEGE
DOC_JUDG_CJ_1994_0085_19951012,ACT_EU_INST_CJEU_JUDG_AG_EL_COS
DOC_JUDG_CJ_1994_0086_19961024,ACT_EU_INST_CJEU_JUDG_AG_UK_JAC
DOC_JUDG_CJ_1994_0087_19960425,ACT_EU_INST_CJEU_JUDG_AG_DE_LEN
DOC_JUDG_CJ_1994_0090_19970717,ACT_EU_INST_CJEU_JUDG_AG_UK_JAC
DOC_JUDG_CJ_1994_0091_19951109,ACT_EU_INST_CJEU_JUDG_AG_IT_TES
DOC_JUDG_CJ_1994_0092_19950811,ACT_EU_INST_CJEU_JUDG_AG_DE_LEN
DOC_JUDG_CJ_1994_0093_19950117,ACT_EU_INST_CJEU_JUDG_AG_IT_TES
DOC_JUDG_CJ_1994_0094_19941215,ACT_EU_INST_CJEU_JUDG_AG_FR_LEGE
DOC_JUDG_CJ_1994_0096_19951005,ACT_EU_INST_CJEU_JUDG_AG_FR_LEGE
DOC_JUDG_CJ_1994_0098_19950811,ACT_EU_INST_CJEU_JUDG_AG_DE_LEN
DOC_JUDG_CJ_1994_0099_19960328,ACT_EU_INST_CJEU_JUDG_AG_IE_FEN
DOC_JUDG_CJ_1994_0101_19960606,ACT_EU_INST_CJEU_JUDG_AG_DE_LEN
DOC_JUDG_CJ_1994_0103_19950405,ACT_EU_INST_CJEU_JUDG_AG_IT_TES
DOC_JUDG_CJ_1994_0104_19951012,ACT_EU_INST_CJEU_JUDG_AG_DE_LEN
DOC_JUDG_CJ_1994_0105_19970605,ACT_EU_INST_CJEU_JUDG_AG_IE_FEN
DOC_JUDG_CJ_1994_0106_19951214,ACT_EU_INST_CJEU_JUDG_AG_DK_ELM
DOC_JUDG_CJ_1994_0107_19960627,ACT_EU_INST_CJEU_JUDG_AG_FR_LEGE
DOC_JUDG_CJ_1994_0109_19950629,ACT_EU_INST_CJEU_JUDG_AG_DE_LEN
DOC_JUDG_CJ_1994_0110_19960229,ACT_EU_INST_CJEU_JUDG_AG_DE_LEN
DOC_JUDG_CJ_1994_0111_19951019,ACT_EU_INST_CJEU_JUDG_AG_DK_ELM
DOC_JUDG_CJ_1994_0113_19951130,ACT_EU_INST_CJEU_JUDG_AG_UK_JAC
DOC_JUDG_CJ_1994_0114_19970220,ACT_EU_INST_CJEU_JUDG_AG_EL_COS
DOC_JUDG_CJ_1994_0116_19950713,ACT_EU_INST_CJEU_JUDG_AG_DE_LEN
DOC_JUDG_CJ_1994_0118_19960307,ACT_EU_INST_CJEU_JUDG_AG_IE_FEN
DOC_JUDG_CJ_1994_0119_P_19950601,ACT_EU_INST_CJEU_JUDG_AG_UK_JAC
DOC_JUDG_CJ_1994_0122_19960229,ACT_EU_INST_CJEU_JUDG_AG_EL_COS
DOC_JUDG_CJ_1994_0123_19950601,ACT_EU_INST_CJEU_JUDG_AG_DK_ELM
DOC_JUDG_CJ_1994_0125_19951005,ACT_EU_INST_CJEU_JUDG_AG_ES_RUI_JAR_COL
DOC_JUDG_CJ_1994_0126_19961107,ACT_EU_INST_CJEU_JUDG_AG_IT_TES
DOC_JUDG_CJ_1994_0127_19960606,ACT_EU_INST_CJEU_JUDG_AG_FR_LEGE
DOC_JUDG_CJ_1994_0128_19951019,ACT_EU_INST_CJEU_JUDG_AG_FR_LEGE
DOC_JUDG_CJ_1994_0129_19960328,ACT_EU_INST_CJEU_JUDG_AG_DE_LEN
DOC_JUDG_CJ_1994_0132_19951214,ACT_EU_INST_CJEU_JUDG_AG_DE_LEN
DOC_JUDG_CJ_1994_0133_19960502,ACT_EU_INST_CJEU_JUDG_AG_FR_LEGE
DOC_JUDG_CJ_1994_0134_19951130,ACT_EU_INST_CJEU_JUDG_AG_EL_COS
DOC_JUDG_CJ_1994_0135_19950629,ACT_EU_INST_CJEU_JUDG_AG_DK_ELM
DOC_JUDG_CJ_1994_0137_19951019,ACT_EU_INST_CJEU_JUDG_AG_DK_ELM
DOC_JUDG_CJ_1994_0138_19951214,ACT_EU_INST_CJEU_JUDG_AG_DE_LEN
DOC_JUDG_CJ_1994_0140_19951017,ACT_EU_INST_CJEU_JUDG_AG_IE_FEN
DOC_JUDG_CJ_1994_0143_19951026,ACT_EU_INST_CJEU_JUDG_AG_DE_LEN
DOC_JUDG_CJ_1994_0144_19951026,ACT_EU_INST_CJEU_JUDG_AG_UK_JAC
DOC_JUDG_CJ_1994_0147_19950406,ACT_EU_INST_CJEU_JUDG_AG_UK_JAC
DOC_JUDG_CJ_1994_0149_19960208,ACT_EU_INST_CJEU_JUDG_AG_IE_FEN
DOC_JUDG_CJ_1994_0150_19981119,ACT_EU_INST_CJEU_JUDG_AG_FR_LEGE
DOC_JUDG_CJ_1994_0151_19951026,ACT_EU_INST_CJEU_JUDG_AG_UK_JAC
DOC_JUDG_CJ_1994_0152_19951116,ACT_EU_INST_CJEU_JUDG_AG_DK_ELM
DOC_JUDG_CJ_1994_0153_19960514,ACT_EU_INST_CJEU_JUDG_AG_FR_LEGE
DOC_JUDG_CJ_1994_0155_19960620,ACT_EU_INST_CJEU_JUDG_AG_DE_LEN
DOC_JUDG_CJ_1994_0157_19971023,ACT_EU_INST_CJEU_JUDG_AG_EL_COS
DOC_JUDG_CJ_1994_0158_19971023,ACT_EU_INST_CJEU_JUDG_AG_EL_COS
DOC_JUDG_CJ_1994_0159_19971023,ACT_EU_INST_CJEU_JUDG_AG_EL_COS
DOC_JUDG_CJ_1994_0160_19971023,ACT_EU_INST_CJEU_JUDG_AG_EL_COS
DOC_JUDG_CJ_1994_0161_19951214,ACT_EU_INST_CJEU_JUDG_AG_DE_LEN
DOC_JUDG_CJ_1994_0162_19951214,ACT_EU_INST_CJEU_JUDG_AG_DE_LEN
DOC_JUDG_CJ_1994_0163_19951214,ACT_EU_INST_CJEU_JUDG_AG_IT_TES
DOC_JUDG_CJ_1994_0164_19960201,ACT_EU_INST_CJEU_JUDG_AG_FR_LEGE
DOC_JUDG_CJ_1994_0166_19960208,ACT_EU_INST_CJEU_JUDG_AG_UK_JAC
DOC_JUDG_CJ_1994_0170_19950629,ACT_EU_INST_CJEU_JUDG_AG_UK_JAC
DOC_JUDG_CJ_1994_0171_19960307,ACT_EU_INST_CJEU_JUDG_AG_DE_LEN
DOC_JUDG_CJ_1994_0173_19960702,ACT_EU_INST_CJEU_JUDG_AG_FR_LEGE
DOC_JUDG_CJ_1994_0175_19951130,ACT_EU_INST_CJEU_JUDG_AG_DK_ELM
DOC_JUDG_CJ_1994_0177_19960201,ACT_EU_INST_CJEU_JUDG_AG_FR_LEGE
DOC_JUDG_CJ_1994_0178_19961008,ACT_EU_INST_CJEU_JUDG_AG_IT_TES
DOC_JUDG_CJ_1994_0182_19950601,ACT_EU_INST_CJEU_JUDG_AG_DE_LEN
DOC_JUDG_CJ_1994_0191_19960328,ACT_EU_INST_CJEU_JUDG_AG_UK_JAC
DOC_JUDG_CJ_1994_0192_19960307,ACT_EU_INST_CJEU_JUDG_AG_DE_LEN
DOC_JUDG_CJ_1994_0193_19960229,ACT_EU_INST_CJEU_JUDG_AG_FR_LEGE
DOC_JUDG_CJ_1994_0194_19960430,ACT_EU_INST_CJEU_JUDG_AG_DK_ELM
DOC_JUDG_CJ_1994_0196_19951116,ACT_EU_INST_CJEU_JUDG_AG_EL_COS
DOC_JUDG_CJ_1994_0197_19960213,ACT_EU_INST_CJEU_JUDG_AG_EL_COS
DOC_JUDG_CJ_1994_0198_19960606,ACT_EU_INST_CJEU_JUDG_AG_FR_LEGE
DOC_JUDG_CJ_1994_0199_P_19980305,ACT_EU_INST_CJEU_JUDG_AG_DE_ALB
DOC_JUDG_CJ_1994_0201_19961112,ACT_EU_INST_CJEU_JUDG_AG_FR_LEGE
DOC_JUDG_CJ_1994_0202_19960208,ACT_EU_INST_CJEU_JUDG_AG_IE_FEN
DOC_JUDG_CJ_1994_0205_19960613,ACT_EU_INST_CJEU_JUDG_AG_UK_JAC
DOC_JUDG_CJ_1994_0206_19960502,ACT_EU_INST_CJEU_JUDG_AG_EL_COS
DOC_JUDG_CJ_1994_0209_P_19960215,ACT_EU_INST_CJEU_JUDG_AG_DE_LEN
DOC_JUDG_CJ_1994_0212_19960208,ACT_EU_INST_CJEU_JUDG_AG_IT_TES
DOC_JUDG_CJ_1994_0214_19960430,ACT_EU_INST_CJEU_JUDG_AG_FR_LEGE
DOC_JUDG_CJ_1994_0215_19960229,ACT_EU_INST_CJEU_JUDG_AG_UK_JAC
DOC_JUDG_CJ_1994_0216_19950713,ACT_EU_INST_CJEU_JUDG_AG_DE_LEN
DOC_JUDG_CJ_1994_0217_19961024,ACT_EU_INST_CJEU_JUDG_AG_DK_ELM
DOC_JUDG_CJ_1994_0218_19950504,ACT_EU_INST_CJEU_JUDG_AG_DE_LEN
DOC_JUDG_CJ_1994_0220_19950615,ACT_EU_INST_CJEU_JUDG_AG_DK_ELM
DOC_JUDG_CJ_1994_0221_19961107,ACT_EU_INST_CJEU_JUDG_AG_DE_LEN
DOC_JUDG_CJ_1994_0222_19960910,ACT_EU_INST_CJEU_JUDG_AG_DE_LEN
DOC_JUDG_CJ_1994_0226_19960215,ACT_EU_INST_CJEU_JUDG_AG_ES_RUI_JAR_COL
DOC_JUDG_CJ_1994_0227_19951017,ACT_EU_INST_CJEU_JUDG_AG_DE_LEN
DOC_JUDG_CJ_1994_0228_19960711,ACT_EU_INST_CJEU_JUDG_AG_DK_ELM
DOC_JUDG_CJ_1994_0230_19960926,ACT_EU_INST_CJEU_JUDG_AG_EL_COS
DOC_JUDG_CJ_1994_0231_19960502,ACT_EU_INST_CJEU_JUDG_AG_EL_COS
DOC_JUDG_CJ_1994_0232_19960711,ACT_EU_INST_CJEU_JUDG_AG_UK_JAC
DOC_JUDG_CJ_1994_0233_19970513,ACT_EU_INST_CJEU_JUDG_AG_FR_LEGE
DOC_JUDG_CJ_1994_0234_19960627,ACT_EU_INST_CJEU_JUDG_AG_IT_TES
DOC_JUDG_CJ_1994_0235_19951109,ACT_EU_INST_CJEU_JUDG_AG_FR_LEGE
DOC_JUDG_CJ_1994_0236_19951012,ACT_EU_INST_CJEU_JUDG_AG_IT_TES
DOC_JUDG_CJ_1994_0237_19960523,ACT_EU_INST_CJEU_JUDG_AG_DE_LEN
DOC_JUDG_CJ_1994_0238_19960326,ACT_EU_INST_CJEU_JUDG_AG_IT_TES
DOC_JUDG_CJ_1994_0239_19960229,ACT_EU_INST_CJEU_JUDG_AG_DE_LEN
DOC_JUDG_CJ_1994_0240_19950811,ACT_EU_INST_CJEU_JUDG_AG_EL_COS
DOC_JUDG_CJ_1994_0241_19960926,ACT_EU_INST_CJEU_JUDG_AG_UK_JAC
DOC_JUDG_CJ_1994_0242_19951012,ACT_EU_INST_CJEU_JUDG_AG_DE_LEN
DOC_JUDG_CJ_1994_0243_19960328,ACT_EU_INST_CJEU_JUDG_AG_DK_ELM
DOC_JUDG_CJ_1994_0244_19951116,ACT_EU_INST_CJEU_JUDG_AG_IT_TES
DOC_JUDG_CJ_1994_0245_19961010,ACT_EU_INST_CJEU_JUDG_AG_UK_JAC
DOC_JUDG_CJ_1994_0246_19960917,ACT_EU_INST_CJEU_JUDG_AG_FR_LEGE
DOC_JUDG_CJ_1994_0251_19960912,ACT_EU_INST_CJEU_JUDG_AG_IT_PERG
DOC_JUDG_CJ_1994_0254_19960912,ACT_EU_INST_CJEU_JUDG_AG_DK_ELM
DOC_JUDG_CJ_1994_0257_19951012,ACT_EU_INST_CJEU_JUDG_AG_DK_ELM
DOC_JUDG_CJ_1994_0259_19950706,ACT_EU_INST_CJEU_JUDG_AG_DK_ELM
DOC_JUDG_CJ_1994_0260_19950811,ACT_EU_INST_CJEU_JUDG_AG_DE_LEN
DOC_JUDG_CJ_1994_0267_19951214,ACT_EU_INST_CJEU_JUDG_AG_ES_RUI_JAR_COL
DOC_JUDG_CJ_1994_0268_19961203,ACT_EU_INST_CJEU_JUDG_AG_IT_PERG
DOC_JUDG_CJ_1994_0271_19960326,ACT_EU_INST_CJEU_JUDG_AG_IT_PERG
DOC_JUDG_CJ_1994_0272_19960328,ACT_EU_INST_CJEU_JUDG_AG_IT_TES
DOC_JUDG_CJ_1994_0273_19960111,ACT_EU_INST_CJEU_JUDG_AG_ES_RUI_JAR_COL
DOC_JUDG_CJ_1994_0275_19960314,ACT_EU_INST_CJEU_JUDG_AG_IE_FEN
DOC_JUDG_CJ_1994_0276_19960118,ACT_EU_INST_CJEU_JUDG_AG_IT_PERG
DOC_JUDG_CJ_1994_0277_19960910,ACT_EU_INST_CJEU_JUDG_AG_IT_PERG
DOC_JUDG_CJ_1994_0278_19960912,ACT_EU_INST_CJEU_JUDG_AG_ES_RUI_JAR_COL
DOC_JUDG_CJ_1994_0279_19970916,ACT_EU_INST_CJEU_JUDG_AG_IE_FEN
DOC_JUDG_CJ_1994_0280_19960201,ACT_EU_INST_CJEU_JUDG_AG_IE_FEN
DOC_JUDG_CJ_1994_0283_19961017,ACT_EU_INST_CJEU_JUDG_AG_UK_JAC
DOC_JUDG_CJ_1994_0284_19981119,ACT_EU_INST_CJEU_JUDG_AG_FR_LEGE
DOC_JUDG_CJ_1994_0285_19970625,ACT_EU_INST_CJEU_JUDG_AG_ES_RUI_JAR_COL
DOC_JUDG_CJ_1994_0286_19971218,ACT_EU_INST_CJEU_JUDG_AG_IE_FEN
DOC_JUDG_CJ_1994_0287_19960926,ACT_EU_INST_CJEU_JUDG_AG_IT_PERG
DOC_JUDG_CJ_1994_0288_19961024,ACT_EU_INST_CJEU_JUDG_AG_IE_FEN
DOC_JUDG_CJ_1994_0289_19960917,ACT_EU_INST_CJEU_JUDG_AG_ES_RUI_JAR_COL
DOC_JUDG_CJ_1994_0290_19960702,ACT_EU_INST_CJEU_JUDG_AG_FR_LEGE
DOC_JUDG_CJ_1994_0293_19960627,ACT_EU_INST_CJEU_JUDG_AG_IE_FEN
DOC_JUDG_CJ_1994_0295_19960704,ACT_EU_INST_CJEU_JUDG_AG_UK_JAC
DOC_JUDG_CJ_1994_0296_19960704,ACT_EU_INST_CJEU_JUDG_AG_UK_JAC
DOC_JUDG_CJ_1994_0297_19960321,ACT_EU_INST_CJEU_JUDG_AG_DK_ELM
DOC_JUDG_CJ_1994_0298_19961015,ACT_EU_INST_CJEU_JUDG_AG_DE_LEN
DOC_JUDG_CJ_1994_0299_19960328,ACT_EU_INST_CJEU_JUDG_AG_IT_PERG
DOC_JUDG_CJ_1994_0300_19960229,ACT_EU_INST_CJEU_JUDG_AG_IE_FEN
DOC_JUDG_CJ_1994_0302_19961212,ACT_EU_INST_CJEU_JUDG_AG_IT_TES
DOC_JUDG_CJ_1994_0303_19960618,ACT_EU_INST_CJEU_JUDG_AG_IT_TES
DOC_JUDG_CJ_1994_0304_19970625,ACT_EU_INST_CJEU_JUDG_AG_UK_JAC
DOC_JUDG_CJ_1994_0305_19961114,ACT_EU_INST_CJEU_JUDG_AG_DE_LEN
DOC_JUDG_CJ_1994_0306_19960711,ACT_EU_INST_CJEU_JUDG_AG_DE_LEN
DOC_JUDG_CJ_1994_0307_19960229,ACT_EU_INST_CJEU_JUDG_AG_ES_RUI_JAR_COL
DOC_JUDG_CJ_1994_0308_19960201,ACT_EU_INST_CJEU_JUDG_AG_IT_PERG
DOC_JUDG_CJ_1994_0309_19960215,ACT_EU_INST_CJEU_JUDG_AG_ES_RUI_JAR_COL
DOC_JUDG_CJ_1994_0311_19961015,ACT_EU_INST_CJEU_JUDG_AG_DE_LEN
DOC_JUDG_CJ_1994_0313_19961126,ACT_EU_INST_CJEU_JUDG_AG_UK_JAC
DOC_JUDG_CJ_1994_0315_19960314,ACT_EU_INST_CJEU_JUDG_AG_ES_RUI_JAR_COL
DOC_JUDG_CJ_1994_0317_19961024,ACT_EU_INST_CJEU_JUDG_AG_IE_FEN
DOC_JUDG_CJ_1994_0318_19960328,ACT_EU_INST_CJEU_JUDG_AG_DK_ELM
DOC_JUDG_CJ_1994_0319_19980312,ACT_EU_INST_CJEU_JUDG_AG_DE_LEN
DOC_JUDG_CJ_1994_0320_19961212,ACT_EU_INST_CJEU_JUDG_AG_UK_JAC
DOC_JUDG_CJ_1994_0321_19970507,ACT_EU_INST_CJEU_JUDG_AG_UK_JAC
DOC_JUDG_CJ_1994_0326_19960523,ACT_EU_INST_CJEU_JUDG_AG_ES_RUI_JAR_COL
DOC_JUDG_CJ_1994_0327_19960926,ACT_EU_INST_CJEU_JUDG_AG_IE_FEN
DOC_JUDG_CJ_1994_0331_19960523,ACT_EU_INST_CJEU_JUDG_AG_IT_PERG
DOC_JUDG_CJ_1994_0333_P_19961114,ACT_EU_INST_CJEU_JUDG_AG_ES_RUI_JAR_COL
DOC_JUDG_CJ_1994_0334_19960307,ACT_EU_INST_CJEU_JUDG_AG_IE_FEN
DOC_JUDG_CJ_1994_0335_19960321,ACT_EU_INST_CJEU_JUDG_AG_FR_LEGE
DOC_JUDG_CJ_1994_0336_19971202,ACT_EU_INST_CJEU_JUDG_AG_IT_PERG
DOC_JUDG_CJ_1994_0340_19970130,ACT_EU_INST_CJEU_JUDG_AG_ES_RUI_JAR_COL
DOC_JUDG_CJ_1994_0341_19960926,ACT_EU_INST_CJEU_JUDG_AG_IE_FEN
DOC_JUDG_CJ_1995_0001_19971002,ACT_EU_INST_CJEU_JUDG_AG_IT_PERG
DOC_JUDG_CJ_1995_0002_19970605,ACT_EU_INST_CJEU_JUDG_AG_ES_RUI_JAR_COL
DOC_JUDG_CJ_1995_0003_19961212,ACT_EU_INST_CJEU_JUDG_AG_IE_FEN
DOC_JUDG_CJ_1995_0004_19970130,ACT_EU_INST_CJEU_JUDG_AG_IT_PERG
DOC_JUDG_CJ_1995_0007_P_19980528,ACT_EU_INST_CJEU_JUDG_AG_ES_RUI_JAR_COL
DOC_JUDG_CJ_1995_0008_P_19980528,ACT_EU_INST_CJEU_JUDG_AG_ES_RUI_JAR_COL
DOC_JUDG_CJ_1995_0009_19970204,ACT_EU_INST_CJEU_JUDG_AG_DK_ELM
DOC_JUDG_CJ_1995_0011_19960910,ACT_EU_INST_CJEU_JUDG_AG_DE_LEN
DOC_JUDG_CJ_1995_0013_19970311,ACT_EU_INST_CJEU_JUDG_AG_IT_PERG
DOC_JUDG_CJ_1995_0015_19970417,ACT_EU_INST_CJEU_JUDG_AG_ES_RUI_JAR_COL
DOC_JUDG_CJ_1995_0016_19951214,ACT_EU_INST_CJEU_JUDG_AG_IE_FEN
DOC_JUDG_CJ_1995_0017_19951214,ACT_EU_INST_CJEU_JUDG_AG_IT_PERG
DOC_JUDG_CJ_1995_0018_19990126,ACT_EU_INST_CJEU_JUDG_AG_ES_RUI_JAR_COL
DOC_JUDG_CJ_1995_0024_19970320,ACT_EU_INST_CJEU_JUDG_AG_UK_JAC
DOC_JUDG_CJ_1995_0025_19960711,ACT_EU_INST_CJEU_JUDG_AG_ES_RUI_JAR_COL
DOC_JUDG_CJ_1995_0027_19970415,ACT_EU_INST_CJEU_JUDG_AG_IT_PERG
DOC_JUDG_CJ_1995_0028_19970717,ACT_EU_INST_CJEU_JUDG_AG_UK_JAC
DOC_JUDG_CJ_1995_0029_19970123,ACT_EU_INST_CJEU_JUDG_AG_IT_TES
DOC_JUDG_CJ_1995_0032_P_19961024,ACT_EU_INST_CJEU_JUDG_AG_IT_PERG
DOC_JUDG_CJ_1995_0034_19970709,ACT_EU_INST_CJEU_JUDG_AG_UK_JAC
DOC_JUDG_CJ_1995_0037_19980115,ACT_EU_INST_CJEU_JUDG_AG_ES_RUI_JAR_COL
DOC_JUDG_CJ_1995_0038_19961212,ACT_EU_INST_CJEU_JUDG_AG_IE_FEN
DOC_JUDG_CJ_1995_0039_19960321,ACT_EU_INST_CJEU_JUDG_AG_FR_LEGE
DOC_JUDG_CJ_1995_0041_19951207,ACT_EU_INST_CJEU_JUDG_AG_IT_PERG
DOC_JUDG_CJ_1995_0042_19961119,ACT_EU_INST_CJEU_JUDG_AG_IT_TES
DOC_JUDG_CJ_1995_0043_19960926,ACT_EU_INST_CJEU_JUDG_AG_IT_PERG
DOC_JUDG_CJ_1995_0044_19960711,ACT_EU_INST_CJEU_JUDG_AG_IE_FEN
DOC_JUDG_CJ_1995_0045_19970625,ACT_EU_INST_CJEU_JUDG_AG_ES_RUI_JAR_COL
DOC_JUDG_CJ_1995_0047_19961212,ACT_EU_INST_CJEU_JUDG_AG_IE_FEN
DOC_JUDG_CJ_1995_0052_19951207,ACT_EU_INST_CJEU_JUDG_AG_IE_FEN
DOC_JUDG_CJ_1995_0053_19960215,ACT_EU_INST_CJEU_JUDG_AG_ES_RUI_JAR_COL
DOC_JUDG_CJ_1995_0054_19990121,ACT_EU_INST_CJEU_JUDG_AG_IT_PERG
DOC_JUDG_CJ_1995_0057_19970320,ACT_EU_INST_CJEU_JUDG_AG_IT_TES
DOC_JUDG_CJ_1995_0058_19960912,ACT_EU_INST_CJEU_JUDG_AG_IE_FEN
DOC_JUDG_CJ_1995_0059_19970227,ACT_EU_INST_CJEU_JUDG_AG_IE_FEN
DOC_JUDG_CJ_1995_0061_19980129,ACT_EU_INST_CJEU_JUDG_AG_IT_PERG
DOC_JUDG_CJ_1995_0064_19961017,ACT_EU_INST_CJEU_JUDG_AG_DK_ELM
DOC_JUDG_CJ_1995_0065_19970617,ACT_EU_INST_CJEU_JUDG_AG_ES_RUI_JAR_COL
DOC_JUDG_CJ_1995_0066_19970422,ACT_EU_INST_CJEU_JUDG_AG_FR_LEGE
DOC_JUDG_CJ_1995_0067_19971009,ACT_EU_INST_CJEU_JUDG_AG_IT_PERG
DOC_JUDG_CJ_1995_0068_19961126,ACT_EU_INST_CJEU_JUDG_AG_DK_ELM
DOC_JUDG_CJ_1995_0069_19961205,ACT_EU_INST_CJEU_JUDG_AG_ES_RUI_JAR_COL
DOC_JUDG_CJ_1995_0070_19970617,ACT_EU_INST_CJEU_JUDG_AG_IE_FEN
DOC_JUDG_CJ_1995_0071_19970204,ACT_EU_INST_CJEU_JUDG_AG_DK_ELM
DOC_JUDG_CJ_1995_0072_19961024,ACT_EU_INST_CJEU_JUDG_AG_DK_ELM
DOC_JUDG_CJ_1995_0073_P_19961024,ACT_EU_INST_CJEU_JUDG_AG_DE_LEN
DOC_JUDG_CJ_1995_0074_19961212,ACT_EU_INST_CJEU_JUDG_AG_ES_RUI_JAR_COL
DOC_JUDG_CJ_1995_0076_19961024,ACT_EU_INST_CJEU_JUDG_AG_IT_PERG
DOC_JUDG_CJ_1995_0077_19961107,ACT_EU_INST_CJEU_JUDG_AG_ES_RUI_JAR_COL
DOC_JUDG_CJ_1995_0078_19961010,ACT_EU_INST_CJEU_JUDG_AG_UK_JAC
DOC_JUDG_CJ_1995_0079_19960926,ACT_EU_INST_CJEU_JUDG_AG_IT_PERG
DOC_JUDG_CJ_1995_0080_19970206,ACT_EU_INST_CJEU_JUDG_AG_IE_FEN
DOC_JUDG_CJ_1995_0084_19960730,ACT_EU_INST_CJEU_JUDG_AG_UK_JAC
DOC_JUDG_CJ_1995_0085_19961205,ACT_EU_INST_CJEU_JUDG_AG_IE_FEN
DOC_JUDG_CJ_1995_0088_19970220,ACT_EU_INST_CJEU_JUDG_AG_DE_LEN
DOC_JUDG_CJ_1995_0090_P_19970417,ACT_EU_INST_CJEU_JUDG_AG_IT_TES
DOC_JUDG_CJ_1995_0091_P_19961024,ACT_EU_INST_CJEU_JUDG_AG_UK_JAC
DOC_JUDG_CJ_1995_0094_19970710,ACT_EU_INST_CJEU_JUDG_AG_EL_COS
DOC_JUDG_CJ_1995_0096_19970320,ACT_EU_INST_CJEU_JUDG_AG_IT_PERG
DOC_JUDG_CJ_1995_0097_19970717,ACT_EU_INST_CJEU_JUDG_AG_EL_COS
DOC_JUDG_CJ_1995_0100_19971002,ACT_EU_INST_CJEU_JUDG_AG_IT_PERG
DOC_JUDG_CJ_1995_0104_19961212,ACT_EU_INST_CJEU_JUDG_AG_EL_COS
DOC_JUDG_CJ_1995_0105_19970415,ACT_EU_INST_CJEU_JUDG_AG_ES_RUI_JAR_COL
DOC_JUDG_CJ_1995_0106_19970220,ACT_EU_INST_CJEU_JUDG_AG_IT_TES
DOC_JUDG_CJ_1995_0107_P_19970220,ACT_EU_INST_CJEU_JUDG_AG_IT_PERG
DOC_JUDG_CJ_1995_0109_19970313,ACT_EU_INST_CJEU_JUDG_AG_DK_ELM
DOC_JUDG_CJ_1995_0110_19970612,ACT_EU_INST_CJEU_JUDG_AG_IE_FEN
DOC_JUDG_CJ_1995_0114_19970717,ACT_EU_INST_CJEU_JUDG_AG_UK_JAC
DOC_JUDG_CJ_1995_0117_19960926,ACT_EU_INST_CJEU_JUDG_AG_IE_FEN
DOC_JUDG_CJ_1995_0118_19951130,ACT_EU_INST_CJEU_JUDG_AG_EL_COS
DOC_JUDG_CJ_1995_0120_19980428,ACT_EU_INST_CJEU_JUDG_AG_IT_TES
DOC_JUDG_CJ_1995_0121_19960620,ACT_EU_INST_CJEU_JUDG_AG_DE_LEN
DOC_JUDG_CJ_1995_0122_19980310,ACT_EU_INST_CJEU_JUDG_AG_DK_ELM
DOC_JUDG_CJ_1995_0124_19970114,ACT_EU_INST_CJEU_JUDG_AG_UK_JAC
DOC_JUDG_CJ_1995_0126_19961003,ACT_EU_INST_CJEU_JUDG_AG_IT_TES
DOC_JUDG_CJ_1995_0127_19980402,ACT_EU_INST_CJEU_JUDG_AG_FR_LEGE
DOC_JUDG_CJ_1995_0128_19970220,ACT_EU_INST_CJEU_JUDG_AG_ES_RUI_JAR_COL
DOC_JUDG_CJ_1995_0130_19970717,ACT_EU_INST_CJEU_JUDG_AG_UK_JAC
DOC_JUDG_CJ_1995_0131_19970313,ACT_EU_INST_CJEU_JUDG_AG_IT_PERG
DOC_JUDG_CJ_1995_0132_19980519,ACT_EU_INST_CJEU_JUDG_AG_IE_FEN
DOC_JUDG_CJ_1995_0134_19970116,ACT_EU_INST_CJEU_JUDG_AG_DK_ELM
DOC_JUDG_CJ_1995_0136_19980430,ACT_EU_INST_CJEU_JUDG_AG_ES_RUI_JAR_COL
DOC_JUDG_CJ_1995_0138_P_19970417,ACT_EU_INST_CJEU_JUDG_AG_IT_PERG
DOC_JUDG_CJ_1995_0139_19970130,ACT_EU_INST_CJEU_JUDG_AG_DK_ELM
DOC_JUDG_CJ_1995_0142_P_19961212,ACT_EU_INST_CJEU_JUDG_AG_ES_RUI_JAR_COL
DOC_JUDG_CJ_1995_0143_P_19970109,ACT_EU_INST_CJEU_JUDG_AG_DE_LEN
DOC_JUDG_CJ_1995_0144_19960613,ACT_EU_INST_CJEU_JUDG_AG_IT_PERG
DOC_JUDG_CJ_1995_0147_19970417,ACT_EU_INST_CJEU_JUDG_AG_UK_JAC
DOC_JUDG_CJ_1995_0150_19971023,ACT_EU_INST_CJEU_JUDG_AG_DE_LEN
DOC_JUDG_CJ_1995_0152_19971009,ACT_EU_INST_CJEU_JUDG_AG_ES_RUI_JAR_COL
DOC_JUDG_CJ_1995_0153_19970123,ACT_EU_INST_CJEU_JUDG_AG_IT_PERG
DOC_JUDG_CJ_1995_0160_19960328,ACT_EU_INST_CJEU_JUDG_AG_IE_FEN
DOC_JUDG_CJ_1995_0161_19960328,ACT_EU_INST_CJEU_JUDG_AG_IE_FEN
DOC_JUDG_CJ_1995_0163_19971009,ACT_EU_INST_CJEU_JUDG_AG_UK_JAC
DOC_JUDG_CJ_1995_0164_19970617,ACT_EU_INST_CJEU_JUDG_AG_EL_COS
DOC_JUDG_CJ_1995_0165_19971016,ACT_EU_INST_CJEU_JUDG_AG_IT_TES
DOC_JUDG_CJ_1995_0166_P_19970220,ACT_EU_INST_CJEU_JUDG_AG_IT_PERG
DOC_JUDG_CJ_1995_0167_19970306,ACT_EU_INST_CJEU_JUDG_AG_IE_FEN
DOC_JUDG_CJ_1995_0168_19960926,ACT_EU_INST_CJEU_JUDG_AG_DK_ELM
DOC_JUDG_CJ_1995_0169_19970114,ACT_EU_INST_CJEU_JUDG_AG_IT_TES
DOC_JUDG_CJ_1995_0170_19960613,ACT_EU_INST_CJEU_JUDG_AG_DE_LEN
DOC_JUDG_CJ_1995_0171_19970123,ACT_EU_INST_CJEU_JUDG_AG_DK_ELM
DOC_JUDG_CJ_1995_0172_19961024,ACT_EU_INST_CJEU_JUDG_AG_DK_ELM
DOC_JUDG_CJ_1995_0177_19970227,ACT_EU_INST_CJEU_JUDG_AG_UK_JAC
DOC_JUDG_CJ_1995_0178_19970130,ACT_EU_INST_CJEU_JUDG_AG_UK_JAC
DOC_JUDG_CJ_1995_0179_19991005,ACT_EU_INST_CJEU_JUDG_AG_DE_ALB
DOC_JUDG_CJ_1995_0180_19970422,ACT_EU_INST_CJEU_JUDG_AG_FR_LEGE
DOC_JUDG_CJ_1995_0181_19970123,ACT_EU_INST_CJEU_JUDG_AG_IE_FEN
DOC_JUDG_CJ_1995_0183_19970717,ACT_EU_INST_CJEU_JUDG_AG_EL_COS
DOC_JUDG_CJ_1995_0185_P_19981217,ACT_EU_INST_CJEU_JUDG_AG_FR_LEGE
DOC_JUDG_CJ_1995_0188_19971202,ACT_EU_INST_CJEU_JUDG_AG_UK_JAC
DOC_JUDG_CJ_1995_0189_19971023,ACT_EU_INST_CJEU_JUDG_AG_DK_ELM
DOC_JUDG_CJ_1995_0190_19970717,ACT_EU_INST_CJEU_JUDG_AG_IE_FEN
DOC_JUDG_CJ_1995_0191_19980929,ACT_EU_INST_CJEU_JUDG_AG_EL_COS
DOC_JUDG_CJ_1995_0192_19970114,ACT_EU_INST_CJEU_JUDG_AG_IT_TES
DOC_JUDG_CJ_1995_0219_P_19970717,ACT_EU_INST_CJEU_JUDG_AG_FR_LEGE
DOC_JUDG_CJ_1995_0220_19970227,ACT_EU_INST_CJEU_JUDG_AG_UK_JAC
DOC_JUDG_CJ_1995_0221_19970130,ACT_EU_INST_CJEU_JUDG_AG_ES_RUI_JAR_COL
DOC_JUDG_CJ_1995_0222_19970709,ACT_EU_INST_CJEU_JUDG_AG_DK_ELM
DOC_JUDG_CJ_1995_0223_19970507,ACT_EU_INST_CJEU_JUDG_AG_FR_LEGE
DOC_JUDG_CJ_1995_0225_19980702,ACT_EU_INST_CJEU_JUDG_AG_DE_LEN
DOC_JUDG_CJ_1995_0232_19980611,ACT_EU_INST_CJEU_JUDG_AG_IT_TES
DOC_JUDG_CJ_1995_0234_19960502,ACT_EU_INST_CJEU_JUDG_AG_IT_PERG
DOC_JUDG_CJ_1995_0235_19980716,ACT_EU_INST_CJEU_JUDG_AG_EL_COS
DOC_JUDG_CJ_1995_0236_19960919,ACT_EU_INST_CJEU_JUDG_AG_FR_LEGE
DOC_JUDG_CJ_1995_0237_19960620,ACT_EU_INST_CJEU_JUDG_AG_DK_ELM
DOC_JUDG_CJ_1995_0238_19960314,ACT_EU_INST_CJEU_JUDG_AG_IE_FEN
DOC_JUDG_CJ_1995_0239_19960314,ACT_EU_INST_CJEU_JUDG_AG_ES_RUI_JAR_COL
DOC_JUDG_CJ_1995_0240_19960627,ACT_EU_INST_CJEU_JUDG_AG_DK_ELM
DOC_JUDG_CJ_1995_0241_19961212,ACT_EU_INST_CJEU_JUDG_AG_FR_LEGE
DOC_JUDG_CJ_1995_0242_19970717,ACT_EU_INST_CJEU_JUDG_AG_UK_JAC
DOC_JUDG_CJ_1995_0243_19980617,ACT_EU_INST_CJEU_JUDG_AG_IT_PERG
DOC_JUDG_CJ_1995_0244_19971120,ACT_EU_INST_CJEU_JUDG_AG_DK_ELM
DOC_JUDG_CJ_1995_0245_P_19980210,ACT_EU_INST_CJEU_JUDG_AG_FR_LEGE
DOC_JUDG_CJ_1995_0245_P_INTP_19990119,ACT_EU_INST_CJEU_JUDG_AG_FR_LEGE
DOC_JUDG_CJ_1995_0246_19970123,ACT_EU_INST_CJEU_JUDG_AG_IE_FEN
DOC_JUDG_CJ_1995_0247_19970206,ACT_EU_INST_CJEU_JUDG_AG_IT_PERG
DOC_JUDG_CJ_1995_0248_19970717,ACT_EU_INST_CJEU_JUDG_AG_UK_JAC
DOC_JUDG_CJ_1995_0250_19970515,ACT_EU_INST_CJEU_JUDG_AG_DE_LEN
DOC_JUDG_CJ_1995_0251_19971111,ACT_EU_INST_CJEU_JUDG_AG_UK_JAC
DOC_JUDG_CJ_1995_0253_19960502,ACT_EU_INST_CJEU_JUDG_AG_IT_PERG
DOC_JUDG_CJ_1995_0254_P_19960704,ACT_EU_INST_CJEU_JUDG_AG_IE_FEN
DOC_JUDG_CJ_1995_0255_19970109,ACT_EU_INST_CJEU_JUDG_AG_DK_ELM
DOC_JUDG_CJ_1995_0258_19971016,ACT_EU_INST_CJEU_JUDG_AG_FR_LEGE
DOC_JUDG_CJ_1995_0259_19971002,ACT_EU_INST_CJEU_JUDG_AG_IT_PERG
DOC_JUDG_CJ_1995_0260_19970220,ACT_EU_INST_CJEU_JUDG_AG_IT_PERG
DOC_JUDG_CJ_1995_0261_19970710,ACT_EU_INST_CJEU_JUDG_AG_EL_COS
DOC_JUDG_CJ_1995_0262_19961107,ACT_EU_INST_CJEU_JUDG_AG_FR_LEGE
DOC_JUDG_CJ_1995_0263_19980210,ACT_EU_INST_CJEU_JUDG_AG_ES_RUI_JAR_COL
DOC_JUDG_CJ_1995_0264_P_19970311,ACT_EU_INST_CJEU_JUDG_AG_DE_LEN
DOC_JUDG_CJ_1995_0265_19971209,ACT_EU_INST_CJEU_JUDG_AG_DE_LEN
DOC_JUDG_CJ_1995_0266_19970612,ACT_EU_INST_CJEU_JUDG_AG_IE_FEN
DOC_JUDG_CJ_1995_0267_19961205,ACT_EU_INST_CJEU_JUDG_AG_IE_FEN
DOC_JUDG_CJ_1995_0269_19970703,ACT_EU_INST_CJEU_JUDG_AG_ES_RUI_JAR_COL
DOC_JUDG_CJ_1995_0272_19970415,ACT_EU_INST_CJEU_JUDG_AG_FR_LEGE
DOC_JUDG_CJ_1995_0273_19970116,ACT_EU_INST_CJEU_JUDG_AG_DK_ELM
DOC_JUDG_CJ_1995_0274_19970417,ACT_EU_INST_CJEU_JUDG_AG_IT_TES
DOC_JUDG_CJ_1995_0278_P_19970515,ACT_EU_INST_CJEU_JUDG_AG_DK_ELM
DOC_JUDG_CJ_1995_0279_P_19981001,ACT_EU_INST_CJEU_JUDG_AG_ES_RUI_JAR_COL
DOC_JUDG_CJ_1995_0280_19980129,ACT_EU_INST_CJEU_JUDG_AG_IE_FEN
DOC_JUDG_CJ_1995_0282_P_19970318,ACT_EU_INST_CJEU_JUDG_AG_IT_TES
DOC_JUDG_CJ_1995_0283_19980611,ACT_EU_INST_CJEU_JUDG_AG_UK_JAC
DOC_JUDG_CJ_1995_0284_19980714,ACT_EU_INST_CJEU_JUDG_AG_FR_LEGE
DOC_JUDG_CJ_1995_0285_19970605,ACT_EU_INST_CJEU_JUDG_AG_DK_ELM
DOC_JUDG_CJ_1995_0286_P_20000406,ACT_EU_INST_CJEU_JUDG_AG_IE_FEN
DOC_JUDG_CJ_1995_0287_P_20000406,ACT_EU_INST_CJEU_JUDG_AG_IE_FEN
DOC_JUDG_CJ_1995_0292_19970415,ACT_EU_INST_CJEU_JUDG_AG_DE_LEN
DOC_JUDG_CJ_1995_0294_P_19961112,ACT_EU_INST_CJEU_JUDG_AG_FR_LEGE
DOC_JUDG_CJ_1995_0295_19970320,ACT_EU_INST_CJEU_JUDG_AG_FR_LEGE
DOC_JUDG_CJ_1995_0296_19980402,ACT_EU_INST_CJEU_JUDG_AG_ES_RUI_JAR_COL
DOC_JUDG_CJ_1995_0297_19961212,ACT_EU_INST_CJEU_JUDG_AG_IT_TES
DOC_JUDG_CJ_1995_0298_19961212,ACT_EU_INST_CJEU_JUDG_AG_UK_JAC
DOC_JUDG_CJ_1995_0299_19970529,ACT_EU_INST_CJEU_JUDG_AG_IT_PERG
DOC_JUDG_CJ_1995_0300_19970529,ACT_EU_INST_CJEU_JUDG_AG_IT_TES
DOC_JUDG_CJ_1995_0301_19981022,ACT_EU_INST_CJEU_JUDG_AG_LU_MIS
DOC_JUDG_CJ_1995_0302_19961212,ACT_EU_INST_CJEU_JUDG_AG_FR_LEGE
DOC_JUDG_CJ_1995_0303_19960711,ACT_EU_INST_CJEU_JUDG_AG_DE_LEN
DOC_JUDG_CJ_1995_0304_19960711,ACT_EU_INST_CJEU_JUDG_AG_DE_LEN
DOC_JUDG_CJ_1995_0308_19991005,ACT_EU_INST_CJEU_JUDG_AG_IT_PERG
DOC_JUDG_CJ_1995_0309_19980219,ACT_EU_INST_CJEU_JUDG_AG_EL_COS
DOC_JUDG_CJ_1995_0310_19970422,ACT_EU_INST_CJEU_JUDG_AG_ES_RUI_JAR_COL
DOC_JUDG_CJ_1995_0311_19960502,ACT_EU_INST_CJEU_JUDG_AG_DE_LEN
DOC_JUDG_CJ_1995_0312_19961017,ACT_EU_INST_CJEU_JUDG_AG_IT_PERG
DOC_JUDG_CJ_1995_0314_19970123,ACT_EU_INST_CJEU_JUDG_AG_ES_RUI_JAR_COL
DOC_JUDG_CJ_1995_0315_19961107,ACT_EU_INST_CJEU_JUDG_AG_ES_RUI_JAR_COL
DOC_JUDG_CJ_1995_0316_19970709,ACT_EU_INST_CJEU_JUDG_AG_UK_JAC
DOC_JUDG_CJ_1995_0320_19990225,ACT_EU_INST_CJEU_JUDG_AG_DE_ALB
DOC_JUDG_CJ_1995_0321_P_19980402,ACT_EU_INST_CJEU_JUDG_AG_EL_COS
DOC_JUDG_CJ_1995_0322_19970917,ACT_EU_INST_CJEU_JUDG_AG_FR_LEGE
DOC_JUDG_CJ_1995_0323_19970320,ACT_EU_INST_CJEU_JUDG_AG_IT_PERG
DOC_JUDG_CJ_1995_0325_19961024,ACT_EU_INST_CJEU_JUDG_AG_EL_COS
DOC_JUDG_CJ_1995_0329_19970529,ACT_EU_INST_CJEU_JUDG_AG_IT_TES
DOC_JUDG_CJ_1995_0330_19970703,ACT_EU_INST_CJEU_JUDG_AG_IT_PERG
DOC_JUDG_CJ_1995_0334_19970717,ACT_EU_INST_CJEU_JUDG_AG_DK_ELM
DOC_JUDG_CJ_1995_0335_19961024,ACT_EU_INST_CJEU_JUDG_AG_IT_PERG
DOC_JUDG_CJ_1995_0336_19970417,ACT_EU_INST_CJEU_JUDG_AG_EL_COS
DOC_JUDG_CJ_1995_0337_19971104,ACT_EU_INST_CJEU_JUDG_AG_UK_JAC
DOC_JUDG_CJ_1995_0338_19971120,ACT_EU_INST_CJEU_JUDG_AG_UK_JAC
DOC_JUDG_CJ_1995_0341_19980714,ACT_EU_INST_CJEU_JUDG_AG_FR_LEGE
DOC_JUDG_CJ_1995_0343_19970318,ACT_EU_INST_CJEU_JUDG_AG_EL_COS
DOC_JUDG_CJ_1995_0344_19970220,ACT_EU_INST_CJEU_JUDG_AG_DE_LEN
DOC_JUDG_CJ_1995_0345_19971001,ACT_EU_INST_CJEU_JUDG_AG_DE_LEN
DOC_JUDG_CJ_1995_0346_19980212,ACT_EU_INST_CJEU_JUDG_AG_UK_JAC
DOC_JUDG_CJ_1995_0347_19970917,ACT_EU_INST_CJEU_JUDG_AG_IT_TES
DOC_JUDG_CJ_1995_0349_19971111,ACT_EU_INST_CJEU_JUDG_AG_UK_JAC
DOC_JUDG_CJ_1995_0351_19970417,ACT_EU_INST_CJEU_JUDG_AG_DK_ELM
DOC_JUDG_CJ_1995_0352_19970320,ACT_EU_INST_CJEU_JUDG_AG_UK_JAC
DOC_JUDG_CJ_1995_0353_P_19971209,ACT_EU_INST_CJEU_JUDG_AG_EL_COS
DOC_JUDG_CJ_1995_0354_19970717,ACT_EU_INST_CJEU_JUDG_AG_FR_LEGE
DOC_JUDG_CJ_1995_0355_P_19970515,ACT_EU_INST_CJEU_JUDG_AG_IT_TES
DOC_JUDG_CJ_1995_0356_19971127,ACT_EU_INST_CJEU_JUDG_AG_FR_LEGE
DOC_JUDG_CJ_1995_0357_P_19970311,ACT_EU_INST_CJEU_JUDG_AG_IE_FEN
DOC_JUDG_CJ_1995_0358_19970313,ACT_EU_INST_CJEU_JUDG_AG_ES_RUI_JAR_COL
DOC_JUDG_CJ_1995_0359_P_19971111,ACT_EU_INST_CJEU_JUDG_AG_EL_COS
DOC_JUDG_CJ_1995_0360_19971218,ACT_EU_INST_CJEU_JUDG_AG_IT_PERG
DOC_JUDG_CJ_1995_0361_19971218,ACT_EU_INST_CJEU_JUDG_AG_IT_PERG
DOC_JUDG_CJ_1995_0362_P_19970916,ACT_EU_INST_CJEU_JUDG_AG_IT_TES
DOC_JUDG_CJ_1995_0364_19980310,ACT_EU_INST_CJEU_JUDG_AG_DK_ELM
DOC_JUDG_CJ_1995_0366_19980512,ACT_EU_INST_CJEU_JUDG_AG_IT_PERG
DOC_JUDG_CJ_1995_0367_P_19980402,ACT_EU_INST_CJEU_JUDG_AG_DE_LEN
DOC_JUDG_CJ_1995_0368_19970626,ACT_EU_INST_CJEU_JUDG_AG_IT_TES
DOC_JUDG_CJ_1995_0369_19971127,ACT_EU_INST_CJEU_JUDG_AG_DK_ELM
DOC_JUDG_CJ_1995_0370_19970626,ACT_EU_INST_CJEU_JUDG_AG_FR_LEGE
DOC_JUDG_CJ_1995_0373_19970710,ACT_EU_INST_CJEU_JUDG_AG_EL_COS
DOC_JUDG_CJ_1995_0375_19971023,ACT_EU_INST_CJEU_JUDG_AG_IT_PERG
DOC_JUDG_CJ_1995_0380_19961003,ACT_EU_INST_CJEU_JUDG_AG_FR_LEGE
DOC_JUDG_CJ_1995_0382_19971218,ACT_EU_INST_CJEU_JUDG_AG_DE_LEN
DOC_JUDG_CJ_1995_0383_19970109,ACT_EU_INST_CJEU_JUDG_AG_UK_JAC
DOC_JUDG_CJ_1995_0384_19971218,ACT_EU_INST_CJEU_JUDG_AG_UK_JAC
DOC_JUDG_CJ_1995_0386_19970529,ACT_EU_INST_CJEU_JUDG_AG_DK_ELM
DOC_JUDG_CJ_1995_0388_20000516,ACT_EU_INST_CJEU_JUDG_AG_IT_SAG
DOC_JUDG_CJ_1995_0389_19970529,ACT_EU_INST_CJEU_JUDG_AG_IT_PERG
DOC_JUDG_CJ_1995_0390_P_19990211,ACT_EU_INST_CJEU_JUDG_AG_DE_ALB
DOC_JUDG_CJ_1995_0391_19981117,ACT_EU_INST_CJEU_JUDG_AG_FR_LEGE
DOC_JUDG_CJ_1995_0392_19970610,ACT_EU_INST_CJEU_JUDG_AG_IE_FEN
DOC_JUDG_CJ_1995_0395_P_19970422,ACT_EU_INST_CJEU_JUDG_AG_IT_TES
DOC_JUDG_CJ_1995_0398_19970605,ACT_EU_INST_CJEU_JUDG_AG_DE_LEN
DOC_JUDG_CJ_1995_0400_19970529,ACT_EU_INST_CJEU_JUDG_AG_ES_RUI_JAR_COL
DOC_JUDG_CJ_1995_0405_19970515,ACT_EU_INST_CJEU_JUDG_AG_IT_PERG
DOC_JUDG_CJ_1995_0408_19971111,ACT_EU_INST_CJEU_JUDG_AG_IT_TES
DOC_JUDG_CJ_1995_0409_19971111,ACT_EU_INST_CJEU_JUDG_AG_UK_JAC
DOC_JUDG_CJ_1996_0001_19980319,ACT_EU_INST_CJEU_JUDG_AG_FR_LEGE
DOC_JUDG_CJ_1996_0003_19980519,ACT_EU_INST_CJEU_JUDG_AG_IE_FEN
DOC_JUDG_CJ_1996_0004_19980219,ACT_EU_INST_CJEU_JUDG_AG_IT_PERG
DOC_JUDG_CJ_1996_0008_19971211,ACT_EU_INST_CJEU_JUDG_AG_EL_COS
DOC_JUDG_CJ_1996_0010_19961212,ACT_EU_INST_CJEU_JUDG_AG_IE_FEN
DOC_JUDG_CJ_1996_0013_19970320,ACT_EU_INST_CJEU_JUDG_AG_ES_RUI_JAR_COL
DOC_JUDG_CJ_1996_0014_19970529,ACT_EU_INST_CJEU_JUDG_AG_DE_LEN
DOC_JUDG_CJ_1996_0015_19980115,ACT_EU_INST_CJEU_JUDG_AG_UK_JAC
DOC_JUDG_CJ_1996_0017_19970717,ACT_EU_INST_CJEU_JUDG_AG_DK_ELM
DOC_JUDG_CJ_1996_0020_19971104,ACT_EU_INST_CJEU_JUDG_AG_FR_LEGE
DOC_JUDG_CJ_1996_0021_19971009,ACT_EU_INST_CJEU_JUDG_AG_IT_PERG
DOC_JUDG_CJ_1996_0022_19980528,ACT_EU_INST_CJEU_JUDG_AG_IT_PERG
DOC_JUDG_CJ_1996_0026_19970529,ACT_EU_INST_CJEU_JUDG_AG_ES_RUI_JAR_COL
DOC_JUDG_CJ_1996_0027_19971127,ACT_EU_INST_CJEU_JUDG_AG_IT_PERG
DOC_JUDG_CJ_1996_0028_19970917,ACT_EU_INST_CJEU_JUDG_AG_IT_TES
DOC_JUDG_CJ_1996_0031_19971009,ACT_EU_INST_CJEU_JUDG_AG_IT_PERG
DOC_JUDG_CJ_1996_0035_19980618,ACT_EU_INST_CJEU_JUDG_AG_EL_COS
DOC_JUDG_CJ_1996_0036_19970930,ACT_EU_INST_CJEU_JUDG_AG_DK_ELM
DOC_JUDG_CJ_1996_0037_19980430,ACT_EU_INST_CJEU_JUDG_AG_IT_TES
DOC_JUDG_CJ_1996_0039_19970424,ACT_EU_INST_CJEU_JUDG_AG_DE_LEN
DOC_JUDG_CJ_1996_0041_19970605,ACT_EU_INST_CJEU_JUDG_AG_IT_TES
DOC_JUDG_CJ_1996_0042_19971211,ACT_EU_INST_CJEU_JUDG_AG_EL_COS
DOC_JUDG_CJ_1996_0043_19980618,ACT_EU_INST_CJEU_JUDG_AG_UK_JAC
DOC_JUDG_CJ_1996_0044_19980115,ACT_EU_INST_CJEU_JUDG_AG_FR_LEGE
DOC_JUDG_CJ_1996_0045_19980317,ACT_EU_INST_CJEU_JUDG_AG_UK_JAC
DOC_JUDG_CJ_1996_0048_P_19980514,ACT_EU_INST_CJEU_JUDG_AG_EL_COS
DOC_JUDG_CJ_1996_0050_20000210,ACT_EU_INST_CJEU_JUDG_AG_EL_COS
DOC_JUDG_CJ_1996_0051_20000411,ACT_EU_INST_CJEU_JUDG_AG_EL_COS
DOC_JUDG_CJ_1996_0052_19970717,ACT_EU_INST_CJEU_JUDG_AG_FR_LEGE
DOC_JUDG_CJ_1996_0053_19980616,ACT_EU_INST_CJEU_JUDG_AG_IT_TES
DOC_JUDG_CJ_1996_0054_19970917,ACT_EU_INST_CJEU_JUDG_AG_IT_TES
DOC_JUDG_CJ_1996_0055_19971211,ACT_EU_INST_CJEU_JUDG_AG_DK_ELM
DOC_JUDG_CJ_1996_0056_19970605,ACT_EU_INST_CJEU_JUDG_AG_DE_LEN
DOC_JUDG_CJ_1996_0057_19971127,ACT_EU_INST_CJEU_JUDG_AG_DE_LEN
DOC_JUDG_CJ_1996_0060_19970703,ACT_EU_INST_CJEU_JUDG_AG_EL_COS
DOC_JUDG_CJ_1996_0061_20020418,ACT_EU_INST_CJEU_JUDG_AG_DE_ALB
DOC_JUDG_CJ_1996_0062_19971127,ACT_EU_INST_CJEU_JUDG_AG_IT_TES
DOC_JUDG_CJ_1996_0063_19970529,ACT_EU_INST_CJEU_JUDG_AG_IE_FEN
DOC_JUDG_CJ_1996_0064_19970605,ACT_EU_INST_CJEU_JUDG_AG_IE_FEN
DOC_JUDG_CJ_1996_0066_19981119,ACT_EU_INST_CJEU_JUDG_AG_ES_RUI_JAR_COL
DOC_JUDG_CJ_1996_0067_19990921,ACT_EU_INST_CJEU_JUDG_AG_UK_JAC
DOC_JUDG_CJ_1996_0068_19980617,ACT_EU_INST_CJEU_JUDG_AG_DE_LEN
DOC_JUDG_CJ_1996_0069_19971016,ACT_EU_INST_CJEU_JUDG_AG_ES_RUI_JAR_COL
DOC_JUDG_CJ_1996_0080_19980115,ACT_EU_INST_CJEU_JUDG_AG_IE_FEN
DOC_JUDG_CJ_1996_0081_19980618,ACT_EU_INST_CJEU_JUDG_AG_LU_MIS
DOC_JUDG_CJ_1996_0083_19970917,ACT_EU_INST_CJEU_JUDG_AG_FR_LEGE
DOC_JUDG_CJ_1996_0084_19991005,ACT_EU_INST_CJEU_JUDG_AG_IT_PERG
DOC_JUDG_CJ_1996_0085_19980512,ACT_EU_INST_CJEU_JUDG_AG_IT_PERG
DOC_JUDG_CJ_1996_0089_19991123,ACT_EU_INST_CJEU_JUDG_AG_IT_SAG
DOC_JUDG_CJ_1996_0090_19971120,ACT_EU_INST_CJEU_JUDG_AG_IE_FEN
DOC_JUDG_CJ_1996_0091_19961205,ACT_EU_INST_CJEU_JUDG_AG_ES_RUI_JAR_COL
DOC_JUDG_CJ_1996_0092_19980212,ACT_EU_INST_CJEU_JUDG_AG_DE_LEN
DOC_JUDG_CJ_1996_0093_19970529,ACT_EU_INST_CJEU_JUDG_AG_IE_FEN
DOC_JUDG_CJ_1996_0097_19971204,ACT_EU_INST_CJEU_JUDG_AG_EL_COS
DOC_JUDG_CJ_1996_0098_19970930,ACT_EU_INST_CJEU_JUDG_AG_DK_ELM
DOC_JUDG_CJ_1996_0099_19990427,ACT_EU_INST_CJEU_JUDG_AG_FR_LEGE
DOC_JUDG_CJ_1996_0100_19990311,ACT_EU_INST_CJEU_JUDG_AG_FR_LEGE
DOC_JUDG_CJ_1996_0102_19981112,ACT_EU_INST_CJEU_JUDG_AG_IT_PERG
DOC_JUDG_CJ_1996_0103_19970313,ACT_EU_INST_CJEU_JUDG_AG_ES_RUI_JAR_COL
DOC_JUDG_CJ_1996_0104_19971216,ACT_EU_INST_CJEU_JUDG_AG_IT_PERG
DOC_JUDG_CJ_1996_0105_19970617,ACT_EU_INST_CJEU_JUDG_AG_IE_FEN
DOC_JUDG_CJ_1996_0106_19980512,ACT_EU_INST_CJEU_JUDG_AG_IT_TES
DOC_JUDG_CJ_1996_0107_19970605,ACT_EU_INST_CJEU_JUDG_AG_FR_LEGE
DOC_JUDG_CJ_1996_0108_20010201,ACT_EU_INST_CJEU_JUDG_AG_LU_MIS
DOC_JUDG_CJ_1996_0113_19980507,ACT_EU_INST_CJEU_JUDG_AG_EL_COS
DOC_JUDG_CJ_1996_0114_19970625,ACT_EU_INST_CJEU_JUDG_AG_DK_ELM
DOC_JUDG_CJ_1996_0116_19971106,ACT_EU_INST_CJEU_JUDG_AG_IT_PERG
DOC_JUDG_CJ_1996_0117_19970917,ACT_EU_INST_CJEU_JUDG_AG_EL_COS
DOC_JUDG_CJ_1996_0118_19980428,ACT_EU_INST_CJEU_JUDG_AG_IT_TES
DOC_JUDG_CJ_1996_0122_19971002,ACT_EU_INST_CJEU_JUDG_AG_IT_PERG
DOC_JUDG_CJ_1996_0124_19980507,ACT_EU_INST_CJEU_JUDG_AG_IT_PERG
DOC_JUDG_CJ_1996_0125_19980115,ACT_EU_INST_CJEU_JUDG_AG_DK_ELM
DOC_JUDG_CJ_1996_0127_19981210,ACT_EU_INST_CJEU_JUDG_AG_EL_COS
DOC_JUDG_CJ_1996_0129_19971218,ACT_EU_INST_CJEU_JUDG_AG_UK_JAC
DOC_JUDG_CJ_1996_0130_19970917,ACT_EU_INST_CJEU_JUDG_AG_FR_LEGE
DOC_JUDG_CJ_1996_0131_19970625,ACT_EU_INST_CJEU_JUDG_AG_ES_RUI_JAR_COL
DOC_JUDG_CJ_1996_0132_19980924,ACT_EU_INST_CJEU_JUDG_AG_UK_JAC
DOC_JUDG_CJ_1996_0135_19970220,ACT_EU_INST_CJEU_JUDG_AG_UK_JAC
DOC_JUDG_CJ_1996_0136_19980716,ACT_EU_INST_CJEU_JUDG_AG_LU_MIS
DOC_JUDG_CJ_1996_0137_19971127,ACT_EU_INST_CJEU_JUDG_AG_IT_PERG
DOC_JUDG_CJ_1996_0138_19970612,ACT_EU_INST_CJEU_JUDG_AG_ES_RUI_JAR_COL
DOC_JUDG_CJ_1996_0139_19970916,ACT_EU_INST_CJEU_JUDG_AG_ES_RUI_JAR_COL
DOC_JUDG_CJ_1996_0141_19970917,ACT_EU_INST_CJEU_JUDG_AG_FR_LEGE
DOC_JUDG_CJ_1996_0142_19970717,ACT_EU_INST_CJEU_JUDG_AG_IT_TES
DOC_JUDG_CJ_1996_0143_19971209,ACT_EU_INST_CJEU_JUDG_AG_IT_PERG
DOC_JUDG_CJ_1996_0144_19971002,ACT_EU_INST_CJEU_JUDG_AG_UK_JAC
DOC_JUDG_CJ_1996_0145_19970916,ACT_EU_INST_CJEU_JUDG_AG_IE_FEN
DOC_JUDG_CJ_1996_0147_20000622,ACT_EU_INST_CJEU_JUDG_AG_IT_PERG
DOC_JUDG_CJ_1996_0149_19991123,ACT_EU_INST_CJEU_JUDG_AG_IT_SAG
DOC_JUDG_CJ_1996_0151_19970612,ACT_EU_INST_CJEU_JUDG_AG_DE_LEN
DOC_JUDG_CJ_1996_0153_P_19970529,ACT_EU_INST_CJEU_JUDG_AG_FR_LEGE
DOC_JUDG_CJ_1996_0154_19981022,ACT_EU_INST_CJEU_JUDG_AG_DK_ELM
DOC_JUDG_CJ_1996_0157_19980505,ACT_EU_INST_CJEU_JUDG_AG_IT_TES
DOC_JUDG_CJ_1996_0158_19980428,ACT_EU_INST_CJEU_JUDG_AG_IT_TES
DOC_JUDG_CJ_1996_0159_19981119,ACT_EU_INST_CJEU_JUDG_AG_IT_SAG
DOC_JUDG_CJ_1996_0160_19980305,ACT_EU_INST_CJEU_JUDG_AG_EL_COS
DOC_JUDG_CJ_1996_0161_19980129,ACT_EU_INST_CJEU_JUDG_AG_FR_LEGE
DOC_JUDG_CJ_1996_0162_19980616,ACT_EU_INST_CJEU_JUDG_AG_UK_JAC
DOC_JUDG_CJ_1996_0163_19980212,ACT_EU_INST_CJEU_JUDG_AG_IE_FEN
DOC_JUDG_CJ_1996_0164_19971106,ACT_EU_INST_CJEU_JUDG_AG_FR_LEGE
DOC_JUDG_CJ_1996_0170_19980512,ACT_EU_INST_CJEU_JUDG_AG_IE_FEN
DOC_JUDG_CJ_1996_0171_19980716,ACT_EU_INST_CJEU_JUDG_AG_IT_PERG
DOC_JUDG_CJ_1996_0172_19980714,ACT_EU_INST_CJEU_JUDG_AG_DE_LEN
DOC_JUDG_CJ_1996_0173_19981210,ACT_EU_INST_CJEU_JUDG_AG_EL_COS
DOC_JUDG_CJ_1996_0176_20000413,ACT_EU_INST_CJEU_JUDG_AG_DE_ALB
DOC_JUDG_CJ_1996_0177_19971016,ACT_EU_INST_CJEU_JUDG_AG_UK_JAC
DOC_JUDG_CJ_1996_0180_19980505,ACT_EU_INST_CJEU_JUDG_AG_IT_TES
DOC_JUDG_CJ_1996_0181_19990128,ACT_EU_INST_CJEU_JUDG_AG_FR_LEGE
DOC_JUDG_CJ_1996_0184_19981022,ACT_EU_INST_CJEU_JUDG_AG_IT_PERG
DOC_JUDG_CJ_1996_0185_19981029,ACT_EU_INST_CJEU_JUDG_AG_DE_ALB
DOC_JUDG_CJ_1996_0186_19981217,ACT_EU_INST_CJEU_JUDG_AG_ES_RUI_JAR_COL
DOC_JUDG_CJ_1996_0187_19980312,ACT_EU_INST_CJEU_JUDG_AG_ES_RUI_JAR_COL
DOC_JUDG_CJ_1996_0188_P_19971120,ACT_EU_INST_CJEU_JUDG_AG_DK_ELM
DOC_JUDG_CJ_1996_0192_19980625,ACT_EU_INST_CJEU_JUDG_AG_UK_JAC
DOC_JUDG_CJ_1996_0194_19980305,ACT_EU_INST_CJEU_JUDG_AG_IE_FEN
DOC_JUDG_CJ_1996_0197_19970313,ACT_EU_INST_CJEU_JUDG_AG_IT_TES
DOC_JUDG_CJ_1996_0200_19980428,ACT_EU_INST_CJEU_JUDG_AG_IT_TES
DOC_JUDG_CJ_1996_0201_19971106,ACT_EU_INST_CJEU_JUDG_AG_DK_ELM
DOC_JUDG_CJ_1996_0203_19980625,ACT_EU_INST_CJEU_JUDG_AG_UK_JAC
DOC_JUDG_CJ_1996_0205_19970206,ACT_EU_INST_CJEU_JUDG_AG_IE_FEN
DOC_JUDG_CJ_1996_0206_19980611,ACT_EU_INST_CJEU_JUDG_AG_IT_TES
DOC_JUDG_CJ_1996_0207_19971204,ACT_EU_INST_CJEU_JUDG_AG_DE_LEN
DOC_JUDG_CJ_1996_0208_19971002,ACT_EU_INST_CJEU_JUDG_AG_FR_LEGE
DOC_JUDG_CJ_1996_0209_19981001,ACT_EU_INST_CJEU_JUDG_AG_DE_ALB
DOC_JUDG_CJ_1996_0210_19980716,ACT_EU_INST_CJEU_JUDG_AG_LU_MIS
DOC_JUDG_CJ_1996_0212_19980219,ACT_EU_INST_CJEU_JUDG_AG_IT_TES
DOC_JUDG_CJ_1996_0213_19980402,ACT_EU_INST_CJEU_JUDG_AG_UK_JAC
DOC_JUDG_CJ_1996_0214_19981125,ACT_EU_INST_CJEU_JUDG_AG_IT_SAG
DOC_JUDG_CJ_1996_0215_19990121,ACT_EU_INST_CJEU_JUDG_AG_ES_RUI_JAR_COL
DOC_JUDG_CJ_1996_0218_19961212,ACT_EU_INST_CJEU_JUDG_AG_DE_LEN
DOC_JUDG_CJ_1996_0223_19970605,ACT_EU_INST_CJEU_JUDG_AG_FR_LEGE
DOC_JUDG_CJ_1996_0225_19971204,ACT_EU_INST_CJEU_JUDG_AG_UK_JAC
DOC_JUDG_CJ_1996_0228_19981117,ACT_EU_INST_CJEU_JUDG_AG_ES_RUI_JAR_COL
DOC_JUDG_CJ_1996_0230_19980430,ACT_EU_INST_CJEU_JUDG_AG_IT_TES
DOC_JUDG_CJ_1996_0231_19980915,ACT_EU_INST_CJEU_JUDG_AG_ES_RUI_JAR_COL
DOC_JUDG_CJ_1996_0232_19981001,ACT_EU_INST_CJEU_JUDG_AG_DE_ALB
DOC_JUDG_CJ_1996_0233_19981001,ACT_EU_INST_CJEU_JUDG_AG_DE_ALB
DOC_JUDG_CJ_1996_0234_20000210,ACT_EU_INST_CJEU_JUDG_AG_EL_COS
DOC_JUDG_CJ_1996_0236_19971113,ACT_EU_INST_CJEU_JUDG_AG_UK_JAC
DOC_JUDG_CJ_1996_0237_19970925,ACT_EU_INST_CJEU_JUDG_AG_DE_LEN
DOC_JUDG_CJ_1996_0238_19981001,ACT_EU_INST_CJEU_JUDG_AG_DE_ALB
DOC_JUDG_CJ_1996_0242_19981001,ACT_EU_INST_CJEU_JUDG_AG_DE_ALB
DOC_JUDG_CJ_1996_0246_19971211,ACT_EU_INST_CJEU_JUDG_AG_EL_COS
DOC_JUDG_CJ_1996_0248_19971113,ACT_EU_INST_CJEU_JUDG_AG_EL_COS
DOC_JUDG_CJ_1996_0249_19980217,ACT_EU_INST_CJEU_JUDG_AG_DK_ELM
DOC_JUDG_CJ_1996_0252_P_19981119,ACT_EU_INST_CJEU_JUDG_AG_FR_LEGE
DOC_JUDG_CJ_1996_0253_19971204,ACT_EU_INST_CJEU_JUDG_AG_IT_TES
DOC_JUDG_CJ_1996_0259_P_19980514,ACT_EU_INST_CJEU_JUDG_AG_DK_ELM
DOC_JUDG_CJ_1996_0260_19980915,ACT_EU_INST_CJEU_JUDG_AG_ES_RUI_JAR_COL
DOC_JUDG_CJ_1996_0261_19971106,ACT_EU_INST_CJEU_JUDG_AG_DK_ELM
DOC_JUDG_CJ_1996_0262_19990504,ACT_EU_INST_CJEU_JUDG_AG_IT_PERG
DOC_JUDG_CJ_1996_0263_19971218,ACT_EU_INST_CJEU_JUDG_AG_IT_TES
DOC_JUDG_CJ_1996_0264_19980716,ACT_EU_INST_CJEU_JUDG_AG_IT_TES
DOC_JUDG_CJ_1996_0266_19980618,ACT_EU_INST_CJEU_JUDG_AG_IE_FEN
DOC_JUDG_CJ_1996_0269_19981112,ACT_EU_INST_CJEU_JUDG_AG_IE_FEN
DOC_JUDG_CJ_1996_0270_19980312,ACT_EU_INST_CJEU_JUDG_AG_DK_ELM
DOC_JUDG_CJ_1996_0274_19981124,ACT_EU_INST_CJEU_JUDG_AG_UK_JAC
DOC_JUDG_CJ_1996_0275_19980611,ACT_EU_INST_CJEU_JUDG_AG_UK_JAC
DOC_JUDG_CJ_1996_0279_19980915,ACT_EU_INST_CJEU_JUDG_AG_ES_RUI_JAR_COL
DOC_JUDG_CJ_1996_0282_19970529,ACT_EU_INST_CJEU_JUDG_AG_ES_RUI_JAR_COL
DOC_JUDG_CJ_1996_0284_19971218,ACT_EU_INST_CJEU_JUDG_AG_UK_JAC
DOC_JUDG_CJ_1996_0285_19981001,ACT_EU_INST_CJEU_JUDG_AG_LU_MIS
DOC_JUDG_CJ_1996_0287_19980716,ACT_EU_INST_CJEU_JUDG_AG_FR_LEGE
DOC_JUDG_CJ_1996_0288_20001005,ACT_EU_INST_CJEU_JUDG_AG_EL_COS
DOC_JUDG_CJ_1996_0289_19990316,ACT_EU_INST_CJEU_JUDG_AG_IT_PERG
DOC_JUDG_CJ_1996_0291_19971009,ACT_EU_INST_CJEU_JUDG_AG_IT_TES
DOC_JUDG_CJ_1996_0292_19980115,ACT_EU_INST_CJEU_JUDG_AG_DK_ELM
DOC_JUDG_CJ_1996_0294_19970320,ACT_EU_INST_CJEU_JUDG_AG_DE_LEN
DOC_JUDG_CJ_1996_0297_19980611,ACT_EU_INST_CJEU_JUDG_AG_FR_LEGE
DOC_JUDG_CJ_1996_0298_19980716,ACT_EU_INST_CJEU_JUDG_AG_FR_LEGE
DOC_JUDG_CJ_1996_0301_20030930,ACT_EU_INST_CJEU_JUDG_AG_LU_MIS
DOC_JUDG_CJ_1996_0304_19971016,ACT_EU_INST_CJEU_JUDG_AG_DE_LEN
DOC_JUDG_CJ_1996_0306_19980428,ACT_EU_INST_CJEU_JUDG_AG_IT_TES
DOC_JUDG_CJ_1996_0307_19970925,ACT_EU_INST_CJEU_JUDG_AG_DK_ELM
DOC_JUDG_CJ_1996_0308_19981022,ACT_EU_INST_CJEU_JUDG_AG_FR_LEGE
DOC_JUDG_CJ_1996_0309_19971218,ACT_EU_INST_CJEU_JUDG_AG_EL_COS
DOC_JUDG_CJ_1996_0311_19970529,ACT_EU_INST_CJEU_JUDG_AG_DE_LEN
DOC_JUDG_CJ_1996_0312_19970529,ACT_EU_INST_CJEU_JUDG_AG_DE_LEN
DOC_JUDG_CJ_1996_0313_19970529,ACT_EU_INST_CJEU_JUDG_AG_UK_JAC
DOC_JUDG_CJ_1996_0314_19980312,ACT_EU_INST_CJEU_JUDG_AG_UK_JAC
DOC_JUDG_CJ_1996_0315_19980129,ACT_EU_INST_CJEU_JUDG_AG_FR_LEGE
DOC_JUDG_CJ_1996_0316_19971216,ACT_EU_INST_CJEU_JUDG_AG_IE_FEN
DOC_JUDG_CJ_1996_0318_19980219,ACT_EU_INST_CJEU_JUDG_AG_DE_ALB
DOC_JUDG_CJ_1996_0319_19980924,ACT_EU_INST_CJEU_JUDG_AG_UK_JAC
DOC_JUDG_CJ_1996_0321_19980617,ACT_EU_INST_CJEU_JUDG_AG_IT_PERG
DOC_JUDG_CJ_1996_0323_19980917,ACT_EU_INST_CJEU_JUDG_AG_DE_ALB
DOC_JUDG_CJ_1996_0324_19980326,ACT_EU_INST_CJEU_JUDG_AG_DK_ELM
DOC_JUDG_CJ_1996_0325_19971216,ACT_EU_INST_CJEU_JUDG_AG_ES_RUI_JAR_COL
DOC_JUDG_CJ_1996_0326_19981201,ACT_EU_INST_CJEU_JUDG_AG_FR_LEGE
DOC_JUDG_CJ_1996_0328_19991028,ACT_EU_INST_CJEU_JUDG_AG_DE_ALB
DOC_JUDG_CJ_1996_0329_19970626,ACT_EU_INST_CJEU_JUDG_AG_UK_JAC
DOC_JUDG_CJ_1996_0336_19980512,ACT_EU_INST_CJEU_JUDG_AG_ES_RUI_JAR_COL
DOC_JUDG_CJ_1996_0337_19981203,ACT_EU_INST_CJEU_JUDG_AG_IT_SAG
DOC_JUDG_CJ_1996_0340_19990422,ACT_EU_INST_CJEU_JUDG_AG_LU_MIS
DOC_JUDG_CJ_1996_0341_19971216,ACT_EU_INST_CJEU_JUDG_AG_IE_FEN
DOC_JUDG_CJ_1996_0342_19990429,ACT_EU_INST_CJEU_JUDG_AG_IT_PERG
DOC_JUDG_CJ_1996_0343_19990209,ACT_EU_INST_CJEU_JUDG_AG_ES_RUI_JAR_COL
DOC_JUDG_CJ_1996_0344_19980312,ACT_EU_INST_CJEU_JUDG_AG_FR_LEGE
DOC_JUDG_CJ_1996_0346_19980129,ACT_EU_INST_CJEU_JUDG_AG_FR_LEGE
DOC_JUDG_CJ_1996_0347_19980305,ACT_EU_INST_CJEU_JUDG_AG_IT_TES
DOC_JUDG_CJ_1996_0348_19990119,ACT_EU_INST_CJEU_JUDG_AG_IT_PERG
DOC_JUDG_CJ_1996_0349_19990225,ACT_EU_INST_CJEU_JUDG_AG_IE_FEN
DOC_JUDG_CJ_1996_0350_19980507,ACT_EU_INST_CJEU_JUDG_AG_IE_FEN
DOC_JUDG_CJ_1996_0351_19980519,ACT_EU_INST_CJEU_JUDG_AG_IE_FEN
DOC_JUDG_CJ_1996_0352_19981112,ACT_EU_INST_CJEU_JUDG_AG_LU_MIS
DOC_JUDG_CJ_1996_0353_19981217,ACT_EU_INST_CJEU_JUDG_AG_DE_ALB
DOC_JUDG_CJ_1996_0355_19980716,ACT_EU_INST_CJEU_JUDG_AG_UK_JAC
DOC_JUDG_CJ_1996_0357_19970529,ACT_EU_INST_CJEU_JUDG_AG_ES_RUI_JAR_COL
DOC_JUDG_CJ_1996_0360_19981110,ACT_EU_INST_CJEU_JUDG_AG_IT_PERG
DOC_JUDG_CJ_1996_0361_19980611,ACT_EU_INST_CJEU_JUDG_AG_EL_COS
DOC_JUDG_CJ_1996_0364_19980514,ACT_EU_INST_CJEU_JUDG_AG_IT_TES
DOC_JUDG_CJ_1996_0366_19980212,ACT_EU_INST_CJEU_JUDG_AG_DE_LEN
DOC_JUDG_CJ_1996_0367_19980512,ACT_EU_INST_CJEU_JUDG_AG_IT_TES
DOC_JUDG_CJ_1996_0368_19981203,ACT_EU_INST_CJEU_JUDG_AG_ES_RUI_JAR_COL
DOC_JUDG_CJ_1996_0369_19991123,ACT_EU_INST_CJEU_JUDG_AG_ES_RUI_JAR_COL
DOC_JUDG_CJ_1996_0370_19981126,ACT_EU_INST_CJEU_JUDG_AG_IE_FEN
DOC_JUDG_CJ_1996_0372_19980917,ACT_EU_INST_CJEU_JUDG_AG_LU_MIS
DOC_JUDG_CJ_1996_0374_19981216,ACT_EU_INST_CJEU_JUDG_AG_FR_LEGE
DOC_JUDG_CJ_1996_0375_19981029,ACT_EU_INST_CJEU_JUDG_AG_EL_COS
DOC_JUDG_CJ_1996_0377_19980430,ACT_EU_INST_CJEU_JUDG_AG_DE_ALB
DOC_JUDG_CJ_1996_0385_19980714,ACT_EU_INST_CJEU_JUDG_AG_EL_COS
DOC_JUDG_CJ_1996_0386_P_19980505,ACT_EU_INST_CJEU_JUDG_AG_IT_PERG
DOC_JUDG_CJ_1996_0387_19980317,ACT_EU_INST_CJEU_JUDG_AG_FR_LEGE
DOC_JUDG_CJ_1996_0389_19980714,ACT_EU_INST_CJEU_JUDG_AG_EL_COS
DOC_JUDG_CJ_1996_0390_19980507,ACT_EU_INST_CJEU_JUDG_AG_IE_FEN
DOC_JUDG_CJ_1996_0391_P_19980505,ACT_EU_INST_CJEU_JUDG_AG_IT_PERG
DOC_JUDG_CJ_1996_0392_19990921,ACT_EU_INST_CJEU_JUDG_AG_IT_PERG
DOC_JUDG_CJ_1996_0394_19980630,ACT_EU_INST_CJEU_JUDG_AG_ES_RUI_JAR_COL
DOC_JUDG_CJ_1996_0395_P_20000316,ACT_EU_INST_CJEU_JUDG_AG_IE_FEN
DOC_JUDG_CJ_1996_0397_19990921,ACT_EU_INST_CJEU_JUDG_AG_IT_SAG
DOC_JUDG_CJ_1996_0399_19981112,ACT_EU_INST_CJEU_JUDG_AG_EL_COS
DOC_JUDG_CJ_1996_0400_19980917,ACT_EU_INST_CJEU_JUDG_AG_DE_ALB
DOC_JUDG_CJ_1996_0401_P_19980507,ACT_EU_INST_CJEU_JUDG_AG_IT_TES
DOC_JUDG_CJ_1996_0402_19971218,ACT_EU_INST_CJEU_JUDG_AG_IT_PERG
DOC_JUDG_CJ_1996_0403_P_19980505,ACT_EU_INST_CJEU_JUDG_AG_IT_PERG
DOC_JUDG_CJ_1996_0404_P_19980505,ACT_EU_INST_CJEU_JUDG_AG_IT_PERG
DOC_JUDG_CJ_1996_0410_19981201,ACT_EU_INST_CJEU_JUDG_AG_LU_MIS
DOC_JUDG_CJ_1996_0411_19981027,ACT_EU_INST_CJEU_JUDG_AG_ES_RUI_JAR_COL
DOC_JUDG_CJ_1996_0412_19980917,ACT_EU_INST_CJEU_JUDG_AG_FR_LEGE
DOC_JUDG_CJ_1996_0413_19980924,ACT_EU_INST_CJEU_JUDG_AG_DE_ALB
DOC_JUDG_CJ_1996_0415_19981112,ACT_EU_INST_CJEU_JUDG_AG_UK_JAC
DOC_JUDG_CJ_1996_0416_19990302,ACT_EU_INST_CJEU_JUDG_AG_FR_LEGE
DOC_JUDG_CJ_1997_0001_19981126,ACT_EU_INST_CJEU_JUDG_AG_IE_FEN
DOC_JUDG_CJ_1997_0002_19981217,ACT_EU_INST_CJEU_JUDG_AG_LU_MIS
DOC_JUDG_CJ_1997_0003_19980528,ACT_EU_INST_CJEU_JUDG_AG_FR_LEGE
DOC_JUDG_CJ_1997_0004_19981027,ACT_EU_INST_CJEU_JUDG_AG_IE_FEN
DOC_JUDG_CJ_1997_0005_19971218,ACT_EU_INST_CJEU_JUDG_AG_IT_PERG
DOC_JUDG_CJ_1997_0006_19990519,ACT_EU_INST_CJEU_JUDG_AG_ES_RUI_JAR_COL
DOC_JUDG_CJ_1997_0007_19981126,ACT_EU_INST_CJEU_JUDG_AG_UK_JAC
DOC_JUDG_CJ_1997_0008_19980219,ACT_EU_INST_CJEU_JUDG_AG_FR_LEGE
DOC_JUDG_CJ_1997_0009_19981022,ACT_EU_INST_CJEU_JUDG_AG_LU_MIS
DOC_JUDG_CJ_1997_0010_19981022,ACT_EU_INST_CJEU_JUDG_AG_ES_RUI_JAR_COL
DOC_JUDG_CJ_1997_0024_19980430,ACT_EU_INST_CJEU_JUDG_AG_UK_JAC
DOC_JUDG_CJ_1997_0031_19981027,ACT_EU_INST_CJEU_JUDG_AG_IE_FEN
DOC_JUDG_CJ_1997_0033_19990603,ACT_EU_INST_CJEU_JUDG_AG_EL_COS
DOC_JUDG_CJ_1997_0035_19980924,ACT_EU_INST_CJEU_JUDG_AG_DE_ALB
DOC_JUDG_CJ_1997_0036_19981022,ACT_EU_INST_CJEU_JUDG_AG_UK_JAC
DOC_JUDG_CJ_1997_0038_19981001,ACT_EU_INST_CJEU_JUDG_AG_DE_ALB
DOC_JUDG_CJ_1997_0039_19980929,ACT_EU_INST_CJEU_JUDG_AG_UK_JAC
DOC_JUDG_CJ_1997_0041_19980611,ACT_EU_INST_CJEU_JUDG_AG_LU_MIS
DOC_JUDG_CJ_1997_0042_19990223,ACT_EU_INST_CJEU_JUDG_AG_IT_PERG
DOC_JUDG_CJ_1997_0043_19970717,ACT_EU_INST_CJEU_JUDG_AG_DE_LEN
DOC_JUDG_CJ_1997_0044_19991021,ACT_EU_INST_CJEU_JUDG_AG_LU_MIS
DOC_JUDG_CJ_1997_0045_20000706,ACT_EU_INST_CJEU_JUDG_AG_FR_LEGE
DOC_JUDG_CJ_1997_0046_20000713,ACT_EU_INST_CJEU_JUDG_AG_FR_LEGE
DOC_JUDG_CJ_1997_0047_19980430,ACT_EU_INST_CJEU_JUDG_AG_DE_ALB
DOC_JUDG_CJ_1997_0048_19990427,ACT_EU_INST_CJEU_JUDG_AG_IE_FEN
DOC_JUDG_CJ_1997_0051_19981027,ACT_EU_INST_CJEU_JUDG_AG_EL_COS
DOC_JUDG_CJ_1997_0052_19980507,ACT_EU_INST_CJEU_JUDG_AG_UK_JAC
DOC_JUDG_CJ_1997_0059_19990318,ACT_EU_INST_CJEU_JUDG_AG_DE_ALB
DOC_JUDG_CJ_1997_0061_19980922,ACT_EU_INST_CJEU_JUDG_AG_IT_PERG
DOC_JUDG_CJ_1997_0062_P_19980528,ACT_EU_INST_CJEU_JUDG_AG_IT_TES
DOC_JUDG_CJ_1997_0063_19990223,ACT_EU_INST_CJEU_JUDG_AG_UK_JAC
DOC_JUDG_CJ_1997_0065_19990225,ACT_EU_INST_CJEU_JUDG_AG_IT_SAG
DOC_JUDG_CJ_1997_0067_19981203,ACT_EU_INST_CJEU_JUDG_AG_IE_FEN
DOC_JUDG_CJ_1997_0069_19990427,ACT_EU_INST_CJEU_JUDG_AG_IT_PERG
DOC_JUDG_CJ_1997_0070_P_19981117,ACT_EU_INST_CJEU_JUDG_AG_IE_FEN
DOC_JUDG_CJ_1997_0071_19981001,ACT_EU_INST_CJEU_JUDG_AG_LU_MIS
DOC_JUDG_CJ_1997_0073_P_19990121,ACT_EU_INST_CJEU_JUDG_AG_LU_MIS
DOC_JUDG_CJ_1997_0075_19990617,ACT_EU_INST_CJEU_JUDG_AG_IT_PERG
DOC_JUDG_CJ_1997_0076_19980924,ACT_EU_INST_CJEU_JUDG_AG_IE_FEN
DOC_JUDG_CJ_1997_0077_19990128,ACT_EU_INST_CJEU_JUDG_AG_EL_COS
DOC_JUDG_CJ_1997_0083_19971211,ACT_EU_INST_CJEU_JUDG_AG_IE_FEN
DOC_JUDG_CJ_1997_0085_19981119,ACT_EU_INST_CJEU_JUDG_AG_LU_MIS
DOC_JUDG_CJ_1997_0086_19990225,ACT_EU_INST_CJEU_JUDG_AG_EL_COS
DOC_JUDG_CJ_1997_0087_19990304,ACT_EU_INST_CJEU_JUDG_AG_UK_JAC
DOC_JUDG_CJ_1997_0090_19990225,ACT_EU_INST_CJEU_JUDG_AG_IT_SAG
DOC_JUDG_CJ_1997_0093_19980716,ACT_EU_INST_CJEU_JUDG_AG_EL_COS
DOC_JUDG_CJ_1997_0102_19990909,ACT_EU_INST_CJEU_JUDG_AG_IE_FEN
DOC_JUDG_CJ_1997_0103_19990204,ACT_EU_INST_CJEU_JUDG_AG_IT_SAG
DOC_JUDG_CJ_1997_0104_P_19991014,ACT_EU_INST_CJEU_JUDG_AG_LU_MIS
DOC_JUDG_CJ_1997_0106_19990921,ACT_EU_INST_CJEU_JUDG_AG_IT_PERG
DOC_JUDG_CJ_1997_0107_20000518,ACT_EU_INST_CJEU_JUDG_AG_IE_FEN
DOC_JUDG_CJ_1997_0108_19990504,ACT_EU_INST_CJEU_JUDG_AG_EL_COS
DOC_JUDG_CJ_1997_0110_20011122,ACT_EU_INST_CJEU_JUDG_AG_FR_LEGE
DOC_JUDG_CJ_1997_0111_19980924,ACT_EU_INST_CJEU_JUDG_AG_IE_FEN
DOC_JUDG_CJ_1997_0112_19990325,ACT_EU_INST_CJEU_JUDG_AG_DE_ALB
DOC_JUDG_CJ_1997_0113_19980115,ACT_EU_INST_CJEU_JUDG_AG_UK_JAC
DOC_JUDG_CJ_1997_0114_19981029,ACT_EU_INST_CJEU_JUDG_AG_DE_ALB
DOC_JUDG_CJ_1997_0115_19990921,ACT_EU_INST_CJEU_JUDG_AG_UK_JAC
DOC_JUDG_CJ_1997_0119_P_19990304,ACT_EU_INST_CJEU_JUDG_AG_ES_RUI_JAR_COL
DOC_JUDG_CJ_1997_0120_19990121,ACT_EU_INST_CJEU_JUDG_AG_FR_LEGE
DOC_JUDG_CJ_1997_0124_19990921,ACT_EU_INST_CJEU_JUDG_AG_IT_PERG
DOC_JUDG_CJ_1997_0125_19980714,ACT_EU_INST_CJEU_JUDG_AG_EL_COS
DOC_JUDG_CJ_1997_0126_19990601,ACT_EU_INST_CJEU_JUDG_AG_IT_SAG
DOC_JUDG_CJ_1997_0127_19981001,ACT_EU_INST_CJEU_JUDG_AG_IT_SAG
DOC_JUDG_CJ_1997_0129_19980609,ACT_EU_INST_CJEU_JUDG_AG_IT_PERG
DOC_JUDG_CJ_1997_0131_19990225,ACT_EU_INST_CJEU_JUDG_AG_FR_LEGE
DOC_JUDG_CJ_1997_0134_19981112,ACT_EU_INST_CJEU_JUDG_AG_IE_FEN
DOC_JUDG_CJ_1997_0136_19990429,ACT_EU_INST_CJEU_JUDG_AG_IE_FEN
DOC_JUDG_CJ_1997_0139_19980212,ACT_EU_INST_CJEU_JUDG_AG_DE_ALB
DOC_JUDG_CJ_1997_0140_19990615,ACT_EU_INST_CJEU_JUDG_AG_IT_SAG
DOC_JUDG_CJ_1997_0143_19981022,ACT_EU_INST_CJEU_JUDG_AG_DE_ALB
DOC_JUDG_CJ_1997_0144_19980212,ACT_EU_INST_CJEU_JUDG_AG_EL_COS
DOC_JUDG_CJ_1997_0145_19980507,ACT_EU_INST_CJEU_JUDG_AG_IE_FEN
DOC_JUDG_CJ_1997_0147_20000210,ACT_EU_INST_CJEU_JUDG_AG_IT_PERG
DOC_JUDG_CJ_1997_0149_19981112,ACT_EU_INST_CJEU_JUDG_AG_EL_COS
DOC_JUDG_CJ_1997_0150_19990121,ACT_EU_INST_CJEU_JUDG_AG_LU_MIS
DOC_JUDG_CJ_1997_0152_19981027,ACT_EU_INST_CJEU_JUDG_AG_EL_COS
DOC_JUDG_CJ_1997_0153_19981217,ACT_EU_INST_CJEU_JUDG_AG_IT_PERG
DOC_JUDG_CJ_1997_0156_20000217,ACT_EU_INST_CJEU_JUDG_AG_LU_MIS
DOC_JUDG_CJ_1997_0158_20000328,ACT_EU_INST_CJEU_JUDG_AG_IT_SAG
DOC_JUDG_CJ_1997_0159_19990316,ACT_EU_INST_CJEU_JUDG_AG_FR_LEGE
DOC_JUDG_CJ_1997_0161_P_19990422,ACT_EU_INST_CJEU_JUDG_AG_FR_LEGE
DOC_JUDG_CJ_1997_0162_19981119,ACT_EU_INST_CJEU_JUDG_AG_LU_MIS
DOC_JUDG_CJ_1997_0163_19980312,ACT_EU_INST_CJEU_JUDG_AG_EL_COS
DOC_JUDG_CJ_1997_0164_19990225,ACT_EU_INST_CJEU_JUDG_AG_UK_JAC
DOC_JUDG_CJ_1997_0166_19990318,ACT_EU_INST_CJEU_JUDG_AG_IE_FEN
DOC_JUDG_CJ_1997_0167_19990209,ACT_EU_INST_CJEU_JUDG_AG_EL_COS
DOC_JUDG_CJ_1997_0172_19990610,ACT_EU_INST_CJEU_JUDG_AG_DE_ALB
DOC_JUDG_CJ_1997_0172_OP_20011002,ACT_EU_INST_CJEU_JUDG_AG_DE_ALB
DOC_JUDG_CJ_1997_0175_19980305,ACT_EU_INST_CJEU_JUDG_AG_IT_PERG
DOC_JUDG_CJ_1997_0176_19980611,ACT_EU_INST_CJEU_JUDG_AG_IT_PERG
DOC_JUDG_CJ_1997_0178_20000330,ACT_EU_INST_CJEU_JUDG_AG_ES_RUI_JAR_COL
DOC_JUDG_CJ_1997_0179_19990302,ACT_EU_INST_CJEU_JUDG_AG_DE_ALB
DOC_JUDG_CJ_1997_0181_19990128,ACT_EU_INST_CJEU_JUDG_AG_ES_RUI_JAR_COL
DOC_JUDG_CJ_1997_0183_19980618,ACT_EU_INST_CJEU_JUDG_AG_IT_PERG
DOC_JUDG_CJ_1997_0184_19991111,ACT_EU_INST_CJEU_JUDG_AG_LU_MIS
DOC_JUDG_CJ_1997_0185_19980922,ACT_EU_INST_CJEU_JUDG_AG_LU_MIS
DOC_JUDG_CJ_1997_0189_19990708,ACT_EU_INST_CJEU_JUDG_AG_LU_MIS
DOC_JUDG_CJ_1997_0190_19971211,ACT_EU_INST_CJEU_JUDG_AG_IE_FEN
DOC_JUDG_CJ_1997_0193_19981029,ACT_EU_INST_CJEU_JUDG_AG_ES_RUI_JAR_COL
DOC_JUDG_CJ_1997_0195_19990225,ACT_EU_INST_CJEU_JUDG_AG_FR_LEGE
DOC_JUDG_CJ_1997_0198_19990608,ACT_EU_INST_CJEU_JUDG_AG_UK_JAC
DOC_JUDG_CJ_1997_0200_19981201,ACT_EU_INST_CJEU_JUDG_AG_IE_FEN
DOC_JUDG_CJ_1997_0202_20000210,ACT_EU_INST_CJEU_JUDG_AG_UK_JAC
DOC_JUDG_CJ_1997_0204_20010503,ACT_EU_INST_CJEU_JUDG_AG_DE_ALB
DOC_JUDG_CJ_1997_0206_19990629,ACT_EU_INST_CJEU_JUDG_AG_FR_LEGE
DOC_JUDG_CJ_1997_0207_19990121,ACT_EU_INST_CJEU_JUDG_AG_LU_MIS
DOC_JUDG_CJ_1997_0208_19980618,ACT_EU_INST_CJEU_JUDG_AG_FR_LEGE
DOC_JUDG_CJ_1997_0209_19991118,ACT_EU_INST_CJEU_JUDG_AG_IT_SAG
DOC_JUDG_CJ_1997_0210_19981119,ACT_EU_INST_CJEU_JUDG_AG_FR_LEGE
DOC_JUDG_CJ_1997_0211_19990603,ACT_EU_INST_CJEU_JUDG_AG_UK_JAC
DOC_JUDG_CJ_1997_0212_19990309,ACT_EU_INST_CJEU_JUDG_AG_IT_PERG
DOC_JUDG_CJ_1997_0213_19980528,ACT_EU_INST_CJEU_JUDG_AG_UK_JAC
DOC_JUDG_CJ_1997_0214_19980617,ACT_EU_INST_CJEU_JUDG_AG_ES_RUI_JAR_COL
DOC_JUDG_CJ_1997_0215_19980430,ACT_EU_INST_CJEU_JUDG_AG_EL_COS
DOC_JUDG_CJ_1997_0216_19990907,ACT_EU_INST_CJEU_JUDG_AG_EL_COS
DOC_JUDG_CJ_1997_0217_19990909,ACT_EU_INST_CJEU_JUDG_AG_IE_FEN
DOC_JUDG_CJ_1997_0219_19990921,ACT_EU_INST_CJEU_JUDG_AG_UK_JAC
DOC_JUDG_CJ_1997_0221_P_19981210,ACT_EU_INST_CJEU_JUDG_AG_ES_RUI_JAR_COL
DOC_JUDG_CJ_1997_0222_19990316,ACT_EU_INST_CJEU_JUDG_AG_IT_PERG
DOC_JUDG_CJ_1997_0224_19990429,ACT_EU_INST_CJEU_JUDG_AG_LU_MIS
DOC_JUDG_CJ_1997_0225_19990519,ACT_EU_INST_CJEU_JUDG_AG_IT_PERG
DOC_JUDG_CJ_1997_0226_19980616,ACT_EU_INST_CJEU_JUDG_AG_IE_FEN
DOC_JUDG_CJ_1997_0229_19981015,ACT_EU_INST_CJEU_JUDG_AG_DE_ALB
DOC_JUDG_CJ_1997_0230_19981029,ACT_EU_INST_CJEU_JUDG_AG_FR_LEGE
DOC_JUDG_CJ_1997_0231_19990929,ACT_EU_INST_CJEU_JUDG_AG_IT_SAG
DOC_JUDG_CJ_1997_0232_19990929,ACT_EU_INST_CJEU_JUDG_AG_IT_SAG
DOC_JUDG_CJ_1997_0233_19981203,ACT_EU_INST_CJEU_JUDG_AG_EL_COS
DOC_JUDG_CJ_1997_0234_19990708,ACT_EU_INST_CJEU_JUDG_AG_IE_FEN
DOC_JUDG_CJ_1997_0235_19981119,ACT_EU_INST_CJEU_JUDG_AG_DE_ALB
DOC_JUDG_CJ_1997_0236_19981217,ACT_EU_INST_CJEU_JUDG_AG_DE_ALB
DOC_JUDG_CJ_1997_0237_19990211,ACT_EU_INST_CJEU_JUDG_AG_IT_SAG
DOC_JUDG_CJ_1997_0240_19991005,ACT_EU_INST_CJEU_JUDG_AG_FR_LEGE
DOC_JUDG_CJ_1997_0241_19990420,ACT_EU_INST_CJEU_JUDG_AG_ES_RUI_JAR_COL
DOC_JUDG_CJ_1997_0242_20000518,ACT_EU_INST_CJEU_JUDG_AG_DE_ALB
DOC_JUDG_CJ_1997_0243_20000713,ACT_EU_INST_CJEU_JUDG_AG_FR_LEGE
DOC_JUDG_CJ_1997_0244_19981217,ACT_EU_INST_CJEU_JUDG_AG_IE_FEN
DOC_JUDG_CJ_1997_0245_20001214,ACT_EU_INST_CJEU_JUDG_AG_IE_FEN
DOC_JUDG_CJ_1997_0247_19981203,ACT_EU_INST_CJEU_JUDG_AG_UK_JAC
DOC_JUDG_CJ_1997_0249_19990914,ACT_EU_INST_CJEU_JUDG_AG_FR_LEGE
DOC_JUDG_CJ_1997_0250_19981217,ACT_EU_INST_CJEU_JUDG_AG_EL_COS
DOC_JUDG_CJ_1997_0251_19991005,ACT_EU_INST_CJEU_JUDG_AG_IE_FEN
DOC_JUDG_CJ_1997_0253_19991028,ACT_EU_INST_CJEU_JUDG_AG_DE_ALB
DOC_JUDG_CJ_1997_0254_19990708,ACT_EU_INST_CJEU_JUDG_AG_IT_SAG
DOC_JUDG_CJ_1997_0255_19990511,ACT_EU_INST_CJEU_JUDG_AG_LU_MIS
DOC_JUDG_CJ_1997_0256_19990629,ACT_EU_INST_CJEU_JUDG_AG_UK_JAC
DOC_JUDG_CJ_1997_0258_19990304,ACT_EU_INST_CJEU_JUDG_AG_IT_SAG
DOC_JUDG_CJ_1997_0259_19981203,ACT_EU_INST_CJEU_JUDG_AG_FR_LEGE
DOC_JUDG_CJ_1997_0260_19990617,ACT_EU_INST_CJEU_JUDG_AG_IT_PERG
DOC_JUDG_CJ_1997_0262_20000926,ACT_EU_INST_CJEU_JUDG_AG_FR_LEGE
DOC_JUDG_CJ_1997_0263_19980929,ACT_EU_INST_CJEU_JUDG_AG_IE_FEN
DOC_JUDG_CJ_1997_0265_P_20000330,ACT_EU_INST_CJEU_JUDG_AG_IT_SAG
DOC_JUDG_CJ_1997_0266_P_20000330,ACT_EU_INST_CJEU_JUDG_AG_IT_SAG
DOC_JUDG_CJ_1997_0267_19990429,ACT_EU_INST_CJEU_JUDG_AG_IT_PERG
DOC_JUDG_CJ_1997_0268_19981015,ACT_EU_INST_CJEU_JUDG_AG_UK_JAC
DOC_JUDG_CJ_1997_0269_20000404,ACT_EU_INST_CJEU_JUDG_AG_IT_SAG
DOC_JUDG_CJ_1997_0270_20000210,ACT_EU_INST_CJEU_JUDG_AG_EL_COS
DOC_JUDG_CJ_1997_0272_19990422,ACT_EU_INST_CJEU_JUDG_AG_EL_COS
DOC_JUDG_CJ_1997_0273_19991026,ACT_EU_INST_CJEU_JUDG_AG_IT_PERG
DOC_JUDG_CJ_1997_0274_20000516,ACT_EU_INST_CJEU_JUDG_AG_IE_FEN
DOC_JUDG_CJ_1997_0275_19990914,ACT_EU_INST_CJEU_JUDG_AG_FR_LEGE
DOC_JUDG_CJ_1997_0276_20000912,ACT_EU_INST_CJEU_JUDG_AG_DE_ALB
DOC_JUDG_CJ_1997_0279_19981210,ACT_EU_INST_CJEU_JUDG_AG_ES_RUI_JAR_COL
DOC_JUDG_CJ_1997_0280_19990209,ACT_EU_INST_CJEU_JUDG_AG_IE_FEN
DOC_JUDG_CJ_1997_0281_19990909,ACT_EU_INST_CJEU_JUDG_AG_FR_LEGE
DOC_JUDG_CJ_1997_0283_19981015,ACT_EU_INST_CJEU_JUDG_AG_IT_SAG
DOC_JUDG_CJ_1997_0284_19981015,ACT_EU_INST_CJEU_JUDG_AG_IT_SAG
DOC_JUDG_CJ_1997_0285_19980716,ACT_EU_INST_CJEU_JUDG_AG_IT_PERG
DOC_JUDG_CJ_1997_0288_19990429,ACT_EU_INST_CJEU_JUDG_AG_IT_PERG
DOC_JUDG_CJ_1997_0289_20000706,ACT_EU_INST_CJEU_JUDG_AG_LU_MIS
DOC_JUDG_CJ_1997_0290_19981210,ACT_EU_INST_CJEU_JUDG_AG_IE_FEN
DOC_JUDG_CJ_1997_0291_P_19980611,ACT_EU_INST_CJEU_JUDG_AG_DE_ALB
DOC_JUDG_CJ_1997_0292_20000413,ACT_EU_INST_CJEU_JUDG_AG_ES_RUI_JAR_COL
DOC_JUDG_CJ_1997_0293_19990429,ACT_EU_INST_CJEU_JUDG_AG_FR_LEGE
DOC_JUDG_CJ_1997_0294_19991026,ACT_EU_INST_CJEU_JUDG_AG_LU_MIS
DOC_JUDG_CJ_1997_0295_19990617,ACT_EU_INST_CJEU_JUDG_AG_ES_RUI_JAR_COL
DOC_JUDG_CJ_1997_0298_19980528,ACT_EU_INST_CJEU_JUDG_AG_EL_COS
DOC_JUDG_CJ_1997_0301_20011122,ACT_EU_INST_CJEU_JUDG_AG_FR_LEGE
DOC_JUDG_CJ_1997_0302_19990601,ACT_EU_INST_CJEU_JUDG_AG_IT_PERG
DOC_JUDG_CJ_1997_0303_19990128,ACT_EU_INST_CJEU_JUDG_AG_IE_FEN
DOC_JUDG_CJ_1997_0304_P_19990318,ACT_EU_INST_CJEU_JUDG_AG_IE_FEN
DOC_JUDG_CJ_1997_0305_19991005,ACT_EU_INST_CJEU_JUDG_AG_FR_LEGE
DOC_JUDG_CJ_1997_0306_19981217,ACT_EU_INST_CJEU_JUDG_AG_DE_ALB
DOC_JUDG_CJ_1997_0307_19990921,ACT_EU_INST_CJEU_JUDG_AG_LU_MIS
DOC_JUDG_CJ_1997_0308_19981125,ACT_EU_INST_CJEU_JUDG_AG_ES_RUI_JAR_COL
DOC_JUDG_CJ_1997_0309_19990511,ACT_EU_INST_CJEU_JUDG_AG_EL_COS
DOC_JUDG_CJ_1997_0310_P_19990914,ACT_EU_INST_CJEU_JUDG_AG_ES_RUI_JAR_COL
DOC_JUDG_CJ_1997_0311_19990429,ACT_EU_INST_CJEU_JUDG_AG_DE_ALB
DOC_JUDG_CJ_1997_0313_19980312,ACT_EU_INST_CJEU_JUDG_AG_UK_JAC
DOC_JUDG_CJ_1997_0316_P_19981119,ACT_EU_INST_CJEU_JUDG_AG_ES_RUI_JAR_COL
DOC_JUDG_CJ_1997_0319_19990601,ACT_EU_INST_CJEU_JUDG_AG_IT_SAG
DOC_JUDG_CJ_1997_0321_19990615,ACT_EU_INST_CJEU_JUDG_AG_EL_COS
DOC_JUDG_CJ_1997_0323_19980709,ACT_EU_INST_CJEU_JUDG_AG_EL_COS
DOC_JUDG_CJ_1997_0324_19981015,ACT_EU_INST_CJEU_JUDG_AG_IE_FEN
DOC_JUDG_CJ_1997_0326_19981015,ACT_EU_INST_CJEU_JUDG_AG_IE_FEN
DOC_JUDG_CJ_1997_0327_P_19991005,ACT_EU_INST_CJEU_JUDG_AG_LU_MIS
DOC_JUDG_CJ_1997_0328_19981210,ACT_EU_INST_CJEU_JUDG_AG_IE_FEN
DOC_JUDG_CJ_1997_0329_20000316,ACT_EU_INST_CJEU_JUDG_AG_LU_MIS
DOC_JUDG_CJ_1997_0333_19991021,ACT_EU_INST_CJEU_JUDG_AG_ES_RUI_JAR_COL
DOC_JUDG_CJ_1997_0334_19990610,ACT_EU_INST_CJEU_JUDG_AG_IE_FEN
DOC_JUDG_CJ_1997_0336_19990617,ACT_EU_INST_CJEU_JUDG_AG_UK_JAC
DOC_JUDG_CJ_1997_0337_19990608,ACT_EU_INST_CJEU_JUDG_AG_IT_PERG
DOC_JUDG_CJ_1997_0338_19990608,ACT_EU_INST_CJEU_JUDG_AG_DE_ALB
DOC_JUDG_CJ_1997_0339_19980716,ACT_EU_INST_CJEU_JUDG_AG_IT_PERG
DOC_JUDG_CJ_1997_0340_20000210,ACT_EU_INST_CJEU_JUDG_AG_LU_MIS
DOC_JUDG_CJ_1997_0342_19990622,ACT_EU_INST_CJEU_JUDG_AG_UK_JAC
DOC_JUDG_CJ_1997_0343_19980709,ACT_EU_INST_CJEU_JUDG_AG_IT_PERG
DOC_JUDG_CJ_1997_0346_19990610,ACT_EU_INST_CJEU_JUDG_AG_IE_FEN
DOC_JUDG_CJ_1997_0347_19990121,ACT_EU_INST_CJEU_JUDG_AG_EL_COS
DOC_JUDG_CJ_1997_0348_20000615,ACT_EU_INST_CJEU_JUDG_AG_IT_SAG
DOC_JUDG_CJ_1997_0349_20030508,ACT_EU_INST_CJEU_JUDG_AG_FR_LEGE
DOC_JUDG_CJ_1997_0350_19990511,ACT_EU_INST_CJEU_JUDG_AG_FR_LEGE
DOC_JUDG_CJ_1997_0354_19990209,ACT_EU_INST_CJEU_JUDG_AG_ES_RUI_JAR_COL
DOC_JUDG_CJ_1997_0355_19990907,ACT_EU_INST_CJEU_JUDG_AG_IT_PERG
DOC_JUDG_CJ_1997_0356_20000706,ACT_EU_INST_CJEU_JUDG_AG_IT_SAG
DOC_JUDG_CJ_1997_0358_20000912,ACT_EU_INST_CJEU_JUDG_AG_DE_ALB
DOC_JUDG_CJ_1997_0359_20000912,ACT_EU_INST_CJEU_JUDG_AG_DE_ALB
DOC_JUDG_CJ_1997_0360_19990420,ACT_EU_INST_CJEU_JUDG_AG_EL_COS
DOC_JUDG_CJ_1997_0364_19981027,ACT_EU_INST_CJEU_JUDG_AG_IT_PERG
DOC_JUDG_CJ_1997_0365_19991109,ACT_EU_INST_CJEU_JUDG_AG_LU_MIS
DOC_JUDG_CJ_1997_0366_19990211,ACT_EU_INST_CJEU_JUDG_AG_IE_FEN
DOC_JUDG_CJ_1997_0368_19980514,ACT_EU_INST_CJEU_JUDG_AG_UK_JAC
DOC_JUDG_CJ_1997_0371_20001003,ACT_EU_INST_CJEU_JUDG_AG_FR_LEGE
DOC_JUDG_CJ_1997_0372_20040429,ACT_EU_INST_CJEU_JUDG_AG_DE_ALB
DOC_JUDG_CJ_1997_0373_20000323,ACT_EU_INST_CJEU_JUDG_AG_IT_SAG
DOC_JUDG_CJ_1997_0374_19990909,ACT_EU_INST_CJEU_JUDG_AG_FR_LEGE
DOC_JUDG_CJ_1997_0375_19990914,ACT_EU_INST_CJEU_JUDG_AG_UK_JAC
DOC_JUDG_CJ_1997_0376_19990610,ACT_EU_INST_CJEU_JUDG_AG_FR_LEGE
DOC_JUDG_CJ_1997_0378_19990921,ACT_EU_INST_CJEU_JUDG_AG_EL_COS
DOC_JUDG_CJ_1997_0379_19991012,ACT_EU_INST_CJEU_JUDG_AG_UK_JAC
DOC_JUDG_CJ_1997_0381_19981203,ACT_EU_INST_CJEU_JUDG_AG_DE_ALB
DOC_JUDG_CJ_1997_0383_19990209,ACT_EU_INST_CJEU_JUDG_AG_LU_MIS
DOC_JUDG_CJ_1997_0384_20000525,ACT_EU_INST_CJEU_JUDG_AG_FR_LEGE
DOC_JUDG_CJ_1997_0385_19981015,ACT_EU_INST_CJEU_JUDG_AG_FR_LEGE
DOC_JUDG_CJ_1997_0386_19981015,ACT_EU_INST_CJEU_JUDG_AG_IT_PERG
DOC_JUDG_CJ_1997_0387_20000704,ACT_EU_INST_CJEU_JUDG_AG_ES_RUI_JAR_COL
DOC_JUDG_CJ_1997_0391_19990914,ACT_EU_INST_CJEU_JUDG_AG_ES_RUI_JAR_COL
DOC_JUDG_CJ_1997_0392_19990916,ACT_EU_INST_CJEU_JUDG_AG_IE_FEN
DOC_JUDG_CJ_1997_0394_19990615,ACT_EU_INST_CJEU_JUDG_AG_IT_SAG
DOC_JUDG_CJ_1997_0404_20000627,ACT_EU_INST_CJEU_JUDG_AG_ES_RUI_JAR_COL
DOC_JUDG_CJ_1997_0405_19990428,ACT_EU_INST_CJEU_JUDG_AG_IT_SAG
DOC_JUDG_CJ_1997_0408_20000912,ACT_EU_INST_CJEU_JUDG_AG_DE_ALB
DOC_JUDG_CJ_1997_0410_19981029,ACT_EU_INST_CJEU_JUDG_AG_ES_RUI_JAR_COL
DOC_JUDG_CJ_1997_0412_19990622,ACT_EU_INST_CJEU_JUDG_AG_EL_COS
DOC_JUDG_CJ_1997_0414_19990916,ACT_EU_INST_CJEU_JUDG_AG_IT_SAG
DOC_JUDG_CJ_1997_0416_19990121,ACT_EU_INST_CJEU_JUDG_AG_LU_MIS
DOC_JUDG_CJ_1997_0417_19990603,ACT_EU_INST_CJEU_JUDG_AG_IT_SAG
DOC_JUDG_CJ_1997_0418_20000615,ACT_EU_INST_CJEU_JUDG_AG_DE_ALB
DOC_JUDG_CJ_1997_0420_19991005,ACT_EU_INST_CJEU_JUDG_AG_FR_LEGE
DOC_JUDG_CJ_1997_0421_19990615,ACT_EU_INST_CJEU_JUDG_AG_UK_JAC
DOC_JUDG_CJ_1997_0423_19990422,ACT_EU_INST_CJEU_JUDG_AG_DE_ALB
DOC_JUDG_CJ_1997_0424_20000704,ACT_EU_INST_CJEU_JUDG_AG_LU_MIS
DOC_JUDG_CJ_1997_0425_19990511,ACT_EU_INST_CJEU_JUDG_AG_FR_LEGE
DOC_JUDG_CJ_1997_0429_20010125,ACT_EU_INST_CJEU_JUDG_AG_IE_FEN
DOC_JUDG_CJ_1997_0430_19990610,ACT_EU_INST_CJEU_JUDG_AG_ES_RUI_JAR_COL
DOC_JUDG_CJ_1997_0431_19980915,ACT_EU_INST_CJEU_JUDG_AG_UK_JAC
DOC_JUDG_CJ_1997_0433_P_19991005,ACT_EU_INST_CJEU_JUDG_AG_LU_MIS
DOC_JUDG_CJ_1997_0434_20000224,ACT_EU_INST_CJEU_JUDG_AG_IT_SAG
DOC_JUDG_CJ_1997_0435_19990916,ACT_EU_INST_CJEU_JUDG_AG_LU_MIS
DOC_JUDG_CJ_1997_0437_20000309,ACT_EU_INST_CJEU_JUDG_AG_IT_SAG
DOC_JUDG_CJ_1997_0439_19991014,ACT_EU_INST_CJEU_JUDG_AG_FR_LEGE
DOC_JUDG_CJ_1997_0440_19990928,ACT_EU_INST_CJEU_JUDG_AG_ES_RUI_JAR_COL
DOC_JUDG_CJ_1997_0441_P_20001123,ACT_EU_INST_CJEU_JUDG_AG_IE_FEN
DOC_JUDG_CJ_1997_0442_19991118,ACT_EU_INST_CJEU_JUDG_AG_DE_ALB
DOC_JUDG_CJ_1997_0443_20000406,ACT_EU_INST_CJEU_JUDG_AG_IT_PERG
DOC_JUDG_CJ_1998_0001_P_20001123,ACT_EU_INST_CJEU_JUDG_AG_IE_FEN
DOC_JUDG_CJ_1998_0002_P_19990318,ACT_EU_INST_CJEU_JUDG_AG_DE_ALB
DOC_JUDG_CJ_1998_0006_19991028,ACT_EU_INST_CJEU_JUDG_AG_UK_JAC
DOC_JUDG_CJ_1998_0007_20000328,ACT_EU_INST_CJEU_JUDG_AG_IT_SAG
DOC_JUDG_CJ_1998_0008_20000127,ACT_EU_INST_CJEU_JUDG_AG_IT_PERG
DOC_JUDG_CJ_1998_0010_P_19991005,ACT_EU_INST_CJEU_JUDG_AG_EL_COS
DOC_JUDG_CJ_1998_0012_20000203,ACT_EU_INST_CJEU_JUDG_AG_IT_PERG
DOC_JUDG_CJ_1998_0014_19990701,ACT_EU_INST_CJEU_JUDG_AG_UK_JAC
DOC_JUDG_CJ_1998_0015_20001019,ACT_EU_INST_CJEU_JUDG_AG_IE_FEN
DOC_JUDG_CJ_1998_0016_20001005,ACT_EU_INST_CJEU_JUDG_AG_UK_JAC
DOC_JUDG_CJ_1998_0017_20000208,ACT_EU_INST_CJEU_JUDG_AG_ES_RUI_JAR_COL
DOC_JUDG_CJ_1998_0022_19990916,ACT_EU_INST_CJEU_JUDG_AG_ES_RUI_JAR_COL
DOC_JUDG_CJ_1998_0023_20000127,ACT_EU_INST_CJEU_JUDG_AG_EL_COS
DOC_JUDG_CJ_1998_0026_19981022,ACT_EU_INST_CJEU_JUDG_AG_DE_ALB
DOC_JUDG_CJ_1998_0027_19990916,ACT_EU_INST_CJEU_JUDG_AG_IT_SAG
DOC_JUDG_CJ_1998_0031_19990428,ACT_EU_INST_CJEU_JUDG_AG_FR_LEGE
DOC_JUDG_CJ_1998_0034_20000215,ACT_EU_INST_CJEU_JUDG_AG_IT_PERG
DOC_JUDG_CJ_1998_0035_20000606,ACT_EU_INST_CJEU_JUDG_AG_IT_PERG
DOC_JUDG_CJ_1998_0036_20010130,ACT_EU_INST_CJEU_JUDG_AG_FR_LEGE
DOC_JUDG_CJ_1998_0037_20000511,ACT_EU_INST_CJEU_JUDG_AG_IT_PERG
DOC_JUDG_CJ_1998_0038_20000511,ACT_EU_INST_CJEU_JUDG_AG_DE_ALB
DOC_JUDG_CJ_1998_0040_20010116,ACT_EU_INST_CJEU_JUDG_AG_ES_RUI_JAR_COL
DOC_JUDG_CJ_1998_0041_20010116,ACT_EU_INST_CJEU_JUDG_AG_ES_RUI_JAR_COL
DOC_JUDG_CJ_1998_0044_19990921,ACT_EU_INST_CJEU_JUDG_AG_IT_PERG
DOC_JUDG_CJ_1998_0046_P_20000921,ACT_EU_INST_CJEU_JUDG_AG_IT_PERG
DOC_JUDG_CJ_1998_0048_19991111,ACT_EU_INST_CJEU_JUDG_AG_UK_JAC
DOC_JUDG_CJ_1998_0049_20011025,ACT_EU_INST_CJEU_JUDG_AG_LU_MIS
DOC_JUDG_CJ_1998_0055_19991028,ACT_EU_INST_CJEU_JUDG_AG_IT_SAG
DOC_JUDG_CJ_1998_0056_19990929,ACT_EU_INST_CJEU_JUDG_AG_EL_COS
DOC_JUDG_CJ_1998_0058_20001003,ACT_EU_INST_CJEU_JUDG_AG_EL_COS
DOC_JUDG_CJ_1998_0059_19990225,ACT_EU_INST_CJEU_JUDG_AG_DE_ALB
DOC_JUDG_CJ_1998_0060_19990629,ACT_EU_INST_CJEU_JUDG_AG_EL_COS
DOC_JUDG_CJ_1998_0061_19990907,ACT_EU_INST_CJEU_JUDG_AG_UK_JAC
DOC_JUDG_CJ_1998_0062_20000704,ACT_EU_INST_CJEU_JUDG_AG_LU_MIS
DOC_JUDG_CJ_1998_0064_P_19990909,ACT_EU_INST_CJEU_JUDG_AG_ES_RUI_JAR_COL
DOC_JUDG_CJ_1998_0065_20000622,ACT_EU_INST_CJEU_JUDG_AG_IT_PERG
DOC_JUDG_CJ_1998_0067_19991021,ACT_EU_INST_CJEU_JUDG_AG_IE_FEN
DOC_JUDG_CJ_1998_0074_19991216,ACT_EU_INST_CJEU_JUDG_AG_LU_MIS
DOC_JUDG_CJ_1998_0076_P_20010503,ACT_EU_INST_CJEU_JUDG_AG_FR_LEGE
DOC_JUDG_CJ_1998_0078_20000516,ACT_EU_INST_CJEU_JUDG_AG_FR_LEGE
DOC_JUDG_CJ_1998_0079_19981006,ACT_EU_INST_CJEU_JUDG_AG_FR_LEGE
DOC_JUDG_CJ_1998_0081_19991028,ACT_EU_INST_CJEU_JUDG_AG_LU_MIS
DOC_JUDG_CJ_1998_0082_P_20000525,ACT_EU_INST_CJEU_JUDG_AG_LU_MIS
DOC_JUDG_CJ_1998_0083_P_20000516,ACT_EU_INST_CJEU_JUDG_AG_EL_COS
DOC_JUDG_CJ_1998_0084_20000704,ACT_EU_INST_CJEU_JUDG_AG_LU_MIS
DOC_JUDG_CJ_1998_0094_19991216,ACT_EU_INST_CJEU_JUDG_AG_IT_PERG
DOC_JUDG_CJ_1998_0096_19991125,ACT_EU_INST_CJEU_JUDG_AG_IE_FEN
DOC_JUDG_CJ_1998_0097_19991021,ACT_EU_INST_CJEU_JUDG_AG_IE_FEN
DOC_JUDG_CJ_1998_0098_20000608,ACT_EU_INST_CJEU_JUDG_AG_IT_SAG
DOC_JUDG_CJ_1998_0099_20010215,ACT_EU_INST_CJEU_JUDG_AG_UK_JAC
DOC_JUDG_CJ_1998_0101_19991216,ACT_EU_INST_CJEU_JUDG_AG_IT_SAG
DOC_JUDG_CJ_1998_0102_20000314,ACT_EU_INST_CJEU_JUDG_AG_ES_RUI_JAR_COL
DOC_JUDG_CJ_1998_0104_20000523,ACT_EU_INST_CJEU_JUDG_AG_DE_ALB
DOC_JUDG_CJ_1998_0106_P_20000523,ACT_EU_INST_CJEU_JUDG_AG_ES_RUI_JAR_COL
DOC_JUDG_CJ_1998_0107_19991118,ACT_EU_INST_CJEU_JUDG_AG_EL_COS
DOC_JUDG_CJ_1998_0108_19990909,ACT_EU_INST_CJEU_JUDG_AG_DE_ALB
DOC_JUDG_CJ_1998_0109_19990422,ACT_EU_INST_CJEU_JUDG_AG_EL_COS
DOC_JUDG_CJ_1998_0110_20000321,ACT_EU_INST_CJEU_JUDG_AG_IT_SAG
DOC_JUDG_CJ_1998_0150_P_19991216,ACT_EU_INST_CJEU_JUDG_AG_LU_MIS
DOC_JUDG_CJ_1998_0151_P_19991118,ACT_EU_INST_CJEU_JUDG_AG_LU_MIS
DOC_JUDG_CJ_1998_0152_20010510,ACT_EU_INST_CJEU_JUDG_AG_LU_MIS
DOC_JUDG_CJ_1998_0155_P_19990701,ACT_EU_INST_CJEU_JUDG_AG_FR_LEGE
DOC_JUDG_CJ_1998_0156_20000919,ACT_EU_INST_CJEU_JUDG_AG_IT_SAG
DOC_JUDG_CJ_1998_0158_19990629,ACT_EU_INST_CJEU_JUDG_AG_IE_FEN
DOC_JUDG_CJ_1998_0160_20020312,ACT_EU_INST_CJEU_JUDG_AG_LU_MIS
DOC_JUDG_CJ_1998_0161_19991118,ACT_EU_INST_CJEU_JUDG_AG_DE_ALB
DOC_JUDG_CJ_1998_0164_P_20000127,ACT_EU_INST_CJEU_JUDG_AG_DE_ALB
DOC_JUDG_CJ_1998_0165_20010315,ACT_EU_INST_CJEU_JUDG_AG_DE_ALB
DOC_JUDG_CJ_1998_0166_19990617,ACT_EU_INST_CJEU_JUDG_AG_LU_MIS
DOC_JUDG_CJ_1998_0168_20001107,ACT_EU_INST_CJEU_JUDG_AG_ES_RUI_JAR_COL
DOC_JUDG_CJ_1998_0169_20000215,ACT_EU_INST_CJEU_JUDG_AG_IT_PERG
DOC_JUDG_CJ_1998_0170_19990914,ACT_EU_INST_CJEU_JUDG_AG_IT_PERG
DOC_JUDG_CJ_1998_0171_19990914,ACT_EU_INST_CJEU_JUDG_AG_IT_PERG
DOC_JUDG_CJ_1998_0172_19990629,ACT_EU_INST_CJEU_JUDG_AG_EL_COS
DOC_JUDG_CJ_1998_0173_19990701,ACT_EU_INST_CJEU_JUDG_AG_UK_JAC
DOC_JUDG_CJ_1998_0174_P_20000111,ACT_EU_INST_CJEU_JUDG_AG_EL_COS
DOC_JUDG_CJ_1998_0175_19991005,ACT_EU_INST_CJEU_JUDG_AG_FR_LEGE
DOC_JUDG_CJ_1998_0176_19991202,ACT_EU_INST_CJEU_JUDG_AG_FR_LEGE
DOC_JUDG_CJ_1998_0178_19990708,ACT_EU_INST_CJEU_JUDG_AG_EL_COS
DOC_JUDG_CJ_1998_0179_19991111,ACT_EU_INST_CJEU_JUDG_AG_DE_ALB
DOC_JUDG_CJ_1998_0180_20000912,ACT_EU_INST_CJEU_JUDG_AG_UK_JAC
DOC_JUDG_CJ_1998_0185_19990520,ACT_EU_INST_CJEU_JUDG_AG_LU_MIS
DOC_JUDG_CJ_1998_0186_19990708,ACT_EU_INST_CJEU_JUDG_AG_UK_JAC
DOC_JUDG_CJ_1998_0187_19991028,ACT_EU_INST_CJEU_JUDG_AG_IE_FEN
DOC_JUDG_CJ_1998_0190_20000127,ACT_EU_INST_CJEU_JUDG_AG_IE_FEN
DOC_JUDG_CJ_1998_0191_P_19991118,ACT_EU_INST_CJEU_JUDG_AG_DE_ALB
DOC_JUDG_CJ_1998_0193_19991028,ACT_EU_INST_CJEU_JUDG_AG_ES_RUI_JAR_COL
DOC_JUDG_CJ_1998_0195_20001130,ACT_EU_INST_CJEU_JUDG_AG_UK_JAC
DOC_JUDG_CJ_1998_0196_20000523,ACT_EU_INST_CJEU_JUDG_AG_IT_SAG
DOC_JUDG_CJ_1998_0198_19991216,ACT_EU_INST_CJEU_JUDG_AG_ES_RUI_JAR_COL
DOC_JUDG_CJ_1998_0200_19991118,ACT_EU_INST_CJEU_JUDG_AG_IT_SAG
DOC_JUDG_CJ_1998_0203_19990708,ACT_EU_INST_CJEU_JUDG_AG_DE_ALB
DOC_JUDG_CJ_1998_0205_20000926,ACT_EU_INST_CJEU_JUDG_AG_IT_SAG
DOC_JUDG_CJ_1998_0206_20000518,ACT_EU_INST_CJEU_JUDG_AG_IT_SAG
DOC_JUDG_CJ_1998_0207_20000203,ACT_EU_INST_CJEU_JUDG_AG_IT_SAG
DOC_JUDG_CJ_1998_0208_20000323,ACT_EU_INST_CJEU_JUDG_AG_FR_LEGE
DOC_JUDG_CJ_1998_0209_20000523,ACT_EU_INST_CJEU_JUDG_AG_FR_LEGE
DOC_JUDG_CJ_1998_0210_P_20000713,ACT_EU_INST_CJEU_JUDG_AG_UK_JAC
DOC_JUDG_CJ_1998_0212_19991125,ACT_EU_INST_CJEU_JUDG_AG_FR_LEGE
DOC_JUDG_CJ_1998_0213_19991012,ACT_EU_INST_CJEU_JUDG_AG_FR_LEGE
DOC_JUDG_CJ_1998_0214_20001116,ACT_EU_INST_CJEU_JUDG_AG_LU_MIS
DOC_JUDG_CJ_1998_0215_19990708,ACT_EU_INST_CJEU_JUDG_AG_UK_JAC
DOC_JUDG_CJ_1998_0216_20001019,ACT_EU_INST_CJEU_JUDG_AG_UK_JAC
DOC_JUDG_CJ_1998_0217_20000321,ACT_EU_INST_CJEU_JUDG_AG_IT_PERG
DOC_JUDG_CJ_1998_0218_19990916,ACT_EU_INST_CJEU_JUDG_AG_DE_ALB
DOC_JUDG_CJ_1998_0219_20000704,ACT_EU_INST_CJEU_JUDG_AG_IE_FEN
DOC_JUDG_CJ_1998_0220_20000113,ACT_EU_INST_CJEU_JUDG_AG_IE_FEN
DOC_JUDG_CJ_1998_0222_20000921,ACT_EU_INST_CJEU_JUDG_AG_IE_FEN
DOC_JUDG_CJ_1998_0223_19991014,ACT_EU_INST_CJEU_JUDG_AG_EL_COS
DOC_JUDG_CJ_1998_0224_20020711,ACT_EU_INST_CJEU_JUDG_AG_NL_GEE
DOC_JUDG_CJ_1998_0225_20000926,ACT_EU_INST_CJEU_JUDG_AG_DE_ALB
DOC_JUDG_CJ_1998_0226_20000406,ACT_EU_INST_CJEU_JUDG_AG_IT_SAG
DOC_JUDG_CJ_1998_0228_20000203,ACT_EU_INST_CJEU_JUDG_AG_UK_JAC
DOC_JUDG_CJ_1998_0229_19991014,ACT_EU_INST_CJEU_JUDG_AG_ES_RUI_JAR_COL
DOC_JUDG_CJ_1998_0230_20000518,ACT_EU_INST_CJEU_JUDG_AG_ES_RUI_JAR_COL
DOC_JUDG_CJ_1998_0233_19991021,ACT_EU_INST_CJEU_JUDG_AG_LU_MIS
DOC_JUDG_CJ_1998_0234_19991202,ACT_EU_INST_CJEU_JUDG_AG_ES_RUI_JAR_COL
DOC_JUDG_CJ_1998_0236_20000330,ACT_EU_INST_CJEU_JUDG_AG_UK_JAC
DOC_JUDG_CJ_1998_0237_P_20000615,ACT_EU_INST_CJEU_JUDG_AG_IT_PERG
DOC_JUDG_CJ_1998_0238_20000914,ACT_EU_INST_CJEU_JUDG_AG_UK_JAC
DOC_JUDG_CJ_1998_0239_19991216,ACT_EU_INST_CJEU_JUDG_AG_DE_ALB
DOC_JUDG_CJ_1998_0240_20000627,ACT_EU_INST_CJEU_JUDG_AG_IT_SAG
DOC_JUDG_CJ_1998_0246_20000323,ACT_EU_INST_CJEU_JUDG_AG_FR_LEGE
DOC_JUDG_CJ_1998_0247_20010111,ACT_EU_INST_CJEU_JUDG_AG_DE_ALB
DOC_JUDG_CJ_1998_0248_P_20001116,ACT_EU_INST_CJEU_JUDG_AG_LU_MIS
DOC_JUDG_CJ_1998_0250_19990428,ACT_EU_INST_CJEU_JUDG_AG_ES_RUI_JAR_COL
DOC_JUDG_CJ_1998_0251_20000413,ACT_EU_INST_CJEU_JUDG_AG_DE_ALB
DOC_JUDG_CJ_1998_0254_20000113,ACT_EU_INST_CJEU_JUDG_AG_IT_PERG
DOC_JUDG_CJ_1998_0256_20000406,ACT_EU_INST_CJEU_JUDG_AG_IE_FEN
DOC_JUDG_CJ_1998_0257_P_19990909,ACT_EU_INST_CJEU_JUDG_AG_DE_ALB
DOC_JUDG_CJ_1998_0258_20000608,ACT_EU_INST_CJEU_JUDG_AG_ES_RUI_JAR_COL
DOC_JUDG_CJ_1998_0260_20000912,ACT_EU_INST_CJEU_JUDG_AG_DE_ALB
DOC_JUDG_CJ_1998_0261_20000713,ACT_EU_INST_CJEU_JUDG_AG_IT_SAG
DOC_JUDG_CJ_1998_0263_20010920,ACT_EU_INST_CJEU_JUDG_AG_DE_ALB
DOC_JUDG_CJ_1998_0273_20000525,ACT_EU_INST_CJEU_JUDG_AG_EL_COS
DOC_JUDG_CJ_1998_0274_20000413,ACT_EU_INST_CJEU_JUDG_AG_EL_COS
DOC_JUDG_CJ_1998_0275_19991118,ACT_EU_INST_CJEU_JUDG_AG_DE_ALB
DOC_JUDG_CJ_1998_0276_20010308,ACT_EU_INST_CJEU_JUDG_AG_UK_JAC
DOC_JUDG_CJ_1998_0277_20011113,ACT_EU_INST_CJEU_JUDG_AG_DE_ALB
DOC_JUDG_CJ_1998_0278_20010306,ACT_EU_INST_CJEU_JUDG_AG_DE_ALB
DOC_JUDG_CJ_1998_0279_P_20001116,ACT_EU_INST_CJEU_JUDG_AG_LU_MIS
DOC_JUDG_CJ_1998_0280_P_20001116,ACT_EU_INST_CJEU_JUDG_AG_LU_MIS
DOC_JUDG_CJ_1998_0281_20000606,ACT_EU_INST_CJEU_JUDG_AG_IE_FEN
DOC_JUDG_CJ_1998_0282_P_20001116,ACT_EU_INST_CJEU_JUDG_AG_LU_MIS
DOC_JUDG_CJ_1998_0283_P_20001116,ACT_EU_INST_CJEU_JUDG_AG_LU_MIS
DOC_JUDG_CJ_1998_0284_P_20000316,ACT_EU_INST_CJEU_JUDG_AG_EL_COS
DOC_JUDG_CJ_1998_0285_20000111,ACT_EU_INST_CJEU_JUDG_AG_IT_PERG
DOC_JUDG_CJ_1998_0286_P_20001116,ACT_EU_INST_CJEU_JUDG_AG_LU_MIS
DOC_JUDG_CJ_1998_0287_20000919,ACT_EU_INST_CJEU_JUDG_AG_FR_LEGE
DOC_JUDG_CJ_1998_0291_P_20001116,ACT_EU_INST_CJEU_JUDG_AG_LU_MIS
DOC_JUDG_CJ_1998_0293_20000203,ACT_EU_INST_CJEU_JUDG_AG_IT_PERG
DOC_JUDG_CJ_1998_0294_P_20001116,ACT_EU_INST_CJEU_JUDG_AG_LU_MIS
DOC_JUDG_CJ_1998_0296_20000511,ACT_EU_INST_CJEU_JUDG_AG_DE_ALB
DOC_JUDG_CJ_1998_0297_P_20001116,ACT_EU_INST_CJEU_JUDG_AG_LU_MIS
DOC_JUDG_CJ_1998_0298_P_20001116,ACT_EU_INST_CJEU_JUDG_AG_LU_MIS
DOC_JUDG_CJ_1998_0300_20001214,ACT_EU_INST_CJEU_JUDG_AG_EL_COS
DOC_JUDG_CJ_1998_0301_20000518,ACT_EU_INST_CJEU_JUDG_AG_IT_SAG
DOC_JUDG_CJ_1998_0302_20000615,ACT_EU_INST_CJEU_JUDG_AG_ES_RUI_JAR_COL
DOC_JUDG_CJ_1998_0303_20001003,ACT_EU_INST_CJEU_JUDG_AG_IT_SAG
DOC_JUDG_CJ_1998_0306_20010503,ACT_EU_INST_CJEU_JUDG_AG_FR_LEGE
DOC_JUDG_CJ_1998_0307_20000525,ACT_EU_INST_CJEU_JUDG_AG_ES_RUI_JAR_COL
DOC_JUDG_CJ_1998_0309_20000328,ACT_EU_INST_CJEU_JUDG_AG_UK_JAC
DOC_JUDG_CJ_1998_0310_20000323,ACT_EU_INST_CJEU_JUDG_AG_LU_MIS
DOC_JUDG_CJ_1998_0312_20001107,ACT_EU_INST_CJEU_JUDG_AG_UK_JAC
DOC_JUDG_CJ_1998_0314_20001012,ACT_EU_INST_CJEU_JUDG_AG_FR_LEGE
DOC_JUDG_CJ_1998_0315_19991111,ACT_EU_INST_CJEU_JUDG_AG_UK_JAC
DOC_JUDG_CJ_1998_0318_20000622,ACT_EU_INST_CJEU_JUDG_AG_EL_COS
DOC_JUDG_CJ_1998_0319_19990225,ACT_EU_INST_CJEU_JUDG_AG_ES_RUI_JAR_COL
DOC_JUDG_CJ_1998_0322_20000926,ACT_EU_INST_CJEU_JUDG_AG_IT_SAG
DOC_JUDG_CJ_1998_0324_20001207,ACT_EU_INST_CJEU_JUDG_AG_IE_FEN
DOC_JUDG_CJ_1998_0327_20000323,ACT_EU_INST_CJEU_JUDG_AG_IT_SAG
DOC_JUDG_CJ_1998_0332_20000622,ACT_EU_INST_CJEU_JUDG_AG_IT_PERG
DOC_JUDG_CJ_1998_0337_20001005,ACT_EU_INST_CJEU_JUDG_AG_UK_JAC
DOC_JUDG_CJ_1998_0338_20011108,ACT_EU_INST_CJEU_JUDG_AG_AT_STI_HAC
DOC_JUDG_CJ_1998_0339_20001019,ACT_EU_INST_CJEU_JUDG_AG_UK_JAC
DOC_JUDG_CJ_1998_0340_20020314,ACT_EU_INST_CJEU_JUDG_AG_LU_MIS
DOC_JUDG_CJ_1998_0343_20000914,ACT_EU_INST_CJEU_JUDG_AG_DE_ALB
DOC_JUDG_CJ_1998_0344_20001214,ACT_EU_INST_CJEU_JUDG_AG_EL_COS
DOC_JUDG_CJ_1998_0347_20010503,ACT_EU_INST_CJEU_JUDG_AG_DE_ALB
DOC_JUDG_CJ_1998_0348_20000914,ACT_EU_INST_CJEU_JUDG_AG_EL_COS
DOC_JUDG_CJ_1998_0350_19991111,ACT_EU_INST_CJEU_JUDG_AG_IE_FEN
DOC_JUDG_CJ_1998_0351_20020926,ACT_EU_INST_CJEU_JUDG_AG_DE_ALB
DOC_JUDG_CJ_1998_0352_P_20000704,ACT_EU_INST_CJEU_JUDG_AG_IE_FEN
DOC_JUDG_CJ_1998_0354_19990708,ACT_EU_INST_CJEU_JUDG_AG_IT_PERG
DOC_JUDG_CJ_1998_0355_20000309,ACT_EU_INST_CJEU_JUDG_AG_UK_JAC
DOC_JUDG_CJ_1998_0356_20000411,ACT_EU_INST_CJEU_JUDG_AG_IT_PERG
DOC_JUDG_CJ_1998_0357_20001109,ACT_EU_INST_CJEU_JUDG_AG_FR_LEGE
DOC_JUDG_CJ_1998_0358_20000309,ACT_EU_INST_CJEU_JUDG_AG_FR_LEGE
DOC_JUDG_CJ_1998_0359_P_20000525,ACT_EU_INST_CJEU_JUDG_AG_UK_JAC
DOC_JUDG_CJ_1998_0361_20010118,ACT_EU_INST_CJEU_JUDG_AG_EL_COS
DOC_JUDG_CJ_1998_0362_19990921,ACT_EU_INST_CJEU_JUDG_AG_LU_MIS
DOC_JUDG_CJ_1998_0365_20000615,ACT_EU_INST_CJEU_JUDG_AG_LU_MIS
DOC_JUDG_CJ_1998_0366_20000912,ACT_EU_INST_CJEU_JUDG_AG_ES_RUI_JAR_COL
DOC_JUDG_CJ_1998_0367_20020604,ACT_EU_INST_CJEU_JUDG_AG_ES_RUI_JAR_COL
DOC_JUDG_CJ_1998_0368_20010712,ACT_EU_INST_CJEU_JUDG_AG_IT_SAG
DOC_JUDG_CJ_1998_0369_20000914,ACT_EU_INST_CJEU_JUDG_AG_DE_ALB
DOC_JUDG_CJ_1998_0371_20001107,ACT_EU_INST_CJEU_JUDG_AG_FR_LEGE
DOC_JUDG_CJ_1998_0372_20001012,ACT_EU_INST_CJEU_JUDG_AG_FR_LEGE
DOC_JUDG_CJ_1998_0374_20001207,ACT_EU_INST_CJEU_JUDG_AG_DE_ALB
DOC_JUDG_CJ_1998_0375_20000608,ACT_EU_INST_CJEU_JUDG_AG_EL_COS
DOC_JUDG_CJ_1998_0376_20001005,ACT_EU_INST_CJEU_JUDG_AG_IE_FEN
DOC_JUDG_CJ_1998_0377_20011009,ACT_EU_INST_CJEU_JUDG_AG_UK_JAC
DOC_JUDG_CJ_1998_0378_20010703,ACT_EU_INST_CJEU_JUDG_AG_IT_TIZ
DOC_JUDG_CJ_1998_0379_20010313,ACT_EU_INST_CJEU_JUDG_AG_UK_JAC
DOC_JUDG_CJ_1998_0380_20001003,ACT_EU_INST_CJEU_JUDG_AG_DE_ALB
DOC_JUDG_CJ_1998_0381_20001109,ACT_EU_INST_CJEU_JUDG_AG_FR_LEGE
DOC_JUDG_CJ_1998_0382_19991216,ACT_EU_INST_CJEU_JUDG_AG_LU_MIS
DOC_JUDG_CJ_1998_0383_20000406,ACT_EU_INST_CJEU_JUDG_AG_ES_RUI_JAR_COL
DOC_JUDG_CJ_1998_0384_20000914,ACT_EU_INST_CJEU_JUDG_AG_IT_SAG
DOC_JUDG_CJ_1998_0386_20000309,ACT_EU_INST_CJEU_JUDG_AG_UK_JAC
DOC_JUDG_CJ_1998_0387_20001109,ACT_EU_INST_CJEU_JUDG_AG_DE_ALB
DOC_JUDG_CJ_1998_0389_P_20010111,ACT_EU_INST_CJEU_JUDG_AG_FR_LEGE
DOC_JUDG_CJ_1998_0390_20010920,ACT_EU_INST_CJEU_JUDG_AG_IE_FEN
DOC_JUDG_CJ_1998_0391_19991021,ACT_EU_INST_CJEU_JUDG_AG_FR_LEGE
DOC_JUDG_CJ_1998_0393_20010222,ACT_EU_INST_CJEU_JUDG_AG_IE_FEN
DOC_JUDG_CJ_1998_0396_20000608,ACT_EU_INST_CJEU_JUDG_AG_ES_RUI_JAR_COL
DOC_JUDG_CJ_1998_0397_20010308,ACT_EU_INST_CJEU_JUDG_AG_IE_FEN
DOC_JUDG_CJ_1998_0398_20011025,ACT_EU_INST_CJEU_JUDG_AG_ES_RUI_JAR_COL
DOC_JUDG_CJ_1998_0399_20010712,ACT_EU_INST_CJEU_JUDG_AG_FR_LEGE
DOC_JUDG_CJ_1998_0400_20000608,ACT_EU_INST_CJEU_JUDG_AG_ES_RUI_JAR_COL
DOC_JUDG_CJ_1998_0401_19990914,ACT_EU_INST_CJEU_JUDG_AG_IT_SAG
DOC_JUDG_CJ_1998_0402_20000706,ACT_EU_INST_CJEU_JUDG_AG_ES_RUI_JAR_COL
DOC_JUDG_CJ_1998_0403_20010111,ACT_EU_INST_CJEU_JUDG_AG_LU_MIS
DOC_JUDG_CJ_1998_0404_20001109,ACT_EU_INST_CJEU_JUDG_AG_UK_JAC
DOC_JUDG_CJ_1998_0405_20010308,ACT_EU_INST_CJEU_JUDG_AG_UK_JAC
DOC_JUDG_CJ_1998_0407_20000706,ACT_EU_INST_CJEU_JUDG_AG_IT_SAG
DOC_JUDG_CJ_1998_0408_20010222,ACT_EU_INST_CJEU_JUDG_AG_UK_JAC
DOC_JUDG_CJ_1998_0409_20011009,ACT_EU_INST_CJEU_JUDG_AG_IT_TIZ
DOC_JUDG_CJ_1998_0411_20001003,ACT_EU_INST_CJEU_JUDG_AG_EL_COS
DOC_JUDG_CJ_1998_0412_20000713,ACT_EU_INST_CJEU_JUDG_AG_IE_FEN
DOC_JUDG_CJ_1998_0413_20010125,ACT_EU_INST_CJEU_JUDG_AG_LU_MIS
DOC_JUDG_CJ_1998_0414_20000120,ACT_EU_INST_CJEU_JUDG_AG_ES_RUI_JAR_COL
DOC_JUDG_CJ_1998_0415_20010308,ACT_EU_INST_CJEU_JUDG_AG_IT_SAG
DOC_JUDG_CJ_1998_0416_20020221,ACT_EU_INST_CJEU_JUDG_AG_FR_LEGE
DOC_JUDG_CJ_1998_0420_20000413,ACT_EU_INST_CJEU_JUDG_AG_DE_ALB
DOC_JUDG_CJ_1998_0421_20001123,ACT_EU_INST_CJEU_JUDG_AG_DE_ALB
DOC_JUDG_CJ_1998_0423_20000713,ACT_EU_INST_CJEU_JUDG_AG_EL_COS
DOC_JUDG_CJ_1998_0424_20000525,ACT_EU_INST_CJEU_JUDG_AG_ES_RUI_JAR_COL
DOC_JUDG_CJ_1998_0425_20000622,ACT_EU_INST_CJEU_JUDG_AG_UK_JAC
DOC_JUDG_CJ_1998_0426_20020319,ACT_EU_INST_CJEU_JUDG_AG_AT_STI_HAC
DOC_JUDG_CJ_1998_0427_20021015,ACT_EU_INST_CJEU_JUDG_AG_UK_JAC
DOC_JUDG_CJ_1998_0430_19991021,ACT_EU_INST_CJEU_JUDG_AG_FR_LEGE
DOC_JUDG_CJ_1998_0432_P_20001005,ACT_EU_INST_CJEU_JUDG_AG_DE_ALB
DOC_JUDG_CJ_1998_0434_P_20001005,ACT_EU_INST_CJEU_JUDG_AG_DE_ALB
DOC_JUDG_CJ_1998_0436_20001130,ACT_EU_INST_CJEU_JUDG_AG_EL_COS
DOC_JUDG_CJ_1998_0439_20000316,ACT_EU_INST_CJEU_JUDG_AG_DE_ALB
DOC_JUDG_CJ_1998_0441_20000921,ACT_EU_INST_CJEU_JUDG_AG_IE_FEN
DOC_JUDG_CJ_1998_0443_20000926,ACT_EU_INST_CJEU_JUDG_AG_UK_JAC
DOC_JUDG_CJ_1998_0444_20010315,ACT_EU_INST_CJEU_JUDG_AG_LU_MIS
DOC_JUDG_CJ_1998_0446_20001214,ACT_EU_INST_CJEU_JUDG_AG_DE_ALB
DOC_JUDG_CJ_1998_0448_20001205,ACT_EU_INST_CJEU_JUDG_AG_IT_SAG
DOC_JUDG_CJ_1998_0449_P_20010517,ACT_EU_INST_CJEU_JUDG_AG_ES_RUI_JAR_COL
DOC_JUDG_CJ_1998_0450_P_20010517,ACT_EU_INST_CJEU_JUDG_AG_ES_RUI_JAR_COL
DOC_JUDG_CJ_1998_0451_20011122,ACT_EU_INST_CJEU_JUDG_AG_FR_LEGE
DOC_JUDG_CJ_1998_0452_20011122,ACT_EU_INST_CJEU_JUDG_AG_FR_LEGE
DOC_JUDG_CJ_1998_0454_20000919,ACT_EU_INST_CJEU_JUDG_AG_IE_FEN
DOC_JUDG_CJ_1998_0455_20000629,ACT_EU_INST_CJEU_JUDG_AG_IT_SAG
DOC_JUDG_CJ_1998_0456_20000713,ACT_EU_INST_CJEU_JUDG_AG_UK_JAC
DOC_JUDG_CJ_1998_0457_20001214,ACT_EU_INST_CJEU_JUDG_AG_ES_RUI_JAR_COL
DOC_JUDG_CJ_1998_0458_P_20001003,ACT_EU_INST_CJEU_JUDG_AG_EL_COS
DOC_JUDG_CJ_1998_0459_P_20010111,ACT_EU_INST_CJEU_JUDG_AG_FR_LEGE
DOC_JUDG_CJ_1998_0462_P_20000921,ACT_EU_INST_CJEU_JUDG_AG_LU_MIS
DOC_JUDG_CJ_1998_0463_20010510,ACT_EU_INST_CJEU_JUDG_AG_UK_JAC
DOC_JUDG_CJ_1998_0464_20010111,ACT_EU_INST_CJEU_JUDG_AG_FR_LEGE
DOC_JUDG_CJ_1998_0465_20000404,ACT_EU_INST_CJEU_JUDG_AG_FR_LEGE
DOC_JUDG_CJ_1998_0466_20021105,ACT_EU_INST_CJEU_JUDG_AG_IT_TIZ
DOC_JUDG_CJ_1998_0467_20021105,ACT_EU_INST_CJEU_JUDG_AG_IT_TIZ
DOC_JUDG_CJ_1998_0468_20021105,ACT_EU_INST_CJEU_JUDG_AG_IT_TIZ
DOC_JUDG_CJ_1998_0469_20021105,ACT_EU_INST_CJEU_JUDG_AG_IT_TIZ
DOC_JUDG_CJ_1998_0470_20000615,ACT_EU_INST_CJEU_JUDG_AG_IE_FEN
DOC_JUDG_CJ_1998_0471_20021105,ACT_EU_INST_CJEU_JUDG_AG_IT_TIZ
DOC_JUDG_CJ_1998_0472_20021105,ACT_EU_INST_CJEU_JUDG_AG_IT_TIZ
DOC_JUDG_CJ_1998_0473_20000711,ACT_EU_INST_CJEU_JUDG_AG_LU_MIS
DOC_JUDG_CJ_1998_0475_20021105,ACT_EU_INST_CJEU_JUDG_AG_IT_TIZ
DOC_JUDG_CJ_1998_0476_20021105,ACT_EU_INST_CJEU_JUDG_AG_IT_TIZ
DOC_JUDG_CJ_1998_0477_20001205,ACT_EU_INST_CJEU_JUDG_AG_DE_ALB
DOC_JUDG_CJ_1998_0478_20000926,ACT_EU_INST_CJEU_JUDG_AG_UK_JAC
DOC_JUDG_CJ_1998_0480_20001012,ACT_EU_INST_CJEU_JUDG_AG_LU_MIS
DOC_JUDG_CJ_1998_0481_20010503,ACT_EU_INST_CJEU_JUDG_AG_LU_MIS
DOC_JUDG_CJ_1998_0482_20001207,ACT_EU_INST_CJEU_JUDG_AG_ES_RUI_JAR_COL
DOC_JUDG_CJ_1999_0001_20010111,ACT_EU_INST_CJEU_JUDG_AG_ES_RUI_JAR_COL
DOC_JUDG_CJ_1999_0002_20001207,ACT_EU_INST_CJEU_JUDG_AG_EL_COS
DOC_JUDG_CJ_1999_0003_20001012,ACT_EU_INST_CJEU_JUDG_AG_IE_FEN
DOC_JUDG_CJ_1999_0006_20000321,ACT_EU_INST_CJEU_JUDG_AG_LU_MIS
DOC_JUDG_CJ_1999_0009_20001003,ACT_EU_INST_CJEU_JUDG_AG_DE_ALB
DOC_JUDG_CJ_1999_0011_20000706,ACT_EU_INST_CJEU_JUDG_AG_IT_SAG
DOC_JUDG_CJ_1999_0013_P_20000615,ACT_EU_INST_CJEU_JUDG_AG_UK_JAC
DOC_JUDG_CJ_1999_0015_20001019,ACT_EU_INST_CJEU_JUDG_AG_LU_MIS
DOC_JUDG_CJ_1999_0016_20000914,ACT_EU_INST_CJEU_JUDG_AG_FR_LEGE
DOC_JUDG_CJ_1999_0017_20010322,ACT_EU_INST_CJEU_JUDG_AG_DE_ALB
DOC_JUDG_CJ_1999_0019_20000921,ACT_EU_INST_CJEU_JUDG_AG_EL_COS
DOC_JUDG_CJ_1999_0022_20000926,ACT_EU_INST_CJEU_JUDG_AG_DE_ALB
DOC_JUDG_CJ_1999_0023_20000926,ACT_EU_INST_CJEU_JUDG_AG_LU_MIS
DOC_JUDG_CJ_1999_0026_19991216,ACT_EU_INST_CJEU_JUDG_AG_IE_FEN
DOC_JUDG_CJ_1999_0028_20010503,ACT_EU_INST_CJEU_JUDG_AG_FR_LEGE
DOC_JUDG_CJ_1999_0029_20021210,ACT_EU_INST_CJEU_JUDG_AG_UK_JAC
DOC_JUDG_CJ_1999_0030_20010621,ACT_EU_INST_CJEU_JUDG_AG_NL_GEE
DOC_JUDG_CJ_1999_0033_20010320,ACT_EU_INST_CJEU_JUDG_AG_DE_ALB
DOC_JUDG_CJ_1999_0034_20010515,ACT_EU_INST_CJEU_JUDG_AG_DE_ALB
DOC_JUDG_CJ_1999_0035_20020219,ACT_EU_INST_CJEU_JUDG_AG_FR_LEGE
DOC_JUDG_CJ_1999_0036_20000713,ACT_EU_INST_CJEU_JUDG_AG_EL_COS
DOC_JUDG_CJ_1999_0037_20001116,ACT_EU_INST_CJEU_JUDG_AG_IE_FEN
DOC_JUDG_CJ_1999_0038_20001207,ACT_EU_INST_CJEU_JUDG_AG_ES_RUI_JAR_COL
DOC_JUDG_CJ_1999_0041_P_20010531,ACT_EU_INST_CJEU_JUDG_AG_AT_STI_HAC
DOC_JUDG_CJ_1999_0042_20000926,ACT_EU_INST_CJEU_JUDG_AG_IE_FEN
DOC_JUDG_CJ_1999_0043_20010531,ACT_EU_INST_CJEU_JUDG_AG_UK_JAC
DOC_JUDG_CJ_1999_0045_20000518,ACT_EU_INST_CJEU_JUDG_AG_IT_SAG
DOC_JUDG_CJ_1999_0046_20000608,ACT_EU_INST_CJEU_JUDG_AG_DE_ALB
DOC_JUDG_CJ_1999_0047_19991216,ACT_EU_INST_CJEU_JUDG_AG_IT_SAG
DOC_JUDG_CJ_1999_0050_20000525,ACT_EU_INST_CJEU_JUDG_AG_LU_MIS
DOC_JUDG_CJ_1999_0052_20010222,ACT_EU_INST_CJEU_JUDG_AG_DE_ALB
DOC_JUDG_CJ_1999_0054_20000314,ACT_EU_INST_CJEU_JUDG_AG_IT_SAG
DOC_JUDG_CJ_1999_0055_20001214,ACT_EU_INST_CJEU_JUDG_AG_IE_FEN
DOC_JUDG_CJ_1999_0056_20000511,ACT_EU_INST_CJEU_JUDG_AG_EL_COS
DOC_JUDG_CJ_1999_0058_20000523,ACT_EU_INST_CJEU_JUDG_AG_LU_MIS
DOC_JUDG_CJ_1999_0059_20011113,ACT_EU_INST_CJEU_JUDG_AG_NL_GEE
DOC_JUDG_CJ_1999_0062_20010329,ACT_EU_INST_CJEU_JUDG_AG_IT_SAG
DOC_JUDG_CJ_1999_0063_20010927,ACT_EU_INST_CJEU_JUDG_AG_DE_ALB
DOC_JUDG_CJ_1999_0066_20010201,ACT_EU_INST_CJEU_JUDG_AG_EL_COS
DOC_JUDG_CJ_1999_0067_20010911,ACT_EU_INST_CJEU_JUDG_AG_FR_LEGE
DOC_JUDG_CJ_1999_0068_20010308,ACT_EU_INST_CJEU_JUDG_AG_ES_RUI_JAR_COL
DOC_JUDG_CJ_1999_0069_20001207,ACT_EU_INST_CJEU_JUDG_AG_FR_LEGE
DOC_JUDG_CJ_1999_0070_20010626,ACT_EU_INST_CJEU_JUDG_AG_DE_ALB
DOC_JUDG_CJ_1999_0071_20010911,ACT_EU_INST_CJEU_JUDG_AG_FR_LEGE
DOC_JUDG_CJ_1999_0073_20000706,ACT_EU_INST_CJEU_JUDG_AG_UK_JAC
DOC_JUDG_CJ_1999_0074_20001005,ACT_EU_INST_CJEU_JUDG_AG_IE_FEN
DOC_JUDG_CJ_1999_0075_20001109,ACT_EU_INST_CJEU_JUDG_AG_LU_MIS
DOC_JUDG_CJ_1999_0076_20010111,ACT_EU_INST_CJEU_JUDG_AG_IE_FEN
DOC_JUDG_CJ_1999_0077_20011011,ACT_EU_INST_CJEU_JUDG_AG_DE_ALB
DOC_JUDG_CJ_1999_0079_20001207,ACT_EU_INST_CJEU_JUDG_AG_UK_JAC
DOC_JUDG_CJ_1999_0080_20011009,ACT_EU_INST_CJEU_JUDG_AG_IT_TIZ
DOC_JUDG_CJ_1999_0083_20010118,ACT_EU_INST_CJEU_JUDG_AG_DE_ALB
DOC_JUDG_CJ_1999_0085_20010315,ACT_EU_INST_CJEU_JUDG_AG_DE_ALB
DOC_JUDG_CJ_1999_0086_20010529,ACT_EU_INST_CJEU_JUDG_AG_LU_MIS
DOC_JUDG_CJ_1999_0087_20000516,ACT_EU_INST_CJEU_JUDG_AG_ES_RUI_JAR_COL
DOC_JUDG_CJ_1999_0088_20001128,ACT_EU_INST_CJEU_JUDG_AG_ES_RUI_JAR_COL
DOC_JUDG_CJ_1999_0089_20010913,ACT_EU_INST_CJEU_JUDG_AG_UK_JAC
DOC_JUDG_CJ_1999_0091_20000608,ACT_EU_INST_CJEU_JUDG_AG_LU_MIS
DOC_JUDG_CJ_1999_0094_20001207,ACT_EU_INST_CJEU_JUDG_AG_FR_LEGE
DOC_JUDG_CJ_1999_0095_20011011,ACT_EU_INST_CJEU_JUDG_AG_UK_JAC
DOC_JUDG_CJ_1999_0099_20001214,ACT_EU_INST_CJEU_JUDG_AG_DE_ALB
DOC_JUDG_CJ_1999_0100_20010705,ACT_EU_INST_CJEU_JUDG_AG_UK_JAC
DOC_JUDG_CJ_1999_0101_20020110,ACT_EU_INST_CJEU_JUDG_AG_LU_MIS
DOC_JUDG_CJ_1999_0107_20020130,ACT_EU_INST_CJEU_JUDG_AG_LU_MIS
DOC_JUDG_CJ_1999_0108_20011009,ACT_EU_INST_CJEU_JUDG_AG_IT_TIZ
DOC_JUDG_CJ_1999_0109_20000921,ACT_EU_INST_CJEU_JUDG_AG_ES_RUI_JAR_COL
DOC_JUDG_CJ_1999_0110_20001214,ACT_EU_INST_CJEU_JUDG_AG_DE_ALB
DOC_JUDG_CJ_1999_0112_20011025,ACT_EU_INST_CJEU_JUDG_AG_FR_LEGE
DOC_JUDG_CJ_1999_0113_20010118,ACT_EU_INST_CJEU_JUDG_AG_IE_FEN
DOC_JUDG_CJ_1999_0114_20001017,ACT_EU_INST_CJEU_JUDG_AG_DE_ALB
DOC_JUDG_CJ_1999_0117_20000713,ACT_EU_INST_CJEU_JUDG_AG_DE_ALB
DOC_JUDG_CJ_1999_0118_20020124,ACT_EU_INST_CJEU_JUDG_AG_DE_ALB
DOC_JUDG_CJ_1999_0119_20010517,ACT_EU_INST_CJEU_JUDG_AG_LU_MIS
DOC_JUDG_CJ_1999_0120_20011025,ACT_EU_INST_CJEU_JUDG_AG_ES_RUI_JAR_COL
DOC_JUDG_CJ_1999_0122_P_20010531,ACT_EU_INST_CJEU_JUDG_AG_LU_MIS
DOC_JUDG_CJ_1999_0123_20000413,ACT_EU_INST_CJEU_JUDG_AG_FR_LEGE
DOC_JUDG_CJ_1999_0124_20000921,ACT_EU_INST_CJEU_JUDG_AG_FR_LEGE
DOC_JUDG_CJ_1999_0126_20001109,ACT_EU_INST_CJEU_JUDG_AG_ES_RUI_JAR_COL
DOC_JUDG_CJ_1999_0127_20011108,ACT_EU_INST_CJEU_JUDG_AG_NL_GEE
DOC_JUDG_CJ_1999_0130_20020321,ACT_EU_INST_CJEU_JUDG_AG_UK_JAC
DOC_JUDG_CJ_1999_0132_20020314,ACT_EU_INST_CJEU_JUDG_AG_ES_RUI_JAR_COL
DOC_JUDG_CJ_1999_0133_20020606,ACT_EU_INST_CJEU_JUDG_AG_LU_MIS
DOC_JUDG_CJ_1999_0134_20000926,ACT_EU_INST_CJEU_JUDG_AG_EL_COS
DOC_JUDG_CJ_1999_0135_20001123,ACT_EU_INST_CJEU_JUDG_AG_IT_SAG
DOC_JUDG_CJ_1999_0136_20000713,ACT_EU_INST_CJEU_JUDG_AG_IT_SAG
DOC_JUDG_CJ_1999_0137_19991216,ACT_EU_INST_CJEU_JUDG_AG_IE_FEN
DOC_JUDG_CJ_1999_0138_19991216,ACT_EU_INST_CJEU_JUDG_AG_UK_JAC
DOC_JUDG_CJ_1999_0141_20001214,ACT_EU_INST_CJEU_JUDG_AG_DE_ALB
DOC_JUDG_CJ_1999_0142_20001114,ACT_EU_INST_CJEU_JUDG_AG_IE_FEN
DOC_JUDG_CJ_1999_0143_20011108,ACT_EU_INST_CJEU_JUDG_AG_LU_MIS
DOC_JUDG_CJ_1999_0144_20010510,ACT_EU_INST_CJEU_JUDG_AG_IT_TIZ
DOC_JUDG_CJ_1999_0145_20020307,ACT_EU_INST_CJEU_JUDG_AG_AT_STI_HAC
DOC_JUDG_CJ_1999_0146_20011127,ACT_EU_INST_CJEU_JUDG_AG_AT_STI_HAC
DOC_JUDG_CJ_1999_0147_20011122,ACT_EU_INST_CJEU_JUDG_AG_AT_STI_HAC
DOC_JUDG_CJ_1999_0148_20001109,ACT_EU_INST_CJEU_JUDG_AG_ES_RUI_JAR_COL
DOC_JUDG_CJ_1999_0150_20010118,ACT_EU_INST_CJEU_JUDG_AG_UK_JAC
DOC_JUDG_CJ_1999_0153_P_20000413,ACT_EU_INST_CJEU_JUDG_AG_UK_JAC
DOC_JUDG_CJ_1999_0154_P_20000629,ACT_EU_INST_CJEU_JUDG_AG_UK_JAC
DOC_JUDG_CJ_1999_0155_20001019,ACT_EU_INST_CJEU_JUDG_AG_EL_COS
DOC_JUDG_CJ_1999_0157_20010712,ACT_EU_INST_CJEU_JUDG_AG_ES_RUI_JAR_COL
DOC_JUDG_CJ_1999_0159_20010517,ACT_EU_INST_CJEU_JUDG_AG_FR_LEGE
DOC_JUDG_CJ_1999_0160_20000713,ACT_EU_INST_CJEU_JUDG_AG_UK_JAC
DOC_JUDG_CJ_1999_0162_20010118,ACT_EU_INST_CJEU_JUDG_AG_FR_LEGE
DOC_JUDG_CJ_1999_0163_20010329,ACT_EU_INST_CJEU_JUDG_AG_LU_MIS
DOC_JUDG_CJ_1999_0164_20020124,ACT_EU_INST_CJEU_JUDG_AG_LU_MIS
DOC_JUDG_CJ_1999_0166_20000713,ACT_EU_INST_CJEU_JUDG_AG_ES_RUI_JAR_COL
DOC_JUDG_CJ_1999_0167_20030410,ACT_EU_INST_CJEU_JUDG_AG_NL_GEE
DOC_JUDG_CJ_1999_0169_20010913,ACT_EU_INST_CJEU_JUDG_AG_LU_MIS
DOC_JUDG_CJ_1999_0172_20010125,ACT_EU_INST_CJEU_JUDG_AG_FR_LEGE
DOC_JUDG_CJ_1999_0173_20010626,ACT_EU_INST_CJEU_JUDG_AG_IT_TIZ
DOC_JUDG_CJ_1999_0174_P_20000713,ACT_EU_INST_CJEU_JUDG_AG_LU_MIS
DOC_JUDG_CJ_1999_0175_20000926,ACT_EU_INST_CJEU_JUDG_AG_FR_LEGE
DOC_JUDG_CJ_1999_0176_P_20031002,ACT_EU_INST_CJEU_JUDG_AG_AT_STI_HAC
DOC_JUDG_CJ_1999_0177_20000919,ACT_EU_INST_CJEU_JUDG_AG_EL_COS
DOC_JUDG_CJ_1999_0178_20010614,ACT_EU_INST_CJEU_JUDG_AG_NL_GEE
DOC_JUDG_CJ_1999_0179_P_20031002,ACT_EU_INST_CJEU_JUDG_AG_AT_STI_HAC
DOC_JUDG_CJ_1999_0182_P_20031002,ACT_EU_INST_CJEU_JUDG_AG_AT_STI_HAC
DOC_JUDG_CJ_1999_0184_20010920,ACT_EU_INST_CJEU_JUDG_AG_DE_ALB
DOC_JUDG_CJ_1999_0187_20010222,ACT_EU_INST_CJEU_JUDG_AG_IT_TIZ
DOC_JUDG_CJ_1999_0190_20000608,ACT_EU_INST_CJEU_JUDG_AG_LU_MIS
DOC_JUDG_CJ_1999_0191_20010614,ACT_EU_INST_CJEU_JUDG_AG_UK_JAC
DOC_JUDG_CJ_1999_0192_20010220,ACT_EU_INST_CJEU_JUDG_AG_FR_LEGE
DOC_JUDG_CJ_1999_0193_20000928,ACT_EU_INST_CJEU_JUDG_AG_DE_ALB
DOC_JUDG_CJ_1999_0194_P_20031002,ACT_EU_INST_CJEU_JUDG_AG_AT_STI_HAC
DOC_JUDG_CJ_1999_0195_P_20031002,ACT_EU_INST_CJEU_JUDG_AG_AT_STI_HAC
DOC_JUDG_CJ_1999_0196_P_20031002,ACT_EU_INST_CJEU_JUDG_AG_AT_STI_HAC
DOC_JUDG_CJ_1999_0197_P_20030911,ACT_EU_INST_CJEU_JUDG_AG_FR_LEGE
DOC_JUDG_CJ_1999_0198_P_20031002,ACT_EU_INST_CJEU_JUDG_AG_AT_STI_HAC
DOC_JUDG_CJ_1999_0199_P_20031002,ACT_EU_INST_CJEU_JUDG_AG_AT_STI_HAC
DOC_JUDG_CJ_1999_0201_20010405,ACT_EU_INST_CJEU_JUDG_AG_UK_JAC
DOC_JUDG_CJ_1999_0202_20011129,ACT_EU_INST_CJEU_JUDG_AG_FR_LEGE
DOC_JUDG_CJ_1999_0203_20010510,ACT_EU_INST_CJEU_JUDG_AG_ES_RUI_JAR_COL
DOC_JUDG_CJ_1999_0205_20010220,ACT_EU_INST_CJEU_JUDG_AG_LU_MIS
DOC_JUDG_CJ_1999_0206_20010621,ACT_EU_INST_CJEU_JUDG_AG_ES_RUI_JAR_COL
DOC_JUDG_CJ_1999_0207_P_20001109,ACT_EU_INST_CJEU_JUDG_AG_FR_LEGE
DOC_JUDG_CJ_1999_0212_20010626,ACT_EU_INST_CJEU_JUDG_AG_NL_GEE
DOC_JUDG_CJ_1999_0213_20001207,ACT_EU_INST_CJEU_JUDG_AG_IE_FEN
DOC_JUDG_CJ_1999_0214_20001207,ACT_EU_INST_CJEU_JUDG_AG_IE_FEN
DOC_JUDG_CJ_1999_0215_20010308,ACT_EU_INST_CJEU_JUDG_AG_DE_ALB
DOC_JUDG_CJ_1999_0216_20020910,ACT_EU_INST_CJEU_JUDG_AG_AT_STI_HAC
DOC_JUDG_CJ_1999_0217_20001116,ACT_EU_INST_CJEU_JUDG_AG_IE_FEN
DOC_JUDG_CJ_1999_0219_20010214,ACT_EU_INST_CJEU_JUDG_AG_UK_JAC
DOC_JUDG_CJ_1999_0220_20010911,ACT_EU_INST_CJEU_JUDG_AG_FR_LEGE
DOC_JUDG_CJ_1999_0221_20011129,ACT_EU_INST_CJEU_JUDG_AG_FR_LEGE
DOC_JUDG_CJ_1999_0223_20010510,ACT_EU_INST_CJEU_JUDG_AG_DE_ALB
DOC_JUDG_CJ_1999_0226_20010111,ACT_EU_INST_CJEU_JUDG_AG_ES_RUI_JAR_COL
DOC_JUDG_CJ_1999_0228_20011108,ACT_EU_INST_CJEU_JUDG_AG_NL_GEE
DOC_JUDG_CJ_1999_0230_20010215,ACT_EU_INST_CJEU_JUDG_AG_DE_ALB
DOC_JUDG_CJ_1999_0232_20020516,ACT_EU_INST_CJEU_JUDG_AG_AT_STI_HAC
DOC_JUDG_CJ_1999_0234_20020423,ACT_EU_INST_CJEU_JUDG_AG_LU_MIS
DOC_JUDG_CJ_1999_0235_20010927,ACT_EU_INST_CJEU_JUDG_AG_DE_ALB
DOC_JUDG_CJ_1999_0236_20000706,ACT_EU_INST_CJEU_JUDG_AG_UK_JAC
DOC_JUDG_CJ_1999_0237_20010201,ACT_EU_INST_CJEU_JUDG_AG_LU_MIS
DOC_JUDG_CJ_1999_0238_P_20021015,ACT_EU_INST_CJEU_JUDG_AG_LU_MIS
DOC_JUDG_CJ_1999_0239_20010215,ACT_EU_INST_CJEU_JUDG_AG_UK_JAC
DOC_JUDG_CJ_1999_0240_20010308,ACT_EU_INST_CJEU_JUDG_AG_IT_SAG
DOC_JUDG_CJ_1999_0248_P_20020108,ACT_EU_INST_CJEU_JUDG_AG_DE_ALB
DOC_JUDG_CJ_1999_0253_20010927,ACT_EU_INST_CJEU_JUDG_AG_UK_JAC
DOC_JUDG_CJ_1999_0255_20020205,ACT_EU_INST_CJEU_JUDG_AG_DE_ALB
DOC_JUDG_CJ_1999_0257_20010927,ACT_EU_INST_CJEU_JUDG_AG_LU_MIS
DOC_JUDG_CJ_1999_0258_20010510,ACT_EU_INST_CJEU_JUDG_AG_UK_JAC
DOC_JUDG_CJ_1999_0261_20010322,ACT_EU_INST_CJEU_JUDG_AG_DE_ALB
DOC_JUDG_CJ_1999_0262_20010712,ACT_EU_INST_CJEU_JUDG_AG_DE_ALB
DOC_JUDG_CJ_1999_0263_20010529,ACT_EU_INST_CJEU_JUDG_AG_DE_ALB
DOC_JUDG_CJ_1999_0264_20000608,ACT_EU_INST_CJEU_JUDG_AG_DE_ALB
DOC_JUDG_CJ_1999_0265_20010315,ACT_EU_INST_CJEU_JUDG_AG_DE_ALB
DOC_JUDG_CJ_1999_0266_20010308,ACT_EU_INST_CJEU_JUDG_AG_AT_STI_HAC
DOC_JUDG_CJ_1999_0267_20011011,ACT_EU_INST_CJEU_JUDG_AG_IT_TIZ
DOC_JUDG_CJ_1999_0268_20011120,ACT_EU_INST_CJEU_JUDG_AG_FR_LEGE
DOC_JUDG_CJ_1999_0269_20011206,ACT_EU_INST_CJEU_JUDG_AG_UK_JAC
DOC_JUDG_CJ_1999_0270_P_20011127,ACT_EU_INST_CJEU_JUDG_AG_UK_JAC
DOC_JUDG_CJ_1999_0273_P_20010306,ACT_EU_INST_CJEU_JUDG_AG_ES_RUI_JAR_COL
DOC_JUDG_CJ_1999_0274_P_20010306,ACT_EU_INST_CJEU_JUDG_AG_ES_RUI_JAR_COL
DOC_JUDG_CJ_1999_0276_20011025,ACT_EU_INST_CJEU_JUDG_AG_LU_MIS
DOC_JUDG_CJ_1999_0277_20020205,ACT_EU_INST_CJEU_JUDG_AG_LU_MIS
DOC_JUDG_CJ_1999_0278_20010308,ACT_EU_INST_CJEU_JUDG_AG_ES_RUI_JAR_COL
DOC_JUDG_CJ_1999_0280_P_20010621,ACT_EU_INST_CJEU_JUDG_AG_NL_GEE
DOC_JUDG_CJ_1999_0283_20010531,ACT_EU_INST_CJEU_JUDG_AG_UK_JAC
DOC_JUDG_CJ_1999_0285_20011127,ACT_EU_INST_CJEU_JUDG_AG_ES_RUI_JAR_COL
DOC_JUDG_CJ_1999_0288_20010510,ACT_EU_INST_CJEU_JUDG_AG_NL_GEE
DOC_JUDG_CJ_1999_0292_20020502,ACT_EU_INST_CJEU_JUDG_AG_IT_TIZ
DOC_JUDG_CJ_1999_0294_20011004,ACT_EU_INST_CJEU_JUDG_AG_DE_ALB
DOC_JUDG_CJ_1999_0297_20010118,ACT_EU_INST_CJEU_JUDG_AG_IT_SAG
DOC_JUDG_CJ_1999_0298_20020321,ACT_EU_INST_CJEU_JUDG_AG_DE_ALB
DOC_JUDG_CJ_1999_0299_20020618,ACT_EU_INST_CJEU_JUDG_AG_ES_RUI_JAR_COL
DOC_JUDG_CJ_1999_0302_P_20010712,ACT_EU_INST_CJEU_JUDG_AG_LU_MIS
DOC_JUDG_CJ_1999_0306_20030107,ACT_EU_INST_CJEU_JUDG_AG_UK_JAC
DOC_JUDG_CJ_1999_0309_20020219,ACT_EU_INST_CJEU_JUDG_AG_FR_LEGE
DOC_JUDG_CJ_1999_0310_20020307,ACT_EU_INST_CJEU_JUDG_AG_ES_RUI_JAR_COL
DOC_JUDG_CJ_1999_0313_20020620,ACT_EU_INST_CJEU_JUDG_AG_NL_GEE
DOC_JUDG_CJ_1999_0314_20020618,ACT_EU_INST_CJEU_JUDG_AG_UK_JAC
DOC_JUDG_CJ_1999_0315_P_20010710,ACT_EU_INST_CJEU_JUDG_AG_ES_RUI_JAR_COL
DOC_JUDG_CJ_1999_0316_20010308,ACT_EU_INST_CJEU_JUDG_AG_IT_TIZ
DOC_JUDG_CJ_1999_0317_20011213,ACT_EU_INST_CJEU_JUDG_AG_ES_RUI_JAR_COL
DOC_JUDG_CJ_1999_0319_20001123,ACT_EU_INST_CJEU_JUDG_AG_IT_SAG
DOC_JUDG_CJ_1999_0320_20001123,ACT_EU_INST_CJEU_JUDG_AG_IT_SAG
DOC_JUDG_CJ_1999_0321_P_20020516,ACT_EU_INST_CJEU_JUDG_AG_NL_GEE
DOC_JUDG_CJ_1999_0322_20010517,ACT_EU_INST_CJEU_JUDG_AG_UK_JAC
DOC_JUDG_CJ_1999_0324_20011213,ACT_EU_INST_CJEU_JUDG_AG_FR_LEGE
DOC_JUDG_CJ_1999_0325_20010405,ACT_EU_INST_CJEU_JUDG_AG_ES_RUI_JAR_COL
DOC_JUDG_CJ_1999_0326_20011004,ACT_EU_INST_CJEU_JUDG_AG_UK_JAC
DOC_JUDG_CJ_1999_0328_20030508,ACT_EU_INST_CJEU_JUDG_AG_NL_GEE
DOC_JUDG_CJ_1999_0333_20010201,ACT_EU_INST_CJEU_JUDG_AG_DE_ALB
DOC_JUDG_CJ_1999_0334_20030128,ACT_EU_INST_CJEU_JUDG_AG_ES_RUI_JAR_COL
DOC_JUDG_CJ_1999_0339_20021017,ACT_EU_INST_CJEU_JUDG_AG_IT_TIZ
DOC_JUDG_CJ_1999_0340_20010517,ACT_EU_INST_CJEU_JUDG_AG_DE_ALB
DOC_JUDG_CJ_1999_0345_20010614,ACT_EU_INST_CJEU_JUDG_AG_NL_GEE
DOC_JUDG_CJ_1999_0347_20001214,ACT_EU_INST_CJEU_JUDG_AG_UK_JAC
DOC_JUDG_CJ_1999_0348_20000413,ACT_EU_INST_CJEU_JUDG_AG_FR_LEGE
DOC_JUDG_CJ_1999_0350_20010208,ACT_EU_INST_CJEU_JUDG_AG_ES_RUI_JAR_COL
DOC_JUDG_CJ_1999_0353_P_20011206,ACT_EU_INST_CJEU_JUDG_AG_FR_LEGE
DOC_JUDG_CJ_1999_0354_20011018,ACT_EU_INST_CJEU_JUDG_AG_NL_GEE
DOC_JUDG_CJ_1999_0356_20001109,ACT_EU_INST_CJEU_JUDG_AG_IT_SAG
DOC_JUDG_CJ_1999_0363_20040212,ACT_EU_INST_CJEU_JUDG_AG_ES_RUI_JAR_COL
DOC_JUDG_CJ_1999_0365_20010712,ACT_EU_INST_CJEU_JUDG_AG_LU_MIS
DOC_JUDG_CJ_1999_0366_20011129,ACT_EU_INST_CJEU_JUDG_AG_DE_ALB
DOC_JUDG_CJ_1999_0370_20010111,ACT_EU_INST_CJEU_JUDG_AG_FR_LEGE
DOC_JUDG_CJ_1999_0371_20020711,ACT_EU_INST_CJEU_JUDG_AG_LU_MIS
DOC_JUDG_CJ_1999_0372_20020124,ACT_EU_INST_CJEU_JUDG_AG_DE_ALB
DOC_JUDG_CJ_1999_0373_20011206,ACT_EU_INST_CJEU_JUDG_AG_IT_TIZ
DOC_JUDG_CJ_1999_0374_20010913,ACT_EU_INST_CJEU_JUDG_AG_NL_GEE
DOC_JUDG_CJ_1999_0375_20010913,ACT_EU_INST_CJEU_JUDG_AG_NL_GEE
DOC_JUDG_CJ_1999_0377_20020919,ACT_EU_INST_CJEU_JUDG_AG_AT_STI_HAC
DOC_JUDG_CJ_1999_0379_20011009,ACT_EU_INST_CJEU_JUDG_AG_IT_TIZ
DOC_JUDG_CJ_1999_0380_20010703,ACT_EU_INST_CJEU_JUDG_AG_AT_STI_HAC
DOC_JUDG_CJ_1999_0381_20010626,ACT_EU_INST_CJEU_JUDG_AG_NL_GEE
DOC_JUDG_CJ_1999_0382_20020613,ACT_EU_INST_CJEU_JUDG_AG_FR_LEGE
DOC_JUDG_CJ_1999_0383_P_20010920,ACT_EU_INST_CJEU_JUDG_AG_UK_JAC
DOC_JUDG_CJ_1999_0384_20001130,ACT_EU_INST_CJEU_JUDG_AG_UK_JAC
DOC_JUDG_CJ_1999_0385_20030513,ACT_EU_INST_CJEU_JUDG_AG_ES_RUI_JAR_COL
DOC_JUDG_CJ_1999_0387_20040429,ACT_EU_INST_CJEU_JUDG_AG_NL_GEE
DOC_JUDG_CJ_1999_0389_20010510,ACT_EU_INST_CJEU_JUDG_AG_DE_ALB
DOC_JUDG_CJ_1999_0390_20020122,ACT_EU_INST_CJEU_JUDG_AG_AT_STI_HAC
DOC_JUDG_CJ_1999_0392_20030410,ACT_EU_INST_CJEU_JUDG_AG_AT_STI_HAC
DOC_JUDG_CJ_1999_0393_20020319,ACT_EU_INST_CJEU_JUDG_AG_UK_JAC
DOC_JUDG_CJ_1999_0395_20001207,ACT_EU_INST_CJEU_JUDG_AG_DE_ALB
DOC_JUDG_CJ_1999_0396_20011016,ACT_EU_INST_CJEU_JUDG_AG_ES_RUI_JAR_COL
DOC_JUDG_CJ_1999_0398_20030116,ACT_EU_INST_CJEU_JUDG_AG_AT_STI_HAC
DOC_JUDG_CJ_1999_0400_20011009,ACT_EU_INST_CJEU_JUDG_AG_AT_STI_HAC
DOC_JUDG_CJ_1999_0400_20050510,ACT_EU_INST_CJEU_JUDG_AG_AT_STI_HAC
DOC_JUDG_CJ_1999_0401_20020620,ACT_EU_INST_CJEU_JUDG_AG_FR_LEGE
DOC_JUDG_CJ_1999_0403_20011004,ACT_EU_INST_CJEU_JUDG_AG_ES_RUI_JAR_COL
DOC_JUDG_CJ_1999_0404_20010329,ACT_EU_INST_CJEU_JUDG_AG_LU_MIS
DOC_JUDG_CJ_1999_0408_20000926,ACT_EU_INST_CJEU_JUDG_AG_IT_SAG
DOC_JUDG_CJ_1999_0409_20020108,ACT_EU_INST_CJEU_JUDG_AG_NL_GEE
DOC_JUDG_CJ_1999_0413_20020917,ACT_EU_INST_CJEU_JUDG_AG_NL_GEE
DOC_JUDG_CJ_1999_0414_20011120,ACT_EU_INST_CJEU_JUDG_AG_AT_STI_HAC
DOC_JUDG_CJ_1999_0417_20010913,ACT_EU_INST_CJEU_JUDG_AG_FR_LEGE
DOC_JUDG_CJ_1999_0422_20001130,ACT_EU_INST_CJEU_JUDG_AG_DE_ALB
DOC_JUDG_CJ_1999_0423_20001207,ACT_EU_INST_CJEU_JUDG_AG_EL_COS
DOC_JUDG_CJ_1999_0424_20011127,ACT_EU_INST_CJEU_JUDG_AG_IT_TIZ
DOC_JUDG_CJ_1999_0428_20020108,ACT_EU_INST_CJEU_JUDG_AG_UK_JAC
DOC_JUDG_CJ_1999_0429_20011016,ACT_EU_INST_CJEU_JUDG_AG_FR_LEGE
DOC_JUDG_CJ_1999_0430_20020613,ACT_EU_INST_CJEU_JUDG_AG_DE_ALB
DOC_JUDG_CJ_1999_0435_20001212,ACT_EU_INST_CJEU_JUDG_AG_ES_RUI_JAR_COL
DOC_JUDG_CJ_1999_0438_20011004,ACT_EU_INST_CJEU_JUDG_AG_IT_TIZ
DOC_JUDG_CJ_1999_0439_20020115,ACT_EU_INST_CJEU_JUDG_AG_DE_ALB
DOC_JUDG_CJ_1999_0441_20011018,ACT_EU_INST_CJEU_JUDG_AG_NL_GEE
DOC_JUDG_CJ_1999_0442_P_20010927,ACT_EU_INST_CJEU_JUDG_AG_LU_MIS
DOC_JUDG_CJ_1999_0443_20020423,ACT_EU_INST_CJEU_JUDG_AG_UK_JAC
DOC_JUDG_CJ_1999_0444_20010510,ACT_EU_INST_CJEU_JUDG_AG_NL_GEE
DOC_JUDG_CJ_1999_0447_20010704,ACT_EU_INST_CJEU_JUDG_AG_DE_ALB
DOC_JUDG_CJ_1999_0448_20010118,ACT_EU_INST_CJEU_JUDG_AG_FR_LEGE
DOC_JUDG_CJ_1999_0449_P_20011002,ACT_EU_INST_CJEU_JUDG_AG_NL_GEE
DOC_JUDG_CJ_1999_0451_20020321,ACT_EU_INST_CJEU_JUDG_AG_UK_JAC
DOC_JUDG_CJ_1999_0453_20010920,ACT_EU_INST_CJEU_JUDG_AG_LU_MIS
DOC_JUDG_CJ_1999_0454_20021114,ACT_EU_INST_CJEU_JUDG_AG_AT_STI_HAC
DOC_JUDG_CJ_1999_0457_20011011,ACT_EU_INST_CJEU_JUDG_AG_DE_ALB
DOC_JUDG_CJ_1999_0459_20020725,ACT_EU_INST_CJEU_JUDG_AG_AT_STI_HAC
DOC_JUDG_CJ_1999_0462_20030522,ACT_EU_INST_CJEU_JUDG_AG_NL_GEE
DOC_JUDG_CJ_1999_0466_20020124,ACT_EU_INST_CJEU_JUDG_AG_LU_MIS
DOC_JUDG_CJ_1999_0470_20021212,ACT_EU_INST_CJEU_JUDG_AG_DE_ALB
DOC_JUDG_CJ_1999_0471_20020924,ACT_EU_INST_CJEU_JUDG_AG_IT_TIZ
DOC_JUDG_CJ_1999_0472_20011206,ACT_EU_INST_CJEU_JUDG_AG_NL_GEE
DOC_JUDG_CJ_1999_0473_20010614,ACT_EU_INST_CJEU_JUDG_AG_NL_GEE
DOC_JUDG_CJ_1999_0474_20020613,ACT_EU_INST_CJEU_JUDG_AG_NL_GEE
DOC_JUDG_CJ_1999_0475_20011025,ACT_EU_INST_CJEU_JUDG_AG_UK_JAC
DOC_JUDG_CJ_1999_0476_20020319,ACT_EU_INST_CJEU_JUDG_AG_DE_ALB
DOC_JUDG_CJ_1999_0478_20020507,ACT_EU_INST_CJEU_JUDG_AG_NL_GEE
DOC_JUDG_CJ_1999_0479_20010607,ACT_EU_INST_CJEU_JUDG_AG_IT_TIZ
DOC_JUDG_CJ_1999_0480_P_20020110,ACT_EU_INST_CJEU_JUDG_AG_ES_RUI_JAR_COL
DOC_JUDG_CJ_1999_0481_20011213,ACT_EU_INST_CJEU_JUDG_AG_FR_LEGE
DOC_JUDG_CJ_1999_0482_20020516,ACT_EU_INST_CJEU_JUDG_AG_UK_JAC
DOC_JUDG_CJ_1999_0483_20020604,ACT_EU_INST_CJEU_JUDG_AG_ES_RUI_JAR_COL
DOC_JUDG_CJ_1999_0493_20011025,ACT_EU_INST_CJEU_JUDG_AG_ES_RUI_JAR_COL
DOC_JUDG_CJ_1999_0494_20010405,ACT_EU_INST_CJEU_JUDG_AG_UK_JAC
DOC_JUDG_CJ_1999_0496_P_20040429,ACT_EU_INST_CJEU_JUDG_AG_DE_ALB
DOC_JUDG_CJ_1999_0498_20020917,ACT_EU_INST_CJEU_JUDG_AG_AT_STI_HAC
DOC_JUDG_CJ_1999_0499_20020702,ACT_EU_INST_CJEU_JUDG_AG_LU_MIS
DOC_JUDG_CJ_1999_0500_P_20020124,ACT_EU_INST_CJEU_JUDG_AG_DE_ALB
DOC_JUDG_CJ_1999_0503_20020604,ACT_EU_INST_CJEU_JUDG_AG_ES_RUI_JAR_COL
DOC_JUDG_CJ_1999_0507_20020108,ACT_EU_INST_CJEU_JUDG_AG_UK_JAC
DOC_JUDG_CJ_1999_0508_20020516,ACT_EU_INST_CJEU_JUDG_AG_IT_TIZ
DOC_JUDG_CJ_1999_0510_20011023,ACT_EU_INST_CJEU_JUDG_AG_AT_STI_HAC
DOC_JUDG_CJ_1999_0512_20030121,ACT_EU_INST_CJEU_JUDG_AG_IT_TIZ
DOC_JUDG_CJ_1999_0513_20020917,ACT_EU_INST_CJEU_JUDG_AG_LU_MIS
DOC_JUDG_CJ_1999_0515_20020305,ACT_EU_INST_CJEU_JUDG_AG_NL_GEE
DOC_JUDG_CJ_1999_0516_20020530,ACT_EU_INST_CJEU_JUDG_AG_IT_TIZ
DOC_JUDG_CJ_1999_0517_20011004,ACT_EU_INST_CJEU_JUDG_AG_ES_RUI_JAR_COL
DOC_JUDG_CJ_1999_0541_20011122,ACT_EU_INST_CJEU_JUDG_AG_LU_MIS
DOC_JUDG_CJ_2000_0001_20011213,ACT_EU_INST_CJEU_JUDG_AG_LU_MIS
DOC_JUDG_CJ_2000_0002_20020514,ACT_EU_INST_CJEU_JUDG_AG_UK_JAC
DOC_JUDG_CJ_2000_0003_20030320,ACT_EU_INST_CJEU_JUDG_AG_IT_TIZ
DOC_JUDG_CJ_2000_0005_20020207,ACT_EU_INST_CJEU_JUDG_AG_NL_GEE
DOC_JUDG_CJ_2000_0006_20020227,ACT_EU_INST_CJEU_JUDG_AG_UK_JAC
DOC_JUDG_CJ_2000_0009_20020418,ACT_EU_INST_CJEU_JUDG_AG_UK_JAC
DOC_JUDG_CJ_2000_0010_20020307,ACT_EU_INST_CJEU_JUDG_AG_UK_JAC
DOC_JUDG_CJ_2000_0011_20030710,ACT_EU_INST_CJEU_JUDG_AG_UK_JAC
DOC_JUDG_CJ_2000_0012_20030116,ACT_EU_INST_CJEU_JUDG_AG_DE_ALB
DOC_JUDG_CJ_2000_0013_20020319,ACT_EU_INST_CJEU_JUDG_AG_LU_MIS
DOC_JUDG_CJ_2000_0014_20030116,ACT_EU_INST_CJEU_JUDG_AG_DE_ALB
DOC_JUDG_CJ_2000_0015_20030710,ACT_EU_INST_CJEU_JUDG_AG_UK_JAC
DOC_JUDG_CJ_2000_0016_20010927,ACT_EU_INST_CJEU_JUDG_AG_AT_STI_HAC
DOC_JUDG_CJ_2000_0017_20011129,ACT_EU_INST_CJEU_JUDG_AG_ES_RUI_JAR_COL
DOC_JUDG_CJ_2000_0019_20011018,ACT_EU_INST_CJEU_JUDG_AG_UK_JAC
DOC_JUDG_CJ_2000_0020_20030710,ACT_EU_INST_CJEU_JUDG_AG_LU_MIS
DOC_JUDG_CJ_2000_0023_P_20020226,ACT_EU_INST_CJEU_JUDG_AG_ES_RUI_JAR_COL
DOC_JUDG_CJ_2000_0024_20040205,ACT_EU_INST_CJEU_JUDG_AG_LU_MIS
DOC_JUDG_CJ_2000_0026_20050714,ACT_EU_INST_CJEU_JUDG_AG_FR_LEGE
DOC_JUDG_CJ_2000_0027_20020312,ACT_EU_INST_CJEU_JUDG_AG_DE_ALB
DOC_JUDG_CJ_2000_0028_20020207,ACT_EU_INST_CJEU_JUDG_AG_UK_JAC
DOC_JUDG_CJ_2000_0031_20020122,ACT_EU_INST_CJEU_JUDG_AG_FR_LEGE
DOC_JUDG_CJ_2000_0032_P_20020226,ACT_EU_INST_CJEU_JUDG_AG_ES_RUI_JAR_COL
DOC_JUDG_CJ_2000_0035_20020124,ACT_EU_INST_CJEU_JUDG_AG_IT_TIZ
DOC_JUDG_CJ_2000_0036_20020321,ACT_EU_INST_CJEU_JUDG_AG_NL_GEE
DOC_JUDG_CJ_2000_0037_20020227,ACT_EU_INST_CJEU_JUDG_AG_UK_JAC
DOC_JUDG_CJ_2000_0040_20010614,ACT_EU_INST_CJEU_JUDG_AG_NL_GEE
DOC_JUDG_CJ_2000_0041_P_20030306,ACT_EU_INST_CJEU_JUDG_AG_FR_LEGE
DOC_JUDG_CJ_2000_0043_20020115,ACT_EU_INST_CJEU_JUDG_AG_IT_TIZ
DOC_JUDG_CJ_2000_0049_20011115,ACT_EU_INST_CJEU_JUDG_AG_AT_STI_HAC
DOC_JUDG_CJ_2000_0050_P_20020725,ACT_EU_INST_CJEU_JUDG_AG_UK_JAC
DOC_JUDG_CJ_2000_0051_20020124,ACT_EU_INST_CJEU_JUDG_AG_NL_GEE
DOC_JUDG_CJ_2000_0052_20020425,ACT_EU_INST_CJEU_JUDG_AG_NL_GEE
DOC_JUDG_CJ_2000_0053_20011122,ACT_EU_INST_CJEU_JUDG_AG_IT_TIZ
DOC_JUDG_CJ_2000_0055_20020115,ACT_EU_INST_CJEU_JUDG_AG_ES_RUI_JAR_COL
DOC_JUDG_CJ_2000_0057_P_20030930,ACT_EU_INST_CJEU_JUDG_AG_LU_MIS
DOC_JUDG_CJ_2000_0060_20020711,ACT_EU_INST_CJEU_JUDG_AG_AT_STI_HAC
DOC_JUDG_CJ_2000_0062_20020711,ACT_EU_INST_CJEU_JUDG_AG_NL_GEE
DOC_JUDG_CJ_2000_0063_20020516,ACT_EU_INST_CJEU_JUDG_AG_FR_LEGE
DOC_JUDG_CJ_2000_0065_20020221,ACT_EU_INST_CJEU_JUDG_AG_LU_MIS
DOC_JUDG_CJ_2000_0066_20020625,ACT_EU_INST_CJEU_JUDG_AG_FR_LEGE
DOC_JUDG_CJ_2000_0071_20021017,ACT_EU_INST_CJEU_JUDG_AG_IT_TIZ
DOC_JUDG_CJ_2000_0074_P_20020924,ACT_EU_INST_CJEU_JUDG_AG_DE_ALB
DOC_JUDG_CJ_2000_0076_P_20030109,ACT_EU_INST_CJEU_JUDG_AG_UK_JAC
DOC_JUDG_CJ_2000_0078_20011025,ACT_EU_INST_CJEU_JUDG_AG_LU_MIS
DOC_JUDG_CJ_2000_0079_20011213,ACT_EU_INST_CJEU_JUDG_AG_UK_JAC
DOC_JUDG_CJ_2000_0080_20020606,ACT_EU_INST_CJEU_JUDG_AG_FR_LEGE
DOC_JUDG_CJ_2000_0083_20010315,ACT_EU_INST_CJEU_JUDG_AG_DE_ALB
DOC_JUDG_CJ_2000_0084_20010614,ACT_EU_INST_CJEU_JUDG_AG_LU_MIS
DOC_JUDG_CJ_2000_0087_20041012,ACT_EU_INST_CJEU_JUDG_AG_PT_POI_PES_MAD
DOC_JUDG_CJ_2000_0092_20020618,ACT_EU_INST_CJEU_JUDG_AG_IT_TIZ
DOC_JUDG_CJ_2000_0093_20011213,ACT_EU_INST_CJEU_JUDG_AG_AT_STI_HAC
DOC_JUDG_CJ_2000_0094_20021022,ACT_EU_INST_CJEU_JUDG_AG_LU_MIS
DOC_JUDG_CJ_2000_0096_20020711,ACT_EU_INST_CJEU_JUDG_AG_UK_JAC
DOC_JUDG_CJ_2000_0097_20010308,ACT_EU_INST_CJEU_JUDG_AG_LU_MIS
DOC_JUDG_CJ_2000_0099_20020604,ACT_EU_INST_CJEU_JUDG_AG_IT_TIZ
DOC_JUDG_CJ_2000_0100_20010405,ACT_EU_INST_CJEU_JUDG_AG_UK_JAC
DOC_JUDG_CJ_2000_0101_20020919,ACT_EU_INST_CJEU_JUDG_AG_AT_STI_HAC
DOC_JUDG_CJ_2000_0103_20020130,ACT_EU_INST_CJEU_JUDG_AG_FR_LEGE
DOC_JUDG_CJ_2000_0104_P_20020919,ACT_EU_INST_CJEU_JUDG_AG_ES_RUI_JAR_COL
DOC_JUDG_CJ_2000_0107_20020307,ACT_EU_INST_CJEU_JUDG_AG_FR_LEGE
DOC_JUDG_CJ_2000_0108_20010315,ACT_EU_INST_CJEU_JUDG_AG_UK_JAC
DOC_JUDG_CJ_2000_0109_20011004,ACT_EU_INST_CJEU_JUDG_AG_ES_RUI_JAR_COL
DOC_JUDG_CJ_2000_0110_20011011,ACT_EU_INST_CJEU_JUDG_AG_NL_GEE
DOC_JUDG_CJ_2000_0111_20011011,ACT_EU_INST_CJEU_JUDG_AG_NL_GEE
DOC_JUDG_CJ_2000_0112_20030612,ACT_EU_INST_CJEU_JUDG_AG_UK_JAC
DOC_JUDG_CJ_2000_0113_20020919,ACT_EU_INST_CJEU_JUDG_AG_UK_JAC
DOC_JUDG_CJ_2000_0114_20020919,ACT_EU_INST_CJEU_JUDG_AG_UK_JAC
DOC_JUDG_CJ_2000_0115_20020702,ACT_EU_INST_CJEU_JUDG_AG_ES_RUI_JAR_COL
DOC_JUDG_CJ_2000_0117_20020613,ACT_EU_INST_CJEU_JUDG_AG_FR_LEGE
DOC_JUDG_CJ_2000_0118_20010628,ACT_EU_INST_CJEU_JUDG_AG_FR_LEGE
DOC_JUDG_CJ_2000_0119_20010621,ACT_EU_INST_CJEU_JUDG_AG_NL_GEE
DOC_JUDG_CJ_2000_0121_20021024,ACT_EU_INST_CJEU_JUDG_AG_NL_GEE
DOC_JUDG_CJ_2000_0123_20010405,ACT_EU_INST_CJEU_JUDG_AG_ES_RUI_JAR_COL
DOC_JUDG_CJ_2000_0127_20031211,ACT_EU_INST_CJEU_JUDG_AG_AT_STI_HAC
DOC_JUDG_CJ_2000_0129_20031209,ACT_EU_INST_CJEU_JUDG_AG_NL_GEE
DOC_JUDG_CJ_2000_0131_20011213,ACT_EU_INST_CJEU_JUDG_AG_AT_STI_HAC
DOC_JUDG_CJ_2000_0133_20011004,ACT_EU_INST_CJEU_JUDG_AG_IT_TIZ
DOC_JUDG_CJ_2000_0136_20021003,ACT_EU_INST_CJEU_JUDG_AG_UK_JAC
DOC_JUDG_CJ_2000_0137_20030909,ACT_EU_INST_CJEU_JUDG_AG_AT_STI_HAC
DOC_JUDG_CJ_2000_0138_20021017,ACT_EU_INST_CJEU_JUDG_AG_IT_TIZ
DOC_JUDG_CJ_2000_0139_20020711,ACT_EU_INST_CJEU_JUDG_AG_FR_LEGE
DOC_JUDG_CJ_2000_0140_20021114,ACT_EU_INST_CJEU_JUDG_AG_AT_STI_HAC
DOC_JUDG_CJ_2000_0141_20020910,ACT_EU_INST_CJEU_JUDG_AG_IT_TIZ
DOC_JUDG_CJ_2000_0142_P_20030410,ACT_EU_INST_CJEU_JUDG_AG_FR_LEGE
DOC_JUDG_CJ_2000_0143_20020423,ACT_EU_INST_CJEU_JUDG_AG_UK_JAC
DOC_JUDG_CJ_2000_0144_20030403,ACT_EU_INST_CJEU_JUDG_AG_NL_GEE
DOC_JUDG_CJ_2000_0146_20011206,ACT_EU_INST_CJEU_JUDG_AG_NL_GEE
DOC_JUDG_CJ_2000_0147_20010315,ACT_EU_INST_CJEU_JUDG_AG_ES_RUI_JAR_COL
DOC_JUDG_CJ_2000_0148_20011206,ACT_EU_INST_CJEU_JUDG_AG_FR_LEGE
DOC_JUDG_CJ_2000_0150_20040429,ACT_EU_INST_CJEU_JUDG_AG_NL_GEE
DOC_JUDG_CJ_2000_0151_20010118,ACT_EU_INST_CJEU_JUDG_AG_DE_ALB
DOC_JUDG_CJ_2000_0152_20020912,ACT_EU_INST_CJEU_JUDG_AG_NL_GEE
DOC_JUDG_CJ_2000_0153_20021210,ACT_EU_INST_CJEU_JUDG_AG_FR_LEGE
DOC_JUDG_CJ_2000_0154_20020425,ACT_EU_INST_CJEU_JUDG_AG_NL_GEE
DOC_JUDG_CJ_2000_0156_20030313,ACT_EU_INST_CJEU_JUDG_AG_FR_LEGE
DOC_JUDG_CJ_2000_0157_20030109,ACT_EU_INST_CJEU_JUDG_AG_DE_ALB
DOC_JUDG_CJ_2000_0158_20020613,ACT_EU_INST_CJEU_JUDG_AG_IT_TIZ
DOC_JUDG_CJ_2000_0159_20020606,ACT_EU_INST_CJEU_JUDG_AG_UK_JAC
DOC_JUDG_CJ_2000_0161_20020314,ACT_EU_INST_CJEU_JUDG_AG_NL_GEE
DOC_JUDG_CJ_2000_0162_20020129,ACT_EU_INST_CJEU_JUDG_AG_UK_JAC
DOC_JUDG_CJ_2000_0164_20020604,ACT_EU_INST_CJEU_JUDG_AG_DE_ALB
DOC_JUDG_CJ_2000_0166_20011206,ACT_EU_INST_CJEU_JUDG_AG_FR_LEGE
DOC_JUDG_CJ_2000_0167_20021001,ACT_EU_INST_CJEU_JUDG_AG_UK_JAC
DOC_JUDG_CJ_2000_0168_20020312,ACT_EU_INST_CJEU_JUDG_AG_IT_TIZ
DOC_JUDG_CJ_2000_0169_20020307,ACT_EU_INST_CJEU_JUDG_AG_NL_GEE
DOC_JUDG_CJ_2000_0170_20020124,ACT_EU_INST_CJEU_JUDG_AG_NL_GEE
DOC_JUDG_CJ_2000_0171_P_20020115,ACT_EU_INST_CJEU_JUDG_AG_AT_STI_HAC
DOC_JUDG_CJ_2000_0172_20020910,ACT_EU_INST_CJEU_JUDG_AG_NL_GEE
DOC_JUDG_CJ_2000_0174_20020321,ACT_EU_INST_CJEU_JUDG_AG_UK_JAC
DOC_JUDG_CJ_2000_0176_20010308,ACT_EU_INST_CJEU_JUDG_AG_LU_MIS
DOC_JUDG_CJ_2000_0177_20030109,ACT_EU_INST_CJEU_JUDG_AG_FR_LEGE
DOC_JUDG_CJ_2000_0178_20030109,ACT_EU_INST_CJEU_JUDG_AG_FR_LEGE
DOC_JUDG_CJ_2000_0179_20020115,ACT_EU_INST_CJEU_JUDG_AG_LU_MIS
DOC_JUDG_CJ_2000_0180_20050714,ACT_EU_INST_CJEU_JUDG_AG_FR_LEGE
DOC_JUDG_CJ_2000_0181_20020709,ACT_EU_INST_CJEU_JUDG_AG_DE_ALB
DOC_JUDG_CJ_2000_0182_20020115,ACT_EU_INST_CJEU_JUDG_AG_NL_GEE
DOC_JUDG_CJ_2000_0183_20020425,ACT_EU_INST_CJEU_JUDG_AG_NL_GEE
DOC_JUDG_CJ_2000_0184_20011122,ACT_EU_INST_CJEU_JUDG_AG_NL_GEE
DOC_JUDG_CJ_2000_0185_20031127,ACT_EU_INST_CJEU_JUDG_AG_NL_GEE
DOC_JUDG_CJ_2000_0187_20030320,ACT_EU_INST_CJEU_JUDG_AG_IT_TIZ
DOC_JUDG_CJ_2000_0188_20021119,ACT_EU_INST_CJEU_JUDG_AG_FR_LEGE
DOC_JUDG_CJ_2000_0189_20011025,ACT_EU_INST_CJEU_JUDG_AG_DE_ALB
DOC_JUDG_CJ_2000_0190_20010503,ACT_EU_INST_CJEU_JUDG_AG_LU_MIS
DOC_JUDG_CJ_2000_0204_P_20040107,ACT_EU_INST_CJEU_JUDG_AG_ES_RUI_JAR_COL
DOC_JUDG_CJ_2000_0205_P_20040107,ACT_EU_INST_CJEU_JUDG_AG_ES_RUI_JAR_COL
DOC_JUDG_CJ_2000_0206_20011213,ACT_EU_INST_CJEU_JUDG_AG_DE_ALB
DOC_JUDG_CJ_2000_0207_20010614,ACT_EU_INST_CJEU_JUDG_AG_DE_ALB
DOC_JUDG_CJ_2000_0208_20021105,ACT_EU_INST_CJEU_JUDG_AG_ES_RUI_JAR_COL
DOC_JUDG_CJ_2000_0209_20021212,ACT_EU_INST_CJEU_JUDG_AG_IT_TIZ
DOC_JUDG_CJ_2000_0210_20020711,ACT_EU_INST_CJEU_JUDG_AG_AT_STI_HAC
DOC_JUDG_CJ_2000_0211_P_20040107,ACT_EU_INST_CJEU_JUDG_AG_ES_RUI_JAR_COL
DOC_JUDG_CJ_2000_0212_20011016,ACT_EU_INST_CJEU_JUDG_AG_IT_TIZ
DOC_JUDG_CJ_2000_0213_P_20040107,ACT_EU_INST_CJEU_JUDG_AG_ES_RUI_JAR_COL
DOC_JUDG_CJ_2000_0214_20030515,ACT_EU_INST_CJEU_JUDG_AG_FR_LEGE
DOC_JUDG_CJ_2000_0215_20020221,ACT_EU_INST_CJEU_JUDG_AG_NL_GEE
DOC_JUDG_CJ_2000_0217_P_20040107,ACT_EU_INST_CJEU_JUDG_AG_ES_RUI_JAR_COL
DOC_JUDG_CJ_2000_0218_20020122,ACT_EU_INST_CJEU_JUDG_AG_UK_JAC
DOC_JUDG_CJ_2000_0219_P_20040107,ACT_EU_INST_CJEU_JUDG_AG_ES_RUI_JAR_COL
DOC_JUDG_CJ_2000_0221_20030123,ACT_EU_INST_CJEU_JUDG_AG_NL_GEE
DOC_JUDG_CJ_2000_0224_20020319,ACT_EU_INST_CJEU_JUDG_AG_AT_STI_HAC
DOC_JUDG_CJ_2000_0228_20030213,ACT_EU_INST_CJEU_JUDG_AG_UK_JAC
DOC_JUDG_CJ_2000_0229_20030612,ACT_EU_INST_CJEU_JUDG_AG_IT_TIZ
DOC_JUDG_CJ_2000_0230_20010614,ACT_EU_INST_CJEU_JUDG_AG_LU_MIS
DOC_JUDG_CJ_2000_0231_20040325,ACT_EU_INST_CJEU_JUDG_AG_FR_LEGE
DOC_JUDG_CJ_2000_0233_20030626,ACT_EU_INST_CJEU_JUDG_AG_AT_STI_HAC
DOC_JUDG_CJ_2000_0235_20011213,ACT_EU_INST_CJEU_JUDG_AG_ES_RUI_JAR_COL
DOC_JUDG_CJ_2000_0240_20030306,ACT_EU_INST_CJEU_JUDG_AG_FR_LEGE
DOC_JUDG_CJ_2000_0242_20020618,ACT_EU_INST_CJEU_JUDG_AG_LU_MIS
DOC_JUDG_CJ_2000_0244_20030408,ACT_EU_INST_CJEU_JUDG_AG_AT_STI_HAC
DOC_JUDG_CJ_2000_0245_20030206,ACT_EU_INST_CJEU_JUDG_AG_IT_TIZ
DOC_JUDG_CJ_2000_0246_20030710,ACT_EU_INST_CJEU_JUDG_AG_FR_LEGE
DOC_JUDG_CJ_2000_0251_20021114,ACT_EU_INST_CJEU_JUDG_AG_LU_MIS
DOC_JUDG_CJ_2000_0253_20020917,ACT_EU_INST_CJEU_JUDG_AG_NL_GEE
DOC_JUDG_CJ_2000_0254_20011011,ACT_EU_INST_CJEU_JUDG_AG_IT_TIZ
DOC_JUDG_CJ_2000_0255_20020924,ACT_EU_INST_CJEU_JUDG_AG_ES_RUI_JAR_COL
DOC_JUDG_CJ_2000_0256_20020219,ACT_EU_INST_CJEU_JUDG_AG_DE_ALB
DOC_JUDG_CJ_2000_0257_20030109,ACT_EU_INST_CJEU_JUDG_AG_DE_ALB
DOC_JUDG_CJ_2000_0258_20020627,ACT_EU_INST_CJEU_JUDG_AG_NL_GEE
DOC_JUDG_CJ_2000_0259_20020307,ACT_EU_INST_CJEU_JUDG_AG_AT_STI_HAC
DOC_JUDG_CJ_2000_0260_20021107,ACT_EU_INST_CJEU_JUDG_AG_IT_TIZ
DOC_JUDG_CJ_2000_0265_20040212,ACT_EU_INST_CJEU_JUDG_AG_ES_RUI_JAR_COL
DOC_JUDG_CJ_2000_0266_20010308,ACT_EU_INST_CJEU_JUDG_AG_NL_GEE
DOC_JUDG_CJ_2000_0267_20020321,ACT_EU_INST_CJEU_JUDG_AG_UK_JAC
DOC_JUDG_CJ_2000_0268_20020319,ACT_EU_INST_CJEU_JUDG_AG_UK_JAC
DOC_JUDG_CJ_2000_0269_20030508,ACT_EU_INST_CJEU_JUDG_AG_UK_JAC
DOC_JUDG_CJ_2000_0271_20021114,ACT_EU_INST_CJEU_JUDG_AG_IT_TIZ
DOC_JUDG_CJ_2000_0273_20021212,ACT_EU_INST_CJEU_JUDG_AG_ES_RUI_JAR_COL
DOC_JUDG_CJ_2000_0274_P_20020627,ACT_EU_INST_CJEU_JUDG_AG_UK_JAC
DOC_JUDG_CJ_2000_0275_20021126,ACT_EU_INST_CJEU_JUDG_AG_FR_LEGE
DOC_JUDG_CJ_2000_0276_20020207,ACT_EU_INST_CJEU_JUDG_AG_LU_MIS
DOC_JUDG_CJ_2000_0277_20040429,ACT_EU_INST_CJEU_JUDG_AG_IT_TIZ
DOC_JUDG_CJ_2000_0278_20040429,ACT_EU_INST_CJEU_JUDG_AG_NL_GEE
DOC_JUDG_CJ_2000_0279_20020207,ACT_EU_INST_CJEU_JUDG_AG_DE_ALB
DOC_JUDG_CJ_2000_0280_20030724,ACT_EU_INST_CJEU_JUDG_AG_FR_LEGE
DOC_JUDG_CJ_2000_0282_20030515,ACT_EU_INST_CJEU_JUDG_AG_LU_MIS
DOC_JUDG_CJ_2000_0283_20031016,ACT_EU_INST_CJEU_JUDG_AG_DE_ALB
DOC_JUDG_CJ_2000_0284_20020530,ACT_EU_INST_CJEU_JUDG_AG_FR_LEGE
DOC_JUDG_CJ_2000_0285_20010510,ACT_EU_INST_CJEU_JUDG_AG_ES_RUI_JAR_COL
DOC_JUDG_CJ_2000_0287_20020620,ACT_EU_INST_CJEU_JUDG_AG_UK_JAC
DOC_JUDG_CJ_2000_0290_20020418,ACT_EU_INST_CJEU_JUDG_AG_UK_JAC
DOC_JUDG_CJ_2000_0291_20030320,ACT_EU_INST_CJEU_JUDG_AG_UK_JAC
DOC_JUDG_CJ_2000_0292_20030109,ACT_EU_INST_CJEU_JUDG_AG_UK_JAC
DOC_JUDG_CJ_2000_0293_20031106,ACT_EU_INST_CJEU_JUDG_AG_AT_STI_HAC
DOC_JUDG_CJ_2000_0294_20020711,ACT_EU_INST_CJEU_JUDG_AG_LU_MIS
DOC_JUDG_CJ_2000_0295_20020219,ACT_EU_INST_CJEU_JUDG_AG_DE_ALB
DOC_JUDG_CJ_2000_0296_20020530,ACT_EU_INST_CJEU_JUDG_AG_NL_GEE
DOC_JUDG_CJ_2000_0297_20010703,ACT_EU_INST_CJEU_JUDG_AG_AT_STI_HAC
DOC_JUDG_CJ_2000_0298_P_20040429,ACT_EU_INST_CJEU_JUDG_AG_DE_ALB
DOC_JUDG_CJ_2000_0302_20020227,ACT_EU_INST_CJEU_JUDG_AG_DE_ALB
DOC_JUDG_CJ_2000_0304_20021119,ACT_EU_INST_CJEU_JUDG_AG_FR_LEGE
DOC_JUDG_CJ_2000_0305_20030410,ACT_EU_INST_CJEU_JUDG_AG_ES_RUI_JAR_COL
DOC_JUDG_CJ_2000_0312_P_20021210,ACT_EU_INST_CJEU_JUDG_AG_AT_STI_HAC
DOC_JUDG_CJ_2000_0315_20030116,ACT_EU_INST_CJEU_JUDG_AG_UK_JAC
DOC_JUDG_CJ_2000_0316_20021114,ACT_EU_INST_CJEU_JUDG_AG_IT_TIZ
DOC_JUDG_CJ_2000_0318_20030121,ACT_EU_INST_CJEU_JUDG_AG_IT_TIZ
DOC_JUDG_CJ_2000_0320_20020917,ACT_EU_INST_CJEU_JUDG_AG_NL_GEE
DOC_JUDG_CJ_2000_0322_20031002,ACT_EU_INST_CJEU_JUDG_AG_FR_LEGE
DOC_JUDG_CJ_2000_0324_20021212,ACT_EU_INST_CJEU_JUDG_AG_LU_MIS
DOC_JUDG_CJ_2000_0325_20021105,ACT_EU_INST_CJEU_JUDG_AG_UK_JAC
DOC_JUDG_CJ_2000_0326_20030225,ACT_EU_INST_CJEU_JUDG_AG_ES_RUI_JAR_COL
DOC_JUDG_CJ_2000_0327_20030227,ACT_EU_INST_CJEU_JUDG_AG_DE_ALB
DOC_JUDG_CJ_2000_0328_20020207,ACT_EU_INST_CJEU_JUDG_AG_AT_STI_HAC
DOC_JUDG_CJ_2000_0329_20030619,ACT_EU_INST_CJEU_JUDG_AG_LU_MIS
DOC_JUDG_CJ_2000_0331_20030918,ACT_EU_INST_CJEU_JUDG_AG_IT_TIZ
DOC_JUDG_CJ_2000_0332_20020418,ACT_EU_INST_CJEU_JUDG_AG_AT_STI_HAC
DOC_JUDG_CJ_2000_0333_20021107,ACT_EU_INST_CJEU_JUDG_AG_UK_JAC
DOC_JUDG_CJ_2000_0334_20020917,ACT_EU_INST_CJEU_JUDG_AG_NL_GEE
DOC_JUDG_CJ_2000_0336_20020919,ACT_EU_INST_CJEU_JUDG_AG_DE_ALB
DOC_JUDG_CJ_2000_0338_P_20030918,ACT_EU_INST_CJEU_JUDG_AG_ES_RUI_JAR_COL
DOC_JUDG_CJ_2000_0339_20031016,ACT_EU_INST_CJEU_JUDG_AG_IT_TIZ
DOC_JUDG_CJ_2000_0340_P_20011213,ACT_EU_INST_CJEU_JUDG_AG_ES_RUI_JAR_COL
DOC_JUDG_CJ_2000_0346_20030918,ACT_EU_INST_CJEU_JUDG_AG_IT_TIZ
DOC_JUDG_CJ_2000_0347_20021003,ACT_EU_INST_CJEU_JUDG_AG_FR_LEGE
DOC_JUDG_CJ_2000_0351_20020912,ACT_EU_INST_CJEU_JUDG_AG_DE_ALB
DOC_JUDG_CJ_2000_0353_20020613,ACT_EU_INST_CJEU_JUDG_AG_AT_STI_HAC
DOC_JUDG_CJ_2000_0355_20030522,ACT_EU_INST_CJEU_JUDG_AG_AT_STI_HAC
DOC_JUDG_CJ_2000_0356_20021121,ACT_EU_INST_CJEU_JUDG_AG_NL_GEE
DOC_JUDG_CJ_2000_0360_20020606,ACT_EU_INST_CJEU_JUDG_AG_ES_RUI_JAR_COL
DOC_JUDG_CJ_2000_0363_20030612,ACT_EU_INST_CJEU_JUDG_AG_NL_GEE
DOC_JUDG_CJ_2000_0364_20020507,ACT_EU_INST_CJEU_JUDG_AG_DE_ALB
DOC_JUDG_CJ_2000_0365_20020307,ACT_EU_INST_CJEU_JUDG_AG_ES_RUI_JAR_COL
DOC_JUDG_CJ_2000_0366_20020219,ACT_EU_INST_CJEU_JUDG_AG_DE_ALB
DOC_JUDG_CJ_2000_0368_20010614,ACT_EU_INST_CJEU_JUDG_AG_UK_JAC
DOC_JUDG_CJ_2000_0370_20010920,ACT_EU_INST_CJEU_JUDG_AG_UK_JAC
DOC_JUDG_CJ_2000_0372_20011213,ACT_EU_INST_CJEU_JUDG_AG_NL_GEE
DOC_JUDG_CJ_2000_0373_20030227,ACT_EU_INST_CJEU_JUDG_AG_DE_ALB
DOC_JUDG_CJ_2000_0376_20011211,ACT_EU_INST_CJEU_JUDG_AG_ES_RUI_JAR_COL
DOC_JUDG_CJ_2000_0378_20030121,ACT_EU_INST_CJEU_JUDG_AG_NL_GEE
DOC_JUDG_CJ_2000_0379_20021205,ACT_EU_INST_CJEU_JUDG_AG_LU_MIS
DOC_JUDG_CJ_2000_0383_20020514,ACT_EU_INST_CJEU_JUDG_AG_ES_RUI_JAR_COL
DOC_JUDG_CJ_2000_0384_20020516,ACT_EU_INST_CJEU_JUDG_AG_UK_JAC
DOC_JUDG_CJ_2000_0385_20021212,ACT_EU_INST_CJEU_JUDG_AG_FR_LEGE
DOC_JUDG_CJ_2000_0386_20020305,ACT_EU_INST_CJEU_JUDG_AG_UK_JAC
DOC_JUDG_CJ_2000_0388_20020620,ACT_EU_INST_CJEU_JUDG_AG_NL_GEE
DOC_JUDG_CJ_2000_0389_20030227,ACT_EU_INST_CJEU_JUDG_AG_IT_TIZ
DOC_JUDG_CJ_2000_0392_20020917,ACT_EU_INST_CJEU_JUDG_AG_AT_STI_HAC
DOC_JUDG_CJ_2000_0394_20020117,ACT_EU_INST_CJEU_JUDG_AG_ES_RUI_JAR_COL
DOC_JUDG_CJ_2000_0395_20021212,ACT_EU_INST_CJEU_JUDG_AG_LU_MIS
DOC_JUDG_CJ_2000_0396_20020425,ACT_EU_INST_CJEU_JUDG_AG_UK_JAC
DOC_JUDG_CJ_2000_0398_20020618,ACT_EU_INST_CJEU_JUDG_AG_DE_ALB
DOC_JUDG_CJ_2000_0400_20020430,ACT_EU_INST_CJEU_JUDG_AG_IT_TIZ
DOC_JUDG_CJ_2000_0404_20030626,ACT_EU_INST_CJEU_JUDG_AG_NL_GEE
DOC_JUDG_CJ_2000_0409_20030213,ACT_EU_INST_CJEU_JUDG_AG_DE_ALB
DOC_JUDG_CJ_2000_0411_20021114,ACT_EU_INST_CJEU_JUDG_AG_LU_MIS
DOC_JUDG_CJ_2000_0416_20030918,ACT_EU_INST_CJEU_JUDG_AG_ES_RUI_JAR_COL
DOC_JUDG_CJ_2000_0417_20021128,ACT_EU_INST_CJEU_JUDG_AG_FR_LEGE
DOC_JUDG_CJ_2000_0418_20020425,ACT_EU_INST_CJEU_JUDG_AG_AT_STI_HAC
DOC_JUDG_CJ_2000_0421_20030123,ACT_EU_INST_CJEU_JUDG_AG_NL_GEE
DOC_JUDG_CJ_2000_0422_20030116,ACT_EU_INST_CJEU_JUDG_AG_FR_LEGE
DOC_JUDG_CJ_2000_0423_20020117,ACT_EU_INST_CJEU_JUDG_AG_ES_RUI_JAR_COL
DOC_JUDG_CJ_2000_0427_20011113,ACT_EU_INST_CJEU_JUDG_AG_ES_RUI_JAR_COL
DOC_JUDG_CJ_2000_0433_20020919,ACT_EU_INST_CJEU_JUDG_AG_UK_JAC
DOC_JUDG_CJ_2000_0435_20021114,ACT_EU_INST_CJEU_JUDG_AG_DE_ALB
DOC_JUDG_CJ_2000_0436_20021121,ACT_EU_INST_CJEU_JUDG_AG_LU_MIS
DOC_JUDG_CJ_2000_0437_20030410,ACT_EU_INST_CJEU_JUDG_AG_UK_JAC
DOC_JUDG_CJ_2000_0438_20030508,ACT_EU_INST_CJEU_JUDG_AG_AT_STI_HAC
DOC_JUDG_CJ_2000_0439_20010621,ACT_EU_INST_CJEU_JUDG_AG_LU_MIS
DOC_JUDG_CJ_2000_0440_20040113,ACT_EU_INST_CJEU_JUDG_AG_IT_TIZ
DOC_JUDG_CJ_2000_0441_20020530,ACT_EU_INST_CJEU_JUDG_AG_NL_GEE
DOC_JUDG_CJ_2000_0442_20021212,ACT_EU_INST_CJEU_JUDG_AG_NL_GEE
DOC_JUDG_CJ_2000_0444_20030619,ACT_EU_INST_CJEU_JUDG_AG_DE_ALB
DOC_JUDG_CJ_2000_0445_20030911,ACT_EU_INST_CJEU_JUDG_AG_LU_MIS
DOC_JUDG_CJ_2000_0446_P_20011213,ACT_EU_INST_CJEU_JUDG_AG_AT_STI_HAC
DOC_JUDG_CJ_2000_0450_20011004,ACT_EU_INST_CJEU_JUDG_AG_DE_ALB
DOC_JUDG_CJ_2000_0452_20050714,ACT_EU_INST_CJEU_JUDG_AG_FR_LEGE
DOC_JUDG_CJ_2000_0453_20040113,ACT_EU_INST_CJEU_JUDG_AG_FR_LEGE
DOC_JUDG_CJ_2000_0455_20021024,ACT_EU_INST_CJEU_JUDG_AG_ES_RUI_JAR_COL
DOC_JUDG_CJ_2000_0456_20021212,ACT_EU_INST_CJEU_JUDG_AG_IT_TIZ
DOC_JUDG_CJ_2000_0457_20030703,ACT_EU_INST_CJEU_JUDG_AG_UK_JAC
DOC_JUDG_CJ_2000_0458_20030213,ACT_EU_INST_CJEU_JUDG_AG_UK_JAC
DOC_JUDG_CJ_2000_0460_20011025,ACT_EU_INST_CJEU_JUDG_AG_NL_GEE
DOC_JUDG_CJ_2000_0463_20030513,ACT_EU_INST_CJEU_JUDG_AG_ES_RUI_JAR_COL
DOC_JUDG_CJ_2000_0465_20030520,ACT_EU_INST_CJEU_JUDG_AG_IT_TIZ
DOC_JUDG_CJ_2000_0466_20030306,ACT_EU_INST_CJEU_JUDG_AG_ES_RUI_JAR_COL
DOC_JUDG_CJ_2000_0468_20010920,ACT_EU_INST_CJEU_JUDG_AG_AT_STI_HAC
DOC_JUDG_CJ_2000_0469_20030520,ACT_EU_INST_CJEU_JUDG_AG_DE_ALB
DOC_JUDG_CJ_2000_0470_P_20040429,ACT_EU_INST_CJEU_JUDG_AG_LU_MIS
DOC_JUDG_CJ_2000_0472_P_20030710,ACT_EU_INST_CJEU_JUDG_AG_AT_STI_HAC
DOC_JUDG_CJ_2000_0473_20021121,ACT_EU_INST_CJEU_JUDG_AG_IT_TIZ
DOC_JUDG_CJ_2000_0480_20040325,ACT_EU_INST_CJEU_JUDG_AG_FR_LEGE
DOC_JUDG_CJ_2000_0495_20040325,ACT_EU_INST_CJEU_JUDG_AG_FR_LEGE
DOC_JUDG_CJ_2000_0501_20040715,ACT_EU_INST_CJEU_JUDG_AG_IT_TIZ
DOC_JUDG_CJ_2001_0002_P_20040106,ACT_EU_INST_CJEU_JUDG_AG_IT_TIZ
DOC_JUDG_CJ_2001_0004_20031106,ACT_EU_INST_CJEU_JUDG_AG_DE_ALB
DOC_JUDG_CJ_2001_0005_20021212,ACT_EU_INST_CJEU_JUDG_AG_AT_STI_HAC
DOC_JUDG_CJ_2001_0006_20030911,ACT_EU_INST_CJEU_JUDG_AG_IT_TIZ
DOC_JUDG_CJ_2001_0008_20031120,ACT_EU_INST_CJEU_JUDG_AG_LU_MIS
DOC_JUDG_CJ_2001_0013_20030911,ACT_EU_INST_CJEU_JUDG_AG_AT_STI_HAC
DOC_JUDG_CJ_2001_0014_20030306,ACT_EU_INST_CJEU_JUDG_AG_FR_LEGE
DOC_JUDG_CJ_2001_0015_20030508,ACT_EU_INST_CJEU_JUDG_AG_UK_JAC
DOC_JUDG_CJ_2001_0017_20040429,ACT_EU_INST_CJEU_JUDG_AG_NL_GEE
DOC_JUDG_CJ_2001_0018_20030522,ACT_EU_INST_CJEU_JUDG_AG_DE_ALB
DOC_JUDG_CJ_2001_0019_20040304,ACT_EU_INST_CJEU_JUDG_AG_AT_STI_HAC
DOC_JUDG_CJ_2001_0020_20030410,ACT_EU_INST_CJEU_JUDG_AG_NL_GEE
DOC_JUDG_CJ_2001_0023_20021121,ACT_EU_INST_CJEU_JUDG_AG_ES_RUI_JAR_COL
DOC_JUDG_CJ_2001_0024_P_20021107,ACT_EU_INST_CJEU_JUDG_AG_FR_LEGE
DOC_JUDG_CJ_2001_0029_20020307,ACT_EU_INST_CJEU_JUDG_AG_AT_STI_HAC
DOC_JUDG_CJ_2001_0030_20030923,ACT_EU_INST_CJEU_JUDG_AG_IT_TIZ
DOC_JUDG_CJ_2001_0033_20020613,ACT_EU_INST_CJEU_JUDG_AG_FR_LEGE
DOC_JUDG_CJ_2001_0034_20031127,ACT_EU_INST_CJEU_JUDG_AG_AT_STI_HAC
DOC_JUDG_CJ_2001_0039_20020307,ACT_EU_INST_CJEU_JUDG_AG_AT_STI_HAC
DOC_JUDG_CJ_2001_0040_20030311,ACT_EU_INST_CJEU_JUDG_AG_ES_RUI_JAR_COL
DOC_JUDG_CJ_2001_0042_20040622,ACT_EU_INST_CJEU_JUDG_AG_IT_TIZ
DOC_JUDG_CJ_2001_0044_20030408,ACT_EU_INST_CJEU_JUDG_AG_IT_TIZ
DOC_JUDG_CJ_2001_0045_20031106,ACT_EU_INST_CJEU_JUDG_AG_AT_STI_HAC
DOC_JUDG_CJ_2001_0046_20020227,ACT_EU_INST_CJEU_JUDG_AG_FR_LEGE
DOC_JUDG_CJ_2001_0047_20021003,ACT_EU_INST_CJEU_JUDG_AG_UK_JAC
DOC_JUDG_CJ_2001_0053_20030408,ACT_EU_INST_CJEU_JUDG_AG_ES_RUI_JAR_COL
DOC_JUDG_CJ_2001_0056_20031023,ACT_EU_INST_CJEU_JUDG_AG_ES_RUI_JAR_COL
DOC_JUDG_CJ_2001_0057_20030123,ACT_EU_INST_CJEU_JUDG_AG_AT_STI_HAC
DOC_JUDG_CJ_2001_0058_20030925,ACT_EU_INST_CJEU_JUDG_AG_IT_TIZ
DOC_JUDG_CJ_2001_0059_20030225,ACT_EU_INST_CJEU_JUDG_AG_DE_ALB
DOC_JUDG_CJ_2001_0060_20020618,ACT_EU_INST_CJEU_JUDG_AG_DE_ALB
DOC_JUDG_CJ_2001_0062_P_20020423,ACT_EU_INST_CJEU_JUDG_AG_LU_MIS
DOC_JUDG_CJ_2001_0063_20031204,ACT_EU_INST_CJEU_JUDG_AG_DE_ALB
DOC_JUDG_CJ_2001_0064_20020307,ACT_EU_INST_CJEU_JUDG_AG_FR_LEGE
DOC_JUDG_CJ_2001_0065_20030410,ACT_EU_INST_CJEU_JUDG_AG_LU_MIS
DOC_JUDG_CJ_2001_0075_20030213,ACT_EU_INST_CJEU_JUDG_AG_IT_TIZ
DOC_JUDG_CJ_2001_0076_P_20030930,ACT_EU_INST_CJEU_JUDG_AG_UK_JAC
DOC_JUDG_CJ_2001_0077_20040429,ACT_EU_INST_CJEU_JUDG_AG_FR_LEGE
DOC_JUDG_CJ_2001_0078_20030923,ACT_EU_INST_CJEU_JUDG_AG_FR_LEGE
DOC_JUDG_CJ_2001_0079_20021017,ACT_EU_INST_CJEU_JUDG_AG_LU_MIS
DOC_JUDG_CJ_2001_0081_20021024,ACT_EU_INST_CJEU_JUDG_AG_NL_GEE
DOC_JUDG_CJ_2001_0082_P_20021024,ACT_EU_INST_CJEU_JUDG_AG_LU_MIS
DOC_JUDG_CJ_2001_0083_P_20030703,ACT_EU_INST_CJEU_JUDG_AG_IT_TIZ
DOC_JUDG_CJ_2001_0087_P_20030710,ACT_EU_INST_CJEU_JUDG_AG_FR_LEGE
DOC_JUDG_CJ_2001_0091_20040429,ACT_EU_INST_CJEU_JUDG_AG_UK_JAC
DOC_JUDG_CJ_2001_0092_20030206,ACT_EU_INST_CJEU_JUDG_AG_DE_ALB
DOC_JUDG_CJ_2001_0095_20040205,ACT_EU_INST_CJEU_JUDG_AG_LU_MIS
DOC_JUDG_CJ_2001_0097_20030612,ACT_EU_INST_CJEU_JUDG_AG_NL_GEE
DOC_JUDG_CJ_2001_0098_20030513,ACT_EU_INST_CJEU_JUDG_AG_ES_RUI_JAR_COL
DOC_JUDG_CJ_2001_0099_20021024,ACT_EU_INST_CJEU_JUDG_AG_NL_GEE
DOC_JUDG_CJ_2001_0100_20021126,ACT_EU_INST_CJEU_JUDG_AG_IT_TIZ
DOC_JUDG_CJ_2001_0101_20031106,ACT_EU_INST_CJEU_JUDG_AG_IT_TIZ
DOC_JUDG_CJ_2001_0103_20030522,ACT_EU_INST_CJEU_JUDG_AG_ES_RUI_JAR_COL
DOC_JUDG_CJ_2001_0104_20030506,ACT_EU_INST_CJEU_JUDG_AG_FR_LEGE
DOC_JUDG_CJ_2001_0106_20040429,ACT_EU_INST_CJEU_JUDG_AG_UK_JAC
DOC_JUDG_CJ_2001_0107_20011213,ACT_EU_INST_CJEU_JUDG_AG_UK_JAC
DOC_JUDG_CJ_2001_0108_20030520,ACT_EU_INST_CJEU_JUDG_AG_DE_ALB
DOC_JUDG_CJ_2001_0109_20030923,ACT_EU_INST_CJEU_JUDG_AG_NL_GEE
DOC_JUDG_CJ_2001_0110_20030619,ACT_EU_INST_CJEU_JUDG_AG_UK_JAC
DOC_JUDG_CJ_2001_0111_20030508,ACT_EU_INST_CJEU_JUDG_AG_FR_LEGE
DOC_JUDG_CJ_2001_0112_20021114,ACT_EU_INST_CJEU_JUDG_AG_LU_MIS
DOC_JUDG_CJ_2001_0113_20030508,ACT_EU_INST_CJEU_JUDG_AG_UK_JAC
DOC_JUDG_CJ_2001_0114_20030911,ACT_EU_INST_CJEU_JUDG_AG_UK_JAC
DOC_JUDG_CJ_2001_0116_20030403,ACT_EU_INST_CJEU_JUDG_AG_UK_JAC
DOC_JUDG_CJ_2001_0117_20040107,ACT_EU_INST_CJEU_JUDG_AG_ES_RUI_JAR_COL
DOC_JUDG_CJ_2001_0121_P_20030605,ACT_EU_INST_CJEU_JUDG_AG_NL_GEE
DOC_JUDG_CJ_2001_0122_P_20030508,ACT_EU_INST_CJEU_JUDG_AG_FR_LEGE
DOC_JUDG_CJ_2001_0125_20030918,ACT_EU_INST_CJEU_JUDG_AG_LU_MIS
DOC_JUDG_CJ_2001_0126_20031120,ACT_EU_INST_CJEU_JUDG_AG_UK_JAC
DOC_JUDG_CJ_2001_0130_20030612,ACT_EU_INST_CJEU_JUDG_AG_LU_MIS
DOC_JUDG_CJ_2001_0131_20030213,ACT_EU_INST_CJEU_JUDG_AG_FR_LEGE
DOC_JUDG_CJ_2001_0135_20030320,ACT_EU_INST_CJEU_JUDG_AG_NL_GEE
DOC_JUDG_CJ_2001_0140_20020227,ACT_EU_INST_CJEU_JUDG_AG_DE_ALB
DOC_JUDG_CJ_2001_0142_20020516,ACT_EU_INST_CJEU_JUDG_AG_ES_RUI_JAR_COL
DOC_JUDG_CJ_2001_0145_20030605,ACT_EU_INST_CJEU_JUDG_AG_FR_LEGE
DOC_JUDG_CJ_2001_0146_20020606,ACT_EU_INST_CJEU_JUDG_AG_NL_GEE
DOC_JUDG_CJ_2001_0147_20031002,ACT_EU_INST_CJEU_JUDG_AG_UK_JAC
DOC_JUDG_CJ_2001_0148_20030612,ACT_EU_INST_CJEU_JUDG_AG_NL_GEE
DOC_JUDG_CJ_2001_0149_20030619,ACT_EU_INST_CJEU_JUDG_AG_IT_TIZ
DOC_JUDG_CJ_2001_0152_20031120,ACT_EU_INST_CJEU_JUDG_AG_UK_JAC
DOC_JUDG_CJ_2001_0153_20041007,ACT_EU_INST_CJEU_JUDG_AG_FR_LEGE
DOC_JUDG_CJ_2001_0155_20030911,ACT_EU_INST_CJEU_JUDG_AG_NL_GEE
DOC_JUDG_CJ_2001_0156_20030703,ACT_EU_INST_CJEU_JUDG_AG_ES_RUI_JAR_COL
DOC_JUDG_CJ_2001_0159_20040429,ACT_EU_INST_CJEU_JUDG_AG_FR_LEGE
DOC_JUDG_CJ_2001_0160_20030515,ACT_EU_INST_CJEU_JUDG_AG_LU_MIS
DOC_JUDG_CJ_2001_0162_P_20040429,ACT_EU_INST_CJEU_JUDG_AG_AT_STI_HAC
DOC_JUDG_CJ_2001_0164_P_20041028,ACT_EU_INST_CJEU_JUDG_AG_AT_STI_HAC
DOC_JUDG_CJ_2001_0165_20030710,ACT_EU_INST_CJEU_JUDG_AG_NL_GEE
DOC_JUDG_CJ_2001_0167_20030930,ACT_EU_INST_CJEU_JUDG_AG_DE_ALB
DOC_JUDG_CJ_2001_0168_20030918,ACT_EU_INST_CJEU_JUDG_AG_DE_ALB
DOC_JUDG_CJ_2001_0171_20030508,ACT_EU_INST_CJEU_JUDG_AG_UK_JAC
DOC_JUDG_CJ_2001_0172_P_20031002,ACT_EU_INST_CJEU_JUDG_AG_DE_ALB
DOC_JUDG_CJ_2001_0173_20020704,ACT_EU_INST_CJEU_JUDG_AG_IT_TIZ
DOC_JUDG_CJ_2001_0174_20021205,ACT_EU_INST_CJEU_JUDG_AG_ES_RUI_JAR_COL
DOC_JUDG_CJ_2001_0177_20020606,ACT_EU_INST_CJEU_JUDG_AG_NL_GEE
DOC_JUDG_CJ_2001_0182_20040311,ACT_EU_INST_CJEU_JUDG_AG_ES_RUI_JAR_COL
DOC_JUDG_CJ_2001_0184_P_20021107,ACT_EU_INST_CJEU_JUDG_AG_UK_JAC
DOC_JUDG_CJ_2001_0185_20030206,ACT_EU_INST_CJEU_JUDG_AG_FR_LEGE
DOC_JUDG_CJ_2001_0186_20030311,ACT_EU_INST_CJEU_JUDG_AG_AT_STI_HAC
DOC_JUDG_CJ_2001_0187_20030211,ACT_EU_INST_CJEU_JUDG_AG_ES_RUI_JAR_COL
DOC_JUDG_CJ_2001_0189_20010712,ACT_EU_INST_CJEU_JUDG_AG_LU_MIS
DOC_JUDG_CJ_2001_0191_P_20031023,ACT_EU_INST_CJEU_JUDG_AG_UK_JAC
DOC_JUDG_CJ_2001_0192_20030923,ACT_EU_INST_CJEU_JUDG_AG_LU_MIS
DOC_JUDG_CJ_2001_0193_P_20030515,ACT_EU_INST_CJEU_JUDG_AG_IT_TIZ
DOC_JUDG_CJ_2001_0194_20040429,ACT_EU_INST_CJEU_JUDG_AG_FR_LEGE
DOC_JUDG_CJ_2001_0196_20020115,ACT_EU_INST_CJEU_JUDG_AG_FR_LEGE
DOC_JUDG_CJ_2001_0198_20030909,ACT_EU_INST_CJEU_JUDG_AG_UK_JAC
DOC_JUDG_CJ_2001_0199_P_20040429,ACT_EU_INST_CJEU_JUDG_AG_LU_MIS
DOC_JUDG_CJ_2001_0201_20030911,ACT_EU_INST_CJEU_JUDG_AG_LU_MIS
DOC_JUDG_CJ_2001_0202_20021126,ACT_EU_INST_CJEU_JUDG_AG_DE_ALB
DOC_JUDG_CJ_2001_0205_20030116,ACT_EU_INST_CJEU_JUDG_AG_IT_TIZ
DOC_JUDG_CJ_2001_0206_20021112,ACT_EU_INST_CJEU_JUDG_AG_ES_RUI_JAR_COL
DOC_JUDG_CJ_2001_0207_20030911,ACT_EU_INST_CJEU_JUDG_AG_UK_JAC
DOC_JUDG_CJ_2001_0208_20021017,ACT_EU_INST_CJEU_JUDG_AG_AT_STI_HAC
DOC_JUDG_CJ_2001_0209_20031113,ACT_EU_INST_CJEU_JUDG_AG_IT_TIZ
DOC_JUDG_CJ_2001_0211_20030911,ACT_EU_INST_CJEU_JUDG_AG_DE_ALB
DOC_JUDG_CJ_2001_0212_20031120,ACT_EU_INST_CJEU_JUDG_AG_AT_STI_HAC
DOC_JUDG_CJ_2001_0213_P_20030306,ACT_EU_INST_CJEU_JUDG_AG_FR_LEGE
DOC_JUDG_CJ_2001_0215_20031211,ACT_EU_INST_CJEU_JUDG_AG_LU_MIS
DOC_JUDG_CJ_2001_0216_20031118,ACT_EU_INST_CJEU_JUDG_AG_IT_TIZ
DOC_JUDG_CJ_2001_0217_P_20030410,ACT_EU_INST_CJEU_JUDG_AG_IT_TIZ
DOC_JUDG_CJ_2001_0218_20040212,ACT_EU_INST_CJEU_JUDG_AG_ES_RUI_JAR_COL
DOC_JUDG_CJ_2001_0220_20030703,ACT_EU_INST_CJEU_JUDG_AG_DE_ALB
DOC_JUDG_CJ_2001_0221_20020919,ACT_EU_INST_CJEU_JUDG_AG_UK_JAC
DOC_JUDG_CJ_2001_0222_20040429,ACT_EU_INST_CJEU_JUDG_AG_IT_TIZ
DOC_JUDG_CJ_2001_0223_20031016,ACT_EU_INST_CJEU_JUDG_AG_UK_JAC
DOC_JUDG_CJ_2001_0224_20030930,ACT_EU_INST_CJEU_JUDG_AG_FR_LEGE
DOC_JUDG_CJ_2001_0226_20030130,ACT_EU_INST_CJEU_JUDG_AG_LU_MIS
DOC_JUDG_CJ_2001_0227_20040916,ACT_EU_INST_CJEU_JUDG_AG_PT_POI_PES_MAD
DOC_JUDG_CJ_2001_0228_20021107,ACT_EU_INST_CJEU_JUDG_AG_IT_TIZ
DOC_JUDG_CJ_2001_0229_20030313,ACT_EU_INST_CJEU_JUDG_AG_IT_TIZ
DOC_JUDG_CJ_2001_0230_20040115,ACT_EU_INST_CJEU_JUDG_AG_NL_GEE
DOC_JUDG_CJ_2001_0232_20031002,ACT_EU_INST_CJEU_JUDG_AG_FR_LEGE
DOC_JUDG_CJ_2001_0234_20030612,ACT_EU_INST_CJEU_JUDG_AG_FR_LEGE
DOC_JUDG_CJ_2001_0236_20030909,ACT_EU_INST_CJEU_JUDG_AG_DE_ALB
DOC_JUDG_CJ_2001_0239_20030930,ACT_EU_INST_CJEU_JUDG_AG_LU_MIS
DOC_JUDG_CJ_2001_0240_20040429,ACT_EU_INST_CJEU_JUDG_AG_NL_GEE
DOC_JUDG_CJ_2001_0241_20021022,ACT_EU_INST_CJEU_JUDG_AG_LU_MIS
DOC_JUDG_CJ_2001_0243_20031106,ACT_EU_INST_CJEU_JUDG_AG_DE_ALB
DOC_JUDG_CJ_2001_0245_20031023,ACT_EU_INST_CJEU_JUDG_AG_UK_JAC
DOC_JUDG_CJ_2001_0249_20030619,ACT_EU_INST_CJEU_JUDG_AG_LU_MIS
DOC_JUDG_CJ_2001_0252_20031016,ACT_EU_INST_CJEU_JUDG_AG_DE_ALB
DOC_JUDG_CJ_2001_0255_20041007,ACT_EU_INST_CJEU_JUDG_AG_IT_TIZ
DOC_JUDG_CJ_2001_0256_20040113,ACT_EU_INST_CJEU_JUDG_AG_NL_GEE
DOC_JUDG_CJ_2001_0257_20050118,ACT_EU_INST_CJEU_JUDG_AG_FR_LEGE
DOC_JUDG_CJ_2001_0259_20021128,ACT_EU_INST_CJEU_JUDG_AG_AT_STI_HAC
DOC_JUDG_CJ_2001_0261_20031021,ACT_EU_INST_CJEU_JUDG_AG_UK_JAC
DOC_JUDG_CJ_2001_0264_20040316,ACT_EU_INST_CJEU_JUDG_AG_UK_JAC
DOC_JUDG_CJ_2001_0265_20030116,ACT_EU_INST_CJEU_JUDG_AG_DE_ALB
DOC_JUDG_CJ_2001_0266_20030515,ACT_EU_INST_CJEU_JUDG_AG_FR_LEGE
DOC_JUDG_CJ_2001_0268_20030508,ACT_EU_INST_CJEU_JUDG_AG_FR_LEGE
DOC_JUDG_CJ_2001_0271_20040122,ACT_EU_INST_CJEU_JUDG_AG_DE_ALB
DOC_JUDG_CJ_2001_0272_20040715,ACT_EU_INST_CJEU_JUDG_AG_FR_LEGE
DOC_JUDG_CJ_2001_0274_20020606,ACT_EU_INST_CJEU_JUDG_AG_DE_ALB
DOC_JUDG_CJ_2001_0275_20030612,ACT_EU_INST_CJEU_JUDG_AG_DE_ALB
DOC_JUDG_CJ_2001_0276_20030410,ACT_EU_INST_CJEU_JUDG_AG_AT_STI_HAC
DOC_JUDG_CJ_2001_0277_P_20030403,ACT_EU_INST_CJEU_JUDG_AG_NL_GEE
DOC_JUDG_CJ_2001_0278_20031125,ACT_EU_INST_CJEU_JUDG_AG_LU_MIS
DOC_JUDG_CJ_2001_0281_20021212,ACT_EU_INST_CJEU_JUDG_AG_DE_ALB
DOC_JUDG_CJ_2001_0283_20031127,ACT_EU_INST_CJEU_JUDG_AG_ES_RUI_JAR_COL
DOC_JUDG_CJ_2001_0285_20030909,ACT_EU_INST_CJEU_JUDG_AG_AT_STI_HAC
DOC_JUDG_CJ_2001_0286_20020613,ACT_EU_INST_CJEU_JUDG_AG_LU_MIS
DOC_JUDG_CJ_2001_0290_20040304,ACT_EU_INST_CJEU_JUDG_AG_UK_JAC
DOC_JUDG_CJ_2001_0292_20030918,ACT_EU_INST_CJEU_JUDG_AG_ES_RUI_JAR_COL
DOC_JUDG_CJ_2001_0294_20031113,ACT_EU_INST_CJEU_JUDG_AG_FR_LEGE
DOC_JUDG_CJ_2001_0296_20031120,ACT_EU_INST_CJEU_JUDG_AG_LU_MIS
DOC_JUDG_CJ_2001_0299_20020620,ACT_EU_INST_CJEU_JUDG_AG_ES_RUI_JAR_COL
DOC_JUDG_CJ_2001_0300_20030515,ACT_EU_INST_CJEU_JUDG_AG_FR_LEGE
DOC_JUDG_CJ_2001_0304_20040909,ACT_EU_INST_CJEU_JUDG_AG_DE_KOK
DOC_JUDG_CJ_2001_0305_20030626,ACT_EU_INST_CJEU_JUDG_AG_UK_JAC
DOC_JUDG_CJ_2001_0307_20031120,ACT_EU_INST_CJEU_JUDG_AG_AT_STI_HAC
DOC_JUDG_CJ_2001_0308_20040429,ACT_EU_INST_CJEU_JUDG_AG_NL_GEE
DOC_JUDG_CJ_2001_0311_20031106,ACT_EU_INST_CJEU_JUDG_AG_AT_STI_HAC
DOC_JUDG_CJ_2001_0312_20020912,ACT_EU_INST_CJEU_JUDG_AG_NL_GEE
DOC_JUDG_CJ_2001_0313_20031113,ACT_EU_INST_CJEU_JUDG_AG_AT_STI_HAC
DOC_JUDG_CJ_2001_0314_20040318,ACT_EU_INST_CJEU_JUDG_AG_NL_GEE
DOC_JUDG_CJ_2001_0315_20030619,ACT_EU_INST_CJEU_JUDG_AG_NL_GEE
DOC_JUDG_CJ_2001_0316_20030612,ACT_EU_INST_CJEU_JUDG_AG_IT_TIZ
DOC_JUDG_CJ_2001_0317_20031021,ACT_EU_INST_CJEU_JUDG_AG_LU_MIS
DOC_JUDG_CJ_2001_0319_20021119,ACT_EU_INST_CJEU_JUDG_AG_AT_STI_HAC
DOC_JUDG_CJ_2001_0320_20030227,ACT_EU_INST_CJEU_JUDG_AG_ES_RUI_JAR_COL
DOC_JUDG_CJ_2001_0322_20031211,ACT_EU_INST_CJEU_JUDG_AG_AT_STI_HAC
DOC_JUDG_CJ_2001_0323_20020530,ACT_EU_INST_CJEU_JUDG_AG_ES_RUI_JAR_COL
DOC_JUDG_CJ_2001_0324_20021205,ACT_EU_INST_CJEU_JUDG_AG_FR_LEGE
DOC_JUDG_CJ_2001_0327_20021015,ACT_EU_INST_CJEU_JUDG_AG_LU_MIS
DOC_JUDG_CJ_2001_0328_20021015,ACT_EU_INST_CJEU_JUDG_AG_IT_TIZ
DOC_JUDG_CJ_2001_0329_20040219,ACT_EU_INST_CJEU_JUDG_AG_AT_STI_HAC
DOC_JUDG_CJ_2001_0330_P_20040212,ACT_EU_INST_CJEU_JUDG_AG_DE_ALB
DOC_JUDG_CJ_2001_0331_20030911,ACT_EU_INST_CJEU_JUDG_AG_AT_STI_HAC
DOC_JUDG_CJ_2001_0332_20040909,ACT_EU_INST_CJEU_JUDG_AG_UK_JAC
DOC_JUDG_CJ_2001_0333_20030313,ACT_EU_INST_CJEU_JUDG_AG_FR_LEGE
DOC_JUDG_CJ_2001_0334_20030626,ACT_EU_INST_CJEU_JUDG_AG_LU_MIS
DOC_JUDG_CJ_2001_0337_20040212,ACT_EU_INST_CJEU_JUDG_AG_IT_TIZ
DOC_JUDG_CJ_2001_0338_20040429,ACT_EU_INST_CJEU_JUDG_AG_DE_ALB
DOC_JUDG_CJ_2001_0340_20031120,ACT_EU_INST_CJEU_JUDG_AG_NL_GEE
DOC_JUDG_CJ_2001_0341_20040429,ACT_EU_INST_CJEU_JUDG_AG_FR_LEGE
DOC_JUDG_CJ_2001_0342_20040318,ACT_EU_INST_CJEU_JUDG_AG_LU_MIS
DOC_JUDG_CJ_2001_0344_20040304,ACT_EU_INST_CJEU_JUDG_AG_FR_LEGE
DOC_JUDG_CJ_2001_0348_20021107,ACT_EU_INST_CJEU_JUDG_AG_IT_TIZ
DOC_JUDG_CJ_2001_0349_20040715,ACT_EU_INST_CJEU_JUDG_AG_IT_TIZ
DOC_JUDG_CJ_2001_0351_20020926,ACT_EU_INST_CJEU_JUDG_AG_DE_ALB
DOC_JUDG_CJ_2001_0352_20021107,ACT_EU_INST_CJEU_JUDG_AG_LU_MIS
DOC_JUDG_CJ_2001_0353_P_20040122,ACT_EU_INST_CJEU_JUDG_AG_FR_LEGE
DOC_JUDG_CJ_2001_0356_20031120,ACT_EU_INST_CJEU_JUDG_AG_LU_MIS
DOC_JUDG_CJ_2001_0358_20031106,ACT_EU_INST_CJEU_JUDG_AG_DE_ALB
DOC_JUDG_CJ_2001_0359_P_20040429,ACT_EU_INST_CJEU_JUDG_AG_AT_STI_HAC
DOC_JUDG_CJ_2001_0361_P_20030909,ACT_EU_INST_CJEU_JUDG_AG_UK_JAC
DOC_JUDG_CJ_2001_0362_20021210,ACT_EU_INST_CJEU_JUDG_AG_ES_RUI_JAR_COL
DOC_JUDG_CJ_2001_0363_20031016,ACT_EU_INST_CJEU_JUDG_AG_LU_MIS
DOC_JUDG_CJ_2001_0364_20031211,ACT_EU_INST_CJEU_JUDG_AG_LU_MIS
DOC_JUDG_CJ_2001_0372_20020516,ACT_EU_INST_CJEU_JUDG_AG_UK_JAC
DOC_JUDG_CJ_2001_0376_20020530,ACT_EU_INST_CJEU_JUDG_AG_LU_MIS
DOC_JUDG_CJ_2001_0378_20030320,ACT_EU_INST_CJEU_JUDG_AG_FR_LEGE
DOC_JUDG_CJ_2001_0380_20040205,ACT_EU_INST_CJEU_JUDG_AG_DE_ALB
DOC_JUDG_CJ_2001_0381_20040715,ACT_EU_INST_CJEU_JUDG_AG_NL_GEE
DOC_JUDG_CJ_2001_0383_20030617,ACT_EU_INST_CJEU_JUDG_AG_UK_JAC
DOC_JUDG_CJ_2001_0384_20030508,ACT_EU_INST_CJEU_JUDG_AG_DE_ALB
DOC_JUDG_CJ_2001_0386_20020912,ACT_EU_INST_CJEU_JUDG_AG_DE_ALB
DOC_JUDG_CJ_2001_0387_20040429,ACT_EU_INST_CJEU_JUDG_AG_IT_TIZ
DOC_JUDG_CJ_2001_0388_20030116,ACT_EU_INST_CJEU_JUDG_AG_AT_STI_HAC
DOC_JUDG_CJ_2001_0392_20021128,ACT_EU_INST_CJEU_JUDG_AG_AT_STI_HAC
DOC_JUDG_CJ_2001_0393_20030522,ACT_EU_INST_CJEU_JUDG_AG_LU_MIS
DOC_JUDG_CJ_2001_0394_20021003,ACT_EU_INST_CJEU_JUDG_AG_LU_MIS
DOC_JUDG_CJ_2001_0396_20040311,ACT_EU_INST_CJEU_JUDG_AG_NL_GEE
DOC_JUDG_CJ_2001_0397_20041005,ACT_EU_INST_CJEU_JUDG_AG_ES_RUI_JAR_COL
DOC_JUDG_CJ_2001_0405_20030930,ACT_EU_INST_CJEU_JUDG_AG_AT_STI_HAC
DOC_JUDG_CJ_2001_0408_20031023,ACT_EU_INST_CJEU_JUDG_AG_UK_JAC
DOC_JUDG_CJ_2001_0410_20030619,ACT_EU_INST_CJEU_JUDG_AG_LU_MIS
DOC_JUDG_CJ_2001_0411_20031002,ACT_EU_INST_CJEU_JUDG_AG_IT_TIZ
DOC_JUDG_CJ_2001_0413_20031106,ACT_EU_INST_CJEU_JUDG_AG_NL_GEE
DOC_JUDG_CJ_2001_0414_20021128,ACT_EU_INST_CJEU_JUDG_AG_AT_STI_HAC
DOC_JUDG_CJ_2001_0415_20030227,ACT_EU_INST_CJEU_JUDG_AG_FR_LEGE
DOC_JUDG_CJ_2001_0416_20031120,ACT_EU_INST_CJEU_JUDG_AG_LU_MIS
DOC_JUDG_CJ_2001_0418_20040429,ACT_EU_INST_CJEU_JUDG_AG_IT_TIZ
DOC_JUDG_CJ_2001_0419_20030515,ACT_EU_INST_CJEU_JUDG_AG_UK_JAC
DOC_JUDG_CJ_2001_0420_20030619,ACT_EU_INST_CJEU_JUDG_AG_LU_MIS
DOC_JUDG_CJ_2001_0421_20031016,ACT_EU_INST_CJEU_JUDG_AG_DE_ALB
DOC_JUDG_CJ_2001_0422_20030626,ACT_EU_INST_CJEU_JUDG_AG_FR_LEGE
DOC_JUDG_CJ_2001_0423_20031016,ACT_EU_INST_CJEU_JUDG_AG_FR_LEGE
DOC_JUDG_CJ_2001_0425_20030612,ACT_EU_INST_CJEU_JUDG_AG_AT_STI_HAC
DOC_JUDG_CJ_2001_0429_20031127,ACT_EU_INST_CJEU_JUDG_AG_UK_JAC
DOC_JUDG_CJ_2001_0433_20040115,ACT_EU_INST_CJEU_JUDG_AG_IT_TIZ
DOC_JUDG_CJ_2001_0434_20031106,ACT_EU_INST_CJEU_JUDG_AG_IT_TIZ
DOC_JUDG_CJ_2001_0436_20030313,ACT_EU_INST_CJEU_JUDG_AG_UK_JAC
DOC_JUDG_CJ_2001_0437_20030925,ACT_EU_INST_CJEU_JUDG_AG_DE_ALB
DOC_JUDG_CJ_2001_0438_20030605,ACT_EU_INST_CJEU_JUDG_AG_UK_JAC
DOC_JUDG_CJ_2001_0439_20030116,ACT_EU_INST_CJEU_JUDG_AG_DE_ALB
DOC_JUDG_CJ_2001_0441_20030522,ACT_EU_INST_CJEU_JUDG_AG_ES_RUI_JAR_COL
DOC_JUDG_CJ_2001_0442_20030626,ACT_EU_INST_CJEU_JUDG_AG_ES_RUI_JAR_COL
DOC_JUDG_CJ_2001_0446_20030612,ACT_EU_INST_CJEU_JUDG_AG_NL_GEE
DOC_JUDG_CJ_2001_0448_20031204,ACT_EU_INST_CJEU_JUDG_AG_LU_MIS
DOC_JUDG_CJ_2001_0452_20030923,ACT_EU_INST_CJEU_JUDG_AG_NL_GEE
DOC_JUDG_CJ_2001_0454_20040610,ACT_EU_INST_CJEU_JUDG_AG_AT_STI_HAC
DOC_JUDG_CJ_2001_0455_20031016,ACT_EU_INST_CJEU_JUDG_AG_DE_ALB
DOC_JUDG_CJ_2001_0456_P_20040429,ACT_EU_INST_CJEU_JUDG_AG_ES_RUI_JAR_COL
DOC_JUDG_CJ_2001_0460_20050414,ACT_EU_INST_CJEU_JUDG_AG_AT_STI_HAC
DOC_JUDG_CJ_2001_0462_20030116,ACT_EU_INST_CJEU_JUDG_AG_AT_STI_HAC
DOC_JUDG_CJ_2001_0463_20041214,ACT_EU_INST_CJEU_JUDG_AG_ES_RUI_JAR_COL
DOC_JUDG_CJ_2001_0464_20050120,ACT_EU_INST_CJEU_JUDG_AG_UK_JAC
DOC_JUDG_CJ_2001_0465_20040916,ACT_EU_INST_CJEU_JUDG_AG_UK_JAC
DOC_JUDG_CJ_2001_0467_20030619,ACT_EU_INST_CJEU_JUDG_AG_AT_STI_HAC
DOC_JUDG_CJ_2001_0468_P_20040429,ACT_EU_INST_CJEU_JUDG_AG_ES_RUI_JAR_COL
DOC_JUDG_CJ_2001_0473_P_20040429,ACT_EU_INST_CJEU_JUDG_AG_ES_RUI_JAR_COL
DOC_JUDG_CJ_2001_0475_20041005,ACT_EU_INST_CJEU_JUDG_AG_IT_TIZ
DOC_JUDG_CJ_2001_0476_20040429,ACT_EU_INST_CJEU_JUDG_AG_FR_LEGE
DOC_JUDG_CJ_2001_0478_20030306,ACT_EU_INST_CJEU_JUDG_AG_UK_JAC
DOC_JUDG_CJ_2001_0482_20040429,ACT_EU_INST_CJEU_JUDG_AG_AT_STI_HAC
DOC_JUDG_CJ_2001_0483_20030515,ACT_EU_INST_CJEU_JUDG_AG_IT_TIZ
DOC_JUDG_CJ_2001_0484_20030515,ACT_EU_INST_CJEU_JUDG_AG_IT_TIZ
DOC_JUDG_CJ_2001_0485_20030306,ACT_EU_INST_CJEU_JUDG_AG_UK_JAC
DOC_JUDG_CJ_2001_0486_P_20040629,ACT_EU_INST_CJEU_JUDG_AG_ES_RUI_JAR_COL
DOC_JUDG_CJ_2001_0487_20040429,ACT_EU_INST_CJEU_JUDG_AG_IT_TIZ
DOC_JUDG_CJ_2001_0489_20031016,ACT_EU_INST_CJEU_JUDG_AG_LU_MIS
DOC_JUDG_CJ_2001_0491_20021210,ACT_EU_INST_CJEU_JUDG_AG_NL_GEE
DOC_JUDG_CJ_2001_0494_20050426,ACT_EU_INST_CJEU_JUDG_AG_NL_GEE
DOC_JUDG_CJ_2001_0495_20040715,ACT_EU_INST_CJEU_JUDG_AG_NL_GEE
DOC_JUDG_CJ_2001_0496_20040311,ACT_EU_INST_CJEU_JUDG_AG_LU_MIS
DOC_JUDG_CJ_2001_0497_20031127,ACT_EU_INST_CJEU_JUDG_AG_UK_JAC
DOC_JUDG_CJ_2001_0500_20040107,ACT_EU_INST_CJEU_JUDG_AG_FR_LEGE
DOC_JUDG_CJ_2001_0501_20031106,ACT_EU_INST_CJEU_JUDG_AG_AT_STI_HAC
DOC_JUDG_CJ_2001_0502_20040708,ACT_EU_INST_CJEU_JUDG_AG_IT_TIZ
DOC_JUDG_CJ_2002_0001_20040401,ACT_EU_INST_CJEU_JUDG_AG_IT_TIZ
DOC_JUDG_CJ_2002_0002_20031016,ACT_EU_INST_CJEU_JUDG_AG_IT_TIZ
DOC_JUDG_CJ_2002_0004_20031023,ACT_EU_INST_CJEU_JUDG_AG_NL_GEE
DOC_JUDG_CJ_2002_0006_20030306,ACT_EU_INST_CJEU_JUDG_AG_LU_MIS
DOC_JUDG_CJ_2002_0008_20040318,ACT_EU_INST_CJEU_JUDG_AG_ES_RUI_JAR_COL
DOC_JUDG_CJ_2002_0009_20040311,ACT_EU_INST_CJEU_JUDG_AG_LU_MIS
DOC_JUDG_CJ_2002_0010_20041118,ACT_EU_INST_CJEU_JUDG_AG_DE_KOK
DOC_JUDG_CJ_2002_0012_20031002,ACT_EU_INST_CJEU_JUDG_AG_FR_LEGE
DOC_JUDG_CJ_2002_0014_20030508,ACT_EU_INST_CJEU_JUDG_AG_NL_GEE
DOC_JUDG_CJ_2002_0018_20040205,ACT_EU_INST_CJEU_JUDG_AG_UK_JAC
DOC_JUDG_CJ_2002_0019_20041209,ACT_EU_INST_CJEU_JUDG_AG_DE_KOK
DOC_JUDG_CJ_2002_0022_20030911,ACT_EU_INST_CJEU_JUDG_AG_UK_JAC
DOC_JUDG_CJ_2002_0025_20030909,ACT_EU_INST_CJEU_JUDG_AG_NL_GEE
DOC_JUDG_CJ_2002_0027_20050120,ACT_EU_INST_CJEU_JUDG_AG_UK_JAC
DOC_JUDG_CJ_2002_0029_20030116,ACT_EU_INST_CJEU_JUDG_AG_DE_ALB
DOC_JUDG_CJ_2002_0030_20040617,ACT_EU_INST_CJEU_JUDG_AG_ES_RUI_JAR_COL
DOC_JUDG_CJ_2002_0032_20031016,ACT_EU_INST_CJEU_JUDG_AG_FR_LEGE
DOC_JUDG_CJ_2002_0034_20030619,ACT_EU_INST_CJEU_JUDG_AG_DE_ALB
DOC_JUDG_CJ_2002_0036_20041014,ACT_EU_INST_CJEU_JUDG_AG_AT_STI_HAC
DOC_JUDG_CJ_2002_0037_20040715,ACT_EU_INST_CJEU_JUDG_AG_AT_STI_HAC
DOC_JUDG_CJ_2002_0039_20041014,ACT_EU_INST_CJEU_JUDG_AG_FR_LEGE
DOC_JUDG_CJ_2002_0040_20031023,ACT_EU_INST_CJEU_JUDG_AG_LU_MIS
DOC_JUDG_CJ_2002_0041_20041202,ACT_EU_INST_CJEU_JUDG_AG_PT_POI_PES_MAD
DOC_JUDG_CJ_2002_0042_20031113,ACT_EU_INST_CJEU_JUDG_AG_AT_STI_HAC
DOC_JUDG_CJ_2002_0046_20041109,ACT_EU_INST_CJEU_JUDG_AG_AT_STI_HAC
DOC_JUDG_CJ_2002_0047_20030930,ACT_EU_INST_CJEU_JUDG_AG_AT_STI_HAC
DOC_JUDG_CJ_2002_0049_20040624,ACT_EU_INST_CJEU_JUDG_AG_FR_LEGE
DOC_JUDG_CJ_2002_0053_20040401,ACT_EU_INST_CJEU_JUDG_AG_LU_MIS
DOC_JUDG_CJ_2002_0055_20041012,ACT_EU_INST_CJEU_JUDG_AG_IT_TIZ
DOC_JUDG_CJ_2002_0056_20030522,ACT_EU_INST_CJEU_JUDG_AG_ES_RUI_JAR_COL
DOC_JUDG_CJ_2002_0057_P_20050714,ACT_EU_INST_CJEU_JUDG_AG_FR_LEGE
DOC_JUDG_CJ_2002_0058_20040107,ACT_EU_INST_CJEU_JUDG_AG_NL_GEE
DOC_JUDG_CJ_2002_0060_20040107,ACT_EU_INST_CJEU_JUDG_AG_ES_RUI_JAR_COL
DOC_JUDG_CJ_2002_0063_20030116,ACT_EU_INST_CJEU_JUDG_AG_DE_ALB
DOC_JUDG_CJ_2002_0064_P_20041021,ACT_EU_INST_CJEU_JUDG_AG_PT_POI_PES_MAD
DOC_JUDG_CJ_2002_0065_P_20050714,ACT_EU_INST_CJEU_JUDG_AG_FR_LEGE
DOC_JUDG_CJ_2002_0066_20051215,ACT_EU_INST_CJEU_JUDG_AG_AT_STI_HAC
DOC_JUDG_CJ_2002_0067_20030911,ACT_EU_INST_CJEU_JUDG_AG_UK_JAC
DOC_JUDG_CJ_2002_0071_20040325,ACT_EU_INST_CJEU_JUDG_AG_DE_ALB
DOC_JUDG_CJ_2002_0072_20030624,ACT_EU_INST_CJEU_JUDG_AG_DE_ALB
DOC_JUDG_CJ_2002_0074_20030925,ACT_EU_INST_CJEU_JUDG_AG_LU_MIS
DOC_JUDG_CJ_2002_0077_20030911,ACT_EU_INST_CJEU_JUDG_AG_IT_TIZ
DOC_JUDG_CJ_2002_0078_20031106,ACT_EU_INST_CJEU_JUDG_AG_NL_GEE
DOC_JUDG_CJ_2002_0083_20030605,ACT_EU_INST_CJEU_JUDG_AG_NL_GEE
DOC_JUDG_CJ_2002_0085_20030213,ACT_EU_INST_CJEU_JUDG_AG_UK_JAC
DOC_JUDG_CJ_2002_0087_20040610,ACT_EU_INST_CJEU_JUDG_AG_ES_RUI_JAR_COL
DOC_JUDG_CJ_2002_0090_20040401,ACT_EU_INST_CJEU_JUDG_AG_UK_JAC
DOC_JUDG_CJ_2002_0091_20031016,ACT_EU_INST_CJEU_JUDG_AG_FR_LEGE
DOC_JUDG_CJ_2002_0092_20031204,ACT_EU_INST_CJEU_JUDG_AG_DE_ALB
DOC_JUDG_CJ_2002_0093_P_20030930,ACT_EU_INST_CJEU_JUDG_AG_DE_ALB
DOC_JUDG_CJ_2002_0094_P_20030930,ACT_EU_INST_CJEU_JUDG_AG_DE_ALB
DOC_JUDG_CJ_2002_0099_20040401,ACT_EU_INST_CJEU_JUDG_AG_ES_RUI_JAR_COL
DOC_JUDG_CJ_2002_0100_20040107,ACT_EU_INST_CJEU_JUDG_AG_AT_STI_HAC
DOC_JUDG_CJ_2002_0102_20040429,ACT_EU_INST_CJEU_JUDG_AG_ES_RUI_JAR_COL
DOC_JUDG_CJ_2002_0103_20041007,ACT_EU_INST_CJEU_JUDG_AG_PT_POI_PES_MAD
DOC_JUDG_CJ_2002_0104_20050414,ACT_EU_INST_CJEU_JUDG_AG_AT_STI_HAC
DOC_JUDG_CJ_2002_0105_20061005,ACT_EU_INST_CJEU_JUDG_AG_AT_STI_HAC
DOC_JUDG_CJ_2002_0109_20031023,ACT_EU_INST_CJEU_JUDG_AG_LU_MIS
DOC_JUDG_CJ_2002_0110_20040629,ACT_EU_INST_CJEU_JUDG_AG_UK_JAC
DOC_JUDG_CJ_2002_0111_P_20040429,ACT_EU_INST_CJEU_JUDG_AG_NL_GEE
DOC_JUDG_CJ_2002_0112_20040401,ACT_EU_INST_CJEU_JUDG_AG_IT_TIZ
DOC_JUDG_CJ_2002_0113_20041014,ACT_EU_INST_CJEU_JUDG_AG_UK_JAC
DOC_JUDG_CJ_2002_0114_20030410,ACT_EU_INST_CJEU_JUDG_AG_LU_MIS
DOC_JUDG_CJ_2002_0115_20031023,ACT_EU_INST_CJEU_JUDG_AG_LU_MIS
DOC_JUDG_CJ_2002_0116_20031209,ACT_EU_INST_CJEU_JUDG_AG_FR_LEGE
DOC_JUDG_CJ_2002_0117_20040429,ACT_EU_INST_CJEU_JUDG_AG_IT_TIZ
DOC_JUDG_CJ_2002_0118_20040325,ACT_EU_INST_CJEU_JUDG_AG_AT_STI_HAC
DOC_JUDG_CJ_2002_0119_20040624,ACT_EU_INST_CJEU_JUDG_AG_UK_JAC
DOC_JUDG_CJ_2002_0122_20030116,ACT_EU_INST_CJEU_JUDG_AG_NL_GEE
DOC_JUDG_CJ_2002_0123_20050616,ACT_EU_INST_CJEU_JUDG_AG_FR_LEGE
DOC_JUDG_CJ_2002_0124_20050616,ACT_EU_INST_CJEU_JUDG_AG_FR_LEGE
DOC_JUDG_CJ_2002_0125_20050616,ACT_EU_INST_CJEU_JUDG_AG_FR_LEGE
DOC_JUDG_CJ_2002_0127_20040907,ACT_EU_INST_CJEU_JUDG_AG_DE_KOK
DOC_JUDG_CJ_2002_0130_20040304,ACT_EU_INST_CJEU_JUDG_AG_AT_STI_HAC
DOC_JUDG_CJ_2002_0133_20040122,ACT_EU_INST_CJEU_JUDG_AG_FR_LEGE
DOC_JUDG_CJ_2002_0136_P_20041007,ACT_EU_INST_CJEU_JUDG_AG_ES_RUI_JAR_COL
DOC_JUDG_CJ_2002_0137_20040429,ACT_EU_INST_CJEU_JUDG_AG_UK_JAC
DOC_JUDG_CJ_2002_0138_20040323,ACT_EU_INST_CJEU_JUDG_AG_ES_RUI_JAR_COL
DOC_JUDG_CJ_2002_0140_20030930,ACT_EU_INST_CJEU_JUDG_AG_AT_STI_HAC
DOC_JUDG_CJ_2002_0141_P_20050222,ACT_EU_INST_CJEU_JUDG_AG_PT_POI_PES_MAD
DOC_JUDG_CJ_2002_0143_20030320,ACT_EU_INST_CJEU_JUDG_AG_FR_LEGE
DOC_JUDG_CJ_2002_0144_20040715,ACT_EU_INST_CJEU_JUDG_AG_NL_GEE
DOC_JUDG_CJ_2002_0145_20050113,ACT_EU_INST_CJEU_JUDG_AG_IT_TIZ
DOC_JUDG_CJ_2002_0147_20040330,ACT_EU_INST_CJEU_JUDG_AG_FR_LEGE
DOC_JUDG_CJ_2002_0148_20031002,ACT_EU_INST_CJEU_JUDG_AG_UK_JAC
DOC_JUDG_CJ_2002_0151_20030909,ACT_EU_INST_CJEU_JUDG_AG_ES_RUI_JAR_COL
DOC_JUDG_CJ_2002_0152_20040429,ACT_EU_INST_CJEU_JUDG_AG_AT_STI_HAC
DOC_JUDG_CJ_2002_0153_20031113,ACT_EU_INST_CJEU_JUDG_AG_UK_JAC
DOC_JUDG_CJ_2002_0154_20031023,ACT_EU_INST_CJEU_JUDG_AG_AT_STI_HAC
DOC_JUDG_CJ_2002_0157_20040205,ACT_EU_INST_CJEU_JUDG_AG_DE_ALB
DOC_JUDG_CJ_2002_0159_20040427,ACT_EU_INST_CJEU_JUDG_AG_ES_RUI_JAR_COL
DOC_JUDG_CJ_2002_0160_20040429,ACT_EU_INST_CJEU_JUDG_AG_DE_KOK
DOC_JUDG_CJ_2002_0161_20030619,ACT_EU_INST_CJEU_JUDG_AG_UK_JAC
DOC_JUDG_CJ_2002_0167_P_20040330,ACT_EU_INST_CJEU_JUDG_AG_UK_JAC
DOC_JUDG_CJ_2002_0168_20040610,ACT_EU_INST_CJEU_JUDG_AG_FR_LEGE
DOC_JUDG_CJ_2002_0170_P_20030925,ACT_EU_INST_CJEU_JUDG_AG_NL_GEE
DOC_JUDG_CJ_2002_0171_20040429,ACT_EU_INST_CJEU_JUDG_AG_DE_ALB
DOC_JUDG_CJ_2002_0173_20041014,ACT_EU_INST_CJEU_JUDG_AG_UK_JAC
DOC_JUDG_CJ_2002_0174_20050113,ACT_EU_INST_CJEU_JUDG_AG_NL_GEE
DOC_JUDG_CJ_2002_0175_20050113,ACT_EU_INST_CJEU_JUDG_AG_NL_GEE
DOC_JUDG_CJ_2002_0181_P_20040429,ACT_EU_INST_CJEU_JUDG_AG_FR_LEGE
DOC_JUDG_CJ_2002_0182_20031016,ACT_EU_INST_CJEU_JUDG_AG_ES_RUI_JAR_COL
DOC_JUDG_CJ_2002_0183_P_20041111,ACT_EU_INST_CJEU_JUDG_AG_DE_KOK
DOC_JUDG_CJ_2002_0184_20040909,ACT_EU_INST_CJEU_JUDG_AG_AT_STI_HAC
DOC_JUDG_CJ_2002_0185_20041028,ACT_EU_INST_CJEU_JUDG_AG_NL_GEE
DOC_JUDG_CJ_2002_0186_P_20041111,ACT_EU_INST_CJEU_JUDG_AG_DE_KOK
DOC_JUDG_CJ_2002_0189_P_20050628,ACT_EU_INST_CJEU_JUDG_AG_IT_TIZ
DOC_JUDG_CJ_2002_0195_20040909,ACT_EU_INST_CJEU_JUDG_AG_FR_LEGE
DOC_JUDG_CJ_2002_0196_20050310,ACT_EU_INST_CJEU_JUDG_AG_AT_STI_HAC
DOC_JUDG_CJ_2002_0200_20041019,ACT_EU_INST_CJEU_JUDG_AG_IT_TIZ
DOC_JUDG_CJ_2002_0201_20040107,ACT_EU_INST_CJEU_JUDG_AG_FR_LEGE
DOC_JUDG_CJ_2002_0203_20041109,ACT_EU_INST_CJEU_JUDG_AG_AT_STI_HAC
DOC_JUDG_CJ_2002_0209_20040129,ACT_EU_INST_CJEU_JUDG_AG_FR_LEGE
DOC_JUDG_CJ_2002_0211_20030306,ACT_EU_INST_CJEU_JUDG_AG_DE_ALB
DOC_JUDG_CJ_2002_0212_20040624,ACT_EU_INST_CJEU_JUDG_AG_PT_POI_PES_MAD
DOC_JUDG_CJ_2002_0216_20041111,ACT_EU_INST_CJEU_JUDG_AG_ES_RUI_JAR_COL
DOC_JUDG_CJ_2002_0218_20040129,ACT_EU_INST_CJEU_JUDG_AG_IT_TIZ
DOC_JUDG_CJ_2002_0220_20040608,ACT_EU_INST_CJEU_JUDG_AG_DE_KOK
DOC_JUDG_CJ_2002_0222_20041012,ACT_EU_INST_CJEU_JUDG_AG_AT_STI_HAC
DOC_JUDG_CJ_2002_0224_20040429,ACT_EU_INST_CJEU_JUDG_AG_UK_JAC
DOC_JUDG_CJ_2002_0225_20050120,ACT_EU_INST_CJEU_JUDG_AG_DE_KOK
DOC_JUDG_CJ_2002_0230_20040212,ACT_EU_INST_CJEU_JUDG_AG_NL_GEE
DOC_JUDG_CJ_2002_0233_20040323,ACT_EU_INST_CJEU_JUDG_AG_DE_ALB
DOC_JUDG_CJ_2002_0234_P_20040323,ACT_EU_INST_CJEU_JUDG_AG_NL_GEE
DOC_JUDG_CJ_2002_0236_20040212,ACT_EU_INST_CJEU_JUDG_AG_UK_JAC
DOC_JUDG_CJ_2002_0237_20040401,ACT_EU_INST_CJEU_JUDG_AG_NL_GEE
DOC_JUDG_CJ_2002_0238_20040304,ACT_EU_INST_CJEU_JUDG_AG_IT_TIZ
DOC_JUDG_CJ_2002_0239_20040715,ACT_EU_INST_CJEU_JUDG_AG_NL_GEE
DOC_JUDG_CJ_2002_0240_20040311,ACT_EU_INST_CJEU_JUDG_AG_IT_TIZ
DOC_JUDG_CJ_2002_0245_20041116,ACT_EU_INST_CJEU_JUDG_AG_IT_TIZ
DOC_JUDG_CJ_2002_0247_20041007,ACT_EU_INST_CJEU_JUDG_AG_AT_STI_HAC
DOC_JUDG_CJ_2002_0248_20040916,ACT_EU_INST_CJEU_JUDG_AG_AT_STI_HAC
DOC_JUDG_CJ_2002_0249_20041111,ACT_EU_INST_CJEU_JUDG_AG_ES_RUI_JAR_COL
DOC_JUDG_CJ_2002_0255_20060221,ACT_EU_INST_CJEU_JUDG_AG_PT_POI_PES_MAD
DOC_JUDG_CJ_2002_0262_20040713,ACT_EU_INST_CJEU_JUDG_AG_IT_TIZ
DOC_JUDG_CJ_2002_0263_P_20040401,ACT_EU_INST_CJEU_JUDG_AG_UK_JAC
DOC_JUDG_CJ_2002_0264_20040304,ACT_EU_INST_CJEU_JUDG_AG_IT_TIZ
DOC_JUDG_CJ_2002_0265_20040205,ACT_EU_INST_CJEU_JUDG_AG_FR_LEGE
DOC_JUDG_CJ_2002_0269_20040624,ACT_EU_INST_CJEU_JUDG_AG_IT_TIZ
DOC_JUDG_CJ_2002_0270_20040205,ACT_EU_INST_CJEU_JUDG_AG_LU_MIS
DOC_JUDG_CJ_2002_0271_20041216,ACT_EU_INST_CJEU_JUDG_AG_ES_RUI_JAR_COL
DOC_JUDG_CJ_2002_0275_20040930,ACT_EU_INST_CJEU_JUDG_AG_NL_GEE
DOC_JUDG_CJ_2002_0276_20040914,ACT_EU_INST_CJEU_JUDG_AG_PT_POI_PES_MAD
DOC_JUDG_CJ_2002_0277_20041216,ACT_EU_INST_CJEU_JUDG_AG_FR_LEGE
DOC_JUDG_CJ_2002_0278_20040624,ACT_EU_INST_CJEU_JUDG_AG_IT_TIZ
DOC_JUDG_CJ_2002_0279_P_20041014,ACT_EU_INST_CJEU_JUDG_AG_AT_STI_HAC
DOC_JUDG_CJ_2002_0280_20040923,ACT_EU_INST_CJEU_JUDG_AG_NL_GEE
DOC_JUDG_CJ_2002_0281_20050301,ACT_EU_INST_CJEU_JUDG_AG_FR_LEGE
DOC_JUDG_CJ_2002_0282_20050602,ACT_EU_INST_CJEU_JUDG_AG_PT_POI_PES_MAD
DOC_JUDG_CJ_2002_0283_20050303,ACT_EU_INST_CJEU_JUDG_AG_ES_RUI_JAR_COL
DOC_JUDG_CJ_2002_0284_20041118,ACT_EU_INST_CJEU_JUDG_AG_NL_GEE
DOC_JUDG_CJ_2002_0285_20040527,ACT_EU_INST_CJEU_JUDG_AG_UK_JAC
DOC_JUDG_CJ_2002_0286_20040401,ACT_EU_INST_CJEU_JUDG_AG_NL_GEE
DOC_JUDG_CJ_2002_0287_20050609,ACT_EU_INST_CJEU_JUDG_AG_UK_JAC
DOC_JUDG_CJ_2002_0288_20041021,ACT_EU_INST_CJEU_JUDG_AG_IT_TIZ
DOC_JUDG_CJ_2002_0289_20031211,ACT_EU_INST_CJEU_JUDG_AG_LU_MIS
DOC_JUDG_CJ_2002_0292_20040909,ACT_EU_INST_CJEU_JUDG_AG_UK_JAC
DOC_JUDG_CJ_2002_0293_20051108,ACT_EU_INST_CJEU_JUDG_AG_FR_LEGE
DOC_JUDG_CJ_2002_0294_20050317,ACT_EU_INST_CJEU_JUDG_AG_DE_KOK
DOC_JUDG_CJ_2002_0295_20040701,ACT_EU_INST_CJEU_JUDG_AG_FR_LEGE
DOC_JUDG_CJ_2002_0297_20040923,ACT_EU_INST_CJEU_JUDG_AG_UK_JAC
DOC_JUDG_CJ_2002_0298_20041014,ACT_EU_INST_CJEU_JUDG_AG_UK_JAC
DOC_JUDG_CJ_2002_0299_20041014,ACT_EU_INST_CJEU_JUDG_AG_FR_LEGE
DOC_JUDG_CJ_2002_0300_20050224,ACT_EU_INST_CJEU_JUDG_AG_FR_LEGE
DOC_JUDG_CJ_2002_0301_P_20050526,ACT_EU_INST_CJEU_JUDG_AG_FR_LEGE
DOC_JUDG_CJ_2002_0302_20050120,ACT_EU_INST_CJEU_JUDG_AG_DE_KOK
DOC_JUDG_CJ_2002_0303_20040304,ACT_EU_INST_CJEU_JUDG_AG_DE_ALB
DOC_JUDG_CJ_2002_0304_20050712,ACT_EU_INST_CJEU_JUDG_AG_NL_GEE
DOC_JUDG_CJ_2002_0307_20031016,ACT_EU_INST_CJEU_JUDG_AG_AT_STI_HAC
DOC_JUDG_CJ_2002_0309_20041214,ACT_EU_INST_CJEU_JUDG_AG_ES_RUI_JAR_COL
DOC_JUDG_CJ_2002_0312_20041007,ACT_EU_INST_CJEU_JUDG_AG_UK_JAC
DOC_JUDG_CJ_2002_0313_20041012,ACT_EU_INST_CJEU_JUDG_AG_DE_KOK
DOC_JUDG_CJ_2002_0315_20040715,ACT_EU_INST_CJEU_JUDG_AG_IT_TIZ
DOC_JUDG_CJ_2002_0317_20041118,ACT_EU_INST_CJEU_JUDG_AG_AT_STI_HAC
DOC_JUDG_CJ_2002_0318_20050224,ACT_EU_INST_CJEU_JUDG_AG_IT_TIZ
DOC_JUDG_CJ_2002_0319_20040907,ACT_EU_INST_CJEU_JUDG_AG_DE_KOK
DOC_JUDG_CJ_2002_0320_20040401,ACT_EU_INST_CJEU_JUDG_AG_AT_STI_HAC
DOC_JUDG_CJ_2002_0321_20040715,ACT_EU_INST_CJEU_JUDG_AG_FR_LEGE
DOC_JUDG_CJ_2002_0323_20030911,ACT_EU_INST_CJEU_JUDG_AG_IT_TIZ
DOC_JUDG_CJ_2002_0325_20031016,ACT_EU_INST_CJEU_JUDG_AG_UK_JAC
DOC_JUDG_CJ_2002_0327_20041116,ACT_EU_INST_CJEU_JUDG_AG_PT_POI_PES_MAD
DOC_JUDG_CJ_2002_0328_20041012,ACT_EU_INST_CJEU_JUDG_AG_FR_LEGE
DOC_JUDG_CJ_2002_0329_P_20040916,ACT_EU_INST_CJEU_JUDG_AG_UK_JAC
DOC_JUDG_CJ_2002_0332_20031127,ACT_EU_INST_CJEU_JUDG_AG_NL_GEE
DOC_JUDG_CJ_2002_0334_20040304,ACT_EU_INST_CJEU_JUDG_AG_ES_RUI_JAR_COL
DOC_JUDG_CJ_2002_0335_20030522,ACT_EU_INST_CJEU_JUDG_AG_AT_STI_HAC
DOC_JUDG_CJ_2002_0336_20041014,ACT_EU_INST_CJEU_JUDG_AG_ES_RUI_JAR_COL
DOC_JUDG_CJ_2002_0338_20041109,ACT_EU_INST_CJEU_JUDG_AG_AT_STI_HAC
DOC_JUDG_CJ_2002_0340_20041014,ACT_EU_INST_CJEU_JUDG_AG_NL_GEE
DOC_JUDG_CJ_2002_0341_20050414,ACT_EU_INST_CJEU_JUDG_AG_ES_RUI_JAR_COL
DOC_JUDG_CJ_2002_0345_20040715,ACT_EU_INST_CJEU_JUDG_AG_ES_RUI_JAR_COL
DOC_JUDG_CJ_2002_0346_20040907,ACT_EU_INST_CJEU_JUDG_AG_AT_STI_HAC
DOC_JUDG_CJ_2002_0347_20040907,ACT_EU_INST_CJEU_JUDG_AG_AT_STI_HAC
DOC_JUDG_CJ_2002_0348_20031002,ACT_EU_INST_CJEU_JUDG_AG_NL_GEE
DOC_JUDG_CJ_2002_0350_20040624,ACT_EU_INST_CJEU_JUDG_AG_DE_KOK
DOC_JUDG_CJ_2002_0352_20030605,ACT_EU_INST_CJEU_JUDG_AG_UK_JAC
DOC_JUDG_CJ_2002_0361_20040701,ACT_EU_INST_CJEU_JUDG_AG_DE_KOK
DOC_JUDG_CJ_2002_0365_20040715,ACT_EU_INST_CJEU_JUDG_AG_AT_STI_HAC
DOC_JUDG_CJ_2002_0366_20040916,ACT_EU_INST_CJEU_JUDG_AG_FR_LEGE
DOC_JUDG_CJ_2002_0371_20040429,ACT_EU_INST_CJEU_JUDG_AG_FR_LEGE
DOC_JUDG_CJ_2002_0372_20041111,ACT_EU_INST_CJEU_JUDG_AG_UK_JAC
DOC_JUDG_CJ_2002_0373_20040428,ACT_EU_INST_CJEU_JUDG_AG_ES_RUI_JAR_COL
DOC_JUDG_CJ_2002_0375_20040909,ACT_EU_INST_CJEU_JUDG_AG_NL_GEE
DOC_JUDG_CJ_2002_0376_20050426,ACT_EU_INST_CJEU_JUDG_AG_IT_TIZ
DOC_JUDG_CJ_2002_0377_20050301,ACT_EU_INST_CJEU_JUDG_AG_IT_TIZ
DOC_JUDG_CJ_2002_0378_20050602,ACT_EU_INST_CJEU_JUDG_AG_UK_JAC
DOC_JUDG_CJ_2002_0379_20041007,ACT_EU_INST_CJEU_JUDG_AG_NL_GEE
DOC_JUDG_CJ_2002_0382_20040916,ACT_EU_INST_CJEU_JUDG_AG_ES_RUI_JAR_COL
DOC_JUDG_CJ_2002_0383_20040909,ACT_EU_INST_CJEU_JUDG_AG_NL_GEE
DOC_JUDG_CJ_2002_0384_20051122,ACT_EU_INST_CJEU_JUDG_AG_PT_POI_PES_MAD
DOC_JUDG_CJ_2002_0385_20040914,ACT_EU_INST_CJEU_JUDG_AG_DE_KOK
DOC_JUDG_CJ_2002_0386_20040916,ACT_EU_INST_CJEU_JUDG_AG_ES_RUI_JAR_COL
DOC_JUDG_CJ_2002_0387_20050503,ACT_EU_INST_CJEU_JUDG_AG_DE_KOK
DOC_JUDG_CJ_2002_0388_20031016,ACT_EU_INST_CJEU_JUDG_AG_IT_TIZ
DOC_JUDG_CJ_2002_0389_20040401,ACT_EU_INST_CJEU_JUDG_AG_PT_POI_PES_MAD
DOC_JUDG_CJ_2002_0392_20051115,ACT_EU_INST_CJEU_JUDG_AG_NL_GEE
DOC_JUDG_CJ_2002_0394_20050602,ACT_EU_INST_CJEU_JUDG_AG_UK_JAC
DOC_JUDG_CJ_2002_0396_20040916,ACT_EU_INST_CJEU_JUDG_AG_AT_STI_HAC
DOC_JUDG_CJ_2002_0397_20040909,ACT_EU_INST_CJEU_JUDG_AG_FR_LEGE
DOC_JUDG_CJ_2002_0398_20040527,ACT_EU_INST_CJEU_JUDG_AG_NL_GEE
DOC_JUDG_CJ_2002_0400_20040916,ACT_EU_INST_CJEU_JUDG_AG_AT_STI_HAC
DOC_JUDG_CJ_2002_0402_20041007,ACT_EU_INST_CJEU_JUDG_AG_IT_TIZ
DOC_JUDG_CJ_2002_0404_20040916,ACT_EU_INST_CJEU_JUDG_AG_ES_RUI_JAR_COL
DOC_JUDG_CJ_2002_0406_20040212,ACT_EU_INST_CJEU_JUDG_AG_AT_STI_HAC
DOC_JUDG_CJ_2002_0409_P_20041014,ACT_EU_INST_CJEU_JUDG_AG_FR_LEGE
DOC_JUDG_CJ_2002_0411_20040914,ACT_EU_INST_CJEU_JUDG_AG_PT_POI_PES_MAD
DOC_JUDG_CJ_2002_0414_20040923,ACT_EU_INST_CJEU_JUDG_AG_IT_TIZ
DOC_JUDG_CJ_2002_0415_20040715,ACT_EU_INST_CJEU_JUDG_AG_IT_TIZ
DOC_JUDG_CJ_2002_0416_20050908,ACT_EU_INST_CJEU_JUDG_AG_AT_STI_HAC
DOC_JUDG_CJ_2002_0417_20040909,ACT_EU_INST_CJEU_JUDG_AG_DE_KOK
DOC_JUDG_CJ_2002_0418_20050707,ACT_EU_INST_CJEU_JUDG_AG_FR_LEGE
DOC_JUDG_CJ_2002_0419_20060221,ACT_EU_INST_CJEU_JUDG_AG_PT_POI_PES_MAD
DOC_JUDG_CJ_2002_0420_20041118,ACT_EU_INST_CJEU_JUDG_AG_NL_GEE
DOC_JUDG_CJ_2002_0421_20040624,ACT_EU_INST_CJEU_JUDG_AG_ES_RUI_JAR_COL
DOC_JUDG_CJ_2002_0422_P_20050127,ACT_EU_INST_CJEU_JUDG_AG_UK_JAC
DOC_JUDG_CJ_2002_0423_20031016,ACT_EU_INST_CJEU_JUDG_AG_LU_MIS
DOC_JUDG_CJ_2002_0424_20040715,ACT_EU_INST_CJEU_JUDG_AG_AT_STI_HAC
DOC_JUDG_CJ_2002_0425_20041111,ACT_EU_INST_CJEU_JUDG_AG_FR_LEGE
DOC_JUDG_CJ_2002_0426_20041021,ACT_EU_INST_CJEU_JUDG_AG_IT_TIZ
DOC_JUDG_CJ_2002_0428_20050303,ACT_EU_INST_CJEU_JUDG_AG_DE_KOK
DOC_JUDG_CJ_2002_0429_20040713,ACT_EU_INST_CJEU_JUDG_AG_IT_TIZ
DOC_JUDG_CJ_2002_0431_20041012,ACT_EU_INST_CJEU_JUDG_AG_FR_LEGE
DOC_JUDG_CJ_2002_0433_20031016,ACT_EU_INST_CJEU_JUDG_AG_FR_LEGE
DOC_JUDG_CJ_2002_0434_20041214,ACT_EU_INST_CJEU_JUDG_AG_NL_GEE
DOC_JUDG_CJ_2002_0437_20050317,ACT_EU_INST_CJEU_JUDG_AG_ES_RUI_JAR_COL
DOC_JUDG_CJ_2002_0438_20050531,ACT_EU_INST_CJEU_JUDG_AG_FR_LEGE
DOC_JUDG_CJ_2002_0439_20040622,ACT_EU_INST_CJEU_JUDG_AG_UK_JAC
DOC_JUDG_CJ_2002_0441_20060427,ACT_EU_INST_CJEU_JUDG_AG_AT_STI_HAC
DOC_JUDG_CJ_2002_0442_20041005,ACT_EU_INST_CJEU_JUDG_AG_IT_TIZ
DOC_JUDG_CJ_2002_0443_20040715,ACT_EU_INST_CJEU_JUDG_AG_ES_RUI_JAR_COL
DOC_JUDG_CJ_2002_0444_20041109,ACT_EU_INST_CJEU_JUDG_AG_AT_STI_HAC
DOC_JUDG_CJ_2002_0447_P_20041021,ACT_EU_INST_CJEU_JUDG_AG_FR_LEGE
DOC_JUDG_CJ_2002_0448_20050120,ACT_EU_INST_CJEU_JUDG_AG_IT_TIZ
DOC_JUDG_CJ_2002_0453_20050217,ACT_EU_INST_CJEU_JUDG_AG_AT_STI_HAC
DOC_JUDG_CJ_2002_0456_20040907,ACT_EU_INST_CJEU_JUDG_AG_NL_GEE
DOC_JUDG_CJ_2002_0457_20041111,ACT_EU_INST_CJEU_JUDG_AG_DE_KOK
DOC_JUDG_CJ_2002_0459_20040715,ACT_EU_INST_CJEU_JUDG_AG_ES_RUI_JAR_COL
DOC_JUDG_CJ_2002_0460_20041209,ACT_EU_INST_CJEU_JUDG_AG_FR_LEGE
DOC_JUDG_CJ_2002_0463_20040715,ACT_EU_INST_CJEU_JUDG_AG_NL_GEE
DOC_JUDG_CJ_2002_0464_20050915,ACT_EU_INST_CJEU_JUDG_AG_UK_JAC
DOC_JUDG_CJ_2002_0465_20051025,ACT_EU_INST_CJEU_JUDG_AG_ES_RUI_JAR_COL
DOC_JUDG_CJ_2002_0467_20041111,ACT_EU_INST_CJEU_JUDG_AG_FR_LEGE
DOC_JUDG_CJ_2002_0468_20050414,ACT_EU_INST_CJEU_JUDG_AG_FR_LEGE
DOC_JUDG_CJ_2002_0469_20040907,ACT_EU_INST_CJEU_JUDG_AG_PT_POI_PES_MAD
DOC_JUDG_CJ_2002_0472_20041019,ACT_EU_INST_CJEU_JUDG_AG_FR_LEGE
DOC_JUDG_CJ_2003_0001_20040907,ACT_EU_INST_CJEU_JUDG_AG_DE_KOK
DOC_JUDG_CJ_2003_0004_20060713,ACT_EU_INST_CJEU_JUDG_AG_NL_GEE
DOC_JUDG_CJ_2003_0005_20050707,ACT_EU_INST_CJEU_JUDG_AG_NL_GEE
DOC_JUDG_CJ_2003_0006_20050414,ACT_EU_INST_CJEU_JUDG_AG_ES_RUI_JAR_COL
DOC_JUDG_CJ_2003_0008_20041021,ACT_EU_INST_CJEU_JUDG_AG_PT_POI_PES_MAD
DOC_JUDG_CJ_2003_0012_P_20050215,ACT_EU_INST_CJEU_JUDG_AG_IT_TIZ
DOC_JUDG_CJ_2003_0013_P_20050215,ACT_EU_INST_CJEU_JUDG_AG_IT_TIZ
DOC_JUDG_CJ_2003_0015_20050127,ACT_EU_INST_CJEU_JUDG_AG_IT_TIZ
DOC_JUDG_CJ_2003_0016_20041130,ACT_EU_INST_CJEU_JUDG_AG_AT_STI_HAC
DOC_JUDG_CJ_2003_0017_20050607,ACT_EU_INST_CJEU_JUDG_AG_AT_STI_HAC
DOC_JUDG_CJ_2003_0019_20040914,ACT_EU_INST_CJEU_JUDG_AG_PT_POI_PES_MAD
DOC_JUDG_CJ_2003_0020_20050526,ACT_EU_INST_CJEU_JUDG_AG_FR_LEGE
DOC_JUDG_CJ_2003_0021_20050303,ACT_EU_INST_CJEU_JUDG_AG_FR_LEGE
DOC_JUDG_CJ_2003_0022_20050310,ACT_EU_INST_CJEU_JUDG_AG_ES_RUI_JAR_COL
DOC_JUDG_CJ_2003_0024_20041216,ACT_EU_INST_CJEU_JUDG_AG_NL_GEE
DOC_JUDG_CJ_2003_0025_20050421,ACT_EU_INST_CJEU_JUDG_AG_IT_TIZ
DOC_JUDG_CJ_2003_0026_20050111,ACT_EU_INST_CJEU_JUDG_AG_AT_STI_HAC
DOC_JUDG_CJ_2003_0027_20040708,ACT_EU_INST_CJEU_JUDG_AG_UK_JAC
DOC_JUDG_CJ_2003_0028_20040916,ACT_EU_INST_CJEU_JUDG_AG_NL_GEE
DOC_JUDG_CJ_2003_0029_20031016,ACT_EU_INST_CJEU_JUDG_AG_DE_ALB
DOC_JUDG_CJ_2003_0030_20031016,ACT_EU_INST_CJEU_JUDG_AG_DE_ALB
DOC_JUDG_CJ_2003_0031_20041019,ACT_EU_INST_CJEU_JUDG_AG_UK_JAC
DOC_JUDG_CJ_2003_0032_20050303,ACT_EU_INST_CJEU_JUDG_AG_UK_JAC
DOC_JUDG_CJ_2003_0033_20050310,ACT_EU_INST_CJEU_JUDG_AG_AT_STI_HAC
DOC_JUDG_CJ_2003_0036_20041209,ACT_EU_INST_CJEU_JUDG_AG_UK_JAC
DOC_JUDG_CJ_2003_0037_P_20050915,ACT_EU_INST_CJEU_JUDG_AG_FR_LEGE
DOC_JUDG_CJ_2003_0038_20050113,ACT_EU_INST_CJEU_JUDG_AG_PT_POI_PES_MAD
DOC_JUDG_CJ_2003_0039_P_20030724,ACT_EU_INST_CJEU_JUDG_AG_DE_ALB
DOC_JUDG_CJ_2003_0040_P_20050714,ACT_EU_INST_CJEU_JUDG_AG_FR_LEGE
DOC_JUDG_CJ_2003_0041_P_20050714,ACT_EU_INST_CJEU_JUDG_AG_FR_LEGE
DOC_JUDG_CJ_2003_0042_20041202,ACT_EU_INST_CJEU_JUDG_AG_AT_STI_HAC
DOC_JUDG_CJ_2003_0046_20051201,ACT_EU_INST_CJEU_JUDG_AG_AT_STI_HAC
DOC_JUDG_CJ_2003_0053_20050531,ACT_EU_INST_CJEU_JUDG_AG_UK_JAC
DOC_JUDG_CJ_2003_0055_20041014,ACT_EU_INST_CJEU_JUDG_AG_FR_LEGE
DOC_JUDG_CJ_2003_0060_20041012,ACT_EU_INST_CJEU_JUDG_AG_ES_RUI_JAR_COL
DOC_JUDG_CJ_2003_0061_20050412,ACT_EU_INST_CJEU_JUDG_AG_NL_GEE
DOC_JUDG_CJ_2003_0062_20041216,ACT_EU_INST_CJEU_JUDG_AG_AT_STI_HAC
DOC_JUDG_CJ_2003_0064_20040401,ACT_EU_INST_CJEU_JUDG_AG_AT_STI_HAC
DOC_JUDG_CJ_2003_0065_20040701,ACT_EU_INST_CJEU_JUDG_AG_AT_STI_HAC
DOC_JUDG_CJ_2003_0066_20031127,ACT_EU_INST_CJEU_JUDG_AG_IT_TIZ
DOC_JUDG_CJ_2003_0068_20040527,ACT_EU_INST_CJEU_JUDG_AG_ES_RUI_JAR_COL
DOC_JUDG_CJ_2003_0070_20040909,ACT_EU_INST_CJEU_JUDG_AG_NL_GEE
DOC_JUDG_CJ_2003_0072_20040909,ACT_EU_INST_CJEU_JUDG_AG_PT_POI_PES_MAD
DOC_JUDG_CJ_2003_0073_20041111,ACT_EU_INST_CJEU_JUDG_AG_PT_POI_PES_MAD
DOC_JUDG_CJ_2003_0074_20050120,ACT_EU_INST_CJEU_JUDG_AG_UK_JAC
DOC_JUDG_CJ_2003_0078_P_20051213,ACT_EU_INST_CJEU_JUDG_AG_UK_JAC
DOC_JUDG_CJ_2003_0079_20041209,ACT_EU_INST_CJEU_JUDG_AG_NL_GEE
DOC_JUDG_CJ_2003_0081_20040909,ACT_EU_INST_CJEU_JUDG_AG_PT_POI_PES_MAD
DOC_JUDG_CJ_2003_0082_20040713,ACT_EU_INST_CJEU_JUDG_AG_PT_POI_PES_MAD
DOC_JUDG_CJ_2003_0083_20050602,ACT_EU_INST_CJEU_JUDG_AG_ES_RUI_JAR_COL
DOC_JUDG_CJ_2003_0084_20050113,ACT_EU_INST_CJEU_JUDG_AG_DE_KOK
DOC_JUDG_CJ_2003_0086_20051215,ACT_EU_INST_CJEU_JUDG_AG_IT_TIZ
DOC_JUDG_CJ_2003_0087_20060330,ACT_EU_INST_CJEU_JUDG_AG_FR_LEGE
DOC_JUDG_CJ_2003_0088_20060906,ACT_EU_INST_CJEU_JUDG_AG_NL_GEE
DOC_JUDG_CJ_2003_0089_20031002,ACT_EU_INST_CJEU_JUDG_AG_ES_RUI_JAR_COL
DOC_JUDG_CJ_2003_0090_20051117,ACT_EU_INST_CJEU_JUDG_AG_FR_LEGE
DOC_JUDG_CJ_2003_0091_20050317,ACT_EU_INST_CJEU_JUDG_AG_IT_TIZ
DOC_JUDG_CJ_2003_0092_20050127,ACT_EU_INST_CJEU_JUDG_AG_IT_TIZ
DOC_JUDG_CJ_2003_0094_20060110,ACT_EU_INST_CJEU_JUDG_AG_DE_KOK
DOC_JUDG_CJ_2003_0096_20050310,ACT_EU_INST_CJEU_JUDG_AG_PT_POI_PES_MAD
DOC_JUDG_CJ_2003_0098_20060110,ACT_EU_INST_CJEU_JUDG_AG_IT_TIZ
DOC_JUDG_CJ_2003_0099_20040617,ACT_EU_INST_CJEU_JUDG_AG_IT_TIZ
DOC_JUDG_CJ_2003_0104_20050428,ACT_EU_INST_CJEU_JUDG_AG_ES_RUI_JAR_COL
DOC_JUDG_CJ_2003_0105_20050616,ACT_EU_INST_CJEU_JUDG_AG_DE_KOK
DOC_JUDG_CJ_2003_0106_P_20041012,ACT_EU_INST_CJEU_JUDG_AG_ES_RUI_JAR_COL
DOC_JUDG_CJ_2003_0107_P_20040923,ACT_EU_INST_CJEU_JUDG_AG_ES_RUI_JAR_COL
DOC_JUDG_CJ_2003_0109_20041125,ACT_EU_INST_CJEU_JUDG_AG_PT_POI_PES_MAD
DOC_JUDG_CJ_2003_0110_20050414,ACT_EU_INST_CJEU_JUDG_AG_ES_RUI_JAR_COL
DOC_JUDG_CJ_2003_0111_20051020,ACT_EU_INST_CJEU_JUDG_AG_FR_LEGE
DOC_JUDG_CJ_2003_0112_20050512,ACT_EU_INST_CJEU_JUDG_AG_IT_TIZ
DOC_JUDG_CJ_2003_0113_20040909,ACT_EU_INST_CJEU_JUDG_AG_UK_JAC
DOC_JUDG_CJ_2003_0117_20050113,ACT_EU_INST_CJEU_JUDG_AG_DE_KOK
DOC_JUDG_CJ_2003_0118_20040715,ACT_EU_INST_CJEU_JUDG_AG_IT_TIZ
DOC_JUDG_CJ_2003_0119_20040715,ACT_EU_INST_CJEU_JUDG_AG_IT_TIZ
DOC_JUDG_CJ_2003_0121_20050908,ACT_EU_INST_CJEU_JUDG_AG_AT_STI_HAC
DOC_JUDG_CJ_2003_0122_20031211,ACT_EU_INST_CJEU_JUDG_AG_NL_GEE
DOC_JUDG_CJ_2003_0123_P_20041209,ACT_EU_INST_CJEU_JUDG_AG_UK_JAC
DOC_JUDG_CJ_2003_0124_20041028,ACT_EU_INST_CJEU_JUDG_AG_PT_POI_PES_MAD
DOC_JUDG_CJ_2003_0125_20040909,ACT_EU_INST_CJEU_JUDG_AG_NL_GEE
DOC_JUDG_CJ_2003_0126_20041118,ACT_EU_INST_CJEU_JUDG_AG_NL_GEE
DOC_JUDG_CJ_2003_0127_20040708,ACT_EU_INST_CJEU_JUDG_AG_PT_POI_PES_MAD
DOC_JUDG_CJ_2003_0128_20050414,ACT_EU_INST_CJEU_JUDG_AG_AT_STI_HAC
DOC_JUDG_CJ_2003_0131_P_20060912,ACT_EU_INST_CJEU_JUDG_AG_UK_SHA
DOC_JUDG_CJ_2003_0132_20050526,ACT_EU_INST_CJEU_JUDG_AG_FR_LEGE
DOC_JUDG_CJ_2003_0134_20050217,ACT_EU_INST_CJEU_JUDG_AG_DE_KOK
DOC_JUDG_CJ_2003_0135_20050714,ACT_EU_INST_CJEU_JUDG_AG_DE_KOK
DOC_JUDG_CJ_2003_0136_20050602,ACT_EU_INST_CJEU_JUDG_AG_PT_POI_PES_MAD
DOC_JUDG_CJ_2003_0138_20051124,ACT_EU_INST_CJEU_JUDG_AG_DE_KOK
DOC_JUDG_CJ_2003_0139_20040715,ACT_EU_INST_CJEU_JUDG_AG_NL_GEE
DOC_JUDG_CJ_2003_0140_20050421,ACT_EU_INST_CJEU_JUDG_AG_ES_RUI_JAR_COL
DOC_JUDG_CJ_2003_0141_20040715,ACT_EU_INST_CJEU_JUDG_AG_NL_GEE
DOC_JUDG_CJ_2003_0143_20041014,ACT_EU_INST_CJEU_JUDG_AG_ES_RUI_JAR_COL
DOC_JUDG_CJ_2003_0145_20050412,ACT_EU_INST_CJEU_JUDG_AG_NL_GEE
DOC_JUDG_CJ_2003_0147_20050707,ACT_EU_INST_CJEU_JUDG_AG_UK_JAC
DOC_JUDG_CJ_2003_0148_20041028,ACT_EU_INST_CJEU_JUDG_AG_IT_TIZ
DOC_JUDG_CJ_2003_0149_20050721,ACT_EU_INST_CJEU_JUDG_AG_AT_STI_HAC
DOC_JUDG_CJ_2003_0150_P_20040923,ACT_EU_INST_CJEU_JUDG_AG_ES_RUI_JAR_COL
DOC_JUDG_CJ_2003_0152_20060221,ACT_EU_INST_CJEU_JUDG_AG_FR_LEGE
DOC_JUDG_CJ_2003_0153_20050707,ACT_EU_INST_CJEU_JUDG_AG_DE_KOK
DOC_JUDG_CJ_2003_0155_20040622,ACT_EU_INST_CJEU_JUDG_AG_ES_RUI_JAR_COL
DOC_JUDG_CJ_2003_0157_20050414,ACT_EU_INST_CJEU_JUDG_AG_AT_STI_HAC
DOC_JUDG_CJ_2003_0158_20051027,ACT_EU_INST_CJEU_JUDG_AG_AT_STI_HAC
DOC_JUDG_CJ_2003_0160_20050315,ACT_EU_INST_CJEU_JUDG_AG_PT_POI_PES_MAD
DOC_JUDG_CJ_2003_0163_20050414,ACT_EU_INST_CJEU_JUDG_AG_FR_LEGE
DOC_JUDG_CJ_2003_0165_20050630,ACT_EU_INST_CJEU_JUDG_AG_IT_TIZ
DOC_JUDG_CJ_2003_0166_20040708,ACT_EU_INST_CJEU_JUDG_AG_UK_JAC
DOC_JUDG_CJ_2003_0168_20040914,ACT_EU_INST_CJEU_JUDG_AG_AT_STI_HAC
DOC_JUDG_CJ_2003_0169_20040701,ACT_EU_INST_CJEU_JUDG_AG_FR_LEGE
DOC_JUDG_CJ_2003_0170_20050317,ACT_EU_INST_CJEU_JUDG_AG_PT_POI_PES_MAD
DOC_JUDG_CJ_2003_0171_20041111,ACT_EU_INST_CJEU_JUDG_AG_PT_POI_PES_MAD
DOC_JUDG_CJ_2003_0172_20050303,ACT_EU_INST_CJEU_JUDG_AG_IT_TIZ
DOC_JUDG_CJ_2003_0173_20060613,ACT_EU_INST_CJEU_JUDG_AG_FR_LEGE
DOC_JUDG_CJ_2003_0175_20051027,ACT_EU_INST_CJEU_JUDG_AG_UK_JAC
DOC_JUDG_CJ_2003_0176_20050913,ACT_EU_INST_CJEU_JUDG_AG_ES_RUI_JAR_COL
DOC_JUDG_CJ_2003_0177_20041209,ACT_EU_INST_CJEU_JUDG_AG_NL_GEE
DOC_JUDG_CJ_2003_0178_20060110,ACT_EU_INST_CJEU_JUDG_AG_DE_KOK
DOC_JUDG_CJ_2003_0181_P_20050113,ACT_EU_INST_CJEU_JUDG_AG_PT_POI_PES_MAD
DOC_JUDG_CJ_2003_0182_20060622,ACT_EU_INST_CJEU_JUDG_AG_FR_LEGE
DOC_JUDG_CJ_2003_0183_20060112,ACT_EU_INST_CJEU_JUDG_AG_IT_TIZ
DOC_JUDG_CJ_2003_0188_20050127,ACT_EU_INST_CJEU_JUDG_AG_IT_TIZ
DOC_JUDG_CJ_2003_0189_20041007,ACT_EU_INST_CJEU_JUDG_AG_DE_KOK
DOC_JUDG_CJ_2003_0191_20050908,ACT_EU_INST_CJEU_JUDG_AG_FR_LEGE
DOC_JUDG_CJ_2003_0193_20041014,ACT_EU_INST_CJEU_JUDG_AG_PT_POI_PES_MAD
DOC_JUDG_CJ_2003_0195_20050303,ACT_EU_INST_CJEU_JUDG_AG_DE_KOK
DOC_JUDG_CJ_2003_0197_20060511,ACT_EU_INST_CJEU_JUDG_AG_UK_JAC
DOC_JUDG_CJ_2003_0198_P_20050712,ACT_EU_INST_CJEU_JUDG_AG_UK_JAC
DOC_JUDG_CJ_2003_0199_20050915,ACT_EU_INST_CJEU_JUDG_AG_IT_TIZ
DOC_JUDG_CJ_2003_0201_20040330,ACT_EU_INST_CJEU_JUDG_AG_AT_STI_HAC
DOC_JUDG_CJ_2003_0203_20050201,ACT_EU_INST_CJEU_JUDG_AG_UK_JAC
DOC_JUDG_CJ_2003_0204_20051006,ACT_EU_INST_CJEU_JUDG_AG_PT_POI_PES_MAD
DOC_JUDG_CJ_2003_0205_P_20060711,ACT_EU_INST_CJEU_JUDG_AG_PT_POI_PES_MAD
DOC_JUDG_CJ_2003_0207_20050421,ACT_EU_INST_CJEU_JUDG_AG_ES_RUI_JAR_COL
DOC_JUDG_CJ_2003_0208_P_20050707,ACT_EU_INST_CJEU_JUDG_AG_UK_JAC
DOC_JUDG_CJ_2003_0209_20050315,ACT_EU_INST_CJEU_JUDG_AG_NL_GEE
DOC_JUDG_CJ_2003_0210_20041214,ACT_EU_INST_CJEU_JUDG_AG_NL_GEE
DOC_JUDG_CJ_2003_0211_20050609,ACT_EU_INST_CJEU_JUDG_AG_NL_GEE
DOC_JUDG_CJ_2003_0212_20050526,ACT_EU_INST_CJEU_JUDG_AG_NL_GEE
DOC_JUDG_CJ_2003_0213_20040715,ACT_EU_INST_CJEU_JUDG_AG_ES_RUI_JAR_COL
DOC_JUDG_CJ_2003_0214_20040708,ACT_EU_INST_CJEU_JUDG_AG_PT_POI_PES_MAD
DOC_JUDG_CJ_2003_0215_20050217,ACT_EU_INST_CJEU_JUDG_AG_FR_LEGE
DOC_JUDG_CJ_2003_0219_20041209,ACT_EU_INST_CJEU_JUDG_AG_DE_KOK
DOC_JUDG_CJ_2003_0220_20051208,ACT_EU_INST_CJEU_JUDG_AG_AT_STI_HAC
DOC_JUDG_CJ_2003_0221_20050922,ACT_EU_INST_CJEU_JUDG_AG_NL_GEE
DOC_JUDG_CJ_2003_0223_20060221,ACT_EU_INST_CJEU_JUDG_AG_PT_POI_PES_MAD
DOC_JUDG_CJ_2003_0226_P_20041202,ACT_EU_INST_CJEU_JUDG_AG_IT_TIZ
DOC_JUDG_CJ_2003_0227_20050707,ACT_EU_INST_CJEU_JUDG_AG_UK_JAC
DOC_JUDG_CJ_2003_0228_20050317,ACT_EU_INST_CJEU_JUDG_AG_IT_TIZ
DOC_JUDG_CJ_2003_0230_20060110,ACT_EU_INST_CJEU_JUDG_AG_ES_RUI_JAR_COL
DOC_JUDG_CJ_2003_0231_20050721,ACT_EU_INST_CJEU_JUDG_AG_AT_STI_HAC
DOC_JUDG_CJ_2003_0232_20060223,ACT_EU_INST_CJEU_JUDG_AG_UK_JAC
DOC_JUDG_CJ_2003_0234_20051027,ACT_EU_INST_CJEU_JUDG_AG_AT_STI_HAC
DOC_JUDG_CJ_2003_0235_20050310,ACT_EU_INST_CJEU_JUDG_AG_DE_KOK
DOC_JUDG_CJ_2003_0239_20041007,ACT_EU_INST_CJEU_JUDG_AG_ES_RUI_JAR_COL
DOC_JUDG_CJ_2003_0240_P_20060119,ACT_EU_INST_CJEU_JUDG_AG_DE_KOK
DOC_JUDG_CJ_2003_0242_20040715,ACT_EU_INST_CJEU_JUDG_AG_DE_KOK
DOC_JUDG_CJ_2003_0243_20051006,ACT_EU_INST_CJEU_JUDG_AG_PT_POI_PES_MAD
DOC_JUDG_CJ_2003_0244_20050524,ACT_EU_INST_CJEU_JUDG_AG_NL_GEE
DOC_JUDG_CJ_2003_0245_20050120,ACT_EU_INST_CJEU_JUDG_AG_IT_TIZ
DOC_JUDG_CJ_2003_0251_20050929,ACT_EU_INST_CJEU_JUDG_AG_AT_STI_HAC
DOC_JUDG_CJ_2003_0253_20060223,ACT_EU_INST_CJEU_JUDG_AG_FR_LEGE
DOC_JUDG_CJ_2003_0254_P_20050113,ACT_EU_INST_CJEU_JUDG_AG_IT_TIZ
DOC_JUDG_CJ_2003_0255_20040617,ACT_EU_INST_CJEU_JUDG_AG_UK_JAC
DOC_JUDG_CJ_2003_0259_20050714,ACT_EU_INST_CJEU_JUDG_AG_AT_STI_HAC
DOC_JUDG_CJ_2003_0263_20041012,ACT_EU_INST_CJEU_JUDG_AG_NL_GEE
DOC_JUDG_CJ_2003_0264_20051020,ACT_EU_INST_CJEU_JUDG_AG_PT_POI_PES_MAD
DOC_JUDG_CJ_2003_0265_20050412,ACT_EU_INST_CJEU_JUDG_AG_AT_STI_HAC
DOC_JUDG_CJ_2003_0266_20050602,ACT_EU_INST_CJEU_JUDG_AG_FR_LEGE
DOC_JUDG_CJ_2003_0267_20050421,ACT_EU_INST_CJEU_JUDG_AG_UK_JAC
DOC_JUDG_CJ_2003_0269_20040909,ACT_EU_INST_CJEU_JUDG_AG_NL_GEE
DOC_JUDG_CJ_2003_0270_20050609,ACT_EU_INST_CJEU_JUDG_AG_AT_STI_HAC
DOC_JUDG_CJ_2003_0272_20041215,ACT_EU_INST_CJEU_JUDG_AG_IT_TIZ
DOC_JUDG_CJ_2003_0275_20041014,ACT_EU_INST_CJEU_JUDG_AG_AT_STI_HAC
DOC_JUDG_CJ_2003_0276_P_20051006,ACT_EU_INST_CJEU_JUDG_AG_UK_JAC
DOC_JUDG_CJ_2003_0277_20040713,ACT_EU_INST_CJEU_JUDG_AG_PT_POI_PES_MAD
DOC_JUDG_CJ_2003_0278_20050512,ACT_EU_INST_CJEU_JUDG_AG_AT_STI_HAC
DOC_JUDG_CJ_2003_0279_20050224,ACT_EU_INST_CJEU_JUDG_AG_FR_LEGE
DOC_JUDG_CJ_2003_0279_OP_20060126,ACT_EU_INST_CJEU_JUDG_AG_FR_LEGE
DOC_JUDG_CJ_2003_0281_20050915,ACT_EU_INST_CJEU_JUDG_AG_UK_JAC
DOC_JUDG_CJ_2003_0283_20050526,ACT_EU_INST_CJEU_JUDG_AG_DE_KOK
DOC_JUDG_CJ_2003_0284_20041118,ACT_EU_INST_CJEU_JUDG_AG_ES_RUI_JAR_COL
DOC_JUDG_CJ_2003_0285_20050317,ACT_EU_INST_CJEU_JUDG_AG_IT_TIZ
DOC_JUDG_CJ_2003_0286_20060221,ACT_EU_INST_CJEU_JUDG_AG_DE_KOK
DOC_JUDG_CJ_2003_0287_20050512,ACT_EU_INST_CJEU_JUDG_AG_FR_LEGE
DOC_JUDG_CJ_2003_0290_20060504,ACT_EU_INST_CJEU_JUDG_AG_FR_LEGE
DOC_JUDG_CJ_2003_0291_20051006,ACT_EU_INST_CJEU_JUDG_AG_FR_LEGE
DOC_JUDG_CJ_2003_0292_20040708,ACT_EU_INST_CJEU_JUDG_AG_PT_POI_PES_MAD
DOC_JUDG_CJ_2003_0293_20041216,ACT_EU_INST_CJEU_JUDG_AG_IT_TIZ
DOC_JUDG_CJ_2003_0295_P_20050630,ACT_EU_INST_CJEU_JUDG_AG_ES_RUI_JAR_COL
DOC_JUDG_CJ_2003_0296_20050120,ACT_EU_INST_CJEU_JUDG_AG_IT_TIZ
DOC_JUDG_CJ_2003_0300_20050120,ACT_EU_INST_CJEU_JUDG_AG_ES_RUI_JAR_COL
DOC_JUDG_CJ_2003_0301_20051201,ACT_EU_INST_CJEU_JUDG_AG_UK_JAC
DOC_JUDG_CJ_2003_0302_20040610,ACT_EU_INST_CJEU_JUDG_AG_FR_LEGE
DOC_JUDG_CJ_2003_0305_20060209,ACT_EU_INST_CJEU_JUDG_AG_DE_KOK
DOC_JUDG_CJ_2003_0306_20050120,ACT_EU_INST_CJEU_JUDG_AG_DE_KOK
DOC_JUDG_CJ_2003_0307_20051110,ACT_EU_INST_CJEU_JUDG_AG_DE_KOK
DOC_JUDG_CJ_2003_0310_20040219,ACT_EU_INST_CJEU_JUDG_AG_UK_JAC
DOC_JUDG_CJ_2003_0311_20040701,ACT_EU_INST_CJEU_JUDG_AG_UK_JAC
DOC_JUDG_CJ_2003_0312_20040219,ACT_EU_INST_CJEU_JUDG_AG_UK_JAC
DOC_JUDG_CJ_2003_0313_20041216,ACT_EU_INST_CJEU_JUDG_AG_AT_STI_HAC
DOC_JUDG_CJ_2003_0314_20040309,ACT_EU_INST_CJEU_JUDG_AG_IT_TIZ
DOC_JUDG_CJ_2003_0315_20050512,ACT_EU_INST_CJEU_JUDG_AG_PT_POI_PES_MAD
DOC_JUDG_CJ_2003_0319_20040930,ACT_EU_INST_CJEU_JUDG_AG_PT_POI_PES_MAD
DOC_JUDG_CJ_2003_0320_20051115,ACT_EU_INST_CJEU_JUDG_AG_NL_GEE
DOC_JUDG_CJ_2003_0321_20070125,ACT_EU_INST_CJEU_JUDG_AG_FR_LEGE
DOC_JUDG_CJ_2003_0323_20060309,ACT_EU_INST_CJEU_JUDG_AG_IT_TIZ
DOC_JUDG_CJ_2003_0327_20051020,ACT_EU_INST_CJEU_JUDG_AG_ES_RUI_JAR_COL
DOC_JUDG_CJ_2003_0329_20051027,ACT_EU_INST_CJEU_JUDG_AG_UK_JAC
DOC_JUDG_CJ_2003_0330_20060119,ACT_EU_INST_CJEU_JUDG_AG_FR_LEGE
DOC_JUDG_CJ_2003_0331_20040701,ACT_EU_INST_CJEU_JUDG_AG_PT_POI_PES_MAD
DOC_JUDG_CJ_2003_0332_20050526,ACT_EU_INST_CJEU_JUDG_AG_AT_STI_HAC
DOC_JUDG_CJ_2003_0333_20040610,ACT_EU_INST_CJEU_JUDG_AG_NL_GEE
DOC_JUDG_CJ_2003_0334_20051020,ACT_EU_INST_CJEU_JUDG_AG_NL_GEE
DOC_JUDG_CJ_2003_0335_20050414,ACT_EU_INST_CJEU_JUDG_AG_NL_GEE
DOC_JUDG_CJ_2003_0336_20050310,ACT_EU_INST_CJEU_JUDG_AG_AT_STI_HAC
DOC_JUDG_CJ_2003_0339_20041014,ACT_EU_INST_CJEU_JUDG_AG_FR_LEGE
DOC_JUDG_CJ_2003_0341_20041007,ACT_EU_INST_CJEU_JUDG_AG_DE_KOK
DOC_JUDG_CJ_2003_0342_20050310,ACT_EU_INST_CJEU_JUDG_AG_UK_JAC
DOC_JUDG_CJ_2003_0344_20051215,ACT_EU_INST_CJEU_JUDG_AG_ES_RUI_JAR_COL
DOC_JUDG_CJ_2003_0346_20060223,ACT_EU_INST_CJEU_JUDG_AG_ES_RUI_JAR_COL
DOC_JUDG_CJ_2003_0347_20050512,ACT_EU_INST_CJEU_JUDG_AG_UK_JAC
DOC_JUDG_CJ_2003_0349_20050721,ACT_EU_INST_CJEU_JUDG_AG_IT_TIZ
DOC_JUDG_CJ_2003_0350_20051025,ACT_EU_INST_CJEU_JUDG_AG_FR_LEGE
DOC_JUDG_CJ_2003_0353_20050707,ACT_EU_INST_CJEU_JUDG_AG_DE_KOK
DOC_JUDG_CJ_2003_0354_20060112,ACT_EU_INST_CJEU_JUDG_AG_PT_POI_PES_MAD
DOC_JUDG_CJ_2003_0356_20050113,ACT_EU_INST_CJEU_JUDG_AG_ES_RUI_JAR_COL
DOC_JUDG_CJ_2003_0357_20041028,ACT_EU_INST_CJEU_JUDG_AG_IT_TIZ
DOC_JUDG_CJ_2003_0358_20041216,ACT_EU_INST_CJEU_JUDG_AG_IT_TIZ
DOC_JUDG_CJ_2003_0359_20040930,ACT_EU_INST_CJEU_JUDG_AG_ES_RUI_JAR_COL
DOC_JUDG_CJ_2003_0360_20041028,ACT_EU_INST_CJEU_JUDG_AG_IT_TIZ
DOC_JUDG_CJ_2003_0364_20050707,ACT_EU_INST_CJEU_JUDG_AG_IT_TIZ
DOC_JUDG_CJ_2003_0370_20050721,ACT_EU_INST_CJEU_JUDG_AG_ES_RUI_JAR_COL
DOC_JUDG_CJ_2003_0371_20060309,ACT_EU_INST_CJEU_JUDG_AG_UK_JAC
DOC_JUDG_CJ_2003_0372_20050915,ACT_EU_INST_CJEU_JUDG_AG_FR_LEGE
DOC_JUDG_CJ_2003_0373_20050707,ACT_EU_INST_CJEU_JUDG_AG_ES_RUI_JAR_COL
DOC_JUDG_CJ_2003_0374_20050707,ACT_EU_INST_CJEU_JUDG_AG_NL_GEE
DOC_JUDG_CJ_2003_0375_20040401,ACT_EU_INST_CJEU_JUDG_AG_DE_KOK
DOC_JUDG_CJ_2003_0376_20050705,ACT_EU_INST_CJEU_JUDG_AG_ES_RUI_JAR_COL
DOC_JUDG_CJ_2003_0377_20061005,ACT_EU_INST_CJEU_JUDG_AG_AT_STI_HAC
DOC_JUDG_CJ_2003_0378_20061005,ACT_EU_INST_CJEU_JUDG_AG_AT_STI_HAC
DOC_JUDG_CJ_2003_0380_20061212,ACT_EU_INST_CJEU_JUDG_AG_FR_LEGE
DOC_JUDG_CJ_2003_0383_20050707,ACT_EU_INST_CJEU_JUDG_AG_ES_RUI_JAR_COL
DOC_JUDG_CJ_2003_0385_20050414,ACT_EU_INST_CJEU_JUDG_AG_AT_STI_HAC
DOC_JUDG_CJ_2003_0386_20050714,ACT_EU_INST_CJEU_JUDG_AG_FR_LEGE
DOC_JUDG_CJ_2003_0387_20051027,ACT_EU_INST_CJEU_JUDG_AG_PT_POI_PES_MAD
DOC_JUDG_CJ_2003_0389_20040708,ACT_EU_INST_CJEU_JUDG_AG_ES_RUI_JAR_COL
DOC_JUDG_CJ_2003_0397_P_20060518,ACT_EU_INST_CJEU_JUDG_AG_IT_TIZ
DOC_JUDG_CJ_2003_0398_20041202,ACT_EU_INST_CJEU_JUDG_AG_DE_KOK
DOC_JUDG_CJ_2003_0399_20060622,ACT_EU_INST_CJEU_JUDG_AG_FR_LEGE
DOC_JUDG_CJ_2003_0400_20040708,ACT_EU_INST_CJEU_JUDG_AG_AT_STI_HAC
DOC_JUDG_CJ_2003_0402_20060110,ACT_EU_INST_CJEU_JUDG_AG_NL_GEE
DOC_JUDG_CJ_2003_0403_20050712,ACT_EU_INST_CJEU_JUDG_AG_NL_GEE
DOC_JUDG_CJ_2003_0404_20040916,ACT_EU_INST_CJEU_JUDG_AG_UK_JAC
DOC_JUDG_CJ_2003_0405_20051018,ACT_EU_INST_CJEU_JUDG_AG_UK_JAC
DOC_JUDG_CJ_2003_0406_20041026,ACT_EU_INST_CJEU_JUDG_AG_IT_TIZ
DOC_JUDG_CJ_2003_0407_20040715,ACT_EU_INST_CJEU_JUDG_AG_DE_KOK
DOC_JUDG_CJ_2003_0408_20060323,ACT_EU_INST_CJEU_JUDG_AG_ES_RUI_JAR_COL
DOC_JUDG_CJ_2003_0409_20050526,ACT_EU_INST_CJEU_JUDG_AG_FR_LEGE
DOC_JUDG_CJ_2003_0410_20050428,ACT_EU_INST_CJEU_JUDG_AG_ES_RUI_JAR_COL
DOC_JUDG_CJ_2003_0411_20051213,ACT_EU_INST_CJEU_JUDG_AG_IT_TIZ
DOC_JUDG_CJ_2003_0412_20050120,ACT_EU_INST_CJEU_JUDG_AG_ES_RUI_JAR_COL
DOC_JUDG_CJ_2003_0414_20050303,ACT_EU_INST_CJEU_JUDG_AG_NL_GEE
DOC_JUDG_CJ_2003_0415_20050512,ACT_EU_INST_CJEU_JUDG_AG_NL_GEE
DOC_JUDG_CJ_2003_0416_20050127,ACT_EU_INST_CJEU_JUDG_AG_DE_KOK
DOC_JUDG_CJ_2003_0417_20040930,ACT_EU_INST_CJEU_JUDG_AG_IT_TIZ
DOC_JUDG_CJ_2003_0419_20040715,ACT_EU_INST_CJEU_JUDG_AG_AT_STI_HAC
DOC_JUDG_CJ_2003_0420_20040715,ACT_EU_INST_CJEU_JUDG_AG_AT_STI_HAC
DOC_JUDG_CJ_2003_0421_20041028,ACT_EU_INST_CJEU_JUDG_AG_DE_KOK
DOC_JUDG_CJ_2003_0422_20041118,ACT_EU_INST_CJEU_JUDG_AG_FR_LEGE
DOC_JUDG_CJ_2003_0423_20040916,ACT_EU_INST_CJEU_JUDG_AG_PT_POI_PES_MAD
DOC_JUDG_CJ_2003_0432_20051110,ACT_EU_INST_CJEU_JUDG_AG_NL_GEE
DOC_JUDG_CJ_2003_0433_20050714,ACT_EU_INST_CJEU_JUDG_AG_IT_TIZ
DOC_JUDG_CJ_2003_0434_20050714,ACT_EU_INST_CJEU_JUDG_AG_UK_JAC
DOC_JUDG_CJ_2003_0435_20050714,ACT_EU_INST_CJEU_JUDG_AG_PT_POI_PES_MAD
DOC_JUDG_CJ_2003_0436_20060502,ACT_EU_INST_CJEU_JUDG_AG_AT_STI_HAC
DOC_JUDG_CJ_2003_0437_20051027,ACT_EU_INST_CJEU_JUDG_AG_IT_TIZ
DOC_JUDG_CJ_2003_0441_20050414,ACT_EU_INST_CJEU_JUDG_AG_DE_KOK
DOC_JUDG_CJ_2003_0442_P_20060601,ACT_EU_INST_CJEU_JUDG_AG_IT_TIZ
DOC_JUDG_CJ_2003_0443_20051108,ACT_EU_INST_CJEU_JUDG_AG_AT_STI_HAC
DOC_JUDG_CJ_2003_0444_20050512,ACT_EU_INST_CJEU_JUDG_AG_FR_LEGE
DOC_JUDG_CJ_2003_0445_20041021,ACT_EU_INST_CJEU_JUDG_AG_ES_RUI_JAR_COL
DOC_JUDG_CJ_2003_0446_20051213,ACT_EU_INST_CJEU_JUDG_AG_PT_POI_PES_MAD
DOC_JUDG_CJ_2003_0447_20041125,ACT_EU_INST_CJEU_JUDG_AG_AT_STI_HAC
DOC_JUDG_CJ_2003_0448_20040701,ACT_EU_INST_CJEU_JUDG_AG_UK_JAC
DOC_JUDG_CJ_2003_0449_20050310,ACT_EU_INST_CJEU_JUDG_AG_NL_GEE
DOC_JUDG_CJ_2003_0450_20040909,ACT_EU_INST_CJEU_JUDG_AG_UK_JAC
DOC_JUDG_CJ_2003_0451_20060330,ACT_EU_INST_CJEU_JUDG_AG_ES_RUI_JAR_COL
DOC_JUDG_CJ_2003_0452_20050512,ACT_EU_INST_CJEU_JUDG_AG_PT_POI_PES_MAD
DOC_JUDG_CJ_2003_0453_20051206,ACT_EU_INST_CJEU_JUDG_AG_IT_TIZ
DOC_JUDG_CJ_2003_0454_20040909,ACT_EU_INST_CJEU_JUDG_AG_UK_JAC
DOC_JUDG_CJ_2003_0456_20050616,ACT_EU_INST_CJEU_JUDG_AG_ES_RUI_JAR_COL
DOC_JUDG_CJ_2003_0458_20051013,ACT_EU_INST_CJEU_JUDG_AG_DE_KOK
DOC_JUDG_CJ_2003_0459_20060530,ACT_EU_INST_CJEU_JUDG_AG_PT_POI_PES_MAD
DOC_JUDG_CJ_2003_0460_20041028,ACT_EU_INST_CJEU_JUDG_AG_PT_POI_PES_MAD
DOC_JUDG_CJ_2003_0461_20051206,ACT_EU_INST_CJEU_JUDG_AG_ES_RUI_JAR_COL
DOC_JUDG_CJ_2003_0462_20050616,ACT_EU_INST_CJEU_JUDG_AG_FR_LEGE
DOC_JUDG_CJ_2003_0465_20050526,ACT_EU_INST_CJEU_JUDG_AG_UK_JAC
DOC_JUDG_CJ_2003_0466_20070628,ACT_EU_INST_CJEU_JUDG_AG_SI_TRS
DOC_JUDG_CJ_2003_0467_20050317,ACT_EU_INST_CJEU_JUDG_AG_DE_KOK
DOC_JUDG_CJ_2003_0468_20051020,ACT_EU_INST_CJEU_JUDG_AG_PT_POI_PES_MAD
DOC_JUDG_CJ_2003_0469_20050310,ACT_EU_INST_CJEU_JUDG_AG_IT_TIZ
DOC_JUDG_CJ_2003_0470_20070417,ACT_EU_INST_CJEU_JUDG_AG_DE_KOK
DOC_JUDG_CJ_2003_0472_20050303,ACT_EU_INST_CJEU_JUDG_AG_PT_POI_PES_MAD
DOC_JUDG_CJ_2003_0475_20061003,ACT_EU_INST_CJEU_JUDG_AG_UK_JAC
DOC_JUDG_CJ_2003_0477_20041021,ACT_EU_INST_CJEU_JUDG_AG_FR_LEGE
DOC_JUDG_CJ_2003_0478_20050526,ACT_EU_INST_CJEU_JUDG_AG_PT_POI_PES_MAD
DOC_JUDG_CJ_2003_0481_20040930,ACT_EU_INST_CJEU_JUDG_AG_NL_GEE
DOC_JUDG_CJ_2003_0482_20041118,ACT_EU_INST_CJEU_JUDG_AG_NL_GEE
DOC_JUDG_CJ_2003_0483_20041007,ACT_EU_INST_CJEU_JUDG_AG_NL_GEE
DOC_JUDG_CJ_2003_0485_20061214,ACT_EU_INST_CJEU_JUDG_AG_UK_SHA
DOC_JUDG_CJ_2003_0491_20050310,ACT_EU_INST_CJEU_JUDG_AG_ES_RUI_JAR_COL
DOC_JUDG_CJ_2003_0494_20060112,ACT_EU_INST_CJEU_JUDG_AG_PT_POI_PES_MAD
DOC_JUDG_CJ_2003_0495_20050915,ACT_EU_INST_CJEU_JUDG_AG_AT_STI_HAC
DOC_JUDG_CJ_2003_0496_20040930,ACT_EU_INST_CJEU_JUDG_AG_UK_JAC
DOC_JUDG_CJ_2003_0497_20041028,ACT_EU_INST_CJEU_JUDG_AG_ES_RUI_JAR_COL
DOC_JUDG_CJ_2003_0498_20050526,ACT_EU_INST_CJEU_JUDG_AG_ES_RUI_JAR_COL
DOC_JUDG_CJ_2003_0499_P_20050303,ACT_EU_INST_CJEU_JUDG_AG_NL_GEE
DOC_JUDG_CJ_2003_0500_20050908,ACT_EU_INST_CJEU_JUDG_AG_UK_JAC
DOC_JUDG_CJ_2003_0502_20051006,ACT_EU_INST_CJEU_JUDG_AG_NL_GEE
DOC_JUDG_CJ_2003_0503_20060131,ACT_EU_INST_CJEU_JUDG_AG_DE_KOK
DOC_JUDG_CJ_2003_0505_20041028,ACT_EU_INST_CJEU_JUDG_AG_PT_POI_PES_MAD
DOC_JUDG_CJ_2003_0506_20051124,ACT_EU_INST_CJEU_JUDG_AG_ES_RUI_JAR_COL
DOC_JUDG_CJ_2003_0507_20071113,ACT_EU_INST_CJEU_JUDG_AG_AT_STI_HAC
DOC_JUDG_CJ_2003_0508_20060504,ACT_EU_INST_CJEU_JUDG_AG_FR_LEGE
DOC_JUDG_CJ_2003_0511_20051020,ACT_EU_INST_CJEU_JUDG_AG_AT_STI_HAC
DOC_JUDG_CJ_2003_0512_20050908,ACT_EU_INST_CJEU_JUDG_AG_AT_STI_HAC
DOC_JUDG_CJ_2003_0513_20060223,ACT_EU_INST_CJEU_JUDG_AG_FR_LEGE
DOC_JUDG_CJ_2003_0514_20060126,ACT_EU_INST_CJEU_JUDG_AG_DE_KOK
DOC_JUDG_CJ_2003_0515_20050721,ACT_EU_INST_CJEU_JUDG_AG_ES_RUI_JAR_COL
DOC_JUDG_CJ_2003_0516_20041216,ACT_EU_INST_CJEU_JUDG_AG_AT_STI_HAC
DOC_JUDG_CJ_2003_0519_20050414,ACT_EU_INST_CJEU_JUDG_AG_IT_TIZ
DOC_JUDG_CJ_2003_0520_20041216,ACT_EU_INST_CJEU_JUDG_AG_IT_TIZ
DOC_JUDG_CJ_2003_0522_20051013,ACT_EU_INST_CJEU_JUDG_AG_NL_GEE
DOC_JUDG_CJ_2003_0523_20041209,ACT_EU_INST_CJEU_JUDG_AG_FR_LEGE
DOC_JUDG_CJ_2003_0524_20041005,ACT_EU_INST_CJEU_JUDG_AG_FR_LEGE
DOC_JUDG_CJ_2003_0525_20051027,ACT_EU_INST_CJEU_JUDG_AG_UK_JAC
DOC_JUDG_CJ_2003_0528_20041216,ACT_EU_INST_CJEU_JUDG_AG_PT_POI_PES_MAD
DOC_JUDG_CJ_2003_0531_20050310,ACT_EU_INST_CJEU_JUDG_AG_ES_RUI_JAR_COL
DOC_JUDG_CJ_2003_0532_20071218,ACT_EU_INST_CJEU_JUDG_AG_AT_STI_HAC
DOC_JUDG_CJ_2003_0533_20060126,ACT_EU_INST_CJEU_JUDG_AG_DE_KOK
DOC_JUDG_CJ_2003_0535_20060323,ACT_EU_INST_CJEU_JUDG_AG_FR_LEGE
DOC_JUDG_CJ_2003_0536_20050526,ACT_EU_INST_CJEU_JUDG_AG_AT_STI_HAC
DOC_JUDG_CJ_2003_0537_20050630,ACT_EU_INST_CJEU_JUDG_AG_NL_GEE
DOC_JUDG_CJ_2003_0539_20060713,ACT_EU_INST_CJEU_JUDG_AG_FR_LEGE
DOC_JUDG_CJ_2003_0540_20060627,ACT_EU_INST_CJEU_JUDG_AG_DE_KOK
DOC_JUDG_CJ_2003_0542_20050512,ACT_EU_INST_CJEU_JUDG_AG_FR_LEGE
DOC_JUDG_CJ_2003_0543_20050607,ACT_EU_INST_CJEU_JUDG_AG_NL_GEE
DOC_JUDG_CJ_2003_0544_20050908,ACT_EU_INST_CJEU_JUDG_AG_FR_LEGE
DOC_JUDG_CJ_2003_0546_20060223,ACT_EU_INST_CJEU_JUDG_AG_AT_STI_HAC
DOC_JUDG_CJ_2003_0547_P_20060119,ACT_EU_INST_CJEU_JUDG_AG_AT_STI_HAC
DOC_JUDG_CJ_2003_0550_20041007,ACT_EU_INST_CJEU_JUDG_AG_FR_LEGE
DOC_JUDG_CJ_2003_0551_P_20060406,ACT_EU_INST_CJEU_JUDG_AG_IT_TIZ
DOC_JUDG_CJ_2004_0001_20060117,ACT_EU_INST_CJEU_JUDG_AG_ES_RUI_JAR_COL
DOC_JUDG_CJ_2004_0003_20060316,ACT_EU_INST_CJEU_JUDG_AG_NL_GEE
DOC_JUDG_CJ_2004_0004_20041028,ACT_EU_INST_CJEU_JUDG_AG_UK_JAC
DOC_JUDG_CJ_2004_0005_20041028,ACT_EU_INST_CJEU_JUDG_AG_UK_JAC
DOC_JUDG_CJ_2004_0006_20051020,ACT_EU_INST_CJEU_JUDG_AG_DE_KOK
DOC_JUDG_CJ_2004_0009_20051006,ACT_EU_INST_CJEU_JUDG_AG_FR_LEGE
DOC_JUDG_CJ_2004_0014_20051201,ACT_EU_INST_CJEU_JUDG_AG_ES_RUI_JAR_COL
DOC_JUDG_CJ_2004_0015_20050602,ACT_EU_INST_CJEU_JUDG_AG_AT_STI_HAC
DOC_JUDG_CJ_2004_0016_20041028,ACT_EU_INST_CJEU_JUDG_AG_NL_GEE
DOC_JUDG_CJ_2004_0022_20050414,ACT_EU_INST_CJEU_JUDG_AG_AT_STI_HAC
DOC_JUDG_CJ_2004_0023_20060209,ACT_EU_INST_CJEU_JUDG_AG_FR_LEGE
DOC_JUDG_CJ_2004_0026_20051215,ACT_EU_INST_CJEU_JUDG_AG_UK_JAC
DOC_JUDG_CJ_2004_0027_20040713,ACT_EU_INST_CJEU_JUDG_AG_IT_TIZ
DOC_JUDG_CJ_2004_0028_20050630,ACT_EU_INST_CJEU_JUDG_AG_UK_JAC
DOC_JUDG_CJ_2004_0029_20051110,ACT_EU_INST_CJEU_JUDG_AG_NL_GEE
DOC_JUDG_CJ_2004_0030_20050721,ACT_EU_INST_CJEU_JUDG_AG_UK_JAC
DOC_JUDG_CJ_2004_0031_20050428,ACT_EU_INST_CJEU_JUDG_AG_IT_TIZ
DOC_JUDG_CJ_2004_0032_20050113,ACT_EU_INST_CJEU_JUDG_AG_ES_RUI_JAR_COL
DOC_JUDG_CJ_2004_0033_20051208,ACT_EU_INST_CJEU_JUDG_AG_UK_JAC
DOC_JUDG_CJ_2004_0034_20070215,ACT_EU_INST_CJEU_JUDG_AG_DE_KOK
DOC_JUDG_CJ_2004_0036_20060330,ACT_EU_INST_CJEU_JUDG_AG_FR_LEGE
DOC_JUDG_CJ_2004_0039_20050310,ACT_EU_INST_CJEU_JUDG_AG_UK_JAC
DOC_JUDG_CJ_2004_0040_20050908,ACT_EU_INST_CJEU_JUDG_AG_NL_GEE
DOC_JUDG_CJ_2004_0041_20051027,ACT_EU_INST_CJEU_JUDG_AG_DE_KOK
DOC_JUDG_CJ_2004_0042_20050512,ACT_EU_INST_CJEU_JUDG_AG_PT_POI_PES_MAD
DOC_JUDG_CJ_2004_0043_20050526,ACT_EU_INST_CJEU_JUDG_AG_FR_LEGE
DOC_JUDG_CJ_2004_0046_20060330,ACT_EU_INST_CJEU_JUDG_AG_DE_KOK
DOC_JUDG_CJ_2004_0048_20041202,ACT_EU_INST_CJEU_JUDG_AG_UK_JAC
DOC_JUDG_CJ_2004_0053_20060907,ACT_EU_INST_CJEU_JUDG_AG_PT_POI_PES_MAD
DOC_JUDG_CJ_2004_0056_20041209,ACT_EU_INST_CJEU_JUDG_AG_IT_TIZ
DOC_JUDG_CJ_2004_0058_20050915,ACT_EU_INST_CJEU_JUDG_AG_PT_POI_PES_MAD
DOC_JUDG_CJ_2004_0059_20050127,ACT_EU_INST_CJEU_JUDG_AG_IT_TIZ
DOC_JUDG_CJ_2004_0061_20050113,ACT_EU_INST_CJEU_JUDG_AG_UK_JAC
DOC_JUDG_CJ_2004_0063_20051215,ACT_EU_INST_CJEU_JUDG_AG_DE_KOK
DOC_JUDG_CJ_2004_0064_20070329,ACT_EU_INST_CJEU_JUDG_AG_DE_KOK
DOC_JUDG_CJ_2004_0065_20060309,ACT_EU_INST_CJEU_JUDG_AG_NL_GEE
DOC_JUDG_CJ_2004_0066_20051206,ACT_EU_INST_CJEU_JUDG_AG_DE_KOK
DOC_JUDG_CJ_2004_0068_20050602,ACT_EU_INST_CJEU_JUDG_AG_ES_RUI_JAR_COL
DOC_JUDG_CJ_2004_0071_20050721,ACT_EU_INST_CJEU_JUDG_AG_UK_JAC
DOC_JUDG_CJ_2004_0073_20051013,ACT_EU_INST_CJEU_JUDG_AG_NL_GEE
DOC_JUDG_CJ_2004_0074_P_20060713,ACT_EU_INST_CJEU_JUDG_AG_IT_TIZ
DOC_JUDG_CJ_2004_0077_20050526,ACT_EU_INST_CJEU_JUDG_AG_UK_JAC
DOC_JUDG_CJ_2004_0078_20041118,ACT_EU_INST_CJEU_JUDG_AG_DE_KOK
DOC_JUDG_CJ_2004_0079_20041118,ACT_EU_INST_CJEU_JUDG_AG_FR_LEGE
DOC_JUDG_CJ_2004_0084_20061005,ACT_EU_INST_CJEU_JUDG_AG_ES_RUI_JAR_COL
DOC_JUDG_CJ_2004_0085_20041118,ACT_EU_INST_CJEU_JUDG_AG_NL_GEE
DOC_JUDG_CJ_2004_0087_20041118,ACT_EU_INST_CJEU_JUDG_AG_NL_GEE
DOC_JUDG_CJ_2004_0088_20041209,ACT_EU_INST_CJEU_JUDG_AG_IT_TIZ
DOC_JUDG_CJ_2004_0089_20050602,ACT_EU_INST_CJEU_JUDG_AG_IT_TIZ
DOC_JUDG_CJ_2004_0090_20050303,ACT_EU_INST_CJEU_JUDG_AG_FR_LEGE
DOC_JUDG_CJ_2004_0091_20041118,ACT_EU_INST_CJEU_JUDG_AG_DE_KOK
DOC_JUDG_CJ_2004_0094_20061205,ACT_EU_INST_CJEU_JUDG_AG_PT_POI_PES_MAD
DOC_JUDG_CJ_2004_0095_P_20070315,ACT_EU_INST_CJEU_JUDG_AG_DE_KOK
DOC_JUDG_CJ_2004_0096_20060427,ACT_EU_INST_CJEU_JUDG_AG_UK_JAC
DOC_JUDG_CJ_2004_0097_20041202,ACT_EU_INST_CJEU_JUDG_AG_UK_JAC
DOC_JUDG_CJ_2004_0098_20060504,ACT_EU_INST_CJEU_JUDG_AG_ES_RUI_JAR_COL
DOC_JUDG_CJ_2004_0099_20050512,ACT_EU_INST_CJEU_JUDG_AG_PT_POI_PES_MAD
DOC_JUDG_CJ_2004_0101_20050120,ACT_EU_INST_CJEU_JUDG_AG_AT_STI_HAC
DOC_JUDG_CJ_2004_0104_20050616,ACT_EU_INST_CJEU_JUDG_AG_NL_GEE
DOC_JUDG_CJ_2004_0105_P_20060921,ACT_EU_INST_CJEU_JUDG_AG_DE_KOK
DOC_JUDG_CJ_2004_0107_20050714,ACT_EU_INST_CJEU_JUDG_AG_DE_KOK
DOC_JUDG_CJ_2004_0109_20050317,ACT_EU_INST_CJEU_JUDG_AG_NL_GEE
DOC_JUDG_CJ_2004_0113_P_20060921,ACT_EU_INST_CJEU_JUDG_AG_DE_KOK
DOC_JUDG_CJ_2004_0114_20050714,ACT_EU_INST_CJEU_JUDG_AG_FR_LEGE
DOC_JUDG_CJ_2004_0116_20041118,ACT_EU_INST_CJEU_JUDG_AG_NL_GEE
DOC_JUDG_CJ_2004_0119_20060718,ACT_EU_INST_CJEU_JUDG_AG_PT_POI_PES_MAD
DOC_JUDG_CJ_2004_0120_20051006,ACT_EU_INST_CJEU_JUDG_AG_UK_JAC
DOC_JUDG_CJ_2004_0122_20060223,ACT_EU_INST_CJEU_JUDG_AG_NL_GEE
DOC_JUDG_CJ_2004_0123_20060912,ACT_EU_INST_CJEU_JUDG_AG_PT_POI_PES_MAD
DOC_JUDG_CJ_2004_0125_20050127,ACT_EU_INST_CJEU_JUDG_AG_IT_TIZ
DOC_JUDG_CJ_2004_0126_20050113,ACT_EU_INST_CJEU_JUDG_AG_AT_STI_HAC
DOC_JUDG_CJ_2004_0127_20060209,ACT_EU_INST_CJEU_JUDG_AG_NL_GEE
DOC_JUDG_CJ_2004_0128_20050317,ACT_EU_INST_CJEU_JUDG_AG_PT_POI_PES_MAD
DOC_JUDG_CJ_2004_0129_20050908,ACT_EU_INST_CJEU_JUDG_AG_AT_STI_HAC
DOC_JUDG_CJ_2004_0130_20050721,ACT_EU_INST_CJEU_JUDG_AG_DE_KOK
DOC_JUDG_CJ_2004_0131_20060316,ACT_EU_INST_CJEU_JUDG_AG_AT_STI_HAC
DOC_JUDG_CJ_2004_0132_20060112,ACT_EU_INST_CJEU_JUDG_AG_UK_JAC
DOC_JUDG_CJ_2004_0134_20070419,ACT_EU_INST_CJEU_JUDG_AG_FR_BOT
DOC_JUDG_CJ_2004_0135_20050609,ACT_EU_INST_CJEU_JUDG_AG_NL_GEE
DOC_JUDG_CJ_2004_0136_20051124,ACT_EU_INST_CJEU_JUDG_AG_PT_POI_PES_MAD
DOC_JUDG_CJ_2004_0137_20060216,ACT_EU_INST_CJEU_JUDG_AG_IT_TIZ
DOC_JUDG_CJ_2004_0138_20050616,ACT_EU_INST_CJEU_JUDG_AG_PT_POI_PES_MAD
DOC_JUDG_CJ_2004_0139_20060112,ACT_EU_INST_CJEU_JUDG_AG_UK_JAC
DOC_JUDG_CJ_2004_0140_20050915,ACT_EU_INST_CJEU_JUDG_AG_ES_RUI_JAR_COL
DOC_JUDG_CJ_2004_0141_20050714,ACT_EU_INST_CJEU_JUDG_AG_NL_GEE
DOC_JUDG_CJ_2004_0142_20050714,ACT_EU_INST_CJEU_JUDG_AG_NL_GEE
DOC_JUDG_CJ_2004_0143_20041118,ACT_EU_INST_CJEU_JUDG_AG_DE_KOK
DOC_JUDG_CJ_2004_0144_20051122,ACT_EU_INST_CJEU_JUDG_AG_IT_TIZ
DOC_JUDG_CJ_2004_0145_20060912,ACT_EU_INST_CJEU_JUDG_AG_IT_TIZ
DOC_JUDG_CJ_2004_0146_20050414,ACT_EU_INST_CJEU_JUDG_AG_FR_LEGE
DOC_JUDG_CJ_2004_0147_20060110,ACT_EU_INST_CJEU_JUDG_AG_ES_RUI_JAR_COL
DOC_JUDG_CJ_2004_0148_20051215,ACT_EU_INST_CJEU_JUDG_AG_AT_STI_HAC
DOC_JUDG_CJ_2004_0150_20070130,ACT_EU_INST_CJEU_JUDG_AG_AT_STI_HAC
DOC_JUDG_CJ_2004_0151_20051215,ACT_EU_INST_CJEU_JUDG_AG_UK_JAC
DOC_JUDG_CJ_2004_0154_20050712,ACT_EU_INST_CJEU_JUDG_AG_NL_GEE
DOC_JUDG_CJ_2004_0156_20070607,ACT_EU_INST_CJEU_JUDG_AG_NL_GEE
DOC_JUDG_CJ_2004_0157_20050428,ACT_EU_INST_CJEU_JUDG_AG_PT_POI_PES_MAD
DOC_JUDG_CJ_2004_0158_20060914,ACT_EU_INST_CJEU_JUDG_AG_PT_POI_PES_MAD
DOC_JUDG_CJ_2004_0164_20041118,ACT_EU_INST_CJEU_JUDG_AG_NL_GEE
DOC_JUDG_CJ_2004_0166_20051027,ACT_EU_INST_CJEU_JUDG_AG_FR_LEGE
DOC_JUDG_CJ_2004_0167_P_20060921,ACT_EU_INST_CJEU_JUDG_AG_UK_JAC
DOC_JUDG_CJ_2004_0168_20060921,ACT_EU_INST_CJEU_JUDG_AG_FR_LEGE
DOC_JUDG_CJ_2004_0169_20060504,ACT_EU_INST_CJEU_JUDG_AG_DE_KOK
DOC_JUDG_CJ_2004_0170_20070605,ACT_EU_INST_CJEU_JUDG_AG_IT_TIZ
DOC_JUDG_CJ_2004_0171_20050414,ACT_EU_INST_CJEU_JUDG_AG_PT_POI_PES_MAD
DOC_JUDG_CJ_2004_0172_20041215,ACT_EU_INST_CJEU_JUDG_AG_ES_RUI_JAR_COL
DOC_JUDG_CJ_2004_0173_P_20060112,ACT_EU_INST_CJEU_JUDG_AG_ES_RUI_JAR_COL
DOC_JUDG_CJ_2004_0174_20050602,ACT_EU_INST_CJEU_JUDG_AG_DE_KOK
DOC_JUDG_CJ_2004_0177_20060314,ACT_EU_INST_CJEU_JUDG_AG_NL_GEE
DOC_JUDG_CJ_2004_0180_20060907,ACT_EU_INST_CJEU_JUDG_AG_PT_POI_PES_MAD
DOC_JUDG_CJ_2004_0181_20060914,ACT_EU_INST_CJEU_JUDG_AG_AT_STI_HAC
DOC_JUDG_CJ_2004_0184_20060330,ACT_EU_INST_CJEU_JUDG_AG_AT_STI_HAC
DOC_JUDG_CJ_2004_0185_20060216,ACT_EU_INST_CJEU_JUDG_AG_IT_TIZ
DOC_JUDG_CJ_2004_0186_20050421,ACT_EU_INST_CJEU_JUDG_AG_DE_KOK
DOC_JUDG_CJ_2004_0187_20051027,ACT_EU_INST_CJEU_JUDG_AG_ES_RUI_JAR_COL
DOC_JUDG_CJ_2004_0191_20050616,ACT_EU_INST_CJEU_JUDG_AG_DE_KOK
DOC_JUDG_CJ_2004_0192_20050714,ACT_EU_INST_CJEU_JUDG_AG_IT_TIZ
DOC_JUDG_CJ_2004_0193_20060907,ACT_EU_INST_CJEU_JUDG_AG_AT_STI_HAC
DOC_JUDG_CJ_2004_0195_20070426,ACT_EU_INST_CJEU_JUDG_AG_UK_SHA
DOC_JUDG_CJ_2004_0196_20060912,ACT_EU_INST_CJEU_JUDG_AG_FR_LEGE
DOC_JUDG_CJ_2004_0197_20051110,ACT_EU_INST_CJEU_JUDG_AG_UK_JAC
DOC_JUDG_CJ_2004_0198_20050120,ACT_EU_INST_CJEU_JUDG_AG_ES_RUI_JAR_COL
DOC_JUDG_CJ_2004_0199_20070201,ACT_EU_INST_CJEU_JUDG_AG_ES_RUI_JAR_COL
DOC_JUDG_CJ_2004_0200_20051013,ACT_EU_INST_CJEU_JUDG_AG_PT_POI_PES_MAD
DOC_JUDG_CJ_2004_0201_20060223,ACT_EU_INST_CJEU_JUDG_AG_UK_JAC
DOC_JUDG_CJ_2004_0203_20050714,ACT_EU_INST_CJEU_JUDG_AG_PT_POI_PES_MAD
DOC_JUDG_CJ_2004_0205_20060223,ACT_EU_INST_CJEU_JUDG_AG_IT_TIZ
DOC_JUDG_CJ_2004_0206_P_20060323,ACT_EU_INST_CJEU_JUDG_AG_ES_RUI_JAR_COL
DOC_JUDG_CJ_2004_0207_20050721,ACT_EU_INST_CJEU_JUDG_AG_ES_RUI_JAR_COL
DOC_JUDG_CJ_2004_0209_20060323,ACT_EU_INST_CJEU_JUDG_AG_DE_KOK
DOC_JUDG_CJ_2004_0210_20060323,ACT_EU_INST_CJEU_JUDG_AG_FR_LEGE
DOC_JUDG_CJ_2004_0212_20060704,ACT_EU_INST_CJEU_JUDG_AG_DE_KOK
DOC_JUDG_CJ_2004_0213_20051201,ACT_EU_INST_CJEU_JUDG_AG_UK_JAC
DOC_JUDG_CJ_2004_0214_20050707,ACT_EU_INST_CJEU_JUDG_AG_UK_JAC
DOC_JUDG_CJ_2004_0215_20060216,ACT_EU_INST_CJEU_JUDG_AG_FR_LEGE
DOC_JUDG_CJ_2004_0217_20060502,ACT_EU_INST_CJEU_JUDG_AG_DE_KOK
DOC_JUDG_CJ_2004_0221_20060518,ACT_EU_INST_CJEU_JUDG_AG_DE_KOK
DOC_JUDG_CJ_2004_0222_20060110,ACT_EU_INST_CJEU_JUDG_AG_UK_JAC
DOC_JUDG_CJ_2004_0225_20050224,ACT_EU_INST_CJEU_JUDG_AG_UK_JAC
DOC_JUDG_CJ_2004_0226_20060209,ACT_EU_INST_CJEU_JUDG_AG_PT_POI_PES_MAD
DOC_JUDG_CJ_2004_0227_P_20070911,ACT_EU_INST_CJEU_JUDG_AG_UK_JAC
DOC_JUDG_CJ_2004_0229_20051025,ACT_EU_INST_CJEU_JUDG_AG_FR_LEGE
DOC_JUDG_CJ_2004_0232_20051215,ACT_EU_INST_CJEU_JUDG_AG_PT_POI_PES_MAD
DOC_JUDG_CJ_2004_0234_20060316,ACT_EU_INST_CJEU_JUDG_AG_IT_TIZ
DOC_JUDG_CJ_2004_0235_20070628,ACT_EU_INST_CJEU_JUDG_AG_DE_KOK
DOC_JUDG_CJ_2004_0236_20050310,ACT_EU_INST_CJEU_JUDG_AG_UK_JAC
DOC_JUDG_CJ_2004_0237_20060323,ACT_EU_INST_CJEU_JUDG_AG_PT_POI_PES_MAD
DOC_JUDG_CJ_2004_0239_20061026,ACT_EU_INST_CJEU_JUDG_AG_DE_KOK
DOC_JUDG_CJ_2004_0240_20050310,ACT_EU_INST_CJEU_JUDG_AG_UK_JAC
DOC_JUDG_CJ_2004_0243_P_20050414,ACT_EU_INST_CJEU_JUDG_AG_NL_GEE
DOC_JUDG_CJ_2004_0244_20060119,ACT_EU_INST_CJEU_JUDG_AG_NL_GEE
DOC_JUDG_CJ_2004_0245_20060406,ACT_EU_INST_CJEU_JUDG_AG_DE_KOK
DOC_JUDG_CJ_2004_0246_20060112,ACT_EU_INST_CJEU_JUDG_AG_PT_POI_PES_MAD
DOC_JUDG_CJ_2004_0247_20051020,ACT_EU_INST_CJEU_JUDG_AG_AT_STI_HAC
DOC_JUDG_CJ_2004_0248_20061026,ACT_EU_INST_CJEU_JUDG_AG_AT_STI_HAC
DOC_JUDG_CJ_2004_0249_20050526,ACT_EU_INST_CJEU_JUDG_AG_UK_JAC
DOC_JUDG_CJ_2004_0250_20051215,ACT_EU_INST_CJEU_JUDG_AG_IT_TIZ
DOC_JUDG_CJ_2004_0251_20070111,ACT_EU_INST_CJEU_JUDG_AG_UK_SHA
DOC_JUDG_CJ_2004_0252_20051215,ACT_EU_INST_CJEU_JUDG_AG_IT_TIZ
DOC_JUDG_CJ_2004_0253_20051215,ACT_EU_INST_CJEU_JUDG_AG_IT_TIZ
DOC_JUDG_CJ_2004_0254_20051215,ACT_EU_INST_CJEU_JUDG_AG_IT_TIZ
DOC_JUDG_CJ_2004_0255_20060615,ACT_EU_INST_CJEU_JUDG_AG_PT_POI_PES_MAD
DOC_JUDG_CJ_2004_0258_20050915,ACT_EU_INST_CJEU_JUDG_AG_ES_RUI_JAR_COL
DOC_JUDG_CJ_2004_0259_20060330,ACT_EU_INST_CJEU_JUDG_AG_ES_RUI_JAR_COL
DOC_JUDG_CJ_2004_0260_20070913,ACT_EU_INST_CJEU_JUDG_AG_UK_SHA
DOC_JUDG_CJ_2004_0264_20060615,ACT_EU_INST_CJEU_JUDG_AG_ES_RUI_JAR_COL
DOC_JUDG_CJ_2004_0265_20060119,ACT_EU_INST_CJEU_JUDG_AG_DE_KOK
DOC_JUDG_CJ_2004_0266_20051027,ACT_EU_INST_CJEU_JUDG_AG_AT_STI_HAC
DOC_JUDG_CJ_2004_0273_20071023,ACT_EU_INST_CJEU_JUDG_AG_PT_POI_PES_MAD
DOC_JUDG_CJ_2004_0274_20060406,ACT_EU_INST_CJEU_JUDG_AG_FR_LEGE
DOC_JUDG_CJ_2004_0275_20061005,ACT_EU_INST_CJEU_JUDG_AG_AT_STI_HAC
DOC_JUDG_CJ_2004_0278_20050908,ACT_EU_INST_CJEU_JUDG_AG_PT_POI_PES_MAD
DOC_JUDG_CJ_2004_0280_20051208,ACT_EU_INST_CJEU_JUDG_AG_NL_GEE
DOC_JUDG_CJ_2004_0282_20060928,ACT_EU_INST_CJEU_JUDG_AG_PT_POI_PES_MAD
DOC_JUDG_CJ_2004_0284_20070626,ACT_EU_INST_CJEU_JUDG_AG_DE_KOK
DOC_JUDG_CJ_2004_0286_P_20050630,ACT_EU_INST_CJEU_JUDG_AG_ES_RUI_JAR_COL
DOC_JUDG_CJ_2004_0287_20050526,ACT_EU_INST_CJEU_JUDG_AG_PT_POI_PES_MAD
DOC_JUDG_CJ_2004_0288_20050908,ACT_EU_INST_CJEU_JUDG_AG_NL_GEE
DOC_JUDG_CJ_2004_0289_P_20060629,ACT_EU_INST_CJEU_JUDG_AG_NL_GEE
DOC_JUDG_CJ_2004_0290_20061003,ACT_EU_INST_CJEU_JUDG_AG_FR_LEGE
DOC_JUDG_CJ_2004_0292_20070306,ACT_EU_INST_CJEU_JUDG_AG_IT_TIZ
DOC_JUDG_CJ_2004_0293_20060309,ACT_EU_INST_CJEU_JUDG_AG_DE_KOK
DOC_JUDG_CJ_2004_0294_20060216,ACT_EU_INST_CJEU_JUDG_AG_AT_STI_HAC
DOC_JUDG_CJ_2004_0295_20060713,ACT_EU_INST_CJEU_JUDG_AG_NL_GEE
DOC_JUDG_CJ_2004_0299_20050414,ACT_EU_INST_CJEU_JUDG_AG_ES_RUI_JAR_COL
DOC_JUDG_CJ_2004_0300_20060912,ACT_EU_INST_CJEU_JUDG_AG_IT_TIZ
DOC_JUDG_CJ_2004_0301_P_20060629,ACT_EU_INST_CJEU_JUDG_AG_NL_GEE
DOC_JUDG_CJ_2004_0302_20060110,ACT_EU_INST_CJEU_JUDG_AG_IT_TIZ
DOC_JUDG_CJ_2004_0303_20050908,ACT_EU_INST_CJEU_JUDG_AG_DE_KOK
DOC_JUDG_CJ_2004_0304_20050707,ACT_EU_INST_CJEU_JUDG_AG_DE_KOK
DOC_JUDG_CJ_2004_0306_20061116,ACT_EU_INST_CJEU_JUDG_AG_AT_STI_HAC
DOC_JUDG_CJ_2004_0308_P_20060629,ACT_EU_INST_CJEU_JUDG_AG_NL_GEE
DOC_JUDG_CJ_2004_0309_20051201,ACT_EU_INST_CJEU_JUDG_AG_FR_LEGE
DOC_JUDG_CJ_2004_0310_20060907,ACT_EU_INST_CJEU_JUDG_AG_UK_SHA
DOC_JUDG_CJ_2004_0311_20060112,ACT_EU_INST_CJEU_JUDG_AG_DE_KOK
DOC_JUDG_CJ_2004_0312_20061005,ACT_EU_INST_CJEU_JUDG_AG_AT_STI_HAC
DOC_JUDG_CJ_2004_0313_20060711,ACT_EU_INST_CJEU_JUDG_AG_NL_GEE
DOC_JUDG_CJ_2004_0316_20051110,ACT_EU_INST_CJEU_JUDG_AG_UK_JAC
DOC_JUDG_CJ_2004_0317_20060530,ACT_EU_INST_CJEU_JUDG_AG_FR_LEGE
DOC_JUDG_CJ_2004_0320_20050224,ACT_EU_INST_CJEU_JUDG_AG_FR_LEGE
DOC_JUDG_CJ_2004_0327_20050224,ACT_EU_INST_CJEU_JUDG_AG_FR_LEGE
DOC_JUDG_CJ_2004_0329_20050428,ACT_EU_INST_CJEU_JUDG_AG_FR_LEGE
DOC_JUDG_CJ_2004_0331_20051124,ACT_EU_INST_CJEU_JUDG_AG_ES_RUI_JAR_COL
DOC_JUDG_CJ_2004_0332_20060316,ACT_EU_INST_CJEU_JUDG_AG_AT_STI_HAC
DOC_JUDG_CJ_2004_0333_20041209,ACT_EU_INST_CJEU_JUDG_AG_NL_GEE
DOC_JUDG_CJ_2004_0334_20071025,ACT_EU_INST_CJEU_JUDG_AG_DE_KOK
DOC_JUDG_CJ_2004_0335_20050504,ACT_EU_INST_CJEU_JUDG_AG_FR_LEGE
DOC_JUDG_CJ_2004_0338_20070306,ACT_EU_INST_CJEU_JUDG_AG_ES_RUI_JAR_COL
DOC_JUDG_CJ_2004_0339_20060718,ACT_EU_INST_CJEU_JUDG_AG_ES_RUI_JAR_COL
DOC_JUDG_CJ_2004_0340_20060511,ACT_EU_INST_CJEU_JUDG_AG_AT_STI_HAC
DOC_JUDG_CJ_2004_0341_20060502,ACT_EU_INST_CJEU_JUDG_AG_UK_JAC
DOC_JUDG_CJ_2004_0343_20060518,ACT_EU_INST_CJEU_JUDG_AG_PT_POI_PES_MAD
DOC_JUDG_CJ_2004_0344_20060110,ACT_EU_INST_CJEU_JUDG_AG_NL_GEE
DOC_JUDG_CJ_2004_0345_20070215,ACT_EU_INST_CJEU_JUDG_AG_FR_LEGE
DOC_JUDG_CJ_2004_0346_20060706,ACT_EU_INST_CJEU_JUDG_AG_FR_LEGE
DOC_JUDG_CJ_2004_0347_20070329,ACT_EU_INST_CJEU_JUDG_AG_PT_POI_PES_MAD
DOC_JUDG_CJ_2004_0348_20070426,ACT_EU_INST_CJEU_JUDG_AG_UK_SHA
DOC_JUDG_CJ_2004_0349_20050616,ACT_EU_INST_CJEU_JUDG_AG_ES_RUI_JAR_COL
DOC_JUDG_CJ_2004_0351_20070927,ACT_EU_INST_CJEU_JUDG_AG_FR_LEGE
DOC_JUDG_CJ_2004_0353_20060907,ACT_EU_INST_CJEU_JUDG_AG_FR_LEGE
DOC_JUDG_CJ_2004_0354_P_20070227,ACT_EU_INST_CJEU_JUDG_AG_IT_MEN
DOC_JUDG_CJ_2004_0355_P_20070227,ACT_EU_INST_CJEU_JUDG_AG_IT_MEN
DOC_JUDG_CJ_2004_0356_20060919,ACT_EU_INST_CJEU_JUDG_AG_IT_TIZ
DOC_JUDG_CJ_2004_0361_P_20060112,ACT_EU_INST_CJEU_JUDG_AG_ES_RUI_JAR_COL
DOC_JUDG_CJ_2004_0366_20051124,ACT_EU_INST_CJEU_JUDG_AG_NL_GEE
DOC_JUDG_CJ_2004_0368_20061005,ACT_EU_INST_CJEU_JUDG_AG_UK_JAC
DOC_JUDG_CJ_2004_0369_20070626,ACT_EU_INST_CJEU_JUDG_AG_DE_KOK
DOC_JUDG_CJ_2004_0371_20061026,ACT_EU_INST_CJEU_JUDG_AG_UK_SHA
DOC_JUDG_CJ_2004_0372_20060516,ACT_EU_INST_CJEU_JUDG_AG_NL_GEE
DOC_JUDG_CJ_2004_0373_P_20060110,ACT_EU_INST_CJEU_JUDG_AG_AT_STI_HAC
DOC_JUDG_CJ_2004_0374_20061212,ACT_EU_INST_CJEU_JUDG_AG_NL_GEE
DOC_JUDG_CJ_2004_0375_20050428,ACT_EU_INST_CJEU_JUDG_AG_AT_STI_HAC
DOC_JUDG_CJ_2004_0376_20050428,ACT_EU_INST_CJEU_JUDG_AG_AT_STI_HAC
DOC_JUDG_CJ_2004_0377_20051027,ACT_EU_INST_CJEU_JUDG_AG_NL_GEE
DOC_JUDG_CJ_2004_0378_20051117,ACT_EU_INST_CJEU_JUDG_AG_UK_JAC
DOC_JUDG_CJ_2004_0379_20051013,ACT_EU_INST_CJEU_JUDG_AG_NL_GEE
DOC_JUDG_CJ_2004_0383_20050224,ACT_EU_INST_CJEU_JUDG_AG_AT_STI_HAC
DOC_JUDG_CJ_2004_0384_20060511,ACT_EU_INST_CJEU_JUDG_AG_PT_POI_PES_MAD
DOC_JUDG_CJ_2004_0385_20051110,ACT_EU_INST_CJEU_JUDG_AG_NL_GEE
DOC_JUDG_CJ_2004_0386_20060914,ACT_EU_INST_CJEU_JUDG_AG_AT_STI_HAC
DOC_JUDG_CJ_2004_0391_20070510,ACT_EU_INST_CJEU_JUDG_AG_IT_MEN
DOC_JUDG_CJ_2004_0392_20060919,ACT_EU_INST_CJEU_JUDG_AG_ES_RUI_JAR_COL
DOC_JUDG_CJ_2004_0393_20060615,ACT_EU_INST_CJEU_JUDG_AG_IT_TIZ
DOC_JUDG_CJ_2004_0394_20051201,ACT_EU_INST_CJEU_JUDG_AG_FR_LEGE
DOC_JUDG_CJ_2004_0403_P_20070125,ACT_EU_INST_CJEU_JUDG_AG_NL_GEE
DOC_JUDG_CJ_2004_0404_P_20070111,ACT_EU_INST_CJEU_JUDG_AG_AT_STI_HAC
DOC_JUDG_CJ_2004_0406_20060718,ACT_EU_INST_CJEU_JUDG_AG_NL_GEE
DOC_JUDG_CJ_2004_0407_P_20070125,ACT_EU_INST_CJEU_JUDG_AG_NL_GEE
DOC_JUDG_CJ_2004_0408_P_20080422,ACT_EU_INST_CJEU_JUDG_AG_FR_BOT
DOC_JUDG_CJ_2004_0409_20070927,ACT_EU_INST_CJEU_JUDG_AG_DE_KOK
DOC_JUDG_CJ_2004_0410_20060406,ACT_EU_INST_CJEU_JUDG_AG_NL_GEE
DOC_JUDG_CJ_2004_0411_P_20070125,ACT_EU_INST_CJEU_JUDG_AG_NL_GEE
DOC_JUDG_CJ_2004_0412_20080221,ACT_EU_INST_CJEU_JUDG_AG_ES_RUI_JAR_COL
DOC_JUDG_CJ_2004_0413_20061128,ACT_EU_INST_CJEU_JUDG_AG_NL_GEE
DOC_JUDG_CJ_2004_0414_20061128,ACT_EU_INST_CJEU_JUDG_AG_NL_GEE
DOC_JUDG_CJ_2004_0415_20060209,ACT_EU_INST_CJEU_JUDG_AG_UK_JAC
DOC_JUDG_CJ_2004_0416_P_20060511,ACT_EU_INST_CJEU_JUDG_AG_UK_JAC
DOC_JUDG_CJ_2004_0417_P_20060502,ACT_EU_INST_CJEU_JUDG_AG_ES_RUI_JAR_COL
DOC_JUDG_CJ_2004_0418_20071213,ACT_EU_INST_CJEU_JUDG_AG_DE_KOK
DOC_JUDG_CJ_2004_0419_20060622,ACT_EU_INST_CJEU_JUDG_AG_IT_TIZ
DOC_JUDG_CJ_2004_0421_20060309,ACT_EU_INST_CJEU_JUDG_AG_UK_JAC
DOC_JUDG_CJ_2004_0422_20060919,ACT_EU_INST_CJEU_JUDG_AG_ES_RUI_JAR_COL
DOC_JUDG_CJ_2004_0423_20060427,ACT_EU_INST_CJEU_JUDG_AG_UK_JAC
DOC_JUDG_CJ_2004_0427_20050908,ACT_EU_INST_CJEU_JUDG_AG_DE_KOK
DOC_JUDG_CJ_2004_0428_20060406,ACT_EU_INST_CJEU_JUDG_AG_ES_RUI_JAR_COL
DOC_JUDG_CJ_2004_0429_20051006,ACT_EU_INST_CJEU_JUDG_AG_AT_STI_HAC
DOC_JUDG_CJ_2004_0430_20060608,ACT_EU_INST_CJEU_JUDG_AG_IT_TIZ
DOC_JUDG_CJ_2004_0431_20060504,ACT_EU_INST_CJEU_JUDG_AG_FR_LEGE
DOC_JUDG_CJ_2004_0432_20060711,ACT_EU_INST_CJEU_JUDG_AG_NL_GEE
DOC_JUDG_CJ_2004_0433_20061109,ACT_EU_INST_CJEU_JUDG_AG_IT_TIZ
DOC_JUDG_CJ_2004_0434_20060928,ACT_EU_INST_CJEU_JUDG_AG_PT_POI_PES_MAD
DOC_JUDG_CJ_2004_0436_20060309,ACT_EU_INST_CJEU_JUDG_AG_ES_RUI_JAR_COL
DOC_JUDG_CJ_2004_0437_20070322,ACT_EU_INST_CJEU_JUDG_AG_AT_STI_HAC
DOC_JUDG_CJ_2004_0438_20060713,ACT_EU_INST_CJEU_JUDG_AG_AT_STI_HAC
DOC_JUDG_CJ_2004_0439_20060706,ACT_EU_INST_CJEU_JUDG_AG_ES_RUI_JAR_COL
DOC_JUDG_CJ_2004_0441_20060223,ACT_EU_INST_CJEU_JUDG_AG_FR_LEGE
DOC_JUDG_CJ_2004_0442_20080515,ACT_EU_INST_CJEU_JUDG_AG_FR_BOT
DOC_JUDG_CJ_2004_0443_20060427,ACT_EU_INST_CJEU_JUDG_AG_DE_KOK
DOC_JUDG_CJ_2004_0445_20051208,ACT_EU_INST_CJEU_JUDG_AG_IT_TIZ
DOC_JUDG_CJ_2004_0446_20061212,ACT_EU_INST_CJEU_JUDG_AG_NL_GEE
DOC_JUDG_CJ_2004_0448_20050908,ACT_EU_INST_CJEU_JUDG_AG_PT_POI_PES_MAD
DOC_JUDG_CJ_2004_0449_20050721,ACT_EU_INST_CJEU_JUDG_AG_UK_JAC
DOC_JUDG_CJ_2004_0452_20061003,ACT_EU_INST_CJEU_JUDG_AG_AT_STI_HAC
DOC_JUDG_CJ_2004_0453_20060601,ACT_EU_INST_CJEU_JUDG_AG_IT_TIZ
DOC_JUDG_CJ_2004_0454_20050602,ACT_EU_INST_CJEU_JUDG_AG_ES_RUI_JAR_COL
DOC_JUDG_CJ_2004_0455_20060223,ACT_EU_INST_CJEU_JUDG_AG_ES_RUI_JAR_COL
DOC_JUDG_CJ_2004_0456_20060406,ACT_EU_INST_CJEU_JUDG_AG_DE_KOK
DOC_JUDG_CJ_2004_0459_20060615,ACT_EU_INST_CJEU_JUDG_AG_AT_STI_HAC
DOC_JUDG_CJ_2004_0462_20050908,ACT_EU_INST_CJEU_JUDG_AG_PT_POI_PES_MAD
DOC_JUDG_CJ_2004_0463_20071206,ACT_EU_INST_CJEU_JUDG_AG_PT_POI_PES_MAD
DOC_JUDG_CJ_2004_0465_20060323,ACT_EU_INST_CJEU_JUDG_AG_PT_POI_PES_MAD
DOC_JUDG_CJ_2004_0466_20060615,ACT_EU_INST_CJEU_JUDG_AG_NL_GEE
DOC_JUDG_CJ_2004_0467_20060928,ACT_EU_INST_CJEU_JUDG_AG_UK_SHA
DOC_JUDG_CJ_2004_0470_20060907,ACT_EU_INST_CJEU_JUDG_AG_DE_KOK
DOC_JUDG_CJ_2004_0471_20060223,ACT_EU_INST_CJEU_JUDG_AG_PT_POI_PES_MAD
DOC_JUDG_CJ_2004_0473_20060209,ACT_EU_INST_CJEU_JUDG_AG_IT_TIZ
DOC_JUDG_CJ_2004_0475_20060601,ACT_EU_INST_CJEU_JUDG_AG_AT_STI_HAC
DOC_JUDG_CJ_2004_0476_20051117,ACT_EU_INST_CJEU_JUDG_AG_ES_RUI_JAR_COL
DOC_JUDG_CJ_2004_0479_20060912,ACT_EU_INST_CJEU_JUDG_AG_UK_SHA
DOC_JUDG_CJ_2004_0484_20060907,ACT_EU_INST_CJEU_JUDG_AG_DE_KOK
DOC_JUDG_CJ_2004_0486_20061123,ACT_EU_INST_CJEU_JUDG_AG_ES_RUI_JAR_COL
DOC_JUDG_CJ_2004_0487_20060629,ACT_EU_INST_CJEU_JUDG_AG_UK_SHA
DOC_JUDG_CJ_2004_0489_20060907,ACT_EU_INST_CJEU_JUDG_AG_IT_TIZ
DOC_JUDG_CJ_2004_0490_20070718,ACT_EU_INST_CJEU_JUDG_AG_ES_RUI_JAR_COL
DOC_JUDG_CJ_2004_0491_20060223,ACT_EU_INST_CJEU_JUDG_AG_PT_POI_PES_MAD
DOC_JUDG_CJ_2004_0493_20060309,ACT_EU_INST_CJEU_JUDG_AG_UK_JAC
DOC_JUDG_CJ_2004_0494_20060615,ACT_EU_INST_CJEU_JUDG_AG_PT_POI_PES_MAD
DOC_JUDG_CJ_2004_0495_20060330,ACT_EU_INST_CJEU_JUDG_AG_IT_TIZ
DOC_JUDG_CJ_2004_0496_20060914,ACT_EU_INST_CJEU_JUDG_AG_UK_SHA
DOC_JUDG_CJ_2004_0499_20060309,ACT_EU_INST_CJEU_JUDG_AG_ES_RUI_JAR_COL
DOC_JUDG_CJ_2004_0500_20060216,ACT_EU_INST_CJEU_JUDG_AG_AT_STI_HAC
DOC_JUDG_CJ_2004_0501_20070718,ACT_EU_INST_CJEU_JUDG_AG_NL_GEE
DOC_JUDG_CJ_2004_0502_20060216,ACT_EU_INST_CJEU_JUDG_AG_ES_RUI_JAR_COL
DOC_JUDG_CJ_2004_0503_20070718,ACT_EU_INST_CJEU_JUDG_AG_SI_TRS
DOC_JUDG_CJ_2004_0504_20060112,ACT_EU_INST_CJEU_JUDG_AG_PT_POI_PES_MAD
DOC_JUDG_CJ_2004_0505_20051020,ACT_EU_INST_CJEU_JUDG_AG_IT_TIZ
DOC_JUDG_CJ_2004_0506_20060919,ACT_EU_INST_CJEU_JUDG_AG_AT_STI_HAC
DOC_JUDG_CJ_2004_0507_20070712,ACT_EU_INST_CJEU_JUDG_AG_DE_KOK
DOC_JUDG_CJ_2004_0508_20070510,ACT_EU_INST_CJEU_JUDG_AG_DE_KOK
DOC_JUDG_CJ_2004_0509_20060518,ACT_EU_INST_CJEU_JUDG_AG_IT_TIZ
DOC_JUDG_CJ_2004_0510_20050609,ACT_EU_INST_CJEU_JUDG_AG_FR_LEGE
DOC_JUDG_CJ_2004_0513_20061114,ACT_EU_INST_CJEU_JUDG_AG_NL_GEE
DOC_JUDG_CJ_2004_0514_20060713,ACT_EU_INST_CJEU_JUDG_AG_DE_KOK
DOC_JUDG_CJ_2004_0517_20060608,ACT_EU_INST_CJEU_JUDG_AG_AT_STI_HAC
DOC_JUDG_CJ_2004_0518_20060316,ACT_EU_INST_CJEU_JUDG_AG_IT_TIZ
DOC_JUDG_CJ_2004_0519_P_20060718,ACT_EU_INST_CJEU_JUDG_AG_FR_LEGE
DOC_JUDG_CJ_2004_0520_20061109,ACT_EU_INST_CJEU_JUDG_AG_FR_LEGE
DOC_JUDG_CJ_2004_0522_20070705,ACT_EU_INST_CJEU_JUDG_AG_AT_STI_HAC
DOC_JUDG_CJ_2004_0523_20070424,ACT_EU_INST_CJEU_JUDG_AG_IT_MEN
DOC_JUDG_CJ_2004_0524_20070313,ACT_EU_INST_CJEU_JUDG_AG_NL_GEE
DOC_JUDG_CJ_2004_0525_P_20071122,ACT_EU_INST_CJEU_JUDG_AG_DE_KOK
DOC_JUDG_CJ_2004_0526_20060907,ACT_EU_INST_CJEU_JUDG_AG_IT_TIZ
DOC_JUDG_CJ_2005_0001_20070109,ACT_EU_INST_CJEU_JUDG_AG_NL_GEE
DOC_JUDG_CJ_2005_0002_20060126,ACT_EU_INST_CJEU_JUDG_AG_ES_RUI_JAR_COL
DOC_JUDG_CJ_2005_0003_20060216,ACT_EU_INST_CJEU_JUDG_AG_DE_KOK
DOC_JUDG_CJ_2005_0004_20061026,ACT_EU_INST_CJEU_JUDG_AG_NL_GEE
DOC_JUDG_CJ_2005_0005_20061123,ACT_EU_INST_CJEU_JUDG_AG_UK_JAC
DOC_JUDG_CJ_2005_0006_20070614,ACT_EU_INST_CJEU_JUDG_AG_UK_SHA
DOC_JUDG_CJ_2005_0007_20060608,ACT_EU_INST_CJEU_JUDG_AG_ES_RUI_JAR_COL
DOC_JUDG_CJ_2005_0010_20060330,ACT_EU_INST_CJEU_JUDG_AG_DE_KOK
DOC_JUDG_CJ_2005_0011_20060511,ACT_EU_INST_CJEU_JUDG_AG_PT_POI_PES_MAD
DOC_JUDG_CJ_2005_0012_P_REV_20071129,ACT_EU_INST_CJEU_JUDG_AG_IT_MEN
DOC_JUDG_CJ_2005_0013_20060711,ACT_EU_INST_CJEU_JUDG_AG_NL_GEE
DOC_JUDG_CJ_2005_0014_20060713,ACT_EU_INST_CJEU_JUDG_AG_IT_TIZ
DOC_JUDG_CJ_2005_0015_20060427,ACT_EU_INST_CJEU_JUDG_AG_FR_LEGE
DOC_JUDG_CJ_2005_0016_20070920,ACT_EU_INST_CJEU_JUDG_AG_NL_GEE
DOC_JUDG_CJ_2005_0017_20061003,ACT_EU_INST_CJEU_JUDG_AG_PT_POI_PES_MAD
DOC_JUDG_CJ_2005_0019_20071018,ACT_EU_INST_CJEU_JUDG_AG_SI_TRS
DOC_JUDG_CJ_2005_0020_20071108,ACT_EU_INST_CJEU_JUDG_AG_SI_TRS
DOC_JUDG_CJ_2005_0022_20051117,ACT_EU_INST_CJEU_JUDG_AG_DE_KOK
DOC_JUDG_CJ_2005_0023_20051027,ACT_EU_INST_CJEU_JUDG_AG_DE_KOK
DOC_JUDG_CJ_2005_0024_P_20060622,ACT_EU_INST_CJEU_JUDG_AG_ES_RUI_JAR_COL
DOC_JUDG_CJ_2005_0025_P_20060622,ACT_EU_INST_CJEU_JUDG_AG_ES_RUI_JAR_COL
DOC_JUDG_CJ_2005_0027_20060427,ACT_EU_INST_CJEU_JUDG_AG_AT_STI_HAC
DOC_JUDG_CJ_2005_0028_20060615,ACT_EU_INST_CJEU_JUDG_AG_PT_POI_PES_MAD
DOC_JUDG_CJ_2005_0029_P_20070313,ACT_EU_INST_CJEU_JUDG_AG_UK_SHA
DOC_JUDG_CJ_2005_0030_20050630,ACT_EU_INST_CJEU_JUDG_AG_AT_STI_HAC
DOC_JUDG_CJ_2005_0031_20050714,ACT_EU_INST_CJEU_JUDG_AG_IT_TIZ
DOC_JUDG_CJ_2005_0032_20061130,ACT_EU_INST_CJEU_JUDG_AG_UK_SHA
DOC_JUDG_CJ_2005_0033_20051215,ACT_EU_INST_CJEU_JUDG_AG_FR_LEGE
DOC_JUDG_CJ_2005_0034_20070301,ACT_EU_INST_CJEU_JUDG_AG_FR_LEGE
DOC_JUDG_CJ_2005_0035_20070315,ACT_EU_INST_CJEU_JUDG_AG_UK_SHA
DOC_JUDG_CJ_2005_0036_20061026,ACT_EU_INST_CJEU_JUDG_AG_UK_SHA
DOC_JUDG_CJ_2005_0037_20060112,ACT_EU_INST_CJEU_JUDG_AG_PT_POI_PES_MAD
DOC_JUDG_CJ_2005_0038_20051208,ACT_EU_INST_CJEU_JUDG_AG_PT_POI_PES_MAD
DOC_JUDG_CJ_2005_0039_P_20080701,ACT_EU_INST_CJEU_JUDG_AG_PT_POI_PES_MAD
DOC_JUDG_CJ_2005_0040_20070111,ACT_EU_INST_CJEU_JUDG_AG_AT_STI_HAC
DOC_JUDG_CJ_2005_0043_20060223,ACT_EU_INST_CJEU_JUDG_AG_NL_GEE
DOC_JUDG_CJ_2005_0045_20070524,ACT_EU_INST_CJEU_JUDG_AG_FR_LEGE
DOC_JUDG_CJ_2005_0046_20060223,ACT_EU_INST_CJEU_JUDG_AG_DE_KOK
DOC_JUDG_CJ_2005_0048_20070125,ACT_EU_INST_CJEU_JUDG_AG_ES_RUI_JAR_COL
DOC_JUDG_CJ_2005_0049_P_20080508,ACT_EU_INST_CJEU_JUDG_AG_DE_KOK
DOC_JUDG_CJ_2005_0050_20060718,ACT_EU_INST_CJEU_JUDG_AG_PT_POI_PES_MAD
DOC_JUDG_CJ_2005_0051_P_20080717,ACT_EU_INST_CJEU_JUDG_AG_UK_SHA
DOC_JUDG_CJ_2005_0053_20060706,ACT_EU_INST_CJEU_JUDG_AG_UK_SHA
DOC_JUDG_CJ_2005_0054_20070315,ACT_EU_INST_CJEU_JUDG_AG_IT_MEN
DOC_JUDG_CJ_2005_0057_20050908,ACT_EU_INST_CJEU_JUDG_AG_NL_GEE
DOC_JUDG_CJ_2005_0059_20060223,ACT_EU_INST_CJEU_JUDG_AG_IT_TIZ
DOC_JUDG_CJ_2005_0060_20060608,ACT_EU_INST_CJEU_JUDG_AG_NL_GEE
DOC_JUDG_CJ_2005_0061_20060713,ACT_EU_INST_CJEU_JUDG_AG_UK_SHA
DOC_JUDG_CJ_2005_0062_P_20071018,ACT_EU_INST_CJEU_JUDG_AG_ES_RUI_JAR_COL
DOC_JUDG_CJ_2005_0064_P_20071218,ACT_EU_INST_CJEU_JUDG_AG_PT_POI_PES_MAD
DOC_JUDG_CJ_2005_0065_20061026,ACT_EU_INST_CJEU_JUDG_AG_UK_JAC
DOC_JUDG_CJ_2005_0067_20051215,ACT_EU_INST_CJEU_JUDG_AG_FR_LEGE
DOC_JUDG_CJ_2005_0068_P_20061026,ACT_EU_INST_CJEU_JUDG_AG_AT_STI_HAC
DOC_JUDG_CJ_2005_0069_20060112,ACT_EU_INST_CJEU_JUDG_AG_PT_POI_PES_MAD
DOC_JUDG_CJ_2005_0070_20051020,ACT_EU_INST_CJEU_JUDG_AG_NL_GEE
DOC_JUDG_CJ_2005_0071_20060608,ACT_EU_INST_CJEU_JUDG_AG_PT_POI_PES_MAD
DOC_JUDG_CJ_2005_0072_20060914,ACT_EU_INST_CJEU_JUDG_AG_FR_LEGE
DOC_JUDG_CJ_2005_0073_20051117,ACT_EU_INST_CJEU_JUDG_AG_DE_KOK
DOC_JUDG_CJ_2005_0075_P_20080911,ACT_EU_INST_CJEU_JUDG_AG_FR_BOT
DOC_JUDG_CJ_2005_0076_20070911,ACT_EU_INST_CJEU_JUDG_AG_AT_STI_HAC
DOC_JUDG_CJ_2005_0077_20071218,ACT_EU_INST_CJEU_JUDG_AG_SI_TRS
DOC_JUDG_CJ_2005_0079_20050714,ACT_EU_INST_CJEU_JUDG_AG_FR_LEGE
DOC_JUDG_CJ_2005_0081_20060907,ACT_EU_INST_CJEU_JUDG_AG_IT_TIZ
DOC_JUDG_CJ_2005_0082_20060914,ACT_EU_INST_CJEU_JUDG_AG_PT_POI_PES_MAD
DOC_JUDG_CJ_2005_0083_20060713,ACT_EU_INST_CJEU_JUDG_AG_IT_TIZ
DOC_JUDG_CJ_2005_0085_20060112,ACT_EU_INST_CJEU_JUDG_AG_FR_LEGE
DOC_JUDG_CJ_2005_0088_20051215,ACT_EU_INST_CJEU_JUDG_AG_PT_POI_PES_MAD
DOC_JUDG_CJ_2005_0089_20060713,ACT_EU_INST_CJEU_JUDG_AG_AT_STI_HAC
DOC_JUDG_CJ_2005_0090_20060119,ACT_EU_INST_CJEU_JUDG_AG_UK_JAC
DOC_JUDG_CJ_2005_0091_20080520,ACT_EU_INST_CJEU_JUDG_AG_IT_MEN
DOC_JUDG_CJ_2005_0094_20060316,ACT_EU_INST_CJEU_JUDG_AG_IT_TIZ
DOC_JUDG_CJ_2005_0096_20051215,ACT_EU_INST_CJEU_JUDG_AG_FR_LEGE
DOC_JUDG_CJ_2005_0097_20061214,ACT_EU_INST_CJEU_JUDG_AG_ES_RUI_JAR_COL
DOC_JUDG_CJ_2005_0098_20060601,ACT_EU_INST_CJEU_JUDG_AG_DE_KOK
DOC_JUDG_CJ_2005_0100_20061005,ACT_EU_INST_CJEU_JUDG_AG_PT_POI_PES_MAD
DOC_JUDG_CJ_2005_0101_20071218,ACT_EU_INST_CJEU_JUDG_AG_FR_BOT
DOC_JUDG_CJ_2005_0103_20060713,ACT_EU_INST_CJEU_JUDG_AG_ES_RUI_JAR_COL
DOC_JUDG_CJ_2005_0106_20060608,ACT_EU_INST_CJEU_JUDG_AG_PT_POI_PES_MAD
DOC_JUDG_CJ_2005_0107_20060112,ACT_EU_INST_CJEU_JUDG_AG_AT_STI_HAC
DOC_JUDG_CJ_2005_0108_20060907,ACT_EU_INST_CJEU_JUDG_AG_UK_SHA
DOC_JUDG_CJ_2005_0110_20090210,ACT_EU_INST_CJEU_JUDG_AG_FR_LEGE
DOC_JUDG_CJ_2005_0111_20070329,ACT_EU_INST_CJEU_JUDG_AG_FR_LEGE
DOC_JUDG_CJ_2005_0112_20071023,ACT_EU_INST_CJEU_JUDG_AG_ES_RUI_JAR_COL
DOC_JUDG_CJ_2005_0114_20060309,ACT_EU_INST_CJEU_JUDG_AG_ES_RUI_JAR_COL
DOC_JUDG_CJ_2005_0115_20051208,ACT_EU_INST_CJEU_JUDG_AG_AT_STI_HAC
DOC_JUDG_CJ_2005_0118_20060112,ACT_EU_INST_CJEU_JUDG_AG_FR_LEGE
DOC_JUDG_CJ_2005_0119_20070718,ACT_EU_INST_CJEU_JUDG_AG_NL_GEE
DOC_JUDG_CJ_2005_0120_20061109,ACT_EU_INST_CJEU_JUDG_AG_FR_LEGE
DOC_JUDG_CJ_2005_0122_20060518,ACT_EU_INST_CJEU_JUDG_AG_AT_STI_HAC
DOC_JUDG_CJ_2005_0124_20060406,ACT_EU_INST_CJEU_JUDG_AG_DE_KOK
DOC_JUDG_CJ_2005_0125_20060907,ACT_EU_INST_CJEU_JUDG_AG_NL_GEE
DOC_JUDG_CJ_2005_0127_20070614,ACT_EU_INST_CJEU_JUDG_AG_IT_MEN
DOC_JUDG_CJ_2005_0128_20060928,ACT_EU_INST_CJEU_JUDG_AG_UK_SHA
DOC_JUDG_CJ_2005_0129_20060928,ACT_EU_INST_CJEU_JUDG_AG_PT_POI_PES_MAD
DOC_JUDG_CJ_2005_0131_20051117,ACT_EU_INST_CJEU_JUDG_AG_DE_KOK
DOC_JUDG_CJ_2005_0132_20080226,ACT_EU_INST_CJEU_JUDG_AG_SK_MAZ
DOC_JUDG_CJ_2005_0133_20060223,ACT_EU_INST_CJEU_JUDG_AG_NL_GEE
DOC_JUDG_CJ_2005_0134_20070718,ACT_EU_INST_CJEU_JUDG_AG_PT_POI_PES_MAD
DOC_JUDG_CJ_2005_0135_20070426,ACT_EU_INST_CJEU_JUDG_AG_PT_POI_PES_MAD
DOC_JUDG_CJ_2005_0137_20071218,ACT_EU_INST_CJEU_JUDG_AG_SI_TRS
DOC_JUDG_CJ_2005_0138_20060914,ACT_EU_INST_CJEU_JUDG_AG_UK_SHA
DOC_JUDG_CJ_2005_0140_20061005,ACT_EU_INST_CJEU_JUDG_AG_PT_POI_PES_MAD
DOC_JUDG_CJ_2005_0141_20071108,ACT_EU_INST_CJEU_JUDG_AG_FR_BOT
DOC_JUDG_CJ_2005_0142_20090604,ACT_EU_INST_CJEU_JUDG_AG_DE_KOK
DOC_JUDG_CJ_2005_0143_20060202,ACT_EU_INST_CJEU_JUDG_AG_AT_STI_HAC
DOC_JUDG_CJ_2005_0144_20051215,ACT_EU_INST_CJEU_JUDG_AG_AT_STI_HAC
DOC_JUDG_CJ_2005_0145_20060427,ACT_EU_INST_CJEU_JUDG_AG_ES_RUI_JAR_COL
DOC_JUDG_CJ_2005_0146_20070927,ACT_EU_INST_CJEU_JUDG_AG_DE_KOK
DOC_JUDG_CJ_2005_0148_20070614,ACT_EU_INST_CJEU_JUDG_AG_UK_SHA
DOC_JUDG_CJ_2005_0149_20060907,ACT_EU_INST_CJEU_JUDG_AG_AT_STI_HAC
DOC_JUDG_CJ_2005_0150_20060928,ACT_EU_INST_CJEU_JUDG_AG_ES_RUI_JAR_COL
DOC_JUDG_CJ_2005_0152_20080117,ACT_EU_INST_CJEU_JUDG_AG_FR_BOT
DOC_JUDG_CJ_2005_0154_20060706,ACT_EU_INST_CJEU_JUDG_AG_DE_KOK
DOC_JUDG_CJ_2005_0157_20070524,ACT_EU_INST_CJEU_JUDG_AG_FR_BOT
DOC_JUDG_CJ_2005_0161_20061207,ACT_EU_INST_CJEU_JUDG_AG_PT_POI_PES_MAD
DOC_JUDG_CJ_2005_0164_20060608,ACT_EU_INST_CJEU_JUDG_AG_IT_TIZ
DOC_JUDG_CJ_2005_0165_20051027,ACT_EU_INST_CJEU_JUDG_AG_DE_KOK
DOC_JUDG_CJ_2005_0166_20060907,ACT_EU_INST_CJEU_JUDG_AG_UK_SHA
DOC_JUDG_CJ_2005_0167_20080408,ACT_EU_INST_CJEU_JUDG_AG_IT_MEN
DOC_JUDG_CJ_2005_0168_20061026,ACT_EU_INST_CJEU_JUDG_AG_IT_TIZ
DOC_JUDG_CJ_2005_0169_20060601,ACT_EU_INST_CJEU_JUDG_AG_ES_RUI_JAR_COL
DOC_JUDG_CJ_2005_0170_20061214,ACT_EU_INST_CJEU_JUDG_AG_NL_GEE
DOC_JUDG_CJ_2005_0173_20070621,ACT_EU_INST_CJEU_JUDG_AG_FR_LEGE
DOC_JUDG_CJ_2005_0174_20060309,ACT_EU_INST_CJEU_JUDG_AG_UK_SHA
DOC_JUDG_CJ_2005_0175_20070111,ACT_EU_INST_CJEU_JUDG_AG_UK_SHA
DOC_JUDG_CJ_2005_0176_20070301,ACT_EU_INST_CJEU_JUDG_AG_DE_KOK
DOC_JUDG_CJ_2005_0178_20070607,ACT_EU_INST_CJEU_JUDG_AG_DE_KOK
DOC_JUDG_CJ_2005_0179_20060112,ACT_EU_INST_CJEU_JUDG_AG_PT_POI_PES_MAD
DOC_JUDG_CJ_2005_0180_20060427,ACT_EU_INST_CJEU_JUDG_AG_UK_SHA
DOC_JUDG_CJ_2005_0183_20070111,ACT_EU_INST_CJEU_JUDG_AG_FR_LEGE
DOC_JUDG_CJ_2005_0184_20070927,ACT_EU_INST_CJEU_JUDG_AG_DE_KOK
DOC_JUDG_CJ_2005_0186_20071004,ACT_EU_INST_CJEU_JUDG_AG_IT_MEN
DOC_JUDG_CJ_2005_0187_20060907,ACT_EU_INST_CJEU_JUDG_AG_ES_RUI_JAR_COL
DOC_JUDG_CJ_2005_0191_20060713,ACT_EU_INST_CJEU_JUDG_AG_DE_KOK
DOC_JUDG_CJ_2005_0192_20061026,ACT_EU_INST_CJEU_JUDG_AG_DE_KOK
DOC_JUDG_CJ_2005_0193_20060919,ACT_EU_INST_CJEU_JUDG_AG_AT_STI_HAC
DOC_JUDG_CJ_2005_0194_20071218,ACT_EU_INST_CJEU_JUDG_AG_SK_MAZ
DOC_JUDG_CJ_2005_0195_20071218,ACT_EU_INST_CJEU_JUDG_AG_SK_MAZ
DOC_JUDG_CJ_2005_0196_20060608,ACT_EU_INST_CJEU_JUDG_AG_UK_JAC
DOC_JUDG_CJ_2005_0198_20061026,ACT_EU_INST_CJEU_JUDG_AG_ES_RUI_JAR_COL
DOC_JUDG_CJ_2005_0199_20061026,ACT_EU_INST_CJEU_JUDG_AG_AT_STI_HAC
DOC_JUDG_CJ_2005_0205_20061109,ACT_EU_INST_CJEU_JUDG_AG_DE_KOK
DOC_JUDG_CJ_2005_0206_20061026,ACT_EU_INST_CJEU_JUDG_AG_NL_GEE
DOC_JUDG_CJ_2005_0207_20060601,ACT_EU_INST_CJEU_JUDG_AG_UK_SHA
DOC_JUDG_CJ_2005_0208_20070111,ACT_EU_INST_CJEU_JUDG_AG_FR_LEGE
DOC_JUDG_CJ_2005_0212_20070718,ACT_EU_INST_CJEU_JUDG_AG_NL_GEE
DOC_JUDG_CJ_2005_0213_20070718,ACT_EU_INST_CJEU_JUDG_AG_NL_GEE
DOC_JUDG_CJ_2005_0214_P_20060718,ACT_EU_INST_CJEU_JUDG_AG_DE_KOK
DOC_JUDG_CJ_2005_0216_20061109,ACT_EU_INST_CJEU_JUDG_AG_AT_STI_HAC
DOC_JUDG_CJ_2005_0217_20061214,ACT_EU_INST_CJEU_JUDG_AG_DE_KOK
DOC_JUDG_CJ_2005_0219_20070419,ACT_EU_INST_CJEU_JUDG_AG_FR_BOT
DOC_JUDG_CJ_2005_0220_20070118,ACT_EU_INST_CJEU_JUDG_AG_DE_KOK
DOC_JUDG_CJ_2005_0221_20060713,ACT_EU_INST_CJEU_JUDG_AG_AT_STI_HAC
DOC_JUDG_CJ_2005_0222_20070607,ACT_EU_INST_CJEU_JUDG_AG_PT_POI_PES_MAD
DOC_JUDG_CJ_2005_0226_20061005,ACT_EU_INST_CJEU_JUDG_AG_NL_GEE
DOC_JUDG_CJ_2005_0228_20060914,ACT_EU_INST_CJEU_JUDG_AG_UK_SHA
DOC_JUDG_CJ_2005_0229_P_20070118,ACT_EU_INST_CJEU_JUDG_AG_DE_KOK
DOC_JUDG_CJ_2005_0231_20070718,ACT_EU_INST_CJEU_JUDG_AG_DE_KOK
DOC_JUDG_CJ_2005_0232_20061005,ACT_EU_INST_CJEU_JUDG_AG_ES_RUI_JAR_COL
DOC_JUDG_CJ_2005_0236_20061109,ACT_EU_INST_CJEU_JUDG_AG_PT_POI_PES_MAD
DOC_JUDG_CJ_2005_0237_20071011,ACT_EU_INST_CJEU_JUDG_AG_IT_MEN
DOC_JUDG_CJ_2005_0238_20061123,ACT_EU_INST_CJEU_JUDG_AG_NL_GEE
DOC_JUDG_CJ_2005_0239_20070215,ACT_EU_INST_CJEU_JUDG_AG_UK_SHA
DOC_JUDG_CJ_2005_0240_20061207,ACT_EU_INST_CJEU_JUDG_AG_ES_RUI_JAR_COL
DOC_JUDG_CJ_2005_0241_20061003,ACT_EU_INST_CJEU_JUDG_AG_IT_TIZ
DOC_JUDG_CJ_2005_0243_P_20061109,ACT_EU_INST_CJEU_JUDG_AG_PT_POI_PES_MAD
DOC_JUDG_CJ_2005_0244_20060914,ACT_EU_INST_CJEU_JUDG_AG_NL_GEE
DOC_JUDG_CJ_2005_0246_20070614,ACT_EU_INST_CJEU_JUDG_AG_ES_RUI_JAR_COL
DOC_JUDG_CJ_2005_0248_20071025,ACT_EU_INST_CJEU_JUDG_AG_FR_BOT
DOC_JUDG_CJ_2005_0249_20060615,ACT_EU_INST_CJEU_JUDG_AG_AT_STI_HAC
DOC_JUDG_CJ_2005_0250_20061026,ACT_EU_INST_CJEU_JUDG_AG_DE_KOK
DOC_JUDG_CJ_2005_0251_20060706,ACT_EU_INST_CJEU_JUDG_AG_DE_KOK
DOC_JUDG_CJ_2005_0252_20070510,ACT_EU_INST_CJEU_JUDG_AG_DE_KOK
DOC_JUDG_CJ_2005_0254_20070607,ACT_EU_INST_CJEU_JUDG_AG_SK_MAZ
DOC_JUDG_CJ_2005_0255_20070705,ACT_EU_INST_CJEU_JUDG_AG_PT_POI_PES_MAD
DOC_JUDG_CJ_2005_0257_20061214,ACT_EU_INST_CJEU_JUDG_AG_DE_KOK
DOC_JUDG_CJ_2005_0259_20070621,ACT_EU_INST_CJEU_JUDG_AG_IT_MEN
DOC_JUDG_CJ_2005_0260_P_20071122,ACT_EU_INST_CJEU_JUDG_AG_DE_KOK
DOC_JUDG_CJ_2005_0262_20060615,ACT_EU_INST_CJEU_JUDG_AG_IT_TIZ
DOC_JUDG_CJ_2005_0263_20071218,ACT_EU_INST_CJEU_JUDG_AG_FR_BOT
DOC_JUDG_CJ_2005_0264_20060615,ACT_EU_INST_CJEU_JUDG_AG_IT_TIZ
DOC_JUDG_CJ_2005_0265_20070116,ACT_EU_INST_CJEU_JUDG_AG_NL_GEE
DOC_JUDG_CJ_2005_0266_P_20070201,ACT_EU_INST_CJEU_JUDG_AG_NL_GEE
DOC_JUDG_CJ_2005_0269_20070111,ACT_EU_INST_CJEU_JUDG_AG_ES_RUI_JAR_COL
DOC_JUDG_CJ_2005_0270_20070215,ACT_EU_INST_CJEU_JUDG_AG_PT_POI_PES_MAD
DOC_JUDG_CJ_2005_0273_P_20070419,ACT_EU_INST_CJEU_JUDG_AG_UK_SHA
DOC_JUDG_CJ_2005_0274_20081023,ACT_EU_INST_CJEU_JUDG_AG_FR_BOT
DOC_JUDG_CJ_2005_0275_20061026,ACT_EU_INST_CJEU_JUDG_AG_AT_STI_HAC
DOC_JUDG_CJ_2005_0276_20081222,ACT_EU_INST_CJEU_JUDG_AG_UK_SHA
DOC_JUDG_CJ_2005_0277_20070718,ACT_EU_INST_CJEU_JUDG_AG_PT_POI_PES_MAD
DOC_JUDG_CJ_2005_0278_20070125,ACT_EU_INST_CJEU_JUDG_AG_DE_KOK
DOC_JUDG_CJ_2005_0279_20070111,ACT_EU_INST_CJEU_JUDG_AG_UK_SHA
DOC_JUDG_CJ_2005_0280_20071206,ACT_EU_INST_CJEU_JUDG_AG_UK_SHA
DOC_JUDG_CJ_2005_0281_20061109,ACT_EU_INST_CJEU_JUDG_AG_PT_POI_PES_MAD
DOC_JUDG_CJ_2005_0282_P_20070419,ACT_EU_INST_CJEU_JUDG_AG_IT_MEN
DOC_JUDG_CJ_2005_0283_20061214,ACT_EU_INST_CJEU_JUDG_AG_FR_LEGE
DOC_JUDG_CJ_2005_0284_20091215,ACT_EU_INST_CJEU_JUDG_AG_ES_RUI_JAR_COL
DOC_JUDG_CJ_2005_0286_20060504,ACT_EU_INST_CJEU_JUDG_AG_FR_LEGE
DOC_JUDG_CJ_2005_0287_20070911,ACT_EU_INST_CJEU_JUDG_AG_DE_KOK
DOC_JUDG_CJ_2005_0288_20070718,ACT_EU_INST_CJEU_JUDG_AG_UK_SHA
DOC_JUDG_CJ_2005_0289_20070308,ACT_EU_INST_CJEU_JUDG_AG_NL_GEE
DOC_JUDG_CJ_2005_0290_20061005,ACT_EU_INST_CJEU_JUDG_AG_UK_SHA
DOC_JUDG_CJ_2005_0291_20071211,ACT_EU_INST_CJEU_JUDG_AG_IT_MEN
DOC_JUDG_CJ_2005_0292_20070215,ACT_EU_INST_CJEU_JUDG_AG_ES_RUI_JAR_COL
DOC_JUDG_CJ_2005_0293_20061130,ACT_EU_INST_CJEU_JUDG_AG_FR_LEGE
DOC_JUDG_CJ_2005_0294_20091215,ACT_EU_INST_CJEU_JUDG_AG_ES_RUI_JAR_COL
DOC_JUDG_CJ_2005_0295_20070419,ACT_EU_INST_CJEU_JUDG_AG_NL_GEE
DOC_JUDG_CJ_2005_0297_20070920,ACT_EU_INST_CJEU_JUDG_AG_UK_SHA
DOC_JUDG_CJ_2005_0298_20071206,ACT_EU_INST_CJEU_JUDG_AG_IT_MEN
DOC_JUDG_CJ_2005_0299_20071018,ACT_EU_INST_CJEU_JUDG_AG_DE_KOK
DOC_JUDG_CJ_2005_0300_20061123,ACT_EU_INST_CJEU_JUDG_AG_IT_MEN
DOC_JUDG_CJ_2005_0302_20061026,ACT_EU_INST_CJEU_JUDG_AG_PT_POI_PES_MAD
DOC_JUDG_CJ_2005_0303_20070503,ACT_EU_INST_CJEU_JUDG_AG_ES_RUI_JAR_COL
DOC_JUDG_CJ_2005_0304_20070920,ACT_EU_INST_CJEU_JUDG_AG_DE_KOK
DOC_JUDG_CJ_2005_0305_20070626,ACT_EU_INST_CJEU_JUDG_AG_PT_POI_PES_MAD
DOC_JUDG_CJ_2005_0306_20061207,ACT_EU_INST_CJEU_JUDG_AG_UK_SHA
DOC_JUDG_CJ_2005_0307_20070913,ACT_EU_INST_CJEU_JUDG_AG_PT_POI_PES_MAD
DOC_JUDG_CJ_2005_0310_20060309,ACT_EU_INST_CJEU_JUDG_AG_ES_RUI_JAR_COL
DOC_JUDG_CJ_2005_0311_P_20071004,ACT_EU_INST_CJEU_JUDG_AG_IT_MEN
DOC_JUDG_CJ_2005_0313_20070118,ACT_EU_INST_CJEU_JUDG_AG_UK_SHA
DOC_JUDG_CJ_2005_0315_20061123,ACT_EU_INST_CJEU_JUDG_AG_AT_STI_HAC
DOC_JUDG_CJ_2005_0316_20061214,ACT_EU_INST_CJEU_JUDG_AG_UK_SHA
DOC_JUDG_CJ_2005_0317_20061026,ACT_EU_INST_CJEU_JUDG_AG_IT_MEN
DOC_JUDG_CJ_2005_0318_20070911,ACT_EU_INST_CJEU_JUDG_AG_AT_STI_HAC
DOC_JUDG_CJ_2005_0319_20071115,ACT_EU_INST_CJEU_JUDG_AG_SI_TRS
DOC_JUDG_CJ_2005_0321_20070705,ACT_EU_INST_CJEU_JUDG_AG_DE_KOK
DOC_JUDG_CJ_2005_0325_20070718,ACT_EU_INST_CJEU_JUDG_AG_FR_BOT
DOC_JUDG_CJ_2005_0326_P_20070718,ACT_EU_INST_CJEU_JUDG_AG_ES_RUI_JAR_COL
DOC_JUDG_CJ_2005_0327_20070705,ACT_EU_INST_CJEU_JUDG_AG_SI_TRS
DOC_JUDG_CJ_2005_0328_P_20070510,ACT_EU_INST_CJEU_JUDG_AG_SK_MAZ
DOC_JUDG_CJ_2005_0329_20070125,ACT_EU_INST_CJEU_JUDG_AG_FR_LEGE
DOC_JUDG_CJ_2005_0330_20071115,ACT_EU_INST_CJEU_JUDG_AG_SI_TRS
DOC_JUDG_CJ_2005_0331_P_20070628,ACT_EU_INST_CJEU_JUDG_AG_SI_TRS
DOC_JUDG_CJ_2005_0332_20070118,ACT_EU_INST_CJEU_JUDG_AG_NL_GEE
DOC_JUDG_CJ_2005_0334_P_20070612,ACT_EU_INST_CJEU_JUDG_AG_DE_KOK
DOC_JUDG_CJ_2005_0335_20070607,ACT_EU_INST_CJEU_JUDG_AG_IT_MEN
DOC_JUDG_CJ_2005_0337_20080408,ACT_EU_INST_CJEU_JUDG_AG_SK_MAZ
DOC_JUDG_CJ_2005_0341_20071218,ACT_EU_INST_CJEU_JUDG_AG_IT_MEN
DOC_JUDG_CJ_2005_0342_20070614,ACT_EU_INST_CJEU_JUDG_AG_DE_KOK
DOC_JUDG_CJ_2005_0343_20060518,ACT_EU_INST_CJEU_JUDG_AG_NL_GEE
DOC_JUDG_CJ_2005_0344_P_20061109,ACT_EU_INST_CJEU_JUDG_AG_PT_POI_PES_MAD
DOC_JUDG_CJ_2005_0345_20061026,ACT_EU_INST_CJEU_JUDG_AG_FR_LEGE
DOC_JUDG_CJ_2005_0346_20061109,ACT_EU_INST_CJEU_JUDG_AG_AT_STI_HAC
DOC_JUDG_CJ_2005_0353_20060928,ACT_EU_INST_CJEU_JUDG_AG_NL_GEE
DOC_JUDG_CJ_2005_0354_20060518,ACT_EU_INST_CJEU_JUDG_AG_IT_TIZ
DOC_JUDG_CJ_2005_0356_20070419,ACT_EU_INST_CJEU_JUDG_AG_AT_STI_HAC
DOC_JUDG_CJ_2005_0357_20061116,ACT_EU_INST_CJEU_JUDG_AG_IT_MEN
DOC_JUDG_CJ_2005_0358_20070621,ACT_EU_INST_CJEU_JUDG_AG_SI_TRS
DOC_JUDG_CJ_2005_0359_20070118,ACT_EU_INST_CJEU_JUDG_AG_PT_POI_PES_MAD
DOC_JUDG_CJ_2005_0360_20061005,ACT_EU_INST_CJEU_JUDG_AG_UK_SHA
DOC_JUDG_CJ_2005_0361_20070524,ACT_EU_INST_CJEU_JUDG_AG_DE_KOK
DOC_JUDG_CJ_2005_0362_P_20070607,ACT_EU_INST_CJEU_JUDG_AG_DE_KOK
DOC_JUDG_CJ_2005_0363_20070628,ACT_EU_INST_CJEU_JUDG_AG_DE_KOK
DOC_JUDG_CJ_2005_0366_20070621,ACT_EU_INST_CJEU_JUDG_AG_UK_SHA
DOC_JUDG_CJ_2005_0367_20070718,ACT_EU_INST_CJEU_JUDG_AG_UK_SHA
DOC_JUDG_CJ_2005_0370_20070125,ACT_EU_INST_CJEU_JUDG_AG_AT_STI_HAC
DOC_JUDG_CJ_2005_0371_20080717,ACT_EU_INST_CJEU_JUDG_AG_PT_POI_PES_MAD
DOC_JUDG_CJ_2005_0372_20091215,ACT_EU_INST_CJEU_JUDG_AG_ES_RUI_JAR_COL
DOC_JUDG_CJ_2005_0374_20071108,ACT_EU_INST_CJEU_JUDG_AG_ES_RUI_JAR_COL
DOC_JUDG_CJ_2005_0375_20071004,ACT_EU_INST_CJEU_JUDG_AG_IT_MEN
DOC_JUDG_CJ_2005_0376_20061130,ACT_EU_INST_CJEU_JUDG_AG_NL_GEE
DOC_JUDG_CJ_2005_0379_20071108,ACT_EU_INST_CJEU_JUDG_AG_IT_MEN
DOC_JUDG_CJ_2005_0380_20080131,ACT_EU_INST_CJEU_JUDG_AG_PT_POI_PES_MAD
DOC_JUDG_CJ_2005_0381_20070419,ACT_EU_INST_CJEU_JUDG_AG_IT_MEN
DOC_JUDG_CJ_2005_0382_20070718,ACT_EU_INST_CJEU_JUDG_AG_SK_MAZ
DOC_JUDG_CJ_2005_0383_20070322,ACT_EU_INST_CJEU_JUDG_AG_IT_MEN
DOC_JUDG_CJ_2005_0384_20070111,ACT_EU_INST_CJEU_JUDG_AG_ES_RUI_JAR_COL
DOC_JUDG_CJ_2005_0385_20070118,ACT_EU_INST_CJEU_JUDG_AG_IT_MEN
DOC_JUDG_CJ_2005_0386_20070503,ACT_EU_INST_CJEU_JUDG_AG_FR_BOT
DOC_JUDG_CJ_2005_0387_20091215,ACT_EU_INST_CJEU_JUDG_AG_ES_RUI_JAR_COL
DOC_JUDG_CJ_2005_0388_20070920,ACT_EU_INST_CJEU_JUDG_AG_UK_SHA
DOC_JUDG_CJ_2005_0389_20080717,ACT_EU_INST_CJEU_JUDG_AG_IT_MEN
DOC_JUDG_CJ_2005_0390_20061214,ACT_EU_INST_CJEU_JUDG_AG_IT_MEN
DOC_JUDG_CJ_2005_0391_20070301,ACT_EU_INST_CJEU_JUDG_AG_FR_BOT
DOC_JUDG_CJ_2005_0392_20070426,ACT_EU_INST_CJEU_JUDG_AG_DE_KOK
DOC_JUDG_CJ_2005_0393_20071129,ACT_EU_INST_CJEU_JUDG_AG_UK_SHA
DOC_JUDG_CJ_2005_0394_20070524,ACT_EU_INST_CJEU_JUDG_AG_PT_POI_PES_MAD
DOC_JUDG_CJ_2005_0396_20071218,ACT_EU_INST_CJEU_JUDG_AG_SI_TRS
DOC_JUDG_CJ_2005_0398_20080228,ACT_EU_INST_CJEU_JUDG_AG_UK_SHA
DOC_JUDG_CJ_2005_0399_20070718,ACT_EU_INST_CJEU_JUDG_AG_UK_SHA
DOC_JUDG_CJ_2005_0400_20070111,ACT_EU_INST_CJEU_JUDG_AG_SK_MAZ
DOC_JUDG_CJ_2005_0401_20061214,ACT_EU_INST_CJEU_JUDG_AG_DE_KOK
DOC_JUDG_CJ_2005_0402_P_20080903,ACT_EU_INST_CJEU_JUDG_AG_PT_POI_PES_MAD
DOC_JUDG_CJ_2005_0403_20071023,ACT_EU_INST_CJEU_JUDG_AG_DE_KOK
DOC_JUDG_CJ_2005_0404_20071129,ACT_EU_INST_CJEU_JUDG_AG_UK_SHA
DOC_JUDG_CJ_2005_0405_20070125,ACT_EU_INST_CJEU_JUDG_AG_FR_BOT
DOC_JUDG_CJ_2005_0409_20091215,ACT_EU_INST_CJEU_JUDG_AG_ES_RUI_JAR_COL
DOC_JUDG_CJ_2005_0411_20071016,ACT_EU_INST_CJEU_JUDG_AG_SK_MAZ
DOC_JUDG_CJ_2005_0412_P_20070426,ACT_EU_INST_CJEU_JUDG_AG_DE_KOK
DOC_JUDG_CJ_2005_0417_P_20060914,ACT_EU_INST_CJEU_JUDG_AG_NL_GEE
DOC_JUDG_CJ_2005_0421_20070118,ACT_EU_INST_CJEU_JUDG_AG_NL_GEE
DOC_JUDG_CJ_2005_0422_20070614,ACT_EU_INST_CJEU_JUDG_AG_PT_POI_PES_MAD
DOC_JUDG_CJ_2005_0423_20070329,ACT_EU_INST_CJEU_JUDG_AG_DE_KOK
DOC_JUDG_CJ_2005_0424_P_20070621,ACT_EU_INST_CJEU_JUDG_AG_IT_MEN
DOC_JUDG_CJ_2005_0426_20080221,ACT_EU_INST_CJEU_JUDG_AG_PT_POI_PES_MAD
DOC_JUDG_CJ_2005_0427_20071025,ACT_EU_INST_CJEU_JUDG_AG_SK_MAZ
DOC_JUDG_CJ_2005_0428_20070621,ACT_EU_INST_CJEU_JUDG_AG_FR_BOT
DOC_JUDG_CJ_2005_0429_20071004,ACT_EU_INST_CJEU_JUDG_AG_IT_MEN
DOC_JUDG_CJ_2005_0430_20070705,ACT_EU_INST_CJEU_JUDG_AG_UK_SHA
DOC_JUDG_CJ_2005_0431_20070911,ACT_EU_INST_CJEU_JUDG_AG_ES_RUI_JAR_COL
DOC_JUDG_CJ_2005_0432_20070313,ACT_EU_INST_CJEU_JUDG_AG_UK_SHA
DOC_JUDG_CJ_2005_0433_20100415,ACT_EU_INST_CJEU_JUDG_AG_DE_KOK
DOC_JUDG_CJ_2005_0434_20070614,ACT_EU_INST_CJEU_JUDG_AG_UK_SHA
DOC_JUDG_CJ_2005_0435_20070208,ACT_EU_INST_CJEU_JUDG_AG_ES_RUI_JAR_COL
DOC_JUDG_CJ_2005_0438_20071211,ACT_EU_INST_CJEU_JUDG_AG_PT_POI_PES_MAD
DOC_JUDG_CJ_2005_0439_P_20070913,ACT_EU_INST_CJEU_JUDG_AG_UK_SHA
DOC_JUDG_CJ_2005_0440_20071023,ACT_EU_INST_CJEU_JUDG_AG_SK_MAZ
DOC_JUDG_CJ_2005_0441_20070308,ACT_EU_INST_CJEU_JUDG_AG_DE_KOK
DOC_JUDG_CJ_2005_0442_20080403,ACT_EU_INST_CJEU_JUDG_AG_SK_MAZ
DOC_JUDG_CJ_2005_0443_P_20070913,ACT_EU_INST_CJEU_JUDG_AG_IT_MEN
DOC_JUDG_CJ_2005_0444_20070419,ACT_EU_INST_CJEU_JUDG_AG_ES_RUI_JAR_COL
DOC_JUDG_CJ_2005_0445_20070614,ACT_EU_INST_CJEU_JUDG_AG_UK_SHA
DOC_JUDG_CJ_2005_0446_20080313,ACT_EU_INST_CJEU_JUDG_AG_FR_BOT
DOC_JUDG_CJ_2005_0447_20070308,ACT_EU_INST_CJEU_JUDG_AG_IT_MEN
DOC_JUDG_CJ_2005_0451_20071011,ACT_EU_INST_CJEU_JUDG_AG_SK_MAZ
DOC_JUDG_CJ_2005_0452_20061123,ACT_EU_INST_CJEU_JUDG_AG_FR_LEGE
DOC_JUDG_CJ_2005_0453_20070621,ACT_EU_INST_CJEU_JUDG_AG_IT_MEN
DOC_JUDG_CJ_2005_0455_20070419,ACT_EU_INST_CJEU_JUDG_AG_PT_POI_PES_MAD
DOC_JUDG_CJ_2005_0456_20071206,ACT_EU_INST_CJEU_JUDG_AG_IT_MEN
DOC_JUDG_CJ_2005_0457_20071004,ACT_EU_INST_CJEU_JUDG_AG_SK_MAZ
DOC_JUDG_CJ_2005_0458_20070913,ACT_EU_INST_CJEU_JUDG_AG_FR_BOT
DOC_JUDG_CJ_2005_0460_20070718,ACT_EU_INST_CJEU_JUDG_AG_IT_MEN
DOC_JUDG_CJ_2005_0461_20091215,ACT_EU_INST_CJEU_JUDG_AG_ES_RUI_JAR_COL
DOC_JUDG_CJ_2005_0462_20080612,ACT_EU_INST_CJEU_JUDG_AG_IT_MEN
DOC_JUDG_CJ_2005_0464_20071025,ACT_EU_INST_CJEU_JUDG_AG_DE_KOK
DOC_JUDG_CJ_2005_0465_20071213,ACT_EU_INST_CJEU_JUDG_AG_DE_KOK
DOC_JUDG_CJ_2005_0467_20070628,ACT_EU_INST_CJEU_JUDG_AG_DE_KOK
DOC_JUDG_CJ_2006_0001_20070628,ACT_EU_INST_CJEU_JUDG_AG_SI_TRS
DOC_JUDG_CJ_2006_0002_20080212,ACT_EU_INST_CJEU_JUDG_AG_FR_BOT
DOC_JUDG_CJ_2006_0003_P_20070208,ACT_EU_INST_CJEU_JUDG_AG_PT_POI_PES_MAD
DOC_JUDG_CJ_2006_0005_20080508,ACT_EU_INST_CJEU_JUDG_AG_UK_SHA
DOC_JUDG_CJ_2006_0006_P_20071122,ACT_EU_INST_CJEU_JUDG_AG_SI_TRS
DOC_JUDG_CJ_2006_0007_P_20071129,ACT_EU_INST_CJEU_JUDG_AG_FR_BOT
DOC_JUDG_CJ_2006_0008_P_20071129,ACT_EU_INST_CJEU_JUDG_AG_FR_BOT
DOC_JUDG_CJ_2006_0009_P_20071129,ACT_EU_INST_CJEU_JUDG_AG_FR_BOT
DOC_JUDG_CJ_2006_0010_P_20071129,ACT_EU_INST_CJEU_JUDG_AG_FR_BOT
DOC_JUDG_CJ_2006_0011_20071023,ACT_EU_INST_CJEU_JUDG_AG_ES_RUI_JAR_COL
DOC_JUDG_CJ_2006_0013_20061207,ACT_EU_INST_CJEU_JUDG_AG_FR_LEGE
DOC_JUDG_CJ_2006_0014_20080401,ACT_EU_INST_CJEU_JUDG_AG_FR_BOT
DOC_JUDG_CJ_2006_0015_P_20070322,ACT_EU_INST_CJEU_JUDG_AG_SK_MAZ
DOC_JUDG_CJ_2006_0016_P_20081218,ACT_EU_INST_CJEU_JUDG_AG_SI_TRS
DOC_JUDG_CJ_2006_0017_20070911,ACT_EU_INST_CJEU_JUDG_AG_UK_SHA
DOC_JUDG_CJ_2006_0037_20080117,ACT_EU_INST_CJEU_JUDG_AG_IT_MEN
DOC_JUDG_CJ_2006_0038_20100304,ACT_EU_INST_CJEU_JUDG_AG_DE_KOK
DOC_JUDG_CJ_2006_0039_20080619,ACT_EU_INST_CJEU_JUDG_AG_FR_BOT
DOC_JUDG_CJ_2006_0043_20070524,ACT_EU_INST_CJEU_JUDG_AG_DE_KOK
DOC_JUDG_CJ_2006_0044_20070308,ACT_EU_INST_CJEU_JUDG_AG_UK_SHA
DOC_JUDG_CJ_2006_0045_20070308,ACT_EU_INST_CJEU_JUDG_AG_IT_MEN
DOC_JUDG_CJ_2006_0048_20061207,ACT_EU_INST_CJEU_JUDG_AG_FR_LEGE
DOC_JUDG_CJ_2006_0049_20060928,ACT_EU_INST_CJEU_JUDG_AG_FR_LEGE
DOC_JUDG_CJ_2006_0050_20070607,ACT_EU_INST_CJEU_JUDG_AG_UK_SHA
DOC_JUDG_CJ_2006_0054_20061207,ACT_EU_INST_CJEU_JUDG_AG_DE_KOK
DOC_JUDG_CJ_2006_0055_20080424,ACT_EU_INST_CJEU_JUDG_AG_PT_POI_PES_MAD
DOC_JUDG_CJ_2006_0056_20070614,ACT_EU_INST_CJEU_JUDG_AG_UK_SHA
DOC_JUDG_CJ_2006_0059_P_20071206,ACT_EU_INST_CJEU_JUDG_AG_DE_KOK
DOC_JUDG_CJ_2006_0062_20071218,ACT_EU_INST_CJEU_JUDG_AG_SI_TRS
DOC_JUDG_CJ_2006_0063_20070419,ACT_EU_INST_CJEU_JUDG_AG_FR_BOT
DOC_JUDG_CJ_2006_0064_20070614,ACT_EU_INST_CJEU_JUDG_AG_ES_RUI_JAR_COL
DOC_JUDG_CJ_2006_0066_20081120,ACT_EU_INST_CJEU_JUDG_AG_SK_MAZ
DOC_JUDG_CJ_2006_0070_20080110,ACT_EU_INST_CJEU_JUDG_AG_SK_MAZ
DOC_JUDG_CJ_2006_0072_20070419,ACT_EU_INST_CJEU_JUDG_AG_FR_BOT
DOC_JUDG_CJ_2006_0073_20070628,ACT_EU_INST_CJEU_JUDG_AG_SI_TRS
DOC_JUDG_CJ_2006_0074_20070920,ACT_EU_INST_CJEU_JUDG_AG_IT_MEN
DOC_JUDG_CJ_2006_0076_P_20070607,ACT_EU_INST_CJEU_JUDG_AG_FR_BOT
DOC_JUDG_CJ_2006_0077_20061026,ACT_EU_INST_CJEU_JUDG_AG_DE_KOK
DOC_JUDG_CJ_2006_0078_20061207,ACT_EU_INST_CJEU_JUDG_AG_SI_TRS
DOC_JUDG_CJ_2006_0080_20070607,ACT_EU_INST_CJEU_JUDG_AG_SI_TRS
DOC_JUDG_CJ_2006_0082_20070614,ACT_EU_INST_CJEU_JUDG_AG_ES_RUI_JAR_COL
DOC_JUDG_CJ_2006_0084_20070920,ACT_EU_INST_CJEU_JUDG_AG_FR_BOT
DOC_JUDG_CJ_2006_0094_20061026,ACT_EU_INST_CJEU_JUDG_AG_DE_KOK
DOC_JUDG_CJ_2006_0096_20080313,ACT_EU_INST_CJEU_JUDG_AG_IT_MEN
DOC_JUDG_CJ_2006_0097_20071018,ACT_EU_INST_CJEU_JUDG_AG_SK_MAZ
DOC_JUDG_CJ_2006_0098_20071011,ACT_EU_INST_CJEU_JUDG_AG_IT_MEN
DOC_JUDG_CJ_2006_0100_20060921,ACT_EU_INST_CJEU_JUDG_AG_IT_MEN
DOC_JUDG_CJ_2006_0102_20061026,ACT_EU_INST_CJEU_JUDG_AG_FR_LEGE
DOC_JUDG_CJ_2006_0103_20080403,ACT_EU_INST_CJEU_JUDG_AG_IT_MEN
DOC_JUDG_CJ_2006_0104_20070118,ACT_EU_INST_CJEU_JUDG_AG_FR_BOT
DOC_JUDG_CJ_2006_0114_20070208,ACT_EU_INST_CJEU_JUDG_AG_ES_RUI_JAR_COL
DOC_JUDG_CJ_2006_0116_20070920,ACT_EU_INST_CJEU_JUDG_AG_DE_KOK
DOC_JUDG_CJ_2006_0117_20071011,ACT_EU_INST_CJEU_JUDG_AG_IT_MEN
DOC_JUDG_CJ_2006_0119_20071129,ACT_EU_INST_CJEU_JUDG_AG_SK_MAZ
DOC_JUDG_CJ_2006_0120_P_20080909,ACT_EU_INST_CJEU_JUDG_AG_PT_POI_PES_MAD
DOC_JUDG_CJ_2006_0125_P_20080313,ACT_EU_INST_CJEU_JUDG_AG_FR_BOT
DOC_JUDG_CJ_2006_0127_20061207,ACT_EU_INST_CJEU_JUDG_AG_UK_SHA
DOC_JUDG_CJ_2006_0132_20080717,ACT_EU_INST_CJEU_JUDG_AG_UK_SHA
DOC_JUDG_CJ_2006_0133_20080506,ACT_EU_INST_CJEU_JUDG_AG_PT_POI_PES_MAD
DOC_JUDG_CJ_2006_0135_P_20071218,ACT_EU_INST_CJEU_JUDG_AG_DE_KOK
DOC_JUDG_CJ_2006_0138_20061214,ACT_EU_INST_CJEU_JUDG_AG_SI_TRS
DOC_JUDG_CJ_2006_0139_20070301,ACT_EU_INST_CJEU_JUDG_AG_PT_POI_PES_MAD
DOC_JUDG_CJ_2006_0141_20070419,ACT_EU_INST_CJEU_JUDG_AG_UK_SHA
DOC_JUDG_CJ_2006_0142_20070718,ACT_EU_INST_CJEU_JUDG_AG_SK_MAZ
DOC_JUDG_CJ_2006_0143_20071108,ACT_EU_INST_CJEU_JUDG_AG_ES_RUI_JAR_COL
DOC_JUDG_CJ_2006_0144_P_20071004,ACT_EU_INST_CJEU_JUDG_AG_ES_RUI_JAR_COL
DOC_JUDG_CJ_2006_0145_20070705,ACT_EU_INST_CJEU_JUDG_AG_UK_SHA
DOC_JUDG_CJ_2006_0147_20080515,ACT_EU_INST_CJEU_JUDG_AG_ES_RUI_JAR_COL
DOC_JUDG_CJ_2006_0152_20061026,ACT_EU_INST_CJEU_JUDG_AG_ES_RUI_JAR_COL
DOC_JUDG_CJ_2006_0154_20061026,ACT_EU_INST_CJEU_JUDG_AG_PT_POI_PES_MAD
DOC_JUDG_CJ_2006_0155_20070718,ACT_EU_INST_CJEU_JUDG_AG_SK_MAZ
DOC_JUDG_CJ_2006_0156_20061123,ACT_EU_INST_CJEU_JUDG_AG_AT_STI_HAC
DOC_JUDG_CJ_2006_0157_20081002,ACT_EU_INST_CJEU_JUDG_AG_PT_POI_PES_MAD
DOC_JUDG_CJ_2006_0158_20070621,ACT_EU_INST_CJEU_JUDG_AG_SK_MAZ
DOC_JUDG_CJ_2006_0159_20061026,ACT_EU_INST_CJEU_JUDG_AG_DE_KOK
DOC_JUDG_CJ_2006_0160_20070308,ACT_EU_INST_CJEU_JUDG_AG_PT_POI_PES_MAD
DOC_JUDG_CJ_2006_0161_20071211,ACT_EU_INST_CJEU_JUDG_AG_DE_KOK
DOC_JUDG_CJ_2006_0162_20071115,ACT_EU_INST_CJEU_JUDG_AG_PT_POI_PES_MAD
DOC_JUDG_CJ_2006_0167_P_20071025,ACT_EU_INST_CJEU_JUDG_AG_PT_POI_PES_MAD
DOC_JUDG_CJ_2006_0171_P_20070315,ACT_EU_INST_CJEU_JUDG_AG_UK_SHA
DOC_JUDG_CJ_2006_0173_20071018,ACT_EU_INST_CJEU_JUDG_AG_SI_TRS
DOC_JUDG_CJ_2006_0174_20071025,ACT_EU_INST_CJEU_JUDG_AG_ES_RUI_JAR_COL
DOC_JUDG_CJ_2006_0176_P_20071129,ACT_EU_INST_CJEU_JUDG_AG_PT_POI_PES_MAD
DOC_JUDG_CJ_2006_0177_20070920,ACT_EU_INST_CJEU_JUDG_AG_UK_SHA
DOC_JUDG_CJ_2006_0179_20071004,ACT_EU_INST_CJEU_JUDG_AG_DE_KOK
DOC_JUDG_CJ_2006_0180_20090514,ACT_EU_INST_CJEU_JUDG_AG_SI_TRS
DOC_JUDG_CJ_2006_0181_20070705,ACT_EU_INST_CJEU_JUDG_AG_SK_MAZ
DOC_JUDG_CJ_2006_0182_20070718,ACT_EU_INST_CJEU_JUDG_AG_IT_MEN
DOC_JUDG_CJ_2006_0183_20070215,ACT_EU_INST_CJEU_JUDG_AG_SI_TRS
DOC_JUDG_CJ_2006_0184_20071213,ACT_EU_INST_CJEU_JUDG_AG_FR_BOT
DOC_JUDG_CJ_2006_0186_20071218,ACT_EU_INST_CJEU_JUDG_AG_DE_KOK
DOC_JUDG_CJ_2006_0192_20071004,ACT_EU_INST_CJEU_JUDG_AG_PT_POI_PES_MAD
DOC_JUDG_CJ_2006_0193_P_20070920,ACT_EU_INST_CJEU_JUDG_AG_IT_MEN
DOC_JUDG_CJ_2006_0194_20080520,ACT_EU_INST_CJEU_JUDG_AG_FR_BOT
DOC_JUDG_CJ_2006_0195_20071018,ACT_EU_INST_CJEU_JUDG_AG_ES_RUI_JAR_COL
DOC_JUDG_CJ_2006_0197_20080417,ACT_EU_INST_CJEU_JUDG_AG_IT_MEN
DOC_JUDG_CJ_2006_0198_20061214,ACT_EU_INST_CJEU_JUDG_AG_IT_MEN
DOC_JUDG_CJ_2006_0199_20080212,ACT_EU_INST_CJEU_JUDG_AG_SK_MAZ
DOC_JUDG_CJ_2006_0201_20080221,ACT_EU_INST_CJEU_JUDG_AG_SI_TRS
DOC_JUDG_CJ_2006_0202_P_20071218,ACT_EU_INST_CJEU_JUDG_AG_DE_KOK
DOC_JUDG_CJ_2006_0203_20070118,ACT_EU_INST_CJEU_JUDG_AG_IT_MEN
DOC_JUDG_CJ_2006_0204_20070118,ACT_EU_INST_CJEU_JUDG_AG_IT_MEN
DOC_JUDG_CJ_2006_0205_20090303,ACT_EU_INST_CJEU_JUDG_AG_PT_POI_PES_MAD
DOC_JUDG_CJ_2006_0206_20080717,ACT_EU_INST_CJEU_JUDG_AG_IT_MEN
DOC_JUDG_CJ_2006_0207_20080717,ACT_EU_INST_CJEU_JUDG_AG_IT_MEN
DOC_JUDG_CJ_2006_0208_20070927,ACT_EU_INST_CJEU_JUDG_AG_FR_BOT
DOC_JUDG_CJ_2006_0210_20081216,ACT_EU_INST_CJEU_JUDG_AG_PT_POI_PES_MAD
DOC_JUDG_CJ_2006_0211_P_20080124,ACT_EU_INST_CJEU_JUDG_AG_FR_BOT
DOC_JUDG_CJ_2006_0212_20080401,ACT_EU_INST_CJEU_JUDG_AG_UK_SHA
DOC_JUDG_CJ_2006_0213_P_20070718,ACT_EU_INST_CJEU_JUDG_AG_ES_RUI_JAR_COL
DOC_JUDG_CJ_2006_0215_20080703,ACT_EU_INST_CJEU_JUDG_AG_SK_MAZ
DOC_JUDG_CJ_2006_0217_20071004,ACT_EU_INST_CJEU_JUDG_AG_PT_POI_PES_MAD
DOC_JUDG_CJ_2006_0218_20061214,ACT_EU_INST_CJEU_JUDG_AG_SK_MAZ
DOC_JUDG_CJ_2006_0220_20071218,ACT_EU_INST_CJEU_JUDG_AG_FR_BOT
DOC_JUDG_CJ_2006_0221_20071108,ACT_EU_INST_CJEU_JUDG_AG_UK_SHA
DOC_JUDG_CJ_2006_0223_20061214,ACT_EU_INST_CJEU_JUDG_AG_PT_POI_PES_MAD
DOC_JUDG_CJ_2006_0226_20080605,ACT_EU_INST_CJEU_JUDG_AG_SI_TRS
DOC_JUDG_CJ_2006_0227_20080313,ACT_EU_INST_CJEU_JUDG_AG_IT_MEN
DOC_JUDG_CJ_2006_0228_20090219,ACT_EU_INST_CJEU_JUDG_AG_PT_POI_PES_MAD
DOC_JUDG_CJ_2006_0229_20070419,ACT_EU_INST_CJEU_JUDG_AG_SK_MAZ
DOC_JUDG_CJ_2006_0230_20080403,ACT_EU_INST_CJEU_JUDG_AG_SI_TRS
DOC_JUDG_CJ_2006_0231_20070621,ACT_EU_INST_CJEU_JUDG_AG_DE_KOK
DOC_JUDG_CJ_2006_0234_P_20070913,ACT_EU_INST_CJEU_JUDG_AG_UK_SHA
DOC_JUDG_CJ_2006_0238_P_20071025,ACT_EU_INST_CJEU_JUDG_AG_ES_RUI_JAR_COL
DOC_JUDG_CJ_2006_0239_20091215,ACT_EU_INST_CJEU_JUDG_AG_ES_RUI_JAR_COL
DOC_JUDG_CJ_2006_0240_20071025,ACT_EU_INST_CJEU_JUDG_AG_FR_BOT
DOC_JUDG_CJ_2006_0241_20071011,ACT_EU_INST_CJEU_JUDG_AG_UK_SHA
DOC_JUDG_CJ_2006_0242_20090917,ACT_EU_INST_CJEU_JUDG_AG_PT_POI_PES_MAD
DOC_JUDG_CJ_2006_0244_20080214,ACT_EU_INST_CJEU_JUDG_AG_IT_MEN
DOC_JUDG_CJ_2006_0246_20080117,ACT_EU_INST_CJEU_JUDG_AG_IT_MEN
DOC_JUDG_CJ_2006_0247_20081106,ACT_EU_INST_CJEU_JUDG_AG_SI_TRS
DOC_JUDG_CJ_2006_0248_20080313,ACT_EU_INST_CJEU_JUDG_AG_UK_SHA
DOC_JUDG_CJ_2006_0249_20090303,ACT_EU_INST_CJEU_JUDG_AG_PT_POI_PES_MAD
DOC_JUDG_CJ_2006_0250_20071213,ACT_EU_INST_CJEU_JUDG_AG_PT_POI_PES_MAD
DOC_JUDG_CJ_2006_0251_20071108,ACT_EU_INST_CJEU_JUDG_AG_PT_POI_PES_MAD
DOC_JUDG_CJ_2006_0252_20061214,ACT_EU_INST_CJEU_JUDG_AG_FR_BOT
DOC_JUDG_CJ_2006_0255_P_REV_20090402,ACT_EU_INST_CJEU_JUDG_AG_SK_MAZ
DOC_JUDG_CJ_2006_0256_20080117,ACT_EU_INST_CJEU_JUDG_AG_SK_MAZ
DOC_JUDG_CJ_2006_0257_20080124,ACT_EU_INST_CJEU_JUDG_AG_SK_MAZ
DOC_JUDG_CJ_2006_0260_20071108,ACT_EU_INST_CJEU_JUDG_AG_SI_TRS
DOC_JUDG_CJ_2006_0262_20071122,ACT_EU_INST_CJEU_JUDG_AG_ES_RUI_JAR_COL
DOC_JUDG_CJ_2006_0263_20080228,ACT_EU_INST_CJEU_JUDG_AG_SK_MAZ
DOC_JUDG_CJ_2006_0264_20070419,ACT_EU_INST_CJEU_JUDG_AG_SI_TRS
DOC_JUDG_CJ_2006_0265_20080410,ACT_EU_INST_CJEU_JUDG_AG_SI_TRS
DOC_JUDG_CJ_2006_0266_P_20080522,ACT_EU_INST_CJEU_JUDG_AG_FR_BOT
DOC_JUDG_CJ_2006_0267_20080401,ACT_EU_INST_CJEU_JUDG_AG_ES_RUI_JAR_COL
DOC_JUDG_CJ_2006_0268_20080415,ACT_EU_INST_CJEU_JUDG_AG_DE_KOK
DOC_JUDG_CJ_2006_0271_20080221,ACT_EU_INST_CJEU_JUDG_AG_SK_MAZ
DOC_JUDG_CJ_2006_0274_20080214,ACT_EU_INST_CJEU_JUDG_AG_IT_MEN
DOC_JUDG_CJ_2006_0275_20080129,ACT_EU_INST_CJEU_JUDG_AG_DE_KOK
DOC_JUDG_CJ_2006_0277_20081009,ACT_EU_INST_CJEU_JUDG_AG_IT_MEN
DOC_JUDG_CJ_2006_0278_20070607,ACT_EU_INST_CJEU_JUDG_AG_FR_BOT
DOC_JUDG_CJ_2006_0279_20080911,ACT_EU_INST_CJEU_JUDG_AG_IT_MEN
DOC_JUDG_CJ_2006_0280_20071211,ACT_EU_INST_CJEU_JUDG_AG_DE_KOK
DOC_JUDG_CJ_2006_0281_20071218,ACT_EU_INST_CJEU_JUDG_AG_PT_POI_PES_MAD
DOC_JUDG_CJ_2006_0283_20071011,ACT_EU_INST_CJEU_JUDG_AG_SK_MAZ
DOC_JUDG_CJ_2006_0284_20080626,ACT_EU_INST_CJEU_JUDG_AG_IT_MEN
DOC_JUDG_CJ_2006_0285_20080313,ACT_EU_INST_CJEU_JUDG_AG_SI_TRS
DOC_JUDG_CJ_2006_0286_20081023,ACT_EU_INST_CJEU_JUDG_AG_FR_BOT
DOC_JUDG_CJ_2006_0287_20080306,ACT_EU_INST_CJEU_JUDG_AG_PT_POI_PES_MAD
DOC_JUDG_CJ_2006_0293_20080228,ACT_EU_INST_CJEU_JUDG_AG_UK_SHA
DOC_JUDG_CJ_2006_0294_20080124,ACT_EU_INST_CJEU_JUDG_AG_DE_KOK
DOC_JUDG_CJ_2006_0296_20080221,ACT_EU_INST_CJEU_JUDG_AG_ES_RUI_JAR_COL
DOC_JUDG_CJ_2006_0300_20071206,ACT_EU_INST_CJEU_JUDG_AG_ES_RUI_JAR_COL
DOC_JUDG_CJ_2006_0301_20090210,ACT_EU_INST_CJEU_JUDG_AG_FR_BOT
DOC_JUDG_CJ_2006_0303_20080717,ACT_EU_INST_CJEU_JUDG_AG_PT_POI_PES_MAD
DOC_JUDG_CJ_2006_0304_P_20080508,ACT_EU_INST_CJEU_JUDG_AG_SI_TRS
DOC_JUDG_CJ_2006_0305_20080911,ACT_EU_INST_CJEU_JUDG_AG_IT_MEN
DOC_JUDG_CJ_2006_0306_20080403,ACT_EU_INST_CJEU_JUDG_AG_PT_POI_PES_MAD
DOC_JUDG_CJ_2006_0308_20080603,ACT_EU_INST_CJEU_JUDG_AG_DE_KOK
DOC_JUDG_CJ_2006_0309_20080410,ACT_EU_INST_CJEU_JUDG_AG_DE_KOK
DOC_JUDG_CJ_2006_0310_20070718,ACT_EU_INST_CJEU_JUDG_AG_IT_MEN
DOC_JUDG_CJ_2006_0311_20090129,ACT_EU_INST_CJEU_JUDG_AG_PT_POI_PES_MAD
DOC_JUDG_CJ_2006_0313_20070419,ACT_EU_INST_CJEU_JUDG_AG_SK_MAZ
DOC_JUDG_CJ_2006_0314_20071218,ACT_EU_INST_CJEU_JUDG_AG_DE_KOK
DOC_JUDG_CJ_2006_0316_20080911,ACT_EU_INST_CJEU_JUDG_AG_FR_BOT
DOC_JUDG_CJ_2006_0317_20070705,ACT_EU_INST_CJEU_JUDG_AG_DE_KOK
DOC_JUDG_CJ_2006_0319_20080619,ACT_EU_INST_CJEU_JUDG_AG_SI_TRS
DOC_JUDG_CJ_2006_0320_20070329,ACT_EU_INST_CJEU_JUDG_AG_ES_RUI_JAR_COL
DOC_JUDG_CJ_2006_0321_20070614,ACT_EU_INST_CJEU_JUDG_AG_SK_MAZ
DOC_JUDG_CJ_2006_0324_20070201,ACT_EU_INST_CJEU_JUDG_AG_ES_RUI_JAR_COL
DOC_JUDG_CJ_2006_0327_20070301,ACT_EU_INST_CJEU_JUDG_AG_SI_TRS
DOC_JUDG_CJ_2006_0328_20071122,ACT_EU_INST_CJEU_JUDG_AG_IT_MEN
DOC_JUDG_CJ_2006_0329_20080626,ACT_EU_INST_CJEU_JUDG_AG_FR_BOT
DOC_JUDG_CJ_2006_0331_20080403,ACT_EU_INST_CJEU_JUDG_AG_SK_MAZ
DOC_JUDG_CJ_2006_0332_P_20071011,ACT_EU_INST_CJEU_JUDG_AG_ES_RUI_JAR_COL
DOC_JUDG_CJ_2006_0333_20070614,ACT_EU_INST_CJEU_JUDG_AG_IT_MEN
DOC_JUDG_CJ_2006_0334_20080626,ACT_EU_INST_CJEU_JUDG_AG_FR_BOT
DOC_JUDG_CJ_2006_0337_20071213,ACT_EU_INST_CJEU_JUDG_AG_ES_RUI_JAR_COL
DOC_JUDG_CJ_2006_0338_20081218,ACT_EU_INST_CJEU_JUDG_AG_SI_TRS
DOC_JUDG_CJ_2006_0339_20070621,ACT_EU_INST_CJEU_JUDG_AG_ES_RUI_JAR_COL
DOC_JUDG_CJ_2006_0340_20070705,ACT_EU_INST_CJEU_JUDG_AG_FR_BOT
DOC_JUDG_CJ_2006_0341_P_20080701,ACT_EU_INST_CJEU_JUDG_AG_UK_SHA
DOC_JUDG_CJ_2006_0344_P_20071025,ACT_EU_INST_CJEU_JUDG_AG_FR_BOT
DOC_JUDG_CJ_2006_0345_20090310,ACT_EU_INST_CJEU_JUDG_AG_UK_SHA
DOC_JUDG_CJ_2006_0346_20080403,ACT_EU_INST_CJEU_JUDG_AG_FR_BOT
DOC_JUDG_CJ_2006_0347_20080717,ACT_EU_INST_CJEU_JUDG_AG_PT_POI_PES_MAD
DOC_JUDG_CJ_2006_0348_P_20080221,ACT_EU_INST_CJEU_JUDG_AG_IT_MEN
DOC_JUDG_CJ_2006_0349_20071004,ACT_EU_INST_CJEU_JUDG_AG_ES_RUI_JAR_COL
DOC_JUDG_CJ_2006_0350_20090120,ACT_EU_INST_CJEU_JUDG_AG_SI_TRS
DOC_JUDG_CJ_2006_0352_20080520,ACT_EU_INST_CJEU_JUDG_AG_SK_MAZ
DOC_JUDG_CJ_2006_0353_20081014,ACT_EU_INST_CJEU_JUDG_AG_UK_SHA
DOC_JUDG_CJ_2006_0354_20070927,ACT_EU_INST_CJEU_JUDG_AG_PT_POI_PES_MAD
DOC_JUDG_CJ_2006_0355_20071018,ACT_EU_INST_CJEU_JUDG_AG_UK_SHA
DOC_JUDG_CJ_2006_0357_20071218,ACT_EU_INST_CJEU_JUDG_AG_ES_RUI_JAR_COL
DOC_JUDG_CJ_2006_0359_20070524,ACT_EU_INST_CJEU_JUDG_AG_IT_MEN
DOC_JUDG_CJ_2006_0360_20081002,ACT_EU_INST_CJEU_JUDG_AG_SI_TRS
DOC_JUDG_CJ_2006_0361_20080522,ACT_EU_INST_CJEU_JUDG_AG_UK_SHA
DOC_JUDG_CJ_2006_0362_P_20090423,ACT_EU_INST_CJEU_JUDG_AG_FR_BOT
DOC_JUDG_CJ_2006_0364_20070524,ACT_EU_INST_CJEU_JUDG_AG_PT_POI_PES_MAD
DOC_JUDG_CJ_2006_0368_20071218,ACT_EU_INST_CJEU_JUDG_AG_SK_MAZ
DOC_JUDG_CJ_2006_0371_20070920,ACT_EU_INST_CJEU_JUDG_AG_ES_RUI_JAR_COL
DOC_JUDG_CJ_2006_0372_20071213,ACT_EU_INST_CJEU_JUDG_AG_SK_MAZ
DOC_JUDG_CJ_2006_0373_P_20080417,ACT_EU_INST_CJEU_JUDG_AG_UK_SHA
DOC_JUDG_CJ_2006_0374_20071213,ACT_EU_INST_CJEU_JUDG_AG_PT_POI_PES_MAD
DOC_JUDG_CJ_2006_0375_20070524,ACT_EU_INST_CJEU_JUDG_AG_IT_MEN
DOC_JUDG_CJ_2006_0376_20070524,ACT_EU_INST_CJEU_JUDG_AG_ES_RUI_JAR_COL
DOC_JUDG_CJ_2006_0380_20081211,ACT_EU_INST_CJEU_JUDG_AG_UK_SHA
DOC_JUDG_CJ_2006_0381_20070913,ACT_EU_INST_CJEU_JUDG_AG_SK_MAZ
DOC_JUDG_CJ_2006_0383_20080313,ACT_EU_INST_CJEU_JUDG_AG_FR_BOT
DOC_JUDG_CJ_2006_0387_20080110,ACT_EU_INST_CJEU_JUDG_AG_DE_KOK
DOC_JUDG_CJ_2006_0388_20070329,ACT_EU_INST_CJEU_JUDG_AG_DE_KOK
DOC_JUDG_CJ_2006_0390_20080415,ACT_EU_INST_CJEU_JUDG_AG_SK_MAZ
DOC_JUDG_CJ_2006_0391_20070503,ACT_EU_INST_CJEU_JUDG_AG_ES_RUI_JAR_COL
DOC_JUDG_CJ_2006_0392_20070621,ACT_EU_INST_CJEU_JUDG_AG_IT_MEN
DOC_JUDG_CJ_2006_0393_20080410,ACT_EU_INST_CJEU_JUDG_AG_ES_RUI_JAR_COL
DOC_JUDG_CJ_2006_0398_20080410,ACT_EU_INST_CJEU_JUDG_AG_DE_KOK
DOC_JUDG_CJ_2006_0399_P_20091203,ACT_EU_INST_CJEU_JUDG_AG_PT_POI_PES_MAD
DOC_JUDG_CJ_2006_0400_20070913,ACT_EU_INST_CJEU_JUDG_AG_PT_POI_PES_MAD
DOC_JUDG_CJ_2006_0401_20071206,ACT_EU_INST_CJEU_JUDG_AG_FR_BOT
DOC_JUDG_CJ_2006_0402_20070718,ACT_EU_INST_CJEU_JUDG_AG_PT_POI_PES_MAD
DOC_JUDG_CJ_2006_0403_P_20091203,ACT_EU_INST_CJEU_JUDG_AG_PT_POI_PES_MAD
DOC_JUDG_CJ_2006_0404_20080417,ACT_EU_INST_CJEU_JUDG_AG_SI_TRS
DOC_JUDG_CJ_2006_0407_20070510,ACT_EU_INST_CJEU_JUDG_AG_SI_TRS
DOC_JUDG_CJ_2006_0408_20071213,ACT_EU_INST_CJEU_JUDG_AG_PT_POI_PES_MAD
DOC_JUDG_CJ_2006_0409_20100908,ACT_EU_INST_CJEU_JUDG_AG_FR_BOT
DOC_JUDG_CJ_2006_0410_20070628,ACT_EU_INST_CJEU_JUDG_AG_UK_SHA
DOC_JUDG_CJ_2006_0411_20090908,ACT_EU_INST_CJEU_JUDG_AG_PT_POI_PES_MAD
DOC_JUDG_CJ_2006_0412_20080410,ACT_EU_INST_CJEU_JUDG_AG_PT_POI_PES_MAD
DOC_JUDG_CJ_2006_0413_P_20080710,ACT_EU_INST_CJEU_JUDG_AG_DE_KOK
DOC_JUDG_CJ_2006_0414_20080515,ACT_EU_INST_CJEU_JUDG_AG_UK_SHA
DOC_JUDG_CJ_2006_0417_P_20071129,ACT_EU_INST_CJEU_JUDG_AG_PT_POI_PES_MAD
DOC_JUDG_CJ_2006_0418_P_20080424,ACT_EU_INST_CJEU_JUDG_AG_IT_MEN
DOC_JUDG_CJ_2006_0419_20080214,ACT_EU_INST_CJEU_JUDG_AG_IT_MEN
DOC_JUDG_CJ_2006_0420_20080311,ACT_EU_INST_CJEU_JUDG_AG_FR_BOT
DOC_JUDG_CJ_2006_0425_20080221,ACT_EU_INST_CJEU_JUDG_AG_PT_POI_PES_MAD
DOC_JUDG_CJ_2006_0427_20080923,ACT_EU_INST_CJEU_JUDG_AG_UK_SHA
DOC_JUDG_CJ_2006_0428_20080911,ACT_EU_INST_CJEU_JUDG_AG_DE_KOK
DOC_JUDG_CJ_2006_0435_20071127,ACT_EU_INST_CJEU_JUDG_AG_DE_KOK
DOC_JUDG_CJ_2006_0436_20071218,ACT_EU_INST_CJEU_JUDG_AG_ES_RUI_JAR_COL
DOC_JUDG_CJ_2006_0437_20080313,ACT_EU_INST_CJEU_JUDG_AG_SK_MAZ
DOC_JUDG_CJ_2006_0439_20080522,ACT_EU_INST_CJEU_JUDG_AG_SK_MAZ
DOC_JUDG_CJ_2006_0440_20071025,ACT_EU_INST_CJEU_JUDG_AG_DE_KOK
DOC_JUDG_CJ_2006_0441_20071018,ACT_EU_INST_CJEU_JUDG_AG_PT_POI_PES_MAD
DOC_JUDG_CJ_2006_0442_20080410,ACT_EU_INST_CJEU_JUDG_AG_DE_KOK
DOC_JUDG_CJ_2006_0443_20071011,ACT_EU_INST_CJEU_JUDG_AG_IT_MEN
DOC_JUDG_CJ_2006_0444_20080403,ACT_EU_INST_CJEU_JUDG_AG_UK_SHA
DOC_JUDG_CJ_2006_0445_20090324,ACT_EU_INST_CJEU_JUDG_AG_SI_TRS
DOC_JUDG_CJ_2006_0446_20080228,ACT_EU_INST_CJEU_JUDG_AG_FR_BOT
DOC_JUDG_CJ_2006_0448_20080717,ACT_EU_INST_CJEU_JUDG_AG_SK_MAZ
DOC_JUDG_CJ_2006_0449_20080214,ACT_EU_INST_CJEU_JUDG_AG_IT_MEN
DOC_JUDG_CJ_2006_0450_20080214,ACT_EU_INST_CJEU_JUDG_AG_UK_SHA
DOC_JUDG_CJ_2006_0451_20071206,ACT_EU_INST_CJEU_JUDG_AG_UK_SHA
DOC_JUDG_CJ_2006_0452_20081016,ACT_EU_INST_CJEU_JUDG_AG_FR_BOT
DOC_JUDG_CJ_2006_0454_20080619,ACT_EU_INST_CJEU_JUDG_AG_DE_KOK
DOC_JUDG_CJ_2006_0455_20081125,ACT_EU_INST_CJEU_JUDG_AG_FR_BOT
DOC_JUDG_CJ_2006_0456_20080417,ACT_EU_INST_CJEU_JUDG_AG_UK_SHA
DOC_JUDG_CJ_2006_0458_20080612,ACT_EU_INST_CJEU_JUDG_AG_FR_BOT
DOC_JUDG_CJ_2006_0460_20071011,ACT_EU_INST_CJEU_JUDG_AG_FR_BOT
DOC_JUDG_CJ_2006_0462_20080522,ACT_EU_INST_CJEU_JUDG_AG_PT_POI_PES_MAD
DOC_JUDG_CJ_2006_0463_20071213,ACT_EU_INST_CJEU_JUDG_AG_SI_TRS
DOC_JUDG_CJ_2006_0464_20071018,ACT_EU_INST_CJEU_JUDG_AG_SI_TRS
DOC_JUDG_CJ_2006_0465_20070927,ACT_EU_INST_CJEU_JUDG_AG_FR_BOT
DOC_JUDG_CJ_2006_0468_20080916,ACT_EU_INST_CJEU_JUDG_AG_ES_RUI_JAR_COL
DOC_JUDG_CJ_2006_0480_20090609,ACT_EU_INST_CJEU_JUDG_AG_SK_MAZ
DOC_JUDG_CJ_2006_0481_20071218,ACT_EU_INST_CJEU_JUDG_AG_SK_MAZ
DOC_JUDG_CJ_2006_0484_20080710,ACT_EU_INST_CJEU_JUDG_AG_UK_SHA
DOC_JUDG_CJ_2006_0486_20071206,ACT_EU_INST_CJEU_JUDG_AG_ES_RUI_JAR_COL
DOC_JUDG_CJ_2006_0487_P_20081222,ACT_EU_INST_CJEU_JUDG_AG_IT_MEN
DOC_JUDG_CJ_2006_0488_P_20080717,ACT_EU_INST_CJEU_JUDG_AG_UK_SHA
DOC_JUDG_CJ_2006_0489_20090319,ACT_EU_INST_CJEU_JUDG_AG_SK_MAZ
DOC_JUDG_CJ_2006_0491_20080508,ACT_EU_INST_CJEU_JUDG_AG_FR_BOT
DOC_JUDG_CJ_2006_0494_P_20090430,ACT_EU_INST_CJEU_JUDG_AG_UK_SHA
DOC_JUDG_CJ_2006_0497_P_20090430,ACT_EU_INST_CJEU_JUDG_AG_SI_TRS
DOC_JUDG_CJ_2006_0498_20080221,ACT_EU_INST_CJEU_JUDG_AG_PT_POI_PES_MAD
DOC_JUDG_CJ_2006_0499_20080522,ACT_EU_INST_CJEU_JUDG_AG_PT_POI_PES_MAD
DOC_JUDG_CJ_2006_0500_20080717,ACT_EU_INST_CJEU_JUDG_AG_FR_BOT
DOC_JUDG_CJ_2006_0501_P_20091006,ACT_EU_INST_CJEU_JUDG_AG_SI_TRS
DOC_JUDG_CJ_2006_0503_20080515,ACT_EU_INST_CJEU_JUDG_AG_DE_KOK
DOC_JUDG_CJ_2006_0504_20080725,ACT_EU_INST_CJEU_JUDG_AG_SK_MAZ
DOC_JUDG_CJ_2006_0506_20080226,ACT_EU_INST_CJEU_JUDG_AG_ES_RUI_JAR_COL
DOC_JUDG_CJ_2006_0507_20080221,ACT_EU_INST_CJEU_JUDG_AG_IT_MEN
DOC_JUDG_CJ_2006_0508_20071129,ACT_EU_INST_CJEU_JUDG_AG_IT_MEN
DOC_JUDG_CJ_2006_0510_P_20090319,ACT_EU_INST_CJEU_JUDG_AG_SI_TRS
DOC_JUDG_CJ_2006_0511_P_20090709,ACT_EU_INST_CJEU_JUDG_AG_IT_MEN
DOC_JUDG_CJ_2006_0514_P_20080918,ACT_EU_INST_CJEU_JUDG_AG_SI_TRS
DOC_JUDG_CJ_2006_0516_P_20071206,ACT_EU_INST_CJEU_JUDG_AG_SK_MAZ
DOC_JUDG_CJ_2006_0517_20070718,ACT_EU_INST_CJEU_JUDG_AG_DE_KOK
DOC_JUDG_CJ_2006_0518_20090428,ACT_EU_INST_CJEU_JUDG_AG_SK_MAZ
DOC_JUDG_CJ_2006_0521_P_20080717,ACT_EU_INST_CJEU_JUDG_AG_FR_BOT
DOC_JUDG_CJ_2006_0522_20080403,ACT_EU_INST_CJEU_JUDG_AG_SK_MAZ
DOC_JUDG_CJ_2006_0523_20071004,ACT_EU_INST_CJEU_JUDG_AG_UK_SHA
DOC_JUDG_CJ_2006_0524_20081216,ACT_EU_INST_CJEU_JUDG_AG_PT_POI_PES_MAD
DOC_JUDG_CJ_2006_0526_20071213,ACT_EU_INST_CJEU_JUDG_AG_ES_RUI_JAR_COL
DOC_JUDG_CJ_2006_0527_20081016,ACT_EU_INST_CJEU_JUDG_AG_IT_MEN
DOC_JUDG_CJ_2006_0528_20071213,ACT_EU_INST_CJEU_JUDG_AG_DE_KOK
DOC_JUDG_CJ_2006_0529_20070927,ACT_EU_INST_CJEU_JUDG_AG_DE_KOK
DOC_JUDG_CJ_2006_0531_20090519,ACT_EU_INST_CJEU_JUDG_AG_FR_BOT
DOC_JUDG_CJ_2006_0532_20080124,ACT_EU_INST_CJEU_JUDG_AG_ES_RUI_JAR_COL
DOC_JUDG_CJ_2006_0533_20080612,ACT_EU_INST_CJEU_JUDG_AG_IT_MEN
DOC_JUDG_CJ_2006_0534_20080605,ACT_EU_INST_CJEU_JUDG_AG_ES_RUI_JAR_COL
DOC_JUDG_CJ_2006_0535_P_20090903,ACT_EU_INST_CJEU_JUDG_AG_SI_TRS
DOC_JUDG_CJ_2007_0001_20081120,ACT_EU_INST_CJEU_JUDG_AG_FR_BOT
DOC_JUDG_CJ_2007_0002_20080228,ACT_EU_INST_CJEU_JUDG_AG_DE_KOK
DOC_JUDG_CJ_2007_0003_20071108,ACT_EU_INST_CJEU_JUDG_AG_UK_SHA
DOC_JUDG_CJ_2007_0004_20070927,ACT_EU_INST_CJEU_JUDG_AG_IT_MEN
DOC_JUDG_CJ_2007_0004_20240704,ACT_EU_INST_CJEU_JUDG_AG_PL_SZP
DOC_JUDG_CJ_2007_0005_20070927,ACT_EU_INST_CJEU_JUDG_AG_FR_BOT
DOC_JUDG_CJ_2007_0006_20071129,ACT_EU_INST_CJEU_JUDG_AG_SK_MAZ
DOC_JUDG_CJ_2007_0009_20070927,ACT_EU_INST_CJEU_JUDG_AG_DE_KOK
DOC_JUDG_CJ_2007_0011_20080911,ACT_EU_INST_CJEU_JUDG_AG_SK_MAZ
DOC_JUDG_CJ_2007_0014_20080508,ACT_EU_INST_CJEU_JUDG_AG_SI_TRS
DOC_JUDG_CJ_2007_0016_P_20081009,ACT_EU_INST_CJEU_JUDG_AG_FR_BOT
DOC_JUDG_CJ_2007_0017_P_20080228,ACT_EU_INST_CJEU_JUDG_AG_SK_MAZ
DOC_JUDG_CJ_2007_0019_20080117,ACT_EU_INST_CJEU_JUDG_AG_ES_RUI_JAR_COL
DOC_JUDG_CJ_2007_0025_20080710,ACT_EU_INST_CJEU_JUDG_AG_SK_MAZ
DOC_JUDG_CJ_2007_0026_20070718,ACT_EU_INST_CJEU_JUDG_AG_SK_MAZ
DOC_JUDG_CJ_2007_0027_20080403,ACT_EU_INST_CJEU_JUDG_AG_UK_SHA
DOC_JUDG_CJ_2007_0032_20080131,ACT_EU_INST_CJEU_JUDG_AG_PT_POI_PES_MAD
DOC_JUDG_CJ_2007_0033_20080710,ACT_EU_INST_CJEU_JUDG_AG_SK_MAZ
DOC_JUDG_CJ_2007_0034_20071129,ACT_EU_INST_CJEU_JUDG_AG_UK_SHA
DOC_JUDG_CJ_2007_0035_20070927,ACT_EU_INST_CJEU_JUDG_AG_IT_MEN
DOC_JUDG_CJ_2007_0038_P_20081120,ACT_EU_INST_CJEU_JUDG_AG_SI_TRS
DOC_JUDG_CJ_2007_0039_20080508,ACT_EU_INST_CJEU_JUDG_AG_PT_POI_PES_MAD
DOC_JUDG_CJ_2007_0040_20071108,ACT_EU_INST_CJEU_JUDG_AG_SI_TRS
DOC_JUDG_CJ_2007_0042_20090908,ACT_EU_INST_CJEU_JUDG_AG_FR_BOT
DOC_JUDG_CJ_2007_0043_20080911,ACT_EU_INST_CJEU_JUDG_AG_SK_MAZ
DOC_JUDG_CJ_2007_0045_20090212,ACT_EU_INST_CJEU_JUDG_AG_FR_BOT
DOC_JUDG_CJ_2007_0046_20081113,ACT_EU_INST_CJEU_JUDG_AG_PT_POI_PES_MAD
DOC_JUDG_CJ_2007_0047_P_20081216,ACT_EU_INST_CJEU_JUDG_AG_SK_MAZ
DOC_JUDG_CJ_2007_0048_20081222,ACT_EU_INST_CJEU_JUDG_AG_UK_SHA
DOC_JUDG_CJ_2007_0049_20080701,ACT_EU_INST_CJEU_JUDG_AG_DE_KOK
DOC_JUDG_CJ_2007_0050_20070718,ACT_EU_INST_CJEU_JUDG_AG_DE_KOK
DOC_JUDG_CJ_2007_0052_20081211,ACT_EU_INST_CJEU_JUDG_AG_SI_TRS
DOC_JUDG_CJ_2007_0054_20080710,ACT_EU_INST_CJEU_JUDG_AG_PT_POI_PES_MAD
DOC_JUDG_CJ_2007_0055_20080424,ACT_EU_INST_CJEU_JUDG_AG_ES_RUI_JAR_COL
DOC_JUDG_CJ_2007_0057_20071206,ACT_EU_INST_CJEU_JUDG_AG_FR_BOT
DOC_JUDG_CJ_2007_0058_20080214,ACT_EU_INST_CJEU_JUDG_AG_SK_MAZ
DOC_JUDG_CJ_2007_0059_20071115,ACT_EU_INST_CJEU_JUDG_AG_DE_KOK
DOC_JUDG_CJ_2007_0060_20071108,ACT_EU_INST_CJEU_JUDG_AG_SK_MAZ
DOC_JUDG_CJ_2007_0061_20070718,ACT_EU_INST_CJEU_JUDG_AG_ES_RUI_JAR_COL
DOC_JUDG_CJ_2007_0066_20070927,ACT_EU_INST_CJEU_JUDG_AG_FR_BOT
DOC_JUDG_CJ_2007_0067_20071129,ACT_EU_INST_CJEU_JUDG_AG_SK_MAZ
DOC_JUDG_CJ_2007_0068_20071129,ACT_EU_INST_CJEU_JUDG_AG_UK_SHA
DOC_JUDG_CJ_2007_0069_20080131,ACT_EU_INST_CJEU_JUDG_AG_SI_TRS
DOC_JUDG_CJ_2007_0071_P_20080717,ACT_EU_INST_CJEU_JUDG_AG_IT_MEN
DOC_JUDG_CJ_2007_0073_20081216,ACT_EU_INST_CJEU_JUDG_AG_DE_KOK
DOC_JUDG_CJ_2007_0075_20071108,ACT_EU_INST_CJEU_JUDG_AG_DE_KOK
DOC_JUDG_CJ_2007_0078_20080313,ACT_EU_INST_CJEU_JUDG_AG_FR_BOT
DOC_JUDG_CJ_2007_0081_20080313,ACT_EU_INST_CJEU_JUDG_AG_UK_SHA
DOC_JUDG_CJ_2007_0082_20080306,ACT_EU_INST_CJEU_JUDG_AG_PT_POI_PES_MAD
DOC_JUDG_CJ_2007_0084_20081204,ACT_EU_INST_CJEU_JUDG_AG_FR_BOT
DOC_JUDG_CJ_2007_0085_20071218,ACT_EU_INST_CJEU_JUDG_AG_SK_MAZ
DOC_JUDG_CJ_2007_0088_20090305,ACT_EU_INST_CJEU_JUDG_AG_SK_MAZ
DOC_JUDG_CJ_2007_0089_20080311,ACT_EU_INST_CJEU_JUDG_AG_UK_SHA
DOC_JUDG_CJ_2007_0090_20070712,ACT_EU_INST_CJEU_JUDG_AG_DE_KOK
DOC_JUDG_CJ_2007_0092_20100429,ACT_EU_INST_CJEU_JUDG_AG_FI_JAA
DOC_JUDG_CJ_2007_0093_20070927,ACT_EU_INST_CJEU_JUDG_AG_IT_MEN
DOC_JUDG_CJ_2007_0094_20080717,ACT_EU_INST_CJEU_JUDG_AG_PT_POI_PES_MAD
DOC_JUDG_CJ_2007_0095_20080508,ACT_EU_INST_CJEU_JUDG_AG_UK_SHA
DOC_JUDG_CJ_2007_0098_20080306,ACT_EU_INST_CJEU_JUDG_AG_FR_BOT
DOC_JUDG_CJ_2007_0101_P_20081218,ACT_EU_INST_CJEU_JUDG_AG_SK_MAZ
DOC_JUDG_CJ_2007_0102_20080410,ACT_EU_INST_CJEU_JUDG_AG_ES_RUI_JAR_COL
DOC_JUDG_CJ_2007_0103_P_20080131,ACT_EU_INST_CJEU_JUDG_AG_ES_RUI_JAR_COL
DOC_JUDG_CJ_2007_0105_20080117,ACT_EU_INST_CJEU_JUDG_AG_DE_KOK
DOC_JUDG_CJ_2007_0106_20071206,ACT_EU_INST_CJEU_JUDG_AG_UK_SHA
DOC_JUDG_CJ_2007_0108_P_20080417,ACT_EU_INST_CJEU_JUDG_AG_ES_RUI_JAR_COL
DOC_JUDG_CJ_2007_0112_20071129,ACT_EU_INST_CJEU_JUDG_AG_SK_MAZ
DOC_JUDG_CJ_2007_0113_P_20090326,ACT_EU_INST_CJEU_JUDG_AG_SI_TRS
DOC_JUDG_CJ_2007_0114_20071025,ACT_EU_INST_CJEU_JUDG_AG_SI_TRS
DOC_JUDG_CJ_2007_0115_20070927,ACT_EU_INST_CJEU_JUDG_AG_ES_RUI_JAR_COL
DOC_JUDG_CJ_2007_0117_20070927,ACT_EU_INST_CJEU_JUDG_AG_PT_POI_PES_MAD
DOC_JUDG_CJ_2007_0118_20091119,ACT_EU_INST_CJEU_JUDG_AG_UK_SHA
DOC_JUDG_CJ_2007_0121_20081209,ACT_EU_INST_CJEU_JUDG_AG_SK_MAZ
DOC_JUDG_CJ_2007_0124_20080403,ACT_EU_INST_CJEU_JUDG_AG_UK_SHA
DOC_JUDG_CJ_2007_0125_P_20090924,ACT_EU_INST_CJEU_JUDG_AG_FR_BOT
DOC_JUDG_CJ_2007_0127_20081216,ACT_EU_INST_CJEU_JUDG_AG_PT_POI_PES_MAD
DOC_JUDG_CJ_2007_0136_20081016,ACT_EU_INST_CJEU_JUDG_AG_FR_BOT
DOC_JUDG_CJ_2007_0138_20090212,ACT_EU_INST_CJEU_JUDG_AG_UK_SHA
DOC_JUDG_CJ_2007_0139_P_20100629,ACT_EU_INST_CJEU_JUDG_AG_DE_KOK
DOC_JUDG_CJ_2007_0140_20090115,ACT_EU_INST_CJEU_JUDG_AG_SI_TRS
DOC_JUDG_CJ_2007_0141_20080911,ACT_EU_INST_CJEU_JUDG_AG_FR_BOT
DOC_JUDG_CJ_2007_0142_20080725,ACT_EU_INST_CJEU_JUDG_AG_DE_KOK
DOC_JUDG_CJ_2007_0143_20080424,ACT_EU_INST_CJEU_JUDG_AG_SI_TRS
DOC_JUDG_CJ_2007_0144_P_20081002,ACT_EU_INST_CJEU_JUDG_AG_FR_BOT
DOC_JUDG_CJ_2007_0147_20080131,ACT_EU_INST_CJEU_JUDG_AG_SK_MAZ
DOC_JUDG_CJ_2007_0150_20090122,ACT_EU_INST_CJEU_JUDG_AG_SI_TRS
DOC_JUDG_CJ_2007_0151_20081204,ACT_EU_INST_CJEU_JUDG_AG_FR_BOT
DOC_JUDG_CJ_2007_0152_20080717,ACT_EU_INST_CJEU_JUDG_AG_ES_RUI_JAR_COL
DOC_JUDG_CJ_2007_0155_20081106,ACT_EU_INST_CJEU_JUDG_AG_DE_KOK
DOC_JUDG_CJ_2007_0157_20081023,ACT_EU_INST_CJEU_JUDG_AG_UK_SHA
DOC_JUDG_CJ_2007_0158_20081118,ACT_EU_INST_CJEU_JUDG_AG_SK_MAZ
DOC_JUDG_CJ_2007_0161_20081222,ACT_EU_INST_CJEU_JUDG_AG_PT_POI_PES_MAD
DOC_JUDG_CJ_2007_0162_20080522,ACT_EU_INST_CJEU_JUDG_AG_SK_MAZ
DOC_JUDG_CJ_2007_0164_20080605,ACT_EU_INST_CJEU_JUDG_AG_DE_KOK
DOC_JUDG_CJ_2007_0165_20080522,ACT_EU_INST_CJEU_JUDG_AG_IT_MEN
DOC_JUDG_CJ_2007_0166_20090903,ACT_EU_INST_CJEU_JUDG_AG_FR_BOT
DOC_JUDG_CJ_2007_0169_20090310,ACT_EU_INST_CJEU_JUDG_AG_FR_BOT
DOC_JUDG_CJ_2007_0170_20080605,ACT_EU_INST_CJEU_JUDG_AG_UK_SHA
DOC_JUDG_CJ_2007_0171_20090519,ACT_EU_INST_CJEU_JUDG_AG_FR_BOT
DOC_JUDG_CJ_2007_0173_20080710,ACT_EU_INST_CJEU_JUDG_AG_UK_SHA
DOC_JUDG_CJ_2007_0174_20081211,ACT_EU_INST_CJEU_JUDG_AG_UK_SHA
DOC_JUDG_CJ_2007_0185_20090210,ACT_EU_INST_CJEU_JUDG_AG_DE_KOK
DOC_JUDG_CJ_2007_0187_20080403,ACT_EU_INST_CJEU_JUDG_AG_FR_BOT
DOC_JUDG_CJ_2007_0188_20080624,ACT_EU_INST_CJEU_JUDG_AG_DE_KOK
DOC_JUDG_CJ_2007_0189_20081222,ACT_EU_INST_CJEU_JUDG_AG_PT_POI_PES_MAD
DOC_JUDG_CJ_2007_0196_20080306,ACT_EU_INST_CJEU_JUDG_AG_DE_KOK
DOC_JUDG_CJ_2007_0198_P_20081222,ACT_EU_INST_CJEU_JUDG_AG_FR_BOT
DOC_JUDG_CJ_2007_0199_20091112,ACT_EU_INST_CJEU_JUDG_AG_UK_SHA
DOC_JUDG_CJ_2007_0200_20081021,ACT_EU_INST_CJEU_JUDG_AG_PT_POI_PES_MAD
DOC_JUDG_CJ_2007_0202_P_20090402,ACT_EU_INST_CJEU_JUDG_AG_SK_MAZ
DOC_JUDG_CJ_2007_0203_P_20081106,ACT_EU_INST_CJEU_JUDG_AG_SK_MAZ
DOC_JUDG_CJ_2007_0204_P_20080725,ACT_EU_INST_CJEU_JUDG_AG_SI_TRS
DOC_JUDG_CJ_2007_0205_20081216,ACT_EU_INST_CJEU_JUDG_AG_SI_TRS
DOC_JUDG_CJ_2007_0207_20080717,ACT_EU_INST_CJEU_JUDG_AG_DE_KOK
DOC_JUDG_CJ_2007_0208_20090716,ACT_EU_INST_CJEU_JUDG_AG_IT_MEN
DOC_JUDG_CJ_2007_0209_20081120,ACT_EU_INST_CJEU_JUDG_AG_SI_TRS
DOC_JUDG_CJ_2007_0211_20080221,ACT_EU_INST_CJEU_JUDG_AG_SK_MAZ
DOC_JUDG_CJ_2007_0213_20081216,ACT_EU_INST_CJEU_JUDG_AG_PT_POI_PES_MAD
DOC_JUDG_CJ_2007_0214_20081113,ACT_EU_INST_CJEU_JUDG_AG_UK_SHA
DOC_JUDG_CJ_2007_0219_20080619,ACT_EU_INST_CJEU_JUDG_AG_SI_TRS
DOC_JUDG_CJ_2007_0220_20080619,ACT_EU_INST_CJEU_JUDG_AG_ES_RUI_JAR_COL
DOC_JUDG_CJ_2007_0221_20081204,ACT_EU_INST_CJEU_JUDG_AG_PT_POI_PES_MAD
DOC_JUDG_CJ_2007_0222_20090305,ACT_EU_INST_CJEU_JUDG_AG_DE_KOK
DOC_JUDG_CJ_2007_0224_20071108,ACT_EU_INST_CJEU_JUDG_AG_DE_KOK
DOC_JUDG_CJ_2007_0226_20080717,ACT_EU_INST_CJEU_JUDG_AG_PT_POI_PES_MAD
DOC_JUDG_CJ_2007_0227_20081113,ACT_EU_INST_CJEU_JUDG_AG_ES_RUI_JAR_COL
DOC_JUDG_CJ_2007_0228_20080911,ACT_EU_INST_CJEU_JUDG_AG_ES_RUI_JAR_COL
DOC_JUDG_CJ_2007_0230_20081009,ACT_EU_INST_CJEU_JUDG_AG_ES_RUI_JAR_COL
DOC_JUDG_CJ_2007_0233_20080508,ACT_EU_INST_CJEU_JUDG_AG_SI_TRS
DOC_JUDG_CJ_2007_0237_20080725,ACT_EU_INST_CJEU_JUDG_AG_SK_MAZ
DOC_JUDG_CJ_2007_0239_20081009,ACT_EU_INST_CJEU_JUDG_AG_DE_KOK
DOC_JUDG_CJ_2007_0240_20090120,ACT_EU_INST_CJEU_JUDG_AG_ES_RUI_JAR_COL
DOC_JUDG_CJ_2007_0241_20090604,ACT_EU_INST_CJEU_JUDG_AG_SK_MAZ
DOC_JUDG_CJ_2007_0244_20071213,ACT_EU_INST_CJEU_JUDG_AG_FR_BOT
DOC_JUDG_CJ_2007_0246_20100420,ACT_EU_INST_CJEU_JUDG_AG_PT_POI_PES_MAD
DOC_JUDG_CJ_2007_0247_20081204,ACT_EU_INST_CJEU_JUDG_AG_DE_KOK
DOC_JUDG_CJ_2007_0248_20081106,ACT_EU_INST_CJEU_JUDG_AG_ES_RUI_JAR_COL
DOC_JUDG_CJ_2007_0249_20081204,ACT_EU_INST_CJEU_JUDG_AG_PT_POI_PES_MAD
DOC_JUDG_CJ_2007_0250_20090604,ACT_EU_INST_CJEU_JUDG_AG_PT_POI_PES_MAD
DOC_JUDG_CJ_2007_0251_20080911,ACT_EU_INST_CJEU_JUDG_AG_DE_KOK
DOC_JUDG_CJ_2007_0252_20081127,ACT_EU_INST_CJEU_JUDG_AG_UK_SHA
DOC_JUDG_CJ_2007_0253_20081016,ACT_EU_INST_CJEU_JUDG_AG_ES_RUI_JAR_COL
DOC_JUDG_CJ_2007_0256_20090319,ACT_EU_INST_CJEU_JUDG_AG_SK_MAZ
DOC_JUDG_CJ_2007_0257_20071218,ACT_EU_INST_CJEU_JUDG_AG_ES_RUI_JAR_COL
DOC_JUDG_CJ_2007_0258_20071206,ACT_EU_INST_CJEU_JUDG_AG_SI_TRS
DOC_JUDG_CJ_2007_0259_20080131,ACT_EU_INST_CJEU_JUDG_AG_SK_MAZ
DOC_JUDG_CJ_2007_0260_20090402,ACT_EU_INST_CJEU_JUDG_AG_IT_MEN
DOC_JUDG_CJ_2007_0261_20090423,ACT_EU_INST_CJEU_JUDG_AG_SI_TRS
DOC_JUDG_CJ_2007_0263_20071129,ACT_EU_INST_CJEU_JUDG_AG_IT_MEN
DOC_JUDG_CJ_2007_0264_20080131,ACT_EU_INST_CJEU_JUDG_AG_FR_BOT
DOC_JUDG_CJ_2007_0265_20080911,ACT_EU_INST_CJEU_JUDG_AG_SI_TRS
DOC_JUDG_CJ_2007_0268_20080131,ACT_EU_INST_CJEU_JUDG_AG_ES_RUI_JAR_COL
DOC_JUDG_CJ_2007_0269_20090910,ACT_EU_INST_CJEU_JUDG_AG_SK_MAZ
DOC_JUDG_CJ_2007_0270_20090319,ACT_EU_INST_CJEU_JUDG_AG_PT_POI_PES_MAD
DOC_JUDG_CJ_2007_0271_20080520,ACT_EU_INST_CJEU_JUDG_AG_PT_POI_PES_MAD
DOC_JUDG_CJ_2007_0272_20080624,ACT_EU_INST_CJEU_JUDG_AG_IT_MEN
DOC_JUDG_CJ_2007_0273_20080226,ACT_EU_INST_CJEU_JUDG_AG_PT_POI_PES_MAD
DOC_JUDG_CJ_2007_0274_20080911,ACT_EU_INST_CJEU_JUDG_AG_ES_RUI_JAR_COL
DOC_JUDG_CJ_2007_0275_20090319,ACT_EU_INST_CJEU_JUDG_AG_SI_TRS
DOC_JUDG_CJ_2007_0276_20080515,ACT_EU_INST_CJEU_JUDG_AG_SK_MAZ
DOC_JUDG_CJ_2007_0278_20090129,ACT_EU_INST_CJEU_JUDG_AG_UK_SHA
DOC_JUDG_CJ_2007_0281_20090115,ACT_EU_INST_CJEU_JUDG_AG_UK_SHA
DOC_JUDG_CJ_2007_0282_20081222,ACT_EU_INST_CJEU_JUDG_AG_DE_KOK
DOC_JUDG_CJ_2007_0283_20081222,ACT_EU_INST_CJEU_JUDG_AG_SK_MAZ
DOC_JUDG_CJ_2007_0284_20071218,ACT_EU_INST_CJEU_JUDG_AG_SK_MAZ
DOC_JUDG_CJ_2007_0285_20081211,ACT_EU_INST_CJEU_JUDG_AG_UK_SHA
DOC_JUDG_CJ_2007_0286_20080424,ACT_EU_INST_CJEU_JUDG_AG_UK_SHA
DOC_JUDG_CJ_2007_0287_20090423,ACT_EU_INST_CJEU_JUDG_AG_SI_TRS
DOC_JUDG_CJ_2007_0288_20080916,ACT_EU_INST_CJEU_JUDG_AG_PT_POI_PES_MAD
DOC_JUDG_CJ_2007_0289_20080403,ACT_EU_INST_CJEU_JUDG_AG_UK_SHA
DOC_JUDG_CJ_2007_0290_P_20100902,ACT_EU_INST_CJEU_JUDG_AG_IT_MEN
DOC_JUDG_CJ_2007_0291_20081106,ACT_EU_INST_CJEU_JUDG_AG_SK_MAZ
DOC_JUDG_CJ_2007_0292_20090423,ACT_EU_INST_CJEU_JUDG_AG_DE_KOK
DOC_JUDG_CJ_2007_0293_20081211,ACT_EU_INST_CJEU_JUDG_AG_UK_SHA
DOC_JUDG_CJ_2007_0294_20071213,ACT_EU_INST_CJEU_JUDG_AG_FR_BOT
DOC_JUDG_CJ_2007_0295_P_20081211,ACT_EU_INST_CJEU_JUDG_AG_IT_MEN
DOC_JUDG_CJ_2007_0297_20081211,ACT_EU_INST_CJEU_JUDG_AG_ES_RUI_JAR_COL
DOC_JUDG_CJ_2007_0298_20081016,ACT_EU_INST_CJEU_JUDG_AG_ES_RUI_JAR_COL
DOC_JUDG_CJ_2007_0300_20090611,ACT_EU_INST_CJEU_JUDG_AG_SK_MAZ
DOC_JUDG_CJ_2007_0301_20091006,ACT_EU_INST_CJEU_JUDG_AG_UK_SHA
DOC_JUDG_CJ_2007_0302_20090305,ACT_EU_INST_CJEU_JUDG_AG_UK_SHA
DOC_JUDG_CJ_2007_0303_20090618,ACT_EU_INST_CJEU_JUDG_AG_SK_MAZ
DOC_JUDG_CJ_2007_0304_20081009,ACT_EU_INST_CJEU_JUDG_AG_UK_SHA
DOC_JUDG_CJ_2007_0306_20081218,ACT_EU_INST_CJEU_JUDG_AG_ES_RUI_JAR_COL
DOC_JUDG_CJ_2007_0307_20080710,ACT_EU_INST_CJEU_JUDG_AG_IT_MEN
DOC_JUDG_CJ_2007_0308_P_20090219,ACT_EU_INST_CJEU_JUDG_AG_SI_TRS
DOC_JUDG_CJ_2007_0309_20090319,ACT_EU_INST_CJEU_JUDG_AG_PT_POI_PES_MAD
DOC_JUDG_CJ_2007_0310_20081016,ACT_EU_INST_CJEU_JUDG_AG_ES_RUI_JAR_COL
DOC_JUDG_CJ_2007_0311_20080717,ACT_EU_INST_CJEU_JUDG_AG_IT_MEN
DOC_JUDG_CJ_2007_0312_20080605,ACT_EU_INST_CJEU_JUDG_AG_SI_TRS
DOC_JUDG_CJ_2007_0313_20081016,ACT_EU_INST_CJEU_JUDG_AG_FR_BOT
DOC_JUDG_CJ_2007_0316_20100908,ACT_EU_INST_CJEU_JUDG_AG_IT_MEN
DOC_JUDG_CJ_2007_0317_20081204,ACT_EU_INST_CJEU_JUDG_AG_DE_KOK
DOC_JUDG_CJ_2007_0318_20090127,ACT_EU_INST_CJEU_JUDG_AG_IT_MEN
DOC_JUDG_CJ_2007_0319_P_20090709,ACT_EU_INST_CJEU_JUDG_AG_UK_SHA
DOC_JUDG_CJ_2007_0320_P_20090312,ACT_EU_INST_CJEU_JUDG_AG_IT_MEN
DOC_JUDG_CJ_2007_0321_20090219,ACT_EU_INST_CJEU_JUDG_AG_FR_BOT
DOC_JUDG_CJ_2007_0322_P_20090903,ACT_EU_INST_CJEU_JUDG_AG_FR_BOT
DOC_JUDG_CJ_2007_0324_20081113,ACT_EU_INST_CJEU_JUDG_AG_SI_TRS
DOC_JUDG_CJ_2007_0326_20090326,ACT_EU_INST_CJEU_JUDG_AG_ES_RUI_JAR_COL
DOC_JUDG_CJ_2007_0328_20080221,ACT_EU_INST_CJEU_JUDG_AG_IT_MEN
DOC_JUDG_CJ_2007_0330_20081204,ACT_EU_INST_CJEU_JUDG_AG_IT_MEN
DOC_JUDG_CJ_2007_0331_20090423,ACT_EU_INST_CJEU_JUDG_AG_PT_POI_PES_MAD
DOC_JUDG_CJ_2007_0333_20081222,ACT_EU_INST_CJEU_JUDG_AG_DE_KOK
DOC_JUDG_CJ_2007_0334_P_20081211,ACT_EU_INST_CJEU_JUDG_AG_ES_RUI_JAR_COL
DOC_JUDG_CJ_2007_0335_20091006,ACT_EU_INST_CJEU_JUDG_AG_DE_KOK
DOC_JUDG_CJ_2007_0336_20081222,ACT_EU_INST_CJEU_JUDG_AG_PT_POI_PES_MAD
DOC_JUDG_CJ_2007_0337_20081218,ACT_EU_INST_CJEU_JUDG_AG_FR_BOT
DOC_JUDG_CJ_2007_0339_20090212,ACT_EU_INST_CJEU_JUDG_AG_ES_RUI_JAR_COL
DOC_JUDG_CJ_2007_0340_20080306,ACT_EU_INST_CJEU_JUDG_AG_SK_MAZ
DOC_JUDG_CJ_2007_0341_20080515,ACT_EU_INST_CJEU_JUDG_AG_ES_RUI_JAR_COL
DOC_JUDG_CJ_2007_0342_20080117,ACT_EU_INST_CJEU_JUDG_AG_SI_TRS
DOC_JUDG_CJ_2007_0343_20090702,ACT_EU_INST_CJEU_JUDG_AG_SK_MAZ
DOC_JUDG_CJ_2007_0348_20090326,ACT_EU_INST_CJEU_JUDG_AG_PT_POI_PES_MAD
DOC_JUDG_CJ_2007_0349_20081218,ACT_EU_INST_CJEU_JUDG_AG_SI_TRS
DOC_JUDG_CJ_2007_0350_20090305,ACT_EU_INST_CJEU_JUDG_AG_SK_MAZ
DOC_JUDG_CJ_2007_0352_20090402,ACT_EU_INST_CJEU_JUDG_AG_SI_TRS
DOC_JUDG_CJ_2007_0357_20090423,ACT_EU_INST_CJEU_JUDG_AG_DE_KOK
DOC_JUDG_CJ_2007_0362_20081211,ACT_EU_INST_CJEU_JUDG_AG_IT_MEN
DOC_JUDG_CJ_2007_0368_20080925,ACT_EU_INST_CJEU_JUDG_AG_UK_SHA
DOC_JUDG_CJ_2007_0369_20090707,ACT_EU_INST_CJEU_JUDG_AG_IT_MEN
DOC_JUDG_CJ_2007_0370_20091001,ACT_EU_INST_CJEU_JUDG_AG_DE_KOK
DOC_JUDG_CJ_2007_0371_20081211,ACT_EU_INST_CJEU_JUDG_AG_UK_SHA
DOC_JUDG_CJ_2007_0372_20081002,ACT_EU_INST_CJEU_JUDG_AG_FR_BOT
DOC_JUDG_CJ_2007_0373_P_20090402,ACT_EU_INST_CJEU_JUDG_AG_PT_POI_PES_MAD
DOC_JUDG_CJ_2007_0375_20081120,ACT_EU_INST_CJEU_JUDG_AG_SI_TRS
DOC_JUDG_CJ_2007_0376_20090219,ACT_EU_INST_CJEU_JUDG_AG_IT_MEN
DOC_JUDG_CJ_2007_0377_20090122,ACT_EU_INST_CJEU_JUDG_AG_ES_RUI_JAR_COL
DOC_JUDG_CJ_2007_0378_20090423,ACT_EU_INST_CJEU_JUDG_AG_DE_KOK
DOC_JUDG_CJ_2007_0381_20081106,ACT_EU_INST_CJEU_JUDG_AG_SK_MAZ
DOC_JUDG_CJ_2007_0383_20090115,ACT_EU_INST_CJEU_JUDG_AG_IT_MEN
DOC_JUDG_CJ_2007_0384_20081218,ACT_EU_INST_CJEU_JUDG_AG_SK_MAZ
DOC_JUDG_CJ_2007_0385_P_20090716,ACT_EU_INST_CJEU_JUDG_AG_FR_BOT
DOC_JUDG_CJ_2007_0387_20081211,ACT_EU_INST_CJEU_JUDG_AG_SK_MAZ
DOC_JUDG_CJ_2007_0388_20090305,ACT_EU_INST_CJEU_JUDG_AG_SK_MAZ
DOC_JUDG_CJ_2007_0390_20091210,ACT_EU_INST_CJEU_JUDG_AG_IT_MEN
DOC_JUDG_CJ_2007_0391_20081204,ACT_EU_INST_CJEU_JUDG_AG_UK_SHA
DOC_JUDG_CJ_2007_0392_20080508,ACT_EU_INST_CJEU_JUDG_AG_ES_RUI_JAR_COL
DOC_JUDG_CJ_2007_0393_20090430[275],ACT_EU_INST_CJEU_JUDG_AG_PT_POI_PES_MAD
DOC_JUDG_CJ_2007_0393_20090430[44],ACT_EU_INST_CJEU_JUDG_AG_PT_POI_PES_MAD
DOC_JUDG_CJ_2007_0394_20090402,ACT_EU_INST_CJEU_JUDG_AG_DE_KOK
DOC_JUDG_CJ_2007_0395_20080605,ACT_EU_INST_CJEU_JUDG_AG_IT_MEN
DOC_JUDG_CJ_2007_0396_20081127,ACT_EU_INST_CJEU_JUDG_AG_ES_RUI_JAR_COL
DOC_JUDG_CJ_2007_0397_20090709,ACT_EU_INST_CJEU_JUDG_AG_DE_KOK
DOC_JUDG_CJ_2007_0398_P_20090507,ACT_EU_INST_CJEU_JUDG_AG_ES_RUI_JAR_COL
DOC_JUDG_CJ_2007_0402_20091119,ACT_EU_INST_CJEU_JUDG_AG_UK_SHA
DOC_JUDG_CJ_2007_0403_20081127,ACT_EU_INST_CJEU_JUDG_AG_IT_MEN
DOC_JUDG_CJ_2007_0404_20081009,ACT_EU_INST_CJEU_JUDG_AG_DE_KOK
DOC_JUDG_CJ_2007_0405_P_20081106,ACT_EU_INST_CJEU_JUDG_AG_DE_KOK
DOC_JUDG_CJ_2007_0406_20090423,ACT_EU_INST_CJEU_JUDG_AG_DE_KOK
DOC_JUDG_CJ_2007_0407_20081211,ACT_EU_INST_CJEU_JUDG_AG_UK_SHA
DOC_JUDG_CJ_2007_0411_20081002,ACT_EU_INST_CJEU_JUDG_AG_FR_BOT
DOC_JUDG_CJ_2007_0414_20081222,ACT_EU_INST_CJEU_JUDG_AG_PT_POI_PES_MAD
DOC_JUDG_CJ_2007_0415_20090402,ACT_EU_INST_CJEU_JUDG_AG_ES_RUI_JAR_COL
DOC_JUDG_CJ_2007_0416_20090910,ACT_EU_INST_CJEU_JUDG_AG_SI_TRS
DOC_JUDG_CJ_2007_0417_20080401,ACT_EU_INST_CJEU_JUDG_AG_PT_POI_PES_MAD
DOC_JUDG_CJ_2007_0418_20081127,ACT_EU_INST_CJEU_JUDG_AG_DE_KOK
DOC_JUDG_CJ_2007_0420_20090428,ACT_EU_INST_CJEU_JUDG_AG_DE_KOK
DOC_JUDG_CJ_2007_0421_20090402,ACT_EU_INST_CJEU_JUDG_AG_ES_RUI_JAR_COL
DOC_JUDG_CJ_2007_0423_20100422,ACT_EU_INST_CJEU_JUDG_AG_IT_MEN
DOC_JUDG_CJ_2007_0424_20091203,ACT_EU_INST_CJEU_JUDG_AG_PT_POI_PES_MAD
DOC_JUDG_CJ_2007_0425_P_20090423,ACT_EU_INST_CJEU_JUDG_AG_IT_MEN
DOC_JUDG_CJ_2007_0426_20080717,ACT_EU_INST_CJEU_JUDG_AG_UK_SHA
DOC_JUDG_CJ_2007_0427_20090716,ACT_EU_INST_CJEU_JUDG_AG_DE_KOK
DOC_JUDG_CJ_2007_0428_20090716,ACT_EU_INST_CJEU_JUDG_AG_SI_TRS
DOC_JUDG_CJ_2007_0429_20090611,ACT_EU_INST_CJEU_JUDG_AG_IT_MEN
DOC_JUDG_CJ_2007_0430_20090625,ACT_EU_INST_CJEU_JUDG_AG_IT_MEN
DOC_JUDG_CJ_2007_0431_P_20090402,ACT_EU_INST_CJEU_JUDG_AG_SI_TRS
DOC_JUDG_CJ_2007_0436_P_20081113,ACT_EU_INST_CJEU_JUDG_AG_PT_POI_PES_MAD
DOC_JUDG_CJ_2007_0437_20081113,ACT_EU_INST_CJEU_JUDG_AG_FR_BOT
DOC_JUDG_CJ_2007_0438_20091006,ACT_EU_INST_CJEU_JUDG_AG_DE_KOK
DOC_JUDG_CJ_2007_0440_P_20090716,ACT_EU_INST_CJEU_JUDG_AG_ES_RUI_JAR_COL
DOC_JUDG_CJ_2007_0441_P_20100629,ACT_EU_INST_CJEU_JUDG_AG_DE_KOK
DOC_JUDG_CJ_2007_0442_20081209,ACT_EU_INST_CJEU_JUDG_AG_SK_MAZ
DOC_JUDG_CJ_2007_0443_P_20081222,ACT_EU_INST_CJEU_JUDG_AG_UK_SHA
DOC_JUDG_CJ_2007_0444_20100121,ACT_EU_INST_CJEU_JUDG_AG_PT_POI_PES_MAD
DOC_JUDG_CJ_2007_0445_P_20090910,ACT_EU_INST_CJEU_JUDG_AG_DE_KOK
DOC_JUDG_CJ_2007_0446_20090910,ACT_EU_INST_CJEU_JUDG_AG_UK_SHA
DOC_JUDG_CJ_2007_0447_20080911,ACT_EU_INST_CJEU_JUDG_AG_FR_BOT
DOC_JUDG_CJ_2007_0453_20080925,ACT_EU_INST_CJEU_JUDG_AG_IT_MEN
DOC_JUDG_CJ_2007_0457_20090910,ACT_EU_INST_CJEU_JUDG_AG_DE_KOK
DOC_JUDG_CJ_2007_0458_20090312,ACT_EU_INST_CJEU_JUDG_AG_ES_RUI_JAR_COL
DOC_JUDG_CJ_2007_0459_20090402,ACT_EU_INST_CJEU_JUDG_AG_IT_MEN
DOC_JUDG_CJ_2007_0460_20090423,ACT_EU_INST_CJEU_JUDG_AG_UK_SHA
DOC_JUDG_CJ_2007_0465_20090217,ACT_EU_INST_CJEU_JUDG_AG_PT_POI_PES_MAD
DOC_JUDG_CJ_2007_0466_20090212,ACT_EU_INST_CJEU_JUDG_AG_IT_MEN
DOC_JUDG_CJ_2007_0471_20100114,ACT_EU_INST_CJEU_JUDG_AG_SI_TRS
DOC_JUDG_CJ_2007_0473_20090122,ACT_EU_INST_CJEU_JUDG_AG_IT_MEN
DOC_JUDG_CJ_2007_0475_20090212,ACT_EU_INST_CJEU_JUDG_AG_FR_BOT
DOC_JUDG_CJ_2007_0478_20090908,ACT_EU_INST_CJEU_JUDG_AG_ES_RUI_JAR_COL
DOC_JUDG_CJ_2007_0479_20090305,ACT_EU_INST_CJEU_JUDG_AG_SI_TRS
DOC_JUDG_CJ_2007_0480_20081211,ACT_EU_INST_CJEU_JUDG_AG_DE_KOK
DOC_JUDG_CJ_2007_0481_P_20090716,ACT_EU_INST_CJEU_JUDG_AG_ES_RUI_JAR_COL
DOC_JUDG_CJ_2007_0482_20090903,ACT_EU_INST_CJEU_JUDG_AG_FR_BOT
DOC_JUDG_CJ_2007_0484_20110616,ACT_EU_INST_CJEU_JUDG_AG_UK_SHA
DOC_JUDG_CJ_2007_0485_20110526,ACT_EU_INST_CJEU_JUDG_AG_UK_SHA
DOC_JUDG_CJ_2007_0486_20081211,ACT_EU_INST_CJEU_JUDG_AG_DE_KOK
DOC_JUDG_CJ_2007_0487_20090618,ACT_EU_INST_CJEU_JUDG_AG_IT_MEN
DOC_JUDG_CJ_2007_0488_20081218,ACT_EU_INST_CJEU_JUDG_AG_IT_MEN
DOC_JUDG_CJ_2007_0489_20090903,ACT_EU_INST_CJEU_JUDG_AG_SI_TRS
DOC_JUDG_CJ_2007_0491_20081222,ACT_EU_INST_CJEU_JUDG_AG_FR_BOT
DOC_JUDG_CJ_2007_0492_20090122,ACT_EU_INST_CJEU_JUDG_AG_SK_MAZ
DOC_JUDG_CJ_2007_0493_20080725,ACT_EU_INST_CJEU_JUDG_AG_ES_RUI_JAR_COL
DOC_JUDG_CJ_2007_0495_20090115,ACT_EU_INST_CJEU_JUDG_AG_ES_RUI_JAR_COL
DOC_JUDG_CJ_2007_0498_P_20090903,ACT_EU_INST_CJEU_JUDG_AG_SK_MAZ
DOC_JUDG_CJ_2007_0502_20090115,ACT_EU_INST_CJEU_JUDG_AG_SK_MAZ
DOC_JUDG_CJ_2007_0504_20090507,ACT_EU_INST_CJEU_JUDG_AG_ES_RUI_JAR_COL
DOC_JUDG_CJ_2007_0505_20091001,ACT_EU_INST_CJEU_JUDG_AG_DE_KOK
DOC_JUDG_CJ_2007_0507_20080603,ACT_EU_INST_CJEU_JUDG_AG_PT_POI_PES_MAD
DOC_JUDG_CJ_2007_0509_20090423,ACT_EU_INST_CJEU_JUDG_AG_SK_MAZ
DOC_JUDG_CJ_2007_0510_20080717,ACT_EU_INST_CJEU_JUDG_AG_DE_KOK
DOC_JUDG_CJ_2007_0514_P_20100921,ACT_EU_INST_CJEU_JUDG_AG_PT_POI_PES_MAD
DOC_JUDG_CJ_2007_0515_20090212,ACT_EU_INST_CJEU_JUDG_AG_IT_MEN
DOC_JUDG_CJ_2007_0516_20090507,ACT_EU_INST_CJEU_JUDG_AG_SK_MAZ
DOC_JUDG_CJ_2007_0517_20081218,ACT_EU_INST_CJEU_JUDG_AG_FR_BOT
DOC_JUDG_CJ_2007_0518_20100309,ACT_EU_INST_CJEU_JUDG_AG_SK_MAZ
DOC_JUDG_CJ_2007_0519_P_20090917,ACT_EU_INST_CJEU_JUDG_AG_FR_BOT
DOC_JUDG_CJ_2007_0520_P_20090917,ACT_EU_INST_CJEU_JUDG_AG_SI_TRS
DOC_JUDG_CJ_2007_0521_20090611,ACT_EU_INST_CJEU_JUDG_AG_ES_RUI_JAR_COL
DOC_JUDG_CJ_2007_0522_20091029,ACT_EU_INST_CJEU_JUDG_AG_UK_SHA
DOC_JUDG_CJ_2007_0523_20090402,ACT_EU_INST_CJEU_JUDG_AG_DE_KOK
DOC_JUDG_CJ_2007_0524_20081211,ACT_EU_INST_CJEU_JUDG_AG_ES_RUI_JAR_COL
DOC_JUDG_CJ_2007_0527_20090618,ACT_EU_INST_CJEU_JUDG_AG_SK_MAZ
DOC_JUDG_CJ_2007_0529_20090611,ACT_EU_INST_CJEU_JUDG_AG_UK_SHA
DOC_JUDG_CJ_2007_0530_20090507,ACT_EU_INST_CJEU_JUDG_AG_DE_KOK
DOC_JUDG_CJ_2007_0531_20090430,ACT_EU_INST_CJEU_JUDG_AG_SI_TRS
DOC_JUDG_CJ_2007_0533_20090423,ACT_EU_INST_CJEU_JUDG_AG_SI_TRS
DOC_JUDG_CJ_2007_0534_P_20090903,ACT_EU_INST_CJEU_JUDG_AG_IT_MEN
DOC_JUDG_CJ_2007_0535_20101014,ACT_EU_INST_CJEU_JUDG_AG_UK_SHA
DOC_JUDG_CJ_2007_0536_20091029,ACT_EU_INST_CJEU_JUDG_AG_SI_TRS
DOC_JUDG_CJ_2007_0537_20090716,ACT_EU_INST_CJEU_JUDG_AG_UK_SHA
DOC_JUDG_CJ_2007_0538_20090519,ACT_EU_INST_CJEU_JUDG_AG_SK_MAZ
DOC_JUDG_CJ_2007_0539_20090115,ACT_EU_INST_CJEU_JUDG_AG_ES_RUI_JAR_COL
DOC_JUDG_CJ_2007_0540_20091119,ACT_EU_INST_CJEU_JUDG_AG_DE_KOK
DOC_JUDG_CJ_2007_0542_P_20090611,ACT_EU_INST_CJEU_JUDG_AG_FR_BOT
DOC_JUDG_CJ_2007_0543_20080717,ACT_EU_INST_CJEU_JUDG_AG_SK_MAZ
DOC_JUDG_CJ_2007_0544_20090423,ACT_EU_INST_CJEU_JUDG_AG_IT_MEN
DOC_JUDG_CJ_2007_0545_20090305,ACT_EU_INST_CJEU_JUDG_AG_UK_SHA
DOC_JUDG_CJ_2007_0546_20100121,ACT_EU_INST_CJEU_JUDG_AG_SK_MAZ
DOC_JUDG_CJ_2007_0549_20081222,ACT_EU_INST_CJEU_JUDG_AG_UK_SHA
DOC_JUDG_CJ_2007_0550_P_20100914,ACT_EU_INST_CJEU_JUDG_AG_DE_KOK
DOC_JUDG_CJ_2007_0552_20090217,ACT_EU_INST_CJEU_JUDG_AG_UK_SHA
DOC_JUDG_CJ_2007_0553_20090507,ACT_EU_INST_CJEU_JUDG_AG_ES_RUI_JAR_COL
DOC_JUDG_CJ_2007_0554_20090716,ACT_EU_INST_CJEU_JUDG_AG_SK_MAZ
DOC_JUDG_CJ_2007_0555_20100119,ACT_EU_INST_CJEU_JUDG_AG_FR_BOT
DOC_JUDG_CJ_2007_0556_20090305,ACT_EU_INST_CJEU_JUDG_AG_SI_TRS
DOC_JUDG_CJ_2007_0558_20090707,ACT_EU_INST_CJEU_JUDG_AG_DE_KOK
DOC_JUDG_CJ_2007_0559_20090326,ACT_EU_INST_CJEU_JUDG_AG_PT_POI_PES_MAD
DOC_JUDG_CJ_2007_0560_20090604,ACT_EU_INST_CJEU_JUDG_AG_ES_RUI_JAR_COL
DOC_JUDG_CJ_2007_0561_20090611,ACT_EU_INST_CJEU_JUDG_AG_SK_MAZ
DOC_JUDG_CJ_2007_0562_20091006,ACT_EU_INST_CJEU_JUDG_AG_DE_KOK
DOC_JUDG_CJ_2007_0564_20090611,ACT_EU_INST_CJEU_JUDG_AG_FR_BOT
DOC_JUDG_CJ_2007_0566_20090618,ACT_EU_INST_CJEU_JUDG_AG_DE_KOK
DOC_JUDG_CJ_2007_0567_20091001,ACT_EU_INST_CJEU_JUDG_AG_PT_POI_PES_MAD
DOC_JUDG_CJ_2007_0568_20090604,ACT_EU_INST_CJEU_JUDG_AG_SK_MAZ
DOC_JUDG_CJ_2007_0569_20091001,ACT_EU_INST_CJEU_JUDG_AG_IT_MEN
DOC_JUDG_CJ_2007_0570_20100601,ACT_EU_INST_CJEU_JUDG_AG_PT_POI_PES_MAD
DOC_JUDG_CJ_2007_0572_20090611,ACT_EU_INST_CJEU_JUDG_AG_SI_TRS
DOC_JUDG_CJ_2007_0573_20090910,ACT_EU_INST_CJEU_JUDG_AG_SK_MAZ
DOC_JUDG_CJ_2008_0001_20090219,ACT_EU_INST_CJEU_JUDG_AG_UK_SHA
DOC_JUDG_CJ_2008_0002_20090903,ACT_EU_INST_CJEU_JUDG_AG_SK_MAZ
DOC_JUDG_CJ_2008_0003_20091001,ACT_EU_INST_CJEU_JUDG_AG_PT_POI_PES_MAD
DOC_JUDG_CJ_2008_0005_20090716,ACT_EU_INST_CJEU_JUDG_AG_SI_TRS
DOC_JUDG_CJ_2008_0007_20090702,ACT_EU_INST_CJEU_JUDG_AG_DE_KOK
DOC_JUDG_CJ_2008_0008_20090604,ACT_EU_INST_CJEU_JUDG_AG_DE_KOK
DOC_JUDG_CJ_2008_0010_20090319,ACT_EU_INST_CJEU_JUDG_AG_UK_SHA
DOC_JUDG_CJ_2008_0012_20090716,ACT_EU_INST_CJEU_JUDG_AG_IT_MEN
DOC_JUDG_CJ_2008_0013_20081222,ACT_EU_INST_CJEU_JUDG_AG_IT_MEN
DOC_JUDG_CJ_2008_0014_20090625,ACT_EU_INST_CJEU_JUDG_AG_ES_RUI_JAR_COL
DOC_JUDG_CJ_2008_0016_20090611,ACT_EU_INST_CJEU_JUDG_AG_DE_KOK
DOC_JUDG_CJ_2008_0018_20081120,ACT_EU_INST_CJEU_JUDG_AG_DE_KOK
DOC_JUDG_CJ_2008_0019_20090129,ACT_EU_INST_CJEU_JUDG_AG_DE_KOK
DOC_JUDG_CJ_2008_0021_P_20090326,ACT_EU_INST_CJEU_JUDG_AG_ES_RUI_JAR_COL
DOC_JUDG_CJ_2008_0022_20090604,ACT_EU_INST_CJEU_JUDG_AG_ES_RUI_JAR_COL
DOC_JUDG_CJ_2008_0027_20090430,ACT_EU_INST_CJEU_JUDG_AG_SI_TRS
DOC_JUDG_CJ_2008_0028_P_20100629,ACT_EU_INST_CJEU_JUDG_AG_UK_SHA
DOC_JUDG_CJ_2008_0029_20091029,ACT_EU_INST_CJEU_JUDG_AG_IT_MEN
DOC_JUDG_CJ_2008_0032_20090702,ACT_EU_INST_CJEU_JUDG_AG_IT_MEN
DOC_JUDG_CJ_2008_0033_20090611,ACT_EU_INST_CJEU_JUDG_AG_SI_TRS
DOC_JUDG_CJ_2008_0034_20090514,ACT_EU_INST_CJEU_JUDG_AG_SI_TRS
DOC_JUDG_CJ_2008_0035_20091015,ACT_EU_INST_CJEU_JUDG_AG_UK_SHA
DOC_JUDG_CJ_2008_0036_20081002,ACT_EU_INST_CJEU_JUDG_AG_PT_POI_PES_MAD
DOC_JUDG_CJ_2008_0037_20090903,ACT_EU_INST_CJEU_JUDG_AG_SI_TRS
DOC_JUDG_CJ_2008_0040_20091006,ACT_EU_INST_CJEU_JUDG_AG_SI_TRS
DOC_JUDG_CJ_2008_0041_20081204,ACT_EU_INST_CJEU_JUDG_AG_UK_SHA
DOC_JUDG_CJ_2008_0044_20090910,ACT_EU_INST_CJEU_JUDG_AG_IT_MEN
DOC_JUDG_CJ_2008_0045_20091223,ACT_EU_INST_CJEU_JUDG_AG_DE_KOK
DOC_JUDG_CJ_2008_0046_20100908,ACT_EU_INST_CJEU_JUDG_AG_IT_MEN
DOC_JUDG_CJ_2008_0047_20110524,ACT_EU_INST_CJEU_JUDG_AG_ES_CRU_VIL
DOC_JUDG_CJ_2008_0050_20110524,ACT_EU_INST_CJEU_JUDG_AG_ES_CRU_VIL
DOC_JUDG_CJ_2008_0051_20110524,ACT_EU_INST_CJEU_JUDG_AG_ES_CRU_VIL
DOC_JUDG_CJ_2008_0052_20110524,ACT_EU_INST_CJEU_JUDG_AG_ES_CRU_VIL
DOC_JUDG_CJ_2008_0053_20110524,ACT_EU_INST_CJEU_JUDG_AG_ES_CRU_VIL
DOC_JUDG_CJ_2008_0054_20110524,ACT_EU_INST_CJEU_JUDG_AG_ES_CRU_VIL
DOC_JUDG_CJ_2008_0056_20090716,ACT_EU_INST_CJEU_JUDG_AG_SI_TRS
DOC_JUDG_CJ_2008_0057_P_20081211,ACT_EU_INST_CJEU_JUDG_AG_IT_MEN
DOC_JUDG_CJ_2008_0058_20100608,ACT_EU_INST_CJEU_JUDG_AG_PT_POI_PES_MAD
DOC_JUDG_CJ_2008_0059_20090423,ACT_EU_INST_CJEU_JUDG_AG_DE_KOK
DOC_JUDG_CJ_2008_0061_20110524,ACT_EU_INST_CJEU_JUDG_AG_ES_CRU_VIL
DOC_JUDG_CJ_2008_0063_20091029,ACT_EU_INST_CJEU_JUDG_AG_SI_TRS
DOC_JUDG_CJ_2008_0064_20100909,ACT_EU_INST_CJEU_JUDG_AG_SK_MAZ
DOC_JUDG_CJ_2008_0066_20080717,ACT_EU_INST_CJEU_JUDG_AG_FR_BOT
DOC_JUDG_CJ_2008_0067_20090212,ACT_EU_INST_CJEU_JUDG_AG_SK_MAZ
DOC_JUDG_CJ_2008_0069_20090716,ACT_EU_INST_CJEU_JUDG_AG_SI_TRS
DOC_JUDG_CJ_2008_0070_20081009,ACT_EU_INST_CJEU_JUDG_AG_SI_TRS
DOC_JUDG_CJ_2008_0073_20100413,ACT_EU_INST_CJEU_JUDG_AG_UK_SHA
DOC_JUDG_CJ_2008_0074_20090423,ACT_EU_INST_CJEU_JUDG_AG_DE_KOK
DOC_JUDG_CJ_2008_0075_20090430,ACT_EU_INST_CJEU_JUDG_AG_DE_KOK
DOC_JUDG_CJ_2008_0076_20090910,ACT_EU_INST_CJEU_JUDG_AG_PT_POI_PES_MAD
DOC_JUDG_CJ_2008_0077_20090319,ACT_EU_INST_CJEU_JUDG_AG_SK_MAZ
DOC_JUDG_CJ_2008_0078_20110908,ACT_EU_INST_CJEU_JUDG_AG_FI_JAA
DOC_JUDG_CJ_2008_0083_20090402,ACT_EU_INST_CJEU_JUDG_AG_FR_BOT
DOC_JUDG_CJ_2008_0087_20080925,ACT_EU_INST_CJEU_JUDG_AG_PT_POI_PES_MAD
DOC_JUDG_CJ_2008_0088_20090618,ACT_EU_INST_CJEU_JUDG_AG_FR_BOT
DOC_JUDG_CJ_2008_0089_P_20091202,ACT_EU_INST_CJEU_JUDG_AG_FR_BOT
DOC_JUDG_CJ_2008_0091_20100413,ACT_EU_INST_CJEU_JUDG_AG_FR_BOT
DOC_JUDG_CJ_2008_0093_20090212,ACT_EU_INST_CJEU_JUDG_AG_ES_RUI_JAR_COL
DOC_JUDG_CJ_2008_0094_20081120,ACT_EU_INST_CJEU_JUDG_AG_PT_POI_PES_MAD
DOC_JUDG_CJ_2008_0095_20081104,ACT_EU_INST_CJEU_JUDG_AG_SK_MAZ
DOC_JUDG_CJ_2008_0096_20100415,ACT_EU_INST_CJEU_JUDG_AG_UK_SHA
DOC_JUDG_CJ_2008_0097_P_20090910,ACT_EU_INST_CJEU_JUDG_AG_DE_KOK
DOC_JUDG_CJ_2008_0100_20090910,ACT_EU_INST_CJEU_JUDG_AG_SI_TRS
DOC_JUDG_CJ_2008_0101_20091015,ACT_EU_INST_CJEU_JUDG_AG_SI_TRS
DOC_JUDG_CJ_2008_0102_20090604,ACT_EU_INST_CJEU_JUDG_AG_PT_POI_PES_MAD
DOC_JUDG_CJ_2008_0103_20091001,ACT_EU_INST_CJEU_JUDG_AG_SK_MAZ
DOC_JUDG_CJ_2008_0105_20100617,ACT_EU_INST_CJEU_JUDG_AG_DE_KOK
DOC_JUDG_CJ_2008_0109_20090604,ACT_EU_INST_CJEU_JUDG_AG_FR_BOT
DOC_JUDG_CJ_2008_0111_20090702,ACT_EU_INST_CJEU_JUDG_AG_UK_SHA
DOC_JUDG_CJ_2008_0113_20081204,ACT_EU_INST_CJEU_JUDG_AG_IT_MEN
DOC_JUDG_CJ_2008_0115_20091027,ACT_EU_INST_CJEU_JUDG_AG_PT_POI_PES_MAD
DOC_JUDG_CJ_2008_0116_20091022,ACT_EU_INST_CJEU_JUDG_AG_DE_KOK
DOC_JUDG_CJ_2008_0118_20100126,ACT_EU_INST_CJEU_JUDG_AG_PT_POI_PES_MAD
DOC_JUDG_CJ_2008_0120_20101222,ACT_EU_INST_CJEU_JUDG_AG_SK_MAZ
DOC_JUDG_CJ_2008_0123_20091006,ACT_EU_INST_CJEU_JUDG_AG_FR_BOT
DOC_JUDG_CJ_2008_0124_20090716,ACT_EU_INST_CJEU_JUDG_AG_UK_SHA
DOC_JUDG_CJ_2008_0126_20090716,ACT_EU_INST_CJEU_JUDG_AG_UK_SHA
DOC_JUDG_CJ_2008_0127_20080725,ACT_EU_INST_CJEU_JUDG_AG_PT_POI_PES_MAD
DOC_JUDG_CJ_2008_0128_20090716,ACT_EU_INST_CJEU_JUDG_AG_IT_MEN
DOC_JUDG_CJ_2008_0132_20090430,ACT_EU_INST_CJEU_JUDG_AG_UK_SHA
DOC_JUDG_CJ_2008_0133_20091006,ACT_EU_INST_CJEU_JUDG_AG_FR_BOT
DOC_JUDG_CJ_2008_0134_20090402,ACT_EU_INST_CJEU_JUDG_AG_SK_MAZ
DOC_JUDG_CJ_2008_0135_20100302,ACT_EU_INST_CJEU_JUDG_AG_PT_POI_PES_MAD
DOC_JUDG_CJ_2008_0137_20101109,ACT_EU_INST_CJEU_JUDG_AG_SI_TRS
DOC_JUDG_CJ_2008_0138_20091015,ACT_EU_INST_CJEU_JUDG_AG_IT_MEN
DOC_JUDG_CJ_2008_0139_20090402,ACT_EU_INST_CJEU_JUDG_AG_FR_BOT
DOC_JUDG_CJ_2008_0140_20091029,ACT_EU_INST_CJEU_JUDG_AG_ES_RUI_JAR_COL
DOC_JUDG_CJ_2008_0141_P_20091001,ACT_EU_INST_CJEU_JUDG_AG_UK_SHA
DOC_JUDG_CJ_2008_0143_20090319,ACT_EU_INST_CJEU_JUDG_AG_PT_POI_PES_MAD
DOC_JUDG_CJ_2008_0144_20090604,ACT_EU_INST_CJEU_JUDG_AG_IT_MEN
DOC_JUDG_CJ_2008_0145_20100506,ACT_EU_INST_CJEU_JUDG_AG_UK_SHA
DOC_JUDG_CJ_2008_0147_20110510,ACT_EU_INST_CJEU_JUDG_AG_FI_JAA
DOC_JUDG_CJ_2008_0150_20090507,ACT_EU_INST_CJEU_JUDG_AG_DE_KOK
DOC_JUDG_CJ_2008_0153_20091006,ACT_EU_INST_CJEU_JUDG_AG_IT_MEN
DOC_JUDG_CJ_2008_0154_20091112,ACT_EU_INST_CJEU_JUDG_AG_UK_SHA
DOC_JUDG_CJ_2008_0155_20090611,ACT_EU_INST_CJEU_JUDG_AG_FR_BOT
DOC_JUDG_CJ_2008_0158_20090604,ACT_EU_INST_CJEU_JUDG_AG_SI_TRS
DOC_JUDG_CJ_2008_0160_20100429,ACT_EU_INST_CJEU_JUDG_AG_SI_TRS
DOC_JUDG_CJ_2008_0161_20090514,ACT_EU_INST_CJEU_JUDG_AG_UK_SHA
DOC_JUDG_CJ_2008_0165_20090716,ACT_EU_INST_CJEU_JUDG_AG_SK_MAZ
DOC_JUDG_CJ_2008_0167_20090423,ACT_EU_INST_CJEU_JUDG_AG_IT_MEN
DOC_JUDG_CJ_2008_0168_20090716,ACT_EU_INST_CJEU_JUDG_AG_DE_KOK
DOC_JUDG_CJ_2008_0169_20091117,ACT_EU_INST_CJEU_JUDG_AG_DE_KOK
DOC_JUDG_CJ_2008_0170_20090611,ACT_EU_INST_CJEU_JUDG_AG_DE_KOK
DOC_JUDG_CJ_2008_0171_20100708,ACT_EU_INST_CJEU_JUDG_AG_IT_MEN
DOC_JUDG_CJ_2008_0172_20100225,ACT_EU_INST_CJEU_JUDG_AG_UK_SHA
DOC_JUDG_CJ_2008_0173_20090618,ACT_EU_INST_CJEU_JUDG_AG_FR_BOT
DOC_JUDG_CJ_2008_0174_20091029,ACT_EU_INST_CJEU_JUDG_AG_FR_BOT
DOC_JUDG_CJ_2008_0175_20100302,ACT_EU_INST_CJEU_JUDG_AG_SK_MAZ
DOC_JUDG_CJ_2008_0182_20090917,ACT_EU_INST_CJEU_JUDG_AG_FR_BOT
DOC_JUDG_CJ_2008_0184_20090324,ACT_EU_INST_CJEU_JUDG_AG_ES_RUI_JAR_COL
DOC_JUDG_CJ_2008_0185_20101021,ACT_EU_INST_CJEU_JUDG_AG_SI_TRS
DOC_JUDG_CJ_2008_0188_20091029,ACT_EU_INST_CJEU_JUDG_AG_DE_KOK
DOC_JUDG_CJ_2008_0189_20090716,ACT_EU_INST_CJEU_JUDG_AG_SK_MAZ
DOC_JUDG_CJ_2008_0192_20091112,ACT_EU_INST_CJEU_JUDG_AG_ES_RUI_JAR_COL
DOC_JUDG_CJ_2008_0194_20100701,ACT_EU_INST_CJEU_JUDG_AG_PT_POI_PES_MAD
DOC_JUDG_CJ_2008_0195_PPU_20080711,ACT_EU_INST_CJEU_JUDG_AG_UK_SHA
DOC_JUDG_CJ_2008_0196_20091015,ACT_EU_INST_CJEU_JUDG_AG_ES_RUI_JAR_COL
DOC_JUDG_CJ_2008_0197_20100304,ACT_EU_INST_CJEU_JUDG_AG_DE_KOK
DOC_JUDG_CJ_2008_0198_20100304,ACT_EU_INST_CJEU_JUDG_AG_DE_KOK
DOC_JUDG_CJ_2008_0199_20090910,ACT_EU_INST_CJEU_JUDG_AG_SI_TRS
DOC_JUDG_CJ_2008_0201_20090910,ACT_EU_INST_CJEU_JUDG_AG_SK_MAZ
DOC_JUDG_CJ_2008_0202_P_20090716,ACT_EU_INST_CJEU_JUDG_AG_ES_RUI_JAR_COL
DOC_JUDG_CJ_2008_0203_20100603,ACT_EU_INST_CJEU_JUDG_AG_FR_BOT
DOC_JUDG_CJ_2008_0204_20090709,ACT_EU_INST_CJEU_JUDG_AG_PT_POI_PES_MAD
DOC_JUDG_CJ_2008_0205_20091210,ACT_EU_INST_CJEU_JUDG_AG_ES_RUI_JAR_COL
DOC_JUDG_CJ_2008_0206_20090910,ACT_EU_INST_CJEU_JUDG_AG_ES_RUI_JAR_COL
DOC_JUDG_CJ_2008_0211_20100615,ACT_EU_INST_CJEU_JUDG_AG_IT_MEN
DOC_JUDG_CJ_2008_0212_20110630,ACT_EU_INST_CJEU_JUDG_AG_FI_JAA
DOC_JUDG_CJ_2008_0214_P_20090520,ACT_EU_INST_CJEU_JUDG_AG_IT_MEN
DOC_JUDG_CJ_2008_0215_20100415,ACT_EU_INST_CJEU_JUDG_AG_SI_TRS
DOC_JUDG_CJ_2008_0219_20091001,ACT_EU_INST_CJEU_JUDG_AG_SK_MAZ
DOC_JUDG_CJ_2008_0221_20100304,ACT_EU_INST_CJEU_JUDG_AG_DE_KOK
DOC_JUDG_CJ_2008_0222_20101006,ACT_EU_INST_CJEU_JUDG_AG_ES_CRU_VIL
DOC_JUDG_CJ_2008_0223_20081204,ACT_EU_INST_CJEU_JUDG_AG_IT_MEN
DOC_JUDG_CJ_2008_0224_20090210,ACT_EU_INST_CJEU_JUDG_AG_IT_MEN
DOC_JUDG_CJ_2008_0226_20100114,ACT_EU_INST_CJEU_JUDG_AG_UK_SHA
DOC_JUDG_CJ_2008_0227_20091217,ACT_EU_INST_CJEU_JUDG_AG_SI_TRS
DOC_JUDG_CJ_2008_0229_20100112,ACT_EU_INST_CJEU_JUDG_AG_FR_BOT
DOC_JUDG_CJ_2008_0230_20100429,ACT_EU_INST_CJEU_JUDG_AG_SI_TRS
DOC_JUDG_CJ_2008_0232_20091015,ACT_EU_INST_CJEU_JUDG_AG_SK_MAZ
DOC_JUDG_CJ_2008_0233_20100114,ACT_EU_INST_CJEU_JUDG_AG_SK_MAZ
DOC_JUDG_CJ_2008_0236_20100323,ACT_EU_INST_CJEU_JUDG_AG_PT_POI_PES_MAD
DOC_JUDG_CJ_2008_0239_20081211,ACT_EU_INST_CJEU_JUDG_AG_IT_MEN
DOC_JUDG_CJ_2008_0241_20100304,ACT_EU_INST_CJEU_JUDG_AG_DE_KOK
DOC_JUDG_CJ_2008_0242_20091022,ACT_EU_INST_CJEU_JUDG_AG_IT_MEN
DOC_JUDG_CJ_2008_0243_20090604,ACT_EU_INST_CJEU_JUDG_AG_SI_TRS
DOC_JUDG_CJ_2008_0244_20090716,ACT_EU_INST_CJEU_JUDG_AG_SI_TRS
DOC_JUDG_CJ_2008_0245_20090319,ACT_EU_INST_CJEU_JUDG_AG_IT_MEN
DOC_JUDG_CJ_2008_0246_20091029,ACT_EU_INST_CJEU_JUDG_AG_ES_RUI_JAR_COL
DOC_JUDG_CJ_2008_0247_20091001,ACT_EU_INST_CJEU_JUDG_AG_SK_MAZ
DOC_JUDG_CJ_2008_0248_20091217,ACT_EU_INST_CJEU_JUDG_AG_IT_MEN
DOC_JUDG_CJ_2008_0249_20091029,ACT_EU_INST_CJEU_JUDG_AG_ES_RUI_JAR_COL
DOC_JUDG_CJ_2008_0250_20111201,ACT_EU_INST_CJEU_JUDG_AG_UK_SHA
DOC_JUDG_CJ_2008_0252_20091001,ACT_EU_INST_CJEU_JUDG_AG_UK_SHA
DOC_JUDG_CJ_2008_0253_20090519,ACT_EU_INST_CJEU_JUDG_AG_SI_TRS
DOC_JUDG_CJ_2008_0254_20090716,ACT_EU_INST_CJEU_JUDG_AG_DE_KOK
DOC_JUDG_CJ_2008_0255_20091015,ACT_EU_INST_CJEU_JUDG_AG_DE_KOK
DOC_JUDG_CJ_2008_0256_20090430,ACT_EU_INST_CJEU_JUDG_AG_FR_BOT
DOC_JUDG_CJ_2008_0258_20100603,ACT_EU_INST_CJEU_JUDG_AG_FR_BOT
DOC_JUDG_CJ_2008_0259_20090115,ACT_EU_INST_CJEU_JUDG_AG_DE_KOK
DOC_JUDG_CJ_2008_0260_20091210,ACT_EU_INST_CJEU_JUDG_AG_SK_MAZ
DOC_JUDG_CJ_2008_0261_20091022,ACT_EU_INST_CJEU_JUDG_AG_DE_KOK
DOC_JUDG_CJ_2008_0262_20100610,ACT_EU_INST_CJEU_JUDG_AG_UK_SHA
DOC_JUDG_CJ_2008_0263_20091015,ACT_EU_INST_CJEU_JUDG_AG_UK_SHA
DOC_JUDG_CJ_2008_0264_20100128,ACT_EU_INST_CJEU_JUDG_AG_UK_SHA
DOC_JUDG_CJ_2008_0265_20100420,ACT_EU_INST_CJEU_JUDG_AG_ES_RUI_JAR_COL
DOC_JUDG_CJ_2008_0266_20090514,ACT_EU_INST_CJEU_JUDG_AG_SK_MAZ
DOC_JUDG_CJ_2008_0267_20091006,ACT_EU_INST_CJEU_JUDG_AG_PT_POI_PES_MAD
DOC_JUDG_CJ_2008_0271_20100715,ACT_EU_INST_CJEU_JUDG_AG_SI_TRS
DOC_JUDG_CJ_2008_0272_20090709,ACT_EU_INST_CJEU_JUDG_AG_DE_KOK
DOC_JUDG_CJ_2008_0273_20081218,ACT_EU_INST_CJEU_JUDG_AG_ES_RUI_JAR_COL
DOC_JUDG_CJ_2008_0274_20091029,ACT_EU_INST_CJEU_JUDG_AG_ES_RUI_JAR_COL
DOC_JUDG_CJ_2008_0275_20091015,ACT_EU_INST_CJEU_JUDG_AG_SI_TRS
DOC_JUDG_CJ_2008_0277_20090910,ACT_EU_INST_CJEU_JUDG_AG_SI_TRS
DOC_JUDG_CJ_2008_0278_20100325,ACT_EU_INST_CJEU_JUDG_AG_PT_POI_PES_MAD
DOC_JUDG_CJ_2008_0279_P_20110908,ACT_EU_INST_CJEU_JUDG_AG_IT_MEN
DOC_JUDG_CJ_2008_0280_P_20101014,ACT_EU_INST_CJEU_JUDG_AG_SK_MAZ
DOC_JUDG_CJ_2008_0282_20090205,ACT_EU_INST_CJEU_JUDG_AG_UK_SHA
DOC_JUDG_CJ_2008_0285_20090604,ACT_EU_INST_CJEU_JUDG_AG_IT_MEN
DOC_JUDG_CJ_2008_0286_20090910,ACT_EU_INST_CJEU_JUDG_AG_UK_SHA
DOC_JUDG_CJ_2008_0288_20091119,ACT_EU_INST_CJEU_JUDG_AG_IT_MEN
DOC_JUDG_CJ_2008_0289_20090312,ACT_EU_INST_CJEU_JUDG_AG_UK_SHA
DOC_JUDG_CJ_2008_0292_20090910,ACT_EU_INST_CJEU_JUDG_AG_IT_MEN
DOC_JUDG_CJ_2008_0293_20090205,ACT_EU_INST_CJEU_JUDG_AG_IT_MEN
DOC_JUDG_CJ_2008_0296_PPU_20080812,ACT_EU_INST_CJEU_JUDG_AG_DE_KOK
DOC_JUDG_CJ_2008_0297_20100304,ACT_EU_INST_CJEU_JUDG_AG_SK_MAZ
DOC_JUDG_CJ_2008_0298_20090312,ACT_EU_INST_CJEU_JUDG_AG_FR_BOT
DOC_JUDG_CJ_2008_0299_20091210,ACT_EU_INST_CJEU_JUDG_AG_SK_MAZ
DOC_JUDG_CJ_2008_0301_20091022,ACT_EU_INST_CJEU_JUDG_AG_SK_MAZ
DOC_JUDG_CJ_2008_0302_20090702,ACT_EU_INST_CJEU_JUDG_AG_ES_RUI_JAR_COL
DOC_JUDG_CJ_2008_0303_20101222,ACT_EU_INST_CJEU_JUDG_AG_UK_SHA
DOC_JUDG_CJ_2008_0304_20100114,ACT_EU_INST_CJEU_JUDG_AG_SI_TRS
DOC_JUDG_CJ_2008_0305_20091223,ACT_EU_INST_CJEU_JUDG_AG_SK_MAZ
DOC_JUDG_CJ_2008_0306_20110526,ACT_EU_INST_CJEU_JUDG_AG_FI_JAA
DOC_JUDG_CJ_2008_0308_20100520,ACT_EU_INST_CJEU_JUDG_AG_UK_SHA
DOC_JUDG_CJ_2008_0310_20100223,ACT_EU_INST_CJEU_JUDG_AG_SK_MAZ
DOC_JUDG_CJ_2008_0311_20100121,ACT_EU_INST_CJEU_JUDG_AG_DE_KOK
DOC_JUDG_CJ_2008_0313_20090519,ACT_EU_INST_CJEU_JUDG_AG_UK_SHA
DOC_JUDG_CJ_2008_0314_20091119,ACT_EU_INST_CJEU_JUDG_AG_PT_POI_PES_MAD
DOC_JUDG_CJ_2008_0317_20100318,ACT_EU_INST_CJEU_JUDG_AG_DE_KOK
DOC_JUDG_CJ_2008_0321_20090423,ACT_EU_INST_CJEU_JUDG_AG_DE_KOK
DOC_JUDG_CJ_2008_0322_20090514,ACT_EU_INST_CJEU_JUDG_AG_UK_SHA
DOC_JUDG_CJ_2008_0323_20091210,ACT_EU_INST_CJEU_JUDG_AG_IT_MEN
DOC_JUDG_CJ_2008_0324_20091015,ACT_EU_INST_CJEU_JUDG_AG_ES_RUI_JAR_COL
DOC_JUDG_CJ_2008_0325_20100316,ACT_EU_INST_CJEU_JUDG_AG_UK_SHA
DOC_JUDG_CJ_2008_0327_20090611,ACT_EU_INST_CJEU_JUDG_AG_IT_MEN
DOC_JUDG_CJ_2008_0328_20081222,ACT_EU_INST_CJEU_JUDG_AG_PT_POI_PES_MAD
DOC_JUDG_CJ_2008_0330_20081211,ACT_EU_INST_CJEU_JUDG_AG_ES_RUI_JAR_COL
DOC_JUDG_CJ_2008_0331_20090324,ACT_EU_INST_CJEU_JUDG_AG_SI_TRS
DOC_JUDG_CJ_2008_0333_20100128,ACT_EU_INST_CJEU_JUDG_AG_SK_MAZ
DOC_JUDG_CJ_2008_0334_20100708,ACT_EU_INST_CJEU_JUDG_AG_DE_KOK
DOC_JUDG_CJ_2008_0335_P_20090611,ACT_EU_INST_CJEU_JUDG_AG_PT_POI_PES_MAD
DOC_JUDG_CJ_2008_0337_20100225,ACT_EU_INST_CJEU_JUDG_AG_DE_KOK
DOC_JUDG_CJ_2008_0338_20100624,ACT_EU_INST_CJEU_JUDG_AG_ES_CRU_VIL
DOC_JUDG_CJ_2008_0340_20100429,ACT_EU_INST_CJEU_JUDG_AG_IT_MEN
DOC_JUDG_CJ_2008_0341_20100112,ACT_EU_INST_CJEU_JUDG_AG_FR_BOT
DOC_JUDG_CJ_2008_0342_20090312,ACT_EU_INST_CJEU_JUDG_AG_SI_TRS
DOC_JUDG_CJ_2008_0343_20100114,ACT_EU_INST_CJEU_JUDG_AG_FR_BOT
DOC_JUDG_CJ_2008_0344_20090716,ACT_EU_INST_CJEU_JUDG_AG_PT_POI_PES_MAD
DOC_JUDG_CJ_2008_0345_20091210,ACT_EU_INST_CJEU_JUDG_AG_UK_SHA
DOC_JUDG_CJ_2008_0346_20100422,ACT_EU_INST_CJEU_JUDG_AG_DE_KOK
DOC_JUDG_CJ_2008_0347_20090917,ACT_EU_INST_CJEU_JUDG_AG_IT_MEN
DOC_JUDG_CJ_2008_0350_20101028,ACT_EU_INST_CJEU_JUDG_AG_UK_SHA
DOC_JUDG_CJ_2008_0351_20091112,ACT_EU_INST_CJEU_JUDG_AG_SK_MAZ
DOC_JUDG_CJ_2008_0352_20100520,ACT_EU_INST_CJEU_JUDG_AG_DE_KOK
DOC_JUDG_CJ_2008_0356_20090625,ACT_EU_INST_CJEU_JUDG_AG_FR_BOT
DOC_JUDG_CJ_2008_0358_20091202,ACT_EU_INST_CJEU_JUDG_AG_SI_TRS
DOC_JUDG_CJ_2008_0362_P_20100126,ACT_EU_INST_CJEU_JUDG_AG_IT_MEN
DOC_JUDG_CJ_2008_0363_20091126,ACT_EU_INST_CJEU_JUDG_AG_PT_POI_PES_MAD
DOC_JUDG_CJ_2008_0365_20100520,ACT_EU_INST_CJEU_JUDG_AG_SI_TRS
DOC_JUDG_CJ_2008_0366_20090910,ACT_EU_INST_CJEU_JUDG_AG_FR_BOT
DOC_JUDG_CJ_2008_0368_20090519,ACT_EU_INST_CJEU_JUDG_AG_FR_BOT
DOC_JUDG_CJ_2008_0370_20100520,ACT_EU_INST_CJEU_JUDG_AG_SK_MAZ
DOC_JUDG_CJ_2008_0371_20111208,ACT_EU_INST_CJEU_JUDG_AG_FR_BOT
DOC_JUDG_CJ_2008_0373_20100211,ACT_EU_INST_CJEU_JUDG_AG_SK_MAZ
DOC_JUDG_CJ_2008_0375_20100624,ACT_EU_INST_CJEU_JUDG_AG_FI_JAA
DOC_JUDG_CJ_2008_0376_20091223,ACT_EU_INST_CJEU_JUDG_AG_DE_KOK
DOC_JUDG_CJ_2008_0377_20090702,ACT_EU_INST_CJEU_JUDG_AG_ES_RUI_JAR_COL
DOC_JUDG_CJ_2008_0378_20100309,ACT_EU_INST_CJEU_JUDG_AG_DE_KOK
DOC_JUDG_CJ_2008_0379_20100309,ACT_EU_INST_CJEU_JUDG_AG_DE_KOK
DOC_JUDG_CJ_2008_0381_20100225,ACT_EU_INST_CJEU_JUDG_AG_SK_MAZ
DOC_JUDG_CJ_2008_0382_20110125,ACT_EU_INST_CJEU_JUDG_AG_IT_MEN
DOC_JUDG_CJ_2008_0384_20100311,ACT_EU_INST_CJEU_JUDG_AG_SK_MAZ
DOC_JUDG_CJ_2008_0385_20101222,ACT_EU_INST_CJEU_JUDG_AG_FI_JAA
DOC_JUDG_CJ_2008_0386_20100225,ACT_EU_INST_CJEU_JUDG_AG_FR_BOT
DOC_JUDG_CJ_2008_0388_PPU_20081201,ACT_EU_INST_CJEU_JUDG_AG_SK_MAZ
DOC_JUDG_CJ_2008_0389_20101006,ACT_EU_INST_CJEU_JUDG_AG_ES_CRU_VIL
DOC_JUDG_CJ_2008_0390_20090514,ACT_EU_INST_CJEU_JUDG_AG_SI_TRS
DOC_JUDG_CJ_2008_0392_20100325,ACT_EU_INST_CJEU_JUDG_AG_DE_KOK
DOC_JUDG_CJ_2008_0393_20100701,ACT_EU_INST_CJEU_JUDG_AG_FI_JAA
DOC_JUDG_CJ_2008_0395_20100610,ACT_EU_INST_CJEU_JUDG_AG_UK_SHA
DOC_JUDG_CJ_2008_0398_P_20100121,ACT_EU_INST_CJEU_JUDG_AG_FR_BOT
DOC_JUDG_CJ_2008_0399_P_20100902,ACT_EU_INST_CJEU_JUDG_AG_FI_JAA
DOC_JUDG_CJ_2008_0400_20110324,ACT_EU_INST_CJEU_JUDG_AG_UK_SHA
DOC_JUDG_CJ_2008_0401_20090402,ACT_EU_INST_CJEU_JUDG_AG_SI_TRS
DOC_JUDG_CJ_2008_0402_20090312,ACT_EU_INST_CJEU_JUDG_AG_DE_KOK
DOC_JUDG_CJ_2008_0403_20111004,ACT_EU_INST_CJEU_JUDG_AG_DE_KOK
DOC_JUDG_CJ_2008_0405_20100211,ACT_EU_INST_CJEU_JUDG_AG_FR_BOT
DOC_JUDG_CJ_2008_0406_20100128,ACT_EU_INST_CJEU_JUDG_AG_DE_KOK
DOC_JUDG_CJ_2008_0407_P_20100701,ACT_EU_INST_CJEU_JUDG_AG_SK_MAZ
DOC_JUDG_CJ_2008_0408_P_20100225,ACT_EU_INST_CJEU_JUDG_AG_ES_RUI_JAR_COL
DOC_JUDG_CJ_2008_0410_20091217,ACT_EU_INST_CJEU_JUDG_AG_SI_TRS
DOC_JUDG_CJ_2008_0413_P_20100617,ACT_EU_INST_CJEU_JUDG_AG_SK_MAZ
DOC_JUDG_CJ_2008_0414_P_20100325,ACT_EU_INST_CJEU_JUDG_AG_SI_TRS
DOC_JUDG_CJ_2008_0417_20090618,ACT_EU_INST_CJEU_JUDG_AG_FR_BOT
DOC_JUDG_CJ_2008_0419_P_20100318,ACT_EU_INST_CJEU_JUDG_AG_IT_MEN
DOC_JUDG_CJ_2008_0422_20090618,ACT_EU_INST_CJEU_JUDG_AG_SK_MAZ
DOC_JUDG_CJ_2008_0423_20100617,ACT_EU_INST_CJEU_JUDG_AG_SI_TRS
DOC_JUDG_CJ_2008_0425_20091015,ACT_EU_INST_CJEU_JUDG_AG_FR_BOT
DOC_JUDG_CJ_2008_0427_20090604,ACT_EU_INST_CJEU_JUDG_AG_PT_POI_PES_MAD
DOC_JUDG_CJ_2008_0428_20100706,ACT_EU_INST_CJEU_JUDG_AG_IT_MEN
DOC_JUDG_CJ_2008_0430_20100114,ACT_EU_INST_CJEU_JUDG_AG_PT_POI_PES_MAD
DOC_JUDG_CJ_2008_0433_20091203,ACT_EU_INST_CJEU_JUDG_AG_FR_BOT
DOC_JUDG_CJ_2008_0434_20100520,ACT_EU_INST_CJEU_JUDG_AG_SK_MAZ
DOC_JUDG_CJ_2008_0436_20110210,ACT_EU_INST_CJEU_JUDG_AG_DE_KOK
DOC_JUDG_CJ_2008_0438_20091022,ACT_EU_INST_CJEU_JUDG_AG_FR_BOT
DOC_JUDG_CJ_2008_0439_20101207,ACT_EU_INST_CJEU_JUDG_AG_IT_MEN
DOC_JUDG_CJ_2008_0440_20100318,ACT_EU_INST_CJEU_JUDG_AG_ES_RUI_JAR_COL
DOC_JUDG_CJ_2008_0441_20091112,ACT_EU_INST_CJEU_JUDG_AG_SK_MAZ
DOC_JUDG_CJ_2008_0442_20100701,ACT_EU_INST_CJEU_JUDG_AG_SI_TRS
DOC_JUDG_CJ_2008_0443_20090507,ACT_EU_INST_CJEU_JUDG_AG_ES_RUI_JAR_COL
DOC_JUDG_CJ_2008_0446_20100429,ACT_EU_INST_CJEU_JUDG_AG_FI_JAA
DOC_JUDG_CJ_2008_0447_20100708,ACT_EU_INST_CJEU_JUDG_AG_FR_BOT
DOC_JUDG_CJ_2008_0449_20091022,ACT_EU_INST_CJEU_JUDG_AG_DE_KOK
DOC_JUDG_CJ_2008_0451_20100325,ACT_EU_INST_CJEU_JUDG_AG_IT_MEN
DOC_JUDG_CJ_2008_0453_20100902,ACT_EU_INST_CJEU_JUDG_AG_SK_MAZ
DOC_JUDG_CJ_2008_0455_20091223,ACT_EU_INST_CJEU_JUDG_AG_IT_MEN
DOC_JUDG_CJ_2008_0456_20100128,ACT_EU_INST_CJEU_JUDG_AG_DE_KOK
DOC_JUDG_CJ_2008_0457_20090903,ACT_EU_INST_CJEU_JUDG_AG_PT_POI_PES_MAD
DOC_JUDG_CJ_2008_0458_20101118,ACT_EU_INST_CJEU_JUDG_AG_SK_MAZ
DOC_JUDG_CJ_2008_0460_20091210,ACT_EU_INST_CJEU_JUDG_AG_SK_MAZ
DOC_JUDG_CJ_2008_0461_20091119,ACT_EU_INST_CJEU_JUDG_AG_SI_TRS
DOC_JUDG_CJ_2008_0462_20100121,ACT_EU_INST_CJEU_JUDG_AG_IT_MEN
DOC_JUDG_CJ_2008_0464_20090903,ACT_EU_INST_CJEU_JUDG_AG_DE_KOK
DOC_JUDG_CJ_2008_0465_20090702,ACT_EU_INST_CJEU_JUDG_AG_SK_MAZ
DOC_JUDG_CJ_2008_0467_20101021,ACT_EU_INST_CJEU_JUDG_AG_SI_TRS
DOC_JUDG_CJ_2008_0468_20091001,ACT_EU_INST_CJEU_JUDG_AG_PT_POI_PES_MAD
DOC_JUDG_CJ_2008_0469_20090709,ACT_EU_INST_CJEU_JUDG_AG_SI_TRS
DOC_JUDG_CJ_2008_0470_20100121,ACT_EU_INST_CJEU_JUDG_AG_SK_MAZ
DOC_JUDG_CJ_2008_0471_20100701,ACT_EU_INST_CJEU_JUDG_AG_IT_MEN
DOC_JUDG_CJ_2008_0472_20100121,ACT_EU_INST_CJEU_JUDG_AG_ES_CRU_VIL
DOC_JUDG_CJ_2008_0473_20100128,ACT_EU_INST_CJEU_JUDG_AG_UK_SHA
DOC_JUDG_CJ_2008_0474_20091029,ACT_EU_INST_CJEU_JUDG_AG_IT_MEN
DOC_JUDG_CJ_2008_0475_20091203,ACT_EU_INST_CJEU_JUDG_AG_SI_TRS
DOC_JUDG_CJ_2008_0476_P_20091203,ACT_EU_INST_CJEU_JUDG_AG_IT_MEN
DOC_JUDG_CJ_2008_0477_20090924,ACT_EU_INST_CJEU_JUDG_AG_FR_BOT
DOC_JUDG_CJ_2008_0480_20100223,ACT_EU_INST_CJEU_JUDG_AG_DE_KOK
DOC_JUDG_CJ_2008_0482_20101026,ACT_EU_INST_CJEU_JUDG_AG_IT_MEN
DOC_JUDG_CJ_2008_0484_20100603,ACT_EU_INST_CJEU_JUDG_AG_SI_TRS
DOC_JUDG_CJ_2008_0485_P_20100415,ACT_EU_INST_CJEU_JUDG_AG_FR_BOT
DOC_JUDG_CJ_2008_0486_20100422,ACT_EU_INST_CJEU_JUDG_AG_UK_SHA
DOC_JUDG_CJ_2008_0487_20100603,ACT_EU_INST_CJEU_JUDG_AG_SK_MAZ
DOC_JUDG_CJ_2008_0490_20090630,ACT_EU_INST_CJEU_JUDG_AG_DE_KOK
DOC_JUDG_CJ_2008_0491_20100610,ACT_EU_INST_CJEU_JUDG_AG_DE_KOK
DOC_JUDG_CJ_2008_0492_20100617,ACT_EU_INST_CJEU_JUDG_AG_FI_JAA
DOC_JUDG_CJ_2008_0493_20090423,ACT_EU_INST_CJEU_JUDG_AG_UK_SHA
DOC_JUDG_CJ_2008_0495_20091112,ACT_EU_INST_CJEU_JUDG_AG_DE_KOK
DOC_JUDG_CJ_2008_0496_P_20100304,ACT_EU_INST_CJEU_JUDG_AG_UK_SHA
DOC_JUDG_CJ_2008_0499_20101012,ACT_EU_INST_CJEU_JUDG_AG_DE_KOK
DOC_JUDG_CJ_2008_0502_20091001,ACT_EU_INST_CJEU_JUDG_AG_PT_POI_PES_MAD
DOC_JUDG_CJ_2008_0504_20090924,ACT_EU_INST_CJEU_JUDG_AG_UK_SHA
DOC_JUDG_CJ_2008_0505_20091217,ACT_EU_INST_CJEU_JUDG_AG_SI_TRS
DOC_JUDG_CJ_2008_0506_P_20110721,ACT_EU_INST_CJEU_JUDG_AG_DE_KOK
DOC_JUDG_CJ_2008_0507_20101222,ACT_EU_INST_CJEU_JUDG_AG_ES_CRU_VIL
DOC_JUDG_CJ_2008_0508_20101028,ACT_EU_INST_CJEU_JUDG_AG_UK_SHA
DOC_JUDG_CJ_2008_0510_20100422,ACT_EU_INST_CJEU_JUDG_AG_IT_MEN
DOC_JUDG_CJ_2008_0511_20100415,ACT_EU_INST_CJEU_JUDG_AG_IT_MEN
DOC_JUDG_CJ_2008_0512_20101005,ACT_EU_INST_CJEU_JUDG_AG_UK_SHA
DOC_JUDG_CJ_2008_0515_20101007,ACT_EU_INST_CJEU_JUDG_AG_ES_CRU_VIL
DOC_JUDG_CJ_2008_0518_20100415,ACT_EU_INST_CJEU_JUDG_AG_UK_SHA
DOC_JUDG_CJ_2008_0522_20100311,ACT_EU_INST_CJEU_JUDG_AG_FI_JAA
DOC_JUDG_CJ_2008_0523_20100211,ACT_EU_INST_CJEU_JUDG_AG_IT_MEN
DOC_JUDG_CJ_2008_0526_20100629,ACT_EU_INST_CJEU_JUDG_AG_DE_KOK
DOC_JUDG_CJ_2008_0527_20090903,ACT_EU_INST_CJEU_JUDG_AG_ES_RUI_JAR_COL
DOC_JUDG_CJ_2008_0532_20090519,ACT_EU_INST_CJEU_JUDG_AG_PT_POI_PES_MAD
DOC_JUDG_CJ_2008_0533_20100504,ACT_EU_INST_CJEU_JUDG_AG_DE_KOK
DOC_JUDG_CJ_2008_0536_20100422,ACT_EU_INST_CJEU_JUDG_AG_SK_MAZ
DOC_JUDG_CJ_2008_0537_P_20101216,ACT_EU_INST_CJEU_JUDG_AG_FR_BOT
DOC_JUDG_CJ_2008_0538_20100415,ACT_EU_INST_CJEU_JUDG_AG_IT_MEN
DOC_JUDG_CJ_2008_0540_20101109,ACT_EU_INST_CJEU_JUDG_AG_SI_TRS
DOC_JUDG_CJ_2008_0541_20100211,ACT_EU_INST_CJEU_JUDG_AG_FR_BOT
DOC_JUDG_CJ_2008_0542_20100415,ACT_EU_INST_CJEU_JUDG_AG_FR_BOT
DOC_JUDG_CJ_2008_0543_20101111,ACT_EU_INST_CJEU_JUDG_AG_ES_CRU_VIL
DOC_JUDG_CJ_2008_0545_20100506,ACT_EU_INST_CJEU_JUDG_AG_FI_JAA
DOC_JUDG_CJ_2008_0546_20090611,ACT_EU_INST_CJEU_JUDG_AG_SK_MAZ
DOC_JUDG_CJ_2008_0549_20091001,ACT_EU_INST_CJEU_JUDG_AG_SK_MAZ
DOC_JUDG_CJ_2008_0550_20100617,ACT_EU_INST_CJEU_JUDG_AG_SI_TRS
DOC_JUDG_CJ_2008_0551_20091029,ACT_EU_INST_CJEU_JUDG_AG_ES_RUI_JAR_COL
DOC_JUDG_CJ_2008_0554_P_20091112,ACT_EU_INST_CJEU_JUDG_AG_SI_TRS
DOC_JUDG_CJ_2008_0555_20090604,ACT_EU_INST_CJEU_JUDG_AG_IT_MEN
DOC_JUDG_CJ_2008_0556_20090709,ACT_EU_INST_CJEU_JUDG_AG_DE_KOK
DOC_JUDG_CJ_2008_0557_20090709,ACT_EU_INST_CJEU_JUDG_AG_SK_MAZ
DOC_JUDG_CJ_2008_0558_20100708,ACT_EU_INST_CJEU_JUDG_AG_FI_JAA
DOC_JUDG_CJ_2008_0560_20111215,ACT_EU_INST_CJEU_JUDG_AG_FI_JAA
DOC_JUDG_CJ_2008_0562_20100225,ACT_EU_INST_CJEU_JUDG_AG_SK_MAZ
DOC_JUDG_CJ_2008_0564_P_20091112,ACT_EU_INST_CJEU_JUDG_AG_SI_TRS
DOC_JUDG_CJ_2008_0565_20110329,ACT_EU_INST_CJEU_JUDG_AG_SK_MAZ
DOC_JUDG_CJ_2008_0567_20090702,ACT_EU_INST_CJEU_JUDG_AG_FR_BOT
DOC_JUDG_CJ_2008_0568_20101209,ACT_EU_INST_CJEU_JUDG_AG_ES_CRU_VIL
DOC_JUDG_CJ_2008_0569_20100603,ACT_EU_INST_CJEU_JUDG_AG_SI_TRS
DOC_JUDG_CJ_2008_0570_20101021,ACT_EU_INST_CJEU_JUDG_AG_ES_CRU_VIL
DOC_JUDG_CJ_2008_0571_20100624,ACT_EU_INST_CJEU_JUDG_AG_DE_KOK
DOC_JUDG_CJ_2008_0573_20100715,ACT_EU_INST_CJEU_JUDG_AG_UK_SHA
DOC_JUDG_CJ_2008_0574_20090716,ACT_EU_INST_CJEU_JUDG_AG_ES_RUI_JAR_COL
DOC_JUDG_CJ_2008_0575_20091001,ACT_EU_INST_CJEU_JUDG_AG_UK_SHA
DOC_JUDG_CJ_2008_0577_20100729,ACT_EU_INST_CJEU_JUDG_AG_FI_JAA
DOC_JUDG_CJ_2008_0578_20100304,ACT_EU_INST_CJEU_JUDG_AG_UK_SHA
DOC_JUDG_CJ_2008_0581_20100930,ACT_EU_INST_CJEU_JUDG_AG_FI_JAA
DOC_JUDG_CJ_2008_0582_20100715,ACT_EU_INST_CJEU_JUDG_AG_FI_JAA
DOC_JUDG_CJ_2008_0583_P_20100520,ACT_EU_INST_CJEU_JUDG_AG_DE_KOK
DOC_JUDG_CJ_2008_0585_20101207,ACT_EU_INST_CJEU_JUDG_AG_SI_TRS
DOC_JUDG_CJ_2008_0586_20091217,ACT_EU_INST_CJEU_JUDG_AG_FI_JAA
DOC_JUDG_CJ_2009_0001_20100311,ACT_EU_INST_CJEU_JUDG_AG_ES_CRU_VIL
DOC_JUDG_CJ_2009_0002_20100603,ACT_EU_INST_CJEU_JUDG_AG_UK_SHA
DOC_JUDG_CJ_2009_0003_20100318,ACT_EU_INST_CJEU_JUDG_AG_FR_BOT
DOC_JUDG_CJ_2009_0006_20091006,ACT_EU_INST_CJEU_JUDG_AG_DE_KOK
DOC_JUDG_CJ_2009_0007_20091112,ACT_EU_INST_CJEU_JUDG_AG_SK_MAZ
DOC_JUDG_CJ_2009_0008_20090924,ACT_EU_INST_CJEU_JUDG_AG_IT_MEN
DOC_JUDG_CJ_2009_0009_20090922,ACT_EU_INST_CJEU_JUDG_AG_PT_POI_PES_MAD
DOC_JUDG_CJ_2009_0012_20091112,ACT_EU_INST_CJEU_JUDG_AG_SI_TRS
DOC_JUDG_CJ_2009_0013_20091126,ACT_EU_INST_CJEU_JUDG_AG_FR_BOT
DOC_JUDG_CJ_2009_0014_20100204,ACT_EU_INST_CJEU_JUDG_AG_IT_MEN
DOC_JUDG_CJ_2009_0016_20101014,ACT_EU_INST_CJEU_JUDG_AG_SK_MAZ
DOC_JUDG_CJ_2009_0017_20100121,ACT_EU_INST_CJEU_JUDG_AG_SI_TRS
DOC_JUDG_CJ_2009_0018_20100204,ACT_EU_INST_CJEU_JUDG_AG_FR_BOT
DOC_JUDG_CJ_2009_0019_20100311,ACT_EU_INST_CJEU_JUDG_AG_SI_TRS
DOC_JUDG_CJ_2009_0020_20110407,ACT_EU_INST_CJEU_JUDG_AG_IT_MEN
DOC_JUDG_CJ_2009_0022_20091029,ACT_EU_INST_CJEU_JUDG_AG_SK_MAZ
DOC_JUDG_CJ_2009_0025_20100225,ACT_EU_INST_CJEU_JUDG_AG_ES_CRU_VIL
DOC_JUDG_CJ_2009_0027_P_20111221,ACT_EU_INST_CJEU_JUDG_AG_UK_SHA
DOC_JUDG_CJ_2009_0028_20111221,ACT_EU_INST_CJEU_JUDG_AG_SI_TRS
DOC_JUDG_CJ_2009_0030_20091015,ACT_EU_INST_CJEU_JUDG_AG_SI_TRS
DOC_JUDG_CJ_2009_0031_20100617,ACT_EU_INST_CJEU_JUDG_AG_UK_SHA
DOC_JUDG_CJ_2009_0034_20110308,ACT_EU_INST_CJEU_JUDG_AG_UK_SHA
DOC_JUDG_CJ_2009_0035_20100701,ACT_EU_INST_CJEU_JUDG_AG_SK_MAZ
DOC_JUDG_CJ_2009_0036_P_20101111,ACT_EU_INST_CJEU_JUDG_AG_IT_MEN
DOC_JUDG_CJ_2009_0037_20100610,ACT_EU_INST_CJEU_JUDG_AG_ES_CRU_VIL
DOC_JUDG_CJ_2009_0038_P_20100415,ACT_EU_INST_CJEU_JUDG_AG_SK_MAZ
DOC_JUDG_CJ_2009_0040_20100729,ACT_EU_INST_CJEU_JUDG_AG_IT_MEN
DOC_JUDG_CJ_2009_0041_20110303,ACT_EU_INST_CJEU_JUDG_AG_FR_BOT
DOC_JUDG_CJ_2009_0045_20101012,ACT_EU_INST_CJEU_JUDG_AG_SI_TRS
DOC_JUDG_CJ_2009_0047_20101125,ACT_EU_INST_CJEU_JUDG_AG_FR_BOT
DOC_JUDG_CJ_2009_0048_P_20100914,ACT_EU_INST_CJEU_JUDG_AG_ES_RUI_JAR_COL
DOC_JUDG_CJ_2009_0049_20101028,ACT_EU_INST_CJEU_JUDG_AG_DE_KOK
DOC_JUDG_CJ_2009_0050_20110303,ACT_EU_INST_CJEU_JUDG_AG_SK_MAZ
DOC_JUDG_CJ_2009_0051_P_20100624,ACT_EU_INST_CJEU_JUDG_AG_ES_CRU_VIL
DOC_JUDG_CJ_2009_0052_20110217,ACT_EU_INST_CJEU_JUDG_AG_SK_MAZ
DOC_JUDG_CJ_2009_0053_20101007,ACT_EU_INST_CJEU_JUDG_AG_IT_MEN
DOC_JUDG_CJ_2009_0054_P_20100729,ACT_EU_INST_CJEU_JUDG_AG_DE_KOK
DOC_JUDG_CJ_2009_0056_20100520,ACT_EU_INST_CJEU_JUDG_AG_DE_KOK
DOC_JUDG_CJ_2009_0057_20101109,ACT_EU_INST_CJEU_JUDG_AG_IT_MEN
DOC_JUDG_CJ_2009_0058_20100610,ACT_EU_INST_CJEU_JUDG_AG_FR_BOT
DOC_JUDG_CJ_2009_0061_20101014,ACT_EU_INST_CJEU_JUDG_AG_SK_MAZ
DOC_JUDG_CJ_2009_0062_20100422,ACT_EU_INST_CJEU_JUDG_AG_FI_JAA
DOC_JUDG_CJ_2009_0063_20100506,ACT_EU_INST_CJEU_JUDG_AG_SK_MAZ
DOC_JUDG_CJ_2009_0064_20100415,ACT_EU_INST_CJEU_JUDG_AG_ES_CRU_VIL
DOC_JUDG_CJ_2009_0065_20110616,ACT_EU_INST_CJEU_JUDG_AG_SK_MAZ
DOC_JUDG_CJ_2009_0066_20100902,ACT_EU_INST_CJEU_JUDG_AG_FR_BOT
DOC_JUDG_CJ_2009_0067_P_20101014,ACT_EU_INST_CJEU_JUDG_AG_UK_SHA
DOC_JUDG_CJ_2009_0070_20100715,ACT_EU_INST_CJEU_JUDG_AG_FI_JAA
DOC_JUDG_CJ_2009_0071_P_20110609,ACT_EU_INST_CJEU_JUDG_AG_SI_TRS
DOC_JUDG_CJ_2009_0072_20101028,ACT_EU_INST_CJEU_JUDG_AG_FI_JAA
DOC_JUDG_CJ_2009_0074_20100715,ACT_EU_INST_CJEU_JUDG_AG_DE_KOK
DOC_JUDG_CJ_2009_0075_20100617,ACT_EU_INST_CJEU_JUDG_AG_UK_SHA
DOC_JUDG_CJ_2009_0077_20101222,ACT_EU_INST_CJEU_JUDG_AG_FI_JAA
DOC_JUDG_CJ_2009_0079_20100325,ACT_EU_INST_CJEU_JUDG_AG_UK_SHA
DOC_JUDG_CJ_2009_0081_20101021,ACT_EU_INST_CJEU_JUDG_AG_SI_TRS
DOC_JUDG_CJ_2009_0082_20100422,ACT_EU_INST_CJEU_JUDG_AG_FI_JAA
DOC_JUDG_CJ_2009_0083_P_20110524,ACT_EU_INST_CJEU_JUDG_AG_FI_JAA
DOC_JUDG_CJ_2009_0084_20101118,ACT_EU_INST_CJEU_JUDG_AG_DE_KOK
DOC_JUDG_CJ_2009_0086_20100610,ACT_EU_INST_CJEU_JUDG_AG_UK_SHA
DOC_JUDG_CJ_2009_0088_20100211,ACT_EU_INST_CJEU_JUDG_AG_IT_MEN
DOC_JUDG_CJ_2009_0089_20101216,ACT_EU_INST_CJEU_JUDG_AG_IT_MEN
DOC_JUDG_CJ_2009_0090_P_20110120,ACT_EU_INST_CJEU_JUDG_AG_SK_MAZ
DOC_JUDG_CJ_2009_0092_20101109,ACT_EU_INST_CJEU_JUDG_AG_UK_SHA
DOC_JUDG_CJ_2009_0094_20100506,ACT_EU_INST_CJEU_JUDG_AG_IT_MEN
DOC_JUDG_CJ_2009_0096_P_20110329,ACT_EU_INST_CJEU_JUDG_AG_ES_CRU_VIL
DOC_JUDG_CJ_2009_0097_20101026,ACT_EU_INST_CJEU_JUDG_AG_DE_KOK
DOC_JUDG_CJ_2009_0098_20100624,ACT_EU_INST_CJEU_JUDG_AG_FI_JAA
DOC_JUDG_CJ_2009_0099_20100701,ACT_EU_INST_CJEU_JUDG_AG_FR_BOT
DOC_JUDG_CJ_2009_0100_20091001,ACT_EU_INST_CJEU_JUDG_AG_UK_SHA
DOC_JUDG_CJ_2009_0102_20100429,ACT_EU_INST_CJEU_JUDG_AG_UK_SHA
DOC_JUDG_CJ_2009_0103_20101222,ACT_EU_INST_CJEU_JUDG_AG_SK_MAZ
DOC_JUDG_CJ_2009_0104_20100930,ACT_EU_INST_CJEU_JUDG_AG_DE_KOK
DOC_JUDG_CJ_2009_0105_20100617,ACT_EU_INST_CJEU_JUDG_AG_DE_KOK
DOC_JUDG_CJ_2009_0106_P_20111115,ACT_EU_INST_CJEU_JUDG_AG_FI_JAA
DOC_JUDG_CJ_2009_0108_20101202,ACT_EU_INST_CJEU_JUDG_AG_IT_MEN
DOC_JUDG_CJ_2009_0109_20110310,ACT_EU_INST_CJEU_JUDG_AG_SI_TRS
DOC_JUDG_CJ_2009_0111_20100520,ACT_EU_INST_CJEU_JUDG_AG_SK_MAZ
DOC_JUDG_CJ_2009_0115_20110512,ACT_EU_INST_CJEU_JUDG_AG_UK_SHA
DOC_JUDG_CJ_2009_0118_20101222,ACT_EU_INST_CJEU_JUDG_AG_SI_TRS
DOC_JUDG_CJ_2009_0119_20110405,ACT_EU_INST_CJEU_JUDG_AG_SK_MAZ
DOC_JUDG_CJ_2009_0120_20091217,ACT_EU_INST_CJEU_JUDG_AG_FR_BOT
DOC_JUDG_CJ_2009_0122_20100422,ACT_EU_INST_CJEU_JUDG_AG_ES_CRU_VIL
DOC_JUDG_CJ_2009_0123_20100429,ACT_EU_INST_CJEU_JUDG_AG_SI_TRS
DOC_JUDG_CJ_2009_0124_20100429,ACT_EU_INST_CJEU_JUDG_AG_FR_BOT
DOC_JUDG_CJ_2009_0125_20120426,ACT_EU_INST_CJEU_JUDG_AG_ES_CRU_VIL
DOC_JUDG_CJ_2009_0127_20100603,ACT_EU_INST_CJEU_JUDG_AG_ES_CRU_VIL
DOC_JUDG_CJ_2009_0128_20111018,ACT_EU_INST_CJEU_JUDG_AG_UK_SHA
DOC_JUDG_CJ_2009_0132_20100930,ACT_EU_INST_CJEU_JUDG_AG_IT_MEN
DOC_JUDG_CJ_2009_0133_20100930,ACT_EU_INST_CJEU_JUDG_AG_SK_MAZ
DOC_JUDG_CJ_2009_0137_20101216,ACT_EU_INST_CJEU_JUDG_AG_FR_BOT
DOC_JUDG_CJ_2009_0138_20100520,ACT_EU_INST_CJEU_JUDG_AG_FI_JAA
DOC_JUDG_CJ_2009_0140_20100610,ACT_EU_INST_CJEU_JUDG_AG_FI_JAA
DOC_JUDG_CJ_2009_0142_20101118,ACT_EU_INST_CJEU_JUDG_AG_FI_JAA
DOC_JUDG_CJ_2009_0145_20101123,ACT_EU_INST_CJEU_JUDG_AG_FR_BOT
DOC_JUDG_CJ_2009_0148_P_20110922,ACT_EU_INST_CJEU_JUDG_AG_FI_JAA
DOC_JUDG_CJ_2009_0151_20100729,ACT_EU_INST_CJEU_JUDG_AG_UK_SHA
DOC_JUDG_CJ_2009_0152_20101111,ACT_EU_INST_CJEU_JUDG_AG_SK_MAZ
DOC_JUDG_CJ_2009_0153_20101202,ACT_EU_INST_CJEU_JUDG_AG_SK_MAZ
DOC_JUDG_CJ_2009_0154_20101007,ACT_EU_INST_CJEU_JUDG_AG_ES_CRU_VIL
DOC_JUDG_CJ_2009_0155_20110120,ACT_EU_INST_CJEU_JUDG_AG_SK_MAZ
DOC_JUDG_CJ_2009_0156_20101118,ACT_EU_INST_CJEU_JUDG_AG_UK_SHA
DOC_JUDG_CJ_2009_0157_20111201,ACT_EU_INST_CJEU_JUDG_AG_ES_CRU_VIL
DOC_JUDG_CJ_2009_0158_20100520,ACT_EU_INST_CJEU_JUDG_AG_SK_MAZ
DOC_JUDG_CJ_2009_0159_20101118,ACT_EU_INST_CJEU_JUDG_AG_IT_MEN
DOC_JUDG_CJ_2009_0160_20100520,ACT_EU_INST_CJEU_JUDG_AG_UK_SHA
DOC_JUDG_CJ_2009_0161_20110303,ACT_EU_INST_CJEU_JUDG_AG_IT_MEN
DOC_JUDG_CJ_2009_0162_20101007,ACT_EU_INST_CJEU_JUDG_AG_SI_TRS
DOC_JUDG_CJ_2009_0163_20101209,ACT_EU_INST_CJEU_JUDG_AG_DE_KOK
DOC_JUDG_CJ_2009_0164_20101111,ACT_EU_INST_CJEU_JUDG_AG_DE_KOK
DOC_JUDG_CJ_2009_0165_20110526,ACT_EU_INST_CJEU_JUDG_AG_DE_KOK
DOC_JUDG_CJ_2009_0168_20110127,ACT_EU_INST_CJEU_JUDG_AG_FR_BOT
DOC_JUDG_CJ_2009_0169_20100325,ACT_EU_INST_CJEU_JUDG_AG_FI_JAA
DOC_JUDG_CJ_2009_0170_20100225,ACT_EU_INST_CJEU_JUDG_AG_FI_JAA
DOC_JUDG_CJ_2009_0173_20101005,ACT_EU_INST_CJEU_JUDG_AG_ES_CRU_VIL
DOC_JUDG_CJ_2009_0175_20101028,ACT_EU_INST_CJEU_JUDG_AG_ES_CRU_VIL
DOC_JUDG_CJ_2009_0176_20110512,ACT_EU_INST_CJEU_JUDG_AG_IT_MEN
DOC_JUDG_CJ_2009_0185_20100204,ACT_EU_INST_CJEU_JUDG_AG_IT_MEN
DOC_JUDG_CJ_2009_0186_20100204,ACT_EU_INST_CJEU_JUDG_AG_IT_MEN
DOC_JUDG_CJ_2009_0187_20091210,ACT_EU_INST_CJEU_JUDG_AG_FI_JAA
DOC_JUDG_CJ_2009_0188_20100729,ACT_EU_INST_CJEU_JUDG_AG_SK_MAZ
DOC_JUDG_CJ_2009_0189_20100729,ACT_EU_INST_CJEU_JUDG_AG_FR_BOT
DOC_JUDG_CJ_2009_0191_P_20120216,ACT_EU_INST_CJEU_JUDG_AG_IT_MEN
DOC_JUDG_CJ_2009_0194_P_20110721,ACT_EU_INST_CJEU_JUDG_AG_FI_JAA
DOC_JUDG_CJ_2009_0195_20110728,ACT_EU_INST_CJEU_JUDG_AG_IT_MEN
DOC_JUDG_CJ_2009_0196_20110614,ACT_EU_INST_CJEU_JUDG_AG_UK_SHA
DOC_JUDG_CJ_2009_0197_RX_II_20091217,ACT_EU_INST_CJEU_JUDG_AG_SK_MAZ
DOC_JUDG_CJ_2009_0199_20101202,ACT_EU_INST_CJEU_JUDG_AG_DE_KOK
DOC_JUDG_CJ_2009_0201_P_20110329,ACT_EU_INST_CJEU_JUDG_AG_FR_BOT
DOC_JUDG_CJ_2009_0202_20091126,ACT_EU_INST_CJEU_JUDG_AG_FR_BOT
DOC_JUDG_CJ_2009_0203_20101028,ACT_EU_INST_CJEU_JUDG_AG_FR_BOT
DOC_JUDG_CJ_2009_0204_20120214,ACT_EU_INST_CJEU_JUDG_AG_UK_SHA
DOC_JUDG_CJ_2009_0205_20101021,ACT_EU_INST_CJEU_JUDG_AG_DE_KOK
DOC_JUDG_CJ_2009_0208_20101222,ACT_EU_INST_CJEU_JUDG_AG_UK_SHA
DOC_JUDG_CJ_2009_0209_20100225,ACT_EU_INST_CJEU_JUDG_AG_DE_KOK
DOC_JUDG_CJ_2009_0210_20100520,ACT_EU_INST_CJEU_JUDG_AG_IT_MEN
DOC_JUDG_CJ_2009_0211_20091126,ACT_EU_INST_CJEU_JUDG_AG_FR_BOT
DOC_JUDG_CJ_2009_0212_20111110,ACT_EU_INST_CJEU_JUDG_AG_ES_CRU_VIL
DOC_JUDG_CJ_2009_0213_20101125,ACT_EU_INST_CJEU_JUDG_AG_SI_TRS
DOC_JUDG_CJ_2009_0214_P_20100729,ACT_EU_INST_CJEU_JUDG_AG_ES_CRU_VIL
DOC_JUDG_CJ_2009_0215_20101222,ACT_EU_INST_CJEU_JUDG_AG_SK_MAZ
DOC_JUDG_CJ_2009_0218_20100318,ACT_EU_INST_CJEU_JUDG_AG_SI_TRS
DOC_JUDG_CJ_2009_0221_20110317,ACT_EU_INST_CJEU_JUDG_AG_SI_TRS
DOC_JUDG_CJ_2009_0222_20101007,ACT_EU_INST_CJEU_JUDG_AG_DE_KOK
DOC_JUDG_CJ_2009_0224_20101007,ACT_EU_INST_CJEU_JUDG_AG_SK_MAZ
DOC_JUDG_CJ_2009_0225_20101202,ACT_EU_INST_CJEU_JUDG_AG_FI_JAA
DOC_JUDG_CJ_2009_0226_20101118,ACT_EU_INST_CJEU_JUDG_AG_IT_MEN
DOC_JUDG_CJ_2009_0227_20101021,ACT_EU_INST_CJEU_JUDG_AG_ES_CRU_VIL
DOC_JUDG_CJ_2009_0228_20100520,ACT_EU_INST_CJEU_JUDG_AG_DE_KOK
DOC_JUDG_CJ_2009_0229_20101111,ACT_EU_INST_CJEU_JUDG_AG_SI_TRS
DOC_JUDG_CJ_2009_0230_20110505,ACT_EU_INST_CJEU_JUDG_AG_SK_MAZ
DOC_JUDG_CJ_2009_0232_20101111,ACT_EU_INST_CJEU_JUDG_AG_FR_BOT
DOC_JUDG_CJ_2009_0233_20100701,ACT_EU_INST_CJEU_JUDG_AG_IT_MEN
DOC_JUDG_CJ_2009_0234_20100715,ACT_EU_INST_CJEU_JUDG_AG_FI_JAA
DOC_JUDG_CJ_2009_0235_20110412,ACT_EU_INST_CJEU_JUDG_AG_ES_CRU_VIL
DOC_JUDG_CJ_2009_0236_20110301,ACT_EU_INST_CJEU_JUDG_AG_DE_KOK
DOC_JUDG_CJ_2009_0237_20100603,ACT_EU_INST_CJEU_JUDG_AG_UK_SHA
DOC_JUDG_CJ_2009_0239_20101216,ACT_EU_INST_CJEU_JUDG_AG_ES_CRU_VIL
DOC_JUDG_CJ_2009_0240_20110308,ACT_EU_INST_CJEU_JUDG_AG_UK_SHA
DOC_JUDG_CJ_2009_0241_20101209,ACT_EU_INST_CJEU_JUDG_AG_SI_TRS
DOC_JUDG_CJ_2009_0242_20101021,ACT_EU_INST_CJEU_JUDG_AG_FR_BOT
DOC_JUDG_CJ_2009_0243_20101014,ACT_EU_INST_CJEU_JUDG_AG_IT_MEN
DOC_JUDG_CJ_2009_0245_20101222,ACT_EU_INST_CJEU_JUDG_AG_FR_BOT
DOC_JUDG_CJ_2009_0246_20100708,ACT_EU_INST_CJEU_JUDG_AG_FR_BOT
DOC_JUDG_CJ_2009_0247_20101118,ACT_EU_INST_CJEU_JUDG_AG_SK_MAZ
DOC_JUDG_CJ_2009_0248_20100729,ACT_EU_INST_CJEU_JUDG_AG_IT_MEN
DOC_JUDG_CJ_2009_0249_20110505,ACT_EU_INST_CJEU_JUDG_AG_FI_JAA
DOC_JUDG_CJ_2009_0250_20101118,ACT_EU_INST_CJEU_JUDG_AG_FR_BOT
DOC_JUDG_CJ_2009_0251_20110217,ACT_EU_INST_CJEU_JUDG_AG_IT_MEN
DOC_JUDG_CJ_2009_0253_20111201,ACT_EU_INST_CJEU_JUDG_AG_SK_MAZ
DOC_JUDG_CJ_2009_0254_P_20100902,ACT_EU_INST_CJEU_JUDG_AG_SK_MAZ
DOC_JUDG_CJ_2009_0255_20111027,ACT_EU_INST_CJEU_JUDG_AG_SI_TRS
DOC_JUDG_CJ_2009_0256_20100715,ACT_EU_INST_CJEU_JUDG_AG_UK_SHA
DOC_JUDG_CJ_2009_0258_20100304,ACT_EU_INST_CJEU_JUDG_AG_ES_CRU_VIL
DOC_JUDG_CJ_2009_0259_20100204,ACT_EU_INST_CJEU_JUDG_AG_SK_MAZ
DOC_JUDG_CJ_2009_0260_P_20110210,ACT_EU_INST_CJEU_JUDG_AG_SK_MAZ
DOC_JUDG_CJ_2009_0261_20101116,ACT_EU_INST_CJEU_JUDG_AG_FR_BOT
DOC_JUDG_CJ_2009_0262_20110630,ACT_EU_INST_CJEU_JUDG_AG_SI_TRS
DOC_JUDG_CJ_2009_0263_P_20110705,ACT_EU_INST_CJEU_JUDG_AG_DE_KOK
DOC_JUDG_CJ_2009_0264_20110915,ACT_EU_INST_CJEU_JUDG_AG_FI_JAA
DOC_JUDG_CJ_2009_0265_P_20100909,ACT_EU_INST_CJEU_JUDG_AG_FR_BOT
DOC_JUDG_CJ_2009_0266_20101216,ACT_EU_INST_CJEU_JUDG_AG_DE_KOK
DOC_JUDG_CJ_2009_0267_20110505,ACT_EU_INST_CJEU_JUDG_AG_DE_KOK
DOC_JUDG_CJ_2009_0269_20120712,ACT_EU_INST_CJEU_JUDG_AG_SK_MAZ
DOC_JUDG_CJ_2009_0270_20101216,ACT_EU_INST_CJEU_JUDG_AG_SI_TRS
DOC_JUDG_CJ_2009_0271_20111221,ACT_EU_INST_CJEU_JUDG_AG_FI_JAA
DOC_JUDG_CJ_2009_0272_P_20111208,ACT_EU_INST_CJEU_JUDG_AG_UK_SHA
DOC_JUDG_CJ_2009_0273_20101222,ACT_EU_INST_CJEU_JUDG_AG_ES_CRU_VIL
DOC_JUDG_CJ_2009_0274_20110310,ACT_EU_INST_CJEU_JUDG_AG_SK_MAZ
DOC_JUDG_CJ_2009_0275_20110317,ACT_EU_INST_CJEU_JUDG_AG_IT_MEN
DOC_JUDG_CJ_2009_0276_20101202,ACT_EU_INST_CJEU_JUDG_AG_ES_CRU_VIL
DOC_JUDG_CJ_2009_0277_20101222,ACT_EU_INST_CJEU_JUDG_AG_SK_MAZ
DOC_JUDG_CJ_2009_0279_20101222,ACT_EU_INST_CJEU_JUDG_AG_IT_MEN
DOC_JUDG_CJ_2009_0281_20111124,ACT_EU_INST_CJEU_JUDG_AG_FR_BOT
DOC_JUDG_CJ_2009_0283_20110217,ACT_EU_INST_CJEU_JUDG_AG_DE_KOK
DOC_JUDG_CJ_2009_0284_20111020,ACT_EU_INST_CJEU_JUDG_AG_UK_SHA
DOC_JUDG_CJ_2009_0285_20101207,ACT_EU_INST_CJEU_JUDG_AG_ES_CRU_VIL
DOC_JUDG_CJ_2009_0288_20110414,ACT_EU_INST_CJEU_JUDG_AG_FR_BOT
DOC_JUDG_CJ_2009_0291_20110407,ACT_EU_INST_CJEU_JUDG_AG_UK_SHA
DOC_JUDG_CJ_2009_0294_20100415,ACT_EU_INST_CJEU_JUDG_AG_SI_TRS
DOC_JUDG_CJ_2009_0295_20100225,ACT_EU_INST_CJEU_JUDG_AG_DE_KOK
DOC_JUDG_CJ_2009_0296_20101209,ACT_EU_INST_CJEU_JUDG_AG_SK_MAZ
DOC_JUDG_CJ_2009_0300_20101209,ACT_EU_INST_CJEU_JUDG_AG_DE_KOK
DOC_JUDG_CJ_2009_0302_20111006,ACT_EU_INST_CJEU_JUDG_AG_SI_TRS
DOC_JUDG_CJ_2009_0303_20110714,ACT_EU_INST_CJEU_JUDG_AG_SI_TRS
DOC_JUDG_CJ_2009_0304_20101222,ACT_EU_INST_CJEU_JUDG_AG_SI_TRS
DOC_JUDG_CJ_2009_0305_20110505,ACT_EU_INST_CJEU_JUDG_AG_SI_TRS
DOC_JUDG_CJ_2009_0306_20101021,ACT_EU_INST_CJEU_JUDG_AG_ES_CRU_VIL
DOC_JUDG_CJ_2009_0307_20110210,ACT_EU_INST_CJEU_JUDG_AG_FR_BOT
DOC_JUDG_CJ_2009_0310_20110915,ACT_EU_INST_CJEU_JUDG_AG_IT_MEN
DOC_JUDG_CJ_2009_0311_20100506,ACT_EU_INST_CJEU_JUDG_AG_UK_SHA
DOC_JUDG_CJ_2009_0314_20100930,ACT_EU_INST_CJEU_JUDG_AG_SI_TRS
DOC_JUDG_CJ_2009_0316_20110505,ACT_EU_INST_CJEU_JUDG_AG_SI_TRS
DOC_JUDG_CJ_2009_0317_P_20101118,ACT_EU_INST_CJEU_JUDG_AG_ES_CRU_VIL
DOC_JUDG_CJ_2009_0318_P_20111221,ACT_EU_INST_CJEU_JUDG_AG_UK_SHA
DOC_JUDG_CJ_2009_0319_P_20111221,ACT_EU_INST_CJEU_JUDG_AG_UK_SHA
DOC_JUDG_CJ_2009_0320_P_20111221,ACT_EU_INST_CJEU_JUDG_AG_UK_SHA
DOC_JUDG_CJ_2009_0321_P_20110407,ACT_EU_INST_CJEU_JUDG_AG_FR_BOT
DOC_JUDG_CJ_2009_0322_P_20101118,ACT_EU_INST_CJEU_JUDG_AG_SI_TRS
DOC_JUDG_CJ_2009_0323_20110922,ACT_EU_INST_CJEU_JUDG_AG_FI_JAA
DOC_JUDG_CJ_2009_0324_20110712,ACT_EU_INST_CJEU_JUDG_AG_FI_JAA
DOC_JUDG_CJ_2009_0325_20110721,ACT_EU_INST_CJEU_JUDG_AG_SI_TRS
DOC_JUDG_CJ_2009_0326_20110317,ACT_EU_INST_CJEU_JUDG_AG_UK_SHA
DOC_JUDG_CJ_2009_0327_20110414,ACT_EU_INST_CJEU_JUDG_AG_FI_JAA
DOC_JUDG_CJ_2009_0329_P_20111221,ACT_EU_INST_CJEU_JUDG_AG_UK_SHA
DOC_JUDG_CJ_2009_0330_20100225,ACT_EU_INST_CJEU_JUDG_AG_DE_KOK
DOC_JUDG_CJ_2009_0331_20110414,ACT_EU_INST_CJEU_JUDG_AG_UK_SHA
DOC_JUDG_CJ_2009_0335_P_20120626,ACT_EU_INST_CJEU_JUDG_AG_ES_CRU_VIL
DOC_JUDG_CJ_2009_0336_P_20120626,ACT_EU_INST_CJEU_JUDG_AG_ES_CRU_VIL
DOC_JUDG_CJ_2009_0337_P_20120719,ACT_EU_INST_CJEU_JUDG_AG_DE_KOK
DOC_JUDG_CJ_2009_0338_20101222,ACT_EU_INST_CJEU_JUDG_AG_ES_CRU_VIL
DOC_JUDG_CJ_2009_0339_20101216,ACT_EU_INST_CJEU_JUDG_AG_SI_TRS
DOC_JUDG_CJ_2009_0340_20101209,ACT_EU_INST_CJEU_JUDG_AG_DE_KOK
DOC_JUDG_CJ_2009_0343_20100708,ACT_EU_INST_CJEU_JUDG_AG_DE_KOK
DOC_JUDG_CJ_2009_0345_20101014,ACT_EU_INST_CJEU_JUDG_AG_FI_JAA
DOC_JUDG_CJ_2009_0346_20110622,ACT_EU_INST_CJEU_JUDG_AG_ES_CRU_VIL
DOC_JUDG_CJ_2009_0347_20110915,ACT_EU_INST_CJEU_JUDG_AG_FR_BOT
DOC_JUDG_CJ_2009_0348_20120522,ACT_EU_INST_CJEU_JUDG_AG_FR_BOT
DOC_JUDG_CJ_2009_0351_20101222,ACT_EU_INST_CJEU_JUDG_AG_SK_MAZ
DOC_JUDG_CJ_2009_0352_P_20110329,ACT_EU_INST_CJEU_JUDG_AG_FR_BOT
DOC_JUDG_CJ_2009_0354_20100715,ACT_EU_INST_CJEU_JUDG_AG_SK_MAZ
DOC_JUDG_CJ_2009_0356_20101118,ACT_EU_INST_CJEU_JUDG_AG_DE_KOK
DOC_JUDG_CJ_2009_0357_PPU_20091130,ACT_EU_INST_CJEU_JUDG_AG_SK_MAZ
DOC_JUDG_CJ_2009_0359_20110203,ACT_EU_INST_CJEU_JUDG_AG_ES_CRU_VIL
DOC_JUDG_CJ_2009_0360_20110614,ACT_EU_INST_CJEU_JUDG_AG_SK_MAZ
DOC_JUDG_CJ_2009_0362_P_20101216,ACT_EU_INST_CJEU_JUDG_AG_FR_BOT
DOC_JUDG_CJ_2009_0363_20100701,ACT_EU_INST_CJEU_JUDG_AG_SK_MAZ
DOC_JUDG_CJ_2009_0367_20101028,ACT_EU_INST_CJEU_JUDG_AG_DE_KOK
DOC_JUDG_CJ_2009_0368_20100715,ACT_EU_INST_CJEU_JUDG_AG_FI_JAA
DOC_JUDG_CJ_2009_0369_P_20110324,ACT_EU_INST_CJEU_JUDG_AG_FR_BOT
DOC_JUDG_CJ_2009_0371_20100729,ACT_EU_INST_CJEU_JUDG_AG_FI_JAA
DOC_JUDG_CJ_2009_0372_20110317,ACT_EU_INST_CJEU_JUDG_AG_IT_MEN
DOC_JUDG_CJ_2009_0375_20110503,ACT_EU_INST_CJEU_JUDG_AG_SK_MAZ
DOC_JUDG_CJ_2009_0376_20110519,ACT_EU_INST_CJEU_JUDG_AG_SK_MAZ
DOC_JUDG_CJ_2009_0377_20100729,ACT_EU_INST_CJEU_JUDG_AG_SI_TRS
DOC_JUDG_CJ_2009_0378_20100610,ACT_EU_INST_CJEU_JUDG_AG_UK_SHA
DOC_JUDG_CJ_2009_0379_20110310,ACT_EU_INST_CJEU_JUDG_AG_DE_KOK
DOC_JUDG_CJ_2009_0380_P_20120313,ACT_EU_INST_CJEU_JUDG_AG_IT_MEN
DOC_JUDG_CJ_2009_0382_20101007,ACT_EU_INST_CJEU_JUDG_AG_FI_JAA
DOC_JUDG_CJ_2009_0383_20110609,ACT_EU_INST_CJEU_JUDG_AG_DE_KOK
DOC_JUDG_CJ_2009_0384_20110505,ACT_EU_INST_CJEU_JUDG_AG_ES_CRU_VIL
DOC_JUDG_CJ_2009_0385_20101021,ACT_EU_INST_CJEU_JUDG_AG_UK_SHA
DOC_JUDG_CJ_2009_0388_20110630,ACT_EU_INST_CJEU_JUDG_AG_FR_BOT
DOC_JUDG_CJ_2009_0391_20110512,ACT_EU_INST_CJEU_JUDG_AG_FI_JAA
DOC_JUDG_CJ_2009_0392_20100930,ACT_EU_INST_CJEU_JUDG_AG_FI_JAA
DOC_JUDG_CJ_2009_0393_20101222,ACT_EU_INST_CJEU_JUDG_AG_FR_BOT
DOC_JUDG_CJ_2009_0395_20100930,ACT_EU_INST_CJEU_JUDG_AG_IT_MEN
DOC_JUDG_CJ_2009_0396_20111020,ACT_EU_INST_CJEU_JUDG_AG_DE_KOK
DOC_JUDG_CJ_2009_0397_20110721,ACT_EU_INST_CJEU_JUDG_AG_UK_SHA
DOC_JUDG_CJ_2009_0398_20110906,ACT_EU_INST_CJEU_JUDG_AG_ES_CRU_VIL
DOC_JUDG_CJ_2009_0399_20110622,ACT_EU_INST_CJEU_JUDG_AG_ES_CRU_VIL
DOC_JUDG_CJ_2009_0400_20110728,ACT_EU_INST_CJEU_JUDG_AG_FR_BOT
DOC_JUDG_CJ_2009_0401_P_20110609,ACT_EU_INST_CJEU_JUDG_AG_IT_MEN
DOC_JUDG_CJ_2009_0402_20110407,ACT_EU_INST_CJEU_JUDG_AG_UK_SHA
DOC_JUDG_CJ_2009_0403_PPU_20091223,ACT_EU_INST_CJEU_JUDG_AG_FR_BOT
DOC_JUDG_CJ_2009_0404_20111124,ACT_EU_INST_CJEU_JUDG_AG_DE_KOK
DOC_JUDG_CJ_2009_0405_20110407,ACT_EU_INST_CJEU_JUDG_AG_SI_TRS
DOC_JUDG_CJ_2009_0406_20111018,ACT_EU_INST_CJEU_JUDG_AG_IT_MEN
DOC_JUDG_CJ_2009_0407_20110331,ACT_EU_INST_CJEU_JUDG_AG_SK_MAZ
DOC_JUDG_CJ_2009_0409_20110609,ACT_EU_INST_CJEU_JUDG_AG_FI_JAA
DOC_JUDG_CJ_2009_0410_20110512,ACT_EU_INST_CJEU_JUDG_AG_ES_CRU_VIL
DOC_JUDG_CJ_2009_0421_20101209,ACT_EU_INST_CJEU_JUDG_AG_FI_JAA
DOC_JUDG_CJ_2009_0422_20101202,ACT_EU_INST_CJEU_JUDG_AG_IT_MEN
DOC_JUDG_CJ_2009_0423_20101028,ACT_EU_INST_CJEU_JUDG_AG_SK_MAZ
DOC_JUDG_CJ_2009_0424_20110405,ACT_EU_INST_CJEU_JUDG_AG_IT_MEN
DOC_JUDG_CJ_2009_0427_20110728,ACT_EU_INST_CJEU_JUDG_AG_IT_MEN
DOC_JUDG_CJ_2009_0428_20101014,ACT_EU_INST_CJEU_JUDG_AG_SK_MAZ
DOC_JUDG_CJ_2009_0429_20101125,ACT_EU_INST_CJEU_JUDG_AG_IT_MEN
DOC_JUDG_CJ_2009_0430_20101216,ACT_EU_INST_CJEU_JUDG_AG_DE_KOK
DOC_JUDG_CJ_2009_0431_20111013,ACT_EU_INST_CJEU_JUDG_AG_FI_JAA
DOC_JUDG_CJ_2009_0433_20101222,ACT_EU_INST_CJEU_JUDG_AG_ES_CRU_VIL
DOC_JUDG_CJ_2009_0434_20110505,ACT_EU_INST_CJEU_JUDG_AG_DE_KOK
DOC_JUDG_CJ_2009_0435_20110324,ACT_EU_INST_CJEU_JUDG_AG_FI_JAA
DOC_JUDG_CJ_2009_0437_20110303,ACT_EU_INST_CJEU_JUDG_AG_IT_MEN
DOC_JUDG_CJ_2009_0438_20101222,ACT_EU_INST_CJEU_JUDG_AG_IT_MEN
DOC_JUDG_CJ_2009_0439_20111013,ACT_EU_INST_CJEU_JUDG_AG_SK_MAZ
DOC_JUDG_CJ_2009_0440_20110303,ACT_EU_INST_CJEU_JUDG_AG_DE_KOK
DOC_JUDG_CJ_2009_0441_20110512,ACT_EU_INST_CJEU_JUDG_AG_FR_BOT
DOC_JUDG_CJ_2009_0442_20110906,ACT_EU_INST_CJEU_JUDG_AG_FR_BOT
DOC_JUDG_CJ_2009_0443_20120419,ACT_EU_INST_CJEU_JUDG_AG_DE_KOK
DOC_JUDG_CJ_2009_0444_20101222,ACT_EU_INST_CJEU_JUDG_AG_UK_SHA
DOC_JUDG_CJ_2009_0445_20110707,ACT_EU_INST_CJEU_JUDG_AG_DE_KOK
DOC_JUDG_CJ_2009_0446_20111201,ACT_EU_INST_CJEU_JUDG_AG_ES_CRU_VIL
DOC_JUDG_CJ_2009_0447_20110913,ACT_EU_INST_CJEU_JUDG_AG_ES_CRU_VIL
DOC_JUDG_CJ_2009_0450_20110331,ACT_EU_INST_CJEU_JUDG_AG_FR_BOT
DOC_JUDG_CJ_2009_0452_20110519,ACT_EU_INST_CJEU_JUDG_AG_DE_KOK
DOC_JUDG_CJ_2009_0453_20110512,ACT_EU_INST_CJEU_JUDG_AG_FR_BOT
DOC_JUDG_CJ_2009_0454_20111013,ACT_EU_INST_CJEU_JUDG_AG_SI_TRS
DOC_JUDG_CJ_2009_0458_P_20111124,ACT_EU_INST_CJEU_JUDG_AG_SI_TRS
DOC_JUDG_CJ_2009_0460_P_20130228,ACT_EU_INST_CJEU_JUDG_AG_FI_JAA
DOC_JUDG_CJ_2009_0462_20110616,ACT_EU_INST_CJEU_JUDG_AG_FI_JAA
DOC_JUDG_CJ_2009_0463_20110120,ACT_EU_INST_CJEU_JUDG_AG_SI_TRS
DOC_JUDG_CJ_2009_0464_P_20101202,ACT_EU_INST_CJEU_JUDG_AG_SK_MAZ
DOC_JUDG_CJ_2009_0465_P_20110609,ACT_EU_INST_CJEU_JUDG_AG_IT_MEN
DOC_JUDG_CJ_2009_0471_P_20110728,ACT_EU_INST_CJEU_JUDG_AG_IT_MEN
DOC_JUDG_CJ_2009_0474_P_20110728,ACT_EU_INST_CJEU_JUDG_AG_IT_MEN
DOC_JUDG_CJ_2009_0477_20110310,ACT_EU_INST_CJEU_JUDG_AG_IT_MEN
DOC_JUDG_CJ_2009_0478_20100624,ACT_EU_INST_CJEU_JUDG_AG_IT_MEN
DOC_JUDG_CJ_2009_0479_P_20100930,ACT_EU_INST_CJEU_JUDG_AG_SK_MAZ
DOC_JUDG_CJ_2009_0480_P_20101216,ACT_EU_INST_CJEU_JUDG_AG_UK_SHA
DOC_JUDG_CJ_2009_0481_20100930,ACT_EU_INST_CJEU_JUDG_AG_FR_BOT
DOC_JUDG_CJ_2009_0482_20110922,ACT_EU_INST_CJEU_JUDG_AG_SI_TRS
DOC_JUDG_CJ_2009_0483_20110915,ACT_EU_INST_CJEU_JUDG_AG_DE_KOK
DOC_JUDG_CJ_2009_0484_20110317,ACT_EU_INST_CJEU_JUDG_AG_SI_TRS
DOC_JUDG_CJ_2009_0485_20110630,ACT_EU_INST_CJEU_JUDG_AG_IT_MEN
DOC_JUDG_CJ_2009_0488_20101222,ACT_EU_INST_CJEU_JUDG_AG_UK_SHA
DOC_JUDG_CJ_2009_0489_20110127,ACT_EU_INST_CJEU_JUDG_AG_SK_MAZ
DOC_JUDG_CJ_2009_0490_20110127,ACT_EU_INST_CJEU_JUDG_AG_IT_MEN
DOC_JUDG_CJ_2009_0493_20111006,ACT_EU_INST_CJEU_JUDG_AG_IT_MEN
DOC_JUDG_CJ_2009_0494_20110217,ACT_EU_INST_CJEU_JUDG_AG_SK_MAZ
DOC_JUDG_CJ_2009_0496_20111117,ACT_EU_INST_CJEU_JUDG_AG_SI_TRS
DOC_JUDG_CJ_2009_0497_20110310,ACT_EU_INST_CJEU_JUDG_AG_UK_SHA
DOC_JUDG_CJ_2009_0500_20101028,ACT_EU_INST_CJEU_JUDG_AG_FI_JAA
DOC_JUDG_CJ_2009_0503_20110721,ACT_EU_INST_CJEU_JUDG_AG_ES_CRU_VIL
DOC_JUDG_CJ_2009_0504_P_20120329,ACT_EU_INST_CJEU_JUDG_AG_SI_TRS
DOC_JUDG_CJ_2009_0505_P_20120329,ACT_EU_INST_CJEU_JUDG_AG_SI_TRS
DOC_JUDG_CJ_2009_0506_P_20120322,ACT_EU_INST_CJEU_JUDG_AG_SK_MAZ
DOC_JUDG_CJ_2009_0508_20110303,ACT_EU_INST_CJEU_JUDG_AG_UK_SHA
DOC_JUDG_CJ_2009_0509_20111025,ACT_EU_INST_CJEU_JUDG_AG_ES_CRU_VIL
DOC_JUDG_CJ_2009_0511_P_20111027,ACT_EU_INST_CJEU_JUDG_AG_FR_BOT
DOC_JUDG_CJ_2009_0512_20100715,ACT_EU_INST_CJEU_JUDG_AG_DE_KOK
DOC_JUDG_CJ_2009_0513_20100729,ACT_EU_INST_CJEU_JUDG_AG_ES_CRU_VIL
DOC_JUDG_CJ_2009_0515_20100729,ACT_EU_INST_CJEU_JUDG_AG_SK_MAZ
DOC_JUDG_CJ_2009_0516_20110310,ACT_EU_INST_CJEU_JUDG_AG_IT_MEN
DOC_JUDG_CJ_2009_0517_20101222,ACT_EU_INST_CJEU_JUDG_AG_DE_KOK
DOC_JUDG_CJ_2009_0518_20110721,ACT_EU_INST_CJEU_JUDG_AG_ES_CRU_VIL
DOC_JUDG_CJ_2009_0520_P_20110929,ACT_EU_INST_CJEU_JUDG_AG_IT_MEN
DOC_JUDG_CJ_2009_0521_P_20110929,ACT_EU_INST_CJEU_JUDG_AG_IT_MEN
DOC_JUDG_CJ_2009_0522_20110414,ACT_EU_INST_CJEU_JUDG_AG_DE_KOK
DOC_JUDG_CJ_2009_0523_20110707,ACT_EU_INST_CJEU_JUDG_AG_ES_CRU_VIL
DOC_JUDG_CJ_2009_0524_20101222,ACT_EU_INST_CJEU_JUDG_AG_DE_KOK
DOC_JUDG_CJ_2009_0526_20101202,ACT_EU_INST_CJEU_JUDG_AG_SI_TRS
DOC_JUDG_CJ_2009_0529_20130124,ACT_EU_INST_CJEU_JUDG_AG_SI_TRS
DOC_JUDG_CJ_2009_0530_20111027,ACT_EU_INST_CJEU_JUDG_AG_FR_BOT
DOC_JUDG_CJ_2009_0534_20101202,ACT_EU_INST_CJEU_JUDG_AG_ES_CRU_VIL
DOC_JUDG_CJ_2009_0536_20110616,ACT_EU_INST_CJEU_JUDG_AG_SK_MAZ
DOC_JUDG_CJ_2009_0537_20110505,ACT_EU_INST_CJEU_JUDG_AG_SK_MAZ
DOC_JUDG_CJ_2009_0538_20110526,ACT_EU_INST_CJEU_JUDG_AG_DE_KOK
DOC_JUDG_CJ_2009_0539_20111115,ACT_EU_INST_CJEU_JUDG_AG_SI_TRS
DOC_JUDG_CJ_2009_0540_20110310,ACT_EU_INST_CJEU_JUDG_AG_FI_JAA
DOC_JUDG_CJ_2009_0542_20120614,ACT_EU_INST_CJEU_JUDG_AG_UK_SHA
DOC_JUDG_CJ_2009_0543_20110505,ACT_EU_INST_CJEU_JUDG_AG_SI_TRS
DOC_JUDG_CJ_2009_0544_P_20110915,ACT_EU_INST_CJEU_JUDG_AG_UK_SHA
DOC_JUDG_CJ_2009_0545_20120202,ACT_EU_INST_CJEU_JUDG_AG_IT_MEN
DOC_JUDG_CJ_2009_0546_20110331,ACT_EU_INST_CJEU_JUDG_AG_ES_CRU_VIL
DOC_JUDG_CJ_2009_0548_P_20111116,ACT_EU_INST_CJEU_JUDG_AG_IT_MEN
DOC_JUDG_CJ_2009_0549_20111020,ACT_EU_INST_CJEU_JUDG_AG_SK_MAZ
DOC_JUDG_CJ_2009_0550_20100629,ACT_EU_INST_CJEU_JUDG_AG_IT_MEN
DOC_JUDG_CJ_2009_0552_P_20110324,ACT_EU_INST_CJEU_JUDG_AG_DE_KOK
DOC_JUDG_CJ_2009_0554_20110728,ACT_EU_INST_CJEU_JUDG_AG_ES_CRU_VIL
DOC_JUDG_CJ_2010_0002_20110721,ACT_EU_INST_CJEU_JUDG_AG_SK_MAZ
DOC_JUDG_CJ_2010_0004_20110714,ACT_EU_INST_CJEU_JUDG_AG_UK_SHA
DOC_JUDG_CJ_2010_0006_20100729,ACT_EU_INST_CJEU_JUDG_AG_ES_CRU_VIL
DOC_JUDG_CJ_2010_0007_20120329,ACT_EU_INST_CJEU_JUDG_AG_UK_SHA
DOC_JUDG_CJ_2010_0008_20100715,ACT_EU_INST_CJEU_JUDG_AG_ES_CRU_VIL
DOC_JUDG_CJ_2010_0010_20110616,ACT_EU_INST_CJEU_JUDG_AG_SI_TRS
DOC_JUDG_CJ_2010_0011_20110217,ACT_EU_INST_CJEU_JUDG_AG_IT_MEN
DOC_JUDG_CJ_2010_0012_20101222,ACT_EU_INST_CJEU_JUDG_AG_FI_JAA
DOC_JUDG_CJ_2010_0014_20110721,ACT_EU_INST_CJEU_JUDG_AG_FR_BOT
DOC_JUDG_CJ_2010_0015_20110721,ACT_EU_INST_CJEU_JUDG_AG_FR_BOT
DOC_JUDG_CJ_2010_0016_20110217,ACT_EU_INST_CJEU_JUDG_AG_SK_MAZ
DOC_JUDG_CJ_2010_0017_20120214,ACT_EU_INST_CJEU_JUDG_AG_DE_KOK
DOC_JUDG_CJ_2010_0019_20100729,ACT_EU_INST_CJEU_JUDG_AG_FI_JAA
DOC_JUDG_CJ_2010_0021_20110721,ACT_EU_INST_CJEU_JUDG_AG_SK_MAZ
DOC_JUDG_CJ_2010_0023_20110317,ACT_EU_INST_CJEU_JUDG_AG_SI_TRS
DOC_JUDG_CJ_2010_0024_20100923,ACT_EU_INST_CJEU_JUDG_AG_DE_KOK
DOC_JUDG_CJ_2010_0025_20110210,ACT_EU_INST_CJEU_JUDG_AG_FI_JAA
DOC_JUDG_CJ_2010_0029_20110315,ACT_EU_INST_CJEU_JUDG_AG_SI_TRS
DOC_JUDG_CJ_2010_0030_20110210,ACT_EU_INST_CJEU_JUDG_AG_FR_BOT
DOC_JUDG_CJ_2010_0031_20101209,ACT_EU_INST_CJEU_JUDG_AG_IT_MEN
DOC_JUDG_CJ_2010_0034_20111018,ACT_EU_INST_CJEU_JUDG_AG_FR_BOT
DOC_JUDG_CJ_2010_0035_20100729,ACT_EU_INST_CJEU_JUDG_AG_SK_MAZ
DOC_JUDG_CJ_2010_0036_20100930,ACT_EU_INST_CJEU_JUDG_AG_DE_KOK
DOC_JUDG_CJ_2010_0038_20120906,ACT_EU_INST_CJEU_JUDG_AG_IT_MEN
DOC_JUDG_CJ_2010_0039_20120510,ACT_EU_INST_CJEU_JUDG_AG_FI_JAA
DOC_JUDG_CJ_2010_0040_20101124,ACT_EU_INST_CJEU_JUDG_AG_FR_BOT
DOC_JUDG_CJ_2010_0041_20101028,ACT_EU_INST_CJEU_JUDG_AG_FI_JAA
DOC_JUDG_CJ_2010_0042_20110414,ACT_EU_INST_CJEU_JUDG_AG_FR_BOT
DOC_JUDG_CJ_2010_0043_20120911,ACT_EU_INST_CJEU_JUDG_AG_DE_KOK
DOC_JUDG_CJ_2010_0046_20110714,ACT_EU_INST_CJEU_JUDG_AG_DE_KOK
DOC_JUDG_CJ_2010_0047_P_20111027,ACT_EU_INST_CJEU_JUDG_AG_FR_BOT
DOC_JUDG_CJ_2010_0048_20101118,ACT_EU_INST_CJEU_JUDG_AG_FI_JAA
DOC_JUDG_CJ_2010_0049_20101007,ACT_EU_INST_CJEU_JUDG_AG_ES_CRU_VIL
DOC_JUDG_CJ_2010_0050_20110331,ACT_EU_INST_CJEU_JUDG_AG_FI_JAA
DOC_JUDG_CJ_2010_0051_P_20110310,ACT_EU_INST_CJEU_JUDG_AG_SK_MAZ
DOC_JUDG_CJ_2010_0052_20110609,ACT_EU_INST_CJEU_JUDG_AG_FI_JAA
DOC_JUDG_CJ_2010_0053_20110915,ACT_EU_INST_CJEU_JUDG_AG_UK_SHA
DOC_JUDG_CJ_2010_0058_20110908,ACT_EU_INST_CJEU_JUDG_AG_IT_MEN
DOC_JUDG_CJ_2010_0069_20110728,ACT_EU_INST_CJEU_JUDG_AG_ES_CRU_VIL
DOC_JUDG_CJ_2010_0070_20111124,ACT_EU_INST_CJEU_JUDG_AG_ES_CRU_VIL
DOC_JUDG_CJ_2010_0071_20110728,ACT_EU_INST_CJEU_JUDG_AG_DE_KOK
DOC_JUDG_CJ_2010_0072_20120216,ACT_EU_INST_CJEU_JUDG_AG_ES_CRU_VIL
DOC_JUDG_CJ_2010_0078_20110217,ACT_EU_INST_CJEU_JUDG_AG_SI_TRS
DOC_JUDG_CJ_2010_0079_20111201,ACT_EU_INST_CJEU_JUDG_AG_UK_SHA
DOC_JUDG_CJ_2010_0081_P_20111208,ACT_EU_INST_CJEU_JUDG_AG_FI_JAA
DOC_JUDG_CJ_2010_0082_20110929,ACT_EU_INST_CJEU_JUDG_AG_IT_MEN
DOC_JUDG_CJ_2010_0083_20111013,ACT_EU_INST_CJEU_JUDG_AG_UK_SHA
DOC_JUDG_CJ_2010_0085_20110310,ACT_EU_INST_CJEU_JUDG_AG_FI_JAA
DOC_JUDG_CJ_2010_0087_20110609,ACT_EU_INST_CJEU_JUDG_AG_DE_KOK
DOC_JUDG_CJ_2010_0089_20110908,ACT_EU_INST_CJEU_JUDG_AG_FI_JAA
DOC_JUDG_CJ_2010_0090_20110922,ACT_EU_INST_CJEU_JUDG_AG_DE_KOK
DOC_JUDG_CJ_2010_0092_P_20110113,ACT_EU_INST_CJEU_JUDG_AG_FR_BOT
DOC_JUDG_CJ_2010_0093_20111027,ACT_EU_INST_CJEU_JUDG_AG_FI_JAA
DOC_JUDG_CJ_2010_0094_20111020,ACT_EU_INST_CJEU_JUDG_AG_DE_KOK
DOC_JUDG_CJ_2010_0095_20110317,ACT_EU_INST_CJEU_JUDG_AG_SK_MAZ
DOC_JUDG_CJ_2010_0101_20110707,ACT_EU_INST_CJEU_JUDG_AG_IT_MEN
DOC_JUDG_CJ_2010_0104_20110721,ACT_EU_INST_CJEU_JUDG_AG_IT_MEN
DOC_JUDG_CJ_2010_0106_20110728,ACT_EU_INST_CJEU_JUDG_AG_SI_TRS
DOC_JUDG_CJ_2010_0107_20110512,ACT_EU_INST_CJEU_JUDG_AG_FR_BOT
DOC_JUDG_CJ_2010_0108_20110906,ACT_EU_INST_CJEU_JUDG_AG_FR_BOT
DOC_JUDG_CJ_2010_0109_P_20111025,ACT_EU_INST_CJEU_JUDG_AG_DE_KOK
DOC_JUDG_CJ_2010_0110_P_20111025,ACT_EU_INST_CJEU_JUDG_AG_DE_KOK
DOC_JUDG_CJ_2010_0111_20131204,ACT_EU_INST_CJEU_JUDG_AG_IT_MEN
DOC_JUDG_CJ_2010_0112_20111117,ACT_EU_INST_CJEU_JUDG_AG_IT_MEN
DOC_JUDG_CJ_2010_0113_20120927,ACT_EU_INST_CJEU_JUDG_AG_UK_SHA
DOC_JUDG_CJ_2010_0115_20110609,ACT_EU_INST_CJEU_JUDG_AG_SK_MAZ
DOC_JUDG_CJ_2010_0116_20101222,ACT_EU_INST_CJEU_JUDG_AG_FI_JAA
DOC_JUDG_CJ_2010_0117_20131204,ACT_EU_INST_CJEU_JUDG_AG_IT_MEN
DOC_JUDG_CJ_2010_0118_20131204,ACT_EU_INST_CJEU_JUDG_AG_IT_MEN
DOC_JUDG_CJ_2010_0119_20111215,ACT_EU_INST_CJEU_JUDG_AG_DE_KOK
DOC_JUDG_CJ_2010_0120_20110908,ACT_EU_INST_CJEU_JUDG_AG_ES_CRU_VIL
DOC_JUDG_CJ_2010_0121_20131204,ACT_EU_INST_CJEU_JUDG_AG_IT_MEN
DOC_JUDG_CJ_2010_0122_20110512,ACT_EU_INST_CJEU_JUDG_AG_IT_MEN
DOC_JUDG_CJ_2010_0123_20111020,ACT_EU_INST_CJEU_JUDG_AG_SI_TRS
DOC_JUDG_CJ_2010_0124_P_20120605,ACT_EU_INST_CJEU_JUDG_AG_SK_MAZ
DOC_JUDG_CJ_2010_0125_20111208,ACT_EU_INST_CJEU_JUDG_AG_FR_BOT
DOC_JUDG_CJ_2010_0126_20111110,ACT_EU_INST_CJEU_JUDG_AG_SK_MAZ
DOC_JUDG_CJ_2010_0127_20101007,ACT_EU_INST_CJEU_JUDG_AG_SI_TRS
DOC_JUDG_CJ_2010_0128_20110317,ACT_EU_INST_CJEU_JUDG_AG_ES_CRU_VIL
DOC_JUDG_CJ_2010_0130_20120719,ACT_EU_INST_CJEU_JUDG_AG_FR_BOT
DOC_JUDG_CJ_2010_0131_20101222,ACT_EU_INST_CJEU_JUDG_AG_UK_SHA
DOC_JUDG_CJ_2010_0132_20110915,ACT_EU_INST_CJEU_JUDG_AG_FI_JAA
DOC_JUDG_CJ_2010_0133_20110728,ACT_EU_INST_CJEU_JUDG_AG_SK_MAZ
DOC_JUDG_CJ_2010_0134_20110303,ACT_EU_INST_CJEU_JUDG_AG_ES_CRU_VIL
DOC_JUDG_CJ_2010_0135_20120315,ACT_EU_INST_CJEU_JUDG_AG_SI_TRS
DOC_JUDG_CJ_2010_0137_20110505,ACT_EU_INST_CJEU_JUDG_AG_ES_CRU_VIL
DOC_JUDG_CJ_2010_0138_20110915,ACT_EU_INST_CJEU_JUDG_AG_ES_CRU_VIL
DOC_JUDG_CJ_2010_0139_20111013,ACT_EU_INST_CJEU_JUDG_AG_DE_KOK
DOC_JUDG_CJ_2010_0140_20111020,ACT_EU_INST_CJEU_JUDG_AG_FI_JAA
DOC_JUDG_CJ_2010_0141_20120419,ACT_EU_INST_CJEU_JUDG_AG_FI_JAA
DOC_JUDG_CJ_2010_0144_20110512,ACT_EU_INST_CJEU_JUDG_AG_FR_BOT
DOC_JUDG_CJ_2010_0145_20111201,ACT_EU_INST_CJEU_JUDG_AG_SI_TRS
DOC_JUDG_CJ_2010_0148_20111013,ACT_EU_INST_CJEU_JUDG_AG_FI_JAA
DOC_JUDG_CJ_2010_0149_20100916,ACT_EU_INST_CJEU_JUDG_AG_DE_KOK
DOC_JUDG_CJ_2010_0150_20110721,ACT_EU_INST_CJEU_JUDG_AG_FR_BOT
DOC_JUDG_CJ_2010_0152_20110616,ACT_EU_INST_CJEU_JUDG_AG_ES_CRU_VIL
DOC_JUDG_CJ_2010_0153_20110407,ACT_EU_INST_CJEU_JUDG_AG_IT_MEN
DOC_JUDG_CJ_2010_0155_20110915,ACT_EU_INST_CJEU_JUDG_AG_SI_TRS
DOC_JUDG_CJ_2010_0157_20111208,ACT_EU_INST_CJEU_JUDG_AG_IT_MEN
DOC_JUDG_CJ_2010_0159_20110721,ACT_EU_INST_CJEU_JUDG_AG_FR_BOT
DOC_JUDG_CJ_2010_0162_20120315,ACT_EU_INST_CJEU_JUDG_AG_SI_TRS
DOC_JUDG_CJ_2010_0163_20110906,ACT_EU_INST_CJEU_JUDG_AG_FI_JAA
DOC_JUDG_CJ_2010_0177_20110908,ACT_EU_INST_CJEU_JUDG_AG_UK_SHA
DOC_JUDG_CJ_2010_0180_20110915,ACT_EU_INST_CJEU_JUDG_AG_SK_MAZ
DOC_JUDG_CJ_2010_0182_20120216,ACT_EU_INST_CJEU_JUDG_AG_UK_SHA
DOC_JUDG_CJ_2010_0184_20110519,ACT_EU_INST_CJEU_JUDG_AG_FR_BOT
DOC_JUDG_CJ_2010_0185_20120329,ACT_EU_INST_CJEU_JUDG_AG_FI_JAA
DOC_JUDG_CJ_2010_0186_20110721,ACT_EU_INST_CJEU_JUDG_AG_DE_KOK
DOC_JUDG_CJ_2010_0187_20110929,ACT_EU_INST_CJEU_JUDG_AG_UK_SHA
DOC_JUDG_CJ_2010_0188_20100622,ACT_EU_INST_CJEU_JUDG_AG_SK_MAZ
DOC_JUDG_CJ_2010_0190_20120322,ACT_EU_INST_CJEU_JUDG_AG_FI_JAA
DOC_JUDG_CJ_2010_0191_20111215,ACT_EU_INST_CJEU_JUDG_AG_IT_MEN
DOC_JUDG_CJ_2010_0196_20110714,ACT_EU_INST_CJEU_JUDG_AG_FR_BOT
DOC_JUDG_CJ_2010_0197_20110915,ACT_EU_INST_CJEU_JUDG_AG_DE_KOK
DOC_JUDG_CJ_2010_0200_P_20110505,ACT_EU_INST_CJEU_JUDG_AG_ES_CRU_VIL
DOC_JUDG_CJ_2010_0201_20110505,ACT_EU_INST_CJEU_JUDG_AG_UK_SHA
DOC_JUDG_CJ_2010_0203_20110303,ACT_EU_INST_CJEU_JUDG_AG_SK_MAZ
DOC_JUDG_CJ_2010_0206_20110505,ACT_EU_INST_CJEU_JUDG_AG_SI_TRS
DOC_JUDG_CJ_2010_0209_20120327,ACT_EU_INST_CJEU_JUDG_AG_IT_MEN
DOC_JUDG_CJ_2010_0210_20120209,ACT_EU_INST_CJEU_JUDG_AG_SK_MAZ
DOC_JUDG_CJ_2010_0211_PPU_20100701,ACT_EU_INST_CJEU_JUDG_AG_UK_SHA
DOC_JUDG_CJ_2010_0212_20110616,ACT_EU_INST_CJEU_JUDG_AG_IT_MEN
DOC_JUDG_CJ_2010_0213_20120419,ACT_EU_INST_CJEU_JUDG_AG_SI_TRS
DOC_JUDG_CJ_2010_0214_20111122,ACT_EU_INST_CJEU_JUDG_AG_SI_TRS
DOC_JUDG_CJ_2010_0215_20110728,ACT_EU_INST_CJEU_JUDG_AG_FR_BOT
DOC_JUDG_CJ_2010_0218_20120126,ACT_EU_INST_CJEU_JUDG_AG_SK_MAZ
DOC_JUDG_CJ_2010_0220_20110908,ACT_EU_INST_CJEU_JUDG_AG_ES_CRU_VIL
DOC_JUDG_CJ_2010_0221_P_20120419,ACT_EU_INST_CJEU_JUDG_AG_FR_BOT
DOC_JUDG_CJ_2010_0224_20111013,ACT_EU_INST_CJEU_JUDG_AG_FR_BOT
DOC_JUDG_CJ_2010_0225_20111020,ACT_EU_INST_CJEU_JUDG_AG_IT_MEN
DOC_JUDG_CJ_2010_0233_20101216,ACT_EU_INST_CJEU_JUDG_AG_ES_CRU_VIL
DOC_JUDG_CJ_2010_0235_20110303,ACT_EU_INST_CJEU_JUDG_AG_SI_TRS
DOC_JUDG_CJ_2010_0240_20110915,ACT_EU_INST_CJEU_JUDG_AG_IT_MEN
DOC_JUDG_CJ_2010_0242_20111221,ACT_EU_INST_CJEU_JUDG_AG_ES_CRU_VIL
DOC_JUDG_CJ_2010_0243_20120329,ACT_EU_INST_CJEU_JUDG_AG_SK_MAZ
DOC_JUDG_CJ_2010_0244_20110922,ACT_EU_INST_CJEU_JUDG_AG_FR_BOT
DOC_JUDG_CJ_2010_0247_P_20121115,ACT_EU_INST_CJEU_JUDG_AG_IT_MEN
DOC_JUDG_CJ_2010_0249_P_20120202,ACT_EU_INST_CJEU_JUDG_AG_IT_MEN
DOC_JUDG_CJ_2010_0250_20111221,ACT_EU_INST_CJEU_JUDG_AG_UK_SHA
DOC_JUDG_CJ_2010_0252_P_20110721,ACT_EU_INST_CJEU_JUDG_AG_IT_MEN
DOC_JUDG_CJ_2010_0256_20110519,ACT_EU_INST_CJEU_JUDG_AG_FR_BOT
DOC_JUDG_CJ_2010_0257_20111215,ACT_EU_INST_CJEU_JUDG_AG_SK_MAZ
DOC_JUDG_CJ_2010_0259_20111110,ACT_EU_INST_CJEU_JUDG_AG_FR_BOT
DOC_JUDG_CJ_2010_0262_20120906,ACT_EU_INST_CJEU_JUDG_AG_FI_JAA
DOC_JUDG_CJ_2010_0263_20110707,ACT_EU_INST_CJEU_JUDG_AG_UK_SHA
DOC_JUDG_CJ_2010_0265_20110505,ACT_EU_INST_CJEU_JUDG_AG_ES_CRU_VIL
DOC_JUDG_CJ_2010_0270_20110728,ACT_EU_INST_CJEU_JUDG_AG_ES_CRU_VIL
DOC_JUDG_CJ_2010_0271_20110630,ACT_EU_INST_CJEU_JUDG_AG_SI_TRS
DOC_JUDG_CJ_2010_0274_20110728,ACT_EU_INST_CJEU_JUDG_AG_FR_BOT
DOC_JUDG_CJ_2010_0275_20111208,ACT_EU_INST_CJEU_JUDG_AG_DE_KOK
DOC_JUDG_CJ_2010_0276_20101222,ACT_EU_INST_CJEU_JUDG_AG_FR_BOT
DOC_JUDG_CJ_2010_0277_20120209,ACT_EU_INST_CJEU_JUDG_AG_SI_TRS
DOC_JUDG_CJ_2010_0280_20120301,ACT_EU_INST_CJEU_JUDG_AG_ES_CRU_VIL
DOC_JUDG_CJ_2010_0281_P_20111020,ACT_EU_INST_CJEU_JUDG_AG_IT_MEN
DOC_JUDG_CJ_2010_0282_20120124,ACT_EU_INST_CJEU_JUDG_AG_SI_TRS
DOC_JUDG_CJ_2010_0283_20111124,ACT_EU_INST_CJEU_JUDG_AG_SI_TRS
DOC_JUDG_CJ_2010_0284_20110721,ACT_EU_INST_CJEU_JUDG_AG_FI_JAA
DOC_JUDG_CJ_2010_0285_20110609,ACT_EU_INST_CJEU_JUDG_AG_SK_MAZ
DOC_JUDG_CJ_2010_0287_20101222,ACT_EU_INST_CJEU_JUDG_AG_DE_KOK
DOC_JUDG_CJ_2010_0292_20120315,ACT_EU_INST_CJEU_JUDG_AG_ES_CRU_VIL
DOC_JUDG_CJ_2010_0293_20110526,ACT_EU_INST_CJEU_JUDG_AG_SI_TRS
DOC_JUDG_CJ_2010_0294_20110512,ACT_EU_INST_CJEU_JUDG_AG_UK_SHA
DOC_JUDG_CJ_2010_0295_20110922,ACT_EU_INST_CJEU_JUDG_AG_DE_KOK
DOC_JUDG_CJ_2010_0296_20101109,ACT_EU_INST_CJEU_JUDG_AG_FI_JAA
DOC_JUDG_CJ_2010_0297_20110908,ACT_EU_INST_CJEU_JUDG_AG_SI_TRS
DOC_JUDG_CJ_2010_0300_20121023,ACT_EU_INST_CJEU_JUDG_AG_SI_TRS
DOC_JUDG_CJ_2010_0301_20121018,ACT_EU_INST_CJEU_JUDG_AG_IT_MEN
DOC_JUDG_CJ_2010_0305_20110407,ACT_EU_INST_CJEU_JUDG_AG_SK_MAZ
DOC_JUDG_CJ_2010_0307_20120619,ACT_EU_INST_CJEU_JUDG_AG_FR_BOT
DOC_JUDG_CJ_2010_0308_P_20110519,ACT_EU_INST_CJEU_JUDG_AG_DE_KOK
DOC_JUDG_CJ_2010_0309_20110728,ACT_EU_INST_CJEU_JUDG_AG_SI_TRS
DOC_JUDG_CJ_2010_0310_20110707,ACT_EU_INST_CJEU_JUDG_AG_FR_BOT
DOC_JUDG_CJ_2010_0311_20111027,ACT_EU_INST_CJEU_JUDG_AG_SI_TRS
DOC_JUDG_CJ_2010_0316_20111221,ACT_EU_INST_CJEU_JUDG_AG_FR_BOT
DOC_JUDG_CJ_2010_0317_P_20110616,ACT_EU_INST_CJEU_JUDG_AG_DE_KOK
DOC_JUDG_CJ_2010_0318_20120705,ACT_EU_INST_CJEU_JUDG_AG_ES_CRU_VIL
DOC_JUDG_CJ_2010_0319_20111110,ACT_EU_INST_CJEU_JUDG_AG_IT_MEN
DOC_JUDG_CJ_2010_0321_20110217,ACT_EU_INST_CJEU_JUDG_AG_ES_CRU_VIL
DOC_JUDG_CJ_2010_0322_20111124,ACT_EU_INST_CJEU_JUDG_AG_SI_TRS
DOC_JUDG_CJ_2010_0323_20111124,ACT_EU_INST_CJEU_JUDG_AG_SK_MAZ
DOC_JUDG_CJ_2010_0327_20111117,ACT_EU_INST_CJEU_JUDG_AG_SI_TRS
DOC_JUDG_CJ_2010_0334_20120719,ACT_EU_INST_CJEU_JUDG_AG_DE_KOK
DOC_JUDG_CJ_2010_0337_20120503,ACT_EU_INST_CJEU_JUDG_AG_SI_TRS
DOC_JUDG_CJ_2010_0338_20120322,ACT_EU_INST_CJEU_JUDG_AG_FR_BOT
DOC_JUDG_CJ_2010_0340_20120315,ACT_EU_INST_CJEU_JUDG_AG_DE_KOK
DOC_JUDG_CJ_2010_0342_20121108,ACT_EU_INST_CJEU_JUDG_AG_UK_SHA
DOC_JUDG_CJ_2010_0343_20110414,ACT_EU_INST_CJEU_JUDG_AG_FI_JAA
DOC_JUDG_CJ_2010_0344_P_20111020,ACT_EU_INST_CJEU_JUDG_AG_UK_SHA
DOC_JUDG_CJ_2010_0347_20120117,ACT_EU_INST_CJEU_JUDG_AG_ES_CRU_VIL
DOC_JUDG_CJ_2010_0348_20111110,ACT_EU_INST_CJEU_JUDG_AG_ES_CRU_VIL
DOC_JUDG_CJ_2010_0350_20110728,ACT_EU_INST_CJEU_JUDG_AG_ES_CRU_VIL
DOC_JUDG_CJ_2010_0351_20110616,ACT_EU_INST_CJEU_JUDG_AG_FI_JAA
DOC_JUDG_CJ_2010_0354_20120301,ACT_EU_INST_CJEU_JUDG_AG_FR_BOT
DOC_JUDG_CJ_2010_0355_20120905,ACT_EU_INST_CJEU_JUDG_AG_IT_MEN
DOC_JUDG_CJ_2010_0357_20120510,ACT_EU_INST_CJEU_JUDG_AG_ES_CRU_VIL
DOC_JUDG_CJ_2010_0360_20120216,ACT_EU_INST_CJEU_JUDG_AG_ES_CRU_VIL
DOC_JUDG_CJ_2010_0361_20110609,ACT_EU_INST_CJEU_JUDG_AG_UK_SHA
DOC_JUDG_CJ_2010_0362_20111027,ACT_EU_INST_CJEU_JUDG_AG_UK_SHA
DOC_JUDG_CJ_2010_0364_20121016,ACT_EU_INST_CJEU_JUDG_AG_FR_BOT
DOC_JUDG_CJ_2010_0365_20110324,ACT_EU_INST_CJEU_JUDG_AG_UK_SHA
DOC_JUDG_CJ_2010_0366_20111221,ACT_EU_INST_CJEU_JUDG_AG_DE_KOK
DOC_JUDG_CJ_2010_0368_20120510,ACT_EU_INST_CJEU_JUDG_AG_DE_KOK
DOC_JUDG_CJ_2010_0371_20111129,ACT_EU_INST_CJEU_JUDG_AG_DE_KOK
DOC_JUDG_CJ_2010_0372_20120216,ACT_EU_INST_CJEU_JUDG_AG_DE_KOK
DOC_JUDG_CJ_2010_0375_20110324,ACT_EU_INST_CJEU_JUDG_AG_UK_SHA
DOC_JUDG_CJ_2010_0376_P_20120313,ACT_EU_INST_CJEU_JUDG_AG_IT_MEN
DOC_JUDG_CJ_2010_0378_20120712,ACT_EU_INST_CJEU_JUDG_AG_FI_JAA
DOC_JUDG_CJ_2010_0379_20111124,ACT_EU_INST_CJEU_JUDG_AG_FI_JAA
DOC_JUDG_CJ_2010_0381_20111006,ACT_EU_INST_CJEU_JUDG_AG_SK_MAZ
DOC_JUDG_CJ_2010_0382_20111006,ACT_EU_INST_CJEU_JUDG_AG_SK_MAZ
DOC_JUDG_CJ_2010_0383_20130606,ACT_EU_INST_CJEU_JUDG_AG_ES_CRU_VIL
DOC_JUDG_CJ_2010_0384_20111215,ACT_EU_INST_CJEU_JUDG_AG_SI_TRS
DOC_JUDG_CJ_2010_0385_20121018,ACT_EU_INST_CJEU_JUDG_AG_FR_BOT
DOC_JUDG_CJ_2010_0386_P_20111208,ACT_EU_INST_CJEU_JUDG_AG_UK_SHA
DOC_JUDG_CJ_2010_0387_20110929,ACT_EU_INST_CJEU_JUDG_AG_SK_MAZ
DOC_JUDG_CJ_2010_0389_P_20111208,ACT_EU_INST_CJEU_JUDG_AG_UK_SHA
DOC_JUDG_CJ_2010_0390_20110414,ACT_EU_INST_CJEU_JUDG_AG_DE_KOK
DOC_JUDG_CJ_2010_0391_20110203,ACT_EU_INST_CJEU_JUDG_AG_SI_TRS
DOC_JUDG_CJ_2010_0392_20120119,ACT_EU_INST_CJEU_JUDG_AG_IT_MEN
DOC_JUDG_CJ_2010_0393_20120301,ACT_EU_INST_CJEU_JUDG_AG_DE_KOK
DOC_JUDG_CJ_2010_0395_20110203,ACT_EU_INST_CJEU_JUDG_AG_FI_JAA
DOC_JUDG_CJ_2010_0397_20110630,ACT_EU_INST_CJEU_JUDG_AG_ES_CRU_VIL
DOC_JUDG_CJ_2010_0399_P_20130319,ACT_EU_INST_CJEU_JUDG_AG_IT_MEN
DOC_JUDG_CJ_2010_0400_PPU_20101005,ACT_EU_INST_CJEU_JUDG_AG_FI_JAA
DOC_JUDG_CJ_2010_0402_20111027,ACT_EU_INST_CJEU_JUDG_AG_SK_MAZ
DOC_JUDG_CJ_2010_0403_P_20110728,ACT_EU_INST_CJEU_JUDG_AG_FR_BOT
DOC_JUDG_CJ_2010_0404_P_20120628,ACT_EU_INST_CJEU_JUDG_AG_SK_MAZ
DOC_JUDG_CJ_2010_0405_20111110,ACT_EU_INST_CJEU_JUDG_AG_FR_BOT
DOC_JUDG_CJ_2010_0406_20120502,ACT_EU_INST_CJEU_JUDG_AG_FR_BOT
DOC_JUDG_CJ_2010_0409_20111215,ACT_EU_INST_CJEU_JUDG_AG_SK_MAZ
DOC_JUDG_CJ_2010_0411_20111221,ACT_EU_INST_CJEU_JUDG_AG_SI_TRS
DOC_JUDG_CJ_2010_0412_20111117,ACT_EU_INST_CJEU_JUDG_AG_IT_MEN
DOC_JUDG_CJ_2010_0414_20120329,ACT_EU_INST_CJEU_JUDG_AG_DE_KOK
DOC_JUDG_CJ_2010_0415_20120419,ACT_EU_INST_CJEU_JUDG_AG_IT_MEN
DOC_JUDG_CJ_2010_0416_20130115,ACT_EU_INST_CJEU_JUDG_AG_DE_KOK
DOC_JUDG_CJ_2010_0417_20120329,ACT_EU_INST_CJEU_JUDG_AG_UK_SHA
DOC_JUDG_CJ_2010_0419_20120426,ACT_EU_INST_CJEU_JUDG_AG_FR_BOT
DOC_JUDG_CJ_2010_0420_20120301,ACT_EU_INST_CJEU_JUDG_AG_FI_JAA
DOC_JUDG_CJ_2010_0421_20111006,ACT_EU_INST_CJEU_JUDG_AG_SK_MAZ
DOC_JUDG_CJ_2010_0422_20111124,ACT_EU_INST_CJEU_JUDG_AG_SI_TRS
DOC_JUDG_CJ_2010_0423_20110518,ACT_EU_INST_CJEU_JUDG_AG_SK_MAZ
DOC_JUDG_CJ_2010_0424_20111221,ACT_EU_INST_CJEU_JUDG_AG_FR_BOT
DOC_JUDG_CJ_2010_0426_P_20110922,ACT_EU_INST_CJEU_JUDG_AG_UK_SHA
DOC_JUDG_CJ_2010_0427_20111215,ACT_EU_INST_CJEU_JUDG_AG_SK_MAZ
DOC_JUDG_CJ_2010_0430_20111117,ACT_EU_INST_CJEU_JUDG_AG_IT_MEN
DOC_JUDG_CJ_2010_0431_20110407,ACT_EU_INST_CJEU_JUDG_AG_SI_TRS
DOC_JUDG_CJ_2010_0434_20111117,ACT_EU_INST_CJEU_JUDG_AG_IT_MEN
DOC_JUDG_CJ_2010_0435_20111117,ACT_EU_INST_CJEU_JUDG_AG_FR_BOT
DOC_JUDG_CJ_2010_0436_20120329,ACT_EU_INST_CJEU_JUDG_AG_DE_KOK
DOC_JUDG_CJ_2010_0442_20111201,ACT_EU_INST_CJEU_JUDG_AG_IT_MEN
DOC_JUDG_CJ_2010_0443_20111006,ACT_EU_INST_CJEU_JUDG_AG_FI_JAA
DOC_JUDG_CJ_2010_0444_20111110,ACT_EU_INST_CJEU_JUDG_AG_IT_MEN
DOC_JUDG_CJ_2010_0452_P_20120621,ACT_EU_INST_CJEU_JUDG_AG_FI_JAA
DOC_JUDG_CJ_2010_0453_20120315,ACT_EU_INST_CJEU_JUDG_AG_SI_TRS
DOC_JUDG_CJ_2010_0454_20111117,ACT_EU_INST_CJEU_JUDG_AG_ES_CRU_VIL
DOC_JUDG_CJ_2010_0456_20120426,ACT_EU_INST_CJEU_JUDG_AG_DE_KOK
DOC_JUDG_CJ_2010_0457_P_20121206,ACT_EU_INST_CJEU_JUDG_AG_SK_MAZ
DOC_JUDG_CJ_2010_0458_20110609,ACT_EU_INST_CJEU_JUDG_AG_IT_MEN
DOC_JUDG_CJ_2010_0459_P_20110721,ACT_EU_INST_CJEU_JUDG_AG_IT_MEN
DOC_JUDG_CJ_2010_0461_20120419,ACT_EU_INST_CJEU_JUDG_AG_FI_JAA
DOC_JUDG_CJ_2010_0463_P_20111013,ACT_EU_INST_CJEU_JUDG_AG_FR_BOT
DOC_JUDG_CJ_2010_0464_20110714,ACT_EU_INST_CJEU_JUDG_AG_FR_BOT
DOC_JUDG_CJ_2010_0465_20111221,ACT_EU_INST_CJEU_JUDG_AG_UK_SHA
DOC_JUDG_CJ_2010_0467_20120301,ACT_EU_INST_CJEU_JUDG_AG_SI_TRS
DOC_JUDG_CJ_2010_0468_20111124,ACT_EU_INST_CJEU_JUDG_AG_IT_MEN
DOC_JUDG_CJ_2010_0472_20120426,ACT_EU_INST_CJEU_JUDG_AG_SI_TRS
DOC_JUDG_CJ_2010_0473_20130228,ACT_EU_INST_CJEU_JUDG_AG_FI_JAA
DOC_JUDG_CJ_2010_0474_20111020,ACT_EU_INST_CJEU_JUDG_AG_FR_BOT
DOC_JUDG_CJ_2010_0477_P_20120628,ACT_EU_INST_CJEU_JUDG_AG_ES_CRU_VIL
DOC_JUDG_CJ_2010_0479_20110510,ACT_EU_INST_CJEU_JUDG_AG_UK_SHA
DOC_JUDG_CJ_2010_0480_20130425,ACT_EU_INST_CJEU_JUDG_AG_FI_JAA
DOC_JUDG_CJ_2010_0482_20111221,ACT_EU_INST_CJEU_JUDG_AG_FR_BOT
DOC_JUDG_CJ_2010_0483_20130228,ACT_EU_INST_CJEU_JUDG_AG_FI_JAA
DOC_JUDG_CJ_2010_0484_20120301,ACT_EU_INST_CJEU_JUDG_AG_FR_BOT
DOC_JUDG_CJ_2010_0485_20120628,ACT_EU_INST_CJEU_JUDG_AG_ES_CRU_VIL
DOC_JUDG_CJ_2010_0488_20120216,ACT_EU_INST_CJEU_JUDG_AG_IT_MEN
DOC_JUDG_CJ_2010_0489_20120605,ACT_EU_INST_CJEU_JUDG_AG_DE_KOK
DOC_JUDG_CJ_2010_0490_20120906,ACT_EU_INST_CJEU_JUDG_AG_IT_MEN
DOC_JUDG_CJ_2010_0491_PPU_20101222,ACT_EU_INST_CJEU_JUDG_AG_FR_BOT
DOC_JUDG_CJ_2010_0492_20111201,ACT_EU_INST_CJEU_JUDG_AG_IT_MEN
DOC_JUDG_CJ_2010_0495_20111221,ACT_EU_INST_CJEU_JUDG_AG_IT_MEN
DOC_JUDG_CJ_2010_0497_PPU_20101222,ACT_EU_INST_CJEU_JUDG_AG_ES_CRU_VIL
DOC_JUDG_CJ_2010_0498_20121018,ACT_EU_INST_CJEU_JUDG_AG_DE_KOK
DOC_JUDG_CJ_2010_0499_20111221,ACT_EU_INST_CJEU_JUDG_AG_SI_TRS
DOC_JUDG_CJ_2010_0500_20120329,ACT_EU_INST_CJEU_JUDG_AG_UK_SHA
DOC_JUDG_CJ_2010_0502_20121018,ACT_EU_INST_CJEU_JUDG_AG_FR_BOT
DOC_JUDG_CJ_2010_0503_20111221,ACT_EU_INST_CJEU_JUDG_AG_SK_MAZ
DOC_JUDG_CJ_2010_0504_20111027,ACT_EU_INST_CJEU_JUDG_AG_DE_KOK
DOC_JUDG_CJ_2010_0505_20111110,ACT_EU_INST_CJEU_JUDG_AG_FR_BOT
DOC_JUDG_CJ_2010_0506_20111006,ACT_EU_INST_CJEU_JUDG_AG_FI_JAA
DOC_JUDG_CJ_2010_0507_20111221,ACT_EU_INST_CJEU_JUDG_AG_ES_CRU_VIL
DOC_JUDG_CJ_2010_0508_20120426,ACT_EU_INST_CJEU_JUDG_AG_FR_BOT
DOC_JUDG_CJ_2010_0509_20120705,ACT_EU_INST_CJEU_JUDG_AG_FI_JAA
DOC_JUDG_CJ_2010_0510_20120426,ACT_EU_INST_CJEU_JUDG_AG_SI_TRS
DOC_JUDG_CJ_2010_0511_20121108,ACT_EU_INST_CJEU_JUDG_AG_ES_CRU_VIL
DOC_JUDG_CJ_2010_0512_20130530,ACT_EU_INST_CJEU_JUDG_AG_FI_JAA
DOC_JUDG_CJ_2010_0514_20120621,ACT_EU_INST_CJEU_JUDG_AG_ES_CRU_VIL
DOC_JUDG_CJ_2010_0515_20111201,ACT_EU_INST_CJEU_JUDG_AG_DE_KOK
DOC_JUDG_CJ_2010_0520_20120503,ACT_EU_INST_CJEU_JUDG_AG_FI_JAA
DOC_JUDG_CJ_2010_0522_20120719,ACT_EU_INST_CJEU_JUDG_AG_FI_JAA
DOC_JUDG_CJ_2010_0523_20120419,ACT_EU_INST_CJEU_JUDG_AG_ES_CRU_VIL
DOC_JUDG_CJ_2010_0524_20120308,ACT_EU_INST_CJEU_JUDG_AG_DE_KOK
DOC_JUDG_CJ_2010_0527_20120705,ACT_EU_INST_CJEU_JUDG_AG_SK_MAZ
DOC_JUDG_CJ_2010_0528_20121108,ACT_EU_INST_CJEU_JUDG_AG_FI_JAA
DOC_JUDG_CJ_2010_0533_20120614,ACT_EU_INST_CJEU_JUDG_AG_ES_CRU_VIL
DOC_JUDG_CJ_2010_0534_P_20121219,ACT_EU_INST_CJEU_JUDG_AG_SK_MAZ
DOC_JUDG_CJ_2010_0539_P_20121115,ACT_EU_INST_CJEU_JUDG_AG_SI_TRS
DOC_JUDG_CJ_2010_0543_20130207,ACT_EU_INST_CJEU_JUDG_AG_FI_JAA
DOC_JUDG_CJ_2010_0544_20120906,ACT_EU_INST_CJEU_JUDG_AG_SK_MAZ
DOC_JUDG_CJ_2010_0545_20130711,ACT_EU_INST_CJEU_JUDG_AG_FI_JAA
DOC_JUDG_CJ_2010_0547_P_20130307,ACT_EU_INST_CJEU_JUDG_AG_FI_JAA
DOC_JUDG_CJ_2010_0548_20110728,ACT_EU_INST_CJEU_JUDG_AG_UK_SHA
DOC_JUDG_CJ_2010_0549_P_20120419,ACT_EU_INST_CJEU_JUDG_AG_SK_MAZ
DOC_JUDG_CJ_2010_0551_P_20121106,ACT_EU_INST_CJEU_JUDG_AG_SK_MAZ
DOC_JUDG_CJ_2010_0552_P_20121122,ACT_EU_INST_CJEU_JUDG_AG_ES_CRU_VIL
DOC_JUDG_CJ_2010_0553_P_20121106,ACT_EU_INST_CJEU_JUDG_AG_SK_MAZ
DOC_JUDG_CJ_2010_0555_20130228,ACT_EU_INST_CJEU_JUDG_AG_FI_JAA
DOC_JUDG_CJ_2010_0556_20130228,ACT_EU_INST_CJEU_JUDG_AG_FI_JAA
DOC_JUDG_CJ_2010_0557_20121025,ACT_EU_INST_CJEU_JUDG_AG_FI_JAA
DOC_JUDG_CJ_2010_0558_20120705,ACT_EU_INST_CJEU_JUDG_AG_ES_CRU_VIL
DOC_JUDG_CJ_2010_0559_20111027,ACT_EU_INST_CJEU_JUDG_AG_IT_MEN
DOC_JUDG_CJ_2010_0562_20120712,ACT_EU_INST_CJEU_JUDG_AG_SI_TRS
DOC_JUDG_CJ_2010_0564_20120329,ACT_EU_INST_CJEU_JUDG_AG_UK_SHA
DOC_JUDG_CJ_2010_0565_20120719,ACT_EU_INST_CJEU_JUDG_AG_SI_TRS
DOC_JUDG_CJ_2010_0566_P_20121127,ACT_EU_INST_CJEU_JUDG_AG_DE_KOK
DOC_JUDG_CJ_2010_0567_20120322,ACT_EU_INST_CJEU_JUDG_AG_DE_KOK
DOC_JUDG_CJ_2010_0569_20130627,ACT_EU_INST_CJEU_JUDG_AG_ES_CRU_VIL
DOC_JUDG_CJ_2010_0571_20120424,ACT_EU_INST_CJEU_JUDG_AG_FR_BOT
DOC_JUDG_CJ_2010_0574_20120315,ACT_EU_INST_CJEU_JUDG_AG_IT_MEN
DOC_JUDG_CJ_2010_0576_20130711,ACT_EU_INST_CJEU_JUDG_AG_BE_WAT
DOC_JUDG_CJ_2010_0577_20121219,ACT_EU_INST_CJEU_JUDG_AG_ES_CRU_VIL
DOC_JUDG_CJ_2010_0578_20120426,ACT_EU_INST_CJEU_JUDG_AG_DE_KOK
DOC_JUDG_CJ_2010_0581_20121023,ACT_EU_INST_CJEU_JUDG_AG_FR_BOT
DOC_JUDG_CJ_2010_0583_20121018,ACT_EU_INST_CJEU_JUDG_AG_IT_MEN
DOC_JUDG_CJ_2010_0584_P_20130718,ACT_EU_INST_CJEU_JUDG_AG_FR_BOT
DOC_JUDG_CJ_2010_0585_20111215,ACT_EU_INST_CJEU_JUDG_AG_IT_MEN
DOC_JUDG_CJ_2010_0586_20120126,ACT_EU_INST_CJEU_JUDG_AG_FI_JAA
DOC_JUDG_CJ_2010_0587_20120927,ACT_EU_INST_CJEU_JUDG_AG_ES_CRU_VIL
DOC_JUDG_CJ_2010_0588_20120126,ACT_EU_INST_CJEU_JUDG_AG_DE_KOK
DOC_JUDG_CJ_2010_0589_20130516,ACT_EU_INST_CJEU_JUDG_AG_ES_CRU_VIL
DOC_JUDG_CJ_2010_0591_20120719,ACT_EU_INST_CJEU_JUDG_AG_SI_TRS
DOC_JUDG_CJ_2010_0594_20120216,ACT_EU_INST_CJEU_JUDG_AG_DE_KOK
DOC_JUDG_CJ_2010_0596_20120308,ACT_EU_INST_CJEU_JUDG_AG_UK_SHA
DOC_JUDG_CJ_2010_0599_20120329,ACT_EU_INST_CJEU_JUDG_AG_DE_KOK
DOC_JUDG_CJ_2010_0600_20121122,ACT_EU_INST_CJEU_JUDG_AG_UK_SHA
DOC_JUDG_CJ_2010_0601_20111027,ACT_EU_INST_CJEU_JUDG_AG_ES_CRU_VIL
DOC_JUDG_CJ_2010_0602_20120712,ACT_EU_INST_CJEU_JUDG_AG_SI_TRS
DOC_JUDG_CJ_2010_0603_20121018,ACT_EU_INST_CJEU_JUDG_AG_ES_CRU_VIL
DOC_JUDG_CJ_2010_0604_20120301,ACT_EU_INST_CJEU_JUDG_AG_IT_MEN
DOC_JUDG_CJ_2010_0606_20120614,ACT_EU_INST_CJEU_JUDG_AG_SI_TRS
DOC_JUDG_CJ_2010_0607_20120329,ACT_EU_INST_CJEU_JUDG_AG_FI_JAA
DOC_JUDG_CJ_2010_0608_20120712,ACT_EU_INST_CJEU_JUDG_AG_SK_MAZ
DOC_JUDG_CJ_2010_0610_20121211,ACT_EU_INST_CJEU_JUDG_AG_SK_MAZ
DOC_JUDG_CJ_2010_0611_20120612,ACT_EU_INST_CJEU_JUDG_AG_SK_MAZ
DOC_JUDG_CJ_2010_0614_20121016,ACT_EU_INST_CJEU_JUDG_AG_SK_MAZ
DOC_JUDG_CJ_2010_0615_20120607,ACT_EU_INST_CJEU_JUDG_AG_DE_KOK
DOC_JUDG_CJ_2010_0616_20120712,ACT_EU_INST_CJEU_JUDG_AG_ES_CRU_VIL
DOC_JUDG_CJ_2010_0617_20130226,ACT_EU_INST_CJEU_JUDG_AG_ES_CRU_VIL
DOC_JUDG_CJ_2010_0618_20120614,ACT_EU_INST_CJEU_JUDG_AG_SI_TRS
DOC_JUDG_CJ_2010_0619_20120906,ACT_EU_INST_CJEU_JUDG_AG_DE_KOK
DOC_JUDG_CJ_2010_0620_20120503,ACT_EU_INST_CJEU_JUDG_AG_SI_TRS
DOC_JUDG_CJ_2010_0621_20120426,ACT_EU_INST_CJEU_JUDG_AG_UK_SHA
DOC_JUDG_CJ_2010_0624_20111215,ACT_EU_INST_CJEU_JUDG_AG_ES_CRU_VIL
DOC_JUDG_CJ_2010_0625_20130418,ACT_EU_INST_CJEU_JUDG_AG_FI_JAA
DOC_JUDG_CJ_2010_0627_20130711,ACT_EU_INST_CJEU_JUDG_AG_FI_JAA
DOC_JUDG_CJ_2010_0628_P_20120719,ACT_EU_INST_CJEU_JUDG_AG_DE_KOK
DOC_JUDG_CJ_2011_0001_20120329,ACT_EU_INST_CJEU_JUDG_AG_FR_BOT
DOC_JUDG_CJ_2011_0004_20131114,ACT_EU_INST_CJEU_JUDG_AG_FI_JAA
DOC_JUDG_CJ_2011_0005_20120621,ACT_EU_INST_CJEU_JUDG_AG_FI_JAA
DOC_JUDG_CJ_2011_0007_20120628,ACT_EU_INST_CJEU_JUDG_AG_ES_CRU_VIL
DOC_JUDG_CJ_2011_0009_20111013,ACT_EU_INST_CJEU_JUDG_AG_DE_KOK
DOC_JUDG_CJ_2011_0011_20130226,ACT_EU_INST_CJEU_JUDG_AG_FR_BOT
DOC_JUDG_CJ_2011_0012_20130131,ACT_EU_INST_CJEU_JUDG_AG_FR_BOT
DOC_JUDG_CJ_2011_0015_20120621,ACT_EU_INST_CJEU_JUDG_AG_FI_JAA
DOC_JUDG_CJ_2011_0018_20120906,ACT_EU_INST_CJEU_JUDG_AG_DE_KOK
DOC_JUDG_CJ_2011_0019_20120628,ACT_EU_INST_CJEU_JUDG_AG_IT_MEN
DOC_JUDG_CJ_2011_0022_20121004,ACT_EU_INST_CJEU_JUDG_AG_FR_BOT
DOC_JUDG_CJ_2011_0024_P_20120503,ACT_EU_INST_CJEU_JUDG_AG_UK_SHA
DOC_JUDG_CJ_2011_0025_20120216,ACT_EU_INST_CJEU_JUDG_AG_UK_SHA
DOC_JUDG_CJ_2011_0026_20130131,ACT_EU_INST_CJEU_JUDG_AG_DE_KOK
DOC_JUDG_CJ_2011_0027_20120607,ACT_EU_INST_CJEU_JUDG_AG_DE_KOK
DOC_JUDG_CJ_2011_0028_20120906,ACT_EU_INST_CJEU_JUDG_AG_FI_JAA
DOC_JUDG_CJ_2011_0031_20120719,ACT_EU_INST_CJEU_JUDG_AG_SI_TRS
DOC_JUDG_CJ_2011_0032_20130314,ACT_EU_INST_CJEU_JUDG_AG_ES_CRU_VIL
DOC_JUDG_CJ_2011_0033_20120719,ACT_EU_INST_CJEU_JUDG_AG_ES_CRU_VIL
DOC_JUDG_CJ_2011_0034_20121115,ACT_EU_INST_CJEU_JUDG_AG_UK_SHA
DOC_JUDG_CJ_2011_0035_20121113,ACT_EU_INST_CJEU_JUDG_AG_FI_JAA
DOC_JUDG_CJ_2011_0036_20120906,ACT_EU_INST_CJEU_JUDG_AG_FR_BOT
DOC_JUDG_CJ_2011_0037_20121018,ACT_EU_INST_CJEU_JUDG_AG_IT_MEN
DOC_JUDG_CJ_2011_0039_20120607,ACT_EU_INST_CJEU_JUDG_AG_SI_TRS
DOC_JUDG_CJ_2011_0040_20121108,ACT_EU_INST_CJEU_JUDG_AG_SI_TRS
DOC_JUDG_CJ_2011_0041_20120228,ACT_EU_INST_CJEU_JUDG_AG_DE_KOK
DOC_JUDG_CJ_2011_0042_20120905,ACT_EU_INST_CJEU_JUDG_AG_IT_MEN
DOC_JUDG_CJ_2011_0044_20120719,ACT_EU_INST_CJEU_JUDG_AG_UK_SHA
DOC_JUDG_CJ_2011_0046_20120315,ACT_EU_INST_CJEU_JUDG_AG_DE_KOK
DOC_JUDG_CJ_2011_0048_20120719,ACT_EU_INST_CJEU_JUDG_AG_IT_MEN
DOC_JUDG_CJ_2011_0049_20120705,ACT_EU_INST_CJEU_JUDG_AG_IT_MEN
DOC_JUDG_CJ_2011_0053_P_20120119,ACT_EU_INST_CJEU_JUDG_AG_FI_JAA
DOC_JUDG_CJ_2011_0055_20120712,ACT_EU_INST_CJEU_JUDG_AG_UK_SHA
DOC_JUDG_CJ_2011_0056_20121115,ACT_EU_INST_CJEU_JUDG_AG_FI_JAA
DOC_JUDG_CJ_2011_0059_20120712,ACT_EU_INST_CJEU_JUDG_AG_DE_KOK
DOC_JUDG_CJ_2011_0061_PPU_20110428,ACT_EU_INST_CJEU_JUDG_AG_SK_MAZ
DOC_JUDG_CJ_2011_0062_20120719,ACT_EU_INST_CJEU_JUDG_AG_FI_JAA
DOC_JUDG_CJ_2011_0064_20130425,ACT_EU_INST_CJEU_JUDG_AG_DE_KOK
DOC_JUDG_CJ_2011_0065_20130425,ACT_EU_INST_CJEU_JUDG_AG_FI_JAA
DOC_JUDG_CJ_2011_0068_20121219,ACT_EU_INST_CJEU_JUDG_AG_UK_SHA
DOC_JUDG_CJ_2011_0071_20120905,ACT_EU_INST_CJEU_JUDG_AG_FR_BOT
DOC_JUDG_CJ_2011_0072_20111221,ACT_EU_INST_CJEU_JUDG_AG_FR_BOT
DOC_JUDG_CJ_2011_0073_P_20130124,ACT_EU_INST_CJEU_JUDG_AG_DE_KOK
DOC_JUDG_CJ_2011_0074_20130425,ACT_EU_INST_CJEU_JUDG_AG_FI_JAA
DOC_JUDG_CJ_2011_0075_20121004,ACT_EU_INST_CJEU_JUDG_AG_DE_KOK
DOC_JUDG_CJ_2011_0077_20130917,ACT_EU_INST_CJEU_JUDG_AG_FR_BOT
DOC_JUDG_CJ_2011_0078_20120621,ACT_EU_INST_CJEU_JUDG_AG_SI_TRS
DOC_JUDG_CJ_2011_0079_20120712,ACT_EU_INST_CJEU_JUDG_AG_UK_SHA
DOC_JUDG_CJ_2011_0080_20120621,ACT_EU_INST_CJEU_JUDG_AG_IT_MEN
DOC_JUDG_CJ_2011_0083_20120905,ACT_EU_INST_CJEU_JUDG_AG_FR_BOT
DOC_JUDG_CJ_2011_0084_20120621,ACT_EU_INST_CJEU_JUDG_AG_IT_MEN
DOC_JUDG_CJ_2011_0085_20130409,ACT_EU_INST_CJEU_JUDG_AG_FI_JAA
DOC_JUDG_CJ_2011_0086_20130425,ACT_EU_INST_CJEU_JUDG_AG_FI_JAA
DOC_JUDG_CJ_2011_0088_P_20111110,ACT_EU_INST_CJEU_JUDG_AG_UK_SHA
DOC_JUDG_CJ_2011_0089_P_20121122,ACT_EU_INST_CJEU_JUDG_AG_FR_BOT
DOC_JUDG_CJ_2011_0090_20120315,ACT_EU_INST_CJEU_JUDG_AG_FI_JAA
DOC_JUDG_CJ_2011_0092_20130321,ACT_EU_INST_CJEU_JUDG_AG_SI_TRS
DOC_JUDG_CJ_2011_0095_20130425,ACT_EU_INST_CJEU_JUDG_AG_FI_JAA
DOC_JUDG_CJ_2011_0096_P_20120906,ACT_EU_INST_CJEU_JUDG_AG_SI_TRS
DOC_JUDG_CJ_2011_0097_20120524,ACT_EU_INST_CJEU_JUDG_AG_UK_SHA
DOC_JUDG_CJ_2011_0098_P_20120524,ACT_EU_INST_CJEU_JUDG_AG_SI_TRS
DOC_JUDG_CJ_2011_0100_P_20120510,ACT_EU_INST_CJEU_JUDG_AG_IT_MEN
DOC_JUDG_CJ_2011_0101_P_20121018,ACT_EU_INST_CJEU_JUDG_AG_IT_MEN
DOC_JUDG_CJ_2011_0103_P_20130418,ACT_EU_INST_CJEU_JUDG_AG_ES_CRU_VIL
DOC_JUDG_CJ_2011_0106_20120607,ACT_EU_INST_CJEU_JUDG_AG_ES_CRU_VIL
DOC_JUDG_CJ_2011_0108_20130314,ACT_EU_INST_CJEU_JUDG_AG_UK_SHA
DOC_JUDG_CJ_2011_0109_20130425,ACT_EU_INST_CJEU_JUDG_AG_FI_JAA
DOC_JUDG_CJ_2011_0112_20120719,ACT_EU_INST_CJEU_JUDG_AG_SK_MAZ
DOC_JUDG_CJ_2011_0115_20121004,ACT_EU_INST_CJEU_JUDG_AG_SK_MAZ
DOC_JUDG_CJ_2011_0116_20121122,ACT_EU_INST_CJEU_JUDG_AG_DE_KOK
DOC_JUDG_CJ_2011_0118_20120216,ACT_EU_INST_CJEU_JUDG_AG_SI_TRS
DOC_JUDG_CJ_2011_0119_20120228,ACT_EU_INST_CJEU_JUDG_AG_FI_JAA
DOC_JUDG_CJ_2011_0121_20120419,ACT_EU_INST_CJEU_JUDG_AG_DE_KOK
DOC_JUDG_CJ_2011_0122_20130207,ACT_EU_INST_CJEU_JUDG_AG_FR_BOT
DOC_JUDG_CJ_2011_0123_20130221,ACT_EU_INST_CJEU_JUDG_AG_DE_KOK
DOC_JUDG_CJ_2011_0124_20121206,ACT_EU_INST_CJEU_JUDG_AG_ES_CRU_VIL
DOC_JUDG_CJ_2011_0127_20130307,ACT_EU_INST_CJEU_JUDG_AG_ES_CRU_VIL
DOC_JUDG_CJ_2011_0128_20120703,ACT_EU_INST_CJEU_JUDG_AG_FR_BOT
DOC_JUDG_CJ_2011_0130_20120719,ACT_EU_INST_CJEU_JUDG_AG_SI_TRS
DOC_JUDG_CJ_2011_0131_20121115,ACT_EU_INST_CJEU_JUDG_AG_UK_SHA
DOC_JUDG_CJ_2011_0132_20120607,ACT_EU_INST_CJEU_JUDG_AG_FR_BOT
DOC_JUDG_CJ_2011_0133_20121025,ACT_EU_INST_CJEU_JUDG_AG_FI_JAA
DOC_JUDG_CJ_2011_0134_20120216,ACT_EU_INST_CJEU_JUDG_AG_IT_MEN
DOC_JUDG_CJ_2011_0135_P_20120621,ACT_EU_INST_CJEU_JUDG_AG_ES_CRU_VIL
DOC_JUDG_CJ_2011_0136_20121122,ACT_EU_INST_CJEU_JUDG_AG_FI_JAA
DOC_JUDG_CJ_2011_0137_20120927,ACT_EU_INST_CJEU_JUDG_AG_SK_MAZ
DOC_JUDG_CJ_2011_0138_20120712,ACT_EU_INST_CJEU_JUDG_AG_FI_JAA
DOC_JUDG_CJ_2011_0139_20121122,ACT_EU_INST_CJEU_JUDG_AG_FR_BOT
DOC_JUDG_CJ_2011_0141_20120705,ACT_EU_INST_CJEU_JUDG_AG_FR_BOT
DOC_JUDG_CJ_2011_0145_20120719,ACT_EU_INST_CJEU_JUDG_AG_SI_TRS
DOC_JUDG_CJ_2011_0146_20120712,ACT_EU_INST_CJEU_JUDG_AG_SI_TRS
DOC_JUDG_CJ_2011_0147_20120906,ACT_EU_INST_CJEU_JUDG_AG_ES_CRU_VIL
DOC_JUDG_CJ_2011_0149_20121219,ACT_EU_INST_CJEU_JUDG_AG_UK_SHA
DOC_JUDG_CJ_2011_0150_20120906,ACT_EU_INST_CJEU_JUDG_AG_IT_MEN
DOC_JUDG_CJ_2011_0152_20121206,ACT_EU_INST_CJEU_JUDG_AG_UK_SHA
DOC_JUDG_CJ_2011_0153_20120322,ACT_EU_INST_CJEU_JUDG_AG_UK_SHA
DOC_JUDG_CJ_2011_0154_20120719,ACT_EU_INST_CJEU_JUDG_AG_IT_MEN
DOC_JUDG_CJ_2011_0157_20120315,ACT_EU_INST_CJEU_JUDG_AG_FI_JAA
DOC_JUDG_CJ_2011_0158_20120614,ACT_EU_INST_CJEU_JUDG_AG_SK_MAZ
DOC_JUDG_CJ_2011_0159_20121219,ACT_EU_INST_CJEU_JUDG_AG_SI_TRS
DOC_JUDG_CJ_2011_0160_20120719,ACT_EU_INST_CJEU_JUDG_AG_SK_MAZ
DOC_JUDG_CJ_2011_0164_20121025,ACT_EU_INST_CJEU_JUDG_AG_SK_MAZ
DOC_JUDG_CJ_2011_0165_20121108,ACT_EU_INST_CJEU_JUDG_AG_IT_MEN
DOC_JUDG_CJ_2011_0166_20120301,ACT_EU_INST_CJEU_JUDG_AG_SI_TRS
DOC_JUDG_CJ_2011_0168_20130228,ACT_EU_INST_CJEU_JUDG_AG_IT_MEN
DOC_JUDG_CJ_2011_0170_20120906,ACT_EU_INST_CJEU_JUDG_AG_FI_JAA
DOC_JUDG_CJ_2011_0171_20120712,ACT_EU_INST_CJEU_JUDG_AG_SI_TRS
DOC_JUDG_CJ_2011_0172_20120628,ACT_EU_INST_CJEU_JUDG_AG_SK_MAZ
DOC_JUDG_CJ_2011_0173_20121018,ACT_EU_INST_CJEU_JUDG_AG_ES_CRU_VIL
DOC_JUDG_CJ_2011_0174_20121115,ACT_EU_INST_CJEU_JUDG_AG_SK_MAZ
DOC_JUDG_CJ_2011_0175_20130131,ACT_EU_INST_CJEU_JUDG_AG_FR_BOT
DOC_JUDG_CJ_2011_0176_20120712,ACT_EU_INST_CJEU_JUDG_AG_SK_MAZ
DOC_JUDG_CJ_2011_0177_20120621,ACT_EU_INST_CJEU_JUDG_AG_DE_KOK
DOC_JUDG_CJ_2011_0179_20120927,ACT_EU_INST_CJEU_JUDG_AG_UK_SHA
DOC_JUDG_CJ_2011_0180_20121115,ACT_EU_INST_CJEU_JUDG_AG_SI_TRS
DOC_JUDG_CJ_2011_0181_P_20120712,ACT_EU_INST_CJEU_JUDG_AG_DE_KOK
DOC_JUDG_CJ_2011_0182_20121129,ACT_EU_INST_CJEU_JUDG_AG_ES_CRU_VIL
DOC_JUDG_CJ_2011_0184_20140513,ACT_EU_INST_CJEU_JUDG_AG_UK_SHA
DOC_JUDG_CJ_2011_0185_20120126,ACT_EU_INST_CJEU_JUDG_AG_FR_BOT
DOC_JUDG_CJ_2011_0186_20130124,ACT_EU_INST_CJEU_JUDG_AG_SK_MAZ
DOC_JUDG_CJ_2011_0188_20120524,ACT_EU_INST_CJEU_JUDG_AG_SK_MAZ
DOC_JUDG_CJ_2011_0189_20130926,ACT_EU_INST_CJEU_JUDG_AG_UK_SHA
DOC_JUDG_CJ_2011_0190_20120906,ACT_EU_INST_CJEU_JUDG_AG_ES_CRU_VIL
DOC_JUDG_CJ_2011_0192_20120126,ACT_EU_INST_CJEU_JUDG_AG_DE_KOK
DOC_JUDG_CJ_2011_0193_20130926,ACT_EU_INST_CJEU_JUDG_AG_UK_SHA
DOC_JUDG_CJ_2011_0196_P_20120524,ACT_EU_INST_CJEU_JUDG_AG_ES_CRU_VIL
DOC_JUDG_CJ_2011_0197_20130508,ACT_EU_INST_CJEU_JUDG_AG_SK_MAZ
DOC_JUDG_CJ_2011_0199_20121106,ACT_EU_INST_CJEU_JUDG_AG_ES_CRU_VIL
DOC_JUDG_CJ_2011_0201_P_20130718,ACT_EU_INST_CJEU_JUDG_AG_FI_JAA
DOC_JUDG_CJ_2011_0202_20130416,ACT_EU_INST_CJEU_JUDG_AG_FI_JAA
DOC_JUDG_CJ_2011_0204_P_20130718,ACT_EU_INST_CJEU_JUDG_AG_FI_JAA
DOC_JUDG_CJ_2011_0205_P_20130718,ACT_EU_INST_CJEU_JUDG_AG_FI_JAA
DOC_JUDG_CJ_2011_0206_20130117,ACT_EU_INST_CJEU_JUDG_AG_SI_TRS
DOC_JUDG_CJ_2011_0207_20121219,ACT_EU_INST_CJEU_JUDG_AG_FI_JAA
DOC_JUDG_CJ_2011_0210_20130718,ACT_EU_INST_CJEU_JUDG_AG_DE_KOK
DOC_JUDG_CJ_2011_0212_20130425,ACT_EU_INST_CJEU_JUDG_AG_FR_BOT
DOC_JUDG_CJ_2011_0213_20120719,ACT_EU_INST_CJEU_JUDG_AG_FI_JAA
DOC_JUDG_CJ_2011_0215_20121213,ACT_EU_INST_CJEU_JUDG_AG_IT_MEN
DOC_JUDG_CJ_2011_0216_20130314,ACT_EU_INST_CJEU_JUDG_AG_ES_CRU_VIL
DOC_JUDG_CJ_2011_0218_20121018,ACT_EU_INST_CJEU_JUDG_AG_FR_BOT
DOC_JUDG_CJ_2011_0219_20121122,ACT_EU_INST_CJEU_JUDG_AG_IT_MEN
DOC_JUDG_CJ_2011_0221_20130924,ACT_EU_INST_CJEU_JUDG_AG_ES_CRU_VIL
DOC_JUDG_CJ_2011_0223_20120621,ACT_EU_INST_CJEU_JUDG_AG_FI_JAA
DOC_JUDG_CJ_2011_0224_20130117,ACT_EU_INST_CJEU_JUDG_AG_SI_TRS
DOC_JUDG_CJ_2011_0225_20120426,ACT_EU_INST_CJEU_JUDG_AG_IT_MEN
DOC_JUDG_CJ_2011_0226_20121213,ACT_EU_INST_CJEU_JUDG_AG_DE_KOK
DOC_JUDG_CJ_2011_0228_20130516,ACT_EU_INST_CJEU_JUDG_AG_FI_JAA
DOC_JUDG_CJ_2011_0229_20121108,ACT_EU_INST_CJEU_JUDG_AG_SI_TRS
DOC_JUDG_CJ_2011_0231_P_20140410,ACT_EU_INST_CJEU_JUDG_AG_IT_MEN
DOC_JUDG_CJ_2011_0234_20121018,ACT_EU_INST_CJEU_JUDG_AG_DE_KOK
DOC_JUDG_CJ_2011_0236_20130926,ACT_EU_INST_CJEU_JUDG_AG_UK_SHA
DOC_JUDG_CJ_2011_0237_20121213,ACT_EU_INST_CJEU_JUDG_AG_IT_MEN
DOC_JUDG_CJ_2011_0239_P_20131219,ACT_EU_INST_CJEU_JUDG_AG_IT_MEN
DOC_JUDG_CJ_2011_0241_20130625,ACT_EU_INST_CJEU_JUDG_AG_FI_JAA
DOC_JUDG_CJ_2011_0243_20130221,ACT_EU_INST_CJEU_JUDG_AG_DE_KOK
DOC_JUDG_CJ_2011_0244_20121108,ACT_EU_INST_CJEU_JUDG_AG_ES_CRU_VIL
DOC_JUDG_CJ_2011_0245_20121106,ACT_EU_INST_CJEU_JUDG_AG_SI_TRS
DOC_JUDG_CJ_2011_0246_P_20130228,ACT_EU_INST_CJEU_JUDG_AG_FI_JAA
DOC_JUDG_CJ_2011_0247_P_20140410,ACT_EU_INST_CJEU_JUDG_AG_IT_MEN
DOC_JUDG_CJ_2011_0248_20120322,ACT_EU_INST_CJEU_JUDG_AG_FR_BOT
DOC_JUDG_CJ_2011_0249_20121004,ACT_EU_INST_CJEU_JUDG_AG_IT_MEN
DOC_JUDG_CJ_2011_0250_20120719,ACT_EU_INST_CJEU_JUDG_AG_FR_BOT
DOC_JUDG_CJ_2011_0251_20120308,ACT_EU_INST_CJEU_JUDG_AG_DE_KOK
DOC_JUDG_CJ_2011_0254_20130321,ACT_EU_INST_CJEU_JUDG_AG_ES_CRU_VIL
DOC_JUDG_CJ_2011_0256_20111115,ACT_EU_INST_CJEU_JUDG_AG_IT_MEN
DOC_JUDG_CJ_2011_0257_20121129,ACT_EU_INST_CJEU_JUDG_AG_FR_BOT
DOC_JUDG_CJ_2011_0258_20130411,ACT_EU_INST_CJEU_JUDG_AG_UK_SHA
DOC_JUDG_CJ_2011_0259_20120705,ACT_EU_INST_CJEU_JUDG_AG_FI_JAA
DOC_JUDG_CJ_2011_0260_20130411,ACT_EU_INST_CJEU_JUDG_AG_DE_KOK
DOC_JUDG_CJ_2011_0261_20130718,ACT_EU_INST_CJEU_JUDG_AG_DE_KOK
DOC_JUDG_CJ_2011_0262_20121129,ACT_EU_INST_CJEU_JUDG_AG_ES_CRU_VIL
DOC_JUDG_CJ_2011_0263_20120719,ACT_EU_INST_CJEU_JUDG_AG_UK_SHA
DOC_JUDG_CJ_2011_0264_P_20120719,ACT_EU_INST_CJEU_JUDG_AG_IT_MEN
DOC_JUDG_CJ_2011_0267_P_20131003,ACT_EU_INST_CJEU_JUDG_AG_DE_KOK
DOC_JUDG_CJ_2011_0268_20121108,ACT_EU_INST_CJEU_JUDG_AG_FR_BOT
DOC_JUDG_CJ_2011_0269_20130926,ACT_EU_INST_CJEU_JUDG_AG_UK_SHA
DOC_JUDG_CJ_2011_0270_20130530,ACT_EU_INST_CJEU_JUDG_AG_FI_JAA
DOC_JUDG_CJ_2011_0271_20121108,ACT_EU_INST_CJEU_JUDG_AG_SI_TRS
DOC_JUDG_CJ_2011_0273_20120906,ACT_EU_INST_CJEU_JUDG_AG_DE_KOK
DOC_JUDG_CJ_2011_0274_20130416,ACT_EU_INST_CJEU_JUDG_AG_FR_BOT
DOC_JUDG_CJ_2011_0275_20130307,ACT_EU_INST_CJEU_JUDG_AG_ES_CRU_VIL
DOC_JUDG_CJ_2011_0276_P_20130314,ACT_EU_INST_CJEU_JUDG_AG_IT_MEN
DOC_JUDG_CJ_2011_0277_20121122,ACT_EU_INST_CJEU_JUDG_AG_FR_BOT
DOC_JUDG_CJ_2011_0279_20121219[820],ACT_EU_INST_CJEU_JUDG_AG_FI_JAA
DOC_JUDG_CJ_2011_0279_20121219[834],ACT_EU_INST_CJEU_JUDG_AG_FI_JAA
DOC_JUDG_CJ_2011_0280_P_20131017,ACT_EU_INST_CJEU_JUDG_AG_ES_CRU_VIL
DOC_JUDG_CJ_2011_0281_20131219,ACT_EU_INST_CJEU_JUDG_AG_UK_SHA
DOC_JUDG_CJ_2011_0282_20130221,ACT_EU_INST_CJEU_JUDG_AG_SK_MAZ
DOC_JUDG_CJ_2011_0283_20130122,ACT_EU_INST_CJEU_JUDG_AG_FR_BOT
DOC_JUDG_CJ_2011_0284_20120712,ACT_EU_INST_CJEU_JUDG_AG_IT_MEN
DOC_JUDG_CJ_2011_0285_20121206,ACT_EU_INST_CJEU_JUDG_AG_DE_KOK
DOC_JUDG_CJ_2011_0286_P_20130122,ACT_EU_INST_CJEU_JUDG_AG_IT_MEN
DOC_JUDG_CJ_2011_0287_P_20130704,ACT_EU_INST_CJEU_JUDG_AG_IT_MEN
DOC_JUDG_CJ_2011_0288_P_20121219,ACT_EU_INST_CJEU_JUDG_AG_UK_SHA
DOC_JUDG_CJ_2011_0289_P_20120503,ACT_EU_INST_CJEU_JUDG_AG_IT_MEN
DOC_JUDG_CJ_2011_0290_P_20120503,ACT_EU_INST_CJEU_JUDG_AG_IT_MEN
DOC_JUDG_CJ_2011_0291_20120712,ACT_EU_INST_CJEU_JUDG_AG_UK_SHA
DOC_JUDG_CJ_2011_0292_P_20140115,ACT_EU_INST_CJEU_JUDG_AG_FI_JAA
DOC_JUDG_CJ_2011_0293_20130926,ACT_EU_INST_CJEU_JUDG_AG_UK_SHA
DOC_JUDG_CJ_2011_0294_20120621,ACT_EU_INST_CJEU_JUDG_AG_UK_SHA
DOC_JUDG_CJ_2011_0296_20130926,ACT_EU_INST_CJEU_JUDG_AG_UK_SHA
DOC_JUDG_CJ_2011_0297_20120419,ACT_EU_INST_CJEU_JUDG_AG_FI_JAA
DOC_JUDG_CJ_2011_0299_20121108,ACT_EU_INST_CJEU_JUDG_AG_SK_MAZ
DOC_JUDG_CJ_2011_0300_20130604,ACT_EU_INST_CJEU_JUDG_AG_FR_BOT
DOC_JUDG_CJ_2011_0301_20130131,ACT_EU_INST_CJEU_JUDG_AG_DE_KOK
DOC_JUDG_CJ_2011_0302_20121018,ACT_EU_INST_CJEU_JUDG_AG_UK_SHA
DOC_JUDG_CJ_2011_0306_P_20120628,ACT_EU_INST_CJEU_JUDG_AG_SI_TRS
DOC_JUDG_CJ_2011_0308_20120906,ACT_EU_INST_CJEU_JUDG_AG_FI_JAA
DOC_JUDG_CJ_2011_0309_20130926,ACT_EU_INST_CJEU_JUDG_AG_UK_SHA
DOC_JUDG_CJ_2011_0310_20121219,ACT_EU_INST_CJEU_JUDG_AG_DE_KOK
DOC_JUDG_CJ_2011_0311_P_20120712,ACT_EU_INST_CJEU_JUDG_AG_FI_JAA
DOC_JUDG_CJ_2011_0312_20130704,ACT_EU_INST_CJEU_JUDG_AG_FR_BOT
DOC_JUDG_CJ_2011_0313_20130718,ACT_EU_INST_CJEU_JUDG_AG_IT_MEN
DOC_JUDG_CJ_2011_0314_P_20121219,ACT_EU_INST_CJEU_JUDG_AG_FR_BOT
DOC_JUDG_CJ_2011_0318_20121025,ACT_EU_INST_CJEU_JUDG_AG_SI_TRS
DOC_JUDG_CJ_2011_0320_20121122,ACT_EU_INST_CJEU_JUDG_AG_ES_CRU_VIL
DOC_JUDG_CJ_2011_0321_20121004,ACT_EU_INST_CJEU_JUDG_AG_SI_TRS
DOC_JUDG_CJ_2011_0322_20131107,ACT_EU_INST_CJEU_JUDG_AG_IT_MEN
DOC_JUDG_CJ_2011_0324_20120906,ACT_EU_INST_CJEU_JUDG_AG_IT_MEN
DOC_JUDG_CJ_2011_0325_20121219,ACT_EU_INST_CJEU_JUDG_AG_FR_BOT
DOC_JUDG_CJ_2011_0326_20120712,ACT_EU_INST_CJEU_JUDG_AG_SI_TRS
DOC_JUDG_CJ_2011_0327_P_20120906,ACT_EU_INST_CJEU_JUDG_AG_UK_SHA
DOC_JUDG_CJ_2011_0329_20111206,ACT_EU_INST_CJEU_JUDG_AG_SK_MAZ
DOC_JUDG_CJ_2011_0331_20130425,ACT_EU_INST_CJEU_JUDG_AG_DE_KOK
DOC_JUDG_CJ_2011_0332_20130221,ACT_EU_INST_CJEU_JUDG_AG_FI_JAA
DOC_JUDG_CJ_2011_0335_20130411,ACT_EU_INST_CJEU_JUDG_AG_DE_KOK
DOC_JUDG_CJ_2011_0336_20120719,ACT_EU_INST_CJEU_JUDG_AG_DE_KOK
DOC_JUDG_CJ_2011_0338_20120510,ACT_EU_INST_CJEU_JUDG_AG_SK_MAZ
DOC_JUDG_CJ_2011_0350_20130704,ACT_EU_INST_CJEU_JUDG_AG_IT_MEN
DOC_JUDG_CJ_2011_0351_20121108,ACT_EU_INST_CJEU_JUDG_AG_UK_SHA
DOC_JUDG_CJ_2011_0352_20120524,ACT_EU_INST_CJEU_JUDG_AG_FI_JAA
DOC_JUDG_CJ_2011_0355_20120614,ACT_EU_INST_CJEU_JUDG_AG_FI_JAA
DOC_JUDG_CJ_2011_0356_20121206,ACT_EU_INST_CJEU_JUDG_AG_FR_BOT
DOC_JUDG_CJ_2011_0358_20130307,ACT_EU_INST_CJEU_JUDG_AG_DE_KOK
DOC_JUDG_CJ_2011_0359_20141023,ACT_EU_INST_CJEU_JUDG_AG_SE_WAH
DOC_JUDG_CJ_2011_0360_20130117,ACT_EU_INST_CJEU_JUDG_AG_FI_JAA
DOC_JUDG_CJ_2011_0361_20130117,ACT_EU_INST_CJEU_JUDG_AG_IT_MEN
DOC_JUDG_CJ_2011_0363_20121219,ACT_EU_INST_CJEU_JUDG_AG_UK_SHA
DOC_JUDG_CJ_2011_0364_20121219,ACT_EU_INST_CJEU_JUDG_AG_UK_SHA
DOC_JUDG_CJ_2011_0366_20120524,ACT_EU_INST_CJEU_JUDG_AG_DE_KOK
DOC_JUDG_CJ_2011_0367_20121025,ACT_EU_INST_CJEU_JUDG_AG_ES_CRU_VIL
DOC_JUDG_CJ_2011_0369_20131003,ACT_EU_INST_CJEU_JUDG_AG_FI_JAA
DOC_JUDG_CJ_2011_0370_20120510,ACT_EU_INST_CJEU_JUDG_AG_ES_CRU_VIL
DOC_JUDG_CJ_2011_0371_20121018,ACT_EU_INST_CJEU_JUDG_AG_UK_SHA
DOC_JUDG_CJ_2011_0373_20130919,ACT_EU_INST_CJEU_JUDG_AG_FI_JAA
DOC_JUDG_CJ_2011_0374_20121219,ACT_EU_INST_CJEU_JUDG_AG_DE_KOK
DOC_JUDG_CJ_2011_0375_20130321,ACT_EU_INST_CJEU_JUDG_AG_FI_JAA
DOC_JUDG_CJ_2011_0376_20120719,ACT_EU_INST_CJEU_JUDG_AG_SI_TRS
DOC_JUDG_CJ_2011_0377_20120719,ACT_EU_INST_CJEU_JUDG_AG_FI_JAA
DOC_JUDG_CJ_2011_0379_20121213,ACT_EU_INST_CJEU_JUDG_AG_UK_SHA
DOC_JUDG_CJ_2011_0380_20120906,ACT_EU_INST_CJEU_JUDG_AG_DE_KOK
DOC_JUDG_CJ_2011_0385_20121122,ACT_EU_INST_CJEU_JUDG_AG_UK_SHA
DOC_JUDG_CJ_2011_0386_20130613,ACT_EU_INST_CJEU_JUDG_AG_SI_TRS
DOC_JUDG_CJ_2011_0387_20121025,ACT_EU_INST_CJEU_JUDG_AG_IT_MEN
DOC_JUDG_CJ_2011_0388_20130912,ACT_EU_INST_CJEU_JUDG_AG_ES_CRU_VIL
DOC_JUDG_CJ_2011_0390_20121004,ACT_EU_INST_CJEU_JUDG_AG_SI_TRS
DOC_JUDG_CJ_2011_0391_20121004,ACT_EU_INST_CJEU_JUDG_AG_ES_CRU_VIL
DOC_JUDG_CJ_2011_0392_20120927,ACT_EU_INST_CJEU_JUDG_AG_IT_MEN
DOC_JUDG_CJ_2011_0394_20130131,ACT_EU_INST_CJEU_JUDG_AG_DE_KOK
DOC_JUDG_CJ_2011_0395_20121213,ACT_EU_INST_CJEU_JUDG_AG_IT_MEN
DOC_JUDG_CJ_2011_0396_20130129,ACT_EU_INST_CJEU_JUDG_AG_UK_SHA
DOC_JUDG_CJ_2011_0397_20130530,ACT_EU_INST_CJEU_JUDG_AG_IT_MEN
DOC_JUDG_CJ_2011_0398_20130425,ACT_EU_INST_CJEU_JUDG_AG_DE_KOK
DOC_JUDG_CJ_2011_0399_20130226,ACT_EU_INST_CJEU_JUDG_AG_FR_BOT
DOC_JUDG_CJ_2011_0401_20130411,ACT_EU_INST_CJEU_JUDG_AG_FI_JAA
DOC_JUDG_CJ_2011_0402_P_20121018,ACT_EU_INST_CJEU_JUDG_AG_FR_BOT
DOC_JUDG_CJ_2011_0403_20121004,ACT_EU_INST_CJEU_JUDG_AG_FI_JAA
DOC_JUDG_CJ_2011_0405_P_20130321,ACT_EU_INST_CJEU_JUDG_AG_IT_MEN
DOC_JUDG_CJ_2011_0409_20130711,ACT_EU_INST_CJEU_JUDG_AG_IT_MEN
DOC_JUDG_CJ_2011_0410_20121122,ACT_EU_INST_CJEU_JUDG_AG_SK_MAZ
DOC_JUDG_CJ_2011_0412_20130711,ACT_EU_INST_CJEU_JUDG_AG_FI_JAA
DOC_JUDG_CJ_2011_0414_20130718,ACT_EU_INST_CJEU_JUDG_AG_ES_CRU_VIL
DOC_JUDG_CJ_2011_0415_20130314,ACT_EU_INST_CJEU_JUDG_AG_DE_KOK
DOC_JUDG_CJ_2011_0416_P_20121129,ACT_EU_INST_CJEU_JUDG_AG_SK_MAZ
DOC_JUDG_CJ_2011_0417_P_20121115,ACT_EU_INST_CJEU_JUDG_AG_IT_MEN
DOC_JUDG_CJ_2011_0418_20130926,ACT_EU_INST_CJEU_JUDG_AG_IT_MEN
DOC_JUDG_CJ_2011_0419_20130314,ACT_EU_INST_CJEU_JUDG_AG_UK_SHA
DOC_JUDG_CJ_2011_0420_20130314,ACT_EU_INST_CJEU_JUDG_AG_DE_KOK
DOC_JUDG_CJ_2011_0422_P_20120906,ACT_EU_INST_CJEU_JUDG_AG_SI_TRS
DOC_JUDG_CJ_2011_0424_20130307,ACT_EU_INST_CJEU_JUDG_AG_ES_CRU_VIL
DOC_JUDG_CJ_2011_0425_20130228,ACT_EU_INST_CJEU_JUDG_AG_FI_JAA
DOC_JUDG_CJ_2011_0426_20130718,ACT_EU_INST_CJEU_JUDG_AG_ES_CRU_VIL
DOC_JUDG_CJ_2011_0427_20130228,ACT_EU_INST_CJEU_JUDG_AG_ES_CRU_VIL
DOC_JUDG_CJ_2011_0428_20121018,ACT_EU_INST_CJEU_JUDG_AG_IT_MEN
DOC_JUDG_CJ_2011_0429_P_20130711,ACT_EU_INST_CJEU_JUDG_AG_DE_KOK
DOC_JUDG_CJ_2011_0430_20121206,ACT_EU_INST_CJEU_JUDG_AG_SK_MAZ
DOC_JUDG_CJ_2011_0431_20130926,ACT_EU_INST_CJEU_JUDG_AG_DE_KOK
DOC_JUDG_CJ_2011_0435_20130919,ACT_EU_INST_CJEU_JUDG_AG_SE_WAH
DOC_JUDG_CJ_2011_0438_20121108,ACT_EU_INST_CJEU_JUDG_AG_SK_MAZ
DOC_JUDG_CJ_2011_0439_P_20130711,ACT_EU_INST_CJEU_JUDG_AG_DE_KOK
DOC_JUDG_CJ_2011_0440_P_20130711,ACT_EU_INST_CJEU_JUDG_AG_DE_KOK
DOC_JUDG_CJ_2011_0441_P_20121206,ACT_EU_INST_CJEU_JUDG_AG_DE_KOK
DOC_JUDG_CJ_2011_0443_20130411,ACT_EU_INST_CJEU_JUDG_AG_IT_MEN
DOC_JUDG_CJ_2011_0444_P_20130711,ACT_EU_INST_CJEU_JUDG_AG_DE_KOK
DOC_JUDG_CJ_2011_0445_P_20121219,ACT_EU_INST_CJEU_JUDG_AG_FI_JAA
DOC_JUDG_CJ_2011_0446_P_20131205,ACT_EU_INST_CJEU_JUDG_AG_BE_WAT
DOC_JUDG_CJ_2011_0447_P_20131205,ACT_EU_INST_CJEU_JUDG_AG_BE_WAT
DOC_JUDG_CJ_2011_0448_P_20131205,ACT_EU_INST_CJEU_JUDG_AG_BE_WAT
DOC_JUDG_CJ_2011_0449_P_20131205,ACT_EU_INST_CJEU_JUDG_AG_BE_WAT
DOC_JUDG_CJ_2011_0450_20130926,ACT_EU_INST_CJEU_JUDG_AG_UK_SHA
DOC_JUDG_CJ_2011_0451_20120719,ACT_EU_INST_CJEU_JUDG_AG_FR_BOT
DOC_JUDG_CJ_2011_0452_P_20121219,ACT_EU_INST_CJEU_JUDG_AG_FI_JAA
DOC_JUDG_CJ_2011_0454_20130207,ACT_EU_INST_CJEU_JUDG_AG_FR_BOT
DOC_JUDG_CJ_2011_0455_P_20131205,ACT_EU_INST_CJEU_JUDG_AG_BE_WAT
DOC_JUDG_CJ_2011_0456_20121115,ACT_EU_INST_CJEU_JUDG_AG_FR_BOT
DOC_JUDG_CJ_2011_0457_20130627,ACT_EU_INST_CJEU_JUDG_AG_UK_SHA
DOC_JUDG_CJ_2011_0461_20121108,ACT_EU_INST_CJEU_JUDG_AG_UK_SHA
DOC_JUDG_CJ_2011_0463_20130418,ACT_EU_INST_CJEU_JUDG_AG_BE_WAT
DOC_JUDG_CJ_2011_0465_20121213,ACT_EU_INST_CJEU_JUDG_AG_SK_MAZ
DOC_JUDG_CJ_2011_0469_P_20121108,ACT_EU_INST_CJEU_JUDG_AG_FR_BOT
DOC_JUDG_CJ_2011_0470_20120719,ACT_EU_INST_CJEU_JUDG_AG_FR_BOT
DOC_JUDG_CJ_2011_0471_20120906,ACT_EU_INST_CJEU_JUDG_AG_DE_KOK
DOC_JUDG_CJ_2011_0472_20130221,ACT_EU_INST_CJEU_JUDG_AG_IT_MEN
DOC_JUDG_CJ_2011_0475_20130912,ACT_EU_INST_CJEU_JUDG_AG_ES_CRU_VIL
DOC_JUDG_CJ_2011_0476_20130926,ACT_EU_INST_CJEU_JUDG_AG_DE_KOK
DOC_JUDG_CJ_2011_0478_P_20130423,ACT_EU_INST_CJEU_JUDG_AG_ES_CRU_VIL
DOC_JUDG_CJ_2011_0485_20130627,ACT_EU_INST_CJEU_JUDG_AG_FI_JAA
DOC_JUDG_CJ_2011_0487_20120906,ACT_EU_INST_CJEU_JUDG_AG_UK_SHA
DOC_JUDG_CJ_2011_0488_20130530,ACT_EU_INST_CJEU_JUDG_AG_IT_MEN
DOC_JUDG_CJ_2011_0492_20130627,ACT_EU_INST_CJEU_JUDG_AG_DE_KOK
DOC_JUDG_CJ_2011_0496_20120906,ACT_EU_INST_CJEU_JUDG_AG_IT_MEN
DOC_JUDG_CJ_2011_0499_P_20130718,ACT_EU_INST_CJEU_JUDG_AG_FR_BOT
DOC_JUDG_CJ_2011_0500_20131219,ACT_EU_INST_CJEU_JUDG_AG_SE_WAH
DOC_JUDG_CJ_2011_0501_P_20130718,ACT_EU_INST_CJEU_JUDG_AG_DE_KOK
DOC_JUDG_CJ_2011_0508_P_20130508,ACT_EU_INST_CJEU_JUDG_AG_FR_BOT
DOC_JUDG_CJ_2011_0509_20130926,ACT_EU_INST_CJEU_JUDG_AG_FI_JAA
DOC_JUDG_CJ_2011_0510_P_20131024,ACT_EU_INST_CJEU_JUDG_AG_DE_KOK
DOC_JUDG_CJ_2011_0511_P_20130613,ACT_EU_INST_CJEU_JUDG_AG_FR_BOT
DOC_JUDG_CJ_2011_0512_20140213,ACT_EU_INST_CJEU_JUDG_AG_DE_KOK
DOC_JUDG_CJ_2011_0514_P_20131114,ACT_EU_INST_CJEU_JUDG_AG_BE_WAT
DOC_JUDG_CJ_2011_0515_20130718,ACT_EU_INST_CJEU_JUDG_AG_UK_SHA
DOC_JUDG_CJ_2011_0517_20130207,ACT_EU_INST_CJEU_JUDG_AG_SK_MAZ
DOC_JUDG_CJ_2011_0518_20131107,ACT_EU_INST_CJEU_JUDG_AG_ES_CRU_VIL
DOC_JUDG_CJ_2011_0520_20130718,ACT_EU_INST_CJEU_JUDG_AG_IT_MEN
DOC_JUDG_CJ_2011_0521_20130711,ACT_EU_INST_CJEU_JUDG_AG_IT_MEN
DOC_JUDG_CJ_2011_0523_20130718,ACT_EU_INST_CJEU_JUDG_AG_UK_SHA
DOC_JUDG_CJ_2011_0524_20120906,ACT_EU_INST_CJEU_JUDG_AG_SK_MAZ
DOC_JUDG_CJ_2011_0525_20121018,ACT_EU_INST_CJEU_JUDG_AG_FR_BOT
DOC_JUDG_CJ_2011_0526_20130912,ACT_EU_INST_CJEU_JUDG_AG_IT_MEN
DOC_JUDG_CJ_2011_0527_20130314,ACT_EU_INST_CJEU_JUDG_AG_UK_SHA
DOC_JUDG_CJ_2011_0528_20130530,ACT_EU_INST_CJEU_JUDG_AG_SE_WAH
DOC_JUDG_CJ_2011_0529_20130508,ACT_EU_INST_CJEU_JUDG_AG_FR_BOT
DOC_JUDG_CJ_2011_0530_20140213,ACT_EU_INST_CJEU_JUDG_AG_DE_KOK
DOC_JUDG_CJ_2011_0532_20121115,ACT_EU_INST_CJEU_JUDG_AG_SK_MAZ
DOC_JUDG_CJ_2011_0533_20131017,ACT_EU_INST_CJEU_JUDG_AG_ES_CRU_VIL
DOC_JUDG_CJ_2011_0534_20130530,ACT_EU_INST_CJEU_JUDG_AG_BE_WAT
DOC_JUDG_CJ_2011_0535_20130411,ACT_EU_INST_CJEU_JUDG_AG_UK_SHA
DOC_JUDG_CJ_2011_0536_20130606,ACT_EU_INST_CJEU_JUDG_AG_FI_JAA
DOC_JUDG_CJ_2011_0537_20140123,ACT_EU_INST_CJEU_JUDG_AG_DE_KOK
DOC_JUDG_CJ_2011_0539_20130926,ACT_EU_INST_CJEU_JUDG_AG_FI_JAA
DOC_JUDG_CJ_2011_0542_20130627,ACT_EU_INST_CJEU_JUDG_AG_FI_JAA
DOC_JUDG_CJ_2011_0543_20130117,ACT_EU_INST_CJEU_JUDG_AG_SE_WAH
DOC_JUDG_CJ_2011_0544_20130228,ACT_EU_INST_CJEU_JUDG_AG_FI_JAA
DOC_JUDG_CJ_2011_0545_20130314,ACT_EU_INST_CJEU_JUDG_AG_BE_WAT
DOC_JUDG_CJ_2011_0546_20130926,ACT_EU_INST_CJEU_JUDG_AG_DE_KOK
DOC_JUDG_CJ_2011_0547_20140605,ACT_EU_INST_CJEU_JUDG_AG_SE_WAH
DOC_JUDG_CJ_2011_0548_20130418,ACT_EU_INST_CJEU_JUDG_AG_ES_CRU_VIL
DOC_JUDG_CJ_2011_0549_20121219,ACT_EU_INST_CJEU_JUDG_AG_SE_WAH
DOC_JUDG_CJ_2011_0550_20121004,ACT_EU_INST_CJEU_JUDG_AG_DE_KOK
DOC_JUDG_CJ_2011_0553_20121025,ACT_EU_INST_CJEU_JUDG_AG_SI_TRS
DOC_JUDG_CJ_2011_0555_20131017,ACT_EU_INST_CJEU_JUDG_AG_FI_JAA
DOC_JUDG_CJ_2011_0557_20121025,ACT_EU_INST_CJEU_JUDG_AG_UK_SHA
DOC_JUDG_CJ_2011_0558_20121115,ACT_EU_INST_CJEU_JUDG_AG_SI_TRS
DOC_JUDG_CJ_2011_0561_20130221,ACT_EU_INST_CJEU_JUDG_AG_IT_MEN
DOC_JUDG_CJ_2011_0562_20121206,ACT_EU_INST_CJEU_JUDG_AG_FR_BOT
DOC_JUDG_CJ_2011_0565_20130418,ACT_EU_INST_CJEU_JUDG_AG_BE_WAT
DOC_JUDG_CJ_2011_0566_20131017,ACT_EU_INST_CJEU_JUDG_AG_DE_KOK
DOC_JUDG_CJ_2011_0568_20130620,ACT_EU_INST_CJEU_JUDG_AG_DE_KOK
DOC_JUDG_CJ_2011_0575_20130627,ACT_EU_INST_CJEU_JUDG_AG_IT_MEN
DOC_JUDG_CJ_2011_0576_20131128,ACT_EU_INST_CJEU_JUDG_AG_FR_BOT
DOC_JUDG_CJ_2011_0577_20130307,ACT_EU_INST_CJEU_JUDG_AG_FR_BOT
DOC_JUDG_CJ_2011_0578_P_20140612,ACT_EU_INST_CJEU_JUDG_AG_UK_SHA
DOC_JUDG_CJ_2011_0579_20121219,ACT_EU_INST_CJEU_JUDG_AG_BE_WAT
DOC_JUDG_CJ_2011_0583_P_20131003,ACT_EU_INST_CJEU_JUDG_AG_DE_KOK
DOC_JUDG_CJ_2011_0592_20121025,ACT_EU_INST_CJEU_JUDG_AG_ES_CRU_VIL
DOC_JUDG_CJ_2011_0595_20130418,ACT_EU_INST_CJEU_JUDG_AG_BE_WAT
DOC_JUDG_CJ_2011_0601_P_20130711,ACT_EU_INST_CJEU_JUDG_AG_BE_WAT
DOC_JUDG_CJ_2011_0604_20130530,ACT_EU_INST_CJEU_JUDG_AG_FR_BOT
DOC_JUDG_CJ_2011_0607_20130307,ACT_EU_INST_CJEU_JUDG_AG_FR_BOT
DOC_JUDG_CJ_2011_0609_P_20130926,ACT_EU_INST_CJEU_JUDG_AG_UK_SHA
DOC_JUDG_CJ_2011_0610_P_20130926,ACT_EU_INST_CJEU_JUDG_AG_UK_SHA
DOC_JUDG_CJ_2011_0613_20130321,ACT_EU_INST_CJEU_JUDG_AG_ES_CRU_VIL
DOC_JUDG_CJ_2011_0614_20130912,ACT_EU_INST_CJEU_JUDG_AG_SE_WAH
DOC_JUDG_CJ_2011_0615_P_20130516,ACT_EU_INST_CJEU_JUDG_AG_SI_TRS
DOC_JUDG_CJ_2011_0616_20140409,ACT_EU_INST_CJEU_JUDG_AG_BE_WAT
DOC_JUDG_CJ_2011_0618_20131205,ACT_EU_INST_CJEU_JUDG_AG_ES_CRU_VIL
DOC_JUDG_CJ_2011_0619_20130221,ACT_EU_INST_CJEU_JUDG_AG_IT_MEN
DOC_JUDG_CJ_2011_0621_P_20130718,ACT_EU_INST_CJEU_JUDG_AG_UK_SHA
DOC_JUDG_CJ_2011_0622_20131010,ACT_EU_INST_CJEU_JUDG_AG_BE_WAT
DOC_JUDG_CJ_2011_0623_20130117,ACT_EU_INST_CJEU_JUDG_AG_FI_JAA
DOC_JUDG_CJ_2011_0625_P_20130926,ACT_EU_INST_CJEU_JUDG_AG_ES_CRU_VIL
DOC_JUDG_CJ_2011_0626_P_20130926,ACT_EU_INST_CJEU_JUDG_AG_ES_CRU_VIL
DOC_JUDG_CJ_2011_0628_20140318,ACT_EU_INST_CJEU_JUDG_AG_FR_BOT
DOC_JUDG_CJ_2011_0629_P_20121004,ACT_EU_INST_CJEU_JUDG_AG_ES_CRU_VIL
DOC_JUDG_CJ_2011_0630_P_20130613,ACT_EU_INST_CJEU_JUDG_AG_FR_BOT
DOC_JUDG_CJ_2011_0635_20130620,ACT_EU_INST_CJEU_JUDG_AG_FR_BOT
DOC_JUDG_CJ_2011_0636_20130411,ACT_EU_INST_CJEU_JUDG_AG_IT_MEN
DOC_JUDG_CJ_2011_0638_P_20131114,ACT_EU_INST_CJEU_JUDG_AG_UK_SHA
DOC_JUDG_CJ_2011_0639_20140320,ACT_EU_INST_CJEU_JUDG_AG_FI_JAA
DOC_JUDG_CJ_2011_0642_20130131,ACT_EU_INST_CJEU_JUDG_AG_ES_CRU_VIL
DOC_JUDG_CJ_2011_0643_20130131,ACT_EU_INST_CJEU_JUDG_AG_ES_CRU_VIL
DOC_JUDG_CJ_2011_0645_20130411,ACT_EU_INST_CJEU_JUDG_AG_SI_TRS
DOC_JUDG_CJ_2011_0646_P_20130124,ACT_EU_INST_CJEU_JUDG_AG_UK_SHA
DOC_JUDG_CJ_2011_0648_20130606,ACT_EU_INST_CJEU_JUDG_AG_ES_CRU_VIL
DOC_JUDG_CJ_2011_0651_20130530,ACT_EU_INST_CJEU_JUDG_AG_IT_MEN
DOC_JUDG_CJ_2011_0652_P_20130411,ACT_EU_INST_CJEU_JUDG_AG_SI_TRS
DOC_JUDG_CJ_2011_0653_20130620,ACT_EU_INST_CJEU_JUDG_AG_IT_MEN
DOC_JUDG_CJ_2011_0655_P_20130221,ACT_EU_INST_CJEU_JUDG_AG_IT_MEN
DOC_JUDG_CJ_2011_0656_20140227,ACT_EU_INST_CJEU_JUDG_AG_DE_KOK
DOC_JUDG_CJ_2011_0657_20130711,ACT_EU_INST_CJEU_JUDG_AG_IT_MEN
DOC_JUDG_CJ_2011_0658_20140624,ACT_EU_INST_CJEU_JUDG_AG_FR_BOT
DOC_JUDG_CJ_2011_0660_20130912,ACT_EU_INST_CJEU_JUDG_AG_ES_CRU_VIL
DOC_JUDG_CJ_2011_0661_20130919,ACT_EU_INST_CJEU_JUDG_AG_ES_CRU_VIL
DOC_JUDG_CJ_2011_0663_20130530,ACT_EU_INST_CJEU_JUDG_AG_UK_SHA
DOC_JUDG_CJ_2011_0667_20130606,ACT_EU_INST_CJEU_JUDG_AG_FR_BOT
DOC_JUDG_CJ_2011_0668_P_20130926,ACT_EU_INST_CJEU_JUDG_AG_IT_MEN
DOC_JUDG_CJ_2011_0669_20121004,ACT_EU_INST_CJEU_JUDG_AG_UK_SHA
DOC_JUDG_CJ_2011_0670_20121213,ACT_EU_INST_CJEU_JUDG_AG_UK_SHA
DOC_JUDG_CJ_2011_0671_20130613,ACT_EU_INST_CJEU_JUDG_AG_FI_JAA
DOC_JUDG_CJ_2011_0677_20130530,ACT_EU_INST_CJEU_JUDG_AG_BE_WAT
DOC_JUDG_CJ_2011_0678_20141211,ACT_EU_INST_CJEU_JUDG_AG_DE_KOK
DOC_JUDG_CJ_2011_0679_P_20130926,ACT_EU_INST_CJEU_JUDG_AG_IT_MEN
DOC_JUDG_CJ_2011_0681_20130618,ACT_EU_INST_CJEU_JUDG_AG_DE_KOK
DOC_JUDG_CJ_2012_0001_20130228,ACT_EU_INST_CJEU_JUDG_AG_IT_MEN
DOC_JUDG_CJ_2012_0003_20130613,ACT_EU_INST_CJEU_JUDG_AG_FI_JAA
DOC_JUDG_CJ_2012_0005_20130919,ACT_EU_INST_CJEU_JUDG_AG_BE_WAT
DOC_JUDG_CJ_2012_0006_20130718,ACT_EU_INST_CJEU_JUDG_AG_UK_SHA
DOC_JUDG_CJ_2012_0007_20130620,ACT_EU_INST_CJEU_JUDG_AG_FR_BOT
DOC_JUDG_CJ_2012_0009_20131219,ACT_EU_INST_CJEU_JUDG_AG_FI_JAA
DOC_JUDG_CJ_2012_0010_P_20131219,ACT_EU_INST_CJEU_JUDG_AG_BE_WAT
DOC_JUDG_CJ_2012_0011_20121213,ACT_EU_INST_CJEU_JUDG_AG_DE_KOK
DOC_JUDG_CJ_2012_0012_20130418,ACT_EU_INST_CJEU_JUDG_AG_IT_MEN
DOC_JUDG_CJ_2012_0013_P_20131128,ACT_EU_INST_CJEU_JUDG_AG_IT_MEN
DOC_JUDG_CJ_2012_0015_P_20130919,ACT_EU_INST_CJEU_JUDG_AG_ES_CRU_VIL
DOC_JUDG_CJ_2012_0018_20130221,ACT_EU_INST_CJEU_JUDG_AG_FR_BOT
DOC_JUDG_CJ_2012_0019_20130307,ACT_EU_INST_CJEU_JUDG_AG_FR_BOT
DOC_JUDG_CJ_2012_0020_20130620,ACT_EU_INST_CJEU_JUDG_AG_IT_MEN
DOC_JUDG_CJ_2012_0022_20131024,ACT_EU_INST_CJEU_JUDG_AG_FI_JAA
DOC_JUDG_CJ_2012_0023_20130117,ACT_EU_INST_CJEU_JUDG_AG_FR_BOT
DOC_JUDG_CJ_2012_0024_20140605,ACT_EU_INST_CJEU_JUDG_AG_FI_JAA
DOC_JUDG_CJ_2012_0026_20130718,ACT_EU_INST_CJEU_JUDG_AG_UK_SHA
DOC_JUDG_CJ_2012_0028_20150428,ACT_EU_INST_CJEU_JUDG_AG_IT_MEN
DOC_JUDG_CJ_2012_0032_20131003,ACT_EU_INST_CJEU_JUDG_AG_DE_KOK
DOC_JUDG_CJ_2012_0035_P_20140522,ACT_EU_INST_CJEU_JUDG_AG_UK_SHA
DOC_JUDG_CJ_2012_0036_P_20140522,ACT_EU_INST_CJEU_JUDG_AG_UK_SHA
DOC_JUDG_CJ_2012_0040_P_20131126,ACT_EU_INST_CJEU_JUDG_AG_UK_SHA
DOC_JUDG_CJ_2012_0043_20140506,ACT_EU_INST_CJEU_JUDG_AG_FR_BOT
DOC_JUDG_CJ_2012_0045_20130613,ACT_EU_INST_CJEU_JUDG_AG_FR_BOT
DOC_JUDG_CJ_2012_0046_20130221,ACT_EU_INST_CJEU_JUDG_AG_FR_BOT
DOC_JUDG_CJ_2012_0047_20140911,ACT_EU_INST_CJEU_JUDG_AG_ES_CRU_VIL
DOC_JUDG_CJ_2012_0049_20130912,ACT_EU_INST_CJEU_JUDG_AG_DE_KOK
DOC_JUDG_CJ_2012_0050_P_20131126,ACT_EU_INST_CJEU_JUDG_AG_UK_SHA
DOC_JUDG_CJ_2012_0055_20130425,ACT_EU_INST_CJEU_JUDG_AG_ES_CRU_VIL
DOC_JUDG_CJ_2012_0056_P_20130919,ACT_EU_INST_CJEU_JUDG_AG_IT_MEN
DOC_JUDG_CJ_2012_0057_20130711,ACT_EU_INST_CJEU_JUDG_AG_ES_CRU_VIL
DOC_JUDG_CJ_2012_0058_P_20131126,ACT_EU_INST_CJEU_JUDG_AG_UK_SHA
DOC_JUDG_CJ_2012_0059_20131003,ACT_EU_INST_CJEU_JUDG_AG_FR_BOT
DOC_JUDG_CJ_2012_0060_20131114,ACT_EU_INST_CJEU_JUDG_AG_UK_SHA
DOC_JUDG_CJ_2012_0061_20140320,ACT_EU_INST_CJEU_JUDG_AG_FI_JAA
DOC_JUDG_CJ_2012_0062_20130613,ACT_EU_INST_CJEU_JUDG_AG_BE_WAT
DOC_JUDG_CJ_2012_0063_20131119,ACT_EU_INST_CJEU_JUDG_AG_FR_BOT
DOC_JUDG_CJ_2012_0064_20130912,ACT_EU_INST_CJEU_JUDG_AG_SE_WAH
DOC_JUDG_CJ_2012_0065_20140206,ACT_EU_INST_CJEU_JUDG_AG_DE_KOK
DOC_JUDG_CJ_2012_0066_20131119,ACT_EU_INST_CJEU_JUDG_AG_FR_BOT
DOC_JUDG_CJ_2012_0067_20140116,ACT_EU_INST_CJEU_JUDG_AG_SE_WAH
DOC_JUDG_CJ_2012_0068_20130207,ACT_EU_INST_CJEU_JUDG_AG_SE_WAH
DOC_JUDG_CJ_2012_0070_P_20130530,ACT_EU_INST_CJEU_JUDG_AG_BE_WAT
DOC_JUDG_CJ_2012_0071_20130627,ACT_EU_INST_CJEU_JUDG_AG_FI_JAA
DOC_JUDG_CJ_2012_0072_20131107,ACT_EU_INST_CJEU_JUDG_AG_ES_CRU_VIL
DOC_JUDG_CJ_2012_0077_P_20131024,ACT_EU_INST_CJEU_JUDG_AG_IT_MEN
DOC_JUDG_CJ_2012_0078_20130718,ACT_EU_INST_CJEU_JUDG_AG_DE_KOK
DOC_JUDG_CJ_2012_0079_20130221,ACT_EU_INST_CJEU_JUDG_AG_UK_SHA
DOC_JUDG_CJ_2012_0080_20140401,ACT_EU_INST_CJEU_JUDG_AG_FI_JAA
DOC_JUDG_CJ_2012_0081_20130425,ACT_EU_INST_CJEU_JUDG_AG_FI_JAA
DOC_JUDG_CJ_2012_0082_20140227,ACT_EU_INST_CJEU_JUDG_AG_SE_WAH
DOC_JUDG_CJ_2012_0083_PPU_20120410,ACT_EU_INST_CJEU_JUDG_AG_UK_SHA
DOC_JUDG_CJ_2012_0084_20131219,ACT_EU_INST_CJEU_JUDG_AG_IT_MEN
DOC_JUDG_CJ_2012_0085_20131024,ACT_EU_INST_CJEU_JUDG_AG_ES_CRU_VIL
DOC_JUDG_CJ_2012_0086_20131010,ACT_EU_INST_CJEU_JUDG_AG_IT_MEN
DOC_JUDG_CJ_2012_0087_20130508,ACT_EU_INST_CJEU_JUDG_AG_IT_MEN
DOC_JUDG_CJ_2012_0089_20130425,ACT_EU_INST_CJEU_JUDG_AG_IT_MEN
DOC_JUDG_CJ_2012_0090_20131107,ACT_EU_INST_CJEU_JUDG_AG_BE_WAT
DOC_JUDG_CJ_2012_0091_20130321,ACT_EU_INST_CJEU_JUDG_AG_DE_KOK
DOC_JUDG_CJ_2012_0092_PPU_20120426,ACT_EU_INST_CJEU_JUDG_AG_DE_KOK
DOC_JUDG_CJ_2012_0093_20130627,ACT_EU_INST_CJEU_JUDG_AG_FR_BOT
DOC_JUDG_CJ_2012_0094_20131010,ACT_EU_INST_CJEU_JUDG_AG_FI_JAA
DOC_JUDG_CJ_2012_0095_20131022,ACT_EU_INST_CJEU_JUDG_AG_SE_WAH
DOC_JUDG_CJ_2012_0097_P_20140515,ACT_EU_INST_CJEU_JUDG_AG_IT_MEN
DOC_JUDG_CJ_2012_0099_20130718,ACT_EU_INST_CJEU_JUDG_AG_SI_TRS
DOC_JUDG_CJ_2012_0100_20130704,ACT_EU_INST_CJEU_JUDG_AG_DE_KOK
DOC_JUDG_CJ_2012_0101_20131017,ACT_EU_INST_CJEU_JUDG_AG_SE_WAH
DOC_JUDG_CJ_2012_0103_20141126,ACT_EU_INST_CJEU_JUDG_AG_UK_SHA
DOC_JUDG_CJ_2012_0104_20130221,ACT_EU_INST_CJEU_JUDG_AG_SI_TRS
DOC_JUDG_CJ_2012_0105_20131022,ACT_EU_INST_CJEU_JUDG_AG_FI_JAA
DOC_JUDG_CJ_2012_0109_20131003,ACT_EU_INST_CJEU_JUDG_AG_UK_SHA
DOC_JUDG_CJ_2012_0111_20130221,ACT_EU_INST_CJEU_JUDG_AG_SE_WAH
DOC_JUDG_CJ_2012_0113_20131003,ACT_EU_INST_CJEU_JUDG_AG_ES_CRU_VIL
DOC_JUDG_CJ_2012_0114_20140904,ACT_EU_INST_CJEU_JUDG_AG_UK_SHA
DOC_JUDG_CJ_2012_0115_P_20130926,ACT_EU_INST_CJEU_JUDG_AG_DE_KOK
DOC_JUDG_CJ_2012_0116_20131212,ACT_EU_INST_CJEU_JUDG_AG_DE_KOK
DOC_JUDG_CJ_2012_0119_20121122,ACT_EU_INST_CJEU_JUDG_AG_ES_CRU_VIL
DOC_JUDG_CJ_2012_0120_P_20131003,ACT_EU_INST_CJEU_JUDG_AG_UK_SHA
DOC_JUDG_CJ_2012_0121_P_20131003,ACT_EU_INST_CJEU_JUDG_AG_UK_SHA
DOC_JUDG_CJ_2012_0122_P_20131003,ACT_EU_INST_CJEU_JUDG_AG_UK_SHA
DOC_JUDG_CJ_2012_0124_20130718,ACT_EU_INST_CJEU_JUDG_AG_UK_SHA
DOC_JUDG_CJ_2012_0125_20130613,ACT_EU_INST_CJEU_JUDG_AG_BE_WAT
DOC_JUDG_CJ_2012_0127_20140903,ACT_EU_INST_CJEU_JUDG_AG_DE_KOK
DOC_JUDG_CJ_2012_0129_20130321,ACT_EU_INST_CJEU_JUDG_AG_BE_WAT
DOC_JUDG_CJ_2012_0131_20140513,ACT_EU_INST_CJEU_JUDG_AG_FI_JAA
DOC_JUDG_CJ_2012_0132_P_20140227,ACT_EU_INST_CJEU_JUDG_AG_BE_WAT
DOC_JUDG_CJ_2012_0133_P_20140227,ACT_EU_INST_CJEU_JUDG_AG_BE_WAT
DOC_JUDG_CJ_2012_0136_20130718,ACT_EU_INST_CJEU_JUDG_AG_ES_CRU_VIL
DOC_JUDG_CJ_2012_0137_20131022,ACT_EU_INST_CJEU_JUDG_AG_DE_KOK
DOC_JUDG_CJ_2012_0138_20130411,ACT_EU_INST_CJEU_JUDG_AG_ES_CRU_VIL
DOC_JUDG_CJ_2012_0139_20140320,ACT_EU_INST_CJEU_JUDG_AG_BE_WAT
DOC_JUDG_CJ_2012_0140_20130919,ACT_EU_INST_CJEU_JUDG_AG_SE_WAH
DOC_JUDG_CJ_2012_0141_20140717,ACT_EU_INST_CJEU_JUDG_AG_UK_SHA
DOC_JUDG_CJ_2012_0142_20130508,ACT_EU_INST_CJEU_JUDG_AG_SE_WAH
DOC_JUDG_CJ_2012_0144_20130613,ACT_EU_INST_CJEU_JUDG_AG_FR_BOT
DOC_JUDG_CJ_2012_0147_20130718,ACT_EU_INST_CJEU_JUDG_AG_BE_WAT
DOC_JUDG_CJ_2012_0149_P_20130627,ACT_EU_INST_CJEU_JUDG_AG_FR_BOT
DOC_JUDG_CJ_2012_0151_20131024,ACT_EU_INST_CJEU_JUDG_AG_DE_KOK
DOC_JUDG_CJ_2012_0152_20140213,ACT_EU_INST_CJEU_JUDG_AG_FI_JAA
DOC_JUDG_CJ_2012_0155_20130627,ACT_EU_INST_CJEU_JUDG_AG_DE_KOK
DOC_JUDG_CJ_2012_0157_20130926,ACT_EU_INST_CJEU_JUDG_AG_SE_WAH
DOC_JUDG_CJ_2012_0158_20130411,ACT_EU_INST_CJEU_JUDG_AG_ES_CRU_VIL
DOC_JUDG_CJ_2012_0159_20131205,ACT_EU_INST_CJEU_JUDG_AG_SE_WAH
DOC_JUDG_CJ_2012_0162_20140213,ACT_EU_INST_CJEU_JUDG_AG_DE_KOK
DOC_JUDG_CJ_2012_0164_20140123,ACT_EU_INST_CJEU_JUDG_AG_SE_WAH
DOC_JUDG_CJ_2012_0166_20131205,ACT_EU_INST_CJEU_JUDG_AG_ES_CRU_VIL
DOC_JUDG_CJ_2012_0167_20140318,ACT_EU_INST_CJEU_JUDG_AG_DE_KOK
DOC_JUDG_CJ_2012_0169_20130516,ACT_EU_INST_CJEU_JUDG_AG_BE_WAT
DOC_JUDG_CJ_2012_0170_20131003,ACT_EU_INST_CJEU_JUDG_AG_FI_JAA
DOC_JUDG_CJ_2012_0172_P_20130926,ACT_EU_INST_CJEU_JUDG_AG_IT_MEN
DOC_JUDG_CJ_2012_0174_20131219,ACT_EU_INST_CJEU_JUDG_AG_UK_SHA
DOC_JUDG_CJ_2012_0175_20131024,ACT_EU_INST_CJEU_JUDG_AG_BE_WAT
DOC_JUDG_CJ_2012_0176_20140115,ACT_EU_INST_CJEU_JUDG_AG_ES_CRU_VIL
DOC_JUDG_CJ_2012_0177_20131024,ACT_EU_INST_CJEU_JUDG_AG_BE_WAT
DOC_JUDG_CJ_2012_0179_P_20130926,ACT_EU_INST_CJEU_JUDG_AG_IT_MEN
DOC_JUDG_CJ_2012_0180_20131024,ACT_EU_INST_CJEU_JUDG_AG_IT_MEN
DOC_JUDG_CJ_2012_0181_20131017,ACT_EU_INST_CJEU_JUDG_AG_IT_MEN
DOC_JUDG_CJ_2012_0182_20130307,ACT_EU_INST_CJEU_JUDG_AG_IT_MEN
DOC_JUDG_CJ_2012_0183_P_20130606,ACT_EU_INST_CJEU_JUDG_AG_FR_BOT
DOC_JUDG_CJ_2012_0184_20131017,ACT_EU_INST_CJEU_JUDG_AG_SE_WAH
DOC_JUDG_CJ_2012_0186_20130620,ACT_EU_INST_CJEU_JUDG_AG_BE_WAT
DOC_JUDG_CJ_2012_0187_20131114,ACT_EU_INST_CJEU_JUDG_AG_BE_WAT
DOC_JUDG_CJ_2012_0190_20140410,ACT_EU_INST_CJEU_JUDG_AG_IT_MEN
DOC_JUDG_CJ_2012_0191_20130516,ACT_EU_INST_CJEU_JUDG_AG_FR_BOT
DOC_JUDG_CJ_2012_0192_PPU_20120628,ACT_EU_INST_CJEU_JUDG_AG_ES_CRU_VIL
DOC_JUDG_CJ_2012_0193_20130613,ACT_EU_INST_CJEU_JUDG_AG_DE_KOK
DOC_JUDG_CJ_2012_0195_20130926,ACT_EU_INST_CJEU_JUDG_AG_FR_BOT
DOC_JUDG_CJ_2012_0196_20131119,ACT_EU_INST_CJEU_JUDG_AG_FR_BOT
DOC_JUDG_CJ_2012_0197_20130321,ACT_EU_INST_CJEU_JUDG_AG_ES_CRU_VIL
DOC_JUDG_CJ_2012_0198_20140605,ACT_EU_INST_CJEU_JUDG_AG_FI_JAA
DOC_JUDG_CJ_2012_0199_20131107,ACT_EU_INST_CJEU_JUDG_AG_UK_SHA
DOC_JUDG_CJ_2012_0202_20131219,ACT_EU_INST_CJEU_JUDG_AG_ES_CRU_VIL
DOC_JUDG_CJ_2012_0203_20131017,ACT_EU_INST_CJEU_JUDG_AG_IT_MEN
DOC_JUDG_CJ_2012_0204_20140911,ACT_EU_INST_CJEU_JUDG_AG_FR_BOT
DOC_JUDG_CJ_2012_0209_20131219,ACT_EU_INST_CJEU_JUDG_AG_UK_SHA
DOC_JUDG_CJ_2012_0210_20131017,ACT_EU_INST_CJEU_JUDG_AG_UK_SHA
DOC_JUDG_CJ_2012_0211_20130718,ACT_EU_INST_CJEU_JUDG_AG_SE_WAH
DOC_JUDG_CJ_2012_0214_P_20131024,ACT_EU_INST_CJEU_JUDG_AG_BE_WAT
DOC_JUDG_CJ_2012_0216_20130919,ACT_EU_INST_CJEU_JUDG_AG_BE_WAT
DOC_JUDG_CJ_2012_0218_20131017,ACT_EU_INST_CJEU_JUDG_AG_ES_CRU_VIL
DOC_JUDG_CJ_2012_0219_20130620,ACT_EU_INST_CJEU_JUDG_AG_UK_SHA
DOC_JUDG_CJ_2012_0220_20131024,ACT_EU_INST_CJEU_JUDG_AG_UK_SHA
DOC_JUDG_CJ_2012_0221_20131114,ACT_EU_INST_CJEU_JUDG_AG_FR_BOT
DOC_JUDG_CJ_2012_0222_20140313,ACT_EU_INST_CJEU_JUDG_AG_SE_WAH
DOC_JUDG_CJ_2012_0224_P_20140403,ACT_EU_INST_CJEU_JUDG_AG_UK_SHA
DOC_JUDG_CJ_2012_0225_20131107,ACT_EU_INST_CJEU_JUDG_AG_SE_WAH
DOC_JUDG_CJ_2012_0226_20140116,ACT_EU_INST_CJEU_JUDG_AG_SE_WAH
DOC_JUDG_CJ_2012_0228_20130718,ACT_EU_INST_CJEU_JUDG_AG_FI_JAA
DOC_JUDG_CJ_2012_0233_20130704,ACT_EU_INST_CJEU_JUDG_AG_ES_CRU_VIL
DOC_JUDG_CJ_2012_0234_20130718,ACT_EU_INST_CJEU_JUDG_AG_DE_KOK
DOC_JUDG_CJ_2012_0237_20140904,ACT_EU_INST_CJEU_JUDG_AG_DE_KOK
DOC_JUDG_CJ_2012_0238_P_20140430,ACT_EU_INST_CJEU_JUDG_AG_IT_MEN
DOC_JUDG_CJ_2012_0239_P_20130528,ACT_EU_INST_CJEU_JUDG_AG_FR_BOT
DOC_JUDG_CJ_2012_0241_20131212,ACT_EU_INST_CJEU_JUDG_AG_FI_JAA
DOC_JUDG_CJ_2012_0243_P_20140619,ACT_EU_INST_CJEU_JUDG_AG_IT_MEN
DOC_JUDG_CJ_2012_0244_20130321,ACT_EU_INST_CJEU_JUDG_AG_SE_WAH
DOC_JUDG_CJ_2012_0246_P_20130228,ACT_EU_INST_CJEU_JUDG_AG_ES_CRU_VIL
DOC_JUDG_CJ_2012_0247_20130418,ACT_EU_INST_CJEU_JUDG_AG_FR_BOT
DOC_JUDG_CJ_2012_0249_20131107,ACT_EU_INST_CJEU_JUDG_AG_BE_WAT
DOC_JUDG_CJ_2012_0251_20130919,ACT_EU_INST_CJEU_JUDG_AG_DE_KOK
DOC_JUDG_CJ_2012_0252_20130718,ACT_EU_INST_CJEU_JUDG_AG_DE_KOK
DOC_JUDG_CJ_2012_0259_20130620,ACT_EU_INST_CJEU_JUDG_AG_BE_WAT
DOC_JUDG_CJ_2012_0262_20131219,ACT_EU_INST_CJEU_JUDG_AG_FI_JAA
DOC_JUDG_CJ_2012_0263_20131017,ACT_EU_INST_CJEU_JUDG_AG_ES_CRU_VIL
DOC_JUDG_CJ_2012_0265_20130718,ACT_EU_INST_CJEU_JUDG_AG_FR_BOT
DOC_JUDG_CJ_2012_0267_20131212,ACT_EU_INST_CJEU_JUDG_AG_FI_JAA
DOC_JUDG_CJ_2012_0269_P_20130620,ACT_EU_INST_CJEU_JUDG_AG_IT_MEN
DOC_JUDG_CJ_2012_0270_20140122,ACT_EU_INST_CJEU_JUDG_AG_FI_JAA
DOC_JUDG_CJ_2012_0271_20130508,ACT_EU_INST_CJEU_JUDG_AG_UK_SHA
DOC_JUDG_CJ_2012_0272_P_20131210,ACT_EU_INST_CJEU_JUDG_AG_FR_BOT
DOC_JUDG_CJ_2012_0273_20130711,ACT_EU_INST_CJEU_JUDG_AG_SE_WAH
DOC_JUDG_CJ_2012_0274_P_20131219,ACT_EU_INST_CJEU_JUDG_AG_DE_KOK
DOC_JUDG_CJ_2012_0275_20131024,ACT_EU_INST_CJEU_JUDG_AG_UK_SHA
DOC_JUDG_CJ_2012_0276_20131022,ACT_EU_INST_CJEU_JUDG_AG_DE_KOK
DOC_JUDG_CJ_2012_0277_20131024,ACT_EU_INST_CJEU_JUDG_AG_FI_JAA
DOC_JUDG_CJ_2012_0278_PPU_20120719,ACT_EU_INST_CJEU_JUDG_AG_UK_SHA
DOC_JUDG_CJ_2012_0279_20131219,ACT_EU_INST_CJEU_JUDG_AG_ES_CRU_VIL
DOC_JUDG_CJ_2012_0280_P_20131128,ACT_EU_INST_CJEU_JUDG_AG_BE_WAT
DOC_JUDG_CJ_2012_0281_20131219,ACT_EU_INST_CJEU_JUDG_AG_DE_KOK
DOC_JUDG_CJ_2012_0282_20131003,ACT_EU_INST_CJEU_JUDG_AG_SE_WAH
DOC_JUDG_CJ_2012_0283_20130926,ACT_EU_INST_CJEU_JUDG_AG_FR_BOT
DOC_JUDG_CJ_2012_0284_20131121,ACT_EU_INST_CJEU_JUDG_AG_IT_MEN
DOC_JUDG_CJ_2012_0285_20140130,ACT_EU_INST_CJEU_JUDG_AG_IT_MEN
DOC_JUDG_CJ_2012_0286_20121106,ACT_EU_INST_CJEU_JUDG_AG_DE_KOK
DOC_JUDG_CJ_2012_0287_P_20130613,ACT_EU_INST_CJEU_JUDG_AG_DE_KOK
DOC_JUDG_CJ_2012_0288_20140408,ACT_EU_INST_CJEU_JUDG_AG_BE_WAT
DOC_JUDG_CJ_2012_0290_20130411,ACT_EU_INST_CJEU_JUDG_AG_DE_KOK
DOC_JUDG_CJ_2012_0291_20131017,ACT_EU_INST_CJEU_JUDG_AG_IT_MEN
DOC_JUDG_CJ_2012_0292_20131212,ACT_EU_INST_CJEU_JUDG_AG_IT_MEN
DOC_JUDG_CJ_2012_0293_20140408,ACT_EU_INST_CJEU_JUDG_AG_ES_CRU_VIL
DOC_JUDG_CJ_2012_0295_P_20140710,ACT_EU_INST_CJEU_JUDG_AG_BE_WAT
DOC_JUDG_CJ_2012_0296_20140123,ACT_EU_INST_CJEU_JUDG_AG_SE_WAH
DOC_JUDG_CJ_2012_0297_20130919,ACT_EU_INST_CJEU_JUDG_AG_FI_JAA
DOC_JUDG_CJ_2012_0298_20131003,ACT_EU_INST_CJEU_JUDG_AG_DE_KOK
DOC_JUDG_CJ_2012_0299_20130718,ACT_EU_INST_CJEU_JUDG_AG_BE_WAT
DOC_JUDG_CJ_2012_0300_20140116,ACT_EU_INST_CJEU_JUDG_AG_BE_WAT
DOC_JUDG_CJ_2012_0301_20140403,ACT_EU_INST_CJEU_JUDG_AG_DE_KOK
DOC_JUDG_CJ_2012_0302_20131121,ACT_EU_INST_CJEU_JUDG_AG_DE_KOK
DOC_JUDG_CJ_2012_0303_20131212,ACT_EU_INST_CJEU_JUDG_AG_ES_CRU_VIL
DOC_JUDG_CJ_2012_0306_20131010,ACT_EU_INST_CJEU_JUDG_AG_ES_CRU_VIL
DOC_JUDG_CJ_2012_0309_20131128,ACT_EU_INST_CJEU_JUDG_AG_FR_BOT
DOC_JUDG_CJ_2012_0313_20131107,ACT_EU_INST_CJEU_JUDG_AG_FR_BOT
DOC_JUDG_CJ_2012_0314_20140327,ACT_EU_INST_CJEU_JUDG_AG_ES_CRU_VIL
DOC_JUDG_CJ_2012_0315_20130718,ACT_EU_INST_CJEU_JUDG_AG_UK_SHA
DOC_JUDG_CJ_2012_0317_20131003,ACT_EU_INST_CJEU_JUDG_AG_ES_CRU_VIL
DOC_JUDG_CJ_2012_0319_20131128,ACT_EU_INST_CJEU_JUDG_AG_DE_KOK
DOC_JUDG_CJ_2012_0320_20130627,ACT_EU_INST_CJEU_JUDG_AG_BE_WAT
DOC_JUDG_CJ_2012_0321_20131010,ACT_EU_INST_CJEU_JUDG_AG_SE_WAH
DOC_JUDG_CJ_2012_0322_20131003,ACT_EU_INST_CJEU_JUDG_AG_IT_MEN
DOC_JUDG_CJ_2012_0323_20140206,ACT_EU_INST_CJEU_JUDG_AG_SE_WAH
DOC_JUDG_CJ_2012_0326_20141009,ACT_EU_INST_CJEU_JUDG_AG_BE_WAT
DOC_JUDG_CJ_2012_0327_20131212,ACT_EU_INST_CJEU_JUDG_AG_ES_CRU_VIL
DOC_JUDG_CJ_2012_0328_20140116,ACT_EU_INST_CJEU_JUDG_AG_UK_SHA
DOC_JUDG_CJ_2012_0334_RX_II_20130228,ACT_EU_INST_CJEU_JUDG_AG_IT_MEN
DOC_JUDG_CJ_2012_0335_20140717,ACT_EU_INST_CJEU_JUDG_AG_ES_CRU_VIL
DOC_JUDG_CJ_2012_0336_20131010,ACT_EU_INST_CJEU_JUDG_AG_FR_BOT
DOC_JUDG_CJ_2012_0337_P_20140306,ACT_EU_INST_CJEU_JUDG_AG_IT_MEN
DOC_JUDG_CJ_2012_0342_20130530,ACT_EU_INST_CJEU_JUDG_AG_DE_KOK
DOC_JUDG_CJ_2012_0344_20131017,ACT_EU_INST_CJEU_JUDG_AG_FR_BOT
DOC_JUDG_CJ_2012_0345_20130613,ACT_EU_INST_CJEU_JUDG_AG_DE_KOK
DOC_JUDG_CJ_2012_0347_20140508,ACT_EU_INST_CJEU_JUDG_AG_BE_WAT
DOC_JUDG_CJ_2012_0348_P_20131128,ACT_EU_INST_CJEU_JUDG_AG_FR_BOT
DOC_JUDG_CJ_2012_0350_P_20140703,ACT_EU_INST_CJEU_JUDG_AG_UK_SHA
DOC_JUDG_CJ_2012_0351_20140227,ACT_EU_INST_CJEU_JUDG_AG_UK_SHA
DOC_JUDG_CJ_2012_0353_20131010,ACT_EU_INST_CJEU_JUDG_AG_UK_SHA
DOC_JUDG_CJ_2012_0355_20140123,ACT_EU_INST_CJEU_JUDG_AG_UK_SHA
DOC_JUDG_CJ_2012_0356_20140522,ACT_EU_INST_CJEU_JUDG_AG_FR_BOT
DOC_JUDG_CJ_2012_0358_20140710,ACT_EU_INST_CJEU_JUDG_AG_BE_WAT
DOC_JUDG_CJ_2012_0359_20140515,ACT_EU_INST_CJEU_JUDG_AG_UK_SHA
DOC_JUDG_CJ_2012_0360_20140605,ACT_EU_INST_CJEU_JUDG_AG_FI_JAA
DOC_JUDG_CJ_2012_0361_20131212,ACT_EU_INST_CJEU_JUDG_AG_SE_WAH
DOC_JUDG_CJ_2012_0362_20131212,ACT_EU_INST_CJEU_JUDG_AG_BE_WAT
DOC_JUDG_CJ_2012_0363_20140318,ACT_EU_INST_CJEU_JUDG_AG_SE_WAH
DOC_JUDG_CJ_2012_0365_P_20140227,ACT_EU_INST_CJEU_JUDG_AG_ES_CRU_VIL
DOC_JUDG_CJ_2012_0366_20140313,ACT_EU_INST_CJEU_JUDG_AG_UK_SHA
DOC_JUDG_CJ_2012_0367_20140213,ACT_EU_INST_CJEU_JUDG_AG_IT_MEN
DOC_JUDG_CJ_2012_0370_20121127,ACT_EU_INST_CJEU_JUDG_AG_DE_KOK
DOC_JUDG_CJ_2012_0371_20140123,ACT_EU_INST_CJEU_JUDG_AG_SE_WAH
DOC_JUDG_CJ_2012_0374_20140918,ACT_EU_INST_CJEU_JUDG_AG_ES_CRU_VIL
DOC_JUDG_CJ_2012_0375_20140313,ACT_EU_INST_CJEU_JUDG_AG_BE_WAT
DOC_JUDG_CJ_2012_0377_20140611,ACT_EU_INST_CJEU_JUDG_AG_IT_MEN
DOC_JUDG_CJ_2012_0378_20140116,ACT_EU_INST_CJEU_JUDG_AG_FR_BOT
DOC_JUDG_CJ_2012_0380_20140123,ACT_EU_INST_CJEU_JUDG_AG_SE_WAH
DOC_JUDG_CJ_2012_0382_P_20140911,ACT_EU_INST_CJEU_JUDG_AG_IT_MEN
DOC_JUDG_CJ_2012_0383_P_20131114,ACT_EU_INST_CJEU_JUDG_AG_DE_KOK
DOC_JUDG_CJ_2012_0385_20140205,ACT_EU_INST_CJEU_JUDG_AG_DE_KOK
DOC_JUDG_CJ_2012_0386_20131003,ACT_EU_INST_CJEU_JUDG_AG_FI_JAA
DOC_JUDG_CJ_2012_0387_20140403,ACT_EU_INST_CJEU_JUDG_AG_FI_JAA
DOC_JUDG_CJ_2012_0388_20131114,ACT_EU_INST_CJEU_JUDG_AG_FR_BOT
DOC_JUDG_CJ_2012_0390_20140430,ACT_EU_INST_CJEU_JUDG_AG_UK_SHA
DOC_JUDG_CJ_2012_0391_20131017,ACT_EU_INST_CJEU_JUDG_AG_BE_WAT
DOC_JUDG_CJ_2012_0394_20131210,ACT_EU_INST_CJEU_JUDG_AG_ES_CRU_VIL
DOC_JUDG_CJ_2012_0396_20140227,ACT_EU_INST_CJEU_JUDG_AG_DE_KOK
DOC_JUDG_CJ_2012_0398_20140605,ACT_EU_INST_CJEU_JUDG_AG_UK_SHA
DOC_JUDG_CJ_2012_0399_20141007,ACT_EU_INST_CJEU_JUDG_AG_ES_CRU_VIL
DOC_JUDG_CJ_2012_0400_20140116,ACT_EU_INST_CJEU_JUDG_AG_BE_WAT
DOC_JUDG_CJ_2012_0401_P_20150113,ACT_EU_INST_CJEU_JUDG_AG_FI_JAA
DOC_JUDG_CJ_2012_0404_P_20150113,ACT_EU_INST_CJEU_JUDG_AG_FI_JAA
DOC_JUDG_CJ_2012_0408_P_20140904,ACT_EU_INST_CJEU_JUDG_AG_BE_WAT
DOC_JUDG_CJ_2012_0409_20140306,ACT_EU_INST_CJEU_JUDG_AG_ES_CRU_VIL
DOC_JUDG_CJ_2012_0411_20131212,ACT_EU_INST_CJEU_JUDG_AG_UK_SHA
DOC_JUDG_CJ_2012_0412_20130718,ACT_EU_INST_CJEU_JUDG_AG_IT_MEN
DOC_JUDG_CJ_2012_0413_20131205,ACT_EU_INST_CJEU_JUDG_AG_IT_MEN
DOC_JUDG_CJ_2012_0414_P_20140508,ACT_EU_INST_CJEU_JUDG_AG_BE_WAT
DOC_JUDG_CJ_2012_0417_P_20141015,ACT_EU_INST_CJEU_JUDG_AG_FI_JAA
DOC_JUDG_CJ_2012_0419_20140213,ACT_EU_INST_CJEU_JUDG_AG_DE_KOK
DOC_JUDG_CJ_2012_0421_20140710,ACT_EU_INST_CJEU_JUDG_AG_ES_CRU_VIL
DOC_JUDG_CJ_2012_0423_20140116,ACT_EU_INST_CJEU_JUDG_AG_IT_MEN
DOC_JUDG_CJ_2012_0424_20140206,ACT_EU_INST_CJEU_JUDG_AG_DE_KOK
DOC_JUDG_CJ_2012_0425_20131212,ACT_EU_INST_CJEU_JUDG_AG_SE_WAH
DOC_JUDG_CJ_2012_0426_20141002,ACT_EU_INST_CJEU_JUDG_AG_UK_SHA
DOC_JUDG_CJ_2012_0427_20140318,ACT_EU_INST_CJEU_JUDG_AG_ES_CRU_VIL
DOC_JUDG_CJ_2012_0428_20140403,ACT_EU_INST_CJEU_JUDG_AG_BE_WAT
DOC_JUDG_CJ_2012_0429_20140116,ACT_EU_INST_CJEU_JUDG_AG_FR_BOT
DOC_JUDG_CJ_2012_0431_20131024,ACT_EU_INST_CJEU_JUDG_AG_DE_KOK
DOC_JUDG_CJ_2012_0434_20130912,ACT_EU_INST_CJEU_JUDG_AG_ES_CRU_VIL
DOC_JUDG_CJ_2012_0435_20140410,ACT_EU_INST_CJEU_JUDG_AG_ES_CRU_VIL
DOC_JUDG_CJ_2012_0437_20131219,ACT_EU_INST_CJEU_JUDG_AG_BE_WAT
DOC_JUDG_CJ_2012_0438_20140403,ACT_EU_INST_CJEU_JUDG_AG_FI_JAA
DOC_JUDG_CJ_2012_0440_20131024,ACT_EU_INST_CJEU_JUDG_AG_FR_BOT
DOC_JUDG_CJ_2012_0441_20140917,ACT_EU_INST_CJEU_JUDG_AG_UK_SHA
DOC_JUDG_CJ_2012_0442_20131107,ACT_EU_INST_CJEU_JUDG_AG_IT_MEN
DOC_JUDG_CJ_2012_0443_20131212,ACT_EU_INST_CJEU_JUDG_AG_FI_JAA
DOC_JUDG_CJ_2012_0445_P_20131212,ACT_EU_INST_CJEU_JUDG_AG_UK_SHA
DOC_JUDG_CJ_2012_0446_20150416,ACT_EU_INST_CJEU_JUDG_AG_IT_MEN
DOC_JUDG_CJ_2012_0450_20131212,ACT_EU_INST_CJEU_JUDG_AG_BE_WAT
DOC_JUDG_CJ_2012_0452_20131219,ACT_EU_INST_CJEU_JUDG_AG_SE_WAH
DOC_JUDG_CJ_2012_0454_20140227,ACT_EU_INST_CJEU_JUDG_AG_IT_MEN
DOC_JUDG_CJ_2012_0456_20140312,ACT_EU_INST_CJEU_JUDG_AG_UK_SHA
DOC_JUDG_CJ_2012_0457_20140312,ACT_EU_INST_CJEU_JUDG_AG_UK_SHA
DOC_JUDG_CJ_2012_0458_20140306,ACT_EU_INST_CJEU_JUDG_AG_SE_WAH
DOC_JUDG_CJ_2012_0461_20140612,ACT_EU_INST_CJEU_JUDG_AG_DE_KOK
DOC_JUDG_CJ_2012_0463_20150305,ACT_EU_INST_CJEU_JUDG_AG_ES_CRU_VIL
DOC_JUDG_CJ_2012_0464_20140313,ACT_EU_INST_CJEU_JUDG_AG_ES_CRU_VIL
DOC_JUDG_CJ_2012_0466_20140213,ACT_EU_INST_CJEU_JUDG_AG_UK_SHA
DOC_JUDG_CJ_2012_0470_20140227,ACT_EU_INST_CJEU_JUDG_AG_SE_WAH
DOC_JUDG_CJ_2012_0472_20140717,ACT_EU_INST_CJEU_JUDG_AG_FR_BOT
DOC_JUDG_CJ_2012_0473_20131107,ACT_EU_INST_CJEU_JUDG_AG_FR_BOT
DOC_JUDG_CJ_2012_0474_20140904,ACT_EU_INST_CJEU_JUDG_AG_BE_WAT
DOC_JUDG_CJ_2012_0475_20140430,ACT_EU_INST_CJEU_JUDG_AG_DE_KOK
DOC_JUDG_CJ_2012_0476_20141105,ACT_EU_INST_CJEU_JUDG_AG_UK_SHA
DOC_JUDG_CJ_2012_0478_20131114,ACT_EU_INST_CJEU_JUDG_AG_ES_CRU_VIL
DOC_JUDG_CJ_2012_0479_20140213,ACT_EU_INST_CJEU_JUDG_AG_BE_WAT
DOC_JUDG_CJ_2012_0480_20140515,ACT_EU_INST_CJEU_JUDG_AG_FI_JAA
DOC_JUDG_CJ_2012_0481_20140116,ACT_EU_INST_CJEU_JUDG_AG_SE_WAH
DOC_JUDG_CJ_2012_0483_20140508,ACT_EU_INST_CJEU_JUDG_AG_FI_JAA
DOC_JUDG_CJ_2012_0484_20131212,ACT_EU_INST_CJEU_JUDG_AG_FI_JAA
DOC_JUDG_CJ_2012_0485_20140410,ACT_EU_INST_CJEU_JUDG_AG_DE_KOK
DOC_JUDG_CJ_2012_0486_20131212,ACT_EU_INST_CJEU_JUDG_AG_FR_BOT
DOC_JUDG_CJ_2012_0487_20140918,ACT_EU_INST_CJEU_JUDG_AG_FR_BOT
DOC_JUDG_CJ_2012_0492_20130919,ACT_EU_INST_CJEU_JUDG_AG_FI_JAA
DOC_JUDG_CJ_2012_0493_20131212,ACT_EU_INST_CJEU_JUDG_AG_FI_JAA
DOC_JUDG_CJ_2012_0494_20131121,ACT_EU_INST_CJEU_JUDG_AG_BE_WAT
DOC_JUDG_CJ_2012_0495_20131219,ACT_EU_INST_CJEU_JUDG_AG_BE_WAT
DOC_JUDG_CJ_2012_0497_20150702,ACT_EU_INST_CJEU_JUDG_AG_SE_WAH
DOC_JUDG_CJ_2012_0501_20140619,ACT_EU_INST_CJEU_JUDG_AG_FR_BOT
DOC_JUDG_CJ_2012_0507_20140619,ACT_EU_INST_CJEU_JUDG_AG_SE_WAH
DOC_JUDG_CJ_2012_0508_20131205,ACT_EU_INST_CJEU_JUDG_AG_ES_CRU_VIL
DOC_JUDG_CJ_2012_0509_20140206,ACT_EU_INST_CJEU_JUDG_AG_IT_MEN
DOC_JUDG_CJ_2012_0512_20140313,ACT_EU_INST_CJEU_JUDG_AG_FI_JAA
DOC_JUDG_CJ_2012_0514_20131205,ACT_EU_INST_CJEU_JUDG_AG_FR_BOT
DOC_JUDG_CJ_2012_0515_20140403,ACT_EU_INST_CJEU_JUDG_AG_UK_SHA
DOC_JUDG_CJ_2012_0516_20140403,ACT_EU_INST_CJEU_JUDG_AG_ES_CRU_VIL
DOC_JUDG_CJ_2012_0519_20131017,ACT_EU_INST_CJEU_JUDG_AG_BE_WAT
DOC_JUDG_CJ_2012_0521_20140515,ACT_EU_INST_CJEU_JUDG_AG_UK_SHA
DOC_JUDG_CJ_2012_0522_20131107,ACT_EU_INST_CJEU_JUDG_AG_BE_WAT
DOC_JUDG_CJ_2012_0523_20131212,ACT_EU_INST_CJEU_JUDG_AG_BE_WAT
DOC_JUDG_CJ_2012_0525_20140911,ACT_EU_INST_CJEU_JUDG_AG_FI_JAA
DOC_JUDG_CJ_2012_0527_20140911,ACT_EU_INST_CJEU_JUDG_AG_SE_WAH
DOC_JUDG_CJ_2012_0528_20140206,ACT_EU_INST_CJEU_JUDG_AG_IT_MEN
DOC_JUDG_CJ_2012_0530_P_20140327,ACT_EU_INST_CJEU_JUDG_AG_FR_BOT
DOC_JUDG_CJ_2012_0531_P_20140619,ACT_EU_INST_CJEU_JUDG_AG_DE_KOK
DOC_JUDG_CJ_2012_0533_P_20140904,ACT_EU_INST_CJEU_JUDG_AG_BE_WAT
DOC_JUDG_CJ_2012_0539_20140522,ACT_EU_INST_CJEU_JUDG_AG_FR_BOT
DOC_JUDG_CJ_2012_0543_20140904,ACT_EU_INST_CJEU_JUDG_AG_DE_KOK
DOC_JUDG_CJ_2012_0546_P_20150521,ACT_EU_INST_CJEU_JUDG_AG_UK_SHA
DOC_JUDG_CJ_2012_0547_P_20131107,ACT_EU_INST_CJEU_JUDG_AG_UK_SHA
DOC_JUDG_CJ_2012_0548_20140313,ACT_EU_INST_CJEU_JUDG_AG_FI_JAA
DOC_JUDG_CJ_2012_0549_P_20150624,ACT_EU_INST_CJEU_JUDG_AG_ES_CRU_VIL
DOC_JUDG_CJ_2012_0553_P_20140717,ACT_EU_INST_CJEU_JUDG_AG_BE_WAT
DOC_JUDG_CJ_2012_0554_P_20140717,ACT_EU_INST_CJEU_JUDG_AG_BE_WAT
DOC_JUDG_CJ_2012_0556_20140619,ACT_EU_INST_CJEU_JUDG_AG_ES_CRU_VIL
DOC_JUDG_CJ_2012_0557_20140605,ACT_EU_INST_CJEU_JUDG_AG_DE_KOK
DOC_JUDG_CJ_2012_0558_P_20140123,ACT_EU_INST_CJEU_JUDG_AG_UK_SHA
DOC_JUDG_CJ_2012_0559_P_20140403,ACT_EU_INST_CJEU_JUDG_AG_FI_JAA
DOC_JUDG_CJ_2012_0560_P_20131107,ACT_EU_INST_CJEU_JUDG_AG_FI_JAA
DOC_JUDG_CJ_2012_0561_20131205,ACT_EU_INST_CJEU_JUDG_AG_SE_WAH
DOC_JUDG_CJ_2012_0562_20140917,ACT_EU_INST_CJEU_JUDG_AG_FI_JAA
DOC_JUDG_CJ_2012_0563_20131219,ACT_EU_INST_CJEU_JUDG_AG_SE_WAH
DOC_JUDG_CJ_2012_0565_20140327,ACT_EU_INST_CJEU_JUDG_AG_SE_WAH
DOC_JUDG_CJ_2012_0571_20140227,ACT_EU_INST_CJEU_JUDG_AG_IT_MEN
DOC_JUDG_CJ_2012_0573_20140701,ACT_EU_INST_CJEU_JUDG_AG_FR_BOT
DOC_JUDG_CJ_2012_0574_20140619,ACT_EU_INST_CJEU_JUDG_AG_IT_MEN
DOC_JUDG_CJ_2012_0575_20140904,ACT_EU_INST_CJEU_JUDG_AG_IT_MEN
DOC_JUDG_CJ_2012_0576_P_20131128,ACT_EU_INST_CJEU_JUDG_AG_UK_SHA
DOC_JUDG_CJ_2012_0579_RX_II_20130919,ACT_EU_INST_CJEU_JUDG_AG_DE_KOK
DOC_JUDG_CJ_2012_0580_P_20141112,ACT_EU_INST_CJEU_JUDG_AG_BE_WAT
DOC_JUDG_CJ_2012_0583_20140409,ACT_EU_INST_CJEU_JUDG_AG_ES_CRU_VIL
DOC_JUDG_CJ_2012_0586_P_20131219,ACT_EU_INST_CJEU_JUDG_AG_DE_KOK
DOC_JUDG_CJ_2012_0587_P_20131107,ACT_EU_INST_CJEU_JUDG_AG_FI_JAA
DOC_JUDG_CJ_2012_0588_20140227,ACT_EU_INST_CJEU_JUDG_AG_FI_JAA
DOC_JUDG_CJ_2012_0589_20140903,ACT_EU_INST_CJEU_JUDG_AG_DE_KOK
DOC_JUDG_CJ_2012_0591_P_20140508,ACT_EU_INST_CJEU_JUDG_AG_IT_MEN
DOC_JUDG_CJ_2012_0595_20140306,ACT_EU_INST_CJEU_JUDG_AG_DE_KOK
DOC_JUDG_CJ_2012_0596_20140213,ACT_EU_INST_CJEU_JUDG_AG_UK_SHA
DOC_JUDG_CJ_2012_0597_P_20131017,ACT_EU_INST_CJEU_JUDG_AG_ES_CRU_VIL
DOC_JUDG_CJ_2012_0599_20140313,ACT_EU_INST_CJEU_JUDG_AG_UK_SHA
DOC_JUDG_CJ_2012_0600_20140717,ACT_EU_INST_CJEU_JUDG_AG_DE_KOK
DOC_JUDG_CJ_2012_0601_P_20140227,ACT_EU_INST_CJEU_JUDG_AG_FR_BOT
DOC_JUDG_CJ_2012_0602_P_20140911,ACT_EU_INST_CJEU_JUDG_AG_FR_BOT
DOC_JUDG_CJ_2012_0604_20140508,ACT_EU_INST_CJEU_JUDG_AG_FR_BOT
DOC_JUDG_CJ_2012_0605_20141016,ACT_EU_INST_CJEU_JUDG_AG_DE_KOK
DOC_JUDG_CJ_2012_0606_20140306,ACT_EU_INST_CJEU_JUDG_AG_DE_KOK
DOC_JUDG_CJ_2012_0609_20140410,ACT_EU_INST_CJEU_JUDG_AG_BE_WAT
DOC_JUDG_CJ_2012_0611_P_20141014,ACT_EU_INST_CJEU_JUDG_AG_ES_CRU_VIL
DOC_JUDG_CJ_2012_0612_P_20140327,ACT_EU_INST_CJEU_JUDG_AG_DE_KOK
DOC_JUDG_CJ_2012_0613_20140206,ACT_EU_INST_CJEU_JUDG_AG_FR_BOT
DOC_JUDG_CJ_2013_0001_20140227,ACT_EU_INST_CJEU_JUDG_AG_FI_JAA
DOC_JUDG_CJ_2013_0002_20140206,ACT_EU_INST_CJEU_JUDG_AG_SE_WAH
DOC_JUDG_CJ_2013_0003_20140917,ACT_EU_INST_CJEU_JUDG_AG_ES_CRU_VIL
DOC_JUDG_CJ_2013_0004_20141106,ACT_EU_INST_CJEU_JUDG_AG_BE_WAT
DOC_JUDG_CJ_2013_0007_20140917,ACT_EU_INST_CJEU_JUDG_AG_BE_WAT
DOC_JUDG_CJ_2013_0011_20140619,ACT_EU_INST_CJEU_JUDG_AG_FI_JAA
DOC_JUDG_CJ_2013_0012_P_20141014,ACT_EU_INST_CJEU_JUDG_AG_ES_CRU_VIL
DOC_JUDG_CJ_2013_0015_20140508,ACT_EU_INST_CJEU_JUDG_AG_IT_MEN
DOC_JUDG_CJ_2013_0017_20140327,ACT_EU_INST_CJEU_JUDG_AG_ES_CRU_VIL
DOC_JUDG_CJ_2013_0018_20140213,ACT_EU_INST_CJEU_JUDG_AG_DE_KOK
DOC_JUDG_CJ_2013_0019_20140911,ACT_EU_INST_CJEU_JUDG_AG_FR_BOT
DOC_JUDG_CJ_2013_0020_20150909,ACT_EU_INST_CJEU_JUDG_AG_FR_BOT
DOC_JUDG_CJ_2013_0021_20140904,ACT_EU_INST_CJEU_JUDG_AG_FR_BOT
DOC_JUDG_CJ_2013_0022_20141126,ACT_EU_INST_CJEU_JUDG_AG_PL_SZP
DOC_JUDG_CJ_2013_0023_20131107,ACT_EU_INST_CJEU_JUDG_AG_DE_KOK
DOC_JUDG_CJ_2013_0026_20140430,ACT_EU_INST_CJEU_JUDG_AG_SE_WAH
DOC_JUDG_CJ_2013_0029_20140313,ACT_EU_INST_CJEU_JUDG_AG_BE_WAT
DOC_JUDG_CJ_2013_0031_P_20140213,ACT_EU_INST_CJEU_JUDG_AG_ES_CRU_VIL
DOC_JUDG_CJ_2013_0032_20140227,ACT_EU_INST_CJEU_JUDG_AG_IT_MEN
DOC_JUDG_CJ_2013_0034_20140910,ACT_EU_INST_CJEU_JUDG_AG_SE_WAH
DOC_JUDG_CJ_2013_0035_20140508,ACT_EU_INST_CJEU_JUDG_AG_UK_SHA
DOC_JUDG_CJ_2013_0037_P_20140625,ACT_EU_INST_CJEU_JUDG_AG_DE_KOK
DOC_JUDG_CJ_2013_0038_20140313,ACT_EU_INST_CJEU_JUDG_AG_DE_KOK
DOC_JUDG_CJ_2013_0039_20140612,ACT_EU_INST_CJEU_JUDG_AG_DE_KOK
DOC_JUDG_CJ_2013_0042_20141106,ACT_EU_INST_CJEU_JUDG_AG_ES_CRU_VIL
DOC_JUDG_CJ_2013_0043_20140403,ACT_EU_INST_CJEU_JUDG_AG_FI_JAA
DOC_JUDG_CJ_2013_0045_20140116,ACT_EU_INST_CJEU_JUDG_AG_FI_JAA
DOC_JUDG_CJ_2013_0047_20141002,ACT_EU_INST_CJEU_JUDG_AG_UK_SHA
DOC_JUDG_CJ_2013_0048_20140717,ACT_EU_INST_CJEU_JUDG_AG_DE_KOK
DOC_JUDG_CJ_2013_0051_20150429,ACT_EU_INST_CJEU_JUDG_AG_UK_SHA
DOC_JUDG_CJ_2013_0052_20140313,ACT_EU_INST_CJEU_JUDG_AG_UK_SHA
DOC_JUDG_CJ_2013_0053_20140619,ACT_EU_INST_CJEU_JUDG_AG_BE_WAT
DOC_JUDG_CJ_2013_0056_20140522,ACT_EU_INST_CJEU_JUDG_AG_FR_BOT
DOC_JUDG_CJ_2013_0058_20140717,ACT_EU_INST_CJEU_JUDG_AG_SE_WAH
DOC_JUDG_CJ_2013_0060_20140403,ACT_EU_INST_CJEU_JUDG_AG_SE_WAH
DOC_JUDG_CJ_2013_0065_20141015,ACT_EU_INST_CJEU_JUDG_AG_ES_CRU_VIL
DOC_JUDG_CJ_2013_0066_20141126,ACT_EU_INST_CJEU_JUDG_AG_FR_BOT
DOC_JUDG_CJ_2013_0067_P_20140911,ACT_EU_INST_CJEU_JUDG_AG_SE_WAH
DOC_JUDG_CJ_2013_0069_20140213,ACT_EU_INST_CJEU_JUDG_AG_FI_JAA
DOC_JUDG_CJ_2013_0074_20140409,ACT_EU_INST_CJEU_JUDG_AG_IT_MEN
DOC_JUDG_CJ_2013_0075_20140612,ACT_EU_INST_CJEU_JUDG_AG_IT_MEN
DOC_JUDG_CJ_2013_0076_20140625,ACT_EU_INST_CJEU_JUDG_AG_ES_CRU_VIL
DOC_JUDG_CJ_2013_0079_20140227,ACT_EU_INST_CJEU_JUDG_AG_IT_MEN
DOC_JUDG_CJ_2013_0081_20141218,ACT_EU_INST_CJEU_JUDG_AG_DE_KOK
DOC_JUDG_CJ_2013_0083_20140708,ACT_EU_INST_CJEU_JUDG_AG_IT_MEN
DOC_JUDG_CJ_2013_0084_P_20140703,ACT_EU_INST_CJEU_JUDG_AG_UK_SHA
DOC_JUDG_CJ_2013_0085_20140410,ACT_EU_INST_CJEU_JUDG_AG_DE_KOK
DOC_JUDG_CJ_2013_0087_20141218,ACT_EU_INST_CJEU_JUDG_AG_DE_KOK
DOC_JUDG_CJ_2013_0088_20140911,ACT_EU_INST_CJEU_JUDG_AG_FI_JAA
DOC_JUDG_CJ_2013_0090_P_20140515,ACT_EU_INST_CJEU_JUDG_AG_SE_WAH
DOC_JUDG_CJ_2013_0091_20140911,ACT_EU_INST_CJEU_JUDG_AG_FR_BOT
DOC_JUDG_CJ_2013_0092_20140910,ACT_EU_INST_CJEU_JUDG_AG_UK_SHA
DOC_JUDG_CJ_2013_0093_P_20150305,ACT_EU_INST_CJEU_JUDG_AG_ES_CRU_VIL
DOC_JUDG_CJ_2013_0098_20140206,ACT_EU_INST_CJEU_JUDG_AG_ES_CRU_VIL
DOC_JUDG_CJ_2013_0100_20141016,ACT_EU_INST_CJEU_JUDG_AG_UK_SHA
DOC_JUDG_CJ_2013_0101_20141002,ACT_EU_INST_CJEU_JUDG_AG_FI_JAA
DOC_JUDG_CJ_2013_0103_20141105,ACT_EU_INST_CJEU_JUDG_AG_BE_WAT
DOC_JUDG_CJ_2013_0104_20141023,ACT_EU_INST_CJEU_JUDG_AG_SE_WAH
DOC_JUDG_CJ_2013_0105_20140605,ACT_EU_INST_CJEU_JUDG_AG_DE_KOK
DOC_JUDG_CJ_2013_0107_20140313,ACT_EU_INST_CJEU_JUDG_AG_DE_KOK
DOC_JUDG_CJ_2013_0108_20141106,ACT_EU_INST_CJEU_JUDG_AG_IT_MEN
DOC_JUDG_CJ_2013_0110_20140227,ACT_EU_INST_CJEU_JUDG_AG_BE_WAT
DOC_JUDG_CJ_2013_0112_20140911,ACT_EU_INST_CJEU_JUDG_AG_FR_BOT
DOC_JUDG_CJ_2013_0113_20141211,ACT_EU_INST_CJEU_JUDG_AG_SE_WAH
DOC_JUDG_CJ_2013_0114_20150212,ACT_EU_INST_CJEU_JUDG_AG_PL_SZP
DOC_JUDG_CJ_2013_0115_20140410,ACT_EU_INST_CJEU_JUDG_AG_UK_SHA
DOC_JUDG_CJ_2013_0117_20140911,ACT_EU_INST_CJEU_JUDG_AG_FI_JAA
DOC_JUDG_CJ_2013_0118_20140612,ACT_EU_INST_CJEU_JUDG_AG_BE_WAT
DOC_JUDG_CJ_2013_0119_20140904,ACT_EU_INST_CJEU_JUDG_AG_FR_BOT
DOC_JUDG_CJ_2013_0124_20151201,ACT_EU_INST_CJEU_JUDG_AG_SE_WAH
DOC_JUDG_CJ_2013_0126_P_20140710,ACT_EU_INST_CJEU_JUDG_AG_FR_BOT
DOC_JUDG_CJ_2013_0127_P_20141002,ACT_EU_INST_CJEU_JUDG_AG_DE_KOK
DOC_JUDG_CJ_2013_0128_20141211,ACT_EU_INST_CJEU_JUDG_AG_IT_MEN
DOC_JUDG_CJ_2013_0129_20140703,ACT_EU_INST_CJEU_JUDG_AG_BE_WAT
DOC_JUDG_CJ_2013_0131_20141218,ACT_EU_INST_CJEU_JUDG_AG_PL_SZP
DOC_JUDG_CJ_2013_0132_20140313,ACT_EU_INST_CJEU_JUDG_AG_UK_SHA
DOC_JUDG_CJ_2013_0133_20141218,ACT_EU_INST_CJEU_JUDG_AG_DE_KOK
DOC_JUDG_CJ_2013_0134_20150212,ACT_EU_INST_CJEU_JUDG_AG_ES_CRU_VIL
DOC_JUDG_CJ_2013_0135_20140515,ACT_EU_INST_CJEU_JUDG_AG_ES_CRU_VIL
DOC_JUDG_CJ_2013_0137_20141105,ACT_EU_INST_CJEU_JUDG_AG_UK_SHA
DOC_JUDG_CJ_2013_0138_20140710,ACT_EU_INST_CJEU_JUDG_AG_IT_MEN
DOC_JUDG_CJ_2013_0139_20140213,ACT_EU_INST_CJEU_JUDG_AG_IT_MEN
DOC_JUDG_CJ_2013_0140_20141112,ACT_EU_INST_CJEU_JUDG_AG_FI_JAA
DOC_JUDG_CJ_2013_0141_P_20140717,ACT_EU_INST_CJEU_JUDG_AG_FR_BOT
DOC_JUDG_CJ_2013_0143_20150226,ACT_EU_INST_CJEU_JUDG_AG_SE_WAH
DOC_JUDG_CJ_2013_0144_20150226,ACT_EU_INST_CJEU_JUDG_AG_DE_KOK
DOC_JUDG_CJ_2013_0146_20150505,ACT_EU_INST_CJEU_JUDG_AG_FR_BOT
DOC_JUDG_CJ_2013_0147_20150505,ACT_EU_INST_CJEU_JUDG_AG_FR_BOT
DOC_JUDG_CJ_2013_0148_20141202,ACT_EU_INST_CJEU_JUDG_AG_UK_SHA
DOC_JUDG_CJ_2013_0151_20140327,ACT_EU_INST_CJEU_JUDG_AG_ES_CRU_VIL
DOC_JUDG_CJ_2013_0152_20140910,ACT_EU_INST_CJEU_JUDG_AG_PL_SZP
DOC_JUDG_CJ_2013_0155_20140313,ACT_EU_INST_CJEU_JUDG_AG_UK_SHA
DOC_JUDG_CJ_2013_0156_20140612,ACT_EU_INST_CJEU_JUDG_AG_UK_SHA
DOC_JUDG_CJ_2013_0157_20140904,ACT_EU_INST_CJEU_JUDG_AG_FI_JAA
DOC_JUDG_CJ_2013_0161_20140508,ACT_EU_INST_CJEU_JUDG_AG_DE_KOK
DOC_JUDG_CJ_2013_0162_20140904,ACT_EU_INST_CJEU_JUDG_AG_IT_MEN
DOC_JUDG_CJ_2013_0165_20140703,ACT_EU_INST_CJEU_JUDG_AG_BE_WAT
DOC_JUDG_CJ_2013_0166_20141105,ACT_EU_INST_CJEU_JUDG_AG_BE_WAT
DOC_JUDG_CJ_2013_0168_PPU_20130530,ACT_EU_INST_CJEU_JUDG_AG_SE_WAH
DOC_JUDG_CJ_2013_0170_20150716,ACT_EU_INST_CJEU_JUDG_AG_BE_WAT
DOC_JUDG_CJ_2013_0171_20150114,ACT_EU_INST_CJEU_JUDG_AG_SE_WAH
DOC_JUDG_CJ_2013_0172_20150203,ACT_EU_INST_CJEU_JUDG_AG_DE_KOK
DOC_JUDG_CJ_2013_0173_20140717,ACT_EU_INST_CJEU_JUDG_AG_FI_JAA
DOC_JUDG_CJ_2013_0176_P_20160218,ACT_EU_INST_CJEU_JUDG_AG_UK_SHA
DOC_JUDG_CJ_2013_0179_20150115,ACT_EU_INST_CJEU_JUDG_AG_SE_WAH
DOC_JUDG_CJ_2013_0182_20150513,ACT_EU_INST_CJEU_JUDG_AG_SE_WAH
DOC_JUDG_CJ_2013_0183_20140710,ACT_EU_INST_CJEU_JUDG_AG_PL_SZP
DOC_JUDG_CJ_2013_0184_20140904,ACT_EU_INST_CJEU_JUDG_AG_PL_SZP
DOC_JUDG_CJ_2013_0189_20140703,ACT_EU_INST_CJEU_JUDG_AG_BE_WAT
DOC_JUDG_CJ_2013_0190_20140313,ACT_EU_INST_CJEU_JUDG_AG_PL_SZP
DOC_JUDG_CJ_2013_0192_P_20140904,ACT_EU_INST_CJEU_JUDG_AG_BE_WAT
DOC_JUDG_CJ_2013_0196_20141202,ACT_EU_INST_CJEU_JUDG_AG_DE_KOK
DOC_JUDG_CJ_2013_0197_P_20140904,ACT_EU_INST_CJEU_JUDG_AG_BE_WAT
DOC_JUDG_CJ_2013_0198_20140710,ACT_EU_INST_CJEU_JUDG_AG_FR_BOT
DOC_JUDG_CJ_2013_0200_P_20160421,ACT_EU_INST_CJEU_JUDG_AG_UK_SHA
DOC_JUDG_CJ_2013_0201_20140903,ACT_EU_INST_CJEU_JUDG_AG_ES_CRU_VIL
DOC_JUDG_CJ_2013_0202_20141218,ACT_EU_INST_CJEU_JUDG_AG_PL_SZP
DOC_JUDG_CJ_2013_0204_20140313,ACT_EU_INST_CJEU_JUDG_AG_PL_SZP
DOC_JUDG_CJ_2013_0205_20140918,ACT_EU_INST_CJEU_JUDG_AG_PL_SZP
DOC_JUDG_CJ_2013_0206_20140306,ACT_EU_INST_CJEU_JUDG_AG_DE_KOK
DOC_JUDG_CJ_2013_0209_20140430,ACT_EU_INST_CJEU_JUDG_AG_SE_WAH
DOC_JUDG_CJ_2013_0211_20140904,ACT_EU_INST_CJEU_JUDG_AG_IT_MEN
DOC_JUDG_CJ_2013_0212_20141211,ACT_EU_INST_CJEU_JUDG_AG_FI_JAA
DOC_JUDG_CJ_2013_0213_20140710,ACT_EU_INST_CJEU_JUDG_AG_SE_WAH
DOC_JUDG_CJ_2013_0217_20140619,ACT_EU_INST_CJEU_JUDG_AG_BE_WAT
DOC_JUDG_CJ_2013_0219_20140911,ACT_EU_INST_CJEU_JUDG_AG_IT_MEN
DOC_JUDG_CJ_2013_0220_P_20140710,ACT_EU_INST_CJEU_JUDG_AG_FR_BOT
DOC_JUDG_CJ_2013_0221_20141015,ACT_EU_INST_CJEU_JUDG_AG_SE_WAH
DOC_JUDG_CJ_2013_0222_20141009,ACT_EU_INST_CJEU_JUDG_AG_FR_BOT
DOC_JUDG_CJ_2013_0225_20140409,ACT_EU_INST_CJEU_JUDG_AG_DE_KOK
DOC_JUDG_CJ_2013_0226_20150611,ACT_EU_INST_CJEU_JUDG_AG_FR_BOT
DOC_JUDG_CJ_2013_0242_20140917,ACT_EU_INST_CJEU_JUDG_AG_BE_WAT
DOC_JUDG_CJ_2013_0243_20141204,ACT_EU_INST_CJEU_JUDG_AG_BE_WAT
DOC_JUDG_CJ_2013_0244_20140710,ACT_EU_INST_CJEU_JUDG_AG_FR_BOT
DOC_JUDG_CJ_2013_0249_20141211,ACT_EU_INST_CJEU_JUDG_AG_BE_WAT
DOC_JUDG_CJ_2013_0250_20140430,ACT_EU_INST_CJEU_JUDG_AG_PL_SZP
DOC_JUDG_CJ_2013_0252_20141022,ACT_EU_INST_CJEU_JUDG_AG_DE_KOK
DOC_JUDG_CJ_2013_0254_20141002,ACT_EU_INST_CJEU_JUDG_AG_UK_SHA
DOC_JUDG_CJ_2013_0255_20140605,ACT_EU_INST_CJEU_JUDG_AG_SE_WAH
DOC_JUDG_CJ_2013_0256_20140904,ACT_EU_INST_CJEU_JUDG_AG_SE_WAH
DOC_JUDG_CJ_2013_0260_20150423,ACT_EU_INST_CJEU_JUDG_AG_FR_BOT
DOC_JUDG_CJ_2013_0261_P_20141209,ACT_EU_INST_CJEU_JUDG_AG_FI_JAA
DOC_JUDG_CJ_2013_0263_P_20150624,ACT_EU_INST_CJEU_JUDG_AG_PL_SZP
DOC_JUDG_CJ_2013_0265_20140327,ACT_EU_INST_CJEU_JUDG_AG_FI_JAA
DOC_JUDG_CJ_2013_0266_20150319,ACT_EU_INST_CJEU_JUDG_AG_ES_CRU_VIL
DOC_JUDG_CJ_2013_0267_20140430,ACT_EU_INST_CJEU_JUDG_AG_UK_SHA
DOC_JUDG_CJ_2013_0268_20141009,ACT_EU_INST_CJEU_JUDG_AG_ES_CRU_VIL
DOC_JUDG_CJ_2013_0269_P_20140410,ACT_EU_INST_CJEU_JUDG_AG_FR_BOT
DOC_JUDG_CJ_2013_0270_20140910,ACT_EU_INST_CJEU_JUDG_AG_SE_WAH
DOC_JUDG_CJ_2013_0271_P_20140320,ACT_EU_INST_CJEU_JUDG_AG_UK_SHA
DOC_JUDG_CJ_2013_0272_20140717,ACT_EU_INST_CJEU_JUDG_AG_FI_JAA
DOC_JUDG_CJ_2013_0273_P_20141016,ACT_EU_INST_CJEU_JUDG_AG_UK_SHA
DOC_JUDG_CJ_2013_0277_20140911,ACT_EU_INST_CJEU_JUDG_AG_PL_SZP
DOC_JUDG_CJ_2013_0279_20150326,ACT_EU_INST_CJEU_JUDG_AG_UK_SHA
DOC_JUDG_CJ_2013_0280_20140430,ACT_EU_INST_CJEU_JUDG_AG_DE_KOK
DOC_JUDG_CJ_2013_0282_20150122,ACT_EU_INST_CJEU_JUDG_AG_PL_SZP
DOC_JUDG_CJ_2013_0286_P_20150319,ACT_EU_INST_CJEU_JUDG_AG_DE_KOK
DOC_JUDG_CJ_2013_0291_20140911,ACT_EU_INST_CJEU_JUDG_AG_FI_JAA
DOC_JUDG_CJ_2013_0293_P_20150624,ACT_EU_INST_CJEU_JUDG_AG_DE_KOK
DOC_JUDG_CJ_2013_0295_20141204,ACT_EU_INST_CJEU_JUDG_AG_UK_SHA
DOC_JUDG_CJ_2013_0297_20140515,ACT_EU_INST_CJEU_JUDG_AG_BE_WAT
DOC_JUDG_CJ_2013_0299_20141009,ACT_EU_INST_CJEU_JUDG_AG_DE_KOK
DOC_JUDG_CJ_2013_0300_20140327,ACT_EU_INST_CJEU_JUDG_AG_IT_MEN
DOC_JUDG_CJ_2013_0302_20141023,ACT_EU_INST_CJEU_JUDG_AG_DE_KOK
DOC_JUDG_CJ_2013_0303_P_20151006,ACT_EU_INST_CJEU_JUDG_AG_BE_WAT
DOC_JUDG_CJ_2013_0305_20141023,ACT_EU_INST_CJEU_JUDG_AG_FI_JAA
DOC_JUDG_CJ_2013_0306_20141218,ACT_EU_INST_CJEU_JUDG_AG_ES_CRU_VIL
DOC_JUDG_CJ_2013_0307_20140710,ACT_EU_INST_CJEU_JUDG_AG_FR_BOT
DOC_JUDG_CJ_2013_0308_P_20140918,ACT_EU_INST_CJEU_JUDG_AG_BE_WAT
DOC_JUDG_CJ_2013_0310_20141120,ACT_EU_INST_CJEU_JUDG_AG_PL_SZP
DOC_JUDG_CJ_2013_0311_20141105,ACT_EU_INST_CJEU_JUDG_AG_FR_BOT
DOC_JUDG_CJ_2013_0314_20140612,ACT_EU_INST_CJEU_JUDG_AG_IT_MEN
DOC_JUDG_CJ_2013_0315_20141203,ACT_EU_INST_CJEU_JUDG_AG_DE_KOK
DOC_JUDG_CJ_2013_0316_20150326,ACT_EU_INST_CJEU_JUDG_AG_IT_MEN
DOC_JUDG_CJ_2013_0317_20150416,ACT_EU_INST_CJEU_JUDG_AG_SE_WAH
DOC_JUDG_CJ_2013_0318_20140903,ACT_EU_INST_CJEU_JUDG_AG_DE_KOK
DOC_JUDG_CJ_2013_0319_20140403,ACT_EU_INST_CJEU_JUDG_AG_PL_SZP
DOC_JUDG_CJ_2013_0322_20140327,ACT_EU_INST_CJEU_JUDG_AG_UK_SHA
DOC_JUDG_CJ_2013_0323_20141015,ACT_EU_INST_CJEU_JUDG_AG_FI_JAA
DOC_JUDG_CJ_2013_0325_P_20140710,ACT_EU_INST_CJEU_JUDG_AG_FR_BOT
DOC_JUDG_CJ_2013_0327_20140904,ACT_EU_INST_CJEU_JUDG_AG_PL_SZP
DOC_JUDG_CJ_2013_0328_20140911,ACT_EU_INST_CJEU_JUDG_AG_ES_CRU_VIL
DOC_JUDG_CJ_2013_0330_20140612,ACT_EU_INST_CJEU_JUDG_AG_SE_WAH
DOC_JUDG_CJ_2013_0331_20141015,ACT_EU_INST_CJEU_JUDG_AG_BE_WAT
DOC_JUDG_CJ_2013_0333_20141111,ACT_EU_INST_CJEU_JUDG_AG_BE_WAT
DOC_JUDG_CJ_2013_0334_20141016,ACT_EU_INST_CJEU_JUDG_AG_PL_SZP
DOC_JUDG_CJ_2013_0335_20141106,ACT_EU_INST_CJEU_JUDG_AG_DE_KOK
DOC_JUDG_CJ_2013_0336_P_20150212,ACT_EU_INST_CJEU_JUDG_AG_FR_BOT
DOC_JUDG_CJ_2013_0337_20140515,ACT_EU_INST_CJEU_JUDG_AG_ES_CRU_VIL
DOC_JUDG_CJ_2013_0338_20140717,ACT_EU_INST_CJEU_JUDG_AG_IT_MEN
DOC_JUDG_CJ_2013_0339_20140522,ACT_EU_INST_CJEU_JUDG_AG_UK_SHA
DOC_JUDG_CJ_2013_0340_20150211,ACT_EU_INST_CJEU_JUDG_AG_UK_SHA
DOC_JUDG_CJ_2013_0341_20140917,ACT_EU_INST_CJEU_JUDG_AG_IT_MEN
DOC_JUDG_CJ_2013_0343_20150305,ACT_EU_INST_CJEU_JUDG_AG_BE_WAT
DOC_JUDG_CJ_2013_0344_20141022,ACT_EU_INST_CJEU_JUDG_AG_ES_CRU_VIL
DOC_JUDG_CJ_2013_0345_20140619,ACT_EU_INST_CJEU_JUDG_AG_BE_WAT
DOC_JUDG_CJ_2013_0346_20151006,ACT_EU_INST_CJEU_JUDG_AG_SE_WAH
DOC_JUDG_CJ_2013_0349_20150212,ACT_EU_INST_CJEU_JUDG_AG_FI_JAA
DOC_JUDG_CJ_2013_0351_20140904,ACT_EU_INST_CJEU_JUDG_AG_FI_JAA
DOC_JUDG_CJ_2013_0352_20150521,ACT_EU_INST_CJEU_JUDG_AG_FI_JAA
DOC_JUDG_CJ_2013_0354_20141218,ACT_EU_INST_CJEU_JUDG_AG_FI_JAA
DOC_JUDG_CJ_2013_0356_20141120,ACT_EU_INST_CJEU_JUDG_AG_DE_KOK
DOC_JUDG_CJ_2013_0357_20150422,ACT_EU_INST_CJEU_JUDG_AG_FI_JAA
DOC_JUDG_CJ_2013_0358_20140710,ACT_EU_INST_CJEU_JUDG_AG_FR_BOT
DOC_JUDG_CJ_2013_0359_20150226,ACT_EU_INST_CJEU_JUDG_AG_UK_SHA
DOC_JUDG_CJ_2013_0360_20140605,ACT_EU_INST_CJEU_JUDG_AG_PL_SZP
DOC_JUDG_CJ_2013_0361_20150916,ACT_EU_INST_CJEU_JUDG_AG_UK_SHA
DOC_JUDG_CJ_2013_0362_20140703,ACT_EU_INST_CJEU_JUDG_AG_DE_KOK
DOC_JUDG_CJ_2013_0364_20141218,ACT_EU_INST_CJEU_JUDG_AG_ES_CRU_VIL
DOC_JUDG_CJ_2013_0365_20140430,ACT_EU_INST_CJEU_JUDG_AG_PL_SZP
DOC_JUDG_CJ_2013_0366_20160420,ACT_EU_INST_CJEU_JUDG_AG_FR_BOT
DOC_JUDG_CJ_2013_0369_20150212,ACT_EU_INST_CJEU_JUDG_AG_PL_SZP
DOC_JUDG_CJ_2013_0373_20150624,ACT_EU_INST_CJEU_JUDG_AG_UK_SHA
DOC_JUDG_CJ_2013_0375_20150128,ACT_EU_INST_CJEU_JUDG_AG_PL_SZP
DOC_JUDG_CJ_2013_0376_20150423,ACT_EU_INST_CJEU_JUDG_AG_FI_JAA
DOC_JUDG_CJ_2013_0377_20140612,ACT_EU_INST_CJEU_JUDG_AG_PL_SZP
DOC_JUDG_CJ_2013_0378_20141202,ACT_EU_INST_CJEU_JUDG_AG_DE_KOK
DOC_JUDG_CJ_2013_0382_20150423,ACT_EU_INST_CJEU_JUDG_AG_PL_SZP
DOC_JUDG_CJ_2013_0383_PPU_20130910,ACT_EU_INST_CJEU_JUDG_AG_BE_WAT
DOC_JUDG_CJ_2013_0385_P_20141106,ACT_EU_INST_CJEU_JUDG_AG_ES_CRU_VIL
DOC_JUDG_CJ_2013_0387_20141016,ACT_EU_INST_CJEU_JUDG_AG_PL_SZP
DOC_JUDG_CJ_2013_0388_20150416,ACT_EU_INST_CJEU_JUDG_AG_SE_WAH
DOC_JUDG_CJ_2013_0391_P_20140710,ACT_EU_INST_CJEU_JUDG_AG_IT_MEN
DOC_JUDG_CJ_2013_0392_20150513,ACT_EU_INST_CJEU_JUDG_AG_SE_WAH
DOC_JUDG_CJ_2013_0393_P_20141001,ACT_EU_INST_CJEU_JUDG_AG_IT_MEN
DOC_JUDG_CJ_2013_0394_20140911,ACT_EU_INST_CJEU_JUDG_AG_IT_MEN
DOC_JUDG_CJ_2013_0395_20141106,ACT_EU_INST_CJEU_JUDG_AG_DE_KOK
DOC_JUDG_CJ_2013_0396_20150212,ACT_EU_INST_CJEU_JUDG_AG_SE_WAH
DOC_JUDG_CJ_2013_0398_P_20150903,ACT_EU_INST_CJEU_JUDG_AG_DE_KOK
DOC_JUDG_CJ_2013_0399_P_20150604,ACT_EU_INST_CJEU_JUDG_AG_UK_SHA
DOC_JUDG_CJ_2013_0400_20141218,ACT_EU_INST_CJEU_JUDG_AG_FI_JAA
DOC_JUDG_CJ_2013_0401_20150122,ACT_EU_INST_CJEU_JUDG_AG_BE_WAT
DOC_JUDG_CJ_2013_0402_20141105,ACT_EU_INST_CJEU_JUDG_AG_ES_CRU_VIL
DOC_JUDG_CJ_2013_0404_20141119,ACT_EU_INST_CJEU_JUDG_AG_FI_JAA
DOC_JUDG_CJ_2013_0409_20150414,ACT_EU_INST_CJEU_JUDG_AG_FI_JAA
DOC_JUDG_CJ_2013_0410_20140903,ACT_EU_INST_CJEU_JUDG_AG_FR_BOT
DOC_JUDG_CJ_2013_0413_20141204,ACT_EU_INST_CJEU_JUDG_AG_SE_WAH
DOC_JUDG_CJ_2013_0416_20141113,ACT_EU_INST_CJEU_JUDG_AG_IT_MEN
DOC_JUDG_CJ_2013_0417_20150128,ACT_EU_INST_CJEU_JUDG_AG_FR_BOT
DOC_JUDG_CJ_2013_0419_20150122,ACT_EU_INST_CJEU_JUDG_AG_ES_CRU_VIL
DOC_JUDG_CJ_2013_0420_20140710,ACT_EU_INST_CJEU_JUDG_AG_BE_WAT
DOC_JUDG_CJ_2013_0421_20140710,ACT_EU_INST_CJEU_JUDG_AG_BE_WAT
DOC_JUDG_CJ_2013_0422_20150702,ACT_EU_INST_CJEU_JUDG_AG_FI_JAA
DOC_JUDG_CJ_2013_0423_20140910,ACT_EU_INST_CJEU_JUDG_AG_PL_SZP
DOC_JUDG_CJ_2013_0424_20150423,ACT_EU_INST_CJEU_JUDG_AG_FR_BOT
DOC_JUDG_CJ_2013_0425_20150716,ACT_EU_INST_CJEU_JUDG_AG_BE_WAT
DOC_JUDG_CJ_2013_0428_20141009,ACT_EU_INST_CJEU_JUDG_AG_PL_SZP
DOC_JUDG_CJ_2013_0429_P_20141022,ACT_EU_INST_CJEU_JUDG_AG_BE_WAT
DOC_JUDG_CJ_2013_0433_20150916,ACT_EU_INST_CJEU_JUDG_AG_UK_SHA
DOC_JUDG_CJ_2013_0434_P_20141218,ACT_EU_INST_CJEU_JUDG_AG_BE_WAT
DOC_JUDG_CJ_2013_0436_20141001,ACT_EU_INST_CJEU_JUDG_AG_SE_WAH
DOC_JUDG_CJ_2013_0437_20141023,ACT_EU_INST_CJEU_JUDG_AG_FI_JAA
DOC_JUDG_CJ_2013_0438_20140717,ACT_EU_INST_CJEU_JUDG_AG_PL_SZP
DOC_JUDG_CJ_2013_0439_P_20151112,ACT_EU_INST_CJEU_JUDG_AG_FI_JAA
DOC_JUDG_CJ_2013_0440_20141211,ACT_EU_INST_CJEU_JUDG_AG_ES_CRU_VIL
DOC_JUDG_CJ_2013_0441_20150122,ACT_EU_INST_CJEU_JUDG_AG_ES_CRU_VIL
DOC_JUDG_CJ_2013_0443_20141113,ACT_EU_INST_CJEU_JUDG_AG_PL_SZP
DOC_JUDG_CJ_2013_0445_P_20150507,ACT_EU_INST_CJEU_JUDG_AG_PL_SZP
DOC_JUDG_CJ_2013_0446_20141002,ACT_EU_INST_CJEU_JUDG_AG_DE_KOK
DOC_JUDG_CJ_2013_0447_P_20141113,ACT_EU_INST_CJEU_JUDG_AG_PL_SZP
DOC_JUDG_CJ_2013_0449_20141218,ACT_EU_INST_CJEU_JUDG_AG_SE_WAH
DOC_JUDG_CJ_2013_0452_20140904,ACT_EU_INST_CJEU_JUDG_AG_FR_BOT
DOC_JUDG_CJ_2013_0453_20141016,ACT_EU_INST_CJEU_JUDG_AG_PL_SZP
DOC_JUDG_CJ_2013_0454_20151217,ACT_EU_INST_CJEU_JUDG_AG_SE_WAH
DOC_JUDG_CJ_2013_0455_P_20150917,ACT_EU_INST_CJEU_JUDG_AG_SE_WAH
DOC_JUDG_CJ_2013_0456_P_20150428,ACT_EU_INST_CJEU_JUDG_AG_ES_CRU_VIL
DOC_JUDG_CJ_2013_0461_20150701,ACT_EU_INST_CJEU_JUDG_AG_FI_JAA
DOC_JUDG_CJ_2013_0463_20150122,ACT_EU_INST_CJEU_JUDG_AG_SE_WAH
DOC_JUDG_CJ_2013_0464_20150311,ACT_EU_INST_CJEU_JUDG_AG_IT_MEN
DOC_JUDG_CJ_2013_0467_P_20141009,ACT_EU_INST_CJEU_JUDG_AG_SE_WAH
DOC_JUDG_CJ_2013_0469_20140717,ACT_EU_INST_CJEU_JUDG_AG_FR_BOT
DOC_JUDG_CJ_2013_0470_20141218,ACT_EU_INST_CJEU_JUDG_AG_PL_SZP
DOC_JUDG_CJ_2013_0472_20150226,ACT_EU_INST_CJEU_JUDG_AG_UK_SHA
DOC_JUDG_CJ_2013_0473_20140717,ACT_EU_INST_CJEU_JUDG_AG_FR_BOT
DOC_JUDG_CJ_2013_0474_20140717,ACT_EU_INST_CJEU_JUDG_AG_FR_BOT
DOC_JUDG_CJ_2013_0477_20150416,ACT_EU_INST_CJEU_JUDG_AG_PL_SZP
DOC_JUDG_CJ_2013_0478_20141002,ACT_EU_INST_CJEU_JUDG_AG_ES_CRU_VIL
DOC_JUDG_CJ_2013_0479_20150305,ACT_EU_INST_CJEU_JUDG_AG_IT_MEN
DOC_JUDG_CJ_2013_0480_20140717,ACT_EU_INST_CJEU_JUDG_AG_FI_JAA
DOC_JUDG_CJ_2013_0481_20140717,ACT_EU_INST_CJEU_JUDG_AG_UK_SHA
DOC_JUDG_CJ_2013_0482_20150121,ACT_EU_INST_CJEU_JUDG_AG_SE_WAH
DOC_JUDG_CJ_2013_0489_20140911,ACT_EU_INST_CJEU_JUDG_AG_FI_JAA
DOC_JUDG_CJ_2013_0491_20140910,ACT_EU_INST_CJEU_JUDG_AG_IT_MEN
DOC_JUDG_CJ_2013_0492_20141009,ACT_EU_INST_CJEU_JUDG_AG_SE_WAH
DOC_JUDG_CJ_2013_0497_20150604,ACT_EU_INST_CJEU_JUDG_AG_UK_SHA
DOC_JUDG_CJ_2013_0498_20150205,ACT_EU_INST_CJEU_JUDG_AG_PL_SZP
DOC_JUDG_CJ_2013_0499_20150326,ACT_EU_INST_CJEU_JUDG_AG_DE_KOK
DOC_JUDG_CJ_2013_0502_20150305,ACT_EU_INST_CJEU_JUDG_AG_IT_MEN
DOC_JUDG_CJ_2013_0503_20150305,ACT_EU_INST_CJEU_JUDG_AG_FR_BOT
DOC_JUDG_CJ_2013_0506_P_20150909,ACT_EU_INST_CJEU_JUDG_AG_ES_CRU_VIL
DOC_JUDG_CJ_2013_0508_20150618,ACT_EU_INST_CJEU_JUDG_AG_DE_KOK
DOC_JUDG_CJ_2013_0510_20150319,ACT_EU_INST_CJEU_JUDG_AG_ES_CRU_VIL
DOC_JUDG_CJ_2013_0511_P_20150908,ACT_EU_INST_CJEU_JUDG_AG_FR_BOT
DOC_JUDG_CJ_2013_0512_20150224,ACT_EU_INST_CJEU_JUDG_AG_DE_KOK
DOC_JUDG_CJ_2013_0513_P_20141204,ACT_EU_INST_CJEU_JUDG_AG_PL_SZP
DOC_JUDG_CJ_2013_0515_20150226,ACT_EU_INST_CJEU_JUDG_AG_ES_CRU_VIL
DOC_JUDG_CJ_2013_0516_20150513,ACT_EU_INST_CJEU_JUDG_AG_ES_CRU_VIL
DOC_JUDG_CJ_2013_0517_20151217,ACT_EU_INST_CJEU_JUDG_AG_SE_WAH
DOC_JUDG_CJ_2013_0518_20150114,ACT_EU_INST_CJEU_JUDG_AG_SE_WAH
DOC_JUDG_CJ_2013_0519_20150916,ACT_EU_INST_CJEU_JUDG_AG_BE_WAT
DOC_JUDG_CJ_2013_0522_20141009,ACT_EU_INST_CJEU_JUDG_AG_BE_WAT
DOC_JUDG_CJ_2013_0523_20141218,ACT_EU_INST_CJEU_JUDG_AG_IT_MEN
DOC_JUDG_CJ_2013_0524_20140703,ACT_EU_INST_CJEU_JUDG_AG_FI_JAA
DOC_JUDG_CJ_2013_0525_20141002,ACT_EU_INST_CJEU_JUDG_AG_SE_WAH
DOC_JUDG_CJ_2013_0526_20150903,ACT_EU_INST_CJEU_JUDG_AG_UK_SHA
DOC_JUDG_CJ_2013_0527_20150414,ACT_EU_INST_CJEU_JUDG_AG_FR_BOT
DOC_JUDG_CJ_2013_0528_20150429,ACT_EU_INST_CJEU_JUDG_AG_IT_MEN
DOC_JUDG_CJ_2013_0529_20150121,ACT_EU_INST_CJEU_JUDG_AG_FR_BOT
DOC_JUDG_CJ_2013_0530_20141111,ACT_EU_INST_CJEU_JUDG_AG_FR_BOT
DOC_JUDG_CJ_2013_0531_20150211,ACT_EU_INST_CJEU_JUDG_AG_DE_KOK
DOC_JUDG_CJ_2013_0532_20140904,ACT_EU_INST_CJEU_JUDG_AG_UK_SHA
DOC_JUDG_CJ_2013_0533_20150317,ACT_EU_INST_CJEU_JUDG_AG_PL_SZP
DOC_JUDG_CJ_2013_0534_20150304,ACT_EU_INST_CJEU_JUDG_AG_DE_KOK
DOC_JUDG_CJ_2013_0536_20150513,ACT_EU_INST_CJEU_JUDG_AG_BE_WAT
DOC_JUDG_CJ_2013_0537_20150115,ACT_EU_INST_CJEU_JUDG_AG_DE_KOK
DOC_JUDG_CJ_2013_0538_20150312,ACT_EU_INST_CJEU_JUDG_AG_FI_JAA
DOC_JUDG_CJ_2013_0539_20150212,ACT_EU_INST_CJEU_JUDG_AG_FI_JAA
DOC_JUDG_CJ_2013_0540_20150416,ACT_EU_INST_CJEU_JUDG_AG_SE_WAH
DOC_JUDG_CJ_2013_0541_20141009,ACT_EU_INST_CJEU_JUDG_AG_SE_WAH
DOC_JUDG_CJ_2013_0542_20141218,ACT_EU_INST_CJEU_JUDG_AG_FR_BOT
DOC_JUDG_CJ_2013_0543_20150604,ACT_EU_INST_CJEU_JUDG_AG_IT_MEN
DOC_JUDG_CJ_2013_0544_20150716,ACT_EU_INST_CJEU_JUDG_AG_PL_SZP
DOC_JUDG_CJ_2013_0546_20141106,ACT_EU_INST_CJEU_JUDG_AG_FR_BOT
DOC_JUDG_CJ_2013_0547_20150304,ACT_EU_INST_CJEU_JUDG_AG_SE_WAH
DOC_JUDG_CJ_2013_0549_20140918,ACT_EU_INST_CJEU_JUDG_AG_IT_MEN
DOC_JUDG_CJ_2013_0551_20141218,ACT_EU_INST_CJEU_JUDG_AG_FR_BOT
DOC_JUDG_CJ_2013_0552_20151022,ACT_EU_INST_CJEU_JUDG_AG_PL_SZP
DOC_JUDG_CJ_2013_0553_20150305,ACT_EU_INST_CJEU_JUDG_AG_FR_BOT
DOC_JUDG_CJ_2013_0554_20150611,ACT_EU_INST_CJEU_JUDG_AG_UK_SHA
DOC_JUDG_CJ_2013_0556_20150326,ACT_EU_INST_CJEU_JUDG_AG_IT_MEN
DOC_JUDG_CJ_2013_0557_20150416,ACT_EU_INST_CJEU_JUDG_AG_PL_SZP
DOC_JUDG_CJ_2013_0559_20150224,ACT_EU_INST_CJEU_JUDG_AG_IT_MEN
DOC_JUDG_CJ_2013_0560_20150521,ACT_EU_INST_CJEU_JUDG_AG_IT_MEN
DOC_JUDG_CJ_2013_0561_20141015,ACT_EU_INST_CJEU_JUDG_AG_ES_CRU_VIL
DOC_JUDG_CJ_2013_0562_20141218,ACT_EU_INST_CJEU_JUDG_AG_FR_BOT
DOC_JUDG_CJ_2013_0564_P_20150226,ACT_EU_INST_CJEU_JUDG_AG_DE_KOK
DOC_JUDG_CJ_2013_0565_20141009,ACT_EU_INST_CJEU_JUDG_AG_FI_JAA
DOC_JUDG_CJ_2013_0567_20150212,ACT_EU_INST_CJEU_JUDG_AG_DE_KOK
DOC_JUDG_CJ_2013_0568_20141218,ACT_EU_INST_CJEU_JUDG_AG_DE_KOK
DOC_JUDG_CJ_2013_0569_20150910,ACT_EU_INST_CJEU_JUDG_AG_UK_SHA
DOC_JUDG_CJ_2013_0570_20150416,ACT_EU_INST_CJEU_JUDG_AG_DE_KOK
DOC_JUDG_CJ_2013_0572_20151112,ACT_EU_INST_CJEU_JUDG_AG_ES_CRU_VIL
DOC_JUDG_CJ_2013_0573_20150115,ACT_EU_INST_CJEU_JUDG_AG_FR_BOT
DOC_JUDG_CJ_2013_0576_20141211,ACT_EU_INST_CJEU_JUDG_AG_PL_SZP
DOC_JUDG_CJ_2013_0577_20150312,ACT_EU_INST_CJEU_JUDG_AG_FI_JAA
DOC_JUDG_CJ_2013_0579_20150604,ACT_EU_INST_CJEU_JUDG_AG_PL_SZP
DOC_JUDG_CJ_2013_0580_20150716,ACT_EU_INST_CJEU_JUDG_AG_ES_CRU_VIL
DOC_JUDG_CJ_2013_0581_P_20141120,ACT_EU_INST_CJEU_JUDG_AG_BE_WAT
DOC_JUDG_CJ_2013_0583_P_20150618,ACT_EU_INST_CJEU_JUDG_AG_SE_WAH
DOC_JUDG_CJ_2013_0584_20150716,ACT_EU_INST_CJEU_JUDG_AG_PL_SZP
DOC_JUDG_CJ_2013_0585_P_20150305,ACT_EU_INST_CJEU_JUDG_AG_IT_MEN
DOC_JUDG_CJ_2013_0586_20150618,ACT_EU_INST_CJEU_JUDG_AG_UK_SHA
DOC_JUDG_CJ_2013_0589_20150917,ACT_EU_INST_CJEU_JUDG_AG_BE_WAT
DOC_JUDG_CJ_2013_0590_20141211,ACT_EU_INST_CJEU_JUDG_AG_ES_CRU_VIL
DOC_JUDG_CJ_2013_0591_20150416,ACT_EU_INST_CJEU_JUDG_AG_FR_BOT
DOC_JUDG_CJ_2013_0593_20150616,ACT_EU_INST_CJEU_JUDG_AG_ES_CRU_VIL
DOC_JUDG_CJ_2013_0594_20150312,ACT_EU_INST_CJEU_JUDG_AG_IT_MEN
DOC_JUDG_CJ_2013_0595_20151209,ACT_EU_INST_CJEU_JUDG_AG_DE_KOK
DOC_JUDG_CJ_2013_0596_P_20150326,ACT_EU_INST_CJEU_JUDG_AG_DE_KOK
DOC_JUDG_CJ_2013_0597_P_20150917,ACT_EU_INST_CJEU_JUDG_AG_SE_WAH
DOC_JUDG_CJ_2013_0599_20141218,ACT_EU_INST_CJEU_JUDG_AG_DE_KOK
DOC_JUDG_CJ_2013_0601_20150326,ACT_EU_INST_CJEU_JUDG_AG_BE_WAT
DOC_JUDG_CJ_2013_0603_P_20160121,ACT_EU_INST_CJEU_JUDG_AG_FI_JAA
DOC_JUDG_CJ_2013_0604_P_20170126,ACT_EU_INST_CJEU_JUDG_AG_BE_WAT
DOC_JUDG_CJ_2013_0605_P_20150421,ACT_EU_INST_CJEU_JUDG_AG_FR_BOT
DOC_JUDG_CJ_2013_0606_20151001,ACT_EU_INST_CJEU_JUDG_AG_PL_SZP
DOC_JUDG_CJ_2013_0607_20150709,ACT_EU_INST_CJEU_JUDG_AG_UK_SHA
DOC_JUDG_CJ_2013_0608_P_20160609,ACT_EU_INST_CJEU_JUDG_AG_FI_JAA
DOC_JUDG_CJ_2013_0609_P_20170126,ACT_EU_INST_CJEU_JUDG_AG_BE_WAT
DOC_JUDG_CJ_2013_0610_P_20141106,ACT_EU_INST_CJEU_JUDG_AG_UK_SHA
DOC_JUDG_CJ_2013_0611_P_20170126,ACT_EU_INST_CJEU_JUDG_AG_BE_WAT
DOC_JUDG_CJ_2013_0612_P_20150716,ACT_EU_INST_CJEU_JUDG_AG_ES_CRU_VIL
DOC_JUDG_CJ_2013_0613_P_20170126,ACT_EU_INST_CJEU_JUDG_AG_BE_WAT
DOC_JUDG_CJ_2013_0614_P_20170126,ACT_EU_INST_CJEU_JUDG_AG_BE_WAT
DOC_JUDG_CJ_2013_0615_P_20150716,ACT_EU_INST_CJEU_JUDG_AG_ES_CRU_VIL
DOC_JUDG_CJ_2013_0616_P_20160609,ACT_EU_INST_CJEU_JUDG_AG_FI_JAA
DOC_JUDG_CJ_2013_0617_P_20160609,ACT_EU_INST_CJEU_JUDG_AG_FI_JAA
DOC_JUDG_CJ_2013_0618_P_20170126,ACT_EU_INST_CJEU_JUDG_AG_BE_WAT
DOC_JUDG_CJ_2013_0619_P_20170126,ACT_EU_INST_CJEU_JUDG_AG_BE_WAT
DOC_JUDG_CJ_2013_0620_P_20141022,ACT_EU_INST_CJEU_JUDG_AG_PL_SZP
DOC_JUDG_CJ_2013_0623_20150226,ACT_EU_INST_CJEU_JUDG_AG_UK_SHA
DOC_JUDG_CJ_2013_0625_P_20170126,ACT_EU_INST_CJEU_JUDG_AG_BE_WAT
DOC_JUDG_CJ_2013_0626_P_20170126,ACT_EU_INST_CJEU_JUDG_AG_BE_WAT
DOC_JUDG_CJ_2013_0627_20150205,ACT_EU_INST_CJEU_JUDG_AG_PL_SZP
DOC_JUDG_CJ_2013_0628_20150311,ACT_EU_INST_CJEU_JUDG_AG_BE_WAT
DOC_JUDG_CJ_2013_0630_P_20150421,ACT_EU_INST_CJEU_JUDG_AG_FR_BOT
DOC_JUDG_CJ_2013_0631_20150115,ACT_EU_INST_CJEU_JUDG_AG_FR_BOT
DOC_JUDG_CJ_2013_0632_20151119,ACT_EU_INST_CJEU_JUDG_AG_BE_WAT
DOC_JUDG_CJ_2013_0634_P_20150917,ACT_EU_INST_CJEU_JUDG_AG_SE_WAH
DOC_JUDG_CJ_2013_0635_20150423,ACT_EU_INST_CJEU_JUDG_AG_DE_KOK
DOC_JUDG_CJ_2013_0636_P_20170126,ACT_EU_INST_CJEU_JUDG_AG_BE_WAT
DOC_JUDG_CJ_2013_0637_P_20170126,ACT_EU_INST_CJEU_JUDG_AG_BE_WAT
DOC_JUDG_CJ_2013_0638_P_20170126,ACT_EU_INST_CJEU_JUDG_AG_BE_WAT
DOC_JUDG_CJ_2013_0639_20141218,ACT_EU_INST_CJEU_JUDG_AG_DE_KOK
DOC_JUDG_CJ_2013_0640_20141218,ACT_EU_INST_CJEU_JUDG_AG_FR_BOT
DOC_JUDG_CJ_2013_0641_P_20141009,ACT_EU_INST_CJEU_JUDG_AG_UK_SHA
DOC_JUDG_CJ_2013_0642_P_20170126,ACT_EU_INST_CJEU_JUDG_AG_BE_WAT
DOC_JUDG_CJ_2013_0644_P_20170126,ACT_EU_INST_CJEU_JUDG_AG_BE_WAT
DOC_JUDG_CJ_2013_0647_20150204,ACT_EU_INST_CJEU_JUDG_AG_IT_MEN
DOC_JUDG_CJ_2013_0648_20160630,ACT_EU_INST_CJEU_JUDG_AG_BE_WAT
DOC_JUDG_CJ_2013_0649_20150611,ACT_EU_INST_CJEU_JUDG_AG_IT_MEN
DOC_JUDG_CJ_2013_0650_20151006,ACT_EU_INST_CJEU_JUDG_AG_ES_CRU_VIL
DOC_JUDG_CJ_2013_0653_20150716,ACT_EU_INST_CJEU_JUDG_AG_UK_SHA
DOC_JUDG_CJ_2013_0655_20150205,ACT_EU_INST_CJEU_JUDG_AG_FI_JAA
DOC_JUDG_CJ_2013_0656_20141112,ACT_EU_INST_CJEU_JUDG_AG_SE_WAH
DOC_JUDG_CJ_2013_0657_20150521,ACT_EU_INST_CJEU_JUDG_AG_FI_JAA
DOC_JUDG_CJ_2013_0659_20160204,ACT_EU_INST_CJEU_JUDG_AG_FR_BOT
DOC_JUDG_CJ_2013_0660_20160728,ACT_EU_INST_CJEU_JUDG_AG_UK_SHA
DOC_JUDG_CJ_2013_0662_20150212,ACT_EU_INST_CJEU_JUDG_AG_IT_MEN
DOC_JUDG_CJ_2013_0664_20150625,ACT_EU_INST_CJEU_JUDG_AG_UK_SHA
DOC_JUDG_CJ_2013_0666_20141120,ACT_EU_INST_CJEU_JUDG_AG_FI_JAA
DOC_JUDG_CJ_2013_0667_20150305,ACT_EU_INST_CJEU_JUDG_AG_ES_CRU_VIL
DOC_JUDG_CJ_2013_0671_20150625,ACT_EU_INST_CJEU_JUDG_AG_ES_CRU_VIL
DOC_JUDG_CJ_2013_0672_20150319,ACT_EU_INST_CJEU_JUDG_AG_FI_JAA
DOC_JUDG_CJ_2013_0673_P_20161123,ACT_EU_INST_CJEU_JUDG_AG_DE_KOK
DOC_JUDG_CJ_2013_0674_20150506,ACT_EU_INST_CJEU_JUDG_AG_PL_SZP
DOC_JUDG_CJ_2013_0677_20141211,ACT_EU_INST_CJEU_JUDG_AG_PL_SZP
DOC_JUDG_CJ_2013_0678_20150604,ACT_EU_INST_CJEU_JUDG_AG_DE_KOK
DOC_JUDG_CJ_2013_0681_20150716,ACT_EU_INST_CJEU_JUDG_AG_PL_SZP
DOC_JUDG_CJ_2013_0682_P_20150604,ACT_EU_INST_CJEU_JUDG_AG_FI_JAA
DOC_JUDG_CJ_2013_0684_20150702,ACT_EU_INST_CJEU_JUDG_AG_SE_WAH
DOC_JUDG_CJ_2013_0686_20150610,ACT_EU_INST_CJEU_JUDG_AG_DE_KOK
DOC_JUDG_CJ_2013_0687_20150910,ACT_EU_INST_CJEU_JUDG_AG_UK_SHA
DOC_JUDG_CJ_2013_0689_20160405,ACT_EU_INST_CJEU_JUDG_AG_BE_WAT
DOC_JUDG_CJ_2013_0690_20150416,ACT_EU_INST_CJEU_JUDG_AG_SE_WAH
DOC_JUDG_CJ_2013_0691_20150226,ACT_EU_INST_CJEU_JUDG_AG_FI_JAA
DOC_JUDG_CJ_2014_0001_20150611,ACT_EU_INST_CJEU_JUDG_AG_ES_CRU_VIL
DOC_JUDG_CJ_2014_0003_20150416,ACT_EU_INST_CJEU_JUDG_AG_FR_BOT
DOC_JUDG_CJ_2014_0004_20150909,ACT_EU_INST_CJEU_JUDG_AG_PL_SZP
DOC_JUDG_CJ_2014_0005_20150604,ACT_EU_INST_CJEU_JUDG_AG_PL_SZP
DOC_JUDG_CJ_2014_0006_20150226,ACT_EU_INST_CJEU_JUDG_AG_FR_BOT
DOC_JUDG_CJ_2014_0007_P_20150326,ACT_EU_INST_CJEU_JUDG_AG_BE_WAT
DOC_JUDG_CJ_2014_0008_20151029,ACT_EU_INST_CJEU_JUDG_AG_PL_SZP
DOC_JUDG_CJ_2014_0009_20150618,ACT_EU_INST_CJEU_JUDG_AG_UK_SHA
DOC_JUDG_CJ_2014_0010_20150917,ACT_EU_INST_CJEU_JUDG_AG_FI_JAA
DOC_JUDG_CJ_2014_0012_20160303,ACT_EU_INST_CJEU_JUDG_AG_FR_BOT
DOC_JUDG_CJ_2014_0015_P_20150604,ACT_EU_INST_CJEU_JUDG_AG_SE_WAH
DOC_JUDG_CJ_2014_0016_20150423,ACT_EU_INST_CJEU_JUDG_AG_PL_SZP
DOC_JUDG_CJ_2014_0018_20150625,ACT_EU_INST_CJEU_JUDG_AG_IT_MEN
DOC_JUDG_CJ_2014_0020_20151022,ACT_EU_INST_CJEU_JUDG_AG_IT_MEN
DOC_JUDG_CJ_2014_0021_P_20150716,ACT_EU_INST_CJEU_JUDG_AG_DE_KOK
DOC_JUDG_CJ_2014_0023_20151006,ACT_EU_INST_CJEU_JUDG_AG_DE_KOK
DOC_JUDG_CJ_2014_0025_20151217,ACT_EU_INST_CJEU_JUDG_AG_FI_JAA
DOC_JUDG_CJ_2014_0029_20150611,ACT_EU_INST_CJEU_JUDG_AG_BE_WAT
DOC_JUDG_CJ_2014_0030_20150115,ACT_EU_INST_CJEU_JUDG_AG_FR_BOT
DOC_JUDG_CJ_2014_0031_P_20141211,ACT_EU_INST_CJEU_JUDG_AG_UK_SHA
DOC_JUDG_CJ_2014_0032_20151001,ACT_EU_INST_CJEU_JUDG_AG_ES_CRU_VIL
DOC_JUDG_CJ_2014_0033_P_20150917,ACT_EU_INST_CJEU_JUDG_AG_IT_MEN
DOC_JUDG_CJ_2014_0036_20150910,ACT_EU_INST_CJEU_JUDG_AG_FR_BOT
DOC_JUDG_CJ_2014_0037_20150212,ACT_EU_INST_CJEU_JUDG_AG_BE_WAT
DOC_JUDG_CJ_2014_0038_20150423,ACT_EU_INST_CJEU_JUDG_AG_FR_BOT
DOC_JUDG_CJ_2014_0039_20150716,ACT_EU_INST_CJEU_JUDG_AG_ES_CRU_VIL
DOC_JUDG_CJ_2014_0040_20141120,ACT_EU_INST_CJEU_JUDG_AG_BE_WAT
DOC_JUDG_CJ_2014_0041_20150226,ACT_EU_INST_CJEU_JUDG_AG_BE_WAT
DOC_JUDG_CJ_2014_0042_20150416,ACT_EU_INST_CJEU_JUDG_AG_UK_SHA
DOC_JUDG_CJ_2014_0043_20150226,ACT_EU_INST_CJEU_JUDG_AG_DE_KOK
DOC_JUDG_CJ_2014_0044_20150908,ACT_EU_INST_CJEU_JUDG_AG_SE_WAH
DOC_JUDG_CJ_2014_0047_20150910,ACT_EU_INST_CJEU_JUDG_AG_ES_CRU_VIL
DOC_JUDG_CJ_2014_0048_20150212,ACT_EU_INST_CJEU_JUDG_AG_FR_BOT
DOC_JUDG_CJ_2014_0049_20160218,ACT_EU_INST_CJEU_JUDG_AG_PL_SZP
DOC_JUDG_CJ_2014_0050_20160128,ACT_EU_INST_CJEU_JUDG_AG_SE_WAH
DOC_JUDG_CJ_2014_0051_20150611,ACT_EU_INST_CJEU_JUDG_AG_BE_WAT
DOC_JUDG_CJ_2014_0052_20150611,ACT_EU_INST_CJEU_JUDG_AG_BE_WAT
DOC_JUDG_CJ_2014_0053_P_20150521,ACT_EU_INST_CJEU_JUDG_AG_PL_SZP
DOC_JUDG_CJ_2014_0055_20150122,ACT_EU_INST_CJEU_JUDG_AG_ES_CRU_VIL
DOC_JUDG_CJ_2014_0058_20150611,ACT_EU_INST_CJEU_JUDG_AG_ES_CRU_VIL
DOC_JUDG_CJ_2014_0059_20151006,ACT_EU_INST_CJEU_JUDG_AG_ES_CRU_VIL
DOC_JUDG_CJ_2014_0061_20151006,ACT_EU_INST_CJEU_JUDG_AG_FI_JAA
DOC_JUDG_CJ_2014_0062_20150616,ACT_EU_INST_CJEU_JUDG_AG_ES_CRU_VIL
DOC_JUDG_CJ_2014_0063_20150709,ACT_EU_INST_CJEU_JUDG_AG_BE_WAT
DOC_JUDG_CJ_2014_0065_20150521,ACT_EU_INST_CJEU_JUDG_AG_UK_SHA
DOC_JUDG_CJ_2014_0066_20151006,ACT_EU_INST_CJEU_JUDG_AG_DE_KOK
DOC_JUDG_CJ_2014_0067_20150915,ACT_EU_INST_CJEU_JUDG_AG_BE_WAT
DOC_JUDG_CJ_2014_0069_20151006,ACT_EU_INST_CJEU_JUDG_AG_FI_JAA
DOC_JUDG_CJ_2014_0071_20151006,ACT_EU_INST_CJEU_JUDG_AG_UK_SHA
DOC_JUDG_CJ_2014_0072_20150909,ACT_EU_INST_CJEU_JUDG_AG_SE_WAH
DOC_JUDG_CJ_2014_0073_20151006,ACT_EU_INST_CJEU_JUDG_AG_UK_SHA
DOC_JUDG_CJ_2014_0074_20160121,ACT_EU_INST_CJEU_JUDG_AG_PL_SZP
DOC_JUDG_CJ_2014_0076_20150414,ACT_EU_INST_CJEU_JUDG_AG_PL_SZP
DOC_JUDG_CJ_2014_0078_P_20151029,ACT_EU_INST_CJEU_JUDG_AG_PL_SZP
DOC_JUDG_CJ_2014_0080_20150430,ACT_EU_INST_CJEU_JUDG_AG_SE_WAH
DOC_JUDG_CJ_2014_0081_20150910,ACT_EU_INST_CJEU_JUDG_AG_DE_KOK
DOC_JUDG_CJ_2014_0083_20150716,ACT_EU_INST_CJEU_JUDG_AG_DE_KOK
DOC_JUDG_CJ_2014_0085_20150917,ACT_EU_INST_CJEU_JUDG_AG_FR_BOT
DOC_JUDG_CJ_2014_0087_20150709,ACT_EU_INST_CJEU_JUDG_AG_FR_BOT
DOC_JUDG_CJ_2014_0088_20150716,ACT_EU_INST_CJEU_JUDG_AG_IT_MEN
DOC_JUDG_CJ_2014_0089_20150903,ACT_EU_INST_CJEU_JUDG_AG_BE_WAT
DOC_JUDG_CJ_2014_0094_20160310,ACT_EU_INST_CJEU_JUDG_AG_UK_SHA
DOC_JUDG_CJ_2014_0095_20150716,ACT_EU_INST_CJEU_JUDG_AG_UK_SHA
DOC_JUDG_CJ_2014_0096_20150423,ACT_EU_INST_CJEU_JUDG_AG_FI_JAA
DOC_JUDG_CJ_2014_0097_20150430,ACT_EU_INST_CJEU_JUDG_AG_DE_KOK
DOC_JUDG_CJ_2014_0098_20150611,ACT_EU_INST_CJEU_JUDG_AG_FI_JAA
DOC_JUDG_CJ_2014_0100_P_20150611,ACT_EU_INST_CJEU_JUDG_AG_FR_BOT
DOC_JUDG_CJ_2014_0103_20151112,ACT_EU_INST_CJEU_JUDG_AG_SE_WAH
DOC_JUDG_CJ_2014_0104_20150226,ACT_EU_INST_CJEU_JUDG_AG_SE_WAH
DOC_JUDG_CJ_2014_0105_20150908,ACT_EU_INST_CJEU_JUDG_AG_DE_KOK
DOC_JUDG_CJ_2014_0106_20150910,ACT_EU_INST_CJEU_JUDG_AG_DE_KOK
DOC_JUDG_CJ_2014_0108_20150716,ACT_EU_INST_CJEU_JUDG_AG_IT_MEN
DOC_JUDG_CJ_2014_0110_20150903,ACT_EU_INST_CJEU_JUDG_AG_ES_CRU_VIL
DOC_JUDG_CJ_2014_0111_20150423,ACT_EU_INST_CJEU_JUDG_AG_PL_SZP
DOC_JUDG_CJ_2014_0112_20141113,ACT_EU_INST_CJEU_JUDG_AG_IT_MEN
DOC_JUDG_CJ_2014_0113_20160907,ACT_EU_INST_CJEU_JUDG_AG_PL_SZP
DOC_JUDG_CJ_2014_0114_20150421,ACT_EU_INST_CJEU_JUDG_AG_BE_WAT
DOC_JUDG_CJ_2014_0115_20151117,ACT_EU_INST_CJEU_JUDG_AG_IT_MEN
DOC_JUDG_CJ_2014_0117_20150205,ACT_EU_INST_CJEU_JUDG_AG_FR_BOT
DOC_JUDG_CJ_2014_0120_P_20150422,ACT_EU_INST_CJEU_JUDG_AG_FR_BOT
DOC_JUDG_CJ_2014_0121_20151112,ACT_EU_INST_CJEU_JUDG_AG_FR_BOT
DOC_JUDG_CJ_2014_0125_20150903,ACT_EU_INST_CJEU_JUDG_AG_SE_WAH
DOC_JUDG_CJ_2014_0126_20151022,ACT_EU_INST_CJEU_JUDG_AG_DE_KOK
DOC_JUDG_CJ_2014_0127_20150902,ACT_EU_INST_CJEU_JUDG_AG_IT_MEN
DOC_JUDG_CJ_2014_0128_20160428,ACT_EU_INST_CJEU_JUDG_AG_IT_MEN
DOC_JUDG_CJ_2014_0129_PPU_20140527,ACT_EU_INST_CJEU_JUDG_AG_FI_JAA
DOC_JUDG_CJ_2014_0131_20160414,ACT_EU_INST_CJEU_JUDG_AG_UK_SHA
DOC_JUDG_CJ_2014_0132_20151215,ACT_EU_INST_CJEU_JUDG_AG_SE_WAH
DOC_JUDG_CJ_2014_0137_20151015,ACT_EU_INST_CJEU_JUDG_AG_BE_WAT
DOC_JUDG_CJ_2014_0140_20150716,ACT_EU_INST_CJEU_JUDG_AG_UK_SHA
DOC_JUDG_CJ_2014_0141_20160114,ACT_EU_INST_CJEU_JUDG_AG_DE_KOK
DOC_JUDG_CJ_2014_0143_20150416,ACT_EU_INST_CJEU_JUDG_AG_BE_WAT
DOC_JUDG_CJ_2014_0144_20150709,ACT_EU_INST_CJEU_JUDG_AG_BE_WAT
DOC_JUDG_CJ_2014_0145_20150716,ACT_EU_INST_CJEU_JUDG_AG_UK_SHA
DOC_JUDG_CJ_2014_0146_PPU_20140605,ACT_EU_INST_CJEU_JUDG_AG_PL_SZP
DOC_JUDG_CJ_2014_0147_20150625,ACT_EU_INST_CJEU_JUDG_AG_PL_SZP
DOC_JUDG_CJ_2014_0148_20150429,ACT_EU_INST_CJEU_JUDG_AG_SE_WAH
DOC_JUDG_CJ_2014_0149_20150423,ACT_EU_INST_CJEU_JUDG_AG_DE_KOK
DOC_JUDG_CJ_2014_0151_20150910,ACT_EU_INST_CJEU_JUDG_AG_ES_CRU_VIL
DOC_JUDG_CJ_2014_0153_20150709,ACT_EU_INST_CJEU_JUDG_AG_DE_KOK
DOC_JUDG_CJ_2014_0154_P_20160616,ACT_EU_INST_CJEU_JUDG_AG_SE_WAH
DOC_JUDG_CJ_2014_0155_P_20160616,ACT_EU_INST_CJEU_JUDG_AG_IT_MEN
DOC_JUDG_CJ_2014_0157_20151217,ACT_EU_INST_CJEU_JUDG_AG_FI_JAA
DOC_JUDG_CJ_2014_0158_20170314,ACT_EU_INST_CJEU_JUDG_AG_UK_SHA
DOC_JUDG_CJ_2014_0160_20150909,ACT_EU_INST_CJEU_JUDG_AG_FR_BOT
DOC_JUDG_CJ_2014_0161_20150604,ACT_EU_INST_CJEU_JUDG_AG_PL_SZP
DOC_JUDG_CJ_2014_0163_20160114,ACT_EU_INST_CJEU_JUDG_AG_ES_CRU_VIL
DOC_JUDG_CJ_2014_0165_20160913,ACT_EU_INST_CJEU_JUDG_AG_PL_SZP
DOC_JUDG_CJ_2014_0166_20151126,ACT_EU_INST_CJEU_JUDG_AG_DE_KOK
DOC_JUDG_CJ_2014_0167_20151015,ACT_EU_INST_CJEU_JUDG_AG_FR_BOT
DOC_JUDG_CJ_2014_0168_20151015,ACT_EU_INST_CJEU_JUDG_AG_SE_WAH
DOC_JUDG_CJ_2014_0169_20140717,ACT_EU_INST_CJEU_JUDG_AG_SE_WAH
DOC_JUDG_CJ_2014_0172_20150716,ACT_EU_INST_CJEU_JUDG_AG_SE_WAH
DOC_JUDG_CJ_2014_0173_P_20150416,ACT_EU_INST_CJEU_JUDG_AG_ES_CRU_VIL
DOC_JUDG_CJ_2014_0174_20151029,ACT_EU_INST_CJEU_JUDG_AG_FI_JAA
DOC_JUDG_CJ_2014_0175_20150305,ACT_EU_INST_CJEU_JUDG_AG_UK_SHA
DOC_JUDG_CJ_2014_0177_20150709,ACT_EU_INST_CJEU_JUDG_AG_IT_MEN
DOC_JUDG_CJ_2014_0178_20150305,ACT_EU_INST_CJEU_JUDG_AG_ES_CRU_VIL
DOC_JUDG_CJ_2014_0179_20160223,ACT_EU_INST_CJEU_JUDG_AG_FR_BOT
DOC_JUDG_CJ_2014_0180_20151223,ACT_EU_INST_CJEU_JUDG_AG_ES_CRU_VIL
DOC_JUDG_CJ_2014_0182_P_20150319,ACT_EU_INST_CJEU_JUDG_AG_IT_MEN
DOC_JUDG_CJ_2014_0183_20150709,ACT_EU_INST_CJEU_JUDG_AG_FI_JAA
DOC_JUDG_CJ_2014_0184_20150716,ACT_EU_INST_CJEU_JUDG_AG_FR_BOT
DOC_JUDG_CJ_2014_0185_20151022,ACT_EU_INST_CJEU_JUDG_AG_BE_WAT
DOC_JUDG_CJ_2014_0186_P_20160407,ACT_EU_INST_CJEU_JUDG_AG_IT_MEN
DOC_JUDG_CJ_2014_0187_20150625,ACT_EU_INST_CJEU_JUDG_AG_PL_SZP
DOC_JUDG_CJ_2014_0190_20141106,ACT_EU_INST_CJEU_JUDG_AG_FI_JAA
DOC_JUDG_CJ_2014_0191_20160428,ACT_EU_INST_CJEU_JUDG_AG_DE_KOK
DOC_JUDG_CJ_2014_0194_P_20151022,ACT_EU_INST_CJEU_JUDG_AG_SE_WAH
DOC_JUDG_CJ_2014_0195_20150604,ACT_EU_INST_CJEU_JUDG_AG_UK_SHA
DOC_JUDG_CJ_2014_0198_20151112,ACT_EU_INST_CJEU_JUDG_AG_FR_BOT
DOC_JUDG_CJ_2014_0200_20160630,ACT_EU_INST_CJEU_JUDG_AG_PL_SZP
DOC_JUDG_CJ_2014_0201_20151001,ACT_EU_INST_CJEU_JUDG_AG_ES_CRU_VIL
DOC_JUDG_CJ_2014_0203_20151006,ACT_EU_INST_CJEU_JUDG_AG_FI_JAA
DOC_JUDG_CJ_2014_0205_20160602,ACT_EU_INST_CJEU_JUDG_AG_IT_MEN
DOC_JUDG_CJ_2014_0207_20150624,ACT_EU_INST_CJEU_JUDG_AG_FI_JAA
DOC_JUDG_CJ_2014_0209_20150702,ACT_EU_INST_CJEU_JUDG_AG_FI_JAA
DOC_JUDG_CJ_2014_0215_20150916,ACT_EU_INST_CJEU_JUDG_AG_BE_WAT
DOC_JUDG_CJ_2014_0216_20151015,ACT_EU_INST_CJEU_JUDG_AG_FR_BOT
DOC_JUDG_CJ_2014_0218_20150716,ACT_EU_INST_CJEU_JUDG_AG_DE_KOK
DOC_JUDG_CJ_2014_0219_20151111,ACT_EU_INST_CJEU_JUDG_AG_PL_SZP
DOC_JUDG_CJ_2014_0220_P_20150305,ACT_EU_INST_CJEU_JUDG_AG_UK_SHA
DOC_JUDG_CJ_2014_0221_P_20150226,ACT_EU_INST_CJEU_JUDG_AG_PL_SZP
DOC_JUDG_CJ_2014_0222_20150716,ACT_EU_INST_CJEU_JUDG_AG_DE_KOK
DOC_JUDG_CJ_2014_0223_20151111,ACT_EU_INST_CJEU_JUDG_AG_FR_BOT
DOC_JUDG_CJ_2014_0226_20160602,ACT_EU_INST_CJEU_JUDG_AG_ES_CAM_SAN_BOR
DOC_JUDG_CJ_2014_0227_P_20150423,ACT_EU_INST_CJEU_JUDG_AG_BE_WAT
DOC_JUDG_CJ_2014_0229_20150709,ACT_EU_INST_CJEU_JUDG_AG_FR_BOT
DOC_JUDG_CJ_2014_0230_20151001,ACT_EU_INST_CJEU_JUDG_AG_ES_CRU_VIL
DOC_JUDG_CJ_2014_0231_P_20150709,ACT_EU_INST_CJEU_JUDG_AG_BE_WAT
DOC_JUDG_CJ_2014_0232_20160317,ACT_EU_INST_CJEU_JUDG_AG_BE_WAT
DOC_JUDG_CJ_2014_0233_20160602,ACT_EU_INST_CJEU_JUDG_AG_UK_SHA
DOC_JUDG_CJ_2014_0234_20160114,ACT_EU_INST_CJEU_JUDG_AG_BE_WAT
DOC_JUDG_CJ_2014_0235_20160310,ACT_EU_INST_CJEU_JUDG_AG_UK_SHA
DOC_JUDG_CJ_2014_0238_20150226,ACT_EU_INST_CJEU_JUDG_AG_IT_MEN
DOC_JUDG_CJ_2014_0239_20151217,ACT_EU_INST_CJEU_JUDG_AG_ES_CRU_VIL
DOC_JUDG_CJ_2014_0240_20150909,ACT_EU_INST_CJEU_JUDG_AG_PL_SZP
DOC_JUDG_CJ_2014_0241_20151119,ACT_EU_INST_CJEU_JUDG_AG_IT_MEN
DOC_JUDG_CJ_2014_0242_20150625,ACT_EU_INST_CJEU_JUDG_AG_FI_JAA
DOC_JUDG_CJ_2014_0245_20151022,ACT_EU_INST_CJEU_JUDG_AG_ES_CRU_VIL
DOC_JUDG_CJ_2014_0247_P_20160310,ACT_EU_INST_CJEU_JUDG_AG_SE_WAH
DOC_JUDG_CJ_2014_0248_P_20160310,ACT_EU_INST_CJEU_JUDG_AG_SE_WAH
DOC_JUDG_CJ_2014_0249_P_20150709,ACT_EU_INST_CJEU_JUDG_AG_IT_MEN
DOC_JUDG_CJ_2014_0250_20151223,ACT_EU_INST_CJEU_JUDG_AG_DE_KOK
DOC_JUDG_CJ_2014_0251_20151015,ACT_EU_INST_CJEU_JUDG_AG_DE_KOK
DOC_JUDG_CJ_2014_0252_20160602,ACT_EU_INST_CJEU_JUDG_AG_PL_SZP
DOC_JUDG_CJ_2014_0255_20150716,ACT_EU_INST_CJEU_JUDG_AG_BE_WAT
DOC_JUDG_CJ_2014_0256_20150611,ACT_EU_INST_CJEU_JUDG_AG_FI_JAA
DOC_JUDG_CJ_2014_0257_20150917,ACT_EU_INST_CJEU_JUDG_AG_UK_SHA
DOC_JUDG_CJ_2014_0258_20170613,ACT_EU_INST_CJEU_JUDG_AG_FR_BOT
DOC_JUDG_CJ_2014_0260_20160526,ACT_EU_INST_CJEU_JUDG_AG_FR_BOT
DOC_JUDG_CJ_2014_0262_20150521,ACT_EU_INST_CJEU_JUDG_AG_FR_BOT
DOC_JUDG_CJ_2014_0263_20160614,ACT_EU_INST_CJEU_JUDG_AG_DE_KOK
DOC_JUDG_CJ_2014_0264_20151022,ACT_EU_INST_CJEU_JUDG_AG_DE_KOK
DOC_JUDG_CJ_2014_0266_20150910,ACT_EU_INST_CJEU_JUDG_AG_FR_BOT
DOC_JUDG_CJ_2014_0267_P_20160310,ACT_EU_INST_CJEU_JUDG_AG_SE_WAH
DOC_JUDG_CJ_2014_0268_P_20160310,ACT_EU_INST_CJEU_JUDG_AG_SE_WAH
DOC_JUDG_CJ_2014_0269_20150521,ACT_EU_INST_CJEU_JUDG_AG_FR_BOT
DOC_JUDG_CJ_2014_0270_P_20151015,ACT_EU_INST_CJEU_JUDG_AG_IT_MEN
DOC_JUDG_CJ_2014_0271_20150416,ACT_EU_INST_CJEU_JUDG_AG_FI_JAA
DOC_JUDG_CJ_2014_0272_20150611,ACT_EU_INST_CJEU_JUDG_AG_ES_CRU_VIL
DOC_JUDG_CJ_2014_0274_20200121,ACT_EU_INST_CJEU_JUDG_AG_IE_HOG
DOC_JUDG_CJ_2014_0276_20150929,ACT_EU_INST_CJEU_JUDG_AG_FI_JAA
DOC_JUDG_CJ_2014_0277_20151022,ACT_EU_INST_CJEU_JUDG_AG_FR_BOT
DOC_JUDG_CJ_2014_0278_20150416,ACT_EU_INST_CJEU_JUDG_AG_PL_SZP
DOC_JUDG_CJ_2014_0280_P_20151203,ACT_EU_INST_CJEU_JUDG_AG_ES_CRU_VIL
DOC_JUDG_CJ_2014_0281_P_20160121,ACT_EU_INST_CJEU_JUDG_AG_ES_CRU_VIL
DOC_JUDG_CJ_2014_0283_20160128,ACT_EU_INST_CJEU_JUDG_AG_FI_JAA
DOC_JUDG_CJ_2014_0285_20150604,ACT_EU_INST_CJEU_JUDG_AG_FI_JAA
DOC_JUDG_CJ_2014_0286_20160317,ACT_EU_INST_CJEU_JUDG_AG_FI_JAA
DOC_JUDG_CJ_2014_0287_20160609,ACT_EU_INST_CJEU_JUDG_AG_FR_BOT
DOC_JUDG_CJ_2014_0288_20160630,ACT_EU_INST_CJEU_JUDG_AG_PL_SZP
DOC_JUDG_CJ_2014_0290_20151001,ACT_EU_INST_CJEU_JUDG_AG_PL_SZP
DOC_JUDG_CJ_2014_0292_20160225,ACT_EU_INST_CJEU_JUDG_AG_ES_CRU_VIL
DOC_JUDG_CJ_2014_0293_20151223,ACT_EU_INST_CJEU_JUDG_AG_PL_SZP
DOC_JUDG_CJ_2014_0294_20160407,ACT_EU_INST_CJEU_JUDG_AG_SE_WAH
DOC_JUDG_CJ_2014_0297_20151223,ACT_EU_INST_CJEU_JUDG_AG_ES_CRU_VIL
DOC_JUDG_CJ_2014_0298_20151006,ACT_EU_INST_CJEU_JUDG_AG_UK_SHA
DOC_JUDG_CJ_2014_0299_20160225,ACT_EU_INST_CJEU_JUDG_AG_BE_WAT
DOC_JUDG_CJ_2014_0300_20151217,ACT_EU_INST_CJEU_JUDG_AG_ES_CRU_VIL
DOC_JUDG_CJ_2014_0301_20151203,ACT_EU_INST_CJEU_JUDG_AG_UK_SHA
DOC_JUDG_CJ_2014_0303_20150625,ACT_EU_INST_CJEU_JUDG_AG_IT_MEN
DOC_JUDG_CJ_2014_0304_20160913,ACT_EU_INST_CJEU_JUDG_AG_PL_SZP
DOC_JUDG_CJ_2014_0306_20151015,ACT_EU_INST_CJEU_JUDG_AG_FR_BOT
DOC_JUDG_CJ_2014_0308_20160614,ACT_EU_INST_CJEU_JUDG_AG_ES_CRU_VIL
DOC_JUDG_CJ_2014_0309_20150903,ACT_EU_INST_CJEU_JUDG_AG_FR_BOT
DOC_JUDG_CJ_2014_0310_20151015,ACT_EU_INST_CJEU_JUDG_AG_BE_WAT
DOC_JUDG_CJ_2014_0312_20151203,ACT_EU_INST_CJEU_JUDG_AG_FI_JAA
DOC_JUDG_CJ_2014_0314_20160217,ACT_EU_INST_CJEU_JUDG_AG_PL_SZP
DOC_JUDG_CJ_2014_0315_20160407,ACT_EU_INST_CJEU_JUDG_AG_PL_SZP
DOC_JUDG_CJ_2014_0317_20150205,ACT_EU_INST_CJEU_JUDG_AG_ES_CRU_VIL
DOC_JUDG_CJ_2014_0319_20151029,ACT_EU_INST_CJEU_JUDG_AG_PL_SZP
DOC_JUDG_CJ_2014_0321_20150903,ACT_EU_INST_CJEU_JUDG_AG_FI_JAA
DOC_JUDG_CJ_2014_0322_20150521,ACT_EU_INST_CJEU_JUDG_AG_PL_SZP
DOC_JUDG_CJ_2014_0324_20160407,ACT_EU_INST_CJEU_JUDG_AG_FI_JAA
DOC_JUDG_CJ_2014_0325_20151119,ACT_EU_INST_CJEU_JUDG_AG_SE_WAH
DOC_JUDG_CJ_2014_0326_20151126,ACT_EU_INST_CJEU_JUDG_AG_ES_CRU_VIL
DOC_JUDG_CJ_2014_0330_20151217,ACT_EU_INST_CJEU_JUDG_AG_SE_WAH
DOC_JUDG_CJ_2014_0331_20150709,ACT_EU_INST_CJEU_JUDG_AG_UK_SHA
DOC_JUDG_CJ_2014_0332_20160609,ACT_EU_INST_CJEU_JUDG_AG_IT_MEN
DOC_JUDG_CJ_2014_0333_20151223,ACT_EU_INST_CJEU_JUDG_AG_FR_BOT
DOC_JUDG_CJ_2014_0334_20150702,ACT_EU_INST_CJEU_JUDG_AG_UK_SHA
DOC_JUDG_CJ_2014_0335_20160121,ACT_EU_INST_CJEU_JUDG_AG_FR_BOT
DOC_JUDG_CJ_2014_0336_20160204,ACT_EU_INST_CJEU_JUDG_AG_PL_SZP
DOC_JUDG_CJ_2014_0338_20151203,ACT_EU_INST_CJEU_JUDG_AG_SE_WAH
DOC_JUDG_CJ_2014_0339_20150521,ACT_EU_INST_CJEU_JUDG_AG_FR_BOT
DOC_JUDG_CJ_2014_0340_20151001,ACT_EU_INST_CJEU_JUDG_AG_PL_SZP
DOC_JUDG_CJ_2014_0342_20151217,ACT_EU_INST_CJEU_JUDG_AG_ES_CRU_VIL
DOC_JUDG_CJ_2014_0344_20150917,ACT_EU_INST_CJEU_JUDG_AG_UK_SHA
DOC_JUDG_CJ_2014_0345_20151126,ACT_EU_INST_CJEU_JUDG_AG_BE_WAT
DOC_JUDG_CJ_2014_0346_20160504,ACT_EU_INST_CJEU_JUDG_AG_DE_KOK
DOC_JUDG_CJ_2014_0347_20151021,ACT_EU_INST_CJEU_JUDG_AG_PL_SZP
DOC_JUDG_CJ_2014_0348_20150709,ACT_EU_INST_CJEU_JUDG_AG_SE_WAH
DOC_JUDG_CJ_2014_0349_20150521,ACT_EU_INST_CJEU_JUDG_AG_IT_MEN
DOC_JUDG_CJ_2014_0350_20151210,ACT_EU_INST_CJEU_JUDG_AG_SE_WAH
DOC_JUDG_CJ_2014_0351_20160616,ACT_EU_INST_CJEU_JUDG_AG_PL_SZP
DOC_JUDG_CJ_2014_0352_20151015,ACT_EU_INST_CJEU_JUDG_AG_BE_WAT
DOC_JUDG_CJ_2014_0354_20151006,ACT_EU_INST_CJEU_JUDG_AG_FI_JAA
DOC_JUDG_CJ_2014_0355_20160602,ACT_EU_INST_CJEU_JUDG_AG_BE_WAT
DOC_JUDG_CJ_2014_0357_P_20151001,ACT_EU_INST_CJEU_JUDG_AG_BE_WAT
DOC_JUDG_CJ_2014_0358_20160504,ACT_EU_INST_CJEU_JUDG_AG_DE_KOK
DOC_JUDG_CJ_2014_0359_20160121,ACT_EU_INST_CJEU_JUDG_AG_UK_SHA
DOC_JUDG_CJ_2014_0360_P_20150709,ACT_EU_INST_CJEU_JUDG_AG_ES_CRU_VIL
DOC_JUDG_CJ_2014_0361_P_20160614,ACT_EU_INST_CJEU_JUDG_AG_UK_SHA
DOC_JUDG_CJ_2014_0362_20151006,ACT_EU_INST_CJEU_JUDG_AG_FR_BOT
DOC_JUDG_CJ_2014_0363_20150910,ACT_EU_INST_CJEU_JUDG_AG_SE_WAH
DOC_JUDG_CJ_2014_0367_20150917,ACT_EU_INST_CJEU_JUDG_AG_DE_KOK
DOC_JUDG_CJ_2014_0369_20150716,ACT_EU_INST_CJEU_JUDG_AG_IT_MEN
DOC_JUDG_CJ_2014_0371_20151217,ACT_EU_INST_CJEU_JUDG_AG_FR_BOT
DOC_JUDG_CJ_2014_0373_P_20160120,ACT_EU_INST_CJEU_JUDG_AG_BE_WAT
DOC_JUDG_CJ_2014_0375_20160128,ACT_EU_INST_CJEU_JUDG_AG_SE_WAH
DOC_JUDG_CJ_2014_0376_PPU_20141009,ACT_EU_INST_CJEU_JUDG_AG_PL_SZP
DOC_JUDG_CJ_2014_0377_20160421,ACT_EU_INST_CJEU_JUDG_AG_UK_SHA
DOC_JUDG_CJ_2014_0378_20151022,ACT_EU_INST_CJEU_JUDG_AG_IT_MEN
DOC_JUDG_CJ_2014_0379_20150716,ACT_EU_INST_CJEU_JUDG_AG_FR_BOT
DOC_JUDG_CJ_2014_0381_20160414,ACT_EU_INST_CJEU_JUDG_AG_PL_SZP
DOC_JUDG_CJ_2014_0383_20150903,ACT_EU_INST_CJEU_JUDG_AG_UK_SHA
DOC_JUDG_CJ_2014_0386_20150902,ACT_EU_INST_CJEU_JUDG_AG_DE_KOK
DOC_JUDG_CJ_2014_0387_20170504,ACT_EU_INST_CJEU_JUDG_AG_CZ_BOB
DOC_JUDG_CJ_2014_0388_20151217,ACT_EU_INST_CJEU_JUDG_AG_BE_WAT
DOC_JUDG_CJ_2014_0395_20160114,ACT_EU_INST_CJEU_JUDG_AG_SE_WAH
DOC_JUDG_CJ_2014_0396_20160524,ACT_EU_INST_CJEU_JUDG_AG_IT_MEN
DOC_JUDG_CJ_2014_0397_20160414,ACT_EU_INST_CJEU_JUDG_AG_FR_BOT
DOC_JUDG_CJ_2014_0398_20160128,ACT_EU_INST_CJEU_JUDG_AG_ES_CRU_VIL
DOC_JUDG_CJ_2014_0399_20160114,ACT_EU_INST_CJEU_JUDG_AG_UK_SHA
DOC_JUDG_CJ_2014_0402_20151217,ACT_EU_INST_CJEU_JUDG_AG_BE_WAT
DOC_JUDG_CJ_2014_0404_20151006,ACT_EU_INST_CJEU_JUDG_AG_DE_KOK
DOC_JUDG_CJ_2014_0406_20160714,ACT_EU_INST_CJEU_JUDG_AG_UK_SHA
DOC_JUDG_CJ_2014_0407_20151217,ACT_EU_INST_CJEU_JUDG_AG_IT_MEN
DOC_JUDG_CJ_2014_0408_20150910,ACT_EU_INST_CJEU_JUDG_AG_IT_MEN
DOC_JUDG_CJ_2014_0409_20160908,ACT_EU_INST_CJEU_JUDG_AG_DE_KOK
DOC_JUDG_CJ_2014_0410_20160602,ACT_EU_INST_CJEU_JUDG_AG_ES_CRU_VIL
DOC_JUDG_CJ_2014_0413_P_20170906,ACT_EU_INST_CJEU_JUDG_AG_SE_WAH
DOC_JUDG_CJ_2014_0415_P_20160128,ACT_EU_INST_CJEU_JUDG_AG_IT_MEN
DOC_JUDG_CJ_2014_0416_20150917,ACT_EU_INST_CJEU_JUDG_AG_DE_KOK
DOC_JUDG_CJ_2014_0417_RX_II_20150910,ACT_EU_INST_CJEU_JUDG_AG_BE_WAT
DOC_JUDG_CJ_2014_0418_20160602,ACT_EU_INST_CJEU_JUDG_AG_IT_MEN
DOC_JUDG_CJ_2014_0419_20151217,ACT_EU_INST_CJEU_JUDG_AG_BE_WAT
DOC_JUDG_CJ_2014_0421_20170126,ACT_EU_INST_CJEU_JUDG_AG_PL_SZP
DOC_JUDG_CJ_2014_0422_20151111,ACT_EU_INST_CJEU_JUDG_AG_DE_KOK
DOC_JUDG_CJ_2014_0425_20151022,ACT_EU_INST_CJEU_JUDG_AG_ES_CRU_VIL
DOC_JUDG_CJ_2014_0427_20151210,ACT_EU_INST_CJEU_JUDG_AG_IT_MEN
DOC_JUDG_CJ_2014_0428_20160120,ACT_EU_INST_CJEU_JUDG_AG_BE_WAT
DOC_JUDG_CJ_2014_0429_20160217,ACT_EU_INST_CJEU_JUDG_AG_FR_BOT
DOC_JUDG_CJ_2014_0430_20160121,ACT_EU_INST_CJEU_JUDG_AG_IT_MEN
DOC_JUDG_CJ_2014_0431_P_20160308,ACT_EU_INST_CJEU_JUDG_AG_UK_SHA
DOC_JUDG_CJ_2014_0432_20151001,ACT_EU_INST_CJEU_JUDG_AG_UK_SHA
DOC_JUDG_CJ_2014_0438_20160602,ACT_EU_INST_CJEU_JUDG_AG_BE_WAT
DOC_JUDG_CJ_2014_0439_20160915,ACT_EU_INST_CJEU_JUDG_AG_UK_SHA
DOC_JUDG_CJ_2014_0440_P_20160301,ACT_EU_INST_CJEU_JUDG_AG_ES_CRU_VIL
DOC_JUDG_CJ_2014_0441_20160419,ACT_EU_INST_CJEU_JUDG_AG_FR_BOT
DOC_JUDG_CJ_2014_0442_20161123,ACT_EU_INST_CJEU_JUDG_AG_DE_KOK
DOC_JUDG_CJ_2014_0443_20160301,ACT_EU_INST_CJEU_JUDG_AG_ES_CRU_VIL
DOC_JUDG_CJ_2014_0446_P_20160218,ACT_EU_INST_CJEU_JUDG_AG_ES_CAM_SAN_BOR
DOC_JUDG_CJ_2014_0448_20161109,ACT_EU_INST_CJEU_JUDG_AG_PL_SZP
DOC_JUDG_CJ_2014_0449_P_20161110,ACT_EU_INST_CJEU_JUDG_AG_FR_BOT
DOC_JUDG_CJ_2014_0452_20151001,ACT_EU_INST_CJEU_JUDG_AG_FI_JAA
DOC_JUDG_CJ_2014_0453_20160121,ACT_EU_INST_CJEU_JUDG_AG_FR_BOT
DOC_JUDG_CJ_2014_0454_20160225,ACT_EU_INST_CJEU_JUDG_AG_PL_SZP
DOC_JUDG_CJ_2014_0455_P_20160719,ACT_EU_INST_CJEU_JUDG_AG_SE_WAH
DOC_JUDG_CJ_2014_0458_20160714,ACT_EU_INST_CJEU_JUDG_AG_PL_SZP
DOC_JUDG_CJ_2014_0460_20160407,ACT_EU_INST_CJEU_JUDG_AG_BE_WAT
DOC_JUDG_CJ_2014_0461_20161124,ACT_EU_INST_CJEU_JUDG_AG_SE_WAH
DOC_JUDG_CJ_2014_0463_20150903,ACT_EU_INST_CJEU_JUDG_AG_ES_CRU_VIL
DOC_JUDG_CJ_2014_0464_20161124,ACT_EU_INST_CJEU_JUDG_AG_BE_WAT
DOC_JUDG_CJ_2014_0465_20161027,ACT_EU_INST_CJEU_JUDG_AG_UK_SHA
DOC_JUDG_CJ_2014_0468_20150716,ACT_EU_INST_CJEU_JUDG_AG_SE_WAH
DOC_JUDG_CJ_2014_0469_20160728,ACT_EU_INST_CJEU_JUDG_AG_SE_WAH
DOC_JUDG_CJ_2014_0470_20160609,ACT_EU_INST_CJEU_JUDG_AG_PL_SZP
DOC_JUDG_CJ_2014_0471_20151006,ACT_EU_INST_CJEU_JUDG_AG_FI_JAA
DOC_JUDG_CJ_2014_0472_20160317,ACT_EU_INST_CJEU_JUDG_AG_UK_SHA
DOC_JUDG_CJ_2014_0473_20150910,ACT_EU_INST_CJEU_JUDG_AG_DE_KOK
DOC_JUDG_CJ_2014_0476_20160707,ACT_EU_INST_CJEU_JUDG_AG_IT_MEN
DOC_JUDG_CJ_2014_0477_20160504,ACT_EU_INST_CJEU_JUDG_AG_DE_KOK
DOC_JUDG_CJ_2014_0479_20160608,ACT_EU_INST_CJEU_JUDG_AG_BE_WAT
DOC_JUDG_CJ_2014_0481_20160609,ACT_EU_INST_CJEU_JUDG_AG_DK_SAU_OE
DOC_JUDG_CJ_2014_0482_20170628,ACT_EU_INST_CJEU_JUDG_AG_ES_CAM_SAN_BOR
DOC_JUDG_CJ_2014_0483_20160407,ACT_EU_INST_CJEU_JUDG_AG_FR_BOT
DOC_JUDG_CJ_2014_0484_20160915,ACT_EU_INST_CJEU_JUDG_AG_PL_SZP
DOC_JUDG_CJ_2014_0485_20150716,ACT_EU_INST_CJEU_JUDG_AG_IT_MEN
DOC_JUDG_CJ_2014_0486_20160629,ACT_EU_INST_CJEU_JUDG_AG_FR_BOT
DOC_JUDG_CJ_2014_0487_20151126,ACT_EU_INST_CJEU_JUDG_AG_FR_BOT
DOC_JUDG_CJ_2014_0489_20151006,ACT_EU_INST_CJEU_JUDG_AG_ES_CRU_VIL
DOC_JUDG_CJ_2014_0490_20151029,ACT_EU_INST_CJEU_JUDG_AG_FR_BOT
DOC_JUDG_CJ_2014_0492_20160929,ACT_EU_INST_CJEU_JUDG_AG_FR_BOT
DOC_JUDG_CJ_2014_0493_20160721,ACT_EU_INST_CJEU_JUDG_AG_SE_WAH
DOC_JUDG_CJ_2014_0494_20151015,ACT_EU_INST_CJEU_JUDG_AG_PL_SZP
DOC_JUDG_CJ_2014_0498_PPU_20150109,ACT_EU_INST_CJEU_JUDG_AG_FI_JAA
DOC_JUDG_CJ_2014_0499_20160310,ACT_EU_INST_CJEU_JUDG_AG_ES_CRU_VIL
DOC_JUDG_CJ_2014_0501_20161019,ACT_EU_INST_CJEU_JUDG_AG_FR_BOT
DOC_JUDG_CJ_2014_0503_20161221,ACT_EU_INST_CJEU_JUDG_AG_BE_WAT
DOC_JUDG_CJ_2014_0504_20161110,ACT_EU_INST_CJEU_JUDG_AG_DE_KOK
DOC_JUDG_CJ_2014_0505_20151111,ACT_EU_INST_CJEU_JUDG_AG_IT_MEN
DOC_JUDG_CJ_2014_0506_20161026,ACT_EU_INST_CJEU_JUDG_AG_UK_SHA
DOC_JUDG_CJ_2014_0508_20151006,ACT_EU_INST_CJEU_JUDG_AG_IT_MEN
DOC_JUDG_CJ_2014_0509_20151126,ACT_EU_INST_CJEU_JUDG_AG_UK_SHA
DOC_JUDG_CJ_2014_0511_20160616,ACT_EU_INST_CJEU_JUDG_AG_FR_BOT
DOC_JUDG_CJ_2014_0514_P_20160128,ACT_EU_INST_CJEU_JUDG_AG_SE_WAH
DOC_JUDG_CJ_2014_0515_20160121,ACT_EU_INST_CJEU_JUDG_AG_UK_SHA
DOC_JUDG_CJ_2014_0516_20160915,ACT_EU_INST_CJEU_JUDG_AG_DE_KOK
DOC_JUDG_CJ_2014_0518_20160915,ACT_EU_INST_CJEU_JUDG_AG_FR_BOT
DOC_JUDG_CJ_2014_0520_20160512,ACT_EU_INST_CJEU_JUDG_AG_DE_KOK
DOC_JUDG_CJ_2014_0521_20160121,ACT_EU_INST_CJEU_JUDG_AG_FR_BOT
DOC_JUDG_CJ_2014_0522_20160414,ACT_EU_INST_CJEU_JUDG_AG_PL_SZP
DOC_JUDG_CJ_2014_0523_20151022,ACT_EU_INST_CJEU_JUDG_AG_FR_BOT
DOC_JUDG_CJ_2014_0524_P_20161221,ACT_EU_INST_CJEU_JUDG_AG_SE_WAH
DOC_JUDG_CJ_2014_0525_20160922,ACT_EU_INST_CJEU_JUDG_AG_ES_CAM_SAN_BOR
DOC_JUDG_CJ_2014_0526_20160719,ACT_EU_INST_CJEU_JUDG_AG_SE_WAH
DOC_JUDG_CJ_2014_0528_20160427,ACT_EU_INST_CJEU_JUDG_AG_DK_SAU_OE
DOC_JUDG_CJ_2014_0532_20160512,ACT_EU_INST_CJEU_JUDG_AG_ES_CAM_SAN_BOR
DOC_JUDG_CJ_2014_0535_P_20150618,ACT_EU_INST_CJEU_JUDG_AG_IT_MEN
DOC_JUDG_CJ_2014_0537_P_20161027,ACT_EU_INST_CJEU_JUDG_AG_BE_WAT
DOC_JUDG_CJ_2014_0540_P_20160622,ACT_EU_INST_CJEU_JUDG_AG_IT_MEN
DOC_JUDG_CJ_2014_0542_20160721,ACT_EU_INST_CJEU_JUDG_AG_BE_WAT
DOC_JUDG_CJ_2014_0543_20160728,ACT_EU_INST_CJEU_JUDG_AG_UK_SHA
DOC_JUDG_CJ_2014_0546_20160407,ACT_EU_INST_CJEU_JUDG_AG_UK_SHA
DOC_JUDG_CJ_2014_0547_20160504,ACT_EU_INST_CJEU_JUDG_AG_DE_KOK
DOC_JUDG_CJ_2014_0549_20160907,ACT_EU_INST_CJEU_JUDG_AG_UK_SHA
DOC_JUDG_CJ_2014_0550_20160526,ACT_EU_INST_CJEU_JUDG_AG_DE_KOK
DOC_JUDG_CJ_2014_0552_P_20151210,ACT_EU_INST_CJEU_JUDG_AG_FR_BOT
DOC_JUDG_CJ_2014_0553_P_20151210,ACT_EU_INST_CJEU_JUDG_AG_FR_BOT
DOC_JUDG_CJ_2014_0554_20161108,ACT_EU_INST_CJEU_JUDG_AG_FR_BOT
DOC_JUDG_CJ_2014_0555_20170216,ACT_EU_INST_CJEU_JUDG_AG_UK_SHA
DOC_JUDG_CJ_2014_0556_P_20160407,ACT_EU_INST_CJEU_JUDG_AG_IT_MEN
DOC_JUDG_CJ_2014_0557_20160622,ACT_EU_INST_CJEU_JUDG_AG_DE_KOK
DOC_JUDG_CJ_2014_0558_20160421,ACT_EU_INST_CJEU_JUDG_AG_IT_MEN
DOC_JUDG_CJ_2014_0559_20160525,ACT_EU_INST_CJEU_JUDG_AG_DE_KOK
DOC_JUDG_CJ_2014_0560_20170209,ACT_EU_INST_CJEU_JUDG_AG_IT_MEN
DOC_JUDG_CJ_2014_0561_20160412,ACT_EU_INST_CJEU_JUDG_AG_IT_MEN
DOC_JUDG_CJ_2014_0562_P_20170511,ACT_EU_INST_CJEU_JUDG_AG_UK_SHA
DOC_JUDG_CJ_2014_0566_P_20160614,ACT_EU_INST_CJEU_JUDG_AG_BE_WAT
DOC_JUDG_CJ_2014_0567_20160707,ACT_EU_INST_CJEU_JUDG_AG_BE_WAT
DOC_JUDG_CJ_2014_0572_20160421,ACT_EU_INST_CJEU_JUDG_AG_DK_SAU_OE
DOC_JUDG_CJ_2014_0573_20170131,ACT_EU_INST_CJEU_JUDG_AG_UK_SHA
DOC_JUDG_CJ_2014_0574_20160915,ACT_EU_INST_CJEU_JUDG_AG_ES_CAM_SAN_BOR
DOC_JUDG_CJ_2014_0577_P_20170216,ACT_EU_INST_CJEU_JUDG_AG_ES_CAM_SAN_BOR
DOC_JUDG_CJ_2014_0582_20161019,ACT_EU_INST_CJEU_JUDG_AG_ES_CAM_SAN_BOR
DOC_JUDG_CJ_2014_0583_20151029,ACT_EU_INST_CJEU_JUDG_AG_DE_KOK
DOC_JUDG_CJ_2014_0584_20160907,ACT_EU_INST_CJEU_JUDG_AG_UK_SHA
DOC_JUDG_CJ_2014_0586_20160609,ACT_EU_INST_CJEU_JUDG_AG_PL_SZP
DOC_JUDG_CJ_2014_0589_20151029,ACT_EU_INST_CJEU_JUDG_AG_UK_SHA
DOC_JUDG_CJ_2014_0590_P_20161026,ACT_EU_INST_CJEU_JUDG_AG_BE_WAT
DOC_JUDG_CJ_2014_0591_20170913,ACT_EU_INST_CJEU_JUDG_AG_IT_MEN
DOC_JUDG_CJ_2014_0592_20160921,ACT_EU_INST_CJEU_JUDG_AG_CZ_BOB
DOC_JUDG_CJ_2014_0593_20161221,ACT_EU_INST_CJEU_JUDG_AG_DE_KOK
DOC_JUDG_CJ_2014_0594_20151210,ACT_EU_INST_CJEU_JUDG_AG_PL_SZP
DOC_JUDG_CJ_2014_0595_20151223,ACT_EU_INST_CJEU_JUDG_AG_FR_BOT
DOC_JUDG_CJ_2014_0596_20160914,ACT_EU_INST_CJEU_JUDG_AG_CZ_BOB
DOC_JUDG_CJ_2014_0597_P_20160721,ACT_EU_INST_CJEU_JUDG_AG_PL_SZP
DOC_JUDG_CJ_2014_0598_P_20170405,ACT_EU_INST_CJEU_JUDG_AG_DE_KOK
DOC_JUDG_CJ_2014_0599_P_20170726,ACT_EU_INST_CJEU_JUDG_AG_UK_SHA
DOC_JUDG_CJ_2014_0600_20171205,ACT_EU_INST_CJEU_JUDG_AG_PL_SZP
DOC_JUDG_CJ_2014_0601_20161011,ACT_EU_INST_CJEU_JUDG_AG_FR_BOT
DOC_JUDG_CJ_2014_0603_P_20151210,ACT_EU_INST_CJEU_JUDG_AG_SE_WAH
DOC_JUDG_CJ_2014_0605_20151217,ACT_EU_INST_CJEU_JUDG_AG_PL_SZP
DOC_JUDG_CJ_2014_0606_P_20170201,ACT_EU_INST_CJEU_JUDG_AG_ES_CAM_SAN_BOR
DOC_JUDG_CJ_2014_0607_20160526,ACT_EU_INST_CJEU_JUDG_AG_ES_CAM_SAN_BOR
DOC_JUDG_CJ_2014_0611_20161026,ACT_EU_INST_CJEU_JUDG_AG_FR_BOT
DOC_JUDG_CJ_2014_0613_20161027,ACT_EU_INST_CJEU_JUDG_AG_ES_CAM_SAN_BOR
DOC_JUDG_CJ_2014_0614_20160705,ACT_EU_INST_CJEU_JUDG_AG_FR_BOT
DOC_JUDG_CJ_2015_0002_20161116,ACT_EU_INST_CJEU_JUDG_AG_IT_MEN
DOC_JUDG_CJ_2015_0004_20160721,ACT_EU_INST_CJEU_JUDG_AG_DK_SAU_OE
DOC_JUDG_CJ_2015_0005_20160407,ACT_EU_INST_CJEU_JUDG_AG_BE_WAT
DOC_JUDG_CJ_2015_0006_20160714,ACT_EU_INST_CJEU_JUDG_AG_IT_MEN
DOC_JUDG_CJ_2015_0008_P_20160920,ACT_EU_INST_CJEU_JUDG_AG_SE_WAH
DOC_JUDG_CJ_2015_0011_20160622,ACT_EU_INST_CJEU_JUDG_AG_PL_SZP
DOC_JUDG_CJ_2015_0012_20160616,ACT_EU_INST_CJEU_JUDG_AG_PL_SZP
DOC_JUDG_CJ_2015_0014_20160922,ACT_EU_INST_CJEU_JUDG_AG_SE_WAH
DOC_JUDG_CJ_2015_0015_20160621,ACT_EU_INST_CJEU_JUDG_AG_DK_SAU_OE
DOC_JUDG_CJ_2015_0016_20160914,ACT_EU_INST_CJEU_JUDG_AG_CZ_BOB
DOC_JUDG_CJ_2015_0018_20160713,ACT_EU_INST_CJEU_JUDG_AG_DE_KOK
DOC_JUDG_CJ_2015_0019_20160714,ACT_EU_INST_CJEU_JUDG_AG_DK_SAU_OE
DOC_JUDG_CJ_2015_0020_P_20161221,ACT_EU_INST_CJEU_JUDG_AG_BE_WAT
DOC_JUDG_CJ_2015_0022_20160225,ACT_EU_INST_CJEU_JUDG_AG_CZ_BOB
DOC_JUDG_CJ_2015_0024_20161020,ACT_EU_INST_CJEU_JUDG_AG_DK_SAU_OE
DOC_JUDG_CJ_2015_0025_20160609,ACT_EU_INST_CJEU_JUDG_AG_FR_BOT
DOC_JUDG_CJ_2015_0026_P_20160303,ACT_EU_INST_CJEU_JUDG_AG_BE_WAT
DOC_JUDG_CJ_2015_0027_20160602,ACT_EU_INST_CJEU_JUDG_AG_ES_CAM_SAN_BOR
DOC_JUDG_CJ_2015_0028_20160915,ACT_EU_INST_CJEU_JUDG_AG_IT_MEN
DOC_JUDG_CJ_2015_0030_P_20161110,ACT_EU_INST_CJEU_JUDG_AG_PL_SZP
DOC_JUDG_CJ_2015_0031_P_20160602,ACT_EU_INST_CJEU_JUDG_AG_BE_WAT
DOC_JUDG_CJ_2015_0038_20160310,ACT_EU_INST_CJEU_JUDG_AG_CZ_BOB
DOC_JUDG_CJ_2015_0040_20160317,ACT_EU_INST_CJEU_JUDG_AG_DE_KOK
DOC_JUDG_CJ_2015_0041_20161108,ACT_EU_INST_CJEU_JUDG_AG_SE_WAH
DOC_JUDG_CJ_2015_0042_20161109,ACT_EU_INST_CJEU_JUDG_AG_UK_SHA
DOC_JUDG_CJ_2015_0043_P_20161108,ACT_EU_INST_CJEU_JUDG_AG_FR_BOT
DOC_JUDG_CJ_2015_0044_20151126,ACT_EU_INST_CJEU_JUDG_AG_IT_MEN
DOC_JUDG_CJ_2015_0045_P_20170530,ACT_EU_INST_CJEU_JUDG_AG_IT_MEN
DOC_JUDG_CJ_2015_0046_20160707,ACT_EU_INST_CJEU_JUDG_AG_BE_WAT
DOC_JUDG_CJ_2015_0047_20160607,ACT_EU_INST_CJEU_JUDG_AG_PL_SZP
DOC_JUDG_CJ_2015_0048_20160526,ACT_EU_INST_CJEU_JUDG_AG_CZ_BOB
DOC_JUDG_CJ_2015_0050_P_20160121,ACT_EU_INST_CJEU_JUDG_AG_DK_SAU_OE
DOC_JUDG_CJ_2015_0051_20161221,ACT_EU_INST_CJEU_JUDG_AG_IT_MEN
DOC_JUDG_CJ_2015_0057_20160728,ACT_EU_INST_CJEU_JUDG_AG_ES_CAM_SAN_BOR
DOC_JUDG_CJ_2015_0058_20151223,ACT_EU_INST_CJEU_JUDG_AG_DK_SAU_OE
DOC_JUDG_CJ_2015_0060_P_20170713,ACT_EU_INST_CJEU_JUDG_AG_PL_SZP
DOC_JUDG_CJ_2015_0061_P_20160128,ACT_EU_INST_CJEU_JUDG_AG_FR_BOT
DOC_JUDG_CJ_2015_0063_20160607,ACT_EU_INST_CJEU_JUDG_AG_UK_SHA
DOC_JUDG_CJ_2015_0064_20160128,ACT_EU_INST_CJEU_JUDG_AG_CZ_BOB
DOC_JUDG_CJ_2015_0066_20160114,ACT_EU_INST_CJEU_JUDG_AG_CZ_BOB
DOC_JUDG_CJ_2015_0068_20170517,ACT_EU_INST_CJEU_JUDG_AG_DE_KOK
DOC_JUDG_CJ_2015_0069_20160609,ACT_EU_INST_CJEU_JUDG_AG_FR_BOT
DOC_JUDG_CJ_2015_0070_20160707,ACT_EU_INST_CJEU_JUDG_AG_DE_KOK
DOC_JUDG_CJ_2015_0072_20170328,ACT_EU_INST_CJEU_JUDG_AG_BE_WAT
DOC_JUDG_CJ_2015_0075_20160121,ACT_EU_INST_CJEU_JUDG_AG_IT_MEN
DOC_JUDG_CJ_2015_0076_20161221,ACT_EU_INST_CJEU_JUDG_AG_DE_KOK
DOC_JUDG_CJ_2015_0079_P_20170726,ACT_EU_INST_CJEU_JUDG_AG_UK_SHA
DOC_JUDG_CJ_2015_0080_20160728,ACT_EU_INST_CJEU_JUDG_AG_CZ_BOB
DOC_JUDG_CJ_2015_0081_20160602,ACT_EU_INST_CJEU_JUDG_AG_FR_BOT
DOC_JUDG_CJ_2015_0082_P_20151203,ACT_EU_INST_CJEU_JUDG_AG_FR_BOT
DOC_JUDG_CJ_2015_0084_20160317,ACT_EU_INST_CJEU_JUDG_AG_FR_BOT
DOC_JUDG_CJ_2015_0085_P_20170921,ACT_EU_INST_CJEU_JUDG_AG_SE_WAH
DOC_JUDG_CJ_2015_0086_P_20170921,ACT_EU_INST_CJEU_JUDG_AG_SE_WAH
DOC_JUDG_CJ_2015_0088_P_20170921,ACT_EU_INST_CJEU_JUDG_AG_SE_WAH
DOC_JUDG_CJ_2015_0089_P_20170921,ACT_EU_INST_CJEU_JUDG_AG_SE_WAH
DOC_JUDG_CJ_2015_0090_P_20170216,ACT_EU_INST_CJEU_JUDG_AG_SE_WAH
DOC_JUDG_CJ_2015_0091_20160922,ACT_EU_INST_CJEU_JUDG_AG_PL_SZP
DOC_JUDG_CJ_2015_0092_20161012,ACT_EU_INST_CJEU_JUDG_AG_CZ_BOB
DOC_JUDG_CJ_2015_0094_P_20170216,ACT_EU_INST_CJEU_JUDG_AG_SE_WAH
DOC_JUDG_CJ_2015_0095_P_20170216,ACT_EU_INST_CJEU_JUDG_AG_SE_WAH
DOC_JUDG_CJ_2015_0096_20160616,ACT_EU_INST_CJEU_JUDG_AG_UK_SHA
DOC_JUDG_CJ_2015_0097_20160714,ACT_EU_INST_CJEU_JUDG_AG_CZ_BOB
DOC_JUDG_CJ_2015_0098_20171109,ACT_EU_INST_CJEU_JUDG_AG_UK_SHA
DOC_JUDG_CJ_2015_0099_20160317,ACT_EU_INST_CJEU_JUDG_AG_BE_WAT
DOC_JUDG_CJ_2015_0100_P_20160414,ACT_EU_INST_CJEU_JUDG_AG_BE_WAT
DOC_JUDG_CJ_2015_0101_P_20160907,ACT_EU_INST_CJEU_JUDG_AG_DE_KOK
DOC_JUDG_CJ_2015_0102_20160728,ACT_EU_INST_CJEU_JUDG_AG_SE_WAH
DOC_JUDG_CJ_2015_0104_20160721,ACT_EU_INST_CJEU_JUDG_AG_ES_CAM_SAN_BOR
DOC_JUDG_CJ_2015_0105_P_20160920,ACT_EU_INST_CJEU_JUDG_AG_BE_WAT
DOC_JUDG_CJ_2015_0110_20160922,ACT_EU_INST_CJEU_JUDG_AG_SE_WAH
DOC_JUDG_CJ_2015_0111_20160707,ACT_EU_INST_CJEU_JUDG_AG_DK_SAU_OE
DOC_JUDG_CJ_2015_0112_20160317,ACT_EU_INST_CJEU_JUDG_AG_SE_WAH
DOC_JUDG_CJ_2015_0113_20160922,ACT_EU_INST_CJEU_JUDG_AG_UK_SHA
DOC_JUDG_CJ_2015_0114_20161027,ACT_EU_INST_CJEU_JUDG_AG_IT_MEN
DOC_JUDG_CJ_2015_0115_20160630,ACT_EU_INST_CJEU_JUDG_AG_BE_WAT
DOC_JUDG_CJ_2015_0117_20160531,ACT_EU_INST_CJEU_JUDG_AG_FR_BOT
DOC_JUDG_CJ_2015_0119_20161221,ACT_EU_INST_CJEU_JUDG_AG_DK_SAU_OE
DOC_JUDG_CJ_2015_0121_20160907,ACT_EU_INST_CJEU_JUDG_AG_IT_MEN
DOC_JUDG_CJ_2015_0122_20160602,ACT_EU_INST_CJEU_JUDG_AG_DE_KOK
DOC_JUDG_CJ_2015_0123_20160630,ACT_EU_INST_CJEU_JUDG_AG_BE_WAT
DOC_JUDG_CJ_2015_0124_20160217,ACT_EU_INST_CJEU_JUDG_AG_IT_MEN
DOC_JUDG_CJ_2015_0126_20170629,ACT_EU_INST_CJEU_JUDG_AG_DE_KOK
DOC_JUDG_CJ_2015_0127_20161208,ACT_EU_INST_CJEU_JUDG_AG_UK_SHA
DOC_JUDG_CJ_2015_0128_20170111,ACT_EU_INST_CJEU_JUDG_AG_DK_SAU_OE
DOC_JUDG_CJ_2015_0130_20160526,ACT_EU_INST_CJEU_JUDG_AG_ES_CAM_SAN_BOR
DOC_JUDG_CJ_2015_0131_P_20161221,ACT_EU_INST_CJEU_JUDG_AG_SE_WAH
DOC_JUDG_CJ_2015_0133_20170510,ACT_EU_INST_CJEU_JUDG_AG_PL_SZP
DOC_JUDG_CJ_2015_0134_20160630,ACT_EU_INST_CJEU_JUDG_AG_CZ_BOB
DOC_JUDG_CJ_2015_0135_20161018,ACT_EU_INST_CJEU_JUDG_AG_PL_SZP
DOC_JUDG_CJ_2015_0138_P_20160303,ACT_EU_INST_CJEU_JUDG_AG_IT_MEN
DOC_JUDG_CJ_2015_0139_P_20160921,ACT_EU_INST_CJEU_JUDG_AG_BE_WAT
DOC_JUDG_CJ_2015_0140_P_20160921,ACT_EU_INST_CJEU_JUDG_AG_BE_WAT
DOC_JUDG_CJ_2015_0141_20170309,ACT_EU_INST_CJEU_JUDG_AG_UK_SHA
DOC_JUDG_CJ_2015_0143_20160225,ACT_EU_INST_CJEU_JUDG_AG_PL_SZP
DOC_JUDG_CJ_2015_0144_20160303,ACT_EU_INST_CJEU_JUDG_AG_IT_MEN
DOC_JUDG_CJ_2015_0145_20160317,ACT_EU_INST_CJEU_JUDG_AG_FR_BOT
DOC_JUDG_CJ_2015_0147_20160728,ACT_EU_INST_CJEU_JUDG_AG_DE_KOK
DOC_JUDG_CJ_2015_0148_20161019,ACT_EU_INST_CJEU_JUDG_AG_PL_SZP
DOC_JUDG_CJ_2015_0149_20161109,ACT_EU_INST_CJEU_JUDG_AG_DK_SAU_OE
DOC_JUDG_CJ_2015_0154_20161221,ACT_EU_INST_CJEU_JUDG_AG_IT_MEN
DOC_JUDG_CJ_2015_0155_20160607,ACT_EU_INST_CJEU_JUDG_AG_UK_SHA
DOC_JUDG_CJ_2015_0156_20161110,ACT_EU_INST_CJEU_JUDG_AG_PL_SZP
DOC_JUDG_CJ_2015_0157_20170314,ACT_EU_INST_CJEU_JUDG_AG_DE_KOK
DOC_JUDG_CJ_2015_0158_20160609,ACT_EU_INST_CJEU_JUDG_AG_DE_KOK
DOC_JUDG_CJ_2015_0159_20160616,ACT_EU_INST_CJEU_JUDG_AG_FR_BOT
DOC_JUDG_CJ_2015_0160_20160908,ACT_EU_INST_CJEU_JUDG_AG_BE_WAT
DOC_JUDG_CJ_2015_0161_20160317,ACT_EU_INST_CJEU_JUDG_AG_IT_MEN
DOC_JUDG_CJ_2015_0162_P_20170314,ACT_EU_INST_CJEU_JUDG_AG_PL_SZP
DOC_JUDG_CJ_2015_0163_20160204,ACT_EU_INST_CJEU_JUDG_AG_BE_WAT
DOC_JUDG_CJ_2015_0164_P_20161221,ACT_EU_INST_CJEU_JUDG_AG_IT_MEN
DOC_JUDG_CJ_2015_0166_20161012,ACT_EU_INST_CJEU_JUDG_AG_DK_SAU_OE
DOC_JUDG_CJ_2015_0168_20160728,ACT_EU_INST_CJEU_JUDG_AG_SE_WAH
DOC_JUDG_CJ_2015_0169_20161020,ACT_EU_INST_CJEU_JUDG_AG_ES_CAM_SAN_BOR
DOC_JUDG_CJ_2015_0171_20161214,ACT_EU_INST_CJEU_JUDG_AG_ES_CAM_SAN_BOR
DOC_JUDG_CJ_2015_0173_20170309,ACT_EU_INST_CJEU_JUDG_AG_IT_MEN
DOC_JUDG_CJ_2015_0174_20161110,ACT_EU_INST_CJEU_JUDG_AG_PL_SZP
DOC_JUDG_CJ_2015_0175_20160317,ACT_EU_INST_CJEU_JUDG_AG_PL_SZP
DOC_JUDG_CJ_2015_0176_20160630,ACT_EU_INST_CJEU_JUDG_AG_DE_KOK
DOC_JUDG_CJ_2015_0177_20161123,ACT_EU_INST_CJEU_JUDG_AG_CZ_BOB
DOC_JUDG_CJ_2015_0178_20160630,ACT_EU_INST_CJEU_JUDG_AG_FR_BOT
DOC_JUDG_CJ_2015_0179_20160303,ACT_EU_INST_CJEU_JUDG_AG_BE_WAT
DOC_JUDG_CJ_2015_0180_20160908,ACT_EU_INST_CJEU_JUDG_AG_UK_SHA
DOC_JUDG_CJ_2015_0182_20160906,ACT_EU_INST_CJEU_JUDG_AG_FR_BOT
DOC_JUDG_CJ_2015_0183_20151210,ACT_EU_INST_CJEU_JUDG_AG_BE_WAT
DOC_JUDG_CJ_2015_0184_20160914,ACT_EU_INST_CJEU_JUDG_AG_UK_SHA
DOC_JUDG_CJ_2015_0185_20161012,ACT_EU_INST_CJEU_JUDG_AG_DE_KOK
DOC_JUDG_CJ_2015_0186_20160616,ACT_EU_INST_CJEU_JUDG_AG_FR_BOT
DOC_JUDG_CJ_2015_0187_20160713,ACT_EU_INST_CJEU_JUDG_AG_CZ_BOB
DOC_JUDG_CJ_2015_0188_20170314,ACT_EU_INST_CJEU_JUDG_AG_UK_SHA
DOC_JUDG_CJ_2015_0189_20170118,ACT_EU_INST_CJEU_JUDG_AG_ES_CAM_SAN_BOR
DOC_JUDG_CJ_2015_0191_20160728,ACT_EU_INST_CJEU_JUDG_AG_DK_SAU_OE
DOC_JUDG_CJ_2015_0193_P_20160407,ACT_EU_INST_CJEU_JUDG_AG_IT_MEN
DOC_JUDG_CJ_2015_0195_20161026,ACT_EU_INST_CJEU_JUDG_AG_PL_SZP
DOC_JUDG_CJ_2015_0196_20160714,ACT_EU_INST_CJEU_JUDG_AG_DE_KOK
DOC_JUDG_CJ_2015_0198_20160526,ACT_EU_INST_CJEU_JUDG_AG_BE_WAT
DOC_JUDG_CJ_2015_0199_20161110,ACT_EU_INST_CJEU_JUDG_AG_PL_SZP
DOC_JUDG_CJ_2015_0200_20160616,ACT_EU_INST_CJEU_JUDG_AG_DE_KOK
DOC_JUDG_CJ_2015_0201_20161221,ACT_EU_INST_CJEU_JUDG_AG_SE_WAH
DOC_JUDG_CJ_2015_0203_20161221,ACT_EU_INST_CJEU_JUDG_AG_DK_SAU_OE
DOC_JUDG_CJ_2015_0205_20160630,ACT_EU_INST_CJEU_JUDG_AG_PL_SZP
DOC_JUDG_CJ_2015_0207_P_20160622,ACT_EU_INST_CJEU_JUDG_AG_ES_CAM_SAN_BOR
DOC_JUDG_CJ_2015_0208_20161208,ACT_EU_INST_CJEU_JUDG_AG_DK_SAU_OE
DOC_JUDG_CJ_2015_0210_P_20160707,ACT_EU_INST_CJEU_JUDG_AG_UK_SHA
DOC_JUDG_CJ_2015_0211_P_20161026,ACT_EU_INST_CJEU_JUDG_AG_SE_WAH
DOC_JUDG_CJ_2015_0212_20161109,ACT_EU_INST_CJEU_JUDG_AG_CZ_BOB
DOC_JUDG_CJ_2015_0213_P_20170718,ACT_EU_INST_CJEU_JUDG_AG_CZ_BOB
DOC_JUDG_CJ_2015_0215_20151021,ACT_EU_INST_CJEU_JUDG_AG_IT_MEN
DOC_JUDG_CJ_2015_0216_20161117,ACT_EU_INST_CJEU_JUDG_AG_DK_SAU_OE
DOC_JUDG_CJ_2015_0217_20170405,ACT_EU_INST_CJEU_JUDG_AG_ES_CAM_SAN_BOR
DOC_JUDG_CJ_2015_0218_20161006,ACT_EU_INST_CJEU_JUDG_AG_FR_BOT
DOC_JUDG_CJ_2015_0219_20170216,ACT_EU_INST_CJEU_JUDG_AG_UK_SHA
DOC_JUDG_CJ_2015_0220_20161027,ACT_EU_INST_CJEU_JUDG_AG_CZ_BOB
DOC_JUDG_CJ_2015_0221_20160921,ACT_EU_INST_CJEU_JUDG_AG_SE_WAH
DOC_JUDG_CJ_2015_0222_20160707,ACT_EU_INST_CJEU_JUDG_AG_PL_SZP
DOC_JUDG_CJ_2015_0223_20160922,ACT_EU_INST_CJEU_JUDG_AG_PL_SZP
DOC_JUDG_CJ_2015_0224_P_20160526,ACT_EU_INST_CJEU_JUDG_AG_SE_WAH
DOC_JUDG_CJ_2015_0225_20160908,ACT_EU_INST_CJEU_JUDG_AG_SE_WAH
DOC_JUDG_CJ_2015_0226_P_20160721,ACT_EU_INST_CJEU_JUDG_AG_CZ_BOB
DOC_JUDG_CJ_2015_0229_20160616,ACT_EU_INST_CJEU_JUDG_AG_DE_KOK
DOC_JUDG_CJ_2015_0230_20160714,ACT_EU_INST_CJEU_JUDG_AG_DK_SAU_OE
DOC_JUDG_CJ_2015_0231_20161013,ACT_EU_INST_CJEU_JUDG_AG_ES_CAM_SAN_BOR
DOC_JUDG_CJ_2015_0233_20160428,ACT_EU_INST_CJEU_JUDG_AG_SE_WAH
DOC_JUDG_CJ_2015_0237_PPU_20150716,ACT_EU_INST_CJEU_JUDG_AG_ES_CRU_VIL
DOC_JUDG_CJ_2015_0238_20161214,ACT_EU_INST_CJEU_JUDG_AG_BE_WAT
DOC_JUDG_CJ_2015_0239_P_20170504,ACT_EU_INST_CJEU_JUDG_AG_IT_MEN
DOC_JUDG_CJ_2015_0240_20160728,ACT_EU_INST_CJEU_JUDG_AG_ES_CAM_SAN_BOR
DOC_JUDG_CJ_2015_0241_20160601,ACT_EU_INST_CJEU_JUDG_AG_FR_BOT
DOC_JUDG_CJ_2015_0242_P_20161012,ACT_EU_INST_CJEU_JUDG_AG_BE_WAT
DOC_JUDG_CJ_2015_0243_20161108,ACT_EU_INST_CJEU_JUDG_AG_DE_KOK
DOC_JUDG_CJ_2015_0244_20160526,ACT_EU_INST_CJEU_JUDG_AG_BE_WAT
DOC_JUDG_CJ_2015_0245_20170302,ACT_EU_INST_CJEU_JUDG_AG_DK_SAU_OE
DOC_JUDG_CJ_2015_0247_P_20170126,ACT_EU_INST_CJEU_JUDG_AG_IT_MEN
DOC_JUDG_CJ_2015_0248_P_20170126,ACT_EU_INST_CJEU_JUDG_AG_IT_MEN
DOC_JUDG_CJ_2015_0249_20180118,ACT_EU_INST_CJEU_JUDG_AG_BE_WAT
DOC_JUDG_CJ_2015_0252_P_20160317,ACT_EU_INST_CJEU_JUDG_AG_DE_KOK
DOC_JUDG_CJ_2015_0255_20160622,ACT_EU_INST_CJEU_JUDG_AG_FR_BOT
DOC_JUDG_CJ_2015_0256_20161215,ACT_EU_INST_CJEU_JUDG_AG_CZ_BOB
DOC_JUDG_CJ_2015_0258_20161115,ACT_EU_INST_CJEU_JUDG_AG_IT_MEN
DOC_JUDG_CJ_2015_0261_20160921,ACT_EU_INST_CJEU_JUDG_AG_SE_WAH
DOC_JUDG_CJ_2015_0262_20160526,ACT_EU_INST_CJEU_JUDG_AG_ES_CAM_SAN_BOR
DOC_JUDG_CJ_2015_0263_20160602,ACT_EU_INST_CJEU_JUDG_AG_UK_SHA
DOC_JUDG_CJ_2015_0266_P_20160407,ACT_EU_INST_CJEU_JUDG_AG_DK_SAU_OE
DOC_JUDG_CJ_2015_0267_20160622,ACT_EU_INST_CJEU_JUDG_AG_DE_KOK
DOC_JUDG_CJ_2015_0268_20161115,ACT_EU_INST_CJEU_JUDG_AG_FR_BOT
DOC_JUDG_CJ_2015_0269_20161026,ACT_EU_INST_CJEU_JUDG_AG_UK_SHA
DOC_JUDG_CJ_2015_0270_P_20160630,ACT_EU_INST_CJEU_JUDG_AG_CZ_BOB
DOC_JUDG_CJ_2015_0271_P_20160714,ACT_EU_INST_CJEU_JUDG_AG_SE_WAH
DOC_JUDG_CJ_2015_0272_20161221,ACT_EU_INST_CJEU_JUDG_AG_DK_SAU_OE
DOC_JUDG_CJ_2015_0273_20160526,ACT_EU_INST_CJEU_JUDG_AG_ES_CAM_SAN_BOR
DOC_JUDG_CJ_2015_0274_20170504,ACT_EU_INST_CJEU_JUDG_AG_DE_KOK
DOC_JUDG_CJ_2015_0275_20170301,ACT_EU_INST_CJEU_JUDG_AG_DK_SAU_OE
DOC_JUDG_CJ_2015_0276_20161026,ACT_EU_INST_CJEU_JUDG_AG_PL_SZP
DOC_JUDG_CJ_2015_0277_20161013,ACT_EU_INST_CJEU_JUDG_AG_UK_SHA
DOC_JUDG_CJ_2015_0280_20160622,ACT_EU_INST_CJEU_JUDG_AG_BE_WAT
DOC_JUDG_CJ_2015_0282_20170119,ACT_EU_INST_CJEU_JUDG_AG_CZ_BOB
DOC_JUDG_CJ_2015_0283_20170209,ACT_EU_INST_CJEU_JUDG_AG_BE_WAT
DOC_JUDG_CJ_2015_0284_20160407,ACT_EU_INST_CJEU_JUDG_AG_SE_WAH
DOC_JUDG_CJ_2015_0286_20160526,ACT_EU_INST_CJEU_JUDG_AG_IT_MEN
DOC_JUDG_CJ_2015_0288_20160609,ACT_EU_INST_CJEU_JUDG_AG_SE_WAH
DOC_JUDG_CJ_2015_0289_20170111,ACT_EU_INST_CJEU_JUDG_AG_CZ_BOB
DOC_JUDG_CJ_2015_0290_20161027,ACT_EU_INST_CJEU_JUDG_AG_DE_KOK
DOC_JUDG_CJ_2015_0291_20160616,ACT_EU_INST_CJEU_JUDG_AG_DE_KOK
DOC_JUDG_CJ_2015_0292_20161027,ACT_EU_INST_CJEU_JUDG_AG_UK_SHA
DOC_JUDG_CJ_2015_0294_20161013,ACT_EU_INST_CJEU_JUDG_AG_BE_WAT
DOC_JUDG_CJ_2015_0296_20170608,ACT_EU_INST_CJEU_JUDG_AG_DK_SAU_OE
DOC_JUDG_CJ_2015_0297_20161110,ACT_EU_INST_CJEU_JUDG_AG_BE_WAT
DOC_JUDG_CJ_2015_0298_20170405,ACT_EU_INST_CJEU_JUDG_AG_UK_SHA
DOC_JUDG_CJ_2015_0300_20160526,ACT_EU_INST_CJEU_JUDG_AG_ES_CAM_SAN_BOR
DOC_JUDG_CJ_2015_0301_20161116,ACT_EU_INST_CJEU_JUDG_AG_BE_WAT
DOC_JUDG_CJ_2015_0303_20161013,ACT_EU_INST_CJEU_JUDG_AG_CZ_BOB
DOC_JUDG_CJ_2015_0304_20160921,ACT_EU_INST_CJEU_JUDG_AG_CZ_BOB
DOC_JUDG_CJ_2015_0310_20160907,ACT_EU_INST_CJEU_JUDG_AG_DK_SAU_OE
DOC_JUDG_CJ_2015_0313_20161110,ACT_EU_INST_CJEU_JUDG_AG_ES_CAM_SAN_BOR
DOC_JUDG_CJ_2015_0314_20161123,ACT_EU_INST_CJEU_JUDG_AG_CZ_BOB
DOC_JUDG_CJ_2015_0315_20170504,ACT_EU_INST_CJEU_JUDG_AG_FR_BOT
DOC_JUDG_CJ_2015_0316_20161116,ACT_EU_INST_CJEU_JUDG_AG_BE_WAT
DOC_JUDG_CJ_2015_0317_20170215,ACT_EU_INST_CJEU_JUDG_AG_IT_MEN
DOC_JUDG_CJ_2015_0318_20161006,ACT_EU_INST_CJEU_JUDG_AG_FR_BOT
DOC_JUDG_CJ_2015_0320_20170914,ACT_EU_INST_CJEU_JUDG_AG_CZ_BOB
DOC_JUDG_CJ_2015_0321_20170308,ACT_EU_INST_CJEU_JUDG_AG_ES_CAM_SAN_BOR
DOC_JUDG_CJ_2015_0323_P_20170315,ACT_EU_INST_CJEU_JUDG_AG_IT_MEN
DOC_JUDG_CJ_2015_0324_P_20170315,ACT_EU_INST_CJEU_JUDG_AG_IT_MEN
DOC_JUDG_CJ_2015_0326_20170921,ACT_EU_INST_CJEU_JUDG_AG_DE_KOK
DOC_JUDG_CJ_2015_0327_20161221,ACT_EU_INST_CJEU_JUDG_AG_SE_WAH
DOC_JUDG_CJ_2015_0329_20170913,ACT_EU_INST_CJEU_JUDG_AG_DK_SAU_OE
DOC_JUDG_CJ_2015_0330_P_20160728,ACT_EU_INST_CJEU_JUDG_AG_IT_MEN
DOC_JUDG_CJ_2015_0331_P_20170907,ACT_EU_INST_CJEU_JUDG_AG_BE_WAT
DOC_JUDG_CJ_2015_0332_20160728,ACT_EU_INST_CJEU_JUDG_AG_UK_SHA
DOC_JUDG_CJ_2015_0333_20160609,ACT_EU_INST_CJEU_JUDG_AG_DE_KOK
DOC_JUDG_CJ_2015_0335_20160714,ACT_EU_INST_CJEU_JUDG_AG_DK_SAU_OE
DOC_JUDG_CJ_2015_0336_20170406,ACT_EU_INST_CJEU_JUDG_AG_BG_TAN
DOC_JUDG_CJ_2015_0337_P_20170404,ACT_EU_INST_CJEU_JUDG_AG_SE_WAH
DOC_JUDG_CJ_2015_0339_20170504,ACT_EU_INST_CJEU_JUDG_AG_FR_BOT
DOC_JUDG_CJ_2015_0340_20161012,ACT_EU_INST_CJEU_JUDG_AG_PL_SZP
DOC_JUDG_CJ_2015_0341_20160720,ACT_EU_INST_CJEU_JUDG_AG_UK_SHA
DOC_JUDG_CJ_2015_0342_20170309,ACT_EU_INST_CJEU_JUDG_AG_PL_SZP
DOC_JUDG_CJ_2015_0344_20170119,ACT_EU_INST_CJEU_JUDG_AG_PL_SZP
DOC_JUDG_CJ_2015_0348_20161117,ACT_EU_INST_CJEU_JUDG_AG_DE_KOK
DOC_JUDG_CJ_2015_0351_P_20170119,ACT_EU_INST_CJEU_JUDG_AG_SE_WAH
DOC_JUDG_CJ_2015_0354_20170302,ACT_EU_INST_CJEU_JUDG_AG_CZ_BOB
DOC_JUDG_CJ_2015_0355_20161221,ACT_EU_INST_CJEU_JUDG_AG_BE_WAT
DOC_JUDG_CJ_2015_0356_20180711,ACT_EU_INST_CJEU_JUDG_AG_DK_SAU_OE
DOC_JUDG_CJ_2015_0358_P_20160512,ACT_EU_INST_CJEU_JUDG_AG_DE_KOK
DOC_JUDG_CJ_2015_0360_20180130,ACT_EU_INST_CJEU_JUDG_AG_PL_SZP
DOC_JUDG_CJ_2015_0361_P_20170921,ACT_EU_INST_CJEU_JUDG_AG_FR_BOT
DOC_JUDG_CJ_2015_0365_20170118,ACT_EU_INST_CJEU_JUDG_AG_ES_CAM_SAN_BOR
DOC_JUDG_CJ_2015_0367_20170125,ACT_EU_INST_CJEU_JUDG_AG_UK_SHA
DOC_JUDG_CJ_2015_0368_20170615,ACT_EU_INST_CJEU_JUDG_AG_IT_MEN
DOC_JUDG_CJ_2015_0373_P_20170126,ACT_EU_INST_CJEU_JUDG_AG_SE_WAH
DOC_JUDG_CJ_2015_0375_20170125,ACT_EU_INST_CJEU_JUDG_AG_CZ_BOB
DOC_JUDG_CJ_2015_0376_P_20170405,ACT_EU_INST_CJEU_JUDG_AG_IT_MEN
DOC_JUDG_CJ_2015_0378_20161214,ACT_EU_INST_CJEU_JUDG_AG_DK_SAU_OE
DOC_JUDG_CJ_2015_0379_20160728,ACT_EU_INST_CJEU_JUDG_AG_DE_KOK
DOC_JUDG_CJ_2015_0387_20160721,ACT_EU_INST_CJEU_JUDG_AG_UK_SHA
DOC_JUDG_CJ_2015_0389_20171025,ACT_EU_INST_CJEU_JUDG_AG_FR_BOT
DOC_JUDG_CJ_2015_0390_20170307,ACT_EU_INST_CJEU_JUDG_AG_DE_KOK
DOC_JUDG_CJ_2015_0391_20170405,ACT_EU_INST_CJEU_JUDG_AG_CZ_BOB
DOC_JUDG_CJ_2015_0392_20170201,ACT_EU_INST_CJEU_JUDG_AG_PL_SZP
DOC_JUDG_CJ_2015_0395_20161201,ACT_EU_INST_CJEU_JUDG_AG_FR_BOT
DOC_JUDG_CJ_2015_0398_20170309,ACT_EU_INST_CJEU_JUDG_AG_FR_BOT
DOC_JUDG_CJ_2015_0400_20160915,ACT_EU_INST_CJEU_JUDG_AG_ES_CAM_SAN_BOR
DOC_JUDG_CJ_2015_0401_20161215,ACT_EU_INST_CJEU_JUDG_AG_BE_WAT
DOC_JUDG_CJ_2015_0404_20160405,ACT_EU_INST_CJEU_JUDG_AG_FR_BOT
DOC_JUDG_CJ_2015_0406_20170309,ACT_EU_INST_CJEU_JUDG_AG_DK_SAU_OE
DOC_JUDG_CJ_2015_0408_P_20161124,ACT_EU_INST_CJEU_JUDG_AG_PL_SZP
DOC_JUDG_CJ_2015_0411_P_20170112,ACT_EU_INST_CJEU_JUDG_AG_DK_SAU_OE
DOC_JUDG_CJ_2015_0412_20161005,ACT_EU_INST_CJEU_JUDG_AG_SE_WAH
DOC_JUDG_CJ_2015_0413_20171010,ACT_EU_INST_CJEU_JUDG_AG_UK_SHA
DOC_JUDG_CJ_2015_0414_P_20170315,ACT_EU_INST_CJEU_JUDG_AG_PL_SZP
DOC_JUDG_CJ_2015_0415_P_20170315,ACT_EU_INST_CJEU_JUDG_AG_PL_SZP
DOC_JUDG_CJ_2015_0416_20160630,ACT_EU_INST_CJEU_JUDG_AG_PL_SZP
DOC_JUDG_CJ_2015_0417_20161116,ACT_EU_INST_CJEU_JUDG_AG_DE_KOK
DOC_JUDG_CJ_2015_0419_20160622,ACT_EU_INST_CJEU_JUDG_AG_BE_WAT
DOC_JUDG_CJ_2015_0420_20170531,ACT_EU_INST_CJEU_JUDG_AG_PL_SZP
DOC_JUDG_CJ_2015_0421_P_20170511,ACT_EU_INST_CJEU_JUDG_AG_PL_SZP
DOC_JUDG_CJ_2015_0423_20160728,ACT_EU_INST_CJEU_JUDG_AG_BE_WAT
DOC_JUDG_CJ_2015_0424_20161019,ACT_EU_INST_CJEU_JUDG_AG_FR_BOT
DOC_JUDG_CJ_2015_0427_20170118,ACT_EU_INST_CJEU_JUDG_AG_DK_SAU_OE
DOC_JUDG_CJ_2015_0428_20161027,ACT_EU_INST_CJEU_JUDG_AG_BE_WAT
DOC_JUDG_CJ_2015_0429_20161020,ACT_EU_INST_CJEU_JUDG_AG_FR_BOT
DOC_JUDG_CJ_2015_0430_20170201,ACT_EU_INST_CJEU_JUDG_AG_DK_SAU_OE
DOC_JUDG_CJ_2015_0432_20161110,ACT_EU_INST_CJEU_JUDG_AG_SE_WAH
DOC_JUDG_CJ_2015_0433_20180124,ACT_EU_INST_CJEU_JUDG_AG_UK_SHA
DOC_JUDG_CJ_2015_0434_20171220,ACT_EU_INST_CJEU_JUDG_AG_PL_SZP
DOC_JUDG_CJ_2015_0435_20170322,ACT_EU_INST_CJEU_JUDG_AG_ES_CAM_SAN_BOR
DOC_JUDG_CJ_2015_0436_20170615,ACT_EU_INST_CJEU_JUDG_AG_UK_SHA
DOC_JUDG_CJ_2015_0437_P_20170517,ACT_EU_INST_CJEU_JUDG_AG_ES_CAM_SAN_BOR
DOC_JUDG_CJ_2015_0441_20170209,ACT_EU_INST_CJEU_JUDG_AG_PL_SZP
DOC_JUDG_CJ_2015_0442_P_20160922,ACT_EU_INST_CJEU_JUDG_AG_CZ_BOB
DOC_JUDG_CJ_2015_0443_20161124,ACT_EU_INST_CJEU_JUDG_AG_DE_KOK
DOC_JUDG_CJ_2015_0444_20161221,ACT_EU_INST_CJEU_JUDG_AG_DE_KOK
DOC_JUDG_CJ_2015_0447_20160707,ACT_EU_INST_CJEU_JUDG_AG_FR_BOT
DOC_JUDG_CJ_2015_0448_20170308,ACT_EU_INST_CJEU_JUDG_AG_ES_CAM_SAN_BOR
DOC_JUDG_CJ_2015_0453_20161208,ACT_EU_INST_CJEU_JUDG_AG_BE_WAT
DOC_JUDG_CJ_2015_0454_20161124,ACT_EU_INST_CJEU_JUDG_AG_CZ_BOB
DOC_JUDG_CJ_2015_0455_PPU_20151119,ACT_EU_INST_CJEU_JUDG_AG_BE_WAT
DOC_JUDG_CJ_2015_0457_20160728,ACT_EU_INST_CJEU_JUDG_AG_UK_SHA
DOC_JUDG_CJ_2015_0458_20190620,ACT_EU_INST_CJEU_JUDG_AG_UK_SHA
DOC_JUDG_CJ_2015_0459_P_20160908,ACT_EU_INST_CJEU_JUDG_AG_IT_MEN
DOC_JUDG_CJ_2015_0460_20170119,ACT_EU_INST_CJEU_JUDG_AG_UK_SHA
DOC_JUDG_CJ_2015_0461_20160908,ACT_EU_INST_CJEU_JUDG_AG_UK_SHA
DOC_JUDG_CJ_2015_0464_20160630,ACT_EU_INST_CJEU_JUDG_AG_UK_SHA
DOC_JUDG_CJ_2015_0465_20170907,ACT_EU_INST_CJEU_JUDG_AG_CZ_BOB
DOC_JUDG_CJ_2015_0466_20161006,ACT_EU_INST_CJEU_JUDG_AG_BE_WAT
DOC_JUDG_CJ_2015_0467_P_20171025,ACT_EU_INST_CJEU_JUDG_AG_BE_WAT
DOC_JUDG_CJ_2015_0468_P_20161026,ACT_EU_INST_CJEU_JUDG_AG_IT_MEN
DOC_JUDG_CJ_2015_0469_P_20170427,ACT_EU_INST_CJEU_JUDG_AG_DE_KOK
DOC_JUDG_CJ_2015_0471_20170118,ACT_EU_INST_CJEU_JUDG_AG_FR_BOT
DOC_JUDG_CJ_2015_0472_P_20171123,ACT_EU_INST_CJEU_JUDG_AG_SE_WAH
DOC_JUDG_CJ_2015_0478_20160921,ACT_EU_INST_CJEU_JUDG_AG_BE_WAT
DOC_JUDG_CJ_2015_0482_P_20161026,ACT_EU_INST_CJEU_JUDG_AG_FR_BOT
DOC_JUDG_CJ_2015_0484_20170309,ACT_EU_INST_CJEU_JUDG_AG_FR_BOT
DOC_JUDG_CJ_2015_0486_P_20161130,ACT_EU_INST_CJEU_JUDG_AG_IT_MEN
DOC_JUDG_CJ_2015_0488_20170405,ACT_EU_INST_CJEU_JUDG_AG_DE_KOK
DOC_JUDG_CJ_2015_0489_20171109,ACT_EU_INST_CJEU_JUDG_AG_IT_MEN
DOC_JUDG_CJ_2015_0490_P_20160914,ACT_EU_INST_CJEU_JUDG_AG_DE_KOK
DOC_JUDG_CJ_2015_0491_P_20170111,ACT_EU_INST_CJEU_JUDG_AG_CZ_BOB
DOC_JUDG_CJ_2015_0493_20170316,ACT_EU_INST_CJEU_JUDG_AG_UK_SHA
DOC_JUDG_CJ_2015_0494_20160707,ACT_EU_INST_CJEU_JUDG_AG_BE_WAT
DOC_JUDG_CJ_2015_0496_20170302,ACT_EU_INST_CJEU_JUDG_AG_BE_WAT
DOC_JUDG_CJ_2015_0497_20170322,ACT_EU_INST_CJEU_JUDG_AG_CZ_BOB
DOC_JUDG_CJ_2015_0499_20170215,ACT_EU_INST_CJEU_JUDG_AG_FR_BOT
DOC_JUDG_CJ_2015_0501_P_20171011,ACT_EU_INST_CJEU_JUDG_AG_SE_WAH
DOC_JUDG_CJ_2015_0502_20170504,ACT_EU_INST_CJEU_JUDG_AG_CZ_BOB
DOC_JUDG_CJ_2015_0503_20170216,ACT_EU_INST_CJEU_JUDG_AG_DE_KOK
DOC_JUDG_CJ_2015_0506_P_20170126,ACT_EU_INST_CJEU_JUDG_AG_SE_WAH
DOC_JUDG_CJ_2015_0507_20170216,ACT_EU_INST_CJEU_JUDG_AG_PL_SZP
DOC_JUDG_CJ_2015_0508_20161221,ACT_EU_INST_CJEU_JUDG_AG_IT_MEN
DOC_JUDG_CJ_2015_0513_20170615,ACT_EU_INST_CJEU_JUDG_AG_FR_BOT
DOC_JUDG_CJ_2015_0516_P_20170427,ACT_EU_INST_CJEU_JUDG_AG_SE_WAH
DOC_JUDG_CJ_2015_0517_P_20170726,ACT_EU_INST_CJEU_JUDG_AG_PL_SZP
DOC_JUDG_CJ_2015_0518_20180221,ACT_EU_INST_CJEU_JUDG_AG_UK_SHA
DOC_JUDG_CJ_2015_0519_P_20160914,ACT_EU_INST_CJEU_JUDG_AG_DE_KOK
DOC_JUDG_CJ_2015_0521_20171220,ACT_EU_INST_CJEU_JUDG_AG_DE_KOK
DOC_JUDG_CJ_2015_0524_20180320,ACT_EU_INST_CJEU_JUDG_AG_ES_CAM_SAN_BOR
DOC_JUDG_CJ_2015_0527_20170426,ACT_EU_INST_CJEU_JUDG_AG_ES_CAM_SAN_BOR
DOC_JUDG_CJ_2015_0528_20170315,ACT_EU_INST_CJEU_JUDG_AG_DK_SAU_OE
DOC_JUDG_CJ_2015_0529_20170601,ACT_EU_INST_CJEU_JUDG_AG_CZ_BOB
DOC_JUDG_CJ_2015_0531_20171019,ACT_EU_INST_CJEU_JUDG_AG_UK_SHA
DOC_JUDG_CJ_2015_0532_20161208,ACT_EU_INST_CJEU_JUDG_AG_BE_WAT
DOC_JUDG_CJ_2015_0535_20170427,ACT_EU_INST_CJEU_JUDG_AG_BG_TAN
DOC_JUDG_CJ_2015_0536_20170315,ACT_EU_INST_CJEU_JUDG_AG_FR_BOT
DOC_JUDG_CJ_2015_0539_20161221,ACT_EU_INST_CJEU_JUDG_AG_FR_BOT
DOC_JUDG_CJ_2015_0541_20170608,ACT_EU_INST_CJEU_JUDG_AG_PL_SZP
DOC_JUDG_CJ_2015_0544_20170404,ACT_EU_INST_CJEU_JUDG_AG_PL_SZP
DOC_JUDG_CJ_2015_0547_20161221,ACT_EU_INST_CJEU_JUDG_AG_FR_BOT
DOC_JUDG_CJ_2015_0548_20161110,ACT_EU_INST_CJEU_JUDG_AG_IT_MEN
DOC_JUDG_CJ_2015_0549_20170622,ACT_EU_INST_CJEU_JUDG_AG_ES_CAM_SAN_BOR
DOC_JUDG_CJ_2015_0551_20170309,ACT_EU_INST_CJEU_JUDG_AG_CZ_BOB
DOC_JUDG_CJ_2015_0552_20170919,ACT_EU_INST_CJEU_JUDG_AG_PL_SZP
DOC_JUDG_CJ_2015_0553_20161208,ACT_EU_INST_CJEU_JUDG_AG_ES_CAM_SAN_BOR
DOC_JUDG_CJ_2015_0557_20180621,ACT_EU_INST_CJEU_JUDG_AG_UK_SHA
DOC_JUDG_CJ_2015_0558_20161215,ACT_EU_INST_CJEU_JUDG_AG_IT_MEN
DOC_JUDG_CJ_2015_0559_20170427,ACT_EU_INST_CJEU_JUDG_AG_FR_BOT
DOC_JUDG_CJ_2015_0560_20170726,ACT_EU_INST_CJEU_JUDG_AG_DE_KOK
DOC_JUDG_CJ_2015_0562_20170208,ACT_EU_INST_CJEU_JUDG_AG_DK_SAU_OE
DOC_JUDG_CJ_2015_0563_20170315,ACT_EU_INST_CJEU_JUDG_AG_FR_BOT
DOC_JUDG_CJ_2015_0564_20170426,ACT_EU_INST_CJEU_JUDG_AG_CZ_BOB
DOC_JUDG_CJ_2015_0566_20170718,ACT_EU_INST_CJEU_JUDG_AG_DK_SAU_OE
DOC_JUDG_CJ_2015_0567_20171005,ACT_EU_INST_CJEU_JUDG_AG_ES_CAM_SAN_BOR
DOC_JUDG_CJ_2015_0568_20170302,ACT_EU_INST_CJEU_JUDG_AG_PL_SZP
DOC_JUDG_CJ_2015_0569_20170913,ACT_EU_INST_CJEU_JUDG_AG_PL_SZP
DOC_JUDG_CJ_2015_0570_20170913,ACT_EU_INST_CJEU_JUDG_AG_PL_SZP
DOC_JUDG_CJ_2015_0571_20170601,ACT_EU_INST_CJEU_JUDG_AG_ES_CAM_SAN_BOR
DOC_JUDG_CJ_2015_0572_20161005,ACT_EU_INST_CJEU_JUDG_AG_BE_WAT
DOC_JUDG_CJ_2015_0573_20170309,ACT_EU_INST_CJEU_JUDG_AG_IT_MEN
DOC_JUDG_CJ_2015_0574_20180502,ACT_EU_INST_CJEU_JUDG_AG_CZ_BOB
DOC_JUDG_CJ_2015_0576_20161005,ACT_EU_INST_CJEU_JUDG_AG_SE_WAH
DOC_JUDG_CJ_2015_0577_P_20161214,ACT_EU_INST_CJEU_JUDG_AG_IT_MEN
DOC_JUDG_CJ_2015_0579_20170629,ACT_EU_INST_CJEU_JUDG_AG_FR_BOT
DOC_JUDG_CJ_2015_0580_20170608,ACT_EU_INST_CJEU_JUDG_AG_SE_WAH
DOC_JUDG_CJ_2015_0582_20170125,ACT_EU_INST_CJEU_JUDG_AG_FR_BOT
DOC_JUDG_CJ_2015_0583_20161005,ACT_EU_INST_CJEU_JUDG_AG_DK_SAU_OE
DOC_JUDG_CJ_2015_0584_20170302,ACT_EU_INST_CJEU_JUDG_AG_ES_CAM_SAN_BOR
DOC_JUDG_CJ_2015_0585_20170209,ACT_EU_INST_CJEU_JUDG_AG_UK_SHA
DOC_JUDG_CJ_2015_0587_20170615,ACT_EU_INST_CJEU_JUDG_AG_CZ_BOB
DOC_JUDG_CJ_2015_0588_P_20170914,ACT_EU_INST_CJEU_JUDG_AG_PL_SZP
DOC_JUDG_CJ_2015_0589_P_20170912,ACT_EU_INST_CJEU_JUDG_AG_IT_MEN
DOC_JUDG_CJ_2015_0591_20170613,ACT_EU_INST_CJEU_JUDG_AG_PL_SZP
DOC_JUDG_CJ_2015_0592_20170215,ACT_EU_INST_CJEU_JUDG_AG_FR_BOT
DOC_JUDG_CJ_2015_0593_P_20171025,ACT_EU_INST_CJEU_JUDG_AG_DE_KOK
DOC_JUDG_CJ_2015_0595_P_20160922,ACT_EU_INST_CJEU_JUDG_AG_IT_MEN
DOC_JUDG_CJ_2015_0596_P_20171123,ACT_EU_INST_CJEU_JUDG_AG_CZ_BOB
DOC_JUDG_CJ_2015_0598_20171207,ACT_EU_INST_CJEU_JUDG_AG_SE_WAH
DOC_JUDG_CJ_2015_0599_P_20171025,ACT_EU_INST_CJEU_JUDG_AG_DE_KOK
DOC_JUDG_CJ_2015_0600_20161208,ACT_EU_INST_CJEU_JUDG_AG_FR_BOT
DOC_JUDG_CJ_2015_0601_PPU_20160215,ACT_EU_INST_CJEU_JUDG_AG_UK_SHA
DOC_JUDG_CJ_2015_0605_20170921,ACT_EU_INST_CJEU_JUDG_AG_DE_KOK
DOC_JUDG_CJ_2015_0610_20170614,ACT_EU_INST_CJEU_JUDG_AG_PL_SZP
DOC_JUDG_CJ_2015_0612_20180605,ACT_EU_INST_CJEU_JUDG_AG_FR_BOT
DOC_JUDG_CJ_2015_0615_P_20170309,ACT_EU_INST_CJEU_JUDG_AG_PL_SZP
DOC_JUDG_CJ_2015_0616_20170921,ACT_EU_INST_CJEU_JUDG_AG_BE_WAT
DOC_JUDG_CJ_2015_0617_20170518,ACT_EU_INST_CJEU_JUDG_AG_BG_TAN
DOC_JUDG_CJ_2015_0618_20161221,ACT_EU_INST_CJEU_JUDG_AG_BE_WAT
DOC_JUDG_CJ_2015_0620_20170427,ACT_EU_INST_CJEU_JUDG_AG_DK_SAU_OE
DOC_JUDG_CJ_2015_0621_20170621,ACT_EU_INST_CJEU_JUDG_AG_CZ_BOB
DOC_JUDG_CJ_2015_0623_P_20170118,ACT_EU_INST_CJEU_JUDG_AG_PL_SZP
DOC_JUDG_CJ_2015_0624_20170518,ACT_EU_INST_CJEU_JUDG_AG_IT_MEN
DOC_JUDG_CJ_2015_0625_P_20170608,ACT_EU_INST_CJEU_JUDG_AG_ES_CAM_SAN_BOR
DOC_JUDG_CJ_2015_0626_20181120,ACT_EU_INST_CJEU_JUDG_AG_DE_KOK
DOC_JUDG_CJ_2015_0628_20170914,ACT_EU_INST_CJEU_JUDG_AG_BE_WAT
DOC_JUDG_CJ_2015_0629_P_20170628,ACT_EU_INST_CJEU_JUDG_AG_CZ_BOB
DOC_JUDG_CJ_2015_0632_20170426,ACT_EU_INST_CJEU_JUDG_AG_DK_SAU_OE
DOC_JUDG_CJ_2015_0633_20170713,ACT_EU_INST_CJEU_JUDG_AG_BE_WAT
DOC_JUDG_CJ_2015_0638_20170406,ACT_EU_INST_CJEU_JUDG_AG_SE_WAH
DOC_JUDG_CJ_2015_0640_20170125,ACT_EU_INST_CJEU_JUDG_AG_CZ_BOB
DOC_JUDG_CJ_2015_0641_20170216,ACT_EU_INST_CJEU_JUDG_AG_PL_SZP
DOC_JUDG_CJ_2015_0642_P_20161201,ACT_EU_INST_CJEU_JUDG_AG_DE_KOK
DOC_JUDG_CJ_2015_0643_20170906,ACT_EU_INST_CJEU_JUDG_AG_FR_BOT
DOC_JUDG_CJ_2015_0644_P_20161215,ACT_EU_INST_CJEU_JUDG_AG_DK_SAU_OE
DOC_JUDG_CJ_2015_0645_20161124,ACT_EU_INST_CJEU_JUDG_AG_ES_CAM_SAN_BOR
DOC_JUDG_CJ_2015_0646_20170914,ACT_EU_INST_CJEU_JUDG_AG_DE_KOK
DOC_JUDG_CJ_2015_0648_20170912,ACT_EU_INST_CJEU_JUDG_AG_IT_MEN
DOC_JUDG_CJ_2015_0649_P_20171109,ACT_EU_INST_CJEU_JUDG_AG_BE_WAT
DOC_JUDG_CJ_2015_0650_P_20171025,ACT_EU_INST_CJEU_JUDG_AG_UK_SHA
DOC_JUDG_CJ_2015_0651_P_20170713,ACT_EU_INST_CJEU_JUDG_AG_UK_SHA
DOC_JUDG_CJ_2015_0652_20170329,ACT_EU_INST_CJEU_JUDG_AG_IT_MEN
DOC_JUDG_CJ_2015_0654_20161221,ACT_EU_INST_CJEU_JUDG_AG_ES_CAM_SAN_BOR
DOC_JUDG_CJ_2015_0655_P_20170302,ACT_EU_INST_CJEU_JUDG_AG_IT_MEN
DOC_JUDG_CJ_2015_0656_P_20171109,ACT_EU_INST_CJEU_JUDG_AG_BE_WAT
DOC_JUDG_CJ_2015_0657_P_20171109,ACT_EU_INST_CJEU_JUDG_AG_BE_WAT
DOC_JUDG_CJ_2015_0658_20171116,ACT_EU_INST_CJEU_JUDG_AG_ES_CAM_SAN_BOR
DOC_JUDG_CJ_2015_0660_P_20170308,ACT_EU_INST_CJEU_JUDG_AG_SE_WAH
DOC_JUDG_CJ_2015_0661_20171012,ACT_EU_INST_CJEU_JUDG_AG_DK_SAU_OE
DOC_JUDG_CJ_2015_0662_20161124,ACT_EU_INST_CJEU_JUDG_AG_UK_SHA
DOC_JUDG_CJ_2015_0664_20171220,ACT_EU_INST_CJEU_JUDG_AG_UK_SHA
DOC_JUDG_CJ_2015_0665_20170322,ACT_EU_INST_CJEU_JUDG_AG_FR_BOT
DOC_JUDG_CJ_2015_0667_20161215,ACT_EU_INST_CJEU_JUDG_AG_UK_SHA
DOC_JUDG_CJ_2015_0668_20170406,ACT_EU_INST_CJEU_JUDG_AG_SE_WAH
DOC_JUDG_CJ_2015_0670_20170726,ACT_EU_INST_CJEU_JUDG_AG_PL_SZP
DOC_JUDG_CJ_2015_0671_20171114,ACT_EU_INST_CJEU_JUDG_AG_SE_WAH
DOC_JUDG_CJ_2015_0672_20170427,ACT_EU_INST_CJEU_JUDG_AG_CZ_BOB
DOC_JUDG_CJ_2015_0673_P_20170920,ACT_EU_INST_CJEU_JUDG_AG_IT_MEN
DOC_JUDG_CJ_2015_0677_P_20171220,ACT_EU_INST_CJEU_JUDG_AG_DK_SAU_OE
DOC_JUDG_CJ_2015_0678_20170614,ACT_EU_INST_CJEU_JUDG_AG_ES_CAM_SAN_BOR
DOC_JUDG_CJ_2015_0679_20170125,ACT_EU_INST_CJEU_JUDG_AG_SE_WAH
DOC_JUDG_CJ_2015_0680_20170427,ACT_EU_INST_CJEU_JUDG_AG_FR_BOT
DOC_JUDG_CJ_2015_0682_20170516,ACT_EU_INST_CJEU_JUDG_AG_BE_WAT
DOC_JUDG_CJ_2015_0685_20170614,ACT_EU_INST_CJEU_JUDG_AG_UK_SHA
DOC_JUDG_CJ_2015_0686_20161207,ACT_EU_INST_CJEU_JUDG_AG_PL_SZP
DOC_JUDG_CJ_2015_0687_20171025,ACT_EU_INST_CJEU_JUDG_AG_DK_SAU_OE
DOC_JUDG_CJ_2015_0688_20180322,ACT_EU_INST_CJEU_JUDG_AG_ES_CAM_SAN_BOR
DOC_JUDG_CJ_2015_0689_20170608,ACT_EU_INST_CJEU_JUDG_AG_BE_WAT
DOC_JUDG_CJ_2015_0690_20170510,ACT_EU_INST_CJEU_JUDG_AG_IT_MEN
DOC_JUDG_CJ_2015_0691_P_20171122,ACT_EU_INST_CJEU_JUDG_AG_CZ_BOB
DOC_JUDG_CJ_2015_0695_PPU_20160317,ACT_EU_INST_CJEU_JUDG_AG_DE_KOK
DOC_JUDG_CJ_2015_0696_P_20170726,ACT_EU_INST_CJEU_JUDG_AG_DK_SAU_OE
DOC_JUDG_CJ_2015_0699_20170504,ACT_EU_INST_CJEU_JUDG_AG_DE_KOK
DOC_JUDG_CJ_2015_0700_20161215,ACT_EU_INST_CJEU_JUDG_AG_CZ_BOB
DOC_JUDG_CJ_2015_0701_20170713,ACT_EU_INST_CJEU_JUDG_AG_ES_CAM_SAN_BOR
DOC_JUDG_CJ_2016_0003_20170315,ACT_EU_INST_CJEU_JUDG_AG_DK_SAU_OE
DOC_JUDG_CJ_2016_0004_20170302,ACT_EU_INST_CJEU_JUDG_AG_ES_CAM_SAN_BOR
DOC_JUDG_CJ_2016_0005_20180621,ACT_EU_INST_CJEU_JUDG_AG_IT_MEN
DOC_JUDG_CJ_2016_0006_20170907,ACT_EU_INST_CJEU_JUDG_AG_DE_KOK
DOC_JUDG_CJ_2016_0009_20170621,ACT_EU_INST_CJEU_JUDG_AG_BE_WAT
DOC_JUDG_CJ_2016_0013_20170504,ACT_EU_INST_CJEU_JUDG_AG_CZ_BOB
DOC_JUDG_CJ_2016_0014_20170308,ACT_EU_INST_CJEU_JUDG_AG_BE_WAT
DOC_JUDG_CJ_2016_0015_20180619,ACT_EU_INST_CJEU_JUDG_AG_FR_BOT
DOC_JUDG_CJ_2016_0016_P_20180220,ACT_EU_INST_CJEU_JUDG_AG_CZ_BOB
DOC_JUDG_CJ_2016_0017_20170504,ACT_EU_INST_CJEU_JUDG_AG_IT_MEN
DOC_JUDG_CJ_2016_0018_20170914,ACT_EU_INST_CJEU_JUDG_AG_UK_SHA
DOC_JUDG_CJ_2016_0019_P_20170615,ACT_EU_INST_CJEU_JUDG_AG_IT_MEN
DOC_JUDG_CJ_2016_0020_20170622,ACT_EU_INST_CJEU_JUDG_AG_ES_CAM_SAN_BOR
DOC_JUDG_CJ_2016_0021_20170209,ACT_EU_INST_CJEU_JUDG_AG_IT_MEN
DOC_JUDG_CJ_2016_0023_20161005,ACT_EU_INST_CJEU_JUDG_AG_DK_SAU_OE
DOC_JUDG_CJ_2016_0024_20170927,ACT_EU_INST_CJEU_JUDG_AG_FR_BOT
DOC_JUDG_CJ_2016_0026_20170614,ACT_EU_INST_CJEU_JUDG_AG_IT_MEN
DOC_JUDG_CJ_2016_0029_20170504,ACT_EU_INST_CJEU_JUDG_AG_DK_SAU_OE
DOC_JUDG_CJ_2016_0033_20170504,ACT_EU_INST_CJEU_JUDG_AG_FR_BOT
DOC_JUDG_CJ_2016_0036_20170511,ACT_EU_INST_CJEU_JUDG_AG_DE_KOK
DOC_JUDG_CJ_2016_0037_20170118,ACT_EU_INST_CJEU_JUDG_AG_BE_WAT
DOC_JUDG_CJ_2016_0038_20170614,ACT_EU_INST_CJEU_JUDG_AG_ES_CAM_SAN_BOR
DOC_JUDG_CJ_2016_0039_20171026,ACT_EU_INST_CJEU_JUDG_AG_DE_KOK
DOC_JUDG_CJ_2016_0044_P_20170511,ACT_EU_INST_CJEU_JUDG_AG_DK_SAU_OE
DOC_JUDG_CJ_2016_0046_20171109,ACT_EU_INST_CJEU_JUDG_AG_DE_KOK
DOC_JUDG_CJ_2016_0047_20170316,ACT_EU_INST_CJEU_JUDG_AG_IT_MEN
DOC_JUDG_CJ_2016_0048_20170517,ACT_EU_INST_CJEU_JUDG_AG_PL_SZP
DOC_JUDG_CJ_2016_0049_20170622,ACT_EU_INST_CJEU_JUDG_AG_PL_SZP
DOC_JUDG_CJ_2016_0051_20170426,ACT_EU_INST_CJEU_JUDG_AG_IT_MEN
DOC_JUDG_CJ_2016_0052_20180306,ACT_EU_INST_CJEU_JUDG_AG_DK_SAU_OE
DOC_JUDG_CJ_2016_0054_20170608,ACT_EU_INST_CJEU_JUDG_AG_PL_SZP
DOC_JUDG_CJ_2016_0056_P_20170914,ACT_EU_INST_CJEU_JUDG_AG_ES_CAM_SAN_BOR
DOC_JUDG_CJ_2016_0057_P_20180904,ACT_EU_INST_CJEU_JUDG_AG_FR_BOT
DOC_JUDG_CJ_2016_0058_20170406,ACT_EU_INST_CJEU_JUDG_AG_BG_TAN
DOC_JUDG_CJ_2016_0059_20170511,ACT_EU_INST_CJEU_JUDG_AG_DE_KOK
DOC_JUDG_CJ_2016_0060_20170913,ACT_EU_INST_CJEU_JUDG_AG_FR_BOT
DOC_JUDG_CJ_2016_0061_P_20171214,ACT_EU_INST_CJEU_JUDG_AG_IT_MEN
DOC_JUDG_CJ_2016_0064_20180227,ACT_EU_INST_CJEU_JUDG_AG_DK_SAU_OE
DOC_JUDG_CJ_2016_0065_20171019,ACT_EU_INST_CJEU_JUDG_AG_DK_SAU_OE
DOC_JUDG_CJ_2016_0066_P_20171220,ACT_EU_INST_CJEU_JUDG_AG_BE_WAT
DOC_JUDG_CJ_2016_0070_P_20171220,ACT_EU_INST_CJEU_JUDG_AG_BE_WAT
DOC_JUDG_CJ_2016_0071_P_20170504,ACT_EU_INST_CJEU_JUDG_AG_DE_KOK
DOC_JUDG_CJ_2016_0073_20170927,ACT_EU_INST_CJEU_JUDG_AG_DE_KOK
DOC_JUDG_CJ_2016_0074_20170627,ACT_EU_INST_CJEU_JUDG_AG_DE_KOK
DOC_JUDG_CJ_2016_0075_20170614,ACT_EU_INST_CJEU_JUDG_AG_DK_SAU_OE
DOC_JUDG_CJ_2016_0076_20170713,ACT_EU_INST_CJEU_JUDG_AG_ES_CAM_SAN_BOR
DOC_JUDG_CJ_2016_0078_20160609,ACT_EU_INST_CJEU_JUDG_AG_FR_BOT
DOC_JUDG_CJ_2016_0080_20170726,ACT_EU_INST_CJEU_JUDG_AG_SE_WAH
DOC_JUDG_CJ_2016_0081_P_20171220,ACT_EU_INST_CJEU_JUDG_AG_BE_WAT
DOC_JUDG_CJ_2016_0082_20180508,ACT_EU_INST_CJEU_JUDG_AG_UK_SHA
DOC_JUDG_CJ_2016_0084_P_20170726,ACT_EU_INST_CJEU_JUDG_AG_DK_SAU_OE
DOC_JUDG_CJ_2016_0085_P_20180530,ACT_EU_INST_CJEU_JUDG_AG_UK_SHA
DOC_JUDG_CJ_2016_0089_20170713,ACT_EU_INST_CJEU_JUDG_AG_PL_SZP
DOC_JUDG_CJ_2016_0090_20171026,ACT_EU_INST_CJEU_JUDG_AG_PL_SZP
DOC_JUDG_CJ_2016_0093_20170720,ACT_EU_INST_CJEU_JUDG_AG_PL_SZP
DOC_JUDG_CJ_2016_0096_20180807,ACT_EU_INST_CJEU_JUDG_AG_SE_WAH
DOC_JUDG_CJ_2016_0097_20170302,ACT_EU_INST_CJEU_JUDG_AG_UK_SHA
DOC_JUDG_CJ_2016_0098_20170504,ACT_EU_INST_CJEU_JUDG_AG_DE_KOK
DOC_JUDG_CJ_2016_0099_20170518,ACT_EU_INST_CJEU_JUDG_AG_BE_WAT
DOC_JUDG_CJ_2016_0100_P_20170309,ACT_EU_INST_CJEU_JUDG_AG_BE_WAT
DOC_JUDG_CJ_2016_0101_20171019,ACT_EU_INST_CJEU_JUDG_AG_IT_MEN
DOC_JUDG_CJ_2016_0102_20171220,ACT_EU_INST_CJEU_JUDG_AG_BG_TAN
DOC_JUDG_CJ_2016_0103_20180222,ACT_EU_INST_CJEU_JUDG_AG_UK_SHA
DOC_JUDG_CJ_2016_0104_P_20161221,ACT_EU_INST_CJEU_JUDG_AG_BE_WAT
DOC_JUDG_CJ_2016_0105_P_20170309,ACT_EU_INST_CJEU_JUDG_AG_BG_TAN
DOC_JUDG_CJ_2016_0106_20171025,ACT_EU_INST_CJEU_JUDG_AG_DE_KOK
DOC_JUDG_CJ_2016_0108_PPU_20160524,ACT_EU_INST_CJEU_JUDG_AG_CZ_BOB
DOC_JUDG_CJ_2016_0111_20170913,ACT_EU_INST_CJEU_JUDG_AG_CZ_BOB
DOC_JUDG_CJ_2016_0112_20170726,ACT_EU_INST_CJEU_JUDG_AG_DE_KOK
DOC_JUDG_CJ_2016_0115_20190226,ACT_EU_INST_CJEU_JUDG_AG_DE_KOK
DOC_JUDG_CJ_2016_0116_20190226,ACT_EU_INST_CJEU_JUDG_AG_DE_KOK
DOC_JUDG_CJ_2016_0122_P_20171114,ACT_EU_INST_CJEU_JUDG_AG_IT_MEN
DOC_JUDG_CJ_2016_0123_P_20180725,ACT_EU_INST_CJEU_JUDG_AG_BE_WAT
DOC_JUDG_CJ_2016_0124_20170322,ACT_EU_INST_CJEU_JUDG_AG_FR_BOT
DOC_JUDG_CJ_2016_0125_20170921,ACT_EU_INST_CJEU_JUDG_AG_IT_MEN
DOC_JUDG_CJ_2016_0126_20170622,ACT_EU_INST_CJEU_JUDG_AG_IT_MEN
DOC_JUDG_CJ_2016_0127_P_20180307,ACT_EU_INST_CJEU_JUDG_AG_IT_MEN
DOC_JUDG_CJ_2016_0128_P_20180725,ACT_EU_INST_CJEU_JUDG_AG_CZ_BOB
DOC_JUDG_CJ_2016_0129_20170713,ACT_EU_INST_CJEU_JUDG_AG_DE_KOK
DOC_JUDG_CJ_2016_0131_20170511,ACT_EU_INST_CJEU_JUDG_AG_ES_CAM_SAN_BOR
DOC_JUDG_CJ_2016_0132_20170914,ACT_EU_INST_CJEU_JUDG_AG_DE_KOK
DOC_JUDG_CJ_2016_0133_20170713,ACT_EU_INST_CJEU_JUDG_AG_PL_SZP
DOC_JUDG_CJ_2016_0135_20180725,ACT_EU_INST_CJEU_JUDG_AG_ES_CAM_SAN_BOR
DOC_JUDG_CJ_2016_0138_20170316,ACT_EU_INST_CJEU_JUDG_AG_BE_WAT
DOC_JUDG_CJ_2016_0139_20170706,ACT_EU_INST_CJEU_JUDG_AG_BG_TAN
DOC_JUDG_CJ_2016_0142_20170426,ACT_EU_INST_CJEU_JUDG_AG_DK_SAU_OE
DOC_JUDG_CJ_2016_0143_20170719,ACT_EU_INST_CJEU_JUDG_AG_CZ_BOB
DOC_JUDG_CJ_2016_0144_20170201,ACT_EU_INST_CJEU_JUDG_AG_PL_SZP
DOC_JUDG_CJ_2016_0145_20170216,ACT_EU_INST_CJEU_JUDG_AG_SE_WAH
DOC_JUDG_CJ_2016_0146_20170330,ACT_EU_INST_CJEU_JUDG_AG_DK_SAU_OE
DOC_JUDG_CJ_2016_0147_20180517,ACT_EU_INST_CJEU_JUDG_AG_UK_SHA
DOC_JUDG_CJ_2016_0149_20170921,ACT_EU_INST_CJEU_JUDG_AG_BE_WAT
DOC_JUDG_CJ_2016_0150_20170518,ACT_EU_INST_CJEU_JUDG_AG_SE_WAH
DOC_JUDG_CJ_2016_0151_20170713,ACT_EU_INST_CJEU_JUDG_AG_DE_KOK
DOC_JUDG_CJ_2016_0152_20161201,ACT_EU_INST_CJEU_JUDG_AG_DK_SAU_OE
DOC_JUDG_CJ_2016_0153_20170406,ACT_EU_INST_CJEU_JUDG_AG_CZ_BOB
DOC_JUDG_CJ_2016_0154_20170518,ACT_EU_INST_CJEU_JUDG_AG_ES_CAM_SAN_BOR
DOC_JUDG_CJ_2016_0156_20171012,ACT_EU_INST_CJEU_JUDG_AG_IT_MEN
DOC_JUDG_CJ_2016_0158_20171220,ACT_EU_INST_CJEU_JUDG_AG_UK_SHA
DOC_JUDG_CJ_2016_0160_20170302,ACT_EU_INST_CJEU_JUDG_AG_BG_TAN
DOC_JUDG_CJ_2016_0163_20180612,ACT_EU_INST_CJEU_JUDG_AG_PL_SZP
DOC_JUDG_CJ_2016_0164_20171004,ACT_EU_INST_CJEU_JUDG_AG_PL_SZP
DOC_JUDG_CJ_2016_0165_20171114,ACT_EU_INST_CJEU_JUDG_AG_FR_BOT
DOC_JUDG_CJ_2016_0168_20170914,ACT_EU_INST_CJEU_JUDG_AG_DK_SAU_OE
DOC_JUDG_CJ_2016_0171_20170921,ACT_EU_INST_CJEU_JUDG_AG_FR_BOT
DOC_JUDG_CJ_2016_0174_20170907,ACT_EU_INST_CJEU_JUDG_AG_IT_MEN
DOC_JUDG_CJ_2016_0175_20170726,ACT_EU_INST_CJEU_JUDG_AG_BE_WAT
DOC_JUDG_CJ_2016_0177_20170914,ACT_EU_INST_CJEU_JUDG_AG_SE_WAH
DOC_JUDG_CJ_2016_0178_20171220,ACT_EU_INST_CJEU_JUDG_AG_ES_CAM_SAN_BOR
DOC_JUDG_CJ_2016_0179_20180123,ACT_EU_INST_CJEU_JUDG_AG_DK_SAU_OE
DOC_JUDG_CJ_2016_0180_P_20170706,ACT_EU_INST_CJEU_JUDG_AG_BG_TAN
DOC_JUDG_CJ_2016_0181_20180619,ACT_EU_INST_CJEU_JUDG_AG_IT_MEN
DOC_JUDG_CJ_2016_0182_P_20170726,ACT_EU_INST_CJEU_JUDG_AG_PL_SZP
DOC_JUDG_CJ_2016_0183_P_20170920,ACT_EU_INST_CJEU_JUDG_AG_SE_WAH
DOC_JUDG_CJ_2016_0184_20170914,ACT_EU_INST_CJEU_JUDG_AG_PL_SZP
DOC_JUDG_CJ_2016_0186_20170920,ACT_EU_INST_CJEU_JUDG_AG_SE_WAH
DOC_JUDG_CJ_2016_0187_20180320,ACT_EU_INST_CJEU_JUDG_AG_DE_KOK
DOC_JUDG_CJ_2016_0189_20171207,ACT_EU_INST_CJEU_JUDG_AG_BE_WAT
DOC_JUDG_CJ_2016_0190_20170705,ACT_EU_INST_CJEU_JUDG_AG_CZ_BOB
DOC_JUDG_CJ_2016_0191_20180410,ACT_EU_INST_CJEU_JUDG_AG_FR_BOT
DOC_JUDG_CJ_2016_0193_20170713,ACT_EU_INST_CJEU_JUDG_AG_DK_SAU_OE
DOC_JUDG_CJ_2016_0194_20171017,ACT_EU_INST_CJEU_JUDG_AG_CZ_BOB
DOC_JUDG_CJ_2016_0195_20171026,ACT_EU_INST_CJEU_JUDG_AG_CZ_BOB
DOC_JUDG_CJ_2016_0196_20170726,ACT_EU_INST_CJEU_JUDG_AG_DE_KOK
DOC_JUDG_CJ_2016_0198_P_20171019,ACT_EU_INST_CJEU_JUDG_AG_PL_SZP
DOC_JUDG_CJ_2016_0200_20171019,ACT_EU_INST_CJEU_JUDG_AG_BG_TAN
DOC_JUDG_CJ_2016_0201_20171025,ACT_EU_INST_CJEU_JUDG_AG_UK_SHA
DOC_JUDG_CJ_2016_0202_20170427,ACT_EU_INST_CJEU_JUDG_AG_DK_SAU_OE
DOC_JUDG_CJ_2016_0203_P_20180628,ACT_EU_INST_CJEU_JUDG_AG_SE_WAH
DOC_JUDG_CJ_2016_0204_P_20171109,ACT_EU_INST_CJEU_JUDG_AG_BG_TAN
DOC_JUDG_CJ_2016_0205_P_20171109,ACT_EU_INST_CJEU_JUDG_AG_BG_TAN
DOC_JUDG_CJ_2016_0206_20170720,ACT_EU_INST_CJEU_JUDG_AG_SE_WAH
DOC_JUDG_CJ_2016_0207_20181002,ACT_EU_INST_CJEU_JUDG_AG_DK_SAU_OE
DOC_JUDG_CJ_2016_0208_P_20180628,ACT_EU_INST_CJEU_JUDG_AG_SE_WAH
DOC_JUDG_CJ_2016_0209_P_20180628,ACT_EU_INST_CJEU_JUDG_AG_SE_WAH
DOC_JUDG_CJ_2016_0210_20180605,ACT_EU_INST_CJEU_JUDG_AG_FR_BOT
DOC_JUDG_CJ_2016_0211_20170316,ACT_EU_INST_CJEU_JUDG_AG_UK_SHA
DOC_JUDG_CJ_2016_0214_20171129,ACT_EU_INST_CJEU_JUDG_AG_BG_TAN
DOC_JUDG_CJ_2016_0215_20170920,ACT_EU_INST_CJEU_JUDG_AG_DE_KOK
DOC_JUDG_CJ_2016_0217_20171109,ACT_EU_INST_CJEU_JUDG_AG_CZ_BOB
DOC_JUDG_CJ_2016_0218_20171012,ACT_EU_INST_CJEU_JUDG_AG_FR_BOT
DOC_JUDG_CJ_2016_0219_P_20180628,ACT_EU_INST_CJEU_JUDG_AG_SE_WAH
DOC_JUDG_CJ_2016_0223_20170914,ACT_EU_INST_CJEU_JUDG_AG_SE_WAH
DOC_JUDG_CJ_2016_0224_20171122,ACT_EU_INST_CJEU_JUDG_AG_CZ_BOB
DOC_JUDG_CJ_2016_0225_20170726,ACT_EU_INST_CJEU_JUDG_AG_UK_SHA
DOC_JUDG_CJ_2016_0226_20171220,ACT_EU_INST_CJEU_JUDG_AG_IT_MEN
DOC_JUDG_CJ_2016_0227_20171109,ACT_EU_INST_CJEU_JUDG_AG_UK_SHA
DOC_JUDG_CJ_2016_0228_P_20170531,ACT_EU_INST_CJEU_JUDG_AG_BE_WAT
DOC_JUDG_CJ_2016_0230_20171206,ACT_EU_INST_CJEU_JUDG_AG_SE_WAH
DOC_JUDG_CJ_2016_0231_20171019,ACT_EU_INST_CJEU_JUDG_AG_PL_SZP
DOC_JUDG_CJ_2016_0233_20180426,ACT_EU_INST_CJEU_JUDG_AG_DE_KOK
DOC_JUDG_CJ_2016_0234_20180426,ACT_EU_INST_CJEU_JUDG_AG_DE_KOK
DOC_JUDG_CJ_2016_0236_20180426,ACT_EU_INST_CJEU_JUDG_AG_DE_KOK
DOC_JUDG_CJ_2016_0243_20171214,ACT_EU_INST_CJEU_JUDG_AG_FR_BOT
DOC_JUDG_CJ_2016_0244_P_20180313,ACT_EU_INST_CJEU_JUDG_AG_BE_WAT
DOC_JUDG_CJ_2016_0245_20170706,ACT_EU_INST_CJEU_JUDG_AG_ES_CAM_SAN_BOR
DOC_JUDG_CJ_2016_0246_20171123,ACT_EU_INST_CJEU_JUDG_AG_DE_KOK
DOC_JUDG_CJ_2016_0247_20170907,ACT_EU_INST_CJEU_JUDG_AG_DK_SAU_OE
DOC_JUDG_CJ_2016_0248_20170907,ACT_EU_INST_CJEU_JUDG_AG_DE_KOK
DOC_JUDG_CJ_2016_0249_20170615,ACT_EU_INST_CJEU_JUDG_AG_FR_BOT
DOC_JUDG_CJ_2016_0250_P_20171116,ACT_EU_INST_CJEU_JUDG_AG_ES_CAM_SAN_BOR
DOC_JUDG_CJ_2016_0251_20171122,ACT_EU_INST_CJEU_JUDG_AG_CZ_BOB
DOC_JUDG_CJ_2016_0253_20170315,ACT_EU_INST_CJEU_JUDG_AG_SE_WAH
DOC_JUDG_CJ_2016_0254_20170706,ACT_EU_INST_CJEU_JUDG_AG_BE_WAT
DOC_JUDG_CJ_2016_0255_20171220,ACT_EU_INST_CJEU_JUDG_AG_CZ_BOB
DOC_JUDG_CJ_2016_0256_20180315,ACT_EU_INST_CJEU_JUDG_AG_ES_CAM_SAN_BOR
DOC_JUDG_CJ_2016_0258_20180412,ACT_EU_INST_CJEU_JUDG_AG_UK_SHA
DOC_JUDG_CJ_2016_0259_20180531,ACT_EU_INST_CJEU_JUDG_AG_ES_CAM_SAN_BOR
DOC_JUDG_CJ_2016_0261_P_20180201,ACT_EU_INST_CJEU_JUDG_AG_BG_TAN
DOC_JUDG_CJ_2016_0262_20171012,ACT_EU_INST_CJEU_JUDG_AG_PL_SZP
DOC_JUDG_CJ_2016_0263_P_20180201,ACT_EU_INST_CJEU_JUDG_AG_BG_TAN
DOC_JUDG_CJ_2016_0264_P_20180201,ACT_EU_INST_CJEU_JUDG_AG_BG_TAN
DOC_JUDG_CJ_2016_0265_20171129,ACT_EU_INST_CJEU_JUDG_AG_PL_SZP
DOC_JUDG_CJ_2016_0266_20180227,ACT_EU_INST_CJEU_JUDG_AG_BE_WAT
DOC_JUDG_CJ_2016_0267_20180123,ACT_EU_INST_CJEU_JUDG_AG_IT_MEN
DOC_JUDG_CJ_2016_0268_P_20171220,ACT_EU_INST_CJEU_JUDG_AG_CZ_BOB
DOC_JUDG_CJ_2016_0270_20180118,ACT_EU_INST_CJEU_JUDG_AG_UK_SHA
DOC_JUDG_CJ_2016_0271_P_20180201,ACT_EU_INST_CJEU_JUDG_AG_BG_TAN
DOC_JUDG_CJ_2016_0273_20171004,ACT_EU_INST_CJEU_JUDG_AG_BG_TAN
DOC_JUDG_CJ_2016_0274_20180307,ACT_EU_INST_CJEU_JUDG_AG_CZ_BOB
DOC_JUDG_CJ_2016_0276_20171220,ACT_EU_INST_CJEU_JUDG_AG_BE_WAT
DOC_JUDG_CJ_2016_0277_20171220,ACT_EU_INST_CJEU_JUDG_AG_BG_TAN
DOC_JUDG_CJ_2016_0278_20171012,ACT_EU_INST_CJEU_JUDG_AG_SE_WAH
DOC_JUDG_CJ_2016_0279_P_20170615,ACT_EU_INST_CJEU_JUDG_AG_IT_MEN
DOC_JUDG_CJ_2016_0281_20171019,ACT_EU_INST_CJEU_JUDG_AG_DE_KOK
DOC_JUDG_CJ_2016_0283_20170209,ACT_EU_INST_CJEU_JUDG_AG_FR_BOT
DOC_JUDG_CJ_2016_0284_20180306,ACT_EU_INST_CJEU_JUDG_AG_BE_WAT
DOC_JUDG_CJ_2016_0287_20170720,ACT_EU_INST_CJEU_JUDG_AG_IT_MEN
DOC_JUDG_CJ_2016_0288_20170629,ACT_EU_INST_CJEU_JUDG_AG_UK_SHA
DOC_JUDG_CJ_2016_0289_20171012,ACT_EU_INST_CJEU_JUDG_AG_BG_TAN
DOC_JUDG_CJ_2016_0290_20170706,ACT_EU_INST_CJEU_JUDG_AG_BE_WAT
DOC_JUDG_CJ_2016_0291_20171220,ACT_EU_INST_CJEU_JUDG_AG_IT_MEN
DOC_JUDG_CJ_2016_0292_20171123,ACT_EU_INST_CJEU_JUDG_AG_DE_KOK
DOC_JUDG_CJ_2016_0293_20170608,ACT_EU_INST_CJEU_JUDG_AG_PL_SZP
DOC_JUDG_CJ_2016_0294_PPU_20160728,ACT_EU_INST_CJEU_JUDG_AG_ES_CAM_SAN_BOR
DOC_JUDG_CJ_2016_0295_20171019,ACT_EU_INST_CJEU_JUDG_AG_DK_SAU_OE
DOC_JUDG_CJ_2016_0296_P_20170608,ACT_EU_INST_CJEU_JUDG_AG_DK_SAU_OE
DOC_JUDG_CJ_2016_0297_20180301,ACT_EU_INST_CJEU_JUDG_AG_SE_WAH
DOC_JUDG_CJ_2016_0298_20171109,ACT_EU_INST_CJEU_JUDG_AG_CZ_BOB
DOC_JUDG_CJ_2016_0300_P_20170920,ACT_EU_INST_CJEU_JUDG_AG_SE_WAH
DOC_JUDG_CJ_2016_0301_P_20180228,ACT_EU_INST_CJEU_JUDG_AG_IT_MEN
DOC_JUDG_CJ_2016_0302_20170511,ACT_EU_INST_CJEU_JUDG_AG_DK_SAU_OE
DOC_JUDG_CJ_2016_0303_20171019,ACT_EU_INST_CJEU_JUDG_AG_IT_MEN
DOC_JUDG_CJ_2016_0304_20180207,ACT_EU_INST_CJEU_JUDG_AG_ES_CAM_SAN_BOR
DOC_JUDG_CJ_2016_0305_20171214,ACT_EU_INST_CJEU_JUDG_AG_CZ_BOB
DOC_JUDG_CJ_2016_0306_20171109,ACT_EU_INST_CJEU_JUDG_AG_DK_SAU_OE
DOC_JUDG_CJ_2016_0307_20180228,ACT_EU_INST_CJEU_JUDG_AG_FR_BOT
DOC_JUDG_CJ_2016_0308_20171116,ACT_EU_INST_CJEU_JUDG_AG_ES_CAM_SAN_BOR
DOC_JUDG_CJ_2016_0310_20190117,ACT_EU_INST_CJEU_JUDG_AG_CZ_BOB
DOC_JUDG_CJ_2016_0314_20180125,ACT_EU_INST_CJEU_JUDG_AG_FR_BOT
DOC_JUDG_CJ_2016_0315_20170330,ACT_EU_INST_CJEU_JUDG_AG_ES_CAM_SAN_BOR
DOC_JUDG_CJ_2016_0316_20180417,ACT_EU_INST_CJEU_JUDG_AG_PL_SZP
DOC_JUDG_CJ_2016_0320_20180410,ACT_EU_INST_CJEU_JUDG_AG_PL_SZP
DOC_JUDG_CJ_2016_0322_20171220,ACT_EU_INST_CJEU_JUDG_AG_SE_WAH
DOC_JUDG_CJ_2016_0325_20180517,ACT_EU_INST_CJEU_JUDG_AG_PL_SZP
DOC_JUDG_CJ_2016_0326_P_20180221,ACT_EU_INST_CJEU_JUDG_AG_PL_SZP
DOC_JUDG_CJ_2016_0327_20180322,ACT_EU_INST_CJEU_JUDG_AG_BE_WAT
DOC_JUDG_CJ_2016_0328_20180222,ACT_EU_INST_CJEU_JUDG_AG_SE_WAH
DOC_JUDG_CJ_2016_0329_20171207,ACT_EU_INST_CJEU_JUDG_AG_ES_CAM_SAN_BOR
DOC_JUDG_CJ_2016_0330_20170601,ACT_EU_INST_CJEU_JUDG_AG_CZ_BOB
DOC_JUDG_CJ_2016_0331_20180502,ACT_EU_INST_CJEU_JUDG_AG_DK_SAU_OE
DOC_JUDG_CJ_2016_0334_20171220,ACT_EU_INST_CJEU_JUDG_AG_FR_BOT
DOC_JUDG_CJ_2016_0335_20170330,ACT_EU_INST_CJEU_JUDG_AG_PL_SZP
DOC_JUDG_CJ_2016_0336_20180222,ACT_EU_INST_CJEU_JUDG_AG_UK_SHA
DOC_JUDG_CJ_2016_0337_P_20170517,ACT_EU_INST_CJEU_JUDG_AG_UK_SHA
DOC_JUDG_CJ_2016_0338_P_20170517,ACT_EU_INST_CJEU_JUDG_AG_UK_SHA
DOC_JUDG_CJ_2016_0339_P_20170517,ACT_EU_INST_CJEU_JUDG_AG_UK_SHA
DOC_JUDG_CJ_2016_0340_20170720,ACT_EU_INST_CJEU_JUDG_AG_CZ_BOB
DOC_JUDG_CJ_2016_0341_20171005,ACT_EU_INST_CJEU_JUDG_AG_DK_SAU_OE
DOC_JUDG_CJ_2016_0347_20171026,ACT_EU_INST_CJEU_JUDG_AG_SE_WAH
DOC_JUDG_CJ_2016_0348_20170726,ACT_EU_INST_CJEU_JUDG_AG_ES_CAM_SAN_BOR
DOC_JUDG_CJ_2016_0349_20170615,ACT_EU_INST_CJEU_JUDG_AG_PL_SZP
DOC_JUDG_CJ_2016_0350_P_20170913,ACT_EU_INST_CJEU_JUDG_AG_UK_SHA
DOC_JUDG_CJ_2016_0353_20180424,ACT_EU_INST_CJEU_JUDG_AG_FR_BOT
DOC_JUDG_CJ_2016_0354_20170713,ACT_EU_INST_CJEU_JUDG_AG_PL_SZP
DOC_JUDG_CJ_2016_0355_20180315,ACT_EU_INST_CJEU_JUDG_AG_IT_MEN
DOC_JUDG_CJ_2016_0357_20170720,ACT_EU_INST_CJEU_JUDG_AG_BG_TAN
DOC_JUDG_CJ_2016_0358_20180913,ACT_EU_INST_CJEU_JUDG_AG_DE_KOK
DOC_JUDG_CJ_2016_0359_20180206,ACT_EU_INST_CJEU_JUDG_AG_DK_SAU_OE
DOC_JUDG_CJ_2016_0360_20180125,ACT_EU_INST_CJEU_JUDG_AG_FR_BOT
DOC_JUDG_CJ_2016_0363_20180117,ACT_EU_INST_CJEU_JUDG_AG_UK_SHA
DOC_JUDG_CJ_2016_0364_P_20171220,ACT_EU_INST_CJEU_JUDG_AG_BE_WAT
DOC_JUDG_CJ_2016_0365_20170517,ACT_EU_INST_CJEU_JUDG_AG_BG_TAN
DOC_JUDG_CJ_2016_0367_20180123,ACT_EU_INST_CJEU_JUDG_AG_FR_BOT
DOC_JUDG_CJ_2016_0368_20170713,ACT_EU_INST_CJEU_JUDG_AG_FR_BOT
DOC_JUDG_CJ_2016_0370_20180530,ACT_EU_INST_CJEU_JUDG_AG_DE_KOK
DOC_JUDG_CJ_2016_0372_20171220,ACT_EU_INST_CJEU_JUDG_AG_DK_SAU_OE
DOC_JUDG_CJ_2016_0374_20171115,ACT_EU_INST_CJEU_JUDG_AG_SE_WAH
DOC_JUDG_CJ_2016_0376_P_20180503,ACT_EU_INST_CJEU_JUDG_AG_IT_MEN
DOC_JUDG_CJ_2016_0377_20190326,ACT_EU_INST_CJEU_JUDG_AG_UK_SHA
DOC_JUDG_CJ_2016_0378_P_20200716,ACT_EU_INST_CJEU_JUDG_AG_DE_KOK
DOC_JUDG_CJ_2016_0380_20180208,ACT_EU_INST_CJEU_JUDG_AG_DK_SAU_OE
DOC_JUDG_CJ_2016_0381_20171123,ACT_EU_INST_CJEU_JUDG_AG_PL_SZP
DOC_JUDG_CJ_2016_0382_20180531,ACT_EU_INST_CJEU_JUDG_AG_CZ_BOB
DOC_JUDG_CJ_2016_0383_20171019,ACT_EU_INST_CJEU_JUDG_AG_SE_WAH
DOC_JUDG_CJ_2016_0384_P_20180313,ACT_EU_INST_CJEU_JUDG_AG_BE_WAT
DOC_JUDG_CJ_2016_0386_20170726,ACT_EU_INST_CJEU_JUDG_AG_FR_BOT
DOC_JUDG_CJ_2016_0387_20180228,ACT_EU_INST_CJEU_JUDG_AG_PL_SZP
DOC_JUDG_CJ_2016_0388_20170713,ACT_EU_INST_CJEU_JUDG_AG_PL_SZP
DOC_JUDG_CJ_2016_0390_20180705,ACT_EU_INST_CJEU_JUDG_AG_FR_BOT
DOC_JUDG_CJ_2016_0391_20190514,ACT_EU_INST_CJEU_JUDG_AG_BE_WAT
DOC_JUDG_CJ_2016_0392_20170706,ACT_EU_INST_CJEU_JUDG_AG_CZ_BOB
DOC_JUDG_CJ_2016_0393_20171220,ACT_EU_INST_CJEU_JUDG_AG_ES_CAM_SAN_BOR
DOC_JUDG_CJ_2016_0395_20180308,ACT_EU_INST_CJEU_JUDG_AG_DK_SAU_OE
DOC_JUDG_CJ_2016_0396_20180222,ACT_EU_INST_CJEU_JUDG_AG_DK_SAU_OE
DOC_JUDG_CJ_2016_0397_20171220,ACT_EU_INST_CJEU_JUDG_AG_DK_SAU_OE
DOC_JUDG_CJ_2016_0398_20180222,ACT_EU_INST_CJEU_JUDG_AG_ES_CAM_SAN_BOR
DOC_JUDG_CJ_2016_0403_20171213,ACT_EU_INST_CJEU_JUDG_AG_CZ_BOB
DOC_JUDG_CJ_2016_0404_20171012,ACT_EU_INST_CJEU_JUDG_AG_PL_SZP
DOC_JUDG_CJ_2016_0405_P_20190328,ACT_EU_INST_CJEU_JUDG_AG_ES_CAM_SAN_BOR
DOC_JUDG_CJ_2016_0407_20171026,ACT_EU_INST_CJEU_JUDG_AG_IT_MEN
DOC_JUDG_CJ_2016_0408_20171206,ACT_EU_INST_CJEU_JUDG_AG_ES_CAM_SAN_BOR
DOC_JUDG_CJ_2016_0409_20171018,ACT_EU_INST_CJEU_JUDG_AG_IT_MEN
DOC_JUDG_CJ_2016_0412_P_20180301,ACT_EU_INST_CJEU_JUDG_AG_DK_SAU_OE
DOC_JUDG_CJ_2016_0414_20180417,ACT_EU_INST_CJEU_JUDG_AG_BG_TAN
DOC_JUDG_CJ_2016_0416_20170720,ACT_EU_INST_CJEU_JUDG_AG_BG_TAN
DOC_JUDG_CJ_2016_0417_P_20170504,ACT_EU_INST_CJEU_JUDG_AG_DK_SAU_OE
DOC_JUDG_CJ_2016_0418_P_20180228,ACT_EU_INST_CJEU_JUDG_AG_UK_SHA
DOC_JUDG_CJ_2016_0419_20171220,ACT_EU_INST_CJEU_JUDG_AG_SE_WAH
DOC_JUDG_CJ_2016_0420_P_20190307,ACT_EU_INST_CJEU_JUDG_AG_IT_MEN
DOC_JUDG_CJ_2016_0422_20170614,ACT_EU_INST_CJEU_JUDG_AG_ES_CAM_SAN_BOR
DOC_JUDG_CJ_2016_0423_P_20171109,ACT_EU_INST_CJEU_JUDG_AG_DE_KOK
DOC_JUDG_CJ_2016_0425_20171019,ACT_EU_INST_CJEU_JUDG_AG_ES_CAM_SAN_BOR
DOC_JUDG_CJ_2016_0426_20180529,ACT_EU_INST_CJEU_JUDG_AG_SE_WAH
DOC_JUDG_CJ_2016_0427_20171123,ACT_EU_INST_CJEU_JUDG_AG_SE_WAH
DOC_JUDG_CJ_2016_0429_20170921,ACT_EU_INST_CJEU_JUDG_AG_BE_WAT
DOC_JUDG_CJ_2016_0430_P_20180906,ACT_EU_INST_CJEU_JUDG_AG_IT_MEN
DOC_JUDG_CJ_2016_0431_20180315,ACT_EU_INST_CJEU_JUDG_AG_BG_TAN
DOC_JUDG_CJ_2016_0433_20170713,ACT_EU_INST_CJEU_JUDG_AG_FR_BOT
DOC_JUDG_CJ_2016_0434_20171220,ACT_EU_INST_CJEU_JUDG_AG_DE_KOK
DOC_JUDG_CJ_2016_0436_20170628,ACT_EU_INST_CJEU_JUDG_AG_BE_WAT
DOC_JUDG_CJ_2016_0437_P_20171005,ACT_EU_INST_CJEU_JUDG_AG_BG_TAN
DOC_JUDG_CJ_2016_0438_P_20180919,ACT_EU_INST_CJEU_JUDG_AG_BE_WAT
DOC_JUDG_CJ_2016_0439_PPU_20161027,ACT_EU_INST_CJEU_JUDG_AG_CZ_BOB
DOC_JUDG_CJ_2016_0441_20170921,ACT_EU_INST_CJEU_JUDG_AG_ES_CAM_SAN_BOR
DOC_JUDG_CJ_2016_0442_20171220,ACT_EU_INST_CJEU_JUDG_AG_BE_WAT
DOC_JUDG_CJ_2016_0444_20170615,ACT_EU_INST_CJEU_JUDG_AG_CZ_BOB
DOC_JUDG_CJ_2016_0449_20170621,ACT_EU_INST_CJEU_JUDG_AG_BG_TAN
DOC_JUDG_CJ_2016_0451_20180626,ACT_EU_INST_CJEU_JUDG_AG_CZ_BOB
DOC_JUDG_CJ_2016_0452_PPU_20161110,ACT_EU_INST_CJEU_JUDG_AG_ES_CAM_SAN_BOR
DOC_JUDG_CJ_2016_0453_PPU_20161110,ACT_EU_INST_CJEU_JUDG_AG_ES_CAM_SAN_BOR
DOC_JUDG_CJ_2016_0454_P_20171026,ACT_EU_INST_CJEU_JUDG_AG_DE_KOK
DOC_JUDG_CJ_2016_0457_P_20171026,ACT_EU_INST_CJEU_JUDG_AG_DE_KOK
DOC_JUDG_CJ_2016_0462_20171220,ACT_EU_INST_CJEU_JUDG_AG_BG_TAN
DOC_JUDG_CJ_2016_0463_20180118,ACT_EU_INST_CJEU_JUDG_AG_IT_MEN
DOC_JUDG_CJ_2016_0465_P_20190228,ACT_EU_INST_CJEU_JUDG_AG_IT_MEN
DOC_JUDG_CJ_2016_0466_P_20190228,ACT_EU_INST_CJEU_JUDG_AG_IT_MEN
DOC_JUDG_CJ_2016_0467_20171220,ACT_EU_INST_CJEU_JUDG_AG_PL_SZP
DOC_JUDG_CJ_2016_0470_20180315,ACT_EU_INST_CJEU_JUDG_AG_CZ_BOB
DOC_JUDG_CJ_2016_0471_P_20170726,ACT_EU_INST_CJEU_JUDG_AG_ES_CAM_SAN_BOR
DOC_JUDG_CJ_2016_0472_20180807,ACT_EU_INST_CJEU_JUDG_AG_BG_TAN
DOC_JUDG_CJ_2016_0473_20180125,ACT_EU_INST_CJEU_JUDG_AG_SE_WAH
DOC_JUDG_CJ_2016_0477_PPU_20161110,ACT_EU_INST_CJEU_JUDG_AG_ES_CAM_SAN_BOR
DOC_JUDG_CJ_2016_0478_P_20180419,ACT_EU_INST_CJEU_JUDG_AG_ES_CAM_SAN_BOR
DOC_JUDG_CJ_2016_0480_20180621,ACT_EU_INST_CJEU_JUDG_AG_IT_MEN
DOC_JUDG_CJ_2016_0481_20171109,ACT_EU_INST_CJEU_JUDG_AG_PL_SZP
DOC_JUDG_CJ_2016_0482_20180314,ACT_EU_INST_CJEU_JUDG_AG_IT_MEN
DOC_JUDG_CJ_2016_0483_20180531,ACT_EU_INST_CJEU_JUDG_AG_SE_WAH
DOC_JUDG_CJ_2016_0487_P_20171213,ACT_EU_INST_CJEU_JUDG_AG_BG_TAN
DOC_JUDG_CJ_2016_0488_P_20180906,ACT_EU_INST_CJEU_JUDG_AG_BE_WAT
DOC_JUDG_CJ_2016_0490_20170726,ACT_EU_INST_CJEU_JUDG_AG_UK_SHA
DOC_JUDG_CJ_2016_0492_20171220,ACT_EU_INST_CJEU_JUDG_AG_FR_BOT
DOC_JUDG_CJ_2016_0494_20180307,ACT_EU_INST_CJEU_JUDG_AG_PL_SZP
DOC_JUDG_CJ_2016_0498_20180125,ACT_EU_INST_CJEU_JUDG_AG_CZ_BOB
DOC_JUDG_CJ_2016_0499_20171109,ACT_EU_INST_CJEU_JUDG_AG_FR_BOT
DOC_JUDG_CJ_2016_0500_20171220,ACT_EU_INST_CJEU_JUDG_AG_ES_CAM_SAN_BOR
DOC_JUDG_CJ_2016_0503_20170914,ACT_EU_INST_CJEU_JUDG_AG_IT_MEN
DOC_JUDG_CJ_2016_0504_20171220,ACT_EU_INST_CJEU_JUDG_AG_ES_CAM_SAN_BOR
DOC_JUDG_CJ_2016_0506_20170907,ACT_EU_INST_CJEU_JUDG_AG_IT_MEN
DOC_JUDG_CJ_2016_0507_20171115,ACT_EU_INST_CJEU_JUDG_AG_IT_MEN
DOC_JUDG_CJ_2016_0510_20180920,ACT_EU_INST_CJEU_JUDG_AG_SE_WAH
DOC_JUDG_CJ_2016_0514_20171128,ACT_EU_INST_CJEU_JUDG_AG_FR_BOT
DOC_JUDG_CJ_2016_0516_20171220,ACT_EU_INST_CJEU_JUDG_AG_ES_CAM_SAN_BOR
DOC_JUDG_CJ_2016_0517_20180530,ACT_EU_INST_CJEU_JUDG_AG_BG_TAN
DOC_JUDG_CJ_2016_0518_20180228,ACT_EU_INST_CJEU_JUDG_AG_BE_WAT
DOC_JUDG_CJ_2016_0519_20170726,ACT_EU_INST_CJEU_JUDG_AG_CZ_BOB
DOC_JUDG_CJ_2016_0522_20171019,ACT_EU_INST_CJEU_JUDG_AG_ES_CAM_SAN_BOR
DOC_JUDG_CJ_2016_0523_20180228,ACT_EU_INST_CJEU_JUDG_AG_ES_CAM_SAN_BOR
DOC_JUDG_CJ_2016_0525_20180419,ACT_EU_INST_CJEU_JUDG_AG_SE_WAH
DOC_JUDG_CJ_2016_0526_20180531,ACT_EU_INST_CJEU_JUDG_AG_ES_CAM_SAN_BOR
DOC_JUDG_CJ_2016_0527_20180906,ACT_EU_INST_CJEU_JUDG_AG_DK_SAU_OE
DOC_JUDG_CJ_2016_0528_20180725,ACT_EU_INST_CJEU_JUDG_AG_CZ_BOB
DOC_JUDG_CJ_2016_0529_20171220,ACT_EU_INST_CJEU_JUDG_AG_BG_TAN
DOC_JUDG_CJ_2016_0530_20180613,ACT_EU_INST_CJEU_JUDG_AG_CZ_BOB
DOC_JUDG_CJ_2016_0531_20180517,ACT_EU_INST_CJEU_JUDG_AG_ES_CAM_SAN_BOR
DOC_JUDG_CJ_2016_0532_20180411,ACT_EU_INST_CJEU_JUDG_AG_CZ_BOB
DOC_JUDG_CJ_2016_0533_20180321,ACT_EU_INST_CJEU_JUDG_AG_ES_CAM_SAN_BOR
DOC_JUDG_CJ_2016_0534_20171026,ACT_EU_INST_CJEU_JUDG_AG_PL_SZP
DOC_JUDG_CJ_2016_0537_20180320,ACT_EU_INST_CJEU_JUDG_AG_ES_CAM_SAN_BOR
DOC_JUDG_CJ_2016_0540_20180712,ACT_EU_INST_CJEU_JUDG_AG_BE_WAT
DOC_JUDG_CJ_2016_0541_20180412,ACT_EU_INST_CJEU_JUDG_AG_BG_TAN
DOC_JUDG_CJ_2016_0542_20180531,ACT_EU_INST_CJEU_JUDG_AG_ES_CAM_SAN_BOR
DOC_JUDG_CJ_2016_0543_20180621,ACT_EU_INST_CJEU_JUDG_AG_CZ_BOB
DOC_JUDG_CJ_2016_0544_20180705,ACT_EU_INST_CJEU_JUDG_AG_BG_TAN
DOC_JUDG_CJ_2016_0545_20180222,ACT_EU_INST_CJEU_JUDG_AG_SE_WAH
DOC_JUDG_CJ_2016_0546_20180920,ACT_EU_INST_CJEU_JUDG_AG_PL_SZP
DOC_JUDG_CJ_2016_0547_20171123,ACT_EU_INST_CJEU_JUDG_AG_DE_KOK
DOC_JUDG_CJ_2016_0550_20180412,ACT_EU_INST_CJEU_JUDG_AG_FR_BOT
DOC_JUDG_CJ_2016_0551_20180321,ACT_EU_INST_CJEU_JUDG_AG_IT_MEN
DOC_JUDG_CJ_2016_0552_20171109,ACT_EU_INST_CJEU_JUDG_AG_BE_WAT
DOC_JUDG_CJ_2016_0553_20180725,ACT_EU_INST_CJEU_JUDG_AG_BE_WAT
DOC_JUDG_CJ_2016_0554_20180607,ACT_EU_INST_CJEU_JUDG_AG_DE_KOK
DOC_JUDG_CJ_2016_0556_20171019,ACT_EU_INST_CJEU_JUDG_AG_DK_SAU_OE
DOC_JUDG_CJ_2016_0557_20180314,ACT_EU_INST_CJEU_JUDG_AG_CZ_BOB
DOC_JUDG_CJ_2016_0558_20180301,ACT_EU_INST_CJEU_JUDG_AG_PL_SZP
DOC_JUDG_CJ_2016_0559_20170907,ACT_EU_INST_CJEU_JUDG_AG_FR_BOT
DOC_JUDG_CJ_2016_0560_20180307,ACT_EU_INST_CJEU_JUDG_AG_BE_WAT
DOC_JUDG_CJ_2016_0561_20180807,ACT_EU_INST_CJEU_JUDG_AG_DE_KOK
DOC_JUDG_CJ_2016_0564_P_20180628,ACT_EU_INST_CJEU_JUDG_AG_BE_WAT
DOC_JUDG_CJ_2016_0565_20180419,ACT_EU_INST_CJEU_JUDG_AG_BG_TAN
DOC_JUDG_CJ_2016_0566_20180517,ACT_EU_INST_CJEU_JUDG_AG_SE_WAH
DOC_JUDG_CJ_2016_0567_20171207,ACT_EU_INST_CJEU_JUDG_AG_DK_SAU_OE
DOC_JUDG_CJ_2016_0568_20180322,ACT_EU_INST_CJEU_JUDG_AG_DK_SAU_OE
DOC_JUDG_CJ_2016_0569_20181106,ACT_EU_INST_CJEU_JUDG_AG_FR_BOT
DOC_JUDG_CJ_2016_0571_20181004,ACT_EU_INST_CJEU_JUDG_AG_DE_KOK
DOC_JUDG_CJ_2016_0572_20180222,ACT_EU_INST_CJEU_JUDG_AG_DK_SAU_OE
DOC_JUDG_CJ_2016_0573_20171019,ACT_EU_INST_CJEU_JUDG_AG_IT_MEN
DOC_JUDG_CJ_2016_0574_20180605,ACT_EU_INST_CJEU_JUDG_AG_DE_KOK
DOC_JUDG_CJ_2016_0575_20180315,ACT_EU_INST_CJEU_JUDG_AG_BE_WAT
DOC_JUDG_CJ_2016_0577_20180228,ACT_EU_INST_CJEU_JUDG_AG_DK_SAU_OE
DOC_JUDG_CJ_2016_0578_PPU_20170216,ACT_EU_INST_CJEU_JUDG_AG_BG_TAN
DOC_JUDG_CJ_2016_0579_P_20180306,ACT_EU_INST_CJEU_JUDG_AG_PL_SZP
DOC_JUDG_CJ_2016_0580_20180419,ACT_EU_INST_CJEU_JUDG_AG_FR_BOT
DOC_JUDG_CJ_2016_0585_20180725,ACT_EU_INST_CJEU_JUDG_AG_IT_MEN
DOC_JUDG_CJ_2016_0586_P_20210325,ACT_EU_INST_CJEU_JUDG_AG_DE_KOK
DOC_JUDG_CJ_2016_0588_P_20210325,ACT_EU_INST_CJEU_JUDG_AG_DE_KOK
DOC_JUDG_CJ_2016_0590_20180208,ACT_EU_INST_CJEU_JUDG_AG_CZ_BOB
DOC_JUDG_CJ_2016_0591_P_20210325,ACT_EU_INST_CJEU_JUDG_AG_DE_KOK
DOC_JUDG_CJ_2016_0594_20180913,ACT_EU_INST_CJEU_JUDG_AG_CZ_BOB
DOC_JUDG_CJ_2016_0596_20180320,ACT_EU_INST_CJEU_JUDG_AG_ES_CAM_SAN_BOR
DOC_JUDG_CJ_2016_0598_P_20171019,ACT_EU_INST_CJEU_JUDG_AG_IT_MEN
DOC_JUDG_CJ_2016_0599_P_20171019,ACT_EU_INST_CJEU_JUDG_AG_IT_MEN
DOC_JUDG_CJ_2016_0600_P_20181129,ACT_EU_INST_CJEU_JUDG_AG_BG_TAN
DOC_JUDG_CJ_2016_0601_P_20210325,ACT_EU_INST_CJEU_JUDG_AG_DE_KOK
DOC_JUDG_CJ_2016_0611_P_20210325,ACT_EU_INST_CJEU_JUDG_AG_DE_KOK
DOC_JUDG_CJ_2016_0612_20190619,ACT_EU_INST_CJEU_JUDG_AG_ES_CAM_SAN_BOR
DOC_JUDG_CJ_2016_0614_P_20210325,ACT_EU_INST_CJEU_JUDG_AG_DE_KOK
DOC_JUDG_CJ_2016_0616_20180124,ACT_EU_INST_CJEU_JUDG_AG_FR_BOT
DOC_JUDG_CJ_2016_0618_20180913,ACT_EU_INST_CJEU_JUDG_AG_BE_WAT
DOC_JUDG_CJ_2016_0619_20181106,ACT_EU_INST_CJEU_JUDG_AG_FR_BOT
DOC_JUDG_CJ_2016_0620_20190327,ACT_EU_INST_CJEU_JUDG_AG_PL_SZP
DOC_JUDG_CJ_2016_0621_P_20190326,ACT_EU_INST_CJEU_JUDG_AG_CZ_BOB
DOC_JUDG_CJ_2016_0622_P_20181106,ACT_EU_INST_CJEU_JUDG_AG_BE_WAT
DOC_JUDG_CJ_2016_0626_20180704,ACT_EU_INST_CJEU_JUDG_AG_DE_KOK
DOC_JUDG_CJ_2016_0628_20180221,ACT_EU_INST_CJEU_JUDG_AG_BE_WAT
DOC_JUDG_CJ_2016_0629_20180711,ACT_EU_INST_CJEU_JUDG_AG_DK_SAU_OE
DOC_JUDG_CJ_2016_0630_20171214,ACT_EU_INST_CJEU_JUDG_AG_ES_CAM_SAN_BOR
DOC_JUDG_CJ_2016_0632_20180725,ACT_EU_INST_CJEU_JUDG_AG_DK_SAU_OE
DOC_JUDG_CJ_2016_0633_20180531,ACT_EU_INST_CJEU_JUDG_AG_SE_WAH
DOC_JUDG_CJ_2016_0634_P_20180124,ACT_EU_INST_CJEU_JUDG_AG_DE_KOK
DOC_JUDG_CJ_2016_0635_P_20180628,ACT_EU_INST_CJEU_JUDG_AG_DE_KOK
DOC_JUDG_CJ_2016_0636_20171207,ACT_EU_INST_CJEU_JUDG_AG_FR_BOT
DOC_JUDG_CJ_2016_0638_PPU_20170307,ACT_EU_INST_CJEU_JUDG_AG_IT_MEN
DOC_JUDG_CJ_2016_0641_20171109,ACT_EU_INST_CJEU_JUDG_AG_BG_TAN
DOC_JUDG_CJ_2016_0642_20180517,ACT_EU_INST_CJEU_JUDG_AG_CZ_BOB
DOC_JUDG_CJ_2016_0643_20180207,ACT_EU_INST_CJEU_JUDG_AG_ES_CAM_SAN_BOR
DOC_JUDG_CJ_2016_0645_20180419,ACT_EU_INST_CJEU_JUDG_AG_PL_SZP
DOC_JUDG_CJ_2016_0646_20170726,ACT_EU_INST_CJEU_JUDG_AG_UK_SHA
DOC_JUDG_CJ_2016_0647_20180531,ACT_EU_INST_CJEU_JUDG_AG_IT_MEN
DOC_JUDG_CJ_2016_0648_20181121,ACT_EU_INST_CJEU_JUDG_AG_SE_WAH
DOC_JUDG_CJ_2016_0649_20171220,ACT_EU_INST_CJEU_JUDG_AG_PL_SZP
DOC_JUDG_CJ_2016_0650_20180612,ACT_EU_INST_CJEU_JUDG_AG_ES_CAM_SAN_BOR
DOC_JUDG_CJ_2016_0651_20180307,ACT_EU_INST_CJEU_JUDG_AG_IT_MEN
DOC_JUDG_CJ_2016_0652_20181004,ACT_EU_INST_CJEU_JUDG_AG_IT_MEN
DOC_JUDG_CJ_2016_0660_20180531,ACT_EU_INST_CJEU_JUDG_AG_SE_WAH
DOC_JUDG_CJ_2016_0664_20181121,ACT_EU_INST_CJEU_JUDG_AG_BG_TAN
DOC_JUDG_CJ_2016_0665_20180613,ACT_EU_INST_CJEU_JUDG_AG_CZ_BOB
DOC_JUDG_CJ_2016_0667_20180606,ACT_EU_INST_CJEU_JUDG_AG_DK_SAU_OE
DOC_JUDG_CJ_2016_0668_20181004,ACT_EU_INST_CJEU_JUDG_AG_IT_MEN
DOC_JUDG_CJ_2016_0669_20181018,ACT_EU_INST_CJEU_JUDG_AG_DE_KOK
DOC_JUDG_CJ_2016_0670_20170726,ACT_EU_INST_CJEU_JUDG_AG_UK_SHA
DOC_JUDG_CJ_2016_0671_20180607,ACT_EU_INST_CJEU_JUDG_AG_DE_KOK
DOC_JUDG_CJ_2016_0672_20180228,ACT_EU_INST_CJEU_JUDG_AG_IT_MEN
DOC_JUDG_CJ_2016_0673_20180605,ACT_EU_INST_CJEU_JUDG_AG_BE_WAT
DOC_JUDG_CJ_2016_0676_20180117,ACT_EU_INST_CJEU_JUDG_AG_FR_BOT
DOC_JUDG_CJ_2016_0677_20180605,ACT_EU_INST_CJEU_JUDG_AG_DE_KOK
DOC_JUDG_CJ_2016_0679_20180725,ACT_EU_INST_CJEU_JUDG_AG_IT_MEN
DOC_JUDG_CJ_2016_0680_P_20190327,ACT_EU_INST_CJEU_JUDG_AG_IT_MEN
DOC_JUDG_CJ_2016_0681_20180621,ACT_EU_INST_CJEU_JUDG_AG_BG_TAN
DOC_JUDG_CJ_2016_0683_20180613,ACT_EU_INST_CJEU_JUDG_AG_SE_WAH
DOC_JUDG_CJ_2016_0684_20181106,ACT_EU_INST_CJEU_JUDG_AG_FR_BOT
DOC_JUDG_CJ_2016_0685_20180920,ACT_EU_INST_CJEU_JUDG_AG_BE_WAT
DOC_JUDG_CJ_2017_0001_20180621,ACT_EU_INST_CJEU_JUDG_AG_FR_BOT
DOC_JUDG_CJ_2017_0002_20180628,ACT_EU_INST_CJEU_JUDG_AG_BG_TAN
DOC_JUDG_CJ_2017_0003_20180228,ACT_EU_INST_CJEU_JUDG_AG_PL_SZP
DOC_JUDG_CJ_2017_0004_P_20180906,ACT_EU_INST_CJEU_JUDG_AG_DE_KOK
DOC_JUDG_CJ_2017_0005_20180725,ACT_EU_INST_CJEU_JUDG_AG_DK_SAU_OE
DOC_JUDG_CJ_2017_0006_P_20180607,ACT_EU_INST_CJEU_JUDG_AG_UK_SHA
DOC_JUDG_CJ_2017_0007_P_20180607,ACT_EU_INST_CJEU_JUDG_AG_UK_SHA
DOC_JUDG_CJ_2017_0008_20180412,ACT_EU_INST_CJEU_JUDG_AG_DE_KOK
DOC_JUDG_CJ_2017_0009_20180301,ACT_EU_INST_CJEU_JUDG_AG_ES_CAM_SAN_BOR
DOC_JUDG_CJ_2017_0012_20181004,ACT_EU_INST_CJEU_JUDG_AG_IT_MEN
DOC_JUDG_CJ_2017_0013_20180412,ACT_EU_INST_CJEU_JUDG_AG_DK_SAU_OE
DOC_JUDG_CJ_2017_0014_20180712,ACT_EU_INST_CJEU_JUDG_AG_ES_CAM_SAN_BOR
DOC_JUDG_CJ_2017_0015_20180711,ACT_EU_INST_CJEU_JUDG_AG_SE_WAH
DOC_JUDG_CJ_2017_0016_20180807,ACT_EU_INST_CJEU_JUDG_AG_DE_KOK
DOC_JUDG_CJ_2017_0017_20180906,ACT_EU_INST_CJEU_JUDG_AG_DE_KOK
DOC_JUDG_CJ_2017_0018_20181114,ACT_EU_INST_CJEU_JUDG_AG_SE_WAH
DOC_JUDG_CJ_2017_0020_20180621,ACT_EU_INST_CJEU_JUDG_AG_PL_SZP
DOC_JUDG_CJ_2017_0021_20180906,ACT_EU_INST_CJEU_JUDG_AG_BE_WAT
DOC_JUDG_CJ_2017_0024_20190508,ACT_EU_INST_CJEU_JUDG_AG_DK_SAU_OE
DOC_JUDG_CJ_2017_0025_20180710,ACT_EU_INST_CJEU_JUDG_AG_IT_MEN
DOC_JUDG_CJ_2017_0026_P_20180913,ACT_EU_INST_CJEU_JUDG_AG_PL_SZP
DOC_JUDG_CJ_2017_0027_20180705,ACT_EU_INST_CJEU_JUDG_AG_CZ_BOB
DOC_JUDG_CJ_2017_0028_20180704,ACT_EU_INST_CJEU_JUDG_AG_ES_CAM_SAN_BOR
DOC_JUDG_CJ_2017_0029_20181121,ACT_EU_INST_CJEU_JUDG_AG_DK_SAU_OE
DOC_JUDG_CJ_2017_0030_20180517,ACT_EU_INST_CJEU_JUDG_AG_FR_BOT
DOC_JUDG_CJ_2017_0031_20180307,ACT_EU_INST_CJEU_JUDG_AG_BG_TAN
DOC_JUDG_CJ_2017_0032_P_20180606,ACT_EU_INST_CJEU_JUDG_AG_SE_WAH
DOC_JUDG_CJ_2017_0033_20181113,ACT_EU_INST_CJEU_JUDG_AG_SE_WAH
DOC_JUDG_CJ_2017_0034_20180426,ACT_EU_INST_CJEU_JUDG_AG_BG_TAN
DOC_JUDG_CJ_2017_0038_20190605,ACT_EU_INST_CJEU_JUDG_AG_SE_WAH
DOC_JUDG_CJ_2017_0039_20180614,ACT_EU_INST_CJEU_JUDG_AG_IT_MEN
DOC_JUDG_CJ_2017_0040_20190729,ACT_EU_INST_CJEU_JUDG_AG_CZ_BOB
DOC_JUDG_CJ_2017_0041_20180919,ACT_EU_INST_CJEU_JUDG_AG_UK_SHA
DOC_JUDG_CJ_2017_0042_20171205,ACT_EU_INST_CJEU_JUDG_AG_FR_BOT
DOC_JUDG_CJ_2017_0043_P_20180705,ACT_EU_INST_CJEU_JUDG_AG_PL_SZP
DOC_JUDG_CJ_2017_0044_20180607,ACT_EU_INST_CJEU_JUDG_AG_DK_SAU_OE
DOC_JUDG_CJ_2017_0045_20180118,ACT_EU_INST_CJEU_JUDG_AG_IT_MEN
DOC_JUDG_CJ_2017_0046_20180228,ACT_EU_INST_CJEU_JUDG_AG_DK_SAU_OE
DOC_JUDG_CJ_2017_0047_20181113,ACT_EU_INST_CJEU_JUDG_AG_BE_WAT
DOC_JUDG_CJ_2017_0049_20180606,ACT_EU_INST_CJEU_JUDG_AG_PL_SZP
DOC_JUDG_CJ_2017_0051_20180920,ACT_EU_INST_CJEU_JUDG_AG_BG_TAN
DOC_JUDG_CJ_2017_0052_20180807,ACT_EU_INST_CJEU_JUDG_AG_ES_CAM_SAN_BOR
DOC_JUDG_CJ_2017_0054_20180913,ACT_EU_INST_CJEU_JUDG_AG_ES_CAM_SAN_BOR
DOC_JUDG_CJ_2017_0056_20181004,ACT_EU_INST_CJEU_JUDG_AG_IT_MEN
DOC_JUDG_CJ_2017_0057_20180628,ACT_EU_INST_CJEU_JUDG_AG_FR_BOT
DOC_JUDG_CJ_2017_0058_20180118,ACT_EU_INST_CJEU_JUDG_AG_DK_SAU_OE
DOC_JUDG_CJ_2017_0059_20180807,ACT_EU_INST_CJEU_JUDG_AG_CZ_BOB
DOC_JUDG_CJ_2017_0060_20180711,ACT_EU_INST_CJEU_JUDG_AG_BG_TAN
DOC_JUDG_CJ_2017_0061_20180807,ACT_EU_INST_CJEU_JUDG_AG_UK_SHA
DOC_JUDG_CJ_2017_0064_20180308,ACT_EU_INST_CJEU_JUDG_AG_CZ_BOB
DOC_JUDG_CJ_2017_0065_20180419,ACT_EU_INST_CJEU_JUDG_AG_ES_CAM_SAN_BOR
DOC_JUDG_CJ_2017_0066_20171214,ACT_EU_INST_CJEU_JUDG_AG_FR_BOT
DOC_JUDG_CJ_2017_0068_20180911,ACT_EU_INST_CJEU_JUDG_AG_BE_WAT
DOC_JUDG_CJ_2017_0069_20180912,ACT_EU_INST_CJEU_JUDG_AG_IT_MEN
DOC_JUDG_CJ_2017_0070_20190326,ACT_EU_INST_CJEU_JUDG_AG_PL_SZP
DOC_JUDG_CJ_2017_0073_20181002,ACT_EU_INST_CJEU_JUDG_AG_BE_WAT
DOC_JUDG_CJ_2017_0075_P_20180419,ACT_EU_INST_CJEU_JUDG_AG_BE_WAT
DOC_JUDG_CJ_2017_0076_20180301,ACT_EU_INST_CJEU_JUDG_AG_PL_SZP
DOC_JUDG_CJ_2017_0080_20180904,ACT_EU_INST_CJEU_JUDG_AG_CZ_BOB
DOC_JUDG_CJ_2017_0081_20180426,ACT_EU_INST_CJEU_JUDG_AG_SE_WAH
DOC_JUDG_CJ_2017_0082_P_20190912,ACT_EU_INST_CJEU_JUDG_AG_PL_SZP
DOC_JUDG_CJ_2017_0083_20180607,ACT_EU_INST_CJEU_JUDG_AG_PL_SZP
DOC_JUDG_CJ_2017_0084_P_20180725,ACT_EU_INST_CJEU_JUDG_AG_BE_WAT
DOC_JUDG_CJ_2017_0088_20180711,ACT_EU_INST_CJEU_JUDG_AG_BG_TAN
DOC_JUDG_CJ_2017_0089_20180712,ACT_EU_INST_CJEU_JUDG_AG_CZ_BOB
DOC_JUDG_CJ_2017_0090_20180627,ACT_EU_INST_CJEU_JUDG_AG_PL_SZP
DOC_JUDG_CJ_2017_0091_P_20180426,ACT_EU_INST_CJEU_JUDG_AG_UK_SHA
DOC_JUDG_CJ_2017_0093_20181114,ACT_EU_INST_CJEU_JUDG_AG_BE_WAT
DOC_JUDG_CJ_2017_0096_20180725,ACT_EU_INST_CJEU_JUDG_AG_DE_KOK
DOC_JUDG_CJ_2017_0097_20180426,ACT_EU_INST_CJEU_JUDG_AG_BE_WAT
DOC_JUDG_CJ_2017_0098_P_20180926,ACT_EU_INST_CJEU_JUDG_AG_BE_WAT
DOC_JUDG_CJ_2017_0099_P_20180926,ACT_EU_INST_CJEU_JUDG_AG_BE_WAT
DOC_JUDG_CJ_2017_0100_P_20181018,ACT_EU_INST_CJEU_JUDG_AG_UK_SHA
DOC_JUDG_CJ_2017_0103_20180725,ACT_EU_INST_CJEU_JUDG_AG_ES_CAM_SAN_BOR
DOC_JUDG_CJ_2017_0104_20180315,ACT_EU_INST_CJEU_JUDG_AG_ES_CAM_SAN_BOR
DOC_JUDG_CJ_2017_0105_20181004,ACT_EU_INST_CJEU_JUDG_AG_PL_SZP
DOC_JUDG_CJ_2017_0106_20180131,ACT_EU_INST_CJEU_JUDG_AG_CZ_BOB
DOC_JUDG_CJ_2017_0107_20180725,ACT_EU_INST_CJEU_JUDG_AG_PL_SZP
DOC_JUDG_CJ_2017_0108_20180620,ACT_EU_INST_CJEU_JUDG_AG_IT_MEN
DOC_JUDG_CJ_2017_0109_20180919,ACT_EU_INST_CJEU_JUDG_AG_SE_WAH
DOC_JUDG_CJ_2017_0110_20180412,ACT_EU_INST_CJEU_JUDG_AG_UK_SHA
DOC_JUDG_CJ_2017_0111_PPU_20170608,ACT_EU_INST_CJEU_JUDG_AG_SE_WAH
DOC_JUDG_CJ_2017_0114_P_20180920,ACT_EU_INST_CJEU_JUDG_AG_UK_SHA
DOC_JUDG_CJ_2017_0115_20180807,ACT_EU_INST_CJEU_JUDG_AG_DE_KOK
DOC_JUDG_CJ_2017_0117_20180228,ACT_EU_INST_CJEU_JUDG_AG_DE_KOK
DOC_JUDG_CJ_2017_0118_20190314,ACT_EU_INST_CJEU_JUDG_AG_SE_WAH
DOC_JUDG_CJ_2017_0120_20180807,ACT_EU_INST_CJEU_JUDG_AG_IT_MEN
DOC_JUDG_CJ_2017_0121_20180725,ACT_EU_INST_CJEU_JUDG_AG_BE_WAT
DOC_JUDG_CJ_2017_0122_20180807,ACT_EU_INST_CJEU_JUDG_AG_FR_BOT
DOC_JUDG_CJ_2017_0123_20180807,ACT_EU_INST_CJEU_JUDG_AG_UK_SHA
DOC_JUDG_CJ_2017_0124_20181024,ACT_EU_INST_CJEU_JUDG_AG_ES_CAM_SAN_BOR
DOC_JUDG_CJ_2017_0127_20190321,ACT_EU_INST_CJEU_JUDG_AG_FR_BOT
DOC_JUDG_CJ_2017_0128_20190313,ACT_EU_INST_CJEU_JUDG_AG_SE_WAH
DOC_JUDG_CJ_2017_0129_20180725,ACT_EU_INST_CJEU_JUDG_AG_ES_CAM_SAN_BOR
DOC_JUDG_CJ_2017_0132_20180221,ACT_EU_INST_CJEU_JUDG_AG_DK_SAU_OE
DOC_JUDG_CJ_2017_0133_20180321,ACT_EU_INST_CJEU_JUDG_AG_IT_MEN
DOC_JUDG_CJ_2017_0135_20190226,ACT_EU_INST_CJEU_JUDG_AG_IT_MEN
DOC_JUDG_CJ_2017_0136_20190924,ACT_EU_INST_CJEU_JUDG_AG_PL_SZP
DOC_JUDG_CJ_2017_0137_20180926,ACT_EU_INST_CJEU_JUDG_AG_FR_BOT
DOC_JUDG_CJ_2017_0138_P_20181213,ACT_EU_INST_CJEU_JUDG_AG_SE_WAH
DOC_JUDG_CJ_2017_0139_P_20180725,ACT_EU_INST_CJEU_JUDG_AG_FR_BOT
DOC_JUDG_CJ_2017_0140_20180725,ACT_EU_INST_CJEU_JUDG_AG_DE_KOK
DOC_JUDG_CJ_2017_0144_20180208,ACT_EU_INST_CJEU_JUDG_AG_BG_TAN
DOC_JUDG_CJ_2017_0145_P_20181018,ACT_EU_INST_CJEU_JUDG_AG_BG_TAN
DOC_JUDG_CJ_2017_0147_20181120,ACT_EU_INST_CJEU_JUDG_AG_SE_WAH
DOC_JUDG_CJ_2017_0148_20180419,ACT_EU_INST_CJEU_JUDG_AG_PL_SZP
DOC_JUDG_CJ_2017_0149_20181018,ACT_EU_INST_CJEU_JUDG_AG_PL_SZP
DOC_JUDG_CJ_2017_0150_P_20181213,ACT_EU_INST_CJEU_JUDG_AG_SE_WAH
DOC_JUDG_CJ_2017_0151_20181122,ACT_EU_INST_CJEU_JUDG_AG_DK_SAU_OE
DOC_JUDG_CJ_2017_0152_20180419,ACT_EU_INST_CJEU_JUDG_AG_CZ_BOB
DOC_JUDG_CJ_2017_0153_20181018,ACT_EU_INST_CJEU_JUDG_AG_PL_SZP
DOC_JUDG_CJ_2017_0154_20180711,ACT_EU_INST_CJEU_JUDG_AG_CZ_BOB
DOC_JUDG_CJ_2017_0156_20200130,ACT_EU_INST_CJEU_JUDG_AG_IT_PIT
DOC_JUDG_CJ_2017_0159_20180307,ACT_EU_INST_CJEU_JUDG_AG_DK_SAU_OE
DOC_JUDG_CJ_2017_0160_20180607,ACT_EU_INST_CJEU_JUDG_AG_DE_KOK
DOC_JUDG_CJ_2017_0161_20180807,ACT_EU_INST_CJEU_JUDG_AG_ES_CAM_SAN_BOR
DOC_JUDG_CJ_2017_0162_P_20190116,ACT_EU_INST_CJEU_JUDG_AG_ES_CAM_SAN_BOR
DOC_JUDG_CJ_2017_0163_20190319,ACT_EU_INST_CJEU_JUDG_AG_BE_WAT
DOC_JUDG_CJ_2017_0164_20180725,ACT_EU_INST_CJEU_JUDG_AG_BG_TAN
DOC_JUDG_CJ_2017_0165_20190124,ACT_EU_INST_CJEU_JUDG_AG_IT_MEN
DOC_JUDG_CJ_2017_0167_20181017,ACT_EU_INST_CJEU_JUDG_AG_CZ_BOB
DOC_JUDG_CJ_2017_0168_20190117,ACT_EU_INST_CJEU_JUDG_AG_IT_MEN
DOC_JUDG_CJ_2017_0169_20180614,ACT_EU_INST_CJEU_JUDG_AG_DK_SAU_OE
DOC_JUDG_CJ_2017_0171_20181107,ACT_EU_INST_CJEU_JUDG_AG_FR_BOT
DOC_JUDG_CJ_2017_0172_P_20180913,ACT_EU_INST_CJEU_JUDG_AG_UK_SHA
DOC_JUDG_CJ_2017_0173_P_20180913,ACT_EU_INST_CJEU_JUDG_AG_UK_SHA
DOC_JUDG_CJ_2017_0174_P_20181213,ACT_EU_INST_CJEU_JUDG_AG_SE_WAH
DOC_JUDG_CJ_2017_0175_20180926,ACT_EU_INST_CJEU_JUDG_AG_FR_BOT
DOC_JUDG_CJ_2017_0176_20180913,ACT_EU_INST_CJEU_JUDG_AG_DE_KOK
DOC_JUDG_CJ_2017_0180_20180926,ACT_EU_INST_CJEU_JUDG_AG_FR_BOT
DOC_JUDG_CJ_2017_0181_20180208,ACT_EU_INST_CJEU_JUDG_AG_IT_MEN
DOC_JUDG_CJ_2017_0182_20180222,ACT_EU_INST_CJEU_JUDG_AG_BE_WAT
DOC_JUDG_CJ_2017_0183_P_20190131,ACT_EU_INST_CJEU_JUDG_AG_DK_SAU_OE
DOC_JUDG_CJ_2017_0185_20180222,ACT_EU_INST_CJEU_JUDG_AG_FR_BOT
DOC_JUDG_CJ_2017_0190_20180531,ACT_EU_INST_CJEU_JUDG_AG_BE_WAT
DOC_JUDG_CJ_2017_0191_20181004,ACT_EU_INST_CJEU_JUDG_AG_BG_TAN
DOC_JUDG_CJ_2017_0192_20180711,ACT_EU_INST_CJEU_JUDG_AG_DE_KOK
DOC_JUDG_CJ_2017_0193_20190122,ACT_EU_INST_CJEU_JUDG_AG_CZ_BOB
DOC_JUDG_CJ_2017_0194_P_20190131,ACT_EU_INST_CJEU_JUDG_AG_DE_KOK
DOC_JUDG_CJ_2017_0195_20180417,ACT_EU_INST_CJEU_JUDG_AG_BG_TAN
DOC_JUDG_CJ_2017_0205_20180725,ACT_EU_INST_CJEU_JUDG_AG_FR_BOT
DOC_JUDG_CJ_2017_0207_20181018,ACT_EU_INST_CJEU_JUDG_AG_FR_BOT
DOC_JUDG_CJ_2017_0213_20180705,ACT_EU_INST_CJEU_JUDG_AG_FR_BOT
DOC_JUDG_CJ_2017_0214_20180920,ACT_EU_INST_CJEU_JUDG_AG_PL_SZP
DOC_JUDG_CJ_2017_0215_20181114,ACT_EU_INST_CJEU_JUDG_AG_CZ_BOB
DOC_JUDG_CJ_2017_0216_20181219,ACT_EU_INST_CJEU_JUDG_AG_ES_CAM_SAN_BOR
DOC_JUDG_CJ_2017_0217_P_20180705,ACT_EU_INST_CJEU_JUDG_AG_DE_KOK
DOC_JUDG_CJ_2017_0219_20181219,ACT_EU_INST_CJEU_JUDG_AG_ES_CAM_SAN_BOR
DOC_JUDG_CJ_2017_0220_20190130,ACT_EU_INST_CJEU_JUDG_AG_DK_SAU_OE
DOC_JUDG_CJ_2017_0221_20190312,ACT_EU_INST_CJEU_JUDG_AG_IT_MEN
DOC_JUDG_CJ_2017_0223_P_20180614,ACT_EU_INST_CJEU_JUDG_AG_BG_TAN
DOC_JUDG_CJ_2017_0225_P_20190131,ACT_EU_INST_CJEU_JUDG_AG_UK_SHA
DOC_JUDG_CJ_2017_0227_20180412,ACT_EU_INST_CJEU_JUDG_AG_BE_WAT
DOC_JUDG_CJ_2017_0229_20180517,ACT_EU_INST_CJEU_JUDG_AG_CZ_BOB
DOC_JUDG_CJ_2017_0230_20180627,ACT_EU_INST_CJEU_JUDG_AG_SE_WAH
DOC_JUDG_CJ_2017_0234_20181024,ACT_EU_INST_CJEU_JUDG_AG_DK_SAU_OE
DOC_JUDG_CJ_2017_0235_20190521,ACT_EU_INST_CJEU_JUDG_AG_DK_SAU_OE
DOC_JUDG_CJ_2017_0236_P_20190327,ACT_EU_INST_CJEU_JUDG_AG_BG_TAN
DOC_JUDG_CJ_2017_0237_P_20190327,ACT_EU_INST_CJEU_JUDG_AG_BG_TAN
DOC_JUDG_CJ_2017_0238_20181114,ACT_EU_INST_CJEU_JUDG_AG_PL_SZP
DOC_JUDG_CJ_2017_0239_20180725,ACT_EU_INST_CJEU_JUDG_AG_UK_SHA
DOC_JUDG_CJ_2017_0240_20180116,ACT_EU_INST_CJEU_JUDG_AG_DE_KOK
DOC_JUDG_CJ_2017_0242_20181004,ACT_EU_INST_CJEU_JUDG_AG_ES_CAM_SAN_BOR
DOC_JUDG_CJ_2017_0244_20180904,ACT_EU_INST_CJEU_JUDG_AG_DE_KOK
DOC_JUDG_CJ_2017_0245_20181121,ACT_EU_INST_CJEU_JUDG_AG_DE_KOK
DOC_JUDG_CJ_2017_0246_20180627,ACT_EU_INST_CJEU_JUDG_AG_FR_BOT
DOC_JUDG_CJ_2017_0247_20181113,ACT_EU_INST_CJEU_JUDG_AG_FR_BOT
DOC_JUDG_CJ_2017_0248_P_20181129,ACT_EU_INST_CJEU_JUDG_AG_BG_TAN
DOC_JUDG_CJ_2017_0249_20181017,ACT_EU_INST_CJEU_JUDG_AG_DE_KOK
DOC_JUDG_CJ_2017_0250_20180606,ACT_EU_INST_CJEU_JUDG_AG_CZ_BOB
DOC_JUDG_CJ_2017_0251_20180531,ACT_EU_INST_CJEU_JUDG_AG_BG_TAN
DOC_JUDG_CJ_2017_0257_20181107,ACT_EU_INST_CJEU_JUDG_AG_IT_MEN
DOC_JUDG_CJ_2017_0258_20190115,ACT_EU_INST_CJEU_JUDG_AG_CZ_BOB
DOC_JUDG_CJ_2017_0260_20181025,ACT_EU_INST_CJEU_JUDG_AG_BE_WAT
DOC_JUDG_CJ_2017_0262_20181128,ACT_EU_INST_CJEU_JUDG_AG_BG_TAN
DOC_JUDG_CJ_2017_0264_20181129,ACT_EU_INST_CJEU_JUDG_AG_PL_SZP
DOC_JUDG_CJ_2017_0265_P_20190116,ACT_EU_INST_CJEU_JUDG_AG_DE_KOK
DOC_JUDG_CJ_2017_0266_20190321,ACT_EU_INST_CJEU_JUDG_AG_ES_CAM_SAN_BOR
DOC_JUDG_CJ_2017_0268_20180725,ACT_EU_INST_CJEU_JUDG_AG_PL_SZP
DOC_JUDG_CJ_2017_0270_PPU_20170810,ACT_EU_INST_CJEU_JUDG_AG_CZ_BOB
DOC_JUDG_CJ_2017_0271_PPU_20170810,ACT_EU_INST_CJEU_JUDG_AG_CZ_BOB
DOC_JUDG_CJ_2017_0272_20190123,ACT_EU_INST_CJEU_JUDG_AG_ES_CAM_SAN_BOR
DOC_JUDG_CJ_2017_0287_20180913,ACT_EU_INST_CJEU_JUDG_AG_BE_WAT
DOC_JUDG_CJ_2017_0289_20180228,ACT_EU_INST_CJEU_JUDG_AG_FR_BOT
DOC_JUDG_CJ_2017_0293_20181107,ACT_EU_INST_CJEU_JUDG_AG_DE_KOK
DOC_JUDG_CJ_2017_0295_20181122,ACT_EU_INST_CJEU_JUDG_AG_DE_KOK
DOC_JUDG_CJ_2017_0296_20181114,ACT_EU_INST_CJEU_JUDG_AG_SE_WAH
DOC_JUDG_CJ_2017_0297_20190319,ACT_EU_INST_CJEU_JUDG_AG_BE_WAT
DOC_JUDG_CJ_2017_0298_20181213,ACT_EU_INST_CJEU_JUDG_AG_PL_SZP
DOC_JUDG_CJ_2017_0299_20190912,ACT_EU_INST_CJEU_JUDG_AG_IE_HOG
DOC_JUDG_CJ_2017_0300_20180807,ACT_EU_INST_CJEU_JUDG_AG_BE_WAT
DOC_JUDG_CJ_2017_0301_20181018,ACT_EU_INST_CJEU_JUDG_AG_UK_SHA
DOC_JUDG_CJ_2017_0302_20180412,ACT_EU_INST_CJEU_JUDG_AG_DK_SAU_OE
DOC_JUDG_CJ_2017_0304_20180912,ACT_EU_INST_CJEU_JUDG_AG_CZ_BOB
DOC_JUDG_CJ_2017_0305_20181206,ACT_EU_INST_CJEU_JUDG_AG_UK_SHA
DOC_JUDG_CJ_2017_0306_20180531,ACT_EU_INST_CJEU_JUDG_AG_DK_SAU_OE
DOC_JUDG_CJ_2017_0308_20181115,ACT_EU_INST_CJEU_JUDG_AG_FR_BOT
DOC_JUDG_CJ_2017_0310_20181113,ACT_EU_INST_CJEU_JUDG_AG_BE_WAT
DOC_JUDG_CJ_2017_0312_20180919,ACT_EU_INST_CJEU_JUDG_AG_UK_SHA
DOC_JUDG_CJ_2017_0313_P_20190124,ACT_EU_INST_CJEU_JUDG_AG_IT_MEN
DOC_JUDG_CJ_2017_0320_20180705,ACT_EU_INST_CJEU_JUDG_AG_IT_MEN
DOC_JUDG_CJ_2017_0322_20190207,ACT_EU_INST_CJEU_JUDG_AG_IT_MEN
DOC_JUDG_CJ_2017_0323_20180412,ACT_EU_INST_CJEU_JUDG_AG_DE_KOK
DOC_JUDG_CJ_2017_0324_20191024,ACT_EU_INST_CJEU_JUDG_AG_FR_BOT
DOC_JUDG_CJ_2017_0326_20190124,ACT_EU_INST_CJEU_JUDG_AG_SE_WAH
DOC_JUDG_CJ_2017_0328_20181128,ACT_EU_INST_CJEU_JUDG_AG_ES_CAM_SAN_BOR
DOC_JUDG_CJ_2017_0329_20180807,ACT_EU_INST_CJEU_JUDG_AG_IT_MEN
DOC_JUDG_CJ_2017_0330_20181115,ACT_EU_INST_CJEU_JUDG_AG_DK_SAU_OE
DOC_JUDG_CJ_2017_0331_20181025,ACT_EU_INST_CJEU_JUDG_AG_DK_SAU_OE
DOC_JUDG_CJ_2017_0332_20180913,ACT_EU_INST_CJEU_JUDG_AG_BE_WAT
DOC_JUDG_CJ_2017_0334_P_20181115,ACT_EU_INST_CJEU_JUDG_AG_BG_TAN
DOC_JUDG_CJ_2017_0335_20180531,ACT_EU_INST_CJEU_JUDG_AG_PL_SZP
DOC_JUDG_CJ_2017_0337_20181004,ACT_EU_INST_CJEU_JUDG_AG_CZ_BOB
DOC_JUDG_CJ_2017_0338_20180725,ACT_EU_INST_CJEU_JUDG_AG_FR_BOT
DOC_JUDG_CJ_2017_0339_20180705,ACT_EU_INST_CJEU_JUDG_AG_SE_WAH
DOC_JUDG_CJ_2017_0340_P_20181129,ACT_EU_INST_CJEU_JUDG_AG_UK_SHA
DOC_JUDG_CJ_2017_0341_P_20190515,ACT_EU_INST_CJEU_JUDG_AG_DE_KOK
DOC_JUDG_CJ_2017_0342_20181114,ACT_EU_INST_CJEU_JUDG_AG_ES_CAM_SAN_BOR
DOC_JUDG_CJ_2017_0343_20180920,ACT_EU_INST_CJEU_JUDG_AG_UK_SHA
DOC_JUDG_CJ_2017_0345_20190214,ACT_EU_INST_CJEU_JUDG_AG_UK_SHA
DOC_JUDG_CJ_2017_0346_P_20180906,ACT_EU_INST_CJEU_JUDG_AG_FR_BOT
DOC_JUDG_CJ_2017_0347_20190912,ACT_EU_INST_CJEU_JUDG_AG_CZ_BOB
DOC_JUDG_CJ_2017_0349_20190305,ACT_EU_INST_CJEU_JUDG_AG_BE_WAT
DOC_JUDG_CJ_2017_0350_20190321,ACT_EU_INST_CJEU_JUDG_AG_DK_SAU_OE
DOC_JUDG_CJ_2017_0363_P_20180607,ACT_EU_INST_CJEU_JUDG_AG_IT_MEN
DOC_JUDG_CJ_2017_0364_20180627,ACT_EU_INST_CJEU_JUDG_AG_DE_KOK
DOC_JUDG_CJ_2017_0367_20181219,ACT_EU_INST_CJEU_JUDG_AG_DK_SAU_OE
DOC_JUDG_CJ_2017_0369_20180913,ACT_EU_INST_CJEU_JUDG_AG_IT_MEN
DOC_JUDG_CJ_2017_0370_20200402,ACT_EU_INST_CJEU_JUDG_AG_DK_SAU_OE
DOC_JUDG_CJ_2017_0372_20180913,ACT_EU_INST_CJEU_JUDG_AG_DK_SAU_OE
DOC_JUDG_CJ_2017_0373_P_20180920,ACT_EU_INST_CJEU_JUDG_AG_SE_WAH
DOC_JUDG_CJ_2017_0374_20181219,ACT_EU_INST_CJEU_JUDG_AG_DK_SAU_OE
DOC_JUDG_CJ_2017_0375_20181219,ACT_EU_INST_CJEU_JUDG_AG_UK_SHA
DOC_JUDG_CJ_2017_0377_20190704,ACT_EU_INST_CJEU_JUDG_AG_PL_SZP
DOC_JUDG_CJ_2017_0378_20181204,ACT_EU_INST_CJEU_JUDG_AG_SE_WAH
DOC_JUDG_CJ_2017_0379_20181004,ACT_EU_INST_CJEU_JUDG_AG_PL_SZP
DOC_JUDG_CJ_2017_0380_20181107,ACT_EU_INST_CJEU_JUDG_AG_IT_MEN
DOC_JUDG_CJ_2017_0384_20181004,ACT_EU_INST_CJEU_JUDG_AG_CZ_BOB
DOC_JUDG_CJ_2017_0385_20181213,ACT_EU_INST_CJEU_JUDG_AG_CZ_BOB
DOC_JUDG_CJ_2017_0386_20190116,ACT_EU_INST_CJEU_JUDG_AG_FR_BOT
DOC_JUDG_CJ_2017_0387_20190123,ACT_EU_INST_CJEU_JUDG_AG_SE_WAH
DOC_JUDG_CJ_2017_0388_20190228,ACT_EU_INST_CJEU_JUDG_AG_ES_CAM_SAN_BOR
DOC_JUDG_CJ_2017_0389_20190116,ACT_EU_INST_CJEU_JUDG_AG_BE_WAT
DOC_JUDG_CJ_2017_0390_P_20180530,ACT_EU_INST_CJEU_JUDG_AG_DE_KOK
DOC_JUDG_CJ_2017_0391_20191031,ACT_EU_INST_CJEU_JUDG_AG_CZ_BOB
DOC_JUDG_CJ_2017_0393_20190704,ACT_EU_INST_CJEU_JUDG_AG_CZ_BOB
DOC_JUDG_CJ_2017_0395_20191031,ACT_EU_INST_CJEU_JUDG_AG_CZ_BOB
DOC_JUDG_CJ_2017_0396_20190508,ACT_EU_INST_CJEU_JUDG_AG_DK_SAU_OE
DOC_JUDG_CJ_2017_0397_20180712,ACT_EU_INST_CJEU_JUDG_AG_DE_KOK
DOC_JUDG_CJ_2017_0399_20190314,ACT_EU_INST_CJEU_JUDG_AG_SE_WAH
DOC_JUDG_CJ_2017_0404_20180725,ACT_EU_INST_CJEU_JUDG_AG_BE_WAT
DOC_JUDG_CJ_2017_0410_20190110,ACT_EU_INST_CJEU_JUDG_AG_SE_WAH
DOC_JUDG_CJ_2017_0411_20190729,ACT_EU_INST_CJEU_JUDG_AG_DE_KOK
DOC_JUDG_CJ_2017_0412_20181213,ACT_EU_INST_CJEU_JUDG_AG_FR_BOT
DOC_JUDG_CJ_2017_0413_20181025,ACT_EU_INST_CJEU_JUDG_AG_DE_KOK
DOC_JUDG_CJ_2017_0414_20181219,ACT_EU_INST_CJEU_JUDG_AG_DE_KOK
DOC_JUDG_CJ_2017_0416_20181004,ACT_EU_INST_CJEU_JUDG_AG_BE_WAT
DOC_JUDG_CJ_2017_0419_P_20190123,ACT_EU_INST_CJEU_JUDG_AG_PL_SZP
DOC_JUDG_CJ_2017_0421_20180613,ACT_EU_INST_CJEU_JUDG_AG_ES_CAM_SAN_BOR
DOC_JUDG_CJ_2017_0422_20181219,ACT_EU_INST_CJEU_JUDG_AG_CZ_BOB
DOC_JUDG_CJ_2017_0423_20190214,ACT_EU_INST_CJEU_JUDG_AG_DE_KOK
DOC_JUDG_CJ_2017_0425_20181017,ACT_EU_INST_CJEU_JUDG_AG_DK_SAU_OE
DOC_JUDG_CJ_2017_0427_20190328,ACT_EU_INST_CJEU_JUDG_AG_SE_WAH
DOC_JUDG_CJ_2017_0428_P_20190314,ACT_EU_INST_CJEU_JUDG_AG_SE_WAH
DOC_JUDG_CJ_2017_0430_20190123,ACT_EU_INST_CJEU_JUDG_AG_BG_TAN
DOC_JUDG_CJ_2017_0431_20190507,ACT_EU_INST_CJEU_JUDG_AG_UK_SHA
DOC_JUDG_CJ_2017_0432_20181107,ACT_EU_INST_CJEU_JUDG_AG_DE_KOK
DOC_JUDG_CJ_2017_0433_P_20181025,ACT_EU_INST_CJEU_JUDG_AG_UK_SHA
DOC_JUDG_CJ_2017_0434_20190213,ACT_EU_INST_CJEU_JUDG_AG_FR_BOT
DOC_JUDG_CJ_2017_0435_20180807,ACT_EU_INST_CJEU_JUDG_AG_UK_SHA
DOC_JUDG_CJ_2017_0437_20190313,ACT_EU_INST_CJEU_JUDG_AG_DK_SAU_OE
DOC_JUDG_CJ_2017_0441_20180417,ACT_EU_INST_CJEU_JUDG_AG_FR_BOT
DOC_JUDG_CJ_2017_0443_20190321,ACT_EU_INST_CJEU_JUDG_AG_DK_SAU_OE
DOC_JUDG_CJ_2017_0444_20190319,ACT_EU_INST_CJEU_JUDG_AG_PL_SZP
DOC_JUDG_CJ_2017_0445_20180725,ACT_EU_INST_CJEU_JUDG_AG_BE_WAT
DOC_JUDG_CJ_2017_0447_P_20190905,ACT_EU_INST_CJEU_JUDG_AG_FR_BOT
DOC_JUDG_CJ_2017_0448_20180920,ACT_EU_INST_CJEU_JUDG_AG_BG_TAN
DOC_JUDG_CJ_2017_0449_20190314,ACT_EU_INST_CJEU_JUDG_AG_PL_SZP
DOC_JUDG_CJ_2017_0450_P_20190508,ACT_EU_INST_CJEU_JUDG_AG_IE_HOG
DOC_JUDG_CJ_2017_0451_20181025,ACT_EU_INST_CJEU_JUDG_AG_IT_MEN
DOC_JUDG_CJ_2017_0452_20181121,ACT_EU_INST_CJEU_JUDG_AG_PL_SZP
DOC_JUDG_CJ_2017_0454_P_20180906,ACT_EU_INST_CJEU_JUDG_AG_UK_SHA
DOC_JUDG_CJ_2017_0457_20181115,ACT_EU_INST_CJEU_JUDG_AG_UK_SHA
DOC_JUDG_CJ_2017_0458_P_20180614,ACT_EU_INST_CJEU_JUDG_AG_IT_MEN
DOC_JUDG_CJ_2017_0459_20180627,ACT_EU_INST_CJEU_JUDG_AG_IT_MEN
DOC_JUDG_CJ_2017_0461_20181107,ACT_EU_INST_CJEU_JUDG_AG_DE_KOK
DOC_JUDG_CJ_2017_0462_20181025,ACT_EU_INST_CJEU_JUDG_AG_DK_SAU_OE
DOC_JUDG_CJ_2017_0463_P_20180607,ACT_EU_INST_CJEU_JUDG_AG_BE_WAT
DOC_JUDG_CJ_2017_0465_20190321,ACT_EU_INST_CJEU_JUDG_AG_ES_CAM_SAN_BOR
DOC_JUDG_CJ_2017_0466_20180920,ACT_EU_INST_CJEU_JUDG_AG_UK_SHA
DOC_JUDG_CJ_2017_0469_20190729,ACT_EU_INST_CJEU_JUDG_AG_PL_SZP
DOC_JUDG_CJ_2017_0471_20180906,ACT_EU_INST_CJEU_JUDG_AG_IT_MEN
DOC_JUDG_CJ_2017_0473_20190411,ACT_EU_INST_CJEU_JUDG_AG_BG_TAN
DOC_JUDG_CJ_2017_0475_20180807,ACT_EU_INST_CJEU_JUDG_AG_UK_SHA
DOC_JUDG_CJ_2017_0476_20190729,ACT_EU_INST_CJEU_JUDG_AG_PL_SZP
DOC_JUDG_CJ_2017_0477_20190124,ACT_EU_INST_CJEU_JUDG_AG_SE_WAH
DOC_JUDG_CJ_2017_0478_20181004,ACT_EU_INST_CJEU_JUDG_AG_BE_WAT
DOC_JUDG_CJ_2017_0480_20181206,ACT_EU_INST_CJEU_JUDG_AG_ES_CAM_SAN_BOR
DOC_JUDG_CJ_2017_0482_20191203,ACT_EU_INST_CJEU_JUDG_AG_UK_SHA
DOC_JUDG_CJ_2017_0483_20190411,ACT_EU_INST_CJEU_JUDG_AG_PL_SZP
DOC_JUDG_CJ_2017_0484_20181107,ACT_EU_INST_CJEU_JUDG_AG_IT_MEN
DOC_JUDG_CJ_2017_0485_20180807,ACT_EU_INST_CJEU_JUDG_AG_DK_SAU_OE
DOC_JUDG_CJ_2017_0487_20190328,ACT_EU_INST_CJEU_JUDG_AG_ES_CAM_SAN_BOR
DOC_JUDG_CJ_2017_0492_20181213,ACT_EU_INST_CJEU_JUDG_AG_ES_CAM_SAN_BOR
DOC_JUDG_CJ_2017_0493_20181211,ACT_EU_INST_CJEU_JUDG_AG_BE_WAT
DOC_JUDG_CJ_2017_0494_20190508,ACT_EU_INST_CJEU_JUDG_AG_PL_SZP
DOC_JUDG_CJ_2017_0495_20181108,ACT_EU_INST_CJEU_JUDG_AG_UK_SHA
DOC_JUDG_CJ_2017_0496_20190116,ACT_EU_INST_CJEU_JUDG_AG_ES_CAM_SAN_BOR
DOC_JUDG_CJ_2017_0497_20190226,ACT_EU_INST_CJEU_JUDG_AG_SE_WAH
DOC_JUDG_CJ_2017_0498_20190321,ACT_EU_INST_CJEU_JUDG_AG_FR_BOT
DOC_JUDG_CJ_2017_0501_20190404,ACT_EU_INST_CJEU_JUDG_AG_BG_TAN
DOC_JUDG_CJ_2017_0502_20181108,ACT_EU_INST_CJEU_JUDG_AG_DE_KOK
DOC_JUDG_CJ_2017_0503_20181017,ACT_EU_INST_CJEU_JUDG_AG_SE_WAH
DOC_JUDG_CJ_2017_0504_20181017,ACT_EU_INST_CJEU_JUDG_AG_SE_WAH
DOC_JUDG_CJ_2017_0505_P_20190228,ACT_EU_INST_CJEU_JUDG_AG_BG_TAN
DOC_JUDG_CJ_2017_0506_20181128,ACT_EU_INST_CJEU_JUDG_AG_SE_WAH
DOC_JUDG_CJ_2017_0507_20190924,ACT_EU_INST_CJEU_JUDG_AG_PL_SZP
DOC_JUDG_CJ_2017_0509_20190516,ACT_EU_INST_CJEU_JUDG_AG_PL_SZP
DOC_JUDG_CJ_2017_0511_20200311,ACT_EU_INST_CJEU_JUDG_AG_BG_TAN
DOC_JUDG_CJ_2017_0512_20180628,ACT_EU_INST_CJEU_JUDG_AG_SE_WAH
DOC_JUDG_CJ_2017_0513_20180926,ACT_EU_INST_CJEU_JUDG_AG_CZ_BOB
DOC_JUDG_CJ_2017_0514_20181213,ACT_EU_INST_CJEU_JUDG_AG_FR_BOT
DOC_JUDG_CJ_2017_0515_P_20200204,ACT_EU_INST_CJEU_JUDG_AG_CZ_BOB
DOC_JUDG_CJ_2017_0516_20190729,ACT_EU_INST_CJEU_JUDG_AG_PL_SZP
DOC_JUDG_CJ_2017_0517_20200716,ACT_EU_INST_CJEU_JUDG_AG_IE_HOG
DOC_JUDG_CJ_2017_0518_20180920,ACT_EU_INST_CJEU_JUDG_AG_ES_CAM_SAN_BOR
DOC_JUDG_CJ_2017_0519_P_20180530,ACT_EU_INST_CJEU_JUDG_AG_SE_WAH
DOC_JUDG_CJ_2017_0521_20180807,ACT_EU_INST_CJEU_JUDG_AG_BE_WAT
DOC_JUDG_CJ_2017_0526_20190918,ACT_EU_INST_CJEU_JUDG_AG_UK_SHA
DOC_JUDG_CJ_2017_0527_20181025,ACT_EU_INST_CJEU_JUDG_AG_ES_CAM_SAN_BOR
DOC_JUDG_CJ_2017_0528_20181025,ACT_EU_INST_CJEU_JUDG_AG_IT_MEN
DOC_JUDG_CJ_2017_0530_P_20181219,ACT_EU_INST_CJEU_JUDG_AG_IE_HOG
DOC_JUDG_CJ_2017_0531_20190214,ACT_EU_INST_CJEU_JUDG_AG_DE_KOK
DOC_JUDG_CJ_2017_0532_20180704,ACT_EU_INST_CJEU_JUDG_AG_DK_SAU_OE
DOC_JUDG_CJ_2017_0535_20190206,ACT_EU_INST_CJEU_JUDG_AG_CZ_BOB
DOC_JUDG_CJ_2017_0537_20180531,ACT_EU_INST_CJEU_JUDG_AG_DK_SAU_OE
DOC_JUDG_CJ_2017_0543_20190708,ACT_EU_INST_CJEU_JUDG_AG_PL_SZP
DOC_JUDG_CJ_2017_0544_P_20181107,ACT_EU_INST_CJEU_JUDG_AG_IT_MEN
DOC_JUDG_CJ_2017_0545_20190327,ACT_EU_INST_CJEU_JUDG_AG_ES_CAM_SAN_BOR
DOC_JUDG_CJ_2017_0547_P_20180906,ACT_EU_INST_CJEU_JUDG_AG_ES_CAM_SAN_BOR
DOC_JUDG_CJ_2017_0548_20181129,ACT_EU_INST_CJEU_JUDG_AG_PL_SZP
DOC_JUDG_CJ_2017_0552_20181219,ACT_EU_INST_CJEU_JUDG_AG_CZ_BOB
DOC_JUDG_CJ_2017_0554_20190214,ACT_EU_INST_CJEU_JUDG_AG_IT_MEN
DOC_JUDG_CJ_2017_0555_20180920,ACT_EU_INST_CJEU_JUDG_AG_UK_SHA
DOC_JUDG_CJ_2017_0556_20190729,ACT_EU_INST_CJEU_JUDG_AG_CZ_BOB
DOC_JUDG_CJ_2017_0557_20190314,ACT_EU_INST_CJEU_JUDG_AG_IT_MEN
DOC_JUDG_CJ_2017_0558_P_20190404,ACT_EU_INST_CJEU_JUDG_AG_DE_KOK
DOC_JUDG_CJ_2017_0562_20190214,ACT_EU_INST_CJEU_JUDG_AG_FR_BOT
DOC_JUDG_CJ_2017_0563_20190227,ACT_EU_INST_CJEU_JUDG_AG_ES_CAM_SAN_BOR
DOC_JUDG_CJ_2017_0566_20190508,ACT_EU_INST_CJEU_JUDG_AG_UK_SHA
DOC_JUDG_CJ_2017_0567_20190228,ACT_EU_INST_CJEU_JUDG_AG_ES_CAM_SAN_BOR
DOC_JUDG_CJ_2017_0568_20190508,ACT_EU_INST_CJEU_JUDG_AG_PL_SZP
DOC_JUDG_CJ_2017_0571_PPU_20171222,ACT_EU_INST_CJEU_JUDG_AG_CZ_BOB
DOC_JUDG_CJ_2017_0572_20181219,ACT_EU_INST_CJEU_JUDG_AG_ES_CAM_SAN_BOR
DOC_JUDG_CJ_2017_0573_20190624,ACT_EU_INST_CJEU_JUDG_AG_ES_CAM_SAN_BOR
DOC_JUDG_CJ_2017_0574_P_20180725,ACT_EU_INST_CJEU_JUDG_AG_UK_SHA
DOC_JUDG_CJ_2017_0575_20181122,ACT_EU_INST_CJEU_JUDG_AG_BE_WAT
DOC_JUDG_CJ_2017_0578_20190327,ACT_EU_INST_CJEU_JUDG_AG_DK_SAU_OE
DOC_JUDG_CJ_2017_0579_20190228,ACT_EU_INST_CJEU_JUDG_AG_FR_BOT
DOC_JUDG_CJ_2017_0580_20190508,ACT_EU_INST_CJEU_JUDG_AG_BE_WAT
DOC_JUDG_CJ_2017_0581_20190226,ACT_EU_INST_CJEU_JUDG_AG_BE_WAT
DOC_JUDG_CJ_2017_0582_20190402,ACT_EU_INST_CJEU_JUDG_AG_UK_SHA
DOC_JUDG_CJ_2017_0584_P_20200716,ACT_EU_INST_CJEU_JUDG_AG_DE_KOK
DOC_JUDG_CJ_2017_0585_20191114,ACT_EU_INST_CJEU_JUDG_AG_DK_SAU_OE
DOC_JUDG_CJ_2017_0587_P_20190130,ACT_EU_INST_CJEU_JUDG_AG_SE_WAH
DOC_JUDG_CJ_2017_0588_P_20180725,ACT_EU_INST_CJEU_JUDG_AG_BG_TAN
DOC_JUDG_CJ_2017_0589_20190729,ACT_EU_INST_CJEU_JUDG_AG_UK_SHA
DOC_JUDG_CJ_2017_0590_20190321,ACT_EU_INST_CJEU_JUDG_AG_CZ_BOB
DOC_JUDG_CJ_2017_0591_20190618,ACT_EU_INST_CJEU_JUDG_AG_SE_WAH
DOC_JUDG_CJ_2017_0592_20181115,ACT_EU_INST_CJEU_JUDG_AG_SE_WAH
DOC_JUDG_CJ_2017_0595_20181024,ACT_EU_INST_CJEU_JUDG_AG_SE_WAH
DOC_JUDG_CJ_2017_0597_20190627,ACT_EU_INST_CJEU_JUDG_AG_BG_TAN
DOC_JUDG_CJ_2017_0598_20190502,ACT_EU_INST_CJEU_JUDG_AG_DK_SAU_OE
DOC_JUDG_CJ_2017_0599_20181004,ACT_EU_INST_CJEU_JUDG_AG_IT_MEN
DOC_JUDG_CJ_2017_0601_20180912,ACT_EU_INST_CJEU_JUDG_AG_FR_BOT
DOC_JUDG_CJ_2017_0602_20181024,ACT_EU_INST_CJEU_JUDG_AG_ES_CAM_SAN_BOR
DOC_JUDG_CJ_2017_0603_20190411,ACT_EU_INST_CJEU_JUDG_AG_DK_SAU_OE
DOC_JUDG_CJ_2017_0606_20181018,ACT_EU_INST_CJEU_JUDG_AG_ES_CAM_SAN_BOR
DOC_JUDG_CJ_2017_0607_20190619,ACT_EU_INST_CJEU_JUDG_AG_DE_KOK
DOC_JUDG_CJ_2017_0608_20190619,ACT_EU_INST_CJEU_JUDG_AG_DE_KOK
DOC_JUDG_CJ_2017_0609_20191119,ACT_EU_INST_CJEU_JUDG_AG_FR_BOT
DOC_JUDG_CJ_2017_0611_20190430,ACT_EU_INST_CJEU_JUDG_AG_IE_HOG
DOC_JUDG_CJ_2017_0612_20190911,ACT_EU_INST_CJEU_JUDG_AG_IE_HOG
DOC_JUDG_CJ_2017_0614_20190502,ACT_EU_INST_CJEU_JUDG_AG_IT_PIT
DOC_JUDG_CJ_2017_0616_20191001,ACT_EU_INST_CJEU_JUDG_AG_UK_SHA
DOC_JUDG_CJ_2017_0617_20190403,ACT_EU_INST_CJEU_JUDG_AG_SE_WAH
DOC_JUDG_CJ_2017_0619_20181121,ACT_EU_INST_CJEU_JUDG_AG_DE_KOK
DOC_JUDG_CJ_2017_0620_20190729,ACT_EU_INST_CJEU_JUDG_AG_CZ_BOB
DOC_JUDG_CJ_2017_0621_20191003,ACT_EU_INST_CJEU_JUDG_AG_IE_HOG
DOC_JUDG_CJ_2017_0622_20190704,ACT_EU_INST_CJEU_JUDG_AG_DK_SAU_OE
DOC_JUDG_CJ_2017_0623_20201006,ACT_EU_INST_CJEU_JUDG_AG_ES_CAM_SAN_BOR
DOC_JUDG_CJ_2017_0624_20190704,ACT_EU_INST_CJEU_JUDG_AG_DE_KOK
DOC_JUDG_CJ_2017_0625_20181122,ACT_EU_INST_CJEU_JUDG_AG_IT_MEN
DOC_JUDG_CJ_2017_0627_20181122,ACT_EU_INST_CJEU_JUDG_AG_DK_SAU_OE
DOC_JUDG_CJ_2017_0628_20190612,ACT_EU_INST_CJEU_JUDG_AG_ES_CAM_SAN_BOR
DOC_JUDG_CJ_2017_0629_20181206,ACT_EU_INST_CJEU_JUDG_AG_ES_CAM_SAN_BOR
DOC_JUDG_CJ_2017_0630_20190214,ACT_EU_INST_CJEU_JUDG_AG_BG_TAN
DOC_JUDG_CJ_2017_0631_20190508,ACT_EU_INST_CJEU_JUDG_AG_IT_PIT
DOC_JUDG_CJ_2017_0634_20190523,ACT_EU_INST_CJEU_JUDG_AG_DK_SAU_OE
DOC_JUDG_CJ_2017_0635_20190313,ACT_EU_INST_CJEU_JUDG_AG_SE_WAH
DOC_JUDG_CJ_2017_0637_20190328,ACT_EU_INST_CJEU_JUDG_AG_DE_KOK
DOC_JUDG_CJ_2017_0638_20190411,ACT_EU_INST_CJEU_JUDG_AG_DK_SAU_OE
DOC_JUDG_CJ_2017_0639_20190117,ACT_EU_INST_CJEU_JUDG_AG_PL_SZP
DOC_JUDG_CJ_2017_0641_20191113,ACT_EU_INST_CJEU_JUDG_AG_EE_PIK
DOC_JUDG_CJ_2017_0643_20190307,ACT_EU_INST_CJEU_JUDG_AG_IE_HOG
DOC_JUDG_CJ_2017_0644_20190703,ACT_EU_INST_CJEU_JUDG_AG_IE_HOG
DOC_JUDG_CJ_2017_0646_20190613,ACT_EU_INST_CJEU_JUDG_AG_CZ_BOB
DOC_JUDG_CJ_2017_0647_20190313,ACT_EU_INST_CJEU_JUDG_AG_UK_SHA
DOC_JUDG_CJ_2017_0648_20181115,ACT_EU_INST_CJEU_JUDG_AG_FR_BOT
DOC_JUDG_CJ_2017_0649_20190710,ACT_EU_INST_CJEU_JUDG_AG_IT_PIT
DOC_JUDG_CJ_2017_0650_20200430,ACT_EU_INST_CJEU_JUDG_AG_IE_HOG
DOC_JUDG_CJ_2017_0653_P_20190515,ACT_EU_INST_CJEU_JUDG_AG_DE_KOK
DOC_JUDG_CJ_2017_0654_P_20190729,ACT_EU_INST_CJEU_JUDG_AG_BG_TAN
DOC_JUDG_CJ_2017_0658_20190523,ACT_EU_INST_CJEU_JUDG_AG_FR_BOT
DOC_JUDG_CJ_2017_0659_20190729,ACT_EU_INST_CJEU_JUDG_AG_IE_HOG
DOC_JUDG_CJ_2017_0660_P_20190619,ACT_EU_INST_CJEU_JUDG_AG_SE_WAH
DOC_JUDG_CJ_2017_0661_20190123,ACT_EU_INST_CJEU_JUDG_AG_BG_TAN
DOC_JUDG_CJ_2017_0662_20181018,ACT_EU_INST_CJEU_JUDG_AG_ES_CAM_SAN_BOR
DOC_JUDG_CJ_2017_0663_P_20191105,ACT_EU_INST_CJEU_JUDG_AG_DE_KOK
DOC_JUDG_CJ_2017_0664_20190613,ACT_EU_INST_CJEU_JUDG_AG_PL_SZP
DOC_JUDG_CJ_2017_0666_P_20190313,ACT_EU_INST_CJEU_JUDG_AG_IT_PIT
DOC_JUDG_CJ_2017_0667_20181219,ACT_EU_INST_CJEU_JUDG_AG_PL_SZP
DOC_JUDG_CJ_2017_0668_P_20190703,ACT_EU_INST_CJEU_JUDG_AG_PL_SZP
DOC_JUDG_CJ_2017_0670_P_20190227,ACT_EU_INST_CJEU_JUDG_AG_CZ_BOB
DOC_JUDG_CJ_2017_0672_20181206,ACT_EU_INST_CJEU_JUDG_AG_BE_WAT
DOC_JUDG_CJ_2017_0673_20191001,ACT_EU_INST_CJEU_JUDG_AG_PL_SZP
DOC_JUDG_CJ_2017_0674_20191010,ACT_EU_INST_CJEU_JUDG_AG_DK_SAU_OE
DOC_JUDG_CJ_2017_0675_20181206,ACT_EU_INST_CJEU_JUDG_AG_CZ_BOB
DOC_JUDG_CJ_2017_0676_20190911,ACT_EU_INST_CJEU_JUDG_AG_CZ_BOB
DOC_JUDG_CJ_2017_0677_20190515,ACT_EU_INST_CJEU_JUDG_AG_UK_SHA
DOC_JUDG_CJ_2017_0679_20181122,ACT_EU_INST_CJEU_JUDG_AG_ES_CAM_SAN_BOR
DOC_JUDG_CJ_2017_0680_20190729,ACT_EU_INST_CJEU_JUDG_AG_UK_SHA
DOC_JUDG_CJ_2017_0681_20190327,ACT_EU_INST_CJEU_JUDG_AG_DK_SAU_OE
DOC_JUDG_CJ_2017_0682_20190620,ACT_EU_INST_CJEU_JUDG_AG_DK_SAU_OE
DOC_JUDG_CJ_2017_0683_20190912,ACT_EU_INST_CJEU_JUDG_AG_PL_SZP
DOC_JUDG_CJ_2017_0686_20190904,ACT_EU_INST_CJEU_JUDG_AG_DK_SAU_OE
DOC_JUDG_CJ_2017_0687_P_20191107,ACT_EU_INST_CJEU_JUDG_AG_UK_SHA
DOC_JUDG_CJ_2017_0688_20190912,ACT_EU_INST_CJEU_JUDG_AG_IT_PIT
DOC_JUDG_CJ_2017_0689_20190516,ACT_EU_INST_CJEU_JUDG_AG_DK_SAU_OE
DOC_JUDG_CJ_2017_0690_20190411,ACT_EU_INST_CJEU_JUDG_AG_ES_CAM_SAN_BOR
DOC_JUDG_CJ_2017_0691_20190411,ACT_EU_INST_CJEU_JUDG_AG_CZ_BOB
DOC_JUDG_CJ_2017_0692_20191017,ACT_EU_INST_CJEU_JUDG_AG_DK_SAU_OE
DOC_JUDG_CJ_2017_0693_P_20190306,ACT_EU_INST_CJEU_JUDG_AG_BG_TAN
DOC_JUDG_CJ_2017_0694_20190502,ACT_EU_INST_CJEU_JUDG_AG_PL_SZP
DOC_JUDG_CJ_2017_0695_20190314,ACT_EU_INST_CJEU_JUDG_AG_CZ_BOB
DOC_JUDG_CJ_2017_0697_20190711,ACT_EU_INST_CJEU_JUDG_AG_ES_CAM_SAN_BOR
DOC_JUDG_CJ_2017_0698_P_20190123,ACT_EU_INST_CJEU_JUDG_AG_PL_SZP
DOC_JUDG_CJ_2017_0699_20190404,ACT_EU_INST_CJEU_JUDG_AG_IT_PIT
DOC_JUDG_CJ_2017_0700_20190918,ACT_EU_INST_CJEU_JUDG_AG_PL_SZP
DOC_JUDG_CJ_2017_0702_20190321,ACT_EU_INST_CJEU_JUDG_AG_SE_WAH
DOC_JUDG_CJ_2017_0703_20191010,ACT_EU_INST_CJEU_JUDG_AG_CZ_BOB
DOC_JUDG_CJ_2017_0705_20190612,ACT_EU_INST_CJEU_JUDG_AG_IT_PIT
DOC_JUDG_CJ_2017_0706_20190515,ACT_EU_INST_CJEU_JUDG_AG_SE_WAH
DOC_JUDG_CJ_2017_0708_20191205,ACT_EU_INST_CJEU_JUDG_AG_DK_SAU_OE
DOC_JUDG_CJ_2017_0709_P_20190912,ACT_EU_INST_CJEU_JUDG_AG_IT_PIT
DOC_JUDG_CJ_2017_0710_20190214,ACT_EU_INST_CJEU_JUDG_AG_ES_CAM_SAN_BOR
DOC_JUDG_CJ_2017_0712_20190508,ACT_EU_INST_CJEU_JUDG_AG_DE_KOK
DOC_JUDG_CJ_2017_0713_20181121,ACT_EU_INST_CJEU_JUDG_AG_UK_SHA
DOC_JUDG_CJ_2017_0715_20200402,ACT_EU_INST_CJEU_JUDG_AG_UK_SHA
DOC_JUDG_CJ_2017_0716_20190710,ACT_EU_INST_CJEU_JUDG_AG_PL_SZP
DOC_JUDG_CJ_2017_0720_20190523,ACT_EU_INST_CJEU_JUDG_AG_FR_BOT
DOC_JUDG_CJ_2017_0722_20190710,ACT_EU_INST_CJEU_JUDG_AG_BG_TAN
DOC_JUDG_CJ_2017_0723_20190626,ACT_EU_INST_CJEU_JUDG_AG_DE_KOK
DOC_JUDG_CJ_2017_0724_20190314,ACT_EU_INST_CJEU_JUDG_AG_SE_WAH
DOC_JUDG_CJ_2017_0727_20200528,ACT_EU_INST_CJEU_JUDG_AG_DK_SAU_OE
DOC_JUDG_CJ_2017_0728_P_20190307,ACT_EU_INST_CJEU_JUDG_AG_CZ_BOB
DOC_JUDG_CJ_2017_0729_20190626,ACT_EU_INST_CJEU_JUDG_AG_DK_SAU_OE
DOC_JUDG_CJ_2018_0001_20190620,ACT_EU_INST_CJEU_JUDG_AG_SE_WAH
DOC_JUDG_CJ_2018_0002_20191113,ACT_EU_INST_CJEU_JUDG_AG_CZ_BOB
DOC_JUDG_CJ_2018_0004_20191016,ACT_EU_INST_CJEU_JUDG_AG_DK_SAU_OE
DOC_JUDG_CJ_2018_0006_P_20190131,ACT_EU_INST_CJEU_JUDG_AG_DE_KOK
DOC_JUDG_CJ_2018_0009_20190228,ACT_EU_INST_CJEU_JUDG_AG_CZ_BOB
DOC_JUDG_CJ_2018_0010_P_20200304,ACT_EU_INST_CJEU_JUDG_AG_BG_TAN
DOC_JUDG_CJ_2018_0011_P_20190926,ACT_EU_INST_CJEU_JUDG_AG_IT_PIT
DOC_JUDG_CJ_2018_0013_20200423,ACT_EU_INST_CJEU_JUDG_AG_IE_HOG
DOC_JUDG_CJ_2018_0014_P_20190228,ACT_EU_INST_CJEU_JUDG_AG_DE_KOK
DOC_JUDG_CJ_2018_0016_20191219,ACT_EU_INST_CJEU_JUDG_AG_PL_SZP
DOC_JUDG_CJ_2018_0017_20181219,ACT_EU_INST_CJEU_JUDG_AG_UK_SHA
DOC_JUDG_CJ_2018_0018_20191003,ACT_EU_INST_CJEU_JUDG_AG_PL_SZP
DOC_JUDG_CJ_2018_0019_P_20190710,ACT_EU_INST_CJEU_JUDG_AG_IT_PIT
DOC_JUDG_CJ_2018_0021_20190314,ACT_EU_INST_CJEU_JUDG_AG_IT_PIT
DOC_JUDG_CJ_2018_0022_20190613,ACT_EU_INST_CJEU_JUDG_AG_BG_TAN
DOC_JUDG_CJ_2018_0025_20190508,ACT_EU_INST_CJEU_JUDG_AG_DE_KOK
DOC_JUDG_CJ_2018_0026_20190710,ACT_EU_INST_CJEU_JUDG_AG_ES_CAM_SAN_BOR
DOC_JUDG_CJ_2018_0028_20190905,ACT_EU_INST_CJEU_JUDG_AG_PL_SZP
DOC_JUDG_CJ_2018_0029_20190411,ACT_EU_INST_CJEU_JUDG_AG_DE_KOK
DOC_JUDG_CJ_2018_0031_20191017,ACT_EU_INST_CJEU_JUDG_AG_IT_PIT
DOC_JUDG_CJ_2018_0032_20190918,ACT_EU_INST_CJEU_JUDG_AG_IE_HOG
DOC_JUDG_CJ_2018_0033_20190606,ACT_EU_INST_CJEU_JUDG_AG_IT_PIT
DOC_JUDG_CJ_2018_0034_20190919,ACT_EU_INST_CJEU_JUDG_AG_IE_HOG
DOC_JUDG_CJ_2018_0038_20190729,ACT_EU_INST_CJEU_JUDG_AG_FR_BOT
DOC_JUDG_CJ_2018_0039_P_20190710,ACT_EU_INST_CJEU_JUDG_AG_BG_TAN
DOC_JUDG_CJ_2018_0041_20190619,ACT_EU_INST_CJEU_JUDG_AG_ES_CAM_SAN_BOR
DOC_JUDG_CJ_2018_0042_20191003,ACT_EU_INST_CJEU_JUDG_AG_FR_BOT
DOC_JUDG_CJ_2018_0043_20190612,ACT_EU_INST_CJEU_JUDG_AG_DE_KOK
DOC_JUDG_CJ_2018_0045_P_20181004,ACT_EU_INST_CJEU_JUDG_AG_FR_BOT
DOC_JUDG_CJ_2018_0046_20190911,ACT_EU_INST_CJEU_JUDG_AG_CZ_BOB
DOC_JUDG_CJ_2018_0047_20190918,ACT_EU_INST_CJEU_JUDG_AG_FR_BOT
DOC_JUDG_CJ_2018_0049_20190207,ACT_EU_INST_CJEU_JUDG_AG_DK_SAU_OE
DOC_JUDG_CJ_2018_0051_20181219,ACT_EU_INST_CJEU_JUDG_AG_BE_WAT
DOC_JUDG_CJ_2018_0052_20190523,ACT_EU_INST_CJEU_JUDG_AG_SE_WAH
DOC_JUDG_CJ_2018_0053_20190508,ACT_EU_INST_CJEU_JUDG_AG_ES_CAM_SAN_BOR
DOC_JUDG_CJ_2018_0055_20190514,ACT_EU_INST_CJEU_JUDG_AG_IT_PIT
DOC_JUDG_CJ_2018_0056_P_20200311,ACT_EU_INST_CJEU_JUDG_AG_BG_TAN
DOC_JUDG_CJ_2018_0058_20190606,ACT_EU_INST_CJEU_JUDG_AG_DE_KOK
DOC_JUDG_CJ_2018_0059_20220714,ACT_EU_INST_CJEU_JUDG_AG_CZ_BOB
DOC_JUDG_CJ_2018_0060_20190328,ACT_EU_INST_CJEU_JUDG_AG_DE_KOK
DOC_JUDG_CJ_2018_0063_20190926,ACT_EU_INST_CJEU_JUDG_AG_ES_CAM_SAN_BOR
DOC_JUDG_CJ_2018_0064_20190912,ACT_EU_INST_CJEU_JUDG_AG_CZ_BOB
DOC_JUDG_CJ_2018_0066_20201006,ACT_EU_INST_CJEU_JUDG_AG_DE_KOK
DOC_JUDG_CJ_2018_0068_20191107,ACT_EU_INST_CJEU_JUDG_AG_PL_SZP
DOC_JUDG_CJ_2018_0070_20191003,ACT_EU_INST_CJEU_JUDG_AG_IT_PIT
DOC_JUDG_CJ_2018_0071_20190904,ACT_EU_INST_CJEU_JUDG_AG_CZ_BOB
DOC_JUDG_CJ_2018_0072_20190620,ACT_EU_INST_CJEU_JUDG_AG_DE_KOK
DOC_JUDG_CJ_2018_0074_20190117,ACT_EU_INST_CJEU_JUDG_AG_IT_PIT
DOC_JUDG_CJ_2018_0075_20200303,ACT_EU_INST_CJEU_JUDG_AG_DE_KOK
DOC_JUDG_CJ_2018_0078_20200618,ACT_EU_INST_CJEU_JUDG_AG_ES_CAM_SAN_BOR
DOC_JUDG_CJ_2018_0080_20191107,ACT_EU_INST_CJEU_JUDG_AG_IE_HOG
DOC_JUDG_CJ_2018_0089_20190710,ACT_EU_INST_CJEU_JUDG_AG_IT_PIT
DOC_JUDG_CJ_2018_0091_20190711,ACT_EU_INST_CJEU_JUDG_AG_UK_SHA
DOC_JUDG_CJ_2018_0092_20200625,ACT_EU_INST_CJEU_JUDG_AG_IE_HOG
DOC_JUDG_CJ_2018_0093_20191002,ACT_EU_INST_CJEU_JUDG_AG_PL_SZP
DOC_JUDG_CJ_2018_0094_20190910,ACT_EU_INST_CJEU_JUDG_AG_PL_SZP
DOC_JUDG_CJ_2018_0095_20190919,ACT_EU_INST_CJEU_JUDG_AG_UK_SHA
DOC_JUDG_CJ_2018_0097_20190110,ACT_EU_INST_CJEU_JUDG_AG_CZ_BOB
DOC_JUDG_CJ_2018_0098_20190502,ACT_EU_INST_CJEU_JUDG_AG_CZ_BOB
DOC_JUDG_CJ_2018_0099_P_20190704,ACT_EU_INST_CJEU_JUDG_AG_IT_PIT
DOC_JUDG_CJ_2018_0100_20190620,ACT_EU_INST_CJEU_JUDG_AG_FR_BOT
DOC_JUDG_CJ_2018_0101_20190328,ACT_EU_INST_CJEU_JUDG_AG_BG_TAN
DOC_JUDG_CJ_2018_0102_20190117,ACT_EU_INST_CJEU_JUDG_AG_FR_BOT
DOC_JUDG_CJ_2018_0103_20200319,ACT_EU_INST_CJEU_JUDG_AG_DE_KOK
DOC_JUDG_CJ_2018_0104_P_20190912,ACT_EU_INST_CJEU_JUDG_AG_DE_KOK
DOC_JUDG_CJ_2018_0105_20191107,ACT_EU_INST_CJEU_JUDG_AG_IE_HOG
DOC_JUDG_CJ_2018_0117_P_20191204,ACT_EU_INST_CJEU_JUDG_AG_ES_CAM_SAN_BOR
DOC_JUDG_CJ_2018_0122_20200128,ACT_EU_INST_CJEU_JUDG_AG_IE_HOG
DOC_JUDG_CJ_2018_0123_P_20190910,ACT_EU_INST_CJEU_JUDG_AG_IT_PIT
DOC_JUDG_CJ_2018_0124_P_20190729,ACT_EU_INST_CJEU_JUDG_AG_IT_PIT
DOC_JUDG_CJ_2018_0125_20200303,ACT_EU_INST_CJEU_JUDG_AG_PL_SZP
DOC_JUDG_CJ_2018_0127_20190508,ACT_EU_INST_CJEU_JUDG_AG_BG_TAN
DOC_JUDG_CJ_2018_0128_20191015,ACT_EU_INST_CJEU_JUDG_AG_ES_CAM_SAN_BOR
DOC_JUDG_CJ_2018_0129_20190326,ACT_EU_INST_CJEU_JUDG_AG_ES_CAM_SAN_BOR
DOC_JUDG_CJ_2018_0132_P_20190515,ACT_EU_INST_CJEU_JUDG_AG_DK_SAU_OE
DOC_JUDG_CJ_2018_0133_20190502,ACT_EU_INST_CJEU_JUDG_AG_IE_HOG
DOC_JUDG_CJ_2018_0134_20190314,ACT_EU_INST_CJEU_JUDG_AG_FR_BOT
DOC_JUDG_CJ_2018_0138_20190516,ACT_EU_INST_CJEU_JUDG_AG_FR_BOT
DOC_JUDG_CJ_2018_0139_P_20190403,ACT_EU_INST_CJEU_JUDG_AG_UK_SHA
DOC_JUDG_CJ_2018_0142_20190605,ACT_EU_INST_CJEU_JUDG_AG_PL_SZP
DOC_JUDG_CJ_2018_0143_20190911,ACT_EU_INST_CJEU_JUDG_AG_IT_PIT
DOC_JUDG_CJ_2018_0144_P_20190328,ACT_EU_INST_CJEU_JUDG_AG_BG_TAN
DOC_JUDG_CJ_2018_0145_20190905,ACT_EU_INST_CJEU_JUDG_AG_PL_SZP
DOC_JUDG_CJ_2018_0149_20190131,ACT_EU_INST_CJEU_JUDG_AG_DK_SAU_OE
DOC_JUDG_CJ_2018_0152_P_20191002,ACT_EU_INST_CJEU_JUDG_AG_IT_PIT
DOC_JUDG_CJ_2018_0154_20190214,ACT_EU_INST_CJEU_JUDG_AG_FR_BOT
DOC_JUDG_CJ_2018_0155_P_20200304,ACT_EU_INST_CJEU_JUDG_AG_IE_HOG
DOC_JUDG_CJ_2018_0159_20190626,ACT_EU_INST_CJEU_JUDG_AG_BG_TAN
DOC_JUDG_CJ_2018_0160_20200311,ACT_EU_INST_CJEU_JUDG_AG_PL_SZP
DOC_JUDG_CJ_2018_0161_20190508,ACT_EU_INST_CJEU_JUDG_AG_DK_SAU_OE
DOC_JUDG_CJ_2018_0163_20190710,ACT_EU_INST_CJEU_JUDG_AG_DK_SAU_OE
DOC_JUDG_CJ_2018_0168_20191219,ACT_EU_INST_CJEU_JUDG_AG_IE_HOG
DOC_JUDG_CJ_2018_0170_P_20190515,ACT_EU_INST_CJEU_JUDG_AG_BG_TAN
DOC_JUDG_CJ_2018_0171_20191007,ACT_EU_INST_CJEU_JUDG_AG_BG_TAN
DOC_JUDG_CJ_2018_0172_20190905,ACT_EU_INST_CJEU_JUDG_AG_PL_SZP
DOC_JUDG_CJ_2018_0174_20190314,ACT_EU_INST_CJEU_JUDG_AG_ES_CAM_SAN_BOR
DOC_JUDG_CJ_2018_0175_P_20200122,ACT_EU_INST_CJEU_JUDG_AG_IE_HOG
DOC_JUDG_CJ_2018_0176_20191219,ACT_EU_INST_CJEU_JUDG_AG_DK_SAU_OE
DOC_JUDG_CJ_2018_0177_20200122,ACT_EU_INST_CJEU_JUDG_AG_PL_SZP
DOC_JUDG_CJ_2018_0178_P_20200122,ACT_EU_INST_CJEU_JUDG_AG_IE_HOG
DOC_JUDG_CJ_2018_0179_20190213,ACT_EU_INST_CJEU_JUDG_AG_IT_PIT
DOC_JUDG_CJ_2018_0180_20190711,ACT_EU_INST_CJEU_JUDG_AG_DK_SAU_OE
DOC_JUDG_CJ_2018_0183_20200304,ACT_EU_INST_CJEU_JUDG_AG_EE_PIK
DOC_JUDG_CJ_2018_0185_20190612,ACT_EU_INST_CJEU_JUDG_AG_DE_KOK
DOC_JUDG_CJ_2018_0186_20211014,ACT_EU_INST_CJEU_JUDG_AG_DK_SAU_OE
DOC_JUDG_CJ_2018_0189_20191016,ACT_EU_INST_CJEU_JUDG_AG_CZ_BOB
DOC_JUDG_CJ_2018_0192_20191105,ACT_EU_INST_CJEU_JUDG_AG_BG_TAN
DOC_JUDG_CJ_2018_0193_20190613,ACT_EU_INST_CJEU_JUDG_AG_PL_SZP
DOC_JUDG_CJ_2018_0194_20190508,ACT_EU_INST_CJEU_JUDG_AG_IE_HOG
DOC_JUDG_CJ_2018_0195_20190313,ACT_EU_INST_CJEU_JUDG_AG_FR_BOT
DOC_JUDG_CJ_2018_0197_20191003,ACT_EU_INST_CJEU_JUDG_AG_DE_KOK
DOC_JUDG_CJ_2018_0198_20191121,ACT_EU_INST_CJEU_JUDG_AG_CZ_BOB
DOC_JUDG_CJ_2018_0199_20190912,ACT_EU_INST_CJEU_JUDG_AG_EE_PIK
DOC_JUDG_CJ_2018_0201_20190327,ACT_EU_INST_CJEU_JUDG_AG_IT_PIT
DOC_JUDG_CJ_2018_0202_20190226,ACT_EU_INST_CJEU_JUDG_AG_DE_KOK
DOC_JUDG_CJ_2018_0203_20191121,ACT_EU_INST_CJEU_JUDG_AG_EE_PIK
DOC_JUDG_CJ_2018_0204_P_20190516,ACT_EU_INST_CJEU_JUDG_AG_UK_SHA
DOC_JUDG_CJ_2018_0208_20191003,ACT_EU_INST_CJEU_JUDG_AG_BG_TAN
DOC_JUDG_CJ_2018_0209_20190729,ACT_EU_INST_CJEU_JUDG_AG_PL_SZP
DOC_JUDG_CJ_2018_0210_20190710,ACT_EU_INST_CJEU_JUDG_AG_ES_CAM_SAN_BOR
DOC_JUDG_CJ_2018_0211_20200305,ACT_EU_INST_CJEU_JUDG_AG_PL_SZP
DOC_JUDG_CJ_2018_0212_20191024,ACT_EU_INST_CJEU_JUDG_AG_DK_SAU_OE
DOC_JUDG_CJ_2018_0213_20191107,ACT_EU_INST_CJEU_JUDG_AG_DK_SAU_OE
DOC_JUDG_CJ_2018_0214_20190410,ACT_EU_INST_CJEU_JUDG_AG_DE_KOK
DOC_JUDG_CJ_2018_0215_20200326,ACT_EU_INST_CJEU_JUDG_AG_DK_SAU_OE
DOC_JUDG_CJ_2018_0216_PPU_20180725,ACT_EU_INST_CJEU_JUDG_AG_BG_TAN
DOC_JUDG_CJ_2018_0220_PPU_20180725,ACT_EU_INST_CJEU_JUDG_AG_ES_CAM_SAN_BOR
DOC_JUDG_CJ_2018_0222_20190918,ACT_EU_INST_CJEU_JUDG_AG_FR_BOT
DOC_JUDG_CJ_2018_0223_P_20190606,ACT_EU_INST_CJEU_JUDG_AG_BG_TAN
DOC_JUDG_CJ_2018_0224_20190502,ACT_EU_INST_CJEU_JUDG_AG_DE_KOK
DOC_JUDG_CJ_2018_0225_20190502,ACT_EU_INST_CJEU_JUDG_AG_CZ_BOB
DOC_JUDG_CJ_2018_0226_20190522,ACT_EU_INST_CJEU_JUDG_AG_IE_HOG
DOC_JUDG_CJ_2018_0228_20200402,ACT_EU_INST_CJEU_JUDG_AG_CZ_BOB
DOC_JUDG_CJ_2018_0230_20190508,ACT_EU_INST_CJEU_JUDG_AG_FR_BOT
DOC_JUDG_CJ_2018_0231_20190207,ACT_EU_INST_CJEU_JUDG_AG_SE_WAH
DOC_JUDG_CJ_2018_0233_20191112,ACT_EU_INST_CJEU_JUDG_AG_ES_CAM_SAN_BOR
DOC_JUDG_CJ_2018_0234_20200319,ACT_EU_INST_CJEU_JUDG_AG_UK_SHA
DOC_JUDG_CJ_2018_0235_20190515,ACT_EU_INST_CJEU_JUDG_AG_BG_TAN
DOC_JUDG_CJ_2018_0236_20191219,ACT_EU_INST_CJEU_JUDG_AG_BG_TAN
DOC_JUDG_CJ_2018_0239_20191017,ACT_EU_INST_CJEU_JUDG_AG_CZ_BOB
DOC_JUDG_CJ_2018_0240_P_20200227,ACT_EU_INST_CJEU_JUDG_AG_CZ_BOB
DOC_JUDG_CJ_2018_0242_20190703,ACT_EU_INST_CJEU_JUDG_AG_SE_WAH
DOC_JUDG_CJ_2018_0243_P_20190508,ACT_EU_INST_CJEU_JUDG_AG_CZ_BOB
DOC_JUDG_CJ_2018_0244_P_20200326,ACT_EU_INST_CJEU_JUDG_AG_DK_SAU_OE
DOC_JUDG_CJ_2018_0245_20190321,ACT_EU_INST_CJEU_JUDG_AG_DK_SAU_OE
DOC_JUDG_CJ_2018_0247_P_20190626,ACT_EU_INST_CJEU_JUDG_AG_BG_TAN
DOC_JUDG_CJ_2018_0249_20190710,ACT_EU_INST_CJEU_JUDG_AG_UK_SHA
DOC_JUDG_CJ_2018_0250_20190502,ACT_EU_INST_CJEU_JUDG_AG_CZ_BOB
DOC_JUDG_CJ_2018_0251_20190919,ACT_EU_INST_CJEU_JUDG_AG_IT_PIT
DOC_JUDG_CJ_2018_0252_P_20200213,ACT_EU_INST_CJEU_JUDG_AG_DE_KOK
DOC_JUDG_CJ_2018_0253_20190508,ACT_EU_INST_CJEU_JUDG_AG_ES_CAM_SAN_BOR
DOC_JUDG_CJ_2018_0254_20190411,ACT_EU_INST_CJEU_JUDG_AG_IT_PIT
DOC_JUDG_CJ_2018_0255_20191114,ACT_EU_INST_CJEU_JUDG_AG_ES_CAM_SAN_BOR
DOC_JUDG_CJ_2018_0259_20190502,ACT_EU_INST_CJEU_JUDG_AG_UK_SHA
DOC_JUDG_CJ_2018_0260_20191003,ACT_EU_INST_CJEU_JUDG_AG_IT_PIT
DOC_JUDG_CJ_2018_0261_20191112,ACT_EU_INST_CJEU_JUDG_AG_IT_PIT
DOC_JUDG_CJ_2018_0262_P_20200611,ACT_EU_INST_CJEU_JUDG_AG_EE_PIK
DOC_JUDG_CJ_2018_0263_20191219,ACT_EU_INST_CJEU_JUDG_AG_PL_SZP
DOC_JUDG_CJ_2018_0264_20190606,ACT_EU_INST_CJEU_JUDG_AG_CZ_BOB
DOC_JUDG_CJ_2018_0265_20190502,ACT_EU_INST_CJEU_JUDG_AG_IT_PIT
DOC_JUDG_CJ_2018_0266_20190403,ACT_EU_INST_CJEU_JUDG_AG_BG_TAN
DOC_JUDG_CJ_2018_0267_20191003,ACT_EU_INST_CJEU_JUDG_AG_ES_CAM_SAN_BOR
DOC_JUDG_CJ_2018_0268_20190502,ACT_EU_INST_CJEU_JUDG_AG_IE_HOG
DOC_JUDG_CJ_2018_0270_20191016,ACT_EU_INST_CJEU_JUDG_AG_UK_SHA
DOC_JUDG_CJ_2018_0272_20191003,ACT_EU_INST_CJEU_JUDG_AG_DK_SAU_OE
DOC_JUDG_CJ_2018_0273_20190710,ACT_EU_INST_CJEU_JUDG_AG_FR_BOT
DOC_JUDG_CJ_2018_0274_20191003,ACT_EU_INST_CJEU_JUDG_AG_IT_PIT
DOC_JUDG_CJ_2018_0275_20190328,ACT_EU_INST_CJEU_JUDG_AG_UK_SHA
DOC_JUDG_CJ_2018_0276_20200618,ACT_EU_INST_CJEU_JUDG_AG_UK_SHA
DOC_JUDG_CJ_2018_0278_20190228,ACT_EU_INST_CJEU_JUDG_AG_FR_BOT
DOC_JUDG_CJ_2018_0280_20191107,ACT_EU_INST_CJEU_JUDG_AG_DE_KOK
DOC_JUDG_CJ_2018_0281_P_20191031,ACT_EU_INST_CJEU_JUDG_AG_ES_CAM_SAN_BOR
DOC_JUDG_CJ_2018_0282_P_20190410,ACT_EU_INST_CJEU_JUDG_AG_ES_CAM_SAN_BOR
DOC_JUDG_CJ_2018_0285_20191003,ACT_EU_INST_CJEU_JUDG_AG_IE_HOG
DOC_JUDG_CJ_2018_0288_20190411,ACT_EU_INST_CJEU_JUDG_AG_UK_SHA
DOC_JUDG_CJ_2018_0290_20190905,ACT_EU_INST_CJEU_JUDG_AG_DE_KOK
DOC_JUDG_CJ_2018_0291_20190620,ACT_EU_INST_CJEU_JUDG_AG_IE_HOG
DOC_JUDG_CJ_2018_0294_20190502,ACT_EU_INST_CJEU_JUDG_AG_SE_WAH
DOC_JUDG_CJ_2018_0295_20190411,ACT_EU_INST_CJEU_JUDG_AG_DK_SAU_OE
DOC_JUDG_CJ_2018_0298_20200227,ACT_EU_INST_CJEU_JUDG_AG_UK_SHA
DOC_JUDG_CJ_2018_0301_20200604,ACT_EU_INST_CJEU_JUDG_AG_IT_PIT
DOC_JUDG_CJ_2018_0302_20191003,ACT_EU_INST_CJEU_JUDG_AG_DK_SAU_OE
DOC_JUDG_CJ_2018_0304_20190711,ACT_EU_INST_CJEU_JUDG_AG_DK_SAU_OE
DOC_JUDG_CJ_2018_0305_20190508,ACT_EU_INST_CJEU_JUDG_AG_IE_HOG
DOC_JUDG_CJ_2018_0306_20190515,ACT_EU_INST_CJEU_JUDG_AG_FR_BOT
DOC_JUDG_CJ_2018_0307_20200130,ACT_EU_INST_CJEU_JUDG_AG_DE_KOK
DOC_JUDG_CJ_2018_0309_20190502,ACT_EU_INST_CJEU_JUDG_AG_ES_CAM_SAN_BOR
DOC_JUDG_CJ_2018_0310_PPU_20180919,ACT_EU_INST_CJEU_JUDG_AG_BE_WAT
DOC_JUDG_CJ_2018_0311_20200716,ACT_EU_INST_CJEU_JUDG_AG_DK_SAU_OE
DOC_JUDG_CJ_2018_0312_P_20190321,ACT_EU_INST_CJEU_JUDG_AG_IT_PIT
DOC_JUDG_CJ_2018_0314_20200311,ACT_EU_INST_CJEU_JUDG_AG_EE_PIK
DOC_JUDG_CJ_2018_0316_20190703,ACT_EU_INST_CJEU_JUDG_AG_DE_KOK
DOC_JUDG_CJ_2018_0317_20190613,ACT_EU_INST_CJEU_JUDG_AG_IE_HOG
DOC_JUDG_CJ_2018_0321_20190612,ACT_EU_INST_CJEU_JUDG_AG_DE_KOK
DOC_JUDG_CJ_2018_0323_20200303,ACT_EU_INST_CJEU_JUDG_AG_DE_KOK
DOC_JUDG_CJ_2018_0325_PPU_20180919,ACT_EU_INST_CJEU_JUDG_AG_DE_KOK
DOC_JUDG_CJ_2018_0327_PPU_20180919,ACT_EU_INST_CJEU_JUDG_AG_PL_SZP
DOC_JUDG_CJ_2018_0328_P_20200304,ACT_EU_INST_CJEU_JUDG_AG_DK_SAU_OE
DOC_JUDG_CJ_2018_0329_20191003,ACT_EU_INST_CJEU_JUDG_AG_CZ_BOB
DOC_JUDG_CJ_2018_0331_20190905,ACT_EU_INST_CJEU_JUDG_AG_UK_SHA
DOC_JUDG_CJ_2018_0332_P_20191211,ACT_EU_INST_CJEU_JUDG_AG_IT_PIT
DOC_JUDG_CJ_2018_0333_20190905,ACT_EU_INST_CJEU_JUDG_AG_ES_CAM_SAN_BOR
DOC_JUDG_CJ_2018_0341_20200205,ACT_EU_INST_CJEU_JUDG_AG_UK_SHA
DOC_JUDG_CJ_2018_0342_P_20191204,ACT_EU_INST_CJEU_JUDG_AG_ES_CAM_SAN_BOR
DOC_JUDG_CJ_2018_0344_20200326,ACT_EU_INST_CJEU_JUDG_AG_PL_SZP
DOC_JUDG_CJ_2018_0345_P_20190710,ACT_EU_INST_CJEU_JUDG_AG_FR_BOT
DOC_JUDG_CJ_2018_0346_P_20191107,ACT_EU_INST_CJEU_JUDG_AG_FR_BOT
DOC_JUDG_CJ_2018_0347_20190904,ACT_EU_INST_CJEU_JUDG_AG_CZ_BOB
DOC_JUDG_CJ_2018_0348_20190627,ACT_EU_INST_CJEU_JUDG_AG_PL_SZP
DOC_JUDG_CJ_2018_0349_20191107,ACT_EU_INST_CJEU_JUDG_AG_IT_PIT
DOC_JUDG_CJ_2018_0354_20190729,ACT_EU_INST_CJEU_JUDG_AG_UK_SHA
DOC_JUDG_CJ_2018_0355_20191219,ACT_EU_INST_CJEU_JUDG_AG_DE_KOK
DOC_JUDG_CJ_2018_0358_P_20190919,ACT_EU_INST_CJEU_JUDG_AG_DK_SAU_OE
DOC_JUDG_CJ_2018_0359_P_20190729,ACT_EU_INST_CJEU_JUDG_AG_UK_SHA
DOC_JUDG_CJ_2018_0360_20191219,ACT_EU_INST_CJEU_JUDG_AG_UK_SHA
DOC_JUDG_CJ_2018_0361_20190606,ACT_EU_INST_CJEU_JUDG_AG_CZ_BOB
DOC_JUDG_CJ_2018_0363_20191112,ACT_EU_INST_CJEU_JUDG_AG_IE_HOG
DOC_JUDG_CJ_2018_0364_20191107,ACT_EU_INST_CJEU_JUDG_AG_ES_CAM_SAN_BOR
DOC_JUDG_CJ_2018_0366_20190918,ACT_EU_INST_CJEU_JUDG_AG_IE_HOG
DOC_JUDG_CJ_2018_0371_20200129,ACT_EU_INST_CJEU_JUDG_AG_BG_TAN
DOC_JUDG_CJ_2018_0372_20190314,ACT_EU_INST_CJEU_JUDG_AG_CZ_BOB
DOC_JUDG_CJ_2018_0376_20191212,ACT_EU_INST_CJEU_JUDG_AG_BG_TAN
DOC_JUDG_CJ_2018_0377_20190905,ACT_EU_INST_CJEU_JUDG_AG_DK_SAU_OE
DOC_JUDG_CJ_2018_0378_20191003,ACT_EU_INST_CJEU_JUDG_AG_ES_CAM_SAN_BOR
DOC_JUDG_CJ_2018_0379_20191121,ACT_EU_INST_CJEU_JUDG_AG_ES_CAM_SAN_BOR
DOC_JUDG_CJ_2018_0380_20191212,ACT_EU_INST_CJEU_JUDG_AG_IT_PIT
DOC_JUDG_CJ_2018_0381_20191212,ACT_EU_INST_CJEU_JUDG_AG_IT_PIT
DOC_JUDG_CJ_2018_0383_20190911,ACT_EU_INST_CJEU_JUDG_AG_IE_HOG
DOC_JUDG_CJ_2018_0384_20200227,ACT_EU_INST_CJEU_JUDG_AG_PL_SZP
DOC_JUDG_CJ_2018_0385_20191219,ACT_EU_INST_CJEU_JUDG_AG_BG_TAN
DOC_JUDG_CJ_2018_0386_20191219,ACT_EU_INST_CJEU_JUDG_AG_CZ_BOB
DOC_JUDG_CJ_2018_0387_20190703,ACT_EU_INST_CJEU_JUDG_AG_IE_HOG
DOC_JUDG_CJ_2018_0388_20190729,ACT_EU_INST_CJEU_JUDG_AG_IT_PIT
DOC_JUDG_CJ_2018_0389_20191219,ACT_EU_INST_CJEU_JUDG_AG_DK_SAU_OE
DOC_JUDG_CJ_2018_0390_20191219,ACT_EU_INST_CJEU_JUDG_AG_PL_SZP
DOC_JUDG_CJ_2018_0393_PPU_20181017,ACT_EU_INST_CJEU_JUDG_AG_DK_SAU_OE
DOC_JUDG_CJ_2018_0394_20200130,ACT_EU_INST_CJEU_JUDG_AG_PL_SZP
DOC_JUDG_CJ_2018_0395_20200130,ACT_EU_INST_CJEU_JUDG_AG_ES_CAM_SAN_BOR
DOC_JUDG_CJ_2018_0396_20191107,ACT_EU_INST_CJEU_JUDG_AG_PL_SZP
DOC_JUDG_CJ_2018_0397_20190911,ACT_EU_INST_CJEU_JUDG_AG_IT_PIT
DOC_JUDG_CJ_2018_0398_20191205,ACT_EU_INST_CJEU_JUDG_AG_IE_HOG
DOC_JUDG_CJ_2018_0400_20191120,ACT_EU_INST_CJEU_JUDG_AG_IT_PIT
DOC_JUDG_CJ_2018_0401_20200423,ACT_EU_INST_CJEU_JUDG_AG_DE_KOK
DOC_JUDG_CJ_2018_0402_20191127,ACT_EU_INST_CJEU_JUDG_AG_ES_CAM_SAN_BOR
DOC_JUDG_CJ_2018_0403_P_20191017,ACT_EU_INST_CJEU_JUDG_AG_EE_PIK
DOC_JUDG_CJ_2018_0404_20190620,ACT_EU_INST_CJEU_JUDG_AG_IT_PIT
DOC_JUDG_CJ_2018_0405_20200227,ACT_EU_INST_CJEU_JUDG_AG_DE_KOK
DOC_JUDG_CJ_2018_0406_20200319,ACT_EU_INST_CJEU_JUDG_AG_CZ_BOB
DOC_JUDG_CJ_2018_0407_20190626,ACT_EU_INST_CJEU_JUDG_AG_DK_SAU_OE
DOC_JUDG_CJ_2018_0410_20190710,ACT_EU_INST_CJEU_JUDG_AG_IT_PIT
DOC_JUDG_CJ_2018_0413_P_20191204,ACT_EU_INST_CJEU_JUDG_AG_BG_TAN
DOC_JUDG_CJ_2018_0414_20191203,ACT_EU_INST_CJEU_JUDG_AG_ES_CAM_SAN_BOR
DOC_JUDG_CJ_2018_0416_P_20190711,ACT_EU_INST_CJEU_JUDG_AG_IT_PIT
DOC_JUDG_CJ_2018_0417_20190905,ACT_EU_INST_CJEU_JUDG_AG_ES_CAM_SAN_BOR
DOC_JUDG_CJ_2018_0418_P_20191219,ACT_EU_INST_CJEU_JUDG_AG_CZ_BOB
DOC_JUDG_CJ_2018_0419_20191107,ACT_EU_INST_CJEU_JUDG_AG_DK_SAU_OE
DOC_JUDG_CJ_2018_0420_20190613,ACT_EU_INST_CJEU_JUDG_AG_PL_SZP
DOC_JUDG_CJ_2018_0421_20191205,ACT_EU_INST_CJEU_JUDG_AG_DK_SAU_OE
DOC_JUDG_CJ_2018_0423_20191017,ACT_EU_INST_CJEU_JUDG_AG_UK_SHA
DOC_JUDG_CJ_2018_0427_P_20200226,ACT_EU_INST_CJEU_JUDG_AG_PL_SZP
DOC_JUDG_CJ_2018_0432_20191204,ACT_EU_INST_CJEU_JUDG_AG_IE_HOG
DOC_JUDG_CJ_2018_0433_20191212,ACT_EU_INST_CJEU_JUDG_AG_CZ_BOB
DOC_JUDG_CJ_2018_0434_20190711,ACT_EU_INST_CJEU_JUDG_AG_ES_CAM_SAN_BOR
DOC_JUDG_CJ_2018_0435_20191212,ACT_EU_INST_CJEU_JUDG_AG_DE_KOK
DOC_JUDG_CJ_2018_0436_P_20190729,ACT_EU_INST_CJEU_JUDG_AG_FR_BOT
DOC_JUDG_CJ_2018_0442_P_20191219,ACT_EU_INST_CJEU_JUDG_AG_EE_PIK
DOC_JUDG_CJ_2018_0443_20190905,ACT_EU_INST_CJEU_JUDG_AG_FR_BOT
DOC_JUDG_CJ_2018_0445_20191114,ACT_EU_INST_CJEU_JUDG_AG_IE_HOG
DOC_JUDG_CJ_2018_0446_20200514,ACT_EU_INST_CJEU_JUDG_AG_DE_KOK
DOC_JUDG_CJ_2018_0447_20191218,ACT_EU_INST_CJEU_JUDG_AG_BG_TAN
DOC_JUDG_CJ_2018_0449_P_20200917,ACT_EU_INST_CJEU_JUDG_AG_BG_TAN
DOC_JUDG_CJ_2018_0450_20191212,ACT_EU_INST_CJEU_JUDG_AG_CZ_BOB
DOC_JUDG_CJ_2018_0451_20190729,ACT_EU_INST_CJEU_JUDG_AG_PL_SZP
DOC_JUDG_CJ_2018_0452_20200709,ACT_EU_INST_CJEU_JUDG_AG_DK_SAU_OE
DOC_JUDG_CJ_2018_0453_20191219,ACT_EU_INST_CJEU_JUDG_AG_UK_SHA
DOC_JUDG_CJ_2018_0454_20200311,ACT_EU_INST_CJEU_JUDG_AG_BG_TAN
DOC_JUDG_CJ_2018_0456_P_20200604,ACT_EU_INST_CJEU_JUDG_AG_DE_KOK
DOC_JUDG_CJ_2018_0457_20200131,ACT_EU_INST_CJEU_JUDG_AG_EE_PIK
DOC_JUDG_CJ_2018_0458_20200402,ACT_EU_INST_CJEU_JUDG_AG_IE_HOG
DOC_JUDG_CJ_2018_0459_20191017,ACT_EU_INST_CJEU_JUDG_AG_IT_PIT
DOC_JUDG_CJ_2018_0460_P_20191219,ACT_EU_INST_CJEU_JUDG_AG_EE_PIK
DOC_JUDG_CJ_2018_0461_P_20201203,ACT_EU_INST_CJEU_JUDG_AG_BG_TAN
DOC_JUDG_CJ_2018_0464_20190411,ACT_EU_INST_CJEU_JUDG_AG_DK_SAU_OE
DOC_JUDG_CJ_2018_0465_20191219,ACT_EU_INST_CJEU_JUDG_AG_IE_HOG
DOC_JUDG_CJ_2018_0467_20190919,ACT_EU_INST_CJEU_JUDG_AG_ES_CAM_SAN_BOR
DOC_JUDG_CJ_2018_0468_20190905,ACT_EU_INST_CJEU_JUDG_AG_PL_SZP
DOC_JUDG_CJ_2018_0469_20191024,ACT_EU_INST_CJEU_JUDG_AG_DE_KOK
DOC_JUDG_CJ_2018_0471_P_20210121,ACT_EU_INST_CJEU_JUDG_AG_BG_TAN
DOC_JUDG_CJ_2018_0473_20190904,ACT_EU_INST_CJEU_JUDG_AG_DK_SAU_OE
DOC_JUDG_CJ_2018_0477_20191219,ACT_EU_INST_CJEU_JUDG_AG_EE_PIK
DOC_JUDG_CJ_2018_0480_20200402,ACT_EU_INST_CJEU_JUDG_AG_IT_PIT
DOC_JUDG_CJ_2018_0481_20190729,ACT_EU_INST_CJEU_JUDG_AG_UK_SHA
DOC_JUDG_CJ_2018_0482_20200303,ACT_EU_INST_CJEU_JUDG_AG_DE_KOK
DOC_JUDG_CJ_2018_0484_20191114,ACT_EU_INST_CJEU_JUDG_AG_IE_HOG
DOC_JUDG_CJ_2018_0485_20201001,ACT_EU_INST_CJEU_JUDG_AG_IE_HOG
DOC_JUDG_CJ_2018_0486_20190508,ACT_EU_INST_CJEU_JUDG_AG_IT_PIT
DOC_JUDG_CJ_2018_0488_20201210,ACT_EU_INST_CJEU_JUDG_AG_IE_HOG
DOC_JUDG_CJ_2018_0490_20191016,ACT_EU_INST_CJEU_JUDG_AG_EE_PIK
DOC_JUDG_CJ_2018_0492_PPU_20190212,ACT_EU_INST_CJEU_JUDG_AG_PL_SZP
DOC_JUDG_CJ_2018_0493_20191204,ACT_EU_INST_CJEU_JUDG_AG_CZ_BOB
DOC_JUDG_CJ_2018_0496_20200326,ACT_EU_INST_CJEU_JUDG_AG_CZ_BOB
DOC_JUDG_CJ_2018_0499_P_20210506,ACT_EU_INST_CJEU_JUDG_AG_DE_KOK
DOC_JUDG_CJ_2018_0500_20200402,ACT_EU_INST_CJEU_JUDG_AG_DK_SAU_OE
DOC_JUDG_CJ_2018_0501_20210325,ACT_EU_INST_CJEU_JUDG_AG_ES_CAM_SAN_BOR
DOC_JUDG_CJ_2018_0502_20190711,ACT_EU_INST_CJEU_JUDG_AG_EE_PIK
DOC_JUDG_CJ_2018_0503_P_20190606,ACT_EU_INST_CJEU_JUDG_AG_CZ_BOB
DOC_JUDG_CJ_2018_0505_20190613,ACT_EU_INST_CJEU_JUDG_AG_UK_SHA
DOC_JUDG_CJ_2018_0507_20200423,ACT_EU_INST_CJEU_JUDG_AG_UK_SHA
DOC_JUDG_CJ_2018_0508_20190527,ACT_EU_INST_CJEU_JUDG_AG_ES_CAM_SAN_BOR
DOC_JUDG_CJ_2018_0509_20190527,ACT_EU_INST_CJEU_JUDG_AG_ES_CAM_SAN_BOR
DOC_JUDG_CJ_2018_0511_20201006,ACT_EU_INST_CJEU_JUDG_AG_ES_CAM_SAN_BOR
DOC_JUDG_CJ_2018_0513_20200130,ACT_EU_INST_CJEU_JUDG_AG_PL_SZP
DOC_JUDG_CJ_2018_0514_P_20191017,ACT_EU_INST_CJEU_JUDG_AG_DE_KOK
DOC_JUDG_CJ_2018_0515_20191024,ACT_EU_INST_CJEU_JUDG_AG_ES_CAM_SAN_BOR
DOC_JUDG_CJ_2018_0518_20190627,ACT_EU_INST_CJEU_JUDG_AG_IT_PIT
DOC_JUDG_CJ_2018_0519_20191212,ACT_EU_INST_CJEU_JUDG_AG_IT_PIT
DOC_JUDG_CJ_2018_0521_20201028,ACT_EU_INST_CJEU_JUDG_AG_CZ_BOB
DOC_JUDG_CJ_2018_0523_20191219,ACT_EU_INST_CJEU_JUDG_AG_IE_HOG
DOC_JUDG_CJ_2018_0524_20200130,ACT_EU_INST_CJEU_JUDG_AG_IE_HOG
DOC_JUDG_CJ_2018_0527_20190919,ACT_EU_INST_CJEU_JUDG_AG_PL_SZP
DOC_JUDG_CJ_2018_0528_P_20191113,ACT_EU_INST_CJEU_JUDG_AG_UK_SHA
DOC_JUDG_CJ_2018_0529_P_20220324,ACT_EU_INST_CJEU_JUDG_AG_ES_CAM_SAN_BOR
DOC_JUDG_CJ_2018_0532_20191219,ACT_EU_INST_CJEU_JUDG_AG_DK_SAU_OE
DOC_JUDG_CJ_2018_0535_20200528,ACT_EU_INST_CJEU_JUDG_AG_IE_HOG
DOC_JUDG_CJ_2018_0538_P_20200130,ACT_EU_INST_CJEU_JUDG_AG_EE_PIK
DOC_JUDG_CJ_2018_0540_P_20190911,ACT_EU_INST_CJEU_JUDG_AG_IE_HOG
DOC_JUDG_CJ_2018_0541_20190912,ACT_EU_INST_CJEU_JUDG_AG_DK_SAU_OE
DOC_JUDG_CJ_2018_0542_RX_20200326,ACT_EU_INST_CJEU_JUDG_AG_UK_SHA
DOC_JUDG_CJ_2018_0544_20190919,ACT_EU_INST_CJEU_JUDG_AG_IT_PIT
DOC_JUDG_CJ_2018_0546_20210909,ACT_EU_INST_CJEU_JUDG_AG_CZ_BOB
DOC_JUDG_CJ_2018_0547_20200507,ACT_EU_INST_CJEU_JUDG_AG_DE_KOK
DOC_JUDG_CJ_2018_0548_20191009,ACT_EU_INST_CJEU_JUDG_AG_DK_SAU_OE
DOC_JUDG_CJ_2018_0549_20200716,ACT_EU_INST_CJEU_JUDG_AG_BG_TAN
DOC_JUDG_CJ_2018_0550_20200716,ACT_EU_INST_CJEU_JUDG_AG_BG_TAN
DOC_JUDG_CJ_2018_0551_PPU_20181206,ACT_EU_INST_CJEU_JUDG_AG_UK_SHA
DOC_JUDG_CJ_2018_0555_20191107,ACT_EU_INST_CJEU_JUDG_AG_PL_SZP
DOC_JUDG_CJ_2018_0556_20190926,ACT_EU_INST_CJEU_JUDG_AG_FR_BOT
DOC_JUDG_CJ_2018_0558_20200326,ACT_EU_INST_CJEU_JUDG_AG_BG_TAN
DOC_JUDG_CJ_2018_0559_20190905,ACT_EU_INST_CJEU_JUDG_AG_UK_SHA
DOC_JUDG_CJ_2018_0560_P_20200430,ACT_EU_INST_CJEU_JUDG_AG_IT_PIT
DOC_JUDG_CJ_2018_0564_20200319,ACT_EU_INST_CJEU_JUDG_AG_CZ_BOB
DOC_JUDG_CJ_2018_0565_20200430,ACT_EU_INST_CJEU_JUDG_AG_IE_HOG
DOC_JUDG_CJ_2018_0567_20200402,ACT_EU_INST_CJEU_JUDG_AG_ES_CAM_SAN_BOR
DOC_JUDG_CJ_2018_0569_20191017,ACT_EU_INST_CJEU_JUDG_AG_BG_TAN
DOC_JUDG_CJ_2018_0570_P_20200625,ACT_EU_INST_CJEU_JUDG_AG_DK_SAU_OE
DOC_JUDG_CJ_2018_0572_P_20210422,ACT_EU_INST_CJEU_JUDG_AG_IE_HOG
DOC_JUDG_CJ_2018_0573_20191009,ACT_EU_INST_CJEU_JUDG_AG_PL_SZP
DOC_JUDG_CJ_2018_0575_P_20200709,ACT_EU_INST_CJEU_JUDG_AG_UK_SHA
DOC_JUDG_CJ_2018_0576_20200312,ACT_EU_INST_CJEU_JUDG_AG_IE_HOG
DOC_JUDG_CJ_2018_0578_20200123,ACT_EU_INST_CJEU_JUDG_AG_BG_TAN
DOC_JUDG_CJ_2018_0579_20191017,ACT_EU_INST_CJEU_JUDG_AG_DK_SAU_OE
DOC_JUDG_CJ_2018_0581_20200611,ACT_EU_INST_CJEU_JUDG_AG_CZ_BOB
DOC_JUDG_CJ_2018_0582_P_20191219,ACT_EU_INST_CJEU_JUDG_AG_DE_KOK
DOC_JUDG_CJ_2018_0583_20200312,ACT_EU_INST_CJEU_JUDG_AG_IT_PIT
DOC_JUDG_CJ_2018_0584_20200430,ACT_EU_INST_CJEU_JUDG_AG_IT_PIT
DOC_JUDG_CJ_2018_0585_20191119,ACT_EU_INST_CJEU_JUDG_AG_BG_TAN
DOC_JUDG_CJ_2018_0586_P_20200304,ACT_EU_INST_CJEU_JUDG_AG_BG_TAN
DOC_JUDG_CJ_2018_0587_P_20200304,ACT_EU_INST_CJEU_JUDG_AG_BG_TAN
DOC_JUDG_CJ_2018_0588_20200604,ACT_EU_INST_CJEU_JUDG_AG_DK_SAU_OE
DOC_JUDG_CJ_2018_0589_P_20191219,ACT_EU_INST_CJEU_JUDG_AG_DE_KOK
DOC_JUDG_CJ_2018_0590_P_20191219,ACT_EU_INST_CJEU_JUDG_AG_DE_KOK
DOC_JUDG_CJ_2018_0591_P_20191128,ACT_EU_INST_CJEU_JUDG_AG_DE_KOK
DOC_JUDG_CJ_2018_0592_20191219,ACT_EU_INST_CJEU_JUDG_AG_DE_KOK
DOC_JUDG_CJ_2018_0593_P_20191128,ACT_EU_INST_CJEU_JUDG_AG_DE_KOK
DOC_JUDG_CJ_2018_0594_P_20200922,ACT_EU_INST_CJEU_JUDG_AG_IE_HOG
DOC_JUDG_CJ_2018_0595_P_20210127,ACT_EU_INST_CJEU_JUDG_AG_DE_KOK
DOC_JUDG_CJ_2018_0596_P_20191128,ACT_EU_INST_CJEU_JUDG_AG_DE_KOK
DOC_JUDG_CJ_2018_0597_P_20201216,ACT_EU_INST_CJEU_JUDG_AG_IT_PIT
DOC_JUDG_CJ_2018_0599_P_20191114,ACT_EU_INST_CJEU_JUDG_AG_DE_KOK
DOC_JUDG_CJ_2018_0600_20190926,ACT_EU_INST_CJEU_JUDG_AG_IE_HOG
DOC_JUDG_CJ_2018_0601_P_20200924,ACT_EU_INST_CJEU_JUDG_AG_DE_KOK
DOC_JUDG_CJ_2018_0605_20210909,ACT_EU_INST_CJEU_JUDG_AG_CZ_BOB
DOC_JUDG_CJ_2018_0606_P_20200716,ACT_EU_INST_CJEU_JUDG_AG_DE_KOK
DOC_JUDG_CJ_2018_0607_P_20200514,ACT_EU_INST_CJEU_JUDG_AG_DE_KOK
DOC_JUDG_CJ_2018_0610_20200716,ACT_EU_INST_CJEU_JUDG_AG_EE_PIK
DOC_JUDG_CJ_2018_0611_P_20201028,ACT_EU_INST_CJEU_JUDG_AG_DE_KOK
DOC_JUDG_CJ_2018_0612_P_20200319,ACT_EU_INST_CJEU_JUDG_AG_BG_TAN
DOC_JUDG_CJ_2018_0615_20200514,ACT_EU_INST_CJEU_JUDG_AG_CZ_BOB
DOC_JUDG_CJ_2018_0619_20190624,ACT_EU_INST_CJEU_JUDG_AG_BG_TAN
DOC_JUDG_CJ_2018_0620_20201208,ACT_EU_INST_CJEU_JUDG_AG_ES_CAM_SAN_BOR
DOC_JUDG_CJ_2018_0621_20181210,ACT_EU_INST_CJEU_JUDG_AG_ES_CAM_SAN_BOR
DOC_JUDG_CJ_2018_0622_20200326,ACT_EU_INST_CJEU_JUDG_AG_IT_PIT
DOC_JUDG_CJ_2018_0626_20201208,ACT_EU_INST_CJEU_JUDG_AG_ES_CAM_SAN_BOR
DOC_JUDG_CJ_2018_0627_20200430,ACT_EU_INST_CJEU_JUDG_AG_DK_SAU_OE
DOC_JUDG_CJ_2018_0628_20210113,ACT_EU_INST_CJEU_JUDG_AG_EE_PIK
DOC_JUDG_CJ_2018_0631_20210113,ACT_EU_INST_CJEU_JUDG_AG_EE_PIK
DOC_JUDG_CJ_2018_0632_20191003,ACT_EU_INST_CJEU_JUDG_AG_ES_CAM_SAN_BOR
DOC_JUDG_CJ_2018_0634_20200611,ACT_EU_INST_CJEU_JUDG_AG_UK_SHA
DOC_JUDG_CJ_2018_0635_20210603,ACT_EU_INST_CJEU_JUDG_AG_PL_SZP
DOC_JUDG_CJ_2018_0636_20191024,ACT_EU_INST_CJEU_JUDG_AG_PL_SZP
DOC_JUDG_CJ_2018_0637_20210203,ACT_EU_INST_CJEU_JUDG_AG_PL_SZP
DOC_JUDG_CJ_2018_0638_20200430,ACT_EU_INST_CJEU_JUDG_AG_PL_SZP
DOC_JUDG_CJ_2018_0639_20200618,ACT_EU_INST_CJEU_JUDG_AG_UK_SHA
DOC_JUDG_CJ_2018_0640_20200423,ACT_EU_INST_CJEU_JUDG_AG_IT_PIT
DOC_JUDG_CJ_2018_0641_20200507,ACT_EU_INST_CJEU_JUDG_AG_PL_SZP
DOC_JUDG_CJ_2018_0642_20191205,ACT_EU_INST_CJEU_JUDG_AG_DE_KOK
DOC_JUDG_CJ_2018_0644_20201110,ACT_EU_INST_CJEU_JUDG_AG_PL_SZP
DOC_JUDG_CJ_2018_0648_20200917,ACT_EU_INST_CJEU_JUDG_AG_ES_CAM_SAN_BOR
DOC_JUDG_CJ_2018_0649_20201001,ACT_EU_INST_CJEU_JUDG_AG_DK_SAU_OE
DOC_JUDG_CJ_2018_0650_20210603,ACT_EU_INST_CJEU_JUDG_AG_CZ_BOB
DOC_JUDG_CJ_2018_0653_20191017,ACT_EU_INST_CJEU_JUDG_AG_ES_CAM_SAN_BOR
DOC_JUDG_CJ_2018_0654_20200528,ACT_EU_INST_CJEU_JUDG_AG_UK_SHA
DOC_JUDG_CJ_2018_0655_20200304,ACT_EU_INST_CJEU_JUDG_AG_ES_CAM_SAN_BOR
DOC_JUDG_CJ_2018_0658_20200716,ACT_EU_INST_CJEU_JUDG_AG_DE_KOK
DOC_JUDG_CJ_2018_0659_20200312,ACT_EU_INST_CJEU_JUDG_AG_CZ_BOB
DOC_JUDG_CJ_2018_0661_20200430,ACT_EU_INST_CJEU_JUDG_AG_PL_SZP
DOC_JUDG_CJ_2018_0662_20190918,ACT_EU_INST_CJEU_JUDG_AG_PL_SZP
DOC_JUDG_CJ_2018_0663_20201119,ACT_EU_INST_CJEU_JUDG_AG_BG_TAN
DOC_JUDG_CJ_2018_0664_20210304,ACT_EU_INST_CJEU_JUDG_AG_PL_SZP
DOC_JUDG_CJ_2018_0666_20191218,ACT_EU_INST_CJEU_JUDG_AG_ES_CAM_SAN_BOR
DOC_JUDG_CJ_2018_0667_20200514,ACT_EU_INST_CJEU_JUDG_AG_DK_SAU_OE
DOC_JUDG_CJ_2018_0670_20200402,ACT_EU_INST_CJEU_JUDG_AG_PL_SZP
DOC_JUDG_CJ_2018_0671_20191205,ACT_EU_INST_CJEU_JUDG_AG_EE_PIK
DOC_JUDG_CJ_2018_0673_20200709,ACT_EU_INST_CJEU_JUDG_AG_IT_PIT
DOC_JUDG_CJ_2018_0674_20200909,ACT_EU_INST_CJEU_JUDG_AG_BG_TAN
DOC_JUDG_CJ_2018_0677_20191219,ACT_EU_INST_CJEU_JUDG_AG_CZ_BOB
DOC_JUDG_CJ_2018_0678_20191121,ACT_EU_INST_CJEU_JUDG_AG_ES_CAM_SAN_BOR
DOC_JUDG_CJ_2018_0679_20200305,ACT_EU_INST_CJEU_JUDG_AG_DE_KOK
DOC_JUDG_CJ_2018_0681_20201014,ACT_EU_INST_CJEU_JUDG_AG_UK_SHA
DOC_JUDG_CJ_2018_0682_20210622,ACT_EU_INST_CJEU_JUDG_AG_DK_SAU_OE
DOC_JUDG_CJ_2018_0684_20200528,ACT_EU_INST_CJEU_JUDG_AG_DE_KOK
DOC_JUDG_CJ_2018_0686_20200716,ACT_EU_INST_CJEU_JUDG_AG_IE_HOG
DOC_JUDG_CJ_2018_0688_20200213,ACT_EU_INST_CJEU_JUDG_AG_EE_PIK
DOC_JUDG_CJ_2018_0693_20201217,ACT_EU_INST_CJEU_JUDG_AG_UK_SHA
DOC_JUDG_CJ_2018_0698_20200709,ACT_EU_INST_CJEU_JUDG_AG_PL_SZP
DOC_JUDG_CJ_2018_0702_P_20200618,ACT_EU_INST_CJEU_JUDG_AG_CZ_BOB
DOC_JUDG_CJ_2018_0704_20200212,ACT_EU_INST_CJEU_JUDG_AG_DK_SAU_OE
DOC_JUDG_CJ_2018_0706_20191120,ACT_EU_INST_CJEU_JUDG_AG_IE_HOG
DOC_JUDG_CJ_2018_0707_20191219,ACT_EU_INST_CJEU_JUDG_AG_IE_HOG
DOC_JUDG_CJ_2018_0708_20191211,ACT_EU_INST_CJEU_JUDG_AG_IT_PIT
DOC_JUDG_CJ_2018_0710_20200423,ACT_EU_INST_CJEU_JUDG_AG_PL_SZP
DOC_JUDG_CJ_2018_0714_P_20200716,ACT_EU_INST_CJEU_JUDG_AG_UK_SHA
DOC_JUDG_CJ_2018_0715_20191219,ACT_EU_INST_CJEU_JUDG_AG_PL_SZP
DOC_JUDG_CJ_2018_0716_20200709,ACT_EU_INST_CJEU_JUDG_AG_DE_KOK
DOC_JUDG_CJ_2018_0717_20200303,ACT_EU_INST_CJEU_JUDG_AG_CZ_BOB
DOC_JUDG_CJ_2018_0718_20210902,ACT_EU_INST_CJEU_JUDG_AG_IT_PIT
DOC_JUDG_CJ_2018_0719_20200903,ACT_EU_INST_CJEU_JUDG_AG_ES_CAM_SAN_BOR
DOC_JUDG_CJ_2018_0720_20201022,ACT_EU_INST_CJEU_JUDG_AG_BG_TAN
DOC_JUDG_CJ_2018_0722_20191128,ACT_EU_INST_CJEU_JUDG_AG_BG_TAN
DOC_JUDG_CJ_2018_0724_20200922,ACT_EU_INST_CJEU_JUDG_AG_CZ_BOB
DOC_JUDG_CJ_2018_0725_20200130,ACT_EU_INST_CJEU_JUDG_AG_DK_SAU_OE
DOC_JUDG_CJ_2018_0729_P_20200625,ACT_EU_INST_CJEU_JUDG_AG_IE_HOG
DOC_JUDG_CJ_2018_0730_P_20200625,ACT_EU_INST_CJEU_JUDG_AG_BG_TAN
DOC_JUDG_CJ_2018_0731_P_20200625,ACT_EU_INST_CJEU_JUDG_AG_IE_HOG
DOC_JUDG_CJ_2018_0732_P_20200917,ACT_EU_INST_CJEU_JUDG_AG_IE_HOG
DOC_JUDG_CJ_2018_0736_P_20200423,ACT_EU_INST_CJEU_JUDG_AG_IE_HOG
DOC_JUDG_CJ_2018_0737_P_20191120,ACT_EU_INST_CJEU_JUDG_AG_BG_TAN
DOC_JUDG_CJ_2018_0742_P_20200903,ACT_EU_INST_CJEU_JUDG_AG_DE_KOK
DOC_JUDG_CJ_2018_0743_20201001,ACT_EU_INST_CJEU_JUDG_AG_UK_SHA
DOC_JUDG_CJ_2018_0746_20210302,ACT_EU_INST_CJEU_JUDG_AG_IT_PIT
DOC_JUDG_CJ_2018_0749_20200514,ACT_EU_INST_CJEU_JUDG_AG_EE_PIK
DOC_JUDG_CJ_2018_0752_20191219,ACT_EU_INST_CJEU_JUDG_AG_DK_SAU_OE
DOC_JUDG_CJ_2018_0753_20200402,ACT_EU_INST_CJEU_JUDG_AG_PL_SZP
DOC_JUDG_CJ_2018_0754_20200618,ACT_EU_INST_CJEU_JUDG_AG_PL_SZP
DOC_JUDG_CJ_2018_0760_20210211,ACT_EU_INST_CJEU_JUDG_AG_PL_SZP
DOC_JUDG_CJ_2018_0761_P_20210121,ACT_EU_INST_CJEU_JUDG_AG_CZ_BOB
DOC_JUDG_CJ_2018_0762_20200625,ACT_EU_INST_CJEU_JUDG_AG_IE_HOG
DOC_JUDG_CJ_2018_0764_20210127,ACT_EU_INST_CJEU_JUDG_AG_BG_TAN
DOC_JUDG_CJ_2018_0765_20200402,ACT_EU_INST_CJEU_JUDG_AG_DK_SAU_OE
DOC_JUDG_CJ_2018_0766_P_20200305,ACT_EU_INST_CJEU_JUDG_AG_DE_KOK
DOC_JUDG_CJ_2018_0769_20200312,ACT_EU_INST_CJEU_JUDG_AG_ES_CAM_SAN_BOR
DOC_JUDG_CJ_2018_0771_20200716,ACT_EU_INST_CJEU_JUDG_AG_BG_TAN
DOC_JUDG_CJ_2018_0772_20200430,ACT_EU_INST_CJEU_JUDG_AG_ES_CAM_SAN_BOR
DOC_JUDG_CJ_2018_0773_20200227,ACT_EU_INST_CJEU_JUDG_AG_ES_CAM_SAN_BOR
DOC_JUDG_CJ_2018_0777_20200923,ACT_EU_INST_CJEU_JUDG_AG_UK_SHA
DOC_JUDG_CJ_2018_0778_20201015,ACT_EU_INST_CJEU_JUDG_AG_DK_SAU_OE
DOC_JUDG_CJ_2018_0779_20200326,ACT_EU_INST_CJEU_JUDG_AG_IE_HOG
DOC_JUDG_CJ_2018_0783_P_20191212,ACT_EU_INST_CJEU_JUDG_AG_ES_CAM_SAN_BOR
DOC_JUDG_CJ_2018_0784_P_20200903,ACT_EU_INST_CJEU_JUDG_AG_DK_SAU_OE
DOC_JUDG_CJ_2018_0785_20200129,ACT_EU_INST_CJEU_JUDG_AG_ES_CAM_SAN_BOR
DOC_JUDG_CJ_2018_0786_20200611,ACT_EU_INST_CJEU_JUDG_AG_IT_PIT
DOC_JUDG_CJ_2018_0787_20201126,ACT_EU_INST_CJEU_JUDG_AG_IT_PIT
DOC_JUDG_CJ_2018_0788_20200226,ACT_EU_INST_CJEU_JUDG_AG_BG_TAN
DOC_JUDG_CJ_2018_0791_20200917,ACT_EU_INST_CJEU_JUDG_AG_CZ_BOB
DOC_JUDG_CJ_2018_0796_20200528,ACT_EU_INST_CJEU_JUDG_AG_ES_CAM_SAN_BOR
DOC_JUDG_CJ_2018_0797_P_20200430,ACT_EU_INST_CJEU_JUDG_AG_DE_KOK
DOC_JUDG_CJ_2018_0798_20210415,ACT_EU_INST_CJEU_JUDG_AG_DK_SAU_OE
DOC_JUDG_CJ_2018_0802_20200402,ACT_EU_INST_CJEU_JUDG_AG_PL_SZP
DOC_JUDG_CJ_2018_0803_20200227,ACT_EU_INST_CJEU_JUDG_AG_IE_HOG
DOC_JUDG_CJ_2018_0804_20210715,ACT_EU_INST_CJEU_JUDG_AG_EL_RAN
DOC_JUDG_CJ_2018_0806_20200917,ACT_EU_INST_CJEU_JUDG_AG_PL_SZP
DOC_JUDG_CJ_2018_0807_20200915,ACT_EU_INST_CJEU_JUDG_AG_ES_CAM_SAN_BOR
DOC_JUDG_CJ_2018_0808_20201217,ACT_EU_INST_CJEU_JUDG_AG_EE_PIK
DOC_JUDG_CJ_2018_0809_P_20201111,ACT_EU_INST_CJEU_JUDG_AG_IT_PIT
DOC_JUDG_CJ_2018_0810_20200430,ACT_EU_INST_CJEU_JUDG_AG_EE_PIK
DOC_JUDG_CJ_2018_0812_P_20200604,ACT_EU_INST_CJEU_JUDG_AG_UK_SHA
DOC_JUDG_CJ_2018_0813_P_20201015,ACT_EU_INST_CJEU_JUDG_AG_PL_SZP
DOC_JUDG_CJ_2018_0814_20200122,ACT_EU_INST_CJEU_JUDG_AG_BG_TAN
DOC_JUDG_CJ_2018_0815_20201201,ACT_EU_INST_CJEU_JUDG_AG_CZ_BOB
DOC_JUDG_CJ_2018_0817_P_20200903,ACT_EU_INST_CJEU_JUDG_AG_PL_SZP
DOC_JUDG_CJ_2018_0818_P_20210603,ACT_EU_INST_CJEU_JUDG_AG_ES_CAM_SAN_BOR
DOC_JUDG_CJ_2018_0823_P_20201125,ACT_EU_INST_CJEU_JUDG_AG_IT_PIT
DOC_JUDG_CJ_2018_0824_20210302,ACT_EU_INST_CJEU_JUDG_AG_BG_TAN
DOC_JUDG_CJ_2018_0826_20210114,ACT_EU_INST_CJEU_JUDG_AG_CZ_BOB
DOC_JUDG_CJ_2018_0828_20200604,ACT_EU_INST_CJEU_JUDG_AG_PL_SZP
DOC_JUDG_CJ_2018_0830_20200402,ACT_EU_INST_CJEU_JUDG_AG_PL_SZP
DOC_JUDG_CJ_2018_0831_P_20200618,ACT_EU_INST_CJEU_JUDG_AG_UK_SHA
DOC_JUDG_CJ_2018_0832_20200312,ACT_EU_INST_CJEU_JUDG_AG_BG_TAN
DOC_JUDG_CJ_2018_0833_20200611,ACT_EU_INST_CJEU_JUDG_AG_ES_CAM_SAN_BOR
DOC_JUDG_CJ_2018_0835_20200702,ACT_EU_INST_CJEU_JUDG_AG_CZ_BOB
DOC_JUDG_CJ_2018_0836_20200227,ACT_EU_INST_CJEU_JUDG_AG_EE_PIK
DOC_JUDG_CJ_2019_0002_20200326,ACT_EU_INST_CJEU_JUDG_AG_CZ_BOB
DOC_JUDG_CJ_2019_0003_20200604,ACT_EU_INST_CJEU_JUDG_AG_ES_CAM_SAN_BOR
DOC_JUDG_CJ_2019_0005_20200430,ACT_EU_INST_CJEU_JUDG_AG_IT_PIT
DOC_JUDG_CJ_2019_0012_P_20200917,ACT_EU_INST_CJEU_JUDG_AG_EE_PIK
DOC_JUDG_CJ_2019_0014_P_20200625,ACT_EU_INST_CJEU_JUDG_AG_CZ_BOB
DOC_JUDG_CJ_2019_0015_20200514,ACT_EU_INST_CJEU_JUDG_AG_DE_KOK
DOC_JUDG_CJ_2019_0016_20210126,ACT_EU_INST_CJEU_JUDG_AG_IT_PIT
DOC_JUDG_CJ_2019_0017_20200514,ACT_EU_INST_CJEU_JUDG_AG_EE_PIK
DOC_JUDG_CJ_2019_0018_20200702,ACT_EU_INST_CJEU_JUDG_AG_EE_PIK
DOC_JUDG_CJ_2019_0019_20200611,ACT_EU_INST_CJEU_JUDG_AG_IE_HOG
DOC_JUDG_CJ_2019_0020_20200402,ACT_EU_INST_CJEU_JUDG_AG_DE_KOK
DOC_JUDG_CJ_2019_0021_20200903,ACT_EU_INST_CJEU_JUDG_AG_DK_SAU_OE
DOC_JUDG_CJ_2019_0024_20200625,ACT_EU_INST_CJEU_JUDG_AG_ES_CAM_SAN_BOR
DOC_JUDG_CJ_2019_0025_20200227,ACT_EU_INST_CJEU_JUDG_AG_DE_KOK
DOC_JUDG_CJ_2019_0028_20200423,ACT_EU_INST_CJEU_JUDG_AG_PL_SZP
DOC_JUDG_CJ_2019_0029_20200123,ACT_EU_INST_CJEU_JUDG_AG_EE_PIK
DOC_JUDG_CJ_2019_0030_20210415,ACT_EU_INST_CJEU_JUDG_AG_DK_SAU_OE
DOC_JUDG_CJ_2019_0032_20200122,ACT_EU_INST_CJEU_JUDG_AG_PL_SZP
DOC_JUDG_CJ_2019_0033_20200528,ACT_EU_INST_CJEU_JUDG_AG_IE_HOG
DOC_JUDG_CJ_2019_0034_20200304,ACT_EU_INST_CJEU_JUDG_AG_BG_TAN
DOC_JUDG_CJ_2019_0035_20191024,ACT_EU_INST_CJEU_JUDG_AG_UK_SHA
DOC_JUDG_CJ_2019_0041_20200604,ACT_EU_INST_CJEU_JUDG_AG_CZ_BOB
DOC_JUDG_CJ_2019_0042_20201112,ACT_EU_INST_CJEU_JUDG_AG_DE_KOK
DOC_JUDG_CJ_2019_0043_20200611,ACT_EU_INST_CJEU_JUDG_AG_IT_PIT
DOC_JUDG_CJ_2019_0044_20201203,ACT_EU_INST_CJEU_JUDG_AG_PL_SZP
DOC_JUDG_CJ_2019_0045_20200319,ACT_EU_INST_CJEU_JUDG_AG_DK_SAU_OE
DOC_JUDG_CJ_2019_0046_P_20210422,ACT_EU_INST_CJEU_JUDG_AG_EE_PIK
DOC_JUDG_CJ_2019_0048_20200305,ACT_EU_INST_CJEU_JUDG_AG_BG_TAN
DOC_JUDG_CJ_2019_0049_20201125,ACT_EU_INST_CJEU_JUDG_AG_PL_SZP
DOC_JUDG_CJ_2019_0050_P_20211006,ACT_EU_INST_CJEU_JUDG_AG_IT_PIT
DOC_JUDG_CJ_2019_0051_P_20211006,ACT_EU_INST_CJEU_JUDG_AG_IT_PIT
DOC_JUDG_CJ_2019_0052_P_20211006,ACT_EU_INST_CJEU_JUDG_AG_IT_PIT
DOC_JUDG_CJ_2019_0053_P_20211006,ACT_EU_INST_CJEU_JUDG_AG_IT_PIT
DOC_JUDG_CJ_2019_0054_P_20211006,ACT_EU_INST_CJEU_JUDG_AG_IT_PIT
DOC_JUDG_CJ_2019_0055_P_20211006,ACT_EU_INST_CJEU_JUDG_AG_IT_PIT
DOC_JUDG_CJ_2019_0056_P_20210210,ACT_EU_INST_CJEU_JUDG_AG_ES_CAM_SAN_BOR
DOC_JUDG_CJ_2019_0057_P_20210902,ACT_EU_INST_CJEU_JUDG_AG_BG_TAN
DOC_JUDG_CJ_2019_0059_20201124,ACT_EU_INST_CJEU_JUDG_AG_DK_SAU_OE
DOC_JUDG_CJ_2019_0061_20201111,ACT_EU_INST_CJEU_JUDG_AG_PL_SZP
DOC_JUDG_CJ_2019_0062_20201203,ACT_EU_INST_CJEU_JUDG_AG_PL_SZP
DOC_JUDG_CJ_2019_0063_20210114,ACT_EU_INST_CJEU_JUDG_AG_FR_RIC_TOU
DOC_JUDG_CJ_2019_0066_20200326,ACT_EU_INST_CJEU_JUDG_AG_UK_SHA
DOC_JUDG_CJ_2019_0069_P_20200305,ACT_EU_INST_CJEU_JUDG_AG_ES_CAM_SAN_BOR
DOC_JUDG_CJ_2019_0070_P_20200709,ACT_EU_INST_CJEU_JUDG_AG_UK_SHA
DOC_JUDG_CJ_2019_0072_P_20201203,ACT_EU_INST_CJEU_JUDG_AG_UK_SHA
DOC_JUDG_CJ_2019_0073_20200716,ACT_EU_INST_CJEU_JUDG_AG_PL_SZP
DOC_JUDG_CJ_2019_0074_20200611,ACT_EU_INST_CJEU_JUDG_AG_EE_PIK
DOC_JUDG_CJ_2019_0076_20200709,ACT_EU_INST_CJEU_JUDG_AG_EE_PIK
DOC_JUDG_CJ_2019_0077_20201118,ACT_EU_INST_CJEU_JUDG_AG_DE_KOK
DOC_JUDG_CJ_2019_0079_P_20200227,ACT_EU_INST_CJEU_JUDG_AG_IT_PIT
DOC_JUDG_CJ_2019_0080_20200716,ACT_EU_INST_CJEU_JUDG_AG_ES_CAM_SAN_BOR
DOC_JUDG_CJ_2019_0081_20200709,ACT_EU_INST_CJEU_JUDG_AG_DE_KOK
DOC_JUDG_CJ_2019_0083_20210518,ACT_EU_INST_CJEU_JUDG_AG_CZ_BOB
DOC_JUDG_CJ_2019_0084_20200903,ACT_EU_INST_CJEU_JUDG_AG_IE_HOG
DOC_JUDG_CJ_2019_0086_20200709,ACT_EU_INST_CJEU_JUDG_AG_IT_PIT
DOC_JUDG_CJ_2019_0087_20191211,ACT_EU_INST_CJEU_JUDG_AG_IT_PIT
DOC_JUDG_CJ_2019_0088_20200611,ACT_EU_INST_CJEU_JUDG_AG_DE_KOK
DOC_JUDG_CJ_2019_0092_20200917,ACT_EU_INST_CJEU_JUDG_AG_IE_HOG
DOC_JUDG_CJ_2019_0093_P_20201119,ACT_EU_INST_CJEU_JUDG_AG_DE_KOK
DOC_JUDG_CJ_2019_0094_20200311,ACT_EU_INST_CJEU_JUDG_AG_PL_SZP
DOC_JUDG_CJ_2019_0095_20210224,ACT_EU_INST_CJEU_JUDG_AG_EE_PIK
DOC_JUDG_CJ_2019_0096_20200507,ACT_EU_INST_CJEU_JUDG_AG_EE_PIK
DOC_JUDG_CJ_2019_0097_20200716,ACT_EU_INST_CJEU_JUDG_AG_IE_HOG
DOC_JUDG_CJ_2019_0100_20200305,ACT_EU_INST_CJEU_JUDG_AG_DK_SAU_OE
DOC_JUDG_CJ_2019_0101_20200423,ACT_EU_INST_CJEU_JUDG_AG_DK_SAU_OE
DOC_JUDG_CJ_2019_0104_20200709,ACT_EU_INST_CJEU_JUDG_AG_IT_PIT
DOC_JUDG_CJ_2019_0106_20220714,ACT_EU_INST_CJEU_JUDG_AG_CZ_BOB
DOC_JUDG_CJ_2019_0107_20210909,ACT_EU_INST_CJEU_JUDG_AG_IT_PIT
DOC_JUDG_CJ_2019_0112_20201028,ACT_EU_INST_CJEU_JUDG_AG_UK_SHA
DOC_JUDG_CJ_2019_0114_P_20200611,ACT_EU_INST_CJEU_JUDG_AG_EE_PIK
DOC_JUDG_CJ_2019_0115_P_20200611,ACT_EU_INST_CJEU_JUDG_AG_IE_HOG
DOC_JUDG_CJ_2019_0116_P_20200625,ACT_EU_INST_CJEU_JUDG_AG_IE_HOG
DOC_JUDG_CJ_2019_0117_20201015,ACT_EU_INST_CJEU_JUDG_AG_IT_PIT
DOC_JUDG_CJ_2019_0119_P_20200908,ACT_EU_INST_CJEU_JUDG_AG_DE_KOK
DOC_JUDG_CJ_2019_0120_20210520,ACT_EU_INST_CJEU_JUDG_AG_BG_TAN
DOC_JUDG_CJ_2019_0121_P_20200916,ACT_EU_INST_CJEU_JUDG_AG_UK_SHA
DOC_JUDG_CJ_2019_0122_P_20200910,ACT_EU_INST_CJEU_JUDG_AG_IE_HOG
DOC_JUDG_CJ_2019_0128_20210520,ACT_EU_INST_CJEU_JUDG_AG_BG_TAN
DOC_JUDG_CJ_2019_0129_20200716,ACT_EU_INST_CJEU_JUDG_AG_CZ_BOB
DOC_JUDG_CJ_2019_0130_20210930,ACT_EU_INST_CJEU_JUDG_AG_IE_HOG
DOC_JUDG_CJ_2019_0131_P_20200625,ACT_EU_INST_CJEU_JUDG_AG_EE_PIK
DOC_JUDG_CJ_2019_0132_P_20201209,ACT_EU_INST_CJEU_JUDG_AG_IT_PIT
DOC_JUDG_CJ_2019_0133_20200716,ACT_EU_INST_CJEU_JUDG_AG_IE_HOG
DOC_JUDG_CJ_2019_0134_P_20201006,ACT_EU_INST_CJEU_JUDG_AG_IE_HOG
DOC_JUDG_CJ_2019_0135_20200305,ACT_EU_INST_CJEU_JUDG_AG_DK_SAU_OE
DOC_JUDG_CJ_2019_0142_P_20200618,ACT_EU_INST_CJEU_JUDG_AG_ES_CAM_SAN_BOR
DOC_JUDG_CJ_2019_0143_P_20191212,ACT_EU_INST_CJEU_JUDG_AG_IT_PIT
DOC_JUDG_CJ_2019_0144_P_20240627,ACT_EU_INST_CJEU_JUDG_AG_DE_KOK
DOC_JUDG_CJ_2019_0146_20200611,ACT_EU_INST_CJEU_JUDG_AG_PL_SZP
DOC_JUDG_CJ_2019_0147_20201118,ACT_EU_INST_CJEU_JUDG_AG_BG_TAN
DOC_JUDG_CJ_2019_0148_P_20200507,ACT_EU_INST_CJEU_JUDG_AG_IT_PIT
DOC_JUDG_CJ_2019_0151_P_20240627,ACT_EU_INST_CJEU_JUDG_AG_DE_KOK
DOC_JUDG_CJ_2019_0152_P_20210325,ACT_EU_INST_CJEU_JUDG_AG_DK_SAU_OE
DOC_JUDG_CJ_2019_0155_20210203,ACT_EU_INST_CJEU_JUDG_AG_ES_CAM_SAN_BOR
DOC_JUDG_CJ_2019_0157_P_20201001,ACT_EU_INST_CJEU_JUDG_AG_BG_TAN
DOC_JUDG_CJ_2019_0158_P_20201001,ACT_EU_INST_CJEU_JUDG_AG_BG_TAN
DOC_JUDG_CJ_2019_0159_P_20201001,ACT_EU_INST_CJEU_JUDG_AG_BG_TAN
DOC_JUDG_CJ_2019_0160_P_20201210,ACT_EU_INST_CJEU_JUDG_AG_DE_KOK
DOC_JUDG_CJ_2019_0161_20200423,ACT_EU_INST_CJEU_JUDG_AG_UK_SHA
DOC_JUDG_CJ_2019_0164_P_20240627,ACT_EU_INST_CJEU_JUDG_AG_DE_KOK
DOC_JUDG_CJ_2019_0165_P_20210325,ACT_EU_INST_CJEU_JUDG_AG_DK_SAU_OE
DOC_JUDG_CJ_2019_0166_P_20240627,ACT_EU_INST_CJEU_JUDG_AG_DE_KOK
DOC_JUDG_CJ_2019_0167_P_20220310,ACT_EU_INST_CJEU_JUDG_AG_BG_TAN
DOC_JUDG_CJ_2019_0168_20200430,ACT_EU_INST_CJEU_JUDG_AG_IE_HOG
DOC_JUDG_CJ_2019_0174_P_20211006,ACT_EU_INST_CJEU_JUDG_AG_IT_PIT
DOC_JUDG_CJ_2019_0176_P_20240627,ACT_EU_INST_CJEU_JUDG_AG_DE_KOK
DOC_JUDG_CJ_2019_0177_P_20220113,ACT_EU_INST_CJEU_JUDG_AG_CZ_BOB
DOC_JUDG_CJ_2019_0181_20201006,ACT_EU_INST_CJEU_JUDG_AG_IT_PIT
DOC_JUDG_CJ_2019_0182_20200326,ACT_EU_INST_CJEU_JUDG_AG_BG_TAN
DOC_JUDG_CJ_2019_0184_20200430,ACT_EU_INST_CJEU_JUDG_AG_DK_SAU_OE
DOC_JUDG_CJ_2019_0186_20200903,ACT_EU_INST_CJEU_JUDG_AG_DK_SAU_OE
DOC_JUDG_CJ_2019_0187_P_20200604,ACT_EU_INST_CJEU_JUDG_AG_EE_PIK
DOC_JUDG_CJ_2019_0189_20200514,ACT_EU_INST_CJEU_JUDG_AG_DK_SAU_OE
DOC_JUDG_CJ_2019_0191_20200430,ACT_EU_INST_CJEU_JUDG_AG_EE_PIK
DOC_JUDG_CJ_2019_0192_20200311,ACT_EU_INST_CJEU_JUDG_AG_IT_PIT
DOC_JUDG_CJ_2019_0193_20210304,ACT_EU_INST_CJEU_JUDG_AG_FR_RIC_TOU
DOC_JUDG_CJ_2019_0194_20210415,ACT_EU_INST_CJEU_JUDG_AG_EL_RAN
DOC_JUDG_CJ_2019_0197_P_20240627,ACT_EU_INST_CJEU_JUDG_AG_DE_KOK
DOC_JUDG_CJ_2019_0198_P_20240627,ACT_EU_INST_CJEU_JUDG_AG_DE_KOK
DOC_JUDG_CJ_2019_0199_20200709,ACT_EU_INST_CJEU_JUDG_AG_IE_HOG
DOC_JUDG_CJ_2019_0201_P_20240627,ACT_EU_INST_CJEU_JUDG_AG_DE_KOK
DOC_JUDG_CJ_2019_0206_20200611,ACT_EU_INST_CJEU_JUDG_AG_DK_SAU_OE
DOC_JUDG_CJ_2019_0207_P_20240627,ACT_EU_INST_CJEU_JUDG_AG_DE_KOK
DOC_JUDG_CJ_2019_0208_20200514,ACT_EU_INST_CJEU_JUDG_AG_IT_PIT
DOC_JUDG_CJ_2019_0211_20200430,ACT_EU_INST_CJEU_JUDG_AG_IT_PIT
DOC_JUDG_CJ_2019_0212_20200917,ACT_EU_INST_CJEU_JUDG_AG_IT_PIT
DOC_JUDG_CJ_2019_0213_20220308,ACT_EU_INST_CJEU_JUDG_AG_EE_PIK
DOC_JUDG_CJ_2019_0214_P_20200903,ACT_EU_INST_CJEU_JUDG_AG_IT_PIT
DOC_JUDG_CJ_2019_0215_20200702,ACT_EU_INST_CJEU_JUDG_AG_DE_KOK
DOC_JUDG_CJ_2019_0216_20201217,ACT_EU_INST_CJEU_JUDG_AG_EE_PIK
DOC_JUDG_CJ_2019_0217_20200423,ACT_EU_INST_CJEU_JUDG_AG_UK_SHA
DOC_JUDG_CJ_2019_0218_20201217,ACT_EU_INST_CJEU_JUDG_AG_CZ_BOB
DOC_JUDG_CJ_2019_0219_20200611,ACT_EU_INST_CJEU_JUDG_AG_EE_PIK
DOC_JUDG_CJ_2019_0220_20210303,ACT_EU_INST_CJEU_JUDG_AG_BG_TAN
DOC_JUDG_CJ_2019_0221_20210415,ACT_EU_INST_CJEU_JUDG_AG_FR_RIC_TOU
DOC_JUDG_CJ_2019_0223_20200924,ACT_EU_INST_CJEU_JUDG_AG_DE_KOK
DOC_JUDG_CJ_2019_0224_20200716,ACT_EU_INST_CJEU_JUDG_AG_DK_SAU_OE
DOC_JUDG_CJ_2019_0225_20201124,ACT_EU_INST_CJEU_JUDG_AG_EE_PIK
DOC_JUDG_CJ_2019_0229_20210127,ACT_EU_INST_CJEU_JUDG_AG_IT_PIT
DOC_JUDG_CJ_2019_0231_20200702,ACT_EU_INST_CJEU_JUDG_AG_EE_PIK
DOC_JUDG_CJ_2019_0233_20200930,ACT_EU_INST_CJEU_JUDG_AG_PL_SZP
DOC_JUDG_CJ_2019_0235_20201008,ACT_EU_INST_CJEU_JUDG_AG_EE_PIK
DOC_JUDG_CJ_2019_0237_20200423,ACT_EU_INST_CJEU_JUDG_AG_ES_CAM_SAN_BOR
DOC_JUDG_CJ_2019_0238_20201119,ACT_EU_INST_CJEU_JUDG_AG_UK_SHA
DOC_JUDG_CJ_2019_0241_P_20200709,ACT_EU_INST_CJEU_JUDG_AG_BG_TAN
DOC_JUDG_CJ_2019_0242_20200611,ACT_EU_INST_CJEU_JUDG_AG_IE_HOG
DOC_JUDG_CJ_2019_0243_20201029,ACT_EU_INST_CJEU_JUDG_AG_IE_HOG
DOC_JUDG_CJ_2019_0245_20201006,ACT_EU_INST_CJEU_JUDG_AG_DE_KOK
DOC_JUDG_CJ_2019_0248_20200305,ACT_EU_INST_CJEU_JUDG_AG_CZ_BOB
DOC_JUDG_CJ_2019_0249_20200716,ACT_EU_INST_CJEU_JUDG_AG_BG_TAN
DOC_JUDG_CJ_2019_0253_20200716,ACT_EU_INST_CJEU_JUDG_AG_PL_SZP
DOC_JUDG_CJ_2019_0254_20200909,ACT_EU_INST_CJEU_JUDG_AG_DE_KOK
DOC_JUDG_CJ_2019_0255_20210120,ACT_EU_INST_CJEU_JUDG_AG_IE_HOG
DOC_JUDG_CJ_2019_0257_20200709,ACT_EU_INST_CJEU_JUDG_AG_DK_SAU_OE
DOC_JUDG_CJ_2019_0258_20200430,ACT_EU_INST_CJEU_JUDG_AG_DE_KOK
DOC_JUDG_CJ_2019_0260_P_20201001,ACT_EU_INST_CJEU_JUDG_AG_BG_TAN
DOC_JUDG_CJ_2019_0261_P_20201001,ACT_EU_INST_CJEU_JUDG_AG_BG_TAN
DOC_JUDG_CJ_2019_0263_20200514,ACT_EU_INST_CJEU_JUDG_AG_ES_CAM_SAN_BOR
DOC_JUDG_CJ_2019_0264_20200709,ACT_EU_INST_CJEU_JUDG_AG_DK_SAU_OE
DOC_JUDG_CJ_2019_0265_20200908,ACT_EU_INST_CJEU_JUDG_AG_BG_TAN
DOC_JUDG_CJ_2019_0266_20200514,ACT_EU_INST_CJEU_JUDG_AG_IT_PIT
DOC_JUDG_CJ_2019_0267_20200507,ACT_EU_INST_CJEU_JUDG_AG_CZ_BOB
DOC_JUDG_CJ_2019_0269_20201125,ACT_EU_INST_CJEU_JUDG_AG_IT_PIT
DOC_JUDG_CJ_2019_0272_20200709,ACT_EU_INST_CJEU_JUDG_AG_PL_SZP
DOC_JUDG_CJ_2019_0273_P_20201022,ACT_EU_INST_CJEU_JUDG_AG_BG_TAN
DOC_JUDG_CJ_2019_0274_P_20201022,ACT_EU_INST_CJEU_JUDG_AG_BG_TAN
DOC_JUDG_CJ_2019_0275_20201022,ACT_EU_INST_CJEU_JUDG_AG_ES_CAM_SAN_BOR
DOC_JUDG_CJ_2019_0276_20200514,ACT_EU_INST_CJEU_JUDG_AG_DK_SAU_OE
DOC_JUDG_CJ_2019_0279_20210610,ACT_EU_INST_CJEU_JUDG_AG_BG_TAN
DOC_JUDG_CJ_2019_0280_P_20210114,ACT_EU_INST_CJEU_JUDG_AG_DE_KOK
DOC_JUDG_CJ_2019_0282_20220113,ACT_EU_INST_CJEU_JUDG_AG_BG_TAN
DOC_JUDG_CJ_2019_0287_20201111,ACT_EU_INST_CJEU_JUDG_AG_ES_CAM_SAN_BOR
DOC_JUDG_CJ_2019_0288_20210120,ACT_EU_INST_CJEU_JUDG_AG_PL_SZP
DOC_JUDG_CJ_2019_0290_20191219,ACT_EU_INST_CJEU_JUDG_AG_ES_CAM_SAN_BOR
DOC_JUDG_CJ_2019_0294_20210429,ACT_EU_INST_CJEU_JUDG_AG_EE_PIK
DOC_JUDG_CJ_2019_0297_20200709,ACT_EU_INST_CJEU_JUDG_AG_DK_SAU_OE
DOC_JUDG_CJ_2019_0298_20200227,ACT_EU_INST_CJEU_JUDG_AG_IE_HOG
DOC_JUDG_CJ_2019_0299_20201118,ACT_EU_INST_CJEU_JUDG_AG_CZ_BOB
DOC_JUDG_CJ_2019_0300_20201111,ACT_EU_INST_CJEU_JUDG_AG_CZ_BOB
DOC_JUDG_CJ_2019_0301_P_20210120,ACT_EU_INST_CJEU_JUDG_AG_IT_PIT
DOC_JUDG_CJ_2019_0302_20201125,ACT_EU_INST_CJEU_JUDG_AG_BG_TAN
DOC_JUDG_CJ_2019_0303_20201125,ACT_EU_INST_CJEU_JUDG_AG_BG_TAN
DOC_JUDG_CJ_2019_0307_20210325,ACT_EU_INST_CJEU_JUDG_AG_CZ_BOB
DOC_JUDG_CJ_2019_0308_20210121,ACT_EU_INST_CJEU_JUDG_AG_IT_PIT
DOC_JUDG_CJ_2019_0309_P_20200528,ACT_EU_INST_CJEU_JUDG_AG_IE_HOG
DOC_JUDG_CJ_2019_0310_P_20200604,ACT_EU_INST_CJEU_JUDG_AG_ES_CAM_SAN_BOR
DOC_JUDG_CJ_2019_0311_20201203,ACT_EU_INST_CJEU_JUDG_AG_PL_SZP
DOC_JUDG_CJ_2019_0312_20200916,ACT_EU_INST_CJEU_JUDG_AG_DE_KOK
DOC_JUDG_CJ_2019_0313_P_20201028,ACT_EU_INST_CJEU_JUDG_AG_IE_HOG
DOC_JUDG_CJ_2019_0316_20201217,ACT_EU_INST_CJEU_JUDG_AG_DE_KOK
DOC_JUDG_CJ_2019_0319_20211028,ACT_EU_INST_CJEU_JUDG_AG_EL_RAN
DOC_JUDG_CJ_2019_0320_20201203,ACT_EU_INST_CJEU_JUDG_AG_DK_SAU_OE
DOC_JUDG_CJ_2019_0321_20201028,ACT_EU_INST_CJEU_JUDG_AG_DK_SAU_OE
DOC_JUDG_CJ_2019_0322_20210114,ACT_EU_INST_CJEU_JUDG_AG_FR_RIC_TOU
DOC_JUDG_CJ_2019_0324_20210204,ACT_EU_INST_CJEU_JUDG_AG_EE_PIK
DOC_JUDG_CJ_2019_0326_20210603,ACT_EU_INST_CJEU_JUDG_AG_CZ_BOB
DOC_JUDG_CJ_2019_0328_20200618,ACT_EU_INST_CJEU_JUDG_AG_ES_CAM_SAN_BOR
DOC_JUDG_CJ_2019_0329_20200402,ACT_EU_INST_CJEU_JUDG_AG_DK_SAU_OE
DOC_JUDG_CJ_2019_0330_20201008,ACT_EU_INST_CJEU_JUDG_AG_DK_SAU_OE
DOC_JUDG_CJ_2019_0331_20201001,ACT_EU_INST_CJEU_JUDG_AG_PL_SZP
DOC_JUDG_CJ_2019_0335_20201015,ACT_EU_INST_CJEU_JUDG_AG_DE_KOK
DOC_JUDG_CJ_2019_0336_20201217,ACT_EU_INST_CJEU_JUDG_AG_IE_HOG
DOC_JUDG_CJ_2019_0337_P_20210916,ACT_EU_INST_CJEU_JUDG_AG_DE_KOK
DOC_JUDG_CJ_2019_0339_20200916,ACT_EU_INST_CJEU_JUDG_AG_ES_CAM_SAN_BOR
DOC_JUDG_CJ_2019_0340_20200618,ACT_EU_INST_CJEU_JUDG_AG_IT_PIT
DOC_JUDG_CJ_2019_0342_P_20201217,ACT_EU_INST_CJEU_JUDG_AG_EE_PIK
DOC_JUDG_CJ_2019_0343_20200709,ACT_EU_INST_CJEU_JUDG_AG_ES_CAM_SAN_BOR
DOC_JUDG_CJ_2019_0344_20210309,ACT_EU_INST_CJEU_JUDG_AG_IT_PIT
DOC_JUDG_CJ_2019_0346_20201217,ACT_EU_INST_CJEU_JUDG_AG_BG_TAN
DOC_JUDG_CJ_2019_0347_20201210,ACT_EU_INST_CJEU_JUDG_AG_IT_PIT
DOC_JUDG_CJ_2019_0348_P_20201001,ACT_EU_INST_CJEU_JUDG_AG_BG_TAN
DOC_JUDG_CJ_2019_0349_P_20201001,ACT_EU_INST_CJEU_JUDG_AG_BG_TAN
DOC_JUDG_CJ_2019_0350_P_20201001,ACT_EU_INST_CJEU_JUDG_AG_BG_TAN
DOC_JUDG_CJ_2019_0352_P_20201203,ACT_EU_INST_CJEU_JUDG_AG_CZ_BOB
DOC_JUDG_CJ_2019_0356_20200903,ACT_EU_INST_CJEU_JUDG_AG_EE_PIK
DOC_JUDG_CJ_2019_0357_20211221,ACT_EU_INST_CJEU_JUDG_AG_CZ_BOB
DOC_JUDG_CJ_2019_0360_20201008,ACT_EU_INST_CJEU_JUDG_AG_IT_PIT
DOC_JUDG_CJ_2019_0361_20210127,ACT_EU_INST_CJEU_JUDG_AG_DK_SAU_OE
DOC_JUDG_CJ_2019_0362_P_20210304,ACT_EU_INST_CJEU_JUDG_AG_IT_PIT
DOC_JUDG_CJ_2019_0363_20200910,ACT_EU_INST_CJEU_JUDG_AG_DE_KOK
DOC_JUDG_CJ_2019_0365_20210310,ACT_EU_INST_CJEU_JUDG_AG_EE_PIK
DOC_JUDG_CJ_2019_0367_20200910,ACT_EU_INST_CJEU_JUDG_AG_CZ_BOB
DOC_JUDG_CJ_2019_0371_20201118,ACT_EU_INST_CJEU_JUDG_AG_FR_RIC_TOU
DOC_JUDG_CJ_2019_0372_20201125,ACT_EU_INST_CJEU_JUDG_AG_IT_PIT
DOC_JUDG_CJ_2019_0373_20211021,ACT_EU_INST_CJEU_JUDG_AG_PL_SZP
DOC_JUDG_CJ_2019_0374_20200709,ACT_EU_INST_CJEU_JUDG_AG_IE_HOG
DOC_JUDG_CJ_2019_0377_20220113,ACT_EU_INST_CJEU_JUDG_AG_CZ_BOB
DOC_JUDG_CJ_2019_0378_20200611,ACT_EU_INST_CJEU_JUDG_AG_CZ_BOB
DOC_JUDG_CJ_2019_0380_20200625,ACT_EU_INST_CJEU_JUDG_AG_ES_CAM_SAN_BOR
DOC_JUDG_CJ_2019_0382_P_20201112,ACT_EU_INST_CJEU_JUDG_AG_FR_RIC_TOU
DOC_JUDG_CJ_2019_0383_20210429,ACT_EU_INST_CJEU_JUDG_AG_CZ_BOB
DOC_JUDG_CJ_2019_0384_20200402,ACT_EU_INST_CJEU_JUDG_AG_IT_PIT
DOC_JUDG_CJ_2019_0386_P_20200910,ACT_EU_INST_CJEU_JUDG_AG_IE_HOG
DOC_JUDG_CJ_2019_0387_20210114,ACT_EU_INST_CJEU_JUDG_AG_ES_CAM_SAN_BOR
DOC_JUDG_CJ_2019_0388_20210318,ACT_EU_INST_CJEU_JUDG_AG_IE_HOG
DOC_JUDG_CJ_2019_0389_P_20210225,ACT_EU_INST_CJEU_JUDG_AG_BG_TAN
DOC_JUDG_CJ_2019_0391_20200709,ACT_EU_INST_CJEU_JUDG_AG_IT_PIT
DOC_JUDG_CJ_2019_0392_20210309,ACT_EU_INST_CJEU_JUDG_AG_PL_SZP
DOC_JUDG_CJ_2019_0393_20210114,ACT_EU_INST_CJEU_JUDG_AG_ES_CAM_SAN_BOR
DOC_JUDG_CJ_2019_0396_P_20201021,ACT_EU_INST_CJEU_JUDG_AG_CZ_BOB
DOC_JUDG_CJ_2019_0398_20201217,ACT_EU_INST_CJEU_JUDG_AG_IE_HOG
DOC_JUDG_CJ_2019_0400_20210311,ACT_EU_INST_CJEU_JUDG_AG_IE_HOG
DOC_JUDG_CJ_2019_0401_20220426,ACT_EU_INST_CJEU_JUDG_AG_DK_SAU_OE
DOC_JUDG_CJ_2019_0402_20200930,ACT_EU_INST_CJEU_JUDG_AG_EE_PIK
DOC_JUDG_CJ_2019_0403_20210225,ACT_EU_INST_CJEU_JUDG_AG_EE_PIK
DOC_JUDG_CJ_2019_0404_P_20201217,ACT_EU_INST_CJEU_JUDG_AG_DK_SAU_OE
DOC_JUDG_CJ_2019_0405_20201001,ACT_EU_INST_CJEU_JUDG_AG_DE_KOK
DOC_JUDG_CJ_2019_0406_P_20200402,ACT_EU_INST_CJEU_JUDG_AG_DK_SAU_OE
DOC_JUDG_CJ_2019_0407_20210211,ACT_EU_INST_CJEU_JUDG_AG_ES_CAM_SAN_BOR
DOC_JUDG_CJ_2019_0410_20210916,ACT_EU_INST_CJEU_JUDG_AG_BG_TAN
DOC_JUDG_CJ_2019_0411_20200716,ACT_EU_INST_CJEU_JUDG_AG_DE_KOK
DOC_JUDG_CJ_2019_0420_20210120,ACT_EU_INST_CJEU_JUDG_AG_IT_PIT
DOC_JUDG_CJ_2019_0422_20210126,ACT_EU_INST_CJEU_JUDG_AG_IT_PIT
DOC_JUDG_CJ_2019_0424_20200716,ACT_EU_INST_CJEU_JUDG_AG_DE_KOK
DOC_JUDG_CJ_2019_0425_P_20210302,ACT_EU_INST_CJEU_JUDG_AG_BG_TAN
DOC_JUDG_CJ_2019_0427_20201112,ACT_EU_INST_CJEU_JUDG_AG_IE_HOG
DOC_JUDG_CJ_2019_0428_20210708,ACT_EU_INST_CJEU_JUDG_AG_CZ_BOB
DOC_JUDG_CJ_2019_0429_20200604,ACT_EU_INST_CJEU_JUDG_AG_ES_CAM_SAN_BOR
DOC_JUDG_CJ_2019_0430_20200604,ACT_EU_INST_CJEU_JUDG_AG_DK_SAU_OE
DOC_JUDG_CJ_2019_0431_P_20201217,ACT_EU_INST_CJEU_JUDG_AG_BG_TAN
DOC_JUDG_CJ_2019_0433_20201111,ACT_EU_INST_CJEU_JUDG_AG_PL_SZP
DOC_JUDG_CJ_2019_0434_20210303,ACT_EU_INST_CJEU_JUDG_AG_ES_CAM_SAN_BOR
DOC_JUDG_CJ_2019_0437_20211125,ACT_EU_INST_CJEU_JUDG_AG_DE_KOK
DOC_JUDG_CJ_2019_0439_20210622,ACT_EU_INST_CJEU_JUDG_AG_PL_SZP
DOC_JUDG_CJ_2019_0440_P_20210318,ACT_EU_INST_CJEU_JUDG_AG_IE_HOG
DOC_JUDG_CJ_2019_0441_20210114,ACT_EU_INST_CJEU_JUDG_AG_EE_PIK
DOC_JUDG_CJ_2019_0443_20201006,ACT_EU_INST_CJEU_JUDG_AG_IT_PIT
DOC_JUDG_CJ_2019_0445_20201124,ACT_EU_INST_CJEU_JUDG_AG_DE_KOK
DOC_JUDG_CJ_2019_0446_P_20201112,ACT_EU_INST_CJEU_JUDG_AG_EE_PIK
DOC_JUDG_CJ_2019_0447_P_20201014,ACT_EU_INST_CJEU_JUDG_AG_ES_CAM_SAN_BOR
DOC_JUDG_CJ_2019_0448_20200611,ACT_EU_INST_CJEU_JUDG_AG_IT_PIT
DOC_JUDG_CJ_2019_0449_20201217,ACT_EU_INST_CJEU_JUDG_AG_CZ_BOB
DOC_JUDG_CJ_2019_0450_20210114,ACT_EU_INST_CJEU_JUDG_AG_IT_PIT
DOC_JUDG_CJ_2019_0451_20220505,ACT_EU_INST_CJEU_JUDG_AG_EE_PIK
DOC_JUDG_CJ_2019_0453_20210715,ACT_EU_INST_CJEU_JUDG_AG_PL_SZP
DOC_JUDG_CJ_2019_0454_20201119,ACT_EU_INST_CJEU_JUDG_AG_IE_HOG
DOC_JUDG_CJ_2019_0456_20201008,ACT_EU_INST_CJEU_JUDG_AG_IT_PIT
DOC_JUDG_CJ_2019_0458_P_20211006,ACT_EU_INST_CJEU_JUDG_AG_DE_KOK
DOC_JUDG_CJ_2019_0459_20210317,ACT_EU_INST_CJEU_JUDG_AG_IE_HOG
DOC_JUDG_CJ_2019_0462_20200916,ACT_EU_INST_CJEU_JUDG_AG_DE_KOK
DOC_JUDG_CJ_2019_0463_20201118,ACT_EU_INST_CJEU_JUDG_AG_CZ_BOB
DOC_JUDG_CJ_2019_0466_P_20210128,ACT_EU_INST_CJEU_JUDG_AG_CZ_BOB
DOC_JUDG_CJ_2019_0470_20210415,ACT_EU_INST_CJEU_JUDG_AG_CZ_BOB
DOC_JUDG_CJ_2019_0472_20200611,ACT_EU_INST_CJEU_JUDG_AG_ES_CAM_SAN_BOR
DOC_JUDG_CJ_2019_0473_20210304,ACT_EU_INST_CJEU_JUDG_AG_DE_KOK
DOC_JUDG_CJ_2019_0475_P_20201217,ACT_EU_INST_CJEU_JUDG_AG_ES_CAM_SAN_BOR
DOC_JUDG_CJ_2019_0476_20201008,ACT_EU_INST_CJEU_JUDG_AG_BG_TAN
DOC_JUDG_CJ_2019_0477_20200702,ACT_EU_INST_CJEU_JUDG_AG_DE_KOK
DOC_JUDG_CJ_2019_0478_20211216,ACT_EU_INST_CJEU_JUDG_AG_IE_HOG
DOC_JUDG_CJ_2019_0480_20210429,ACT_EU_INST_CJEU_JUDG_AG_IE_HOG
DOC_JUDG_CJ_2019_0481_20210202,ACT_EU_INST_CJEU_JUDG_AG_EE_PIK
DOC_JUDG_CJ_2019_0484_20210120,ACT_EU_INST_CJEU_JUDG_AG_CZ_BOB
DOC_JUDG_CJ_2019_0485_20210422,ACT_EU_INST_CJEU_JUDG_AG_PL_SZP
DOC_JUDG_CJ_2019_0487_20211006,ACT_EU_INST_CJEU_JUDG_AG_BG_TAN
DOC_JUDG_CJ_2019_0488_20210317,ACT_EU_INST_CJEU_JUDG_AG_DE_KOK
DOC_JUDG_CJ_2019_0489_PPU_20191009,ACT_EU_INST_CJEU_JUDG_AG_UK_SHA
DOC_JUDG_CJ_2019_0490_20201217,ACT_EU_INST_CJEU_JUDG_AG_IT_PIT
DOC_JUDG_CJ_2019_0495_20200604,ACT_EU_INST_CJEU_JUDG_AG_IT_PIT
DOC_JUDG_CJ_2019_0496_20200716,ACT_EU_INST_CJEU_JUDG_AG_CZ_BOB
DOC_JUDG_CJ_2019_0498_P_20200910,ACT_EU_INST_CJEU_JUDG_AG_IE_HOG
DOC_JUDG_CJ_2019_0501_20210121,ACT_EU_INST_CJEU_JUDG_AG_FR_RIC_TOU
DOC_JUDG_CJ_2019_0502_20191219,ACT_EU_INST_CJEU_JUDG_AG_PL_SZP
DOC_JUDG_CJ_2019_0503_20200903,ACT_EU_INST_CJEU_JUDG_AG_FR_RIC_TOU
DOC_JUDG_CJ_2019_0504_20210429,ACT_EU_INST_CJEU_JUDG_AG_DE_KOK
DOC_JUDG_CJ_2019_0505_20210512,ACT_EU_INST_CJEU_JUDG_AG_CZ_BOB
DOC_JUDG_CJ_2019_0507_20210113,ACT_EU_INST_CJEU_JUDG_AG_BG_TAN
DOC_JUDG_CJ_2019_0508_20220322,ACT_EU_INST_CJEU_JUDG_AG_BG_TAN
DOC_JUDG_CJ_2019_0509_20200910,ACT_EU_INST_CJEU_JUDG_AG_BG_TAN
DOC_JUDG_CJ_2019_0510_20201124,ACT_EU_INST_CJEU_JUDG_AG_ES_CAM_SAN_BOR
DOC_JUDG_CJ_2019_0511_20210415,ACT_EU_INST_CJEU_JUDG_AG_FR_RIC_TOU
DOC_JUDG_CJ_2019_0514_20201008,ACT_EU_INST_CJEU_JUDG_AG_DE_KOK
DOC_JUDG_CJ_2019_0515_20210415,ACT_EU_INST_CJEU_JUDG_AG_DK_SAU_OE
DOC_JUDG_CJ_2019_0516_20200924,ACT_EU_INST_CJEU_JUDG_AG_PL_SZP
DOC_JUDG_CJ_2019_0517_P_20210325,ACT_EU_INST_CJEU_JUDG_AG_EE_PIK
DOC_JUDG_CJ_2019_0519_20201118,ACT_EU_INST_CJEU_JUDG_AG_ES_CAM_SAN_BOR
DOC_JUDG_CJ_2019_0521_20210701,ACT_EU_INST_CJEU_JUDG_AG_IE_HOG
DOC_JUDG_CJ_2019_0526_20201001,ACT_EU_INST_CJEU_JUDG_AG_CZ_BOB
DOC_JUDG_CJ_2019_0528_20200916,ACT_EU_INST_CJEU_JUDG_AG_IE_HOG
DOC_JUDG_CJ_2019_0529_20201021,ACT_EU_INST_CJEU_JUDG_AG_DK_SAU_OE
DOC_JUDG_CJ_2019_0530_20200903,ACT_EU_INST_CJEU_JUDG_AG_EE_PIK
DOC_JUDG_CJ_2019_0535_20210715,ACT_EU_INST_CJEU_JUDG_AG_DK_SAU_OE
DOC_JUDG_CJ_2019_0537_20210422,ACT_EU_INST_CJEU_JUDG_AG_ES_CAM_SAN_BOR
DOC_JUDG_CJ_2019_0538_20211006,ACT_EU_INST_CJEU_JUDG_AG_EL_RAN
DOC_JUDG_CJ_2019_0539_20200903,ACT_EU_INST_CJEU_JUDG_AG_BG_TAN
DOC_JUDG_CJ_2019_0540_20200917,ACT_EU_INST_CJEU_JUDG_AG_ES_CAM_SAN_BOR
DOC_JUDG_CJ_2019_0543_20201015,ACT_EU_INST_CJEU_JUDG_AG_IE_HOG
DOC_JUDG_CJ_2019_0544_20211006,ACT_EU_INST_CJEU_JUDG_AG_FR_RIC_TOU
DOC_JUDG_CJ_2019_0545_20220317,ACT_EU_INST_CJEU_JUDG_AG_DE_KOK
DOC_JUDG_CJ_2019_0546_20210603,ACT_EU_INST_CJEU_JUDG_AG_EE_PIK
DOC_JUDG_CJ_2019_0550_20210624,ACT_EU_INST_CJEU_JUDG_AG_BG_TAN
DOC_JUDG_CJ_2019_0551_P_20210506,ACT_EU_INST_CJEU_JUDG_AG_ES_CAM_SAN_BOR
DOC_JUDG_CJ_2019_0555_20210203,ACT_EU_INST_CJEU_JUDG_AG_PL_SZP
DOC_JUDG_CJ_2019_0556_20201021,ACT_EU_INST_CJEU_JUDG_AG_IT_PIT
DOC_JUDG_CJ_2019_0558_20201008,ACT_EU_INST_CJEU_JUDG_AG_DE_KOK
DOC_JUDG_CJ_2019_0559_20210624,ACT_EU_INST_CJEU_JUDG_AG_DE_KOK
DOC_JUDG_CJ_2019_0561_20211006,ACT_EU_INST_CJEU_JUDG_AG_CZ_BOB
DOC_JUDG_CJ_2019_0562_P_20210316,ACT_EU_INST_CJEU_JUDG_AG_DE_KOK
DOC_JUDG_CJ_2019_0563_P_20210603,ACT_EU_INST_CJEU_JUDG_AG_IT_PIT
DOC_JUDG_CJ_2019_0564_20211123,ACT_EU_INST_CJEU_JUDG_AG_EE_PIK
DOC_JUDG_CJ_2019_0565_P_20210325,ACT_EU_INST_CJEU_JUDG_AG_IE_HOG
DOC_JUDG_CJ_2019_0566_PPU_20191212,ACT_EU_INST_CJEU_JUDG_AG_ES_CAM_SAN_BOR
DOC_JUDG_CJ_2019_0568_20201008,ACT_EU_INST_CJEU_JUDG_AG_CZ_BOB
DOC_JUDG_CJ_2019_0570_20210902,ACT_EU_INST_CJEU_JUDG_AG_PL_SZP
DOC_JUDG_CJ_2019_0572_P_20210310,ACT_EU_INST_CJEU_JUDG_AG_FR_RIC_TOU
DOC_JUDG_CJ_2019_0573_20220512,ACT_EU_INST_CJEU_JUDG_AG_DK_SAU_OE
DOC_JUDG_CJ_2019_0576_P_20201029,ACT_EU_INST_CJEU_JUDG_AG_IT_PIT
DOC_JUDG_CJ_2019_0578_20210318,ACT_EU_INST_CJEU_JUDG_AG_PL_SZP
DOC_JUDG_CJ_2019_0579_20210902,ACT_EU_INST_CJEU_JUDG_AG_BG_TAN
DOC_JUDG_CJ_2019_0580_20210309,ACT_EU_INST_CJEU_JUDG_AG_IT_PIT
DOC_JUDG_CJ_2019_0581_20210304,ACT_EU_INST_CJEU_JUDG_AG_DE_KOK
DOC_JUDG_CJ_2019_0583_P_20211014,ACT_EU_INST_CJEU_JUDG_AG_EE_PIK
DOC_JUDG_CJ_2019_0584_20201208,ACT_EU_INST_CJEU_JUDG_AG_ES_CAM_SAN_BOR
DOC_JUDG_CJ_2019_0585_20210317,ACT_EU_INST_CJEU_JUDG_AG_IT_PIT
DOC_JUDG_CJ_2019_0591_P_20210610,ACT_EU_INST_CJEU_JUDG_AG_EL_RAN
DOC_JUDG_CJ_2019_0593_20210415,ACT_EU_INST_CJEU_JUDG_AG_DK_SAU_OE
DOC_JUDG_CJ_2019_0594_P_20220120,ACT_EU_INST_CJEU_JUDG_AG_PL_SZP
DOC_JUDG_CJ_2019_0596_P_20210316,ACT_EU_INST_CJEU_JUDG_AG_DE_KOK
DOC_JUDG_CJ_2019_0597_20210617,ACT_EU_INST_CJEU_JUDG_AG_PL_SZP
DOC_JUDG_CJ_2019_0598_20211006,ACT_EU_INST_CJEU_JUDG_AG_BG_TAN
DOC_JUDG_CJ_2019_0600_20220517,ACT_EU_INST_CJEU_JUDG_AG_BG_TAN
DOC_JUDG_CJ_2019_0601_P_20201217,ACT_EU_INST_CJEU_JUDG_AG_EE_PIK
DOC_JUDG_CJ_2019_0602_20201008,ACT_EU_INST_CJEU_JUDG_AG_IT_PIT
DOC_JUDG_CJ_2019_0603_20201001,ACT_EU_INST_CJEU_JUDG_AG_DE_KOK
DOC_JUDG_CJ_2019_0604_20210225,ACT_EU_INST_CJEU_JUDG_AG_DE_KOK
DOC_JUDG_CJ_2019_0607_20201217,ACT_EU_INST_CJEU_JUDG_AG_BG_TAN
DOC_JUDG_CJ_2019_0608_20201028,ACT_EU_INST_CJEU_JUDG_AG_ES_CAM_SAN_BOR
DOC_JUDG_CJ_2019_0609_20210610,ACT_EU_INST_CJEU_JUDG_AG_DE_KOK
DOC_JUDG_CJ_2019_0612_P_20201001,ACT_EU_INST_CJEU_JUDG_AG_BG_TAN
DOC_JUDG_CJ_2019_0615_P_20210225,ACT_EU_INST_CJEU_JUDG_AG_PL_SZP
DOC_JUDG_CJ_2019_0616_20201210,ACT_EU_INST_CJEU_JUDG_AG_DK_SAU_OE
DOC_JUDG_CJ_2019_0617_20210429,ACT_EU_INST_CJEU_JUDG_AG_DK_SAU_OE
DOC_JUDG_CJ_2019_0619_20210120,ACT_EU_INST_CJEU_JUDG_AG_IE_HOG
DOC_JUDG_CJ_2019_0620_20201210,ACT_EU_INST_CJEU_JUDG_AG_CZ_BOB
DOC_JUDG_CJ_2019_0623_P_20200917,ACT_EU_INST_CJEU_JUDG_AG_BG_TAN
DOC_JUDG_CJ_2019_0624_20210603,ACT_EU_INST_CJEU_JUDG_AG_DK_SAU_OE
DOC_JUDG_CJ_2019_0625_PPU_20191212,ACT_EU_INST_CJEU_JUDG_AG_ES_CAM_SAN_BOR
DOC_JUDG_CJ_2019_0627_PPU_20191212,ACT_EU_INST_CJEU_JUDG_AG_ES_CAM_SAN_BOR
DOC_JUDG_CJ_2019_0629_20201014,ACT_EU_INST_CJEU_JUDG_AG_DE_KOK
DOC_JUDG_CJ_2019_0636_20211028,ACT_EU_INST_CJEU_JUDG_AG_EL_RAN
DOC_JUDG_CJ_2019_0637_20201028,ACT_EU_INST_CJEU_JUDG_AG_IE_HOG
DOC_JUDG_CJ_2019_0638_P_20220125,ACT_EU_INST_CJEU_JUDG_AG_PL_SZP
DOC_JUDG_CJ_2019_0640_20210204,ACT_EU_INST_CJEU_JUDG_AG_FR_RIC_TOU
DOC_JUDG_CJ_2019_0641_20201008,ACT_EU_INST_CJEU_JUDG_AG_DK_SAU_OE
DOC_JUDG_CJ_2019_0644_20201008,ACT_EU_INST_CJEU_JUDG_AG_CZ_BOB
DOC_JUDG_CJ_2019_0645_20210615,ACT_EU_INST_CJEU_JUDG_AG_CZ_BOB
DOC_JUDG_CJ_2019_0647_P_20210902,ACT_EU_INST_CJEU_JUDG_AG_IT_PIT
DOC_JUDG_CJ_2019_0649_20210128,ACT_EU_INST_CJEU_JUDG_AG_EE_PIK
DOC_JUDG_CJ_2019_0650_P_20211028,ACT_EU_INST_CJEU_JUDG_AG_IE_HOG
DOC_JUDG_CJ_2019_0651_20200909,ACT_EU_INST_CJEU_JUDG_AG_EE_PIK
DOC_JUDG_CJ_2019_0652_20210317,ACT_EU_INST_CJEU_JUDG_AG_DE_KOK
DOC_JUDG_CJ_2019_0653_PPU_20191128,ACT_EU_INST_CJEU_JUDG_AG_IT_PIT
DOC_JUDG_CJ_2019_0655_20210120,ACT_EU_INST_CJEU_JUDG_AG_EL_RAN
DOC_JUDG_CJ_2019_0656_20201217,ACT_EU_INST_CJEU_JUDG_AG_ES_CAM_SAN_BOR
DOC_JUDG_CJ_2019_0657_20201008,ACT_EU_INST_CJEU_JUDG_AG_PL_SZP
DOC_JUDG_CJ_2019_0658_20210225,ACT_EU_INST_CJEU_JUDG_AG_IT_PIT
DOC_JUDG_CJ_2019_0662_P_20211014,ACT_EU_INST_CJEU_JUDG_AG_PL_SZP
DOC_JUDG_CJ_2019_0665_P_20210902,ACT_EU_INST_CJEU_JUDG_AG_IT_PIT
DOC_JUDG_CJ_2019_0666_P_20220428,ACT_EU_INST_CJEU_JUDG_AG_BG_TAN
DOC_JUDG_CJ_2019_0667_20201217,ACT_EU_INST_CJEU_JUDG_AG_ES_CAM_SAN_BOR
DOC_JUDG_CJ_2019_0668_20211006,ACT_EU_INST_CJEU_JUDG_AG_EL_RAN
DOC_JUDG_CJ_2019_0669_P_20200916,ACT_EU_INST_CJEU_JUDG_AG_EE_PIK
DOC_JUDG_CJ_2019_0673_20210224,ACT_EU_INST_CJEU_JUDG_AG_PL_SZP
DOC_JUDG_CJ_2019_0674_20200916,ACT_EU_INST_CJEU_JUDG_AG_DE_KOK
DOC_JUDG_CJ_2019_0676_P_20201112,ACT_EU_INST_CJEU_JUDG_AG_EE_PIK
DOC_JUDG_CJ_2019_0677_20201014,ACT_EU_INST_CJEU_JUDG_AG_IE_HOG
DOC_JUDG_CJ_2019_0680_P_20211118,ACT_EU_INST_CJEU_JUDG_AG_BG_TAN
DOC_JUDG_CJ_2019_0681_P_20211118,ACT_EU_INST_CJEU_JUDG_AG_BG_TAN
DOC_JUDG_CJ_2019_0683_20211014,ACT_EU_INST_CJEU_JUDG_AG_CZ_BOB
DOC_JUDG_CJ_2019_0684_20200702,ACT_EU_INST_CJEU_JUDG_AG_PL_SZP
DOC_JUDG_CJ_2019_0686_20200716,ACT_EU_INST_CJEU_JUDG_AG_FR_RIC_TOU
DOC_JUDG_CJ_2019_0689_P_20210225,ACT_EU_INST_CJEU_JUDG_AG_IT_PIT
DOC_JUDG_CJ_2019_0693_20220517,ACT_EU_INST_CJEU_JUDG_AG_BG_TAN
DOC_JUDG_CJ_2019_0694_P_20210415,ACT_EU_INST_CJEU_JUDG_AG_BG_TAN
DOC_JUDG_CJ_2019_0695_20210708,ACT_EU_INST_CJEU_JUDG_AG_DK_SAU_OE
DOC_JUDG_CJ_2019_0697_P_20220616,ACT_EU_INST_CJEU_JUDG_AG_IT_PIT
DOC_JUDG_CJ_2019_0698_P_20220616,ACT_EU_INST_CJEU_JUDG_AG_IT_PIT
DOC_JUDG_CJ_2019_0699_P_20220616,ACT_EU_INST_CJEU_JUDG_AG_IT_PIT
DOC_JUDG_CJ_2019_0700_P_20220616,ACT_EU_INST_CJEU_JUDG_AG_IT_PIT
DOC_JUDG_CJ_2019_0702_P_20201022,ACT_EU_INST_CJEU_JUDG_AG_DK_SAU_OE
DOC_JUDG_CJ_2019_0703_20210422,ACT_EU_INST_CJEU_JUDG_AG_FR_RIC_TOU
DOC_JUDG_CJ_2019_0704_20210429,ACT_EU_INST_CJEU_JUDG_AG_DE_KOK
DOC_JUDG_CJ_2019_0707_20210520,ACT_EU_INST_CJEU_JUDG_AG_EL_RAN
DOC_JUDG_CJ_2019_0708_20210310,ACT_EU_INST_CJEU_JUDG_AG_IT_PIT
DOC_JUDG_CJ_2019_0709_20210512,ACT_EU_INST_CJEU_JUDG_AG_ES_CAM_SAN_BOR
DOC_JUDG_CJ_2019_0710_20201217,ACT_EU_INST_CJEU_JUDG_AG_PL_SZP
DOC_JUDG_CJ_2019_0711_20201008,ACT_EU_INST_CJEU_JUDG_AG_ES_CAM_SAN_BOR
DOC_JUDG_CJ_2019_0712_20210225,ACT_EU_INST_CJEU_JUDG_AG_PL_SZP
DOC_JUDG_CJ_2019_0717_20211006,ACT_EU_INST_CJEU_JUDG_AG_IE_HOG
DOC_JUDG_CJ_2019_0718_20210622,ACT_EU_INST_CJEU_JUDG_AG_EL_RAN
DOC_JUDG_CJ_2019_0719_20210622,ACT_EU_INST_CJEU_JUDG_AG_EL_RAN
DOC_JUDG_CJ_2019_0720_20201021,ACT_EU_INST_CJEU_JUDG_AG_IT_PIT
DOC_JUDG_CJ_2019_0721_20210902,ACT_EU_INST_CJEU_JUDG_AG_ES_CAM_SAN_BOR
DOC_JUDG_CJ_2019_0724_20211216,ACT_EU_INST_CJEU_JUDG_AG_ES_CAM_SAN_BOR
DOC_JUDG_CJ_2019_0725_20220517,ACT_EU_INST_CJEU_JUDG_AG_BG_TAN
DOC_JUDG_CJ_2019_0726_20210603,ACT_EU_INST_CJEU_JUDG_AG_EL_RAN
DOC_JUDG_CJ_2019_0729_20210415,ACT_EU_INST_CJEU_JUDG_AG_IE_HOG
DOC_JUDG_CJ_2019_0730_20220512,ACT_EU_INST_CJEU_JUDG_AG_FR_RIC_TOU
DOC_JUDG_CJ_2019_0733_20210415,ACT_EU_INST_CJEU_JUDG_AG_PL_SZP
DOC_JUDG_CJ_2019_0734_20201112,ACT_EU_INST_CJEU_JUDG_AG_DK_SAU_OE
DOC_JUDG_CJ_2019_0735_20201210,ACT_EU_INST_CJEU_JUDG_AG_DE_KOK
DOC_JUDG_CJ_2019_0736_20210415,ACT_EU_INST_CJEU_JUDG_AG_DE_KOK
DOC_JUDG_CJ_2019_0738_20200910,ACT_EU_INST_CJEU_JUDG_AG_IT_PIT
DOC_JUDG_CJ_2019_0739_20210310,ACT_EU_INST_CJEU_JUDG_AG_EE_PIK
DOC_JUDG_CJ_2019_0741_20210902,ACT_EU_INST_CJEU_JUDG_AG_PL_SZP
DOC_JUDG_CJ_2019_0742_20210715,ACT_EU_INST_CJEU_JUDG_AG_DK_SAU_OE
DOC_JUDG_CJ_2019_0743_20220714,ACT_EU_INST_CJEU_JUDG_AG_CZ_BOB
DOC_JUDG_CJ_2019_0744_20210114,ACT_EU_INST_CJEU_JUDG_AG_BG_TAN
DOC_JUDG_CJ_2019_0748_20211116,ACT_EU_INST_CJEU_JUDG_AG_CZ_BOB
DOC_JUDG_CJ_2019_0758_20210715,ACT_EU_INST_CJEU_JUDG_AG_CZ_BOB
DOC_JUDG_CJ_2019_0760_20210204,ACT_EU_INST_CJEU_JUDG_AG_BG_TAN
DOC_JUDG_CJ_2019_0762_20210603,ACT_EU_INST_CJEU_JUDG_AG_PL_SZP
DOC_JUDG_CJ_2019_0767_20201203,ACT_EU_INST_CJEU_JUDG_AG_IT_PIT
DOC_JUDG_CJ_2019_0768_20210909,ACT_EU_INST_CJEU_JUDG_AG_IE_HOG
DOC_JUDG_CJ_2019_0771_20210324,ACT_EU_INST_CJEU_JUDG_AG_ES_CAM_SAN_BOR
DOC_JUDG_CJ_2019_0772_20210225,ACT_EU_INST_CJEU_JUDG_AG_BG_TAN
DOC_JUDG_CJ_2019_0774_20201210,ACT_EU_INST_CJEU_JUDG_AG_ES_CAM_SAN_BOR
DOC_JUDG_CJ_2019_0775_20201119,ACT_EU_INST_CJEU_JUDG_AG_PL_SZP
DOC_JUDG_CJ_2019_0776_20210610,ACT_EU_INST_CJEU_JUDG_AG_DE_KOK
DOC_JUDG_CJ_2019_0783_20210909,ACT_EU_INST_CJEU_JUDG_AG_IT_PIT
DOC_JUDG_CJ_2019_0784_20210603,ACT_EU_INST_CJEU_JUDG_AG_ES_CAM_SAN_BOR
DOC_JUDG_CJ_2019_0786_20210415,ACT_EU_INST_CJEU_JUDG_AG_EL_RAN
DOC_JUDG_CJ_2019_0787_20210127,ACT_EU_INST_CJEU_JUDG_AG_IT_PIT
DOC_JUDG_CJ_2019_0788_20220127,ACT_EU_INST_CJEU_JUDG_AG_DK_SAU_OE
DOC_JUDG_CJ_2019_0790_20210902,ACT_EU_INST_CJEU_JUDG_AG_IE_HOG
DOC_JUDG_CJ_2019_0791_20210715,ACT_EU_INST_CJEU_JUDG_AG_BG_TAN
DOC_JUDG_CJ_2019_0793_20221027,ACT_EU_INST_CJEU_JUDG_AG_ES_CAM_SAN_BOR
DOC_JUDG_CJ_2019_0795_20210715,ACT_EU_INST_CJEU_JUDG_AG_DK_SAU_OE
DOC_JUDG_CJ_2019_0796_20201112,ACT_EU_INST_CJEU_JUDG_AG_ES_CAM_SAN_BOR
DOC_JUDG_CJ_2019_0799_20201125,ACT_EU_INST_CJEU_JUDG_AG_FR_RIC_TOU
DOC_JUDG_CJ_2019_0800_20210617,ACT_EU_INST_CJEU_JUDG_AG_CZ_BOB
DOC_JUDG_CJ_2019_0801_20201217,ACT_EU_INST_CJEU_JUDG_AG_FR_RIC_TOU
DOC_JUDG_CJ_2019_0802_20210311,ACT_EU_INST_CJEU_JUDG_AG_IE_HOG
DOC_JUDG_CJ_2019_0804_20210225,ACT_EU_INST_CJEU_JUDG_AG_DK_SAU_OE
DOC_JUDG_CJ_2019_0812_20210311,ACT_EU_INST_CJEU_JUDG_AG_BG_TAN
DOC_JUDG_CJ_2019_0815_20210429,ACT_EU_INST_CJEU_JUDG_AG_FR_RIC_TOU
DOC_JUDG_CJ_2019_0817_20220621,ACT_EU_INST_CJEU_JUDG_AG_IT_PIT
DOC_JUDG_CJ_2019_0819_20211111,ACT_EU_INST_CJEU_JUDG_AG_CZ_BOB
DOC_JUDG_CJ_2019_0821_20211116,ACT_EU_INST_CJEU_JUDG_AG_EL_RAN
DOC_JUDG_CJ_2019_0822_20210603,ACT_EU_INST_CJEU_JUDG_AG_ES_CAM_SAN_BOR
DOC_JUDG_CJ_2019_0824_20211021,ACT_EU_INST_CJEU_JUDG_AG_DK_SAU_OE
DOC_JUDG_CJ_2019_0825_20211021,ACT_EU_INST_CJEU_JUDG_AG_BG_TAN
DOC_JUDG_CJ_2019_0826_20210422,ACT_EU_INST_CJEU_JUDG_AG_EE_PIK
DOC_JUDG_CJ_2019_0830_20210708,ACT_EU_INST_CJEU_JUDG_AG_ES_CAM_SAN_BOR
DOC_JUDG_CJ_2019_0833_P_20211123,ACT_EU_INST_CJEU_JUDG_AG_EL_RAN
DOC_JUDG_CJ_2019_0836_20210902,ACT_EU_INST_CJEU_JUDG_AG_DK_SAU_OE
DOC_JUDG_CJ_2019_0842_20201112,ACT_EU_INST_CJEU_JUDG_AG_DK_SAU_OE
DOC_JUDG_CJ_2019_0843_20210121,ACT_EU_INST_CJEU_JUDG_AG_IE_HOG
DOC_JUDG_CJ_2019_0844_20210512,ACT_EU_INST_CJEU_JUDG_AG_DE_KOK
DOC_JUDG_CJ_2019_0845_20211021,ACT_EU_INST_CJEU_JUDG_AG_EE_PIK
DOC_JUDG_CJ_2019_0846_20210415,ACT_EU_INST_CJEU_JUDG_AG_IT_PIT
DOC_JUDG_CJ_2019_0847_P_20210429,ACT_EU_INST_CJEU_JUDG_AG_BG_TAN
DOC_JUDG_CJ_2019_0848_P_20210715,ACT_EU_INST_CJEU_JUDG_AG_ES_CAM_SAN_BOR
DOC_JUDG_CJ_2019_0849_20201217,ACT_EU_INST_CJEU_JUDG_AG_DE_KOK
DOC_JUDG_CJ_2019_0850_P_20210916,ACT_EU_INST_CJEU_JUDG_AG_PL_SZP
DOC_JUDG_CJ_2019_0851_P_20210715,ACT_EU_INST_CJEU_JUDG_AG_IE_HOG
DOC_JUDG_CJ_2019_0852_20211111,ACT_EU_INST_CJEU_JUDG_AG_CZ_BOB
DOC_JUDG_CJ_2019_0854_20210902,ACT_EU_INST_CJEU_JUDG_AG_BG_TAN
DOC_JUDG_CJ_2019_0855_20210909,ACT_EU_INST_CJEU_JUDG_AG_DK_SAU_OE
DOC_JUDG_CJ_2019_0856_20210325,ACT_EU_INST_CJEU_JUDG_AG_FR_RIC_TOU
DOC_JUDG_CJ_2019_0857_20210225,ACT_EU_INST_CJEU_JUDG_AG_DK_SAU_OE
DOC_JUDG_CJ_2019_0862_P_20210617,ACT_EU_INST_CJEU_JUDG_AG_ES_CAM_SAN_BOR
DOC_JUDG_CJ_2019_0866_20211021,ACT_EU_INST_CJEU_JUDG_AG_BG_TAN
DOC_JUDG_CJ_2019_0868_20210415,ACT_EU_INST_CJEU_JUDG_AG_IT_PIT
DOC_JUDG_CJ_2019_0869_20220517,ACT_EU_INST_CJEU_JUDG_AG_BG_TAN
DOC_JUDG_CJ_2019_0870_20210324,ACT_EU_INST_CJEU_JUDG_AG_FR_RIC_TOU
DOC_JUDG_CJ_2019_0872_P_20210622,ACT_EU_INST_CJEU_JUDG_AG_IE_HOG
DOC_JUDG_CJ_2019_0873_20221108,ACT_EU_INST_CJEU_JUDG_AG_EL_RAN
DOC_JUDG_CJ_2019_0874_P_20211221,ACT_EU_INST_CJEU_JUDG_AG_DE_KOK
DOC_JUDG_CJ_2019_0875_P_20210415,ACT_EU_INST_CJEU_JUDG_AG_EL_RAN
DOC_JUDG_CJ_2019_0876_P_20211221,ACT_EU_INST_CJEU_JUDG_AG_PL_SZP
DOC_JUDG_CJ_2019_0877_P_20210415,ACT_EU_INST_CJEU_JUDG_AG_EL_RAN
DOC_JUDG_CJ_2019_0879_20210520,ACT_EU_INST_CJEU_JUDG_AG_BG_TAN
DOC_JUDG_CJ_2019_0881_20220113,ACT_EU_INST_CJEU_JUDG_AG_BG_TAN
DOC_JUDG_CJ_2019_0882_20211006,ACT_EU_INST_CJEU_JUDG_AG_IT_PIT
DOC_JUDG_CJ_2019_0883_P_20230112,ACT_EU_INST_CJEU_JUDG_AG_CY_EMI
DOC_JUDG_CJ_2019_0884_P_20211202,ACT_EU_INST_CJEU_JUDG_AG_IT_PIT
DOC_JUDG_CJ_2019_0885_P_20221108,ACT_EU_INST_CJEU_JUDG_AG_EE_PIK
DOC_JUDG_CJ_2019_0890_P_20210429,ACT_EU_INST_CJEU_JUDG_AG_IT_PIT
DOC_JUDG_CJ_2019_0891_P_20220120,ACT_EU_INST_CJEU_JUDG_AG_IT_PIT
DOC_JUDG_CJ_2019_0894_P_20211021,ACT_EU_INST_CJEU_JUDG_AG_EE_PIK
DOC_JUDG_CJ_2019_0895_20210318,ACT_EU_INST_CJEU_JUDG_AG_DK_SAU_OE
DOC_JUDG_CJ_2019_0896_20210420,ACT_EU_INST_CJEU_JUDG_AG_IE_HOG
DOC_JUDG_CJ_2019_0897_PPU_20200402,ACT_EU_INST_CJEU_JUDG_AG_BG_TAN
DOC_JUDG_CJ_2019_0899_P_20220120,ACT_EU_INST_CJEU_JUDG_AG_PL_SZP
DOC_JUDG_CJ_2019_0900_20210317,ACT_EU_INST_CJEU_JUDG_AG_DE_KOK
DOC_JUDG_CJ_2019_0901_20210610,ACT_EU_INST_CJEU_JUDG_AG_EE_PIK
DOC_JUDG_CJ_2019_0903_20210204,ACT_EU_INST_CJEU_JUDG_AG_ES_CAM_SAN_BOR
DOC_JUDG_CJ_2019_0906_20210909,ACT_EU_INST_CJEU_JUDG_AG_CZ_BOB
DOC_JUDG_CJ_2019_0907_20210325,ACT_EU_INST_CJEU_JUDG_AG_PL_SZP
DOC_JUDG_CJ_2019_0909_20211028,ACT_EU_INST_CJEU_JUDG_AG_IT_PIT
DOC_JUDG_CJ_2019_0910_20210603,ACT_EU_INST_CJEU_JUDG_AG_FR_RIC_TOU
DOC_JUDG_CJ_2019_0911_20210715,ACT_EU_INST_CJEU_JUDG_AG_CZ_BOB
DOC_JUDG_CJ_2019_0912_20210304,ACT_EU_INST_CJEU_JUDG_AG_BG_TAN
DOC_JUDG_CJ_2019_0913_20210520,ACT_EU_INST_CJEU_JUDG_AG_ES_CAM_SAN_BOR
DOC_JUDG_CJ_2019_0914_20210603,ACT_EU_INST_CJEU_JUDG_AG_CZ_BOB
DOC_JUDG_CJ_2019_0915_20211028,ACT_EU_INST_CJEU_JUDG_AG_BG_TAN
DOC_JUDG_CJ_2019_0921_20210610,ACT_EU_INST_CJEU_JUDG_AG_IE_HOG
DOC_JUDG_CJ_2019_0922_20210203,ACT_EU_INST_CJEU_JUDG_AG_IT_PIT
DOC_JUDG_CJ_2019_0923_20210610,ACT_EU_INST_CJEU_JUDG_AG_CZ_BOB
DOC_JUDG_CJ_2019_0924_PPU_20200514,ACT_EU_INST_CJEU_JUDG_AG_EE_PIK
DOC_JUDG_CJ_2019_0927_20210907,ACT_EU_INST_CJEU_JUDG_AG_ES_CAM_SAN_BOR
DOC_JUDG_CJ_2019_0928_P_20210902,ACT_EU_INST_CJEU_JUDG_AG_EE_PIK
DOC_JUDG_CJ_2019_0930_20210902,ACT_EU_INST_CJEU_JUDG_AG_PL_SZP
DOC_JUDG_CJ_2019_0931_20210603,ACT_EU_INST_CJEU_JUDG_AG_IE_HOG
DOC_JUDG_CJ_2019_0932_20210902,ACT_EU_INST_CJEU_JUDG_AG_DE_KOK
DOC_JUDG_CJ_2019_0933_P_20211111,ACT_EU_INST_CJEU_JUDG_AG_DK_SAU_OE
DOC_JUDG_CJ_2019_0934_P_20211221,ACT_EU_INST_CJEU_JUDG_AG_DE_KOK
DOC_JUDG_CJ_2019_0935_20210415,ACT_EU_INST_CJEU_JUDG_AG_IT_PIT
DOC_JUDG_CJ_2019_0937_20210708,ACT_EU_INST_CJEU_JUDG_AG_CZ_BOB
DOC_JUDG_CJ_2019_0938_20211111,ACT_EU_INST_CJEU_JUDG_AG_DK_SAU_OE
DOC_JUDG_CJ_2019_0940_20210225,ACT_EU_INST_CJEU_JUDG_AG_IE_HOG
DOC_JUDG_CJ_2019_0941_20210310,ACT_EU_INST_CJEU_JUDG_AG_IE_HOG
DOC_JUDG_CJ_2019_0942_20210603,ACT_EU_INST_CJEU_JUDG_AG_BG_TAN
DOC_JUDG_CJ_2019_0947_P_20210304,ACT_EU_INST_CJEU_JUDG_AG_DE_KOK
DOC_JUDG_CJ_2019_0948_20211111,ACT_EU_INST_CJEU_JUDG_AG_BG_TAN
DOC_JUDG_CJ_2019_0949_20210310,ACT_EU_INST_CJEU_JUDG_AG_FR_RIC_TOU
DOC_JUDG_CJ_2019_0950_20210324,ACT_EU_INST_CJEU_JUDG_AG_ES_CAM_SAN_BOR
DOC_JUDG_CJ_2020_0003_20211130,ACT_EU_INST_CJEU_JUDG_AG_DE_KOK
DOC_JUDG_CJ_2020_0004_20210520,ACT_EU_INST_CJEU_JUDG_AG_DE_KOK
DOC_JUDG_CJ_2020_0005_20210902,ACT_EU_INST_CJEU_JUDG_AG_BG_TAN
DOC_JUDG_CJ_2020_0006_20210520,ACT_EU_INST_CJEU_JUDG_AG_ES_CAM_SAN_BOR
DOC_JUDG_CJ_2020_0007_20210303,ACT_EU_INST_CJEU_JUDG_AG_CZ_BOB
DOC_JUDG_CJ_2020_0008_20210520,ACT_EU_INST_CJEU_JUDG_AG_DK_SAU_OE
DOC_JUDG_CJ_2020_0009_20220210,ACT_EU_INST_CJEU_JUDG_AG_BG_TAN
DOC_JUDG_CJ_2020_0011_20210512,ACT_EU_INST_CJEU_JUDG_AG_BG_TAN
DOC_JUDG_CJ_2020_0012_20210624,ACT_EU_INST_CJEU_JUDG_AG_DK_SAU_OE
DOC_JUDG_CJ_2020_0013_20211006,ACT_EU_INST_CJEU_JUDG_AG_PL_SZP
DOC_JUDG_CJ_2020_0018_20210909,ACT_EU_INST_CJEU_JUDG_AG_DK_SAU_OE
DOC_JUDG_CJ_2020_0019_20210429,ACT_EU_INST_CJEU_JUDG_AG_DK_SAU_OE
DOC_JUDG_CJ_2020_0021_20210916,ACT_EU_INST_CJEU_JUDG_AG_PL_SZP
DOC_JUDG_CJ_2020_0022_20210902,ACT_EU_INST_CJEU_JUDG_AG_DE_KOK
DOC_JUDG_CJ_2020_0023_20210617,ACT_EU_INST_CJEU_JUDG_AG_ES_CAM_SAN_BOR
DOC_JUDG_CJ_2020_0024_20221122,ACT_EU_INST_CJEU_JUDG_AG_PL_SZP
DOC_JUDG_CJ_2020_0025_20211125,ACT_EU_INST_CJEU_JUDG_AG_ES_CAM_SAN_BOR
DOC_JUDG_CJ_2020_0027_20210512,ACT_EU_INST_CJEU_JUDG_AG_DK_SAU_OE
DOC_JUDG_CJ_2020_0028_20210323,ACT_EU_INST_CJEU_JUDG_AG_EE_PIK
DOC_JUDG_CJ_2020_0029_20211014,ACT_EU_INST_CJEU_JUDG_AG_EL_RAN
DOC_JUDG_CJ_2020_0030_20210715,ACT_EU_INST_CJEU_JUDG_AG_FR_RIC_TOU
DOC_JUDG_CJ_2020_0033_20210909,ACT_EU_INST_CJEU_JUDG_AG_IE_HOG
DOC_JUDG_CJ_2020_0034_20210902,ACT_EU_INST_CJEU_JUDG_AG_BG_TAN
DOC_JUDG_CJ_2020_0035_20211006,ACT_EU_INST_CJEU_JUDG_AG_PL_SZP
DOC_JUDG_CJ_2020_0036_PPU_20200625,ACT_EU_INST_CJEU_JUDG_AG_PL_SZP
DOC_JUDG_CJ_2020_0037_20221122,ACT_EU_INST_CJEU_JUDG_AG_IT_PIT
DOC_JUDG_CJ_2020_0039_20210603,ACT_EU_INST_CJEU_JUDG_AG_ES_CAM_SAN_BOR
DOC_JUDG_CJ_2020_0040_20221215,ACT_EU_INST_CJEU_JUDG_AG_CY_EMI
DOC_JUDG_CJ_2020_0045_20211014,ACT_EU_INST_CJEU_JUDG_AG_BG_TAN
DOC_JUDG_CJ_2020_0047_20210429,ACT_EU_INST_CJEU_JUDG_AG_EE_PIK
DOC_JUDG_CJ_2020_0048_20210318,ACT_EU_INST_CJEU_JUDG_AG_DE_KOK
DOC_JUDG_CJ_2020_0051_20220120,ACT_EU_INST_CJEU_JUDG_AG_IT_PIT
DOC_JUDG_CJ_2020_0053_20210415,ACT_EU_INST_CJEU_JUDG_AG_ES_CAM_SAN_BOR
DOC_JUDG_CJ_2020_0054_P_20220505,ACT_EU_INST_CJEU_JUDG_AG_HR_CAP
DOC_JUDG_CJ_2020_0055_20220113,ACT_EU_INST_CJEU_JUDG_AG_CZ_BOB
DOC_JUDG_CJ_2020_0056_20210429,ACT_EU_INST_CJEU_JUDG_AG_EE_PIK
DOC_JUDG_CJ_2020_0058_20210617,ACT_EU_INST_CJEU_JUDG_AG_EE_PIK
DOC_JUDG_CJ_2020_0060_20210715,ACT_EU_INST_CJEU_JUDG_AG_ES_CAM_SAN_BOR
DOC_JUDG_CJ_2020_0062_20210415,ACT_EU_INST_CJEU_JUDG_AG_IE_HOG
DOC_JUDG_CJ_2020_0063_P_20210520,ACT_EU_INST_CJEU_JUDG_AG_IT_PIT
DOC_JUDG_CJ_2020_0064_20210317,ACT_EU_INST_CJEU_JUDG_AG_CZ_BOB
DOC_JUDG_CJ_2020_0065_20210610,ACT_EU_INST_CJEU_JUDG_AG_IE_HOG
DOC_JUDG_CJ_2020_0066_20210902,ACT_EU_INST_CJEU_JUDG_AG_ES_CAM_SAN_BOR
DOC_JUDG_CJ_2020_0070_20210512,ACT_EU_INST_CJEU_JUDG_AG_CZ_BOB
DOC_JUDG_CJ_2020_0071_20210708,ACT_EU_INST_CJEU_JUDG_AG_IE_HOG
DOC_JUDG_CJ_2020_0073_20210422,ACT_EU_INST_CJEU_JUDG_AG_IE_HOG
DOC_JUDG_CJ_2020_0075_20210422,ACT_EU_INST_CJEU_JUDG_AG_BG_TAN
DOC_JUDG_CJ_2020_0076_20210603,ACT_EU_INST_CJEU_JUDG_AG_FR_RIC_TOU
DOC_JUDG_CJ_2020_0077_20210211,ACT_EU_INST_CJEU_JUDG_AG_DK_SAU_OE
DOC_JUDG_CJ_2020_0079_P_20220428,ACT_EU_INST_CJEU_JUDG_AG_IT_PIT
DOC_JUDG_CJ_2020_0080_20211021,ACT_EU_INST_CJEU_JUDG_AG_DE_KOK
DOC_JUDG_CJ_2020_0083_20220505,ACT_EU_INST_CJEU_JUDG_AG_IT_PIT
DOC_JUDG_CJ_2020_0086_20220428,ACT_EU_INST_CJEU_JUDG_AG_EL_RAN
DOC_JUDG_CJ_2020_0087_20210512,ACT_EU_INST_CJEU_JUDG_AG_FR_RIC_TOU
DOC_JUDG_CJ_2020_0090_20220120,ACT_EU_INST_CJEU_JUDG_AG_FR_RIC_TOU
DOC_JUDG_CJ_2020_0091_20211109,ACT_EU_INST_CJEU_JUDG_AG_FR_RIC_TOU
DOC_JUDG_CJ_2020_0092_20210203,ACT_EU_INST_CJEU_JUDG_AG_EL_RAN
DOC_JUDG_CJ_2020_0094_20210610,ACT_EU_INST_CJEU_JUDG_AG_IE_HOG
DOC_JUDG_CJ_2020_0095_20211028,ACT_EU_INST_CJEU_JUDG_AG_FR_RIC_TOU
DOC_JUDG_CJ_2020_0096_20210310,ACT_EU_INST_CJEU_JUDG_AG_DK_SAU_OE
DOC_JUDG_CJ_2020_0100_20210909,ACT_EU_INST_CJEU_JUDG_AG_PL_SZP
DOC_JUDG_CJ_2020_0102_20211125,ACT_EU_INST_CJEU_JUDG_AG_FR_RIC_TOU
DOC_JUDG_CJ_2020_0106_P_20211111,ACT_EU_INST_CJEU_JUDG_AG_DK_SAU_OE
DOC_JUDG_CJ_2020_0107_P_20211118,ACT_EU_INST_CJEU_JUDG_AG_DK_SAU_OE
DOC_JUDG_CJ_2020_0109_20211026,ACT_EU_INST_CJEU_JUDG_AG_DE_KOK
DOC_JUDG_CJ_2020_0110_20220113,ACT_EU_INST_CJEU_JUDG_AG_IE_HOG
DOC_JUDG_CJ_2020_0112_20210311,ACT_EU_INST_CJEU_JUDG_AG_EL_RAN
DOC_JUDG_CJ_2020_0116_20220407,ACT_EU_INST_CJEU_JUDG_AG_EL_RAN
DOC_JUDG_CJ_2020_0117_20220322,ACT_EU_INST_CJEU_JUDG_AG_CZ_BOB
DOC_JUDG_CJ_2020_0118_20220118,ACT_EU_INST_CJEU_JUDG_AG_PL_SZP
DOC_JUDG_CJ_2020_0119_20211006,ACT_EU_INST_CJEU_JUDG_AG_DE_KOK
DOC_JUDG_CJ_2020_0120_20210708,ACT_EU_INST_CJEU_JUDG_AG_BG_TAN
DOC_JUDG_CJ_2020_0122_P_20210506,ACT_EU_INST_CJEU_JUDG_AG_EE_PIK
DOC_JUDG_CJ_2020_0123_20211028,ACT_EU_INST_CJEU_JUDG_AG_DK_SAU_OE
DOC_JUDG_CJ_2020_0124_20211221,ACT_EU_INST_CJEU_JUDG_AG_IE_HOG
DOC_JUDG_CJ_2020_0125_20221222,ACT_EU_INST_CJEU_JUDG_AG_IT_PIT
DOC_JUDG_CJ_2020_0128_20220714,ACT_EU_INST_CJEU_JUDG_AG_EL_RAN
DOC_JUDG_CJ_2020_0129_20210225,ACT_EU_INST_CJEU_JUDG_AG_IT_PIT
DOC_JUDG_CJ_2020_0130_20210512,ACT_EU_INST_CJEU_JUDG_AG_DE_KOK
DOC_JUDG_CJ_2020_0132_20220329,ACT_EU_INST_CJEU_JUDG_AG_CZ_BOB
DOC_JUDG_CJ_2020_0134_20220714,ACT_EU_INST_CJEU_JUDG_AG_EL_RAN
DOC_JUDG_CJ_2020_0136_20211006,ACT_EU_INST_CJEU_JUDG_AG_FR_RIC_TOU
DOC_JUDG_CJ_2020_0139_20220331,ACT_EU_INST_CJEU_JUDG_AG_IE_HOG
DOC_JUDG_CJ_2020_0140_20220405,ACT_EU_INST_CJEU_JUDG_AG_ES_CAM_SAN_BOR
DOC_JUDG_CJ_2020_0141_20221201,ACT_EU_INST_CJEU_JUDG_AG_LV_MED
DOC_JUDG_CJ_2020_0142_20210506,ACT_EU_INST_CJEU_JUDG_AG_FR_RIC_TOU
DOC_JUDG_CJ_2020_0143_20220224,ACT_EU_INST_CJEU_JUDG_AG_CZ_BOB
DOC_JUDG_CJ_2020_0144_20210909,ACT_EU_INST_CJEU_JUDG_AG_ES_CAM_SAN_BOR
DOC_JUDG_CJ_2020_0145_20220714,ACT_EU_INST_CJEU_JUDG_AG_EL_RAN
DOC_JUDG_CJ_2020_0146_20211221,ACT_EU_INST_CJEU_JUDG_AG_EE_PIK
DOC_JUDG_CJ_2020_0147_20221117,ACT_EU_INST_CJEU_JUDG_AG_PL_SZP
DOC_JUDG_CJ_2020_0151_20220322,ACT_EU_INST_CJEU_JUDG_AG_CZ_BOB
DOC_JUDG_CJ_2020_0152_20210715,ACT_EU_INST_CJEU_JUDG_AG_ES_CAM_SAN_BOR
DOC_JUDG_CJ_2020_0153_P_20210617,ACT_EU_INST_CJEU_JUDG_AG_IT_PIT
DOC_JUDG_CJ_2020_0154_20211209,ACT_EU_INST_CJEU_JUDG_AG_EE_PIK
DOC_JUDG_CJ_2020_0156_20220113,ACT_EU_INST_CJEU_JUDG_AG_DE_KOK
DOC_JUDG_CJ_2020_0159_20220714,ACT_EU_INST_CJEU_JUDG_AG_HR_CAP
DOC_JUDG_CJ_2020_0160_20220222,ACT_EU_INST_CJEU_JUDG_AG_DK_SAU_OE
DOC_JUDG_CJ_2020_0161_20220405,ACT_EU_INST_CJEU_JUDG_AG_PL_SZP
DOC_JUDG_CJ_2020_0162_P_20220303,ACT_EU_INST_CJEU_JUDG_AG_FR_RIC_TOU
DOC_JUDG_CJ_2020_0165_20220120,ACT_EU_INST_CJEU_JUDG_AG_IE_HOG
DOC_JUDG_CJ_2020_0166_20210708,ACT_EU_INST_CJEU_JUDG_AG_IE_HOG
DOC_JUDG_CJ_2020_0167_P_20210624,ACT_EU_INST_CJEU_JUDG_AG_IT_PIT
DOC_JUDG_CJ_2020_0168_20211111,ACT_EU_INST_CJEU_JUDG_AG_PL_SZP
DOC_JUDG_CJ_2020_0169_20210902,ACT_EU_INST_CJEU_JUDG_AG_IT_PIT
DOC_JUDG_CJ_2020_0171_P_20220303,ACT_EU_INST_CJEU_JUDG_AG_FR_RIC_TOU
DOC_JUDG_CJ_2020_0172_P_20220303,ACT_EU_INST_CJEU_JUDG_AG_FR_RIC_TOU
DOC_JUDG_CJ_2020_0175_20220224,ACT_EU_INST_CJEU_JUDG_AG_CZ_BOB
DOC_JUDG_CJ_2020_0176_20220407,ACT_EU_INST_CJEU_JUDG_AG_EL_RAN
DOC_JUDG_CJ_2020_0177_20220310,ACT_EU_INST_CJEU_JUDG_AG_BG_TAN
DOC_JUDG_CJ_2020_0178_20210708,ACT_EU_INST_CJEU_JUDG_AG_PL_SZP
DOC_JUDG_CJ_2020_0179_20220127,ACT_EU_INST_CJEU_JUDG_AG_EE_PIK
DOC_JUDG_CJ_2020_0180_20210902,ACT_EU_INST_CJEU_JUDG_AG_IT_PIT
DOC_JUDG_CJ_2020_0181_20220125,ACT_EU_INST_CJEU_JUDG_AG_DE_KOK
DOC_JUDG_CJ_2020_0182_20210603,ACT_EU_INST_CJEU_JUDG_AG_BG_TAN
DOC_JUDG_CJ_2020_0184_20220801,ACT_EU_INST_CJEU_JUDG_AG_EE_PIK
DOC_JUDG_CJ_2020_0186_20210930,ACT_EU_INST_CJEU_JUDG_AG_IT_PIT
DOC_JUDG_CJ_2020_0190_20210715,ACT_EU_INST_CJEU_JUDG_AG_DK_SAU_OE
DOC_JUDG_CJ_2020_0192_20210610,ACT_EU_INST_CJEU_JUDG_AG_BG_TAN
DOC_JUDG_CJ_2020_0194_20210603,ACT_EU_INST_CJEU_JUDG_AG_IT_PIT
DOC_JUDG_CJ_2020_0195_PPU_20200924,ACT_EU_INST_CJEU_JUDG_AG_CZ_BOB
DOC_JUDG_CJ_2020_0197_20211028,ACT_EU_INST_CJEU_JUDG_AG_FR_RIC_TOU
DOC_JUDG_CJ_2020_0202_P_20210512,ACT_EU_INST_CJEU_JUDG_AG_CZ_BOB
DOC_JUDG_CJ_2020_0203_20211216,ACT_EU_INST_CJEU_JUDG_AG_DE_KOK
DOC_JUDG_CJ_2020_0204_20221117,ACT_EU_INST_CJEU_JUDG_AG_PL_SZP
DOC_JUDG_CJ_2020_0205_20220308,ACT_EU_INST_CJEU_JUDG_AG_CZ_BOB
DOC_JUDG_CJ_2020_0208_20210909,ACT_EU_INST_CJEU_JUDG_AG_CZ_BOB
DOC_JUDG_CJ_2020_0209_20210520,ACT_EU_INST_CJEU_JUDG_AG_EL_RAN
DOC_JUDG_CJ_2020_0210_20210603,ACT_EU_INST_CJEU_JUDG_AG_ES_CAM_SAN_BOR
DOC_JUDG_CJ_2020_0211_P_20221110,ACT_EU_INST_CJEU_JUDG_AG_IT_PIT
DOC_JUDG_CJ_2020_0212_20211118,ACT_EU_INST_CJEU_JUDG_AG_DE_KOK
DOC_JUDG_CJ_2020_0214_20211111,ACT_EU_INST_CJEU_JUDG_AG_IT_PIT
DOC_JUDG_CJ_2020_0217_20211209,ACT_EU_INST_CJEU_JUDG_AG_IE_HOG
DOC_JUDG_CJ_2020_0219_20220210,ACT_EU_INST_CJEU_JUDG_AG_CZ_BOB
DOC_JUDG_CJ_2020_0221_20211028,ACT_EU_INST_CJEU_JUDG_AG_BG_TAN
DOC_JUDG_CJ_2020_0224_20221117,ACT_EU_INST_CJEU_JUDG_AG_PL_SZP
DOC_JUDG_CJ_2020_0225_20211216,ACT_EU_INST_CJEU_JUDG_AG_EE_PIK
DOC_JUDG_CJ_2020_0226_P_20220224,ACT_EU_INST_CJEU_JUDG_AG_IT_PIT
DOC_JUDG_CJ_2020_0228_20220407,ACT_EU_INST_CJEU_JUDG_AG_IE_HOG
DOC_JUDG_CJ_2020_0230_20210520,ACT_EU_INST_CJEU_JUDG_AG_EL_RAN
DOC_JUDG_CJ_2020_0231_20211014,ACT_EU_INST_CJEU_JUDG_AG_PL_SZP
DOC_JUDG_CJ_2020_0232_20220317,ACT_EU_INST_CJEU_JUDG_AG_BG_TAN
DOC_JUDG_CJ_2020_0233_20211125,ACT_EU_INST_CJEU_JUDG_AG_IE_HOG
DOC_JUDG_CJ_2020_0234_20220127,ACT_EU_INST_CJEU_JUDG_AG_EL_RAN
DOC_JUDG_CJ_2020_0236_20220407,ACT_EU_INST_CJEU_JUDG_AG_DE_KOK
DOC_JUDG_CJ_2020_0237_20220428,ACT_EU_INST_CJEU_JUDG_AG_IT_PIT
DOC_JUDG_CJ_2020_0238_20220127,ACT_EU_INST_CJEU_JUDG_AG_EL_RAN
DOC_JUDG_CJ_2020_0241_20210715,ACT_EU_INST_CJEU_JUDG_AG_DE_KOK
DOC_JUDG_CJ_2020_0242_20211209,ACT_EU_INST_CJEU_JUDG_AG_DK_SAU_OE
DOC_JUDG_CJ_2020_0243_20211221,ACT_EU_INST_CJEU_JUDG_AG_DE_KOK
DOC_JUDG_CJ_2020_0244_20211014,ACT_EU_INST_CJEU_JUDG_AG_EL_RAN
DOC_JUDG_CJ_2020_0245_20220324,ACT_EU_INST_CJEU_JUDG_AG_CZ_BOB
DOC_JUDG_CJ_2020_0247_20220310,ACT_EU_INST_CJEU_JUDG_AG_IE_HOG
DOC_JUDG_CJ_2020_0249_P_20211125,ACT_EU_INST_CJEU_JUDG_AG_DE_KOK
DOC_JUDG_CJ_2020_0251_20211221,ACT_EU_INST_CJEU_JUDG_AG_IE_HOG
DOC_JUDG_CJ_2020_0253_20221117,ACT_EU_INST_CJEU_JUDG_AG_PL_SZP
DOC_JUDG_CJ_2020_0257_20220224,ACT_EU_INST_CJEU_JUDG_AG_EL_RAN
DOC_JUDG_CJ_2020_0260_P_20220512,ACT_EU_INST_CJEU_JUDG_AG_EE_PIK
DOC_JUDG_CJ_2020_0261_20220118,ACT_EU_INST_CJEU_JUDG_AG_PL_SZP
DOC_JUDG_CJ_2020_0262_20220224,ACT_EU_INST_CJEU_JUDG_AG_IT_PIT
DOC_JUDG_CJ_2020_0263_20211221,ACT_EU_INST_CJEU_JUDG_AG_EE_PIK
DOC_JUDG_CJ_2020_0265_20220505,ACT_EU_INST_CJEU_JUDG_AG_CZ_BOB
DOC_JUDG_CJ_2020_0267_20220622,ACT_EU_INST_CJEU_JUDG_AG_EL_RAN
DOC_JUDG_CJ_2020_0269_20221201,ACT_EU_INST_CJEU_JUDG_AG_LV_MED
DOC_JUDG_CJ_2020_0271_20211125,ACT_EU_INST_CJEU_JUDG_AG_IE_HOG
DOC_JUDG_CJ_2020_0272_P_20211006,ACT_EU_INST_CJEU_JUDG_AG_FR_RIC_TOU
DOC_JUDG_CJ_2020_0273_20220801,ACT_EU_INST_CJEU_JUDG_AG_IE_HOG
DOC_JUDG_CJ_2020_0274_20211216,ACT_EU_INST_CJEU_JUDG_AG_EL_RAN
DOC_JUDG_CJ_2020_0275_20220301,ACT_EU_INST_CJEU_JUDG_AG_FR_RIC_TOU
DOC_JUDG_CJ_2020_0277_20210909,ACT_EU_INST_CJEU_JUDG_AG_FR_RIC_TOU
DOC_JUDG_CJ_2020_0278_20220628,ACT_EU_INST_CJEU_JUDG_AG_PL_SZP
DOC_JUDG_CJ_2020_0279_20220801,ACT_EU_INST_CJEU_JUDG_AG_IE_COL
DOC_JUDG_CJ_2020_0280_20210603,ACT_EU_INST_CJEU_JUDG_AG_ES_CAM_SAN_BOR
DOC_JUDG_CJ_2020_0281_20211111,ACT_EU_INST_CJEU_JUDG_AG_EE_PIK
DOC_JUDG_CJ_2020_0282_20211021,ACT_EU_INST_CJEU_JUDG_AG_EL_RAN
DOC_JUDG_CJ_2020_0283_20220224,ACT_EU_INST_CJEU_JUDG_AG_BG_TAN
DOC_JUDG_CJ_2020_0285_20210930,ACT_EU_INST_CJEU_JUDG_AG_DK_SAU_OE
DOC_JUDG_CJ_2020_0289_20211125,ACT_EU_INST_CJEU_JUDG_AG_ES_CAM_SAN_BOR
DOC_JUDG_CJ_2020_0290_20220224,ACT_EU_INST_CJEU_JUDG_AG_IT_PIT
DOC_JUDG_CJ_2020_0294_20210909,ACT_EU_INST_CJEU_JUDG_AG_BG_TAN
DOC_JUDG_CJ_2020_0295_20210708,ACT_EU_INST_CJEU_JUDG_AG_ES_CAM_SAN_BOR
DOC_JUDG_CJ_2020_0296_20210930,ACT_EU_INST_CJEU_JUDG_AG_ES_CAM_SAN_BOR
DOC_JUDG_CJ_2020_0299_20210930,ACT_EU_INST_CJEU_JUDG_AG_EL_RAN
DOC_JUDG_CJ_2020_0300_20220222,ACT_EU_INST_CJEU_JUDG_AG_ES_CAM_SAN_BOR
DOC_JUDG_CJ_2020_0301_20210701,ACT_EU_INST_CJEU_JUDG_AG_ES_CAM_SAN_BOR
DOC_JUDG_CJ_2020_0302_20220315,ACT_EU_INST_CJEU_JUDG_AG_DE_KOK
DOC_JUDG_CJ_2020_0303_20210610,ACT_EU_INST_CJEU_JUDG_AG_IT_PIT
DOC_JUDG_CJ_2020_0306_20211118,ACT_EU_INST_CJEU_JUDG_AG_IT_PIT
DOC_JUDG_CJ_2020_0315_20211111,ACT_EU_INST_CJEU_JUDG_AG_EL_RAN
DOC_JUDG_CJ_2020_0319_20220428,ACT_EU_INST_CJEU_JUDG_AG_FR_RIC_TOU
DOC_JUDG_CJ_2020_0324_20211028,ACT_EU_INST_CJEU_JUDG_AG_PL_SZP
DOC_JUDG_CJ_2020_0325_20210715,ACT_EU_INST_CJEU_JUDG_AG_EL_RAN
DOC_JUDG_CJ_2020_0326_20220113,ACT_EU_INST_CJEU_JUDG_AG_EL_RAN
DOC_JUDG_CJ_2020_0327_20220113,ACT_EU_INST_CJEU_JUDG_AG_FR_RIC_TOU
DOC_JUDG_CJ_2020_0328_20220616,ACT_EU_INST_CJEU_JUDG_AG_FR_RIC_TOU
DOC_JUDG_CJ_2020_0331_P_20221117,ACT_EU_INST_CJEU_JUDG_AG_HR_CAP
DOC_JUDG_CJ_2020_0332_20220801,ACT_EU_INST_CJEU_JUDG_AG_PL_SZP
DOC_JUDG_CJ_2020_0333_20220407,ACT_EU_INST_CJEU_JUDG_AG_IE_COL
DOC_JUDG_CJ_2020_0334_20211125,ACT_EU_INST_CJEU_JUDG_AG_PL_SZP
DOC_JUDG_CJ_2020_0337_20210902,ACT_EU_INST_CJEU_JUDG_AG_DK_SAU_OE
DOC_JUDG_CJ_2020_0338_20211006,ACT_EU_INST_CJEU_JUDG_AG_CZ_BOB
DOC_JUDG_CJ_2020_0339_20220920,ACT_EU_INST_CJEU_JUDG_AG_ES_CAM_SAN_BOR
DOC_JUDG_CJ_2020_0340_20211111,ACT_EU_INST_CJEU_JUDG_AG_IT_PIT
DOC_JUDG_CJ_2020_0341_20210916,ACT_EU_INST_CJEU_JUDG_AG_EL_RAN
DOC_JUDG_CJ_2020_0342_20220407,ACT_EU_INST_CJEU_JUDG_AG_DK_SAU_OE
DOC_JUDG_CJ_2020_0344_20221013,ACT_EU_INST_CJEU_JUDG_AG_LV_MED
DOC_JUDG_CJ_2020_0347_20220127,ACT_EU_INST_CJEU_JUDG_AG_DE_KOK
DOC_JUDG_CJ_2020_0348_P_20220712,ACT_EU_INST_CJEU_JUDG_AG_CZ_BOB
DOC_JUDG_CJ_2020_0349_20220303,ACT_EU_INST_CJEU_JUDG_AG_IE_HOG
DOC_JUDG_CJ_2020_0350_20210902,ACT_EU_INST_CJEU_JUDG_AG_BG_TAN
DOC_JUDG_CJ_2020_0351_P_20220113,ACT_EU_INST_CJEU_JUDG_AG_DE_KOK
DOC_JUDG_CJ_2020_0352_20220801,ACT_EU_INST_CJEU_JUDG_AG_DE_KOK
DOC_JUDG_CJ_2020_0353_20220602,ACT_EU_INST_CJEU_JUDG_AG_EL_RAN
DOC_JUDG_CJ_2020_0354_PPU_20201217,ACT_EU_INST_CJEU_JUDG_AG_ES_CAM_SAN_BOR
DOC_JUDG_CJ_2020_0357_20211028,ACT_EU_INST_CJEU_JUDG_AG_DE_KOK
DOC_JUDG_CJ_2020_0358_20211118,ACT_EU_INST_CJEU_JUDG_AG_DK_SAU_OE
DOC_JUDG_CJ_2020_0360_20211014,ACT_EU_INST_CJEU_JUDG_AG_FR_RIC_TOU
DOC_JUDG_CJ_2020_0361_P_20220113,ACT_EU_INST_CJEU_JUDG_AG_DE_KOK
DOC_JUDG_CJ_2020_0362_20210715,ACT_EU_INST_CJEU_JUDG_AG_IT_PIT
DOC_JUDG_CJ_2020_0363_20220113,ACT_EU_INST_CJEU_JUDG_AG_IT_PIT
DOC_JUDG_CJ_2020_0364_P_20220224,ACT_EU_INST_CJEU_JUDG_AG_ES_CAM_SAN_BOR
DOC_JUDG_CJ_2020_0368_20220426,ACT_EU_INST_CJEU_JUDG_AG_DK_SAU_OE
DOC_JUDG_CJ_2020_0370_20211209,ACT_EU_INST_CJEU_JUDG_AG_BG_TAN
DOC_JUDG_CJ_2020_0371_20210902,ACT_EU_INST_CJEU_JUDG_AG_PL_SZP
DOC_JUDG_CJ_2020_0372_20211125,ACT_EU_INST_CJEU_JUDG_AG_FR_RIC_TOU
DOC_JUDG_CJ_2020_0373_20211014,ACT_EU_INST_CJEU_JUDG_AG_BG_TAN
DOC_JUDG_CJ_2020_0374_P_20211209,ACT_EU_INST_CJEU_JUDG_AG_BG_TAN
DOC_JUDG_CJ_2020_0376_P_20230713,ACT_EU_INST_CJEU_JUDG_AG_DE_KOK
DOC_JUDG_CJ_2020_0377_20220512,ACT_EU_INST_CJEU_JUDG_AG_EL_RAN
DOC_JUDG_CJ_2020_0379_20210902,ACT_EU_INST_CJEU_JUDG_AG_IE_HOG
DOC_JUDG_CJ_2020_0385_20220407,ACT_EU_INST_CJEU_JUDG_AG_DK_SAU_OE
DOC_JUDG_CJ_2020_0388_20211111,ACT_EU_INST_CJEU_JUDG_AG_EL_RAN
DOC_JUDG_CJ_2020_0389_20220224,ACT_EU_INST_CJEU_JUDG_AG_PL_SZP
DOC_JUDG_CJ_2020_0391_20220907,ACT_EU_INST_CJEU_JUDG_AG_CY_EMI
DOC_JUDG_CJ_2020_0393_20211021,ACT_EU_INST_CJEU_JUDG_AG_ES_CAM_SAN_BOR
DOC_JUDG_CJ_2020_0394_20211221,ACT_EU_INST_CJEU_JUDG_AG_FR_RIC_TOU
DOC_JUDG_CJ_2020_0395_20211221,ACT_EU_INST_CJEU_JUDG_AG_EE_PIK
DOC_JUDG_CJ_2020_0396_20211021,ACT_EU_INST_CJEU_JUDG_AG_IE_HOG
DOC_JUDG_CJ_2020_0398_20211111,ACT_EU_INST_CJEU_JUDG_AG_DE_KOK
DOC_JUDG_CJ_2020_0402_P_20211021,ACT_EU_INST_CJEU_JUDG_AG_DK_SAU_OE
DOC_JUDG_CJ_2020_0405_20220505,ACT_EU_INST_CJEU_JUDG_AG_EL_RAN
DOC_JUDG_CJ_2020_0406_20210909,ACT_EU_INST_CJEU_JUDG_AG_BG_TAN
DOC_JUDG_CJ_2020_0408_P_20211006,ACT_EU_INST_CJEU_JUDG_AG_FR_RIC_TOU
DOC_JUDG_CJ_2020_0409_20220303,ACT_EU_INST_CJEU_JUDG_AG_CY_EMI
DOC_JUDG_CJ_2020_0410_20220505,ACT_EU_INST_CJEU_JUDG_AG_FR_RIC_TOU
DOC_JUDG_CJ_2020_0411_20220801,ACT_EU_INST_CJEU_JUDG_AG_PL_SZP
DOC_JUDG_CJ_2020_0413_20211118,ACT_EU_INST_CJEU_JUDG_AG_EL_RAN
DOC_JUDG_CJ_2020_0414_PPU_20210113,ACT_EU_INST_CJEU_JUDG_AG_FR_RIC_TOU
DOC_JUDG_CJ_2020_0415_20220428,ACT_EU_INST_CJEU_JUDG_AG_HR_CAP
DOC_JUDG_CJ_2020_0416_PPU_20201217,ACT_EU_INST_CJEU_JUDG_AG_BG_TAN
DOC_JUDG_CJ_2020_0420_20220915,ACT_EU_INST_CJEU_JUDG_AG_FR_RIC_TOU
DOC_JUDG_CJ_2020_0421_20220303,ACT_EU_INST_CJEU_JUDG_AG_PL_SZP
DOC_JUDG_CJ_2020_0422_20210909,ACT_EU_INST_CJEU_JUDG_AG_PL_SZP
DOC_JUDG_CJ_2020_0426_20220512,ACT_EU_INST_CJEU_JUDG_AG_IT_PIT
DOC_JUDG_CJ_2020_0428_20211221,ACT_EU_INST_CJEU_JUDG_AG_FR_RIC_TOU
DOC_JUDG_CJ_2020_0429_P_20220407,ACT_EU_INST_CJEU_JUDG_AG_DK_SAU_OE
DOC_JUDG_CJ_2020_0430_P_20220512,ACT_EU_INST_CJEU_JUDG_AG_EE_PIK
DOC_JUDG_CJ_2020_0431_P_20211006,ACT_EU_INST_CJEU_JUDG_AG_FR_RIC_TOU
DOC_JUDG_CJ_2020_0432_20220120,ACT_EU_INST_CJEU_JUDG_AG_EE_PIK
DOC_JUDG_CJ_2020_0433_20220324,ACT_EU_INST_CJEU_JUDG_AG_IE_HOG
DOC_JUDG_CJ_2020_0436_20220714,ACT_EU_INST_CJEU_JUDG_AG_LV_MED
DOC_JUDG_CJ_2020_0439_P_20230316,ACT_EU_INST_CJEU_JUDG_AG_IT_PIT
DOC_JUDG_CJ_2020_0447_20220407,ACT_EU_INST_CJEU_JUDG_AG_CY_EMI
DOC_JUDG_CJ_2020_0449_20210909,ACT_EU_INST_CJEU_JUDG_AG_IT_PIT
DOC_JUDG_CJ_2020_0451_20220224,ACT_EU_INST_CJEU_JUDG_AG_DK_SAU_OE
DOC_JUDG_CJ_2020_0452_20220224,ACT_EU_INST_CJEU_JUDG_AG_PL_SZP
DOC_JUDG_CJ_2020_0453_20220503,ACT_EU_INST_CJEU_JUDG_AG_ES_CAM_SAN_BOR
DOC_JUDG_CJ_2020_0459_20230622,ACT_EU_INST_CJEU_JUDG_AG_FR_RIC_TOU
DOC_JUDG_CJ_2020_0460_20221208,ACT_EU_INST_CJEU_JUDG_AG_IT_PIT
DOC_JUDG_CJ_2020_0461_20220203,ACT_EU_INST_CJEU_JUDG_AG_DK_SAU_OE
DOC_JUDG_CJ_2020_0462_20211028,ACT_EU_INST_CJEU_JUDG_AG_EE_PIK
DOC_JUDG_CJ_2020_0463_20220224,ACT_EU_INST_CJEU_JUDG_AG_DE_KOK
DOC_JUDG_CJ_2020_0464_P_20211014,ACT_EU_INST_CJEU_JUDG_AG_CZ_BOB
DOC_JUDG_CJ_2020_0465_P_20240910,ACT_EU_INST_CJEU_JUDG_AG_IT_PIT
DOC_JUDG_CJ_2020_0466_20220519,ACT_EU_INST_CJEU_JUDG_AG_IT_PIT
DOC_JUDG_CJ_2020_0468_20230608,ACT_EU_INST_CJEU_JUDG_AG_CY_EMI
DOC_JUDG_CJ_2020_0470_20221215,ACT_EU_INST_CJEU_JUDG_AG_EL_RAN
DOC_JUDG_CJ_2020_0472_20220331,ACT_EU_INST_CJEU_JUDG_AG_DE_KOK
DOC_JUDG_CJ_2020_0473_20221020,ACT_EU_INST_CJEU_JUDG_AG_IE_COL
DOC_JUDG_CJ_2020_0475_20220922,ACT_EU_INST_CJEU_JUDG_AG_EL_RAN
DOC_JUDG_CJ_2020_0483_20220222,ACT_EU_INST_CJEU_JUDG_AG_EE_PIK
DOC_JUDG_CJ_2020_0484_20211202,ACT_EU_INST_CJEU_JUDG_AG_HR_CAP
DOC_JUDG_CJ_2020_0485_20220210,ACT_EU_INST_CJEU_JUDG_AG_EL_RAN
DOC_JUDG_CJ_2020_0487_20220210,ACT_EU_INST_CJEU_JUDG_AG_DE_KOK
DOC_JUDG_CJ_2020_0488_20211125,ACT_EU_INST_CJEU_JUDG_AG_BG_TAN
DOC_JUDG_CJ_2020_0489_20220407,ACT_EU_INST_CJEU_JUDG_AG_BG_TAN
DOC_JUDG_CJ_2020_0490_20211214,ACT_EU_INST_CJEU_JUDG_AG_DE_KOK
DOC_JUDG_CJ_2020_0497_20211221,ACT_EU_INST_CJEU_JUDG_AG_IE_HOG
DOC_JUDG_CJ_2020_0498_20220310,ACT_EU_INST_CJEU_JUDG_AG_ES_CAM_SAN_BOR
DOC_JUDG_CJ_2020_0499_20220210,ACT_EU_INST_CJEU_JUDG_AG_DK_SAU_OE
DOC_JUDG_CJ_2020_0500_20220714,ACT_EU_INST_CJEU_JUDG_AG_HR_CAP
DOC_JUDG_CJ_2020_0501_20220801,ACT_EU_INST_CJEU_JUDG_AG_PL_SZP
DOC_JUDG_CJ_2020_0502_20210902,ACT_EU_INST_CJEU_JUDG_AG_DK_SAU_OE
DOC_JUDG_CJ_2020_0505_20220512,ACT_EU_INST_CJEU_JUDG_AG_ES_CAM_SAN_BOR
DOC_JUDG_CJ_2020_0510_20220428,ACT_EU_INST_CJEU_JUDG_AG_CZ_BOB
DOC_JUDG_CJ_2020_0513_20220113,ACT_EU_INST_CJEU_JUDG_AG_PL_SZP
DOC_JUDG_CJ_2020_0514_20220113,ACT_EU_INST_CJEU_JUDG_AG_FR_RIC_TOU
DOC_JUDG_CJ_2020_0515_20220203,ACT_EU_INST_CJEU_JUDG_AG_BG_TAN
DOC_JUDG_CJ_2020_0517_20230316,ACT_EU_INST_CJEU_JUDG_AG_ES_CAM_SAN_BOR
DOC_JUDG_CJ_2020_0518_20220922,ACT_EU_INST_CJEU_JUDG_AG_FR_RIC_TOU
DOC_JUDG_CJ_2020_0519_20220310,ACT_EU_INST_CJEU_JUDG_AG_FR_RIC_TOU
DOC_JUDG_CJ_2020_0520_20220616,ACT_EU_INST_CJEU_JUDG_AG_EE_PIK
DOC_JUDG_CJ_2020_0522_20220210,ACT_EU_INST_CJEU_JUDG_AG_PL_SZP
DOC_JUDG_CJ_2020_0524_20211221,ACT_EU_INST_CJEU_JUDG_AG_DK_SAU_OE
DOC_JUDG_CJ_2020_0525_20220505,ACT_EU_INST_CJEU_JUDG_AG_EL_RAN
DOC_JUDG_CJ_2020_0530_20221222,ACT_EU_INST_CJEU_JUDG_AG_PL_SZP
DOC_JUDG_CJ_2020_0531_20220428,ACT_EU_INST_CJEU_JUDG_AG_ES_CAM_SAN_BOR
DOC_JUDG_CJ_2020_0532_20220224,ACT_EU_INST_CJEU_JUDG_AG_ES_CAM_SAN_BOR
DOC_JUDG_CJ_2020_0533_20220324,ACT_EU_INST_CJEU_JUDG_AG_LV_MED
DOC_JUDG_CJ_2020_0534_20220622,ACT_EU_INST_CJEU_JUDG_AG_FR_RIC_TOU
DOC_JUDG_CJ_2020_0536_20220224,ACT_EU_INST_CJEU_JUDG_AG_PL_SZP
DOC_JUDG_CJ_2020_0537_20230427,ACT_EU_INST_CJEU_JUDG_AG_IT_PIT
DOC_JUDG_CJ_2020_0538_20220922,ACT_EU_INST_CJEU_JUDG_AG_IE_COL
DOC_JUDG_CJ_2020_0541_20241003,ACT_EU_INST_CJEU_JUDG_AG_IT_PIT
DOC_JUDG_CJ_2020_0556_20220512,ACT_EU_INST_CJEU_JUDG_AG_DE_KOK
DOC_JUDG_CJ_2020_0559_20220428,ACT_EU_INST_CJEU_JUDG_AG_ES_CAM_SAN_BOR
DOC_JUDG_CJ_2020_0560_20240130,ACT_EU_INST_CJEU_JUDG_AG_IE_COL
DOC_JUDG_CJ_2020_0561_20220407,ACT_EU_INST_CJEU_JUDG_AG_EL_RAN
DOC_JUDG_CJ_2020_0562_20221117,ACT_EU_INST_CJEU_JUDG_AG_IT_PIT
DOC_JUDG_CJ_2020_0563_20220224,ACT_EU_INST_CJEU_JUDG_AG_ES_CAM_SAN_BOR
DOC_JUDG_CJ_2020_0564_20220210,ACT_EU_INST_CJEU_JUDG_AG_PL_SZP
DOC_JUDG_CJ_2020_0567_20220505,ACT_EU_INST_CJEU_JUDG_AG_DE_KOK
DOC_JUDG_CJ_2020_0568_20220407,ACT_EU_INST_CJEU_JUDG_AG_EE_PIK
DOC_JUDG_CJ_2020_0569_20220519,ACT_EU_INST_CJEU_JUDG_AG_FR_RIC_TOU
DOC_JUDG_CJ_2020_0570_20220505,ACT_EU_INST_CJEU_JUDG_AG_ES_CAM_SAN_BOR
DOC_JUDG_CJ_2020_0572_20220616,ACT_EU_INST_CJEU_JUDG_AG_IE_COL
DOC_JUDG_CJ_2020_0575_20211216,ACT_EU_INST_CJEU_JUDG_AG_BG_TAN
DOC_JUDG_CJ_2020_0576_20220707,ACT_EU_INST_CJEU_JUDG_AG_CY_EMI
DOC_JUDG_CJ_2020_0577_20220616,ACT_EU_INST_CJEU_JUDG_AG_PL_SZP
DOC_JUDG_CJ_2020_0581_20211006,ACT_EU_INST_CJEU_JUDG_AG_EL_RAN
DOC_JUDG_CJ_2020_0582_20220224,ACT_EU_INST_CJEU_JUDG_AG_IT_PIT
DOC_JUDG_CJ_2020_0584_P_20210715,ACT_EU_INST_CJEU_JUDG_AG_FR_RIC_TOU
DOC_JUDG_CJ_2020_0585_20221020,ACT_EU_INST_CJEU_JUDG_AG_EL_RAN
DOC_JUDG_CJ_2020_0586_P_20211221,ACT_EU_INST_CJEU_JUDG_AG_BG_TAN
DOC_JUDG_CJ_2020_0587_20220602,ACT_EU_INST_CJEU_JUDG_AG_FR_RIC_TOU
DOC_JUDG_CJ_2020_0588_20220801,ACT_EU_INST_CJEU_JUDG_AG_LV_MED
DOC_JUDG_CJ_2020_0589_20220602,ACT_EU_INST_CJEU_JUDG_AG_CY_EMI
DOC_JUDG_CJ_2020_0590_20220303,ACT_EU_INST_CJEU_JUDG_AG_FR_RIC_TOU
DOC_JUDG_CJ_2020_0595_20220210,ACT_EU_INST_CJEU_JUDG_AG_LV_MED
DOC_JUDG_CJ_2020_0596_20220616,ACT_EU_INST_CJEU_JUDG_AG_DE_KOK
DOC_JUDG_CJ_2020_0597_20220929,ACT_EU_INST_CJEU_JUDG_AG_FR_RIC_TOU
DOC_JUDG_CJ_2020_0599_20220609,ACT_EU_INST_CJEU_JUDG_AG_CY_EMI
DOC_JUDG_CJ_2020_0603_PPU_20210324,ACT_EU_INST_CJEU_JUDG_AG_EL_RAN
DOC_JUDG_CJ_2020_0604_20221020,ACT_EU_INST_CJEU_JUDG_AG_FR_RIC_TOU
DOC_JUDG_CJ_2020_0605_20220224,ACT_EU_INST_CJEU_JUDG_AG_LV_MED
DOC_JUDG_CJ_2020_0607_20221117,ACT_EU_INST_CJEU_JUDG_AG_HR_CAP
DOC_JUDG_CJ_2020_0612_20220428,ACT_EU_INST_CJEU_JUDG_AG_PL_SZP
DOC_JUDG_CJ_2020_0613_20211006,ACT_EU_INST_CJEU_JUDG_AG_EE_PIK
DOC_JUDG_CJ_2020_0614_20220908,ACT_EU_INST_CJEU_JUDG_AG_ES_CAM_SAN_BOR
DOC_JUDG_CJ_2020_0615_20230713,ACT_EU_INST_CJEU_JUDG_AG_IE_COL
DOC_JUDG_CJ_2020_0616_20221013,ACT_EU_INST_CJEU_JUDG_AG_HR_CAP
DOC_JUDG_CJ_2020_0617_20220602,ACT_EU_INST_CJEU_JUDG_AG_PL_SZP
DOC_JUDG_CJ_2020_0619_P_20220922,ACT_EU_INST_CJEU_JUDG_AG_ES_CAM_SAN_BOR
DOC_JUDG_CJ_2020_0623_P_20230216,ACT_EU_INST_CJEU_JUDG_AG_IE_COL
DOC_JUDG_CJ_2020_0624_20220907,ACT_EU_INST_CJEU_JUDG_AG_FR_RIC_TOU
DOC_JUDG_CJ_2020_0625_20220630,ACT_EU_INST_CJEU_JUDG_AG_LV_MED
DOC_JUDG_CJ_2020_0632_P_20230117,ACT_EU_INST_CJEU_JUDG_AG_DE_KOK
DOC_JUDG_CJ_2020_0633_20220929,ACT_EU_INST_CJEU_JUDG_AG_PL_SZP
DOC_JUDG_CJ_2020_0634_20220303,ACT_EU_INST_CJEU_JUDG_AG_EL_RAN
DOC_JUDG_CJ_2020_0635_P_20230216,ACT_EU_INST_CJEU_JUDG_AG_IE_COL
DOC_JUDG_CJ_2020_0637_20220428,ACT_EU_INST_CJEU_JUDG_AG_HR_CAP
DOC_JUDG_CJ_2020_0638_20221124,ACT_EU_INST_CJEU_JUDG_AG_LV_MED
DOC_JUDG_CJ_2020_0640_P_20230323,ACT_EU_INST_CJEU_JUDG_AG_EE_PIK
DOC_JUDG_CJ_2020_0642_20220428,ACT_EU_INST_CJEU_JUDG_AG_ES_CAM_SAN_BOR
DOC_JUDG_CJ_2020_0644_20220512,ACT_EU_INST_CJEU_JUDG_AG_IE_COL
DOC_JUDG_CJ_2020_0645_20220407,ACT_EU_INST_CJEU_JUDG_AG_ES_CAM_SAN_BOR
DOC_JUDG_CJ_2020_0646_20221115,ACT_EU_INST_CJEU_JUDG_AG_IE_COL
DOC_JUDG_CJ_2020_0648_PPU_20210310,ACT_EU_INST_CJEU_JUDG_AG_FR_RIC_TOU
DOC_JUDG_CJ_2020_0649_P_20230202,ACT_EU_INST_CJEU_JUDG_AG_EE_PIK
DOC_JUDG_CJ_2020_0652_20220630,ACT_EU_INST_CJEU_JUDG_AG_FR_RIC_TOU
DOC_JUDG_CJ_2020_0653_P_20221201,ACT_EU_INST_CJEU_JUDG_AG_FR_RIC_TOU
DOC_JUDG_CJ_2020_0656_P_20220324,ACT_EU_INST_CJEU_JUDG_AG_EL_RAN
DOC_JUDG_CJ_2020_0659_20220908,ACT_EU_INST_CJEU_JUDG_AG_LV_MED
DOC_JUDG_CJ_2020_0660_20231019,ACT_EU_INST_CJEU_JUDG_AG_CY_EMI
DOC_JUDG_CJ_2020_0661_20220622,ACT_EU_INST_CJEU_JUDG_AG_DE_KOK
DOC_JUDG_CJ_2020_0665_PPU_20210429,ACT_EU_INST_CJEU_JUDG_AG_IE_HOG
DOC_JUDG_CJ_2020_0666_P_20220324,ACT_EU_INST_CJEU_JUDG_AG_EL_RAN
DOC_JUDG_CJ_2020_0668_20220407,ACT_EU_INST_CJEU_JUDG_AG_IT_PIT
DOC_JUDG_CJ_2020_0669_20220915,ACT_EU_INST_CJEU_JUDG_AG_ES_CAM_SAN_BOR
DOC_JUDG_CJ_2020_0673_20220609,ACT_EU_INST_CJEU_JUDG_AG_IE_COL
DOC_JUDG_CJ_2020_0674_20220427,ACT_EU_INST_CJEU_JUDG_AG_PL_SZP
DOC_JUDG_CJ_2020_0675_P_20220915,ACT_EU_INST_CJEU_JUDG_AG_DE_KOK
DOC_JUDG_CJ_2020_0677_20221018,ACT_EU_INST_CJEU_JUDG_AG_FR_RIC_TOU
DOC_JUDG_CJ_2020_0680_20230119,ACT_EU_INST_CJEU_JUDG_AG_EL_RAN
DOC_JUDG_CJ_2020_0682_P_20230309,ACT_EU_INST_CJEU_JUDG_AG_IT_PIT
DOC_JUDG_CJ_2020_0683_20220113,ACT_EU_INST_CJEU_JUDG_AG_EE_PIK
DOC_JUDG_CJ_2020_0687_20220331,ACT_EU_INST_CJEU_JUDG_AG_EE_PIK
DOC_JUDG_CJ_2020_0690_P_20230309,ACT_EU_INST_CJEU_JUDG_AG_IT_PIT
DOC_JUDG_CJ_2020_0692_20230928,ACT_EU_INST_CJEU_JUDG_AG_IE_COL
DOC_JUDG_CJ_2020_0693_P_20230309,ACT_EU_INST_CJEU_JUDG_AG_IT_PIT
DOC_JUDG_CJ_2020_0694_20221208,ACT_EU_INST_CJEU_JUDG_AG_EL_RAN
DOC_JUDG_CJ_2020_0695_20230228,ACT_EU_INST_CJEU_JUDG_AG_EL_RAN
DOC_JUDG_CJ_2020_0696_20220707,ACT_EU_INST_CJEU_JUDG_AG_CY_EMI
DOC_JUDG_CJ_2020_0697_20220324,ACT_EU_INST_CJEU_JUDG_AG_CY_EMI
DOC_JUDG_CJ_2020_0698_20221013,ACT_EU_INST_CJEU_JUDG_AG_EE_PIK
DOC_JUDG_CJ_2020_0700_20220620,ACT_EU_INST_CJEU_JUDG_AG_IE_COL
DOC_JUDG_CJ_2020_0702_20230112,ACT_EU_INST_CJEU_JUDG_AG_EL_RAN
DOC_JUDG_CJ_2020_0704_20221108,ACT_EU_INST_CJEU_JUDG_AG_FR_RIC_TOU
DOC_JUDG_CJ_2020_0705_20220915,ACT_EU_INST_CJEU_JUDG_AG_DE_KOK
DOC_JUDG_CJ_2020_0707_20230216,ACT_EU_INST_CJEU_JUDG_AG_EL_RAN
DOC_JUDG_CJ_2020_0708_20211209,ACT_EU_INST_CJEU_JUDG_AG_HR_CAP
DOC_JUDG_CJ_2020_0709_20210715,ACT_EU_INST_CJEU_JUDG_AG_FR_RIC_TOU
DOC_JUDG_CJ_2020_0711_20220324,ACT_EU_INST_CJEU_JUDG_AG_ES_CAM_SAN_BOR
DOC_JUDG_CJ_2020_0713_20221013,ACT_EU_INST_CJEU_JUDG_AG_IT_PIT
DOC_JUDG_CJ_2020_0714_20220512,ACT_EU_INST_CJEU_JUDG_AG_HR_CAP
DOC_JUDG_CJ_2020_0715_20240220,ACT_EU_INST_CJEU_JUDG_AG_IT_PIT
DOC_JUDG_CJ_2020_0716_20220908,ACT_EU_INST_CJEU_JUDG_AG_IT_PIT
DOC_JUDG_CJ_2020_0718_P_20220505,ACT_EU_INST_CJEU_JUDG_AG_IT_PIT
DOC_JUDG_CJ_2020_0719_20220512,ACT_EU_INST_CJEU_JUDG_AG_ES_CAM_SAN_BOR
DOC_JUDG_CJ_2020_0720_20220801,ACT_EU_INST_CJEU_JUDG_AG_FR_RIC_TOU
DOC_JUDG_CJ_2020_0721_20221027,ACT_EU_INST_CJEU_JUDG_AG_HR_CAP
DOC_JUDG_CJ_2020_0723_20220324,ACT_EU_INST_CJEU_JUDG_AG_FR_RIC_TOU
DOC_JUDG_CJ_2020_0724_20220113,ACT_EU_INST_CJEU_JUDG_AG_PL_SZP
DOC_JUDG_CJ_2020_0725_P_20240919,ACT_EU_INST_CJEU_JUDG_AG_DE_KOK
DOC_JUDG_CJ_2020_0726_20220324,ACT_EU_INST_CJEU_JUDG_AG_IE_COL
DOC_JUDG_CJ_2021_0001_20221013,ACT_EU_INST_CJEU_JUDG_AG_DE_KOK
DOC_JUDG_CJ_2021_0003_20220929,ACT_EU_INST_CJEU_JUDG_AG_EE_PIK
DOC_JUDG_CJ_2021_0004_20220915,ACT_EU_INST_CJEU_JUDG_AG_ES_CAM_SAN_BOR
DOC_JUDG_CJ_2021_0006_P_20230622,ACT_EU_INST_CJEU_JUDG_AG_FR_RIC_TOU
DOC_JUDG_CJ_2021_0007_20220707,ACT_EU_INST_CJEU_JUDG_AG_EE_PIK
DOC_JUDG_CJ_2021_0013_20220707,ACT_EU_INST_CJEU_JUDG_AG_CY_EMI
DOC_JUDG_CJ_2021_0014_20220801,ACT_EU_INST_CJEU_JUDG_AG_EL_RAN
DOC_JUDG_CJ_2021_0018_20220915,ACT_EU_INST_CJEU_JUDG_AG_IE_COL
DOC_JUDG_CJ_2021_0019_20220801,ACT_EU_INST_CJEU_JUDG_AG_CY_EMI
DOC_JUDG_CJ_2021_0020_20220203,ACT_EU_INST_CJEU_JUDG_AG_LV_MED
DOC_JUDG_CJ_2021_0022_20220915,ACT_EU_INST_CJEU_JUDG_AG_IT_PIT
DOC_JUDG_CJ_2021_0024_20220707,ACT_EU_INST_CJEU_JUDG_AG_PL_SZP
DOC_JUDG_CJ_2021_0025_20230420,ACT_EU_INST_CJEU_JUDG_AG_IT_PIT
DOC_JUDG_CJ_2021_0031_20230302,ACT_EU_INST_CJEU_JUDG_AG_ES_CAM_SAN_BOR
DOC_JUDG_CJ_2021_0033_20220519,ACT_EU_INST_CJEU_JUDG_AG_FR_RIC_TOU
DOC_JUDG_CJ_2021_0034_20230330,ACT_EU_INST_CJEU_JUDG_AG_ES_CAM_SAN_BOR
DOC_JUDG_CJ_2021_0036_20220714,ACT_EU_INST_CJEU_JUDG_AG_LV_MED
DOC_JUDG_CJ_2021_0038_20231221,ACT_EU_INST_CJEU_JUDG_AG_IE_COL
DOC_JUDG_CJ_2021_0040_20230504,ACT_EU_INST_CJEU_JUDG_AG_CY_EMI
DOC_JUDG_CJ_2021_0042_P_20230112,ACT_EU_INST_CJEU_JUDG_AG_EL_RAN
DOC_JUDG_CJ_2021_0043_20220602,ACT_EU_INST_CJEU_JUDG_AG_DE_KOK
DOC_JUDG_CJ_2021_0044_20220428,ACT_EU_INST_CJEU_JUDG_AG_EL_RAN
DOC_JUDG_CJ_2021_0045_20220913,ACT_EU_INST_CJEU_JUDG_AG_DE_KOK
DOC_JUDG_CJ_2021_0046_P_20230309,ACT_EU_INST_CJEU_JUDG_AG_ES_CAM_SAN_BOR
DOC_JUDG_CJ_2021_0050_20230608,ACT_EU_INST_CJEU_JUDG_AG_PL_SZP
DOC_JUDG_CJ_2021_0051_20220630,ACT_EU_INST_CJEU_JUDG_AG_LV_MED
DOC_JUDG_CJ_2021_0052_20220224,ACT_EU_INST_CJEU_JUDG_AG_IE_HOG
DOC_JUDG_CJ_2021_0054_20221117,ACT_EU_INST_CJEU_JUDG_AG_ES_CAM_SAN_BOR
DOC_JUDG_CJ_2021_0055_20220609,ACT_EU_INST_CJEU_JUDG_AG_EE_PIK
DOC_JUDG_CJ_2021_0056_20220630,ACT_EU_INST_CJEU_JUDG_AG_DE_KOK
DOC_JUDG_CJ_2021_0057_20230112,ACT_EU_INST_CJEU_JUDG_AG_PL_SZP
DOC_JUDG_CJ_2021_0058_20220915,ACT_EU_INST_CJEU_JUDG_AG_FR_RIC_TOU
DOC_JUDG_CJ_2021_0060_20220310,ACT_EU_INST_CJEU_JUDG_AG_EE_PIK
DOC_JUDG_CJ_2021_0061_20221222,ACT_EU_INST_CJEU_JUDG_AG_DE_KOK
DOC_JUDG_CJ_2021_0063_P_20220630,ACT_EU_INST_CJEU_JUDG_AG_FR_RIC_TOU
DOC_JUDG_CJ_2021_0064_20221013,ACT_EU_INST_CJEU_JUDG_AG_HR_CAP
DOC_JUDG_CJ_2021_0065_P_20220616,ACT_EU_INST_CJEU_JUDG_AG_PL_SZP
DOC_JUDG_CJ_2021_0066_20221020,ACT_EU_INST_CJEU_JUDG_AG_FR_RIC_TOU
DOC_JUDG_CJ_2021_0068_20221027,ACT_EU_INST_CJEU_JUDG_AG_ES_CAM_SAN_BOR
DOC_JUDG_CJ_2021_0069_20221122,ACT_EU_INST_CJEU_JUDG_AG_EE_PIK
DOC_JUDG_CJ_2021_0070_20230323,ACT_EU_INST_CJEU_JUDG_AG_DE_KOK
DOC_JUDG_CJ_2021_0071_20230914,ACT_EU_INST_CJEU_JUDG_AG_IT_PIT
DOC_JUDG_CJ_2021_0072_20220428,ACT_EU_INST_CJEU_JUDG_AG_HR_CAP
DOC_JUDG_CJ_2021_0077_20221020,ACT_EU_INST_CJEU_JUDG_AG_EE_PIK
DOC_JUDG_CJ_2021_0078_20230302,ACT_EU_INST_CJEU_JUDG_AG_DE_KOK
DOC_JUDG_CJ_2021_0080_20220908,ACT_EU_INST_CJEU_JUDG_AG_IE_COL
DOC_JUDG_CJ_2021_0083_20221222,ACT_EU_INST_CJEU_JUDG_AG_PL_SZP
DOC_JUDG_CJ_2021_0086_20220428,ACT_EU_INST_CJEU_JUDG_AG_EE_PIK
DOC_JUDG_CJ_2021_0088_20221215,ACT_EU_INST_CJEU_JUDG_AG_CY_EMI
DOC_JUDG_CJ_2021_0089_20220428,ACT_EU_INST_CJEU_JUDG_AG_IT_PIT
DOC_JUDG_CJ_2021_0090_P_20221124,ACT_EU_INST_CJEU_JUDG_AG_IE_COL
DOC_JUDG_CJ_2021_0091_P_20221124,ACT_EU_INST_CJEU_JUDG_AG_IE_COL
DOC_JUDG_CJ_2021_0096_20220331,ACT_EU_INST_CJEU_JUDG_AG_LV_MED
DOC_JUDG_CJ_2021_0097_20230504,ACT_EU_INST_CJEU_JUDG_AG_ES_CAM_SAN_BOR
DOC_JUDG_CJ_2021_0098_20220908,ACT_EU_INST_CJEU_JUDG_AG_IT_PIT
DOC_JUDG_CJ_2021_0099_P_20220630,ACT_EU_INST_CJEU_JUDG_AG_EL_RAN
DOC_JUDG_CJ_2021_0100_20230321,ACT_EU_INST_CJEU_JUDG_AG_EL_RAN
DOC_JUDG_CJ_2021_0101_20220505,ACT_EU_INST_CJEU_JUDG_AG_FR_RIC_TOU
DOC_JUDG_CJ_2021_0102_20220407,ACT_EU_INST_CJEU_JUDG_AG_LV_MED
DOC_JUDG_CJ_2021_0105_20220630,ACT_EU_INST_CJEU_JUDG_AG_EE_PIK
DOC_JUDG_CJ_2021_0110_P_20220714,ACT_EU_INST_CJEU_JUDG_AG_CY_EMI
DOC_JUDG_CJ_2021_0111_20221020,ACT_EU_INST_CJEU_JUDG_AG_FR_RIC_TOU
DOC_JUDG_CJ_2021_0112_20220602,ACT_EU_INST_CJEU_JUDG_AG_IT_PIT
DOC_JUDG_CJ_2021_0115_P_20221222,ACT_EU_INST_CJEU_JUDG_AG_PL_SZP
DOC_JUDG_CJ_2021_0116_P_20220714,ACT_EU_INST_CJEU_JUDG_AG_EL_RAN
DOC_JUDG_CJ_2021_0119_P_20230309,ACT_EU_INST_CJEU_JUDG_AG_PL_SZP
DOC_JUDG_CJ_2021_0120_20220922,ACT_EU_INST_CJEU_JUDG_AG_FR_RIC_TOU
DOC_JUDG_CJ_2021_0122_20220602,ACT_EU_INST_CJEU_JUDG_AG_PL_SZP
DOC_JUDG_CJ_2021_0123_P_20230928,ACT_EU_INST_CJEU_JUDG_AG_HR_CAP
DOC_JUDG_CJ_2021_0124_P_20231221,ACT_EU_INST_CJEU_JUDG_AG_EL_RAN
DOC_JUDG_CJ_2021_0125_20220324,ACT_EU_INST_CJEU_JUDG_AG_CY_EMI
DOC_JUDG_CJ_2021_0126_20220324,ACT_EU_INST_CJEU_JUDG_AG_CY_EMI
DOC_JUDG_CJ_2021_0127_P_20230316,ACT_EU_INST_CJEU_JUDG_AG_EL_RAN
DOC_JUDG_CJ_2021_0128_20240118,ACT_EU_INST_CJEU_JUDG_AG_IT_PIT
DOC_JUDG_CJ_2021_0129_20221027,ACT_EU_INST_CJEU_JUDG_AG_IE_COL
DOC_JUDG_CJ_2021_0130_P_20220324,ACT_EU_INST_CJEU_JUDG_AG_DK_SAU_OE
DOC_JUDG_CJ_2021_0132_20230112,ACT_EU_INST_CJEU_JUDG_AG_FR_RIC_TOU
DOC_JUDG_CJ_2021_0137_20230905,ACT_EU_INST_CJEU_JUDG_AG_FR_RIC_TOU
DOC_JUDG_CJ_2021_0144_20230420,ACT_EU_INST_CJEU_JUDG_AG_IT_PIT
DOC_JUDG_CJ_2021_0146_20220630,ACT_EU_INST_CJEU_JUDG_AG_EE_PIK
DOC_JUDG_CJ_2021_0147_20230119,ACT_EU_INST_CJEU_JUDG_AG_CY_EMI
DOC_JUDG_CJ_2021_0148_20221222,ACT_EU_INST_CJEU_JUDG_AG_PL_SZP
DOC_JUDG_CJ_2021_0149_P_20220630,ACT_EU_INST_CJEU_JUDG_AG_IT_PIT
DOC_JUDG_CJ_2021_0150_20220407,ACT_EU_INST_CJEU_JUDG_AG_CY_EMI
DOC_JUDG_CJ_2021_0154_20230112,ACT_EU_INST_CJEU_JUDG_AG_IT_PIT
DOC_JUDG_CJ_2021_0156_20220216,ACT_EU_INST_CJEU_JUDG_AG_ES_CAM_SAN_BOR
DOC_JUDG_CJ_2021_0157_20220216,ACT_EU_INST_CJEU_JUDG_AG_ES_CAM_SAN_BOR
DOC_JUDG_CJ_2021_0158_20230131,ACT_EU_INST_CJEU_JUDG_AG_FR_RIC_TOU
DOC_JUDG_CJ_2021_0159_20220922,ACT_EU_INST_CJEU_JUDG_AG_FR_RIC_TOU
DOC_JUDG_CJ_2021_0160_20220428,ACT_EU_INST_CJEU_JUDG_AG_EE_PIK
DOC_JUDG_CJ_2021_0162_20230119,ACT_EU_INST_CJEU_JUDG_AG_DE_KOK
DOC_JUDG_CJ_2021_0163_20221110,ACT_EU_INST_CJEU_JUDG_AG_PL_SZP
DOC_JUDG_CJ_2021_0164_20221013,ACT_EU_INST_CJEU_JUDG_AG_HR_CAP
DOC_JUDG_CJ_2021_0166_20221124,ACT_EU_INST_CJEU_JUDG_AG_IE_COL
DOC_JUDG_CJ_2021_0168_20220714,ACT_EU_INST_CJEU_JUDG_AG_EL_RAN
DOC_JUDG_CJ_2021_0170_20220630,ACT_EU_INST_CJEU_JUDG_AG_PL_SZP
DOC_JUDG_CJ_2021_0174_20230316,ACT_EU_INST_CJEU_JUDG_AG_DE_KOK
DOC_JUDG_CJ_2021_0175_20221117,ACT_EU_INST_CJEU_JUDG_AG_IT_PIT
DOC_JUDG_CJ_2021_0179_20220505,ACT_EU_INST_CJEU_JUDG_AG_IT_PIT
DOC_JUDG_CJ_2021_0180_20221208,ACT_EU_INST_CJEU_JUDG_AG_ES_CAM_SAN_BOR
DOC_JUDG_CJ_2021_0181_20240109,ACT_EU_INST_CJEU_JUDG_AG_IE_COL
DOC_JUDG_CJ_2021_0183_20220310,ACT_EU_INST_CJEU_JUDG_AG_CY_EMI
DOC_JUDG_CJ_2021_0187_20220609,ACT_EU_INST_CJEU_JUDG_AG_HR_CAP
DOC_JUDG_CJ_2021_0189_20220505,ACT_EU_INST_CJEU_JUDG_AG_EE_PIK
DOC_JUDG_CJ_2021_0192_20220630,ACT_EU_INST_CJEU_JUDG_AG_FR_RIC_TOU
DOC_JUDG_CJ_2021_0194_20220707,ACT_EU_INST_CJEU_JUDG_AG_HR_CAP
DOC_JUDG_CJ_2021_0195_20220331,ACT_EU_INST_CJEU_JUDG_AG_EE_PIK
DOC_JUDG_CJ_2021_0196_20220602,ACT_EU_INST_CJEU_JUDG_AG_PL_SZP
DOC_JUDG_CJ_2021_0197_20221027,ACT_EU_INST_CJEU_JUDG_AG_IT_PIT
DOC_JUDG_CJ_2021_0198_P_20240919,ACT_EU_INST_CJEU_JUDG_AG_DE_KOK
DOC_JUDG_CJ_2021_0199_20221013,ACT_EU_INST_CJEU_JUDG_AG_EE_PIK
DOC_JUDG_CJ_2021_0200_20230504,ACT_EU_INST_CJEU_JUDG_AG_DE_KOK
DOC_JUDG_CJ_2021_0202_P_20220929,ACT_EU_INST_CJEU_JUDG_AG_DE_KOK
DOC_JUDG_CJ_2021_0203_20221110,ACT_EU_INST_CJEU_JUDG_AG_EE_PIK
DOC_JUDG_CJ_2021_0204_20230605,ACT_EU_INST_CJEU_JUDG_AG_IE_COL
DOC_JUDG_CJ_2021_0205_20230126,ACT_EU_INST_CJEU_JUDG_AG_IT_PIT
DOC_JUDG_CJ_2021_0207_P_20220714,ACT_EU_INST_CJEU_JUDG_AG_CY_EMI
DOC_JUDG_CJ_2021_0208_20230202,ACT_EU_INST_CJEU_JUDG_AG_CY_EMI
DOC_JUDG_CJ_2021_0209_P_20231123,ACT_EU_INST_CJEU_JUDG_AG_IT_PIT
DOC_JUDG_CJ_2021_0210_P_20231123,ACT_EU_INST_CJEU_JUDG_AG_IT_PIT
DOC_JUDG_CJ_2021_0212_P_20230706,ACT_EU_INST_CJEU_JUDG_AG_DE_KOK
DOC_JUDG_CJ_2021_0213_20220707,ACT_EU_INST_CJEU_JUDG_AG_IE_COL
DOC_JUDG_CJ_2021_0215_20220922,ACT_EU_INST_CJEU_JUDG_AG_IE_COL
DOC_JUDG_CJ_2021_0216_20230907,ACT_EU_INST_CJEU_JUDG_AG_CY_EMI
DOC_JUDG_CJ_2021_0218_20220505,ACT_EU_INST_CJEU_JUDG_AG_HR_CAP
DOC_JUDG_CJ_2021_0227_20220915,ACT_EU_INST_CJEU_JUDG_AG_DE_KOK
DOC_JUDG_CJ_2021_0228_20231130,ACT_EU_INST_CJEU_JUDG_AG_DE_KOK
DOC_JUDG_CJ_2021_0229_20220616,ACT_EU_INST_CJEU_JUDG_AG_FR_RIC_TOU
DOC_JUDG_CJ_2021_0230_20221117,ACT_EU_INST_CJEU_JUDG_AG_PL_SZP
DOC_JUDG_CJ_2021_0231_20220331,ACT_EU_INST_CJEU_JUDG_AG_FR_RIC_TOU
DOC_JUDG_CJ_2021_0234_20240305,ACT_EU_INST_CJEU_JUDG_AG_ES_CAM_SAN_BOR
DOC_JUDG_CJ_2021_0235_20220929,ACT_EU_INST_CJEU_JUDG_AG_EL_RAN
DOC_JUDG_CJ_2021_0237_20221222,ACT_EU_INST_CJEU_JUDG_AG_FR_RIC_TOU
DOC_JUDG_CJ_2021_0238_20221117,ACT_EU_INST_CJEU_JUDG_AG_LV_MED
DOC_JUDG_CJ_2021_0241_20221006,ACT_EU_INST_CJEU_JUDG_AG_FR_RIC_TOU
DOC_JUDG_CJ_2021_0242_P_20220512,ACT_EU_INST_CJEU_JUDG_AG_EL_RAN
DOC_JUDG_CJ_2021_0243_20221117,ACT_EU_INST_CJEU_JUDG_AG_IE_COL
DOC_JUDG_CJ_2021_0245_20220922,ACT_EU_INST_CJEU_JUDG_AG_EE_PIK
DOC_JUDG_CJ_2021_0246_P_20221222,ACT_EU_INST_CJEU_JUDG_AG_IE_COL
DOC_JUDG_CJ_2021_0247_20221208,ACT_EU_INST_CJEU_JUDG_AG_DE_KOK
DOC_JUDG_CJ_2021_0249_20220407,ACT_EU_INST_CJEU_JUDG_AG_LV_MED
DOC_JUDG_CJ_2021_0250_20221006,ACT_EU_INST_CJEU_JUDG_AG_LV_MED
DOC_JUDG_CJ_2021_0251_20220428,ACT_EU_INST_CJEU_JUDG_AG_EL_RAN
DOC_JUDG_CJ_2021_0252_20230704,ACT_EU_INST_CJEU_JUDG_AG_EL_RAN
DOC_JUDG_CJ_2021_0255_20240130,ACT_EU_INST_CJEU_JUDG_AG_DE_KOK
DOC_JUDG_CJ_2021_0256_20221013,ACT_EU_INST_CJEU_JUDG_AG_IT_PIT
DOC_JUDG_CJ_2021_0257_20220707,ACT_EU_INST_CJEU_JUDG_AG_EL_RAN
DOC_JUDG_CJ_2021_0259_20221124,ACT_EU_INST_CJEU_JUDG_AG_CY_EMI
DOC_JUDG_CJ_2021_0261_20220707,ACT_EU_INST_CJEU_JUDG_AG_IE_COL
DOC_JUDG_CJ_2021_0262_PPU_20210802,ACT_EU_INST_CJEU_JUDG_AG_EE_PIK
DOC_JUDG_CJ_2021_0263_20220908,ACT_EU_INST_CJEU_JUDG_AG_IE_COL
DOC_JUDG_CJ_2021_0264_20220707,ACT_EU_INST_CJEU_JUDG_AG_HR_CAP
DOC_JUDG_CJ_2021_0266_20221006,ACT_EU_INST_CJEU_JUDG_AG_FR_RIC_TOU
DOC_JUDG_CJ_2021_0267_20220801,ACT_EU_INST_CJEU_JUDG_AG_IE_COL
DOC_JUDG_CJ_2021_0268_20230302,ACT_EU_INST_CJEU_JUDG_AG_HR_CAP
DOC_JUDG_CJ_2021_0270_20230302,ACT_EU_INST_CJEU_JUDG_AG_CY_EMI
DOC_JUDG_CJ_2021_0274_20220714,ACT_EU_INST_CJEU_JUDG_AG_HR_CAP
DOC_JUDG_CJ_2021_0277_20220428,ACT_EU_INST_CJEU_JUDG_AG_ES_CAM_SAN_BOR
DOC_JUDG_CJ_2021_0278_20221110,ACT_EU_INST_CJEU_JUDG_AG_DE_KOK
DOC_JUDG_CJ_2021_0279_20221222,ACT_EU_INST_CJEU_JUDG_AG_IT_PIT
DOC_JUDG_CJ_2021_0280_20230112,ACT_EU_INST_CJEU_JUDG_AG_FR_RIC_TOU
DOC_JUDG_CJ_2021_0283_20240222,ACT_EU_INST_CJEU_JUDG_AG_CY_EMI
DOC_JUDG_CJ_2021_0284_P_20230131,ACT_EU_INST_CJEU_JUDG_AG_EL_RAN
DOC_JUDG_CJ_2021_0286_20220428,ACT_EU_INST_CJEU_JUDG_AG_ES_CAM_SAN_BOR
DOC_JUDG_CJ_2021_0288_P_20221222,ACT_EU_INST_CJEU_JUDG_AG_HR_CAP
DOC_JUDG_CJ_2021_0289_20221124,ACT_EU_INST_CJEU_JUDG_AG_ES_CAM_SAN_BOR
DOC_JUDG_CJ_2021_0290_20230525,ACT_EU_INST_CJEU_JUDG_AG_PL_SZP
DOC_JUDG_CJ_2021_0291_20230420,ACT_EU_INST_CJEU_JUDG_AG_PL_SZP
DOC_JUDG_CJ_2021_0292_20230119,ACT_EU_INST_CJEU_JUDG_AG_CY_EMI
DOC_JUDG_CJ_2021_0293_20221006,ACT_EU_INST_CJEU_JUDG_AG_HR_CAP
DOC_JUDG_CJ_2021_0294_20220801,ACT_EU_INST_CJEU_JUDG_AG_PL_SZP
DOC_JUDG_CJ_2021_0295_20221020,ACT_EU_INST_CJEU_JUDG_AG_EL_RAN
DOC_JUDG_CJ_2021_0296_20221124,ACT_EU_INST_CJEU_JUDG_AG_ES_CAM_SAN_BOR
DOC_JUDG_CJ_2021_0299_P_20220602,ACT_EU_INST_CJEU_JUDG_AG_PL_SZP
DOC_JUDG_CJ_2021_0300_20230504,ACT_EU_INST_CJEU_JUDG_AG_ES_CAM_SAN_BOR
DOC_JUDG_CJ_2021_0301_20221020,ACT_EU_INST_CJEU_JUDG_AG_ES_CAM_SAN_BOR
DOC_JUDG_CJ_2021_0302_20221124,ACT_EU_INST_CJEU_JUDG_AG_IT_PIT
DOC_JUDG_CJ_2021_0304_20221117,ACT_EU_INST_CJEU_JUDG_AG_FR_RIC_TOU
DOC_JUDG_CJ_2021_0306_20221020,ACT_EU_INST_CJEU_JUDG_AG_ES_CAM_SAN_BOR
DOC_JUDG_CJ_2021_0308_20220707,ACT_EU_INST_CJEU_JUDG_AG_CY_EMI
DOC_JUDG_CJ_2021_0310_P_20220801,ACT_EU_INST_CJEU_JUDG_AG_IT_PIT
DOC_JUDG_CJ_2021_0311_20221215,ACT_EU_INST_CJEU_JUDG_AG_IE_COL
DOC_JUDG_CJ_2021_0312_20230216,ACT_EU_INST_CJEU_JUDG_AG_DE_KOK
DOC_JUDG_CJ_2021_0319_20220801,ACT_EU_INST_CJEU_JUDG_AG_LV_MED
DOC_JUDG_CJ_2021_0320_P_20230928,ACT_EU_INST_CJEU_JUDG_AG_IT_PIT
DOC_JUDG_CJ_2021_0321_P_20230928,ACT_EU_INST_CJEU_JUDG_AG_IT_PIT
DOC_JUDG_CJ_2021_0323_20230112,ACT_EU_INST_CJEU_JUDG_AG_FR_RIC_TOU
DOC_JUDG_CJ_2021_0326_P_20220915,ACT_EU_INST_CJEU_JUDG_AG_DE_KOK
DOC_JUDG_CJ_2021_0329_20230420,ACT_EU_INST_CJEU_JUDG_AG_IT_PIT
DOC_JUDG_CJ_2021_0330_20220922,ACT_EU_INST_CJEU_JUDG_AG_IE_COL
DOC_JUDG_CJ_2021_0331_20231026,ACT_EU_INST_CJEU_JUDG_AG_EL_RAN
DOC_JUDG_CJ_2021_0332_20221222,ACT_EU_INST_CJEU_JUDG_AG_IE_COL
DOC_JUDG_CJ_2021_0333_20231221,ACT_EU_INST_CJEU_JUDG_AG_EL_RAN
DOC_JUDG_CJ_2021_0335_20220922,ACT_EU_INST_CJEU_JUDG_AG_EE_PIK
DOC_JUDG_CJ_2021_0338_20230330,ACT_EU_INST_CJEU_JUDG_AG_FR_RIC_TOU
DOC_JUDG_CJ_2021_0339_20230316,ACT_EU_INST_CJEU_JUDG_AG_IE_COL
DOC_JUDG_CJ_2021_0340_20231214,ACT_EU_INST_CJEU_JUDG_AG_IT_PIT
DOC_JUDG_CJ_2021_0342_20230209,ACT_EU_INST_CJEU_JUDG_AG_HR_CAP
DOC_JUDG_CJ_2021_0343_20230216,ACT_EU_INST_CJEU_JUDG_AG_LV_MED
DOC_JUDG_CJ_2021_0347_20220915,ACT_EU_INST_CJEU_JUDG_AG_IE_COL
DOC_JUDG_CJ_2021_0348_20221208,ACT_EU_INST_CJEU_JUDG_AG_IE_COL
DOC_JUDG_CJ_2021_0349_20230216,ACT_EU_INST_CJEU_JUDG_AG_IE_COL
DOC_JUDG_CJ_2021_0350_20221117,ACT_EU_INST_CJEU_JUDG_AG_ES_CAM_SAN_BOR
DOC_JUDG_CJ_2021_0351_20230316,ACT_EU_INST_CJEU_JUDG_AG_PL_SZP
DOC_JUDG_CJ_2021_0352_20230427,ACT_EU_INST_CJEU_JUDG_AG_FR_RIC_TOU
DOC_JUDG_CJ_2021_0353_P_20240530,ACT_EU_INST_CJEU_JUDG_AG_IT_PIT
DOC_JUDG_CJ_2021_0354_20230309,ACT_EU_INST_CJEU_JUDG_AG_PL_SZP
DOC_JUDG_CJ_2021_0355_20221013,ACT_EU_INST_CJEU_JUDG_AG_IT_PIT
DOC_JUDG_CJ_2021_0356_20230112,ACT_EU_INST_CJEU_JUDG_AG_HR_CAP
DOC_JUDG_CJ_2021_0358_20221124,ACT_EU_INST_CJEU_JUDG_AG_ES_CAM_SAN_BOR
DOC_JUDG_CJ_2021_0362_20221020,ACT_EU_INST_CJEU_JUDG_AG_HR_CAP
DOC_JUDG_CJ_2021_0363_20230713,ACT_EU_INST_CJEU_JUDG_AG_ES_CAM_SAN_BOR
DOC_JUDG_CJ_2021_0365_20230323,ACT_EU_INST_CJEU_JUDG_AG_PL_SZP
DOC_JUDG_CJ_2021_0366_P_20221215,ACT_EU_INST_CJEU_JUDG_AG_EE_PIK
DOC_JUDG_CJ_2021_0367_20240118,ACT_EU_INST_CJEU_JUDG_AG_IT_PIT
DOC_JUDG_CJ_2021_0368_20220908,ACT_EU_INST_CJEU_JUDG_AG_IT_PIT
DOC_JUDG_CJ_2021_0370_20221201,ACT_EU_INST_CJEU_JUDG_AG_EL_RAN
DOC_JUDG_CJ_2021_0371_P_20220714,ACT_EU_INST_CJEU_JUDG_AG_HR_CAP
DOC_JUDG_CJ_2021_0372_20230202,ACT_EU_INST_CJEU_JUDG_AG_CY_EMI
DOC_JUDG_CJ_2021_0375_20230309,ACT_EU_INST_CJEU_JUDG_AG_DE_KOK
DOC_JUDG_CJ_2021_0376_20220616,ACT_EU_INST_CJEU_JUDG_AG_LV_MED
DOC_JUDG_CJ_2021_0377_20220707,ACT_EU_INST_CJEU_JUDG_AG_FR_RIC_TOU
DOC_JUDG_CJ_2021_0378_20221208,ACT_EU_INST_CJEU_JUDG_AG_DE_KOK
DOC_JUDG_CJ_2021_0382_P_20240227,ACT_EU_INST_CJEU_JUDG_AG_HR_CAP
DOC_JUDG_CJ_2021_0383_20221222,ACT_EU_INST_CJEU_JUDG_AG_ES_CAM_SAN_BOR
DOC_JUDG_CJ_2021_0385_20221110,ACT_EU_INST_CJEU_JUDG_AG_IE_COL
DOC_JUDG_CJ_2021_0389_P_20230504,ACT_EU_INST_CJEU_JUDG_AG_CY_EMI
DOC_JUDG_CJ_2021_0390_20221027,ACT_EU_INST_CJEU_JUDG_AG_EE_PIK
DOC_JUDG_CJ_2021_0391_P_20240919,ACT_EU_INST_CJEU_JUDG_AG_DE_KOK
DOC_JUDG_CJ_2021_0392_20221222,ACT_EU_INST_CJEU_JUDG_AG_HR_CAP
DOC_JUDG_CJ_2021_0393_20230216,ACT_EU_INST_CJEU_JUDG_AG_EE_PIK
DOC_JUDG_CJ_2021_0394_20230302,ACT_EU_INST_CJEU_JUDG_AG_EL_RAN
DOC_JUDG_CJ_2021_0395_20230112,ACT_EU_INST_CJEU_JUDG_AG_PL_SZP
DOC_JUDG_CJ_2021_0396_20230112,ACT_EU_INST_CJEU_JUDG_AG_LV_MED
DOC_JUDG_CJ_2021_0397_20221013,ACT_EU_INST_CJEU_JUDG_AG_HR_CAP
DOC_JUDG_CJ_2021_0399_20220908,ACT_EU_INST_CJEU_JUDG_AG_EE_PIK
DOC_JUDG_CJ_2021_0401_P_20220714,ACT_EU_INST_CJEU_JUDG_AG_LV_MED
DOC_JUDG_CJ_2021_0402_20230209,ACT_EU_INST_CJEU_JUDG_AG_IT_PIT
DOC_JUDG_CJ_2021_0403_20230126,ACT_EU_INST_CJEU_JUDG_AG_ES_CAM_SAN_BOR
DOC_JUDG_CJ_2021_0404_20221222,ACT_EU_INST_CJEU_JUDG_AG_EE_PIK
DOC_JUDG_CJ_2021_0405_20221013,ACT_EU_INST_CJEU_JUDG_AG_IT_PIT
DOC_JUDG_CJ_2021_0406_20221020,ACT_EU_INST_CJEU_JUDG_AG_IE_COL
DOC_JUDG_CJ_2021_0407_20230608,ACT_EU_INST_CJEU_JUDG_AG_LV_MED
DOC_JUDG_CJ_2021_0408_P_20230608,ACT_EU_INST_CJEU_JUDG_AG_CY_EMI
DOC_JUDG_CJ_2021_0409_20221201,ACT_EU_INST_CJEU_JUDG_AG_IT_PIT
DOC_JUDG_CJ_2021_0410_20230302,ACT_EU_INST_CJEU_JUDG_AG_FR_RIC_TOU
DOC_JUDG_CJ_2021_0411_20221027,ACT_EU_INST_CJEU_JUDG_AG_EL_RAN
DOC_JUDG_CJ_2021_0412_20230323,ACT_EU_INST_CJEU_JUDG_AG_IE_COL
DOC_JUDG_CJ_2021_0413_P_20230420,ACT_EU_INST_CJEU_JUDG_AG_CY_EMI
DOC_JUDG_CJ_2021_0414_20221110,ACT_EU_INST_CJEU_JUDG_AG_DE_KOK
DOC_JUDG_CJ_2021_0416_20220915,ACT_EU_INST_CJEU_JUDG_AG_ES_CAM_SAN_BOR
DOC_JUDG_CJ_2021_0418_20221027,ACT_EU_INST_CJEU_JUDG_AG_HR_CAP
DOC_JUDG_CJ_2021_0419_20221201,ACT_EU_INST_CJEU_JUDG_AG_IE_COL
DOC_JUDG_CJ_2021_0422_20220801,ACT_EU_INST_CJEU_JUDG_AG_FR_RIC_TOU
DOC_JUDG_CJ_2021_0426_20230713,ACT_EU_INST_CJEU_JUDG_AG_PL_SZP
DOC_JUDG_CJ_2021_0427_20230622,ACT_EU_INST_CJEU_JUDG_AG_EL_RAN
DOC_JUDG_CJ_2021_0428_PPU_20211026,ACT_EU_INST_CJEU_JUDG_AG_EL_RAN
DOC_JUDG_CJ_2021_0430_20220222,ACT_EU_INST_CJEU_JUDG_AG_IE_COL
DOC_JUDG_CJ_2021_0431_20221013,ACT_EU_INST_CJEU_JUDG_AG_CY_EMI
DOC_JUDG_CJ_2021_0432_20230302,ACT_EU_INST_CJEU_JUDG_AG_LV_MED
DOC_JUDG_CJ_2021_0433_20221006,ACT_EU_INST_CJEU_JUDG_AG_LV_MED
DOC_JUDG_CJ_2021_0436_20221006,ACT_EU_INST_CJEU_JUDG_AG_HR_CAP
DOC_JUDG_CJ_2021_0437_20221013,ACT_EU_INST_CJEU_JUDG_AG_LV_MED
DOC_JUDG_CJ_2021_0438_P_20230316,ACT_EU_INST_CJEU_JUDG_AG_LV_MED
DOC_JUDG_CJ_2021_0441_P_20240606,ACT_EU_INST_CJEU_JUDG_AG_IT_PIT
DOC_JUDG_CJ_2021_0442_P_20221110,ACT_EU_INST_CJEU_JUDG_AG_EE_PIK
DOC_JUDG_CJ_2021_0443_20221117,ACT_EU_INST_CJEU_JUDG_AG_IE_COL
DOC_JUDG_CJ_2021_0444_20230629,ACT_EU_INST_CJEU_JUDG_AG_HR_CAP
DOC_JUDG_CJ_2021_0446_20241004,ACT_EU_INST_CJEU_JUDG_AG_EL_RAN
DOC_JUDG_CJ_2021_0447_P_20220801,ACT_EU_INST_CJEU_JUDG_AG_EL_RAN
DOC_JUDG_CJ_2021_0449_20230316,ACT_EU_INST_CJEU_JUDG_AG_DE_KOK
DOC_JUDG_CJ_2021_0451_P_20231205,ACT_EU_INST_CJEU_JUDG_AG_DE_KOK
DOC_JUDG_CJ_2021_0453_20230209,ACT_EU_INST_CJEU_JUDG_AG_FR_RIC_TOU
DOC_JUDG_CJ_2021_0455_20230608,ACT_EU_INST_CJEU_JUDG_AG_HR_CAP
DOC_JUDG_CJ_2021_0457_P_20231214,ACT_EU_INST_CJEU_JUDG_AG_DE_KOK
DOC_JUDG_CJ_2021_0458_20221124,ACT_EU_INST_CJEU_JUDG_AG_CY_EMI
DOC_JUDG_CJ_2021_0461_20230907,ACT_EU_INST_CJEU_JUDG_AG_IT_PIT
DOC_JUDG_CJ_2021_0466_P_20230914,ACT_EU_INST_CJEU_JUDG_AG_EE_PIK
DOC_JUDG_CJ_2021_0469_20230126,ACT_EU_INST_CJEU_JUDG_AG_CY_EMI
DOC_JUDG_CJ_2021_0470_20240430,ACT_EU_INST_CJEU_JUDG_AG_PL_SZP
DOC_JUDG_CJ_2021_0472_20230216,ACT_EU_INST_CJEU_JUDG_AG_PL_SZP
DOC_JUDG_CJ_2021_0477_20230302,ACT_EU_INST_CJEU_JUDG_AG_IT_PIT
DOC_JUDG_CJ_2021_0478_P_20230921,ACT_EU_INST_CJEU_JUDG_AG_LV_MED
DOC_JUDG_CJ_2021_0479_PPU_20211116,ACT_EU_INST_CJEU_JUDG_AG_DE_KOK
DOC_JUDG_CJ_2021_0482_20230209,ACT_EU_INST_CJEU_JUDG_AG_HR_CAP
DOC_JUDG_CJ_2021_0484_20240425,ACT_EU_INST_CJEU_JUDG_AG_IE_COL
DOC_JUDG_CJ_2021_0485_20221027,ACT_EU_INST_CJEU_JUDG_AG_CY_EMI
DOC_JUDG_CJ_2021_0486_20221110,ACT_EU_INST_CJEU_JUDG_AG_ES_CAM_SAN_BOR
DOC_JUDG_CJ_2021_0487_20230504,ACT_EU_INST_CJEU_JUDG_AG_IT_PIT
DOC_JUDG_CJ_2021_0488_20231221,ACT_EU_INST_CJEU_JUDG_AG_HR_CAP
DOC_JUDG_CJ_2021_0491_20240222,ACT_EU_INST_CJEU_JUDG_AG_PL_SZP
DOC_JUDG_CJ_2021_0492_P_20230427,ACT_EU_INST_CJEU_JUDG_AG_EE_PIK
DOC_JUDG_CJ_2021_0494_20221110,ACT_EU_INST_CJEU_JUDG_AG_EE_PIK
DOC_JUDG_CJ_2021_0495_20230119,ACT_EU_INST_CJEU_JUDG_AG_IE_COL
DOC_JUDG_CJ_2021_0497_20220922,ACT_EU_INST_CJEU_JUDG_AG_CY_EMI
DOC_JUDG_CJ_2021_0499_P_20230615,ACT_EU_INST_CJEU_JUDG_AG_CY_EMI
DOC_JUDG_CJ_2021_0500_P_20220929,ACT_EU_INST_CJEU_JUDG_AG_LV_MED
DOC_JUDG_CJ_2021_0501_P_20230615,ACT_EU_INST_CJEU_JUDG_AG_CY_EMI
DOC_JUDG_CJ_2021_0502_P_20230615,ACT_EU_INST_CJEU_JUDG_AG_CY_EMI
DOC_JUDG_CJ_2021_0507_P_20220908,ACT_EU_INST_CJEU_JUDG_AG_ES_CAM_SAN_BOR
DOC_JUDG_CJ_2021_0508_P_20230914,ACT_EU_INST_CJEU_JUDG_AG_IE_COL
DOC_JUDG_CJ_2021_0510_20230706,ACT_EU_INST_CJEU_JUDG_AG_CY_EMI
DOC_JUDG_CJ_2021_0511_P_20230316,ACT_EU_INST_CJEU_JUDG_AG_LV_MED
DOC_JUDG_CJ_2021_0512_20221201,ACT_EU_INST_CJEU_JUDG_AG_EE_PIK
DOC_JUDG_CJ_2021_0513_P_20230622,ACT_EU_INST_CJEU_JUDG_AG_PL_SZP
DOC_JUDG_CJ_2021_0514_20230323,ACT_EU_INST_CJEU_JUDG_AG_HR_CAP
DOC_JUDG_CJ_2021_0516_20230504,ACT_EU_INST_CJEU_JUDG_AG_IT_PIT
DOC_JUDG_CJ_2021_0519_20230216,ACT_EU_INST_CJEU_JUDG_AG_CY_EMI
DOC_JUDG_CJ_2021_0520_20230615,ACT_EU_INST_CJEU_JUDG_AG_IE_COL
DOC_JUDG_CJ_2021_0522_20230316,ACT_EU_INST_CJEU_JUDG_AG_PL_SZP
DOC_JUDG_CJ_2021_0524_20230216,ACT_EU_INST_CJEU_JUDG_AG_FR_RIC_TOU
DOC_JUDG_CJ_2021_0527_P_20231109,ACT_EU_INST_CJEU_JUDG_AG_HR_CAP
DOC_JUDG_CJ_2021_0528_20230427,ACT_EU_INST_CJEU_JUDG_AG_ES_CAM_SAN_BOR
DOC_JUDG_CJ_2021_0529_20230504,ACT_EU_INST_CJEU_JUDG_AG_EL_RAN
DOC_JUDG_CJ_2021_0537_P_20230427,ACT_EU_INST_CJEU_JUDG_AG_HR_CAP
DOC_JUDG_CJ_2021_0539_P_20221027,ACT_EU_INST_CJEU_JUDG_AG_CY_EMI
DOC_JUDG_CJ_2021_0540_20230608,ACT_EU_INST_CJEU_JUDG_AG_HR_CAP
DOC_JUDG_CJ_2021_0542_20221020,ACT_EU_INST_CJEU_JUDG_AG_HR_CAP
DOC_JUDG_CJ_2021_0543_20230629,ACT_EU_INST_CJEU_JUDG_AG_CY_EMI
DOC_JUDG_CJ_2021_0544_20221027,ACT_EU_INST_CJEU_JUDG_AG_PL_SZP
DOC_JUDG_CJ_2021_0545_20230608,ACT_EU_INST_CJEU_JUDG_AG_EL_RAN
DOC_JUDG_CJ_2021_0548_20241004,ACT_EU_INST_CJEU_JUDG_AG_ES_CAM_SAN_BOR
DOC_JUDG_CJ_2021_0549_P_20230427,ACT_EU_INST_CJEU_JUDG_AG_CY_EMI
DOC_JUDG_CJ_2021_0551_20240409,ACT_EU_INST_CJEU_JUDG_AG_DE_KOK
DOC_JUDG_CJ_2021_0553_20221222,ACT_EU_INST_CJEU_JUDG_AG_PL_SZP
DOC_JUDG_CJ_2021_0554_20240711,ACT_EU_INST_CJEU_JUDG_AG_EE_PIK
DOC_JUDG_CJ_2021_0555_20230209,ACT_EU_INST_CJEU_JUDG_AG_ES_CAM_SAN_BOR
DOC_JUDG_CJ_2021_0556_20230330,ACT_EU_INST_CJEU_JUDG_AG_FR_RIC_TOU
DOC_JUDG_CJ_2021_0558_P_20231109,ACT_EU_INST_CJEU_JUDG_AG_DE_KOK
DOC_JUDG_CJ_2021_0559_P_20231109,ACT_EU_INST_CJEU_JUDG_AG_DE_KOK
DOC_JUDG_CJ_2021_0560_20230209,ACT_EU_INST_CJEU_JUDG_AG_FR_RIC_TOU
DOC_JUDG_CJ_2021_0561_20240425,ACT_EU_INST_CJEU_JUDG_AG_IE_COL
DOC_JUDG_CJ_2021_0562_PPU_20220222,ACT_EU_INST_CJEU_JUDG_AG_EL_RAN
DOC_JUDG_CJ_2021_0564_20221201,ACT_EU_INST_CJEU_JUDG_AG_CY_EMI
DOC_JUDG_CJ_2021_0565_20230316,ACT_EU_INST_CJEU_JUDG_AG_DE_KOK
DOC_JUDG_CJ_2021_0567_20230608,ACT_EU_INST_CJEU_JUDG_AG_EE_PIK
DOC_JUDG_CJ_2021_0568_20230921,ACT_EU_INST_CJEU_JUDG_AG_IE_COL
DOC_JUDG_CJ_2021_0570_20230608,ACT_EU_INST_CJEU_JUDG_AG_IT_PIT
DOC_JUDG_CJ_2021_0571_20230309,ACT_EU_INST_CJEU_JUDG_AG_EL_RAN
DOC_JUDG_CJ_2021_0572_20220714,ACT_EU_INST_CJEU_JUDG_AG_PL_SZP
DOC_JUDG_CJ_2021_0574_20230323,ACT_EU_INST_CJEU_JUDG_AG_HR_CAP
DOC_JUDG_CJ_2021_0575_20230525,ACT_EU_INST_CJEU_JUDG_AG_IE_COL
DOC_JUDG_CJ_2021_0577_20221215,ACT_EU_INST_CJEU_JUDG_AG_FR_RIC_TOU
DOC_JUDG_CJ_2021_0578_P_20221117,ACT_EU_INST_CJEU_JUDG_AG_EL_RAN
DOC_JUDG_CJ_2021_0579_20230622,ACT_EU_INST_CJEU_JUDG_AG_ES_CAM_SAN_BOR
DOC_JUDG_CJ_2021_0580_20230420,ACT_EU_INST_CJEU_JUDG_AG_EL_RAN
DOC_JUDG_CJ_2021_0582_20240409,ACT_EU_INST_CJEU_JUDG_AG_CY_EMI
DOC_JUDG_CJ_2021_0583_20231116,ACT_EU_INST_CJEU_JUDG_AG_IT_PIT
DOC_JUDG_CJ_2021_0587_P_20241212,ACT_EU_INST_CJEU_JUDG_AG_EE_PIK
DOC_JUDG_CJ_2021_0588_P_20240305,ACT_EU_INST_CJEU_JUDG_AG_LV_MED
DOC_JUDG_CJ_2021_0590_20230907,ACT_EU_INST_CJEU_JUDG_AG_FR_RIC_TOU
DOC_JUDG_CJ_2021_0591_P_20240729,ACT_EU_INST_CJEU_JUDG_AG_IT_PIT
DOC_JUDG_CJ_2021_0593_20221013,ACT_EU_INST_CJEU_JUDG_AG_HR_CAP
DOC_JUDG_CJ_2021_0595_20221201,ACT_EU_INST_CJEU_JUDG_AG_ES_CAM_SAN_BOR
DOC_JUDG_CJ_2021_0596_20221124,ACT_EU_INST_CJEU_JUDG_AG_EE_PIK
DOC_JUDG_CJ_2021_0598_20231109,ACT_EU_INST_CJEU_JUDG_AG_LV_MED
DOC_JUDG_CJ_2021_0600_20221208,ACT_EU_INST_CJEU_JUDG_AG_LV_MED
DOC_JUDG_CJ_2021_0601_20230907,ACT_EU_INST_CJEU_JUDG_AG_CY_EMI
DOC_JUDG_CJ_2021_0602_20230420,ACT_EU_INST_CJEU_JUDG_AG_LV_MED
DOC_JUDG_CJ_2021_0604_20230309,ACT_EU_INST_CJEU_JUDG_AG_CY_EMI
DOC_JUDG_CJ_2021_0605_20240418,ACT_EU_INST_CJEU_JUDG_AG_DE_KOK
DOC_JUDG_CJ_2021_0606_20240229,ACT_EU_INST_CJEU_JUDG_AG_PL_SZP
DOC_JUDG_CJ_2021_0607_20250410,ACT_EU_INST_CJEU_JUDG_AG_HR_CAP
DOC_JUDG_CJ_2021_0608_20230525,ACT_EU_INST_CJEU_JUDG_AG_EE_PIK
DOC_JUDG_CJ_2021_0612_20230330,ACT_EU_INST_CJEU_JUDG_AG_DE_KOK
DOC_JUDG_CJ_2021_0613_P_20230126,ACT_EU_INST_CJEU_JUDG_AG_LV_MED
DOC_JUDG_CJ_2021_0615_20230713,ACT_EU_INST_CJEU_JUDG_AG_EL_RAN
DOC_JUDG_CJ_2021_0616_20230330,ACT_EU_INST_CJEU_JUDG_AG_DE_KOK
DOC_JUDG_CJ_2021_0618_20230330,ACT_EU_INST_CJEU_JUDG_AG_FR_RIC_TOU
DOC_JUDG_CJ_2021_0620_20230511,ACT_EU_INST_CJEU_JUDG_AG_DE_KOK
DOC_JUDG_CJ_2021_0621_20240116,ACT_EU_INST_CJEU_JUDG_AG_FR_RIC_TOU
DOC_JUDG_CJ_2021_0625_20221208,ACT_EU_INST_CJEU_JUDG_AG_IE_COL
DOC_JUDG_CJ_2021_0626_20230517,ACT_EU_INST_CJEU_JUDG_AG_HR_CAP
DOC_JUDG_CJ_2021_0628_20230427,ACT_EU_INST_CJEU_JUDG_AG_EL_RAN
DOC_JUDG_CJ_2021_0631_20221110,ACT_EU_INST_CJEU_JUDG_AG_ES_CAM_SAN_BOR
DOC_JUDG_CJ_2021_0632_20230914,ACT_EU_INST_CJEU_JUDG_AG_PL_SZP
DOC_JUDG_CJ_2021_0633_20230216,ACT_EU_INST_CJEU_JUDG_AG_LV_MED
DOC_JUDG_CJ_2021_0634_20231207,ACT_EU_INST_CJEU_JUDG_AG_EE_PIK
DOC_JUDG_CJ_2021_0635_20230209,ACT_EU_INST_CJEU_JUDG_AG_EL_RAN
DOC_JUDG_CJ_2021_0636_20230608,ACT_EU_INST_CJEU_JUDG_AG_LV_MED
DOC_JUDG_CJ_2021_0640_20230608,ACT_EU_INST_CJEU_JUDG_AG_FR_RIC_TOU
DOC_JUDG_CJ_2021_0641_20221027,ACT_EU_INST_CJEU_JUDG_AG_PL_SZP
DOC_JUDG_CJ_2021_0646_20240611,ACT_EU_INST_CJEU_JUDG_AG_IE_COL
DOC_JUDG_CJ_2021_0647_20250306,ACT_EU_INST_CJEU_JUDG_AG_IE_COL
DOC_JUDG_CJ_2021_0650_20230420,ACT_EU_INST_CJEU_JUDG_AG_FR_RIC_TOU
DOC_JUDG_CJ_2021_0651_20230330,ACT_EU_INST_CJEU_JUDG_AG_PL_SZP
DOC_JUDG_CJ_2021_0653_20230323,ACT_EU_INST_CJEU_JUDG_AG_DE_KOK
DOC_JUDG_CJ_2021_0654_20230608,ACT_EU_INST_CJEU_JUDG_AG_IT_PIT
DOC_JUDG_CJ_2021_0655_20231019,ACT_EU_INST_CJEU_JUDG_AG_IT_PIT
DOC_JUDG_CJ_2021_0656_20221222,ACT_EU_INST_CJEU_JUDG_AG_IT_PIT
DOC_JUDG_CJ_2021_0658_20221124,ACT_EU_INST_CJEU_JUDG_AG_IE_COL
DOC_JUDG_CJ_2021_0660_20230622,ACT_EU_INST_CJEU_JUDG_AG_EE_PIK
DOC_JUDG_CJ_2021_0662_20230323,ACT_EU_INST_CJEU_JUDG_AG_PL_SZP
DOC_JUDG_CJ_2021_0663_20230706,ACT_EU_INST_CJEU_JUDG_AG_FR_RIC_TOU
DOC_JUDG_CJ_2021_0664_20230302,ACT_EU_INST_CJEU_JUDG_AG_EE_PIK
DOC_JUDG_CJ_2021_0666_20230302,ACT_EU_INST_CJEU_JUDG_AG_CY_EMI
DOC_JUDG_CJ_2021_0667_20231221,ACT_EU_INST_CJEU_JUDG_AG_ES_CAM_SAN_BOR
DOC_JUDG_CJ_2021_0668_20230209,ACT_EU_INST_CJEU_JUDG_AG_DE_KOK
DOC_JUDG_CJ_2021_0670_20231012,ACT_EU_INST_CJEU_JUDG_AG_IE_COL
DOC_JUDG_CJ_2021_0671_20230928,ACT_EU_INST_CJEU_JUDG_AG_ES_CAM_SAN_BOR
DOC_JUDG_CJ_2021_0673_P_20221006,ACT_EU_INST_CJEU_JUDG_AG_EE_PIK
DOC_JUDG_CJ_2021_0675_20230216,ACT_EU_INST_CJEU_JUDG_AG_IT_PIT
DOC_JUDG_CJ_2021_0676_20230202,ACT_EU_INST_CJEU_JUDG_AG_EL_RAN
DOC_JUDG_CJ_2021_0677_20230427,ACT_EU_INST_CJEU_JUDG_AG_DE_KOK
DOC_JUDG_CJ_2021_0680_20231221,ACT_EU_INST_CJEU_JUDG_AG_PL_SZP
DOC_JUDG_CJ_2021_0681_20230427,ACT_EU_INST_CJEU_JUDG_AG_HR_CAP
DOC_JUDG_CJ_2021_0682_20230126,ACT_EU_INST_CJEU_JUDG_AG_ES_CAM_SAN_BOR
DOC_JUDG_CJ_2021_0683_20231205,ACT_EU_INST_CJEU_JUDG_AG_CY_EMI
DOC_JUDG_CJ_2021_0684_20230302,ACT_EU_INST_CJEU_JUDG_AG_ES_CAM_SAN_BOR
DOC_JUDG_CJ_2021_0686_20230427,ACT_EU_INST_CJEU_JUDG_AG_ES_CAM_SAN_BOR
DOC_JUDG_CJ_2021_0687_20240125,ACT_EU_INST_CJEU_JUDG_AG_ES_CAM_SAN_BOR
DOC_JUDG_CJ_2021_0688_20230207,ACT_EU_INST_CJEU_JUDG_AG_PL_SZP
DOC_JUDG_CJ_2021_0689_20230905,ACT_EU_INST_CJEU_JUDG_AG_PL_SZP
DOC_JUDG_CJ_2021_0691_20221124,ACT_EU_INST_CJEU_JUDG_AG_HR_CAP
DOC_JUDG_CJ_2021_0693_P_20231214,ACT_EU_INST_CJEU_JUDG_AG_IT_PIT
DOC_JUDG_CJ_2021_0694_P_20230427,ACT_EU_INST_CJEU_JUDG_AG_EL_RAN
DOC_JUDG_CJ_2021_0695_20230302,ACT_EU_INST_CJEU_JUDG_AG_CY_EMI
DOC_JUDG_CJ_2021_0696_P_20230316,ACT_EU_INST_CJEU_JUDG_AG_DE_KOK
DOC_JUDG_CJ_2021_0699_20230418,ACT_EU_INST_CJEU_JUDG_AG_ES_CAM_SAN_BOR
DOC_JUDG_CJ_2021_0700_20230606,ACT_EU_INST_CJEU_JUDG_AG_ES_CAM_SAN_BOR
DOC_JUDG_CJ_2021_0701_P_20240222,ACT_EU_INST_CJEU_JUDG_AG_PL_SZP
DOC_JUDG_CJ_2021_0702_P_20221110,ACT_EU_INST_CJEU_JUDG_AG_DE_KOK
DOC_JUDG_CJ_2021_0705_20230427,ACT_EU_INST_CJEU_JUDG_AG_DE_KOK
DOC_JUDG_CJ_2021_0708_P_20230209,ACT_EU_INST_CJEU_JUDG_AG_EL_RAN
DOC_JUDG_CJ_2021_0710_20230216,ACT_EU_INST_CJEU_JUDG_AG_FR_RIC_TOU
DOC_JUDG_CJ_2021_0711_20230622,ACT_EU_INST_CJEU_JUDG_AG_IE_COL
DOC_JUDG_CJ_2021_0713_20230209,ACT_EU_INST_CJEU_JUDG_AG_LV_MED
DOC_JUDG_CJ_2021_0714_P_20230309,ACT_EU_INST_CJEU_JUDG_AG_HR_CAP
DOC_JUDG_CJ_2021_0715_P_20230309,ACT_EU_INST_CJEU_JUDG_AG_HR_CAP
DOC_JUDG_CJ_2021_0718_20231221,ACT_EU_INST_CJEU_JUDG_AG_EL_RAN
DOC_JUDG_CJ_2021_0719_P_20230112,ACT_EU_INST_CJEU_JUDG_AG_LV_MED
DOC_JUDG_CJ_2021_0721_20230615,ACT_EU_INST_CJEU_JUDG_AG_DE_KOK
DOC_JUDG_CJ_2021_0725_20230309,ACT_EU_INST_CJEU_JUDG_AG_EL_RAN
DOC_JUDG_CJ_2021_0726_20231012,ACT_EU_INST_CJEU_JUDG_AG_CY_EMI
DOC_JUDG_CJ_2021_0731_20221208,ACT_EU_INST_CJEU_JUDG_AG_IE_COL
DOC_JUDG_CJ_2021_0741_20240411,ACT_EU_INST_CJEU_JUDG_AG_ES_CAM_SAN_BOR
DOC_JUDG_CJ_2021_0745_20230216,ACT_EU_INST_CJEU_JUDG_AG_HR_CAP
DOC_JUDG_CJ_2021_0746_P_20231109,ACT_EU_INST_CJEU_JUDG_AG_IE_COL
DOC_JUDG_CJ_2021_0747_P_20230608,ACT_EU_INST_CJEU_JUDG_AG_CY_EMI
DOC_JUDG_CJ_2021_0750_P_20240208,ACT_EU_INST_CJEU_JUDG_AG_DE_KOK
DOC_JUDG_CJ_2021_0752_20230309,ACT_EU_INST_CJEU_JUDG_AG_ES_CAM_SAN_BOR
DOC_JUDG_CJ_2021_0753_20221215,ACT_EU_INST_CJEU_JUDG_AG_CY_EMI
DOC_JUDG_CJ_2021_0755_P_20240305,ACT_EU_INST_CJEU_JUDG_AG_EL_RAN
DOC_JUDG_CJ_2021_0756_20230629,ACT_EU_INST_CJEU_JUDG_AG_PL_SZP
DOC_JUDG_CJ_2021_0757_P_20230713,ACT_EU_INST_CJEU_JUDG_AG_EL_RAN
DOC_JUDG_CJ_2021_0758_P_20231123,ACT_EU_INST_CJEU_JUDG_AG_LV_MED
DOC_JUDG_CJ_2021_0759_P_20230713,ACT_EU_INST_CJEU_JUDG_AG_EL_RAN
DOC_JUDG_CJ_2021_0760_20230302,ACT_EU_INST_CJEU_JUDG_AG_HR_CAP
DOC_JUDG_CJ_2021_0763_P_20230629,ACT_EU_INST_CJEU_JUDG_AG_LV_MED
DOC_JUDG_CJ_2021_0765_20230713,ACT_EU_INST_CJEU_JUDG_AG_PL_SZP
DOC_JUDG_CJ_2021_0766_P_20250123,ACT_EU_INST_CJEU_JUDG_AG_CY_EMI
DOC_JUDG_CJ_2021_0767_P_20231214,ACT_EU_INST_CJEU_JUDG_AG_HR_CAP
DOC_JUDG_CJ_2021_0768_20240926,ACT_EU_INST_CJEU_JUDG_AG_EE_PIK
DOC_JUDG_CJ_2021_0769_20221208,ACT_EU_INST_CJEU_JUDG_AG_IT_PIT
DOC_JUDG_CJ_2021_0770_20230921,ACT_EU_INST_CJEU_JUDG_AG_FR_RIC_TOU
DOC_JUDG_CJ_2021_0772_20230420,ACT_EU_INST_CJEU_JUDG_AG_LV_MED
DOC_JUDG_CJ_2021_0775_20230420,ACT_EU_INST_CJEU_JUDG_AG_PL_SZP
DOC_JUDG_CJ_2021_0778_P_20241004,ACT_EU_INST_CJEU_JUDG_AG_HR_CAP
DOC_JUDG_CJ_2021_0779_P_20241004,ACT_EU_INST_CJEU_JUDG_AG_HR_CAP
DOC_JUDG_CJ_2021_0782_P_20230427,ACT_EU_INST_CJEU_JUDG_AG_DE_KOK
DOC_JUDG_CJ_2021_0788_20230209,ACT_EU_INST_CJEU_JUDG_AG_IE_COL
DOC_JUDG_CJ_2021_0790_P_20240926,ACT_EU_INST_CJEU_JUDG_AG_LV_MED
DOC_JUDG_CJ_2021_0792_P_20240926,ACT_EU_INST_CJEU_JUDG_AG_LV_MED
DOC_JUDG_CJ_2021_0794_P_20240926,ACT_EU_INST_CJEU_JUDG_AG_LV_MED
DOC_JUDG_CJ_2021_0795_P_20240926,ACT_EU_INST_CJEU_JUDG_AG_LV_MED
DOC_JUDG_CJ_2021_0801_P_20240620,ACT_EU_INST_CJEU_JUDG_AG_PL_SZP
DOC_JUDG_CJ_2021_0803_P_20230907,ACT_EU_INST_CJEU_JUDG_AG_DE_KOK
DOC_JUDG_CJ_2021_0804_PPU_20220428,ACT_EU_INST_CJEU_JUDG_AG_DE_KOK
DOC_JUDG_CJ_2021_0806_20230202,ACT_EU_INST_CJEU_JUDG_AG_EE_PIK
DOC_JUDG_CJ_2021_0807_20231205,ACT_EU_INST_CJEU_JUDG_AG_ES_CAM_SAN_BOR
DOC_JUDG_CJ_2021_0808_20241119,ACT_EU_INST_CJEU_JUDG_AG_FR_RIC_TOU
DOC_JUDG_CJ_2021_0810_20240125,ACT_EU_INST_CJEU_JUDG_AG_IE_COL
DOC_JUDG_CJ_2021_0814_20241119,ACT_EU_INST_CJEU_JUDG_AG_FR_RIC_TOU
DOC_JUDG_CJ_2021_0815_P_20230420,ACT_EU_INST_CJEU_JUDG_AG_PL_SZP
DOC_JUDG_CJ_2021_0817_20230511,ACT_EU_INST_CJEU_JUDG_AG_IE_COL
DOC_JUDG_CJ_2021_0818_P_20230622,ACT_EU_INST_CJEU_JUDG_AG_EL_RAN
DOC_JUDG_CJ_2021_0819_20231109,ACT_EU_INST_CJEU_JUDG_AG_CY_EMI
DOC_JUDG_CJ_2021_0820_20230914,ACT_EU_INST_CJEU_JUDG_AG_HR_CAP
DOC_JUDG_CJ_2021_0821_20230914,ACT_EU_INST_CJEU_JUDG_AG_PL_SZP
DOC_JUDG_CJ_2021_0822_20240430,ACT_EU_INST_CJEU_JUDG_AG_FR_RIC_TOU
DOC_JUDG_CJ_2021_0823_20230622,ACT_EU_INST_CJEU_JUDG_AG_HR_CAP
DOC_JUDG_CJ_2021_0825_20221020,ACT_EU_INST_CJEU_JUDG_AG_FR_RIC_TOU
DOC_JUDG_CJ_2021_0827_20230427,ACT_EU_INST_CJEU_JUDG_AG_LV_MED
DOC_JUDG_CJ_2021_0829_20230629,ACT_EU_INST_CJEU_JUDG_AG_FR_RIC_TOU
DOC_JUDG_CJ_2021_0830_20231207,ACT_EU_INST_CJEU_JUDG_AG_LV_MED
DOC_JUDG_CJ_2021_0831_P_20230921,ACT_EU_INST_CJEU_JUDG_AG_EE_PIK
DOC_JUDG_CJ_2021_0832_20230907,ACT_EU_INST_CJEU_JUDG_AG_FR_RIC_TOU
DOC_JUDG_CJ_2021_0833_20230622,ACT_EU_INST_CJEU_JUDG_AG_EL_RAN
DOC_JUDG_CJ_2022_0005_20230330,ACT_EU_INST_CJEU_JUDG_AG_DE_KOK
DOC_JUDG_CJ_2022_0006_20230316,ACT_EU_INST_CJEU_JUDG_AG_IT_PIT
DOC_JUDG_CJ_2022_0007_P_20230706,ACT_EU_INST_CJEU_JUDG_AG_IT_PIT
DOC_JUDG_CJ_2022_0008_20230706,ACT_EU_INST_CJEU_JUDG_AG_FR_RIC_TOU
DOC_JUDG_CJ_2022_0009_20230309,ACT_EU_INST_CJEU_JUDG_AG_DE_KOK
DOC_JUDG_CJ_2022_0010_20240321,ACT_EU_INST_CJEU_JUDG_AG_PL_SZP
DOC_JUDG_CJ_2022_0011_20231012,ACT_EU_INST_CJEU_JUDG_AG_EL_RAN
DOC_JUDG_CJ_2022_0015_20230907,ACT_EU_INST_CJEU_JUDG_AG_LV_MED
DOC_JUDG_CJ_2022_0016_20230302,ACT_EU_INST_CJEU_JUDG_AG_FR_RIC_TOU
DOC_JUDG_CJ_2022_0017_20240912,ACT_EU_INST_CJEU_JUDG_AG_FR_RIC_TOU
DOC_JUDG_CJ_2022_0020_20221222,ACT_EU_INST_CJEU_JUDG_AG_ES_CAM_SAN_BOR
DOC_JUDG_CJ_2022_0021_20231012,ACT_EU_INST_CJEU_JUDG_AG_ES_CAM_SAN_BOR
DOC_JUDG_CJ_2022_0023_20221215,ACT_EU_INST_CJEU_JUDG_AG_EL_RAN
DOC_JUDG_CJ_2022_0024_20230622,ACT_EU_INST_CJEU_JUDG_AG_IT_PIT
DOC_JUDG_CJ_2022_0026_20231207,ACT_EU_INST_CJEU_JUDG_AG_EE_PIK
DOC_JUDG_CJ_2022_0027_20230914,ACT_EU_INST_CJEU_JUDG_AG_ES_CAM_SAN_BOR
DOC_JUDG_CJ_2022_0028_20231214,ACT_EU_INST_CJEU_JUDG_AG_IE_COL
DOC_JUDG_CJ_2022_0029_P_20240910,ACT_EU_INST_CJEU_JUDG_AG_HR_CAP
DOC_JUDG_CJ_2022_0033_20240116,ACT_EU_INST_CJEU_JUDG_AG_PL_SZP
DOC_JUDG_CJ_2022_0035_20230713,ACT_EU_INST_CJEU_JUDG_AG_IE_COL
DOC_JUDG_CJ_2022_0042_20230309,ACT_EU_INST_CJEU_JUDG_AG_IT_PIT
DOC_JUDG_CJ_2022_0045_20231012,ACT_EU_INST_CJEU_JUDG_AG_EL_RAN
DOC_JUDG_CJ_2022_0046_P_20240118,ACT_EU_INST_CJEU_JUDG_AG_FR_RIC_TOU
DOC_JUDG_CJ_2022_0047_20230921,ACT_EU_INST_CJEU_JUDG_AG_EE_PIK
DOC_JUDG_CJ_2022_0048_P_20240910,ACT_EU_INST_CJEU_JUDG_AG_DE_KOK
DOC_JUDG_CJ_2022_0049_20230608,ACT_EU_INST_CJEU_JUDG_AG_CY_EMI
DOC_JUDG_CJ_2022_0050_20230309,ACT_EU_INST_CJEU_JUDG_AG_LV_MED
DOC_JUDG_CJ_2022_0052_20230420,ACT_EU_INST_CJEU_JUDG_AG_HR_CAP
DOC_JUDG_CJ_2022_0053_20230209,ACT_EU_INST_CJEU_JUDG_AG_ES_CAM_SAN_BOR
DOC_JUDG_CJ_2022_0054_P_20240222,ACT_EU_INST_CJEU_JUDG_AG_CY_EMI
DOC_JUDG_CJ_2022_0055_20230914,ACT_EU_INST_CJEU_JUDG_AG_IE_COL
DOC_JUDG_CJ_2022_0057_20231012,ACT_EU_INST_CJEU_JUDG_AG_FR_RIC_TOU
DOC_JUDG_CJ_2022_0058_20240125,ACT_EU_INST_CJEU_JUDG_AG_CY_EMI
DOC_JUDG_CJ_2022_0059_20240222,ACT_EU_INST_CJEU_JUDG_AG_PL_SZP
DOC_JUDG_CJ_2022_0060_20230504,ACT_EU_INST_CJEU_JUDG_AG_HR_CAP
DOC_JUDG_CJ_2022_0061_20240321,ACT_EU_INST_CJEU_JUDG_AG_LV_MED
DOC_JUDG_CJ_2022_0066_20231221,ACT_EU_INST_CJEU_JUDG_AG_ES_CAM_SAN_BOR
DOC_JUDG_CJ_2022_0068_P_20221222,ACT_EU_INST_CJEU_JUDG_AG_IE_COL
DOC_JUDG_CJ_2022_0070_20230427,ACT_EU_INST_CJEU_JUDG_AG_PL_SZP
DOC_JUDG_CJ_2022_0072_PPU_20220630,ACT_EU_INST_CJEU_JUDG_AG_CY_EMI
DOC_JUDG_CJ_2022_0073_P_20230713,ACT_EU_INST_CJEU_JUDG_AG_EE_PIK
DOC_JUDG_CJ_2022_0075_20240508,ACT_EU_INST_CJEU_JUDG_AG_EE_PIK
DOC_JUDG_CJ_2022_0076_20241017,ACT_EU_INST_CJEU_JUDG_AG_ES_CAM_SAN_BOR
DOC_JUDG_CJ_2022_0078_20230504,ACT_EU_INST_CJEU_JUDG_AG_EL_RAN
DOC_JUDG_CJ_2022_0083_20230914,ACT_EU_INST_CJEU_JUDG_AG_LV_MED
DOC_JUDG_CJ_2022_0084_20231123,ACT_EU_INST_CJEU_JUDG_AG_DE_KOK
DOC_JUDG_CJ_2022_0085_20240620,ACT_EU_INST_CJEU_JUDG_AG_HR_CAP
DOC_JUDG_CJ_2022_0086_20231221,ACT_EU_INST_CJEU_JUDG_AG_ES_CAM_SAN_BOR
DOC_JUDG_CJ_2022_0087_20230713,ACT_EU_INST_CJEU_JUDG_AG_EE_PIK
DOC_JUDG_CJ_2022_0088_P_20231019,ACT_EU_INST_CJEU_JUDG_AG_DE_KOK
DOC_JUDG_CJ_2022_0090_20240321,ACT_EU_INST_CJEU_JUDG_AG_CY_EMI
DOC_JUDG_CJ_2022_0096_20231221,ACT_EU_INST_CJEU_JUDG_AG_EE_PIK
DOC_JUDG_CJ_2022_0097_20230517,ACT_EU_INST_CJEU_JUDG_AG_IT_PIT
DOC_JUDG_CJ_2022_0098_20221222,ACT_EU_INST_CJEU_JUDG_AG_CY_EMI
DOC_JUDG_CJ_2022_0099_20230504,ACT_EU_INST_CJEU_JUDG_AG_CY_EMI
DOC_JUDG_CJ_2022_0100_P_20230504,ACT_EU_INST_CJEU_JUDG_AG_LV_MED
DOC_JUDG_CJ_2022_0101_P_20230511,ACT_EU_INST_CJEU_JUDG_AG_ES_CAM_SAN_BOR
DOC_JUDG_CJ_2022_0102_P_20230427,ACT_EU_INST_CJEU_JUDG_AG_CY_EMI
DOC_JUDG_CJ_2022_0104_20230427,ACT_EU_INST_CJEU_JUDG_AG_ES_CAM_SAN_BOR
DOC_JUDG_CJ_2022_0105_20230517,ACT_EU_INST_CJEU_JUDG_AG_EE_PIK
DOC_JUDG_CJ_2022_0106_20230713,ACT_EU_INST_CJEU_JUDG_AG_HR_CAP
DOC_JUDG_CJ_2022_0107_20230427,ACT_EU_INST_CJEU_JUDG_AG_HR_CAP
DOC_JUDG_CJ_2022_0108_20230629,ACT_EU_INST_CJEU_JUDG_AG_EL_RAN
DOC_JUDG_CJ_2022_0109_20231214,ACT_EU_INST_CJEU_JUDG_AG_DE_KOK
DOC_JUDG_CJ_2022_0111_P_20240111,ACT_EU_INST_CJEU_JUDG_AG_HR_CAP
DOC_JUDG_CJ_2022_0112_20240729,ACT_EU_INST_CJEU_JUDG_AG_EE_PIK
DOC_JUDG_CJ_2022_0113_20230914,ACT_EU_INST_CJEU_JUDG_AG_LV_MED
DOC_JUDG_CJ_2022_0114_20230525,ACT_EU_INST_CJEU_JUDG_AG_HR_CAP
DOC_JUDG_CJ_2022_0115_20240507,ACT_EU_INST_CJEU_JUDG_AG_HR_CAP
DOC_JUDG_CJ_2022_0116_20230921,ACT_EU_INST_CJEU_JUDG_AG_HR_CAP
DOC_JUDG_CJ_2022_0118_20240130,ACT_EU_INST_CJEU_JUDG_AG_EE_PIK
DOC_JUDG_CJ_2022_0119_20241219,ACT_EU_INST_CJEU_JUDG_AG_CY_EMI
DOC_JUDG_CJ_2022_0122_P_20240111,ACT_EU_INST_CJEU_JUDG_AG_HR_CAP
DOC_JUDG_CJ_2022_0123_20240613,ACT_EU_INST_CJEU_JUDG_AG_EE_PIK
DOC_JUDG_CJ_2022_0124_P_20230914,ACT_EU_INST_CJEU_JUDG_AG_IT_PIT
DOC_JUDG_CJ_2022_0125_20231109,ACT_EU_INST_CJEU_JUDG_AG_EE_PIK
DOC_JUDG_CJ_2022_0127_20230504,ACT_EU_INST_CJEU_JUDG_AG_HR_CAP
DOC_JUDG_CJ_2022_0128_20231205,ACT_EU_INST_CJEU_JUDG_AG_CY_EMI
DOC_JUDG_CJ_2022_0130_P_20241212,ACT_EU_INST_CJEU_JUDG_AG_EE_PIK
DOC_JUDG_CJ_2022_0132_20230615,ACT_EU_INST_CJEU_JUDG_AG_PL_SZP
DOC_JUDG_CJ_2022_0133_20230928,ACT_EU_INST_CJEU_JUDG_AG_EE_PIK
DOC_JUDG_CJ_2022_0134_20230713,ACT_EU_INST_CJEU_JUDG_AG_EE_PIK
DOC_JUDG_CJ_2022_0135_P_20230907,ACT_EU_INST_CJEU_JUDG_AG_ES_CAM_SAN_BOR
DOC_JUDG_CJ_2022_0136_P_20230713,ACT_EU_INST_CJEU_JUDG_AG_LV_MED
DOC_JUDG_CJ_2022_0139_20230921,ACT_EU_INST_CJEU_JUDG_AG_IE_COL
DOC_JUDG_CJ_2022_0140_20231207,ACT_EU_INST_CJEU_JUDG_AG_IE_COL
DOC_JUDG_CJ_2022_0141_20230525,ACT_EU_INST_CJEU_JUDG_AG_ES_CAM_SAN_BOR
DOC_JUDG_CJ_2022_0142_20230706,ACT_EU_INST_CJEU_JUDG_AG_FR_RIC_TOU
DOC_JUDG_CJ_2022_0143_20230921,ACT_EU_INST_CJEU_JUDG_AG_EL_RAN
DOC_JUDG_CJ_2022_0146_20231005,ACT_EU_INST_CJEU_JUDG_AG_FR_RIC_TOU
DOC_JUDG_CJ_2022_0147_20231019,ACT_EU_INST_CJEU_JUDG_AG_CY_EMI
DOC_JUDG_CJ_2022_0148_20231128,ACT_EU_INST_CJEU_JUDG_AG_IE_COL
DOC_JUDG_CJ_2022_0151_20230921,ACT_EU_INST_CJEU_JUDG_AG_FR_RIC_TOU
DOC_JUDG_CJ_2022_0155_20230511,ACT_EU_INST_CJEU_JUDG_AG_FR_RIC_TOU
DOC_JUDG_CJ_2022_0156_20230511,ACT_EU_INST_CJEU_JUDG_AG_LV_MED
DOC_JUDG_CJ_2022_0160_P_20240926,ACT_EU_INST_CJEU_JUDG_AG_DE_KOK
DOC_JUDG_CJ_2022_0162_20230907,ACT_EU_INST_CJEU_JUDG_AG_ES_CAM_SAN_BOR
DOC_JUDG_CJ_2022_0163_P_20230622,ACT_EU_INST_CJEU_JUDG_AG_EL_RAN
DOC_JUDG_CJ_2022_0164_20230921,ACT_EU_INST_CJEU_JUDG_AG_IT_PIT
DOC_JUDG_CJ_2022_0166_20230706,ACT_EU_INST_CJEU_JUDG_AG_DE_KOK
DOC_JUDG_CJ_2022_0167_20231221,ACT_EU_INST_CJEU_JUDG_AG_EL_RAN
DOC_JUDG_CJ_2022_0169_20230907,ACT_EU_INST_CJEU_JUDG_AG_EL_RAN
DOC_JUDG_CJ_2022_0173_P_20231130,ACT_EU_INST_CJEU_JUDG_AG_HR_CAP
DOC_JUDG_CJ_2022_0175_20231109,ACT_EU_INST_CJEU_JUDG_AG_HR_CAP
DOC_JUDG_CJ_2022_0176_20230517,ACT_EU_INST_CJEU_JUDG_AG_HR_CAP
DOC_JUDG_CJ_2022_0177_20230309,ACT_EU_INST_CJEU_JUDG_AG_ES_CAM_SAN_BOR
DOC_JUDG_CJ_2022_0178_20240430,ACT_EU_INST_CJEU_JUDG_AG_IE_COL
DOC_JUDG_CJ_2022_0180_20230713,ACT_EU_INST_CJEU_JUDG_AG_PL_SZP
DOC_JUDG_CJ_2022_0181_P_20241212,ACT_EU_INST_CJEU_JUDG_AG_DE_KOK
DOC_JUDG_CJ_2022_0182_20240620,ACT_EU_INST_CJEU_JUDG_AG_IE_COL
DOC_JUDG_CJ_2022_0183_20230615,ACT_EU_INST_CJEU_JUDG_AG_HR_CAP
DOC_JUDG_CJ_2022_0184_20240729,ACT_EU_INST_CJEU_JUDG_AG_EL_RAN
DOC_JUDG_CJ_2022_0186_20231019,ACT_EU_INST_CJEU_JUDG_AG_ES_CAM_SAN_BOR
DOC_JUDG_CJ_2022_0192_20230427,ACT_EU_INST_CJEU_JUDG_AG_EE_PIK
DOC_JUDG_CJ_2022_0196_20231116,ACT_EU_INST_CJEU_JUDG_AG_LV_MED
DOC_JUDG_CJ_2022_0197_20230907,ACT_EU_INST_CJEU_JUDG_AG_CY_EMI
DOC_JUDG_CJ_2022_0201_20231123,ACT_EU_INST_CJEU_JUDG_AG_PL_SZP
DOC_JUDG_CJ_2022_0203_20250227,ACT_EU_INST_CJEU_JUDG_AG_FR_RIC_TOU
DOC_JUDG_CJ_2022_0206_20231214,ACT_EU_INST_CJEU_JUDG_AG_EE_PIK
DOC_JUDG_CJ_2022_0207_20231026,ACT_EU_INST_CJEU_JUDG_AG_LV_MED
DOC_JUDG_CJ_2022_0209_20230907,ACT_EU_INST_CJEU_JUDG_AG_EE_PIK
DOC_JUDG_CJ_2022_0210_20230921,ACT_EU_INST_CJEU_JUDG_AG_EE_PIK
DOC_JUDG_CJ_2022_0211_20230629,ACT_EU_INST_CJEU_JUDG_AG_DE_KOK
DOC_JUDG_CJ_2022_0213_20231123,ACT_EU_INST_CJEU_JUDG_AG_LV_MED
DOC_JUDG_CJ_2022_0216_20240208,ACT_EU_INST_CJEU_JUDG_AG_CY_EMI
DOC_JUDG_CJ_2022_0218_20240118,ACT_EU_INST_CJEU_JUDG_AG_HR_CAP
DOC_JUDG_CJ_2022_0219_20231005,ACT_EU_INST_CJEU_JUDG_AG_EE_PIK
DOC_JUDG_CJ_2022_0220_20230629,ACT_EU_INST_CJEU_JUDG_AG_EL_RAN
DOC_JUDG_CJ_2022_0221_P_20240611,ACT_EU_INST_CJEU_JUDG_AG_IE_COL
DOC_JUDG_CJ_2022_0222_20240229,ACT_EU_INST_CJEU_JUDG_AG_FR_RIC_TOU
DOC_JUDG_CJ_2022_0224_20231116,ACT_EU_INST_CJEU_JUDG_AG_IT_PIT
DOC_JUDG_CJ_2022_0225_20250904,ACT_EU_INST_CJEU_JUDG_AG_LU_SPI
DOC_JUDG_CJ_2022_0226_20230907,ACT_EU_INST_CJEU_JUDG_AG_ES_CAM_SAN_BOR
DOC_JUDG_CJ_2022_0227_20240118,ACT_EU_INST_CJEU_JUDG_AG_EE_PIK
DOC_JUDG_CJ_2022_0231_20240111,ACT_EU_INST_CJEU_JUDG_AG_LV_MED
DOC_JUDG_CJ_2022_0232_20230629,ACT_EU_INST_CJEU_JUDG_AG_LV_MED
DOC_JUDG_CJ_2022_0234_20240307,ACT_EU_INST_CJEU_JUDG_AG_DE_KOK
DOC_JUDG_CJ_2022_0237_P_20241004,ACT_EU_INST_CJEU_JUDG_AG_CY_EMI
DOC_JUDG_CJ_2022_0238_20231026,ACT_EU_INST_CJEU_JUDG_AG_EL_RAN
DOC_JUDG_CJ_2022_0239_20230309,ACT_EU_INST_CJEU_JUDG_AG_EL_RAN
DOC_JUDG_CJ_2022_0240_P_20241024,ACT_EU_INST_CJEU_JUDG_AG_LV_MED
DOC_JUDG_CJ_2022_0242_PPU_20220801,ACT_EU_INST_CJEU_JUDG_AG_ES_CAM_SAN_BOR
DOC_JUDG_CJ_2022_0246_20230914,ACT_EU_INST_CJEU_JUDG_AG_FR_RIC_TOU
DOC_JUDG_CJ_2022_0249_20231026,ACT_EU_INST_CJEU_JUDG_AG_PL_SZP
DOC_JUDG_CJ_2022_0251_P_20240201,ACT_EU_INST_CJEU_JUDG_AG_IE_COL
DOC_JUDG_CJ_2022_0252_20240111,ACT_EU_INST_CJEU_JUDG_AG_LV_MED
DOC_JUDG_CJ_2022_0255_P_20240926,ACT_EU_INST_CJEU_JUDG_AG_EL_RAN
DOC_JUDG_CJ_2022_0256_P_20240208,ACT_EU_INST_CJEU_JUDG_AG_DE_KOK
DOC_JUDG_CJ_2022_0257_20231109,ACT_EU_INST_CJEU_JUDG_AG_FR_RIC_TOU
DOC_JUDG_CJ_2022_0258_20230622,ACT_EU_INST_CJEU_JUDG_AG_IT_PIT
DOC_JUDG_CJ_2022_0259_P_20230622,ACT_EU_INST_CJEU_JUDG_AG_EE_PIK
DOC_JUDG_CJ_2022_0260_20231123,ACT_EU_INST_CJEU_JUDG_AG_IE_COL
DOC_JUDG_CJ_2022_0261_20231221,ACT_EU_INST_CJEU_JUDG_AG_HR_CAP
DOC_JUDG_CJ_2022_0262_P_20230928,ACT_EU_INST_CJEU_JUDG_AG_CY_EMI
DOC_JUDG_CJ_2022_0263_20230420,ACT_EU_INST_CJEU_JUDG_AG_EE_PIK
DOC_JUDG_CJ_2022_0264_20230517,ACT_EU_INST_CJEU_JUDG_AG_FR_RIC_TOU
DOC_JUDG_CJ_2022_0265_20230713,ACT_EU_INST_CJEU_JUDG_AG_LV_MED
DOC_JUDG_CJ_2022_0266_20250313,ACT_EU_INST_CJEU_JUDG_AG_EL_RAN
DOC_JUDG_CJ_2022_0268_20230622,ACT_EU_INST_CJEU_JUDG_AG_HR_CAP
DOC_JUDG_CJ_2022_0269_20230330,ACT_EU_INST_CJEU_JUDG_AG_IE_COL
DOC_JUDG_CJ_2022_0270_20231130,ACT_EU_INST_CJEU_JUDG_AG_DE_KOK
DOC_JUDG_CJ_2022_0271_20231109,ACT_EU_INST_CJEU_JUDG_AG_HR_CAP
DOC_JUDG_CJ_2022_0276_20240425,ACT_EU_INST_CJEU_JUDG_AG_LV_MED
DOC_JUDG_CJ_2022_0277_20240125,ACT_EU_INST_CJEU_JUDG_AG_EL_RAN
DOC_JUDG_CJ_2022_0278_20231221,ACT_EU_INST_CJEU_JUDG_AG_PL_SZP
DOC_JUDG_CJ_2022_0279_20231005,ACT_EU_INST_CJEU_JUDG_AG_CY_EMI
DOC_JUDG_CJ_2022_0281_20231221,ACT_EU_INST_CJEU_JUDG_AG_HR_CAP
DOC_JUDG_CJ_2022_0282_20230420,ACT_EU_INST_CJEU_JUDG_AG_HR_CAP
DOC_JUDG_CJ_2022_0283_20231116,ACT_EU_INST_CJEU_JUDG_AG_CY_EMI
DOC_JUDG_CJ_2022_0285_P_20230706,ACT_EU_INST_CJEU_JUDG_AG_CY_EMI
DOC_JUDG_CJ_2022_0286_20231012,ACT_EU_INST_CJEU_JUDG_AG_LV_MED
DOC_JUDG_CJ_2022_0287_20230615,ACT_EU_INST_CJEU_JUDG_AG_LV_MED
DOC_JUDG_CJ_2022_0288_20231221,ACT_EU_INST_CJEU_JUDG_AG_DE_KOK
DOC_JUDG_CJ_2022_0291_P_20240314,ACT_EU_INST_CJEU_JUDG_AG_LV_MED
DOC_JUDG_CJ_2022_0292_20230615,ACT_EU_INST_CJEU_JUDG_AG_ES_CAM_SAN_BOR
DOC_JUDG_CJ_2022_0293_P_20231109,ACT_EU_INST_CJEU_JUDG_AG_DE_KOK
DOC_JUDG_CJ_2022_0294_20231005,ACT_EU_INST_CJEU_JUDG_AG_CY_EMI
DOC_JUDG_CJ_2022_0296_20231005,ACT_EU_INST_CJEU_JUDG_AG_ES_CAM_SAN_BOR
DOC_JUDG_CJ_2022_0297_P_20231221,ACT_EU_INST_CJEU_JUDG_AG_IE_COL
DOC_JUDG_CJ_2022_0298_20240729,ACT_EU_INST_CJEU_JUDG_AG_EL_RAN
DOC_JUDG_CJ_2022_0299_20240229,ACT_EU_INST_CJEU_JUDG_AG_LV_MED
DOC_JUDG_CJ_2022_0301_20240425,ACT_EU_INST_CJEU_JUDG_AG_EL_RAN
DOC_JUDG_CJ_2022_0303_20240118,ACT_EU_INST_CJEU_JUDG_AG_ES_CAM_SAN_BOR
DOC_JUDG_CJ_2022_0305_20250904,ACT_EU_INST_CJEU_JUDG_AG_FR_RIC_TOU
DOC_JUDG_CJ_2022_0307_20231026,ACT_EU_INST_CJEU_JUDG_AG_CY_EMI
DOC_JUDG_CJ_2022_0308_20240425,ACT_EU_INST_CJEU_JUDG_AG_LV_MED
DOC_JUDG_CJ_2022_0309_20240425,ACT_EU_INST_CJEU_JUDG_AG_LV_MED
DOC_JUDG_CJ_2022_0311_20240222,ACT_EU_INST_CJEU_JUDG_AG_DE_KOK
DOC_JUDG_CJ_2022_0312_20231012,ACT_EU_INST_CJEU_JUDG_AG_EE_PIK
DOC_JUDG_CJ_2022_0313_20230713,ACT_EU_INST_CJEU_JUDG_AG_CY_EMI
DOC_JUDG_CJ_2022_0314_20240229,ACT_EU_INST_CJEU_JUDG_AG_DE_KOK
DOC_JUDG_CJ_2022_0316_20240411,ACT_EU_INST_CJEU_JUDG_AG_CY_EMI
DOC_JUDG_CJ_2022_0318_20231116,ACT_EU_INST_CJEU_JUDG_AG_LV_MED
DOC_JUDG_CJ_2022_0319_20231109,ACT_EU_INST_CJEU_JUDG_AG_ES_CAM_SAN_BOR
DOC_JUDG_CJ_2022_0321_20231123,ACT_EU_INST_CJEU_JUDG_AG_EE_PIK
DOC_JUDG_CJ_2022_0322_20230608,ACT_EU_INST_CJEU_JUDG_AG_HR_CAP
DOC_JUDG_CJ_2022_0323_20230907,ACT_EU_INST_CJEU_JUDG_AG_ES_CAM_SAN_BOR
DOC_JUDG_CJ_2022_0325_20231019,ACT_EU_INST_CJEU_JUDG_AG_EL_RAN
DOC_JUDG_CJ_2022_0326_20231012,ACT_EU_INST_CJEU_JUDG_AG_DE_KOK
DOC_JUDG_CJ_2022_0328_20231130,ACT_EU_INST_CJEU_JUDG_AG_DE_KOK
DOC_JUDG_CJ_2022_0329_20231207,ACT_EU_INST_CJEU_JUDG_AG_IE_COL
DOC_JUDG_CJ_2022_0330_20240111,ACT_EU_INST_CJEU_JUDG_AG_HR_CAP
DOC_JUDG_CJ_2022_0331_20240613,ACT_EU_INST_CJEU_JUDG_AG_CY_EMI
DOC_JUDG_CJ_2022_0333_20231116,ACT_EU_INST_CJEU_JUDG_AG_LV_MED
DOC_JUDG_CJ_2022_0334_20240125,ACT_EU_INST_CJEU_JUDG_AG_LV_MED
DOC_JUDG_CJ_2022_0336_20240314,ACT_EU_INST_CJEU_JUDG_AG_EL_RAN
DOC_JUDG_CJ_2022_0337_P_20260205,ACT_EU_INST_CJEU_JUDG_AG_HR_CAP
DOC_JUDG_CJ_2022_0339_20250225,ACT_EU_INST_CJEU_JUDG_AG_CY_EMI
DOC_JUDG_CJ_2022_0340_20231221,ACT_EU_INST_CJEU_JUDG_AG_EE_PIK
DOC_JUDG_CJ_2022_0341_20240307,ACT_EU_INST_CJEU_JUDG_AG_IE_COL
DOC_JUDG_CJ_2022_0343_20230330,ACT_EU_INST_CJEU_JUDG_AG_ES_CAM_SAN_BOR
DOC_JUDG_CJ_2022_0344_20230713,ACT_EU_INST_CJEU_JUDG_AG_HR_CAP
DOC_JUDG_CJ_2022_0345_20240425,ACT_EU_INST_CJEU_JUDG_AG_IE_COL
DOC_JUDG_CJ_2022_0348_20230420,ACT_EU_INST_CJEU_JUDG_AG_HR_CAP
DOC_JUDG_CJ_2022_0349_20231116,ACT_EU_INST_CJEU_JUDG_AG_CY_EMI
DOC_JUDG_CJ_2022_0351_20240910,ACT_EU_INST_CJEU_JUDG_AG_HR_CAP
DOC_JUDG_CJ_2022_0352_20240618,ACT_EU_INST_CJEU_JUDG_AG_FR_RIC_TOU
DOC_JUDG_CJ_2022_0353_20231109,ACT_EU_INST_CJEU_JUDG_AG_ES_CAM_SAN_BOR
DOC_JUDG_CJ_2022_0354_20231123,ACT_EU_INST_CJEU_JUDG_AG_ES_CAM_SAN_BOR
DOC_JUDG_CJ_2022_0355_20231005,ACT_EU_INST_CJEU_JUDG_AG_HR_CAP
DOC_JUDG_CJ_2022_0356_20230309,ACT_EU_INST_CJEU_JUDG_AG_LV_MED
DOC_JUDG_CJ_2022_0358_20230309,ACT_EU_INST_CJEU_JUDG_AG_CY_EMI
DOC_JUDG_CJ_2022_0359_20240418,ACT_EU_INST_CJEU_JUDG_AG_EE_PIK
DOC_JUDG_CJ_2022_0360_20231116,ACT_EU_INST_CJEU_JUDG_AG_FR_RIC_TOU
DOC_JUDG_CJ_2022_0361_20240111,ACT_EU_INST_CJEU_JUDG_AG_PL_SZP
DOC_JUDG_CJ_2022_0363_P_20240111,ACT_EU_INST_CJEU_JUDG_AG_LV_MED
DOC_JUDG_CJ_2022_0364_20230525,ACT_EU_INST_CJEU_JUDG_AG_CY_EMI
DOC_JUDG_CJ_2022_0365_20230517,ACT_EU_INST_CJEU_JUDG_AG_LV_MED
DOC_JUDG_CJ_2022_0366_20231116,ACT_EU_INST_CJEU_JUDG_AG_IT_PIT
DOC_JUDG_CJ_2022_0367_P_20260226,ACT_EU_INST_CJEU_JUDG_AG_EL_RAN
DOC_JUDG_CJ_2022_0368_20230525,ACT_EU_INST_CJEU_JUDG_AG_IE_COL
DOC_JUDG_CJ_2022_0369_P_20260226,ACT_EU_INST_CJEU_JUDG_AG_EL_RAN
DOC_JUDG_CJ_2022_0370_P_20260226,ACT_EU_INST_CJEU_JUDG_AG_EL_RAN
DOC_JUDG_CJ_2022_0371_20240111,ACT_EU_INST_CJEU_JUDG_AG_EL_RAN
DOC_JUDG_CJ_2022_0372_20230427,ACT_EU_INST_CJEU_JUDG_AG_PL_SZP
DOC_JUDG_CJ_2022_0374_20231123,ACT_EU_INST_CJEU_JUDG_AG_IT_PIT
DOC_JUDG_CJ_2022_0375_P_20260226,ACT_EU_INST_CJEU_JUDG_AG_EL_RAN
DOC_JUDG_CJ_2022_0376_20231109,ACT_EU_INST_CJEU_JUDG_AG_PL_SZP
DOC_JUDG_CJ_2022_0378_P_20260226,ACT_EU_INST_CJEU_JUDG_AG_EL_RAN
DOC_JUDG_CJ_2022_0379_P_20260226,ACT_EU_INST_CJEU_JUDG_AG_EL_RAN
DOC_JUDG_CJ_2022_0380_P_20260226,ACT_EU_INST_CJEU_JUDG_AG_EL_RAN
DOC_JUDG_CJ_2022_0381_P_20260226,ACT_EU_INST_CJEU_JUDG_AG_EL_RAN
DOC_JUDG_CJ_2022_0382_P_20260226,ACT_EU_INST_CJEU_JUDG_AG_EL_RAN
DOC_JUDG_CJ_2022_0384_20230907,ACT_EU_INST_CJEU_JUDG_AG_HR_CAP
DOC_JUDG_CJ_2022_0385_P_20260226,ACT_EU_INST_CJEU_JUDG_AG_EL_RAN
DOC_JUDG_CJ_2022_0386_P_20260226,ACT_EU_INST_CJEU_JUDG_AG_EL_RAN
DOC_JUDG_CJ_2022_0387_20240926,ACT_EU_INST_CJEU_JUDG_AG_DE_KOK
DOC_JUDG_CJ_2022_0389_20240125,ACT_EU_INST_CJEU_JUDG_AG_CY_EMI
DOC_JUDG_CJ_2022_0390_20240125,ACT_EU_INST_CJEU_JUDG_AG_EL_RAN
DOC_JUDG_CJ_2022_0391_20231116,ACT_EU_INST_CJEU_JUDG_AG_FR_RIC_TOU
DOC_JUDG_CJ_2022_0392_20240229,ACT_EU_INST_CJEU_JUDG_AG_FR_RIC_TOU
DOC_JUDG_CJ_2022_0393_20230914,ACT_EU_INST_CJEU_JUDG_AG_ES_CAM_SAN_BOR
DOC_JUDG_CJ_2022_0394_20241114,ACT_EU_INST_CJEU_JUDG_AG_LV_MED
DOC_JUDG_CJ_2022_0395_20240430,ACT_EU_INST_CJEU_JUDG_AG_EL_RAN
DOC_JUDG_CJ_2022_0396_20231221,ACT_EU_INST_CJEU_JUDG_AG_EE_PIK
DOC_JUDG_CJ_2022_0397_20231221,ACT_EU_INST_CJEU_JUDG_AG_EE_PIK
DOC_JUDG_CJ_2022_0398_20231221,ACT_EU_INST_CJEU_JUDG_AG_EE_PIK
DOC_JUDG_CJ_2022_0399_20241004,ACT_EU_INST_CJEU_JUDG_AG_HR_CAP
DOC_JUDG_CJ_2022_0400_20240530,ACT_EU_INST_CJEU_JUDG_AG_IT_PIT
DOC_JUDG_CJ_2022_0401_P_20260226,ACT_EU_INST_CJEU_JUDG_AG_EL_RAN
DOC_JUDG_CJ_2022_0402_20230706,ACT_EU_INST_CJEU_JUDG_AG_FR_RIC_TOU
DOC_JUDG_CJ_2022_0403_P_20260226,ACT_EU_INST_CJEU_JUDG_AG_EL_RAN
DOC_JUDG_CJ_2022_0404_20230706,ACT_EU_INST_CJEU_JUDG_AG_FR_RIC_TOU
DOC_JUDG_CJ_2022_0406_20241004,ACT_EU_INST_CJEU_JUDG_AG_CY_EMI
DOC_JUDG_CJ_2022_0407_20230511,ACT_EU_INST_CJEU_JUDG_AG_EE_PIK
DOC_JUDG_CJ_2022_0409_20240711,ACT_EU_INST_CJEU_JUDG_AG_ES_CAM_SAN_BOR
DOC_JUDG_CJ_2022_0411_20230615,ACT_EU_INST_CJEU_JUDG_AG_PL_SZP
DOC_JUDG_CJ_2022_0412_20241004,ACT_EU_INST_CJEU_JUDG_AG_IE_COL
DOC_JUDG_CJ_2022_0415_20231116,ACT_EU_INST_CJEU_JUDG_AG_EL_RAN
DOC_JUDG_CJ_2022_0418_20230517,ACT_EU_INST_CJEU_JUDG_AG_EL_RAN
DOC_JUDG_CJ_2022_0420_20240425,ACT_EU_INST_CJEU_JUDG_AG_FR_RIC_TOU
DOC_JUDG_CJ_2022_0421_20231221,ACT_EU_INST_CJEU_JUDG_AG_ES_CAM_SAN_BOR
DOC_JUDG_CJ_2022_0422_20231116,ACT_EU_INST_CJEU_JUDG_AG_FR_RIC_TOU
DOC_JUDG_CJ_2022_0425_20240704,ACT_EU_INST_CJEU_JUDG_AG_CY_EMI
DOC_JUDG_CJ_2022_0427_20231116,ACT_EU_INST_CJEU_JUDG_AG_EL_RAN
DOC_JUDG_CJ_2022_0430_20230608,ACT_EU_INST_CJEU_JUDG_AG_FR_RIC_TOU
DOC_JUDG_CJ_2022_0431_20231221,ACT_EU_INST_CJEU_JUDG_AG_PL_SZP
DOC_JUDG_CJ_2022_0432_20241128,ACT_EU_INST_CJEU_JUDG_AG_EE_PIK
DOC_JUDG_CJ_2022_0433_20240111,ACT_EU_INST_CJEU_JUDG_AG_DE_KOK
DOC_JUDG_CJ_2022_0434_20231207,ACT_EU_INST_CJEU_JUDG_AG_DE_KOK
DOC_JUDG_CJ_2022_0435_PPU_20221028,ACT_EU_INST_CJEU_JUDG_AG_IE_COL
DOC_JUDG_CJ_2022_0436_20240729,ACT_EU_INST_CJEU_JUDG_AG_DE_KOK
DOC_JUDG_CJ_2022_0437_20240229,ACT_EU_INST_CJEU_JUDG_AG_IT_PIT
DOC_JUDG_CJ_2022_0438_20240125,ACT_EU_INST_CJEU_JUDG_AG_LV_MED
DOC_JUDG_CJ_2022_0439_20240314,ACT_EU_INST_CJEU_JUDG_AG_HR_CAP
DOC_JUDG_CJ_2022_0440_P_20240111,ACT_EU_INST_CJEU_JUDG_AG_EL_RAN
DOC_JUDG_CJ_2022_0441_20231207,ACT_EU_INST_CJEU_JUDG_AG_ES_CAM_SAN_BOR
DOC_JUDG_CJ_2022_0442_20240130,ACT_EU_INST_CJEU_JUDG_AG_DE_KOK
DOC_JUDG_CJ_2022_0445_P_20231012,ACT_EU_INST_CJEU_JUDG_AG_PL_SZP
DOC_JUDG_CJ_2022_0447_P_20240905,ACT_EU_INST_CJEU_JUDG_AG_EL_RAN
DOC_JUDG_CJ_2022_0449_20240314,ACT_EU_INST_CJEU_JUDG_AG_HR_CAP
DOC_JUDG_CJ_2022_0450_20240704,ACT_EU_INST_CJEU_JUDG_AG_LV_MED
DOC_JUDG_CJ_2022_0451_20240118,ACT_EU_INST_CJEU_JUDG_AG_IE_COL
DOC_JUDG_CJ_2022_0452_20240314,ACT_EU_INST_CJEU_JUDG_AG_HR_CAP
DOC_JUDG_CJ_2022_0453_20230907,ACT_EU_INST_CJEU_JUDG_AG_PL_SZP
DOC_JUDG_CJ_2022_0454_20240314,ACT_EU_INST_CJEU_JUDG_AG_HR_CAP
DOC_JUDG_CJ_2022_0456_20231214,ACT_EU_INST_CJEU_JUDG_AG_CY_EMI
DOC_JUDG_CJ_2022_0457_20240314,ACT_EU_INST_CJEU_JUDG_AG_HR_CAP
DOC_JUDG_CJ_2022_0458_P_20231116,ACT_EU_INST_CJEU_JUDG_AG_LV_MED
DOC_JUDG_CJ_2022_0459_20231116,ACT_EU_INST_CJEU_JUDG_AG_FR_RIC_TOU
DOC_JUDG_CJ_2022_0461_20240711,ACT_EU_INST_CJEU_JUDG_AG_EE_PIK
DOC_JUDG_CJ_2022_0462_20230706,ACT_EU_INST_CJEU_JUDG_AG_ES_CAM_SAN_BOR
DOC_JUDG_CJ_2022_0466_20240229,ACT_EU_INST_CJEU_JUDG_AG_HR_CAP
DOC_JUDG_CJ_2022_0467_P_20230629,ACT_EU_INST_CJEU_JUDG_AG_IE_COL
DOC_JUDG_CJ_2022_0471_20240130,ACT_EU_INST_CJEU_JUDG_AG_HR_CAP
DOC_JUDG_CJ_2022_0472_20231116,ACT_EU_INST_CJEU_JUDG_AG_IE_COL
DOC_JUDG_CJ_2022_0473_20240111,ACT_EU_INST_CJEU_JUDG_AG_PL_SZP
DOC_JUDG_CJ_2022_0474_20240125,ACT_EU_INST_CJEU_JUDG_AG_LV_MED
DOC_JUDG_CJ_2022_0477_20231109,ACT_EU_INST_CJEU_JUDG_AG_EL_RAN
DOC_JUDG_CJ_2022_0479_P_20240307,ACT_EU_INST_CJEU_JUDG_AG_CY_EMI
DOC_JUDG_CJ_2022_0480_20231123,ACT_EU_INST_CJEU_JUDG_AG_ES_CAM_SAN_BOR
DOC_JUDG_CJ_2022_0481_20240125,ACT_EU_INST_CJEU_JUDG_AG_EL_RAN
DOC_JUDG_CJ_2022_0492_PPU_20221208,ACT_EU_INST_CJEU_JUDG_AG_DE_KOK
DOC_JUDG_CJ_2022_0494_P_20240905,ACT_EU_INST_CJEU_JUDG_AG_HR_CAP
DOC_JUDG_CJ_2022_0496_20231005,ACT_EU_INST_CJEU_JUDG_AG_EE_PIK
DOC_JUDG_CJ_2022_0497_20231116,ACT_EU_INST_CJEU_JUDG_AG_FR_RIC_TOU
DOC_JUDG_CJ_2022_0498_20240905,ACT_EU_INST_CJEU_JUDG_AG_FR_RIC_TOU
DOC_JUDG_CJ_2022_0501_20230629,ACT_EU_INST_CJEU_JUDG_AG_CY_EMI
DOC_JUDG_CJ_2022_0505_20231005,ACT_EU_INST_CJEU_JUDG_AG_FR_RIC_TOU
DOC_JUDG_CJ_2022_0508_20230928,ACT_EU_INST_CJEU_JUDG_AG_PL_SZP
DOC_JUDG_CJ_2022_0509_20240418,ACT_EU_INST_CJEU_JUDG_AG_IE_COL
DOC_JUDG_CJ_2022_0510_20230921,ACT_EU_INST_CJEU_JUDG_AG_IE_COL
DOC_JUDG_CJ_2022_0512_P_20240919,ACT_EU_INST_CJEU_JUDG_AG_ES_CAM_SAN_BOR
DOC_JUDG_CJ_2022_0516_20240314,ACT_EU_INST_CJEU_JUDG_AG_CY_EMI
DOC_JUDG_CJ_2022_0517_P_20240111,ACT_EU_INST_CJEU_JUDG_AG_CY_EMI
DOC_JUDG_CJ_2022_0518_20231207,ACT_EU_INST_CJEU_JUDG_AG_FR_RIC_TOU
DOC_JUDG_CJ_2022_0524_P_20240111,ACT_EU_INST_CJEU_JUDG_AG_LV_MED
DOC_JUDG_CJ_2022_0531_20240118,ACT_EU_INST_CJEU_JUDG_AG_DE_KOK
DOC_JUDG_CJ_2022_0532_20231123,ACT_EU_INST_CJEU_JUDG_AG_LV_MED
DOC_JUDG_CJ_2022_0533_20240613,ACT_EU_INST_CJEU_JUDG_AG_DE_KOK
DOC_JUDG_CJ_2022_0534_P_20231019,ACT_EU_INST_CJEU_JUDG_AG_HR_CAP
DOC_JUDG_CJ_2022_0535_P_20241004,ACT_EU_INST_CJEU_JUDG_AG_HR_CAP
DOC_JUDG_CJ_2022_0536_20240314,ACT_EU_INST_CJEU_JUDG_AG_ES_CAM_SAN_BOR
DOC_JUDG_CJ_2022_0537_20240111,ACT_EU_INST_CJEU_JUDG_AG_IE_COL
DOC_JUDG_CJ_2022_0538_20240704,ACT_EU_INST_CJEU_JUDG_AG_DE_KOK
DOC_JUDG_CJ_2022_0540_20240620,ACT_EU_INST_CJEU_JUDG_AG_EL_RAN
DOC_JUDG_CJ_2022_0541_P_20241004,ACT_EU_INST_CJEU_JUDG_AG_HR_CAP
DOC_JUDG_CJ_2022_0546_20241004,ACT_EU_INST_CJEU_JUDG_AG_LV_MED
DOC_JUDG_CJ_2022_0547_20240606,ACT_EU_INST_CJEU_JUDG_AG_IE_COL
DOC_JUDG_CJ_2022_0548_20240912,ACT_EU_INST_CJEU_JUDG_AG_DE_KOK
DOC_JUDG_CJ_2022_0549_20240229,ACT_EU_INST_CJEU_JUDG_AG_IE_COL
DOC_JUDG_CJ_2022_0551_P_20240618,ACT_EU_INST_CJEU_JUDG_AG_HR_CAP
DOC_JUDG_CJ_2022_0555_P_20240919,ACT_EU_INST_CJEU_JUDG_AG_LV_MED
DOC_JUDG_CJ_2022_0558_20240307,ACT_EU_INST_CJEU_JUDG_AG_ES_CAM_SAN_BOR
DOC_JUDG_CJ_2022_0562_20240118,ACT_EU_INST_CJEU_JUDG_AG_CY_EMI
DOC_JUDG_CJ_2022_0563_20240613,ACT_EU_INST_CJEU_JUDG_AG_CY_EMI
DOC_JUDG_CJ_2022_0565_20231005,ACT_EU_INST_CJEU_JUDG_AG_IE_COL
DOC_JUDG_CJ_2022_0566_20240208,ACT_EU_INST_CJEU_JUDG_AG_FR_RIC_TOU
DOC_JUDG_CJ_2022_0567_P_20240418,ACT_EU_INST_CJEU_JUDG_AG_EE_PIK
DOC_JUDG_CJ_2022_0573_20241219,ACT_EU_INST_CJEU_JUDG_AG_PL_SZP
DOC_JUDG_CJ_2022_0576_20240314,ACT_EU_INST_CJEU_JUDG_AG_DE_KOK
DOC_JUDG_CJ_2022_0579_P_20240912,ACT_EU_INST_CJEU_JUDG_AG_HR_CAP
DOC_JUDG_CJ_2022_0580_P_20240130,ACT_EU_INST_CJEU_JUDG_AG_LV_MED
DOC_JUDG_CJ_2022_0581_P_20241004,ACT_EU_INST_CJEU_JUDG_AG_EL_RAN
DOC_JUDG_CJ_2022_0582_20240307,ACT_EU_INST_CJEU_JUDG_AG_ES_CAM_SAN_BOR
DOC_JUDG_CJ_2022_0583_PPU_20230112,ACT_EU_INST_CJEU_JUDG_AG_PL_SZP
DOC_JUDG_CJ_2022_0584_20240229,ACT_EU_INST_CJEU_JUDG_AG_LV_MED
DOC_JUDG_CJ_2022_0585_20241004,ACT_EU_INST_CJEU_JUDG_AG_CY_EMI
DOC_JUDG_CJ_2022_0587_20231207,ACT_EU_INST_CJEU_JUDG_AG_CY_EMI
DOC_JUDG_CJ_2022_0588_P_20241107,ACT_EU_INST_CJEU_JUDG_AG_PL_SZP
DOC_JUDG_CJ_2022_0589_20240222,ACT_EU_INST_CJEU_JUDG_AG_EE_PIK
DOC_JUDG_CJ_2022_0590_20240620,ACT_EU_INST_CJEU_JUDG_AG_ES_CAM_SAN_BOR
DOC_JUDG_CJ_2022_0591_20231019,ACT_EU_INST_CJEU_JUDG_AG_LV_MED
DOC_JUDG_CJ_2022_0593_20230706,ACT_EU_INST_CJEU_JUDG_AG_IT_PIT
DOC_JUDG_CJ_2022_0595_P_20231116,ACT_EU_INST_CJEU_JUDG_AG_LV_MED
DOC_JUDG_CJ_2022_0597_P_20240926,ACT_EU_INST_CJEU_JUDG_AG_DE_KOK
DOC_JUDG_CJ_2022_0598_20240711,ACT_EU_INST_CJEU_JUDG_AG_HR_CAP
DOC_JUDG_CJ_2022_0599_20240418,ACT_EU_INST_CJEU_JUDG_AG_ES_CAM_SAN_BOR
DOC_JUDG_CJ_2022_0600_P_20240926,ACT_EU_INST_CJEU_JUDG_AG_PL_SZP
DOC_JUDG_CJ_2022_0601_20240711,ACT_EU_INST_CJEU_JUDG_AG_HR_CAP
DOC_JUDG_CJ_2022_0602_P_20251211,ACT_EU_INST_CJEU_JUDG_AG_IT_BIO
DOC_JUDG_CJ_2022_0603_20240905,ACT_EU_INST_CJEU_JUDG_AG_HR_CAP
DOC_JUDG_CJ_2022_0604_20240307,ACT_EU_INST_CJEU_JUDG_AG_HR_CAP
DOC_JUDG_CJ_2022_0606_20240321,ACT_EU_INST_CJEU_JUDG_AG_DE_KOK
DOC_JUDG_CJ_2022_0608_20241004,ACT_EU_INST_CJEU_JUDG_AG_FR_RIC_TOU
DOC_JUDG_CJ_2022_0610_20231026,ACT_EU_INST_CJEU_JUDG_AG_IE_COL
DOC_JUDG_CJ_2022_0611_P_20240903,ACT_EU_INST_CJEU_JUDG_AG_CY_EMI
DOC_JUDG_CJ_2022_0614_20231123,ACT_EU_INST_CJEU_JUDG_AG_IT_PIT
DOC_JUDG_CJ_2022_0615_P_20231207,ACT_EU_INST_CJEU_JUDG_AG_EE_PIK
DOC_JUDG_CJ_2022_0621_20241231,ACT_EU_INST_CJEU_JUDG_AG_LV_MED
DOC_JUDG_CJ_2022_0623_20240729,ACT_EU_INST_CJEU_JUDG_AG_CY_EMI
DOC_JUDG_CJ_2022_0624_20240729,ACT_EU_INST_CJEU_JUDG_AG_ES_CAM_SAN_BOR
DOC_JUDG_CJ_2022_0626_20240625,ACT_EU_INST_CJEU_JUDG_AG_DE_KOK
DOC_JUDG_CJ_2022_0627_20240530,ACT_EU_INST_CJEU_JUDG_AG_ES_CAM_SAN_BOR
DOC_JUDG_CJ_2022_0631_20240118,ACT_EU_INST_CJEU_JUDG_AG_EL_RAN
DOC_JUDG_CJ_2022_0632_20240711,ACT_EU_INST_CJEU_JUDG_AG_PL_SZP
DOC_JUDG_CJ_2022_0633_20241004,ACT_EU_INST_CJEU_JUDG_AG_PL_SZP
DOC_JUDG_CJ_2022_0634_20240418,ACT_EU_INST_CJEU_JUDG_AG_ES_CAM_SAN_BOR
DOC_JUDG_CJ_2022_0638_PPU_20230216,ACT_EU_INST_CJEU_JUDG_AG_CY_EMI
DOC_JUDG_CJ_2022_0639_20240905,ACT_EU_INST_CJEU_JUDG_AG_DE_KOK
DOC_JUDG_CJ_2022_0645_20231012,ACT_EU_INST_CJEU_JUDG_AG_IE_COL
DOC_JUDG_CJ_2022_0646_20241114,ACT_EU_INST_CJEU_JUDG_AG_CY_EMI
DOC_JUDG_CJ_2022_0649_20240222,ACT_EU_INST_CJEU_JUDG_AG_IT_PIT
DOC_JUDG_CJ_2022_0650_20241004,ACT_EU_INST_CJEU_JUDG_AG_PL_SZP
DOC_JUDG_CJ_2022_0652_20241022,ACT_EU_INST_CJEU_JUDG_AG_IE_COL
DOC_JUDG_CJ_2022_0653_20231123,ACT_EU_INST_CJEU_JUDG_AG_EE_PIK
DOC_JUDG_CJ_2022_0654_20240411,ACT_EU_INST_CJEU_JUDG_AG_DE_KOK
DOC_JUDG_CJ_2022_0655_20231214,ACT_EU_INST_CJEU_JUDG_AG_CY_EMI
DOC_JUDG_CJ_2022_0656_20240118,ACT_EU_INST_CJEU_JUDG_AG_IT_PIT
DOC_JUDG_CJ_2022_0657_20240425,ACT_EU_INST_CJEU_JUDG_AG_FR_RIC_TOU
DOC_JUDG_CJ_2022_0659_20231005,ACT_EU_INST_CJEU_JUDG_AG_LV_MED
DOC_JUDG_CJ_2022_0660_20240222,ACT_EU_INST_CJEU_JUDG_AG_IE_COL
DOC_JUDG_CJ_2022_0661_20240222,ACT_EU_INST_CJEU_JUDG_AG_ES_CAM_SAN_BOR
DOC_JUDG_CJ_2022_0662_20240530,ACT_EU_INST_CJEU_JUDG_AG_PL_SZP
DOC_JUDG_CJ_2022_0663_20240530,ACT_EU_INST_CJEU_JUDG_AG_PL_SZP
DOC_JUDG_CJ_2022_0664_20240530,ACT_EU_INST_CJEU_JUDG_AG_PL_SZP
DOC_JUDG_CJ_2022_0665_20240530,ACT_EU_INST_CJEU_JUDG_AG_PL_SZP
DOC_JUDG_CJ_2022_0670_20240430,ACT_EU_INST_CJEU_JUDG_AG_HR_CAP
DOC_JUDG_CJ_2022_0671_20240321,ACT_EU_INST_CJEU_JUDG_AG_EL_RAN
DOC_JUDG_CJ_2022_0673_20240516,ACT_EU_INST_CJEU_JUDG_AG_LV_MED
DOC_JUDG_CJ_2022_0674_20240222,ACT_EU_INST_CJEU_JUDG_AG_IT_PIT
DOC_JUDG_CJ_2022_0676_20240229,ACT_EU_INST_CJEU_JUDG_AG_EE_PIK
DOC_JUDG_CJ_2022_0677_20250206,ACT_EU_INST_CJEU_JUDG_AG_EL_RAN
DOC_JUDG_CJ_2022_0679_20240229,ACT_EU_INST_CJEU_JUDG_AG_EE_PIK
DOC_JUDG_CJ_2022_0680_P_20241212,ACT_EU_INST_CJEU_JUDG_AG_EE_PIK
DOC_JUDG_CJ_2022_0682_20231123,ACT_EU_INST_CJEU_JUDG_AG_LV_MED
DOC_JUDG_CJ_2022_0683_20241107,ACT_EU_INST_CJEU_JUDG_AG_ES_CAM_SAN_BOR
DOC_JUDG_CJ_2022_0684_20240425,ACT_EU_INST_CJEU_JUDG_AG_PL_SZP
DOC_JUDG_CJ_2022_0687_20240411,ACT_EU_INST_CJEU_JUDG_AG_FR_RIC_TOU
DOC_JUDG_CJ_2022_0688_P_20240229,ACT_EU_INST_CJEU_JUDG_AG_EE_PIK
DOC_JUDG_CJ_2022_0694_20240222,ACT_EU_INST_CJEU_JUDG_AG_IE_COL
DOC_JUDG_CJ_2022_0695_20240516,ACT_EU_INST_CJEU_JUDG_AG_IT_PIT
DOC_JUDG_CJ_2022_0696_20240613,ACT_EU_INST_CJEU_JUDG_AG_CY_EMI
DOC_JUDG_CJ_2022_0697_P_20240729,ACT_EU_INST_CJEU_JUDG_AG_LV_MED
DOC_JUDG_CJ_2022_0700_20231207,ACT_EU_INST_CJEU_JUDG_AG_EL_RAN
DOC_JUDG_CJ_2022_0701_20241017,ACT_EU_INST_CJEU_JUDG_AG_EL_RAN
DOC_JUDG_CJ_2022_0703_20240321,ACT_EU_INST_CJEU_JUDG_AG_EE_PIK
DOC_JUDG_CJ_2022_0706_20240516,ACT_EU_INST_CJEU_JUDG_AG_FR_RIC_TOU
DOC_JUDG_CJ_2022_0708_20240704,ACT_EU_INST_CJEU_JUDG_AG_DE_KOK
DOC_JUDG_CJ_2022_0709_20240912,ACT_EU_INST_CJEU_JUDG_AG_DE_KOK
DOC_JUDG_CJ_2022_0710_P_20240926,ACT_EU_INST_CJEU_JUDG_AG_IE_COL
DOC_JUDG_CJ_2022_0713_20240729,ACT_EU_INST_CJEU_JUDG_AG_EE_PIK
DOC_JUDG_CJ_2022_0714_20240321,ACT_EU_INST_CJEU_JUDG_AG_FR_RIC_TOU
DOC_JUDG_CJ_2022_0716_20240418,ACT_EU_INST_CJEU_JUDG_AG_IE_COL
DOC_JUDG_CJ_2022_0717_20241219,ACT_EU_INST_CJEU_JUDG_AG_ES_CAM_SAN_BOR
DOC_JUDG_CJ_2022_0719_20241121,ACT_EU_INST_CJEU_JUDG_AG_IT_PIT
DOC_JUDG_CJ_2022_0721_P_20241017,ACT_EU_INST_CJEU_JUDG_AG_DE_KOK
DOC_JUDG_CJ_2022_0722_20240125,ACT_EU_INST_CJEU_JUDG_AG_ES_CAM_SAN_BOR
DOC_JUDG_CJ_2022_0723_20240411,ACT_EU_INST_CJEU_JUDG_AG_PL_SZP
DOC_JUDG_CJ_2022_0724_20240229,ACT_EU_INST_CJEU_JUDG_AG_DE_KOK
DOC_JUDG_CJ_2022_0725_P_20240307,ACT_EU_INST_CJEU_JUDG_AG_LV_MED
DOC_JUDG_CJ_2022_0726_P_20250116,ACT_EU_INST_CJEU_JUDG_AG_CY_EMI
DOC_JUDG_CJ_2022_0727_20241004,ACT_EU_INST_CJEU_JUDG_AG_DE_KOK
DOC_JUDG_CJ_2022_0728_20250320,ACT_EU_INST_CJEU_JUDG_AG_LV_MED
DOC_JUDG_CJ_2022_0731_20240613,ACT_EU_INST_CJEU_JUDG_AG_ES_CAM_SAN_BOR
DOC_JUDG_CJ_2022_0733_20240208,ACT_EU_INST_CJEU_JUDG_AG_PL_SZP
DOC_JUDG_CJ_2022_0734_20240508,ACT_EU_INST_CJEU_JUDG_AG_DE_KOK
DOC_JUDG_CJ_2022_0736_P_20240704,ACT_EU_INST_CJEU_JUDG_AG_EL_RAN
DOC_JUDG_CJ_2022_0737_20240613,ACT_EU_INST_CJEU_JUDG_AG_EL_RAN
DOC_JUDG_CJ_2022_0740_20240307,ACT_EU_INST_CJEU_JUDG_AG_HR_CAP
DOC_JUDG_CJ_2022_0741_20240912,ACT_EU_INST_CJEU_JUDG_AG_DE_KOK
DOC_JUDG_CJ_2022_0743_20240530,ACT_EU_INST_CJEU_JUDG_AG_EL_RAN
DOC_JUDG_CJ_2022_0745_20240222,ACT_EU_INST_CJEU_JUDG_AG_HR_CAP
DOC_JUDG_CJ_2022_0746_20240516,ACT_EU_INST_CJEU_JUDG_AG_PL_SZP
DOC_JUDG_CJ_2022_0752_20240314,ACT_EU_INST_CJEU_JUDG_AG_FR_RIC_TOU
DOC_JUDG_CJ_2022_0753_20240618,ACT_EU_INST_CJEU_JUDG_AG_LV_MED
DOC_JUDG_CJ_2022_0755_20240111,ACT_EU_INST_CJEU_JUDG_AG_FR_RIC_TOU
DOC_JUDG_CJ_2022_0757_20240711,ACT_EU_INST_CJEU_JUDG_AG_FR_RIC_TOU
DOC_JUDG_CJ_2022_0758_20241128,ACT_EU_INST_CJEU_JUDG_AG_ES_CAM_SAN_BOR
DOC_JUDG_CJ_2022_0760_20240704,ACT_EU_INST_CJEU_JUDG_AG_LV_MED
DOC_JUDG_CJ_2022_0763_20250320,ACT_EU_INST_CJEU_JUDG_AG_CY_EMI
DOC_JUDG_CJ_2022_0764_P_20231019,ACT_EU_INST_CJEU_JUDG_AG_EL_RAN
DOC_JUDG_CJ_2022_0765_20240418,ACT_EU_INST_CJEU_JUDG_AG_FR_RIC_TOU
DOC_JUDG_CJ_2022_0768_20240729,ACT_EU_INST_CJEU_JUDG_AG_HR_CAP
DOC_JUDG_CJ_2022_0770_20240411,ACT_EU_INST_CJEU_JUDG_AG_ES_CAM_SAN_BOR
DOC_JUDG_CJ_2022_0771_20240729,ACT_EU_INST_CJEU_JUDG_AG_LV_MED
DOC_JUDG_CJ_2022_0773_20240729,ACT_EU_INST_CJEU_JUDG_AG_PL_SZP
DOC_JUDG_CJ_2022_0774_20240729,ACT_EU_INST_CJEU_JUDG_AG_CY_EMI
DOC_JUDG_CJ_2022_0775_20240905,ACT_EU_INST_CJEU_JUDG_AG_HR_CAP
DOC_JUDG_CJ_2022_0776_P_20250904,ACT_EU_INST_CJEU_JUDG_AG_FR_RIC_TOU
DOC_JUDG_CJ_2022_0777_P_20250715,ACT_EU_INST_CJEU_JUDG_AG_DE_KOK
DOC_JUDG_CJ_2022_0781_P_20241114,ACT_EU_INST_CJEU_JUDG_AG_DE_KOK
DOC_JUDG_CJ_2022_0782_20241107,ACT_EU_INST_CJEU_JUDG_AG_EE_PIK
DOC_JUDG_CJ_2022_0785_P_20240118,ACT_EU_INST_CJEU_JUDG_AG_LV_MED
DOC_JUDG_CJ_2022_0787_P_20231130,ACT_EU_INST_CJEU_JUDG_AG_CY_EMI
DOC_JUDG_CJ_2022_0791_20240118,ACT_EU_INST_CJEU_JUDG_AG_HR_CAP
DOC_JUDG_CJ_2022_0792_20240926,ACT_EU_INST_CJEU_JUDG_AG_EL_RAN
DOC_JUDG_CJ_2022_0793_20241004,ACT_EU_INST_CJEU_JUDG_AG_ES_CAM_SAN_BOR
DOC_JUDG_CJ_2023_0001_PPU_20230418,ACT_EU_INST_CJEU_JUDG_AG_IT_PIT
DOC_JUDG_CJ_2023_0002_20251030,ACT_EU_INST_CJEU_JUDG_AG_PL_SZP
DOC_JUDG_CJ_2023_0004_20241004,ACT_EU_INST_CJEU_JUDG_AG_FR_RIC_TOU
DOC_JUDG_CJ_2023_0005_P_20240704,ACT_EU_INST_CJEU_JUDG_AG_PL_SZP
DOC_JUDG_CJ_2023_0006_20240411,ACT_EU_INST_CJEU_JUDG_AG_HR_CAP
DOC_JUDG_CJ_2023_0007_20240321,ACT_EU_INST_CJEU_JUDG_AG_LV_MED
DOC_JUDG_CJ_2023_0010_20240321,ACT_EU_INST_CJEU_JUDG_AG_CY_EMI
DOC_JUDG_CJ_2023_0011_20240229,ACT_EU_INST_CJEU_JUDG_AG_PL_SZP
DOC_JUDG_CJ_2023_0013_20240229,ACT_EU_INST_CJEU_JUDG_AG_IE_COL
DOC_JUDG_CJ_2023_0014_20240729,ACT_EU_INST_CJEU_JUDG_AG_FR_RIC_TOU
DOC_JUDG_CJ_2023_0016_20241017,ACT_EU_INST_CJEU_JUDG_AG_ES_CAM_SAN_BOR
DOC_JUDG_CJ_2023_0018_20250227,ACT_EU_INST_CJEU_JUDG_AG_DE_KOK
DOC_JUDG_CJ_2023_0019_20251111,ACT_EU_INST_CJEU_JUDG_AG_CY_EMI
DOC_JUDG_CJ_2023_0020_20240508,ACT_EU_INST_CJEU_JUDG_AG_FR_RIC_TOU
DOC_JUDG_CJ_2023_0021_20241004,ACT_EU_INST_CJEU_JUDG_AG_PL_SZP
DOC_JUDG_CJ_2023_0022_20240418,ACT_EU_INST_CJEU_JUDG_AG_PL_SZP
DOC_JUDG_CJ_2023_0023_20240919,ACT_EU_INST_CJEU_JUDG_AG_HR_CAP
DOC_JUDG_CJ_2023_0026_P_20250605,ACT_EU_INST_CJEU_JUDG_AG_IE_COL
DOC_JUDG_CJ_2023_0027_20240516,ACT_EU_INST_CJEU_JUDG_AG_PL_SZP
DOC_JUDG_CJ_2023_0028_20241017,ACT_EU_INST_CJEU_JUDG_AG_ES_CAM_SAN_BOR
DOC_JUDG_CJ_2023_0029_P_20241004,ACT_EU_INST_CJEU_JUDG_AG_CY_EMI
DOC_JUDG_CJ_2023_0031_P_20241004,ACT_EU_INST_CJEU_JUDG_AG_CY_EMI
DOC_JUDG_CJ_2023_0035_20240620,ACT_EU_INST_CJEU_JUDG_AG_ES_CAM_SAN_BOR
DOC_JUDG_CJ_2023_0036_20240425,ACT_EU_INST_CJEU_JUDG_AG_FR_RIC_TOU
DOC_JUDG_CJ_2023_0039_20240729,ACT_EU_INST_CJEU_JUDG_AG_IE_COL
DOC_JUDG_CJ_2023_0040_P_20240613,ACT_EU_INST_CJEU_JUDG_AG_ES_CAM_SAN_BOR
DOC_JUDG_CJ_2023_0041_20240627,ACT_EU_INST_CJEU_JUDG_AG_DE_KOK
DOC_JUDG_CJ_2023_0044_P_20250313,ACT_EU_INST_CJEU_JUDG_AG_EE_PIK
DOC_JUDG_CJ_2023_0046_20240314,ACT_EU_INST_CJEU_JUDG_AG_LV_MED
DOC_JUDG_CJ_2023_0047_20241114,ACT_EU_INST_CJEU_JUDG_AG_CY_EMI
DOC_JUDG_CJ_2023_0048_20250306,ACT_EU_INST_CJEU_JUDG_AG_EL_RAN
DOC_JUDG_CJ_2023_0049_20241004,ACT_EU_INST_CJEU_JUDG_AG_EE_PIK
DOC_JUDG_CJ_2023_0051_P_20240729,ACT_EU_INST_CJEU_JUDG_AG_DE_KOK
DOC_JUDG_CJ_2023_0053_20240508,ACT_EU_INST_CJEU_JUDG_AG_IE_COL
DOC_JUDG_CJ_2023_0054_20240125,ACT_EU_INST_CJEU_JUDG_AG_LV_MED
DOC_JUDG_CJ_2023_0057_20251120,ACT_EU_INST_CJEU_JUDG_AG_FR_RIC_TOU
DOC_JUDG_CJ_2023_0059_P_20250911,ACT_EU_INST_CJEU_JUDG_AG_LV_MED
DOC_JUDG_CJ_2023_0060_20241017,ACT_EU_INST_CJEU_JUDG_AG_HR_CAP
DOC_JUDG_CJ_2023_0061_20241121,ACT_EU_INST_CJEU_JUDG_AG_EE_PIK
DOC_JUDG_CJ_2023_0062_20240613,ACT_EU_INST_CJEU_JUDG_AG_PL_SZP
DOC_JUDG_CJ_2023_0063_20240912,ACT_EU_INST_CJEU_JUDG_AG_FR_RIC_TOU
DOC_JUDG_CJ_2023_0065_20241219,ACT_EU_INST_CJEU_JUDG_AG_LV_MED
DOC_JUDG_CJ_2023_0066_20240912,ACT_EU_INST_CJEU_JUDG_AG_DE_KOK
DOC_JUDG_CJ_2023_0067_20240905,ACT_EU_INST_CJEU_JUDG_AG_ES_CAM_SAN_BOR
DOC_JUDG_CJ_2023_0068_20240418,ACT_EU_INST_CJEU_JUDG_AG_PL_SZP
DOC_JUDG_CJ_2023_0070_P_20240704,ACT_EU_INST_CJEU_JUDG_AG_EL_RAN
DOC_JUDG_CJ_2023_0071_P_20250801,ACT_EU_INST_CJEU_JUDG_AG_HR_CAP
DOC_JUDG_CJ_2023_0072_P_20250313,ACT_EU_INST_CJEU_JUDG_AG_EE_PIK
DOC_JUDG_CJ_2023_0073_20240912,ACT_EU_INST_CJEU_JUDG_AG_DE_KOK
DOC_JUDG_CJ_2023_0076_20240321,ACT_EU_INST_CJEU_JUDG_AG_IT_PIT
DOC_JUDG_CJ_2023_0079_20240418,ACT_EU_INST_CJEU_JUDG_AG_CY_EMI
DOC_JUDG_CJ_2023_0080_20241128,ACT_EU_INST_CJEU_JUDG_AG_FR_RIC_TOU
DOC_JUDG_CJ_2023_0081_20240222,ACT_EU_INST_CJEU_JUDG_AG_ES_CAM_SAN_BOR
DOC_JUDG_CJ_2023_0083_20240905,ACT_EU_INST_CJEU_JUDG_AG_HR_CAP
DOC_JUDG_CJ_2023_0085_20240222,ACT_EU_INST_CJEU_JUDG_AG_CY_EMI
DOC_JUDG_CJ_2023_0086_20240905,ACT_EU_INST_CJEU_JUDG_AG_PL_SZP
DOC_JUDG_CJ_2023_0087_20240704,ACT_EU_INST_CJEU_JUDG_AG_DE_KOK
DOC_JUDG_CJ_2023_0088_20240919,ACT_EU_INST_CJEU_JUDG_AG_PL_SZP
DOC_JUDG_CJ_2023_0089_20240418,ACT_EU_INST_CJEU_JUDG_AG_DE_KOK
DOC_JUDG_CJ_2023_0090_P_20250522,ACT_EU_INST_CJEU_JUDG_AG_EE_PIK
DOC_JUDG_CJ_2023_0091_P_20250327,ACT_EU_INST_CJEU_JUDG_AG_EL_RAN
DOC_JUDG_CJ_2023_0092_20260226,ACT_EU_INST_CJEU_JUDG_AG_EL_RAN
DOC_JUDG_CJ_2023_0093_P_20250123,ACT_EU_INST_CJEU_JUDG_AG_EE_PIK
DOC_JUDG_CJ_2023_0095_P_20240229,ACT_EU_INST_CJEU_JUDG_AG_PL_SZP
DOC_JUDG_CJ_2023_0097_P_20260210,ACT_EU_INST_CJEU_JUDG_AG_HR_CAP
DOC_JUDG_CJ_2023_0099_P_20250801,ACT_EU_INST_CJEU_JUDG_AG_CY_EMI
DOC_JUDG_CJ_2023_0100_P_20250801,ACT_EU_INST_CJEU_JUDG_AG_CY_EMI
DOC_JUDG_CJ_2023_0101_P_20250801,ACT_EU_INST_CJEU_JUDG_AG_CY_EMI
DOC_JUDG_CJ_2023_0102_P_20250801,ACT_EU_INST_CJEU_JUDG_AG_CY_EMI
DOC_JUDG_CJ_2023_0104_20240613,ACT_EU_INST_CJEU_JUDG_AG_IE_COL
DOC_JUDG_CJ_2023_0105_P_20241017,ACT_EU_INST_CJEU_JUDG_AG_FR_RIC_TOU
DOC_JUDG_CJ_2023_0107_PPU_20230724,ACT_EU_INST_CJEU_JUDG_AG_ES_CAM_SAN_BOR
DOC_JUDG_CJ_2023_0109_20240905,ACT_EU_INST_CJEU_JUDG_AG_LV_MED
DOC_JUDG_CJ_2023_0110_P_20240530,ACT_EU_INST_CJEU_JUDG_AG_LV_MED
DOC_JUDG_CJ_2023_0112_P_20241017,ACT_EU_INST_CJEU_JUDG_AG_CY_EMI
DOC_JUDG_CJ_2023_0114_20240411,ACT_EU_INST_CJEU_JUDG_AG_HR_CAP
DOC_JUDG_CJ_2023_0116_20240411,ACT_EU_INST_CJEU_JUDG_AG_FR_RIC_TOU
DOC_JUDG_CJ_2023_0118_20241212,ACT_EU_INST_CJEU_JUDG_AG_FR_RIC_TOU
DOC_JUDG_CJ_2023_0119_20240729,ACT_EU_INST_CJEU_JUDG_AG_CY_EMI
DOC_JUDG_CJ_2023_0121_P_20250213,ACT_EU_INST_CJEU_JUDG_AG_DE_KOK
DOC_JUDG_CJ_2023_0122_20240411,ACT_EU_INST_CJEU_JUDG_AG_IE_COL
DOC_JUDG_CJ_2023_0123_20241219,ACT_EU_INST_CJEU_JUDG_AG_CY_EMI
DOC_JUDG_CJ_2023_0124_P_20241004,ACT_EU_INST_CJEU_JUDG_AG_PL_SZP
DOC_JUDG_CJ_2023_0125_20240222,ACT_EU_INST_CJEU_JUDG_AG_EE_PIK
DOC_JUDG_CJ_2023_0126_20241107,ACT_EU_INST_CJEU_JUDG_AG_FR_RIC_TOU
DOC_JUDG_CJ_2023_0127_P_20241004,ACT_EU_INST_CJEU_JUDG_AG_PL_SZP
DOC_JUDG_CJ_2023_0129_20241128,ACT_EU_INST_CJEU_JUDG_AG_HR_CAP
DOC_JUDG_CJ_2023_0130_P_20240530,ACT_EU_INST_CJEU_JUDG_AG_IE_COL
DOC_JUDG_CJ_2023_0133_20240418,ACT_EU_INST_CJEU_JUDG_AG_EL_RAN
DOC_JUDG_CJ_2023_0134_20241004,ACT_EU_INST_CJEU_JUDG_AG_EE_PIK
DOC_JUDG_CJ_2023_0135_20240620,ACT_EU_INST_CJEU_JUDG_AG_PL_SZP
DOC_JUDG_CJ_2023_0137_20250313,ACT_EU_INST_CJEU_JUDG_AG_EL_RAN
DOC_JUDG_CJ_2023_0143_20251030,ACT_EU_INST_CJEU_JUDG_AG_LU_SPI
DOC_JUDG_CJ_2023_0144_20241015,ACT_EU_INST_CJEU_JUDG_AG_CY_EMI
DOC_JUDG_CJ_2023_0146_20250225,ACT_EU_INST_CJEU_JUDG_AG_IE_COL
DOC_JUDG_CJ_2023_0147_20240425,ACT_EU_INST_CJEU_JUDG_AG_CY_EMI
DOC_JUDG_CJ_2023_0148_20240627,ACT_EU_INST_CJEU_JUDG_AG_EL_RAN
DOC_JUDG_CJ_2023_0149_20250306,ACT_EU_INST_CJEU_JUDG_AG_CY_EMI
DOC_JUDG_CJ_2023_0150_20250306,ACT_EU_INST_CJEU_JUDG_AG_CY_EMI
DOC_JUDG_CJ_2023_0152_20250306,ACT_EU_INST_CJEU_JUDG_AG_CY_EMI
DOC_JUDG_CJ_2023_0154_20250306,ACT_EU_INST_CJEU_JUDG_AG_CY_EMI
DOC_JUDG_CJ_2023_0155_20250306,ACT_EU_INST_CJEU_JUDG_AG_CY_EMI
DOC_JUDG_CJ_2023_0156_20241017,ACT_EU_INST_CJEU_JUDG_AG_FR_RIC_TOU
DOC_JUDG_CJ_2023_0157_20241219,ACT_EU_INST_CJEU_JUDG_AG_ES_CAM_SAN_BOR
DOC_JUDG_CJ_2023_0158_20250204,ACT_EU_INST_CJEU_JUDG_AG_LV_MED
DOC_JUDG_CJ_2023_0159_20241017,ACT_EU_INST_CJEU_JUDG_AG_PL_SZP
DOC_JUDG_CJ_2023_0164_20240926,ACT_EU_INST_CJEU_JUDG_AG_HR_CAP
DOC_JUDG_CJ_2023_0165_20241114,ACT_EU_INST_CJEU_JUDG_AG_DE_KOK
DOC_JUDG_CJ_2023_0166_20240606,ACT_EU_INST_CJEU_JUDG_AG_HR_CAP
DOC_JUDG_CJ_2023_0168_20240627,ACT_EU_INST_CJEU_JUDG_AG_HR_CAP
DOC_JUDG_CJ_2023_0169_20241128,ACT_EU_INST_CJEU_JUDG_AG_LV_MED
DOC_JUDG_CJ_2023_0171_20241004,ACT_EU_INST_CJEU_JUDG_AG_DE_KOK
DOC_JUDG_CJ_2023_0173_20240411,ACT_EU_INST_CJEU_JUDG_AG_PL_SZP
DOC_JUDG_CJ_2023_0174_20240729,ACT_EU_INST_CJEU_JUDG_AG_ES_CAM_SAN_BOR
DOC_JUDG_CJ_2023_0175_20241004,ACT_EU_INST_CJEU_JUDG_AG_HR_CAP
DOC_JUDG_CJ_2023_0176_20240530,ACT_EU_INST_CJEU_JUDG_AG_DE_KOK
DOC_JUDG_CJ_2023_0178_20241107,ACT_EU_INST_CJEU_JUDG_AG_DE_KOK
DOC_JUDG_CJ_2023_0181_20250429,ACT_EU_INST_CJEU_JUDG_AG_IE_COL
DOC_JUDG_CJ_2023_0182_20240711,ACT_EU_INST_CJEU_JUDG_AG_DE_KOK
DOC_JUDG_CJ_2023_0183_20240411,ACT_EU_INST_CJEU_JUDG_AG_CY_EMI
DOC_JUDG_CJ_2023_0184_20240711,ACT_EU_INST_CJEU_JUDG_AG_EL_RAN
DOC_JUDG_CJ_2023_0185_20240729,ACT_EU_INST_CJEU_JUDG_AG_FR_RIC_TOU
DOC_JUDG_CJ_2023_0186_20250508,ACT_EU_INST_CJEU_JUDG_AG_EL_RAN
DOC_JUDG_CJ_2023_0187_20250123,ACT_EU_INST_CJEU_JUDG_AG_ES_CAM_SAN_BOR
DOC_JUDG_CJ_2023_0188_20250121,ACT_EU_INST_CJEU_JUDG_AG_HR_CAP
DOC_JUDG_CJ_2023_0195_20240418,ACT_EU_INST_CJEU_JUDG_AG_EL_RAN
DOC_JUDG_CJ_2023_0196_20240711,ACT_EU_INST_CJEU_JUDG_AG_EE_PIK
DOC_JUDG_CJ_2023_0197_20241114,ACT_EU_INST_CJEU_JUDG_AG_LV_MED
DOC_JUDG_CJ_2023_0198_20250508,ACT_EU_INST_CJEU_JUDG_AG_EL_RAN
DOC_JUDG_CJ_2023_0200_20241004,ACT_EU_INST_CJEU_JUDG_AG_LV_MED
DOC_JUDG_CJ_2023_0201_20250904,ACT_EU_INST_CJEU_JUDG_AG_EL_RAN
DOC_JUDG_CJ_2023_0204_20240425,ACT_EU_INST_CJEU_JUDG_AG_ES_CAM_SAN_BOR
DOC_JUDG_CJ_2023_0205_20250130,ACT_EU_INST_CJEU_JUDG_AG_EL_RAN
DOC_JUDG_CJ_2023_0206_20260122,ACT_EU_INST_CJEU_JUDG_AG_IE_COL
DOC_JUDG_CJ_2023_0207_20240425,ACT_EU_INST_CJEU_JUDG_AG_FR_RIC_TOU
DOC_JUDG_CJ_2023_0211_20250508,ACT_EU_INST_CJEU_JUDG_AG_EL_RAN
DOC_JUDG_CJ_2023_0212_20250710,ACT_EU_INST_CJEU_JUDG_AG_EL_RAN
DOC_JUDG_CJ_2023_0213_20250522,ACT_EU_INST_CJEU_JUDG_AG_CY_EMI
DOC_JUDG_CJ_2023_0214_20250508,ACT_EU_INST_CJEU_JUDG_AG_EL_RAN
DOC_JUDG_CJ_2023_0215_20250522,ACT_EU_INST_CJEU_JUDG_AG_CY_EMI
DOC_JUDG_CJ_2023_0216_20240508,ACT_EU_INST_CJEU_JUDG_AG_CY_EMI
DOC_JUDG_CJ_2023_0217_20250327,ACT_EU_INST_CJEU_JUDG_AG_FR_RIC_TOU
DOC_JUDG_CJ_2023_0218_P_20240425,ACT_EU_INST_CJEU_JUDG_AG_EL_RAN
DOC_JUDG_CJ_2023_0222_20240516,ACT_EU_INST_CJEU_JUDG_AG_FR_RIC_TOU
DOC_JUDG_CJ_2023_0224_P_20240905,ACT_EU_INST_CJEU_JUDG_AG_HR_CAP
DOC_JUDG_CJ_2023_0227_20241024,ACT_EU_INST_CJEU_JUDG_AG_PL_SZP
DOC_JUDG_CJ_2023_0228_20241004,ACT_EU_INST_CJEU_JUDG_AG_ES_CAM_SAN_BOR
DOC_JUDG_CJ_2023_0229_20240613,ACT_EU_INST_CJEU_JUDG_AG_DE_KOK
DOC_JUDG_CJ_2023_0230_20241114,ACT_EU_INST_CJEU_JUDG_AG_PL_SZP
DOC_JUDG_CJ_2023_0233_20250225,ACT_EU_INST_CJEU_JUDG_AG_LV_MED
DOC_JUDG_CJ_2023_0236_20240919,ACT_EU_INST_CJEU_JUDG_AG_PL_SZP
DOC_JUDG_CJ_2023_0237_20250522,ACT_EU_INST_CJEU_JUDG_AG_CY_EMI
DOC_JUDG_CJ_2023_0238_20250522,ACT_EU_INST_CJEU_JUDG_AG_CY_EMI
DOC_JUDG_CJ_2023_0239_20241017,ACT_EU_INST_CJEU_JUDG_AG_CY_EMI
DOC_JUDG_CJ_2023_0240_20241004,ACT_EU_INST_CJEU_JUDG_AG_FR_RIC_TOU
DOC_JUDG_CJ_2023_0241_20240508,ACT_EU_INST_CJEU_JUDG_AG_DE_KOK
DOC_JUDG_CJ_2023_0242_20241004,ACT_EU_INST_CJEU_JUDG_AG_ES_CAM_SAN_BOR
DOC_JUDG_CJ_2023_0243_20240912,ACT_EU_INST_CJEU_JUDG_AG_IE_COL
DOC_JUDG_CJ_2023_0244_P_20250213,ACT_EU_INST_CJEU_JUDG_AG_PL_SZP
DOC_JUDG_CJ_2023_0247_20250313,ACT_EU_INST_CJEU_JUDG_AG_IE_COL
DOC_JUDG_CJ_2023_0248_20240912,ACT_EU_INST_CJEU_JUDG_AG_HR_CAP
DOC_JUDG_CJ_2023_0249_P_20240905,ACT_EU_INST_CJEU_JUDG_AG_PL_SZP
DOC_JUDG_CJ_2023_0252_P_20240620,ACT_EU_INST_CJEU_JUDG_AG_EL_RAN
DOC_JUDG_CJ_2023_0253_20250128,ACT_EU_INST_CJEU_JUDG_AG_PL_SZP
DOC_JUDG_CJ_2023_0254_20250710,ACT_EU_INST_CJEU_JUDG_AG_IE_COL
DOC_JUDG_CJ_2023_0255_20240606,ACT_EU_INST_CJEU_JUDG_AG_IE_COL
DOC_JUDG_CJ_2023_0256_20240905,ACT_EU_INST_CJEU_JUDG_AG_HR_CAP
DOC_JUDG_CJ_2023_0261_P_20240530,ACT_EU_INST_CJEU_JUDG_AG_HR_CAP
DOC_JUDG_CJ_2023_0262_P_20241004,ACT_EU_INST_CJEU_JUDG_AG_CY_EMI
DOC_JUDG_CJ_2023_0264_20240919,ACT_EU_INST_CJEU_JUDG_AG_IE_COL
DOC_JUDG_CJ_2023_0265_20240711,ACT_EU_INST_CJEU_JUDG_AG_EE_PIK
DOC_JUDG_CJ_2023_0266_20240613,ACT_EU_INST_CJEU_JUDG_AG_EL_RAN
DOC_JUDG_CJ_2023_0268_20241004,ACT_EU_INST_CJEU_JUDG_AG_EE_PIK
DOC_JUDG_CJ_2023_0269_P_20241128,ACT_EU_INST_CJEU_JUDG_AG_HR_CAP
DOC_JUDG_CJ_2023_0271_20260127,ACT_EU_INST_CJEU_JUDG_AG_LV_MED
DOC_JUDG_CJ_2023_0273_20240919,ACT_EU_INST_CJEU_JUDG_AG_EL_RAN
DOC_JUDG_CJ_2023_0277_20250116,ACT_EU_INST_CJEU_JUDG_AG_PL_SZP
DOC_JUDG_CJ_2023_0279_20240711,ACT_EU_INST_CJEU_JUDG_AG_EL_RAN
DOC_JUDG_CJ_2023_0281_P_20251023,ACT_EU_INST_CJEU_JUDG_AG_ES_CAM_SAN_BOR
DOC_JUDG_CJ_2023_0283_20240704,ACT_EU_INST_CJEU_JUDG_AG_FR_RIC_TOU
DOC_JUDG_CJ_2023_0284_20240627,ACT_EU_INST_CJEU_JUDG_AG_FR_RIC_TOU
DOC_JUDG_CJ_2023_0286_20240729,ACT_EU_INST_CJEU_JUDG_AG_FR_RIC_TOU
DOC_JUDG_CJ_2023_0289_20241107,ACT_EU_INST_CJEU_JUDG_AG_FR_RIC_TOU
DOC_JUDG_CJ_2023_0291_20241107,ACT_EU_INST_CJEU_JUDG_AG_ES_CAM_SAN_BOR
DOC_JUDG_CJ_2023_0292_20250408,ACT_EU_INST_CJEU_JUDG_AG_IE_COL
DOC_JUDG_CJ_2023_0293_20241128,ACT_EU_INST_CJEU_JUDG_AG_EL_RAN
DOC_JUDG_CJ_2023_0294_P_20251023,ACT_EU_INST_CJEU_JUDG_AG_IT_BIO
DOC_JUDG_CJ_2023_0295_20241219,ACT_EU_INST_CJEU_JUDG_AG_ES_CAM_SAN_BOR
DOC_JUDG_CJ_2023_0296_20240620,ACT_EU_INST_CJEU_JUDG_AG_CY_EMI
DOC_JUDG_CJ_2023_0297_P_20241121,ACT_EU_INST_CJEU_JUDG_AG_DE_KOK
DOC_JUDG_CJ_2023_0299_20250619,ACT_EU_INST_CJEU_JUDG_AG_FR_RIC_TOU
DOC_JUDG_CJ_2023_0300_20241212,ACT_EU_INST_CJEU_JUDG_AG_LV_MED
DOC_JUDG_CJ_2023_0302_20241017,ACT_EU_INST_CJEU_JUDG_AG_HR_CAP
DOC_JUDG_CJ_2023_0304_20241017,ACT_EU_INST_CJEU_JUDG_AG_DE_KOK
DOC_JUDG_CJ_2023_0309_P_20240905,ACT_EU_INST_CJEU_JUDG_AG_PL_SZP
DOC_JUDG_CJ_2023_0313_20250430,ACT_EU_INST_CJEU_JUDG_AG_EE_PIK
DOC_JUDG_CJ_2023_0314_20241004,ACT_EU_INST_CJEU_JUDG_AG_PL_SZP
DOC_JUDG_CJ_2023_0315_20250306,ACT_EU_INST_CJEU_JUDG_AG_EE_PIK
DOC_JUDG_CJ_2023_0318_20250508,ACT_EU_INST_CJEU_JUDG_AG_IE_COL
DOC_JUDG_CJ_2023_0322_20241017,ACT_EU_INST_CJEU_JUDG_AG_DE_KOK
DOC_JUDG_CJ_2023_0324_20250508,ACT_EU_INST_CJEU_JUDG_AG_LV_MED
DOC_JUDG_CJ_2023_0326_20241107,ACT_EU_INST_CJEU_JUDG_AG_CY_EMI
DOC_JUDG_CJ_2023_0329_20240926,ACT_EU_INST_CJEU_JUDG_AG_PL_SZP
DOC_JUDG_CJ_2023_0330_20240926,ACT_EU_INST_CJEU_JUDG_AG_LV_MED
DOC_JUDG_CJ_2023_0331_20241212,ACT_EU_INST_CJEU_JUDG_AG_DE_KOK
DOC_JUDG_CJ_2023_0336_20241121,ACT_EU_INST_CJEU_JUDG_AG_EE_PIK
DOC_JUDG_CJ_2023_0337_20250620,ACT_EU_INST_CJEU_JUDG_AG_IE_COL
DOC_JUDG_CJ_2023_0339_20241024,ACT_EU_INST_CJEU_JUDG_AG_LV_MED
DOC_JUDG_CJ_2023_0340_P_20240926,ACT_EU_INST_CJEU_JUDG_AG_CY_EMI
DOC_JUDG_CJ_2023_0341_20240912,ACT_EU_INST_CJEU_JUDG_AG_HR_CAP
DOC_JUDG_CJ_2023_0344_20240905,ACT_EU_INST_CJEU_JUDG_AG_CY_EMI
DOC_JUDG_CJ_2023_0346_20250116,ACT_EU_INST_CJEU_JUDG_AG_LV_MED
DOC_JUDG_CJ_2023_0347_20241024,ACT_EU_INST_CJEU_JUDG_AG_IE_COL
DOC_JUDG_CJ_2023_0349_20241017,ACT_EU_INST_CJEU_JUDG_AG_FR_RIC_TOU
DOC_JUDG_CJ_2023_0350_20240919,ACT_EU_INST_CJEU_JUDG_AG_DE_KOK
DOC_JUDG_CJ_2023_0351_20250624,ACT_EU_INST_CJEU_JUDG_AG_LV_MED
DOC_JUDG_CJ_2023_0352_20240912,ACT_EU_INST_CJEU_JUDG_AG_FR_RIC_TOU
DOC_JUDG_CJ_2023_0353_P_20250227,ACT_EU_INST_CJEU_JUDG_AG_FR_RIC_TOU
DOC_JUDG_CJ_2023_0364_P_20250612,ACT_EU_INST_CJEU_JUDG_AG_LT_NOR
DOC_JUDG_CJ_2023_0365_20250320,ACT_EU_INST_CJEU_JUDG_AG_EL_RAN
DOC_JUDG_CJ_2023_0366_P_20240425,ACT_EU_INST_CJEU_JUDG_AG_EL_RAN
DOC_JUDG_CJ_2023_0367_20240620,ACT_EU_INST_CJEU_JUDG_AG_HR_CAP
DOC_JUDG_CJ_2023_0368_20240926,ACT_EU_INST_CJEU_JUDG_AG_ES_CAM_SAN_BOR
DOC_JUDG_CJ_2023_0369_20241219,ACT_EU_INST_CJEU_JUDG_AG_HR_CAP
DOC_JUDG_CJ_2023_0370_20241121,ACT_EU_INST_CJEU_JUDG_AG_HR_CAP
DOC_JUDG_CJ_2023_0375_20240704,ACT_EU_INST_CJEU_JUDG_AG_CY_EMI
DOC_JUDG_CJ_2023_0376_20250116,ACT_EU_INST_CJEU_JUDG_AG_DE_KOK
DOC_JUDG_CJ_2023_0379_20241205,ACT_EU_INST_CJEU_JUDG_AG_EE_PIK
DOC_JUDG_CJ_2023_0380_20240613,ACT_EU_INST_CJEU_JUDG_AG_ES_CAM_SAN_BOR
DOC_JUDG_CJ_2023_0381_20240606,ACT_EU_INST_CJEU_JUDG_AG_ES_CAM_SAN_BOR
DOC_JUDG_CJ_2023_0383_20250213,ACT_EU_INST_CJEU_JUDG_AG_LV_MED
DOC_JUDG_CJ_2023_0385_20240613,ACT_EU_INST_CJEU_JUDG_AG_LV_MED
DOC_JUDG_CJ_2023_0386_20250430,ACT_EU_INST_CJEU_JUDG_AG_EL_RAN
DOC_JUDG_CJ_2023_0388_20241212,ACT_EU_INST_CJEU_JUDG_AG_PL_SZP
DOC_JUDG_CJ_2023_0389_20241205,ACT_EU_INST_CJEU_JUDG_AG_ES_CAM_SAN_BOR
DOC_JUDG_CJ_2023_0391_20251016,ACT_EU_INST_CJEU_JUDG_AG_EL_RAN
DOC_JUDG_CJ_2023_0392_20241219,ACT_EU_INST_CJEU_JUDG_AG_ES_CAM_SAN_BOR
DOC_JUDG_CJ_2023_0393_20250213,ACT_EU_INST_CJEU_JUDG_AG_DE_KOK
DOC_JUDG_CJ_2023_0394_20250109,ACT_EU_INST_CJEU_JUDG_AG_PL_SZP
DOC_JUDG_CJ_2023_0395_20250306,ACT_EU_INST_CJEU_JUDG_AG_FR_RIC_TOU
DOC_JUDG_CJ_2023_0397_20250801,ACT_EU_INST_CJEU_JUDG_AG_FR_RIC_TOU
DOC_JUDG_CJ_2023_0398_20241128,ACT_EU_INST_CJEU_JUDG_AG_EE_PIK
DOC_JUDG_CJ_2023_0400_20250116,ACT_EU_INST_CJEU_JUDG_AG_FR_RIC_TOU
DOC_JUDG_CJ_2023_0403_20240926,ACT_EU_INST_CJEU_JUDG_AG_EE_PIK
DOC_JUDG_CJ_2023_0405_20240516,ACT_EU_INST_CJEU_JUDG_AG_EL_RAN
DOC_JUDG_CJ_2023_0408_20241017,ACT_EU_INST_CJEU_JUDG_AG_PL_SZP
DOC_JUDG_CJ_2023_0409_20241017,ACT_EU_INST_CJEU_JUDG_AG_FR_RIC_TOU
DOC_JUDG_CJ_2023_0410_20250508,ACT_EU_INST_CJEU_JUDG_AG_EL_RAN
DOC_JUDG_CJ_2023_0411_20240613,ACT_EU_INST_CJEU_JUDG_AG_LV_MED
DOC_JUDG_CJ_2023_0412_20240919,ACT_EU_INST_CJEU_JUDG_AG_EL_RAN
DOC_JUDG_CJ_2023_0413_P_20250904,ACT_EU_INST_CJEU_JUDG_AG_LU_SPI
DOC_JUDG_CJ_2023_0414_20250515,ACT_EU_INST_CJEU_JUDG_AG_ES_CAM_SAN_BOR
DOC_JUDG_CJ_2023_0415_P_20250612,ACT_EU_INST_CJEU_JUDG_AG_ES_CAM_SAN_BOR
DOC_JUDG_CJ_2023_0416_20250109,ACT_EU_INST_CJEU_JUDG_AG_FR_RIC_TOU
DOC_JUDG_CJ_2023_0417_20251218,ACT_EU_INST_CJEU_JUDG_AG_HR_CAP
DOC_JUDG_CJ_2023_0419_20241212,ACT_EU_INST_CJEU_JUDG_AG_DE_KOK
DOC_JUDG_CJ_2023_0420_20240620,ACT_EU_INST_CJEU_JUDG_AG_DE_KOK
DOC_JUDG_CJ_2023_0421_20250123,ACT_EU_INST_CJEU_JUDG_AG_FR_RIC_TOU
DOC_JUDG_CJ_2023_0422_20250801,ACT_EU_INST_CJEU_JUDG_AG_HR_CAP
DOC_JUDG_CJ_2023_0423_20260122,ACT_EU_INST_CJEU_JUDG_AG_EL_RAN
DOC_JUDG_CJ_2023_0424_20250116,ACT_EU_INST_CJEU_JUDG_AG_ES_CAM_SAN_BOR
DOC_JUDG_CJ_2023_0427_20250801,ACT_EU_INST_CJEU_JUDG_AG_DE_KOK
DOC_JUDG_CJ_2023_0429_20240912,ACT_EU_INST_CJEU_JUDG_AG_PL_SZP
DOC_JUDG_CJ_2023_0430_P_20240704,ACT_EU_INST_CJEU_JUDG_AG_HR_CAP
DOC_JUDG_CJ_2023_0431_20250403,ACT_EU_INST_CJEU_JUDG_AG_EL_RAN
DOC_JUDG_CJ_2023_0432_20240926,ACT_EU_INST_CJEU_JUDG_AG_DE_KOK
DOC_JUDG_CJ_2023_0433_20251218,ACT_EU_INST_CJEU_JUDG_AG_HR_CAP
DOC_JUDG_CJ_2023_0436_20241212,ACT_EU_INST_CJEU_JUDG_AG_CY_EMI
DOC_JUDG_CJ_2023_0438_20241004,ACT_EU_INST_CJEU_JUDG_AG_HR_CAP
DOC_JUDG_CJ_2023_0439_20240919,ACT_EU_INST_CJEU_JUDG_AG_DE_KOK
DOC_JUDG_CJ_2023_0441_20241024,ACT_EU_INST_CJEU_JUDG_AG_EL_RAN
DOC_JUDG_CJ_2023_0448_20251218,ACT_EU_INST_CJEU_JUDG_AG_LU_SPI
DOC_JUDG_CJ_2023_0452_20250429,ACT_EU_INST_CJEU_JUDG_AG_ES_CAM_SAN_BOR
DOC_JUDG_CJ_2023_0453_20250429,ACT_EU_INST_CJEU_JUDG_AG_DE_KOK
DOC_JUDG_CJ_2023_0454_20250227,ACT_EU_INST_CJEU_JUDG_AG_LV_MED
DOC_JUDG_CJ_2023_0460_20250603,ACT_EU_INST_CJEU_JUDG_AG_FR_RIC_TOU
DOC_JUDG_CJ_2023_0461_20241017,ACT_EU_INST_CJEU_JUDG_AG_ES_CAM_SAN_BOR
DOC_JUDG_CJ_2023_0462_20250403,ACT_EU_INST_CJEU_JUDG_AG_DE_KOK
DOC_JUDG_CJ_2023_0464_P_20250626,ACT_EU_INST_CJEU_JUDG_AG_LV_MED
DOC_JUDG_CJ_2023_0466_P_20250626,ACT_EU_INST_CJEU_JUDG_AG_LV_MED
DOC_JUDG_CJ_2023_0469_P_20250626,ACT_EU_INST_CJEU_JUDG_AG_LV_MED
DOC_JUDG_CJ_2023_0471_20250306,ACT_EU_INST_CJEU_JUDG_AG_HR_CAP
DOC_JUDG_CJ_2023_0472_20250213,ACT_EU_INST_CJEU_JUDG_AG_LV_MED
DOC_JUDG_CJ_2023_0475_20241004,ACT_EU_INST_CJEU_JUDG_AG_EL_RAN
DOC_JUDG_CJ_2023_0476_20241024,ACT_EU_INST_CJEU_JUDG_AG_ES_CAM_SAN_BOR
DOC_JUDG_CJ_2023_0480_20250320,ACT_EU_INST_CJEU_JUDG_AG_CY_EMI
DOC_JUDG_CJ_2023_0481_20250410,ACT_EU_INST_CJEU_JUDG_AG_FR_RIC_TOU
DOC_JUDG_CJ_2023_0482_20251016,ACT_EU_INST_CJEU_JUDG_AG_EL_RAN
DOC_JUDG_CJ_2023_0484_P_20250626,ACT_EU_INST_CJEU_JUDG_AG_LV_MED
DOC_JUDG_CJ_2023_0485_P_20250626,ACT_EU_INST_CJEU_JUDG_AG_LV_MED
DOC_JUDG_CJ_2023_0487_20240711,ACT_EU_INST_CJEU_JUDG_AG_EL_RAN
DOC_JUDG_CJ_2023_0489_20250904,ACT_EU_INST_CJEU_JUDG_AG_LU_SPI
DOC_JUDG_CJ_2023_0490_P_20250123,ACT_EU_INST_CJEU_JUDG_AG_CY_EMI
DOC_JUDG_CJ_2023_0492_20251202,ACT_EU_INST_CJEU_JUDG_AG_PL_SZP
DOC_JUDG_CJ_2023_0494_20241004,ACT_EU_INST_CJEU_JUDG_AG_ES_CAM_SAN_BOR
DOC_JUDG_CJ_2023_0499_20251113,ACT_EU_INST_CJEU_JUDG_AG_PL_SZP
DOC_JUDG_CJ_2023_0501_20240919,ACT_EU_INST_CJEU_JUDG_AG_LV_MED
DOC_JUDG_CJ_2023_0503_20241107,ACT_EU_INST_CJEU_JUDG_AG_HR_CAP
DOC_JUDG_CJ_2023_0506_20241205,ACT_EU_INST_CJEU_JUDG_AG_HR_CAP
DOC_JUDG_CJ_2023_0507_20241004,ACT_EU_INST_CJEU_JUDG_AG_PL_SZP
DOC_JUDG_CJ_2023_0509_20250619,ACT_EU_INST_CJEU_JUDG_AG_EE_PIK
DOC_JUDG_CJ_2023_0510_20250130,ACT_EU_INST_CJEU_JUDG_AG_EE_PIK
DOC_JUDG_CJ_2023_0511_20250130,ACT_EU_INST_CJEU_JUDG_AG_EE_PIK
DOC_JUDG_CJ_2023_0513_20241024,ACT_EU_INST_CJEU_JUDG_AG_ES_CAM_SAN_BOR
DOC_JUDG_CJ_2023_0514_20250801,ACT_EU_INST_CJEU_JUDG_AG_EL_RAN
DOC_JUDG_CJ_2023_0515_20250327,ACT_EU_INST_CJEU_JUDG_AG_HR_CAP
DOC_JUDG_CJ_2023_0516_20250116,ACT_EU_INST_CJEU_JUDG_AG_EE_PIK
DOC_JUDG_CJ_2023_0517_20250227,ACT_EU_INST_CJEU_JUDG_AG_PL_SZP
DOC_JUDG_CJ_2023_0518_20250123,ACT_EU_INST_CJEU_JUDG_AG_PL_SZP
DOC_JUDG_CJ_2023_0524_20260226,ACT_EU_INST_CJEU_JUDG_AG_DE_KOK
DOC_JUDG_CJ_2023_0525_20251113,ACT_EU_INST_CJEU_JUDG_AG_CY_EMI
DOC_JUDG_CJ_2023_0526_20241128,ACT_EU_INST_CJEU_JUDG_AG_FR_RIC_TOU
DOC_JUDG_CJ_2023_0527_20241212,ACT_EU_INST_CJEU_JUDG_AG_FR_RIC_TOU
DOC_JUDG_CJ_2023_0529_P_20250703,ACT_EU_INST_CJEU_JUDG_AG_LV_MED
DOC_JUDG_CJ_2023_0530_20250508,ACT_EU_INST_CJEU_JUDG_AG_HR_CAP
DOC_JUDG_CJ_2023_0531_20241219,ACT_EU_INST_CJEU_JUDG_AG_PL_SZP
DOC_JUDG_CJ_2023_0534_P_20250703,ACT_EU_INST_CJEU_JUDG_AG_LT_NOR
DOC_JUDG_CJ_2023_0536_20250430,ACT_EU_INST_CJEU_JUDG_AG_FR_RIC_TOU
DOC_JUDG_CJ_2023_0537_20250227,ACT_EU_INST_CJEU_JUDG_AG_IE_COL
DOC_JUDG_CJ_2023_0538_20250522,ACT_EU_INST_CJEU_JUDG_AG_HR_CAP
DOC_JUDG_CJ_2023_0540_P_20260205,ACT_EU_INST_CJEU_JUDG_AG_PL_SZP
DOC_JUDG_CJ_2023_0543_20250904,ACT_EU_INST_CJEU_JUDG_AG_DE_KOK
DOC_JUDG_CJ_2023_0544_20250801,ACT_EU_INST_CJEU_JUDG_AG_FR_RIC_TOU
DOC_JUDG_CJ_2023_0546_P_20241121,ACT_EU_INST_CJEU_JUDG_AG_EE_PIK
DOC_JUDG_CJ_2023_0547_P_20250116,ACT_EU_INST_CJEU_JUDG_AG_EL_RAN
DOC_JUDG_CJ_2023_0554_P_20250430,ACT_EU_INST_CJEU_JUDG_AG_LV_MED
DOC_JUDG_CJ_2023_0555_20250626,ACT_EU_INST_CJEU_JUDG_AG_HR_CAP
DOC_JUDG_CJ_2023_0557_20240912,ACT_EU_INST_CJEU_JUDG_AG_ES_CAM_SAN_BOR
DOC_JUDG_CJ_2023_0560_20251218,ACT_EU_INST_CJEU_JUDG_AG_FR_RIC_TOU
DOC_JUDG_CJ_2023_0561_P_20240711,ACT_EU_INST_CJEU_JUDG_AG_FR_RIC_TOU
DOC_JUDG_CJ_2023_0562_20250227,ACT_EU_INST_CJEU_JUDG_AG_EE_PIK
DOC_JUDG_CJ_2023_0566_P_20240912,ACT_EU_INST_CJEU_JUDG_AG_EE_PIK
DOC_JUDG_CJ_2023_0571_P_20240912,ACT_EU_INST_CJEU_JUDG_AG_EE_PIK
DOC_JUDG_CJ_2023_0572_P_20260205,ACT_EU_INST_CJEU_JUDG_AG_PL_SZP
DOC_JUDG_CJ_2023_0574_P_20240912,ACT_EU_INST_CJEU_JUDG_AG_EE_PIK
DOC_JUDG_CJ_2023_0575_20250306,ACT_EU_INST_CJEU_JUDG_AG_PL_SZP
DOC_JUDG_CJ_2023_0577_20250123,ACT_EU_INST_CJEU_JUDG_AG_EL_RAN
DOC_JUDG_CJ_2023_0578_20250109,ACT_EU_INST_CJEU_JUDG_AG_ES_CAM_SAN_BOR
DOC_JUDG_CJ_2023_0579_P_20241004,ACT_EU_INST_CJEU_JUDG_AG_ES_CAM_SAN_BOR
DOC_JUDG_CJ_2023_0580_20251204,ACT_EU_INST_CJEU_JUDG_AG_PL_SZP
DOC_JUDG_CJ_2023_0581_20250508,ACT_EU_INST_CJEU_JUDG_AG_LV_MED
DOC_JUDG_CJ_2023_0582_20250703,ACT_EU_INST_CJEU_JUDG_AG_LU_SPI
DOC_JUDG_CJ_2023_0583_20250109,ACT_EU_INST_CJEU_JUDG_AG_IE_COL
DOC_JUDG_CJ_2023_0584_20250410,ACT_EU_INST_CJEU_JUDG_AG_LT_NOR
DOC_JUDG_CJ_2023_0586_P_20250130,ACT_EU_INST_CJEU_JUDG_AG_LV_MED
DOC_JUDG_CJ_2023_0587_P_20250320,ACT_EU_INST_CJEU_JUDG_AG_FR_RIC_TOU
DOC_JUDG_CJ_2023_0588_20250116,ACT_EU_INST_CJEU_JUDG_AG_EL_RAN
DOC_JUDG_CJ_2023_0589_20250313,ACT_EU_INST_CJEU_JUDG_AG_LT_NOR
DOC_JUDG_CJ_2023_0591_20241219,ACT_EU_INST_CJEU_JUDG_AG_IE_COL
DOC_JUDG_CJ_2023_0594_20241107,ACT_EU_INST_CJEU_JUDG_AG_HR_CAP
DOC_JUDG_CJ_2023_0596_20241219,ACT_EU_INST_CJEU_JUDG_AG_EE_PIK
DOC_JUDG_CJ_2023_0600_20250801,ACT_EU_INST_CJEU_JUDG_AG_HR_CAP
DOC_JUDG_CJ_2023_0601_20241219,ACT_EU_INST_CJEU_JUDG_AG_IE_COL
DOC_JUDG_CJ_2023_0602_20250430,ACT_EU_INST_CJEU_JUDG_AG_ES_CAM_SAN_BOR
DOC_JUDG_CJ_2023_0605_20250703,ACT_EU_INST_CJEU_JUDG_AG_ES_CAM_SAN_BOR
DOC_JUDG_CJ_2023_0606_20241205,ACT_EU_INST_CJEU_JUDG_AG_DE_KOK
DOC_JUDG_CJ_2023_0610_20250703,ACT_EU_INST_CJEU_JUDG_AG_LV_MED
DOC_JUDG_CJ_2023_0612_20250213,ACT_EU_INST_CJEU_JUDG_AG_FR_RIC_TOU
DOC_JUDG_CJ_2023_0613_20241114,ACT_EU_INST_CJEU_JUDG_AG_HR_CAP
DOC_JUDG_CJ_2023_0615_20250508,ACT_EU_INST_CJEU_JUDG_AG_DE_KOK
DOC_JUDG_CJ_2023_0618_20250626,ACT_EU_INST_CJEU_JUDG_AG_ES_CAM_SAN_BOR
DOC_JUDG_CJ_2023_0620_20250306,ACT_EU_INST_CJEU_JUDG_AG_HR_CAP
DOC_JUDG_CJ_2023_0621_P_20250522,ACT_EU_INST_CJEU_JUDG_AG_DE_KOK
DOC_JUDG_CJ_2023_0622_20241128,ACT_EU_INST_CJEU_JUDG_AG_DE_KOK
DOC_JUDG_CJ_2023_0623_20250515,ACT_EU_INST_CJEU_JUDG_AG_LT_NOR
DOC_JUDG_CJ_2023_0624_20241121,ACT_EU_INST_CJEU_JUDG_AG_IE_COL
DOC_JUDG_CJ_2023_0625_20250213,ACT_EU_INST_CJEU_JUDG_AG_ES_CAM_SAN_BOR
DOC_JUDG_CJ_2023_0627_20250109,ACT_EU_INST_CJEU_JUDG_AG_FR_RIC_TOU
DOC_JUDG_CJ_2023_0629_20250612,ACT_EU_INST_CJEU_JUDG_AG_DE_KOK
DOC_JUDG_CJ_2023_0630_20250430,ACT_EU_INST_CJEU_JUDG_AG_LU_SPI
DOC_JUDG_CJ_2023_0631_20251120,ACT_EU_INST_CJEU_JUDG_AG_FR_RIC_TOU
DOC_JUDG_CJ_2023_0632_20251113,ACT_EU_INST_CJEU_JUDG_AG_EL_RAN
DOC_JUDG_CJ_2023_0633_20251218,ACT_EU_INST_CJEU_JUDG_AG_EL_RAN
DOC_JUDG_CJ_2023_0635_20250710,ACT_EU_INST_CJEU_JUDG_AG_EL_RAN
DOC_JUDG_CJ_2023_0636_20250801,ACT_EU_INST_CJEU_JUDG_AG_LU_SPI
DOC_JUDG_CJ_2023_0638_20250227,ACT_EU_INST_CJEU_JUDG_AG_ES_CAM_SAN_BOR
DOC_JUDG_CJ_2023_0640_20250313,ACT_EU_INST_CJEU_JUDG_AG_LT_NOR
DOC_JUDG_CJ_2023_0641_20260115,ACT_EU_INST_CJEU_JUDG_AG_FR_RIC_TOU
DOC_JUDG_CJ_2023_0642_20250116,ACT_EU_INST_CJEU_JUDG_AG_LV_MED
DOC_JUDG_CJ_2023_0643_20241114,ACT_EU_INST_CJEU_JUDG_AG_EE_PIK
DOC_JUDG_CJ_2023_0644_20250116,ACT_EU_INST_CJEU_JUDG_AG_FR_RIC_TOU
DOC_JUDG_CJ_2023_0645_20250619,ACT_EU_INST_CJEU_JUDG_AG_PL_SZP
DOC_JUDG_CJ_2023_0646_20250703,ACT_EU_INST_CJEU_JUDG_AG_HR_CAP
DOC_JUDG_CJ_2023_0650_20241017,ACT_EU_INST_CJEU_JUDG_AG_LV_MED
DOC_JUDG_CJ_2023_0653_20250703,ACT_EU_INST_CJEU_JUDG_AG_EL_RAN
DOC_JUDG_CJ_2023_0654_20251113,ACT_EU_INST_CJEU_JUDG_AG_PL_SZP
DOC_JUDG_CJ_2023_0655_20250904,ACT_EU_INST_CJEU_JUDG_AG_ES_CAM_SAN_BOR
DOC_JUDG_CJ_2023_0657_20250410,ACT_EU_INST_CJEU_JUDG_AG_ES_CAM_SAN_BOR
DOC_JUDG_CJ_2023_0662_20250508,ACT_EU_INST_CJEU_JUDG_AG_LV_MED
DOC_JUDG_CJ_2023_0664_20241219,ACT_EU_INST_CJEU_JUDG_AG_EE_PIK
DOC_JUDG_CJ_2023_0665_20250801,ACT_EU_INST_CJEU_JUDG_AG_LV_MED
DOC_JUDG_CJ_2023_0666_20250801,ACT_EU_INST_CJEU_JUDG_AG_EL_RAN
DOC_JUDG_CJ_2023_0671_20250619,ACT_EU_INST_CJEU_JUDG_AG_FR_RIC_TOU
DOC_JUDG_CJ_2023_0674_20250227,ACT_EU_INST_CJEU_JUDG_AG_EL_RAN
DOC_JUDG_CJ_2023_0677_20250123,ACT_EU_INST_CJEU_JUDG_AG_IE_COL
DOC_JUDG_CJ_2023_0678_20251113,ACT_EU_INST_CJEU_JUDG_AG_EL_RAN
DOC_JUDG_CJ_2023_0679_P_20251218,ACT_EU_INST_CJEU_JUDG_AG_HR_CAP
DOC_JUDG_CJ_2023_0680_20241205,ACT_EU_INST_CJEU_JUDG_AG_HR_CAP
DOC_JUDG_CJ_2023_0681_P_20250508,ACT_EU_INST_CJEU_JUDG_AG_DE_KOK
DOC_JUDG_CJ_2023_0682_20251023,ACT_EU_INST_CJEU_JUDG_AG_LU_SPI
DOC_JUDG_CJ_2023_0684_20250213,ACT_EU_INST_CJEU_JUDG_AG_HR_CAP
DOC_JUDG_CJ_2023_0685_20250605,ACT_EU_INST_CJEU_JUDG_AG_IT_BIO
DOC_JUDG_CJ_2023_0686_P_20250403,ACT_EU_INST_CJEU_JUDG_AG_DE_KOK
DOC_JUDG_CJ_2023_0687_20250911,ACT_EU_INST_CJEU_JUDG_AG_HR_CAP
DOC_JUDG_CJ_2023_0692_20260115,ACT_EU_INST_CJEU_JUDG_AG_EL_RAN
DOC_JUDG_CJ_2023_0697_20250508,ACT_EU_INST_CJEU_JUDG_AG_ES_CAM_SAN_BOR
DOC_JUDG_CJ_2023_0699_20250430,ACT_EU_INST_CJEU_JUDG_AG_LU_SPI
DOC_JUDG_CJ_2023_0701_20250403,ACT_EU_INST_CJEU_JUDG_AG_LU_SPI
DOC_JUDG_CJ_2023_0702_P_20250801,ACT_EU_INST_CJEU_JUDG_AG_LV_MED
DOC_JUDG_CJ_2023_0703_P_20250801,ACT_EU_INST_CJEU_JUDG_AG_LV_MED
DOC_JUDG_CJ_2023_0710_20250403,ACT_EU_INST_CJEU_JUDG_AG_FR_RIC_TOU
DOC_JUDG_CJ_2023_0713_20251125,ACT_EU_INST_CJEU_JUDG_AG_FR_RIC_TOU
DOC_JUDG_CJ_2023_0715_20250710,ACT_EU_INST_CJEU_JUDG_AG_LT_NOR
DOC_JUDG_CJ_2023_0717_20250515,ACT_EU_INST_CJEU_JUDG_AG_PL_SZP
DOC_JUDG_CJ_2023_0718_20251016,ACT_EU_INST_CJEU_JUDG_AG_EL_RAN
DOC_JUDG_CJ_2023_0723_20250410,ACT_EU_INST_CJEU_JUDG_AG_FR_RIC_TOU
DOC_JUDG_CJ_2023_0725_20241212,ACT_EU_INST_CJEU_JUDG_AG_EL_RAN
DOC_JUDG_CJ_2023_0726_20250904,ACT_EU_INST_CJEU_JUDG_AG_FR_RIC_TOU
DOC_JUDG_CJ_2023_0727_P_20260129,ACT_EU_INST_CJEU_JUDG_AG_LT_NOR
DOC_JUDG_CJ_2023_0729_P_20251127,ACT_EU_INST_CJEU_JUDG_AG_HR_CAP
DOC_JUDG_CJ_2023_0731_P_20251218,ACT_EU_INST_CJEU_JUDG_AG_CY_EMI
DOC_JUDG_CJ_2023_0733_20250703,ACT_EU_INST_CJEU_JUDG_AG_ES_CAM_SAN_BOR
DOC_JUDG_CJ_2023_0743_20251211,ACT_EU_INST_CJEU_JUDG_AG_EL_RAN
DOC_JUDG_CJ_2023_0744_20251023,ACT_EU_INST_CJEU_JUDG_AG_DE_KOK
DOC_JUDG_CJ_2023_0745_20250430,ACT_EU_INST_CJEU_JUDG_AG_HR_CAP
DOC_JUDG_CJ_2023_0746_20250313,ACT_EU_INST_CJEU_JUDG_AG_EL_RAN
DOC_JUDG_CJ_2023_0749_20250605,ACT_EU_INST_CJEU_JUDG_AG_DE_KOK
DOC_JUDG_CJ_2023_0753_20250227,ACT_EU_INST_CJEU_JUDG_AG_PL_SZP
DOC_JUDG_CJ_2023_0759_20250626,ACT_EU_INST_CJEU_JUDG_AG_CY_EMI
DOC_JUDG_CJ_2023_0760_20251023,ACT_EU_INST_CJEU_JUDG_AG_ES_CAM_SAN_BOR
DOC_JUDG_CJ_2023_0762_20250605,ACT_EU_INST_CJEU_JUDG_AG_LU_SPI
DOC_JUDG_CJ_2023_0764_20250911,ACT_EU_INST_CJEU_JUDG_AG_EL_RAN
DOC_JUDG_CJ_2023_0769_20251218,ACT_EU_INST_CJEU_JUDG_AG_LT_NOR
DOC_JUDG_CJ_2023_0772_P_20241212,ACT_EU_INST_CJEU_JUDG_AG_IE_COL
DOC_JUDG_CJ_2023_0776_P_20250626,ACT_EU_INST_CJEU_JUDG_AG_EL_RAN
DOC_JUDG_CJ_2023_0781_20241212,ACT_EU_INST_CJEU_JUDG_AG_DE_KOK
DOC_JUDG_CJ_2023_0782_20250515,ACT_EU_INST_CJEU_JUDG_AG_ES_CAM_SAN_BOR
DOC_JUDG_CJ_2023_0783_20250710,ACT_EU_INST_CJEU_JUDG_AG_ES_CAM_SAN_BOR
DOC_JUDG_CJ_2023_0784_20250801,ACT_EU_INST_CJEU_JUDG_AG_DE_KOK
DOC_JUDG_CJ_2023_0785_20250619,ACT_EU_INST_CJEU_JUDG_AG_PL_SZP
DOC_JUDG_CJ_2023_0789_20251211,ACT_EU_INST_CJEU_JUDG_AG_PL_SZP
DOC_JUDG_CJ_2023_0790_20251030,ACT_EU_INST_CJEU_JUDG_AG_FR_RIC_TOU
DOC_JUDG_CJ_2023_0791_P_20250515,ACT_EU_INST_CJEU_JUDG_AG_LV_MED
DOC_JUDG_CJ_2023_0792_P_20250515,ACT_EU_INST_CJEU_JUDG_AG_LV_MED
DOC_JUDG_CJ_2023_0793_P_20250515,ACT_EU_INST_CJEU_JUDG_AG_LV_MED
DOC_JUDG_CJ_2023_0794_20250801,ACT_EU_INST_CJEU_JUDG_AG_DE_KOK
DOC_JUDG_CJ_2023_0796_20251211,ACT_EU_INST_CJEU_JUDG_AG_DE_KOK
DOC_JUDG_CJ_2023_0798_20251009,ACT_EU_INST_CJEU_JUDG_AG_FR_RIC_TOU
DOC_JUDG_CJ_2023_0802_20250911,ACT_EU_INST_CJEU_JUDG_AG_LU_SPI
DOC_JUDG_CJ_2023_0803_P_20251113,ACT_EU_INST_CJEU_JUDG_AG_EL_RAN
DOC_JUDG_CJ_2023_0806_P_20251113,ACT_EU_INST_CJEU_JUDG_AG_EL_RAN
DOC_JUDG_CJ_2023_0807_20250403,ACT_EU_INST_CJEU_JUDG_AG_EE_PIK
DOC_JUDG_CJ_2023_0808_20250703,ACT_EU_INST_CJEU_JUDG_AG_DE_KOK
DOC_JUDG_CJ_2023_0809_20250320,ACT_EU_INST_CJEU_JUDG_AG_ES_CAM_SAN_BOR
DOC_JUDG_CJ_2023_0811_P_20260129,ACT_EU_INST_CJEU_JUDG_AG_HR_CAP
DOC_JUDG_CJ_2024_0002_P_20251023,ACT_EU_INST_CJEU_JUDG_AG_EL_RAN
DOC_JUDG_CJ_2024_0003_20241205,ACT_EU_INST_CJEU_JUDG_AG_EE_PIK
DOC_JUDG_CJ_2024_0004_P_20251113,ACT_EU_INST_CJEU_JUDG_AG_LV_MED
DOC_JUDG_CJ_2024_0005_20250911,ACT_EU_INST_CJEU_JUDG_AG_EL_RAN
DOC_JUDG_CJ_2024_0006_20250508,ACT_EU_INST_CJEU_JUDG_AG_LU_SPI
DOC_JUDG_CJ_2024_0007_20250612,ACT_EU_INST_CJEU_JUDG_AG_LT_NOR
DOC_JUDG_CJ_2024_0009_P_20251113,ACT_EU_INST_CJEU_JUDG_AG_EL_RAN
DOC_JUDG_CJ_2024_0013_P_20251113,ACT_EU_INST_CJEU_JUDG_AG_EL_RAN
DOC_JUDG_CJ_2024_0015_PPU_20240514,ACT_EU_INST_CJEU_JUDG_AG_IE_COL
DOC_JUDG_CJ_2024_0016_20250227,ACT_EU_INST_CJEU_JUDG_AG_HR_CAP
DOC_JUDG_CJ_2024_0017_20250619,ACT_EU_INST_CJEU_JUDG_AG_IT_BIO
DOC_JUDG_CJ_2024_0018_20260122,ACT_EU_INST_CJEU_JUDG_AG_PL_SZP
DOC_JUDG_CJ_2024_0020_20250306,ACT_EU_INST_CJEU_JUDG_AG_LT_NOR
DOC_JUDG_CJ_2024_0021_20250904,ACT_EU_INST_CJEU_JUDG_AG_LV_MED
DOC_JUDG_CJ_2024_0032_P_20250227,ACT_EU_INST_CJEU_JUDG_AG_HR_CAP
DOC_JUDG_CJ_2024_0034_20251202,ACT_EU_INST_CJEU_JUDG_AG_ES_CAM_SAN_BOR
DOC_JUDG_CJ_2024_0037_20250710,ACT_EU_INST_CJEU_JUDG_AG_PL_SZP
DOC_JUDG_CJ_2024_0038_20250911,ACT_EU_INST_CJEU_JUDG_AG_EL_RAN
DOC_JUDG_CJ_2024_0039_20250430,ACT_EU_INST_CJEU_JUDG_AG_LU_SPI
DOC_JUDG_CJ_2024_0041_20250306,ACT_EU_INST_CJEU_JUDG_AG_DE_KOK
DOC_JUDG_CJ_2024_0042_20250206,ACT_EU_INST_CJEU_JUDG_AG_ES_CAM_SAN_BOR
DOC_JUDG_CJ_2024_0045_20260115,ACT_EU_INST_CJEU_JUDG_AG_LT_NOR
DOC_JUDG_CJ_2024_0048_20260212,ACT_EU_INST_CJEU_JUDG_AG_CY_EMI
DOC_JUDG_CJ_2024_0057_20250327,ACT_EU_INST_CJEU_JUDG_AG_ES_CAM_SAN_BOR
DOC_JUDG_CJ_2024_0059_P_20251016,ACT_EU_INST_CJEU_JUDG_AG_EL_RAN
DOC_JUDG_CJ_2024_0061_20250320,ACT_EU_INST_CJEU_JUDG_AG_ES_CAM_SAN_BOR
DOC_JUDG_CJ_2024_0063_20250430,ACT_EU_INST_CJEU_JUDG_AG_LV_MED
DOC_JUDG_CJ_2024_0067_20250327,ACT_EU_INST_CJEU_JUDG_AG_FR_RIC_TOU
DOC_JUDG_CJ_2024_0068_20250801,ACT_EU_INST_CJEU_JUDG_AG_DE_KOK
DOC_JUDG_CJ_2024_0069_20250801,ACT_EU_INST_CJEU_JUDG_AG_DE_KOK
DOC_JUDG_CJ_2024_0070_20250801,ACT_EU_INST_CJEU_JUDG_AG_DE_KOK
DOC_JUDG_CJ_2024_0072_20260129,ACT_EU_INST_CJEU_JUDG_AG_LT_NOR
DOC_JUDG_CJ_2024_0075_P_20260115,ACT_EU_INST_CJEU_JUDG_AG_LU_SPI
DOC_JUDG_CJ_2024_0076_20250801,ACT_EU_INST_CJEU_JUDG_AG_LU_SPI
DOC_JUDG_CJ_2024_0077_20260115,ACT_EU_INST_CJEU_JUDG_AG_CY_EMI
DOC_JUDG_CJ_2024_0080_20251009,ACT_EU_INST_CJEU_JUDG_AG_LV_MED
DOC_JUDG_CJ_2024_0082_20250605,ACT_EU_INST_CJEU_JUDG_AG_ES_CAM_SAN_BOR
DOC_JUDG_CJ_2024_0085_20250227,ACT_EU_INST_CJEU_JUDG_AG_LU_SPI
DOC_JUDG_CJ_2024_0086_20251002,ACT_EU_INST_CJEU_JUDG_AG_LT_NOR
DOC_JUDG_CJ_2024_0087_20251023,ACT_EU_INST_CJEU_JUDG_AG_EL_RAN
DOC_JUDG_CJ_2024_0092_20250801,ACT_EU_INST_CJEU_JUDG_AG_DE_KOK
DOC_JUDG_CJ_2024_0097_20250801,ACT_EU_INST_CJEU_JUDG_AG_LV_MED
DOC_JUDG_CJ_2024_0099_20250710,ACT_EU_INST_CJEU_JUDG_AG_FR_RIC_TOU
DOC_JUDG_CJ_2024_0100_20250515,ACT_EU_INST_CJEU_JUDG_AG_CY_EMI
DOC_JUDG_CJ_2024_0101_20251009,ACT_EU_INST_CJEU_JUDG_AG_PL_SZP
DOC_JUDG_CJ_2024_0110_20251009,ACT_EU_INST_CJEU_JUDG_AG_FR_RIC_TOU
DOC_JUDG_CJ_2024_0114_P_20250703,ACT_EU_INST_CJEU_JUDG_AG_DE_KOK
DOC_JUDG_CJ_2024_0115_20250911,ACT_EU_INST_CJEU_JUDG_AG_EL_RAN
DOC_JUDG_CJ_2024_0116_20250320,ACT_EU_INST_CJEU_JUDG_AG_LU_SPI
DOC_JUDG_CJ_2024_0117_20251113,ACT_EU_INST_CJEU_JUDG_AG_LT_NOR
DOC_JUDG_CJ_2024_0120_20250313,ACT_EU_INST_CJEU_JUDG_AG_CY_EMI
DOC_JUDG_CJ_2024_0121_20251211,ACT_EU_INST_CJEU_JUDG_AG_DE_KOK
DOC_JUDG_CJ_2024_0124_P_20260115,ACT_EU_INST_CJEU_JUDG_AG_HR_CAP
DOC_JUDG_CJ_2024_0125_20250612,ACT_EU_INST_CJEU_JUDG_AG_DE_KOK
DOC_JUDG_CJ_2024_0126_P_20260115,ACT_EU_INST_CJEU_JUDG_AG_HR_CAP
DOC_JUDG_CJ_2024_0128_20250227,ACT_EU_INST_CJEU_JUDG_AG_LU_SPI
DOC_JUDG_CJ_2024_0129_20260115,ACT_EU_INST_CJEU_JUDG_AG_LV_MED
DOC_JUDG_CJ_2024_0130_20250508,ACT_EU_INST_CJEU_JUDG_AG_LT_NOR
DOC_JUDG_CJ_2024_0131_20260226,ACT_EU_INST_CJEU_JUDG_AG_DE_KOK
DOC_JUDG_CJ_2024_0134_20251030,ACT_EU_INST_CJEU_JUDG_AG_LT_NOR
DOC_JUDG_CJ_2024_0135_20250313,ACT_EU_INST_CJEU_JUDG_AG_LT_NOR
DOC_JUDG_CJ_2024_0136_P_20251218,ACT_EU_INST_CJEU_JUDG_AG_LT_NOR
DOC_JUDG_CJ_2024_0137_P_20251127,ACT_EU_INST_CJEU_JUDG_AG_HR_CAP
DOC_JUDG_CJ_2024_0142_20251113,ACT_EU_INST_CJEU_JUDG_AG_ES_CAM_SAN_BOR
DOC_JUDG_CJ_2024_0144_20260122,ACT_EU_INST_CJEU_JUDG_AG_EL_RAN
DOC_JUDG_CJ_2024_0146_P_20251030,ACT_EU_INST_CJEU_JUDG_AG_LU_SPI
DOC_JUDG_CJ_2024_0161_20251218,ACT_EU_INST_CJEU_JUDG_AG_PL_SZP
DOC_JUDG_CJ_2024_0164_20250403,ACT_EU_INST_CJEU_JUDG_AG_DE_KOK
DOC_JUDG_CJ_2024_0168_20251218,ACT_EU_INST_CJEU_JUDG_AG_CY_EMI
DOC_JUDG_CJ_2024_0182_20251218,ACT_EU_INST_CJEU_JUDG_AG_ES_CAM_SAN_BOR
DOC_JUDG_CJ_2024_0184_20251218,ACT_EU_INST_CJEU_JUDG_AG_FR_RIC_TOU
DOC_JUDG_CJ_2024_0185_20241219,ACT_EU_INST_CJEU_JUDG_AG_PL_SZP
DOC_JUDG_CJ_2024_0186_20250327,ACT_EU_INST_CJEU_JUDG_AG_ES_CAM_SAN_BOR
DOC_JUDG_CJ_2024_0197_20251113,ACT_EU_INST_CJEU_JUDG_AG_LU_SPI
DOC_JUDG_CJ_2024_0200_20250619,ACT_EU_INST_CJEU_JUDG_AG_CY_EMI
DOC_JUDG_CJ_2024_0202_20240729,ACT_EU_INST_CJEU_JUDG_AG_PL_SZP
DOC_JUDG_CJ_2024_0203_20250904,ACT_EU_INST_CJEU_JUDG_AG_EL_RAN
DOC_JUDG_CJ_2024_0204_20251120,ACT_EU_INST_CJEU_JUDG_AG_DE_KOK
DOC_JUDG_CJ_2024_0206_20250801,ACT_EU_INST_CJEU_JUDG_AG_LT_NOR
DOC_JUDG_CJ_2024_0211_20250904,ACT_EU_INST_CJEU_JUDG_AG_PL_SZP
DOC_JUDG_CJ_2024_0212_20250508,ACT_EU_INST_CJEU_JUDG_AG_FR_RIC_TOU
DOC_JUDG_CJ_2024_0213_20250403,ACT_EU_INST_CJEU_JUDG_AG_DE_KOK
DOC_JUDG_CJ_2024_0215_20250911,ACT_EU_INST_CJEU_JUDG_AG_HR_CAP
DOC_JUDG_CJ_2024_0218_20251016,ACT_EU_INST_CJEU_JUDG_AG_LU_SPI
DOC_JUDG_CJ_2024_0219_20250612,ACT_EU_INST_CJEU_JUDG_AG_LV_MED
DOC_JUDG_CJ_2024_0220_20250227,ACT_EU_INST_CJEU_JUDG_AG_CY_EMI
DOC_JUDG_CJ_2024_0221_20251023,ACT_EU_INST_CJEU_JUDG_AG_HR_CAP
DOC_JUDG_CJ_2024_0223_P_20250227,ACT_EU_INST_CJEU_JUDG_AG_LT_NOR
DOC_JUDG_CJ_2024_0228_20250403,ACT_EU_INST_CJEU_JUDG_AG_EL_RAN
DOC_JUDG_CJ_2024_0230_20250313,ACT_EU_INST_CJEU_JUDG_AG_LU_SPI
DOC_JUDG_CJ_2024_0232_20251023,ACT_EU_INST_CJEU_JUDG_AG_EL_RAN
DOC_JUDG_CJ_2024_0234_20251023,ACT_EU_INST_CJEU_JUDG_AG_DE_KOK
DOC_JUDG_CJ_2024_0236_20250508,ACT_EU_INST_CJEU_JUDG_AG_EL_RAN
DOC_JUDG_CJ_2024_0238_20250410,ACT_EU_INST_CJEU_JUDG_AG_FR_RIC_TOU
DOC_JUDG_CJ_2024_0243_P_20251002,ACT_EU_INST_CJEU_JUDG_AG_FR_RIC_TOU
DOC_JUDG_CJ_2024_0244_20241219,ACT_EU_INST_CJEU_JUDG_AG_FR_RIC_TOU
DOC_JUDG_CJ_2024_0245_20251218,ACT_EU_INST_CJEU_JUDG_AG_LV_MED
DOC_JUDG_CJ_2024_0246_20250430,ACT_EU_INST_CJEU_JUDG_AG_CY_EMI
DOC_JUDG_CJ_2024_0249_20250904,ACT_EU_INST_CJEU_JUDG_AG_LT_NOR
DOC_JUDG_CJ_2024_0250_20251113,ACT_EU_INST_CJEU_JUDG_AG_LU_SPI
DOC_JUDG_CJ_2024_0252_20250508,ACT_EU_INST_CJEU_JUDG_AG_ES_CAM_SAN_BOR
DOC_JUDG_CJ_2024_0253_20250904,ACT_EU_INST_CJEU_JUDG_AG_DE_KOK
DOC_JUDG_CJ_2024_0257_20250710,ACT_EU_INST_CJEU_JUDG_AG_FR_RIC_TOU
DOC_JUDG_CJ_2024_0259_20251218,ACT_EU_INST_CJEU_JUDG_AG_LU_SPI
DOC_JUDG_CJ_2024_0260_20251218,ACT_EU_INST_CJEU_JUDG_AG_LV_MED
DOC_JUDG_CJ_2024_0263_20250703,ACT_EU_INST_CJEU_JUDG_AG_FR_RIC_TOU
DOC_JUDG_CJ_2024_0267_20251023,ACT_EU_INST_CJEU_JUDG_AG_EL_RAN
DOC_JUDG_CJ_2024_0268_20250703,ACT_EU_INST_CJEU_JUDG_AG_DE_KOK
DOC_JUDG_CJ_2024_0271_P_20250313,ACT_EU_INST_CJEU_JUDG_AG_LV_MED
DOC_JUDG_CJ_2024_0272_20251113,ACT_EU_INST_CJEU_JUDG_AG_HR_CAP
DOC_JUDG_CJ_2024_0276_20250710,ACT_EU_INST_CJEU_JUDG_AG_DE_KOK
DOC_JUDG_CJ_2024_0277_20250227,ACT_EU_INST_CJEU_JUDG_AG_ES_CAM_SAN_BOR
DOC_JUDG_CJ_2024_0278_20250430,ACT_EU_INST_CJEU_JUDG_AG_ES_CAM_SAN_BOR
DOC_JUDG_CJ_2024_0279_20251204,ACT_EU_INST_CJEU_JUDG_AG_LT_NOR
DOC_JUDG_CJ_2024_0280_20250605,ACT_EU_INST_CJEU_JUDG_AG_FR_RIC_TOU
DOC_JUDG_CJ_2024_0281_20250206,ACT_EU_INST_CJEU_JUDG_AG_CY_EMI
DOC_JUDG_CJ_2024_0282_20251016,ACT_EU_INST_CJEU_JUDG_AG_EL_RAN
DOC_JUDG_CJ_2024_0283_20250403,ACT_EU_INST_CJEU_JUDG_AG_FR_RIC_TOU
DOC_JUDG_CJ_2024_0284_20251002,ACT_EU_INST_CJEU_JUDG_AG_LV_MED
DOC_JUDG_CJ_2024_0286_20260129,ACT_EU_INST_CJEU_JUDG_AG_PL_SZP
DOC_JUDG_CJ_2024_0287_20250710,ACT_EU_INST_CJEU_JUDG_AG_LV_MED
DOC_JUDG_CJ_2024_0291_20260129,ACT_EU_INST_CJEU_JUDG_AG_HR_CAP
DOC_JUDG_CJ_2024_0292_20250605,ACT_EU_INST_CJEU_JUDG_AG_PL_SZP
DOC_JUDG_CJ_2024_0294_20250710,ACT_EU_INST_CJEU_JUDG_AG_LV_MED
DOC_JUDG_CJ_2024_0296_20251218,ACT_EU_INST_CJEU_JUDG_AG_LT_NOR
DOC_JUDG_CJ_2024_0310_20250605,ACT_EU_INST_CJEU_JUDG_AG_EL_RAN
DOC_JUDG_CJ_2024_0311_20260129,ACT_EU_INST_CJEU_JUDG_AG_EL_RAN
DOC_JUDG_CJ_2024_0313_20260212,ACT_EU_INST_CJEU_JUDG_AG_LV_MED
DOC_JUDG_CJ_2024_0315_20251009,ACT_EU_INST_CJEU_JUDG_AG_LT_NOR
DOC_JUDG_CJ_2024_0316_P_20251218,ACT_EU_INST_CJEU_JUDG_AG_DE_KOK
DOC_JUDG_CJ_2024_0317_20250619,ACT_EU_INST_CJEU_JUDG_AG_CY_EMI
DOC_JUDG_CJ_2024_0318_PPU_20240729,ACT_EU_INST_CJEU_JUDG_AG_DE_KOK
DOC_JUDG_CJ_2024_0320_20251218,ACT_EU_INST_CJEU_JUDG_AG_CY_EMI
DOC_JUDG_CJ_2024_0321_20251030,ACT_EU_INST_CJEU_JUDG_AG_ES_CAM_SAN_BOR
DOC_JUDG_CJ_2024_0322_20250710,ACT_EU_INST_CJEU_JUDG_AG_LU_SPI
DOC_JUDG_CJ_2024_0323_20251218,ACT_EU_INST_CJEU_JUDG_AG_CY_EMI
DOC_JUDG_CJ_2024_0325_20251218,ACT_EU_INST_CJEU_JUDG_AG_EL_RAN
DOC_JUDG_CJ_2024_0326_P_20250703,ACT_EU_INST_CJEU_JUDG_AG_LV_MED
DOC_JUDG_CJ_2024_0327_20251120,ACT_EU_INST_CJEU_JUDG_AG_ES_CAM_SAN_BOR
DOC_JUDG_CJ_2024_0330_20250430,ACT_EU_INST_CJEU_JUDG_AG_IT_BIO
DOC_JUDG_CJ_2024_0331_20250710,ACT_EU_INST_CJEU_JUDG_AG_LT_NOR
DOC_JUDG_CJ_2024_0340_20251120,ACT_EU_INST_CJEU_JUDG_AG_CY_EMI
DOC_JUDG_CJ_2024_0341_20250911,ACT_EU_INST_CJEU_JUDG_AG_ES_CAM_SAN_BOR
DOC_JUDG_CJ_2024_0345_20251218,ACT_EU_INST_CJEU_JUDG_AG_ES_CAM_SAN_BOR
DOC_JUDG_CJ_2024_0348_20251030,ACT_EU_INST_CJEU_JUDG_AG_LU_SPI
DOC_JUDG_CJ_2024_0349_20250605,ACT_EU_INST_CJEU_JUDG_AG_FR_RIC_TOU
DOC_JUDG_CJ_2024_0351_20250327,ACT_EU_INST_CJEU_JUDG_AG_LU_SPI
DOC_JUDG_CJ_2024_0352_20251113,ACT_EU_INST_CJEU_JUDG_AG_HR_CAP
DOC_JUDG_CJ_2024_0353_20251218,ACT_EU_INST_CJEU_JUDG_AG_DE_KOK
DOC_JUDG_CJ_2024_0356_20251127,ACT_EU_INST_CJEU_JUDG_AG_LT_NOR
DOC_JUDG_CJ_2024_0359_20250605,ACT_EU_INST_CJEU_JUDG_AG_LT_NOR
DOC_JUDG_CJ_2024_0364_20260205,ACT_EU_INST_CJEU_JUDG_AG_PL_SZP
DOC_JUDG_CJ_2024_0365_20250710,ACT_EU_INST_CJEU_JUDG_AG_LU_SPI
DOC_JUDG_CJ_2024_0366_20251218,ACT_EU_INST_CJEU_JUDG_AG_PL_SZP
DOC_JUDG_CJ_2024_0367_20250710,ACT_EU_INST_CJEU_JUDG_AG_EL_RAN
DOC_JUDG_CJ_2024_0368_20251009,ACT_EU_INST_CJEU_JUDG_AG_DE_KOK
DOC_JUDG_CJ_2024_0369_20251002,ACT_EU_INST_CJEU_JUDG_AG_HR_CAP
DOC_JUDG_CJ_2024_0370_20250430,ACT_EU_INST_CJEU_JUDG_AG_PL_SZP
DOC_JUDG_CJ_2024_0373_20251030,ACT_EU_INST_CJEU_JUDG_AG_FR_RIC_TOU
DOC_JUDG_CJ_2024_0375_20250801,ACT_EU_INST_CJEU_JUDG_AG_PL_SZP
DOC_JUDG_CJ_2024_0379_20260122,ACT_EU_INST_CJEU_JUDG_AG_DE_KOK
DOC_JUDG_CJ_2024_0384_20250911,ACT_EU_INST_CJEU_JUDG_AG_LT_NOR
DOC_JUDG_CJ_2024_0385_P_20251023,ACT_EU_INST_CJEU_JUDG_AG_LU_SPI
DOC_JUDG_CJ_2024_0387_PPU_20241004,ACT_EU_INST_CJEU_JUDG_AG_EL_RAN
DOC_JUDG_CJ_2024_0391_20251002,ACT_EU_INST_CJEU_JUDG_AG_PL_SZP
DOC_JUDG_CJ_2024_0396_20250619,ACT_EU_INST_CJEU_JUDG_AG_LT_NOR
DOC_JUDG_CJ_2024_0398_20251030,ACT_EU_INST_CJEU_JUDG_AG_ES_CAM_SAN_BOR
DOC_JUDG_CJ_2024_0399_20251016,ACT_EU_INST_CJEU_JUDG_AG_IT_BIO
DOC_JUDG_CJ_2024_0401_20251120,ACT_EU_INST_CJEU_JUDG_AG_IT_BIO
DOC_JUDG_CJ_2024_0402_20251030,ACT_EU_INST_CJEU_JUDG_AG_LT_NOR
DOC_JUDG_CJ_2024_0404_20250801,ACT_EU_INST_CJEU_JUDG_AG_FR_RIC_TOU
DOC_JUDG_CJ_2024_0405_20250508,ACT_EU_INST_CJEU_JUDG_AG_DE_KOK
DOC_JUDG_CJ_2024_0408_20260212,ACT_EU_INST_CJEU_JUDG_AG_DE_KOK
DOC_JUDG_CJ_2024_0413_20260122,ACT_EU_INST_CJEU_JUDG_AG_IT_BIO
DOC_JUDG_CJ_2024_0416_20251009,ACT_EU_INST_CJEU_JUDG_AG_PL_SZP
DOC_JUDG_CJ_2024_0419_20250619,ACT_EU_INST_CJEU_JUDG_AG_LV_MED
DOC_JUDG_CJ_2024_0422_20251218,ACT_EU_INST_CJEU_JUDG_AG_LV_MED
DOC_JUDG_CJ_2024_0426_P_20250801,ACT_EU_INST_CJEU_JUDG_AG_ES_CAM_SAN_BOR
DOC_JUDG_CJ_2024_0429_20250430,ACT_EU_INST_CJEU_JUDG_AG_IT_BIO
DOC_JUDG_CJ_2024_0431_20260129,ACT_EU_INST_CJEU_JUDG_AG_FR_RIC_TOU
DOC_JUDG_CJ_2024_0433_20250801,ACT_EU_INST_CJEU_JUDG_AG_PL_SZP
DOC_JUDG_CJ_2024_0445_20251113,ACT_EU_INST_CJEU_JUDG_AG_LV_MED
DOC_JUDG_CJ_2024_0451_20250904,ACT_EU_INST_CJEU_JUDG_AG_HR_CAP
DOC_JUDG_CJ_2024_0452_20250801,ACT_EU_INST_CJEU_JUDG_AG_LU_SPI
DOC_JUDG_CJ_2024_0453_20260122,ACT_EU_INST_CJEU_JUDG_AG_FR_RIC_TOU
DOC_JUDG_CJ_2024_0461_20250801,ACT_EU_INST_CJEU_JUDG_AG_CY_EMI
DOC_JUDG_CJ_2024_0466_20251023,ACT_EU_INST_CJEU_JUDG_AG_EL_RAN
DOC_JUDG_CJ_2024_0469_20251023,ACT_EU_INST_CJEU_JUDG_AG_LV_MED
DOC_JUDG_CJ_2024_0471_20260212,ACT_EU_INST_CJEU_JUDG_AG_LV_MED
DOC_JUDG_CJ_2024_0473_20251211,ACT_EU_INST_CJEU_JUDG_AG_LT_NOR
DOC_JUDG_CJ_2024_0481_20251218,ACT_EU_INST_CJEU_JUDG_AG_LU_SPI
DOC_JUDG_CJ_2024_0485_20251211,ACT_EU_INST_CJEU_JUDG_AG_LT_NOR
DOC_JUDG_CJ_2024_0487_P_20250515,ACT_EU_INST_CJEU_JUDG_AG_HR_CAP
DOC_JUDG_CJ_2024_0490_20260212,ACT_EU_INST_CJEU_JUDG_AG_IT_BIO
DOC_JUDG_CJ_2024_0494_P_20260115,ACT_EU_INST_CJEU_JUDG_AG_LV_MED
DOC_JUDG_CJ_2024_0497_20251211,ACT_EU_INST_CJEU_JUDG_AG_HR_CAP
DOC_JUDG_CJ_2024_0500_20251030,ACT_EU_INST_CJEU_JUDG_AG_LU_SPI
DOC_JUDG_CJ_2024_0509_20251127,ACT_EU_INST_CJEU_JUDG_AG_LT_NOR
DOC_JUDG_CJ_2024_0510_20251016,ACT_EU_INST_CJEU_JUDG_AG_IT_BIO
DOC_JUDG_CJ_2024_0512_20250801,ACT_EU_INST_CJEU_JUDG_AG_LV_MED
DOC_JUDG_CJ_2024_0518_20251120,ACT_EU_INST_CJEU_JUDG_AG_CY_EMI
DOC_JUDG_CJ_2024_0525_20251127,ACT_EU_INST_CJEU_JUDG_AG_FR_RIC_TOU
DOC_JUDG_CJ_2024_0535_20251002,ACT_EU_INST_CJEU_JUDG_AG_EL_RAN
DOC_JUDG_CJ_2024_0539_20251127,ACT_EU_INST_CJEU_JUDG_AG_ES_CAM_SAN_BOR
DOC_JUDG_CJ_2024_0540_20251009,ACT_EU_INST_CJEU_JUDG_AG_ES_CAM_SAN_BOR
DOC_JUDG_CJ_2024_0541_20250605,ACT_EU_INST_CJEU_JUDG_AG_LT_NOR
DOC_JUDG_CJ_2024_0543_20250605,ACT_EU_INST_CJEU_JUDG_AG_HR_CAP
DOC_JUDG_CJ_2024_0546_20251030,ACT_EU_INST_CJEU_JUDG_AG_LV_MED
DOC_JUDG_CJ_2024_0548_P_20251218,ACT_EU_INST_CJEU_JUDG_AG_CY_EMI
DOC_JUDG_CJ_2024_0550_P_20251218,ACT_EU_INST_CJEU_JUDG_AG_CY_EMI
DOC_JUDG_CJ_2024_0551_20251009,ACT_EU_INST_CJEU_JUDG_AG_CY_EMI
DOC_JUDG_CJ_2024_0552_P_20251218,ACT_EU_INST_CJEU_JUDG_AG_CY_EMI
DOC_JUDG_CJ_2024_0554_P_20260122,ACT_EU_INST_CJEU_JUDG_AG_DE_KOK
DOC_JUDG_CJ_2024_0556_P_20260129,ACT_EU_INST_CJEU_JUDG_AG_CY_EMI
DOC_JUDG_CJ_2024_0558_20251030,ACT_EU_INST_CJEU_JUDG_AG_HR_CAP
DOC_JUDG_CJ_2024_0562_20260129,ACT_EU_INST_CJEU_JUDG_AG_CY_EMI
DOC_JUDG_CJ_2024_0563_20251113,ACT_EU_INST_CJEU_JUDG_AG_PL_SZP
DOC_JUDG_CJ_2024_0567_20251127,ACT_EU_INST_CJEU_JUDG_AG_ES_CAM_SAN_BOR
DOC_JUDG_CJ_2024_0570_20251120,ACT_EU_INST_CJEU_JUDG_AG_IT_BIO
DOC_JUDG_CJ_2024_0572_P_20260205,ACT_EU_INST_CJEU_JUDG_AG_IT_BIO
DOC_JUDG_CJ_2024_0573_20251002,ACT_EU_INST_CJEU_JUDG_AG_HR_CAP
DOC_JUDG_CJ_2024_0576_P_20251016,ACT_EU_INST_CJEU_JUDG_AG_CY_EMI
DOC_JUDG_CJ_2024_0588_20260115,ACT_EU_INST_CJEU_JUDG_AG_EL_RAN
DOC_JUDG_CJ_2024_0590_20260122,ACT_EU_INST_CJEU_JUDG_AG_DE_KOK
DOC_JUDG_CJ_2024_0602_20250801,ACT_EU_INST_CJEU_JUDG_AG_ES_CAM_SAN_BOR
DOC_JUDG_CJ_2024_0615_20260115,ACT_EU_INST_CJEU_JUDG_AG_EL_RAN
DOC_JUDG_CJ_2024_0617_20251120,ACT_EU_INST_CJEU_JUDG_AG_EL_RAN
DOC_JUDG_CJ_2024_0619_20260205,ACT_EU_INST_CJEU_JUDG_AG_LV_MED
DOC_JUDG_CJ_2024_0628_P_20250703,ACT_EU_INST_CJEU_JUDG_AG_IT_BIO
DOC_JUDG_CJ_2024_0633_20260122,ACT_EU_INST_CJEU_JUDG_AG_LU_SPI
DOC_JUDG_CJ_2024_0634_20260212,ACT_EU_INST_CJEU_JUDG_AG_FR_RIC_TOU
DOC_JUDG_CJ_2024_0639_20251113,ACT_EU_INST_CJEU_JUDG_AG_DE_KOK
DOC_JUDG_CJ_2024_0643_20251127,ACT_EU_INST_CJEU_JUDG_AG_FR_RIC_TOU
DOC_JUDG_CJ_2024_0654_20260129,ACT_EU_INST_CJEU_JUDG_AG_FR_RIC_TOU
DOC_JUDG_CJ_2024_0659_20251016,ACT_EU_INST_CJEU_JUDG_AG_IT_BIO
DOC_JUDG_CJ_2024_0662_20251211,ACT_EU_INST_CJEU_JUDG_AG_HR_CAP
DOC_JUDG_CJ_2024_0665_20251211,ACT_EU_INST_CJEU_JUDG_AG_PL_SZP
DOC_JUDG_CJ_2024_0668_20260129,ACT_EU_INST_CJEU_JUDG_AG_LT_NOR
DOC_JUDG_CJ_2024_0680_20260212,ACT_EU_INST_CJEU_JUDG_AG_ES_CAM_SAN_BOR
DOC_JUDG_CJ_2024_0718_20260205,ACT_EU_INST_CJEU_JUDG_AG_FR_RIC_TOU
DOC_JUDG_CJ_2024_0742_20260115,ACT_EU_INST_CJEU_JUDG_AG_FR_RIC_TOU
DOC_JUDG_CJ_2024_0743_20250403,ACT_EU_INST_CJEU_JUDG_AG_LU_SPI
DOC_JUDG_CJ_2024_0746_20251127,ACT_EU_INST_CJEU_JUDG_AG_LT_NOR
DOC_JUDG_CJ_2024_0758_20250801,ACT_EU_INST_CJEU_JUDG_AG_FR_RIC_TOU
DOC_JUDG_CJ_2024_0767_20251211,ACT_EU_INST_CJEU_JUDG_AG_LT_NOR
DOC_JUDG_CJ_2024_0772_20250801,ACT_EU_INST_CJEU_JUDG_AG_LV_MED
DOC_JUDG_CJ_2024_0776_20251218,ACT_EU_INST_CJEU_JUDG_AG_LV_MED
DOC_JUDG_CJ_2024_0779_P_20251113,ACT_EU_INST_CJEU_JUDG_AG_CY_EMI
DOC_JUDG_CJ_2024_0805_P_20251016,ACT_EU_INST_CJEU_JUDG_AG_DE_KOK
DOC_JUDG_CJ_2024_0810_20260205,ACT_EU_INST_CJEU_JUDG_AG_ES_CAM_SAN_BOR
DOC_JUDG_CJ_2024_0812_20260122,ACT_EU_INST_CJEU_JUDG_AG_ES_CAM_SAN_BOR
DOC_JUDG_CJ_2024_0822_20260115,ACT_EU_INST_CJEU_JUDG_AG_PL_SZP
DOC_JUDG_CJ_2024_0824_20260226,ACT_EU_INST_CJEU_JUDG_AG_PL_SZP
DOC_JUDG_CJ_2024_0864_20260212,ACT_EU_INST_CJEU_JUDG_AG_FR_RIC_TOU
DOC_JUDG_CJ_2024_0902_20260122,ACT_EU_INST_CJEU_JUDG_AG_LT_NOR
DOC_JUDG_CJ_2025_0056_20260212,ACT_EU_INST_CJEU_JUDG_AG_FR_RIC_TOU
DOC_JUDG_CJ_2025_0135_PPU_20250520,ACT_EU_INST_CJEU_JUDG_AG_LV_MED
DOC_JUDG_CJ_2025_0195_20251120,ACT_EU_INST_CJEU_JUDG_AG_ES_CAM_SAN_BOR
DOC_JUDG_CJ_2025_0219_PPU_20250619,ACT_EU_INST_CJEU_JUDG_AG_DE_KOK
DOC_JUDG_CJ_2025_0313_PPU_20250904,ACT_EU_INST_CJEU_JUDG_AG_LU_SPI
DOC_JUDG_CJ_2025_0712_PPU_20260212,ACT_EU_INST_CJEU_JUDG_AG_ES_CAM_SAN_BOR
DOC_JUDG_GC_1989_0001_19911024,ACT_EU_INST_CJEU_JUDG_AG_DK_VES
DOC_JUDG_GC_1989_0002_19911024,ACT_EU_INST_CJEU_JUDG_AG_DK_VES
DOC_JUDG_GC_1989_0003_19911024,ACT_EU_INST_CJEU_JUDG_AG_DK_VES
DOC_JUDG_GC_1989_0004_19911217,ACT_EU_INST_CJEU_JUDG_AG_DK_VES
DOC_JUDG_GC_1989_0006_19911217,ACT_EU_INST_CJEU_JUDG_AG_DK_VES
DOC_JUDG_GC_1989_0007_19911217,ACT_EU_INST_CJEU_JUDG_AG_DK_VES
DOC_JUDG_GC_1989_0008_19911217,ACT_EU_INST_CJEU_JUDG_AG_DK_VES
DOC_JUDG_GC_1989_0009_19920310,ACT_EU_INST_CJEU_JUDG_AG_DK_VES
DOC_JUDG_GC_1989_0010_19920310,ACT_EU_INST_CJEU_JUDG_AG_DK_VES
DOC_JUDG_GC_1989_0011_19920310,ACT_EU_INST_CJEU_JUDG_AG_DK_VES
DOC_JUDG_GC_1989_0012_19920310,ACT_EU_INST_CJEU_JUDG_AG_DK_VES
DOC_JUDG_GC_1989_0013_19920310,ACT_EU_INST_CJEU_JUDG_AG_DK_VES
DOC_JUDG_GC_1989_0014_19920310,ACT_EU_INST_CJEU_JUDG_AG_DK_VES
DOC_JUDG_GC_1989_0015_19920310,ACT_EU_INST_CJEU_JUDG_AG_DK_VES
DOC_JUDG_GC_1989_0051_19900710,ACT_EU_INST_CJEU_JUDG_AG_DE_KIR
DOC_JUDG_GC_1989_0120_19910627,ACT_EU_INST_CJEU_JUDG_AG_FR_BIA
DOC_JUDG_GC_1990_0024_19920918,ACT_EU_INST_CJEU_JUDG_AG_UK_EDW
DOC_JUDG_GC_1990_0028_19920918,ACT_EU_INST_CJEU_JUDG_AG_UK_EDW
DOC_JUDG_GC_2019_0021_20200708,ACT_EU_INST_CJEU_JUDG_AG_SK_MAZ
DOC_JUDG_GC_2024_0534_20250709,ACT_EU_INST_CJEU_JUDG_AG_ES_MAR_PER_NAN
DOC_JUDG_GC_2024_0575_20260225,ACT_EU_INST_CJEU_JUDG_AG_ES_MAR_PER_NAN
DOC_JUDG_GC_2024_0614_20251022,ACT_EU_INST_CJEU_JUDG_AG_SI_BRK
DOC_JUDG_GC_2024_0638_20260225,ACT_EU_INST_CJEU_JUDG_AG_ES_MAR_PER_NAN
DOC_JUDG_GC_2024_0643_20260211,ACT_EU_INST_CJEU_JUDG_AG_ES_MAR_PER_NAN
DOC_JUDG_GC_2024_0646_20251203,ACT_EU_INST_CJEU_JUDG_AG_RO_GAL
DOC_JUDG_GC_2024_0653_20260128,ACT_EU_INST_CJEU_JUDG_AG_SI_BRK
DOC_JUDG_GC_2024_0657_20251126,ACT_EU_INST_CJEU_JUDG_AG_SI_BRK
DOC_JUDG_GC_2024_0689_20260211,ACT_EU_INST_CJEU_JUDG_AG_ES_MAR_PER_NAN
DOC_JUDG_GC_2024_0690_20251126,ACT_EU_INST_CJEU_JUDG_AG_ES_MAR_PER_NAN
DOC_JUDG_GC_2025_0069_20260225,ACT_EU_INST_CJEU_JUDG_AG_ES_MAR_PER_NAN
DOC_JUDG_GC_2025_0134_20260121,ACT_EU_INST_CJEU_JUDG_AG_ES_MAR_PER_NAN
DOC_JUDG_GC_2025_0177_20260128,ACT_EU_INST_CJEU_JUDG_AG_ES_MAR_PER_NAN
