original_proceeding_id,appeal_proceeding_id
PROC_GC_1989_0038,PROC_CJ_1990_0107_P
PROC_GC_1989_0040,PROC_CJ_1990_0115_P
PROC_GC_1989_0072,PROC_CJ_1990_0126_P
PROC_GC_1989_0041,PROC_CJ_1990_0132_P
PROC_GC_1989_0034,PROC_CJ_1990_0145_P
PROC_GC_1989_0043,PROC_CJ_1990_0185_P
PROC_GC_1989_0043,PROC_CJ_1990_0185_P_REV
PROC_GC_1989_0035,PROC_CJ_1990_0242_P_R
PROC_GC_1989_0035,PROC_CJ_1990_0242_P
PROC_GC_1989_0133,PROC_CJ_1990_0255_P
PROC_GC_1989_0106_REV,PROC_CJ_1990_0268_P
PROC_GC_1989_0154,PROC_CJ_1990_0283_P
PROC_GC_1989_0037,PROC_CJ_1990_0345_P_R
PROC_GC_1989_0037,PROC_CJ_1990_0345_P
PROC_GC_1989_0122,PROC_CJ_1990_0346_P
PROC_GC_1989_0139,PROC_CJ_1990_0348_P
PROC_GC_1989_0134,PROC_CJ_1990_0368_P
PROC_GC_1990_0039_R,PROC_CJ_1990_0372_P
PROC_GC_1989_0046,PROC_CJ_1990_0378_P
PROC_GC_1989_0054,PROC_CJ_1991_0018_P
PROC_GC_1990_0004,PROC_CJ_1991_0030_P
PROC_GC_1989_0160,PROC_CJ_1991_0046_P
PROC_GC_1989_0020,PROC_CJ_1991_0068_P
PROC_GC_1989_0075,PROC_CJ_1991_0070_P
PROC_GC_1990_0012,PROC_CJ_1991_0195_P
PROC_GC_1989_0120,PROC_CJ_1991_0220_P
PROC_GC_1990_0023,PROC_CJ_1991_0229_P
PROC_GC_1989_0069,PROC_CJ_1991_0241_P
PROC_GC_1989_0110,PROC_CJ_1991_0244_P
PROC_GC_1989_0163,PROC_CJ_1991_0294_P
PROC_GC_1989_0026,PROC_CJ_1991_0326_P
PROC_GC_1991_0078,PROC_CJ_1992_0032_P
PROC_GC_1989_0169,PROC_CJ_1992_0035_P_R
PROC_GC_1989_0169,PROC_CJ_1992_0035_P
PROC_GC_1990_0039,PROC_CJ_1992_0036_P
PROC_GC_1989_0006,PROC_CJ_1992_0049_P
PROC_GC_1989_0007,PROC_CJ_1992_0051_P
PROC_GC_1989_0030,PROC_CJ_1992_0053_P
PROC_GC_1990_0044,PROC_CJ_1992_0098_P
PROC_GC_1990_0052,PROC_CJ_1992_0115_P
PROC_GC_1989_0017,PROC_CJ_1992_0136_P
PROC_GC_1989_0079,PROC_CJ_1992_0137_P
PROC_GC_1989_0009,PROC_CJ_1992_0199_P
PROC_GC_1989_0013,PROC_CJ_1992_0200_P
PROC_GC_1989_0010,PROC_CJ_1992_0227_P
PROC_GC_1989_0011,PROC_CJ_1992_0234_P
PROC_GC_1989_0014,PROC_CJ_1992_0235_P
PROC_GC_1991_0026,PROC_CJ_1992_0244_P
PROC_GC_1989_0015,PROC_CJ_1992_0245_P
PROC_GC_1989_0004_REV,PROC_CJ_1992_0255_P
PROC_GC_1991_0072,PROC_CJ_1992_0318_P
PROC_GC_1990_0026,PROC_CJ_1992_0320_P
PROC_GC_1991_0059,PROC_CJ_1992_0354_P
PROC_GC_1989_0066,PROC_CJ_1992_0360_P
PROC_GC_1992_0029_R,PROC_CJ_1992_0369_P_R
PROC_GC_1989_0121,PROC_CJ_1992_0404_P
PROC_GC_1991_0084,PROC_CJ_1992_0412_P
PROC_GC_1989_0008_REV,PROC_CJ_1993_0005_P
PROC_GC_1991_0016,PROC_CJ_1993_0019_P
PROC_GC_1991_0080,PROC_CJ_1993_0022_P
PROC_GC_1992_0036,PROC_CJ_1993_0039_P
PROC_GC_1991_0075,PROC_CJ_1993_0076_P
PROC_GC_1991_0087,PROC_CJ_1993_0275_P
PROC_GC_1991_0087,PROC_CJ_1993_0275_P_DEP
PROC_GC_1992_0030,PROC_CJ_1993_0298_P
PROC_GC_1989_0065,PROC_CJ_1993_0310_P
PROC_GC_1992_0009,PROC_CJ_1993_0322_P
PROC_GC_1992_0085,PROC_CJ_1993_0338_P
PROC_GC_1992_0115,PROC_CJ_1993_0385_P
PROC_GC_1991_0092,PROC_CJ_1993_0396_P
PROC_GC_1992_0032,PROC_CJ_1993_0398_P
PROC_GC_1992_0060,PROC_CJ_1993_0448_P
PROC_GC_1992_0090,PROC_CJ_1993_0452_P
PROC_GC_1993_0492,PROC_CJ_1993_0476_P
PROC_GC_1992_0083,PROC_CJ_1993_0480_P
PROC_GC_1991_0089,PROC_CJ_1994_0026_P
PROC_GC_1993_0015,PROC_CJ_1994_0043_P
PROC_GC_1992_0080,PROC_CJ_1994_0062_P
PROC_GC_1994_0005,PROC_CJ_1994_0097_P_R
PROC_GC_1992_0018,PROC_CJ_1994_0119_P
PROC_GC_1992_0018,PROC_CJ_1994_0119_P_REV
PROC_GC_1993_0452,PROC_CJ_1994_0199_P
PROC_GC_1993_0475,PROC_CJ_1994_0209_P
PROC_GC_1993_0584,PROC_CJ_1994_0253_P
PROC_GC_1993_0045,PROC_CJ_1994_0258_P
PROC_GC_1994_0179,PROC_CJ_1994_0264_P
PROC_GC_1993_0461,PROC_CJ_1994_0325_P
PROC_GC_1991_0083,PROC_CJ_1994_0333_P
PROC_GC_1992_0035,PROC_CJ_1995_0007_P
PROC_GC_1992_0034,PROC_CJ_1995_0008_P
PROC_GC_1994_0099,PROC_CJ_1995_0010_P
PROC_GC_1994_0231_R,PROC_CJ_1995_0012_P
PROC_GC_1993_0451,PROC_CJ_1995_0019_P
PROC_GC_1994_0242,PROC_CJ_1995_0031_P
PROC_GC_1993_0450,PROC_CJ_1995_0032_P
PROC_GC_1993_0489,PROC_CJ_1995_0051_P
PROC_GC_1992_0102,PROC_CJ_1995_0073_P
PROC_GC_1994_0116,PROC_CJ_1995_0087_P
PROC_GC_1993_0549,PROC_CJ_1995_0089_P
PROC_GC_1991_0090,PROC_CJ_1995_0090_P
PROC_GC_1993_0005,PROC_CJ_1995_0091_P
PROC_GC_1994_0084,PROC_CJ_1995_0107_P
PROC_GC_1992_0029,PROC_CJ_1995_0137_P
PROC_GC_1993_0472,PROC_CJ_1995_0138_P
PROC_GC_1994_0117,PROC_CJ_1995_0142_P
PROC_GC_1993_0432,PROC_CJ_1995_0143_P
PROC_GC_1994_0395_R,PROC_CJ_1995_0149_P_R
PROC_GC_1994_0012,PROC_CJ_1995_0166_P_R
PROC_GC_1994_0012,PROC_CJ_1995_0166_P
PROC_GC_1993_0497,PROC_CJ_1995_0173_P
PROC_GC_1989_0145,PROC_CJ_1995_0185_P
PROC_GC_1989_0143,PROC_CJ_1995_0219_P
PROC_GC_1994_0163,PROC_CJ_1995_0245_P
PROC_GC_1994_0163,PROC_CJ_1995_0245_P_INTP
PROC_GC_1994_0289,PROC_CJ_1995_0254_P_R
PROC_GC_1994_0289,PROC_CJ_1995_0254_P
PROC_GC_1993_0014,PROC_CJ_1995_0264_P
PROC_GC_1994_0107,PROC_CJ_1995_0270_P
PROC_GC_1993_0462,PROC_CJ_1995_0277_P
PROC_GC_1993_0459,PROC_CJ_1995_0278_P
PROC_GC_1993_0007,PROC_CJ_1995_0279_P
PROC_GC_1994_0186,PROC_CJ_1995_0282_P
PROC_GC_1991_0037,PROC_CJ_1995_0286_P
PROC_GC_1991_0037,PROC_CJ_1995_0286_P_DEP
PROC_GC_1991_0031,PROC_CJ_1995_0287_P
PROC_GC_1993_0572,PROC_CJ_1995_0293_P
PROC_GC_1993_0036,PROC_CJ_1995_0294_P
PROC_GC_1993_0585,PROC_CJ_1995_0321_P
PROC_GC_1993_0471,PROC_CJ_1995_0353_P
PROC_GC_1993_0244,PROC_CJ_1995_0355_P
PROC_GC_1993_0458,PROC_CJ_1995_0357_P
PROC_GC_1993_0548,PROC_CJ_1995_0359_P
PROC_GC_1994_0168,PROC_CJ_1995_0362_P
PROC_GC_1994_0095,PROC_CJ_1995_0367_P
PROC_GC_1993_0480,PROC_CJ_1995_0390_P
PROC_GC_1994_0185,PROC_CJ_1995_0395_P
PROC_GC_1994_0302,PROC_CJ_1995_0397_P
PROC_GC_1993_0562,PROC_CJ_1995_0403_P
PROC_GC_1995_0201,PROC_CJ_1996_0009_P
PROC_GC_1993_0544,PROC_CJ_1996_0030_P
PROC_GC_1994_0109,PROC_CJ_1996_0048_P
PROC_GC_1995_0131,PROC_CJ_1996_0049_P
PROC_GC_1993_0575,PROC_CJ_1996_0059_P
PROC_GC_1993_0589,PROC_CJ_1996_0119_P
PROC_GC_1994_0294,PROC_CJ_1996_0140_P
PROC_GC_1995_0235,PROC_CJ_1996_0148_P_R
PROC_GC_1994_0235,PROC_CJ_1996_0150_P
PROC_GC_1994_0362,PROC_CJ_1996_0153_P
PROC_GC_1994_0146,PROC_CJ_1996_0156_P
PROC_GC_1993_0547,PROC_CJ_1996_0174_P
PROC_GC_1994_0280,PROC_CJ_1996_0175_P
PROC_GC_1995_0040,PROC_CJ_1996_0188_P
PROC_GC_1994_0140,PROC_CJ_1996_0252_P
PROC_GC_1995_0091,PROC_CJ_1996_0259_P
PROC_GC_1996_0018_R,PROC_CJ_1996_0268_P_R
PROC_GC_1995_0146,PROC_CJ_1996_0303_P
PROC_GC_1993_0528,PROC_CJ_1996_0320_P
PROC_GC_1993_0485,PROC_CJ_1996_0386_P
PROC_GC_1993_0494,PROC_CJ_1996_0391_P
PROC_GC_1996_0179_R,PROC_CJ_1996_0393_P_R
PROC_GC_1993_0024,PROC_CJ_1996_0395_P
PROC_GC_1994_0387,PROC_CJ_1996_0401_P
PROC_GC_1993_0491,PROC_CJ_1996_0403_P
PROC_GC_1993_0509,PROC_CJ_1996_0404_P
PROC_GC_1995_0197,PROC_CJ_1996_0409_P
PROC_GC_1995_0197,PROC_CJ_1996_0409_P_DEP
PROC_GC_1994_0380,PROC_CJ_1997_0055_P
PROC_GC_1995_0130,PROC_CJ_1997_0060_P
PROC_GC_1995_0033,PROC_CJ_1997_0062_P
PROC_GC_1992_0087,PROC_CJ_1997_0070_P
PROC_GC_1994_0070,PROC_CJ_1997_0073_P
,PROC_CJ_1997_0078_P_R
PROC_GC_1996_0164_R,PROC_CJ_1997_0089_P_R
PROC_GC_1993_0521,PROC_CJ_1997_0104_P
PROC_GC_1995_0077,PROC_CJ_1997_0119_P
PROC_GC_1994_0367,PROC_CJ_1997_0151_P_I
PROC_GC_1994_0149,PROC_CJ_1997_0161_P
PROC_GC_1995_0106,PROC_CJ_1997_0174_P
PROC_GC_1996_0035,PROC_CJ_1997_0188_P
PROC_GC_1996_0117,PROC_CJ_1997_0196_P
PROC_GC_1996_0080,PROC_CJ_1997_0218_P
PROC_GC_1994_0390,PROC_CJ_1997_0221_P
PROC_GC_1995_0066,PROC_CJ_1997_0228_P
PROC_GC_1997_0159_R,PROC_CJ_1997_0248_P_R
PROC_GC_1994_0273,PROC_CJ_1997_0252_P
PROC_GC_1992_0070,PROC_CJ_1997_0265_P
PROC_GC_1994_0077,PROC_CJ_1997_0266_P
PROC_GC_1995_0196,PROC_CJ_1997_0291_P
PROC_GC_1993_0504,PROC_CJ_1997_0300_P
PROC_GC_1995_0237,PROC_CJ_1997_0304_P
PROC_GC_1995_0227,PROC_CJ_1997_0310_P
PROC_GC_1996_0063,PROC_CJ_1997_0312_P
PROC_GC_1995_0156,PROC_CJ_1997_0315_P
PROC_GC_1996_0036,PROC_CJ_1997_0316_P
PROC_GC_1996_0201,PROC_CJ_1997_0317_P
PROC_GC_1996_0081,PROC_CJ_1997_0327_P
PROC_GC_1997_0083,PROC_CJ_1997_0422_P
PROC_GC_1994_0331,PROC_CJ_1997_0433_P
PROC_GC_1994_0229,PROC_CJ_1997_0436_P
PROC_GC_1994_0244,PROC_CJ_1997_0441_P
PROC_GC_1994_0243,PROC_CJ_1998_0001_P
PROC_GC_1989_0026_REV,PROC_CJ_1998_0002_P
PROC_GC_1995_0218,PROC_CJ_1998_0010_P
PROC_GC_1997_0260_R,PROC_CJ_1998_0043_P_R
PROC_GC_1995_0121,PROC_CJ_1998_0046_P
PROC_GC_1994_0178,PROC_CJ_1998_0057_P
PROC_GC_1995_0152,PROC_CJ_1998_0064_P
PROC_GC_1995_0152,PROC_CJ_1998_0064_P_REV
PROC_GC_1996_0098,PROC_CJ_1998_0075_P
PROC_GC_1994_0159,PROC_CJ_1998_0076_P
PROC_GC_1994_0159,PROC_CJ_1998_0077_P_DEP
PROC_GC_1996_0160,PROC_CJ_1998_0082_P
PROC_GC_1994_0067,PROC_CJ_1998_0083_P
PROC_GC_1996_0113,PROC_CJ_1998_0095_P
PROC_GC_1997_0182,PROC_CJ_1998_0103_P
PROC_GC_1993_0246,PROC_CJ_1998_0105_P
PROC_GC_1997_0189,PROC_CJ_1998_0106_P
PROC_GC_1996_0142,PROC_CJ_1998_0149_P
PROC_GC_1996_0183,PROC_CJ_1998_0150_P
PROC_GC_1996_0105,PROC_CJ_1998_0151_P
PROC_GC_1997_0275,PROC_CJ_1998_0153_P
PROC_GC_1997_0276,PROC_CJ_1998_0154_P
PROC_GC_1996_0195,PROC_CJ_1998_0155_P
PROC_GC_1997_0310_R,PROC_CJ_1998_0159_P_R
PROC_GC_1996_0042,PROC_CJ_1998_0163_P
PROC_GC_1994_0369,PROC_CJ_1998_0164_P
PROC_GC_1996_0083,PROC_CJ_1998_0174_P
PROC_GC_1996_0074,PROC_CJ_1998_0191_P
PROC_GC_1995_0235,PROC_CJ_1998_0199_P
PROC_GC_1996_0129,PROC_CJ_1998_0210_P
PROC_GC_1995_0184,PROC_CJ_1998_0237_P
PROC_GC_1994_0309,PROC_CJ_1998_0248_P
PROC_GC_1996_0177,PROC_CJ_1998_0249_P
PROC_GC_1995_0165,PROC_CJ_1998_0257_P
PROC_GC_1994_0308,PROC_CJ_1998_0279_P
PROC_GC_1994_0317,PROC_CJ_1998_0280_P
PROC_GC_1994_0348,PROC_CJ_1998_0282_P
PROC_GC_1994_0352,PROC_CJ_1998_0283_P
PROC_GC_1996_0205,PROC_CJ_1998_0284_P
PROC_GC_1994_0354,PROC_CJ_1998_0286_P
PROC_GC_1994_0334,PROC_CJ_1998_0291_P
PROC_GC_1994_0339,PROC_CJ_1998_0294_P
PROC_GC_1994_0327,PROC_CJ_1998_0297_P
PROC_GC_1994_0338,PROC_CJ_1998_0298_P
PROC_GC_1997_0010,PROC_CJ_1998_0299_P
PROC_GC_1996_0078,PROC_CJ_1998_0304_P
PROC_GC_1997_0148,PROC_CJ_1998_0305_P
PROC_GC_1996_0135,PROC_CJ_1998_0316_P
PROC_GC_1997_0072,PROC_CJ_1998_0341_P
PROC_GC_1996_0199,PROC_CJ_1998_0352_P
PROC_GC_1997_0274,PROC_CJ_1998_0359_P
PROC_GC_1998_0043_R,PROC_CJ_1998_0363_P_R
PROC_GC_1998_0044_R,PROC_CJ_1998_0364_P_R
PROC_GC_1997_0160,PROC_CJ_1998_0389_P
PROC_GC_1996_0050,PROC_CJ_1998_0417_P
PROC_GC_1996_0023,PROC_CJ_1998_0418_P
PROC_GC_1995_0133,PROC_CJ_1998_0428_P
PROC_GC_1997_0237,PROC_CJ_1998_0431_P
PROC_GC_1996_0154,PROC_CJ_1998_0432_P
PROC_GC_1997_0164,PROC_CJ_1998_0434_P
PROC_GC_1997_0215,PROC_CJ_1998_0435_P
PROC_GC_1995_0136,PROC_CJ_1998_0437_P
PROC_GC_1997_0109,PROC_CJ_1998_0447_P
PROC_GC_1995_0110,PROC_CJ_1998_0449_P
PROC_GC_1995_0133,PROC_CJ_1998_0450_P
PROC_GC_1997_0142,PROC_CJ_1998_0453_P
PROC_GC_1995_0002,PROC_CJ_1998_0458_P
PROC_GC_1997_0224,PROC_CJ_1998_0459_P
PROC_GC_1996_0180,PROC_CJ_1998_0462_P
PROC_GC_1998_0100,PROC_CJ_1999_0004_P
PROC_GC_1997_0235,PROC_CJ_1999_0007_P
PROC_GC_1997_0131,PROC_CJ_1999_0008_P
PROC_GC_1996_0013,PROC_CJ_1999_0013_P
PROC_GC_1994_0097,PROC_CJ_1999_0021_P
PROC_GC_1998_0039,PROC_CJ_1999_0041_P
PROC_GC_1998_0038,PROC_CJ_1999_0049_P
PROC_GC_1998_0122,PROC_CJ_1999_0057_P
PROC_GC_1998_0211_R,PROC_CJ_1999_0065_P_R
PROC_GC_1995_0129,PROC_CJ_1999_0111_P
PROC_GC_1997_0264,PROC_CJ_1999_0122_P
PROC_GC_1997_0282,PROC_CJ_1999_0153_P
PROC_GC_1998_0124,PROC_CJ_1999_0154_P
PROC_GC_1998_0205,PROC_CJ_1999_0170_P
PROC_GC_1998_0206,PROC_CJ_1999_0171_P
PROC_GC_1997_0273,PROC_CJ_1999_0174_P
PROC_GC_1994_0137,PROC_CJ_1999_0176_P
PROC_GC_1994_0136,PROC_CJ_1999_0179_P
PROC_GC_1994_0148,PROC_CJ_1999_0182_P
PROC_GC_1998_0147,PROC_CJ_1999_0188_P
PROC_GC_1994_0141,PROC_CJ_1999_0194_P
PROC_GC_1994_0147,PROC_CJ_1999_0195_P
PROC_GC_1994_0156,PROC_CJ_1999_0196_P
PROC_GC_1997_0037,PROC_CJ_1999_0197_P
PROC_GC_1994_0157,PROC_CJ_1999_0198_P
PROC_GC_1994_0151,PROC_CJ_1999_0199_P
PROC_GC_1998_0076,PROC_CJ_1999_0207_P
PROC_GC_1994_0305,PROC_CJ_1999_0238_P
PROC_GC_1994_0305,PROC_CJ_1999_0244_P
PROC_GC_1994_0305,PROC_CJ_1999_0245_P
PROC_GC_1994_0305,PROC_CJ_1999_0247_P
PROC_GC_1994_0305,PROC_CJ_1999_0250_P
PROC_GC_1994_0305,PROC_CJ_1999_0251_P
PROC_GC_1994_0305,PROC_CJ_1999_0252_P
PROC_GC_1994_0305,PROC_CJ_1999_0254_P
PROC_GC_1997_0112,PROC_CJ_1999_0248_P
PROC_GC_1997_0311,PROC_CJ_1999_0249_P
PROC_GC_1998_0190,PROC_CJ_1999_0259_P
PROC_GC_1997_0242,PROC_CJ_1999_0270_P
PROC_GC_1995_0203,PROC_CJ_1999_0273_P
PROC_GC_1996_0034,PROC_CJ_1999_0274_P
PROC_GC_1996_0164,PROC_CJ_1999_0280_P
PROC_GC_1998_0169,PROC_CJ_1999_0289_P
PROC_GC_1995_0194,PROC_CJ_1999_0300_P
PROC_GC_1996_0012,PROC_CJ_1999_0301_P
PROC_GC_1996_0017,PROC_CJ_1999_0302_P
PROC_GC_1997_0277,PROC_CJ_1999_0315_P
PROC_GC_1996_0082,PROC_CJ_1999_0321_P
PROC_GC_1999_0013_R,PROC_CJ_1999_0329_P_R
PROC_GC_1999_0009_R,PROC_CJ_1999_0335_P_R
PROC_GC_1998_0145,PROC_CJ_1999_0349_P
PROC_GC_1995_0158,PROC_CJ_1999_0351_P
PROC_GC_1995_0168,PROC_CJ_1999_0352_P
PROC_GC_1998_0014,PROC_CJ_1999_0353_P
PROC_GC_1998_0191_R,PROC_CJ_1999_0364_P_R
PROC_GC_1998_0163,PROC_CJ_1999_0383_P
PROC_GC_1998_0106,PROC_CJ_1999_0399_P
PROC_GC_1998_0110,PROC_CJ_1999_0427_P
PROC_GC_1999_0106,PROC_CJ_1999_0436_P
PROC_GC_1997_0612,PROC_CJ_1999_0442_P
PROC_GC_1997_0140,PROC_CJ_1999_0449_P
PROC_GC_1998_0028,PROC_CJ_1999_0456_P
PROC_GC_1996_0182,PROC_CJ_1999_0465_P
PROC_GC_1998_0148,PROC_CJ_1999_0480_P
PROC_GC_1996_0191,PROC_CJ_1999_0496_P
PROC_GC_1997_0228,PROC_CJ_1999_0497_P
PROC_GC_1996_0216,PROC_CJ_1999_0500_P
,PROC_CJ_2000_0007_P_R
PROC_GC_1996_0125,PROC_CJ_2000_0023_P
PROC_GC_1996_0125,PROC_CJ_2000_0032_P
PROC_GC_1995_0189,PROC_CJ_2000_0039_P
PROC_GC_1998_0092,PROC_CJ_2000_0041_P
PROC_GC_1995_0190,PROC_CJ_2000_0044_P
PROC_GC_1998_0173,PROC_CJ_2000_0050_P
PROC_GC_1996_0132,PROC_CJ_2000_0057_P
PROC_GC_1996_0158,PROC_CJ_2000_0074_P
PROC_GC_1998_0033,PROC_CJ_2000_0076_P
PROC_GC_1999_0019,PROC_CJ_2000_0104_P
PROC_GC_1998_0032,PROC_CJ_2000_0142_P
PROC_GC_1997_0111,PROC_CJ_2000_0149_P
PROC_GC_1997_0029,PROC_CJ_2000_0171_P
PROC_GC_1999_0080,PROC_CJ_2000_0192_P
PROC_GC_1999_0133,PROC_CJ_2000_0193_P
PROC_GC_1999_0094,PROC_CJ_2000_0194_P
PROC_GC_1999_0163,PROC_CJ_2000_0195_P
PROC_GC_1999_0177,PROC_CJ_2000_0196_P
PROC_GC_1999_0183,PROC_CJ_2000_0197_P
PROC_GC_1999_0184,PROC_CJ_2000_0198_P
PROC_GC_1999_0185,PROC_CJ_2000_0199_P
PROC_GC_2000_0008,PROC_CJ_2000_0200_P
PROC_GC_2000_0009,PROC_CJ_2000_0201_P
PROC_GC_2000_0010,PROC_CJ_2000_0202_P
PROC_GC_2000_0016,PROC_CJ_2000_0203_P
PROC_GC_1995_0025,PROC_CJ_2000_0204_P
PROC_GC_1995_0025,PROC_CJ_2000_0205_P
PROC_GC_1995_0025,PROC_CJ_2000_0211_P
PROC_GC_1995_0025,PROC_CJ_2000_0213_P
PROC_GC_1995_0025,PROC_CJ_2000_0217_P
PROC_GC_1995_0025,PROC_CJ_2000_0219_P
PROC_GC_1999_0262,PROC_CJ_2000_0226_P
PROC_GC_1999_0328,PROC_CJ_2000_0227_P
PROC_GC_1998_0018,PROC_CJ_2000_0238_P
PROC_GC_1998_0188,PROC_CJ_2000_0239_P
PROC_GC_1996_0065,PROC_CJ_2000_0241_P
PROC_GC_1996_0065,PROC_CJ_2000_0241_P_DEP
PROC_GC_1997_0177,PROC_CJ_2000_0274_P
PROC_GC_1998_0172,PROC_CJ_2000_0281_P
PROC_GC_1997_0298,PROC_CJ_2000_0298_P
PROC_GC_2000_0054_R,PROC_CJ_2000_0299_P_I
PROC_GC_2000_0054_R,PROC_CJ_2000_0300_P_R
PROC_GC_1999_0072,PROC_CJ_2000_0301_P
PROC_GC_1999_0072,PROC_CJ_2000_0301_P_REV
PROC_GC_1996_0079,PROC_CJ_2000_0312_P
PROC_GC_1998_0172,PROC_CJ_2000_0313_P
PROC_GC_2000_0189_R,PROC_CJ_2000_0317_P_R
PROC_GC_1995_0234,PROC_CJ_2000_0323_P
PROC_GC_1999_0139,PROC_CJ_2000_0330_P
PROC_GC_1998_0062,PROC_CJ_2000_0338_P
PROC_GC_1999_0082,PROC_CJ_2000_0340_P
PROC_GC_2000_0045,PROC_CJ_2000_0341_P
PROC_GC_1999_0087,PROC_CJ_2000_0344_P
PROC_GC_1999_0268,PROC_CJ_2000_0345_P
,PROC_CJ_2000_0348_P
,PROC_CJ_2000_0349_P
,PROC_CJ_2000_0350_P
PROC_GC_1998_0191_R_II,PROC_CJ_2000_0361_P_R
PROC_GC_2000_0035,PROC_CJ_2000_0362_P
,PROC_CJ_2000_0380_P_AJ
,PROC_CJ_2000_0381_P_AJ
,PROC_CJ_2000_0424_P
PROC_GC_2000_0154_AJ,PROC_CJ_2000_0425_P_AJ
PROC_GC_1997_0252,PROC_CJ_2000_0430_P
PROC_GC_1998_0187,PROC_CJ_2000_0446_P
PROC_GC_1997_0184,PROC_CJ_2000_0448_P
PROC_GC_2000_0141_R,PROC_CJ_2000_0459_P_R
PROC_GC_2000_0027,PROC_CJ_2000_0467_P
PROC_GC_1999_0083,PROC_CJ_2000_0470_P
PROC_GC_2000_0137_R,PROC_CJ_2000_0471_P_R
PROC_GC_1998_0178,PROC_CJ_2000_0472_P
PROC_GC_2000_0129,PROC_CJ_2000_0474_P_R
PROC_GC_2000_0083_R_I,PROC_CJ_2000_0475_P_R
PROC_GC_2000_0083_R_II,PROC_CJ_2000_0476_P_R
PROC_GC_2000_0084_R,PROC_CJ_2000_0477_P_R
PROC_GC_2000_0085_R,PROC_CJ_2000_0478_P_R
PROC_GC_2000_0132_R,PROC_CJ_2000_0479_P_R
PROC_GC_1998_0154,PROC_CJ_2001_0001_P
PROC_GC_1996_0041,PROC_CJ_2001_0002_P
PROC_GC_2000_0005_R,PROC_CJ_2001_0007_P_R
PROC_GC_1993_0485,PROC_CJ_2001_0024_P
,PROC_CJ_2001_0032_P_R
PROC_GC_2000_0314,PROC_CJ_2001_0043_P
PROC_GC_1999_0201,PROC_CJ_2001_0049_P
PROC_GC_1998_0130,PROC_CJ_2001_0061_P
PROC_GC_1998_0136,PROC_CJ_2001_0062_P
PROC_GC_1997_0213,PROC_CJ_2001_0076_P
PROC_GC_1998_0128,PROC_CJ_2001_0082_P
PROC_GC_1997_0613,PROC_CJ_2001_0083_P
PROC_GC_1999_0105,PROC_CJ_2001_0087_P
PROC_GC_1999_0113,PROC_CJ_2001_0096_P
PROC_GC_1999_0097,PROC_CJ_2001_0121_P
PROC_GC_1999_0001,PROC_CJ_2001_0122_P
PROC_GC_1999_0124,PROC_CJ_2001_0136_P
PROC_GC_2000_0126,PROC_CJ_2001_0141_P
PROC_GC_2000_0215,PROC_CJ_2001_0151_P
PROC_GC_1998_0158,PROC_CJ_2001_0157_P
PROC_GC_2000_0100,PROC_CJ_2001_0161_P
PROC_GC_1993_0533,PROC_CJ_2001_0162_P
PROC_GC_1997_0143,PROC_CJ_2001_0164_P
PROC_GC_2001_0016_AJ,PROC_CJ_2001_0166_P_AJ
PROC_GC_1998_0186,PROC_CJ_2001_0170_P
PROC_GC_1998_0089,PROC_CJ_2001_0172_P_R
PROC_GC_1998_0089,PROC_CJ_2001_0180_P_R
PROC_GC_1998_0089,PROC_CJ_2001_0172_P
PROC_GC_2000_0002,PROC_CJ_2001_0181_P
PROC_GC_2000_0002,PROC_CJ_2001_0181_P_REV
PROC_GC_2000_0166,PROC_CJ_2001_0184_P
PROC_GC_1998_0112,PROC_CJ_2001_0190_P
PROC_GC_1999_0193,PROC_CJ_2001_0191_P
PROC_GC_2000_0003,PROC_CJ_2001_0193_P
PROC_GC_1994_0331,PROC_CJ_2001_0199_P
PROC_GC_1994_0331,PROC_CJ_2001_0200_P
PROC_GC_1999_0052,PROC_CJ_2001_0213_P
PROC_GC_2000_0298,PROC_CJ_2001_0217_P
PROC_GC_2000_0130,PROC_CJ_2001_0219_P
PROC_GC_2000_0202_R,PROC_CJ_2001_0250_P
PROC_GC_1999_0167,PROC_CJ_2001_0263_P
PROC_GC_2000_0099,PROC_CJ_2001_0277_P
PROC_GC_1999_0077,PROC_CJ_2001_0284_P
PROC_GC_2001_0123,PROC_CJ_2001_0291_P
PROC_GC_1999_0230,PROC_CJ_2001_0309_P
PROC_GC_1999_0187,PROC_CJ_2001_0321_P
PROC_GC_1999_0357,PROC_CJ_2001_0326_P
PROC_GC_1999_0143,PROC_CJ_2001_0330_P
PROC_GC_1999_0204,PROC_CJ_2001_0353_P
PROC_GC_1998_0202,PROC_CJ_2001_0359_P
PROC_GC_1999_0120,PROC_CJ_2001_0361_P
PROC_GC_2001_0132_R,PROC_CJ_2001_0404_P_R
PROC_GC_2000_0074_R,PROC_CJ_2001_0440_P_R
PROC_GC_1999_0335,PROC_CJ_2001_0456_P
PROC_GC_1999_0270,PROC_CJ_2001_0461_P
PROC_GC_2000_0117,PROC_CJ_2001_0468_P
PROC_GC_2000_0128,PROC_CJ_2001_0473_P
PROC_GC_2001_0216_R,PROC_CJ_2001_0477_P_R
PROC_GC_2001_0219_R,PROC_CJ_2001_0480_P_R
PROC_GC_2001_0184_R,PROC_CJ_2001_0481_P_R
PROC_GC_1999_0222,PROC_CJ_2001_0486_P_R
PROC_GC_1999_0222,PROC_CJ_2001_0486_P
PROC_GC_1999_0222,PROC_CJ_2001_0488_P
PROC_GC_1999_0155,PROC_CJ_2001_0492_P
PROC_GC_2000_0140,PROC_CJ_2001_0498_P
PROC_GC_2001_0200,PROC_CJ_2001_0499_P
PROC_GC_2001_0201,PROC_CJ_2002_0020_P
PROC_GC_1998_0048,PROC_CJ_2002_0057_P
PROC_GC_2000_0138,PROC_CJ_2002_0064_P
PROC_GC_1998_0045,PROC_CJ_2002_0065_P
PROC_GC_2001_0077,PROC_CJ_2002_0075_P
PROC_GC_2000_0174,PROC_CJ_2002_0093_P
PROC_GC_2000_0210,PROC_CJ_2002_0094_P
PROC_GC_2000_0237,PROC_CJ_2002_0111_P
PROC_GC_1994_0261,PROC_CJ_2002_0128_P
PROC_GC_2000_0088,PROC_CJ_2002_0136_P
PROC_GC_2001_0100,PROC_CJ_2002_0139_P
PROC_GC_1999_0054,PROC_CJ_2002_0141_P
PROC_GC_2000_0106,PROC_CJ_2002_0150_P
PROC_GC_2000_0017,PROC_CJ_2002_0167_P
PROC_GC_2002_0003,PROC_CJ_2002_0170_P
PROC_GC_2001_0218,PROC_CJ_2002_0176_P
PROC_GC_1999_0227,PROC_CJ_2002_0181_P
PROC_GC_1999_0127,PROC_CJ_2002_0183_P
PROC_GC_2000_0092,PROC_CJ_2002_0186_P
PROC_GC_1999_0021,PROC_CJ_2002_0189_P
,PROC_CJ_2002_0198_P_R
PROC_GC_1999_0231,PROC_CJ_2002_0204_P
PROC_GC_2001_0198_R,PROC_CJ_2002_0232_P_R
PROC_GC_2000_0209,PROC_CJ_2002_0234_P
PROC_GC_2000_0238,PROC_CJ_2002_0241_P
PROC_GC_2000_0339,PROC_CJ_2002_0258_P
PROC_GC_2001_0009,PROC_CJ_2002_0260_P
PROC_GC_2001_0177,PROC_CJ_2002_0263_P
PROC_GC_2000_0194,PROC_CJ_2002_0279_P
PROC_GC_2000_0373,PROC_CJ_2002_0301_P
PROC_GC_1999_0152,PROC_CJ_2002_0316_P
PROC_GC_2000_0323,PROC_CJ_2002_0329_P
PROC_GC_2001_0127,PROC_CJ_2002_0360_P
PROC_GC_2002_0236_R,PROC_CJ_2002_0399_P_R
PROC_GC_2000_0178,PROC_CJ_2002_0409_P
PROC_GC_2000_0089,PROC_CJ_2002_0422_P
PROC_GC_2001_0254,PROC_CJ_2002_0427_P
PROC_GC_2001_0036,PROC_CJ_2002_0445_P
PROC_GC_2000_0173,PROC_CJ_2002_0447_P
PROC_GC_1999_0199,PROC_CJ_2002_0455_P
PROC_GC_2000_0185,PROC_CJ_2002_0470_P
PROC_GC_2002_0215_R,PROC_CJ_2002_0471_P_R
PROC_GC_2002_0331,PROC_CJ_2003_0002_P
PROC_GC_2001_0006,PROC_CJ_2003_0003_P
PROC_GC_2001_0006,PROC_CJ_2003_0003_P_DEP
PROC_GC_2002_0005,PROC_CJ_2003_0012_P
PROC_GC_2002_0005,PROC_CJ_2003_0012_P_DEP
PROC_GC_2002_0080,PROC_CJ_2003_0013_P
PROC_GC_1999_0141,PROC_CJ_2003_0018_P
PROC_GC_2001_0091,PROC_CJ_2003_0037_P
PROC_GC_2000_0074,PROC_CJ_2003_0039_P_R
PROC_GC_2000_0074,PROC_CJ_2003_0039_P
PROC_GC_2000_0074,PROC_CJ_2003_0039_P_DEP
PROC_GC_2000_0074_R,PROC_CJ_2001_0440_P_R_DEP
PROC_GC_2000_0332,PROC_CJ_2003_0040_P
PROC_GC_2000_0094,PROC_CJ_2003_0041_P
PROC_GC_2001_0103,PROC_CJ_2003_0047_P
PROC_GC_2000_0114,PROC_CJ_2003_0078_P
PROC_GC_2001_0110,PROC_CJ_2003_0106_P
PROC_GC_2001_0063,PROC_CJ_2003_0107_P
PROC_GC_2002_0400,PROC_CJ_2003_0114_P
PROC_GC_2000_0075,PROC_CJ_2003_0116_P
PROC_GC_2002_0135,PROC_CJ_2003_0123_P
PROC_GC_2000_0377,PROC_CJ_2003_0131_P
PROC_GC_2000_0377,PROC_CJ_2003_0146_P
PROC_GC_2001_0181,PROC_CJ_2003_0150_P
PROC_GC_2001_0333,PROC_CJ_2003_0151_P
PROC_GC_2000_0147,PROC_CJ_2003_0156_P_R
PROC_GC_2000_0147,PROC_CJ_2003_0156_P_DEP
PROC_GC_2002_0083,PROC_CJ_2003_0159_P
,PROC_CJ_2003_0179_P_R
PROC_GC_2001_0145,PROC_CJ_2003_0180_P
PROC_GC_2001_0059,PROC_CJ_2003_0181_P
PROC_GC_2000_0183,PROC_CJ_2003_0186_P
PROC_GC_2000_0184,PROC_CJ_2003_0187_P
PROC_GC_2001_0237,PROC_CJ_2003_0192_P
PROC_GC_2001_0164,PROC_CJ_2003_0196_P
PROC_GC_2000_0344,PROC_CJ_2003_0198_P
PROC_GC_1999_0319,PROC_CJ_2003_0205_P
PROC_GC_2000_0353,PROC_CJ_2003_0208_P_R
PROC_GC_2000_0353,PROC_CJ_2003_0208_P
PROC_GC_2000_0061,PROC_CJ_2003_0222_P
PROC_GC_2001_0125,PROC_CJ_2003_0226_P
PROC_GC_2002_0398_R,PROC_CJ_2003_0233_P_R
PROC_GC_2000_0213,PROC_CJ_2003_0236_P
PROC_GC_1999_0254,PROC_CJ_2003_0238_P
PROC_GC_2000_0340,PROC_CJ_2003_0240_P
PROC_GC_2001_0044,PROC_CJ_2003_0254_P
PROC_GC_2000_0366,PROC_CJ_2003_0276_P
PROC_GC_2003_0073,PROC_CJ_2003_0288_P
,PROC_CJ_2003_0289_P_R
PROC_GC_2000_0093,PROC_CJ_2003_0295_P
PROC_GC_2003_0015,PROC_CJ_2003_0325_P
PROC_GC_2002_0288_R,PROC_CJ_2003_0348_P_R
PROC_GC_2003_0104,PROC_CJ_2003_0351_P
PROC_GC_2001_0124,PROC_CJ_2003_0352_P
PROC_GC_2003_0063,PROC_CJ_2003_0361_P
PROC_GC_2003_0158_R,PROC_CJ_2003_0365_P_R
PROC_GC_2002_0036,PROC_CJ_2003_0366_P
PROC_GC_2001_0217,PROC_CJ_2003_0369_P
PROC_GC_2001_0041,PROC_CJ_2003_0379_P
PROC_GC_2003_0186,PROC_CJ_2003_0396_P
PROC_GC_2000_0224,PROC_CJ_2003_0397_P
PROC_GC_2001_0116,PROC_CJ_2003_0442_P
PROC_GC_2001_0116,PROC_CJ_2003_0471_P
PROC_GC_2001_0309,PROC_CJ_2003_0499_P
PROC_GC_2002_0372,PROC_CJ_2003_0521_P
PROC_GC_2003_0262,PROC_CJ_2003_0530_P
PROC_GC_2002_0288,PROC_CJ_2003_0547_P
PROC_GC_2000_0368,PROC_CJ_2003_0551_P
PROC_GC_1998_0065,PROC_CJ_2003_0552_P
PROC_GC_2000_0148,PROC_CJ_2003_0553_P
PROC_GC_2003_0125_R,PROC_CJ_2004_0007_P_R
PROC_GC_2003_0346,PROC_CJ_2004_0018_P_R
PROC_GC_2003_0346,PROC_CJ_2004_0018_P
,PROC_CJ_2004_0019_P_R
PROC_GC_2003_0335,PROC_CJ_2004_0037_P
PROC_GC_2001_0208,PROC_CJ_2004_0074_P
PROC_GC_2001_0146,PROC_CJ_2004_0080_P
PROC_GC_2002_0016,PROC_CJ_2004_0082_P
PROC_GC_1999_0219,PROC_CJ_2004_0095_P
PROC_GC_2000_0005,PROC_CJ_2004_0105_P
PROC_GC_2000_0005,PROC_CJ_2004_0105_P_DEP
PROC_GC_1999_0065,PROC_CJ_2004_0110_P
PROC_GC_1999_0061,PROC_CJ_2004_0111_P
PROC_GC_1999_0056,PROC_CJ_2004_0112_P
PROC_GC_2000_0005,PROC_CJ_2004_0113_P
PROC_GC_1999_0066,PROC_CJ_2004_0121_P
PROC_GC_2001_0180,PROC_CJ_2004_0153_P
PROC_GC_2002_0113,PROC_CJ_2004_0160_P
PROC_GC_2001_0067,PROC_CJ_2004_0167_P
PROC_GC_2002_0146,PROC_CJ_2004_0173_P
PROC_GC_2003_0319,PROC_CJ_2004_0190_P
PROC_GC_2002_0355,PROC_CJ_2004_0206_P
PROC_GC_2002_0355,PROC_CJ_2004_0206_P_DEP
PROC_GC_2003_0365,PROC_CJ_2004_0219_P
PROC_GC_2003_0427,PROC_CJ_2004_0220_P
PROC_GC_2001_0204,PROC_CJ_2004_0227_P
PROC_GC_2001_0172,PROC_CJ_2004_0243_P
PROC_GC_2004_0024,PROC_CJ_2004_0281_P
PROC_GC_2002_0399,PROC_CJ_2004_0286_P
PROC_GC_2001_0245,PROC_CJ_2004_0289_P
PROC_GC_2001_0236,PROC_CJ_2004_0301_P
PROC_GC_2001_0236,PROC_CJ_2004_0307_P
PROC_GC_2001_0236,PROC_CJ_2004_0308_P
PROC_GC_2004_0106,PROC_CJ_2004_0315_P
PROC_GC_2003_0264,PROC_CJ_2004_0342_P
PROC_GC_2003_0422_R_II,PROC_CJ_2004_0350_P_R
PROC_GC_2002_0333,PROC_CJ_2004_0354_P
PROC_GC_2002_0338,PROC_CJ_2004_0355_P
PROC_GC_2002_0379,PROC_CJ_2004_0357_P
PROC_GC_2002_0185,PROC_CJ_2004_0361_P
PROC_GC_2002_0358,PROC_CJ_2004_0367_P
PROC_GC_2001_0153,PROC_CJ_2004_0373_P
PROC_GC_2004_0076_R,PROC_CJ_2004_0380_P_R
PROC_GC_2004_0078_R,PROC_CJ_2004_0381_P_R
PROC_GC_2004_0133,PROC_CJ_2004_0397_P
PROC_GC_2004_0114,PROC_CJ_2004_0398_P
PROC_GC_2000_0067,PROC_CJ_2004_0403_P
PROC_GC_2000_0067,PROC_CJ_2004_0405_P
PROC_GC_2001_0198,PROC_CJ_2004_0404_P_R
PROC_GC_2001_0198,PROC_CJ_2004_0404_P
PROC_GC_2000_0050,PROC_CJ_2004_0407_P
PROC_GC_2000_0308,PROC_CJ_2004_0408_P
PROC_GC_2000_0044,PROC_CJ_2004_0411_P
PROC_GC_2002_0203,PROC_CJ_2004_0416_P
PROC_GC_2002_0341,PROC_CJ_2004_0417_P
PROC_GC_2002_0180,PROC_CJ_2004_0420_P
PROC_GC_2003_0175,PROC_CJ_2004_0426_P
PROC_GC_2002_0213,PROC_CJ_2004_0482_P
PROC_GC_2002_0356,PROC_CJ_2004_0512_P
PROC_GC_2002_0356,PROC_CJ_2004_0512_P_DEP
PROC_GC_2002_0313,PROC_CJ_2004_0519_P
PROC_GC_2004_0193_R,PROC_CJ_2004_0521_P_R
PROC_GC_1999_0036,PROC_CJ_2004_0525_P
PROC_GC_2003_0076,PROC_CJ_2005_0012_P
PROC_GC_2003_0076,PROC_CJ_2005_0012_P_REV
PROC_GC_2002_0396,PROC_CJ_2005_0024_P
PROC_GC_2002_0402,PROC_CJ_2005_0025_P
PROC_GC_2002_0164,PROC_CJ_2005_0029_P
PROC_GC_2003_0084,PROC_CJ_2005_0039_P
PROC_GC_2003_0084,PROC_CJ_2005_0052_P
PROC_GC_2001_0176,PROC_CJ_2005_0049_P
PROC_GC_1998_0166,PROC_CJ_2005_0051_P
PROC_GC_2002_0332,PROC_CJ_2005_0062_P
PROC_GC_2002_0168,PROC_CJ_2005_0064_P
PROC_GC_2002_0240,PROC_CJ_2005_0068_P
PROC_GC_2002_0027,PROC_CJ_2005_0075_P
PROC_GC_2002_0027,PROC_CJ_2005_0080_P
PROC_GC_2002_0027,PROC_CJ_2005_0075_P_DEP
PROC_GC_2003_0008,PROC_CJ_2005_0104_P
PROC_GC_2003_0008,PROC_CJ_2005_0104_P_DEP
PROC_GC_2003_0196,PROC_CJ_2005_0113_P
PROC_GC_2003_0334,PROC_CJ_2005_0121_P
PROC_GC_2001_0141,PROC_CJ_2005_0162_P_R
PROC_GC_2001_0141,PROC_CJ_2005_0162_P
PROC_GC_2002_0193,PROC_CJ_2005_0171_P
PROC_GC_2003_0137,PROC_CJ_2005_0172_P
PROC_GC_2004_0445,PROC_CJ_2005_0197_P
PROC_GC_2004_0454,PROC_CJ_2005_0200_P
PROC_GC_2004_0478,PROC_CJ_2005_0210_P
PROC_GC_2004_0479,PROC_CJ_2005_0211_P
PROC_GC_2003_0169,PROC_CJ_2005_0214_P
PROC_GC_2001_0248,PROC_CJ_2005_0215_P
PROC_GC_2002_0229,PROC_CJ_2005_0229_P
PROC_GC_2002_0254,PROC_CJ_2005_0230_P
PROC_GC_2003_0112,PROC_CJ_2005_0235_P
PROC_GC_2003_0285,PROC_CJ_2005_0243_P
PROC_GC_2005_0034_R,PROC_CJ_2005_0258_P_R
PROC_GC_2001_0088,PROC_CJ_2005_0260_P
PROC_GC_2003_0110,PROC_CJ_2005_0266_P
PROC_GC_2002_0191,PROC_CJ_2005_0268_P
PROC_GC_2003_0260,PROC_CJ_2005_0273_P
PROC_GC_2003_0028,PROC_CJ_2005_0282_P
PROC_GC_2003_0315,PROC_CJ_2005_0301_P
PROC_GC_2002_0160,PROC_CJ_2005_0311_P
PROC_GC_2003_0288,PROC_CJ_2005_0312_P
PROC_GC_2002_0352,PROC_CJ_2005_0314_P
PROC_GC_2002_0017,PROC_CJ_2005_0320_P
PROC_GC_2003_0326,PROC_CJ_2005_0322_P
PROC_GC_2004_0034,PROC_CJ_2005_0324_P
PROC_GC_2003_0158,PROC_CJ_2005_0326_P
PROC_GC_2003_0158,PROC_CJ_2005_0326_P_DEP
PROC_GC_2003_0071,PROC_CJ_2005_0328_P
PROC_GC_2004_0294,PROC_CJ_2005_0331_P
PROC_GC_2004_0007,PROC_CJ_2005_0334_P
PROC_GC_2004_0017,PROC_CJ_2005_0338_P
PROC_GC_2004_0157,PROC_CJ_2005_0344_P
PROC_GC_2005_0063,PROC_CJ_2005_0347_P
PROC_GC_2005_0064,PROC_CJ_2005_0348_P
PROC_GC_2005_0078,PROC_CJ_2005_0349_P
PROC_GC_2005_0079,PROC_CJ_2005_0350_P
PROC_GC_2003_0370,PROC_CJ_2005_0362_P
PROC_GC_2002_0387,PROC_CJ_2005_0365_P
PROC_GC_2004_0376,PROC_CJ_2005_0368_P
PROC_GC_2004_0377,PROC_CJ_2005_0373_P
PROC_GC_2001_0315,PROC_CJ_2005_0402_P
PROC_GC_2001_0306,PROC_CJ_2005_0415_P
PROC_GC_2005_0209,PROC_CJ_2005_0408_P
PROC_GC_2003_0130,PROC_CJ_2005_0412_P
PROC_GC_2003_0272,PROC_CJ_2005_0417_P
PROC_GC_2004_0295,PROC_CJ_2005_0418_P
PROC_GC_2002_0053,PROC_CJ_2005_0420_P
PROC_GC_2004_0072,PROC_CJ_2005_0424_P
PROC_GC_2003_0366,PROC_CJ_2005_0439_P
PROC_GC_2003_0366,PROC_CJ_2005_0454_P
PROC_GC_2003_0134,PROC_CJ_2005_0443_P
PROC_GC_2002_0038,PROC_CJ_2006_0003_P
PROC_GC_2004_0124,PROC_CJ_2006_0004_P
PROC_GC_2003_0415,PROC_CJ_2006_0006_P
PROC_GC_2002_0205,PROC_CJ_2006_0007_P
PROC_GC_2002_0298,PROC_CJ_2006_0008_P
PROC_GC_2003_0083,PROC_CJ_2006_0009_P
PROC_GC_2003_0368,PROC_CJ_2006_0010_P
PROC_GC_2003_0060,PROC_CJ_2006_0015_P
PROC_GC_2003_0336,PROC_CJ_2006_0016_P
PROC_GC_2004_0145,PROC_CJ_2006_0057_P
PROC_GC_2002_0236,PROC_CJ_2006_0059_P
PROC_GC_2002_0033,PROC_CJ_2006_0076_P
PROC_GC_2004_0396,PROC_CJ_2006_0092_P
PROC_GC_2003_0154,PROC_CJ_2006_0095_P
PROC_GC_2000_0069,PROC_CJ_2006_0120_P
PROC_GC_2001_0135,PROC_CJ_2006_0121_P
PROC_GC_2005_0417_R,PROC_CJ_2006_0122_P_R
PROC_GC_2005_0417_R,PROC_CJ_2006_0122_P_R_DEP
PROC_GC_2001_0033,PROC_CJ_2006_0125_P
PROC_GC_2002_0250,PROC_CJ_2006_0129_P
PROC_GC_2004_0493,PROC_CJ_2006_0130_P_I
PROC_GC_2004_0029,PROC_CJ_2006_0131_P
PROC_GC_2004_0033,PROC_CJ_2006_0135_P
PROC_GC_2004_0398,PROC_CJ_2006_0144_P
PROC_GC_2003_0369,PROC_CJ_2006_0150_P
PROC_GC_2005_0177,PROC_CJ_2006_0163_P
PROC_GC_2004_0042,PROC_CJ_2006_0167_P
PROC_GC_2003_0147,PROC_CJ_2006_0171_P
PROC_GC_2002_0092,PROC_CJ_2006_0176_P
PROC_GC_2003_0048,PROC_CJ_2006_0188_P
PROC_GC_2005_0376,PROC_CJ_2006_0189_P
PROC_GC_2004_0074,PROC_CJ_2006_0193_P
PROC_GC_2003_0202,PROC_CJ_2006_0196_P
PROC_GC_2002_0282,PROC_CJ_2006_0202_P
PROC_GC_2004_0342,PROC_CJ_2006_0211_P
PROC_GC_2004_0471,PROC_CJ_2006_0213_P
PROC_GC_2004_0035,PROC_CJ_2006_0225_P
PROC_GC_2003_0194,PROC_CJ_2006_0234_P
PROC_GC_2005_0004,PROC_CJ_2006_0237_P
PROC_GC_2004_0129,PROC_CJ_2006_0238_P
PROC_GC_2003_0344,PROC_CJ_2006_0245_P
PROC_GC_2003_0367,PROC_CJ_2006_0255_P
PROC_GC_2003_0367,PROC_CJ_2006_0255_P_REV
PROC_GC_2002_0279,PROC_CJ_2006_0266_P
PROC_GC_2004_0439,PROC_CJ_2006_0304_P
PROC_GC_2004_0093,PROC_CJ_2006_0323_P
PROC_GC_2004_0093,PROC_CJ_2006_0323_P_DEP
PROC_GC_2003_0279,PROC_CJ_2006_0325_P
PROC_GC_2004_0251,PROC_CJ_2006_0332_P
PROC_GC_1997_0613,PROC_CJ_2006_0341_P
PROC_GC_1997_0613,PROC_CJ_2006_0342_P
PROC_GC_1994_0087,PROC_CJ_2006_0344_P
PROC_GC_2002_0010,PROC_CJ_2006_0348_P
PROC_GC_2005_0150,PROC_CJ_2006_0362_P
PROC_GC_2005_0357,PROC_CJ_2006_0363_P
PROC_GC_2003_0218,PROC_CJ_2006_0373_P
PROC_GC_2003_0218,PROC_CJ_2006_0382_P
PROC_GC_2004_0049,PROC_CJ_2006_0399_P
PROC_GC_2002_0253,PROC_CJ_2006_0403_P
PROC_GC_2003_0247,PROC_CJ_2006_0405_P
PROC_GC_2004_0464,PROC_CJ_2006_0413_P
PROC_GC_2004_0225,PROC_CJ_2006_0417_P
PROC_GC_2004_0221,PROC_CJ_2006_0418_P
PROC_GC_2005_0350,PROC_CJ_2006_0457_P
PROC_GC_2005_0420_R_II,PROC_CJ_2006_0459_P_R
PROC_GC_2005_0242,PROC_CJ_2006_0461_P
PROC_GC_2002_0210,PROC_CJ_2006_0487_P
PROC_GC_2004_0168,PROC_CJ_2006_0488_P
PROC_GC_2004_0191,PROC_CJ_2006_0493_P
PROC_GC_2004_0304,PROC_CJ_2006_0494_P
PROC_GC_2005_0171,PROC_CJ_2006_0495_P
PROC_GC_2001_0226,PROC_CJ_2006_0497_P
PROC_GC_2001_0168,PROC_CJ_2006_0501_P
PROC_GC_2001_0168,PROC_CJ_2006_0513_P
PROC_GC_2001_0168,PROC_CJ_2006_0519_P
PROC_GC_2005_0440,PROC_CJ_2006_0502_P
PROC_GC_2005_0440,PROC_CJ_2006_0502_P_INTP
PROC_GC_2001_0330,PROC_CJ_2006_0509_P
PROC_GC_2001_0329,PROC_CJ_2006_0510_P
PROC_GC_2002_0059,PROC_CJ_2006_0511_P
PROC_GC_2003_0302,PROC_CJ_2006_0512_P
PROC_GC_2005_0172,PROC_CJ_2006_0514_P
PROC_GC_2004_0153,PROC_CJ_2006_0516_P
PROC_GC_2005_0094,PROC_CJ_2006_0521_P
PROC_GC_2003_0300,PROC_CJ_2006_0535_P
PROC_GC_2004_0357,PROC_CJ_2007_0016_P
PROC_GC_2004_0494,PROC_CJ_2007_0017_P
PROC_GC_2002_0217,PROC_CJ_2007_0028_P
PROC_GC_2004_0382,PROC_CJ_2007_0038_P
PROC_GC_2003_0333,PROC_CJ_2007_0047_P
PROC_GC_2005_0135,PROC_CJ_2007_0071_P
PROC_GC_2004_0422,PROC_CJ_2007_0074_P
PROC_GC_2006_0150,PROC_CJ_2007_0099_P
PROC_GC_2003_0138,PROC_CJ_2007_0100_P
PROC_GC_2003_0217,PROC_CJ_2007_0101_P
PROC_GC_2003_0217,PROC_CJ_2007_0110_P
PROC_GC_2003_0416,PROC_CJ_2007_0103_P
PROC_GC_2005_0290,PROC_CJ_2007_0107_P
PROC_GC_2004_0310,PROC_CJ_2007_0108_P
PROC_GC_2004_0155,PROC_CJ_2007_0113_P
PROC_GC_2006_0203,PROC_CJ_2007_0122_P
PROC_GC_2002_0259,PROC_CJ_2007_0125_P
PROC_GC_2002_0259,PROC_CJ_2007_0137_P
PROC_GC_2002_0237,PROC_CJ_2007_0139_P
PROC_GC_2006_0014,PROC_CJ_2007_0144_P
PROC_GC_2006_0129,PROC_CJ_2007_0163_P
PROC_GC_2006_0276,PROC_CJ_2007_0191_P
PROC_GC_2004_0477,PROC_CJ_2007_0197_P
PROC_GC_2004_0477,PROC_CJ_2007_0197_P_DEP
PROC_GC_2004_0175,PROC_CJ_2007_0198_P
PROC_GC_2004_0340,PROC_CJ_2007_0202_P
PROC_GC_2004_0231,PROC_CJ_2007_0203_P
PROC_GC_2003_0023,PROC_CJ_2007_0204_P
PROC_GC_2003_0023,PROC_CJ_2007_0204_P_DEP
PROC_GC_2004_0204,PROC_CJ_2007_0212_P
PROC_GC_2006_0416_R,PROC_CJ_2007_0236_P_R
PROC_GC_2004_0455,PROC_CJ_2007_0238_P
PROC_GC_2007_0005,PROC_CJ_2007_0242_P
PROC_GC_2005_0322,PROC_CJ_2007_0243_P
PROC_GC_2004_0183,PROC_CJ_2007_0262_P
PROC_GC_2006_0393_R_I,PROC_CJ_2007_0277_P_R
PROC_GC_2000_0366,PROC_CJ_2007_0290_P
PROC_GC_2000_0369,PROC_CJ_2007_0295_P
PROC_GC_2000_0366,PROC_CJ_2007_0296_P_R
PROC_GC_2006_0132,PROC_CJ_2007_0308_P
PROC_GC_2003_0030,PROC_CJ_2007_0319_P
PROC_GC_2006_0047,PROC_CJ_2007_0320_P
PROC_GC_2002_0109,PROC_CJ_2007_0322_P
PROC_GC_2002_0109,PROC_CJ_2007_0338_P
PROC_GC_2002_0357,PROC_CJ_2007_0334_P
PROC_GC_2004_0491,PROC_CJ_2007_0344_P
PROC_GC_2005_0216,PROC_CJ_2007_0373_P
PROC_GC_2005_0198,PROC_CJ_2007_0374_P
PROC_GC_2001_0151,PROC_CJ_2007_0385_P
PROC_GC_2005_0105,PROC_CJ_2007_0398_P
PROC_GC_2006_0182,PROC_CJ_2007_0405_P
PROC_GC_2005_0229,PROC_CJ_2007_0425_P
PROC_GC_2004_0475,PROC_CJ_2007_0431_P
PROC_GC_2005_0312,PROC_CJ_2007_0436_P
PROC_GC_2003_0351,PROC_CJ_2007_0440_P
PROC_GC_2006_0170,PROC_CJ_2007_0441_P
PROC_GC_2005_0058,PROC_CJ_2007_0443_P
PROC_GC_2002_0189,PROC_CJ_2007_0445_P
PROC_GC_2006_0177,PROC_CJ_2007_0448_P
PROC_GC_2006_0409,PROC_CJ_2007_0461_P_I
PROC_GC_2006_0407,PROC_CJ_2007_0462_P_I
,PROC_CJ_2007_0463_P_I
PROC_GC_2007_0001,PROC_CJ_2007_0464_P_I
PROC_GC_2005_0036,PROC_CJ_2007_0468_P
PROC_GC_2005_0186,PROC_CJ_2007_0481_P
PROC_GC_2006_0046,PROC_CJ_2007_0483_P
PROC_GC_2006_0140,PROC_CJ_2007_0497_P
PROC_GC_2004_0363,PROC_CJ_2007_0498_P
PROC_GC_2004_0363,PROC_CJ_2007_0498_P_DEP
PROC_GC_2007_0175,PROC_CJ_2007_0500_P
PROC_GC_2007_0176,PROC_CJ_2007_0501_P
PROC_GC_2007_0028,PROC_CJ_2007_0503_P
PROC_GC_2005_0304,PROC_CJ_2007_0508_P
PROC_GC_2007_0215_R,PROC_CJ_2007_0512_P_R
PROC_GC_2006_0141,PROC_CJ_2007_0513_P
PROC_GC_2004_0036,PROC_CJ_2007_0514_P
PROC_GC_2004_0036,PROC_CJ_2007_0528_P
PROC_GC_2004_0036,PROC_CJ_2007_0532_P
PROC_GC_2003_0348,PROC_CJ_2007_0519_P
PROC_GC_2002_0196,PROC_CJ_2007_0520_P
PROC_GC_2004_0249,PROC_CJ_2007_0525_P
PROC_GC_2004_0250,PROC_CJ_2007_0526_P
PROC_GC_2005_0030,PROC_CJ_2007_0534_P
PROC_GC_2004_0461,PROC_CJ_2007_0542_P
PROC_GC_2003_0253,PROC_CJ_2007_0550_P
PROC_GC_2003_0425,PROC_CJ_2007_0565_P
PROC_GC_2007_0027,PROC_CJ_2008_0006_P
PROC_GC_2005_0459,PROC_CJ_2008_0017_P
PROC_GC_2006_0071,PROC_CJ_2008_0020_P
PROC_GC_2004_0038,PROC_CJ_2008_0021_P
PROC_GC_2006_0094,PROC_CJ_2008_0025_P
PROC_GC_2004_0194,PROC_CJ_2008_0028_P
PROC_GC_2005_0066,PROC_CJ_2008_0038_P
PROC_GC_2005_0434,PROC_CJ_2008_0057_P
PROC_GC_2007_0326_R,PROC_CJ_2008_0060_P_R
PROC_GC_2006_0242,PROC_CJ_2008_0081_P
PROC_GC_2000_0003,PROC_CJ_2008_0084_P
PROC_GC_2007_0349_R,PROC_CJ_2008_0085_P_R
PROC_GC_2007_0350_R,PROC_CJ_2008_0086_P_R
PROC_GC_2006_0050,PROC_CJ_2008_0089_P
PROC_GC_2005_0086,PROC_CJ_2008_0090_P
PROC_GC_2005_0112,PROC_CJ_2008_0097_P
PROC_GC_2007_0367_R,PROC_CJ_2008_0099_P_R
PROC_GC_2006_0010,PROC_CJ_2008_0108_P
PROC_GC_2007_0375_R,PROC_CJ_2008_0114_P_R
PROC_GC_2007_0375_R,PROC_CJ_2008_0114_P_R_INTP
PROC_GC_2006_0088,PROC_CJ_2008_0131_P
PROC_GC_2006_0128,PROC_CJ_2008_0136_P
PROC_GC_2007_0206,PROC_CJ_2008_0141_P
PROC_GC_2004_0298,PROC_CJ_2008_0146_P
PROC_GC_2005_0306,PROC_CJ_2008_0159_P
PROC_GC_2005_0351,PROC_CJ_2008_0183_P
PROC_GC_2006_0215,PROC_CJ_2008_0202_P
PROC_GC_2006_0215,PROC_CJ_2008_0208_P
PROC_GC_2004_0332,PROC_CJ_2008_0210_P
PROC_GC_2005_0301,PROC_CJ_2008_0214_P
PROC_GC_2007_0443,PROC_CJ_2008_0225_P
PROC_GC_2007_0467_R,PROC_CJ_2008_0228_P_R
PROC_GC_2004_0100,PROC_CJ_2008_0231_P
PROC_GC_2007_0412,PROC_CJ_2008_0251_P
PROC_GC_2007_0412,PROC_CJ_2008_0251_P_R
PROC_GC_2004_0486,PROC_CJ_2008_0268_P
PROC_GC_2004_0233,PROC_CJ_2008_0279_P
PROC_GC_2003_0271,PROC_CJ_2008_0280_P
PROC_GC_2006_0236,PROC_CJ_2008_0281_P
PROC_GC_2008_0038,PROC_CJ_2008_0290_P
PROC_GC_2007_0478,PROC_CJ_2008_0295_P
PROC_GC_2007_0035,PROC_CJ_2008_0300_P
PROC_GC_2007_0220,PROC_CJ_2008_0335_P
PROC_GC_2007_0018,PROC_CJ_2008_0349_P
PROC_GC_2007_0018,PROC_CJ_2008_0349_P_R
PROC_GC_2007_0091,PROC_CJ_2008_0355_P
PROC_GC_2005_0141,PROC_CJ_2008_0362_P
PROC_GC_2007_0172,PROC_CJ_2008_0372_P
PROC_GC_2008_0185,PROC_CJ_2008_0387_P
PROC_GC_2007_0475_R,PROC_CJ_2008_0391_P_R
PROC_GC_2007_0036,PROC_CJ_2008_0394_P
PROC_GC_2006_0070,PROC_CJ_2008_0398_P
PROC_GC_2002_0266,PROC_CJ_2008_0399_P
PROC_GC_2003_0052,PROC_CJ_2008_0407_P
PROC_GC_2007_0160,PROC_CJ_2008_0408_P
PROC_GC_2003_0054,PROC_CJ_2008_0413_P
PROC_GC_2006_0176,PROC_CJ_2008_0414_P
PROC_GC_2006_0345,PROC_CJ_2008_0415_P
PROC_GC_2005_0328,PROC_CJ_2008_0416_P
PROC_GC_2004_0429,PROC_CJ_2008_0419_P
PROC_GC_2006_0366,PROC_CJ_2008_0421_P
PROC_GC_2005_0296,PROC_CJ_2008_0432_P
PROC_GC_2005_0296,PROC_CJ_2008_0432_P_DEP
PROC_GC_2004_0037,PROC_CJ_2008_0444_P
PROC_GC_2005_0059,PROC_CJ_2008_0476_P
PROC_GC_2007_0106,PROC_CJ_2008_0481_P
PROC_GC_2006_0284,PROC_CJ_2008_0485_P
PROC_GC_2006_0373,PROC_CJ_2008_0488_P
PROC_GC_2006_0374,PROC_CJ_2008_0489_P
PROC_GC_2007_0226,PROC_CJ_2008_0494_P
PROC_GC_2005_0047,PROC_CJ_2008_0496_P
PROC_GC_2008_0224,PROC_CJ_2008_0498_P
PROC_GC_2006_0324,PROC_CJ_2008_0501_P
PROC_GC_2005_0403,PROC_CJ_2008_0506_P
PROC_GC_2008_0143,PROC_CJ_2008_0513_P
PROC_GC_2008_0143,PROC_CJ_2008_0513_P_DEP
PROC_GC_2006_0075,PROC_CJ_2008_0517_P
PROC_GC_2005_0248,PROC_CJ_2008_0520_P
PROC_GC_2008_0144,PROC_CJ_2008_0528_P
PROC_GC_2008_0144,PROC_CJ_2008_0528_P_DEP
PROC_GC_2003_0020,PROC_CJ_2008_0537_P
PROC_GC_2007_0051,PROC_CJ_2008_0552_P
PROC_GC_2005_0405,PROC_CJ_2008_0553_P
PROC_GC_2004_0073,PROC_CJ_2008_0554_P
PROC_GC_2006_0100,PROC_CJ_2008_0559_P
PROC_GC_2004_0160,PROC_CJ_2009_0004_P
PROC_GC_2004_0160,PROC_CJ_2008_0561_P
PROC_GC_2004_0068,PROC_CJ_2008_0564_P
PROC_GC_2007_0256,PROC_CJ_2008_0576_P
PROC_GC_2006_0305,PROC_CJ_2008_0579_P
PROC_GC_2008_0196,PROC_CJ_2008_0580_P
PROC_GC_2004_0066,PROC_CJ_2008_0583_P
PROC_GC_2007_0281,PROC_CJ_2009_0023_P
PROC_GC_2008_0284,PROC_CJ_2009_0027_P
PROC_GC_2008_0213,PROC_CJ_2009_0029_P
PROC_GC_2008_0411_R,PROC_CJ_2009_0032_P_R
PROC_GC_2008_0045,PROC_CJ_2009_0036_P
PROC_GC_2006_0187,PROC_CJ_2009_0038_P
PROC_GC_2006_0187,PROC_CJ_2009_0038_P_DEP
PROC_GC_2005_0128,PROC_CJ_2009_0039_P
PROC_GC_2005_0404,PROC_CJ_2009_0043_P
PROC_GC_2006_0270,PROC_CJ_2009_0048_P
PROC_GC_2007_0212,PROC_CJ_2009_0051_P
PROC_GC_2006_0339,PROC_CJ_2009_0054_P
PROC_GC_2007_0472,PROC_CJ_2009_0059_P
PROC_GC_2005_0362,PROC_CJ_2009_0067_P
PROC_GC_2004_0471,PROC_CJ_2009_0068_P
PROC_GC_2006_0393,PROC_CJ_2009_0069_P
PROC_GC_2000_0254,PROC_CJ_2009_0071_P
PROC_GC_2000_0254,PROC_CJ_2009_0076_P
PROC_GC_2006_0365,PROC_CJ_2009_0078_P
PROC_GC_2007_0335,PROC_CJ_2009_0080_P
PROC_GC_2002_0388,PROC_CJ_2009_0083_P
PROC_GC_2007_0137,PROC_CJ_2009_0085_P
PROC_GC_2006_0085,PROC_CJ_2009_0090_P
PROC_GC_2006_0225,PROC_CJ_2009_0096_P
PROC_GC_2004_0211,PROC_CJ_2009_0106_P
PROC_GC_2004_0211,PROC_CJ_2009_0107_P
PROC_GC_2008_0456,PROC_CJ_2009_0112_P
PROC_GC_2008_0199_R,PROC_CJ_2009_0113_P_R
PROC_GC_2006_0162,PROC_CJ_2009_0117_P
PROC_GC_2003_0388,PROC_CJ_2009_0148_P
PROC_GC_2007_0444,PROC_CJ_2009_0150_P
PROC_GC_2006_0249,PROC_CJ_2009_0191_P
PROC_GC_2006_0249,PROC_CJ_2009_0200_P
PROC_GC_2007_0402,PROC_CJ_2009_0193_P
PROC_GC_2006_0332,PROC_CJ_2009_0194_P
PROC_GC_2006_0405,PROC_CJ_2009_0201_P
PROC_GC_2007_0191,PROC_CJ_2009_0214_P
PROC_GC_2007_0185,PROC_CJ_2009_0254_P
PROC_GC_2007_0185,PROC_CJ_2009_0254_P_DEP
PROC_GC_2003_0018,PROC_CJ_2009_0260_P
PROC_GC_2006_0165,PROC_CJ_2009_0263_P
PROC_GC_2007_0023,PROC_CJ_2009_0265_P
PROC_GC_2004_0127,PROC_CJ_2009_0272_P
PROC_GC_2007_0405,PROC_CJ_2009_0282_P
PROC_GC_2005_0396,PROC_CJ_2009_0317_P
PROC_GC_2003_0189,PROC_CJ_2009_0318_P
PROC_GC_2002_0297,PROC_CJ_2009_0319_P
PROC_GC_2002_0301,PROC_CJ_2009_0320_P
PROC_GC_2007_0033,PROC_CJ_2009_0321_P
PROC_GC_2006_0152,PROC_CJ_2009_0322_P
PROC_GC_2002_0300,PROC_CJ_2009_0329_P
PROC_GC_2007_0189,PROC_CJ_2009_0332_P
PROC_GC_2004_0257,PROC_CJ_2009_0335_P
PROC_GC_2004_0258,PROC_CJ_2009_0336_P
PROC_GC_2004_0498,PROC_CJ_2009_0337_P
PROC_GC_2002_0309,PROC_CJ_2009_0341_P
PROC_GC_2008_0151,PROC_CJ_2009_0342_P
PROC_GC_2007_0444,PROC_CJ_2009_0350_P
PROC_GC_2007_0024,PROC_CJ_2009_0352_P
PROC_GC_2008_0016,PROC_CJ_2009_0353_P
PROC_GC_2007_0219,PROC_CJ_2009_0358_P
PROC_GC_2009_0141,PROC_CJ_2009_0361_P
PROC_GC_2005_0094,PROC_CJ_2009_0362_P
PROC_GC_2008_0226,PROC_CJ_2009_0364_P
PROC_GC_2008_0225,PROC_CJ_2009_0365_P
PROC_GC_2006_0273,PROC_CJ_2009_0369_P
PROC_GC_2009_0234,PROC_CJ_2009_0374_P
PROC_GC_2008_0246,PROC_CJ_2009_0380_P
PROC_GC_2006_0279,PROC_CJ_2009_0401_P
PROC_GC_2007_0446,PROC_CJ_2009_0448_P
PROC_GC_2007_0446,PROC_CJ_2009_0448_P_DEP
PROC_GC_2007_0162,PROC_CJ_2009_0451_P
PROC_GC_2005_0211,PROC_CJ_2009_0458_P
PROC_GC_2007_0458,PROC_CJ_2009_0459_P
PROC_GC_2007_0458,PROC_CJ_2009_0459_P_DEP
PROC_GC_2006_0174,PROC_CJ_2009_0460_P
PROC_GC_2007_0493,PROC_CJ_2009_0461_P
PROC_GC_2006_0369,PROC_CJ_2009_0464_P
PROC_GC_2001_0030,PROC_CJ_2009_0465_P
PROC_GC_2001_0030,PROC_CJ_2009_0466_P
PROC_GC_2001_0030,PROC_CJ_2009_0470_P
PROC_GC_2001_0030,PROC_CJ_2009_0465_P_DEP
PROC_GC_2001_0227,PROC_CJ_2009_0471_P
PROC_GC_2001_0227,PROC_CJ_2009_0473_P
PROC_GC_2001_0227,PROC_CJ_2009_0471_P_DEP
PROC_GC_2001_0230,PROC_CJ_2009_0474_P
PROC_GC_2001_0230,PROC_CJ_2009_0476_P
PROC_GC_2001_0230,PROC_CJ_2009_0474_P_DEP
PROC_GC_2008_0020,PROC_CJ_2009_0479_P
PROC_GC_2005_0303,PROC_CJ_2009_0480_P
PROC_GC_2007_0225,PROC_CJ_2009_0498_P
PROC_GC_2007_0183,PROC_CJ_2009_0504_P
PROC_GC_2007_0263,PROC_CJ_2009_0505_P
PROC_GC_2005_0385,PROC_CJ_2009_0506_P
PROC_GC_2009_0354,PROC_CJ_2009_0507_P
PROC_GC_2006_0296,PROC_CJ_2009_0511_P
PROC_GC_2009_0249,PROC_CJ_2009_0514_P
PROC_GC_2005_0168,PROC_CJ_2009_0520_P
PROC_GC_2005_0174,PROC_CJ_2009_0521_P
PROC_GC_2005_0174,PROC_CJ_2009_0521_P_DEP
PROC_GC_2008_0166,PROC_CJ_2009_0532_P
PROC_GC_2005_0324,PROC_CJ_2009_0535_P
PROC_GC_2006_0021,PROC_CJ_2009_0544_P
PROC_GC_2008_0390,PROC_CJ_2009_0548_P
PROC_GC_2008_0140,PROC_CJ_2009_0552_P
PROC_GC_2008_0137,PROC_CJ_2009_0553_P
PROC_GC_2006_0234,PROC_CJ_2010_0005_P_R
PROC_GC_2006_0234,PROC_CJ_2010_0005_P
PROC_GC_2006_0234,PROC_CJ_2010_0005_P_DEP
PROC_GC_2008_0150,PROC_CJ_2010_0022_P
PROC_GC_2009_0295,PROC_CJ_2010_0026_P
PROC_GC_2009_0110,PROC_CJ_2010_0028_P
PROC_GC_2004_0375,PROC_CJ_2010_0047_P
PROC_GC_2006_0298,PROC_CJ_2010_0051_P
PROC_GC_2007_0064,PROC_CJ_2010_0054_P
PROC_GC_2007_0200,PROC_CJ_2010_0055_P
PROC_GC_2007_0425,PROC_CJ_2010_0056_P
PROC_GC_2009_0002,PROC_CJ_2010_0073_P
PROC_GC_2007_0094,PROC_CJ_2010_0074_P
PROC_GC_2004_0427,PROC_CJ_2010_0081_P
PROC_GC_2008_0484,PROC_CJ_2010_0084_P
PROC_GC_2008_0476,PROC_CJ_2010_0092_P
PROC_GC_2001_0057,PROC_CJ_2010_0109_P
PROC_GC_2001_0058,PROC_CJ_2010_0110_P
PROC_GC_2004_0156,PROC_CJ_2010_0124_P
PROC_GC_2010_0003,PROC_CJ_2010_0142_P
PROC_GC_2009_0348,PROC_CJ_2010_0143_P
PROC_GC_2007_0460,PROC_CJ_2010_0154_P
PROC_GC_2007_0034,PROC_CJ_2010_0156_P
PROC_GC_2007_0340,PROC_CJ_2010_0200_P
PROC_GC_2007_0472,PROC_CJ_2010_0204_P
PROC_GC_2008_0516,PROC_CJ_2010_0205_P
PROC_GC_2009_0005,PROC_CJ_2010_0222_P
PROC_GC_2007_0321,PROC_CJ_2010_0216_P
PROC_GC_2005_0429,PROC_CJ_2010_0221_P
PROC_GC_2006_0407,PROC_CJ_2010_0247_P
PROC_GC_2006_0401,PROC_CJ_2010_0249_P
PROC_GC_2007_0190,PROC_CJ_2010_0251_P
PROC_GC_2005_0070,PROC_CJ_2010_0252_P
PROC_GC_2005_0070,PROC_CJ_2010_0252_P_DEP
PROC_GC_2008_0094,PROC_CJ_2010_0254_P
PROC_GC_2009_0530,PROC_CJ_2010_0266_P
PROC_GC_2007_0009,PROC_CJ_2010_0281_P
PROC_GC_2005_0050,PROC_CJ_2010_0289_P
PROC_GC_2010_0098,PROC_CJ_2010_0290_P
PROC_GC_2006_0392,PROC_CJ_2010_0308_P
PROC_GC_2006_0303,PROC_CJ_2010_0317_P
PROC_GC_2008_0109,PROC_CJ_2010_0344_P
PROC_GC_2008_0110,PROC_CJ_2010_0345_P
PROC_GC_2009_0225,PROC_CJ_2010_0349_P
PROC_GC_2005_0432,PROC_CJ_2010_0367_P
PROC_GC_2009_0108,PROC_CJ_2010_0369_P
PROC_GC_2008_0243,PROC_CJ_2010_0370_P
PROC_GC_2009_0410_R,PROC_CJ_2010_0373_P_R
PROC_GC_2008_0181,PROC_CJ_2010_0376_P
PROC_GC_2005_0021,PROC_CJ_2010_0386_P
PROC_GC_2009_0138,PROC_CJ_2010_0388_P
PROC_GC_2005_0025,PROC_CJ_2010_0389_P
PROC_GC_2004_0425,PROC_CJ_2010_0399_P
PROC_GC_2004_0425,PROC_CJ_2010_0401_P
PROC_GC_2007_0177,PROC_CJ_2010_0403_P
PROC_GC_2005_0237,PROC_CJ_2010_0404_P_R
PROC_GC_2005_0237,PROC_CJ_2010_0404_P
PROC_GC_2005_0237,PROC_CJ_2010_0404_P_DEP
PROC_GC_2009_0060,PROC_CJ_2010_0418_P
PROC_GC_2010_0051,PROC_CJ_2010_0426_P
PROC_GC_2008_0547,PROC_CJ_2010_0429_P
PROC_GC_2008_0515,PROC_CJ_2010_0433_P
PROC_GC_2010_0177_R,PROC_CJ_2010_0446_P_R
PROC_GC_2008_0430,PROC_CJ_2010_0447_P
PROC_GC_2008_0062,PROC_CJ_2010_0448_P
PROC_GC_2008_0568,PROC_CJ_2010_0451_P
PROC_GC_2008_0568,PROC_CJ_2010_0451_P_DEP
PROC_GC_2008_0335,PROC_CJ_2010_0452_P
PROC_GC_2005_0321,PROC_CJ_2010_0457_P
PROC_GC_2008_0396,PROC_CJ_2010_0459_P
PROC_GC_2009_0401,PROC_CJ_2010_0460_P
PROC_GC_2006_0331,PROC_CJ_2010_0462_P
PROC_GC_2008_0570,PROC_CJ_2010_0463_P
PROC_GC_2007_0111,PROC_CJ_2010_0477_P
PROC_GC_2010_0311,PROC_CJ_2010_0513_P
PROC_GC_2009_0386,PROC_CJ_2010_0521_P
PROC_GC_2009_0390,PROC_CJ_2010_0525_P
PROC_GC_2010_0015_R_II,PROC_CJ_2010_0526_P_R
PROC_GC_2010_0431_R,PROC_CJ_2010_0530_P_R
PROC_GC_2009_0106,PROC_CJ_2010_0532_P
PROC_GC_2008_0135,PROC_CJ_2010_0534_P
PROC_GC_2008_0575,PROC_CJ_2010_0535_P
PROC_GC_2008_0233,PROC_CJ_2010_0536_P
PROC_GC_2005_0029,PROC_CJ_2010_0537_P
PROC_GC_2007_0348,PROC_CJ_2010_0539_P
PROC_GC_2007_0348,PROC_CJ_2010_0550_P
PROC_GC_2009_0369,PROC_CJ_2010_0541_P
PROC_GC_2008_0458,PROC_CJ_2010_0546_P
PROC_GC_2005_0319,PROC_CJ_2010_0547_P
PROC_GC_2006_0155,PROC_CJ_2010_0549_P
PROC_GC_2004_0279,PROC_CJ_2010_0551_P
PROC_GC_2004_0279,PROC_CJ_2010_0551_P_DEP
PROC_GC_2006_0119,PROC_CJ_2010_0552_P
PROC_GC_2004_0452,PROC_CJ_2010_0553_P
PROC_GC_2004_0452,PROC_CJ_2010_0554_P
PROC_GC_2004_0452,PROC_CJ_2010_0553_P_DEP
PROC_GC_2007_0300,PROC_CJ_2010_0560_P
PROC_GC_2008_0387,PROC_CJ_2010_0561_P
PROC_GC_2007_0166,PROC_CJ_2010_0566_P
PROC_GC_2009_0085,PROC_CJ_2010_0584_P
PROC_GC_2009_0085,PROC_CJ_2010_0595_P
PROC_GC_2010_0385_R,PROC_CJ_2010_0598_P_R
PROC_GC_2010_0018_R_II,PROC_CJ_2010_0605_P_R
PROC_GC_2008_0474,PROC_CJ_2010_0609_P
PROC_GC_2008_0439,PROC_CJ_2010_0626_P
PROC_GC_2005_0024,PROC_CJ_2010_0628_P
PROC_GC_2008_0536,PROC_CJ_2011_0002_P_I
PROC_GC_2008_0537,PROC_CJ_2011_0003_P_I
PROC_GC_2008_0113,PROC_CJ_2011_0024_P
PROC_GC_2009_0404,PROC_CJ_2011_0045_P
PROC_GC_2010_0061,PROC_CJ_2011_0052_P
PROC_GC_2009_0137,PROC_CJ_2011_0053_P
PROC_GC_2010_0507_R,PROC_CJ_2011_0066_P_R
PROC_GC_2010_0188,PROC_CJ_2011_0067_P
PROC_GC_2007_0011,PROC_CJ_2011_0073_P
PROC_GC_2008_0303,PROC_CJ_2011_0076_P
PROC_GC_2009_0363,PROC_CJ_2011_0081_P
PROC_GC_2008_0286,PROC_CJ_2011_0087_P
PROC_GC_2009_0497,PROC_CJ_2011_0088_P
PROC_GC_2008_0141,PROC_CJ_2011_0089_P
PROC_GC_2010_0245,PROC_CJ_2011_0093_P
PROC_GC_2009_0013,PROC_CJ_2011_0096_P
PROC_GC_2008_0336,PROC_CJ_2011_0098_P
PROC_GC_2008_0345,PROC_CJ_2011_0100_P
PROC_GC_2009_0513,PROC_CJ_2011_0101_P
PROC_GC_2009_0513,PROC_CJ_2011_0102_P
PROC_GC_2007_0019,PROC_CJ_2011_0103_P
PROC_GC_2006_0231,PROC_CJ_2011_0104_P
PROC_GC_2010_0487,PROC_CJ_2011_0111_P
PROC_GC_2008_0362,PROC_CJ_2011_0135_P
PROC_GC_2008_0584,PROC_CJ_2011_0167_P
PROC_GC_2005_0033,PROC_CJ_2011_0181_P
PROC_GC_2009_0213,PROC_CJ_2011_0191_P
PROC_GC_2009_0213,PROC_CJ_2011_0191_P_DEP
PROC_GC_2009_0122,PROC_CJ_2011_0195_P
PROC_GC_2009_0010,PROC_CJ_2011_0196_P
PROC_GC_2009_0194,PROC_CJ_2011_0198_P
PROC_GC_2009_0003,PROC_CJ_2011_0200_P
PROC_GC_2008_0055,PROC_CJ_2011_0201_P
PROC_GC_2007_0385,PROC_CJ_2011_0204_P
PROC_GC_2008_0068,PROC_CJ_2011_0205_P
PROC_GC_2010_0036,PROC_CJ_2011_0208_P
PROC_GC_2010_0036,PROC_CJ_2011_0208_P_DEP
PROC_GC_2009_0190,PROC_CJ_2011_0222_P
PROC_GC_2007_0122,PROC_CJ_2011_0231_P
PROC_GC_2008_0589,PROC_CJ_2011_0235_P
PROC_GC_2007_0110,PROC_CJ_2011_0239_P
PROC_GC_2005_0037,PROC_CJ_2011_0240_P
PROC_GC_2007_0401,PROC_CJ_2011_0242_P
PROC_GC_2007_0387,PROC_CJ_2011_0246_P
PROC_GC_2007_0117,PROC_CJ_2011_0247_P
PROC_GC_2006_0379,PROC_CJ_2011_0264_P
PROC_GC_2009_0429,PROC_CJ_2011_0265_P
PROC_GC_2007_0369,PROC_CJ_2011_0267_P
PROC_GC_2010_0015_R,PROC_CJ_2011_0272_P
PROC_GC_2006_0375,PROC_CJ_2011_0276_P
PROC_GC_2009_0149,PROC_CJ_2011_0278_P
PROC_GC_2009_0233,PROC_CJ_2011_0280_P
PROC_GC_2006_0382,PROC_CJ_2011_0286_P
PROC_GC_2006_0385,PROC_CJ_2011_0287_P
PROC_GC_2008_0443,PROC_CJ_2011_0288_P
PROC_GC_2006_0376,PROC_CJ_2011_0289_P
PROC_GC_2006_0377,PROC_CJ_2011_0290_P
PROC_GC_2009_0033,PROC_CJ_2011_0292_P
PROC_GC_2009_0054,PROC_CJ_2011_0306_P
PROC_GC_2009_0202,PROC_CJ_2011_0307_P
PROC_GC_2009_0523,PROC_CJ_2011_0311_P
PROC_GC_2009_0320,PROC_CJ_2011_0314_P
PROC_GC_2011_0096,PROC_CJ_2011_0316_P
PROC_GC_2009_0228,PROC_CJ_2011_0327_P
PROC_GC_2009_0209,PROC_CJ_2011_0328_P
PROC_GC_2008_0466,PROC_CJ_2011_0334_P
PROC_GC_2010_0187,PROC_CJ_2011_0354_P
PROC_GC_2008_0489,PROC_CJ_2011_0372_P
PROC_GC_2011_0095,PROC_CJ_2011_0378_P
PROC_GC_2008_0267,PROC_CJ_2011_0389_P
PROC_GC_2009_0488,PROC_CJ_2011_0402_P
PROC_GC_2008_0299,PROC_CJ_2011_0404_P
PROC_GC_2008_0001,PROC_CJ_2011_0405_P
PROC_GC_2008_0145,PROC_CJ_2011_0406_P
PROC_GC_2008_0145,PROC_CJ_2011_0406_P_DEP
PROC_GC_2009_0176,PROC_CJ_2011_0407_P
PROC_GC_2011_0190,PROC_CJ_2011_0411_P
PROC_GC_2010_0115,PROC_CJ_2011_0416_P
PROC_GC_2011_0086,PROC_CJ_2011_0417_P
PROC_GC_2006_0206,PROC_CJ_2011_0421_P
PROC_GC_2010_0226,PROC_CJ_2011_0422_P
PROC_GC_2010_0226,PROC_CJ_2011_0423_P
PROC_GC_2008_0208,PROC_CJ_2011_0429_P
PROC_GC_2008_0199,PROC_CJ_2011_0439_P
PROC_GC_2008_0208,PROC_CJ_2011_0440_P
PROC_GC_2008_0210,PROC_CJ_2011_0441_P
PROC_GC_2008_0204,PROC_CJ_2011_0444_P
PROC_GC_2008_0204,PROC_CJ_2011_0444_P_REC
PROC_GC_2007_0235,PROC_CJ_2011_0445_P
PROC_GC_2006_0196,PROC_CJ_2011_0446_P
PROC_GC_2006_0192,PROC_CJ_2011_0447_P
PROC_GC_2006_0194,PROC_CJ_2011_0448_P
PROC_GC_2006_0195,PROC_CJ_2011_0449_P
PROC_GC_2007_0240,PROC_CJ_2011_0452_P
PROC_GC_2010_0235,PROC_CJ_2011_0453_P
PROC_GC_2006_0186,PROC_CJ_2011_0455_P
PROC_GC_2009_0318,PROC_CJ_2011_0467_P
PROC_GC_2009_0409,PROC_CJ_2011_0469_P
PROC_GC_2011_0185,PROC_CJ_2011_0474_P
PROC_GC_2009_0275,PROC_CJ_2011_0477_P
PROC_GC_2011_0348,PROC_CJ_2011_0478_P
PROC_GC_2010_0451,PROC_CJ_2011_0491_P
PROC_GC_2007_0141,PROC_CJ_2011_0493_P
PROC_GC_2007_0141,PROC_CJ_2011_0494_P
PROC_GC_2006_0190,PROC_CJ_2011_0495_P
PROC_GC_2009_0081,PROC_CJ_2011_0497_P
PROC_GC_2007_0042,PROC_CJ_2011_0499_P
PROC_GC_2007_0138,PROC_CJ_2011_0501_P
PROC_GC_2007_0144,PROC_CJ_2011_0503_P
PROC_GC_2007_0144,PROC_CJ_2011_0504_P
PROC_GC_2007_0144,PROC_CJ_2011_0505_P
PROC_GC_2007_0144,PROC_CJ_2011_0506_P
PROC_GC_2010_0398_R,PROC_CJ_2011_0507_P_R
PROC_GC_2007_0039,PROC_CJ_2011_0508_P
PROC_GC_2007_0151,PROC_CJ_2011_0510_P
PROC_GC_2007_0059,PROC_CJ_2011_0511_P
PROC_GC_2008_0029,PROC_CJ_2011_0514_P
PROC_GC_2007_0144,PROC_CJ_2011_0516_P
PROC_GC_2007_0144,PROC_CJ_2011_0519_P
PROC_GC_2005_0141_RENV,PROC_CJ_2011_0554_P
PROC_GC_2005_0141_RENV,PROC_CJ_2011_0554_P_DEP
PROC_GC_2011_0346_R,PROC_CJ_2011_0569_P_R
PROC_GC_2011_0347_R,PROC_CJ_2011_0570_P_R
PROC_GC_2010_0452,PROC_CJ_2011_0573_P
PROC_GC_2006_0012,PROC_CJ_2011_0578_P
PROC_GC_2009_0292,PROC_CJ_2011_0581_P
PROC_GC_2009_0201,PROC_CJ_2011_0582_P
PROC_GC_2009_0201,PROC_CJ_2011_0582_P_DEP
PROC_GC_2010_0018,PROC_CJ_2011_0583_P
PROC_GC_2007_0475,PROC_CJ_2011_0584_P
PROC_GC_2010_0084_R,PROC_CJ_2011_0586_P
PROC_GC_2009_0289,PROC_CJ_2011_0587_P_R
PROC_GC_2009_0289,PROC_CJ_2011_0587_P
PROC_GC_2009_0290,PROC_CJ_2011_0588_P
PROC_GC_2011_0063,PROC_CJ_2011_0589_P_I
PROC_GC_2011_0062,PROC_CJ_2011_0590_P_I
PROC_GC_2006_0025,PROC_CJ_2011_0593_P
PROC_GC_2011_0028,PROC_CJ_2011_0596_P_I
PROC_GC_2006_0232,PROC_CJ_2011_0597_P
PROC_GC_2011_0038,PROC_CJ_2011_0598_P_I
PROC_GC_2010_0099,PROC_CJ_2011_0599_P
PROC_GC_2011_0040,PROC_CJ_2011_0600_P_I
PROC_GC_2007_0257,PROC_CJ_2011_0601_P
PROC_GC_2011_0046,PROC_CJ_2011_0602_P_I
PROC_GC_2010_0267,PROC_CJ_2011_0608_P
PROC_GC_2009_0427,PROC_CJ_2011_0609_P
PROC_GC_2009_0434,PROC_CJ_2011_0610_P
PROC_GC_2010_0174,PROC_CJ_2011_0611_P
PROC_GC_2007_0442,PROC_CJ_2011_0615_P
PROC_GC_2002_0236,PROC_CJ_2011_0617_P
PROC_GC_2002_0236,PROC_CJ_2011_0617_P_DEP
PROC_GC_2009_0415,PROC_CJ_2011_0621_P
PROC_GC_2010_0403,PROC_CJ_2011_0624_P
PROC_GC_2010_0268,PROC_CJ_2011_0625_P
PROC_GC_2010_0001,PROC_CJ_2011_0626_P
PROC_GC_2009_0298,PROC_CJ_2011_0629_P
PROC_GC_2008_0394,PROC_CJ_2011_0630_P
PROC_GC_2004_0199,PROC_CJ_2011_0638_P
PROC_GC_2011_0421_R,PROC_CJ_2011_0644_P_R
PROC_GC_2003_0030_RENV,PROC_CJ_2011_0646_P
PROC_GC_2007_0312,PROC_CJ_2011_0647_P
PROC_GC_2010_0421,PROC_CJ_2011_0649_P
PROC_GC_2006_0019,PROC_CJ_2011_0652_P
PROC_GC_2006_0039,PROC_CJ_2011_0654_P
PROC_GC_2010_0176,PROC_CJ_2011_0655_P
PROC_GC_2005_0038,PROC_CJ_2011_0668_P
PROC_GC_2005_0041,PROC_CJ_2011_0679_P
PROC_GC_2011_0149,PROC_CJ_2011_0682_P
PROC_GC_2008_0192,PROC_CJ_2012_0010_P
PROC_GC_2008_0190,PROC_CJ_2012_0013_P
PROC_GC_2010_0313,PROC_CJ_2012_0014_P
PROC_GC_2009_0423,PROC_CJ_2012_0015_P
PROC_GC_2009_0423,PROC_CJ_2012_0015_P_DEP
PROC_GC_2010_0363,PROC_CJ_2012_0021_P
PROC_GC_2011_0510,PROC_CJ_2012_0025_P
PROC_GC_2009_0088,PROC_CJ_2012_0034_P
PROC_GC_2006_0076,PROC_CJ_2012_0035_P
PROC_GC_2006_0078,PROC_CJ_2012_0036_P
PROC_GC_2010_0131,PROC_CJ_2012_0037_P
PROC_GC_2006_0079,PROC_CJ_2012_0040_P
PROC_GC_2010_0216,PROC_CJ_2012_0041_P
PROC_GC_2010_0434,PROC_CJ_2012_0042_P
PROC_GC_2006_0054,PROC_CJ_2012_0050_P
PROC_GC_2009_0296,PROC_CJ_2012_0056_P
PROC_GC_2006_0072,PROC_CJ_2012_0058_P
PROC_GC_2011_0307,PROC_CJ_2012_0069_P
PROC_GC_2006_0208,PROC_CJ_2012_0070_P
PROC_GC_2007_0421,PROC_CJ_2012_0077_P
PROC_GC_2010_0237,PROC_CJ_2012_0097_P
PROC_GC_2011_0532,PROC_CJ_2012_0102_P
PROC_GC_2011_0579,PROC_CJ_2012_0110_P_R
PROC_GC_2010_0488,PROC_CJ_2012_0115_P
PROC_GC_2004_0291,PROC_CJ_2012_0118_P
PROC_GC_2009_0062,PROC_CJ_2012_0120_P
PROC_GC_2009_0109,PROC_CJ_2012_0121_P
PROC_GC_2009_0152,PROC_CJ_2012_0122_P
PROC_GC_2010_0203,PROC_CJ_2012_0132_P
PROC_GC_2010_0202,PROC_CJ_2012_0133_P
PROC_GC_2009_0407,PROC_CJ_2012_0145_P
PROC_GC_2010_0071,PROC_CJ_2012_0149_P
PROC_GC_2011_0572_R,PROC_CJ_2012_0168_P_R
PROC_GC_2009_0291,PROC_CJ_2012_0171_P
PROC_GC_2009_0291,PROC_CJ_2012_0171_P_DEP
PROC_GC_2008_0076,PROC_CJ_2012_0172_P
PROC_GC_2011_0032,PROC_CJ_2012_0173_P
PROC_GC_2008_0077,PROC_CJ_2012_0179_P
PROC_GC_2009_0527,PROC_CJ_2012_0183_P
PROC_GC_2008_0268,PROC_CJ_2012_0214_P
PROC_GC_2008_0268,PROC_CJ_2012_0223_P
PROC_GC_2010_0029,PROC_CJ_2012_0224_P
PROC_GC_2011_0594,PROC_CJ_2012_0235_P
PROC_GC_2006_0065,PROC_CJ_2012_0238_P
PROC_GC_2009_0127,PROC_CJ_2012_0239_P
PROC_GC_2006_0064,PROC_CJ_2012_0243_P
PROC_GC_2008_0391,PROC_CJ_2012_0246_P
PROC_GC_2010_0453,PROC_CJ_2012_0248_P
PROC_GC_2009_0063,PROC_CJ_2012_0260_P
PROC_GC_2010_0420,PROC_CJ_2012_0261_P
PROC_GC_2009_0227,PROC_CJ_2012_0266_P
PROC_GC_2008_0288,PROC_CJ_2012_0268_P
PROC_GC_2009_0508,PROC_CJ_2012_0269_P
PROC_GC_2006_0050_RENV,PROC_CJ_2012_0272_P
PROC_GC_2010_0228,PROC_CJ_2012_0274_P
PROC_GC_2010_0439,PROC_CJ_2012_0280_P
PROC_GC_2009_0123,PROC_CJ_2012_0287_P
PROC_GC_2011_0535,PROC_CJ_2012_0289_P
PROC_GC_2010_0369,PROC_CJ_2012_0294_P
PROC_GC_2007_0336,PROC_CJ_2012_0295_P
PROC_GC_2009_0498_P_DEP,PROC_CJ_2012_0304_P
PROC_GC_2010_0331,PROC_CJ_2012_0337_P
PROC_GC_2011_0101,PROC_CJ_2012_0341_P
PROC_GC_2010_0546,PROC_CJ_2012_0346_P
PROC_GC_2010_0509,PROC_CJ_2012_0348_P
PROC_GC_2009_0529,PROC_CJ_2012_0350_P
PROC_GC_2011_0110,PROC_CJ_2012_0354_P
PROC_GC_2010_0580,PROC_CJ_2012_0357_P
PROC_GC_2008_0344,PROC_CJ_2012_0365_P
PROC_GC_2010_0557,PROC_CJ_2012_0379_P
PROC_GC_2009_0133,PROC_CJ_2012_0381_P
PROC_GC_2008_0111,PROC_CJ_2012_0382_P
PROC_GC_2010_0570,PROC_CJ_2012_0383_P
PROC_GC_2012_0129,PROC_CJ_2012_0389_P
PROC_GC_2010_0514,PROC_CJ_2012_0392_P
PROC_GC_2010_0534,PROC_CJ_2012_0393_P
PROC_GC_2011_0203,PROC_CJ_2012_0397_P
PROC_GC_2009_0396,PROC_CJ_2012_0401_P
PROC_GC_2008_0338,PROC_CJ_2012_0404_P
PROC_GC_2007_0448,PROC_CJ_2012_0408_P
PROC_GC_2009_0470,PROC_CJ_2012_0410_P
PROC_GC_2010_0372,PROC_CJ_2012_0414_P
PROC_GC_2009_0212,PROC_CJ_2012_0417_P
PROC_GC_2011_0329,PROC_CJ_2012_0418_P
PROC_GC_2011_0135,PROC_CJ_2012_0422_P
PROC_GC_2010_0334,PROC_CJ_2012_0432_P
PROC_GC_2012_0027,PROC_CJ_2012_0433_P
PROC_GC_2000_0264,PROC_CJ_2012_0436_P
PROC_GC_2011_0170,PROC_CJ_2012_0445_P
PROC_GC_2012_0271,PROC_CJ_2012_0465_P
PROC_GC_2010_0587,PROC_CJ_2012_0471_P
PROC_GC_2011_0369,PROC_CJ_2012_0520_P
PROC_GC_2011_0220,PROC_CJ_2012_0524_P
PROC_GC_2010_0404,PROC_CJ_2012_0530_P
PROC_GC_2010_0168,PROC_CJ_2012_0531_P
PROC_GC_2008_0565,PROC_CJ_2012_0533_P
PROC_GC_2003_0241_REV,PROC_CJ_2012_0534_P
PROC_GC_2003_0241_REV,PROC_CJ_2012_0534_P_DEP
PROC_GC_2012_0294,PROC_CJ_2012_0535_P
PROC_GC_2008_0133,PROC_CJ_2012_0546_P
PROC_GC_2008_0133,PROC_CJ_2012_0546_P_DEP
PROC_GC_2009_0158,PROC_CJ_2012_0547_P
PROC_GC_2008_0265,PROC_CJ_2012_0549_P
PROC_GC_2010_0160,PROC_CJ_2012_0550_P
PROC_GC_2012_0389_R,PROC_CJ_2012_0551_P_R
PROC_GC_2010_0215,PROC_CJ_2012_0552_P
PROC_GC_2008_0169,PROC_CJ_2012_0553_P
PROC_GC_2009_0421,PROC_CJ_2012_0554_P
PROC_GC_2010_0278,PROC_CJ_2012_0558_P
PROC_GC_2010_0154,PROC_CJ_2012_0559_P
PROC_GC_2010_0303,PROC_CJ_2012_0560_P
PROC_GC_2012_0311,PROC_CJ_2012_0566_P
PROC_GC_2012_0312,PROC_CJ_2012_0567_P
PROC_GC_2012_0313,PROC_CJ_2012_0568_P
PROC_GC_2012_0314,PROC_CJ_2012_0569_P
PROC_GC_2012_0320,PROC_CJ_2012_0570_P
PROC_GC_2009_0465,PROC_CJ_2012_0576_P
PROC_GC_2010_0039,PROC_CJ_2012_0578_P
PROC_GC_2008_0082,PROC_CJ_2012_0580_P
PROC_GC_2006_0370,PROC_CJ_2012_0581_P
PROC_GC_2009_0373,PROC_CJ_2012_0582_P
PROC_GC_2009_0357,PROC_CJ_2012_0584_P
PROC_GC_2006_0343,PROC_CJ_2012_0585_P
PROC_GC_2006_0357,PROC_CJ_2012_0586_P
PROC_GC_2010_0257,PROC_CJ_2012_0587_P
PROC_GC_2010_0569,PROC_CJ_2012_0591_P
PROC_GC_2010_0569,PROC_CJ_2012_0591_P_DEP
PROC_GC_2010_0204,PROC_CJ_2012_0593_P
PROC_GC_2011_0366,PROC_CJ_2012_0597_P
PROC_GC_2009_0150,PROC_CJ_2012_0601_P
PROC_GC_2009_0150,PROC_CJ_2012_0601_P_DEP
PROC_GC_2009_0172,PROC_CJ_2012_0602_P
PROC_GC_2009_0172,PROC_CJ_2012_0602_P_DEP
PROC_GC_2011_0333,PROC_CJ_2012_0608_P
PROC_GC_2011_0114,PROC_CJ_2012_0611_P
PROC_GC_2006_0361,PROC_CJ_2012_0612_P
PROC_GC_2006_0161,PROC_CJ_2012_0615_P
PROC_GC_2011_0466,PROC_CJ_2012_0616_P
PROC_GC_2010_0503,PROC_CJ_2013_0006_P
PROC_GC_2008_0574,PROC_CJ_2013_0012_P
PROC_GC_2010_0590,PROC_CJ_2013_0028_P
PROC_GC_2010_0194,PROC_CJ_2013_0031_P
PROC_GC_2009_0135,PROC_CJ_2013_0037_P
PROC_GC_2011_0672,PROC_CJ_2013_0064_P
PROC_GC_2007_0491,PROC_CJ_2013_0067_P
PROC_GC_2011_0338,PROC_CJ_2013_0070_P
PROC_GC_2010_0588,PROC_CJ_2013_0071_P
PROC_GC_2012_0400,PROC_CJ_2013_0078_P
PROC_GC_2009_0332,PROC_CJ_2013_0084_P
PROC_GC_2009_0392,PROC_CJ_2013_0090_P
PROC_GC_2008_0103,PROC_CJ_2013_0093_P
PROC_GC_2000_0260,PROC_CJ_2013_0094_P
PROC_GC_2011_0205,PROC_CJ_2013_0102_P
PROC_GC_2011_0625,PROC_CJ_2013_0126_P
PROC_GC_2007_0392,PROC_CJ_2013_0127_P
PROC_GC_2009_0355,PROC_CJ_2013_0141_P
PROC_GC_2009_0355,PROC_CJ_2013_0141_P_DEP
PROC_GC_2000_0218,PROC_CJ_2013_0145_P
PROC_GC_2009_0474,PROC_CJ_2013_0159_P
PROC_GC_2010_0496,PROC_CJ_2013_0176_P
PROC_GC_2011_0159,PROC_CJ_2013_0177_P
PROC_GC_2011_0235,PROC_CJ_2013_0192_P
PROC_GC_2011_0283,PROC_CJ_2013_0193_P
PROC_GC_2010_0540,PROC_CJ_2013_0197_P
PROC_GC_2011_0368,PROC_CJ_2013_0199_P
PROC_GC_2010_0494,PROC_CJ_2013_0200_P
PROC_GC_2008_0235,PROC_CJ_2013_0215_P
PROC_GC_2009_0241,PROC_CJ_2013_0220_P
PROC_GC_2000_0278,PROC_CJ_2013_0227_P
PROC_GC_2011_0186,PROC_CJ_2013_0261_P
PROC_GC_2010_0065,PROC_CJ_2013_0263_P
PROC_GC_2010_0539,PROC_CJ_2013_0269_P
PROC_GC_2011_0489,PROC_CJ_2013_0271_P
PROC_GC_2010_0241,PROC_CJ_2013_0273_P
PROC_GC_2012_0462_R,PROC_CJ_2013_0278_P_R
PROC_GC_2011_0229,PROC_CJ_2013_0281_P
PROC_GC_2011_0607_R,PROC_CJ_2013_0283_P
PROC_GC_2012_0064,PROC_CJ_2013_0284_P
PROC_GC_2012_0277,PROC_CJ_2013_0285_P
PROC_GC_2008_0588,PROC_CJ_2013_0286_P
PROC_GC_2010_0093,PROC_CJ_2013_0287_P
PROC_GC_2010_0094,PROC_CJ_2013_0288_P
PROC_GC_2010_0095,PROC_CJ_2013_0289_P
PROC_GC_2010_0096,PROC_CJ_2013_0290_P
PROC_GC_2010_0571,PROC_CJ_2013_0292_P
PROC_GC_2008_0587,PROC_CJ_2013_0293_P
PROC_GC_2011_0571,PROC_CJ_2013_0301_P
PROC_GC_2011_0092,PROC_CJ_2013_0303_P
PROC_GC_2011_0336,PROC_CJ_2013_0308_P
PROC_GC_2011_0360,PROC_CJ_2013_0324_P
PROC_GC_2011_0506,PROC_CJ_2013_0325_P
PROC_GC_2011_0506,PROC_CJ_2013_0325_P_DEP
PROC_GC_2011_0671,PROC_CJ_2013_0336_P
PROC_GC_2011_0284,PROC_CJ_2013_0374_P
PROC_GC_2011_0051,PROC_CJ_2013_0379_P
PROC_GC_2009_0099,PROC_CJ_2013_0385_P
PROC_GC_2013_0044_R,PROC_CJ_2013_0389_P_R
PROC_GC_2013_0073_R,PROC_CJ_2013_0390_P_R
PROC_GC_2011_0294,PROC_CJ_2013_0391_P
PROC_GC_2011_0304,PROC_CJ_2013_0393_P
PROC_GC_2011_0119,PROC_CJ_2013_0397_P
PROC_GC_2010_0526,PROC_CJ_2013_0398_P
PROC_GC_2011_0093,PROC_CJ_2013_0399_P
PROC_GC_2011_0249,PROC_CJ_2013_0411_P
PROC_GC_2011_0378,PROC_CJ_2013_0412_P
PROC_GC_2010_0530,PROC_CJ_2013_0414_P
PROC_GC_2012_0019,PROC_CJ_2013_0415_P
PROC_GC_2012_0198_R,PROC_CJ_2013_0426_P_R
PROC_GC_2010_0384,PROC_CJ_2013_0429_P
PROC_GC_2009_0146,PROC_CJ_2013_0434_P
PROC_GC_2011_0068,PROC_CJ_2013_0435_P
PROC_GC_2011_0068,PROC_CJ_2013_0435_P_DEP
PROC_GC_2012_0213,PROC_CJ_2013_0439_P
PROC_GC_2012_0213,PROC_CJ_2013_0439_P_DEP
PROC_GC_2011_0178,PROC_CJ_2013_0445_P
PROC_GC_2010_0431,PROC_CJ_2013_0447_P
PROC_GC_2011_0515,PROC_CJ_2013_0448_P
PROC_GC_2011_0396,PROC_CJ_2013_0450_P
PROC_GC_2010_0454,PROC_CJ_2013_0455_P
PROC_GC_2010_0454,PROC_CJ_2013_0457_P
PROC_GC_2011_0279,PROC_CJ_2013_0456_P
PROC_GC_2012_0089,PROC_CJ_2013_0466_P
PROC_GC_2008_0406,PROC_CJ_2013_0467_P
PROC_GC_2012_0367,PROC_CJ_2013_0468_P
PROC_GC_2012_0106,PROC_CJ_2013_0490_P
PROC_GC_2012_0205,PROC_CJ_2013_0494_P
PROC_GC_2012_0206,PROC_CJ_2013_0495_P
PROC_GC_2012_0078,PROC_CJ_2013_0496_P
PROC_GC_2013_0221,PROC_CJ_2013_0501_P
PROC_GC_2011_0552,PROC_CJ_2013_0506_P_R
PROC_GC_2011_0552,PROC_CJ_2013_0506_P
PROC_GC_2012_0197,PROC_CJ_2013_0509_P
PROC_GC_2007_0469,PROC_CJ_2013_0511_P
PROC_GC_2008_0358,PROC_CJ_2013_0513_P
PROC_GC_2012_0208,PROC_CJ_2013_0521_P
PROC_GC_2012_0489,PROC_CJ_2013_0564_P
PROC_GC_2013_0366,PROC_CJ_2013_0574_P_R
PROC_GC_2011_0448,PROC_CJ_2013_0581_P
PROC_GC_2011_0289,PROC_CJ_2013_0583_P
PROC_GC_2011_0434,PROC_CJ_2013_0585_P
PROC_GC_2011_0434,PROC_CJ_2013_0585_P_REC
PROC_GC_2011_0429,PROC_CJ_2013_0587_P
PROC_GC_2011_0465,PROC_CJ_2013_0596_P
PROC_GC_2008_0548,PROC_CJ_2013_0597_P
PROC_GC_2007_0462,PROC_CJ_2013_0603_P
PROC_GC_2010_0386,PROC_CJ_2013_0604_P
PROC_GC_2011_0563,PROC_CJ_2013_0605_P
PROC_GC_2007_0497,PROC_CJ_2013_0608_P
PROC_GC_2010_0364,PROC_CJ_2013_0609_P
PROC_GC_2011_0343,PROC_CJ_2013_0610_P
PROC_GC_2010_0375,PROC_CJ_2013_0611_P
PROC_GC_2011_0111,PROC_CJ_2013_0612_P
PROC_GC_2010_0379,PROC_CJ_2013_0613_P
PROC_GC_2010_0378,PROC_CJ_2013_0614_P
PROC_GC_2011_0214,PROC_CJ_2013_0615_P
PROC_GC_2007_0495,PROC_CJ_2013_0616_P
PROC_GC_2007_0496,PROC_CJ_2013_0617_P
PROC_GC_2010_0396,PROC_CJ_2013_0618_P
PROC_GC_2010_0376,PROC_CJ_2013_0619_P
PROC_GC_2009_0226,PROC_CJ_2013_0620_P
PROC_GC_2010_0258,PROC_CJ_2013_0621_P
PROC_GC_2010_0320,PROC_CJ_2013_0622_P
PROC_GC_2010_0325,PROC_CJ_2013_0624_P
PROC_GC_2010_0402,PROC_CJ_2013_0625_P
PROC_GC_2010_0373,PROC_CJ_2013_0626_P
PROC_GC_2011_0592,PROC_CJ_2013_0630_P
PROC_GC_2008_0566,PROC_CJ_2013_0634_P
PROC_GC_2010_0408,PROC_CJ_2013_0636_P
PROC_GC_2010_0411,PROC_CJ_2013_0637_P
PROC_GC_2010_0412,PROC_CJ_2013_0638_P
PROC_GC_2007_0002,PROC_CJ_2013_0641_P
PROC_GC_2010_0373,PROC_CJ_2013_0642_P
PROC_GC_2011_0540,PROC_CJ_2013_0643_P
PROC_GC_2010_0373,PROC_CJ_2013_0644_P
PROC_GC_2012_0328,PROC_CJ_2013_0669_P
PROC_GC_2012_0328,PROC_CJ_2013_0669_P_DEP
PROC_GC_2012_0285,PROC_CJ_2013_0670_P
PROC_GC_2011_0545,PROC_CJ_2013_0673_P
PROC_GC_2012_0455,PROC_CJ_2013_0675_P
PROC_GC_2012_0453,PROC_CJ_2013_0676_P
PROC_GC_2012_0013,PROC_CJ_2013_0682_P
PROC_GC_2012_0147,PROC_CJ_2014_0007_P
PROC_GC_2013_0476,PROC_CJ_2014_0011_P
PROC_GC_2010_0499,PROC_CJ_2014_0015_P
PROC_GC_2009_0512,PROC_CJ_2014_0021_P_R
PROC_GC_2009_0512,PROC_CJ_2014_0021_P
PROC_GC_2013_0063,PROC_CJ_2014_0022_P
PROC_GC_2010_0536,PROC_CJ_2014_0031_P
PROC_GC_2012_0545,PROC_CJ_2014_0033_P
PROC_GC_2012_0245,PROC_CJ_2014_0035_P
PROC_GC_2012_0245,PROC_CJ_2014_0035_P_DEP
PROC_GC_2011_0573,PROC_CJ_2014_0053_P
PROC_GC_2012_0524,PROC_CJ_2014_0057_P
PROC_GC_2012_0492,PROC_CJ_2014_0064_P
PROC_GC_2012_0492,PROC_CJ_2014_0064_P_DEP
PROC_GC_2012_0117,PROC_CJ_2014_0078_P_R
PROC_GC_2012_0117,PROC_CJ_2014_0078_P
PROC_GC_2010_0438,PROC_CJ_2014_0084_P
PROC_GC_2011_0591,PROC_CJ_2014_0091_P
PROC_GC_2011_0176,PROC_CJ_2014_0099_P
PROC_GC_2011_0116,PROC_CJ_2014_0100_P
PROC_GC_2013_0389,PROC_CJ_2014_0101_P
PROC_GC_2012_0134,PROC_CJ_2014_0102_P
PROC_GC_2010_0309,PROC_CJ_2014_0120_P
PROC_GC_2012_0468,PROC_CJ_2014_0138_P
PROC_GC_2012_0221,PROC_CJ_2014_0142_P
PROC_GC_2013_0047,PROC_CJ_2014_0150_P
PROC_GC_2009_0384,PROC_CJ_2014_0154_P
PROC_GC_2009_0391,PROC_CJ_2014_0155_P
PROC_GC_2013_0180,PROC_CJ_2014_0164_P
PROC_GC_2012_0380,PROC_CJ_2014_0170_P
PROC_GC_2014_0159,PROC_CJ_2014_0171_P
PROC_GC_2012_0158,PROC_CJ_2014_0173_P
PROC_GC_2012_0158,PROC_CJ_2014_0173_P_DEP
PROC_GC_2011_0604,PROC_CJ_2014_0182_P
PROC_GC_2009_0528,PROC_CJ_2014_0186_P
PROC_GC_2010_0027,PROC_CJ_2014_0194_P
PROC_GC_2011_0256,PROC_CJ_2014_0220_P
PROC_GC_2013_0490,PROC_CJ_2014_0221_P
PROC_GC_2012_0226,PROC_CJ_2014_0224_P
PROC_GC_2011_0128,PROC_CJ_2014_0227_P
PROC_GC_2011_0091,PROC_CJ_2014_0231_P
PROC_GC_2012_0225,PROC_CJ_2014_0237_P
PROC_GC_2011_0302,PROC_CJ_2014_0247_P
PROC_GC_2011_0306,PROC_CJ_2014_0248_P
PROC_GC_2011_0602,PROC_CJ_2014_0249_P
PROC_GC_2013_0081,PROC_CJ_2014_0253_P
PROC_GC_2014_0110,PROC_CJ_2014_0259_P
PROC_GC_2011_0292,PROC_CJ_2014_0265_P
PROC_GC_2011_0297,PROC_CJ_2014_0267_P
PROC_GC_2011_0305,PROC_CJ_2014_0268_P
PROC_GC_2012_0356,PROC_CJ_2014_0270_P
PROC_GC_2010_0117,PROC_CJ_2014_0280_P
PROC_GC_2013_0270,PROC_CJ_2014_0281_P
PROC_GC_2010_0046,PROC_CJ_2014_0291_P
PROC_GC_2012_0150,PROC_CJ_2014_0296_P
PROC_GC_2011_0473,PROC_CJ_2014_0311_P
PROC_GC_2011_0647,PROC_CJ_2014_0320_P
PROC_GC_2013_0390,PROC_CJ_2014_0327_P
PROC_GC_2012_0160,PROC_CJ_2014_0343_P
PROC_GC_2009_0179,PROC_CJ_2014_0357_P
PROC_GC_2012_0198,PROC_CJ_2014_0360_P
PROC_GC_2010_0458,PROC_CJ_2014_0361_P
PROC_GC_2012_0553,PROC_CJ_2014_0368_P
PROC_GC_2012_0247,PROC_CJ_2014_0370_P
PROC_GC_2009_0519,PROC_CJ_2014_0373_P
PROC_GC_2013_0095,PROC_CJ_2014_0374_P
PROC_GC_2011_0372,PROC_CJ_2014_0400_P
PROC_GC_2014_0403,PROC_CJ_2014_0411_P
PROC_GC_2009_0286,PROC_CJ_2014_0413_P
PROC_GC_2011_0541,PROC_CJ_2014_0414_P
PROC_GC_2010_0564,PROC_CJ_2014_0415_P
PROC_GC_2012_0239,PROC_CJ_2014_0420_P
PROC_GC_2012_0052,PROC_CJ_2014_0431_P_R
PROC_GC_2012_0052,PROC_CJ_2014_0431_P
PROC_GC_2012_0578,PROC_CJ_2014_0440_P
PROC_GC_2012_0295,PROC_CJ_2014_0446_P
PROC_GC_2012_0309,PROC_CJ_2014_0447_P
PROC_GC_2010_0533,PROC_CJ_2014_0449_P
PROC_GC_2011_0059,PROC_CJ_2014_0450_P
PROC_GC_2010_0271,PROC_CJ_2014_0455_P
PROC_GC_2013_0686,PROC_CJ_2014_0512_P
PROC_GC_2011_0471,PROC_CJ_2014_0514_P
PROC_GC_2011_0112,PROC_CJ_2014_0517_P
PROC_GC_2011_0113,PROC_CJ_2014_0519_P
PROC_GC_2012_0461,PROC_CJ_2014_0524_P
PROC_GC_2011_0425,PROC_CJ_2014_0530_P
PROC_GC_2012_0474,PROC_CJ_2014_0531_P
PROC_GC_2011_0646,PROC_CJ_2014_0535_P
PROC_GC_2013_0341,PROC_CJ_2014_0537_P
PROC_GC_2013_0630,PROC_CJ_2014_0540_P
PROC_GC_2011_0615,PROC_CJ_2014_0541_P
PROC_GC_2012_0168,PROC_CJ_2014_0545_P
PROC_GC_2012_0490,PROC_CJ_2014_0548_P
PROC_GC_2013_0634,PROC_CJ_2014_0551_P
PROC_GC_2011_0034,PROC_CJ_2014_0552_P
PROC_GC_2011_0035,PROC_CJ_2014_0553_P
PROC_GC_2012_0317,PROC_CJ_2014_0556_P
PROC_GC_2012_0306,PROC_CJ_2014_0562_P
PROC_GC_2011_0601,PROC_CJ_2014_0563_P
PROC_GC_2013_0631,PROC_CJ_2014_0564_P
PROC_GC_2013_0614,PROC_CJ_2014_0565_P
PROC_GC_2013_0479,PROC_CJ_2014_0566_P
PROC_GC_2007_0340_RENV,PROC_CJ_2014_0575_P
PROC_GC_2014_0430,PROC_CJ_2014_0576_P
PROC_GC_2012_0051,PROC_CJ_2014_0577_P
PROC_GC_2013_0297,PROC_CJ_2014_0579_P
PROC_GC_2011_0542,PROC_CJ_2014_0590_P
PROC_GC_2012_0543,PROC_CJ_2014_0597_P
PROC_GC_2011_0453,PROC_CJ_2014_0598_P
PROC_GC_2011_0208,PROC_CJ_2014_0599_P
PROC_GC_2014_0374,PROC_CJ_2014_0602_P
PROC_GC_2012_0515,PROC_CJ_2014_0603_P
PROC_GC_2010_0177,PROC_CJ_2014_0604_P
PROC_GC_2011_0291,PROC_CJ_2014_0606_P
PROC_GC_2011_0168,PROC_CJ_2014_0615_P
PROC_GC_2013_0289,PROC_CJ_2015_0008_P
PROC_GC_2012_0463,PROC_CJ_2015_0017_P
PROC_GC_2010_0219,PROC_CJ_2015_0020_P
PROC_GC_2011_0399,PROC_CJ_2015_0021_P
PROC_GC_2011_0481,PROC_CJ_2015_0026_P
PROC_GC_2013_0556,PROC_CJ_2015_0029_P
PROC_GC_2009_0450,PROC_CJ_2015_0030_P
PROC_GC_2009_0450,PROC_CJ_2015_0030_P_DEP
PROC_GC_2013_0394,PROC_CJ_2015_0031_P
PROC_GC_2014_0040,PROC_CJ_2015_0032_P
PROC_GC_2011_0153,PROC_CJ_2015_0033_P
PROC_GC_2011_0154,PROC_CJ_2015_0034_P
PROC_GC_2014_0199_R,PROC_CJ_2015_0035_P_R
PROC_GC_2012_0556,PROC_CJ_2015_0036_P
PROC_GC_2013_0595,PROC_CJ_2015_0043_P
PROC_GC_2011_0384,PROC_CJ_2015_0045_P
PROC_GC_2014_0355_R,PROC_CJ_2015_0049_P_R
PROC_GC_2011_0173,PROC_CJ_2015_0050_P
PROC_GC_2014_0490,PROC_CJ_2015_0052_P
PROC_GC_2010_0426,PROC_CJ_2015_0053_P
PROC_GC_2012_0476,PROC_CJ_2015_0060_P
PROC_GC_2013_0102,PROC_CJ_2015_0061_P
PROC_GC_2013_0102,PROC_CJ_2015_0061_P_REC
PROC_GC_2013_0102,PROC_CJ_2015_0061_P_DEP
PROC_GC_2013_0176,PROC_CJ_2015_0062_P
PROC_GC_2014_0479,PROC_CJ_2015_0071_P
PROC_GC_2014_0409,PROC_CJ_2015_0077_P
PROC_GC_2010_0400,PROC_CJ_2015_0079_P
PROC_GC_2013_0189,PROC_CJ_2015_0082_P
PROC_GC_2010_0070,PROC_CJ_2015_0085_P
PROC_GC_2010_0092,PROC_CJ_2015_0086_P
PROC_GC_2010_0090,PROC_CJ_2015_0088_P
PROC_GC_2010_0083,PROC_CJ_2015_0089_P
PROC_GC_2008_0544,PROC_CJ_2015_0090_P
PROC_GC_2011_0487,PROC_CJ_2015_0093_P
PROC_GC_2008_0550,PROC_CJ_2015_0094_P
PROC_GC_2008_0551,PROC_CJ_2015_0095_P
PROC_GC_2013_0140,PROC_CJ_2015_0100_P
PROC_GC_2009_0072,PROC_CJ_2015_0101_P
PROC_GC_2012_0482,PROC_CJ_2015_0103_P
PROC_GC_2013_0327,PROC_CJ_2015_0105_P
PROC_GC_2013_0327,PROC_CJ_2015_0105_P_DEP
PROC_GC_2014_0577,PROC_CJ_2015_0125_P
PROC_GC_2013_0058,PROC_CJ_2015_0131_P
PROC_GC_2014_0725,PROC_CJ_2015_0132_P
PROC_GC_2011_0509,PROC_CJ_2015_0136_P
PROC_GC_2012_0140,PROC_CJ_2015_0138_P
PROC_GC_2012_0109,PROC_CJ_2015_0139_P
PROC_GC_2012_0111,PROC_CJ_2015_0140_P
PROC_GC_2013_0507,PROC_CJ_2015_0142_P
PROC_GC_2013_0006,PROC_CJ_2015_0153_P
PROC_GC_2012_0341,PROC_CJ_2015_0162_P_R
PROC_GC_2012_0341,PROC_CJ_2015_0162_P
PROC_GC_2012_0473,PROC_CJ_2015_0164_P
PROC_GC_2013_0655,PROC_CJ_2015_0170_P
PROC_GC_2014_0708,PROC_CJ_2015_0181_P
PROC_GC_2012_0395,PROC_CJ_2015_0190_P
PROC_GC_2011_0579,PROC_CJ_2015_0193_P
PROC_GC_2013_0078,PROC_CJ_2015_0206_P
PROC_GC_2012_0572,PROC_CJ_2015_0207_P
PROC_GC_2013_0257,PROC_CJ_2015_0210_P
PROC_GC_2012_0385,PROC_CJ_2015_0211_P
PROC_GC_2012_0188,PROC_CJ_2015_0213_P
PROC_GC_2013_0045,PROC_CJ_2015_0224_P
PROC_GC_2013_0378,PROC_CJ_2015_0226_P
PROC_GC_2011_0195,PROC_CJ_2015_0227_P
PROC_GC_2013_0377,PROC_CJ_2015_0232_P
PROC_GC_2012_0466,PROC_CJ_2015_0239_P
PROC_GC_2009_0089,PROC_CJ_2015_0242_P
PROC_GC_2009_0089,PROC_CJ_2015_0246_P
PROC_GC_2013_0412,PROC_CJ_2015_0247_P
PROC_GC_2013_0413,PROC_CJ_2015_0248_P
PROC_GC_2013_0596,PROC_CJ_2015_0251_P
PROC_GC_2013_0250,PROC_CJ_2015_0252_P
PROC_GC_2012_0249,PROC_CJ_2015_0264_P
PROC_GC_2012_0563,PROC_CJ_2015_0266_P
PROC_GC_2011_0538,PROC_CJ_2015_0270_P
PROC_GC_2013_0456,PROC_CJ_2015_0271_P
PROC_GC_2013_0581,PROC_CJ_2015_0278_P
PROC_GC_2014_0314,PROC_CJ_2015_0279_P
PROC_GC_2008_0556,PROC_CJ_2015_0293_P
PROC_GC_2013_0258,PROC_CJ_2015_0295_P
PROC_GC_2013_0580,PROC_CJ_2015_0309_P
PROC_GC_2013_0580,PROC_CJ_2015_0309_P_DEP
PROC_GC_2013_0393,PROC_CJ_2015_0312_P
PROC_GC_2013_0134,PROC_CJ_2015_0323_P
PROC_GC_2013_0135,PROC_CJ_2015_0324_P
PROC_GC_2012_0190,PROC_CJ_2015_0330_P
PROC_GC_2012_0402,PROC_CJ_2015_0331_P
PROC_GC_2011_0217,PROC_CJ_2015_0337_P
PROC_GC_2011_0217,PROC_CJ_2015_0338_P
PROC_GC_2012_0169,PROC_CJ_2015_0345_P
PROC_GC_2013_0707,PROC_CJ_2015_0346_P
PROC_GC_2011_0470,PROC_CJ_2015_0351_P
PROC_GC_2014_0823,PROC_CJ_2015_0352_P
PROC_GC_2013_0010,PROC_CJ_2015_0358_P
PROC_GC_2013_0009,PROC_CJ_2015_0359_P
PROC_GC_2013_0015,PROC_CJ_2015_0361_P
PROC_GC_2014_0412,PROC_CJ_2015_0362_P_I
PROC_GC_2012_0359,PROC_CJ_2015_0363_P
PROC_GC_2013_0259,PROC_CJ_2015_0373_P
PROC_GC_2012_0363,PROC_CJ_2015_0374_P
PROC_GC_2012_0558,PROC_CJ_2015_0376_P
PROC_GC_2013_0183,PROC_CJ_2015_0382_P
PROC_GC_2012_0423,PROC_CJ_2015_0383_P
PROC_GC_2013_0184,PROC_CJ_2015_0384_P
PROC_GC_2014_0423,PROC_CJ_2015_0385_P_I
PROC_GC_2015_0274_R,PROC_CJ_2015_0386_P_R
PROC_GC_2012_0562,PROC_CJ_2015_0394_P
PROC_GC_2014_0145,PROC_CJ_2015_0396_P
PROC_GC_2015_0302,PROC_CJ_2015_0399_P
PROC_GC_2014_0559,PROC_CJ_2015_0408_P
PROC_GC_2015_0001,PROC_CJ_2015_0410_P_I
PROC_GC_2010_0456,PROC_CJ_2015_0411_P
PROC_GC_2010_0202_RENV,PROC_CJ_2015_0414_P
PROC_GC_2010_0203_RENV,PROC_CJ_2015_0415_P
PROC_GC_2015_0001,PROC_CJ_2015_0418_P_I
PROC_GC_2010_0331_RENV,PROC_CJ_2015_0421_P
PROC_GC_2015_0192,PROC_CJ_2015_0422_P
PROC_GC_2012_0397,PROC_CJ_2015_0426_P
PROC_GC_2014_0222,PROC_CJ_2015_0437_P
PROC_GC_2013_0514,PROC_CJ_2015_0440_P
PROC_GC_2012_0544,PROC_CJ_2015_0442_P
PROC_GC_2014_0395,PROC_CJ_2015_0451_P
PROC_GC_2014_0396,PROC_CJ_2015_0452_P
PROC_GC_2014_0095,PROC_CJ_2015_0459_P
PROC_GC_2013_0527,PROC_CJ_2015_0467_P
PROC_GC_2012_0026,PROC_CJ_2015_0468_P
PROC_GC_2011_0655,PROC_CJ_2015_0469_P
PROC_GC_2013_0305,PROC_CJ_2015_0472_P
PROC_GC_2013_0363,PROC_CJ_2015_0474_P
PROC_GC_2012_0364,PROC_CJ_2015_0475_P
PROC_GC_2014_0618,PROC_CJ_2015_0476_P
PROC_GC_2011_0089,PROC_CJ_2015_0479_P
PROC_GC_2013_0657,PROC_CJ_2015_0480_P
PROC_GC_2013_0333,PROC_CJ_2015_0482_P
PROC_GC_2004_0425_RENV,PROC_CJ_2015_0486_P
PROC_GC_2004_0425_RENV,PROC_CJ_2015_0486_P_DEP
PROC_GC_2012_0548,PROC_CJ_2015_0487_P
PROC_GC_2010_0389,PROC_CJ_2015_0490_P
PROC_GC_2013_0214,PROC_CJ_2015_0491_P
PROC_GC_2013_0314,PROC_CJ_2015_0495_P
PROC_GC_2013_0398,PROC_CJ_2015_0500_P
PROC_GC_2013_0398,PROC_CJ_2015_0500_P_REC
PROC_GC_2013_0024,PROC_CJ_2015_0501_P
PROC_GC_2013_0561,PROC_CJ_2015_0506_P
PROC_GC_2010_0398,PROC_CJ_2015_0510_P
PROC_GC_2010_0436,PROC_CJ_2015_0514_P
PROC_GC_2014_0631,PROC_CJ_2015_0515_P
PROC_GC_2010_0047,PROC_CJ_2015_0516_P
PROC_GC_2012_0465,PROC_CJ_2015_0517_P_R
PROC_GC_2012_0465,PROC_CJ_2015_0517_P
PROC_GC_2010_0422,PROC_CJ_2015_0519_P
,PROC_CJ_2015_0522_P
PROC_GC_2010_0389,PROC_CJ_2015_0522_P_DEP
PROC_GC_2010_0393,PROC_CJ_2015_0523_P
PROC_GC_2015_0235_R,PROC_CJ_2015_0550_P_R
PROC_GC_2014_0584,PROC_CJ_2015_0575_P
PROC_GC_2014_0660,PROC_CJ_2015_0577_P
PROC_GC_2014_0278,PROC_CJ_2015_0578_P
PROC_GC_2012_0483,PROC_CJ_2015_0586_P
PROC_GC_2012_0483,PROC_CJ_2015_0586_P_DEP
PROC_GC_2013_0091,PROC_CJ_2015_0588_P
PROC_GC_2012_0450,PROC_CJ_2015_0589_P
PROC_GC_2013_0420,PROC_CJ_2015_0590_P
PROC_GC_2014_0678,PROC_CJ_2015_0593_P
PROC_GC_2012_0577,PROC_CJ_2015_0595_P
PROC_GC_2014_0619,PROC_CJ_2015_0596_P
PROC_GC_2014_0784,PROC_CJ_2015_0599_P
PROC_GC_2014_0633,PROC_CJ_2015_0602_P
PROC_GC_2014_0633,PROC_CJ_2015_0603_P
PROC_GC_2014_0168,PROC_CJ_2015_0604_P
PROC_GC_2014_0453,PROC_CJ_2015_0607_P
PROC_GC_2013_0082,PROC_CJ_2015_0608_P
PROC_GC_2013_0426,PROC_CJ_2015_0611_P
PROC_GC_2013_0084,PROC_CJ_2015_0615_P
PROC_GC_2013_0364,PROC_CJ_2015_0619_P
PROC_GC_2013_0104,PROC_CJ_2015_0623_P
PROC_GC_2014_0092,PROC_CJ_2015_0625_P
PROC_GC_2012_0472,PROC_CJ_2015_0629_P
PROC_GC_2015_0354,PROC_CJ_2015_0635_P_I
PROC_GC_2014_0366,PROC_CJ_2015_0636_P
PROC_GC_2014_0578,PROC_CJ_2015_0637_P
PROC_GC_2013_0720,PROC_CJ_2015_0639_P
PROC_GC_2014_0211,PROC_CJ_2015_0642_P
PROC_GC_2012_0346,PROC_CJ_2015_0644_P
PROC_GC_2011_0674,PROC_CJ_2015_0649_P
PROC_GC_2011_0674,PROC_CJ_2015_0649_P_DEP
PROC_GC_2010_0268_RENV,PROC_CJ_2015_0650_P
PROC_GC_2013_0360,PROC_CJ_2015_0651_P
PROC_GC_2014_0209,PROC_CJ_2015_0653_P
PROC_GC_2013_0534,PROC_CJ_2015_0655_P
PROC_GC_2011_0674,PROC_CJ_2015_0656_P
PROC_GC_2011_0674,PROC_CJ_2015_0657_P
PROC_GC_2011_0674,PROC_CJ_2015_0657_P_DEP
PROC_GC_2012_0125,PROC_CJ_2015_0660_P
PROC_GC_2012_0125,PROC_CJ_2015_0660_P_DEP
PROC_GC_2013_0624,PROC_CJ_2015_0673_P
PROC_GC_2011_0299,PROC_CJ_2015_0677_P
PROC_GC_2013_0689,PROC_CJ_2015_0691_P
PROC_GC_2013_0689,PROC_CJ_2015_0691_P_DEP
PROC_GC_2013_0659,PROC_CJ_2015_0696_P
PROC_GC_2014_0721,PROC_CJ_2016_0016_P
PROC_GC_2011_0134,PROC_CJ_2016_0019_P
PROC_GC_2014_0526,PROC_CJ_2016_0035_P
PROC_GC_2014_0813,PROC_CJ_2016_0041_P
PROC_GC_2012_0186,PROC_CJ_2016_0043_P
PROC_GC_2013_0544,PROC_CJ_2016_0044_P
PROC_GC_2013_0106,PROC_CJ_2016_0045_P
PROC_GC_2014_0640,PROC_CJ_2016_0053_P
PROC_GC_2014_0659,PROC_CJ_2016_0056_P
PROC_GC_2014_0424,PROC_CJ_2016_0057_P
PROC_GC_2013_0425,PROC_CJ_2016_0061_P
PROC_GC_2013_0425,PROC_CJ_2016_0061_P_DEP
PROC_GC_2014_0766,PROC_CJ_2016_0063_P
PROC_GC_2013_0462,PROC_CJ_2016_0066_P
PROC_GC_2013_0463,PROC_CJ_2016_0070_P
PROC_GC_2014_0354,PROC_CJ_2016_0071_P
PROC_GC_2014_0354,PROC_CJ_2016_0071_P_DEP
PROC_GC_2014_0628,PROC_CJ_2016_0077_P
PROC_GC_2013_0461,PROC_CJ_2016_0081_P
PROC_GC_2014_0525,PROC_CJ_2016_0084_P
PROC_GC_2013_0414,PROC_CJ_2016_0085_P
PROC_GC_2013_0528,PROC_CJ_2016_0087_P
PROC_GC_2013_0553,PROC_CJ_2016_0088_P
PROC_GC_2014_0083,PROC_CJ_2016_0094_P
PROC_GC_2011_0233,PROC_CJ_2016_0100_P
PROC_GC_2012_0512,PROC_CJ_2016_0104_P
PROC_GC_2013_0367,PROC_CJ_2016_0105_P
PROC_GC_2011_0048,PROC_CJ_2016_0122_P
PROC_GC_2011_0486,PROC_CJ_2016_0123_P
PROC_GC_2012_0242,PROC_CJ_2016_0127_P
PROC_GC_2013_0515,PROC_CJ_2016_0128_P
PROC_GC_2015_0547,PROC_CJ_2016_0130_P
PROC_GC_2015_0725_R,PROC_CJ_2016_0134_P_R
PROC_GC_2015_0460,PROC_CJ_2016_0137_P
PROC_GC_2015_0354,PROC_CJ_2016_0157_P_I
PROC_GC_2015_0732_R,PROC_CJ_2016_0170_P_R
PROC_GC_2015_0120,PROC_CJ_2016_0176_P
PROC_GC_2012_0404,PROC_CJ_2016_0180_P
PROC_GC_2012_0404,PROC_CJ_2016_0180_P_REC
PROC_GC_2014_0247,PROC_CJ_2016_0182_P
PROC_GC_2013_0397,PROC_CJ_2016_0183_P
PROC_GC_2013_0570,PROC_CJ_2016_0198_P
PROC_GC_2011_0287,PROC_CJ_2016_0203_P
PROC_GC_2014_0141,PROC_CJ_2016_0204_P
PROC_GC_2014_0142,PROC_CJ_2016_0205_P
PROC_GC_2011_0287,PROC_CJ_2016_0208_P
PROC_GC_2011_0620,PROC_CJ_2016_0209_P
PROC_GC_2011_0620,PROC_CJ_2016_0219_P
PROC_GC_2014_0639,PROC_CJ_2016_0228_P
PROC_GC_2014_0015,PROC_CJ_2016_0232_P
PROC_GC_2013_0546,PROC_CJ_2016_0239_P
PROC_GC_2014_0507,PROC_CJ_2016_0240_P
PROC_GC_2014_0507,PROC_CJ_2016_0241_P
PROC_GC_2015_0296,PROC_CJ_2016_0244_P
PROC_GC_2014_0053,PROC_CJ_2016_0250_P
PROC_GC_2012_0254,PROC_CJ_2016_0261_P
PROC_GC_2012_0265,PROC_CJ_2016_0263_P
PROC_GC_2012_0267,PROC_CJ_2016_0264_P
PROC_GC_2015_0094,PROC_CJ_2016_0268_P
PROC_GC_2012_0270,PROC_CJ_2016_0271_P
PROC_GC_2014_0816,PROC_CJ_2016_0272_P
PROC_GC_2014_0675,PROC_CJ_2016_0279_P
PROC_GC_2015_0439,PROC_CJ_2016_0280_P
PROC_GC_2015_0033,PROC_CJ_2016_0285_P
PROC_GC_2015_0100,PROC_CJ_2016_0296_P
PROC_GC_2014_0103,PROC_CJ_2016_0300_P
PROC_GC_2014_0586,PROC_CJ_2016_0301_P
PROC_GC_2014_0817,PROC_CJ_2016_0311_P
PROC_GC_2015_0774,PROC_CJ_2016_0313_P
PROC_GC_2014_0346,PROC_CJ_2016_0317_P
PROC_GC_2014_0347,PROC_CJ_2016_0318_P
PROC_GC_2014_0348,PROC_CJ_2016_0319_P
PROC_GC_2006_0060_RENV_II,PROC_CJ_2016_0323_P
PROC_GC_2015_0615,PROC_CJ_2016_0326_P
PROC_GC_2015_0550,PROC_CJ_2016_0337_P
PROC_GC_2015_0551,PROC_CJ_2016_0338_P
PROC_GC_2015_0556,PROC_CJ_2016_0339_P
PROC_GC_2014_0326,PROC_CJ_2016_0342_P
PROC_GC_2015_0595,PROC_CJ_2016_0343_P
PROC_GC_2013_0316,PROC_CJ_2016_0350_P
PROC_GC_2014_0198,PROC_CJ_2016_0351_P
PROC_GC_2015_0021,PROC_CJ_2016_0361_P
PROC_GC_2015_0021,PROC_CJ_2016_0361_P_REV
PROC_GC_2014_0669,PROC_CJ_2016_0364_P
PROC_GC_2006_0050_RENV_II,PROC_CJ_2016_0369_P
PROC_GC_2015_0144,PROC_CJ_2016_0371_P
PROC_GC_2006_0050_RENV_II,PROC_CJ_2016_0373_P
PROC_GC_2011_0556,PROC_CJ_2016_0376_P
PROC_GC_2013_0539,PROC_CJ_2016_0378_P_R
PROC_GC_2013_0539,PROC_CJ_2016_0378_P
PROC_GC_2011_0556,PROC_CJ_2016_0379_P
PROC_GC_2015_0310,PROC_CJ_2016_0384_P
PROC_GC_2015_0052,PROC_CJ_2016_0385_P
PROC_GC_2014_0749,PROC_CJ_2016_0389_P
PROC_GC_2014_0754_R,PROC_CJ_2016_0400_P_R
PROC_GC_2015_0062,PROC_CJ_2016_0401_P
PROC_GC_2015_0312,PROC_CJ_2016_0402_P
PROC_GC_2015_0047,PROC_CJ_2016_0405_P
PROC_GC_2015_0235_R,PROC_CJ_2016_0406_P_R
PROC_GC_2015_0581,PROC_CJ_2016_0410_P
PROC_GC_2014_0468,PROC_CJ_2016_0411_P
PROC_GC_2015_0005,PROC_CJ_2016_0412_P
PROC_GC_2014_0806,PROC_CJ_2016_0417_P
PROC_GC_2014_0322,PROC_CJ_2016_0418_P
PROC_GC_2013_0529,PROC_CJ_2016_0420_P
PROC_GC_2014_0723,PROC_CJ_2016_0423_P
PROC_GC_2013_0160,PROC_CJ_2016_0430_P
PROC_GC_2015_0034,PROC_CJ_2016_0437_P
PROC_GC_2011_0479,PROC_CJ_2016_0438_P
PROC_GC_2014_0510,PROC_CJ_2016_0440_P
PROC_GC_2015_0178,PROC_CJ_2016_0446_P
PROC_GC_2015_0422,PROC_CJ_2016_0450_P
PROC_GC_2010_0426,PROC_CJ_2016_0454_P
PROC_GC_2010_0426,PROC_CJ_2016_0457_P
PROC_GC_2015_0674,PROC_CJ_2016_0464_P
PROC_GC_2013_0276,PROC_CJ_2016_0465_P
PROC_GC_2013_0277,PROC_CJ_2016_0466_P
PROC_GC_2014_0789,PROC_CJ_2016_0471_P
PROC_GC_2014_0567,PROC_CJ_2016_0478_P
PROC_GC_2014_0727,PROC_CJ_2016_0485_P
PROC_GC_2013_0216,PROC_CJ_2016_0487_P
PROC_GC_2015_0167,PROC_CJ_2016_0488_P
PROC_GC_2015_0167,PROC_CJ_2016_0488_P_DEP
PROC_GC_2014_0745,PROC_CJ_2016_0495_P
PROC_GC_2015_0429,PROC_CJ_2016_0501_P
PROC_GC_2015_0567,PROC_CJ_2016_0502_P
PROC_GC_2014_0347,PROC_CJ_2016_0505_P
PROC_GC_2016_0358,PROC_CJ_2016_0509_P
PROC_GC_2015_0729_R,PROC_CJ_2016_0512_P_R
PROC_GC_2015_0718_R,PROC_CJ_2016_0513_P_R
PROC_GC_2015_0159,PROC_CJ_2016_0564_P
PROC_GC_2016_0277,PROC_CJ_2016_0576_P
PROC_GC_2014_0386,PROC_CJ_2016_0579_P
PROC_GC_2013_0460,PROC_CJ_2016_0586_P
PROC_GC_2015_0146,PROC_CJ_2016_0587_P
PROC_GC_2013_0469,PROC_CJ_2016_0588_P
PROC_GC_2013_0469,PROC_CJ_2016_0588_P_REC
PROC_GC_2013_0472,PROC_CJ_2016_0591_P
PROC_GC_2014_0346,PROC_CJ_2016_0598_P
PROC_GC_2014_0348,PROC_CJ_2016_0599_P
PROC_GC_2015_0207,PROC_CJ_2016_0600_P
PROC_GC_2013_0467,PROC_CJ_2016_0601_P
PROC_GC_2014_0111,PROC_CJ_2016_0602_P
PROC_GC_2014_0111,PROC_CJ_2016_0602_P_DEP
PROC_GC_2014_0139,PROC_CJ_2016_0603_P
PROC_GC_2014_0139,PROC_CJ_2016_0603_P_DEP
PROC_GC_2014_0121,PROC_CJ_2016_0604_P
PROC_GC_2014_0121,PROC_CJ_2016_0604_P_DEP
PROC_GC_2014_0120,PROC_CJ_2016_0605_P
PROC_GC_2014_0120,PROC_CJ_2016_0605_P_DEP
PROC_GC_2014_0080,PROC_CJ_2016_0606_P
PROC_GC_2016_0112,PROC_CJ_2016_0610_P
PROC_GC_2013_0471,PROC_CJ_2016_0611_P
PROC_GC_2013_0471,PROC_CJ_2016_0611_P_REC
PROC_GC_2013_0470,PROC_CJ_2016_0614_P
PROC_GC_2014_0353,PROC_CJ_2016_0621_P
PROC_GC_2013_0220,PROC_CJ_2016_0622_P
PROC_GC_2016_0660,PROC_CJ_2016_0625_P
PROC_GC_2015_0476,PROC_CJ_2016_0634_P
PROC_GC_2015_0564,PROC_CJ_2016_0635_P
PROC_GC_2015_0456,PROC_CJ_2016_0639_P
PROC_GC_2015_0382,PROC_CJ_2016_0640_P
PROC_GC_2016_0109,PROC_CJ_2016_0662_P
PROC_GC_2015_0669,PROC_CJ_2016_0663_P
PROC_GC_2015_0543,PROC_CJ_2016_0666_P
PROC_GC_2015_0753,PROC_CJ_2016_0674_P
PROC_GC_2015_0461,PROC_CJ_2016_0675_P
PROC_GC_2015_0407,PROC_CJ_2016_0678_P
PROC_GC_2014_0672,PROC_CJ_2016_0680_P
PROC_GC_2015_0776,PROC_CJ_2016_0686_P
PROC_GC_2014_0750,PROC_CJ_2016_0687_P
PROC_GC_2015_0141,PROC_CJ_2017_0004_P
PROC_GC_2014_0154,PROC_CJ_2017_0006_P
PROC_GC_2014_0155,PROC_CJ_2017_0007_P
PROC_GC_2015_0067,PROC_CJ_2017_0010_P
PROC_GC_2016_0221,PROC_CJ_2017_0022_P
PROC_GC_2015_0579,PROC_CJ_2017_0023_P
PROC_GC_2014_0579,PROC_CJ_2017_0026_P
PROC_GC_2015_0268,PROC_CJ_2017_0032_P
PROC_GC_2015_0330,PROC_CJ_2017_0037_P
PROC_GC_2015_0602,PROC_CJ_2017_0043_P
PROC_GC_2015_0561,PROC_CJ_2017_0050_P
PROC_GC_2015_0217,PROC_CJ_2017_0075_P
PROC_GC_2013_0177,PROC_CJ_2017_0082_P
PROC_GC_2013_0112,PROC_CJ_2017_0084_P
PROC_GC_2015_0227,PROC_CJ_2017_0086_P
PROC_GC_2016_0655,PROC_CJ_2017_0087_P
PROC_GC_2015_0037,PROC_CJ_2017_0091_P
PROC_GC_2014_0762,PROC_CJ_2017_0098_P
PROC_GC_2014_0758,PROC_CJ_2017_0099_P
PROC_GC_2004_0199_RENV,PROC_CJ_2017_0100_P
PROC_GC_2004_0199_RENV,PROC_CJ_2017_0100_P_DEP
PROC_GC_2014_0082,PROC_CJ_2017_0101_P
PROC_GC_2014_0808,PROC_CJ_2017_0114_P
PROC_GC_2014_0577,PROC_CJ_2017_0138_P
PROC_GC_2015_0225,PROC_CJ_2017_0139_P
PROC_GC_2016_0217,PROC_CJ_2017_0145_P
PROC_GC_2014_0479,PROC_CJ_2017_0150_P
PROC_GC_2016_0187,PROC_CJ_2017_0158_P
PROC_GC_2015_0701,PROC_CJ_2017_0162_P
PROC_GC_2014_0768,PROC_CJ_2017_0172_P
PROC_GC_2014_0771,PROC_CJ_2017_0173_P
PROC_GC_2015_0040,PROC_CJ_2017_0174_P
PROC_GC_2015_0029,PROC_CJ_2017_0183_P
PROC_GC_2015_0029,PROC_CJ_2017_0183_P_INTP
PROC_GC_2016_0839,PROC_CJ_2017_0188_P
PROC_GC_2016_0624_R,PROC_CJ_2017_0189_P_R
PROC_GC_2016_0015,PROC_CJ_2017_0194_P
PROC_GC_2017_0020_R,PROC_CJ_2017_0204_P_R
PROC_GC_2016_0192,PROC_CJ_2017_0208_P
PROC_GC_2016_0016,PROC_CJ_2017_0217_P
PROC_GC_2016_0030,PROC_CJ_2017_0218_P
PROC_GC_2014_0191,PROC_CJ_2017_0223_P
PROC_GC_2015_0369,PROC_CJ_2017_0224_P
PROC_GC_2014_0014,PROC_CJ_2017_0225_P
PROC_GC_2016_0920,PROC_CJ_2017_0231_P
PROC_GC_2016_0556,PROC_CJ_2017_0233_P
PROC_GC_2016_0556,PROC_CJ_2017_0233_P_REV
PROC_GC_2016_0556,PROC_CJ_2017_0233_P_REV_OST
PROC_GC_2014_0162,PROC_CJ_2017_0236_P
PROC_GC_2014_0158,PROC_CJ_2017_0237_P
PROC_GC_2014_0706,PROC_CJ_2017_0241_P
PROC_GC_2015_0346,PROC_CJ_2017_0248_P
PROC_GC_2016_0889,PROC_CJ_2017_0261_P
PROC_GC_2013_0194,PROC_CJ_2017_0265_P
PROC_GC_2013_0194,PROC_CJ_2017_0265_P_DEP
PROC_GC_2015_0231,PROC_CJ_2017_0313_P
PROC_GC_2015_0336,PROC_CJ_2017_0325_P
PROC_GC_2015_0239,PROC_CJ_2017_0327_P
PROC_GC_2015_0117,PROC_CJ_2017_0334_P
PROC_GC_2014_0361,PROC_CJ_2017_0336_P
PROC_GC_2015_0638,PROC_CJ_2017_0340_P
PROC_GC_2015_0112,PROC_CJ_2017_0341_P
PROC_GC_2010_0309_RENV,PROC_CJ_2017_0346_P
PROC_GC_2013_0422,PROC_CJ_2017_0363_P
PROC_GC_2015_0480,PROC_CJ_2017_0373_P
PROC_GC_2016_0580,PROC_CJ_2017_0390_P
PROC_GC_2016_0899,PROC_CJ_2017_0401_P
PROC_GC_2015_0403,PROC_CJ_2017_0402_P
PROC_GC_2016_0814,PROC_CJ_2017_0405_P
PROC_GC_2015_0115,PROC_CJ_2017_0419_P
PROC_GC_2017_0058,PROC_CJ_2017_0424_P
PROC_GC_2014_0744,PROC_CJ_2017_0428_P
PROC_GC_2016_0036,PROC_CJ_2017_0433_P
PROC_GC_2017_0170_R,PROC_CJ_2017_0442_P_R
PROC_GC_2015_0673,PROC_CJ_2017_0447_P
PROC_GC_2015_0673,PROC_CJ_2017_0479_P
PROC_GC_2015_0122,PROC_CJ_2017_0450_P
PROC_GC_2016_0647,PROC_CJ_2017_0453_P
PROC_GC_2016_0519,PROC_CJ_2017_0454_P
PROC_GC_2016_0410,PROC_CJ_2017_0458_P
PROC_GC_2016_0797,PROC_CJ_2017_0463_P
PROC_GC_2017_0172,PROC_CJ_2017_0467_P
PROC_GC_2015_0223,PROC_CJ_2017_0468_P
PROC_GC_2015_0637,PROC_CJ_2017_0499_P
PROC_GC_2013_0341_RENV,PROC_CJ_2017_0505_P
PROC_GC_2016_0906,PROC_CJ_2017_0508_P
PROC_GC_2016_0137,PROC_CJ_2017_0515_P
PROC_GC_2016_0137,PROC_CJ_2017_0561_P
PROC_GC_2016_0181,PROC_CJ_2017_0519_P
PROC_GC_2016_0470,PROC_CJ_2017_0520_P
PROC_GC_2016_0427,PROC_CJ_2017_0529_P
PROC_GC_2015_0215,PROC_CJ_2017_0530_P
PROC_GC_2015_0333,PROC_CJ_2017_0536_P
PROC_GC_2016_0090,PROC_CJ_2017_0538_P
PROC_GC_2015_0065,PROC_CJ_2017_0539_P
PROC_GC_2016_0003,PROC_CJ_2017_0542_P
PROC_GC_2014_0812,PROC_CJ_2017_0544_P
PROC_GC_2015_0612,PROC_CJ_2017_0547_P
PROC_GC_2014_0346_DEP,PROC_CJ_2017_0549_P
PROC_GC_2014_0347_DEP,PROC_CJ_2017_0550_P
PROC_GC_2014_0348_DEP,PROC_CJ_2017_0551_P
PROC_GC_2016_0395,PROC_CJ_2017_0553_P
PROC_GC_2016_0607,PROC_CJ_2017_0558_P
PROC_GC_2016_0607,PROC_CJ_2017_0558_P_DEP
PROC_GC_2016_0309,PROC_CJ_2017_0559_P
PROC_GC_2016_0780,PROC_CJ_2017_0560_P
PROC_GC_2017_0125_R,PROC_CJ_2017_0565_P_R
PROC_GC_2016_0432,PROC_CJ_2017_0570_P
PROC_GC_2014_0752,PROC_CJ_2017_0574_P
PROC_GC_2017_0579_R,PROC_CJ_2017_0576_P_R
PROC_GC_2017_0579_R,PROC_CJ_2017_0576_P_R_DEP
PROC_GC_2014_0644,PROC_CJ_2017_0584_P
PROC_GC_2016_0287,PROC_CJ_2017_0587_P
PROC_GC_2015_0143,PROC_CJ_2017_0588_P
PROC_GC_2016_0454,PROC_CJ_2017_0642_P
PROC_GC_2013_0350,PROC_CJ_2017_0651_P
PROC_GC_2015_0386,PROC_CJ_2017_0652_P
PROC_GC_2015_0374,PROC_CJ_2017_0653_P
PROC_GC_2014_0671,PROC_CJ_2017_0654_P
PROC_GC_2016_0719,PROC_CJ_2017_0655_P
PROC_GC_2016_0402,PROC_CJ_2017_0656_P
PROC_GC_2016_0880,PROC_CJ_2017_0660_P
PROC_GC_2016_0247,PROC_CJ_2017_0663_P
PROC_GC_2016_0247,PROC_CJ_2017_0663_P_DEP
PROC_GC_2015_0451,PROC_CJ_2017_0666_P
PROC_GC_2016_0276,PROC_CJ_2017_0668_P
PROC_GC_2015_0327,PROC_CJ_2017_0670_P
PROC_GC_2016_0366,PROC_CJ_2017_0671_P
PROC_GC_2016_0083,PROC_CJ_2017_0684_P
PROC_GC_2016_0084,PROC_CJ_2017_0685_P
PROC_GC_2015_0138,PROC_CJ_2017_0687_P
PROC_GC_2015_0695,PROC_CJ_2017_0693_P
PROC_GC_2015_0695,PROC_CJ_2017_0693_P_DEP
PROC_GC_2016_0841,PROC_CJ_2017_0696_P
PROC_GC_2014_0211_RENV,PROC_CJ_2017_0698_P
PROC_GC_2017_0558,PROC_CJ_2017_0701_P
PROC_GC_2015_0435,PROC_CJ_2017_0709_P
PROC_GC_2016_0833,PROC_CJ_2017_0714_P
PROC_GC_2017_0391,PROC_CJ_2017_0717_P_I
PROC_GC_2016_0441,PROC_CJ_2017_0726_P
PROC_GC_2016_0572,PROC_CJ_2017_0728_P
PROC_GC_2017_0522,PROC_CJ_2017_0731_P
PROC_GC_2014_0712,PROC_CJ_2018_0003_P
PROC_GC_2016_0026,PROC_CJ_2018_0006_P
PROC_GC_2014_0704,PROC_CJ_2018_0010_P
PROC_GC_2015_0245,PROC_CJ_2018_0011_P
PROC_GC_2016_0892,PROC_CJ_2018_0012_P_I
PROC_GC_2014_0831,PROC_CJ_2018_0014_P
PROC_GC_2016_0017,PROC_CJ_2018_0019_P
PROC_GC_2017_0363,PROC_CJ_2018_0023_P
PROC_GC_2016_0419,PROC_CJ_2018_0035_P
PROC_GC_2015_0180,PROC_CJ_2018_0039_P
PROC_GC_2016_0458,PROC_CJ_2018_0040_P
PROC_GC_2011_0217_REV,PROC_CJ_2018_0045_P
PROC_GC_2016_0771,PROC_CJ_2018_0048_P
PROC_GC_2015_0263,PROC_CJ_2018_0056_P
PROC_GC_2016_0802,PROC_CJ_2018_0062_P
PROC_GC_2017_0423_R,PROC_CJ_2018_0065_P_R
PROC_GC_2016_0633,PROC_CJ_2018_0067_P
PROC_GC_2016_0465,PROC_CJ_2018_0073_P
PROC_GC_2016_0634,PROC_CJ_2018_0084_P
PROC_GC_2016_0475,PROC_CJ_2018_0099_P
PROC_GC_2016_0687,PROC_CJ_2018_0104_P
PROC_GC_2016_0849,PROC_CJ_2018_0117_P
PROC_GC_2015_0771,PROC_CJ_2018_0118_P
PROC_GC_2015_0771,PROC_CJ_2018_0118_P_TO
PROC_GC_2015_0771,PROC_CJ_2018_0118_P_INTP
PROC_GC_2015_0771,PROC_CJ_2018_0118_P_REV
PROC_GC_2015_0692,PROC_CJ_2018_0123_P
PROC_GC_2015_0101,PROC_CJ_2018_0124_P
PROC_GC_2016_0728,PROC_CJ_2018_0132_P
PROC_GC_2016_0304,PROC_CJ_2018_0136_P
PROC_GC_2016_0602,PROC_CJ_2018_0139_P
PROC_GC_2014_0460,PROC_CJ_2018_0144_P
PROC_GC_2016_0212,PROC_CJ_2018_0150_P
PROC_GC_2016_0213,PROC_CJ_2018_0151_P
PROC_GC_2015_0712,PROC_CJ_2018_0152_P
PROC_GC_2016_0120,PROC_CJ_2018_0155_P
PROC_GC_2016_0869,PROC_CJ_2018_0162_P
PROC_GC_2016_0692,PROC_CJ_2018_0170_P
PROC_GC_2015_0718,PROC_CJ_2018_0175_P
PROC_GC_2015_0729,PROC_CJ_2018_0178_P
PROC_GC_2016_0849,PROC_CJ_2018_0181_P
PROC_GC_2016_0748,PROC_CJ_2018_0187_P_I
PROC_GC_2016_0715,PROC_CJ_2018_0204_P
PROC_GC_2015_0747,PROC_CJ_2018_0221_P
PROC_GC_2016_0068,PROC_CJ_2018_0223_P
PROC_GC_2017_0784_R,PROC_CJ_2018_0229_P_R
PROC_GC_2017_0069,PROC_CJ_2018_0240_P
PROC_GC_2016_0561,PROC_CJ_2018_0243_P
PROC_GC_2014_0423,PROC_CJ_2018_0244_P
PROC_GC_2016_0775,PROC_CJ_2018_0246_P
PROC_GC_2016_0091,PROC_CJ_2018_0247_P
PROC_GC_2016_0795,PROC_CJ_2018_0248_P
PROC_GC_2015_0506,PROC_CJ_2018_0252_P
PROC_GC_2016_0759,PROC_CJ_2018_0256_P
PROC_GC_2015_0216,PROC_CJ_2018_0262_P
PROC_GC_2016_0727,PROC_CJ_2018_0281_P
PROC_GC_2017_0794,PROC_CJ_2018_0282_P
PROC_GC_2017_0422,PROC_CJ_2018_0300_P
PROC_GC_2016_0140,PROC_CJ_2018_0303_P
PROC_GC_2016_0445,PROC_CJ_2018_0308_P
PROC_GC_2017_0361,PROC_CJ_2018_0312_P
PROC_GC_2016_0732_R,PROC_CJ_2018_0315_P_R
PROC_GC_2016_0108,PROC_CJ_2018_0319_P
PROC_GC_2016_0651,PROC_CJ_2018_0320_P
PROC_GC_2017_0060,PROC_CJ_2018_0326_P
PROC_GC_2017_0006,PROC_CJ_2018_0328_P
PROC_GC_2016_0624,PROC_CJ_2018_0330_P
PROC_GC_2011_0542_RENV,PROC_CJ_2018_0332_P
PROC_GC_2011_0542_RENV,PROC_CJ_2018_0332_P_DEP
PROC_GC_2016_0766_R,PROC_CJ_2018_0334_P_R
PROC_GC_2017_0130,PROC_CJ_2018_0342_P
PROC_GC_2016_0211,PROC_CJ_2018_0345_P
PROC_GC_2013_0045_RENV,PROC_CJ_2018_0346_P
PROC_GC_2015_0507,PROC_CJ_2018_0358_P
PROC_GC_2016_0080,PROC_CJ_2018_0359_P
PROC_GC_2018_0080,PROC_CJ_2018_0392_P
PROC_GC_2018_0080,PROC_CJ_2018_0392_P_INTP
PROC_GC_2015_0274,PROC_CJ_2018_0403_P
PROC_GC_2017_0207,PROC_CJ_2018_0408_P
PROC_GC_2017_0208,PROC_CJ_2018_0409_P
PROC_GC_2017_0213,PROC_CJ_2018_0411_P
PROC_GC_2017_0810,PROC_CJ_2018_0412_P
PROC_GC_2010_0271_RENV,PROC_CJ_2018_0413_P
PROC_GC_2017_0606,PROC_CJ_2018_0415_P
PROC_GC_2016_0190,PROC_CJ_2018_0416_P
PROC_GC_2014_0561,PROC_CJ_2018_0418_P
PROC_GC_2017_0298,PROC_CJ_2018_0426_P
PROC_GC_2017_0119,PROC_CJ_2018_0427_P
PROC_GC_2015_0675,PROC_CJ_2018_0436_P
PROC_GC_2016_0468,PROC_CJ_2018_0440_P
PROC_GC_2015_0251,PROC_CJ_2018_0442_P
PROC_GC_2014_0554,PROC_CJ_2018_0449_P
PROC_GC_2018_0092,PROC_CJ_2018_0455_P
PROC_GC_2015_0554,PROC_CJ_2018_0456_P
PROC_GC_2016_0574,PROC_CJ_2018_0460_P
PROC_GC_2012_0431,PROC_CJ_2018_0461_P
PROC_GC_2016_0626,PROC_CJ_2018_0462_P
PROC_GC_2017_0193,PROC_CJ_2018_0463_P
PROC_GC_2015_0283,PROC_CJ_2018_0471_P
PROC_GC_2013_0429,PROC_CJ_2018_0499_P
PROC_GC_2017_0023,PROC_CJ_2018_0503_P
PROC_GC_2016_0566,PROC_CJ_2018_0506_P
PROC_GC_2016_0111,PROC_CJ_2018_0510_P
PROC_GC_2017_0072,PROC_CJ_2018_0514_P
PROC_GC_2017_0086,PROC_CJ_2018_0525_P
PROC_GC_2016_0340,PROC_CJ_2018_0528_P
PROC_GC_2016_0664,PROC_CJ_2018_0529_P
PROC_GC_2017_0165,PROC_CJ_2018_0533_P
PROC_GC_2015_0577,PROC_CJ_2018_0534_P
PROC_GC_2016_0325,PROC_CJ_2018_0538_P
PROC_GC_2016_0408,PROC_CJ_2018_0540_P
PROC_GC_2017_0294,PROC_CJ_2018_0553_P
PROC_GC_2017_0310,PROC_CJ_2018_0554_P
PROC_GC_2015_0514,PROC_CJ_2018_0560_P
PROC_GC_2013_0643,PROC_CJ_2018_0568_P
PROC_GC_2017_0218,PROC_CJ_2018_0570_P
PROC_GC_2016_0606,PROC_CJ_2018_0571_P
PROC_GC_2017_0577,PROC_CJ_2018_0572_P
PROC_GC_2015_0147,PROC_CJ_2018_0575_P
PROC_GC_2017_0757,PROC_CJ_2018_0577_P
PROC_GC_2017_0757,PROC_CJ_2018_0577_P_REV
PROC_GC_2017_0041,PROC_CJ_2018_0580_P
PROC_GC_2014_0422,PROC_CJ_2018_0582_P
PROC_GC_2015_0185,PROC_CJ_2018_0586_P
PROC_GC_2015_0186,PROC_CJ_2018_0587_P
PROC_GC_2014_0444,PROC_CJ_2018_0589_P
PROC_GC_2014_0451,PROC_CJ_2018_0590_P
PROC_GC_2014_0441,PROC_CJ_2018_0591_P
PROC_GC_2014_0445,PROC_CJ_2018_0593_P
PROC_GC_2015_0356,PROC_CJ_2018_0594_P
PROC_GC_2014_0419,PROC_CJ_2018_0595_P
PROC_GC_2014_0439,PROC_CJ_2018_0596_P
PROC_GC_2013_0680,PROC_CJ_2018_0597_P
PROC_GC_2014_0438,PROC_CJ_2018_0599_P
PROC_GC_2014_0475,PROC_CJ_2018_0601_P
PROC_GC_2017_0797,PROC_CJ_2018_0602_P
PROC_GC_2014_0786,PROC_CJ_2018_0604_P_DEP
PROC_GC_2014_0449,PROC_CJ_2018_0606_P
PROC_GC_2014_0447,PROC_CJ_2018_0607_P
PROC_GC_2014_0447,PROC_CJ_2018_0607_P_OST
PROC_GC_2016_0825,PROC_CJ_2018_0608_P
PROC_GC_2014_0455,PROC_CJ_2018_0611_P
PROC_GC_2016_0644,PROC_CJ_2018_0612_P
PROC_GC_2017_0101,PROC_CJ_2018_0633_P
PROC_GC_2018_0309,PROC_CJ_2018_0669_P
PROC_GC_2018_0416,PROC_CJ_2018_0700_P
PROC_GC_2017_0584,PROC_CJ_2018_0702_P
PROC_GC_2017_0094,PROC_CJ_2018_0714_P
PROC_GC_2017_0180,PROC_CJ_2018_0728_P
PROC_GC_2014_0734,PROC_CJ_2018_0729_P
PROC_GC_2017_0242,PROC_CJ_2018_0730_P
PROC_GC_2014_0737,PROC_CJ_2018_0731_P
PROC_GC_2014_0715,PROC_CJ_2018_0732_P
PROC_GC_2017_0449,PROC_CJ_2018_0733_P
PROC_GC_2017_0448,PROC_CJ_2018_0734_P
PROC_GC_2017_0238,PROC_CJ_2018_0736_P
PROC_GC_2016_0463,PROC_CJ_2018_0737_P
PROC_GC_2017_0093,PROC_CJ_2018_0738_P
PROC_GC_2016_0905,PROC_CJ_2018_0739_P
PROC_GC_2017_0708,PROC_CJ_2018_0741_P
PROC_GC_2016_0627,PROC_CJ_2018_0742_P
PROC_GC_2016_0623,PROC_CJ_2018_0744_P
PROC_GC_2017_0710,PROC_CJ_2018_0747_P
PROC_GC_2017_0713,PROC_CJ_2018_0748_P
PROC_GC_2017_0458,PROC_CJ_2018_0755_P
PROC_GC_2017_0709,PROC_CJ_2018_0757_P
PROC_GC_2017_0421,PROC_CJ_2018_0761_P
PROC_GC_2017_0186,PROC_CJ_2018_0763_P
PROC_GC_2017_0186,PROC_CJ_2018_0763_P_INTP
PROC_GC_2017_0328,PROC_CJ_2018_0766_P
PROC_GC_2018_0365,PROC_CJ_2018_0768_P
PROC_GC_2017_0634,PROC_CJ_2018_0770_P
PROC_GC_2017_0374,PROC_CJ_2018_0780_P
PROC_GC_2017_0413,PROC_CJ_2018_0783_P
PROC_GC_2017_0012,PROC_CJ_2018_0784_P
PROC_GC_2017_0026,PROC_CJ_2018_0792_P
PROC_GC_2018_0033,PROC_CJ_2018_0794_P
PROC_GC_2017_0109,PROC_CJ_2018_0795_P
PROC_GC_2016_0272,PROC_CJ_2018_0797_P
PROC_GC_2017_0122,PROC_CJ_2018_0800_P
PROC_GC_2018_0313,PROC_CJ_2018_0805_P
PROC_GC_2017_0007,PROC_CJ_2018_0809_P
PROC_GC_2016_0387,PROC_CJ_2018_0812_P
PROC_GC_2017_0400,PROC_CJ_2018_0813_P
PROC_GC_2016_0605,PROC_CJ_2018_0816_P
PROC_GC_2016_0096,PROC_CJ_2018_0817_P
PROC_GC_2016_0447,PROC_CJ_2018_0818_P
PROC_GC_2016_0447,PROC_CJ_2018_0818_P_DEP
PROC_GC_2017_0533,PROC_CJ_2018_0819_P
PROC_GC_2017_0368,PROC_CJ_2018_0820_P
PROC_GC_2017_0367,PROC_CJ_2018_0821_P
PROC_GC_2017_0359,PROC_CJ_2018_0822_P
PROC_GC_2016_0640,PROC_CJ_2018_0823_P
PROC_GC_2017_0672,PROC_CJ_2018_0825_P
PROC_GC_2017_0029,PROC_CJ_2018_0831_P
PROC_GC_2018_0420_R,PROC_CJ_2019_0001_P_R
PROC_GC_2018_0419_R,PROC_CJ_2019_0004_P_R
PROC_GC_2017_0550,PROC_CJ_2019_0012_P
PROC_GC_2015_0286,PROC_CJ_2019_0014_P
PROC_GC_2016_0874,PROC_CJ_2019_0027_P
PROC_GC_2017_0339,PROC_CJ_2019_0031_P
PROC_GC_2017_0356,PROC_CJ_2019_0036_P
PROC_GC_2017_0161,PROC_CJ_2019_0038_P
PROC_GC_2014_0316,PROC_CJ_2019_0046_P
PROC_GC_2011_0239,PROC_CJ_2019_0050_P
PROC_GC_2010_0219_RENV,PROC_CJ_2019_0051_P
PROC_GC_2010_0227,PROC_CJ_2019_0052_P
PROC_GC_2011_0399_RENV,PROC_CJ_2019_0053_P
PROC_GC_2011_0405,PROC_CJ_2019_0054_P
PROC_GC_2011_0406,PROC_CJ_2019_0055_P
PROC_GC_2015_0113,PROC_CJ_2019_0056_P
PROC_GC_2014_0793,PROC_CJ_2019_0057_P
PROC_GC_2017_0247,PROC_CJ_2019_0058_P
PROC_GC_2016_0829,PROC_CJ_2019_0060_P
PROC_GC_2017_0044,PROC_CJ_2019_0068_P
PROC_GC_2016_0661,PROC_CJ_2019_0069_P
PROC_GC_2016_0587,PROC_CJ_2019_0070_P
PROC_GC_2016_0854,PROC_CJ_2019_0071_P
PROC_GC_2016_0274,PROC_CJ_2019_0072_P
PROC_GC_2017_0493,PROC_CJ_2019_0078_P
PROC_GC_2015_0508,PROC_CJ_2019_0079_P
PROC_GC_2017_0315,PROC_CJ_2019_0093_P
PROC_GC_2018_0493,PROC_CJ_2019_0098_P
PROC_GC_2018_0626_AJ,PROC_CJ_2019_0099_P
PROC_GC_2016_0811,PROC_CJ_2019_0114_P
PROC_GC_2017_0665,PROC_CJ_2019_0115_P
PROC_GC_2016_0560,PROC_CJ_2019_0116_P
PROC_GC_2016_0560,PROC_CJ_2019_0116_P_DEP
PROC_GC_2016_0518,PROC_CJ_2019_0119_P
PROC_GC_2017_0471,PROC_CJ_2019_0121_P
PROC_GC_2010_0400_RENV,PROC_CJ_2019_0122_P
PROC_GC_2016_0817,PROC_CJ_2019_0123_P
PROC_GC_2017_0821,PROC_CJ_2019_0124_P
PROC_GC_2016_0743_RENV,PROC_CJ_2019_0131_P
PROC_GC_2016_0873,PROC_CJ_2019_0132_P
PROC_GC_2015_0552,PROC_CJ_2019_0134_P
PROC_GC_2016_0830,PROC_CJ_2019_0142_P
PROC_GC_2017_0253,PROC_CJ_2019_0143_P
PROC_GC_2014_0680,PROC_CJ_2019_0144_P
PROC_GC_2017_0100,PROC_CJ_2019_0148_P
PROC_GC_2014_0684,PROC_CJ_2019_0151_P
PROC_GC_2014_0827,PROC_CJ_2019_0152_P
PROC_GC_2016_0409,PROC_CJ_2019_0157_P
PROC_GC_2016_0416,PROC_CJ_2019_0158_P
PROC_GC_2016_0411,PROC_CJ_2019_0159_P
PROC_GC_2013_0167,PROC_CJ_2019_0160_P
PROC_GC_2018_0267,PROC_CJ_2019_0162_P
PROC_GC_2018_0675_R,PROC_CJ_2019_0163_P_R
PROC_GC_2014_0701,PROC_CJ_2019_0164_P
PROC_GC_2014_0851,PROC_CJ_2019_0165_P
PROC_GC_2014_0705,PROC_CJ_2019_0166_P
PROC_GC_2015_0683,PROC_CJ_2019_0167_P
PROC_GC_2017_0565,PROC_CJ_2019_0170_P
PROC_GC_2017_0739,PROC_CJ_2019_0172_P
PROC_GC_2016_0890,PROC_CJ_2019_0173_P
PROC_GC_2015_0630,PROC_CJ_2019_0174_P
PROC_GC_2015_0631,PROC_CJ_2019_0175_P
PROC_GC_2014_0691,PROC_CJ_2019_0176_P
PROC_GC_2016_0339,PROC_CJ_2019_0177_P
PROC_GC_2016_0339,PROC_CJ_2019_0178_P
PROC_GC_2016_0339,PROC_CJ_2019_0179_P
PROC_GC_2016_0290,PROC_CJ_2019_0183_P
PROC_GC_2017_0537,PROC_CJ_2019_0187_P
PROC_GC_2016_0750,PROC_CJ_2019_0188_P
PROC_GC_2017_0572,PROC_CJ_2019_0196_P
PROC_GC_2014_0682,PROC_CJ_2019_0197_P
PROC_GC_2014_0679,PROC_CJ_2019_0198_P
PROC_GC_2014_0691,PROC_CJ_2019_0201_P
PROC_GC_2015_0111,PROC_CJ_2019_0202_P
PROC_GC_2015_0165,PROC_CJ_2019_0203_P
PROC_GC_2016_0053,PROC_CJ_2019_0204_P
PROC_GC_2016_0165,PROC_CJ_2019_0205_P
PROC_GC_2014_0677,PROC_CJ_2019_0207_P
PROC_GC_2017_0832,PROC_CJ_2019_0214_P
PROC_GC_2018_0368,PROC_CJ_2019_0228_P
PROC_GC_2018_0513,PROC_CJ_2019_0230_P
PROC_GC_2018_0331,PROC_CJ_2019_0236_P
PROC_GC_2017_0477,PROC_CJ_2019_0241_P
PROC_GC_2017_0768,PROC_CJ_2019_0251_P
PROC_GC_2017_0768,PROC_CJ_2019_0251_P_OST
PROC_GC_2016_0412,PROC_CJ_2019_0260_P
PROC_GC_2016_0413,PROC_CJ_2019_0261_P
PROC_GC_2018_0579,PROC_CJ_2019_0270_P
PROC_GC_2018_0329,PROC_CJ_2019_0271_P
PROC_GC_2017_0166,PROC_CJ_2019_0273_P
PROC_GC_2017_0198,PROC_CJ_2019_0274_P
PROC_GC_2017_0576,PROC_CJ_2019_0278_P
PROC_GC_2016_0348_OP,PROC_CJ_2019_0280_P
PROC_GC_2018_0731,PROC_CJ_2019_0284_P
PROC_GC_2018_0427,PROC_CJ_2019_0285_P
PROC_GC_2018_0231,PROC_CJ_2019_0293_P
PROC_GC_2017_0215,PROC_CJ_2019_0295_P
PROC_GC_2017_0823,PROC_CJ_2019_0296_P
PROC_GC_2017_0201,PROC_CJ_2019_0301_P
PROC_GC_2018_0709,PROC_CJ_2019_0309_P
PROC_GC_2017_0817,PROC_CJ_2019_0310_P
PROC_GC_2018_0125,PROC_CJ_2019_0313_P
PROC_GC_2018_0581,PROC_CJ_2019_0317_P
PROC_GC_2019_0079_R,PROC_CJ_2019_0318_P_R
PROC_GC_2019_0039,PROC_CJ_2019_0325_P
PROC_GC_2017_0134,PROC_CJ_2019_0332_P
PROC_GC_2016_0131,PROC_CJ_2019_0337_P
PROC_GC_2017_0798,PROC_CJ_2019_0342_P
PROC_GC_2016_0414,PROC_CJ_2019_0348_P
PROC_GC_2016_0415,PROC_CJ_2019_0349_P
PROC_GC_2016_0440,PROC_CJ_2019_0350_P
PROC_GC_2018_0375,PROC_CJ_2019_0351_P
PROC_GC_2018_0178,PROC_CJ_2019_0352_P
PROC_GC_2018_0566,PROC_CJ_2019_0358_P
PROC_GC_2018_0263,PROC_CJ_2019_0359_P
PROC_GC_2016_0865,PROC_CJ_2019_0362_P
PROC_GC_2018_0326,PROC_CJ_2019_0369_P
PROC_GC_2018_0297,PROC_CJ_2019_0375_P
PROC_GC_2017_0169,PROC_CJ_2019_0382_P
PROC_GC_2017_0169,PROC_CJ_2019_0382_P_DEP
PROC_GC_2015_0289,PROC_CJ_2019_0386_P
PROC_GC_2016_0837,PROC_CJ_2019_0389_P_R
PROC_GC_2016_0837,PROC_CJ_2019_0389_P
PROC_GC_2015_0135,PROC_CJ_2019_0390_P
PROC_GC_2016_0730,PROC_CJ_2019_0396_P
PROC_GC_2018_0026,PROC_CJ_2019_0404_P
PROC_GC_2017_0237,PROC_CJ_2019_0406_P
PROC_GC_2018_0657,PROC_CJ_2019_0408_P
PROC_GC_2018_0673,PROC_CJ_2019_0409_P
PROC_GC_2017_0777,PROC_CJ_2019_0412_P
PROC_GC_2018_0410,PROC_CJ_2019_0418_P
PROC_GC_2017_0138,PROC_CJ_2019_0421_P
PROC_GC_2016_0098,PROC_CJ_2019_0425_P
PROC_GC_2016_0910,PROC_CJ_2019_0426_P
PROC_GC_2016_0282,PROC_CJ_2019_0431_P
PROC_GC_2018_0186,PROC_CJ_2019_0436_P
PROC_GC_2016_0433,PROC_CJ_2019_0440_P
PROC_GC_2017_0765,PROC_CJ_2019_0444_P
PROC_GC_2017_0492,PROC_CJ_2019_0446_P
PROC_GC_2015_0259,PROC_CJ_2019_0447_P
PROC_GC_2015_0492,PROC_CJ_2019_0453_P
PROC_GC_2015_0492,PROC_CJ_2019_0453_P_DEP
PROC_GC_2018_0061,PROC_CJ_2019_0457_P
PROC_GC_2017_0108,PROC_CJ_2019_0458_P
PROC_GC_2017_0804,PROC_CJ_2019_0460_P
PROC_GC_2017_0611,PROC_CJ_2019_0461_P
PROC_GC_2017_0371,PROC_CJ_2019_0466_P
PROC_GC_2017_0229,PROC_CJ_2019_0475_P
PROC_GC_2018_0530,PROC_CJ_2019_0498_P
PROC_GC_2018_0558,PROC_CJ_2019_0499_P
PROC_GC_2016_0516,PROC_CJ_2019_0517_P
PROC_GC_2018_0328,PROC_CJ_2019_0536_P_I
PROC_GC_2017_0614,PROC_CJ_2019_0548_P
PROC_GC_2018_0281,PROC_CJ_2019_0551_P
PROC_GC_2018_0396,PROC_CJ_2019_0553_P
PROC_GC_2018_0754,PROC_CJ_2019_0557_P
PROC_GC_2016_0836,PROC_CJ_2019_0562_P
PROC_GC_2017_0222,PROC_CJ_2019_0563_P
PROC_GC_2018_0330,PROC_CJ_2019_0565_P
PROC_GC_2017_0107,PROC_CJ_2019_0571_P
PROC_GC_2015_0604,PROC_CJ_2019_0572_P
PROC_GC_2017_0733,PROC_CJ_2019_0575_P
PROC_GC_2018_0377,PROC_CJ_2019_0576_P
PROC_GC_2018_0354,PROC_CJ_2019_0577_P
PROC_GC_2018_0003,PROC_CJ_2019_0582_P
PROC_GC_2018_0273,PROC_CJ_2019_0583_P
PROC_GC_2016_0179_RENV,PROC_CJ_2019_0586_P
PROC_GC_2016_0180_RENV,PROC_CJ_2019_0587_P
PROC_GC_2016_0181,PROC_CJ_2019_0588_P
PROC_GC_2016_0182_RENV,PROC_CJ_2019_0589_P
PROC_GC_2016_0183_RENV,PROC_CJ_2019_0590_P
PROC_GC_2018_0138,PROC_CJ_2019_0591_P
PROC_GC_2015_0764,PROC_CJ_2019_0594_P
PROC_GC_2015_0764,PROC_CJ_2019_0594_P_DEP
PROC_GC_2017_0020,PROC_CJ_2019_0596_P
PROC_GC_2018_0043,PROC_CJ_2019_0599_P
PROC_GC_2016_0888,PROC_CJ_2019_0601_P
PROC_GC_2016_0888,PROC_CJ_2019_0601_P_DEP
PROC_GC_2019_0280_R,PROC_CJ_2019_0605_P_R
PROC_GC_2017_0248_RENV,PROC_CJ_2019_0612_P
PROC_GC_2018_0209,PROC_CJ_2019_0613_P
PROC_GC_2018_0210,PROC_CJ_2019_0614_P
PROC_GC_2017_0399,PROC_CJ_2019_0615_P
PROC_GC_2018_0357,PROC_CJ_2019_0622_P
PROC_GC_2018_0064,PROC_CJ_2019_0623_P
PROC_GC_2018_0135,PROC_CJ_2019_0628_P
PROC_GC_2018_0538,PROC_CJ_2019_0631_P
PROC_GC_2019_0001,PROC_CJ_2019_0634_P
PROC_GC_2015_0624,PROC_CJ_2019_0638_P
PROC_GC_2018_0593,PROC_CJ_2019_0642_P
PROC_GC_2019_0388_R,PROC_CJ_2019_0646_P_R
PROC_GC_2015_0373,PROC_CJ_2019_0647_P
PROC_GC_2017_0617,PROC_CJ_2019_0650_P
PROC_GC_2018_0389,PROC_CJ_2019_0659_P
PROC_GC_2018_0390,PROC_CJ_2019_0660_P
PROC_GC_2016_0466,PROC_CJ_2019_0662_P
PROC_GC_2018_0117,PROC_CJ_2019_0664_P
PROC_GC_2015_0353,PROC_CJ_2019_0665_P
PROC_GC_2016_0741,PROC_CJ_2019_0666_P
PROC_GC_2016_0838,PROC_CJ_2019_0669_P
PROC_GC_2016_0838,PROC_CJ_2019_0669_P_DEP
PROC_GC_2018_0095,PROC_CJ_2019_0676_P
PROC_GC_2018_0054,PROC_CJ_2019_0678_P
PROC_GC_2015_0405,PROC_CJ_2019_0680_P
PROC_GC_2015_0406,PROC_CJ_2019_0681_P
PROC_GC_2016_0917_REV,PROC_CJ_2019_0682_P
PROC_GC_2018_0660,PROC_CJ_2019_0689_P
PROC_GC_2015_0523,PROC_CJ_2019_0694_P
PROC_GC_2018_0349,PROC_CJ_2019_0696_P
PROC_GC_2015_0762,PROC_CJ_2019_0697_P
PROC_GC_2015_0763,PROC_CJ_2019_0698_P
PROC_GC_2015_0772,PROC_CJ_2019_0699_P
PROC_GC_2016_0008,PROC_CJ_2019_0700_P
PROC_GC_2018_0687,PROC_CJ_2019_0701_P
PROC_GC_2015_0582,PROC_CJ_2019_0702_P
PROC_GC_2015_0522,PROC_CJ_2019_0706_P
PROC_GC_2017_0772,PROC_CJ_2019_0713_P
PROC_GC_2017_0773,PROC_CJ_2019_0714_P
PROC_GC_2017_0774,PROC_CJ_2019_0715_P
PROC_GC_2017_0331,PROC_CJ_2019_0727_P
PROC_GC_2019_0524,PROC_CJ_2019_0747_P
PROC_GC_2019_0472_R,PROC_CJ_2019_0773_P_R
PROC_GC_2019_0383_R,PROC_CJ_2019_0789_P_R
PROC_GC_2019_0337,PROC_CJ_2019_0798_P
PROC_GC_2017_0105,PROC_CJ_2019_0806_P
PROC_GC_2018_0649,PROC_CJ_2019_0823_P
PROC_GC_2019_0549_R,PROC_CJ_2019_0832_P_R
PROC_GC_2018_0308,PROC_CJ_2019_0833_P
PROC_GC_2018_0212,PROC_CJ_2019_0839_P
PROC_GC_2016_0417,PROC_CJ_2019_0847_P
PROC_GC_2016_0883,PROC_CJ_2019_0848_P
PROC_GC_2017_0217,PROC_CJ_2019_0850_P
PROC_GC_2018_0217,PROC_CJ_2019_0851_P
PROC_GC_2018_0378,PROC_CJ_2019_0858_P
PROC_GC_2019_0099,PROC_CJ_2019_0860_P
PROC_GC_2017_0629,PROC_CJ_2019_0862_P
PROC_GC_2018_0013,PROC_CJ_2019_0867_P
PROC_GC_2018_0065,PROC_CJ_2019_0872_P
PROC_GC_2018_0599,PROC_CJ_2019_0874_P
PROC_GC_2018_0027_RENV,PROC_CJ_2019_0875_P
PROC_GC_2017_0636,PROC_CJ_2019_0876_P
PROC_GC_2017_0153,PROC_CJ_2019_0877_P
PROC_GC_2017_0105,PROC_CJ_2019_0883_P
PROC_GC_2014_0586_RENV,PROC_CJ_2019_0884_P
PROC_GC_2015_0755,PROC_CJ_2019_0885_P
PROC_GC_2015_0755,PROC_CJ_2019_0898_P
PROC_GC_2018_0112,PROC_CJ_2019_0886_P
PROC_GC_2018_0491,PROC_CJ_2019_0887_P
PROC_GC_2015_0121,PROC_CJ_2019_0890_P
PROC_GC_2017_0500,PROC_CJ_2019_0891_P
PROC_GC_2018_0225,PROC_CJ_2019_0892_P
PROC_GC_2018_0261,PROC_CJ_2019_0893_P
PROC_GC_2018_0047,PROC_CJ_2019_0894_P
PROC_GC_2017_0391,PROC_CJ_2019_0899_P
PROC_GC_2018_0713,PROC_CJ_2019_0902_P
PROC_GC_2018_0536,PROC_CJ_2019_0908_P
PROC_GC_2018_0310,PROC_CJ_2019_0928_P
PROC_GC_2017_0778,PROC_CJ_2019_0933_P
PROC_GC_2019_0002,PROC_CJ_2019_0934_P
PROC_GC_2017_0601,PROC_CJ_2019_0936_P
PROC_GC_2017_0557,PROC_CJ_2019_0947_P
PROC_GC_2018_0669,PROC_CJ_2020_0014_P
PROC_GC_2019_0101,PROC_CJ_2020_0026_P
PROC_GC_2018_0727,PROC_CJ_2020_0050_P
PROC_GC_2018_0727,PROC_CJ_2020_0050_P_REC
PROC_GC_2018_0527,PROC_CJ_2020_0052_P
PROC_GC_2016_0502,PROC_CJ_2020_0054_P
PROC_GC_2016_0502,PROC_CJ_2020_0054_P_DEP
PROC_GC_2018_0524,PROC_CJ_2020_0061_P
PROC_GC_2019_0181,PROC_CJ_2020_0063_P
PROC_GC_2018_0747,PROC_CJ_2020_0072_P
PROC_GC_2018_0658,PROC_CJ_2020_0074_P
PROC_GC_2015_0607,PROC_CJ_2020_0079_P
PROC_GC_2019_0547,PROC_CJ_2020_0084_P
PROC_GC_2018_0763,PROC_CJ_2020_0085_P
PROC_GC_2019_0040,PROC_CJ_2020_0097_P
PROC_GC_2018_0501,PROC_CJ_2020_0101_P
PROC_GC_2018_0014,PROC_CJ_2020_0106_P
PROC_GC_2018_0295,PROC_CJ_2020_0107_P
PROC_GC_2019_0797_R,PROC_CJ_2020_0114_P_R
PROC_GC_2018_0211,PROC_CJ_2020_0115_P
PROC_GC_2019_0319,PROC_CJ_2020_0122_P
PROC_GC_2018_0019,PROC_CJ_2020_0153_P
PROC_GC_2019_0541,PROC_CJ_2020_0158_P
PROC_GC_2018_0471,PROC_CJ_2020_0162_P
PROC_GC_2018_0471,PROC_CJ_2020_0162_P_DEP
PROC_GC_2018_0320,PROC_CJ_2020_0167_P
PROC_GC_2019_0043,PROC_CJ_2020_0171_P
PROC_GC_2019_0043,PROC_CJ_2020_0171_P_DEP
PROC_GC_2018_0388,PROC_CJ_2020_0172_P
PROC_GC_2018_0388,PROC_CJ_2020_0172_P_DEP
PROC_GC_2018_0487,PROC_CJ_2020_0174_P
PROC_GC_2019_0159,PROC_CJ_2020_0183_P
PROC_GC_2018_0505,PROC_CJ_2020_0185_P
PROC_GC_2019_0658,PROC_CJ_2020_0191_P
PROC_GC_2019_0080,PROC_CJ_2020_0193_P
PROC_GC_2019_0352,PROC_CJ_2020_0199_P
PROC_GC_2019_0353,PROC_CJ_2020_0200_P
PROC_GC_2020_0024_R,PROC_CJ_2020_0201_P_R
PROC_GC_2019_0129,PROC_CJ_2020_0202_P
PROC_GC_2019_0797_R_II,PROC_CJ_2020_0207_P_R
PROC_GC_2016_0732,PROC_CJ_2020_0211_P
PROC_GC_2016_0732,PROC_CJ_2020_0211_P_DEP
PROC_GC_2017_0835,PROC_CJ_2020_0226_P
PROC_GC_2017_0734,PROC_CJ_2020_0235_P
PROC_GC_2018_0653,PROC_CJ_2020_0239_P
PROC_GC_2018_0654,PROC_CJ_2020_0240_P
PROC_GC_2017_0571,PROC_CJ_2020_0249_P
PROC_GC_2018_0081,PROC_CJ_2020_0259_P
PROC_GC_2017_0383,PROC_CJ_2020_0260_P
PROC_GC_2019_0499,PROC_CJ_2020_0266_P
PROC_GC_2018_0474,PROC_CJ_2020_0272_P
PROC_GC_2019_0073,PROC_CJ_2020_0284_P
PROC_GC_2019_0141,PROC_CJ_2020_0297_P
PROC_GC_2020_0231_R,PROC_CJ_2020_0298_P
PROC_GC_2019_0108,PROC_CJ_2020_0304_P
PROC_GC_2019_0109,PROC_CJ_2020_0305_P
PROC_GC_2018_0445,PROC_CJ_2020_0307_P
PROC_GC_2018_0535,PROC_CJ_2020_0308_P
PROC_GC_2018_0443,PROC_CJ_2020_0309_P
PROC_GC_2018_0446,PROC_CJ_2020_0310_P
PROC_GC_2018_0444,PROC_CJ_2020_0311_P
PROC_GC_2018_0534,PROC_CJ_2020_0312_P
PROC_GC_2019_0106,PROC_CJ_2020_0313_P
PROC_GC_2020_0273,PROC_CJ_2020_0320_P
PROC_GC_2019_0284,PROC_CJ_2020_0322_P
PROC_GC_2017_0607,PROC_CJ_2020_0331_P
PROC_GC_2019_0526,PROC_CJ_2020_0348_P
PROC_GC_2018_0738,PROC_CJ_2020_0351_P
PROC_GC_2019_0083,PROC_CJ_2020_0356_P
PROC_GC_2018_0195,PROC_CJ_2020_0359_P
PROC_GC_2018_0518,PROC_CJ_2020_0361_P
PROC_GC_2018_0282,PROC_CJ_2020_0364_P
PROC_GC_2018_0574,PROC_CJ_2020_0374_P
PROC_GC_2016_0399,PROC_CJ_2020_0376_P
PROC_GC_2019_0646,PROC_CJ_2020_0386_P
PROC_GC_2019_0803,PROC_CJ_2020_0390_P
PROC_GC_2018_0511,PROC_CJ_2020_0399_P
PROC_GC_2019_0104,PROC_CJ_2020_0400_P
PROC_GC_2019_0577,PROC_CJ_2020_0401_P
PROC_GC_2019_0561,PROC_CJ_2020_0402_P
PROC_GC_2019_0022,PROC_CJ_2020_0403_P
PROC_GC_2019_0651,PROC_CJ_2020_0404_P
PROC_GC_2019_0347,PROC_CJ_2020_0408_P
PROC_GC_2019_0328,PROC_CJ_2020_0418_P
,PROC_CJ_2020_0423_P_R
,PROC_CJ_2020_0424_P_R
PROC_GC_2019_0305,PROC_CJ_2020_0425_P
PROC_GC_2019_0143,PROC_CJ_2020_0429_P
PROC_GC_2019_0562,PROC_CJ_2020_0430_P
PROC_GC_2019_0395,PROC_CJ_2020_0431_P
PROC_GC_2017_0110,PROC_CJ_2020_0439_P
PROC_GC_2019_0616,PROC_CJ_2020_0446_P
PROC_GC_2020_0090_REC,PROC_CJ_2020_0450_P
PROC_GC_2018_0576,PROC_CJ_2020_0456_P
PROC_GC_2019_0619,PROC_CJ_2020_0464_P
PROC_GC_2016_0778,PROC_CJ_2020_0465_P
PROC_GC_2019_0715,PROC_CJ_2020_0504_P
PROC_GC_2019_0807,PROC_CJ_2020_0539_P
PROC_GC_2019_0807,PROC_CJ_2020_0539_P_REV
PROC_GC_2018_0755,PROC_CJ_2020_0540_P
PROC_GC_2017_0411,PROC_CJ_2020_0584_P
PROC_GC_2017_0411,PROC_CJ_2020_0621_P
PROC_GC_2017_0411,PROC_CJ_2020_0584_P_DEP
PROC_GC_2018_0565,PROC_CJ_2020_0586_P
PROC_GC_2020_0081,PROC_CJ_2020_0600_P
PROC_GC_2019_0645,PROC_CJ_2020_0619_P
PROC_GC_2015_0381,PROC_CJ_2020_0620_P
PROC_GC_2019_0613,PROC_CJ_2020_0622_P
PROC_GC_2016_0437,PROC_CJ_2020_0623_P
PROC_GC_2019_0677,PROC_CJ_2020_0626_P
PROC_GC_2019_0370,PROC_CJ_2020_0632_P
PROC_GC_2016_0401,PROC_CJ_2020_0635_P
PROC_GC_2016_0796,PROC_CJ_2020_0639_P
PROC_GC_2016_0786,PROC_CJ_2020_0640_P
PROC_GC_2013_0515_RENV,PROC_CJ_2020_0649_P
PROC_GC_2013_0515_RENV,PROC_CJ_2020_0662_P
PROC_GC_2019_0174,PROC_CJ_2020_0653_P
PROC_GC_2018_0597,PROC_CJ_2020_0656_P
PROC_GC_2017_0414,PROC_CJ_2020_0663_P
PROC_GC_2017_0414,PROC_CJ_2020_0663_P_DEP
PROC_GC_2017_0420,PROC_CJ_2020_0664_P
PROC_GC_2018_0583,PROC_CJ_2020_0666_P
PROC_GC_2019_0051,PROC_CJ_2020_0667_P
PROC_GC_2019_0018,PROC_CJ_2020_0675_P
PROC_GC_2019_0053,PROC_CJ_2020_0678_P
PROC_GC_2019_0048,PROC_CJ_2020_0681_P
PROC_GC_2017_0255,PROC_CJ_2020_0682_P
PROC_GC_2017_0255,PROC_CJ_2020_0682_P_REC
PROC_GC_2020_0180,PROC_CJ_2020_0684_P
PROC_GC_2020_0550,PROC_CJ_2020_0685_P
PROC_GC_2017_0249,PROC_CJ_2020_0690_P
PROC_GC_2017_0254,PROC_CJ_2020_0693_P
PROC_GC_2019_0249,PROC_CJ_2020_0717_P
PROC_GC_2018_0307,PROC_CJ_2020_0718_P
PROC_GC_2019_0805,PROC_CJ_2020_0722_P
PROC_GC_2019_0389,PROC_CJ_2020_0725_P
PROC_GC_2020_0025,PROC_CJ_2021_0005_P
PROC_GC_2018_0594,PROC_CJ_2021_0006_P
PROC_GC_2020_0416_REC,PROC_CJ_2021_0021_P
PROC_GC_2020_0416_REC,PROC_CJ_2021_0021_P_REC
PROC_GC_2019_0643,PROC_CJ_2021_0026_P
PROC_GC_2020_0257,PROC_CJ_2021_0027_P
PROC_GC_2019_0574,PROC_CJ_2021_0029_P
PROC_GC_2019_0664,PROC_CJ_2021_0041_P
PROC_GC_2017_0814,PROC_CJ_2021_0042_P
PROC_GC_2018_0735,PROC_CJ_2021_0046_P_R
PROC_GC_2018_0735,PROC_CJ_2021_0046_P
PROC_GC_2019_0377,PROC_CJ_2021_0048_P
PROC_GC_2019_0378,PROC_CJ_2021_0049_P
PROC_GC_2019_0639,PROC_CJ_2021_0059_P
PROC_GC_2019_0367,PROC_CJ_2021_0063_P
PROC_GC_2018_0639,PROC_CJ_2021_0065_P
PROC_GC_2020_0152,PROC_CJ_2021_0067_P
PROC_GC_2019_0247,PROC_CJ_2021_0090_P
PROC_GC_2019_0318,PROC_CJ_2021_0091_P
PROC_GC_2019_0858,PROC_CJ_2021_0093_P
PROC_GC_2018_0486,PROC_CJ_2021_0099_P
PROC_GC_2019_0535,PROC_CJ_2021_0109_P
PROC_GC_2019_0660,PROC_CJ_2021_0110_P
PROC_GC_2019_0189,PROC_CJ_2021_0113_P
PROC_GC_2019_0665,PROC_CJ_2021_0114_P
PROC_GC_2020_0024,PROC_CJ_2021_0115_P
PROC_GC_2018_0243,PROC_CJ_2021_0116_P
PROC_GC_2018_0207,PROC_CJ_2021_0119_P
PROC_GC_2018_0541,PROC_CJ_2021_0123_P
PROC_GC_2018_0093,PROC_CJ_2021_0124_P
PROC_GC_2018_0430,PROC_CJ_2021_0127_P
PROC_GC_2020_0350,PROC_CJ_2021_0130_P
PROC_GC_2019_0863,PROC_CJ_2021_0143_P
PROC_GC_2020_0696,PROC_CJ_2021_0145_P
PROC_GC_2018_0515,PROC_CJ_2021_0149_P
PROC_GC_2019_0130,PROC_CJ_2021_0169_P
PROC_GC_2020_0603,PROC_CJ_2021_0171_P
PROC_GC_2020_0543,PROC_CJ_2021_0176_P
PROC_GC_2019_0382,PROC_CJ_2021_0185_P
PROC_GC_2019_0824,PROC_CJ_2021_0193_P
PROC_GC_2019_0345,PROC_CJ_2021_0198_P
PROC_GC_2017_0328_RENV,PROC_CJ_2021_0201_P
PROC_GC_2017_0328_RENV,PROC_CJ_2021_0201_P_OST
PROC_GC_2018_0758,PROC_CJ_2021_0202_P
PROC_GC_2017_0699,PROC_CJ_2021_0207_P
PROC_GC_2020_0238,PROC_CJ_2021_0209_P
PROC_GC_2020_0259,PROC_CJ_2021_0210_P
PROC_GC_2019_0329,PROC_CJ_2021_0211_P
PROC_GC_2019_0009,PROC_CJ_2021_0212_P
PROC_GC_2019_0817,PROC_CJ_2021_0219_P
PROC_GC_2020_0223,PROC_CJ_2021_0220_P_I
PROC_GC_2020_0701,PROC_CJ_2021_0225_P
PROC_GC_2018_0352,PROC_CJ_2021_0233_P
PROC_GC_2020_0019,PROC_CJ_2021_0236_P
PROC_GC_2020_0092,PROC_CJ_2021_0239_P
PROC_GC_2019_0111,PROC_CJ_2021_0242_P
PROC_GC_2019_0017,PROC_CJ_2021_0246_P
PROC_GC_2020_0742_R,PROC_CJ_2021_0276_P_R
PROC_GC_2020_0655_R,PROC_CJ_2021_0281_P_R
PROC_GC_2020_0656_R,PROC_CJ_2021_0282_P_R
PROC_GC_2018_0161,PROC_CJ_2021_0284_P
PROC_GC_2018_0108,PROC_CJ_2021_0288_P
PROC_GC_2019_0599,PROC_CJ_2021_0299_P
PROC_GC_2018_0723,PROC_CJ_2021_0305_P
PROC_GC_2019_0306,PROC_CJ_2021_0309_P
PROC_GC_2019_0885,PROC_CJ_2021_0310_P
PROC_GC_2019_0694,PROC_CJ_2021_0313_P
PROC_GC_2020_0379,PROC_CJ_2021_0320_P
PROC_GC_2020_0378,PROC_CJ_2021_0321_P
PROC_GC_2020_0719,PROC_CJ_2021_0322_P
PROC_GC_2020_0050,PROC_CJ_2021_0326_P
PROC_GC_2018_0193,PROC_CJ_2021_0327_P
PROC_GC_2020_0374,PROC_CJ_2021_0341_P
PROC_GC_2019_0282,PROC_CJ_2021_0345_P
PROC_GC_2020_0388,PROC_CJ_2021_0353_P
PROC_GC_2020_0191,PROC_CJ_2021_0360_P
PROC_GC_2016_0769,PROC_CJ_2021_0366_P
PROC_GC_2020_0282,PROC_CJ_2021_0369_P
PROC_GC_2019_0285,PROC_CJ_2021_0371_P
PROC_GC_2019_0663,PROC_CJ_2021_0373_P
PROC_GC_2020_0382,PROC_CJ_2021_0381_P
PROC_GC_2019_0579,PROC_CJ_2021_0382_P
PROC_GC_2019_0509,PROC_CJ_2021_0387_P
PROC_GC_2019_0504,PROC_CJ_2021_0389_P
PROC_GC_2019_0695,PROC_CJ_2021_0391_P
PROC_GC_2019_0543,PROC_CJ_2021_0401_P
PROC_GC_2019_0252,PROC_CJ_2021_0408_P
PROC_GC_2019_0322,PROC_CJ_2021_0413_P
PROC_GC_2020_0310,PROC_CJ_2021_0415_P
PROC_GC_2016_0872,PROC_CJ_2021_0417_P
PROC_GC_2019_0638,PROC_CJ_2021_0420_P
PROC_GC_2019_0638,PROC_CJ_2021_0424_P
PROC_GC_2019_0637,PROC_CJ_2021_0425_P
PROC_GC_2018_0611,PROC_CJ_2021_0438_P
PROC_GC_2020_0628,PROC_CJ_2021_0441_P
PROC_GC_2018_0561,PROC_CJ_2021_0442_P
PROC_GC_2020_0672,PROC_CJ_2021_0447_P
PROC_GC_2018_0516,PROC_CJ_2021_0451_P
,PROC_CJ_2021_0454_P
PROC_GC_2017_0816,PROC_CJ_2021_0457_P
PROC_GC_2019_0510,PROC_CJ_2021_0462_P
PROC_GC_2020_0332,PROC_CJ_2021_0465_P
PROC_GC_2018_0218,PROC_CJ_2021_0466_P_R
PROC_GC_2018_0218,PROC_CJ_2021_0466_P
PROC_GC_2020_0328,PROC_CJ_2021_0468_P
PROC_GC_2021_0038_R,PROC_CJ_2021_0471_P_R
PROC_GC_2019_0854,PROC_CJ_2021_0473_P
PROC_GC_2019_0855,PROC_CJ_2021_0474_P
PROC_GC_2019_0856,PROC_CJ_2021_0475_P
PROC_GC_2020_0487,PROC_CJ_2021_0476_P
PROC_GC_2018_0254,PROC_CJ_2021_0478_P
PROC_GC_2019_0678,PROC_CJ_2021_0483_P
PROC_GC_2020_0187,PROC_CJ_2021_0490_P
PROC_GC_2018_0223,PROC_CJ_2021_0492_P
PROC_GC_2020_0365,PROC_CJ_2021_0498_P
PROC_GC_2020_0252,PROC_CJ_2021_0499_P
PROC_GC_2019_0235,PROC_CJ_2021_0500_P
PROC_GC_2020_0198,PROC_CJ_2021_0501_P
PROC_GC_2020_0231,PROC_CJ_2021_0502_P
PROC_GC_2021_0013,PROC_CJ_2021_0503_P
PROC_GC_2016_0781,PROC_CJ_2021_0507_P
PROC_GC_2019_0047,PROC_CJ_2021_0508_P
PROC_GC_2017_0202,PROC_CJ_2021_0511_P
PROC_GC_2019_0514,PROC_CJ_2021_0513_P
PROC_GC_2019_0699,PROC_CJ_2021_0518_P
PROC_GC_2020_0196,PROC_CJ_2021_0523_P
PROC_GC_2021_0211,PROC_CJ_2021_0526_P
PROC_GC_2018_0488,PROC_CJ_2021_0527_P
PROC_GC_2019_0586,PROC_CJ_2021_0537_P
PROC_GC_2019_0281,PROC_CJ_2021_0538_P
PROC_GC_2019_0355,PROC_CJ_2021_0539_P
PROC_GC_2020_0051,PROC_CJ_2021_0541_P
PROC_GC_2021_0042,PROC_CJ_2021_0546_P
PROC_GC_2021_0095_R,PROC_CJ_2021_0547_P_R
PROC_GC_2019_0635,PROC_CJ_2021_0549_P
PROC_GC_2020_0362,PROC_CJ_2021_0557_P
PROC_GC_2018_0226,PROC_CJ_2021_0558_P
PROC_GC_2018_0519,PROC_CJ_2021_0559_P
PROC_GC_2020_0740,PROC_CJ_2021_0573_P
PROC_GC_2021_0075,PROC_CJ_2021_0576_P
PROC_GC_2019_0680,PROC_CJ_2021_0578_P
PROC_GC_2019_0866,PROC_CJ_2021_0581_P
PROC_GC_2019_0632,PROC_CJ_2021_0587_P
PROC_GC_2019_0185,PROC_CJ_2021_0588_P
PROC_GC_2020_0075,PROC_CJ_2021_0589_P
PROC_GC_2020_0677,PROC_CJ_2021_0591_P
PROC_GC_2020_0297,PROC_CJ_2021_0599_P
PROC_GC_2020_0634,PROC_CJ_2021_0603_P
PROC_GC_2021_0191,PROC_CJ_2021_0610_P
PROC_GC_2021_0128,PROC_CJ_2021_0611_P
PROC_GC_2019_0670,PROC_CJ_2021_0613_P
PROC_GC_2019_0500,PROC_CJ_2021_0619_P
PROC_GC_2021_0272_R,PROC_CJ_2021_0629_P_R
PROC_GC_2020_0692,PROC_CJ_2021_0649_P_I
PROC_GC_2020_0277,PROC_CJ_2021_0665_P
PROC_GC_2020_0489,PROC_CJ_2021_0672_P
PROC_GC_2020_0377,PROC_CJ_2021_0673_P
PROC_GC_2020_0566,PROC_CJ_2021_0674_P
PROC_GC_2020_0463,PROC_CJ_2021_0678_P
PROC_GC_2020_0561,PROC_CJ_2021_0679_P
PROC_GC_2020_0704_AJ,PROC_CJ_2021_0692_P
PROC_GC_2018_0328,PROC_CJ_2021_0693_P
PROC_GC_2018_0328,PROC_CJ_2021_0698_P
PROC_GC_2019_0152,PROC_CJ_2021_0694_P
PROC_GC_2019_0881,PROC_CJ_2021_0696_P
PROC_GC_2014_0639_RENV,PROC_CJ_2021_0701_P
PROC_GC_2018_0337,PROC_CJ_2021_0702_P
PROC_GC_2021_0497_R,PROC_CJ_2021_0703_P_R
PROC_GC_2020_0107,PROC_CJ_2021_0708_P
PROC_GC_2019_0720,PROC_CJ_2021_0714_P
PROC_GC_2020_0240,PROC_CJ_2021_0715_P
PROC_GC_2020_0472,PROC_CJ_2021_0719_P
PROC_GC_2020_0128,PROC_CJ_2021_0730_P
PROC_GC_2019_0777,PROC_CJ_2021_0742_P
PROC_GC_2020_0169,PROC_CJ_2021_0743_P
PROC_GC_2020_0173,PROC_CJ_2021_0744_P
PROC_GC_2018_0425,PROC_CJ_2021_0746_P
PROC_GC_2016_0753,PROC_CJ_2021_0747_P
PROC_GC_2020_0633,PROC_CJ_2021_0749_P
PROC_GC_2019_0139,PROC_CJ_2021_0750_P
PROC_GC_2020_0528,PROC_CJ_2021_0755_P
PROC_GC_2018_0342,PROC_CJ_2021_0757_P
PROC_GC_2018_0448,PROC_CJ_2021_0758_P
PROC_GC_2018_0363,PROC_CJ_2021_0759_P
PROC_GC_2020_0351,PROC_CJ_2021_0761_P
PROC_GC_2020_0352,PROC_CJ_2021_0762_P
PROC_GC_2018_0447,PROC_CJ_2021_0763_P
PROC_GC_2018_0619,PROC_CJ_2021_0764_P
PROC_GC_2019_0384,PROC_CJ_2021_0766_P
PROC_GC_2020_0088,PROC_CJ_2021_0767_P
PROC_GC_2020_0043,PROC_CJ_2021_0773_P
PROC_GC_2020_0648,PROC_CJ_2021_0774_P
PROC_GC_2019_0344,PROC_CJ_2021_0778_P
PROC_GC_2019_0279,PROC_CJ_2021_0779_P
PROC_GC_2020_0613,PROC_CJ_2021_0780_P
PROC_GC_2021_0032,PROC_CJ_2021_0781_P
PROC_GC_2017_0827,PROC_CJ_2021_0782_P
PROC_GC_2020_0429,PROC_CJ_2021_0784_P
PROC_GC_2020_0436,PROC_CJ_2021_0785_P
PROC_GC_2018_0341,PROC_CJ_2021_0786_P
PROC_GC_2018_0745,PROC_CJ_2021_0790_P
PROC_GC_2019_0196,PROC_CJ_2021_0792_P
PROC_GC_2019_0233,PROC_CJ_2021_0794_P
PROC_GC_2019_0238,PROC_CJ_2021_0795_P
PROC_GC_2020_0342,PROC_CJ_2021_0801_P
PROC_GC_2019_0434,PROC_CJ_2021_0802_P
PROC_GC_2018_0351,PROC_CJ_2021_0803_P
PROC_GC_2021_0019,PROC_CJ_2021_0815_P
PROC_GC_2021_0595,PROC_CJ_2021_0816_P
PROC_GC_2021_0595,PROC_CJ_2021_0816_P_OST
PROC_GC_2020_0599,PROC_CJ_2021_0818_P
PROC_GC_2020_0100,PROC_CJ_2021_0824_P
PROC_GC_2019_0153,PROC_CJ_2021_0828_P
PROC_GC_2020_0510,PROC_CJ_2021_0831_P
PROC_GC_2021_0419,PROC_CJ_2022_0001_P
PROC_GC_2021_0022,PROC_CJ_2022_0003_P
PROC_GC_2016_0263_RENV,PROC_CJ_2022_0004_P_I
PROC_GC_2017_0147,PROC_CJ_2022_0007_P
PROC_GC_2021_0077,PROC_CJ_2022_0014_P
PROC_GC_2020_0443,PROC_CJ_2022_0019_P
PROC_GC_2020_0771,PROC_CJ_2022_0029_P
PROC_GC_2016_0263_RENV,PROC_CJ_2022_0031_P_I
PROC_GC_2016_0263_RENV,PROC_CJ_2022_0032_P_I
PROC_GC_2021_0642,PROC_CJ_2022_0036_P
PROC_GC_2021_0687,PROC_CJ_2022_0037_P
PROC_GC_2021_0649,PROC_CJ_2022_0038_P
PROC_GC_2021_0658,PROC_CJ_2022_0039_P
PROC_GC_2021_0659,PROC_CJ_2022_0040_P
PROC_GC_2015_0602_RENV,PROC_CJ_2022_0046_P
PROC_GC_2017_0612,PROC_CJ_2022_0048_P
PROC_GC_2019_0495,PROC_CJ_2022_0054_P
PROC_GC_2020_0467,PROC_CJ_2022_0065_P
PROC_GC_2020_0370,PROC_CJ_2022_0068_P
PROC_GC_2016_0743_RENV_II,PROC_CJ_2022_0071_P
PROC_GC_2020_0726,PROC_CJ_2022_0073_P
PROC_GC_2016_0263_RENV,PROC_CJ_2022_0074_P_I
PROC_GC_2021_0719,PROC_CJ_2022_0079_P
PROC_GC_2021_0719,PROC_CJ_2022_0079_P_OST
PROC_GC_2021_0272_R_II,PROC_CJ_2022_0081_P_R
PROC_GC_2021_0230,PROC_CJ_2022_0082_P
PROC_GC_2021_0071,PROC_CJ_2022_0088_P
PROC_GC_2020_0433,PROC_CJ_2022_0100_P
PROC_GC_2020_0546,PROC_CJ_2022_0101_P
PROC_GC_2019_0804,PROC_CJ_2022_0102_P
PROC_GC_2021_0323,PROC_CJ_2022_0103_P_I
PROC_GC_2020_0159,PROC_CJ_2022_0111_P
PROC_GC_2019_0593,PROC_CJ_2022_0120_P
PROC_GC_2019_0595,PROC_CJ_2022_0121_P
PROC_GC_2019_0127,PROC_CJ_2022_0122_P
PROC_GC_2018_0721,PROC_CJ_2022_0124_P
PROC_GC_2019_0703,PROC_CJ_2022_0130_P
PROC_GC_2019_0158,PROC_CJ_2022_0135_P
PROC_GC_2021_0381,PROC_CJ_2022_0136_P
PROC_GC_2014_0495,PROC_CJ_2022_0137_P
PROC_GC_2021_0188,PROC_CJ_2022_0145_P
PROC_GC_2016_0693_P_RENV_RX,PROC_CJ_2022_0150_P
PROC_GC_2020_0684,PROC_CJ_2022_0152_P
PROC_GC_2020_0683,PROC_CJ_2022_0153_P
PROC_GC_2020_0682,PROC_CJ_2022_0154_P
PROC_GC_2019_0795,PROC_CJ_2022_0160_P
PROC_GC_2015_0263_RENV,PROC_CJ_2022_0163_P
PROC_GC_2020_0587,PROC_CJ_2022_0165_P
PROC_GC_2020_0224,PROC_CJ_2022_0168_P
PROC_GC_2020_0225,PROC_CJ_2022_0170_P
PROC_GC_2020_0619,PROC_CJ_2022_0171_P
PROC_GC_2020_0618,PROC_CJ_2022_0172_P
PROC_GC_2020_0573,PROC_CJ_2022_0173_P
PROC_GC_2017_0321,PROC_CJ_2022_0181_P
PROC_GC_2021_0160,PROC_CJ_2022_0187_P
PROC_GC_2020_0549,PROC_CJ_2022_0194_P
PROC_GC_2021_0736,PROC_CJ_2022_0195_P
PROC_GC_2021_0489,PROC_CJ_2022_0212_P_I
PROC_GC_2019_0610,PROC_CJ_2022_0221_P
PROC_GC_2021_0233,PROC_CJ_2022_0233_P
PROC_GC_2021_0725,PROC_CJ_2022_0236_P
PROC_GC_2016_0303,PROC_CJ_2022_0237_P
PROC_GC_2009_0286_RENV,PROC_CJ_2022_0240_P
PROC_GC_2021_0477,PROC_CJ_2022_0245_P_I
PROC_GC_2021_0209,PROC_CJ_2022_0247_P
PROC_GC_2017_0799,PROC_CJ_2022_0251_P
PROC_GC_2021_0459,PROC_CJ_2022_0253_P
PROC_GC_2018_0616,PROC_CJ_2022_0255_P
PROC_GC_2019_0027,PROC_CJ_2022_0256_P
PROC_GC_2018_0740,PROC_CJ_2022_0259_P
PROC_GC_2016_0868,PROC_CJ_2022_0262_P
PROC_GC_2021_0442,PROC_CJ_2022_0285_P
PROC_GC_2020_0556,PROC_CJ_2022_0291_P
PROC_GC_2019_0636,PROC_CJ_2022_0293_P
PROC_GC_2019_0636,PROC_CJ_2022_0293_P_DEP
PROC_GC_2022_0066,PROC_CJ_2022_0295_P
PROC_GC_2017_0834,PROC_CJ_2022_0297_P
PROC_GC_2019_0806,PROC_CJ_2022_0300_P
PROC_GC_2020_0727,PROC_CJ_2022_0306_P
PROC_GC_2021_0789,PROC_CJ_2022_0315_P
PROC_GC_2021_0808,PROC_CJ_2022_0317_P
PROC_GC_2021_0382,PROC_CJ_2022_0320_P
PROC_GC_2021_0431,PROC_CJ_2022_0324_P
PROC_GC_2021_0281,PROC_CJ_2022_0337_P
PROC_GC_2021_0252,PROC_CJ_2022_0338_P
PROC_GC_2021_0315,PROC_CJ_2022_0342_P
PROC_GC_2022_0128,PROC_CJ_2022_0357_P
PROC_GC_2020_0735,PROC_CJ_2022_0363_P
PROC_GC_2021_0035,PROC_CJ_2022_0383_P
PROC_GC_2020_0516,PROC_CJ_2022_0405_P
PROC_GC_2020_0327,PROC_CJ_2022_0419_P
PROC_GC_2020_0750,PROC_CJ_2022_0423_P
PROC_GC_2020_0718,PROC_CJ_2022_0440_P
PROC_GC_2021_0436,PROC_CJ_2022_0444_P
PROC_GC_2014_0423_RENV,PROC_CJ_2022_0445_P
PROC_GC_2021_0237,PROC_CJ_2022_0446_P
PROC_GC_2020_0392,PROC_CJ_2022_0447_P
PROC_GC_2017_0481,PROC_CJ_2022_0448_P
PROC_GC_2021_0710,PROC_CJ_2022_0458_P
PROC_GC_2021_0328,PROC_CJ_2022_0467_P
PROC_GC_2022_0170_R,PROC_CJ_2022_0478_P_R_R
PROC_GC_2022_0170_R,PROC_CJ_2022_0478_P_R
PROC_GC_2020_0384,PROC_CJ_2022_0479_P
PROC_GC_2022_0119_AJ,PROC_CJ_2022_0485_P
PROC_GC_2022_0120_AJ,PROC_CJ_2022_0486_P
PROC_GC_2022_0121_AJ,PROC_CJ_2022_0487_P
PROC_GC_2022_0122_AJ,PROC_CJ_2022_0488_P
PROC_GC_2022_0127_AJ,PROC_CJ_2022_0489_P
PROC_GC_2022_0139_AJ,PROC_CJ_2022_0490_P
PROC_GC_2022_0140_AJ,PROC_CJ_2022_0491_P
PROC_GC_2020_0151,PROC_CJ_2022_0494_P
PROC_GC_2022_0195,PROC_CJ_2022_0507_P
PROC_GC_2016_0913,PROC_CJ_2022_0512_P
PROC_GC_2020_0593,PROC_CJ_2022_0514_P
PROC_GC_2020_0601,PROC_CJ_2022_0515_P
PROC_GC_2020_0479,PROC_CJ_2022_0517_P
PROC_GC_2020_0296,PROC_CJ_2022_0524_P
PROC_GC_2022_0196_R,PROC_CJ_2022_0525_P_R
PROC_GC_2022_0193_R,PROC_CJ_2022_0526_P_R
PROC_GC_2021_0493,PROC_CJ_2022_0527_P
PROC_GC_2021_0253,PROC_CJ_2022_0534_P
PROC_GC_2017_0628,PROC_CJ_2022_0535_P
PROC_GC_2017_0510,PROC_CJ_2022_0539_P
PROC_GC_2017_0523,PROC_CJ_2022_0541_P
PROC_GC_2022_0240_R,PROC_CJ_2022_0542_P_R
PROC_GC_2022_0241_R,PROC_CJ_2022_0544_P_R
PROC_GC_2021_0704,PROC_CJ_2022_0550_P
PROC_GC_2017_0481,PROC_CJ_2022_0551_P
PROC_GC_2022_0280,PROC_CJ_2022_0552_P
PROC_GC_2019_0363,PROC_CJ_2022_0555_P
PROC_GC_2022_0064,PROC_CJ_2022_0559_P
PROC_GC_2022_0560,PROC_CJ_2022_0560_P
PROC_GC_2016_0531,PROC_CJ_2022_0567_P
PROC_GC_2020_0739,PROC_CJ_2022_0571_P
PROC_GC_2021_0334,PROC_CJ_2022_0572_P
PROC_GC_2020_0337,PROC_CJ_2022_0575_P
PROC_GC_2020_0337,PROC_CJ_2022_0575_P_REV
PROC_GC_2020_0502,PROC_CJ_2022_0577_P
PROC_GC_2019_0797,PROC_CJ_2022_0579_P
PROC_GC_2020_0083,PROC_CJ_2022_0580_P
PROC_GC_2019_0584,PROC_CJ_2022_0581_P
PROC_GC_2022_0292,PROC_CJ_2022_0586_P
PROC_GC_2020_0657,PROC_CJ_2022_0588_P
PROC_GC_2022_0287,PROC_CJ_2022_0592_P
PROC_GC_2021_0147,PROC_CJ_2022_0594_P
PROC_GC_2021_0129,PROC_CJ_2022_0595_P
PROC_GC_2021_0408,PROC_CJ_2022_0597_P
PROC_GC_2019_0388,PROC_CJ_2022_0600_P_R
PROC_GC_2019_0388,PROC_CJ_2022_0600_P
PROC_GC_2020_0306,PROC_CJ_2022_0605_P
PROC_GC_2021_0227,PROC_CJ_2022_0611_P
PROC_GC_2021_0227,PROC_CJ_2022_0625_P
PROC_GC_2021_0251,PROC_CJ_2022_0612_P
PROC_GC_2019_0864,PROC_CJ_2022_0615_P
PROC_GC_2021_0781,PROC_CJ_2022_0617_P_I
PROC_GC_2021_0782,PROC_CJ_2022_0618_P_I
PROC_GC_2022_0125,PROC_CJ_2022_0620_P
PROC_GC_2022_0376,PROC_CJ_2022_0637_P
PROC_GC_2021_0217,PROC_CJ_2022_0648_P
PROC_GC_2020_0470,PROC_CJ_2022_0680_P
PROC_GC_2022_0009,PROC_CJ_2022_0681_P
PROC_GC_2019_0744,PROC_CJ_2022_0688_P
PROC_GC_2019_0603,PROC_CJ_2022_0697_P
PROC_GC_2021_0705,PROC_CJ_2022_0702_P
PROC_GC_2020_0651,PROC_CJ_2022_0704_P
PROC_GC_2020_0751,PROC_CJ_2022_0705_P
PROC_GC_2019_0642,PROC_CJ_2022_0710_P
PROC_GC_2020_0091,PROC_CJ_2022_0712_P
PROC_GC_2021_0179,PROC_CJ_2022_0720_P
PROC_GC_2020_0775,PROC_CJ_2022_0721_P
PROC_GC_2019_0865,PROC_CJ_2022_0725_P
PROC_GC_2020_0371,PROC_CJ_2022_0726_P
PROC_GC_2021_0454,PROC_CJ_2022_0732_P
PROC_GC_2021_0624,PROC_CJ_2022_0735_P
PROC_GC_2021_0095,PROC_CJ_2022_0736_P
PROC_GC_2022_0281_R,PROC_CJ_2022_0739_P_R
PROC_GC_2021_0618,PROC_CJ_2022_0750_P
PROC_GC_2021_0222,PROC_CJ_2022_0751_P
PROC_GC_2022_0101,PROC_CJ_2022_0754_P
PROC_GC_2022_0001,PROC_CJ_2022_0764_P
PROC_GC_2022_0389,PROC_CJ_2022_0776_P
PROC_GC_2019_0502,PROC_CJ_2022_0777_P
PROC_GC_2021_0231,PROC_CJ_2022_0780_P
PROC_GC_2020_0475,PROC_CJ_2022_0781_P_R
PROC_GC_2020_0475,PROC_CJ_2022_0781_P
PROC_GC_2021_0273,PROC_CJ_2022_0783_P
PROC_GC_2017_0242_RENV,PROC_CJ_2022_0785_P_R
PROC_GC_2017_0242_RENV,PROC_CJ_2022_0785_P
PROC_GC_2017_0242_RENV,PROC_CJ_2022_0785_P_REC
PROC_GC_2017_0242_RENV,PROC_CJ_2022_0785_P_OST
PROC_GC_2020_0624,PROC_CJ_2022_0786_P
PROC_GC_2021_0081,PROC_CJ_2022_0787_P
PROC_GC_2021_0275,PROC_CJ_2022_0788_P
PROC_GC_2019_0850,PROC_CJ_2022_0797_P
PROC_GC_2020_0298,PROC_CJ_2023_0005_P
PROC_GC_2021_0668,PROC_CJ_2023_0009_P
PROC_GC_2022_0374,PROC_CJ_2023_0012_P
PROC_GC_2021_0610,PROC_CJ_2023_0015_P
PROC_GC_2022_0476,PROC_CJ_2023_0017_P
PROC_GC_2021_0158,PROC_CJ_2023_0026_P
PROC_GC_2019_0655,PROC_CJ_2023_0029_P
PROC_GC_2019_0667,PROC_CJ_2023_0031_P
PROC_GC_2021_0122,PROC_CJ_2023_0032_P
PROC_GC_2021_0672,PROC_CJ_2023_0038_P
PROC_GC_2020_0469,PROC_CJ_2023_0040_P
PROC_GC_2021_0678,PROC_CJ_2023_0042_P
PROC_GC_2022_0586,PROC_CJ_2023_0043_P
PROC_GC_2014_0316_RENV,PROC_CJ_2023_0044_P
PROC_GC_2020_0640,PROC_CJ_2023_0051_P
PROC_GC_2018_0101,PROC_CJ_2023_0059_P
PROC_GC_2021_0487,PROC_CJ_2023_0064_P
PROC_GC_2020_0275,PROC_CJ_2023_0070_P
PROC_GC_2020_0279,PROC_CJ_2023_0071_P
PROC_GC_2021_0182,PROC_CJ_2023_0072_P
PROC_GC_2020_0526,PROC_CJ_2023_0077_P
PROC_GC_2016_0698,PROC_CJ_2023_0090_P
PROC_GC_2021_0522,PROC_CJ_2023_0091_P
PROC_GC_2021_0487,PROC_CJ_2023_0093_P
PROC_GC_2021_0623,PROC_CJ_2023_0094_P
PROC_GC_2021_0769,PROC_CJ_2023_0095_P
PROC_GC_2021_0677,PROC_CJ_2023_0096_P
PROC_GC_2021_0709,PROC_CJ_2023_0097_P
PROC_GC_2022_0118,PROC_CJ_2023_0098_P
PROC_GC_2019_0275,PROC_CJ_2023_0099_P
PROC_GC_2019_0301,PROC_CJ_2023_0100_P
PROC_GC_2019_0330,PROC_CJ_2023_0101_P
PROC_GC_2020_0230,PROC_CJ_2023_0102_P
PROC_GC_2016_0698,PROC_CJ_2023_0103_P
PROC_GC_2021_0187,PROC_CJ_2023_0105_P
PROC_GC_2021_0490,PROC_CJ_2023_0106_P
PROC_GC_2020_0126,PROC_CJ_2023_0110_P
PROC_GC_2020_0143,PROC_CJ_2023_0112_P
PROC_GC_2022_0264,PROC_CJ_2023_0120_P
PROC_GC_2021_0127,PROC_CJ_2023_0121_P
PROC_GC_2021_0260,PROC_CJ_2023_0124_P
PROC_GC_2021_0306,PROC_CJ_2023_0127_P
PROC_GC_2018_0537,PROC_CJ_2023_0130_P
,PROC_CJ_2023_0136_P_I
PROC_GC_2021_0480,PROC_CJ_2023_0138_P
PROC_GC_2022_0726,PROC_CJ_2023_0139_P
,PROC_CJ_2023_0140_P_I
PROC_GC_2022_0170_R_RENV,PROC_CJ_2023_0141_P_R_R
PROC_GC_2022_0170_R_RENV,PROC_CJ_2023_0141_P_R
PROC_GC_2021_0346,PROC_CJ_2023_0142_P
PROC_GC_2022_0004,PROC_CJ_2023_0145_P
PROC_GC_2020_0680,PROC_CJ_2023_0153_P
PROC_GC_2021_0703,PROC_CJ_2023_0199_P
PROC_GC_2021_0805,PROC_CJ_2023_0218_P
PROC_GC_2021_0708,PROC_CJ_2023_0221_P
PROC_GC_2021_0538,PROC_CJ_2023_0224_P
PROC_GC_2020_0522,PROC_CJ_2023_0244_P
PROC_GC_2021_0354,PROC_CJ_2023_0249_P
PROC_GC_2021_0741,PROC_CJ_2023_0250_P
PROC_GC_2022_0081,PROC_CJ_2023_0252_P
PROC_GC_2020_0693,PROC_CJ_2023_0257_P
PROC_GC_2020_0301,PROC_CJ_2023_0261_P
PROC_GC_2020_0301,PROC_CJ_2023_0261_P_DEP
PROC_GC_2020_0742,PROC_CJ_2023_0262_P
PROC_GC_2020_0480,PROC_CJ_2023_0269_P
PROC_GC_2022_0008,PROC_CJ_2023_0270_P
PROC_GC_2022_0036,PROC_CJ_2023_0274_P
PROC_GC_2022_0037,PROC_CJ_2023_0275_P
PROC_GC_2022_0038,PROC_CJ_2023_0276_P
PROC_GC_2022_0025,PROC_CJ_2023_0280_P
PROC_GC_2021_0324,PROC_CJ_2023_0297_P
PROC_GC_2020_0094,PROC_CJ_2023_0306_P
PROC_GC_2021_0763,PROC_CJ_2023_0309_P
PROC_GC_2021_0727,PROC_CJ_2023_0317_P
PROC_GC_2022_0254,PROC_CJ_2023_0321_P
PROC_GC_2022_0567,PROC_CJ_2023_0340_P
PROC_GC_2022_0482,PROC_CJ_2023_0342_P
PROC_GC_2022_0005,PROC_CJ_2023_0345_P
PROC_GC_2019_0868,PROC_CJ_2023_0353_P
PROC_GC_2021_0576,PROC_CJ_2023_0355_P
PROC_GC_2021_0505,PROC_CJ_2023_0356_P
PROC_GC_2021_0575,PROC_CJ_2023_0357_P
PROC_GC_2021_0555,PROC_CJ_2023_0358_P
PROC_GC_2021_0545,PROC_CJ_2023_0359_P
PROC_GC_2021_0588,PROC_CJ_2023_0360_P
PROC_GC_2021_0577,PROC_CJ_2023_0361_P
PROC_GC_2021_0578,PROC_CJ_2023_0362_P
PROC_GC_2021_0535,PROC_CJ_2023_0363_P
PROC_GC_2021_0400,PROC_CJ_2023_0364_P
PROC_GC_2022_0026,PROC_CJ_2023_0366_P
PROC_GC_2023_0099,PROC_CJ_2023_0384_P
PROC_GC_2022_0035,PROC_CJ_2023_0406_P
PROC_GC_2020_0557,PROC_CJ_2023_0413_P
PROC_GC_2021_0054,PROC_CJ_2023_0415_P
PROC_GC_2021_0794,PROC_CJ_2023_0418_P
PROC_GC_2021_0249,PROC_CJ_2023_0430_P
PROC_GC_2022_0267,PROC_CJ_2023_0443_P
PROC_GC_2023_0126_R,PROC_CJ_2023_0456_P_R_R
PROC_GC_2023_0126_R,PROC_CJ_2023_0456_P_R
PROC_GC_2020_0312,PROC_CJ_2023_0464_P
PROC_GC_2020_0314,PROC_CJ_2023_0466_P
PROC_GC_2020_0318,PROC_CJ_2023_0469_P
PROC_GC_2022_0509,PROC_CJ_2023_0473_P
PROC_GC_2020_0320,PROC_CJ_2023_0484_P
PROC_GC_2020_0321,PROC_CJ_2023_0485_P
PROC_GC_2021_0268,PROC_CJ_2023_0490_P
PROC_GC_2021_0764,PROC_CJ_2023_0491_P
PROC_GC_2022_0218,PROC_CJ_2023_0495_P
PROC_GC_2021_0714,PROC_CJ_2023_0498_P
PROC_GC_2022_0047,PROC_CJ_2023_0500_P
PROC_GC_2022_0063,PROC_CJ_2023_0504_P
PROC_GC_2022_0495,PROC_CJ_2023_0520_P
PROC_GC_2022_0496,PROC_CJ_2023_0521_P
PROC_GC_2022_0771,PROC_CJ_2023_0522_P
PROC_GC_2022_0771,PROC_CJ_2023_0522_P_REC
PROC_GC_2022_0709,PROC_CJ_2023_0523_P_I
PROC_GC_2020_0650,PROC_CJ_2023_0528_P
PROC_GC_2021_0309,PROC_CJ_2023_0529_P
PROC_GC_2022_0541,PROC_CJ_2023_0533_P
PROC_GC_2021_0376,PROC_CJ_2023_0534_P
,PROC_CJ_2023_0535_P
PROC_GC_2020_0585,PROC_CJ_2023_0541_P
PROC_GC_2023_0276_R,PROC_CJ_2023_0545_P_R
PROC_GC_2017_0571_RENV,PROC_CJ_2023_0546_P
PROC_GC_2021_0131,PROC_CJ_2023_0547_P
PROC_GC_2023_0276,PROC_CJ_2023_0548_P
PROC_GC_2022_0628,PROC_CJ_2023_0552_P
PROC_GC_2022_0145,PROC_CJ_2023_0553_P
PROC_GC_2021_0126,PROC_CJ_2023_0554_P
PROC_GC_2020_0666,PROC_CJ_2023_0561_P
PROC_GC_2022_0743_R_III,PROC_CJ_2023_0564_P_R
PROC_GC_2022_0424,PROC_CJ_2023_0566_P
PROC_GC_2023_0090,PROC_CJ_2023_0571_P
PROC_GC_2023_0131,PROC_CJ_2023_0574_P
PROC_GC_2022_0034,PROC_CJ_2023_0579_P
PROC_GC_2022_0743_R_III,PROC_CJ_2023_0585_P_R
PROC_GC_2022_0786,PROC_CJ_2023_0586_P
PROC_GC_2021_0491,PROC_CJ_2023_0587_P
PROC_GC_2021_0591,PROC_CJ_2023_0597_P
PROC_GC_2021_0638,PROC_CJ_2023_0598_P
PROC_GC_2023_0256_R,PROC_CJ_2023_0604_P_R
PROC_GC_2023_0257_R,PROC_CJ_2023_0607_P_R
PROC_GC_2023_0258_R,PROC_CJ_2023_0608_P_R
PROC_GC_2023_0278_R,PROC_CJ_2023_0609_P_R
PROC_GC_2022_0315,PROC_CJ_2023_0611_P
PROC_GC_2022_0109,PROC_CJ_2023_0614_P
PROC_GC_2021_0244,PROC_CJ_2023_0621_P
PROC_GC_2023_0036,PROC_CJ_2023_0634_P_I
PROC_GC_2023_0367_R,PROC_CJ_2023_0639_P_R
PROC_GC_2023_0348,PROC_CJ_2023_0647_P_I
PROC_GC_2023_0013,PROC_CJ_2023_0651_P
PROC_GC_2022_0633,PROC_CJ_2023_0659_P
PROC_GC_2022_0473,PROC_CJ_2023_0670_P
PROC_GC_2022_0450,PROC_CJ_2023_0676_P_I
PROC_GC_2021_0526,PROC_CJ_2023_0681_P
PROC_GC_2020_0748,PROC_CJ_2023_0686_P
PROC_GC_2022_0312,PROC_CJ_2023_0688_P
PROC_GC_2022_0316,PROC_CJ_2023_0689_P
PROC_GC_2022_0523,PROC_CJ_2023_0690_P_I
PROC_GC_2022_0276,PROC_CJ_2023_0691_P
PROC_GC_2022_0524,PROC_CJ_2023_0693_P_I
PROC_GC_2022_0377,PROC_CJ_2023_0700_P
PROC_GC_2022_0252,PROC_CJ_2023_0702_P
PROC_GC_2022_0361,PROC_CJ_2023_0703_P
PROC_GC_2022_0616,PROC_CJ_2023_0707_P
PROC_GC_2022_0523,PROC_CJ_2023_0708_P
PROC_GC_2022_0524,PROC_CJ_2023_0709_P
PROC_GC_2023_0272,PROC_CJ_2023_0732_P
PROC_GC_2021_0407,PROC_CJ_2023_0768_P
PROC_GC_2021_0598,PROC_CJ_2023_0772_P
PROC_GC_2014_0826,PROC_CJ_2023_0776_P
PROC_GC_2023_0244,PROC_CJ_2023_0786_P
PROC_GC_2023_0048,PROC_CJ_2023_0787_P
PROC_GC_2022_0525,PROC_CJ_2023_0791_P
PROC_GC_2022_0526,PROC_CJ_2023_0792_P
PROC_GC_2022_0527,PROC_CJ_2023_0793_P
PROC_GC_2022_0714,PROC_CJ_2023_0804_P
PROC_GC_2023_0326,PROC_CJ_2024_0011_P
PROC_GC_2022_0299,PROC_CJ_2024_0012_P
PROC_GC_2023_0027,PROC_CJ_2024_0019_P
PROC_GC_2022_0039,PROC_CJ_2024_0032_P
PROC_GC_2021_0167,PROC_CJ_2024_0059_P
PROC_GC_2022_0600,PROC_CJ_2024_0062_P
PROC_GC_2020_0655,PROC_CJ_2024_0078_P
PROC_GC_2020_0656,PROC_CJ_2024_0079_P
PROC_GC_2023_1034,PROC_CJ_2024_0083_P
PROC_GC_2023_1119_R,PROC_CJ_2024_0089_P_R
PROC_GC_2023_1097_R,PROC_CJ_2024_0090_P_R
PROC_GC_2022_0779,PROC_CJ_2024_0102_P
PROC_GC_2022_0622,PROC_CJ_2024_0109_P
PROC_GC_2022_0409,PROC_CJ_2024_0114_P
PROC_GC_2023_0109,PROC_CJ_2024_0139_P
PROC_GC_2023_0108,PROC_CJ_2024_0148_P
PROC_GC_2022_0381,PROC_CJ_2024_0152_P
PROC_GC_2022_0382,PROC_CJ_2024_0153_P
PROC_GC_2022_0383,PROC_CJ_2024_0154_P
PROC_GC_2022_0221,PROC_CJ_2024_0165_P
PROC_GC_2023_1058,PROC_CJ_2024_0187_P
PROC_GC_2022_0504,PROC_CJ_2024_0207_P
PROC_GC_2022_0505,PROC_CJ_2024_0208_P
PROC_GC_2023_0417,PROC_CJ_2024_0217_P
PROC_GC_2023_0280,PROC_CJ_2024_0223_P
PROC_GC_2023_0529,PROC_CJ_2024_0233_P
PROC_GC_2021_0371,PROC_CJ_2024_0243_P
PROC_GC_2023_0266,PROC_CJ_2024_0248_P
PROC_GC_2021_0405,PROC_CJ_2024_0254_P
PROC_GC_2022_0353,PROC_CJ_2024_0256_P
PROC_GC_2022_0289,PROC_CJ_2024_0271_P
PROC_GC_2023_0505,PROC_CJ_2024_0295_P
PROC_GC_2023_0341,PROC_CJ_2024_0308_P
PROC_GC_2021_0361,PROC_CJ_2024_0314_P
PROC_GC_2023_1073,PROC_CJ_2024_0324_P
PROC_GC_2022_0117,PROC_CJ_2024_0326_P
PROC_GC_2023_1189_R,PROC_CJ_2024_0332_P_R
PROC_GC_2023_0279,PROC_CJ_2024_0333_P
PROC_GC_2023_0068,PROC_CJ_2024_0334_P
PROC_GC_2022_0652,PROC_CJ_2024_0335_P
PROC_GC_2023_0184,PROC_CJ_2024_0339_P
PROC_GC_2023_0552,PROC_CJ_2024_0344_P
PROC_GC_2022_0647,PROC_CJ_2024_0355_P
PROC_GC_2024_0033,PROC_CJ_2024_0360_P
PROC_GC_2022_0652,PROC_CJ_2024_0362_P
PROC_GC_2023_1101_R,PROC_CJ_2024_0397_P_R
PROC_GC_2023_0002,PROC_CJ_2024_0426_P
PROC_GC_2022_0654,PROC_CJ_2024_0439_P
PROC_GC_2023_0357,PROC_CJ_2024_0444_P
PROC_GC_2023_1097_R_RENV,PROC_CJ_2024_0470_P_R
PROC_GC_2023_0419,PROC_CJ_2024_0487_P
PROC_GC_2022_0757,PROC_CJ_2024_0502_P
PROC_GC_2022_0758,PROC_CJ_2024_0503_P
PROC_GC_2024_0138_R,PROC_CJ_2024_0511_P_R
PROC_GC_2023_0077,PROC_CJ_2024_0520_P
PROC_GC_2022_0777,PROC_CJ_2024_0538_P
PROC_GC_2023_1119_R_RENV,PROC_CJ_2024_0569_P_R
PROC_GC_2022_0831,PROC_CJ_2024_0576_P
PROC_GC_2023_0192,PROC_CJ_2024_0577_P
PROC_GC_2022_0597,PROC_CJ_2024_0578_P
PROC_GC_2024_0012,PROC_CJ_2024_0599_P_I
PROC_GC_2023_0050,PROC_CJ_2024_0607_P
PROC_GC_2023_0054,PROC_CJ_2024_0608_P
PROC_GC_2022_0624,PROC_CJ_2024_0614_P
PROC_GC_2024_0139_R,PROC_CJ_2024_0620_P_R
PROC_GC_2023_0582,PROC_CJ_2024_0628_P
PROC_GC_2021_0761,PROC_CJ_2024_0632_P_R
PROC_GC_2021_0807,PROC_CJ_2024_0700_P
PROC_GC_2024_0284_R,PROC_CJ_2024_0720_P_R
PROC_GC_2023_0145,PROC_CJ_2024_0774_P
PROC_GC_2023_0166,PROC_CJ_2024_0775_P
PROC_GC_2023_0073,PROC_CJ_2024_0800_P
PROC_GC_2022_0029,PROC_CJ_2024_0804_P
PROC_GC_2022_0644,PROC_CJ_2024_0805_P
PROC_GC_2024_0455_R,PROC_CJ_2024_0859_P_R
PROC_GC_2023_0554,PROC_CJ_2024_0871_P
PROC_GC_2024_0493_R,PROC_CJ_2024_0878_P_R
PROC_GC_2023_0136,PROC_CJ_2025_0006_P
PROC_GC_2022_0214,PROC_CJ_2025_0013_P
PROC_GC_2023_0346,PROC_CJ_2025_0016_P
PROC_GC_2023_0064,PROC_CJ_2025_0018_P
PROC_GC_2023_0544,PROC_CJ_2025_0021_P
PROC_GC_2023_0200,PROC_CJ_2025_0032_P
PROC_GC_2023_1159,PROC_CJ_2025_0034_P
PROC_GC_2023_0482,PROC_CJ_2025_0035_P
PROC_GC_2023_0524,PROC_CJ_2025_0044_P
PROC_GC_2023_1127,PROC_CJ_2025_0046_P
PROC_GC_2024_0069,PROC_CJ_2025_0049_P
PROC_GC_2021_0271,PROC_CJ_2025_0054_P_R
PROC_GC_2023_0447,PROC_CJ_2025_0134_P
PROC_GC_2024_0030,PROC_CJ_2025_0145_P
PROC_GC_2024_0011,PROC_CJ_2025_0146_P
PROC_GC_2023_0520,PROC_CJ_2025_0152_P
,PROC_CJ_2025_0178_P_I
PROC_GC_2022_0748,PROC_CJ_2025_0231_P
PROC_GC_2023_1064,PROC_CJ_2025_0247_P
PROC_GC_2023_1065,PROC_CJ_2025_0248_P
PROC_GC_2024_0451,PROC_CJ_2025_0306_P
PROC_GC_2023_0195,PROC_CJ_2025_0315_P
PROC_GC_2022_0249,PROC_CJ_2025_0338_P
PROC_CST_2005_0102,PROC_GC_2006_0223_P
PROC_CST_2005_0019,PROC_GC_2006_0247_P
PROC_CST_2005_0087,PROC_GC_2006_0250_P
PROC_CST_2005_0039,PROC_GC_2006_0252_P
PROC_CST_2005_0011,PROC_GC_2006_0253_P
PROC_CST_2005_0018,PROC_GC_2006_0262_P
PROC_CST_2005_0001,PROC_GC_2006_0404_P
PROC_CST_2006_0053,PROC_GC_2006_0413_P
PROC_CST_2006_0053,PROC_GC_2006_0413_P_DEP
PROC_CST_2005_0114,PROC_GC_2006_0414_P
PROC_CST_2005_0059,PROC_GC_2006_0415_P
PROC_CST_2005_0100,PROC_GC_2007_0020_P
PROC_CST_2005_0017,PROC_GC_2007_0040_P
PROC_CST_2005_0017,PROC_GC_2007_0040_P_REV
PROC_CST_2005_0022,PROC_GC_2007_0043_P
PROC_CST_2005_0122,PROC_GC_2007_0056_P
PROC_CST_2006_0010,PROC_GC_2007_0069_P
PROC_CST_2005_0092,PROC_GC_2007_0090_P
PROC_CST_2006_0003,PROC_GC_2007_0092_P
PROC_CST_2005_0042,PROC_GC_2007_0107_P
PROC_CST_2006_0142,PROC_GC_2007_0127_P
PROC_CST_2005_0030,PROC_GC_2007_0164_P
PROC_CST_2006_0059,PROC_GC_2007_0222_P
PROC_CST_2005_0082,PROC_GC_2007_0223_P
PROC_CST_2006_0071,PROC_GC_2007_0233_P
PROC_CST_2006_0002,PROC_GC_2007_0278_P
PROC_CST_2006_0002,PROC_GC_2007_0278_P_DEP
PROC_CST_2006_0097,PROC_GC_2007_0284_P
PROC_CST_2006_0027,PROC_GC_2007_0293_P
PROC_CST_2006_0049,PROC_GC_2007_0311_P
PROC_CST_2006_0038,PROC_GC_2007_0338_P
PROC_CST_2006_0026,PROC_GC_2007_0359_P
PROC_CST_2006_0146,PROC_GC_2007_0390_P
PROC_CST_2006_0111,PROC_GC_2007_0436_P
PROC_CST_2006_0107,PROC_GC_2007_0473_P
PROC_CST_2006_0115,PROC_GC_2007_0492_P
PROC_CST_2006_0112,PROC_GC_2007_0498_P_AJ
PROC_CST_2006_0112,PROC_GC_2007_0498_P
PROC_CST_2007_0023,PROC_GC_2008_0012_P
PROC_CST_2007_0023,PROC_GC_2008_0012_P_RENV_RX_AJ
PROC_CST_2007_0023,PROC_GC_2008_0012_P_RENV_RX
PROC_CST_2005_0040,PROC_GC_2008_0017_P
PROC_CST_2006_0040,PROC_GC_2008_0046_P
PROC_CST_2006_0040,PROC_GC_2008_0046_P_DEP
PROC_CST_2005_0067,PROC_GC_2008_0049_P
PROC_CST_2006_0034,PROC_GC_2008_0050_P
PROC_CST_2006_0109,PROC_GC_2008_0051_P
PROC_CST_2006_0110,PROC_GC_2008_0052_P
PROC_CST_2006_0122,PROC_GC_2008_0058_P
PROC_CST_2007_0019,PROC_GC_2008_0060_P_AJ
PROC_CST_2007_0019,PROC_GC_2008_0060_P
,PROC_GC_2008_0099_P_AJ
PROC_CST_2007_0110,PROC_GC_2008_0100_P_AJ
PROC_CST_2007_0110,PROC_GC_2008_0100_P
,PROC_GC_2008_0101_P_AJ
PROC_CST_2007_0027,PROC_GC_2008_0102_P
PROC_CST_2006_0073,PROC_GC_2008_0105_P
PROC_CST_2007_0021,PROC_GC_2008_0114_P
PROC_CST_2007_0021,PROC_GC_2008_0114_P_DEP
PROC_CST_2007_0049,PROC_GC_2008_0156_P
PROC_CST_2007_0031,PROC_GC_2008_0160_P
PROC_CST_2007_0055,PROC_GC_2008_0180_P
PROC_CST_2006_0046,PROC_GC_2008_0193_P
PROC_CST_2007_0073,PROC_GC_2008_0248_P
PROC_CST_2006_0119,PROC_GC_2008_0266_P
PROC_CST_2006_0119,PROC_GC_2008_0266_P_DEP
PROC_CST_2007_0078,PROC_GC_2008_0271_P
PROC_CST_2007_0105,PROC_GC_2008_0272_P
PROC_CST_2006_0074,PROC_GC_2008_0283_P
PROC_CST_2006_0074,PROC_GC_2008_0283_P_DEP
PROC_CST_2007_0079,PROC_GC_2008_0306_P
PROC_CST_2006_0123,PROC_GC_2008_0340_P
PROC_CST_2007_0097,PROC_GC_2008_0355_P
PROC_CST_2007_0005,PROC_GC_2008_0371_P
PROC_CST_2007_0108,PROC_GC_2008_0375_P
PROC_CST_2008_0001,PROC_GC_2008_0376_P
PROC_CST_2007_0076,PROC_GC_2008_0377_P
PROC_CST_2007_0103,PROC_GC_2008_0475_P
PROC_CST_2007_0022,PROC_GC_2008_0485_P
PROC_CST_2007_0051,PROC_GC_2008_0491_P
PROC_CST_2007_0135,PROC_GC_2008_0513_P
PROC_CST_2005_0044,PROC_GC_2008_0526_P
PROC_CST_2007_0074,PROC_GC_2008_0560_P
PROC_CST_2006_0049,PROC_GC_2008_0567_P
PROC_CST_2007_0090,PROC_GC_2008_0572_P
PROC_CST_2008_0048,PROC_GC_2008_0583_P
PROC_CST_2006_0133,PROC_GC_2009_0009_P
PROC_CST_2007_0087,PROC_GC_2009_0016_P
PROC_CST_2007_0087,PROC_GC_2009_0016_P_DEP
PROC_CST_2006_0041,PROC_GC_2009_0020_P
PROC_CST_2006_0041,PROC_GC_2009_0020_P_DEP
PROC_CST_2007_0018,PROC_GC_2009_0032_P
PROC_CST_2006_0136,PROC_GC_2009_0065_P
PROC_CST_2006_0148,PROC_GC_2009_0078_P
PROC_CST_2005_0052,PROC_GC_2009_0080_P
PROC_CST_2007_0034,PROC_GC_2009_0091_P
PROC_CST_2007_0098,PROC_GC_2009_0143_P
PROC_CST_2008_0042,PROC_GC_2009_0157_P
PROC_CST_2008_0042,PROC_GC_2009_0157_P_DEP
PROC_CST_2007_0070,PROC_GC_2009_0166_P
PROC_CST_2007_0070,PROC_GC_2009_0166_P_DEP
PROC_CST_2008_0038,PROC_GC_2009_0167_P
PROC_CST_2008_0051,PROC_GC_2009_0175_P
PROC_CST_2007_0146,PROC_GC_2009_0239_P
PROC_CST_2008_0027_RENV,PROC_GC_2009_0260_P
PROC_CST_2005_0005,PROC_GC_2009_0261_P
PROC_CST_2007_0065,PROC_GC_2009_0283_P
PROC_CST_2006_0138,PROC_GC_2009_0284_P
PROC_CST_2008_0073,PROC_GC_2009_0311_P
PROC_CST_2008_0073,PROC_GC_2009_0311_P_DEP
PROC_CST_2007_0134,PROC_GC_2009_0325_P
PROC_CST_2008_0039,PROC_GC_2009_0364_P
PROC_CST_2008_0062,PROC_GC_2009_0368_P
PROC_CST_2007_0086,PROC_GC_2009_0402_P
PROC_CST_2007_0086,PROC_GC_2009_0402_P_DEP
PROC_CST_2008_0009,PROC_GC_2009_0452_P
PROC_CST_2007_0139,PROC_GC_2009_0454_P
PROC_CST_2008_0029,PROC_GC_2009_0493_P_AJ
PROC_CST_2008_0029,PROC_GC_2009_0493_P
PROC_CST_2007_0102,PROC_GC_2009_0498_P
PROC_CST_2007_0102,PROC_GC_2009_0498_P_DEP
PROC_CST_2008_0033,PROC_GC_2009_0510_P_AJ
PROC_CST_2008_0033,PROC_GC_2009_0510_P
PROC_CST_2008_0003,PROC_GC_2009_0515_P
PROC_CST_2007_0122,PROC_GC_2009_0516_P
PROC_CST_2008_0094,PROC_GC_2010_0012_P
PROC_CST_2008_0055,PROC_GC_2010_0037_P
PROC_CST_2007_0070,PROC_GC_2010_0038_P
PROC_CST_2009_0011,PROC_GC_2010_0044_P
PROC_CST_2009_0011,PROC_GC_2010_0044_P_DEP
PROC_CST_2009_0017,PROC_GC_2010_0048_P
PROC_CST_2009_0054,PROC_GC_2010_0052_P
PROC_CST_2007_0083,PROC_GC_2010_0062_P
PROC_CST_2009_0008,PROC_GC_2010_0073_P
PROC_CST_2009_0092_R,PROC_GC_2010_0103_P_R
PROC_CST_2009_0092_R,PROC_GC_2010_0103_P_R_R
PROC_CST_2008_0089,PROC_GC_2010_0213_P
PROC_CST_2008_0102,PROC_GC_2010_0256_P
PROC_CST_2008_0102,PROC_GC_2010_0256_P_DEP
PROC_CST_2008_0030,PROC_GC_2010_0308_P
,PROC_GC_2010_0317_P_AJ
,PROC_GC_2010_0317_P
PROC_CST_2008_0035,PROC_GC_2010_0361_P
PROC_CST_2009_0078,PROC_GC_2010_0366_P
PROC_CST_2009_0078,PROC_GC_2010_0366_P_DEP
PROC_CST_2008_0097,PROC_GC_2010_0390_P
PROC_CST_2009_0103,PROC_GC_2010_0433_P
PROC_CST_2006_0139,PROC_GC_2010_0441_P
PROC_CST_2009_0091,PROC_GC_2010_0450_P
PROC_CST_2009_0091,PROC_GC_2010_0450_P_DEP
PROC_CST_2009_0052,PROC_GC_2010_0529_P_AJ
PROC_CST_2006_0020,PROC_GC_2010_0563_P
PROC_CST_2010_0002,PROC_GC_2010_0594_P
PROC_CST_2009_0009,PROC_GC_2011_0006_P
PROC_CST_2009_0060,PROC_GC_2011_0010_P
PROC_CST_2009_0082,PROC_GC_2011_0058_P
PROC_CST_2009_0080,PROC_GC_2011_0078_P
PROC_CST_2009_0065,PROC_GC_2011_0085_P
PROC_CST_2009_0065,PROC_GC_2011_0085_P_DEP
PROC_CST_2010_0025,PROC_GC_2011_0098_P
PROC_CST_2008_0087,PROC_GC_2011_0107_P
PROC_CST_2008_0088,PROC_GC_2011_0108_P
PROC_CST_2010_0001,PROC_GC_2011_0126_P
PROC_CST_2010_0001,PROC_GC_2011_0126_P_DEP
PROC_CST_2009_0077,PROC_GC_2011_0184_P
PROC_CST_2007_0121,PROC_GC_2011_0197_P
PROC_CST_2007_0121,PROC_GC_2011_0198_P_DEP
PROC_CST_2007_0132,PROC_GC_2011_0199_P
PROC_CST_2007_0132,PROC_GC_2011_0199_P_REV
PROC_CST_2009_0052,PROC_GC_2011_0212_P_AJ
PROC_CST_2010_0095,PROC_GC_2011_0213_P_I
PROC_CST_2009_0068,PROC_GC_2011_0228_P
PROC_CST_2010_0034,PROC_GC_2011_0234_P
PROC_CST_2010_0034,PROC_GC_2011_0234_P_RENV_RX
PROC_CST_2009_0081,PROC_GC_2011_0238_P
PROC_CST_2009_0081,PROC_GC_2011_0238_P_DEP
PROC_CST_2009_0059,PROC_GC_2011_0264_P
PROC_CST_2007_0120,PROC_GC_2011_0268_P
PROC_CST_2010_0028,PROC_GC_2011_0274_P
PROC_CST_2009_0104,PROC_GC_2011_0281_P
PROC_CST_2010_0021,PROC_GC_2011_0286_P
PROC_CST_2010_0021,PROC_GC_2011_0286_P_DEP
PROC_CST_2010_0038,PROC_GC_2011_0317_P
PROC_CST_2010_0045,PROC_GC_2011_0365_P
PROC_CST_2011_0013_AJ,PROC_GC_2011_0373_P
PROC_CST_2010_0059,PROC_GC_2011_0398_P
PROC_CST_2009_0050,PROC_GC_2011_0401_P
PROC_CST_2009_0050,PROC_GC_2011_0401_P_RENV_RX
PROC_CST_2009_0050,PROC_GC_2011_0401_P_DEP
PROC_CST_2010_0049,PROC_GC_2011_0418_P
PROC_CST_2009_0083,PROC_GC_2011_0455_P
PROC_CST_2010_0067,PROC_GC_2011_0475_P
PROC_CST_2010_0067,PROC_GC_2011_0475_P_DEP
PROC_CST_2010_0055,PROC_GC_2011_0476_P
PROC_CST_2010_0014,PROC_GC_2011_0491_P
PROC_CST_2010_0014,PROC_GC_2011_0491_P_DEP
PROC_CST_2010_0116,PROC_GC_2011_0519_P
PROC_CST_2009_0012,PROC_GC_2011_0595_P
PROC_CST_2009_0100,PROC_GC_2011_0597_P
PROC_CST_2010_0069,PROC_GC_2011_0616_P
PROC_CST_2010_0069,PROC_GC_2011_0616_P_DEP
PROC_CST_2010_0013,PROC_GC_2011_0618_P
PROC_CST_2010_0098,PROC_GC_2011_0622_P
PROC_CST_2005_0056,PROC_GC_2011_0630_P
PROC_CST_2010_0072,PROC_GC_2011_0634_P
PROC_CST_2005_0070,PROC_GC_2011_0641_P
PROC_CST_2005_0093,PROC_GC_2011_0642_P
PROC_CST_2010_0074,PROC_GC_2011_0644_P
PROC_CST_2010_0121,PROC_GC_2011_0645_P
PROC_CST_2009_0005,PROC_GC_2012_0002_P
PROC_CST_2010_0119,PROC_GC_2012_0039_P
PROC_CST_2005_0044_RENV,PROC_GC_2012_0065_P
PROC_CST_2008_0051_RENV,PROC_GC_2012_0095_P
PROC_CST_2011_0023,PROC_GC_2012_0167_P
PROC_CST_2011_0003,PROC_GC_2012_0207_P
PROC_CST_2011_0003,PROC_GC_2012_0207_P_DEP
PROC_CST_2009_0052,PROC_GC_2012_0322_P_AJ
PROC_CST_2011_0041,PROC_GC_2012_0347_P_AJ
PROC_CST_2011_0041,PROC_GC_2012_0347_P
PROC_CST_2011_0022,PROC_GC_2012_0358_P
PROC_CST_2011_0063,PROC_GC_2012_0368_P
PROC_CST_2011_0054,PROC_GC_2012_0406_P_AJ
PROC_CST_2011_0054,PROC_GC_2012_0406_P
PROC_CST_2012_0057_R,PROC_GC_2012_0464_P_R
PROC_CST_2009_0096,PROC_GC_2012_0506_P_AJ
PROC_CST_2009_0096,PROC_GC_2012_0506_P
PROC_CST_2010_0051,PROC_GC_2012_0529_P
PROC_CST_2010_0041,PROC_GC_2012_0530_P
PROC_CST_2006_0041_RENV,PROC_GC_2013_0020_P
PROC_CST_2006_0041_RENV,PROC_GC_2013_0020_P_DEP
PROC_CST_2011_0075,PROC_GC_2013_0031_P
PROC_CST_2011_0120,PROC_GC_2013_0032_P
PROC_CST_2012_0045,PROC_GC_2013_0059_P
PROC_CST_2011_0090,PROC_GC_2013_0083_P
PROC_CST_2011_0076,PROC_GC_2013_0086_P
PROC_CST_2011_0076,PROC_GC_2013_0086_P_DEP
PROC_CST_2009_0088,PROC_GC_2013_0088_P
PROC_CST_2011_0107,PROC_GC_2013_0094_P
PROC_CST_2010_0122,PROC_GC_2013_0103_P
PROC_CST_2010_0112,PROC_GC_2013_0107_P
PROC_CST_2011_0077,PROC_GC_2013_0113_P
PROC_CST_2010_0043,PROC_GC_2013_0114_P
PROC_CST_2011_0070,PROC_GC_2013_0116_P
PROC_CST_2011_0070,PROC_GC_2013_0116_P_DEP
PROC_CST_2011_0042,PROC_GC_2013_0130_P
PROC_CST_2011_0027,PROC_GC_2013_0174_P
PROC_CST_2006_0020_RENV,PROC_GC_2013_0200_P
PROC_CST_2012_0092,PROC_GC_2013_0203_P
PROC_CST_2012_0095,PROC_GC_2013_0204_P
PROC_CST_2012_0100,PROC_GC_2013_0205_P
PROC_CST_2012_0067,PROC_GC_2013_0226_P
PROC_CST_2011_0113,PROC_GC_2013_0229_P
PROC_CST_2011_0113,PROC_GC_2013_0229_P_DEP
PROC_CST_2011_0094,PROC_GC_2013_0269_P
PROC_CST_2012_0131,PROC_GC_2013_0283_P
PROC_CST_2012_0017,PROC_GC_2013_0284_P
PROC_CST_2012_0017,PROC_GC_2013_0284_P_DEP
PROC_CST_2010_0091,PROC_GC_2013_0288_P
PROC_CST_2011_0111,PROC_GC_2013_0304_P
PROC_CST_2011_0088,PROC_GC_2013_0352_P
PROC_CST_2011_0056,PROC_GC_2013_0356_P
PROC_CST_2011_0056,PROC_GC_2013_0356_P_DEP
PROC_CST_2012_0087,PROC_GC_2013_0373_P
PROC_CST_2012_0004,PROC_GC_2013_0385_P
PROC_CST_2012_0004,PROC_GC_2013_0385_P_DEP
PROC_CST_2012_0021,PROC_GC_2013_0430_P
PROC_CST_2011_0067,PROC_GC_2013_0436_P
PROC_CST_2011_0102,PROC_GC_2013_0437_P
PROC_CST_2011_0141,PROC_GC_2013_0438_P
PROC_CST_2011_0135,PROC_GC_2013_0444_P
PROC_CST_2011_0119,PROC_GC_2013_0446_P
PROC_CST_2011_0143,PROC_GC_2013_0447_P
PROC_CST_2011_0143,PROC_GC_2013_0447_P_DEP
PROC_CST_2012_0009,PROC_GC_2013_0457_P
PROC_CST_2011_0100,PROC_GC_2013_0468_P
PROC_CST_2012_0115,PROC_GC_2013_0485_P
PROC_CST_2012_0028,PROC_GC_2013_0486_P
PROC_CST_2012_0032,PROC_GC_2013_0503_P
PROC_CST_2011_0044,PROC_GC_2013_0504_P
PROC_CST_2010_0111,PROC_GC_2013_0512_P
PROC_CST_2011_0092,PROC_GC_2013_0619_P
PROC_CST_2013_0031,PROC_GC_2013_0652_P
PROC_CST_2012_0116,PROC_GC_2013_0653_P
PROC_CST_2012_0116,PROC_GC_2013_0653_P_DEP
PROC_CST_2012_0038,PROC_GC_2013_0658_P
PROC_CST_2011_0069,PROC_GC_2013_0663_P
PROC_CST_2012_0097,PROC_GC_2013_0669_P
PROC_CST_2012_0093,PROC_GC_2013_0670_P
PROC_CST_2012_0127,PROC_GC_2013_0698_P
PROC_CST_2012_0145,PROC_GC_2013_0699_P
PROC_CST_2012_0039,PROC_GC_2014_0007_P
PROC_CST_2012_0014,PROC_GC_2014_0026_P
PROC_CST_2012_0124,PROC_GC_2014_0034_P_AJ
PROC_CST_2012_0148,PROC_GC_2014_0035_P_AJ
PROC_CST_2011_0080,PROC_GC_2014_0039_P
PROC_CST_2012_0094,PROC_GC_2014_0057_P
PROC_CST_2011_0130,PROC_GC_2014_0104_P
PROC_CST_2011_0130,PROC_GC_2014_0104_P_INTP
PROC_CST_2012_0125,PROC_GC_2014_0127_P
PROC_CST_2010_0015,PROC_GC_2014_0129_P
PROC_CST_2010_0015,PROC_GC_2014_0129_P_DEP
PROC_CST_2011_0142,PROC_GC_2014_0130_P
PROC_CST_2011_0117,PROC_GC_2014_0131_P
PROC_CST_2012_0003,PROC_GC_2014_0133_P
PROC_CST_2012_0058,PROC_GC_2014_0146_P
PROC_CST_2012_0133,PROC_GC_2014_0147_P
PROC_CST_2013_0002,PROC_GC_2014_0148_P
PROC_CST_2013_0029,PROC_GC_2014_0231_P
PROC_CST_2012_0073,PROC_GC_2014_0240_P
PROC_CST_2012_0083,PROC_GC_2014_0241_P
PROC_CST_2013_0032,PROC_GC_2014_0261_P
PROC_CST_2011_0118,PROC_GC_2014_0324_P
PROC_CST_2011_0118,PROC_GC_2014_0324_P_DEP
PROC_CST_2012_0114,PROC_GC_2014_0330_P
PROC_CST_2012_0128,PROC_GC_2014_0342_P
PROC_CST_2013_0059,PROC_GC_2014_0457_P
PROC_CST_2012_0081,PROC_GC_2014_0464_P
PROC_CST_2013_0034,PROC_GC_2014_0515_P
PROC_CST_2013_0088,PROC_GC_2014_0533_P
PROC_CST_2013_0046,PROC_GC_2014_0556_P
PROC_CST_2013_0114,PROC_GC_2014_0665_P
PROC_CST_2013_0026,PROC_GC_2014_0683_P
PROC_CST_2012_0160,PROC_GC_2014_0696_P
PROC_CST_2013_0091,PROC_GC_2014_0782_P
PROC_CST_2012_0026,PROC_GC_2014_0787_P
PROC_CST_2013_0101,PROC_GC_2014_0792_P
PROC_CST_2008_0055_RENV,PROC_GC_2014_0848_P
PROC_CST_2009_0059_RENV,PROC_GC_2014_0849_P
PROC_CST_2011_0052,PROC_GC_2015_0010_P
PROC_CST_2012_0002,PROC_GC_2015_0026_P
PROC_CST_2012_0002,PROC_GC_2015_0027_P
PROC_CST_2011_0063_RENV,PROC_GC_2015_0080_P
PROC_CST_2014_0001,PROC_GC_2015_0152_P
PROC_CST_2013_0097,PROC_GC_2015_0196_P_AJ
PROC_CST_2013_0097,PROC_GC_2015_0196_P
PROC_CST_2015_0005,PROC_GC_2015_0211_P
PROC_CST_2014_0024,PROC_GC_2015_0271_P
PROC_CST_2014_0051,PROC_GC_2015_0278_P
PROC_CST_2014_0038,PROC_GC_2015_0297_P
PROC_CST_2013_0124,PROC_GC_2015_0309_P
PROC_CST_2012_0087_RENV,PROC_GC_2015_0328_P
PROC_CST_2014_0072,PROC_GC_2015_0357_P
PROC_CST_2012_0078,PROC_GC_2015_0366_P
PROC_CST_2012_0159,PROC_GC_2015_0370_P
PROC_CST_2011_0045,PROC_GC_2015_0377_P
PROC_CST_2011_0128,PROC_GC_2015_0378_P
PROC_CST_2012_0037,PROC_GC_2015_0379_P
PROC_CST_2012_0082,PROC_GC_2015_0380_P
PROC_CST_2012_0159,PROC_GC_2015_0395_P
PROC_CST_2014_0044,PROC_GC_2015_0410_P
PROC_CST_2014_0078,PROC_GC_2015_0472_P
PROC_CST_2014_0005,PROC_GC_2015_0493_P
PROC_CST_2013_0027,PROC_GC_2015_0496_P
PROC_CST_2014_0067,PROC_GC_2015_0520_P
PROC_CST_2013_0064,PROC_GC_2015_0532_P
PROC_CST_2015_0035,PROC_GC_2015_0557_P
PROC_CST_2014_0109,PROC_GC_2015_0560_P
PROC_CST_2015_0021,PROC_GC_2015_0682_P
PROC_CST_2014_0092,PROC_GC_2015_0684_P
PROC_CST_2012_0014_RENV,PROC_GC_2015_0688_P
PROC_CST_2014_0083,PROC_GC_2015_0698_P
PROC_CST_2014_0073,PROC_GC_2015_0719_P
PROC_CST_2013_0113,PROC_GC_2015_0730_P
PROC_CST_2014_0119,PROC_GC_2015_0734_P
PROC_CST_2013_0106,PROC_GC_2015_0742_P
PROC_CST_2011_0045,PROC_GC_2016_0055_P
PROC_CST_2014_0009,PROC_GC_2016_0059_P
PROC_CST_2013_0055,PROC_GC_2016_0060_P
PROC_CST_2013_0104,PROC_GC_2016_0070_P
PROC_CST_2012_0082,PROC_GC_2016_0071_P
PROC_CST_2012_0037,PROC_GC_2016_0073_P
PROC_CST_2011_0128,PROC_GC_2016_0075_P
PROC_CST_2014_0101,PROC_GC_2016_0089_P
PROC_CST_2015_0056,PROC_GC_2016_0148_P
PROC_CST_2015_0107,PROC_GC_2016_0157_P
PROC_CST_2015_0066,PROC_GC_2016_0158_P
PROC_CST_2015_0003,PROC_GC_2016_0232_P
PROC_CST_2015_0060,PROC_GC_2016_0233_P
PROC_CST_2015_0044,PROC_GC_2016_0250_P
PROC_CST_2015_0023,PROC_GC_2016_0270_P
PROC_CST_2015_0023,PROC_GC_2016_0270_P_DEP
PROC_CST_2013_0079,PROC_GC_2016_0297_P
PROC_CST_2015_0041_DISS_II,PROC_GC_2016_0334_P
PROC_CST_2015_0077,PROC_GC_2016_0338_P
PROC_CST_2012_0009_RENV,PROC_GC_2016_0446_P
PROC_CST_2015_0121,PROC_GC_2016_0455_P
PROC_CST_2015_0133,PROC_GC_2016_0464_P
PROC_CST_2015_0040,PROC_GC_2016_0639_P
PROC_CST_2011_0142_RENV,PROC_GC_2016_0646_P
PROC_CST_2011_0142_RENV,PROC_GC_2016_0646_P_RENV_RX
PROC_CST_2015_0136,PROC_GC_2016_0652_P
PROC_CST_2015_0100,PROC_GC_2016_0666_P
PROC_CST_2015_0113,PROC_GC_2016_0667_P
PROC_CST_2015_0112,PROC_GC_2016_0668_P
PROC_CST_2015_0082,PROC_GC_2016_0669_P
PROC_CST_2015_0124,PROC_GC_2016_0678_P
PROC_CST_2015_0068,PROC_GC_2016_0686_P
PROC_CST_2015_0149,PROC_GC_2016_0693_P
PROC_CST_2015_0149,PROC_GC_2016_0693_P_RENV_RX
PROC_CST_2015_0104,PROC_GC_2016_0695_P
PROC_CST_2015_0147,PROC_GC_2016_0699_P
PROC_CST_2015_0091,PROC_GC_2016_0701_P
PROC_CST_2015_0126,PROC_GC_2016_0702_P
PROC_CST_2016_0001,PROC_GC_2016_0705_P
PROC_CST_2015_0125,PROC_GC_2016_0706_P
PROC_CST_2011_0134,PROC_GC_2016_0724_P
PROC_GC_2017_0326,PROC_CJ_2022_0367_P
PROC_GC_2017_0338,PROC_CJ_2022_0369_P
PROC_GC_2017_0337,PROC_CJ_2022_0370_P
PROC_GC_2017_0344,PROC_CJ_2022_0375_P
PROC_GC_2017_0341,PROC_CJ_2022_0378_P
PROC_GC_2017_0350,PROC_CJ_2022_0379_P
PROC_GC_2017_0342,PROC_CJ_2022_0380_P
PROC_GC_2017_0340,PROC_CJ_2022_0381_P
PROC_GC_2017_0343,PROC_CJ_2022_0382_P
PROC_GC_2017_0325,PROC_CJ_2022_0385_P
PROC_GC_2017_0323,PROC_CJ_2022_0386_P
PROC_GC_2017_0334,PROC_CJ_2022_0401_P
PROC_GC_2017_0324,PROC_CJ_2022_0403_P
PROC_GC_2018_0280,PROC_CJ_2022_0602_P
PROC_GC_2020_0606,PROC_CJ_2023_0281_P
PROC_GC_2021_0235,PROC_CJ_2023_0294_P
PROC_GC_2021_0201,PROC_CJ_2023_0540_P
PROC_GC_2021_0272,PROC_CJ_2023_0572_P
PROC_GC_2021_0600,PROC_CJ_2023_0679_P
PROC_GC_2022_0293,PROC_CJ_2023_0727_P
PROC_GC_2021_0450,PROC_CJ_2023_0729_P
PROC_GC_2022_0706,PROC_CJ_2023_0731_P
PROC_GC_2022_0721,PROC_CJ_2023_0803_P
PROC_GC_2022_0588,PROC_CJ_2023_0806_P
PROC_GC_2020_0402,PROC_CJ_2023_0811_P
PROC_GC_2022_0170_R_RENV,PROC_CJ_2023_0141_P
PROC_GC_2021_0074,PROC_CJ_2024_0002_P
PROC_GC_2021_0688,PROC_CJ_2024_0004_P
PROC_GC_2022_0718,PROC_CJ_2024_0009_P
PROC_GC_2022_0722,PROC_CJ_2024_0013_P
PROC_GC_2021_0613,PROC_CJ_2024_0075_P
PROC_GC_2020_0513,PROC_CJ_2024_0124_P
PROC_GC_2020_0514,PROC_CJ_2024_0126_P
PROC_GC_2022_0136,PROC_CJ_2024_0136_P
PROC_GC_2022_0369,PROC_CJ_2024_0137_P
PROC_GC_2023_0143,PROC_CJ_2024_0146_P
PROC_GC_2022_0536,PROC_CJ_2024_0316_P
PROC_GC_2018_0623,PROC_CJ_2024_0385_P
PROC_GC_2022_0471,PROC_CJ_2024_0494_P
PROC_GC_2022_0188,PROC_CJ_2024_0548_P
PROC_GC_2022_0191,PROC_CJ_2024_0550_P
PROC_GC_2022_0189,PROC_CJ_2024_0552_P
PROC_GC_2022_0200,PROC_CJ_2024_0554_P
PROC_GC_2022_0182,PROC_CJ_2024_0556_P
PROC_GC_2022_0288,PROC_CJ_2024_0572_P
PROC_GC_2023_0370,PROC_CJ_2024_0779_P
PROC_GC_2022_0271,PROC_CJ_2025_0270_P
PROC_GC_2023_0247,PROC_CJ_2025_0272_P
PROC_GC_2023_1066,PROC_CJ_2025_0303_P
PROC_GC_2024_0197,PROC_CJ_2025_0305_P
PROC_GC_2023_0442,PROC_CJ_2025_0365_P
PROC_GC_2024_0242,PROC_CJ_2025_0411_P
PROC_GC_2020_0679,PROC_CJ_2025_0432_P
PROC_GC_2025_0206,PROC_CJ_2025_0436_P
PROC_GC_2024_0452,PROC_CJ_2025_0450_P
PROC_GC_2023_1060,PROC_CJ_2025_0531_P
PROC_GC_2023_1061,PROC_CJ_2025_0532_P
,PROC_CJ_2025_0545_P_I
PROC_GC_2025_0421_R,PROC_CJ_2025_0590_P_R
PROC_GC_2023_1103,PROC_CJ_2025_0597_P
PROC_GC_2023_1104,PROC_CJ_2025_0598_P
PROC_GC_2024_0121,PROC_CJ_2025_0619_P
PROC_GC_2024_0128,PROC_CJ_2025_0620_P
,PROC_CJ_2025_0742_P_I
,PROC_CJ_2002_0198_P_R_DEP
PROC_GC_2002_0160,PROC_CJ_2005_0311_P_DEP
PROC_CST_2005_0017,PROC_GC_2007_0040_P_DEP
PROC_CST_2007_0070,PROC_GC_2010_0038_P_DEP
PROC_CST_2007_0122,PROC_GC_2009_0516_P_DEP
PROC_CST_2008_0003,PROC_GC_2009_0515_P_DEP
PROC_CST_2007_0146,PROC_GC_2009_0239_P_DEP
PROC_CST_2007_0018,PROC_GC_2009_0032_P_DEP
PROC_CST_2006_0133,PROC_GC_2009_0009_P_DEP
PROC_CST_2010_0045,PROC_GC_2011_0365_P_REC
PROC_GC_2015_0434,PROC_CJ_2019_0506_P
PROC_GC_2018_0604,PROC_CJ_2022_0738_P
PROC_GC_2013_0680,PROC_CJ_2018_0603_P_DEP
PROC_GC_2017_0186,PROC_CJ_2018_0763_P_DEP
PROC_GC_2021_0034,PROC_CJ_2023_0457_P
PROC_GC_2020_0451,PROC_CJ_2023_0497_P
PROC_GC_2020_0452,PROC_CJ_2023_0496_P
PROC_GC_2021_0494,PROC_CJ_2024_0193_P
PROC_GC_2021_0216,PROC_CJ_2024_0192_P
PROC_GC_2021_0494,PROC_CJ_2024_0167_P
PROC_GC_2021_0216,PROC_CJ_2024_0166_P
PROC_GC_2022_0395,PROC_CJ_2024_0536_P
PROC_GC_2022_0395,PROC_CJ_2024_0529_P
PROC_GC_2022_0530,PROC_CJ_2024_0555_P
PROC_GC_2023_0410,PROC_CJ_2024_0705_P
PROC_GC_2021_0761,PROC_CJ_2024_0632_P
PROC_GC_2019_0671,PROC_CJ_2024_0819_P
PROC_GC_2024_0143,PROC_CJ_2024_0777_P
PROC_GC_2022_0113,PROC_CJ_2023_0343_P
PROC_GC_2022_0334,PROC_CJ_2025_0269_P
PROC_GC_2017_0242_RENV_OP,PROC_CJ_2024_0881_P
PROC_GC_2022_0578,PROC_CJ_2023_0698_P
PROC_GC_2019_0334,PROC_CJ_2024_0826_P
PROC_GC_2022_0333,PROC_CJ_2024_0111_P
PROC_GC_2022_0282,PROC_CJ_2024_0035_P
PROC_GC_2022_0305,PROC_CJ_2023_0711_P
PROC_GC_2022_0335,PROC_CJ_2023_0704_P
PROC_GC_2022_0270,PROC_CJ_2023_0696_P
PROC_GC_2023_0480,PROC_CJ_2024_0897_P
PROC_GC_2022_0563,PROC_CJ_2024_0209_P
PROC_GC_2022_0406,PROC_CJ_2024_0585_P
PROC_GC_2022_0406,PROC_CJ_2024_0537_P
PROC_GC_2022_0411,PROC_CJ_2024_0454_P
PROC_GC_2022_0367,PROC_CJ_2024_0836_P
PROC_GC_2022_0788,PROC_CJ_2024_0835_P
PROC_GC_2021_0274,PROC_CJ_2025_0055_P
PROC_GC_2021_0271,PROC_CJ_2025_0054_P
PROC_GC_2021_0302,PROC_CJ_2025_0048_P
PROC_GC_2021_0189,PROC_CJ_2025_0038_P
PROC_GC_2022_0797,PROC_CJ_2024_0865_P
PROC_GC_2020_0364,PROC_CJ_2024_0337_P
PROC_GC_2020_0776,PROC_CJ_2023_0728_P
