actor_id,index,entry_type,description,position_type,start_year,end_year
ACT_EU_INST_CJEU_JUDG_AG_IT_MAN,1,position,"Titular Professor of Labour Law at Urbino, Bologna, and Rome",academic,,
ACT_EU_INST_CJEU_JUDG_AG_IT_MAN,2,position,Titular Professor of Comparative Private Law at Bologna,academic,,
ACT_EU_INST_CJEU_JUDG_AG_IT_MAN,3,membership,Member of the High Council of the Judiciary,,1976,1981
ACT_EU_INST_CJEU_JUDG_AG_IT_MAN,4,position,Advocate General at the Court of Justice,lawyer,1982,1988
ACT_EU_INST_CJEU_JUDG_AG_IT_MAN,5,position,Judge at the Court of Justice,judge,1988,1999
ACT_EU_INST_CJEU_JUDG_AG_IE_FEN,1,degree,"MA in Economics from University College, Dublin",,,
ACT_EU_INST_CJEU_JUDG_AG_IE_FEN,2,position,Barrister-at-Law,lawyer,,
ACT_EU_INST_CJEU_JUDG_AG_IE_FEN,3,position,Senior Counsel,lawyer,,
ACT_EU_INST_CJEU_JUDG_AG_IE_FEN,4,position,Chairman of the Legal Aid Board,other,,
ACT_EU_INST_CJEU_JUDG_AG_IE_FEN,5,position,Chairman of the Bar Council,other,,
ACT_EU_INST_CJEU_JUDG_AG_IE_FEN,6,position,Advocate General at the Court of Justice,judge,1995,2000
ACT_EU_INST_CJEU_JUDG_AG_UK_WAR,1,position,Joined British Army,other,1943,
ACT_EU_INST_CJEU_JUDG_AG_UK_WAR,2,position,Commissioned into the Rifle Brigade,other,,
ACT_EU_INST_CJEU_JUDG_AG_UK_WAR,3,position,Served in Europe and Asia,other,,
ACT_EU_INST_CJEU_JUDG_AG_UK_WAR,4,position,Ended military career as Acting Major,other,,1947
ACT_EU_INST_CJEU_JUDG_AG_UK_WAR,5,degree,"B. A., 1st in Law Tripos Pt. II",,,1948
ACT_EU_INST_CJEU_JUDG_AG_UK_WAR,6,membership,Called to the Bar by Lincoln's Inn,,1950,
ACT_EU_INST_CJEU_JUDG_AG_UK_WAR,7,position,Practised at the Chancery Bar,lawyer,1950,1972
ACT_EU_INST_CJEU_JUDG_AG_UK_WAR,8,membership,Bencher of Lincoln's Inn,,1966,
ACT_EU_INST_CJEU_JUDG_AG_UK_WAR,9,position,"Councillor, Royal Borough of Kensington",politician,1959,1968
ACT_EU_INST_CJEU_JUDG_AG_UK_WAR,10,position,Director of Warner & Sons Ltd and subsidiaries,other,1952,1970
ACT_EU_INST_CJEU_JUDG_AG_UK_WAR,11,distinction,Queen's Counsel,,1972,
ACT_EU_INST_CJEU_JUDG_AG_UK_WAR,12,position,Advocate General at the Court of Justice,judge,1973,1981
ACT_EU_INST_CJEU_JUDG_AG_LU_SPI,1,degree,Graduated in law from the Catholic University of Louvain,,1988,
ACT_EU_INST_CJEU_JUDG_AG_LU_SPI,2,degree,"Master of Laws from Fitzwilliam College, University of Cambridge",,1990,
ACT_EU_INST_CJEU_JUDG_AG_LU_SPI,3,position,Practised as a lawyer at the Luxembourg Bar,lawyer,1989,2004
ACT_EU_INST_CJEU_JUDG_AG_LU_SPI,4,position,Research assistant at the Catholic University of Louvain,academic,1991,1997
ACT_EU_INST_CJEU_JUDG_AG_LU_SPI,5,position,Associate lecturer at the University of Luxembourg,academic,1996,2006
ACT_EU_INST_CJEU_JUDG_AG_LU_SPI,6,position,Lecturer at Université Nancy II,academic,1997,2009
ACT_EU_INST_CJEU_JUDG_AG_LU_SPI,7,position,"Taught at the Institut d'études politiques, Paris",academic,2017,2018
ACT_EU_INST_CJEU_JUDG_AG_LU_SPI,8,membership,Member of the Advisory Commission on Human Rights in Luxembourg,,2000,2004
ACT_EU_INST_CJEU_JUDG_AG_LU_SPI,9,membership,Member of the committees for human rights and criminal law of the CCBE,,2002,2004
ACT_EU_INST_CJEU_JUDG_AG_LU_SPI,10,membership,Member of the European Union Network of Independent Experts on Fundamental Rights,,2002,2004
ACT_EU_INST_CJEU_JUDG_AG_LU_SPI,11,position,Judge at the European Court of Human Rights,judge,2004,
ACT_EU_INST_CJEU_JUDG_AG_LU_SPI,12,position,Section President at the European Court of Human Rights,judge,2011,
ACT_EU_INST_CJEU_JUDG_AG_LU_SPI,13,position,Vice-President at the European Court of Human Rights,judge,2012,
ACT_EU_INST_CJEU_JUDG_AG_LU_SPI,14,position,President at the European Court of Human Rights,judge,2012,2015
ACT_EU_INST_CJEU_JUDG_AG_LU_SPI,15,position,Judge at the General Court,judge,2016,
ACT_EU_INST_CJEU_JUDG_AG_LU_SPI,16,position,President of Chamber at the General Court,judge,2019,2024
ACT_EU_INST_CJEU_JUDG_AG_LU_SPI,17,position,Advocate General at the Court of Justice,judge,2024,
ACT_EU_INST_CJEU_JUDG_AG_LU_SPI,18,membership,Member of the Board of the Luxembourg Division of the Association Henri Capitant des amis de la culture juridique française,,,
ACT_EU_INST_CJEU_JUDG_AG_LU_SPI,19,membership,Member of the Honorary Board of the Fondation René Cassin - International Institute of Human Rights,,,
ACT_EU_INST_CJEU_JUDG_AG_LU_SPI,20,membership,Member of the management board of the Observatoire luxembourgeois de droit européen (OLDE),,,
ACT_EU_INST_CJEU_JUDG_AG_LU_SPI,21,membership,Co-founder and co-director of the Annales du droit luxembourgeois,,,
ACT_EU_INST_CJEU_JUDG_AG_LU_SPI,22,membership,Member of the editorial board of the Revue de droit pénal et de criminologie,,,
ACT_EU_INST_CJEU_JUDG_AG_LU_SPI,23,membership,Member of the advisory board of the European Review of Private Law,,,
ACT_EU_INST_CJEU_JUDG_AG_LU_SPI,24,membership,Member of the editorial board of Droit des affaires - Het Ondernemingsrecht (DAOR),,,
ACT_EU_INST_CJEU_JUDG_AG_LU_SPI,25,membership,Member of the scientific committee of the Annuaire international des droits de l'homme,,,
ACT_EU_INST_CJEU_JUDG_AG_LU_SPI,26,membership,Member of the scientific committee of the Revue trimestrielle des droits de l'homme,,,
ACT_EU_INST_CJEU_JUDG_AG_LU_SPI,27,membership,Member of the advisory curatorium of the German-language collection of judgments of the European Court of Human Rights (N. P. Engel Verlag),,,
ACT_EU_INST_CJEU_JUDG_AG_LU_SPI,28,membership,Member of the editorial board of the Kritische Vierteljahresschrift für Gesetzgebung und Rechtswissenschaft,,,
ACT_EU_INST_CJEU_JUDG_AG_LU_SPI,29,membership,Member of the advisory board of the Revista do Instituto Brasileiro de Direitos Humanos,,,
ACT_EU_INST_CJEU_JUDG_AG_LU_SPI,30,membership,Member of the advisory board of the Journal of the faculty of law of the Universidade Federal do Maranhão (UFMA),,,
ACT_EU_INST_CJEU_JUDG_AG_LU_SPI,31,membership,Member of the scientific committee of the Journal européen des droits de l'homme,,,
ACT_EU_INST_CJEU_JUDG_AG_LU_SPI,32,membership,"Member of the advisory board of the 'The ECHR Law Review', University of Liverpool",,,
ACT_EU_INST_CJEU_JUDG_AG_LU_SPI,33,membership,"Member of the Grand-Ducal Institute, Moral and Political Science Section (Luxembourg)",,,
ACT_EU_INST_CJEU_JUDG_AG_LU_SPI,34,membership,Member of the Cambridge Society of Luxembourg,,,
ACT_EU_INST_CJEU_JUDG_AG_LU_SPI,35,membership,Member of the Oxford and Cambridge Club (London),,,
ACT_EU_INST_CJEU_JUDG_AG_LU_SPI,36,membership,Member of the Herbert Howells Society,,,
ACT_EU_INST_CJEU_JUDG_AG_LU_SPI,37,membership,Member of the Royal College of Organists,,,
ACT_EU_INST_CJEU_JUDG_AG_LU_SPI,38,distinction,Doctor honoris causa from Yerevani Petakan Hamalsaran,,2013,
ACT_EU_INST_CJEU_JUDG_AG_LU_SPI,39,distinction,Honorary Professor at University College London,,2013,
ACT_EU_INST_CJEU_JUDG_AG_LU_SPI,40,distinction,"Honorary Bencher of Gray's Inn, London",,2013,
ACT_EU_INST_CJEU_JUDG_AG_LU_SPI,41,distinction,"Honorary Fellow of Fitzwilliam College, University of Cambridge",,2013,
ACT_EU_INST_CJEU_JUDG_AG_LU_SPI,42,distinction,Grand Cross of the Equestrian Order of Saint Agatha (San Marino),,2014,
ACT_EU_INST_CJEU_JUDG_AG_LU_SPI,43,distinction,"Commander of the Legion of Honour, France",,2015,
ACT_EU_INST_CJEU_JUDG_AG_LU_SPI,44,distinction,"Commander of the Order of Merit, Luxembourg",,2015,
ACT_EU_INST_CJEU_JUDG_AG_LU_SPI,45,distinction,Doctor honoris causa from Universitatea din București,,2015,
ACT_EU_INST_CJEU_JUDG_AG_LU_SPI,46,distinction,Docteur honoris causa from Universitatea Babeș-Bolyai,,2015,
ACT_EU_INST_CJEU_JUDG_AG_LU_SPI,47,distinction,Docteur honoris causa (Hon. LL. D.) from University College London,,2016,
ACT_EU_INST_CJEU_JUDG_AG_DE_EVE,1,degree,"Doctor of Laws, University of Göttingen",,1952,
ACT_EU_INST_CJEU_JUDG_AG_DE_EVE,2,position,Employee in the Legal Department of the Federal Ministry for Economic Affairs,civil servant; lawyer,1953,
ACT_EU_INST_CJEU_JUDG_AG_DE_EVE,3,position,Head of Section in the European Division of the Federal Ministry for Economic Affairs,civil servant,1958,
ACT_EU_INST_CJEU_JUDG_AG_DE_EVE,4,position,Head of the European Policy Division,civil servant,1970,
ACT_EU_INST_CJEU_JUDG_AG_DE_EVE,5,position,Lecturer at the University of Münster,academic,1971,
ACT_EU_INST_CJEU_JUDG_AG_DE_EVE,6,position,Honorary Professor at the University of Münster,academic,1975,
ACT_EU_INST_CJEU_JUDG_AG_DE_EVE,7,membership,Member of the Executive Committee of the Deutsche Wissenschaftliche Gesellschaft für Europarecht,,,
ACT_EU_INST_CJEU_JUDG_AG_DE_EVE,8,membership,Member of the Board of Administration of the Max Planck Institute for Comparative Public Law and International Law in Heidelberg,,,
ACT_EU_INST_CJEU_JUDG_AG_DE_EVE,9,position,Judge at the Court of Justice,judge,1980,1988
ACT_EU_INST_CJEU_JUDG_AG_LT_VAD,1,degree,Doctor of Laws,,,
ACT_EU_INST_CJEU_JUDG_AG_LT_VAD,2,degree,Doctor habil. in Law,,,
ACT_EU_INST_CJEU_JUDG_AG_LT_VAD,3,position,Taught international law at the University of Vilnius,academic,1981,
ACT_EU_INST_CJEU_JUDG_AG_LT_VAD,4,position,Taught human rights law at the University of Vilnius,academic,1991,
ACT_EU_INST_CJEU_JUDG_AG_LT_VAD,5,position,Taught Community law at the University of Vilnius,academic,2000,
ACT_EU_INST_CJEU_JUDG_AG_LT_VAD,6,position,Adviser to the Lithuanian Government on foreign relations,other,1991,1993
ACT_EU_INST_CJEU_JUDG_AG_LT_VAD,7,position,Member of the coordinating group of the delegation negotiating accession to the European Union,other,,
ACT_EU_INST_CJEU_JUDG_AG_LT_VAD,8,position,Director-General of the Government's European Law Department,other,1997,2004
ACT_EU_INST_CJEU_JUDG_AG_LT_VAD,9,position,"Professor of European Law at the University of Vilnius, holder of the Jean Monnet Chair",academic,,
ACT_EU_INST_CJEU_JUDG_AG_LT_VAD,10,position,President of the Lithuanian European Union Studies Association,other,,
ACT_EU_INST_CJEU_JUDG_AG_LT_VAD,11,position,Rapporteur of the parliamentary working group on constitutional reform relating to Lithuanian accession,politician,,
ACT_EU_INST_CJEU_JUDG_AG_LT_VAD,12,membership,Member of the International Commission of Jurists,,2003,
ACT_EU_INST_CJEU_JUDG_AG_LT_VAD,13,position,Judge at the General Court,judge,2004,2013
ACT_EU_INST_CJEU_JUDG_AG_IE_O_HIG_K,1,degree,BA degree from University College Dublin,,,
ACT_EU_INST_CJEU_JUDG_AG_IE_O_HIG_K,2,degree,Diploma in European Law from University College Dublin,,,
ACT_EU_INST_CJEU_JUDG_AG_IE_O_HIG_K,3,position,Called to the Bar of Ireland,lawyer,1968,
ACT_EU_INST_CJEU_JUDG_AG_IE_O_HIG_K,4,position,Barrister,lawyer,1968,1982
ACT_EU_INST_CJEU_JUDG_AG_IE_O_HIG_K,5,position,Senior Counsel (Inner Bar of Ireland),lawyer,1982,1986
ACT_EU_INST_CJEU_JUDG_AG_IE_O_HIG_K,6,position,Judge of the Circuit Court,judge,1986,1997
ACT_EU_INST_CJEU_JUDG_AG_IE_O_HIG_K,7,position,Judge of the High Court of Ireland,judge,1997,2008
ACT_EU_INST_CJEU_JUDG_AG_IE_O_HIG_K,8,membership,Bencher of King's Inns,,,
ACT_EU_INST_CJEU_JUDG_AG_IE_O_HIG_K,9,membership,Irish Representative on the Consultative Council of European Judges,,2000,2008
ACT_EU_INST_CJEU_JUDG_AG_IE_O_HIG_K,10,position,Judge at the General Court,judge,2008,2013
ACT_EU_INST_CJEU_JUDG_AG_SE_WAH,1,degree,Juris kandidat (LL. M.) from Stockholms Universitet,,1987,
ACT_EU_INST_CJEU_JUDG_AG_SE_WAH,2,degree,Doctorate in law from Stockholms Universitet,,1995,
ACT_EU_INST_CJEU_JUDG_AG_SE_WAH,3,position,Associate Professor (docent) at Stockholms Universitet,academic,1995,2001
ACT_EU_INST_CJEU_JUDG_AG_SE_WAH,4,position,Holder of the Jean Monnet Chair of European Law at Stockholms Universitet,academic,1995,2001
ACT_EU_INST_CJEU_JUDG_AG_SE_WAH,5,position,Professor of European Law at Stockholms Universitet,academic,2001,
ACT_EU_INST_CJEU_JUDG_AG_SE_WAH,6,position,Managing Director of an educational foundation,other,1993,2004
ACT_EU_INST_CJEU_JUDG_AG_SE_WAH,7,position,Chairman of the Swedish association Nätverket för europarättslig forskning,other,2001,2006
ACT_EU_INST_CJEU_JUDG_AG_SE_WAH,8,membership,"Member of the Rådet för konkurrensfrågor (Council for Competition Law Matters, Sweden)",,2001,
ACT_EU_INST_CJEU_JUDG_AG_SE_WAH,9,position,Judge at the General Court,judge,2006,2012
ACT_EU_INST_CJEU_JUDG_AG_SE_WAH,10,position,Advocate General at the Court of Justice,judge,2012,2019
ACT_EU_INST_CJEU_JUDG_AG_SE_WAH,11,position,Judge at the Court of Justice,judge,2019,2024
ACT_EU_INST_CJEU_JUDG_AG_IE_O_KEE,1,degree,"LL. B., University College Dublin",,1936,
ACT_EU_INST_CJEU_JUDG_AG_IE_O_KEE,2,position,"Barrister at the King's Inns, Dublin",lawyer,1935,
ACT_EU_INST_CJEU_JUDG_AG_IE_O_KEE,3,position,Senior Counsel,lawyer,1951,
ACT_EU_INST_CJEU_JUDG_AG_IE_O_KEE,4,membership,Bencher of the King's Inns,,1954,
ACT_EU_INST_CJEU_JUDG_AG_IE_O_KEE,5,position,Attorney General,politician,1954,1954
ACT_EU_INST_CJEU_JUDG_AG_IE_O_KEE,6,position,Attorney General,politician,1957,1965
ACT_EU_INST_CJEU_JUDG_AG_IE_O_KEE,7,position,Judge of the Supreme Court,judge,1965,
ACT_EU_INST_CJEU_JUDG_AG_IE_O_KEE,8,position,President of the High Court,judge,1966,
ACT_EU_INST_CJEU_JUDG_AG_IE_O_KEE,9,position,Judge at the Court of Justice,judge,1974,1985
ACT_EU_INST_CJEU_JUDG_AG_HU_KEC,1,degree,Law degree from the Jean Monnet Faculty of the Paris-Sud University,,,1998
ACT_EU_INST_CJEU_JUDG_AG_HU_KEC,2,degree,Master's degree in international law and EU law,,,1999
ACT_EU_INST_CJEU_JUDG_AG_HU_KEC,3,degree,Master in business and EU law,,,2000
ACT_EU_INST_CJEU_JUDG_AG_HU_KEC,4,position,Worked at a law firm in Hungary,lawyer,2001,2005
ACT_EU_INST_CJEU_JUDG_AG_HU_KEC,5,position,Case handler at the Directorate-General for Information Society and Media,civil servant,2005,
ACT_EU_INST_CJEU_JUDG_AG_HU_KEC,6,position,Case handler at the Directorate-General for Competition,civil servant,2009,2015
ACT_EU_INST_CJEU_JUDG_AG_HU_KEC,7,position,Case handler at the Directorate-General for Competition,civil servant,2016,2016
ACT_EU_INST_CJEU_JUDG_AG_HU_KEC,8,position,Case handler at the Directorate-General for Competition,civil servant,2018,2021
ACT_EU_INST_CJEU_JUDG_AG_HU_KEC,9,position,Member of the Office of the Ministry for European Affairs at the Hungarian Ministry of Justice,civil servant,2015,2016
ACT_EU_INST_CJEU_JUDG_AG_HU_KEC,10,position,Secretary of State for International and European Union Judicial Cooperation of the Hungarian Ministry of Justice,politician,2016,2018
ACT_EU_INST_CJEU_JUDG_AG_HU_KEC,11,position,Judge at the General Court,judge,2021,
ACT_EU_INST_CJEU_JUDG_AG_HU_KEC,12,position,President of Chamber,judge,2025,
ACT_EU_INST_CJEU_JUDG_AG_HU_KEC,13,membership,"Membership of legal, cultural, artistic, social, sports or charitable foundations, organisations or establishments",,,
ACT_EU_INST_CJEU_JUDG_AG_HU_KEC,14,position,Editor-in-chief of the legal journal Európai Tükör,academic,,
ACT_EU_INST_CJEU_JUDG_AG_HU_KEC,15,distinction,Vladár Gábor award,,2018,
ACT_EU_INST_CJEU_JUDG_AG_ES_ROD_IGL,1,position,Assistant Lecturer and subsequently Professor at various universities,academic,,
ACT_EU_INST_CJEU_JUDG_AG_ES_ROD_IGL,2,position,Judge at the Court of Justice,judge,1986,2003
ACT_EU_INST_CJEU_JUDG_AG_ES_ROD_IGL,3,position,President of the Court of Justice,judge,1994,2003
ACT_EU_INST_CJEU_JUDG_AG_DK_GUL,1,position,Official at the Ministry of Justice,civil servant,,
ACT_EU_INST_CJEU_JUDG_AG_DK_GUL,2,position,Legal Secretary to Judge Max Sørensen,civil servant; lawyer,,
ACT_EU_INST_CJEU_JUDG_AG_DK_GUL,3,position,Professor of Public International Law,academic,,
ACT_EU_INST_CJEU_JUDG_AG_DK_GUL,4,position,Dean of the Law School of the University of Copenhagen,academic,,
ACT_EU_INST_CJEU_JUDG_AG_DK_GUL,5,position,In private practice,lawyer,,
ACT_EU_INST_CJEU_JUDG_AG_DK_GUL,6,position,Chairman and member of arbitral tribunals,other,,
ACT_EU_INST_CJEU_JUDG_AG_DK_GUL,7,membership,Member of Administrative Appeal Tribunal,,,
ACT_EU_INST_CJEU_JUDG_AG_DK_GUL,8,position,Advocate General at the Court of Justice,lawyer,1991,1994
ACT_EU_INST_CJEU_JUDG_AG_DK_GUL,9,position,Judge at the Court of Justice,judge,1994,2006
ACT_EU_INST_CJEU_JUDG_AG_FR_POT,1,position,Secretary General to the First President of the Cour de CAssation,civil servant,1988,
ACT_EU_INST_CJEU_JUDG_AG_FR_POT,2,position,"Vice-President of the Tribunal de Grande Instance, Paris",civil servant,1990,
ACT_EU_INST_CJEU_JUDG_AG_FR_POT,3,position,Head of the European and International Affairs of the Ministry of Justice,civil servant,1991,
ACT_EU_INST_CJEU_JUDG_AG_FR_POT,4,position,"Judge, Court of Appeal, Paris",judge,1994,
ACT_EU_INST_CJEU_JUDG_AG_FR_POT,5,position,"Associate Professor at Paris X, Nanterre University",academic,1994,
ACT_EU_INST_CJEU_JUDG_AG_FR_POT,6,position,Judge at the Court of First Instance,judge,1995,2001
ACT_EU_INST_CJEU_JUDG_AG_DE_KRE,1,degree,"University studies in Berlin, Munich, Frankfurt-am-Main",,1966,1972
ACT_EU_INST_CJEU_JUDG_AG_DE_KRE,2,degree,First State examination in law,,1972,
ACT_EU_INST_CJEU_JUDG_AG_DE_KRE,3,position,Court trainee in Frankfurt-am-Main,civil servant,1972,1973
ACT_EU_INST_CJEU_JUDG_AG_DE_KRE,4,degree,"College of Europe, Bruges",,1973,1974
ACT_EU_INST_CJEU_JUDG_AG_DE_KRE,5,position,Court trainee in Frankfurt-am-Main,civil servant,1974,1975
ACT_EU_INST_CJEU_JUDG_AG_DE_KRE,6,degree,Second State examination in law,,1976,
ACT_EU_INST_CJEU_JUDG_AG_DE_KRE,7,position,Specialist adviser in the Federal Labour Office and lawyer,civil servant; lawyer,1976,
ACT_EU_INST_CJEU_JUDG_AG_DE_KRE,8,position,"Presiding Judge at the Labour Court, Land Hesse",judge,1977,1993
ACT_EU_INST_CJEU_JUDG_AG_DE_KRE,9,position,"Lecturer at the Technical College for Social Work, Frankfurt-am-Main",academic,1979,1990
ACT_EU_INST_CJEU_JUDG_AG_DE_KRE,10,position,"Lecturer at the Technical College for Administration, Wiesbaden",academic,1979,1990
ACT_EU_INST_CJEU_JUDG_AG_DE_KRE,11,position,National expert to the Legal Service of the Commission of the European Communities,civil servant,1993,1996
ACT_EU_INST_CJEU_JUDG_AG_DE_KRE,12,position,Social Affairs Attaché at the Embassy of the Federal Republic of Germany in Madrid,civil servant,1996,2001
ACT_EU_INST_CJEU_JUDG_AG_DE_KRE,13,position,National expert to the Legal Service of the Commission of the European Communities,civil servant,2001,2005
ACT_EU_INST_CJEU_JUDG_AG_DE_KRE,14,position,Presiding Judge at the Labour Court of Frankfurt-am-Main,judge,2005,2005
ACT_EU_INST_CJEU_JUDG_AG_DE_KRE,15,position,Judge at the Civil Service Tribunal,judge,2005,2016
ACT_EU_INST_CJEU_JUDG_AG_PT_COS,1,degree,Graduated in law from the University of Coimbra,,,1991
ACT_EU_INST_CJEU_JUDG_AG_PT_COS,2,degree,Postgraduate studies in intellectual property law at the Universidade de Lisboa,,,2001
ACT_EU_INST_CJEU_JUDG_AG_PT_COS,3,position,Trainee lawyer at the Coimbra Bar,lawyer,1991,1992
ACT_EU_INST_CJEU_JUDG_AG_PT_COS,4,position,Judicial trainee at Centro de Estudos Judiciários,civil servant,1992,
ACT_EU_INST_CJEU_JUDG_AG_PT_COS,5,position,Judge at Tribunal Judicial da Comarca de Cascais,judge,1995,1997
ACT_EU_INST_CJEU_JUDG_AG_PT_COS,6,position,Judge at Tribunal Judicial da Comarca de Ferreira do Zêzere,judge,1995,1997
ACT_EU_INST_CJEU_JUDG_AG_PT_COS,7,position,Judge at Tribunal da Pequena Instância Criminal de Lisboa,judge,1995,1997
ACT_EU_INST_CJEU_JUDG_AG_PT_COS,8,position,Judge at Tribunal do Comércio da Comarca de Lisboa,judge,1999,2016
ACT_EU_INST_CJEU_JUDG_AG_PT_COS,9,position,Judge at Tribunal da Relação de Coimbra,judge,2016,
ACT_EU_INST_CJEU_JUDG_AG_PT_COS,10,position,Secretary-General of the Association of Portuguese Judges,other,2012,2015
ACT_EU_INST_CJEU_JUDG_AG_PT_COS,11,position,President of the Association of Portuguese Judges,other,,2016
ACT_EU_INST_CJEU_JUDG_AG_PT_COS,12,position,Visiting professor at several Portuguese universities,academic,2003,
ACT_EU_INST_CJEU_JUDG_AG_PT_COS,13,position,Judge at the General Court of the European Union,judge,2016,
ACT_EU_INST_CJEU_JUDG_AG_PT_COS,14,position,President of Chamber at the General Court of the European Union,judge,2019,2025
ACT_EU_INST_CJEU_JUDG_AG_PT_COS,15,membership,Member of the editorial committee of a legal newsletter with Centro de Estudos Judiciários,,,
ACT_EU_INST_CJEU_JUDG_AG_SE_RAG,1,degree,Doctor of Law,,,
ACT_EU_INST_CJEU_JUDG_AG_SE_RAG,2,position,Professor of Public Law at Lund University,academic,,
ACT_EU_INST_CJEU_JUDG_AG_SE_RAG,3,position,Professor of Public Law and Dean at the University of Stockholm,academic,,
ACT_EU_INST_CJEU_JUDG_AG_SE_RAG,4,position,Parliamentary Ombudsman,other,,
ACT_EU_INST_CJEU_JUDG_AG_SE_RAG,5,position,Judge at the Supreme Administrative Court of Sweden,judge,,
ACT_EU_INST_CJEU_JUDG_AG_SE_RAG,6,position,Judge at the Court of Justice,judge,1995,2000
ACT_EU_INST_CJEU_JUDG_AG_BE_BAE,1,degree,Graduated in law from the Universiteit Antwerpen,,,2002
ACT_EU_INST_CJEU_JUDG_AG_BE_BAE,2,degree,Master of Laws at King's College of the University of Cambridge,,,2003
ACT_EU_INST_CJEU_JUDG_AG_BE_BAE,3,degree,Doctorate in law at King's College of the University of Cambridge,,,2007
ACT_EU_INST_CJEU_JUDG_AG_BE_BAE,4,position,Visiting Research Fellow at the Columbia Law School of Columbia University,academic,2005,
ACT_EU_INST_CJEU_JUDG_AG_BE_BAE,5,position,Postdoctoral Research Associate at Universiteit Antwerpen,academic,2007,2009
ACT_EU_INST_CJEU_JUDG_AG_BE_BAE,6,position,Lecturer at the Katholieke Universiteit Leuven,academic,2010,2014
ACT_EU_INST_CJEU_JUDG_AG_BE_BAE,7,position,Associate Professor at the Katholieke Universiteit Leuven,academic,2015,
ACT_EU_INST_CJEU_JUDG_AG_BE_BAE,8,position,Legal Secretary at the Court of Justice for Advocate General Eleanor Sharpston,civil servant; lawyer,2007,2009
ACT_EU_INST_CJEU_JUDG_AG_BE_BAE,9,position,Legal Secretary at the Court of Justice for Judge Alexandra (Sacha) Prechal,civil servant; lawyer,2016,2017
ACT_EU_INST_CJEU_JUDG_AG_BE_BAE,10,position,Judge at the General Court,judge,2017,
ACT_EU_INST_CJEU_JUDG_AG_BE_BAE,11,position,President of Chamber at the General Court,judge,2021,2022
ACT_EU_INST_CJEU_JUDG_AG_BE_BAE,12,position,President of Chamber at the General Court,judge,2025,
ACT_EU_INST_CJEU_JUDG_AG_BE_BAE,13,membership,Editor of the annotations of the case-law of the Columbia Journal of European Law,,,
ACT_EU_INST_CJEU_JUDG_AG_BE_BAE,14,membership,Member of the Academic review board of the Cambridge International Law Journal,,,
ACT_EU_INST_CJEU_JUDG_AG_BE_BAE,15,membership,Member of the International Advisory Board of the Jean Monnet Network 'EU-China Legal and Judicial Cooperation (EUPLANT)' of the Queen Mary University of London,,,
ACT_EU_INST_CJEU_JUDG_AG_BE_BAE,16,membership,Member of the editorial committee of Europe and the World: A Law Review,,,
ACT_EU_INST_CJEU_JUDG_AG_BE_BAE,17,membership,Member of the editorial committee of the Oxford Reports on International Law in EU Courts,,,
ACT_EU_INST_CJEU_JUDG_AG_IE_COO,1,membership,Member of the Bar of Ireland,,1966,
ACT_EU_INST_CJEU_JUDG_AG_IE_COO,2,membership,Member of the Bar of England & Wales,,,
ACT_EU_INST_CJEU_JUDG_AG_IE_COO,3,membership,Member of the Bar of Northern Ireland,,,
ACT_EU_INST_CJEU_JUDG_AG_IE_COO,4,membership,Member of the Bar of New South Wales,,,
ACT_EU_INST_CJEU_JUDG_AG_IE_COO,5,position,Practising barrister,lawyer,1966,1996
ACT_EU_INST_CJEU_JUDG_AG_IE_COO,6,position,Senior Counsel in Ireland,lawyer,1980,
ACT_EU_INST_CJEU_JUDG_AG_IE_COO,7,position,Senior Counsel in New South Wales,lawyer,1991,
ACT_EU_INST_CJEU_JUDG_AG_IE_COO,8,position,President of the Council of the Bars and Law Societies of the European Community (CCBE),lawyer,1985,1986
ACT_EU_INST_CJEU_JUDG_AG_IE_COO,9,position,"Visiting Fellow at the Faculty of Law, University College Dublin",academic,,
ACT_EU_INST_CJEU_JUDG_AG_IE_COO,10,membership,Fellow of the Chartered Institute of Arbitrators,,,
ACT_EU_INST_CJEU_JUDG_AG_IE_COO,11,position,President of the Royal Zoological Society of Ireland,other,1987,1990
ACT_EU_INST_CJEU_JUDG_AG_IE_COO,12,membership,"Bencher of the Honorable Society of Kings Inns, Dublin",,,
ACT_EU_INST_CJEU_JUDG_AG_IE_COO,13,distinction,"Honorary Bencher of Lincoln's Inn, London",,,
ACT_EU_INST_CJEU_JUDG_AG_IE_COO,14,position,Judge at the Court of First Instance,judge,1996,2008
ACT_EU_INST_CJEU_JUDG_AG_NL_VER,1,degree,Master's degree in law from University of Utrecht,,,2001
ACT_EU_INST_CJEU_JUDG_AG_NL_VER,2,degree,Diploma of advanced studies in European law from University of Liège,,,2002
ACT_EU_INST_CJEU_JUDG_AG_NL_VER,3,degree,Doctorate in law from University of Utrecht,,,2010
ACT_EU_INST_CJEU_JUDG_AG_NL_VER,4,position,Lawyer in various areas of EU law,lawyer,2002,
ACT_EU_INST_CJEU_JUDG_AG_NL_VER,5,position,Deputy Judge in the Civil Law Division of the Rechtbank Zeeland-West-Brabant,judge,2021,2022
ACT_EU_INST_CJEU_JUDG_AG_NL_VER,6,position,Judge at the General Court,judge,2022,
ACT_EU_INST_CJEU_JUDG_AG_DK_DUE,1,position,Director at the Ministry of Justice,civil servant,,
ACT_EU_INST_CJEU_JUDG_AG_DK_DUE,2,position,Adviser ad interim to the Court of Appeal,lawyer,,
ACT_EU_INST_CJEU_JUDG_AG_DK_DUE,3,membership,Member of the Danish delegation to the Hague Conference on Private International Law,,,
ACT_EU_INST_CJEU_JUDG_AG_DK_DUE,4,position,Judge at the Court of Justice,judge,1979,1988
ACT_EU_INST_CJEU_JUDG_AG_DK_DUE,5,position,President of the Court of Justice,judge,1988,1994
ACT_EU_INST_CJEU_JUDG_AG_IT_BES,1,degree,Degree in law,,,1989
ACT_EU_INST_CJEU_JUDG_AG_IT_BES,2,degree,Doctorate in international economic law,,,1995
ACT_EU_INST_CJEU_JUDG_AG_IT_BES,3,degree,Postdoctoral study at the University of Geneva,,1997,
ACT_EU_INST_CJEU_JUDG_AG_IT_BES,4,position,Researcher in international law at Università Cattolica del Sacro Cuore,academic,1997,
ACT_EU_INST_CJEU_JUDG_AG_IT_BES,5,position,Lecturer in international law and EU law at Università Cattolica del Sacro Cuore,academic,2000,2002
ACT_EU_INST_CJEU_JUDG_AG_IT_BES,6,position,Associate lecturer in international law and EU law,academic,2002,
ACT_EU_INST_CJEU_JUDG_AG_IT_BES,7,position,Full professor of EU law at Università Cattolica del Sacro Cuore,academic,2006,2020
ACT_EU_INST_CJEU_JUDG_AG_IT_BES,8,position,Director of the Institute of International Studies,academic,2016,2020
ACT_EU_INST_CJEU_JUDG_AG_IT_BES,9,position,Member of the faculty committee of the Doctoral School of Law,academic,,
ACT_EU_INST_CJEU_JUDG_AG_IT_BES,10,position,Independent legal adviser,lawyer,,2020
ACT_EU_INST_CJEU_JUDG_AG_IT_BES,11,position,Legal expert on behalf of the Vatican at diplomatic conferences,civil servant; lawyer,2017,2019
ACT_EU_INST_CJEU_JUDG_AG_IT_BES,12,position,Senior Legal Adviser and Head of the Legal Service of the Permanent Representation of Italy to the European Union,civil servant; lawyer,2020,2025
ACT_EU_INST_CJEU_JUDG_AG_IT_BES,13,position,Judge at the General Court,judge,2025,
ACT_EU_INST_CJEU_JUDG_AG_IT_BES,14,membership,Member of the Associazione italiana degli studiosi di Diritto dell'Unione europea (AISDUE),,,
ACT_EU_INST_CJEU_JUDG_AG_IT_BES,15,membership,Member of the management board of the Centro Studi sul Federalismo (CSF),,,
ACT_EU_INST_CJEU_JUDG_AG_IT_BES,16,membership,Member of editorial or scientific committees of several legal journals,,,
ACT_EU_INST_CJEU_JUDG_AG_IT_BES,17,distinction,Co-founder and coordinator of the editorial collection 'Studi di Diritto internazionale e dell'Unione europea',,,
ACT_EU_INST_CJEU_JUDG_AG_BE_WAT,1,degree,Degrees in law and in economics from University of Liège,,,
ACT_EU_INST_CJEU_JUDG_AG_BE_WAT,2,degree,Master of Laws from Harvard University,,,
ACT_EU_INST_CJEU_JUDG_AG_BE_WAT,3,distinction,Doctor honoris causa from Université Paris-Dauphine,,,
ACT_EU_INST_CJEU_JUDG_AG_BE_WAT,4,position,Professor of European Law at the Catholic University of Louvain and University of Liège,academic,,
ACT_EU_INST_CJEU_JUDG_AG_BE_WAT,5,position,Deputy,politician,1977,1995
ACT_EU_INST_CJEU_JUDG_AG_BE_WAT,6,position,"State Secretary, Minister and Minister-President of the Walloon Region",politician,1980,1988
ACT_EU_INST_CJEU_JUDG_AG_BE_WAT,7,position,"Deputy Prime Minister, Minister for Justice and for Small and Medium-Sized Businesses, the Liberal Professions and the Self-Employed",politician,1988,1992
ACT_EU_INST_CJEU_JUDG_AG_BE_WAT,8,position,"Deputy Prime Minister, Minister for Justice and Economic Affairs",politician,1992,1995
ACT_EU_INST_CJEU_JUDG_AG_BE_WAT,9,position,"Deputy Prime Minister, Minister for National Defence",politician,1995,1995
ACT_EU_INST_CJEU_JUDG_AG_BE_WAT,10,position,Mayor of Verviers,politician,1995,1995
ACT_EU_INST_CJEU_JUDG_AG_BE_WAT,11,position,Judge at the Court of Justice of the European Communities,judge,1995,2003
ACT_EU_INST_CJEU_JUDG_AG_BE_WAT,12,position,Legal adviser and counsel,lawyer,2004,2012
ACT_EU_INST_CJEU_JUDG_AG_BE_WAT,13,distinction,Minister of State,,2009,2012
ACT_EU_INST_CJEU_JUDG_AG_BE_WAT,14,position,Advocate General at the Court of Justice,judge,2012,2018
ACT_EU_INST_CJEU_JUDG_AG_AT_KRE,1,degree,Law degree from Universität Wien,,1980,
ACT_EU_INST_CJEU_JUDG_AG_AT_KRE,2,degree,Doctor of Laws from Universität Wien,,1981,
ACT_EU_INST_CJEU_JUDG_AG_AT_KRE,3,position,Research assistant at the Institut für Staats-und Verwaltungsrecht of Universität Wien,academic,1980,
ACT_EU_INST_CJEU_JUDG_AG_AT_KRE,4,position,Civil servant in the Constitutional Affairs Department of the Austrian Federal Chancellery,civil servant,1981,1997
ACT_EU_INST_CJEU_JUDG_AG_AT_KRE,5,membership,Member of the Datenschutzkommission,,1987,1997
ACT_EU_INST_CJEU_JUDG_AG_AT_KRE,6,position,Legal adviser in the Legal Service of the European Commission,civil servant; lawyer,1997,2013
ACT_EU_INST_CJEU_JUDG_AG_AT_KRE,7,position,Judge at the General Court,judge,2013,2022
ACT_EU_INST_CJEU_JUDG_AG_PT_CAR_SIL_PIC,1,degree,Graduated in law from the University of Lisbon,,,1980
ACT_EU_INST_CJEU_JUDG_AG_PT_CAR_SIL_PIC,2,degree,Master of Laws from the University of Lisbon,,,1986
ACT_EU_INST_CJEU_JUDG_AG_PT_CAR_SIL_PIC,3,degree,Doctorate in law from the New University of Lisbon,,,2003
ACT_EU_INST_CJEU_JUDG_AG_PT_CAR_SIL_PIC,4,position,Lecturer in law at the University of Lisbon,academic,1981,1986
ACT_EU_INST_CJEU_JUDG_AG_PT_CAR_SIL_PIC,5,position,Visiting professor at the Institute of European Studies of the Saarland University,academic,1987,1996
ACT_EU_INST_CJEU_JUDG_AG_PT_CAR_SIL_PIC,6,position,Assistant professor of law at the New University of Lisbon,academic,2003,2008
ACT_EU_INST_CJEU_JUDG_AG_PT_CAR_SIL_PIC,7,position,Associate professor of law at the New University of Lisbon,academic,2008,2018
ACT_EU_INST_CJEU_JUDG_AG_PT_CAR_SIL_PIC,8,position,Visiting professor at the Comillas Pontifical University,academic,2014,2018
ACT_EU_INST_CJEU_JUDG_AG_PT_CAR_SIL_PIC,9,position,Lawyer-linguist at the Court of Justice,civil servant; lawyer,1986,1987
ACT_EU_INST_CJEU_JUDG_AG_PT_CAR_SIL_PIC,10,position,Lawyer-reviser at the Court of Justice,civil servant; lawyer,1987,1990
ACT_EU_INST_CJEU_JUDG_AG_PT_CAR_SIL_PIC,11,position,Legal secretary at the Court of First Instance in the cabinet of President José Luís da Cruz Vilaça,civil servant; lawyer,1990,1995
ACT_EU_INST_CJEU_JUDG_AG_PT_CAR_SIL_PIC,12,position,Legal secretary in the cabinet of Judge Rui Manuel Gens de Moura Ramos,civil servant; lawyer,,1996
ACT_EU_INST_CJEU_JUDG_AG_PT_CAR_SIL_PIC,13,position,National coordinator for matters concerning free movement of persons at the Portuguese Ministry of Foreign Affairs,civil servant,1996,1999
ACT_EU_INST_CJEU_JUDG_AG_PT_CAR_SIL_PIC,14,membership,Member of the K4 Committee of the Council and of the Central Group of the permanent consultation structure of the Schengen agreements,,,
ACT_EU_INST_CJEU_JUDG_AG_PT_CAR_SIL_PIC,15,membership,Portuguese member of the FreSsco network of independent experts,,,
ACT_EU_INST_CJEU_JUDG_AG_PT_CAR_SIL_PIC,16,membership,Member of the Odysseus academic network for legal studies on immigration and asylum in Europe,,2004,2018
ACT_EU_INST_CJEU_JUDG_AG_PT_CAR_SIL_PIC,17,membership,Member of the Management Board of the European Union Agency for Fundamental Rights in Vienna,,2015,2018
ACT_EU_INST_CJEU_JUDG_AG_PT_CAR_SIL_PIC,18,position,Judge at the Court of Justice,judge,2018,
ACT_EU_INST_CJEU_JUDG_AG_PT_CAR_SIL_PIC,19,distinction,Co-organiser and Rapporteur-General of the FIDE XXVIII Congress,,2018,2018
ACT_EU_INST_CJEU_JUDG_AG_LT_NOR,1,degree,Master's degree in law at the University of Vilnius,,,2001
ACT_EU_INST_CJEU_JUDG_AG_LT_NOR,2,degree,Doctorate in law at the Mykolas Romeris University,,,2005
ACT_EU_INST_CJEU_JUDG_AG_LT_NOR,3,position,Law clerk at the Court of Appeal of Lithuania,civil servant; lawyer,1999,2000
ACT_EU_INST_CJEU_JUDG_AG_LT_NOR,4,position,Adviser to the President of the Court of Appeal of Lithuania,civil servant; lawyer,2000,2003
ACT_EU_INST_CJEU_JUDG_AG_LT_NOR,5,position,Director of the Judicial Practice Department of the Supreme Administrative Court of Lithuania,civil servant,2003,2009
ACT_EU_INST_CJEU_JUDG_AG_LT_NOR,6,position,Lawyer-linguist at the European Parliament,civil servant; lawyer,2009,2010
ACT_EU_INST_CJEU_JUDG_AG_LT_NOR,7,position,Director of the Legal Research Department of the Supreme Court of Lithuania,civil servant,2010,2012
ACT_EU_INST_CJEU_JUDG_AG_LT_NOR,8,position,Judge at the Court of Appeal of Lithuania,judge,2012,2013
ACT_EU_INST_CJEU_JUDG_AG_LT_NOR,9,position,Judge and President of the Supreme Court of Lithuania,judge,2014,2019
ACT_EU_INST_CJEU_JUDG_AG_LT_NOR,10,position,President of the Judicial Council of Lithuania,civil servant,2016,2018
ACT_EU_INST_CJEU_JUDG_AG_LT_NOR,11,position,Associate professor at the Mykolas Romeris University,academic,2007,2008
ACT_EU_INST_CJEU_JUDG_AG_LT_NOR,12,position,"Professor at the Institute of Private Law, Mykolas Romeris University",academic,2012,2019
ACT_EU_INST_CJEU_JUDG_AG_LT_NOR,13,position,Judge at the General Court,judge,2019,
ACT_EU_INST_CJEU_JUDG_AG_LT_NOR,14,position,Advocate General at the Court of Justice,judge,2024,
ACT_EU_INST_CJEU_JUDG_AG_LT_NOR,15,membership,Member of the advisory committee of the Europäische Rechtsakademie (ERA),,2020,2023
ACT_EU_INST_CJEU_JUDG_AG_LT_NOR,16,membership,Member of the advisory board of the journal ERA Forum,,,
ACT_EU_INST_CJEU_JUDG_AG_LT_NOR,17,membership,Member of the association 'The Conference on European Restructuring and Insolvency Law',,,
ACT_EU_INST_CJEU_JUDG_AG_LT_NOR,18,membership,Member of the association INSOL Europe,,,
ACT_EU_INST_CJEU_JUDG_AG_LT_NOR,19,distinction,Awarded the Officer's Cross of the Order of Grand Duke Gediminas,,2018,
ACT_EU_INST_CJEU_JUDG_AG_LT_NOR,20,distinction,Honorary member of the Law Faculty of the Mykolo Romerio universitetas,,2019,
ACT_EU_INST_CJEU_JUDG_AG_IT_PERI,1,degree,Doctor of Laws,,,
ACT_EU_INST_CJEU_JUDG_AG_IT_PERI,2,position,Lawyer at the Padua Bar,lawyer,,
ACT_EU_INST_CJEU_JUDG_AG_IT_PERI,3,position,Assistant lecturer in civil and comparative law in the law faculty of the University of Padua,academic,1977,1982
ACT_EU_INST_CJEU_JUDG_AG_IT_PERI,4,position,Senior researcher in civil and comparative law in the law faculty of the University of Padua,academic,1977,1982
ACT_EU_INST_CJEU_JUDG_AG_IT_PERI,5,position,Lecturer in Community law at the European College of Parma,academic,1990,1998
ACT_EU_INST_CJEU_JUDG_AG_IT_PERI,6,position,Lecturer in the law faculty of the University of Padua,academic,1985,1987
ACT_EU_INST_CJEU_JUDG_AG_IT_PERI,7,position,Lecturer in the law faculty of the University of Macerata,academic,1991,1994
ACT_EU_INST_CJEU_JUDG_AG_IT_PERI,8,position,Lecturer in the law faculty of the University of Naples,academic,1995,
ACT_EU_INST_CJEU_JUDG_AG_IT_PERI,9,position,Lecturer in the law faculty of the University of Milan,academic,2000,2001
ACT_EU_INST_CJEU_JUDG_AG_IT_PERI,10,membership,Member of the Scientific Committee for the Master's in European Integration at the University of Padua,,,
ACT_EU_INST_CJEU_JUDG_AG_IT_PERI,11,position,"Official in the Library, Research and Documentation Directorate of the Court of Justice of the European Communities",civil servant,1982,1984
ACT_EU_INST_CJEU_JUDG_AG_IT_PERI,12,position,Legal Secretary to Advocate General Mancini at the Court of Justice of the European Communities,civil servant; lawyer,1984,1988
ACT_EU_INST_CJEU_JUDG_AG_IT_PERI,13,position,"Legal Adviser to the Secretary-General of the European Parliament, E. Vinci",civil servant; lawyer,1988,1993
ACT_EU_INST_CJEU_JUDG_AG_IT_PERI,14,position,Head of Division in the Legal Service of the European Parliament,civil servant; lawyer,1995,1999
ACT_EU_INST_CJEU_JUDG_AG_IT_PERI,15,position,"Director for Legislative Affairs and Conciliations, Inter-Institutional Relations and Relations with National Parliaments at the European Parliament",civil servant,1999,2004
ACT_EU_INST_CJEU_JUDG_AG_IT_PERI,16,position,Director for External Relations at the European Parliament,civil servant,2004,2006
ACT_EU_INST_CJEU_JUDG_AG_IT_PERI,17,position,Director for Legislative Affairs in the Legal Service of the European Parliament,civil servant; lawyer,2006,2011
ACT_EU_INST_CJEU_JUDG_AG_IT_PERI,18,position,Judge at the Civil Service Tribunal,judge,2011,2016
ACT_EU_INST_CJEU_JUDG_AG_IT_PERI,19,position,Judge at the General Court,judge,2016,2019
ACT_EU_INST_CJEU_JUDG_AG_UK_MAC_STU,1,position,Advocate at the Scottish Bar,lawyer,1951,
ACT_EU_INST_CJEU_JUDG_AG_UK_MAC_STU,2,position,Queen's Counsel,lawyer,1963,
ACT_EU_INST_CJEU_JUDG_AG_UK_MAC_STU,3,position,Judge of the Court of Session,judge,1972,
ACT_EU_INST_CJEU_JUDG_AG_UK_MAC_STU,4,position,Judge at the Court of Justice,judge,1973,1988
ACT_EU_INST_CJEU_JUDG_AG_UK_MAC_STU,5,position,President of the Court of Justice,judge,1984,1988
ACT_EU_INST_CJEU_JUDG_AG_UK_MAC_STU,6,distinction,Created a Baron of the United Kingdom with the title of Lord Mackenzie-Stuart of Dean,,,
ACT_EU_INST_CJEU_JUDG_AG_PL_KOW_BAN,1,degree,Law degree from the University of Gdańsk,,1999,
ACT_EU_INST_CJEU_JUDG_AG_PL_KOW_BAN,2,degree,Diploma of advanced studies from the University of Social Sciences of Toulouse,,2000,
ACT_EU_INST_CJEU_JUDG_AG_PL_KOW_BAN,3,degree,Master of Laws in European Law from the College of Europe in Bruges,,2002,
ACT_EU_INST_CJEU_JUDG_AG_PL_KOW_BAN,4,degree,Doctor of Laws title awarded by the Polish Academy of Sciences,,2004,
ACT_EU_INST_CJEU_JUDG_AG_PL_KOW_BAN,5,position,Taught at the Centre for Europe at University of Warsaw,academic,2002,2010
ACT_EU_INST_CJEU_JUDG_AG_PL_KOW_BAN,6,position,Taught at University of Law and Administration,academic,2002,2010
ACT_EU_INST_CJEU_JUDG_AG_PL_KOW_BAN,7,position,Senior lecturer at the Institute of Law Studies of the Polish Academy of Sciences,academic,2006,
ACT_EU_INST_CJEU_JUDG_AG_PL_KOW_BAN,8,position,Associate professor at the Institute of Law Studies of the Polish Academy of Sciences,academic,2014,
ACT_EU_INST_CJEU_JUDG_AG_PL_KOW_BAN,9,position,Lecturer at Gdansk Technical University,academic,2010,2016
ACT_EU_INST_CJEU_JUDG_AG_PL_KOW_BAN,10,position,Visiting professor at French universities Paris 2 Panthéon-Assas and Nice Sophia Antipolis and at the University of Luxembourg,academic,,
ACT_EU_INST_CJEU_JUDG_AG_PL_KOW_BAN,11,position,Judge at the General Court,judge,2016,
ACT_EU_INST_CJEU_JUDG_AG_PL_KOW_BAN,12,position,President of Chamber for two consecutive terms,judge,2022,
ACT_EU_INST_CJEU_JUDG_AG_PL_KOW_BAN,13,membership,Co-editor or member of the scientific board of the legal journals,,,
ACT_EU_INST_CJEU_JUDG_AG_PL_KOW_BAN,14,membership,Member of the Polish branch of the International Federation of European Law (FIDE),,,
ACT_EU_INST_CJEU_JUDG_AG_PL_KOW_BAN,15,membership,Member of the Academic Society for Competition Law (ASCOLA),,,
ACT_EU_INST_CJEU_JUDG_AG_PL_KOW_BAN,16,membership,Member of the International Law Association (ILA),,,
ACT_EU_INST_CJEU_JUDG_AG_PL_KOW_BAN,17,membership,Member of the advisory board of the new review of the Balkan Yearbook of International and European Law,,,
ACT_EU_INST_CJEU_JUDG_AG_PL_KOW_BAN,18,membership,Member of the steering committee of the Master in European Law at the University of Luxembourg,,,
ACT_EU_INST_CJEU_JUDG_AG_EE_NOM,1,degree,Graduated in law,,2001,
ACT_EU_INST_CJEU_JUDG_AG_EE_NOM,2,degree,Master of Laws from the University of Tartu,,2007,
ACT_EU_INST_CJEU_JUDG_AG_EE_NOM,3,degree,Doctorate in law,,2013,
ACT_EU_INST_CJEU_JUDG_AG_EE_NOM,4,position,"Adviser to the Court of Appeal, Tallinn",civil servant,2001,2002
ACT_EU_INST_CJEU_JUDG_AG_EE_NOM,5,position,"Trainee judge at the Court of First Instance, Harju",judge,,
ACT_EU_INST_CJEU_JUDG_AG_EE_NOM,6,position,"Judge at the Court of First Instance, Harju",judge,2002,2007
ACT_EU_INST_CJEU_JUDG_AG_EE_NOM,7,position,"Judge at the Court of Appeal, Tallinn",judge,2007,2019
ACT_EU_INST_CJEU_JUDG_AG_EE_NOM,8,position,"Trainee judge at the Supreme Court, Estonia",judge,2015,2016
ACT_EU_INST_CJEU_JUDG_AG_EE_NOM,9,position,National judge seconded to the Court of Justice of the European Union,judge,2017,2018
ACT_EU_INST_CJEU_JUDG_AG_EE_NOM,10,position,Lecturer at the University of Tartu,academic,2014,2019
ACT_EU_INST_CJEU_JUDG_AG_EE_NOM,11,position,Lecturer at the training department of the Supreme Court,academic,2015,2019
ACT_EU_INST_CJEU_JUDG_AG_EE_NOM,12,position,Trainer at the Estonian Bar Association,academic,2015,2019
ACT_EU_INST_CJEU_JUDG_AG_EE_NOM,13,membership,Member of the Judge Assessment Commission,,2018,2019
ACT_EU_INST_CJEU_JUDG_AG_EE_NOM,14,membership,Member of the Professional Suitability Assessment Committee of the Estonian Bar,,2015,2019
ACT_EU_INST_CJEU_JUDG_AG_EE_NOM,15,position,Judge at the General Court,judge,2019,
ACT_EU_INST_CJEU_JUDG_AG_EE_NOM,16,membership,Member of the Eesti Kohtunike Ühing,,,
ACT_EU_INST_CJEU_JUDG_AG_IE_O_CAO,1,degree,"Bachelor in Civil Law from the National University of Ireland, University College Dublin",,1971,
ACT_EU_INST_CJEU_JUDG_AG_IE_O_CAO,2,position,Barrister at King's Inns,lawyer,1972,
ACT_EU_INST_CJEU_JUDG_AG_IE_O_CAO,3,degree,Diploma in European Law from University College Dublin,,1977,
ACT_EU_INST_CJEU_JUDG_AG_IE_O_CAO,4,position,Barrister at the Bar of Ireland,lawyer,1972,1999
ACT_EU_INST_CJEU_JUDG_AG_IE_O_CAO,5,position,"Lecturer in European Law at King's Inns, Dublin",academic,,
ACT_EU_INST_CJEU_JUDG_AG_IE_O_CAO,6,position,Senior Counsel,lawyer,1994,1999
ACT_EU_INST_CJEU_JUDG_AG_IE_O_CAO,7,position,Representative of the Government of Ireland before the Court of Justice of the European Communities,civil servant; lawyer,,
ACT_EU_INST_CJEU_JUDG_AG_IE_O_CAO,8,position,Judge at the High Court,judge,1999,
ACT_EU_INST_CJEU_JUDG_AG_IE_O_CAO,9,distinction,Bencher of the Honourable Society of King's Inns,,1999,
ACT_EU_INST_CJEU_JUDG_AG_IE_O_CAO,10,position,Vice-President of the Irish Society of European Law,other,,
ACT_EU_INST_CJEU_JUDG_AG_IE_O_CAO,11,membership,"Member of the International Law Association, Irish Branch",,,
ACT_EU_INST_CJEU_JUDG_AG_IE_O_CAO,12,position,Judge at the Court of Justice,judge,2004,2015
ACT_EU_INST_CJEU_JUDG_AG_DK_ELM,1,position,Official at the Ministry of Justice in Copenhagen,civil servant,1973,
ACT_EU_INST_CJEU_JUDG_AG_DK_ELM,2,position,Head of Department at the Ministry of Justice,civil servant,1982,1987
ACT_EU_INST_CJEU_JUDG_AG_DK_ELM,3,position,Head of Department at the Ministry of Justice,civil servant,1988,1991
ACT_EU_INST_CJEU_JUDG_AG_DK_ELM,4,position,Judge at the Østre Landsret (Eastern Regional Court),judge,1987,1988
ACT_EU_INST_CJEU_JUDG_AG_DK_ELM,5,position,Vice-President of the Sø-og Handelsretten (Maritime and Commercial Court),judge,1988,1988
ACT_EU_INST_CJEU_JUDG_AG_DK_ELM,6,position,Minister in the Ministry of Justice responsible for Community Law and Human Rights,politician,1991,1994
ACT_EU_INST_CJEU_JUDG_AG_DK_ELM,7,position,Advocate General at the Court of Justice,civil servant; lawyer,1994,1997
ACT_EU_INST_CJEU_JUDG_AG_RO_CIU,1,degree,Degree in law,,1984,
ACT_EU_INST_CJEU_JUDG_AG_RO_CIU,2,degree,Doctorate in law,,1997,
ACT_EU_INST_CJEU_JUDG_AG_RO_CIU,3,position,"Judge at the Court of First Instance, Suceava",judge,1984,1989
ACT_EU_INST_CJEU_JUDG_AG_RO_CIU,4,position,"Military judge at the Military Court, Iaşi",judge,1989,1990
ACT_EU_INST_CJEU_JUDG_AG_RO_CIU,5,position,"Professor at Alexandru Ioan Cuza University, Iaşi",academic,1990,2006
ACT_EU_INST_CJEU_JUDG_AG_RO_CIU,6,position,Stipended student specialising in private law at the University of Rennes,academic,1991,1992
ACT_EU_INST_CJEU_JUDG_AG_RO_CIU,7,position,"Assistant professor at Petre Andrei University, Iaşi",academic,1999,2002
ACT_EU_INST_CJEU_JUDG_AG_RO_CIU,8,position,"Lecturer at the Université du Littoral Côte d'Opale, Dunkirk (Research Unit on Industry and Innovation)",academic,2006,
ACT_EU_INST_CJEU_JUDG_AG_RO_CIU,9,position,Judge at the General Court,judge,2007,2010
ACT_EU_INST_CJEU_JUDG_AG_DE_LAI,1,degree,Studied law at Rheinische Friedrich-Wilhelms-Universität Bonn,,,
ACT_EU_INST_CJEU_JUDG_AG_DE_LAI,2,degree,Passed the first State examination in law in Germany,,1990,
ACT_EU_INST_CJEU_JUDG_AG_DE_LAI,3,position,Legal adviser in the administrative department of the Bundestag,civil servant; lawyer,1991,
ACT_EU_INST_CJEU_JUDG_AG_DE_LAI,4,position,Rechtsreferendar in the district of the Oberlandesgericht Köln,civil servant; lawyer,1991,1994
ACT_EU_INST_CJEU_JUDG_AG_DE_LAI,5,degree,Passed the second State examination in law in Germany,,1994,
ACT_EU_INST_CJEU_JUDG_AG_DE_LAI,6,position,Part-time lecturer and researcher at Rheinische Friedrich-Wilhelms-Universität Bonn,academic,1991,1995
ACT_EU_INST_CJEU_JUDG_AG_DE_LAI,7,position,Worked in a law firm on a part-time basis,lawyer,1995,
ACT_EU_INST_CJEU_JUDG_AG_DE_LAI,8,position,Legal counsel of a federation of undertakings,lawyer,1996,
ACT_EU_INST_CJEU_JUDG_AG_DE_LAI,9,membership,Member of the team of advisers of the Directorate for Administration and Protocol of the General Secretariat of the Council of the European Union,,1996,1999
ACT_EU_INST_CJEU_JUDG_AG_DE_LAI,10,position,Rapporteur in the Directorate-General for Competition of the European Commission,civil servant,1999,
ACT_EU_INST_CJEU_JUDG_AG_DE_LAI,11,position,Member of the cabinet of European Commissioner Viviane Reding,civil servant,1999,2003
ACT_EU_INST_CJEU_JUDG_AG_DE_LAI,12,position,Head of the cabinet of European Commissioner Viviane Reding,civil servant,2003,2004
ACT_EU_INST_CJEU_JUDG_AG_DE_LAI,13,position,"Member of the cabinet of José Manuel Barroso, President of the Commission",civil servant,2004,2005
ACT_EU_INST_CJEU_JUDG_AG_DE_LAI,14,position,Spokesman of the Commission and head of the Spokesperson's Service of the Commission,civil servant,2005,2009
ACT_EU_INST_CJEU_JUDG_AG_DE_LAI,15,position,Head of Cabinet in the President of the Commission,civil servant,2009,2014
ACT_EU_INST_CJEU_JUDG_AG_DE_LAI,16,position,Deputy Director-General of the Legal Service of the Commission,civil servant; lawyer,2014,
ACT_EU_INST_CJEU_JUDG_AG_DE_LAI,17,position,Director-General of the Directorate-General for Competition of the Commission,civil servant,2015,2019
ACT_EU_INST_CJEU_JUDG_AG_DE_LAI,18,position,Judge at the General Court,judge,2019,
ACT_EU_INST_CJEU_JUDG_AG_DE_LAI,19,membership,Member of the editorial committee of Europäische Zeitschrift für Wirtschaftsrecht,,,
ACT_EU_INST_CJEU_JUDG_AG_DE_LAI,20,membership,Member of the scientific committee of Revue Concurrences,,,
ACT_EU_INST_CJEU_JUDG_AG_DE_LAI,21,membership,Member of the editorial committee of Neue Zeitschrift für Kartellrecht (NZK),,,
ACT_EU_INST_CJEU_JUDG_AG_DE_LAI,22,distinction,Grande-Oficial da Ordem do Infante D. Henrique awarded by the President of the Portuguese Republic,,2014,
ACT_EU_INST_CJEU_JUDG_AG_LU_MEY,1,degree,Master's degree in English law from Panthéon-Assas University,,,
ACT_EU_INST_CJEU_JUDG_AG_LU_MEY,2,degree,Diploma in Legal Studies from the University of Oxford,,2001,
ACT_EU_INST_CJEU_JUDG_AG_LU_MEY,3,degree,Master's degree in European Union law from Panthéon-Assas University,,2002,
ACT_EU_INST_CJEU_JUDG_AG_LU_MEY,4,degree,Master's degree in European law from the College of Europe,,2003,
ACT_EU_INST_CJEU_JUDG_AG_LU_MEY,5,degree,Certificat d'aptitude à la profession d'avocat (CAPA) from the Paris Bar School,,2004,
ACT_EU_INST_CJEU_JUDG_AG_LU_MEY,6,degree,Diploma from the Institut de droit public des affaires (IDPA) at Université Paris-Sud 11,,2004,
ACT_EU_INST_CJEU_JUDG_AG_LU_MEY,7,position,Lawyer at the Paris Bar,lawyer,2005,2007
ACT_EU_INST_CJEU_JUDG_AG_LU_MEY,8,position,Administrator at the EFTA Supervisory Authority,civil servant,2008,2012
ACT_EU_INST_CJEU_JUDG_AG_LU_MEY,9,position,Administrator in the Research and Documentation Directorate at the CJEU,civil servant,2012,
ACT_EU_INST_CJEU_JUDG_AG_LU_MEY,10,position,Legal secretary in the cabinet of President Marc Jaeger at the General Court of the European Union,civil servant; lawyer,2014,
ACT_EU_INST_CJEU_JUDG_AG_LU_MEY,11,position,Legal adviser in the Legal Service of the Council of the European Union,civil servant; lawyer,2016,2024
ACT_EU_INST_CJEU_JUDG_AG_LU_MEY,12,position,"Senior legal adviser in Employment, Social Affairs, Education, Agriculture and Fisheries at the Council of the European Union",civil servant; lawyer,2024,
ACT_EU_INST_CJEU_JUDG_AG_LU_MEY,13,position,Lecturer at the University of Lorraine,academic,,
ACT_EU_INST_CJEU_JUDG_AG_LU_MEY,14,position,Judge at the General Court,judge,2024,
ACT_EU_INST_CJEU_JUDG_AG_LU_MEY,15,membership,Member of the Luxembourg Observatory of European Law (OLDE),,,
ACT_EU_INST_CJEU_JUDG_AG_FR_GRE,1,position,Junior Member of the French Council of State,civil servant,,
ACT_EU_INST_CJEU_JUDG_AG_FR_GRE,2,position,Member of the French Council of State,civil servant,,
ACT_EU_INST_CJEU_JUDG_AG_FR_GRE,3,position,Head of the Private Office of the Minister for Justice,civil servant,,
ACT_EU_INST_CJEU_JUDG_AG_FR_GRE,4,position,Director-General responsible for Forestry,civil servant,,
ACT_EU_INST_CJEU_JUDG_AG_FR_GRE,5,position,Director-General of the General Secretariat of the Government,civil servant,,
ACT_EU_INST_CJEU_JUDG_AG_FR_GRE,6,position,"Member of the Council of State, President of the First Sub-Section of the Judicial Section of the Council of State",civil servant,,
ACT_EU_INST_CJEU_JUDG_AG_FR_GRE,7,position,"Professor at the Institut d'études politiques, Paris",academic,,
ACT_EU_INST_CJEU_JUDG_AG_FR_GRE,8,position,"President of the Section for Public Works, Council of State",civil servant,,
ACT_EU_INST_CJEU_JUDG_AG_FR_GRE,9,position,Judge at the Court of Justice,judge,1981,1982
ACT_EU_INST_CJEU_JUDG_AG_FR_GRE,10,position,Judge at the Court of Justice,judge,1988,1994
ACT_EU_INST_CJEU_JUDG_AG_BE_GER,1,position,Professor at the Catholic University of Leuven,academic,,
ACT_EU_INST_CJEU_JUDG_AG_BE_GER,2,position,Professor at the University of Chicago,academic,,
ACT_EU_INST_CJEU_JUDG_AG_BE_GER,3,position,Professor at the University of Amsterdam,academic,,
ACT_EU_INST_CJEU_JUDG_AG_BE_GER,4,position,Vice-Rector at the Catholic University of Leuven,academic,,
ACT_EU_INST_CJEU_JUDG_AG_BE_GER,5,membership,Member of the Academic Council at the Catholic University of Leuven,,,
ACT_EU_INST_CJEU_JUDG_AG_BE_GER,6,position,Member of the Organising Authority at the Catholic University of Leuven,academic,,
ACT_EU_INST_CJEU_JUDG_AG_BE_GER,7,position,Advocate in Dendermonde,lawyer,,
ACT_EU_INST_CJEU_JUDG_AG_BE_GER,8,position,Advocate in Leuven,lawyer,,
ACT_EU_INST_CJEU_JUDG_AG_BE_GER,9,position,Advocate in Brussels,lawyer,,
ACT_EU_INST_CJEU_JUDG_AG_BE_GER,10,position,Chairman of the Commission on Banking,other,,
ACT_EU_INST_CJEU_JUDG_AG_BE_GER,11,position,Advocate General at the Court of Justice,judge,1988,1994
ACT_EU_INST_CJEU_JUDG_AG_DE_DAN,1,degree,First State Law Examination at Rheinische Friedrich-Wilhelms-Universität Bonn,,,1986
ACT_EU_INST_CJEU_JUDG_AG_DE_DAN,2,degree,Doctor of Laws from Rheinische Friedrich-Wilhelms-Universität Bonn,,,1988
ACT_EU_INST_CJEU_JUDG_AG_DE_DAN,3,degree,International diploma in public administration from École nationale d'administration,,,1990
ACT_EU_INST_CJEU_JUDG_AG_DE_DAN,4,degree,Second State Law Examination in Cologne,,,1992
ACT_EU_INST_CJEU_JUDG_AG_DE_DAN,5,degree,Teaching authorisation at Rheinische Friedrich-Wilhelms-Universität Bonn,,,1996
ACT_EU_INST_CJEU_JUDG_AG_DE_DAN,6,position,Research assistant at Rheinische Friedrich-Wilhelms-Universität Bonn,academic,,
ACT_EU_INST_CJEU_JUDG_AG_DE_DAN,7,position,Professor at Ruhr-Universität Bochum,academic,1996,2003
ACT_EU_INST_CJEU_JUDG_AG_DE_DAN,8,position,Dean of the Faculty of Law at Ruhr-Universität Bochum,academic,2000,2001
ACT_EU_INST_CJEU_JUDG_AG_DE_DAN,9,position,Professor at Universität zu Köln,academic,2003,2006
ACT_EU_INST_CJEU_JUDG_AG_DE_DAN,10,position,Director of the Institute of Public Law and Administrative Science at Universität zu Köln,academic,2006,
ACT_EU_INST_CJEU_JUDG_AG_DE_DAN,11,position,Visiting professor at the Fletcher School of Law and Diplomacy at Tufts University,academic,2000,
ACT_EU_INST_CJEU_JUDG_AG_DE_DAN,12,position,Visiting professor at University François Rabelais de Tours,academic,2001,2006
ACT_EU_INST_CJEU_JUDG_AG_DE_DAN,13,position,Visiting professor at université de Paris I Panthéon-Sorbonne,academic,2005,2006
ACT_EU_INST_CJEU_JUDG_AG_DE_DAN,14,position,"Teaching and research fellowship at the University of California, Berkeley",academic,2005,
ACT_EU_INST_CJEU_JUDG_AG_DE_DAN,15,membership,Member of the Executive Committee of the Association of German Jurists,,2004,2014
ACT_EU_INST_CJEU_JUDG_AG_DE_DAN,16,position,Judge at the Court of Justice,judge,2006,
ACT_EU_INST_CJEU_JUDG_AG_DE_DAN,17,position,President of Chamber at the Court of Justice,judge,2012,2018
ACT_EU_INST_CJEU_JUDG_AG_DE_DAN,18,position,Vice-President of the Court of Justice,judge,2024,
ACT_EU_INST_CJEU_JUDG_AG_DE_DAN,19,membership,Member of the Board of Trustees of the Institut für Europäische Politik,,,
ACT_EU_INST_CJEU_JUDG_AG_DE_DAN,20,membership,Member of the Board of Trustees of the Max-Planck Institut für ausländisches und internationales Strafrecht in Freiburg i. Br.,,,
ACT_EU_INST_CJEU_JUDG_AG_DE_DAN,21,membership,Member of the International Academy of Comparative Law,,,
ACT_EU_INST_CJEU_JUDG_AG_DE_DAN,22,membership,Member of the editorial committee of the Deutsches Verwaltungsblatt,,,
ACT_EU_INST_CJEU_JUDG_AG_DE_DAN,23,membership,Member of the scientific committee of Il Diritto dell'Unione Europea,,,
ACT_EU_INST_CJEU_JUDG_AG_DE_DAN,24,distinction,"Doctor honoris causa, université François Rabelais de Tours",,,2010
ACT_EU_INST_CJEU_JUDG_AG_DE_DAN,25,distinction,Knight of the National Order of Merit of the French Republic,,,2002
ACT_EU_INST_CJEU_JUDG_AG_NL_KAP,1,position,official at the Ministry of Foreign Affairs,civil servant,,
ACT_EU_INST_CJEU_JUDG_AG_NL_KAP,2,position,"Professor, Law of International Organisations at Utrecht and Leiden",academic,,
ACT_EU_INST_CJEU_JUDG_AG_NL_KAP,3,membership,Member of the Raad van State,,,
ACT_EU_INST_CJEU_JUDG_AG_NL_KAP,4,position,President of the Chamber for the Administration of Justice at the Raad van State,other,,
ACT_EU_INST_CJEU_JUDG_AG_NL_KAP,5,membership,Member of the Royal Academy of Science,,,
ACT_EU_INST_CJEU_JUDG_AG_NL_KAP,6,membership,"Member of the Administrative Council of the Academy of International Law, The Hague",,,
ACT_EU_INST_CJEU_JUDG_AG_NL_KAP,7,position,Judge at the Court of Justice,judge,1990,2000
ACT_EU_INST_CJEU_JUDG_AG_PL_SZP,1,degree,Master's degree in law from the University of Silesia,,1995,
ACT_EU_INST_CJEU_JUDG_AG_PL_SZP,2,degree,Master's degree in law from the College of Europe in Bruges,,1996,
ACT_EU_INST_CJEU_JUDG_AG_PL_SZP,3,degree,Doctoral thesis in law,,2000,
ACT_EU_INST_CJEU_JUDG_AG_PL_SZP,4,degree,Habilitated doctor in legal science,,2009,
ACT_EU_INST_CJEU_JUDG_AG_PL_SZP,5,position,Professor of law at the University of Silesia,academic,2013,
ACT_EU_INST_CJEU_JUDG_AG_PL_SZP,6,position,"Visiting scholar at Jesus College, Cambridge",academic,1998,
ACT_EU_INST_CJEU_JUDG_AG_PL_SZP,7,position,Visiting scholar at the University of Liège,academic,1999,
ACT_EU_INST_CJEU_JUDG_AG_PL_SZP,8,position,Visiting scholar at the European University Institute in Florence,academic,2003,
ACT_EU_INST_CJEU_JUDG_AG_PL_SZP,9,position,Practicing lawyer at the Katowice Bar,lawyer,2001,2008
ACT_EU_INST_CJEU_JUDG_AG_PL_SZP,10,membership,Member of the Committee for Private International Law of the Civil Law Codification Commission under the Polish Ministry of Justice,,,
ACT_EU_INST_CJEU_JUDG_AG_PL_SZP,11,position,Undersecretary of State in the Office of the Committee for European Integration,civil servant,2008,2009
ACT_EU_INST_CJEU_JUDG_AG_PL_SZP,12,position,Agent representing the Polish government at the Courts of the European Union,civil servant; lawyer,2010,2013
ACT_EU_INST_CJEU_JUDG_AG_PL_SZP,13,position,Member of the editorial board of legal journals,academic,,
ACT_EU_INST_CJEU_JUDG_AG_PL_SZP,14,position,Advocate General at the Court of Justice,judge,2013,
ACT_EU_INST_CJEU_JUDG_AG_PL_SZP,15,position,First Advocate General at the Court of Justice,judge,2018,
ACT_EU_INST_CJEU_JUDG_AG_PL_SZP,16,membership,Associate member of the International Academy of Comparative Law,,,
ACT_EU_INST_CJEU_JUDG_AG_PL_SZP,17,membership,Consultant for the project at the European Law Institute,,,
ACT_EU_INST_CJEU_JUDG_AG_PL_SZP,18,membership,Member of the Administrative Council of the College of Europe Foundation,,,
ACT_EU_INST_CJEU_JUDG_AG_PL_SZP,19,membership,Member of the Advisory Board of the Academy of European Law in Trier,,,
ACT_EU_INST_CJEU_JUDG_AG_PL_SZP,20,membership,Member of the Commission of Legal and Economic Sciences of the Polish Academy of Sciences,,,
ACT_EU_INST_CJEU_JUDG_AG_PL_SZP,21,membership,Member of the European Group for Private International Law,,,
ACT_EU_INST_CJEU_JUDG_AG_PL_SZP,22,membership,Member of the European Law Institute,,,
ACT_EU_INST_CJEU_JUDG_AG_PL_SZP,23,membership,Member of the Research Group on Existing EC Private Law ('Acquis Group'),,,
ACT_EU_INST_CJEU_JUDG_AG_PL_SZP,24,membership,Member of the Scientific Advisory Board for the project at the Max Planck Institute Luxembourg,,,
ACT_EU_INST_CJEU_JUDG_AG_PL_SZP,25,distinction,Krzyż Oficerski Orderu Odrodzenia Polski (Officer's Cross of the Order of Polonia Restituta),,,
ACT_EU_INST_CJEU_JUDG_AG_NL_BAR,1,degree,Graduated in law with a specialisation in economics at Erasmus Universiteit,,,1973
ACT_EU_INST_CJEU_JUDG_AG_NL_BAR,2,degree,Doctorate in law at Universiteit Utrecht,,,1981
ACT_EU_INST_CJEU_JUDG_AG_NL_BAR,3,position,Researcher in the fields of European law and economic law at the Europa Institute of Universiteit Utrecht,academic,1973,1974
ACT_EU_INST_CJEU_JUDG_AG_NL_BAR,4,position,Lecturer in the fields of European law and economic law at the Europa Institute of Universiteit Utrecht,academic,1974,1979
ACT_EU_INST_CJEU_JUDG_AG_NL_BAR,5,position,Lecturer at Universiteit Leiden,academic,1979,1981
ACT_EU_INST_CJEU_JUDG_AG_NL_BAR,6,position,Professor of European law at Universiteit Maastricht,academic,1988,2003
ACT_EU_INST_CJEU_JUDG_AG_NL_BAR,7,position,Honorary Professor in European law at Universiteit Maastricht,academic,2003,
ACT_EU_INST_CJEU_JUDG_AG_NL_BAR,8,position,Legal secretary to Advocates General Pieter VerLoren van Themmat,civil servant; lawyer,1981,1986
ACT_EU_INST_CJEU_JUDG_AG_NL_BAR,9,position,Legal secretary to Advocate General Jean Mischo,civil servant; lawyer,1986,1986
ACT_EU_INST_CJEU_JUDG_AG_NL_BAR,10,position,Head of the Employee Rights Section in the Personnel Division of the Court,civil servant,1986,1987
ACT_EU_INST_CJEU_JUDG_AG_NL_BAR,11,position,Post in the Legal Service of the Commission of the European Communities,civil servant; lawyer,1987,1991
ACT_EU_INST_CJEU_JUDG_AG_NL_BAR,12,position,Legal secretary to Judge Paul Joan George Kapteyn,civil servant; lawyer,1991,2000
ACT_EU_INST_CJEU_JUDG_AG_NL_BAR,13,position,Head of Division in the Research and Documentation Directorate,civil servant,2000,2009
ACT_EU_INST_CJEU_JUDG_AG_NL_BAR,14,position,Director of the Research and Documentation Directorate,civil servant,2009,2011
ACT_EU_INST_CJEU_JUDG_AG_NL_BAR,15,position,Advisor to the Gerechtshof 's-Hertogenbosch,other,1993,2011
ACT_EU_INST_CJEU_JUDG_AG_NL_BAR,16,position,Judge at the Civil Service Tribunal,judge,2011,2016
ACT_EU_INST_CJEU_JUDG_AG_NL_BAR,17,position,Judge at the General Court,judge,2016,2022
ACT_EU_INST_CJEU_JUDG_AG_IT_ROS_L,1,degree,Degree in law,,1982,
ACT_EU_INST_CJEU_JUDG_AG_IT_ROS_L,2,degree,Doctorate in European law,,1989,
ACT_EU_INST_CJEU_JUDG_AG_IT_ROS_L,3,position,Legal researcher at an Italian research institute,lawyer,1982,1987
ACT_EU_INST_CJEU_JUDG_AG_IT_ROS_L,4,position,Lawyer in Italy,lawyer,1985,
ACT_EU_INST_CJEU_JUDG_AG_IT_ROS_L,5,position,Assistant Professor of International Law at Università degli Studi di Urbino,academic,1991,1994
ACT_EU_INST_CJEU_JUDG_AG_IT_ROS_L,6,position,Associate Professor of International Law at Università degli Studi di Urbino,academic,1994,1997
ACT_EU_INST_CJEU_JUDG_AG_IT_ROS_L,7,position,Associate Professor at Università di Bologna,academic,1997,2000
ACT_EU_INST_CJEU_JUDG_AG_IT_ROS_L,8,position,Professor of EU Law at Università di Bologna,academic,2000,
ACT_EU_INST_CJEU_JUDG_AG_IT_ROS_L,9,position,Director of the International Research Centre on European Law at Università di Bologna,academic,1998,2018
ACT_EU_INST_CJEU_JUDG_AG_IT_ROS_L,10,distinction,Vice-President of the Italian Society of International and EU Law,,2009,2010
ACT_EU_INST_CJEU_JUDG_AG_IT_ROS_L,11,membership,Member of the Joint Managerial Committee of the China-EU School of Law,,2011,2013
ACT_EU_INST_CJEU_JUDG_AG_IT_ROS_L,12,position,Member of the Governing Board of the Academy of European Law,civil servant,2014,2018
ACT_EU_INST_CJEU_JUDG_AG_IT_ROS_L,13,position,Legal adviser in the Department of European Policy of the Italian Presidency of the Council of Ministers,civil servant; lawyer,2014,2017
ACT_EU_INST_CJEU_JUDG_AG_IT_ROS_L,14,position,Judge at the Court of Justice,judge,2018,2024
ACT_EU_INST_CJEU_JUDG_AG_DK_SOR,1,degree,Doctor of Laws,,1946,
ACT_EU_INST_CJEU_JUDG_AG_DK_SOR,2,position,Official in the Danish Ministry for Foreign Affairs posted to Berne and London,civil servant,1938,1945
ACT_EU_INST_CJEU_JUDG_AG_DK_SOR,3,position,Professor of International Law and of Constitutional Law at the University of Aarhus,academic,1947,
ACT_EU_INST_CJEU_JUDG_AG_DK_SOR,4,position,Ad hoc Judge appointed by the Governments of Denmark and the Netherlands at the International Court of Justice,judge,1968,1969
ACT_EU_INST_CJEU_JUDG_AG_DK_SOR,5,membership,Member of the Permanent Court of Arbitration,,,
ACT_EU_INST_CJEU_JUDG_AG_DK_SOR,6,membership,Member of the Institute of International Law,,,
ACT_EU_INST_CJEU_JUDG_AG_DK_SOR,7,position,Judge at the Court of Justice,judge,1973,1979
ACT_EU_INST_CJEU_JUDG_AG_FR_GER,1,degree,Graduated from Institut d'études politiques de Grenoble,,,1988
ACT_EU_INST_CJEU_JUDG_AG_FR_GER,2,degree,Graduated from École nationale d'administration,,,1993
ACT_EU_INST_CJEU_JUDG_AG_FR_GER,3,position,Junior officer at the Conseil d'État,civil servant,1993,
ACT_EU_INST_CJEU_JUDG_AG_FR_GER,4,position,Master of petitions at the Conseil d'État,civil servant,1996,2008
ACT_EU_INST_CJEU_JUDG_AG_FR_GER,5,position,Councillor of State at the Conseil d'État,civil servant,2008,
ACT_EU_INST_CJEU_JUDG_AG_FR_GER,6,position,Judge-Rapporteur in the Litigation Division,judge,,1997
ACT_EU_INST_CJEU_JUDG_AG_FR_GER,7,position,Member of the Social Affairs Division,civil servant,1996,1997
ACT_EU_INST_CJEU_JUDG_AG_FR_GER,8,position,Government commissioner in the Special Committee on Pensions,civil servant,1994,1996
ACT_EU_INST_CJEU_JUDG_AG_FR_GER,9,position,Legal adviser to the French Ministry of the Civil Service and to the City of Paris,civil servant; lawyer,1995,1997
ACT_EU_INST_CJEU_JUDG_AG_FR_GER,10,position,Secretary-General at the Prefecture of the Département of the Yonne and Sub-Prefect of the District of Auxerre,civil servant,1997,1999
ACT_EU_INST_CJEU_JUDG_AG_FR_GER,11,position,Secretary-General at the Prefecture of the Département of Savoie and Sub-Prefect of the District of Chambéry,civil servant,1999,2001
ACT_EU_INST_CJEU_JUDG_AG_FR_GER,12,position,Legal secretary to Judge Jean-Pierre Puissochet at the Court of Justice of the European Communities,civil servant; lawyer,2001,2005
ACT_EU_INST_CJEU_JUDG_AG_FR_GER,13,position,Judge at the European Union Civil Service Tribunal,judge,2005,2011
ACT_EU_INST_CJEU_JUDG_AG_FR_GER,14,position,President of Chamber at the European Union Civil Service Tribunal,judge,2008,2011
ACT_EU_INST_CJEU_JUDG_AG_FR_GER,15,position,Deputy President of the Eighth Chamber of the Litigation Division at the Conseil d'État,civil servant,2011,2013
ACT_EU_INST_CJEU_JUDG_AG_FR_GER,16,position,Senior lecturer at the Institut d'études politiques de Paris,academic,1993,1995
ACT_EU_INST_CJEU_JUDG_AG_FR_GER,17,position,Senior lecturer at the University of Luxembourg,academic,2016,
ACT_EU_INST_CJEU_JUDG_AG_FR_GER,18,membership,Full member of the Appeals Board of the NATO,,2001,2005
ACT_EU_INST_CJEU_JUDG_AG_FR_GER,19,membership,Member of the Appeals Board of the ESA,,2011,2013
ACT_EU_INST_CJEU_JUDG_AG_FR_GER,20,position,Judge at the General Court,judge,2013,
ACT_EU_INST_CJEU_JUDG_AG_FR_GER,21,position,President of Chamber at the General Court,judge,2016,2022
ACT_EU_INST_CJEU_JUDG_AG_FR_GER,22,position,Judge at the Court of Justice,judge,2024,
ACT_EU_INST_CJEU_JUDG_AG_FR_GER,23,membership,Member of the Société de Législation Comparée,,,
ACT_EU_INST_CJEU_JUDG_AG_FR_GER,24,membership,Member of the association of members of the Conseil d'État,,,
ACT_EU_INST_CJEU_JUDG_AG_FR_GER,25,membership,Member of the association of students and alumni of the École nationale d'administration,,,
ACT_EU_INST_CJEU_JUDG_AG_FR_GER,26,membership,Member of the scientific committee of Revue universelle des droits de l'Homme,,,
ACT_EU_INST_CJEU_JUDG_AG_FR_GER,27,membership,Member of the students' association of the Institut d'études politiques de Grenoble,,,
ACT_EU_INST_CJEU_JUDG_AG_FR_GER,28,distinction,Chevalier de la Légion d'honneur,,2012,
ACT_EU_INST_CJEU_JUDG_AG_DE_STE,1,degree,Master's degree in private law,,2000,
ACT_EU_INST_CJEU_JUDG_AG_DE_STE,2,degree,Certificate in European law,,2000,
ACT_EU_INST_CJEU_JUDG_AG_DE_STE,3,degree,Doctor of Laws,,2012,
ACT_EU_INST_CJEU_JUDG_AG_DE_STE,4,position,Judge at the Verwaltungsgericht der Freien Hansestadt Bremen,judge,2005,2017
ACT_EU_INST_CJEU_JUDG_AG_DE_STE,5,position,Judge at the Oberverwaltungsgericht der Freien Hansestadt Bremen,judge,2017,2019
ACT_EU_INST_CJEU_JUDG_AG_DE_STE,6,position,Member of the Dienstgerichtshof für Richter,judge,,
ACT_EU_INST_CJEU_JUDG_AG_DE_STE,7,position,Alternate member of the Berufsgerichtshofs für Ingenieure,other,,
ACT_EU_INST_CJEU_JUDG_AG_DE_STE,8,position,Lecturer at the Universität des Saarlandes and the Universität Bremen,academic,,
ACT_EU_INST_CJEU_JUDG_AG_DE_STE,9,position,Examiner for the First State Law Examination,academic,,
ACT_EU_INST_CJEU_JUDG_AG_DE_STE,10,position,Judge at the General Court,judge,2019,
ACT_EU_INST_CJEU_JUDG_AG_DE_STE,11,membership,Member of the Vereinigung der Bremischen Verwaltungsrichterinnen und Verwaltungsrichter,,,
ACT_EU_INST_CJEU_JUDG_AG_NL_DON,1,degree,Doctor of Laws,,1941,
ACT_EU_INST_CJEU_JUDG_AG_NL_DON,2,position,Collaborator on legal aspects for 'Schoolraad voor de Scholen met de Bijbel' and continued activity underground,lawyer,1941,1945
ACT_EU_INST_CJEU_JUDG_AG_NL_DON,3,position,Professor of Public Law and Administrative Law at the Free University Amsterdam,academic,1945,
ACT_EU_INST_CJEU_JUDG_AG_NL_DON,4,position,President of the Netherlands Association for Administrative Law,other,1948,1958
ACT_EU_INST_CJEU_JUDG_AG_NL_DON,5,membership,Member of the Royal Netherlands Academy of Arts and Sciences,,1955,
ACT_EU_INST_CJEU_JUDG_AG_NL_DON,6,position,Judge at the Court of Justice,judge,1958,1979
ACT_EU_INST_CJEU_JUDG_AG_NL_DON,7,position,President of the Court of Justice,judge,1958,1964
ACT_EU_INST_CJEU_JUDG_AG_NL_DON,8,position,Professor of Constitutional Law at the University of Groningen,academic,1979,1984
ACT_EU_INST_CJEU_JUDG_AG_IE_O_DAL,1,degree,"Graduate in Celtic Studies from University College, Dublin",,1933,
ACT_EU_INST_CJEU_JUDG_AG_IE_O_DAL,2,position,Barrister at King's Inns,lawyer,1934,
ACT_EU_INST_CJEU_JUDG_AG_IE_O_DAL,3,position,Senior Counsel,lawyer,1945,
ACT_EU_INST_CJEU_JUDG_AG_IE_O_DAL,4,membership,Bencher of King's Inns,,1946,
ACT_EU_INST_CJEU_JUDG_AG_IE_O_DAL,5,position,Attorney General,civil servant; lawyer,1946,1948
ACT_EU_INST_CJEU_JUDG_AG_IE_O_DAL,6,position,Attorney General,civil servant; lawyer,1951,1953
ACT_EU_INST_CJEU_JUDG_AG_IE_O_DAL,7,position,Judge of the Supreme Court,judge,1953,1961
ACT_EU_INST_CJEU_JUDG_AG_IE_O_DAL,8,position,Chief Justice,judge,1961,1973
ACT_EU_INST_CJEU_JUDG_AG_IE_O_DAL,9,position,Judge at the Court of Justice,judge,1973,1974
ACT_EU_INST_CJEU_JUDG_AG_IE_O_DAL,10,position,President of Ireland,politician,1974,1976
ACT_EU_INST_CJEU_JUDG_AG_MT_CRE,1,degree,Bachelor's degree in languages from the Royal University of Malta,,1955,
ACT_EU_INST_CJEU_JUDG_AG_MT_CRE,2,degree,Doctor of Laws from the Royal University of Malta,,1958,
ACT_EU_INST_CJEU_JUDG_AG_MT_CRE,3,position,Practising at the Malta Bar,lawyer,1959,
ACT_EU_INST_CJEU_JUDG_AG_MT_CRE,4,position,Legal Adviser to the National Council of Women,lawyer,1964,1979
ACT_EU_INST_CJEU_JUDG_AG_MT_CRE,5,membership,Member of the Public Service Commission,,1987,1989
ACT_EU_INST_CJEU_JUDG_AG_MT_CRE,6,position,Board member at Lombard Bank (Malta) Ltd representing the government shareholding,other,1987,1993
ACT_EU_INST_CJEU_JUDG_AG_MT_CRE,7,membership,Member of the Electoral Commission,,1993,
ACT_EU_INST_CJEU_JUDG_AG_MT_CRE,8,position,Examiner for doctoral theses in the Faculty of Laws of the Royal University of Malta,academic,,
ACT_EU_INST_CJEU_JUDG_AG_MT_CRE,9,membership,Member of the European Commission against Racism and Intolerance (ECRI),,2003,2004
ACT_EU_INST_CJEU_JUDG_AG_MT_CRE,10,position,Judge at the General Court,judge,2004,2012
ACT_EU_INST_CJEU_JUDG_AG_EL_TAG,1,degree,Law graduate from University of Thessaloniki,,1977,
ACT_EU_INST_CJEU_JUDG_AG_EL_TAG,2,degree,"Special Diploma in European Law from Institute for European Studies, Free University of Brussels",,1980,
ACT_EU_INST_CJEU_JUDG_AG_EL_TAG,3,degree,Doctorate in Law from University of Thessaloniki,,1984,
ACT_EU_INST_CJEU_JUDG_AG_EL_TAG,4,position,Lawyer-linguist at the Council of the European Communities,civil servant; lawyer,1980,1982
ACT_EU_INST_CJEU_JUDG_AG_EL_TAG,5,position,Researcher at the Thessaloniki Centre for International and European Economic Law,academic,1982,1984
ACT_EU_INST_CJEU_JUDG_AG_EL_TAG,6,position,Administrator at the Court of Justice of the European Communities,civil servant,1986,1990
ACT_EU_INST_CJEU_JUDG_AG_EL_TAG,7,position,"Professor of Community Law, International Private Law and Human Rights at Athens Panteion University",academic,1990,
ACT_EU_INST_CJEU_JUDG_AG_EL_TAG,8,position,External consultant for European matters at the Ministry of Justice,civil servant,1991,2004
ACT_EU_INST_CJEU_JUDG_AG_EL_TAG,9,membership,Member of the Permanent Committee of the Lugano Convention,,1991,2004
ACT_EU_INST_CJEU_JUDG_AG_EL_TAG,10,membership,Member of the national Postal and Telecommunications Commission,,2000,2002
ACT_EU_INST_CJEU_JUDG_AG_EL_TAG,11,membership,"Member of the Thessaloniki Bar, lawyer to the Court of Cassation",,,
ACT_EU_INST_CJEU_JUDG_AG_EL_TAG,12,membership,Founder member of the Union of European Lawyers (UAE),,,
ACT_EU_INST_CJEU_JUDG_AG_EL_TAG,13,membership,Associate member of the International Academy of Comparative Law,,,
ACT_EU_INST_CJEU_JUDG_AG_EL_TAG,14,position,Judge at the Civil Service Tribunal,judge,2005,2011
ACT_EU_INST_CJEU_JUDG_AG_BE_JOL,1,position,"Ordinary Professor at the Faculty of Law, University of Liège",academic,1974,1984
ACT_EU_INST_CJEU_JUDG_AG_BE_JOL,2,position,"Special Professor at the Faculty of Law, University of Liège",academic,1984,
ACT_EU_INST_CJEU_JUDG_AG_BE_JOL,3,position,"Holder of the Belgian Chair at the University of London, King's College",academic,1977,
ACT_EU_INST_CJEU_JUDG_AG_BE_JOL,4,position,Visiting Professor at the University of Nancy,academic,1971,1978
ACT_EU_INST_CJEU_JUDG_AG_BE_JOL,5,position,Visiting Professor at the Europa Institute of the University of Amsterdam,academic,1976,1985
ACT_EU_INST_CJEU_JUDG_AG_BE_JOL,6,position,Visiting Professor at the Catholic University of Louvain-la-Neuve,academic,1980,1982
ACT_EU_INST_CJEU_JUDG_AG_BE_JOL,7,position,"Visiting Professor at Northwestern University, Chicago",academic,1974,1974
ACT_EU_INST_CJEU_JUDG_AG_BE_JOL,8,position,"Visiting Professor at Northwestern University, Chicago",academic,1983,1983
ACT_EU_INST_CJEU_JUDG_AG_BE_JOL,9,position,"Teacher of European Competition Law at the College of Europe, Bruges",academic,1979,1984
ACT_EU_INST_CJEU_JUDG_AG_BE_JOL,10,position,Judge at the Court of Justice,judge,1984,1995
ACT_EU_INST_CJEU_JUDG_AG_IT_TES,1,position,Titular Professor of International Law and Community Law at the University of Naples,academic,,
ACT_EU_INST_CJEU_JUDG_AG_IT_TES,2,position,Advocate before the Court of Cassation,lawyer,,
ACT_EU_INST_CJEU_JUDG_AG_IT_TES,3,membership,Member of the Council for Contentious Diplomatic Affairs at the Ministry of Foreign Affairs,,,
ACT_EU_INST_CJEU_JUDG_AG_IT_TES,4,position,Advocate General at the Court of Justice,judge,1988,1998
ACT_EU_INST_CJEU_JUDG_AG_SE_FER,1,degree,Graduated in law from the University of Lund,,1975,
ACT_EU_INST_CJEU_JUDG_AG_SE_FER,2,position,Clerk at the Landskrona District Court,civil servant; lawyer,1976,1978
ACT_EU_INST_CJEU_JUDG_AG_SE_FER,3,position,Assistant Judge at an administrative court of appeal,judge,1978,1982
ACT_EU_INST_CJEU_JUDG_AG_SE_FER,4,position,Deputy Judge at an administrative court of appeal,judge,1982,
ACT_EU_INST_CJEU_JUDG_AG_SE_FER,5,position,Legal Adviser to the Swedish Parliament's Standing Committee on the Constitution,civil servant; lawyer,1983,1985
ACT_EU_INST_CJEU_JUDG_AG_SE_FER,6,position,Legal Adviser at the Ministry of Finance,civil servant; lawyer,1985,1990
ACT_EU_INST_CJEU_JUDG_AG_SE_FER,7,position,Director of the Division for Personal Income Taxes at the Ministry of Finance,civil servant,1990,1996
ACT_EU_INST_CJEU_JUDG_AG_SE_FER,8,position,Director of the Excise Duty Division at the Ministry of Finance,civil servant,1996,1998
ACT_EU_INST_CJEU_JUDG_AG_SE_FER,9,position,Fiscal Counsellor at the Permanent Representation of Sweden to the European Union,civil servant,1998,2000
ACT_EU_INST_CJEU_JUDG_AG_SE_FER,10,position,Director-General for Legal Affairs in the Tax and Customs Department of the Ministry of Finance,civil servant; lawyer,2000,2005
ACT_EU_INST_CJEU_JUDG_AG_SE_FER,11,position,Judge at the Supreme Administrative Court,judge,2005,2009
ACT_EU_INST_CJEU_JUDG_AG_SE_FER,12,position,"President of the Administrative Court of Appeal, Gothenburg",judge,2009,2011
ACT_EU_INST_CJEU_JUDG_AG_SE_FER,13,position,Judge at the Court of Justice,judge,2011,2019
ACT_EU_INST_CJEU_JUDG_AG_FI_TII,1,degree,Doctor of Laws of the University of Helsinki,,,
ACT_EU_INST_CJEU_JUDG_AG_FI_TII,2,position,Assistant lecturer in civil and commercial law at the University of Helsinki,academic,,
ACT_EU_INST_CJEU_JUDG_AG_FI_TII,3,position,Director of Legal Affairs and Commercial Policy at the Central Chamber of Commerce of Finland,other,,
ACT_EU_INST_CJEU_JUDG_AG_FI_TII,4,position,"Director-General of the Office for Consumer Protection, Finland",civil servant,,
ACT_EU_INST_CJEU_JUDG_AG_FI_TII,5,membership,Chairperson of the Supervisory Commission for the Marketing of Medicinal Products,,1988,1990
ACT_EU_INST_CJEU_JUDG_AG_FI_TII,6,membership,Member of the Advisory Council on Consumer Affairs,,1990,1994
ACT_EU_INST_CJEU_JUDG_AG_FI_TII,7,membership,Member of the Competition Council,,1991,1994
ACT_EU_INST_CJEU_JUDG_AG_FI_TII,8,membership,Member of the editorial board of the Nordic Intellectual Property Law Review,,1982,1990
ACT_EU_INST_CJEU_JUDG_AG_FI_TII,9,position,Judge at the Court of First Instance,judge,1995,2009
ACT_EU_INST_CJEU_JUDG_AG_NL_GEE,1,position,Research Assistant at the University of Utrecht,academic,1970,1971
ACT_EU_INST_CJEU_JUDG_AG_NL_GEE,2,position,Legal Secretary at the Court of Justice of the European Communities,civil servant; lawyer,1971,1974
ACT_EU_INST_CJEU_JUDG_AG_NL_GEE,3,position,Senior Adviser at the Ministry of Justice,civil servant,1975,1982
ACT_EU_INST_CJEU_JUDG_AG_NL_GEE,4,membership,Member of the Advisory Council on Government Policy,,1983,1990
ACT_EU_INST_CJEU_JUDG_AG_NL_GEE,5,position,Various teaching assignments,academic,,
ACT_EU_INST_CJEU_JUDG_AG_NL_GEE,6,position,Secretary-General at the Ministry of Economic Affairs,civil servant,1990,1997
ACT_EU_INST_CJEU_JUDG_AG_NL_GEE,7,position,Secretary-General at the Ministry of General Affairs,civil servant,1997,2000
ACT_EU_INST_CJEU_JUDG_AG_NL_GEE,8,position,Advocate General at the Court of Justice,judge,2000,2006
ACT_EU_INST_CJEU_JUDG_AG_IT_BER,1,degree,Degree in law at Sapienza University of Rome,,1973,
ACT_EU_INST_CJEU_JUDG_AG_IT_BER,2,degree,Diploma of Advanced European Studies at the College of Europe,,1974,1975
ACT_EU_INST_CJEU_JUDG_AG_IT_BER,3,position,"Official at the 'International Affairs' Directorate of the Directorate-General for Agriculture, Commission of the European Communities",civil servant,1975,1976
ACT_EU_INST_CJEU_JUDG_AG_IT_BER,4,position,Member of the Legal Service of the Commission of the European Communities,civil servant; lawyer,1976,1991
ACT_EU_INST_CJEU_JUDG_AG_IT_BER,5,position,Member of the Legal Service of the Commission of the European Communities,civil servant; lawyer,1994,1995
ACT_EU_INST_CJEU_JUDG_AG_IT_BER,6,position,Representative of the Legal Service of the Commission of the European Communities in Luxembourg,civil servant; lawyer,1990,1991
ACT_EU_INST_CJEU_JUDG_AG_IT_BER,7,position,Legal Secretary at the Court of Justice of the European Communities in the chambers of the judge Mr G. F. Mancini,civil servant; lawyer,1991,1994
ACT_EU_INST_CJEU_JUDG_AG_IT_BER,8,position,"Legal Adviser to Mr M. Monti, member of the Commission of the European Communities",civil servant; lawyer,1995,1997
ACT_EU_INST_CJEU_JUDG_AG_IT_BER,9,position,"Legal Adviser to Mr F. Bolkestein, member of the Commission of the European Communities",civil servant; lawyer,2000,2002
ACT_EU_INST_CJEU_JUDG_AG_IT_BER,10,position,Director of the 'Procurement Policy' Directorate at the Directorate-General for the Internal Market of the Commission of the European Communities,civil servant,2002,2003
ACT_EU_INST_CJEU_JUDG_AG_IT_BER,11,position,"Director of the 'Services, Intellectual and Industrial Property, Media and Data Protection' Directorate at the Directorate-General for the Internal Market of the Commission of the European Communities",civil servant,2003,2005
ACT_EU_INST_CJEU_JUDG_AG_IT_BER,12,position,Director of the 'Services' Directorate at the Directorate-General for the Internal Market of the Commission of the European Communities,civil servant,2005,2011
ACT_EU_INST_CJEU_JUDG_AG_IT_BER,13,position,"Principal Legal Adviser and Director of the 'Justice, Freedom and Security, Private Law and Criminal Law' Team at the Legal Service of the European Commission",civil servant; lawyer,2011,2012
ACT_EU_INST_CJEU_JUDG_AG_IT_BER,14,position,Judge at the General Court,judge,2012,2019
ACT_EU_INST_CJEU_JUDG_AG_PT_CUN_ROD,1,position,Various offices within the judiciary,judge,1964,1977
ACT_EU_INST_CJEU_JUDG_AG_PT_CUN_ROD,2,position,Government assignments to carry out and coordinate studies on reform of the judicial system,civil servant,,
ACT_EU_INST_CJEU_JUDG_AG_PT_CUN_ROD,3,position,Government Agent at the European Commission of Human Rights and the European Court of Human Rights,civil servant; lawyer,1980,1984
ACT_EU_INST_CJEU_JUDG_AG_PT_CUN_ROD,4,position,Expert on the Human Rights Steering Committee of the Council of Europe,other,1980,1985
ACT_EU_INST_CJEU_JUDG_AG_PT_CUN_ROD,5,membership,Member of the Review Commission for the Criminal Code and the Code of Criminal Procedure,,,
ACT_EU_INST_CJEU_JUDG_AG_PT_CUN_ROD,6,position,Principal State Counsel,civil servant; lawyer,1984,2000
ACT_EU_INST_CJEU_JUDG_AG_PT_CUN_ROD,7,membership,Member of the Supervisory Committee of the European Union Anti-Fraud Office (OLAF),,1999,2000
ACT_EU_INST_CJEU_JUDG_AG_PT_CUN_ROD,8,position,Judge at the Court of Justice,judge,2000,2012
ACT_EU_INST_CJEU_JUDG_AG_BG_KAN,1,degree,"Master's degree in law from the University of Sofia 'Saint Clement of Ohrid', Bulgaria",,,1984
ACT_EU_INST_CJEU_JUDG_AG_BG_KAN,2,degree,"Master's degree in European law from the Institute for European Studies at the Université libre de Bruxelles, Belgium",,,2009
ACT_EU_INST_CJEU_JUDG_AG_BG_KAN,3,position,"Trainee judge at Sofiyski Okrazhen Sad (Regional Court, Sofia, Bulgaria)",judge,1985,1986
ACT_EU_INST_CJEU_JUDG_AG_BG_KAN,4,position,Legal adviser,lawyer,1986,1988
ACT_EU_INST_CJEU_JUDG_AG_BG_KAN,5,position,Lawyer at the Sofia Bar and in Brussels,lawyer,1988,2011
ACT_EU_INST_CJEU_JUDG_AG_BG_KAN,6,position,Director-General of the Services Office for the Diplomatic Corps at the Bulgarian Ministry of Foreign Affairs,civil servant,1992,1994
ACT_EU_INST_CJEU_JUDG_AG_BG_KAN,7,position,Intellectual property representative with the Patent Office of the Republic of Bulgaria,lawyer,,
ACT_EU_INST_CJEU_JUDG_AG_BG_KAN,8,position,Representative for bankruptcy and insolvency proceedings with the Ministry of Justice of the Republic of Bulgaria,lawyer,,
ACT_EU_INST_CJEU_JUDG_AG_BG_KAN,9,position,Arbitrator for the resolution of commercial disputes in Bulgaria,other,,
ACT_EU_INST_CJEU_JUDG_AG_BG_KAN,10,position,Legal adviser to the Bulgarian Parliament,lawyer,,
ACT_EU_INST_CJEU_JUDG_AG_BG_KAN,11,position,Author of several publications and books in the field of European law,academic,,
ACT_EU_INST_CJEU_JUDG_AG_BG_KAN,12,position,Judge at the General Court,judge,2011,
ACT_EU_INST_CJEU_JUDG_AG_BG_KAN,13,membership,Member of the European Women Lawyers Association (EWLA),,,
ACT_EU_INST_CJEU_JUDG_AG_BG_KAN,14,membership,Member of the 'Femmes d'Europe' Association,,,
ACT_EU_INST_CJEU_JUDG_AG_BG_KAN,15,membership,Honorary member of the Women Lawyers Association - Bulgaria,,,
ACT_EU_INST_CJEU_JUDG_AG_BG_KAN,16,membership,Member of the Academy of European Law (ERA),,,
ACT_EU_INST_CJEU_JUDG_AG_BG_KAN,17,membership,Founding member of the Association of European Competition Law Judges (AECLJ A. S. B. L.),,,
ACT_EU_INST_CJEU_JUDG_AG_BG_KAN,18,distinction,"'Silver Plaque', highest distinction of the Bar of the Republic of Bulgaria awarded by the Sofia Bar Council",,2014,
ACT_EU_INST_CJEU_JUDG_AG_BG_KAN,19,distinction,National Justice Prize 'Thémis' in the category 'Justice without Borders',,2017,
ACT_EU_INST_CJEU_JUDG_AG_BG_KAN,20,distinction,15-year Jubilee Medal from the Fondatsia 'Tsentar za obuchenie na advokati Krastyu Tsontchev' for her contribution as a Lecturer,,2020,
ACT_EU_INST_CJEU_JUDG_AG_BG_KAN,21,distinction,National Justice Prize 'Thémis' in the category 'Euro-integration and cooperation',,2020,
ACT_EU_INST_CJEU_JUDG_AG_BG_KAN,22,distinction,National Justice Prize 'Thémis' for her work as author and presenter of the segment 'The jurisprudence of the CJEU',,2024,
ACT_EU_INST_CJEU_JUDG_AG_LV_MED,1,degree,Master's degree in international maritime law,,,1995
ACT_EU_INST_CJEU_JUDG_AG_LV_MED,2,degree,Master's degree in European law,,,2002
ACT_EU_INST_CJEU_JUDG_AG_LV_MED,3,position,Head of the Legal Division and Deputy Director of the Maritime Department at the Latvian Ministry of Transport,civil servant; lawyer,1995,2002
ACT_EU_INST_CJEU_JUDG_AG_LV_MED,4,position,Adviser to the Secretary of State for European Affairs at the Latvian Ministry of Transport,civil servant,2002,
ACT_EU_INST_CJEU_JUDG_AG_LV_MED,5,position,Deputy Head of the European Affairs Office at the State Chancellery of the Republic of Latvia,civil servant,2004,2005
ACT_EU_INST_CJEU_JUDG_AG_LV_MED,6,position,Director of the Policy Planning Department at the Latvian Ministry of Justice,civil servant,2005,
ACT_EU_INST_CJEU_JUDG_AG_LV_MED,7,position,Deputy State Secretary for Sector Policy at the Latvian Ministry of Justice,civil servant,2006,
ACT_EU_INST_CJEU_JUDG_AG_LV_MED,8,position,Deputy State Secretary for Legal Policy at the Latvian Ministry of Justice,civil servant,2009,2021
ACT_EU_INST_CJEU_JUDG_AG_LV_MED,9,position,"Lecturer in European law and European institutional law at the School of Public Administration, Latvia",academic,1998,2006
ACT_EU_INST_CJEU_JUDG_AG_LV_MED,10,position,Provided training to judges and notaries on the Rome III Regulation,academic,2012,
ACT_EU_INST_CJEU_JUDG_AG_LV_MED,11,position,"Board member of the Law Faculty of the Turība Business School, Latvia",academic,2008,
ACT_EU_INST_CJEU_JUDG_AG_LV_MED,12,position,Advocate General at the Court of Justice,judge,2021,
ACT_EU_INST_CJEU_JUDG_AG_LV_MED,13,membership,Founding Member of the Association of European Competition Law Judges,,,
ACT_EU_INST_CJEU_JUDG_AG_LV_MED,14,membership,Member of the Board of the Eiropas Savienības tiesību asociācija,,,
ACT_EU_INST_CJEU_JUDG_AG_LV_MED,15,membership,Member of the e-Competitions Bulletin Advisory Board,,,
ACT_EU_INST_CJEU_JUDG_AG_LV_MED,16,distinction,Third Class Medal of Honour of the Judicial System of the Republic of Latvia,,2011,
ACT_EU_INST_CJEU_JUDG_AG_LV_MED,17,distinction,Cross of Recognition awarded by the Chancellery of the President of the Republic of Latvia,,2022,
ACT_EU_INST_CJEU_JUDG_AG_SE_LIN,1,degree,Law graduate of the University of Lund,,,
ACT_EU_INST_CJEU_JUDG_AG_SE_LIN,2,position,"Legal Secretary at the District Court, Trollhättan",civil servant,1971,1974
ACT_EU_INST_CJEU_JUDG_AG_SE_LIN,3,position,"Judge at the District Court, Trollhättan",judge,1971,1974
ACT_EU_INST_CJEU_JUDG_AG_SE_LIN,4,position,"Legal Secretary at the Court of Appeal, Stockholm",civil servant,1974,1975
ACT_EU_INST_CJEU_JUDG_AG_SE_LIN,5,position,"Judge at the District Court, Stockholm",judge,1975,1975
ACT_EU_INST_CJEU_JUDG_AG_SE_LIN,6,position,"Adviser on Legal and Administrative Matters to the President of the Court of Appeal, Stockholm",civil servant,1975,1978
ACT_EU_INST_CJEU_JUDG_AG_SE_LIN,7,position,Special Adviser at the Domstolverket (National Courts' Administration),civil servant,1977,1977
ACT_EU_INST_CJEU_JUDG_AG_SE_LIN,8,position,Adviser in the office of the Chancellor of Justice,civil servant,1979,1980
ACT_EU_INST_CJEU_JUDG_AG_SE_LIN,9,position,"Associate Judge at the Court of Appeal, Stockholm",judge,1980,1981
ACT_EU_INST_CJEU_JUDG_AG_SE_LIN,10,position,Legal Adviser at the Ministry of Trade,civil servant; lawyer,1981,1982
ACT_EU_INST_CJEU_JUDG_AG_SE_LIN,11,position,"Legal Adviser, Director and Director-General for Legal Affairs at the Ministry of Foreign Affairs",civil servant; lawyer,1982,1995
ACT_EU_INST_CJEU_JUDG_AG_SE_LIN,12,distinction,Title of Ambassador,,1992,
ACT_EU_INST_CJEU_JUDG_AG_SE_LIN,13,position,Vice-President at the Swedish Market Court,judge,,
ACT_EU_INST_CJEU_JUDG_AG_SE_LIN,14,position,"Deputy Chairperson, then Chairperson, of the EFTA Group during the EEA negotiations",other,,
ACT_EU_INST_CJEU_JUDG_AG_SE_LIN,15,position,"Deputy Chairperson, then Chairperson, of the EFTA Group during the negotiations for the accession of the Kingdom of Sweden to the European Union",other,,
ACT_EU_INST_CJEU_JUDG_AG_SE_LIN,16,position,Judge at the Court of First Instance,judge,1995,2006
ACT_EU_INST_CJEU_JUDG_AG_SE_LIN,17,position,Judge at the Court of Justice,judge,2006,2011
ACT_EU_INST_CJEU_JUDG_AG_IE_MAC_EOC,1,degree,"Graduated in law from University College Dublin, National University of Ireland",,1984,
ACT_EU_INST_CJEU_JUDG_AG_IE_MAC_EOC,2,membership,Admitted to the Irish Bar with the Honorable Society of King's Inns Dublin,,1987,
ACT_EU_INST_CJEU_JUDG_AG_IE_MAC_EOC,3,position,European Officer at the Law Society of England and Wales,civil servant,1988,1990
ACT_EU_INST_CJEU_JUDG_AG_IE_MAC_EOC,4,position,Represented the Law Society and the Law Society of Scotland at the institutions of the European Communities in Brussels,civil servant,1990,1993
ACT_EU_INST_CJEU_JUDG_AG_IE_MAC_EOC,5,position,Barrister at the Irish Bar,lawyer,1993,2009
ACT_EU_INST_CJEU_JUDG_AG_IE_MAC_EOC,6,position,Senior Counsel,lawyer,2009,
ACT_EU_INST_CJEU_JUDG_AG_IE_MAC_EOC,7,position,"Lecturer in competition law at the Honorable Society of King's Inns, Dublin",academic,1993,1999
ACT_EU_INST_CJEU_JUDG_AG_IE_MAC_EOC,8,position,Lecturer at the China-EU School of Law of the Zhōngguó Zhèngfǎ Dàxué (China),academic,,
ACT_EU_INST_CJEU_JUDG_AG_IE_MAC_EOC,9,position,Judge at the High Court (Ireland),judge,2012,
ACT_EU_INST_CJEU_JUDG_AG_IE_MAC_EOC,10,position,President of the Immigration and Asylum Division of the High Court (Ireland),judge,2014,2017
ACT_EU_INST_CJEU_JUDG_AG_IE_MAC_EOC,11,position,Judge at the General Court,judge,2017,
ACT_EU_INST_CJEU_JUDG_AG_IE_MAC_EOC,12,membership,Board Member of the Irish Society for European Law,,,
ACT_EU_INST_CJEU_JUDG_AG_IE_MAC_EOC,13,membership,Bencher of the Honorable Society of King's Inns,,,
ACT_EU_INST_CJEU_JUDG_AG_ES_SAM_PUC,1,degree,Graduated in law,,1997,
ACT_EU_INST_CJEU_JUDG_AG_ES_SAM_PUC,2,degree,Graduated in business administration,,1998,
ACT_EU_INST_CJEU_JUDG_AG_ES_SAM_PUC,3,position,Abogado del Estado representing the State before Spanish courts,civil servant; lawyer,2002,2005
ACT_EU_INST_CJEU_JUDG_AG_ES_SAM_PUC,4,position,Member of the Legal Service of the Spanish Ministry of Culture,civil servant,2005,2006
ACT_EU_INST_CJEU_JUDG_AG_ES_SAM_PUC,5,position,Member of the Legal Service of the Spanish Ministry of Foreign Affairs responsible for matters relating to the Court of Justice of the European Union,civil servant,2006,2007
ACT_EU_INST_CJEU_JUDG_AG_ES_SAM_PUC,6,position,Abogado del Estado-Legal Adviser to the Spanish Permanent Representation to the European Union,civil servant; lawyer,2007,2014
ACT_EU_INST_CJEU_JUDG_AG_ES_SAM_PUC,7,position,Deputy Director-General for EU and International Affairs at the Abogacía General del Estado,civil servant; lawyer,2014,
ACT_EU_INST_CJEU_JUDG_AG_ES_SAM_PUC,8,position,Head Abogado del Estado of the State Legal Service at the Spanish Ministry of Foreign Affairs and Cooperation responsible for cases before the Court of Justice of the European Union,civil servant; lawyer,,2019
ACT_EU_INST_CJEU_JUDG_AG_ES_SAM_PUC,9,position,Member of the board of directors of state-owned undertakings,other,,
ACT_EU_INST_CJEU_JUDG_AG_ES_SAM_PUC,10,position,Judge at the General Court,judge,2019,
ACT_EU_INST_CJEU_JUDG_AG_ES_SAM_PUC,11,position,President of Chamber at the General Court,judge,2025,
ACT_EU_INST_CJEU_JUDG_AG_ES_SAM_PUC,12,membership,Member of the Asociación Española para el Estudio del Derecho Europeo,,,
ACT_EU_INST_CJEU_JUDG_AG_ES_SAM_PUC,13,membership,Member of the Asociación de Abogados del Estado,,,
ACT_EU_INST_CJEU_JUDG_AG_ES_SAM_PUC,14,membership,Member of the board of advisors of the Revista de Derecho Comunitario Europeo,,,
ACT_EU_INST_CJEU_JUDG_AG_ES_SAM_PUC,15,membership,Member of the Association of European Competition Law Judges (AECLJ),,,
ACT_EU_INST_CJEU_JUDG_AG_ES_SAM_PUC,16,distinction,Cruz Distinguida de Primera Clase de San Raimundo de Peñafort del Ministerio de Justicia,,2016,
ACT_EU_INST_CJEU_JUDG_AG_ES_SAM_PUC,17,distinction,Encomienda de la Orden del Mérito Civil del Ministerio de Asuntos Exteriores y Cooperación,,2019,
ACT_EU_INST_CJEU_JUDG_AG_DK_VES,1,position,Lawyer-linguist at the Court of Justice,civil servant; lawyer,,
ACT_EU_INST_CJEU_JUDG_AG_DK_VES,2,position,Administrator in the Ministry of Justice,civil servant,,
ACT_EU_INST_CJEU_JUDG_AG_DK_VES,3,position,Examining Magistrate,judge,,
ACT_EU_INST_CJEU_JUDG_AG_DK_VES,4,position,Legal Attaché in the Permanent Representation of Denmark to the European Communities,civil servant,,
ACT_EU_INST_CJEU_JUDG_AG_DK_VES,5,position,Temporary Judge at the Østre Landsret (Court of Appeal),judge,,
ACT_EU_INST_CJEU_JUDG_AG_DK_VES,6,position,Head of the Constitutional and Administrative Law Division in the Ministry of Justice,civil servant,,
ACT_EU_INST_CJEU_JUDG_AG_DK_VES,7,position,Director of a department in the Ministry of Justice,civil servant,,
ACT_EU_INST_CJEU_JUDG_AG_DK_VES,8,position,University Lecturer,academic,,
ACT_EU_INST_CJEU_JUDG_AG_DK_VES,9,membership,Member of the Steering Committee on Human Rights at the Council of Europe (CDDH),,,
ACT_EU_INST_CJEU_JUDG_AG_DK_VES,10,membership,Member of the Bureau of the CDDH,,,
ACT_EU_INST_CJEU_JUDG_AG_DK_VES,11,membership,"Member of the 'Ad-hoc committee on judicial training' at the Academy of European Law, Trier (Germany)",,2004,
ACT_EU_INST_CJEU_JUDG_AG_DK_VES,12,position,Judge at the Court of First Instance,judge,1989,
ACT_EU_INST_CJEU_JUDG_AG_DK_VES,13,position,President of the Court of First Instance,judge,1998,2007
ACT_EU_INST_CJEU_JUDG_AG_FI_JAA,1,degree,Law degree from University of Helsinki,,1980,
ACT_EU_INST_CJEU_JUDG_AG_FI_JAA,2,degree,Postgraduate law degree from University of Helsinki,,1982,
ACT_EU_INST_CJEU_JUDG_AG_FI_JAA,3,degree,Doctoral thesis in law at University of Helsinki,,2008,
ACT_EU_INST_CJEU_JUDG_AG_FI_JAA,4,position,Lecturer in law at the University of Helsinki,academic,1980,1986
ACT_EU_INST_CJEU_JUDG_AG_FI_JAA,5,position,"Legal secretary and acting judge at the District Court, Rovaniemi, Finland",judge,1983,1983
ACT_EU_INST_CJEU_JUDG_AG_FI_JAA,6,position,Legal adviser at the Finnish Ministry of Justice,civil servant; lawyer,1987,1989
ACT_EU_INST_CJEU_JUDG_AG_FI_JAA,7,position,Head of the European Law Section at the Finnish Ministry of Justice,civil servant,1990,1995
ACT_EU_INST_CJEU_JUDG_AG_FI_JAA,8,position,Legal adviser at the Finnish Ministry of Foreign Affairs,civil servant; lawyer,1989,1990
ACT_EU_INST_CJEU_JUDG_AG_FI_JAA,9,position,Advisor and a clerk for European affairs of the Grand Committee of the Finnish Parliament,civil servant,1995,2000
ACT_EU_INST_CJEU_JUDG_AG_FI_JAA,10,position,"Acting judge at the Supreme Administrative Court, Finland",judge,2000,2002
ACT_EU_INST_CJEU_JUDG_AG_FI_JAA,11,position,"Judge at the Supreme Administrative Court, Finland",judge,2003,2009
ACT_EU_INST_CJEU_JUDG_AG_FI_JAA,12,position,Advocate General at the Court of Justice,judge,2009,2015
ACT_EU_INST_CJEU_JUDG_AG_FI_JAA,13,position,"Judge at the Supreme Administrative Court, Finland",judge,2015,2019
ACT_EU_INST_CJEU_JUDG_AG_FI_JAA,14,position,"Vice-President at the Supreme Administrative Court, Finland",judge,2018,2019
ACT_EU_INST_CJEU_JUDG_AG_FI_JAA,15,position,Judge at the Court of Justice,judge,2019,
ACT_EU_INST_CJEU_JUDG_AG_FI_JAA,16,membership,"Member of the Advisory Board of the Faculty of Law, University of Helsinki",,,
ACT_EU_INST_CJEU_JUDG_AG_FI_JAA,17,distinction,Commander of the Order of the White Rose of Finland,,2008,
ACT_EU_INST_CJEU_JUDG_AG_FI_JAA,18,distinction,"Commander, First Class, of the Order of the White Rose of Finland",,2019,
ACT_EU_INST_CJEU_JUDG_AG_FI_JAA,19,distinction,"Knight, First Class, of the Order of the Lion of Finland",,1994,
ACT_EU_INST_CJEU_JUDG_AG_FI_JAA,20,distinction,Medal of merit for 30 years of state service,,2018,
ACT_EU_INST_CJEU_JUDG_AG_DE_DIT,1,degree,Studied law at the University of Erlangen-Nuremberg,,1970,1975
ACT_EU_INST_CJEU_JUDG_AG_DE_DIT,2,position,Articled law clerk in the Nuremberg Higher Regional Court district,lawyer,1975,1978
ACT_EU_INST_CJEU_JUDG_AG_DE_DIT,3,position,Adviser at the Federal Ministry of Economic Affairs,civil servant; lawyer,1978,1982
ACT_EU_INST_CJEU_JUDG_AG_DE_DIT,4,position,Counsellor at the Permanent Representation of the Federal Republic of Germany to the European Communities,civil servant,1982,
ACT_EU_INST_CJEU_JUDG_AG_DE_DIT,5,position,Adviser at the Federal Ministry of Economic Affairs responsible for Community law and competition issues,civil servant; lawyer,1983,1992
ACT_EU_INST_CJEU_JUDG_AG_DE_DIT,6,position,Head of the EU Law Section at the Federal Ministry of Justice,civil servant; lawyer,1992,2007
ACT_EU_INST_CJEU_JUDG_AG_DE_DIT,7,position,Head of the German delegation on the Council Working Party on the Court of Justice,civil servant,,
ACT_EU_INST_CJEU_JUDG_AG_DE_DIT,8,position,Agent of the Federal Government in cases before the Court of Justice of the European Communities,civil servant; lawyer,,
ACT_EU_INST_CJEU_JUDG_AG_DE_DIT,9,position,Judge at the General Court,judge,2007,2019
ACT_EU_INST_CJEU_JUDG_AG_AT_JAN,1,degree,Doctor of Law of the University of Vienna,,1957,
ACT_EU_INST_CJEU_JUDG_AG_AT_JAN,2,position,Judge assigned to the Federal Ministry of Justice,judge,1961,
ACT_EU_INST_CJEU_JUDG_AG_AT_JAN,3,position,"Judge in press matters at the Straf-Bezirksgericht, Vienna",judge,1963,1966
ACT_EU_INST_CJEU_JUDG_AG_AT_JAN,4,position,Spokesman of the Federal Ministry of Justice,civil servant,1966,1970
ACT_EU_INST_CJEU_JUDG_AG_AT_JAN,5,position,Appointed to the international affairs department of the Federal Ministry of Justice,civil servant,,
ACT_EU_INST_CJEU_JUDG_AG_AT_JAN,6,position,Adviser to the Justice Committee and spokesman at the Parliament,politician,1973,1978
ACT_EU_INST_CJEU_JUDG_AG_AT_JAN,7,position,Member of the Constitutional Court,judge,1978,
ACT_EU_INST_CJEU_JUDG_AG_AT_JAN,8,position,Permanent Judge-Rapporteur at the Constitutional Court,judge,,1994
ACT_EU_INST_CJEU_JUDG_AG_AT_JAN,9,position,Judge at the Court of Justice,judge,1995,2009
ACT_EU_INST_CJEU_JUDG_AG_NL_BRI,1,position,"Executive Secretary at D. Hudig & Co., Insurance Broker",other,,
ACT_EU_INST_CJEU_JUDG_AG_NL_BRI,2,position,Executive Secretary at Granaria B. V.,other,,
ACT_EU_INST_CJEU_JUDG_AG_NL_BRI,3,position,"Judge at Arrondissementsrechtsbank (District Court), Rotterdam",judge,,
ACT_EU_INST_CJEU_JUDG_AG_NL_BRI,4,membership,Member of the Court of Justice of the Dutch Antilles,,,
ACT_EU_INST_CJEU_JUDG_AG_NL_BRI,5,position,"Cantonal Judge, Rotterdam",judge,,
ACT_EU_INST_CJEU_JUDG_AG_NL_BRI,6,position,Vice-President at Arrondissementsrechtsbank Rotterdam,judge,,
ACT_EU_INST_CJEU_JUDG_AG_NL_BRI,7,position,Judge at the Court of First Instance,judge,1989,1998
ACT_EU_INST_CJEU_JUDG_AG_EE_PIK,1,degree,"Graduated in law from Tartu Ülikool (University of Tartu, Estonia)",,1997,
ACT_EU_INST_CJEU_JUDG_AG_EE_PIK,2,degree,"Continued law studies at the université de Poitiers (University of Poitiers, France)",,,
ACT_EU_INST_CJEU_JUDG_AG_EE_PIK,3,degree,Doctor of Laws from Tartu Ülikool,,2006,
ACT_EU_INST_CJEU_JUDG_AG_EE_PIK,4,position,Director of the 7th Office of the Consular Department of the Estonian Ministry of Foreign Affairs,civil servant,1995,1996
ACT_EU_INST_CJEU_JUDG_AG_EE_PIK,5,position,Director of the Criminal Law Department in the Estonian Ministry of Justice,civil servant,1996,2001
ACT_EU_INST_CJEU_JUDG_AG_EE_PIK,6,position,"Judge at the Harju Maakohtu Tallinna kohtumaja (Court of Tallinn, Estonia)",judge,2001,2002
ACT_EU_INST_CJEU_JUDG_AG_EE_PIK,7,position,"Judge at the Tallinna Ringkonnakohtus (Court of Appeal of Tallinn, Estonia)",judge,2002,2006
ACT_EU_INST_CJEU_JUDG_AG_EE_PIK,8,position,"Judge at the Riigikohus (Supreme Court, Estonia)",judge,2006,2009
ACT_EU_INST_CJEU_JUDG_AG_EE_PIK,9,position,President of the Criminal Chamber of the Riigikohus,judge,2010,2013
ACT_EU_INST_CJEU_JUDG_AG_EE_PIK,10,position,President of the Riigikohus,judge,2013,2019
ACT_EU_INST_CJEU_JUDG_AG_EE_PIK,11,position,"Ad hoc judge at the European Court of Human Rights (Strasbourg, France)",judge,2010,2016
ACT_EU_INST_CJEU_JUDG_AG_EE_PIK,12,position,"President of the Kohtute Haldamise Nõukoda (Council responsible for the administration of first-instance and appellate courts, Estonia)",other,2013,2019
ACT_EU_INST_CJEU_JUDG_AG_EE_PIK,13,position,President of the Network of the Presidents of the Supreme Judicial Courts of the European Union,other,2017,2019
ACT_EU_INST_CJEU_JUDG_AG_EE_PIK,14,position,Visiting professor teaching law at Tartu Ülikool,academic,2012,2017
ACT_EU_INST_CJEU_JUDG_AG_EE_PIK,15,position,Advocate General at the Court of Justice,judge,2019,2024
ACT_EU_INST_CJEU_JUDG_AG_IT_MEN,1,position,Professor of International Law and holder of the Jean Monnet Chair of European Community law at the University of Bologna,academic,,
ACT_EU_INST_CJEU_JUDG_AG_IT_MEN,2,distinction,"Doctor honoris causa of the Carlos III University, Madrid",,,
ACT_EU_INST_CJEU_JUDG_AG_IT_MEN,3,position,Visiting Professor at the Johns Hopkins University (Bologna Center),academic,,
ACT_EU_INST_CJEU_JUDG_AG_IT_MEN,4,position,"Visiting Professor at the Universities of St. Johns (New York), Georgetown, Paris II and Georgia (Athens)",academic,,
ACT_EU_INST_CJEU_JUDG_AG_IT_MEN,5,position,Visiting Professor at the Institut universitaire international (Luxembourg),academic,,
ACT_EU_INST_CJEU_JUDG_AG_IT_MEN,6,position,Coordinator of the European Business Law Pallas Programme of the University of Nijmegen,academic,,
ACT_EU_INST_CJEU_JUDG_AG_IT_MEN,7,membership,Member of the Consultative Committee of the Commission of the European Communities on Public Procurement,,,
ACT_EU_INST_CJEU_JUDG_AG_IT_MEN,8,position,Under-Secretary of State for Trade and Industry during the Italian tenure of the Presidency of the Council,politician,,
ACT_EU_INST_CJEU_JUDG_AG_IT_MEN,9,membership,Member of the Working Group of the European Community on the World Trade Organisation (WTO),,,
ACT_EU_INST_CJEU_JUDG_AG_IT_MEN,10,position,"Director of the 1997 session of the research centre of The Hague Academy of International Law, devoted to the WTO",academic,1997,
ACT_EU_INST_CJEU_JUDG_AG_IT_MEN,11,position,Judge at the Court of First Instance,judge,1998,2006
ACT_EU_INST_CJEU_JUDG_AG_IT_MEN,12,position,Advocate General at the Court of Justice,judge,2006,2018
ACT_EU_INST_CJEU_JUDG_AG_FR_MAY,1,degree,Postgraduate studies in public law and political economy,,,
ACT_EU_INST_CJEU_JUDG_AG_FR_MAY,2,position,Agent of the Government at the Franco-Italian Conciliation Commission,civil servant; lawyer,1949,1951
ACT_EU_INST_CJEU_JUDG_AG_FR_MAY,3,position,Technical Adviser in the office of the Minister for Justice,civil servant,1952,1953
ACT_EU_INST_CJEU_JUDG_AG_FR_MAY,4,position,Legal Assistant at the Council of State,civil servant; lawyer,,1954
ACT_EU_INST_CJEU_JUDG_AG_FR_MAY,5,position,Legal Adviser at the Council of State,civil servant; lawyer,1954,
ACT_EU_INST_CJEU_JUDG_AG_FR_MAY,6,position,Judge at the Council of State,judge,1972,
ACT_EU_INST_CJEU_JUDG_AG_FR_MAY,7,position,Legal Adviser of the French Embassy in Morocco,lawyer,1956,1958
ACT_EU_INST_CJEU_JUDG_AG_FR_MAY,8,position,Commissaire du gouvernement in the Judicial Division of the Council of State,civil servant; lawyer,1958,1961
ACT_EU_INST_CJEU_JUDG_AG_FR_MAY,9,position,President of the Administrative Chamber of the Supreme Court of Morocco,judge,1961,1964
ACT_EU_INST_CJEU_JUDG_AG_FR_MAY,10,position,Director of Judicial Services at the Ministry for Justice,civil servant,1964,
ACT_EU_INST_CJEU_JUDG_AG_FR_MAY,11,position,Senior Lecturer at the École nationale d'administration,academic,,
ACT_EU_INST_CJEU_JUDG_AG_FR_MAY,12,position,"Assistant Lecturer at the Faculty of Law, Rabat",academic,,
ACT_EU_INST_CJEU_JUDG_AG_FR_MAY,13,position,Professor at the Moroccan School of Administration,academic,,
ACT_EU_INST_CJEU_JUDG_AG_FR_MAY,14,position,Advocate General at the Court of Justice,judge,1972,1981
ACT_EU_INST_CJEU_JUDG_AG_LU_SCHI,1,degree,Doctor of Laws,,1964,
ACT_EU_INST_CJEU_JUDG_AG_LU_SCHI,2,position,Lawyer,lawyer,1964,
ACT_EU_INST_CJEU_JUDG_AG_LU_SCHI,3,position,Lawyer-advocate,lawyer,1967,
ACT_EU_INST_CJEU_JUDG_AG_LU_SCHI,4,position,General Administrator at the Ministry of Labour and Social Security,civil servant,,
ACT_EU_INST_CJEU_JUDG_AG_LU_SCHI,5,membership,Member of the Economic and Social Council,,1978,1989
ACT_EU_INST_CJEU_JUDG_AG_LU_SCHI,6,position,President of the Economic and Social Council,other,1988,1989
ACT_EU_INST_CJEU_JUDG_AG_LU_SCHI,7,position,Director of the Société nationale de crédit et d'investissement,other,,1989
ACT_EU_INST_CJEU_JUDG_AG_LU_SCHI,8,position,Director of the Société européenne des satellites,other,,1989
ACT_EU_INST_CJEU_JUDG_AG_LU_SCHI,9,membership,Member of the International University Institute of Luxembourg,,1993,1995
ACT_EU_INST_CJEU_JUDG_AG_LU_SCHI,10,position,Chairman of the Board of the International University Institute of Luxembourg,other,1995,2004
ACT_EU_INST_CJEU_JUDG_AG_LU_SCHI,11,position,Lecturer at the University of Luxembourg,academic,,
ACT_EU_INST_CJEU_JUDG_AG_LU_SCHI,12,position,Government Representative on committees including the European Social Fund Committee,civil servant,,1989
ACT_EU_INST_CJEU_JUDG_AG_LU_SCHI,13,position,Judge at the Court of First Instance,judge,1989,1996
ACT_EU_INST_CJEU_JUDG_AG_LU_SCHI,14,position,Judge at the Court of Justice,judge,1996,2008
ACT_EU_INST_CJEU_JUDG_AG_LU_KAS,1,degree,Doctor of Laws,,,
ACT_EU_INST_CJEU_JUDG_AG_LU_KAS,2,degree,Special degree in Administrative Law from Université libre de Bruxelles,,1970,
ACT_EU_INST_CJEU_JUDG_AG_LU_KAS,3,degree,"Graduated from the Institut d'études politiques, Paris (Ecofin)",,1972,
ACT_EU_INST_CJEU_JUDG_AG_LU_KAS,4,position,Trainee lawyer,lawyer,,
ACT_EU_INST_CJEU_JUDG_AG_LU_KAS,5,position,Legal Adviser of the Banque de Paris et des Pays-Bas,lawyer,1972,1973
ACT_EU_INST_CJEU_JUDG_AG_LU_KAS,6,position,"Attaché, then Legation Secretary at the Ministry of Foreign Affairs",civil servant,1973,1976
ACT_EU_INST_CJEU_JUDG_AG_LU_KAS,7,position,Chairman of working groups of the Council of Ministers,civil servant,1976,
ACT_EU_INST_CJEU_JUDG_AG_LU_KAS,8,position,"First Embassy Secretary (Paris), Deputy Permanent Representative to the OECD (liaison officer to UNESCO)",civil servant,1976,1979
ACT_EU_INST_CJEU_JUDG_AG_LU_KAS,9,position,Head of the Office of the Vice-President of the Government,civil servant,1979,1980
ACT_EU_INST_CJEU_JUDG_AG_LU_KAS,10,position,"Chairman of the EPC working groups (Asia, Africa, Latin America)",civil servant,,
ACT_EU_INST_CJEU_JUDG_AG_LU_KAS,11,position,"Adviser, then Deputy Head of Cabinet, of the President of the Commission of the European Communities",civil servant,1981,
ACT_EU_INST_CJEU_JUDG_AG_LU_KAS,12,position,"Director, Budget and Staff Matters, at the General Secretariat of the Council of Ministers",civil servant,1981,1984
ACT_EU_INST_CJEU_JUDG_AG_LU_KAS,13,position,Special Adviser at the Permanent Representation to the European Communities,civil servant,1984,1985
ACT_EU_INST_CJEU_JUDG_AG_LU_KAS,14,position,Chairman of the Budgetary Committee,civil servant,,
ACT_EU_INST_CJEU_JUDG_AG_LU_KAS,15,position,"Minister Plenipotentiary, Director of Political and Cultural Affairs",civil servant,1986,1991
ACT_EU_INST_CJEU_JUDG_AG_LU_KAS,16,position,Diplomatic Adviser of the Prime Minister,civil servant,1986,1991
ACT_EU_INST_CJEU_JUDG_AG_LU_KAS,17,position,"Ambassador to Greece, non-resident",civil servant,1989,1991
ACT_EU_INST_CJEU_JUDG_AG_LU_KAS,18,position,Chairman of the Policy Committee,civil servant,1991,
ACT_EU_INST_CJEU_JUDG_AG_LU_KAS,19,position,"Ambassador, Permanent Representative to the European Communities",civil servant,1991,1998
ACT_EU_INST_CJEU_JUDG_AG_LU_KAS,20,position,Chairman of Coreper,civil servant,1997,
ACT_EU_INST_CJEU_JUDG_AG_LU_KAS,21,position,Ambassador in Brussels,civil servant,1998,2002
ACT_EU_INST_CJEU_JUDG_AG_LU_KAS,22,position,Permanent Representative to NATO,civil servant,1998,2002
ACT_EU_INST_CJEU_JUDG_AG_LU_KAS,23,position,Marshal of the Court and Head of the Office of HRH the Grand Duke,civil servant,2002,2007
ACT_EU_INST_CJEU_JUDG_AG_LU_KAS,24,position,Judge at the Court of Justice,judge,2008,2013
ACT_EU_INST_CJEU_JUDG_AG_NL_WOU,1,degree,Law degree from Rijksuniversiteit Groningen,,,1983
ACT_EU_INST_CJEU_JUDG_AG_NL_WOU,2,degree,Studied at the College of Europe,,,1984
ACT_EU_INST_CJEU_JUDG_AG_NL_WOU,3,position,Assistant lecturer at College of Europe,academic,,1986
ACT_EU_INST_CJEU_JUDG_AG_NL_WOU,4,position,Lecturer at Universiteit Leiden,academic,1986,1987
ACT_EU_INST_CJEU_JUDG_AG_NL_WOU,5,position,Professor of Law at Erasmus Universiteit Rotterdam,academic,2000,
ACT_EU_INST_CJEU_JUDG_AG_NL_WOU,6,position,Worked for the Commission of the European Communities as a rapporteur in the Directorate-General for Competition,civil servant,1987,1989
ACT_EU_INST_CJEU_JUDG_AG_NL_WOU,7,position,Legal secretary to the judges Thymen Koopmans and Paul Joan George Kapteyn at the Court of Justice of the European Communities,lawyer,1989,1992
ACT_EU_INST_CJEU_JUDG_AG_NL_WOU,8,position,Administrator in the Coordination Unit of the Directorate-General for Competition at the European Commission,civil servant,1992,1993
ACT_EU_INST_CJEU_JUDG_AG_NL_WOU,9,position,Member of the Commission's legal service,civil servant; lawyer,1993,1995
ACT_EU_INST_CJEU_JUDG_AG_NL_WOU,10,membership,Member of the Brussels Bar,,1995,
ACT_EU_INST_CJEU_JUDG_AG_NL_WOU,11,position,Judge at the General Court,judge,2010,
ACT_EU_INST_CJEU_JUDG_AG_NL_WOU,12,position,President of Chamber at the General Court,judge,2013,
ACT_EU_INST_CJEU_JUDG_AG_NL_WOU,13,position,Vice-President of the General Court,judge,2016,
ACT_EU_INST_CJEU_JUDG_AG_NL_WOU,14,position,President of the General Court,judge,2019,
ACT_EU_INST_CJEU_JUDG_AG_NL_WOU,15,membership,Member of the Advisory Board of the Europäische Rechtsakademie (ERA) Trier,,,
ACT_EU_INST_CJEU_JUDG_AG_NL_WOU,16,membership,Member of the Advisory Board of the Toulouse School of Economics executive education program in antitrust,,,
ACT_EU_INST_CJEU_JUDG_AG_NL_WOU,17,membership,Member of the Board of Trustees of the Europa Instituut de Leiden,,,
ACT_EU_INST_CJEU_JUDG_AG_NL_WOU,18,membership,Member of the editorial committee of Sociaal Economische Wetgeving,,,
ACT_EU_INST_CJEU_JUDG_AG_NL_WOU,19,membership,Member of the scientific committee of Revue Concurrences,,,
ACT_EU_INST_CJEU_JUDG_AG_IT_CAP,1,degree,Graduated in law from Naples,,1945,
ACT_EU_INST_CJEU_JUDG_AG_IT_CAP,2,position,Assistant Lecturer at the University of Naples,academic,1946,1952
ACT_EU_INST_CJEU_JUDG_AG_IT_CAP,3,position,Professor in international law,academic,1951,
ACT_EU_INST_CJEU_JUDG_AG_IT_CAP,4,position,Responsible for international law at the University of Naples,academic,1951,1954
ACT_EU_INST_CJEU_JUDG_AG_IT_CAP,5,position,Professor Extraordinary of Institutions Governed by Public Law at the University of Cagliari,academic,1954,
ACT_EU_INST_CJEU_JUDG_AG_IT_CAP,6,position,Resident Professor of International Law at the University of Bari,academic,1955,1968
ACT_EU_INST_CJEU_JUDG_AG_IT_CAP,7,position,Professor in International Organisation at the University of Naples,academic,1968,
ACT_EU_INST_CJEU_JUDG_AG_IT_CAP,8,position,Director of the Institute of Public Law in the Faculty of Economics and Commerce at the University of Naples,academic,1970,
ACT_EU_INST_CJEU_JUDG_AG_IT_CAP,9,position,Professor of Private International Law in the Faculty of Political Science at the University of Rome,academic,1970,1976
ACT_EU_INST_CJEU_JUDG_AG_IT_CAP,10,position,Judge at the Court of Justice,judge,1976,1976
ACT_EU_INST_CJEU_JUDG_AG_IT_CAP,11,position,Advocate General at the Court of Justice,other,1976,1982
ACT_EU_INST_CJEU_JUDG_AG_LU_BIL,1,degree,Master's degree in law,,1981,
ACT_EU_INST_CJEU_JUDG_AG_LU_BIL,2,degree,Diploma of advanced studies in Community law,,1982,
ACT_EU_INST_CJEU_JUDG_AG_LU_BIL,3,degree,Graduated from the Paris Institute of Political Studies,,1982,
ACT_EU_INST_CJEU_JUDG_AG_LU_BIL,4,membership,Member of the Bar of the Grand Duchy of Luxembourg,,1987,
ACT_EU_INST_CJEU_JUDG_AG_LU_BIL,5,position,Practised as a lawyer,lawyer,1987,1999
ACT_EU_INST_CJEU_JUDG_AG_LU_BIL,6,position,Secretary of the Christian Social Party,politician,1983,1994
ACT_EU_INST_CJEU_JUDG_AG_LU_BIL,7,position,Councillor of the town of Esch-sur-Alzette,politician,1987,1999
ACT_EU_INST_CJEU_JUDG_AG_LU_BIL,8,position,Deputy Mayor of the town of Esch-sur-Alzette,politician,1997,1999
ACT_EU_INST_CJEU_JUDG_AG_LU_BIL,9,position,Alternate Member of the Luxembourg delegation to the Committee of the Regions of the European Union,politician,1994,1999
ACT_EU_INST_CJEU_JUDG_AG_LU_BIL,10,position,Elected as a Member of the Luxembourg Parliament,politician,1994,
ACT_EU_INST_CJEU_JUDG_AG_LU_BIL,11,position,"Minister for Labour and Employment, Minister for Religious Affairs, Minister for Relations with Parliament and Minister with responsibility for Communications in the Luxembourg Government",politician,1999,2004
ACT_EU_INST_CJEU_JUDG_AG_LU_BIL,12,position,"Minister for Labour and Employment, Minister for Religious Affairs and Minister for Culture, Higher Education and Research in the Luxembourg Government",politician,2004,2009
ACT_EU_INST_CJEU_JUDG_AG_LU_BIL,13,position,"Minister for Justice, Minister for the Civil Service and Administrative Reform, Minister for Higher Education and Research, Minister for Communications and the Media and Minister for Religious Affairs in the Luxembourg Government",politician,2009,2013
ACT_EU_INST_CJEU_JUDG_AG_LU_BIL,14,position,Chaired configurations of the Council of the European Union,politician,2005,
ACT_EU_INST_CJEU_JUDG_AG_LU_BIL,15,position,Joint President of the Ministerial Conference of the Bologna Process,politician,2005,2009
ACT_EU_INST_CJEU_JUDG_AG_LU_BIL,16,position,Joint President of the Interministerial Conference of the European Space Agency (ESA),politician,2012,2013
ACT_EU_INST_CJEU_JUDG_AG_LU_BIL,17,position,Judge at the Court of Justice,judge,2013,
ACT_EU_INST_CJEU_JUDG_AG_LU_BIL,18,position,President of Chamber at the Court of Justice,judge,2024,
ACT_EU_INST_CJEU_JUDG_AG_LU_BIL,19,membership,Alternate member of the Ethics Committee of the Conseil d'État de Luxembourg,,2021,2023
ACT_EU_INST_CJEU_JUDG_AG_LU_BIL,20,membership,Member of the Advisory Board of the Jean Monnet Chair 'EU Values & DIGitalization for Our CommuNITY (DIGNITY)' at Management Center Innsbruck,,,
ACT_EU_INST_CJEU_JUDG_AG_LU_BIL,21,membership,Member of the scientific committee of Revue trimestrielle des droits de l'homme (Belgium),,,
ACT_EU_INST_CJEU_JUDG_AG_LU_BIL,22,distinction,"Commander Grand Cross, Order of the Lion of the Republic of Finland",,2009,
ACT_EU_INST_CJEU_JUDG_AG_LU_BIL,23,distinction,Commander in the Order of Merit of Hungary,,2012,
ACT_EU_INST_CJEU_JUDG_AG_LU_BIL,24,distinction,Grand Officer of the Order of Civil and Military Merit of Adolphe of Nassau,,2004,
ACT_EU_INST_CJEU_JUDG_AG_LU_BIL,25,distinction,Grand Officer of the Order of the Oak Crown of the Grand Duchy of Luxembourg,,2004,
ACT_EU_INST_CJEU_JUDG_AG_LU_BIL,26,distinction,Grosser Tiroler Adler-Orden,,2012,
ACT_EU_INST_CJEU_JUDG_AG_LU_BIL,27,distinction,Grã-Cruz da Ordem do Infante Dom Henrique,,2005,
ACT_EU_INST_CJEU_JUDG_AG_LU_BIL,28,distinction,Officer of the Order of Merit of Luxembourg,,1999,
ACT_EU_INST_CJEU_JUDG_AG_LU_BIL,29,distinction,Order of the Gold Lion of the House of Nassau,,2012,
ACT_EU_INST_CJEU_JUDG_AG_HR_ROD,1,degree,Law degree from Sveučilište u Zagrebu,,1987,
ACT_EU_INST_CJEU_JUDG_AG_HR_ROD,2,degree,Master of Laws from the University of Michigan,,1992,
ACT_EU_INST_CJEU_JUDG_AG_HR_ROD,3,degree,Doctor of Laws from Sveučilište u Zagrebu,,1995,
ACT_EU_INST_CJEU_JUDG_AG_HR_ROD,4,distinction,Fulbright Fellow and Visiting Scholar at Harvard University,,2001,2002
ACT_EU_INST_CJEU_JUDG_AG_HR_ROD,5,position,Tenure track professor at Sveučilište u Zagrebu,academic,1987,
ACT_EU_INST_CJEU_JUDG_AG_HR_ROD,6,position,Professor of EU law at Sveučilište u Zagrebu,academic,2003,
ACT_EU_INST_CJEU_JUDG_AG_HR_ROD,7,distinction,Awarded the Jean Monnet Chair,,2006,
ACT_EU_INST_CJEU_JUDG_AG_HR_ROD,8,distinction,Ad personam holder of the Jean Monnet Chair,,2011,
ACT_EU_INST_CJEU_JUDG_AG_HR_ROD,9,position,Visiting professor at Cornell Law School,academic,2012,
ACT_EU_INST_CJEU_JUDG_AG_HR_ROD,10,membership,Member of the Croatian team for EU accession negotiations,,2006,2011
ACT_EU_INST_CJEU_JUDG_AG_HR_ROD,11,membership,Member of the Croatian Constitutional Amendment Committee,,2009,2010
ACT_EU_INST_CJEU_JUDG_AG_HR_ROD,12,position,President of the working group on Croatia's EU membership,politician,,
ACT_EU_INST_CJEU_JUDG_AG_HR_ROD,13,position,Judge at the Court of Justice since 4 July 2013,judge,2013,
ACT_EU_INST_CJEU_JUDG_AG_HR_ROD,14,membership,Member of the Academic Board of the Faculty of Law of the Università del Salento,,,
ACT_EU_INST_CJEU_JUDG_AG_HR_ROD,15,membership,Member of the Advisory Board of the World Jurist Association,,,
ACT_EU_INST_CJEU_JUDG_AG_FI_KAN,1,degree,Bachelor's degree in economics from the Helsinki School of Economics,,1976,
ACT_EU_INST_CJEU_JUDG_AG_FI_KAN,2,degree,Master's degree in law from the Faculty of Law of the University of Helsinki,,1978,
ACT_EU_INST_CJEU_JUDG_AG_FI_KAN,3,degree,Postgraduate degree in law from the University of Helsinki,,1988,
ACT_EU_INST_CJEU_JUDG_AG_FI_KAN,4,position,"Legal secretary at the Supreme Administrative Court, Finland",civil servant; lawyer,1978,
ACT_EU_INST_CJEU_JUDG_AG_FI_KAN,5,position,"General Secretary at the Committee for Reform of Legal Protection in Public Administration, Finland",other,,
ACT_EU_INST_CJEU_JUDG_AG_FI_KAN,6,position,Principal Administrator at the Supreme Administrative Court,civil servant,1981,1984
ACT_EU_INST_CJEU_JUDG_AG_FI_KAN,7,position,"General Secretary at the Committee for Reform of Administrative Litigation, Finland",other,1984,1985
ACT_EU_INST_CJEU_JUDG_AG_FI_KAN,8,position,Advisor at the Legislative Drafting Department at the Finnish Ministry of Justice,civil servant,1986,1993
ACT_EU_INST_CJEU_JUDG_AG_FI_KAN,9,membership,"Member of the Asylum Appeal Board, Finland",,1991,1993
ACT_EU_INST_CJEU_JUDG_AG_FI_KAN,10,position,Researcher at the Institute of International Economic Law of the University of Helsinki,academic,1993,
ACT_EU_INST_CJEU_JUDG_AG_FI_KAN,11,position,Assistant Registrar at the EFTA Court,civil servant,1993,1995
ACT_EU_INST_CJEU_JUDG_AG_FI_KAN,12,position,Legal Secretary to Judge Leif Sevón at the Court of Justice of the European Communities,civil servant; lawyer,1995,1998
ACT_EU_INST_CJEU_JUDG_AG_FI_KAN,13,position,Judge at the Supreme Administrative Court,judge,1998,2005
ACT_EU_INST_CJEU_JUDG_AG_FI_KAN,14,membership,Vice-Chairman of the Committee on the Development of the Finnish Courts,,2001,2003
ACT_EU_INST_CJEU_JUDG_AG_FI_KAN,15,position,Judge at the European Union Civil Service Tribunal,judge,2005,2009
ACT_EU_INST_CJEU_JUDG_AG_FI_KAN,16,position,President of Chamber at the European Union Civil Service Tribunal,judge,2008,2009
ACT_EU_INST_CJEU_JUDG_AG_FI_KAN,17,position,Judge at the General Court,judge,2009,
ACT_EU_INST_CJEU_JUDG_AG_FI_KAN,18,position,President of Chamber at the General Court,judge,2011,2013
ACT_EU_INST_CJEU_JUDG_AG_FI_KAN,19,position,Vice-President of the General Court,judge,2013,2016
ACT_EU_INST_CJEU_JUDG_AG_FI_KAN,20,position,President of Chamber at the General Court,judge,2016,2022
ACT_EU_INST_CJEU_JUDG_AG_FI_KAN,21,membership,Member of the Advisory Board of the 2027 Congress of the International Federation of European Law (FIDE),,,
ACT_EU_INST_CJEU_JUDG_AG_FI_KAN,22,membership,Member of the International Academy of Comparative Law,,,
ACT_EU_INST_CJEU_JUDG_AG_FI_KAN,23,membership,Member of the Société de législation comparée,,,
ACT_EU_INST_CJEU_JUDG_AG_FI_KAN,24,distinction,"Commander, First Class, of the Order of the White Rose of Finland",,2022,
ACT_EU_INST_CJEU_JUDG_AG_FI_KAN,25,distinction,Commander of the Order of the White Rose of Finland,,2007,
ACT_EU_INST_CJEU_JUDG_AG_LV_ZIE,1,degree,Law degree from the University of Latvia,,1993,
ACT_EU_INST_CJEU_JUDG_AG_LV_ZIE,2,degree,Masters in international law at the University of Lund,,1994,
ACT_EU_INST_CJEU_JUDG_AG_LV_ZIE,3,degree,PhD in law from Cambridge University,,1999,
ACT_EU_INST_CJEU_JUDG_AG_LV_ZIE,4,position,Parliamentary assistant at the Latvian Parliament,civil servant,1990,1992
ACT_EU_INST_CJEU_JUDG_AG_LV_ZIE,5,position,Consultant to the Foreign Affairs committee of the Republic of Latvia,civil servant,1992,1995
ACT_EU_INST_CJEU_JUDG_AG_LV_ZIE,6,position,Adviser to the Prime Minister of Latvia,civil servant,1995,
ACT_EU_INST_CJEU_JUDG_AG_LV_ZIE,7,position,Adviser at the Human Rights Directorate General of the Council of Europe in Strasbourg,civil servant,1999,2001
ACT_EU_INST_CJEU_JUDG_AG_LV_ZIE,8,position,University assistant in the Legal and Political Theory Department,academic,1993,
ACT_EU_INST_CJEU_JUDG_AG_LV_ZIE,9,position,University assistant in the International Law and Law of the Sea Department,academic,,
ACT_EU_INST_CJEU_JUDG_AG_LV_ZIE,10,position,Lecturer in International Law and European Law at the University of Latvia,academic,,1999
ACT_EU_INST_CJEU_JUDG_AG_LV_ZIE,11,position,Founder and director of the Human Rights Institute at the University of Latvia,academic,,1999
ACT_EU_INST_CJEU_JUDG_AG_LV_ZIE,12,position,Söderberg Professor at the Riga Graduate School of Law,academic,2001,
ACT_EU_INST_CJEU_JUDG_AG_LV_ZIE,13,position,Visiting professor at the Riga Graduate School of Law,academic,,
ACT_EU_INST_CJEU_JUDG_AG_LV_ZIE,14,position,International Law and Human Rights Law professor at the Riga Graduate School of Law,academic,2001,
ACT_EU_INST_CJEU_JUDG_AG_LV_ZIE,15,position,Visiting professor at the Raoul Wallenberg Institute at the University of Lund,academic,2001,2005
ACT_EU_INST_CJEU_JUDG_AG_LV_ZIE,16,position,Judge at the European Court of Human Rights,judge,2005,
ACT_EU_INST_CJEU_JUDG_AG_LV_ZIE,17,position,President of Chamber at the European Court of Human Rights,judge,,2014
ACT_EU_INST_CJEU_JUDG_AG_LV_ZIE,18,position,Judge at the Constitutional Court of Latvia,judge,2015,
ACT_EU_INST_CJEU_JUDG_AG_LV_ZIE,19,position,President of the Constitutional Court of Latvia,judge,2017,2020
ACT_EU_INST_CJEU_JUDG_AG_LV_ZIE,20,position,Corresponding Member of the Academy of Science of Latvia,academic,2017,
ACT_EU_INST_CJEU_JUDG_AG_LV_ZIE,21,position,Judge at the Court of Justice,judge,2020,
ACT_EU_INST_CJEU_JUDG_AG_LV_ZIE,22,membership,Chief Editor of the Baltic Yearbook of International Law,,,
ACT_EU_INST_CJEU_JUDG_AG_LV_ZIE,23,membership,Corresponding Member of the Academy of Science of Latvia,,,
ACT_EU_INST_CJEU_JUDG_AG_LV_ZIE,24,distinction,Award of the Cabinet of Ministers for her contribution to the development of the Latvian legal system,,2016,
ACT_EU_INST_CJEU_JUDG_AG_LV_ZIE,25,distinction,Honorary diploma conferred by the Region of Jelgava,,2018,
ACT_EU_INST_CJEU_JUDG_AG_LV_ZIE,26,distinction,Medal of Honour of the first degree of the judicial system (Latvia),,2018,
ACT_EU_INST_CJEU_JUDG_AG_LV_ZIE,27,distinction,Triju Zvaigžņu ordenis (Class IV) award,,2014,
ACT_EU_INST_CJEU_JUDG_AG_FR_CAS,1,degree,Graduated from the Institut d'études politiques de Bordeaux,,1997,
ACT_EU_INST_CJEU_JUDG_AG_FR_CAS,2,degree,Graduated from the École des Hautes Études Commerciales (HEC Paris),,1999,
ACT_EU_INST_CJEU_JUDG_AG_FR_CAS,3,degree,Graduated from the École Nationale d'Administration,,2004,
ACT_EU_INST_CJEU_JUDG_AG_FR_CAS,4,membership,Member of the Conseil d'État,,,
ACT_EU_INST_CJEU_JUDG_AG_FR_CAS,5,position,Judge-Rapporteur of the Fourth Chamber of the Litigation Division at the Conseil d'État,judge,2004,
ACT_EU_INST_CJEU_JUDG_AG_FR_CAS,6,position,"Adviser in the French Prime Minister's office, in charge of cultural affairs",civil servant,2008,2010
ACT_EU_INST_CJEU_JUDG_AG_FR_CAS,7,position,Managing Director of the Musée national Picasso - Paris,other,2010,
ACT_EU_INST_CJEU_JUDG_AG_FR_CAS,8,position,Legal secretary at the Court of Justice of the European Union,civil servant,2012,2020
ACT_EU_INST_CJEU_JUDG_AG_FR_CAS,9,position,Deputy President of the Chamber specialising in tax and publicly-owned property litigation at the Conseil d'État,judge,2020,
ACT_EU_INST_CJEU_JUDG_AG_FR_CAS,10,position,Member of the Home Affairs Section of the Conseil d'État,civil servant,,
ACT_EU_INST_CJEU_JUDG_AG_FR_CAS,11,position,Rapporteur for the commission d'accès aux documents administratifs (CADA),other,,
ACT_EU_INST_CJEU_JUDG_AG_FR_CAS,12,position,Rapporteur for the Conseil supérieur de la propriété littéraire et artistique,other,,
ACT_EU_INST_CJEU_JUDG_AG_FR_CAS,13,position,Legal adviser to the 'Forum des droits sur internet' association,lawyer,,
ACT_EU_INST_CJEU_JUDG_AG_FR_CAS,14,position,Local deputy councillor for the municipality of Biarritz,politician,,
ACT_EU_INST_CJEU_JUDG_AG_FR_CAS,15,position,Lecturer in public law at the Institut d'études politiques de Bordeaux,academic,,
ACT_EU_INST_CJEU_JUDG_AG_FR_CAS,16,position,Lecturer in public law at the Institut d'études politiques de Paris,academic,,
ACT_EU_INST_CJEU_JUDG_AG_FR_CAS,17,position,Teacher at the École de formation du Barreau de Paris,academic,,
ACT_EU_INST_CJEU_JUDG_AG_FR_CAS,18,position,Lecturer at the Academy of European Law in Trier,academic,,
ACT_EU_INST_CJEU_JUDG_AG_FR_CAS,19,position,Lecturer at the Institut de formation et de recherche des avocats aux conseils,academic,,
ACT_EU_INST_CJEU_JUDG_AG_FR_CAS,20,position,Judge at the General Court of the European Union,judge,2024,
ACT_EU_INST_CJEU_JUDG_AG_FR_CAS,21,membership,Vice-President of the association 'Sequenda',,,
ACT_EU_INST_CJEU_JUDG_AG_FR_CAS,22,membership,Member of the Association des membres et anciens membres du Conseil d'État,,,
ACT_EU_INST_CJEU_JUDG_AG_FR_CAS,23,distinction,Recipient of the Médaille de la Défense Nationale,,2001,
ACT_EU_INST_CJEU_JUDG_AG_IE_O_HIG_T,1,degree,"Studied law at University College and King's Inn, Dublin",,,
ACT_EU_INST_CJEU_JUDG_AG_IE_O_HIG_T,2,position,Barrister,lawyer,1938,
ACT_EU_INST_CJEU_JUDG_AG_IE_O_HIG_T,3,position,Senior Counsel,lawyer,1954,
ACT_EU_INST_CJEU_JUDG_AG_IE_O_HIG_T,4,membership,Member of Dáil Eireann,,1948,1973
ACT_EU_INST_CJEU_JUDG_AG_IE_O_HIG_T,5,position,Minister for Health,politician,1954,1957
ACT_EU_INST_CJEU_JUDG_AG_IE_O_HIG_T,6,distinction,Presidential Candidate,,1966,
ACT_EU_INST_CJEU_JUDG_AG_IE_O_HIG_T,7,distinction,Presidential Candidate,,1973,
ACT_EU_INST_CJEU_JUDG_AG_IE_O_HIG_T,8,position,Judge of the High Court,judge,1973,
ACT_EU_INST_CJEU_JUDG_AG_IE_O_HIG_T,9,position,Chief Justice,judge,1974,
ACT_EU_INST_CJEU_JUDG_AG_IE_O_HIG_T,10,position,Judge at the Court of Justice,judge,1985,1991
ACT_EU_INST_CJEU_JUDG_AG_PT_SAN_ANN,1,degree,Graduated in law from the University of Lisbon,,,1980
ACT_EU_INST_CJEU_JUDG_AG_PT_SAN_ANN,2,position,Assistant for administrative law at the University of Lisbon,academic,1979,1980
ACT_EU_INST_CJEU_JUDG_AG_PT_SAN_ANN,3,degree,"Studies in the field of industrial property at the Max Planck Institute, Munich",,1982,1984
ACT_EU_INST_CJEU_JUDG_AG_PT_SAN_ANN,4,position,Administrator at the Ministry of the Interior,civil servant,1980,1986
ACT_EU_INST_CJEU_JUDG_AG_PT_SAN_ANN,5,position,Head of division at the Ministry of the Interior,civil servant,1980,1986
ACT_EU_INST_CJEU_JUDG_AG_PT_SAN_ANN,6,position,Lawyer at the Lisbon Bar,lawyer,1981,1986
ACT_EU_INST_CJEU_JUDG_AG_PT_SAN_ANN,7,position,"Administrator in the Directorate-General for Information and Public Relations, European Parliament",civil servant,1986,1987
ACT_EU_INST_CJEU_JUDG_AG_PT_SAN_ANN,8,position,"Administrator in the Directorate-General for Research and Documentation, European Parliament",civil servant,1987,1992
ACT_EU_INST_CJEU_JUDG_AG_PT_SAN_ANN,9,position,"Administrator in the Directorate-General for Personnel, Budget and Finance, European Parliament",civil servant,1992,1996
ACT_EU_INST_CJEU_JUDG_AG_PT_SAN_ANN,10,position,"Administrator in the Legal Service, European Parliament",civil servant,1996,2000
ACT_EU_INST_CJEU_JUDG_AG_PT_SAN_ANN,11,position,"Head of the Administration and Finance Department, European Ombudsman",civil servant,2000,2007
ACT_EU_INST_CJEU_JUDG_AG_PT_SAN_ANN,12,position,"Head of the Legal Department, European Ombudsman",civil servant,2007,2011
ACT_EU_INST_CJEU_JUDG_AG_PT_SAN_ANN,13,position,"Head of Directorate A, European Ombudsman",civil servant,2012,2015
ACT_EU_INST_CJEU_JUDG_AG_PT_SAN_ANN,14,position,Judge at the Civil Service Tribunal,judge,2016,2016
ACT_EU_INST_CJEU_JUDG_AG_SE_HET,1,degree,Master's degree in law at Lunds universitet,,1991,
ACT_EU_INST_CJEU_JUDG_AG_SE_HET,2,degree,Doctorate in European integration law at Stockholms universitet,,2008,
ACT_EU_INST_CJEU_JUDG_AG_SE_HET,3,position,Legal advisor at the Swedish Ministry of Foreign Affairs,civil servant; lawyer,1992,1995
ACT_EU_INST_CJEU_JUDG_AG_SE_HET,4,position,Legal secretary at the Court of First Instance of the European Communities,civil servant,1995,2001
ACT_EU_INST_CJEU_JUDG_AG_SE_HET,5,position,Teaching and research of European law at Stockholms universitet,academic,2001,2005
ACT_EU_INST_CJEU_JUDG_AG_SE_HET,6,position,"Senior Researcher in Law, Interim Director, and Deputy Director at the Svenska institutet för europapolitiska studier",academic,2005,2015
ACT_EU_INST_CJEU_JUDG_AG_SE_HET,7,position,Associate Professor of EU Law at Lunds universitet,academic,2012,
ACT_EU_INST_CJEU_JUDG_AG_SE_HET,8,position,Led the Department of Business Law at Lunds universitet,academic,2019,2025
ACT_EU_INST_CJEU_JUDG_AG_SE_HET,9,position,Professor of business law at Lunds universitet,academic,2020,
ACT_EU_INST_CJEU_JUDG_AG_SE_HET,10,position,Director of the Centre for European Studies within Lunds universitet,academic,2018,2025
ACT_EU_INST_CJEU_JUDG_AG_SE_HET,11,position,Judge at the General Court,judge,2025,
ACT_EU_INST_CJEU_JUDG_AG_SE_HET,12,membership,"Editorial board member, Nordic Journal of European Law",,,
ACT_EU_INST_CJEU_JUDG_AG_SE_HET,13,membership,"Editorial board member, Upphandlingsrattslig tidskrift",,,
ACT_EU_INST_CJEU_JUDG_AG_SE_HET,14,distinction,"Kurslitteraturprisets hederspris (University Course Literature Prize, Honorary Award)",,2012,
ACT_EU_INST_CJEU_JUDG_AG_SE_HET,15,distinction,Prize for long-standing editorial contribution to the legal journal 'Ny juridik',,2023,
ACT_EU_INST_CJEU_JUDG_AG_ES_RUI_JAR_COL,1,position,Judge,judge,,
ACT_EU_INST_CJEU_JUDG_AG_ES_RUI_JAR_COL,2,membership,Member of the Consejo General del Poder Judicial,,,
ACT_EU_INST_CJEU_JUDG_AG_ES_RUI_JAR_COL,3,position,Professor,academic,,
ACT_EU_INST_CJEU_JUDG_AG_ES_RUI_JAR_COL,4,position,Head of the Private Office of the President of the Consejo General del Poder Judicial,other,,
ACT_EU_INST_CJEU_JUDG_AG_ES_RUI_JAR_COL,5,position,Ad hoc Judge at the European Court of Human Rights,judge,,
ACT_EU_INST_CJEU_JUDG_AG_ES_RUI_JAR_COL,6,position,Judge at the Tribunal Supremo,judge,1996,
ACT_EU_INST_CJEU_JUDG_AG_ES_RUI_JAR_COL,7,position,Advocate General at the Court of Justice,lawyer,1995,2009
ACT_EU_INST_CJEU_JUDG_AG_NL_SMU,1,degree,Master of Laws from Universiteit Leiden,,1983,
ACT_EU_INST_CJEU_JUDG_AG_NL_SMU,2,degree,Master of Laws from the London School of Economics and Political Science,,1984,
ACT_EU_INST_CJEU_JUDG_AG_NL_SMU,3,degree,Training at the London Business School,,2010,
ACT_EU_INST_CJEU_JUDG_AG_NL_SMU,4,degree,Training at INSEAD Business School,,2011,
ACT_EU_INST_CJEU_JUDG_AG_NL_SMU,5,degree,Training at the Stanford Graduate School of Business,,2018,
ACT_EU_INST_CJEU_JUDG_AG_NL_SMU,6,position,Lawyer at the Amsterdam Bar,lawyer,1985,1990
ACT_EU_INST_CJEU_JUDG_AG_NL_SMU,7,position,Member of the European Commission's Legal Service,civil servant,1991,1994
ACT_EU_INST_CJEU_JUDG_AG_NL_SMU,8,position,Member of the cabinet of the Commissioner for External Relations and Enlargement,civil servant,1995,1999
ACT_EU_INST_CJEU_JUDG_AG_NL_SMU,9,position,"Member of the cabinet of the Commissioner for the Internal Market, Taxation and Customs Union",civil servant,1999,2000
ACT_EU_INST_CJEU_JUDG_AG_NL_SMU,10,position,"Member of the cabinet of the President, Mr Romano Prodi",civil servant,2000,2004
ACT_EU_INST_CJEU_JUDG_AG_NL_SMU,11,position,Head of Cabinet to the Commissioner for Competition,civil servant,2004,2008
ACT_EU_INST_CJEU_JUDG_AG_NL_SMU,12,position,Principal Legal Adviser in the European Commission's Legal Service,civil servant; lawyer,2008,2014
ACT_EU_INST_CJEU_JUDG_AG_NL_SMU,13,position,Head of Cabinet of the First Vice-President of the Commission,civil servant,2014,2019
ACT_EU_INST_CJEU_JUDG_AG_NL_SMU,14,position,Senior Legal Adviser in the European Commission's Legal Service,civil servant; lawyer,2020,2022
ACT_EU_INST_CJEU_JUDG_AG_NL_SMU,15,position,Deputy Director-General at the European Commission's Directorate-General for Competition,civil servant,2022,2024
ACT_EU_INST_CJEU_JUDG_AG_NL_SMU,16,position,Substitute Judge at the Gerechtshof Den Haag,judge,2012,
ACT_EU_INST_CJEU_JUDG_AG_NL_SMU,17,position,Lecturer at the Fondazione Collegio Europeo di Parma,academic,2003,2024
ACT_EU_INST_CJEU_JUDG_AG_NL_SMU,18,position,Lecturer at the université Paris-Panthéon-Assas,academic,2019,
ACT_EU_INST_CJEU_JUDG_AG_NL_SMU,19,position,Visiting professor at the Vrije Universiteit Brussel,academic,2013,
ACT_EU_INST_CJEU_JUDG_AG_NL_SMU,20,position,Visiting professor at the Collège d'Europe de Bruges,academic,2013,
ACT_EU_INST_CJEU_JUDG_AG_NL_SMU,21,position,Lecturer at the Universiteit van Amsterdam,academic,1994,2005
ACT_EU_INST_CJEU_JUDG_AG_NL_SMU,22,position,Lecturer at the Radboud Universiteit Nijmegen,academic,1994,2005
ACT_EU_INST_CJEU_JUDG_AG_NL_SMU,23,position,Member and Chairman of the Board of Trustees of the Europa Instituut,academic,2002,2022
ACT_EU_INST_CJEU_JUDG_AG_NL_SMU,24,membership,Member of the editorial board of the Common Market Law Review,,2008,2024
ACT_EU_INST_CJEU_JUDG_AG_NL_SMU,25,membership,Member of the advisory board of the Common Market Law Review,,,
ACT_EU_INST_CJEU_JUDG_AG_NL_SMU,26,membership,Member of the editorial board of SEW-Tijdschrift voor Europees en Economisch Recht,,,
ACT_EU_INST_CJEU_JUDG_AG_NL_SMU,27,position,Judge at the Court of Justice,judge,2024,
ACT_EU_INST_CJEU_JUDG_AG_LT_JARU,1,degree,Law degree from the University of Vilnius,,,1997
ACT_EU_INST_CJEU_JUDG_AG_LT_JARU,2,degree,Doctor of laws from the University of Vilnius,,,2008
ACT_EU_INST_CJEU_JUDG_AG_LT_JARU,3,position,Lecturer at the University of Vilnius,academic,1999,
ACT_EU_INST_CJEU_JUDG_AG_LT_JARU,4,position,Associate professor at the University of Vilnius,academic,1999,2018
ACT_EU_INST_CJEU_JUDG_AG_LT_JARU,5,distinction,Cofounder of the Lithuanian Association of European Law,,,
ACT_EU_INST_CJEU_JUDG_AG_LT_JARU,6,membership,Member of the Association of European Competition Law Judges,,,
ACT_EU_INST_CJEU_JUDG_AG_LT_JARU,7,membership,Member of the Lietuvos Europos teisės asociacija,,,
ACT_EU_INST_CJEU_JUDG_AG_LT_JARU,8,position,"Head Specialist at the Department of European Law, Lithuanian Ministry of Justice",civil servant; lawyer,1997,
ACT_EU_INST_CJEU_JUDG_AG_LT_JARU,9,position,"Head of Section at the Department of European Law, Lithuanian Ministry of Justice",civil servant,2002,2003
ACT_EU_INST_CJEU_JUDG_AG_LT_JARU,10,position,"Deputy Director-General at the Department of European Law, Lithuanian Ministry of Justice",civil servant,2004,2010
ACT_EU_INST_CJEU_JUDG_AG_LT_JARU,11,position,Judge at the Supreme Administrative Court of Lithuania,judge,2010,2018
ACT_EU_INST_CJEU_JUDG_AG_LT_JARU,12,position,Vice-President of the Supreme Administrative Court of Lithuania,judge,2012,2017
ACT_EU_INST_CJEU_JUDG_AG_LT_JARU,13,position,Acting President of the Supreme Administrative Court of Lithuania,judge,2015,2017
ACT_EU_INST_CJEU_JUDG_AG_LT_JARU,14,position,"Member of the Judicial Council, Lithuania",civil servant,2015,2017
ACT_EU_INST_CJEU_JUDG_AG_LT_JARU,15,position,Judge at the Court of Justice,judge,2018,
ACT_EU_INST_CJEU_JUDG_AG_LT_JARU,16,position,President of Chamber at the Court of Justice,judge,2024,
ACT_EU_INST_CJEU_JUDG_AG_DE_LEN,1,position,Rechtsanwalt (lawyer),lawyer,,
ACT_EU_INST_CJEU_JUDG_AG_DE_LEN,2,position,Notary,other,,
ACT_EU_INST_CJEU_JUDG_AG_DE_LEN,3,position,Secretary-General of the Christian Democratic Group of the European Parliament,other,,
ACT_EU_INST_CJEU_JUDG_AG_DE_LEN,4,position,Member of the German Bundestag,politician,,
ACT_EU_INST_CJEU_JUDG_AG_DE_LEN,5,position,Chairman of the Legal Committee and of the Committee on European Affairs at the Bundestag,politician,,
ACT_EU_INST_CJEU_JUDG_AG_DE_LEN,6,distinction,Honorary Professor of European Law at the University of Saarland,,1990,
ACT_EU_INST_CJEU_JUDG_AG_DE_LEN,7,position,Advocate General at the Court of Justice,judge,1984,1997
ACT_EU_INST_CJEU_JUDG_AG_ES_SIL_LAP,1,degree,"Bachelor of Laws at Universidad Complutense, Madrid",,,
ACT_EU_INST_CJEU_JUDG_AG_ES_SIL_LAP,2,position,Abogado del Estado in Malaga,civil servant; lawyer,,
ACT_EU_INST_CJEU_JUDG_AG_ES_SIL_LAP,3,position,"Abogado del Estado at the Legal Service of the Ministry of Transport, Tourism and Communication",civil servant; lawyer,,
ACT_EU_INST_CJEU_JUDG_AG_ES_SIL_LAP,4,position,Abogado del Estado at the Legal Service of the Ministry of Foreign Affairs,civil servant; lawyer,,
ACT_EU_INST_CJEU_JUDG_AG_ES_SIL_LAP,5,position,Head Abogado del Estado of the State Legal Service for Cases before the Court of Justice of the European Communities and Deputy Director-General of the Community and International Legal Assistance Department at the Ministry of Justice,civil servant; lawyer,,
ACT_EU_INST_CJEU_JUDG_AG_ES_SIL_LAP,6,membership,Member of the Commission think tank on the future of the Community judicial system,,,
ACT_EU_INST_CJEU_JUDG_AG_ES_SIL_LAP,7,position,Head of the Spanish delegation in the 'Friends of the Presidency' Group regarding the reform of the Community judicial system in the Treaty of Nice and of the Council ad hoc working party on the Court of Justice,civil servant,,
ACT_EU_INST_CJEU_JUDG_AG_ES_SIL_LAP,8,position,"Professor of Community Law at the Diplomatic School, Madrid",academic,,
ACT_EU_INST_CJEU_JUDG_AG_ES_SIL_LAP,9,position,Co-director of the journal Noticias de la Unión Europea,other,,
ACT_EU_INST_CJEU_JUDG_AG_ES_SIL_LAP,10,position,Judge at the Court of Justice,judge,2003,
ACT_EU_INST_CJEU_JUDG_AG_ES_SIL_LAP,11,position,Vice President of the Court of Justice,judge,2018,2021
ACT_EU_INST_CJEU_JUDG_AG_IT_BIO,1,degree,Master's degree in law from the University of Florence,,,1990
ACT_EU_INST_CJEU_JUDG_AG_IT_BIO,2,degree,Doctorate in comparative law from the University of Florence,,,1996
ACT_EU_INST_CJEU_JUDG_AG_IT_BIO,3,position,Academic career at University College London,academic,1993,
ACT_EU_INST_CJEU_JUDG_AG_IT_BIO,4,position,Academic position at the University of Birmingham,academic,1994,1997
ACT_EU_INST_CJEU_JUDG_AG_IT_BIO,5,position,Joined King's College London,academic,1997,
ACT_EU_INST_CJEU_JUDG_AG_IT_BIO,6,position,Professor of European Union law at King's College London,academic,2006,
ACT_EU_INST_CJEU_JUDG_AG_IT_BIO,7,position,Director of the Centre for European Law at King's College London,academic,2001,2024
ACT_EU_INST_CJEU_JUDG_AG_IT_BIO,8,position,Guest lecturer at various universities,academic,,
ACT_EU_INST_CJEU_JUDG_AG_IT_BIO,9,position,Vice-Chair of the Board of Appeal of the European Union Agency for the Cooperation of Energy Regulators,other,2021,
ACT_EU_INST_CJEU_JUDG_AG_IT_BIO,10,position,Admitted to the Italian Bar,lawyer,2001,
ACT_EU_INST_CJEU_JUDG_AG_IT_BIO,11,position,Expert adviser for two law firms in London,lawyer,2003,2024
ACT_EU_INST_CJEU_JUDG_AG_IT_BIO,12,position,Advocate General at the Court of Justice,judge,2024,
ACT_EU_INST_CJEU_JUDG_AG_IT_BIO,13,membership,Editor-in-chief of the European Monographs Series,,,
ACT_EU_INST_CJEU_JUDG_AG_IT_BIO,14,membership,Member of the advisory council of the Centre for European Law at King's College London,,,
ACT_EU_INST_CJEU_JUDG_AG_IT_BIO,15,membership,Member of the editorial committee of Federalismi,,,
ACT_EU_INST_CJEU_JUDG_AG_IT_BIO,16,membership,Member of the editorial committee of Diritto ed Impresa,,,
ACT_EU_INST_CJEU_JUDG_AG_IT_BIO,17,membership,Member of the editorial committee of European Public Law,,,
ACT_EU_INST_CJEU_JUDG_AG_IT_BIO,18,membership,Member of the editorial committee of European State Aid Law Quarterly,,,
ACT_EU_INST_CJEU_JUDG_AG_IT_BIO,19,membership,Member of the editorial committee of Eurojus,,,
ACT_EU_INST_CJEU_JUDG_AG_IT_BIO,20,membership,Member of the editorial committee of Papers di Diritto Europeo,,,
ACT_EU_INST_CJEU_JUDG_AG_IT_BIO,21,membership,Member of the editorial committee of La Nuova Giuridica - Florence Law Review,,,
ACT_EU_INST_CJEU_JUDG_AG_IT_BIO,22,membership,Member of the editorial committee of Ordine Internazionale e Diritti Umani,,,
ACT_EU_INST_CJEU_JUDG_AG_IT_BIO,23,membership,Member of the editorial committee of Rivista Italiana di Diritto Pubblico Comunitario,,,
ACT_EU_INST_CJEU_JUDG_AG_IT_BIO,24,membership,Member of the advisory committee of the United Kingdom Association for European Law,,,
ACT_EU_INST_CJEU_JUDG_AG_IT_BIO,25,membership,Member of the Associazione Italiana Studiosi di Diritto dell'Unione Europea,,,
ACT_EU_INST_CJEU_JUDG_AG_IT_BIO,26,membership,Member of the Associazione Italiana Giuristi Europei,,,
ACT_EU_INST_CJEU_JUDG_AG_IT_BIO,27,distinction,Cavaliere dell'Ordine della Stella of the Italian Republic,,2015,
ACT_EU_INST_CJEU_JUDG_AG_DE_ALB,1,degree,"Law studies at the Universities of Tübingen, Berlin, Paris, Hamburg, Vienna, Turin and Cambridge",,,
ACT_EU_INST_CJEU_JUDG_AG_DE_ALB,2,position,Member of the Bundestag,politician,1969,1980
ACT_EU_INST_CJEU_JUDG_AG_DE_ALB,3,position,Member of the European Parliament,politician,1977,
ACT_EU_INST_CJEU_JUDG_AG_DE_ALB,4,position,Chairman of the Committee on Legal Affairs and Citizens' Rights,politician,1993,1994
ACT_EU_INST_CJEU_JUDG_AG_DE_ALB,5,position,Chairman of the delegation responsible for relations with the Baltic States,politician,,
ACT_EU_INST_CJEU_JUDG_AG_DE_ALB,6,position,Chairman of the Subcommittees on Data Protection and on Poisonous or Dangerous Substances,politician,,
ACT_EU_INST_CJEU_JUDG_AG_DE_ALB,7,position,Vice-President of the European Parliament,politician,1984,1992
ACT_EU_INST_CJEU_JUDG_AG_DE_ALB,8,position,Advocate General at the Court of Justice,judge,1997,2003
ACT_EU_INST_CJEU_JUDG_AG_IT_ROS_R,1,position,Pretore in Caraglio,civil servant,1920,
ACT_EU_INST_CJEU_JUDG_AG_IT_ROS_R,2,position,Pretore in Turin,civil servant,1924,
ACT_EU_INST_CJEU_JUDG_AG_IT_ROS_R,3,position,"President of the District Court, Rhodes",judge,1928,
ACT_EU_INST_CJEU_JUDG_AG_IT_ROS_R,4,position,"Judge at the District Court, Rome",judge,1934,
ACT_EU_INST_CJEU_JUDG_AG_IT_ROS_R,5,position,"Judge at the Consular Court, Cairo",judge,1936,
ACT_EU_INST_CJEU_JUDG_AG_IT_ROS_R,6,position,Seconded to the Ministry for Foreign Affairs,civil servant,1940,
ACT_EU_INST_CJEU_JUDG_AG_IT_ROS_R,7,position,"President of the Court of Appeal, Rhodes",judge,1941,
ACT_EU_INST_CJEU_JUDG_AG_IT_ROS_R,8,position,"Judge at the Court of Appeal, Aquila",judge,1945,
ACT_EU_INST_CJEU_JUDG_AG_IT_ROS_R,9,position,"Judge at the Court of Appeal, Rome",judge,1945,
ACT_EU_INST_CJEU_JUDG_AG_IT_ROS_R,10,position,Seconded to the Public Prosecutor's Office at the Court of Cassation,civil servant; lawyer,1948,
ACT_EU_INST_CJEU_JUDG_AG_IT_ROS_R,11,position,Deputy Public Prosecutor at the Court of Cassation,lawyer,1951,
ACT_EU_INST_CJEU_JUDG_AG_IT_ROS_R,12,position,President of Chamber of the Court of Cassation,judge,1958,
ACT_EU_INST_CJEU_JUDG_AG_IT_ROS_R,13,position,Judge at the Court of Justice,judge,1958,1964
ACT_EU_INST_CJEU_JUDG_AG_IT_MOA_MIL,1,degree,Doctor of Laws from La Sapienza University,,,
ACT_EU_INST_CJEU_JUDG_AG_IT_MOA_MIL,2,degree,"Specialised in Community law at College of Europe, Bruges",,,
ACT_EU_INST_CJEU_JUDG_AG_IT_MOA_MIL,3,membership,Member of the Bar,,1978,1983
ACT_EU_INST_CJEU_JUDG_AG_IT_MOA_MIL,4,position,Legal practice,lawyer,1978,1983
ACT_EU_INST_CJEU_JUDG_AG_IT_MOA_MIL,5,position,Lecturer in Community Law at the University of La Sapienza,academic,1993,1996
ACT_EU_INST_CJEU_JUDG_AG_IT_MOA_MIL,6,position,Lecturer in Community Law at the University of Luiss,academic,1993,1996
ACT_EU_INST_CJEU_JUDG_AG_IT_MOA_MIL,7,position,Lecturer in Community Law at the University of Luiss,academic,2002,2006
ACT_EU_INST_CJEU_JUDG_AG_IT_MOA_MIL,8,position,Lecturer in Community Law at the University of Bocconi,academic,1996,2000
ACT_EU_INST_CJEU_JUDG_AG_IT_MOA_MIL,9,position,Adviser on Community matters to the Italian Prime Minister,politician,1993,1995
ACT_EU_INST_CJEU_JUDG_AG_IT_MOA_MIL,10,position,Legal Adviser at the European Commission,civil servant; lawyer,1989,1992
ACT_EU_INST_CJEU_JUDG_AG_IT_MOA_MIL,11,position,Head of Cabinet of the Vice-President at the European Commission,civil servant,1989,1992
ACT_EU_INST_CJEU_JUDG_AG_IT_MOA_MIL,12,position,Head of Cabinet of the Commissioner responsible for the internal market at the European Commission,civil servant,1995,1999
ACT_EU_INST_CJEU_JUDG_AG_IT_MOA_MIL,13,position,Head of Cabinet of the Commissioner responsible for competition at the European Commission,civil servant,1999,
ACT_EU_INST_CJEU_JUDG_AG_IT_MOA_MIL,14,position,"Director, Directorate-General for Competition at the European Commission",civil servant,2000,2002
ACT_EU_INST_CJEU_JUDG_AG_IT_MOA_MIL,15,position,Deputy Secretary-General of the European Commission,civil servant,2002,2005
ACT_EU_INST_CJEU_JUDG_AG_IT_MOA_MIL,16,position,Director-General of the Bureau of European Policy Advisers (BEPA) at the European Commission,civil servant,2006,
ACT_EU_INST_CJEU_JUDG_AG_IT_MOA_MIL,17,position,Judge at the General Court,judge,2006,2011
ACT_EU_INST_CJEU_JUDG_AG_MT_BUT,1,degree,Doctorate in law (LL. D) from the University of Malta,,,
ACT_EU_INST_CJEU_JUDG_AG_MT_BUT,2,degree,Master of Laws in European Legal Studies at the University of Exeter,,,
ACT_EU_INST_CJEU_JUDG_AG_MT_BUT,3,degree,Ph. D. in law at the University of London,,,
ACT_EU_INST_CJEU_JUDG_AG_MT_BUT,4,position,Admitted as a lawyer in Malta,lawyer,1987,
ACT_EU_INST_CJEU_JUDG_AG_MT_BUT,5,position,Legal officer at the Maltese Ministry of Justice,civil servant; lawyer,1987,1990
ACT_EU_INST_CJEU_JUDG_AG_MT_BUT,6,position,Senior legal officer at the Maltese Ministry of Foreign Affairs,civil servant; lawyer,1990,1994
ACT_EU_INST_CJEU_JUDG_AG_MT_BUT,7,position,Lecturer at the University of Malta,academic,1994,2001
ACT_EU_INST_CJEU_JUDG_AG_MT_BUT,8,position,Senior lecturer at the University of Malta,academic,2001,2006
ACT_EU_INST_CJEU_JUDG_AG_MT_BUT,9,position,Associate professor at the University of Malta,academic,2007,
ACT_EU_INST_CJEU_JUDG_AG_MT_BUT,10,distinction,Awarded a Jean Monnet chair in EU Law,,2009,
ACT_EU_INST_CJEU_JUDG_AG_MT_BUT,11,position,Professor at the University of Malta,academic,2019,
ACT_EU_INST_CJEU_JUDG_AG_MT_BUT,12,position,Visiting professor of competition law at Queen Mary University of London,academic,,
ACT_EU_INST_CJEU_JUDG_AG_MT_BUT,13,membership,Member of the Copyright Board (Malta),,1994,2005
ACT_EU_INST_CJEU_JUDG_AG_MT_BUT,14,position,"Legal advisor on EU law, competition law, intellectual property law and consumer law in the private sector",lawyer,1994,2012
ACT_EU_INST_CJEU_JUDG_AG_MT_BUT,15,position,Legal advisor in the Maltese Ministry of the Economy and the Malta Competition and Consumer Affairs Authority,civil servant; lawyer,2000,2012
ACT_EU_INST_CJEU_JUDG_AG_MT_BUT,16,membership,Member of the Malta Resources Authority,,2001,2009
ACT_EU_INST_CJEU_JUDG_AG_MT_BUT,17,position,Judge at the General Court,judge,2012,
ACT_EU_INST_CJEU_JUDG_AG_MT_BUT,18,position,President of Chamber,judge,2025,
ACT_EU_INST_CJEU_JUDG_AG_MT_BUT,19,membership,Co-founder and vice-president of the Maltese Association for European Law,,,
ACT_EU_INST_CJEU_JUDG_AG_MT_BOR_BAR,1,degree,Doctorate in Law at the Royal University of Malta,,1973,
ACT_EU_INST_CJEU_JUDG_AG_MT_BOR_BAR,2,position,Notary to the Government in the Maltese Civil Service,civil servant; lawyer,1975,
ACT_EU_INST_CJEU_JUDG_AG_MT_BOR_BAR,3,position,Counsel for the Republic,civil servant; lawyer,1978,
ACT_EU_INST_CJEU_JUDG_AG_MT_BOR_BAR,4,position,Senior Counsel for the Republic,civil servant; lawyer,1979,
ACT_EU_INST_CJEU_JUDG_AG_MT_BOR_BAR,5,position,Assistant Attorney General,civil servant; lawyer,1988,
ACT_EU_INST_CJEU_JUDG_AG_MT_BOR_BAR,6,position,Attorney General appointed by the President of Malta,civil servant; lawyer,1989,
ACT_EU_INST_CJEU_JUDG_AG_MT_BOR_BAR,7,position,Part-time Lecturer in Civil Law at the University of Malta,academic,1985,1989
ACT_EU_INST_CJEU_JUDG_AG_MT_BOR_BAR,8,membership,Member of the Council of the University of Malta,,1998,2004
ACT_EU_INST_CJEU_JUDG_AG_MT_BOR_BAR,9,membership,Member of the Commission for the Administration of Justice,,1994,2004
ACT_EU_INST_CJEU_JUDG_AG_MT_BOR_BAR,10,membership,Member of the Board of Governors of the Malta Arbitration Centre,,1998,2004
ACT_EU_INST_CJEU_JUDG_AG_MT_BOR_BAR,11,position,Judge at the Court of Justice,judge,2004,2018
ACT_EU_INST_CJEU_JUDG_AG_SI_KUK,1,degree,"Law degree from the Faculty of Law, University of Ljubljana",,,2001
ACT_EU_INST_CJEU_JUDG_AG_SI_KUK,2,degree,Master's degree in law from Harvard Law School,,,2002
ACT_EU_INST_CJEU_JUDG_AG_SI_KUK,3,degree,Doctorate in law from Harvard University,,,2015
ACT_EU_INST_CJEU_JUDG_AG_SI_KUK,4,position,"Judicial trainee at the Court of Appeal, Ljubljana, Slovenia",civil servant,2002,2004
ACT_EU_INST_CJEU_JUDG_AG_SI_KUK,5,position,"Lawyer at the Special Court for Sierra Leone and the Constitutional Court, Slovenia",lawyer,2004,2004
ACT_EU_INST_CJEU_JUDG_AG_SI_KUK,6,position,Lawyer at the Court of Justice of the European Union,lawyer,2005,2005
ACT_EU_INST_CJEU_JUDG_AG_SI_KUK,7,position,Lawyer at the Legal Service of the European Commission,civil servant; lawyer,2006,2018
ACT_EU_INST_CJEU_JUDG_AG_SI_KUK,8,position,Teacher of global law at Harvard Law School and Institute for Global Law and Policy,academic,2011,2013
ACT_EU_INST_CJEU_JUDG_AG_SI_KUK,9,position,"Teacher at FGV Direito Rio, Rio de Janeiro",academic,2014,2014
ACT_EU_INST_CJEU_JUDG_AG_SI_KUK,10,position,Teacher at the University of Kent's Brussels School of International Studies,academic,2016,2016
ACT_EU_INST_CJEU_JUDG_AG_SI_KUK,11,position,Teacher at the European University Institute of Florence,academic,2016,2017
ACT_EU_INST_CJEU_JUDG_AG_SI_KUK,12,position,Teacher at the Univerza v Ljubljani,academic,2018,2020
ACT_EU_INST_CJEU_JUDG_AG_SI_KUK,13,position,Senior lecturer in law and Associate Director of the PhD programme at Middlesex University,academic,2018,
ACT_EU_INST_CJEU_JUDG_AG_SI_KUK,14,position,"Honorary professor at the Faculty of Law of University College London and at City Law School, University of London",academic,,
ACT_EU_INST_CJEU_JUDG_AG_SI_KUK,15,position,Affiliated fellow at Harvard University,academic,,
ACT_EU_INST_CJEU_JUDG_AG_SI_KUK,16,position,Visiting professor at the Rijksuniversiteit Groningen,academic,,
ACT_EU_INST_CJEU_JUDG_AG_SI_KUK,17,position,Judge at the General Court,judge,2022,
ACT_EU_INST_CJEU_JUDG_AG_SI_KUK,18,membership,Member of RECONNECT,,,
ACT_EU_INST_CJEU_JUDG_AG_SI_KUK,19,membership,Member of the British International Studies Association,,,
ACT_EU_INST_CJEU_JUDG_AG_SI_KUK,20,membership,Member of the Society of Legal Scholars,,,
ACT_EU_INST_CJEU_JUDG_AG_SI_KUK,21,membership,Member of the Pravniško društvo Ljubljana,,,
ACT_EU_INST_CJEU_JUDG_AG_SI_KUK,22,membership,Member of the European Society of International Law,,,
ACT_EU_INST_CJEU_JUDG_AG_SI_KUK,23,membership,Member of the Klub alumnov Pravne fakultete Univerze v Ljubljani,,,
ACT_EU_INST_CJEU_JUDG_AG_SI_KUK,24,membership,Member of the Slovensko društvo za evropsko pravo,,,
ACT_EU_INST_CJEU_JUDG_AG_SI_KUK,25,membership,Member of the European Union Studies Association,,,
ACT_EU_INST_CJEU_JUDG_AG_SI_KUK,26,membership,Member of the editorial committee of the Cahiers de droit européen,,,
ACT_EU_INST_CJEU_JUDG_AG_SI_KUK,27,membership,Member of the editorial committee of the Ljubljana Law Review,,,
ACT_EU_INST_CJEU_JUDG_AG_SI_KUK,28,membership,Founding member of the Association of European Competition Law Judges,,,
ACT_EU_INST_CJEU_JUDG_AG_SI_KUK,29,membership,Mentor for the American Slovenian Education Foundation,,,
ACT_EU_INST_CJEU_JUDG_AG_SI_KUK,30,membership,Member of the Academic Society for Competition Law,,,
ACT_EU_INST_CJEU_JUDG_AG_SI_KUK,31,membership,Founding member of the Forum européen du droit de la concurrence,,,
ACT_EU_INST_CJEU_JUDG_AG_SI_KUK,32,distinction,"Award for the best thesis in EU law, awarded by the Government of the Republic of Slovenia",,,2001
ACT_EU_INST_CJEU_JUDG_AG_SI_KUK,33,distinction,"Gold Medal for Academic Achievement, awarded by the Univerza v Ljubljani",,,2001
ACT_EU_INST_CJEU_JUDG_AG_SI_KUK,34,distinction,"Landon Gammon Prize, awarded by Harvard Law School",,,2001
ACT_EU_INST_CJEU_JUDG_AG_SI_KUK,35,distinction,"Rotary fellowship, awarded by Rotary Club Ljubljana",,,2008
ACT_EU_INST_CJEU_JUDG_AG_SI_KUK,36,distinction,"Academic fellowships, awarded by Harvard Law School",,2009,2012
ACT_EU_INST_CJEU_JUDG_AG_SI_KUK,37,distinction,Senior Fellow of the Higher Education Academy,,,2020
ACT_EU_INST_CJEU_JUDG_AG_RO_POP,1,degree,Graduated in law from the University of Bucharest,,1971,
ACT_EU_INST_CJEU_JUDG_AG_RO_POP,2,degree,"Postgraduate studies in international labour law and European social law, University of Geneva",,1973,1974
ACT_EU_INST_CJEU_JUDG_AG_RO_POP,3,degree,Doctor of Laws of the University of Bucharest,,1980,
ACT_EU_INST_CJEU_JUDG_AG_RO_POP,4,position,Trainee assistant lecturer at the University of Bucharest,academic,1971,1973
ACT_EU_INST_CJEU_JUDG_AG_RO_POP,5,position,Assistant lecturer with tenure at the University of Bucharest,academic,1974,1985
ACT_EU_INST_CJEU_JUDG_AG_RO_POP,6,position,Lecturer in labour law at the University of Bucharest,academic,1985,1990
ACT_EU_INST_CJEU_JUDG_AG_RO_POP,7,position,Principal researcher at the National Research Institute for Labour and Social Protection,other,1990,1991
ACT_EU_INST_CJEU_JUDG_AG_RO_POP,8,position,Deputy Director-General at the Ministry of Labour and Social Protection,civil servant,1991,1992
ACT_EU_INST_CJEU_JUDG_AG_RO_POP,9,position,Director at the Ministry of Labour and Social Protection,civil servant,1992,1996
ACT_EU_INST_CJEU_JUDG_AG_RO_POP,10,position,"Senior lecturer at the National School of Political Science and Public Administration, Bucharest",academic,1997,
ACT_EU_INST_CJEU_JUDG_AG_RO_POP,11,position,"Professor at the National School of Political Science and Public Administration, Bucharest",academic,2000,
ACT_EU_INST_CJEU_JUDG_AG_RO_POP,12,position,State Secretary at the Ministry for European Integration,civil servant,2001,2005
ACT_EU_INST_CJEU_JUDG_AG_RO_POP,13,position,Head of Department at the Legislative Council of Romania,civil servant,1996,2001
ACT_EU_INST_CJEU_JUDG_AG_RO_POP,14,position,Head of Department at the Legislative Council of Romania,civil servant,2005,2009
ACT_EU_INST_CJEU_JUDG_AG_RO_POP,15,position,Founding editor of the Romanian Review of European Law,other,,
ACT_EU_INST_CJEU_JUDG_AG_RO_POP,16,membership,President of the Romanian Society for European Law,,2009,2010
ACT_EU_INST_CJEU_JUDG_AG_RO_POP,17,position,Agent of the Romanian Government before the Courts of the European Union,civil servant; lawyer,2009,2010
ACT_EU_INST_CJEU_JUDG_AG_RO_POP,18,position,Judge at the General Court,judge,2010,2016
ACT_EU_INST_CJEU_JUDG_AG_BG_ARA,1,degree,Graduated in law from Sofia University 'St Kliment Ohridski',,,1972
ACT_EU_INST_CJEU_JUDG_AG_BG_ARA,2,position,"Judge at the District Court, Blagoevgrad, Bulgaria",judge,1975,1983
ACT_EU_INST_CJEU_JUDG_AG_BG_ARA,3,position,"Judge at the Regional Court, Blagoevgrad, Bulgaria",judge,1983,1986
ACT_EU_INST_CJEU_JUDG_AG_BG_ARA,4,position,"Judge at the Supreme Court, Bulgaria",judge,1986,1991
ACT_EU_INST_CJEU_JUDG_AG_BG_ARA,5,position,"Judge at the Constitutional Court, Bulgaria",judge,1991,2000
ACT_EU_INST_CJEU_JUDG_AG_BG_ARA,6,membership,Member of the European Commission of Human Rights,,1997,1999
ACT_EU_INST_CJEU_JUDG_AG_BG_ARA,7,position,Member of the Bulgarian Parliament,politician,,
ACT_EU_INST_CJEU_JUDG_AG_BG_ARA,8,position,Observer at the European Parliament,politician,2005,2006
ACT_EU_INST_CJEU_JUDG_AG_BG_ARA,9,membership,Member of the Convention on the Future of Europe,,2002,2003
ACT_EU_INST_CJEU_JUDG_AG_BG_ARA,10,position,Judge at the Court of Justice,judge,2007,2025
ACT_EU_INST_CJEU_JUDG_AG_IE_HOG,1,degree,Graduated in law from University College Dublin with an LL. M.,,,1981
ACT_EU_INST_CJEU_JUDG_AG_IE_HOG,2,degree,Doctor of Laws from University College Dublin (LL. D.),,,1997
ACT_EU_INST_CJEU_JUDG_AG_IE_HOG,3,degree,Degree in law at the University of Pennsylvania with an LL. M.,,,1982
ACT_EU_INST_CJEU_JUDG_AG_IE_HOG,4,degree,Doctorate in law at Trinity College Dublin (Ph. D.),,,2001
ACT_EU_INST_CJEU_JUDG_AG_IE_HOG,5,membership,"Barrister-at-Law, Honorable Society of King's Inns, Dublin",,1984,
ACT_EU_INST_CJEU_JUDG_AG_IE_HOG,6,position,Law lecturer at Trinity College Dublin,academic,1982,2007
ACT_EU_INST_CJEU_JUDG_AG_IE_HOG,7,position,Junior Counsel at the Bar of Ireland,lawyer,1987,1997
ACT_EU_INST_CJEU_JUDG_AG_IE_HOG,8,position,Senior Counsel at the Bar of Ireland,lawyer,1997,2010
ACT_EU_INST_CJEU_JUDG_AG_IE_HOG,9,position,Judge at the High Court of Ireland,judge,2010,2014
ACT_EU_INST_CJEU_JUDG_AG_IE_HOG,10,position,Judge at the Court of Appeal of Ireland,judge,2014,2018
ACT_EU_INST_CJEU_JUDG_AG_IE_HOG,11,position,Advocate General at the Court of Justice,judge,2018,2021
ACT_EU_INST_CJEU_JUDG_AG_SI_PRE,1,degree,Law degree,,1989,
ACT_EU_INST_CJEU_JUDG_AG_SI_PRE,2,degree,LL. M.,,,
ACT_EU_INST_CJEU_JUDG_AG_SI_PRE,3,degree,PhD,,,
ACT_EU_INST_CJEU_JUDG_AG_SI_PRE,4,membership,Called to the Bar,,1994,
ACT_EU_INST_CJEU_JUDG_AG_SI_PRE,5,position,"Under-Secretary of State and Deputy Director, Head of Department for European and Comparative Law at the Government Office for Legislation",civil servant,,
ACT_EU_INST_CJEU_JUDG_AG_SI_PRE,6,position,Under-Secretary of State in the Office for European Affairs,civil servant,,
ACT_EU_INST_CJEU_JUDG_AG_SI_PRE,7,membership,Member of the negotiating team for the association agreement,,1994,1996
ACT_EU_INST_CJEU_JUDG_AG_SI_PRE,8,membership,Member of the negotiating team for accession to the European Union responsible for legal affairs,,1998,2002
ACT_EU_INST_CJEU_JUDG_AG_SI_PRE,9,position,Practising lawyer,lawyer,,
ACT_EU_INST_CJEU_JUDG_AG_SI_PRE,10,position,Team leader and senior expert in EU financed projects regarding adaptation to European legislation and European integration principally in the western Balkans,other,,
ACT_EU_INST_CJEU_JUDG_AG_SI_PRE,11,position,Head of Division at the Court of Justice of the European Communities,civil servant,2004,2006
ACT_EU_INST_CJEU_JUDG_AG_SI_PRE,12,position,Judge at the General Court,judge,2006,2019
ACT_EU_INST_CJEU_JUDG_AG_AT_STI_HAC,1,degree,"Doctor of Laws, University of Vienna",,,
ACT_EU_INST_CJEU_JUDG_AG_AT_STI_HAC,2,degree,"Postgraduate studies in European Law, College of Europe, Bruges",,,
ACT_EU_INST_CJEU_JUDG_AG_AT_STI_HAC,3,membership,Member of the Austrian Diplomatic Service,,1982,
ACT_EU_INST_CJEU_JUDG_AG_AT_STI_HAC,4,position,Expert on European Union matters in the office of the Legal Adviser to the Ministry of Foreign Affairs,civil servant; lawyer,1985,1988
ACT_EU_INST_CJEU_JUDG_AG_AT_STI_HAC,5,position,Legal Service of the European Commission,civil servant; lawyer,1989,
ACT_EU_INST_CJEU_JUDG_AG_AT_STI_HAC,6,position,"Head of the 'Legal Service-EU' in the Ministry of Foreign Affairs, Minister Plenipotentiary",civil servant; lawyer,1992,2000
ACT_EU_INST_CJEU_JUDG_AG_AT_STI_HAC,7,position,Agent of the Republic of Austria at the Court of Justice of the European Communities,civil servant; lawyer,1995,
ACT_EU_INST_CJEU_JUDG_AG_AT_STI_HAC,8,position,Austrian Consul-General in Zurich,civil servant,2000,
ACT_EU_INST_CJEU_JUDG_AG_AT_STI_HAC,9,position,Teaching assignments and publications,academic,,
ACT_EU_INST_CJEU_JUDG_AG_AT_STI_HAC,10,position,Advocate-General at the Court of Justice,judge,2000,2006
ACT_EU_INST_CJEU_JUDG_AG_HR_PER,1,degree,Graduated cum laude in law from the Sveučilište u Zagrebu,,2002,
ACT_EU_INST_CJEU_JUDG_AG_HR_PER,2,degree,Master of Laws from the University of Oxford,,2003,
ACT_EU_INST_CJEU_JUDG_AG_HR_PER,3,degree,Doctoral studies in law and defended her thesis at the Sveučilište u Zagrebu,,2007,
ACT_EU_INST_CJEU_JUDG_AG_HR_PER,4,position,Professor at Sveučilište u Zagrebu,academic,2002,
ACT_EU_INST_CJEU_JUDG_AG_HR_PER,5,position,Vice-Dean for International Cooperation at Sveučilište u Zagrebu,academic,2009,2011
ACT_EU_INST_CJEU_JUDG_AG_HR_PER,6,distinction,Holder of a Jean Monnet Chair,,2015,
ACT_EU_INST_CJEU_JUDG_AG_HR_PER,7,position,Coordinator of the Jean Monnet Centre of Excellence,academic,2018,
ACT_EU_INST_CJEU_JUDG_AG_HR_PER,8,position,Visiting professor and John Harvey Gregory Lecturer on World Organization at Harvard University,academic,2015,2016
ACT_EU_INST_CJEU_JUDG_AG_HR_PER,9,position,Member of the negotiating team for the accession of Croatia to the European Union,civil servant,2005,2011
ACT_EU_INST_CJEU_JUDG_AG_HR_PER,10,position,Provided training on EU law at the National Institute of Public Administration and Croatian Diplomatic Academy,academic,2011,
ACT_EU_INST_CJEU_JUDG_AG_HR_PER,11,position,"Responsible for providing training on EU law to judges and prosecutors at the Judicial Academy and Municipal Court, Zagreb",civil servant,2012,2013
ACT_EU_INST_CJEU_JUDG_AG_HR_PER,12,position,Taught EU law at the Croatian Bar Association,academic,2015,
ACT_EU_INST_CJEU_JUDG_AG_HR_PER,13,position,Special adviser to the Croatian Ministry of Science and Education,civil servant,2017,2019
ACT_EU_INST_CJEU_JUDG_AG_HR_PER,14,position,Judge at the General Court,judge,2019,
ACT_EU_INST_CJEU_JUDG_AG_HR_PER,15,membership,Member of the editorial board of the Croatian Yearbook of European Law and Policy,,,
ACT_EU_INST_CJEU_JUDG_AG_HR_PER,16,membership,Member of the Hrvatske udruge za studij Europske unije,,,
ACT_EU_INST_CJEU_JUDG_AG_HR_PER,17,membership,Member of the Hrvatske udruge za europsko pravo (CROSEL),,,
ACT_EU_INST_CJEU_JUDG_AG_HR_PER,18,membership,Member of the Chevening Alumni Association,,,
ACT_EU_INST_CJEU_JUDG_AG_HR_PER,19,membership,Member of the Oxford University Society (OUS),,,
ACT_EU_INST_CJEU_JUDG_AG_HR_PER,20,distinction,Chevening scholar,,2003,
ACT_EU_INST_CJEU_JUDG_AG_HR_PER,21,distinction,Fulbright scholar,,2005,2006
ACT_EU_INST_CJEU_JUDG_AG_UK_FORW,1,degree,BA in Mechanical Sciences and Law from Cambridge University,,1969,
ACT_EU_INST_CJEU_JUDG_AG_UK_FORW,2,degree,MA from Cambridge University,,1973,
ACT_EU_INST_CJEU_JUDG_AG_UK_FORW,3,position,Called to the English Bar,lawyer,1970,
ACT_EU_INST_CJEU_JUDG_AG_UK_FORW,4,position,Practised law in London,lawyer,1971,1999
ACT_EU_INST_CJEU_JUDG_AG_UK_FORW,5,position,Practised law in Brussels,lawyer,1979,1999
ACT_EU_INST_CJEU_JUDG_AG_UK_FORW,6,position,Called to the Irish Bar,lawyer,1981,
ACT_EU_INST_CJEU_JUDG_AG_UK_FORW,7,distinction,Appointed Queen's Counsel,,1987,
ACT_EU_INST_CJEU_JUDG_AG_UK_FORW,8,position,Bencher of the Middle Temple,other,1998,
ACT_EU_INST_CJEU_JUDG_AG_UK_FORW,9,membership,Representative of the Bar of England and Wales at the Council of the Bars and Law Societies of the EU,,,
ACT_EU_INST_CJEU_JUDG_AG_UK_FORW,10,position,Chairman of the CCBE's Permanent Delegation to the European Court of Justice,other,1995,1999
ACT_EU_INST_CJEU_JUDG_AG_UK_FORW,11,membership,Governing board member of the World Trade Law Association,,1993,2002
ACT_EU_INST_CJEU_JUDG_AG_UK_FORW,12,membership,Governing board member of the European Maritime Law Organisation,,1993,2002
ACT_EU_INST_CJEU_JUDG_AG_UK_FORW,13,position,Judge at the General Court,judge,1999,2015
ACT_EU_INST_CJEU_JUDG_AG_LU_JAE,1,degree,Master's degree in law from the université Robert Schuman,,,1979
ACT_EU_INST_CJEU_JUDG_AG_LU_JAE,2,degree,Master of Laws in European Law from the College of Europe,,,1980
ACT_EU_INST_CJEU_JUDG_AG_LU_JAE,3,position,Admitted to the Luxembourg Bar,lawyer,1981,
ACT_EU_INST_CJEU_JUDG_AG_LU_JAE,4,position,Lawyer,lawyer,1981,1983
ACT_EU_INST_CJEU_JUDG_AG_LU_JAE,5,position,Attaché de justice delegated to the office of the Public Attorney of Luxembourg,civil servant,1983,1984
ACT_EU_INST_CJEU_JUDG_AG_LU_JAE,6,position,Judge at the Tribunal d'arrondissement de Luxembourg,judge,1984,1986
ACT_EU_INST_CJEU_JUDG_AG_LU_JAE,7,position,Legal Secretary to Advocate General Jean Mischo,civil servant; lawyer,1986,1988
ACT_EU_INST_CJEU_JUDG_AG_LU_JAE,8,position,Worked in the cabinet of Judge G. Federico Mancini,civil servant; lawyer,1988,1996
ACT_EU_INST_CJEU_JUDG_AG_LU_JAE,9,position,Lecturer at the University of Luxembourg,academic,2003,
ACT_EU_INST_CJEU_JUDG_AG_LU_JAE,10,position,Lecturer at the Libera Università Internazionale degli Studi Sociali Guido Carli,academic,2015,
ACT_EU_INST_CJEU_JUDG_AG_LU_JAE,11,position,President of the Institut Universitaire International Luxembourg,other,2001,2018
ACT_EU_INST_CJEU_JUDG_AG_LU_JAE,12,position,President of the Board of Governors at the University of Luxembourg,academic,2011,2016
ACT_EU_INST_CJEU_JUDG_AG_LU_JAE,13,position,Judge at the General Court,judge,1996,
ACT_EU_INST_CJEU_JUDG_AG_LU_JAE,14,position,President of Chamber at the General Court,judge,2004,2007
ACT_EU_INST_CJEU_JUDG_AG_LU_JAE,15,position,President of the General Court,judge,2007,2019
ACT_EU_INST_CJEU_JUDG_AG_LU_JAE,16,membership,Founding member and President of the Luxembourg Observatory of European Law,,,
ACT_EU_INST_CJEU_JUDG_AG_LU_JAE,17,membership,Member of the Conseil des Sages of the Luxembourg School of Religion & Society,,,
ACT_EU_INST_CJEU_JUDG_AG_LU_JAE,18,membership,Member of the Societas Iuris Publici Europaei e. V.,,,
ACT_EU_INST_CJEU_JUDG_AG_LU_JAE,19,membership,Member of the editorial committee of the Revue critique trimestrielle de jurisprudence et de législation,,,
ACT_EU_INST_CJEU_JUDG_AG_LU_JAE,20,membership,Member of the editorial committee of the Revue européenne de droit de la consommation,,,
ACT_EU_INST_CJEU_JUDG_AG_LU_JAE,21,membership,Member of the management board of the Fondation Kräizbierg,,,
ACT_EU_INST_CJEU_JUDG_AG_LU_JAE,22,membership,Member of the scientific board of the Revista Română de Drept European,,,
ACT_EU_INST_CJEU_JUDG_AG_LU_JAE,23,membership,Member of the scientific committee of the Studi sull'Integrazione Europea,,,
ACT_EU_INST_CJEU_JUDG_AG_LU_JAE,24,membership,Member of the steering committee of the Diritto e Politiche dell'Unione Europea,,,
ACT_EU_INST_CJEU_JUDG_AG_LU_JAE,25,position,President of the Fondation ADIPH,other,,
ACT_EU_INST_CJEU_JUDG_AG_LU_JAE,26,distinction,Cavaliere di Gran Croce ordine al Merito della Repubblica italiana,,2009,
ACT_EU_INST_CJEU_JUDG_AG_LU_JAE,27,distinction,"Dottore in Giurisprudenza Honoris Causa, Università degli Studi del Sannio",,2013,
ACT_EU_INST_CJEU_JUDG_AG_LU_JAE,28,distinction,"Honorary Bencher, Middle Temple",,2016,
ACT_EU_INST_CJEU_JUDG_AG_LU_JAE,29,distinction,Knight of the Legion of Honour,,2010,
ACT_EU_INST_CJEU_JUDG_AG_LU_JAE,30,distinction,Knight of the Order of the Oak Crown of the Grand Duchy of Luxembourg,,1999,
ACT_EU_INST_CJEU_JUDG_AG_LU_JAE,31,distinction,Officer of the Order of Merit of the Grand Duchy of Luxembourg,,2004,
ACT_EU_INST_CJEU_JUDG_AG_ES_MAR_PER_NAN,1,degree,Graduated in law from the Universidad de Salamanca,,1988,
ACT_EU_INST_CJEU_JUDG_AG_ES_MAR_PER_NAN,2,degree,Studied constitutional law at the Universität zu Köln,,1988,1989
ACT_EU_INST_CJEU_JUDG_AG_ES_MAR_PER_NAN,3,degree,Master's degree in EU law at the Universität Saarbrücken,,1991,
ACT_EU_INST_CJEU_JUDG_AG_ES_MAR_PER_NAN,4,degree,Doctorate in law at the Universität Saarbrücken and the Universidad de Salamanca,,1994,
ACT_EU_INST_CJEU_JUDG_AG_ES_MAR_PER_NAN,5,position,Senior lecturer at the Universidad de La Rioja,academic,1993,1996
ACT_EU_INST_CJEU_JUDG_AG_ES_MAR_PER_NAN,6,position,Professor at the Universidad de La Rioja,academic,1996,2001
ACT_EU_INST_CJEU_JUDG_AG_ES_MAR_PER_NAN,7,position,Secretary General of the Universidad de La Rioja,academic,1996,
ACT_EU_INST_CJEU_JUDG_AG_ES_MAR_PER_NAN,8,position,Vice-Rector for Research at the Universidad de La Rioja,academic,1996,2000
ACT_EU_INST_CJEU_JUDG_AG_ES_MAR_PER_NAN,9,position,Vice-Rector for International Relations at the Universidad de La Rioja,academic,2004,2008
ACT_EU_INST_CJEU_JUDG_AG_ES_MAR_PER_NAN,10,position,Holder of the Chair of Public International Law,academic,2001,2009
ACT_EU_INST_CJEU_JUDG_AG_ES_MAR_PER_NAN,11,position,Holder of the Jean Monnet Chair of EU Law,academic,2001,
ACT_EU_INST_CJEU_JUDG_AG_ES_MAR_PER_NAN,12,position,Chair of Public International Law at the Universidad de Salamanca,academic,2009,2012
ACT_EU_INST_CJEU_JUDG_AG_ES_MAR_PER_NAN,13,position,Director of the Department of International Legal Affairs at the Spanish Ministry of Foreign Affairs and Cooperation,civil servant; lawyer,2012,2018
ACT_EU_INST_CJEU_JUDG_AG_ES_MAR_PER_NAN,14,position,Director of the Office of the Presidency of the Consejo de Estado,civil servant,2018,
ACT_EU_INST_CJEU_JUDG_AG_ES_MAR_PER_NAN,15,position,Judge at the General Court,judge,2019,
ACT_EU_INST_CJEU_JUDG_AG_ES_MAR_PER_NAN,16,position,Advocate General at the General Court,judge,2024,
ACT_EU_INST_CJEU_JUDG_AG_ES_MAR_PER_NAN,17,membership,Member of the executive board of the Spanish section of the International Federation for European Law,,,
ACT_EU_INST_CJEU_JUDG_AG_ES_MAR_PER_NAN,18,membership,Member of the scientific committee of the Revista de Derecho comunitario europeo,,,
ACT_EU_INST_CJEU_JUDG_AG_ES_MAR_PER_NAN,19,membership,Member of the editorial board of the journal Cuadernos Europeos de Deusto,,,
ACT_EU_INST_CJEU_JUDG_AG_ES_MAR_PER_NAN,20,distinction,"Doctor honoris causa, Universidad de Piura",,2009,
ACT_EU_INST_CJEU_JUDG_AG_ES_MAR_PER_NAN,21,distinction,Cruz de la Orden de San Raimundo de Peñafort,,2016,
ACT_EU_INST_CJEU_JUDG_AG_FR_TOU,1,degree,Master's Degree in Private Law,,,
ACT_EU_INST_CJEU_JUDG_AG_FR_TOU,2,position,Substitute Judge at the Cour d'appel de Douai,judge,1933,1936
ACT_EU_INST_CJEU_JUDG_AG_FR_TOU,3,position,Substitute Judge at the Cour d'appel de Paris,judge,1933,1936
ACT_EU_INST_CJEU_JUDG_AG_FR_TOU,4,position,Deputy Public Prosecutor at the tribunal d'Évreux,civil servant; lawyer,1936,1940
ACT_EU_INST_CJEU_JUDG_AG_FR_TOU,5,position,Public Prosecutor at the tribunal d'Évreux,civil servant; lawyer,1940,
ACT_EU_INST_CJEU_JUDG_AG_FR_TOU,6,position,Director of the Department for Investigation of War Crimes,other,1946,
ACT_EU_INST_CJEU_JUDG_AG_FR_TOU,7,position,Director of the Private Office of the Minister for the Armed Forces,civil servant,1947,1949
ACT_EU_INST_CJEU_JUDG_AG_FR_TOU,8,position,Director of the Private Office of the Minister of State for Information,civil servant,1949,1953
ACT_EU_INST_CJEU_JUDG_AG_FR_TOU,9,position,"Director of the Private Office of the Minister of State, Vice-President of the Council",civil servant,1953,
ACT_EU_INST_CJEU_JUDG_AG_FR_TOU,10,position,First Deputy Public Prosecutor at the tribunal de la Seine,civil servant; lawyer,1954,1956
ACT_EU_INST_CJEU_JUDG_AG_FR_TOU,11,position,Director of the Private Office of the Minister for Justice,civil servant,1957,1958
ACT_EU_INST_CJEU_JUDG_AG_FR_TOU,12,position,Public Prosecutor at the tribunal de la Seine,civil servant; lawyer,1958,1961
ACT_EU_INST_CJEU_JUDG_AG_FR_TOU,13,position,Judge at the Cour de cassation,judge,1961,
ACT_EU_INST_CJEU_JUDG_AG_FR_TOU,14,position,Inspector-General of Court Services,civil servant,1962,
ACT_EU_INST_CJEU_JUDG_AG_FR_TOU,15,position,First President of the Cour d'appel de Paris,judge,1962,1968
ACT_EU_INST_CJEU_JUDG_AG_FR_TOU,16,position,Public Prosecutor at the Cour de cassation,civil servant; lawyer,1968,1976
ACT_EU_INST_CJEU_JUDG_AG_FR_TOU,17,position,Judge at the Court of Justice,judge,1976,1982
ACT_EU_INST_CJEU_JUDG_AG_FI_SEV,1,degree,Doctor of Law of the University of Helsinki,,,
ACT_EU_INST_CJEU_JUDG_AG_FI_SEV,2,position,Director at the Ministry of Justice,civil servant,,
ACT_EU_INST_CJEU_JUDG_AG_FI_SEV,3,position,Adviser in the Trade Directorate of the Ministry of Foreign Affairs,civil servant,,
ACT_EU_INST_CJEU_JUDG_AG_FI_SEV,4,position,Judge at the Supreme Court,judge,,
ACT_EU_INST_CJEU_JUDG_AG_FI_SEV,5,position,Judge at the EFTA Court,judge,,
ACT_EU_INST_CJEU_JUDG_AG_FI_SEV,6,position,President of the EFTA Court,judge,,
ACT_EU_INST_CJEU_JUDG_AG_FI_SEV,7,position,Judge at the Court of Justice,judge,1995,2002
ACT_EU_INST_CJEU_JUDG_AG_BE_DEH,1,degree,Law degree from University of Liege,,,1981
ACT_EU_INST_CJEU_JUDG_AG_BE_DEH,2,position,Research Fellow at Fonds national de la recherche scientifique,academic,1985,1989
ACT_EU_INST_CJEU_JUDG_AG_BE_DEH,3,position,Legal Adviser to the Chamber of Representatives,civil servant; lawyer,1981,1990
ACT_EU_INST_CJEU_JUDG_AG_BE_DEH,4,degree,Doctor of Laws from University of Strasbourg,,,1990
ACT_EU_INST_CJEU_JUDG_AG_BE_DEH,5,position,"Professor at Universities of Liege and Strasbourg, College of Europe, Institut royal supérieur de Défense, Université Montesquieu, Bordeaux, Collège Michel Servet of the Universities of Paris, Faculties of Notre-Dame de la Paix, Namur",academic,,
ACT_EU_INST_CJEU_JUDG_AG_BE_DEH,6,position,Special Representative of the Minister for Foreign Affairs,politician,1995,1999
ACT_EU_INST_CJEU_JUDG_AG_BE_DEH,7,position,Director of European Studies of the Royal Institute of International Relations,other,1998,2003
ACT_EU_INST_CJEU_JUDG_AG_BE_DEH,8,position,Assesseur at the Council of State,civil servant,2001,2003
ACT_EU_INST_CJEU_JUDG_AG_BE_DEH,9,position,Consultant to the European Commission,other,1990,2003
ACT_EU_INST_CJEU_JUDG_AG_BE_DEH,10,membership,Member of the Internet Observatory,,2001,2003
ACT_EU_INST_CJEU_JUDG_AG_BE_DEH,11,position,Judge at the General Court,judge,2003,2016
ACT_EU_INST_CJEU_JUDG_AG_FR_BOT,1,degree,"Graduate of the Faculty of Law, Rouen",,,
ACT_EU_INST_CJEU_JUDG_AG_FR_BOT,2,degree,"Doctor of Laws (University of Paris II, Panthéon-Assas)",,,
ACT_EU_INST_CJEU_JUDG_AG_FR_BOT,3,position,"Lecturer at the Faculty of Law, Le Mans",academic,,
ACT_EU_INST_CJEU_JUDG_AG_FR_BOT,4,position,"Deputy Public Prosecutor at the Public Prosecutor's Office, Le Mans",civil servant; lawyer,1974,
ACT_EU_INST_CJEU_JUDG_AG_FR_BOT,5,position,"Senior Deputy Public Prosecutor at the Public Prosecutor's Office, Le Mans",civil servant; lawyer,,1982
ACT_EU_INST_CJEU_JUDG_AG_FR_BOT,6,position,"Public Prosecutor at the Regional Court, Dieppe",civil servant; lawyer,1982,1984
ACT_EU_INST_CJEU_JUDG_AG_FR_BOT,7,position,"Deputy Public Prosecutor at the Regional Court, Strasbourg",civil servant; lawyer,1984,1986
ACT_EU_INST_CJEU_JUDG_AG_FR_BOT,8,position,"Public Prosecutor at the Regional Court, Bastia",civil servant; lawyer,1986,1988
ACT_EU_INST_CJEU_JUDG_AG_FR_BOT,9,position,"Advocate General at the Court of Appeal, Caen",civil servant; lawyer,1988,1991
ACT_EU_INST_CJEU_JUDG_AG_FR_BOT,10,position,"Public Prosecutor at the Regional Court, Le Mans",civil servant; lawyer,1991,1993
ACT_EU_INST_CJEU_JUDG_AG_FR_BOT,11,position,Special Adviser to the Minister for Justice,civil servant,1993,1995
ACT_EU_INST_CJEU_JUDG_AG_FR_BOT,12,position,"Public Prosecutor at the Regional Court, Nanterre",civil servant; lawyer,1995,2002
ACT_EU_INST_CJEU_JUDG_AG_FR_BOT,13,position,"Public Prosecutor at the Regional Court, Paris",civil servant; lawyer,2002,2004
ACT_EU_INST_CJEU_JUDG_AG_FR_BOT,14,position,"Principal State Prosecutor at the Court of Appeal, Paris",civil servant; lawyer,2004,2006
ACT_EU_INST_CJEU_JUDG_AG_FR_BOT,15,position,Advocate General at the Court of Justice,judge,2006,2019
ACT_EU_INST_CJEU_JUDG_AG_EL_COS,1,membership,Called to the Athens Bar,,,
ACT_EU_INST_CJEU_JUDG_AG_EL_COS,2,position,Junior Member of the Greek Council of State,civil servant,1963,
ACT_EU_INST_CJEU_JUDG_AG_EL_COS,3,position,Member of the Greek Council of State,civil servant,1973,
ACT_EU_INST_CJEU_JUDG_AG_EL_COS,4,position,State Counsellor,civil servant,1982,1994
ACT_EU_INST_CJEU_JUDG_AG_EL_COS,5,membership,Member of the Special Court which hears actions against judges,,,
ACT_EU_INST_CJEU_JUDG_AG_EL_COS,6,membership,Member of the Superior Special Court,,,
ACT_EU_INST_CJEU_JUDG_AG_EL_COS,7,membership,Member of the High Council of the Judiciary,,,
ACT_EU_INST_CJEU_JUDG_AG_EL_COS,8,membership,Member of the High Council of the Ministry of Foreign Affairs,,,
ACT_EU_INST_CJEU_JUDG_AG_EL_COS,9,position,President of the Trademark Court of Second Instance,judge,,
ACT_EU_INST_CJEU_JUDG_AG_EL_COS,10,position,Chairman of the Special Legislative Drafting Committee of the Ministry of Justice,civil servant,,
ACT_EU_INST_CJEU_JUDG_AG_EL_COS,11,position,Advocate General at the Court of Justice,judge,1994,2000
ACT_EU_INST_CJEU_JUDG_AG_EL_IOA,1,membership,Called to the Thessaloniki Bar,,1963,
ACT_EU_INST_CJEU_JUDG_AG_EL_IOA,2,degree,Doctorate in International Law from the University of Thessaloniki,,,1971
ACT_EU_INST_CJEU_JUDG_AG_EL_IOA,3,position,Professor of Public International Law and Community Law in the Law Faculty of the University of Thrace,academic,,
ACT_EU_INST_CJEU_JUDG_AG_EL_IOA,4,position,Honorary Legal Adviser to the Ministry of Foreign Affairs,civil servant; lawyer,,
ACT_EU_INST_CJEU_JUDG_AG_EL_IOA,5,membership,Member of the Hellenic Delegation to the General Assembly of the UN,,1983,
ACT_EU_INST_CJEU_JUDG_AG_EL_IOA,6,position,Chairman of the Committee of Experts on the Improvement of the Procedure under the Convention on Human Rights of the Council of Europe,other,1989,1992
ACT_EU_INST_CJEU_JUDG_AG_EL_IOA,7,position,Judge at the Court of Justice,judge,1997,1999
ACT_EU_INST_CJEU_JUDG_AG_IT_TIZ,1,position,"Professor of European Union Law at La Sapienza University, Rome",academic,,
ACT_EU_INST_CJEU_JUDG_AG_IT_TIZ,2,position,"Professor at the Istituto Universitario Orientale, Naples",academic,1969,1979
ACT_EU_INST_CJEU_JUDG_AG_IT_TIZ,3,position,"Professor at Federico II University, Naples",academic,1979,1992
ACT_EU_INST_CJEU_JUDG_AG_IT_TIZ,4,position,Professor at the University of Catania,academic,1969,1977
ACT_EU_INST_CJEU_JUDG_AG_IT_TIZ,5,position,Professor at the University of Mogadishu,academic,1967,1972
ACT_EU_INST_CJEU_JUDG_AG_IT_TIZ,6,membership,Member of the Bar at the Italian Court of Cassation,,,
ACT_EU_INST_CJEU_JUDG_AG_IT_TIZ,7,position,Legal Adviser to the Permanent Representation of the Italian Republic to the European Communities,civil servant; lawyer,1984,1992
ACT_EU_INST_CJEU_JUDG_AG_IT_TIZ,8,membership,"Member of the Italian delegation at the negotiations for the accession of the Kingdom of Spain and the Portuguese Republic to the European Communities, for the Single European Act and for the Treaty on European Union",,,
ACT_EU_INST_CJEU_JUDG_AG_IT_TIZ,9,distinction,Founder and Director of the journal Il Diritto dell'Unione Europea,,1996,
ACT_EU_INST_CJEU_JUDG_AG_IT_TIZ,10,membership,Member of the managing or editorial board of a number of legal journals,,,
ACT_EU_INST_CJEU_JUDG_AG_IT_TIZ,11,position,"Rapporteur at numerous international congresses, conferences and courses at various international institutions, including The Hague Academy of International Law",other,1987,
ACT_EU_INST_CJEU_JUDG_AG_IT_TIZ,12,position,Member of the independent group of experts appointed to examine the finances of the Commission of the European Communities,other,1999,
ACT_EU_INST_CJEU_JUDG_AG_IT_TIZ,13,position,Advocate General at the Court of Justice,judge,2000,2006
ACT_EU_INST_CJEU_JUDG_AG_IT_TIZ,14,position,Judge at the Court of Justice,judge,2006,2018
ACT_EU_INST_CJEU_JUDG_AG_IT_TIZ,15,position,Vice-President of the Court of Justice of the European Union,judge,2015,2018
ACT_EU_INST_CJEU_JUDG_AG_EL_VAL,1,degree,Law degree from Aristotle University of Thessaloniki,,,1993
ACT_EU_INST_CJEU_JUDG_AG_EL_VAL,2,degree,Master's degree in law from Harvard Law School,,,1996
ACT_EU_INST_CJEU_JUDG_AG_EL_VAL,3,position,Trained as a lawyer during examinations for admission to the legal profession,lawyer,1993,1995
ACT_EU_INST_CJEU_JUDG_AG_EL_VAL,4,membership,Admitted to the Thessaloniki Bar,,1996,
ACT_EU_INST_CJEU_JUDG_AG_EL_VAL,5,position,Practised in law firms in Mexico and the United States,lawyer,1996,
ACT_EU_INST_CJEU_JUDG_AG_EL_VAL,6,position,Legal Secretary in the chambers of Judge Krateros Ioannou at the Court of Justice of the European Union,civil servant,1998,
ACT_EU_INST_CJEU_JUDG_AG_EL_VAL,7,position,Worked with Judge Vassilios Skouris at the Court of Justice of the European Union,civil servant,1999,2014
ACT_EU_INST_CJEU_JUDG_AG_EL_VAL,8,position,Director of the Protocol and Information Directorate at the Court,civil servant,2014,
ACT_EU_INST_CJEU_JUDG_AG_EL_VAL,9,position,Director of Communications at the Court,civil servant,,2022
ACT_EU_INST_CJEU_JUDG_AG_EL_VAL,10,position,Participated in the organisation of the European Law Moot Court Competition as a panel member,academic,2004,2005
ACT_EU_INST_CJEU_JUDG_AG_EL_VAL,11,membership,Member and Vice-President of the European Law Moot Court Society,,2006,2022
ACT_EU_INST_CJEU_JUDG_AG_EL_VAL,12,position,Judge at the General Court,judge,2022,
ACT_EU_INST_CJEU_JUDG_AG_NL_MEI,1,position,Justice at the Supreme Court of the Netherlands,judge,1996,
ACT_EU_INST_CJEU_JUDG_AG_NL_MEI,2,position,Judge and Vice-President at the College van Beroep voor het Bedrijfsleven (Administrative Court for Trade and Industry),judge,1986,
ACT_EU_INST_CJEU_JUDG_AG_NL_MEI,3,position,Judge Substitute at the Court of Appeal for Social Security,judge,,
ACT_EU_INST_CJEU_JUDG_AG_NL_MEI,4,position,Substitute Member of the Administrative Court for Customs Tariff Matters,judge,,
ACT_EU_INST_CJEU_JUDG_AG_NL_MEI,5,position,Legal Secretary at the Court of Justice of the European Communities,civil servant; lawyer,1980,
ACT_EU_INST_CJEU_JUDG_AG_NL_MEI,6,position,Lecturer in European Law in the Law Faculty of the University of Groningen,academic,,
ACT_EU_INST_CJEU_JUDG_AG_NL_MEI,7,position,Research Assistant at the University of Michigan Law School,academic,,
ACT_EU_INST_CJEU_JUDG_AG_NL_MEI,8,position,Staff Member of the International Secretariat of the Amsterdam Chamber of Commerce,other,1970,
ACT_EU_INST_CJEU_JUDG_AG_NL_MEI,9,position,Judge at the Court of First Instance,judge,1998,2010
ACT_EU_INST_CJEU_JUDG_AG_IE_KIN,1,degree,Graduated in law from Oxford University,,1998,
ACT_EU_INST_CJEU_JUDG_AG_IE_KIN,2,degree,Master's degree in law at Universiteit Leiden,,2000,
ACT_EU_INST_CJEU_JUDG_AG_IE_KIN,3,degree,Doctorate in law at Universiteit Leiden,,,2009
ACT_EU_INST_CJEU_JUDG_AG_IE_KIN,4,position,Barrister at the Honourable Society of Gray's Inn,lawyer,1998,
ACT_EU_INST_CJEU_JUDG_AG_IE_KIN,5,position,Practised law at a Brussels office of an international law firm,lawyer,2002,2004
ACT_EU_INST_CJEU_JUDG_AG_IE_KIN,6,position,Legal secretary to Advocate General Leendert Geelhoed at the Court of Justice of the European Union,civil servant; lawyer,2004,2006
ACT_EU_INST_CJEU_JUDG_AG_IE_KIN,7,position,"Barrister at the Honourable Society of King's Inns, Dublin",lawyer,2007,
ACT_EU_INST_CJEU_JUDG_AG_IE_KIN,8,position,"Practised law at the Bar of Ireland as a Barrister, then as a Senior Counsel",lawyer,2007,
ACT_EU_INST_CJEU_JUDG_AG_IE_KIN,9,position,Senior lecturer at University College Dublin,academic,2007,2015
ACT_EU_INST_CJEU_JUDG_AG_IE_KIN,10,position,Professor at University College Dublin,academic,2015,
ACT_EU_INST_CJEU_JUDG_AG_IE_KIN,11,position,"Taught at Columbia University, Cambridge University, Universiteit Leiden, Osgoode Hall Law School of York University",academic,,
ACT_EU_INST_CJEU_JUDG_AG_IE_KIN,12,position,Judge at the General Court,judge,2022,
ACT_EU_INST_CJEU_JUDG_AG_IE_KIN,13,position,President of Chamber at the General Court,judge,2025,
ACT_EU_INST_CJEU_JUDG_AG_IE_KIN,14,membership,Vice-President of the Irish Centre for European Law,,,
ACT_EU_INST_CJEU_JUDG_AG_IE_KIN,15,membership,Member of the editorial board of the journal Irish Jurist,,,
ACT_EU_INST_CJEU_JUDG_AG_IE_KIN,16,distinction,European Research Council Award,,2015,
ACT_EU_INST_CJEU_JUDG_AG_IE_KIN,17,distinction,"Ireland's Champions of European Research, awarded by the Irish Research Council",,2017,
ACT_EU_INST_CJEU_JUDG_AG_EE_JUR,1,degree,Law degree equivalent to a master's degree from the University of Tartu,,,1986
ACT_EU_INST_CJEU_JUDG_AG_EE_JUR,2,degree,Graduated from the Estonian School of Diplomacy,,,1992
ACT_EU_INST_CJEU_JUDG_AG_EE_JUR,3,degree,European Masters in Human Rights and Democratisation,,,2003
ACT_EU_INST_CJEU_JUDG_AG_EE_JUR,4,position,Public prosecutor in Tallinn,civil servant; lawyer,1986,1991
ACT_EU_INST_CJEU_JUDG_AG_EE_JUR,5,position,Legal adviser at Estonian Chamber of Commerce and Industry,lawyer,1991,1993
ACT_EU_INST_CJEU_JUDG_AG_EE_JUR,6,position,General Counsel at Estonian Chamber of Commerce and Industry,lawyer,1992,1993
ACT_EU_INST_CJEU_JUDG_AG_EE_JUR,7,position,Judge at the Tallinn Court of Appeal,judge,1993,2004
ACT_EU_INST_CJEU_JUDG_AG_EE_JUR,8,position,Judge at the General Court of the European Union,judge,2004,
ACT_EU_INST_CJEU_JUDG_AG_EE_JUR,9,position,Judge at the Court of Justice,judge,2013,
ACT_EU_INST_CJEU_JUDG_AG_EE_JUR,10,position,President of Chamber at the Court of Justice,judge,2021,
ACT_EU_INST_CJEU_JUDG_AG_EE_JUR,11,membership,Member of the Governing Board of the Constitutional Law Foundation at the Estonian Academy for Sciences,,,
ACT_EU_INST_CJEU_JUDG_AG_EE_JUR,12,membership,Member of the Governing Council and Director of the Association of European Competition Law Judges,,,
ACT_EU_INST_CJEU_JUDG_AG_EE_JUR,13,membership,Member of Eesti Kohtunike Ühing,,,
ACT_EU_INST_CJEU_JUDG_AG_EE_JUR,14,membership,Member of Eesti Juristide Liit,,,
ACT_EU_INST_CJEU_JUDG_AG_EE_JUR,15,distinction,"Decoration of the Order of the White Star of Estonia, III Class",,2021,
ACT_EU_INST_CJEU_JUDG_AG_HU_JUH,1,degree,"Graduated in law from the University of Szeged, Hungary",,1967,
ACT_EU_INST_CJEU_JUDG_AG_HU_JUH,2,degree,"Postgraduate studies in comparative law, University of Strasbourg, France",,1969,1972
ACT_EU_INST_CJEU_JUDG_AG_HU_JUH,3,position,Official in the Legal Department of the Ministry of Foreign Trade,civil servant; lawyer,1966,1974
ACT_EU_INST_CJEU_JUDG_AG_HU_JUH,4,position,Director for Legislative Matters,civil servant,1973,1974
ACT_EU_INST_CJEU_JUDG_AG_HU_JUH,5,position,"First Commercial Secretary at the Hungarian Embassy, Brussels, responsible for European Community issues",civil servant,1974,1979
ACT_EU_INST_CJEU_JUDG_AG_HU_JUH,6,position,Director at the Ministry of Foreign Trade,civil servant,1979,1983
ACT_EU_INST_CJEU_JUDG_AG_HU_JUH,7,position,"First Commercial Secretary, then Commercial Counsellor, to the Hungarian Embassy in Washington DC, USA",civil servant,1983,1989
ACT_EU_INST_CJEU_JUDG_AG_HU_JUH,8,position,Director-General at the Ministry of Trade and Ministry of International Economic Relations,civil servant,1989,1991
ACT_EU_INST_CJEU_JUDG_AG_HU_JUH,9,position,Chief negotiator for the Association Agreement between the Republic of Hungary and the European Communities and their Member States,civil servant,1990,1991
ACT_EU_INST_CJEU_JUDG_AG_HU_JUH,10,position,Secretary-General of the Ministry of International Economic Relations; Head of the Office of European Affairs,civil servant,1992,1992
ACT_EU_INST_CJEU_JUDG_AG_HU_JUH,11,position,State Secretary at the Ministry of International Economic Relations,politician,1993,1994
ACT_EU_INST_CJEU_JUDG_AG_HU_JUH,12,position,"State Secretary, President of the Office of European Affairs, Ministry of Industry and Trade",politician,1994,1994
ACT_EU_INST_CJEU_JUDG_AG_HU_JUH,13,position,"Ambassador Extraordinary and Plenipotentiary, Chief of Mission of the Republic of Hungary to the European Union",civil servant,1995,2003
ACT_EU_INST_CJEU_JUDG_AG_HU_JUH,14,position,Chief negotiator for the accession of the Republic of Hungary to the European Union,civil servant,1998,2003
ACT_EU_INST_CJEU_JUDG_AG_HU_JUH,15,position,Minister without portfolio for the coordination of matters of European integration,politician,2003,
ACT_EU_INST_CJEU_JUDG_AG_HU_JUH,16,position,Judge at the Court of Justice,judge,2004,2021
ACT_EU_INST_CJEU_JUDG_AG_DE_HIR,1,position,Director at the Ministry of Justice of Bavaria,civil servant,,
ACT_EU_INST_CJEU_JUDG_AG_DE_HIR,2,position,President of the Constitutional Court of Saxony,judge,1992,1994
ACT_EU_INST_CJEU_JUDG_AG_DE_HIR,3,position,President of the Court of Appeal of Dresden,judge,1992,1994
ACT_EU_INST_CJEU_JUDG_AG_DE_HIR,4,distinction,Honorary Professor of European Law and Medical Law at the University of Saarbrücken,,,
ACT_EU_INST_CJEU_JUDG_AG_DE_HIR,5,position,Judge at the Court of Justice,judge,1994,2000
ACT_EU_INST_CJEU_JUDG_AG_EL_CHL,1,degree,"Degree in jurisprudence, University of Oxford",,,
ACT_EU_INST_CJEU_JUDG_AG_EL_CHL,2,position,"Lecturer at the University of Wales, Aberystwyth",academic,1954,
ACT_EU_INST_CJEU_JUDG_AG_EL_CHL,3,position,Lecturer at King's College London,academic,1959,
ACT_EU_INST_CJEU_JUDG_AG_EL_CHL,4,position,Professor of Comparative Law at the University of London,academic,1966,
ACT_EU_INST_CJEU_JUDG_AG_EL_CHL,5,degree,"Doctor of Laws (LLD), University of London",,1972,
ACT_EU_INST_CJEU_JUDG_AG_EL_CHL,6,position,"Director of the Centre of European Law, King's College",academic,1974,
ACT_EU_INST_CJEU_JUDG_AG_EL_CHL,7,position,Judge at the Court of Justice,judge,1981,1982
ACT_EU_INST_CJEU_JUDG_AG_BE_LEN,1,degree,Law degree from Katholieke Universiteit Leuven,,1977,
ACT_EU_INST_CJEU_JUDG_AG_BE_LEN,2,degree,Master of Laws from Harvard University,,1978,
ACT_EU_INST_CJEU_JUDG_AG_BE_LEN,3,degree,Master in Public Administration from Harvard University,,1979,
ACT_EU_INST_CJEU_JUDG_AG_BE_LEN,4,degree,Doctor of Laws from Katholieke Universiteit Leuven,,1982,
ACT_EU_INST_CJEU_JUDG_AG_BE_LEN,5,position,Lecturer at Katholieke Universiteit Leuven,academic,1979,
ACT_EU_INST_CJEU_JUDG_AG_BE_LEN,6,position,Professor of European Law at Katholieke Universiteit Leuven,academic,1983,
ACT_EU_INST_CJEU_JUDG_AG_BE_LEN,7,position,Taught at the College of Europe in Bruges,academic,1984,1989
ACT_EU_INST_CJEU_JUDG_AG_BE_LEN,8,position,Visiting professor at Harvard Law School,academic,1989,
ACT_EU_INST_CJEU_JUDG_AG_BE_LEN,9,position,Legal secretary to Judge René Joliet at the Court of Justice,civil servant; lawyer,1984,1985
ACT_EU_INST_CJEU_JUDG_AG_BE_LEN,10,position,Lawyer at the Brussels Bar,lawyer,1986,1989
ACT_EU_INST_CJEU_JUDG_AG_BE_LEN,11,position,Judge at the Court of First Instance of the European Communities,judge,1989,
ACT_EU_INST_CJEU_JUDG_AG_BE_LEN,12,position,Judge at the Court of Justice of the European Union,judge,2003,
ACT_EU_INST_CJEU_JUDG_AG_BE_LEN,13,position,President of Chamber at the Court of Justice,judge,2006,2012
ACT_EU_INST_CJEU_JUDG_AG_BE_LEN,14,position,Vice-President of the Court of Justice,judge,2012,
ACT_EU_INST_CJEU_JUDG_AG_BE_LEN,15,position,President of the Court of Justice,judge,2015,
ACT_EU_INST_CJEU_JUDG_AG_BE_LEN,16,membership,"Member of the Academia Europaea, London",,,
ACT_EU_INST_CJEU_JUDG_AG_BE_LEN,17,membership,"Member of the Advisory Board of the Centre of Law and Governance in Europe, University College London",,,
ACT_EU_INST_CJEU_JUDG_AG_BE_LEN,18,membership,Member of the Advisory Board of the EU Tax Review,,,
ACT_EU_INST_CJEU_JUDG_AG_BE_LEN,19,membership,Member of the Advisory Council of the British Institute of International and Comparative Law,,,
ACT_EU_INST_CJEU_JUDG_AG_BE_LEN,20,membership,"Member of the Board of Trustees of the Max-Planck-Institut für ausländisches öffentliches Recht und Völkerrecht, Heidelberg",,,
ACT_EU_INST_CJEU_JUDG_AG_BE_LEN,21,membership,"Member of the Governing Board of the Foundation of the Academy of European Law (ERA), Trier",,,
ACT_EU_INST_CJEU_JUDG_AG_BE_LEN,22,membership,Member of the editorial committee of EStAL (European State Aid Law Quarterly),,,
ACT_EU_INST_CJEU_JUDG_AG_BE_LEN,23,membership,Member of the editorial committee of Europarecht,,,
ACT_EU_INST_CJEU_JUDG_AG_BE_LEN,24,membership,"Member of the editorial committee of International Comparative Jurisprudence, Mykolo Romerio universitetas",,,
ACT_EU_INST_CJEU_JUDG_AG_BE_LEN,25,membership,Member of the editorial committee of S. E. W. Tijdschrift voor Europees en economisch recht,,,
ACT_EU_INST_CJEU_JUDG_AG_BE_LEN,26,membership,Member of the editorial committee of actualidad administrativa,,,
ACT_EU_INST_CJEU_JUDG_AG_BE_LEN,27,membership,Member of the editorial committee of the European Law Review,,,
ACT_EU_INST_CJEU_JUDG_AG_BE_LEN,28,membership,Member of the honorary committee of Revista Română de Drept European,,,
ACT_EU_INST_CJEU_JUDG_AG_BE_LEN,29,membership,Member of the scientific committee of Cahiers de droit européen,,,
ACT_EU_INST_CJEU_JUDG_AG_BE_LEN,30,membership,"Member of the scientific committee of Concurrences, Revue des droits de la concurrence",,,
ACT_EU_INST_CJEU_JUDG_AG_BE_LEN,31,membership,Member of the scientific committee of European Public Law,,,
ACT_EU_INST_CJEU_JUDG_AG_BE_LEN,32,membership,Member of the scientific committee of Europejski Przegląd Sądowy,,,
ACT_EU_INST_CJEU_JUDG_AG_BE_LEN,33,membership,Member of the scientific committee of the Columbia Journal of European Law,,,
ACT_EU_INST_CJEU_JUDG_AG_BE_LEN,34,membership,Member of the scientific committee of the European Constitutional Law Review,,,
ACT_EU_INST_CJEU_JUDG_AG_BE_LEN,35,membership,Member of the scientific committee of the European Journal of Human Rights,,,
ACT_EU_INST_CJEU_JUDG_AG_BE_LEN,36,membership,"Member of the scientific committee of the Lex ET Scientia International Journal (LESIJ), Universitatea Nicolae Titulescu din Bucuresti",,,
ACT_EU_INST_CJEU_JUDG_AG_BE_LEN,37,membership,Member of the scientific committee of the World Competition. Law and Economics Review,,,
ACT_EU_INST_CJEU_JUDG_AG_BE_LEN,38,distinction,All European Academies Madame de Staël Prize for Cultural Values,,2017,
ACT_EU_INST_CJEU_JUDG_AG_BE_LEN,39,distinction,Distinguished Helen DeRoy Fellow at University of Michigan Law School,,2005,
ACT_EU_INST_CJEU_JUDG_AG_BE_LEN,40,distinction,Doctor honoris causa from Mykolo Romerio universitetas,,2017,
ACT_EU_INST_CJEU_JUDG_AG_BE_LEN,41,distinction,Doctor honoris causa from Sofijski universitet 'Sveti Kliment Ohridski',,2018,
ACT_EU_INST_CJEU_JUDG_AG_BE_LEN,42,distinction,Doctor honoris causa from Universitatea Nicolae Titulescu din Bucuresti,,2017,
ACT_EU_INST_CJEU_JUDG_AG_BE_LEN,43,distinction,Doctor honoris causa from Universitatea 'Alexandru Ioan Cuza' din Iaşi,,2023,
ACT_EU_INST_CJEU_JUDG_AG_BE_LEN,44,distinction,Doctor honoris causa from Universiteti Europian i Tiranës,,2018,
ACT_EU_INST_CJEU_JUDG_AG_BE_LEN,45,distinction,Doctor honoris causa from Vilniaus universitetas,,2022,
ACT_EU_INST_CJEU_JUDG_AG_BE_LEN,46,distinction,Doctor honoris causa from université de Namur,,2017,
ACT_EU_INST_CJEU_JUDG_AG_BE_LEN,47,distinction,Doctor honoris causa from université de Poitiers,,2016,
ACT_EU_INST_CJEU_JUDG_AG_BE_LEN,48,distinction,"Honorary Master of the Bench of the Inner Temple, London",,2010,
ACT_EU_INST_CJEU_JUDG_AG_BE_LEN,49,distinction,Title of nobility: Baron,,2005,
ACT_EU_INST_CJEU_JUDG_AG_HR_CAP,1,degree,Diploma in law from the Sveučilište u Zagrebu,,,1991
ACT_EU_INST_CJEU_JUDG_AG_HR_CAP,2,degree,Master's degree in Advanced European Studies from the College of Europe,,,1993
ACT_EU_INST_CJEU_JUDG_AG_HR_CAP,3,degree,PhD and became a doctor of law from the Sveučilište u Zagrebu,,,2001
ACT_EU_INST_CJEU_JUDG_AG_HR_CAP,4,position,Civil servant within the Croatian Ministry of Foreign Affairs,civil servant,1992,
ACT_EU_INST_CJEU_JUDG_AG_HR_CAP,5,position,Researcher on the European integration process at the Institut za razvoj i međunarodne odnose,academic,1994,1997
ACT_EU_INST_CJEU_JUDG_AG_HR_CAP,6,position,University assistant in the Department of Commercial Law and International Trade at the Faculty of Economics of the Sveučilište u Zagrebu,academic,1997,
ACT_EU_INST_CJEU_JUDG_AG_HR_CAP,7,position,Professor at the Faculty of Law of the Sveučilište u Zagrebu,academic,2002,
ACT_EU_INST_CJEU_JUDG_AG_HR_CAP,8,position,Head of the Croatian Language Translation Unit at the Directorate-General for Multilingualism of the Court of Justice of the European Union,civil servant,2013,
ACT_EU_INST_CJEU_JUDG_AG_HR_CAP,9,position,Head of the Department of European Public Law,academic,2015,2021
ACT_EU_INST_CJEU_JUDG_AG_HR_CAP,10,position,Director of the Postgraduate Programme in European Law,academic,2015,2021
ACT_EU_INST_CJEU_JUDG_AG_HR_CAP,11,position,Founded the Jean Monnet Centre of Excellence,academic,2018,
ACT_EU_INST_CJEU_JUDG_AG_HR_CAP,12,position,Coordinator of the Jean Monnet Centre of Excellence,academic,2018,2021
ACT_EU_INST_CJEU_JUDG_AG_HR_CAP,13,position,Visiting scholar of EU Law at the Indiana University School of Law Exchange Program,academic,2005,2010
ACT_EU_INST_CJEU_JUDG_AG_HR_CAP,14,position,Visiting scholar at the University of Pittsburgh,academic,2016,
ACT_EU_INST_CJEU_JUDG_AG_HR_CAP,15,position,Visiting scholar at the Zhōngguó Zhèngfǎ Dàxué (China University of Political Science and Law),academic,2016,
ACT_EU_INST_CJEU_JUDG_AG_HR_CAP,16,position,Trainer in continuing professional development programmes on EU law at the Pravosudna akademija and the Državna škola za javnu upravu,academic,,
ACT_EU_INST_CJEU_JUDG_AG_HR_CAP,17,position,Member of the arbitration panel under the UK Withdrawal Agreement,other,2020,
ACT_EU_INST_CJEU_JUDG_AG_HR_CAP,18,position,Advocate General at the Court of Justice,judge,2021,
ACT_EU_INST_CJEU_JUDG_AG_HR_CAP,19,membership,Member of the Alumni Association of the College of Europe,,,
ACT_EU_INST_CJEU_JUDG_AG_HR_CAP,20,membership,Member of the Croatian Alumni Association of the College of Europe,,,
ACT_EU_INST_CJEU_JUDG_AG_HR_CAP,21,membership,Member of the Croatian Fulbright Alumni Association,,,
ACT_EU_INST_CJEU_JUDG_AG_HR_CAP,22,membership,Member of the Editorial Board of the Croatian Yearbook of European Law and Policy,,,
ACT_EU_INST_CJEU_JUDG_AG_HR_CAP,23,membership,Member of the Hrvatske udruge za europsko pravo (CROSEL),,,
ACT_EU_INST_CJEU_JUDG_AG_HR_CAP,24,membership,Member of the Hrvatske udruge za studij Europske unije (CEUSA),,,
ACT_EU_INST_CJEU_JUDG_AG_HR_CAP,25,membership,Member of the Hrvatski pravni centar (HPC),,,
ACT_EU_INST_CJEU_JUDG_AG_HR_CAP,26,membership,Member of the International Federation for European Law (FIDE),,,
ACT_EU_INST_CJEU_JUDG_AG_HR_CAP,27,membership,"Member of the Scientific Committee of the Collana di Diritto per l'Economia del Dipartimento di Studi economico-aziendali e Diritto per l'Economia, Università degli Studi di Milano-Bicocca",,,
ACT_EU_INST_CJEU_JUDG_AG_HR_CAP,28,membership,Member of the University Association for Contemporary European Studies (UACES),,,
ACT_EU_INST_CJEU_JUDG_AG_DK_SAU_OE,1,degree,Graduated in law from the University of Aarhus,,1991,
ACT_EU_INST_CJEU_JUDG_AG_DK_SAU_OE,2,degree,Master's degree in European Law from the College of Europe in Bruges,,1993,
ACT_EU_INST_CJEU_JUDG_AG_DK_SAU_OE,3,position,Lecturer at the University of Aarhus,academic,1991,1993
ACT_EU_INST_CJEU_JUDG_AG_DK_SAU_OE,4,position,Lecturer at the University of Copenhagen,academic,1999,2001
ACT_EU_INST_CJEU_JUDG_AG_DK_SAU_OE,5,position,Visiting professor at the Universities of Copenhagen and Aalborg,academic,2008,
ACT_EU_INST_CJEU_JUDG_AG_DK_SAU_OE,6,position,Lawyer at the Danish Bar,lawyer,1995,
ACT_EU_INST_CJEU_JUDG_AG_DK_SAU_OE,7,position,Legal Secretary at the Court of First Instance of the European Communities,civil servant,1994,1999
ACT_EU_INST_CJEU_JUDG_AG_DK_SAU_OE,8,position,"Public Prosecutor at the Prosecution Office, Copenhagen",civil servant; lawyer,1999,2000
ACT_EU_INST_CJEU_JUDG_AG_DK_SAU_OE,9,position,Inspector in police districts,civil servant,2004,2006
ACT_EU_INST_CJEU_JUDG_AG_DK_SAU_OE,10,position,Legal Adviser to the representative of the Danish Prime Minister,civil servant; lawyer,1999,2000
ACT_EU_INST_CJEU_JUDG_AG_DK_SAU_OE,11,position,Head of Section in the Office for EU Law at the Ministry of Justice,civil servant,1999,2000
ACT_EU_INST_CJEU_JUDG_AG_DK_SAU_OE,12,position,Head of Department in the Office for EU Law and Human Rights at the Ministry of Justice,civil servant,2000,2001
ACT_EU_INST_CJEU_JUDG_AG_DK_SAU_OE,13,position,Head of Department in the Office for Property and Obligations Law at the Ministry of Justice,civil servant,2001,2006
ACT_EU_INST_CJEU_JUDG_AG_DK_SAU_OE,14,position,Consumer Ombudsman appointed by the Danish Government,civil servant,2006,2014
ACT_EU_INST_CJEU_JUDG_AG_DK_SAU_OE,15,position,"Judge at the Østre Landsret, Copenhagen",judge,2015,
ACT_EU_INST_CJEU_JUDG_AG_DK_SAU_OE,16,position,Advocate General at the Court of Justice,judge,2015,2021
ACT_EU_INST_CJEU_JUDG_AG_HU_BER,1,degree,"Graduated in law from Eötvös Loránd University, Budapest",,1990,
ACT_EU_INST_CJEU_JUDG_AG_HU_BER,2,degree,Master of Laws from the University of Stockholm,,1995,
ACT_EU_INST_CJEU_JUDG_AG_HU_BER,3,position,Lawyer at the Budapest bar,lawyer,,
ACT_EU_INST_CJEU_JUDG_AG_HU_BER,4,position,Legal Adviser at the Hungarian Parliament during Hungary's EU accession,civil servant; lawyer,1994,1996
ACT_EU_INST_CJEU_JUDG_AG_HU_BER,5,position,Legal Secretary to the President of the Hungarian Constitutional Court,lawyer,1997,2000
ACT_EU_INST_CJEU_JUDG_AG_HU_BER,6,position,Vice-President of the Competition Authority,civil servant,2000,2002
ACT_EU_INST_CJEU_JUDG_AG_HU_BER,7,position,Chairman of the Competition Council,civil servant,2000,2002
ACT_EU_INST_CJEU_JUDG_AG_HU_BER,8,position,Arbitrator at the Permanent Court of Arbitration of the Financial and Capital Markets,other,2008,2014
ACT_EU_INST_CJEU_JUDG_AG_HU_BER,9,position,"Lecturer at Eötvös Loránd University, Budapest",academic,1990,1994
ACT_EU_INST_CJEU_JUDG_AG_HU_BER,10,position,"Senior Lecturer at Eötvös Loránd University, Budapest",academic,1995,1999
ACT_EU_INST_CJEU_JUDG_AG_HU_BER,11,position,"Associate Senior Lecturer at Eötvös Loránd University, Budapest",academic,2003,2016
ACT_EU_INST_CJEU_JUDG_AG_HU_BER,12,position,State Secretary for European and International Judicial Cooperation at the Ministry of Justice,politician,2014,2016
ACT_EU_INST_CJEU_JUDG_AG_HU_BER,13,position,Judge at the General Court,judge,2016,2021
ACT_EU_INST_CJEU_JUDG_AG_RO_STA,1,degree,Law degree from Universitatea din București,,1998,
ACT_EU_INST_CJEU_JUDG_AG_RO_STA,2,degree,Doctorate in law from Universitatea din București,,2009,
ACT_EU_INST_CJEU_JUDG_AG_RO_STA,3,position,Lawyer at the Bucharest Bar,lawyer,1999,2002
ACT_EU_INST_CJEU_JUDG_AG_RO_STA,4,position,Lecturer in procedural law at Universitatea din București,academic,2002,2018
ACT_EU_INST_CJEU_JUDG_AG_RO_STA,5,position,Senior lecturer in procedural law at Universitatea din București,academic,2018,
ACT_EU_INST_CJEU_JUDG_AG_RO_STA,6,position,Judge at Judecătoria Sectorului 3 Bucureşti,judge,2004,2009
ACT_EU_INST_CJEU_JUDG_AG_RO_STA,7,position,Judge at the Tribunalul București,judge,2009,2019
ACT_EU_INST_CJEU_JUDG_AG_RO_STA,8,position,Judge on secondment to the Romanian Ministry of Foreign Affairs,judge,2005,
ACT_EU_INST_CJEU_JUDG_AG_RO_STA,9,position,Instructor at Institutul Național al Magistraturii,academic,2007,2018
ACT_EU_INST_CJEU_JUDG_AG_RO_STA,10,position,Lawyer-administrator in the Chambers of Judge Camelia Toader at the Court of Justice,civil servant; lawyer,2011,2014
ACT_EU_INST_CJEU_JUDG_AG_RO_STA,11,position,"Director for European Affairs, International Relations and Programmes at Consiliul Superior al Magistraturii",civil servant,2015,2018
ACT_EU_INST_CJEU_JUDG_AG_RO_STA,12,position,Judge at the General Court,judge,2019,
ACT_EU_INST_CJEU_JUDG_AG_FR_GAL,1,degree,Degree in law,,,
ACT_EU_INST_CJEU_JUDG_AG_FR_GAL,2,degree,Higher diploma in public law,,,
ACT_EU_INST_CJEU_JUDG_AG_FR_GAL,3,degree,Graduated from the Ècole nationale d'administration,,1956,
ACT_EU_INST_CJEU_JUDG_AG_FR_GAL,4,position,Legal Assistant at the Council of State,civil servant; lawyer,1956,
ACT_EU_INST_CJEU_JUDG_AG_FR_GAL,5,position,Chargé de Mission at the office of the High Commissioner for Youth and Sport,civil servant,1961,
ACT_EU_INST_CJEU_JUDG_AG_FR_GAL,6,position,Technical Adviser at the office of the High Commissioner for Youth and Sport,civil servant,1961,
ACT_EU_INST_CJEU_JUDG_AG_FR_GAL,7,position,Legal Adviser at the Council of State,civil servant; lawyer,1962,
ACT_EU_INST_CJEU_JUDG_AG_FR_GAL,8,position,Commissaire du gouvernement at the Assemblée du Contentieux of the Council of State,civil servant,1964,1968
ACT_EU_INST_CJEU_JUDG_AG_FR_GAL,9,position,Deputy Secretary-General of the Entreprise minière et chimique,other,1970,
ACT_EU_INST_CJEU_JUDG_AG_FR_GAL,10,position,Secretary-General of the Entreprise minière et chimique,other,1970,1974
ACT_EU_INST_CJEU_JUDG_AG_FR_GAL,11,position,Administrative and Financial Director of the Institut de recherche et de coordination acoustique/musique at the Beaubourg Centre,other,1974,
ACT_EU_INST_CJEU_JUDG_AG_FR_GAL,12,membership,Member of the Council of State,,1981,
ACT_EU_INST_CJEU_JUDG_AG_FR_GAL,13,position,Legal Adviser to the Entreprise de recherche et d'activités pétrolières,lawyer,1981,1982
ACT_EU_INST_CJEU_JUDG_AG_FR_GAL,14,position,Judge at the Court of Justice,judge,1982,1988
ACT_EU_INST_CJEU_JUDG_AG_BE_MER_WIL,1,degree,Doctor of Laws,,1934,
ACT_EU_INST_CJEU_JUDG_AG_BE_MER_WIL,2,position,Avocat,lawyer,1935,
ACT_EU_INST_CJEU_JUDG_AG_BE_MER_WIL,3,membership,Member of the Conseil de l'Ordre (Bar Council),,1935,
ACT_EU_INST_CJEU_JUDG_AG_BE_MER_WIL,4,degree,Doctor in Political and Diplomatic Sciences,,1945,
ACT_EU_INST_CJEU_JUDG_AG_BE_MER_WIL,5,position,Board Member of the Vlaamse Conferentie van de Balie,other,,
ACT_EU_INST_CJEU_JUDG_AG_BE_MER_WIL,6,position,President of the Vlaamse Conferentie van de Balie,other,,
ACT_EU_INST_CJEU_JUDG_AG_BE_MER_WIL,7,position,Member of the House of Representatives,politician,1951,1961
ACT_EU_INST_CJEU_JUDG_AG_BE_MER_WIL,8,membership,"Member of Parliamentary Committees: Foreign Affairs, Justice and Constitutional Reform",,,
ACT_EU_INST_CJEU_JUDG_AG_BE_MER_WIL,9,position,Professor Extraordinary at the Faculty of Law of the University of Louvain,academic,,
ACT_EU_INST_CJEU_JUDG_AG_BE_MER_WIL,10,position,Judge at the Court of Justice,judge,1967,1980
ACT_EU_INST_CJEU_JUDG_AG_BE_MER_WIL,11,position,President at the Court of Justice,judge,1980,1984
ACT_EU_INST_CJEU_JUDG_AG_UK_JAC,1,position,Barrister,lawyer,,
ACT_EU_INST_CJEU_JUDG_AG_UK_JAC,2,position,King's Counsel,lawyer,,
ACT_EU_INST_CJEU_JUDG_AG_UK_JAC,3,position,Official in the Secretariat of the European Commission of Human Rights,civil servant,,
ACT_EU_INST_CJEU_JUDG_AG_UK_JAC,4,position,Legal Secretary to Advocate General J.-P. Warner,lawyer,,
ACT_EU_INST_CJEU_JUDG_AG_UK_JAC,5,position,Professor of European Law at University of London,academic,,
ACT_EU_INST_CJEU_JUDG_AG_UK_JAC,6,position,Director of Centre of European Law at King's College London,academic,,
ACT_EU_INST_CJEU_JUDG_AG_UK_JAC,7,distinction,Author of several works on European law,,,
ACT_EU_INST_CJEU_JUDG_AG_UK_JAC,8,position,Advocate General at the Court of Justice,judge,1988,2006
ACT_EU_INST_CJEU_JUDG_AG_LU_SCHO,1,position,Senior Government Attaché at the Ministry of Justice,civil servant,,
ACT_EU_INST_CJEU_JUDG_AG_LU_SCHO,2,position,Government Adviser at the Comité du Contentieux of the Conseil d'État,civil servant,,
ACT_EU_INST_CJEU_JUDG_AG_LU_SCHO,3,position,Senior Government Adviser at the Ministry of Justice,civil servant,,
ACT_EU_INST_CJEU_JUDG_AG_LU_SCHO,4,position,Judge at the Court of Justice,judge,1985,1996
ACT_EU_INST_CJEU_JUDG_AG_PT_CRU_VIL,1,degree,Degree in law,,,
ACT_EU_INST_CJEU_JUDG_AG_PT_CRU_VIL,2,degree,Master's degree in political economy,,,
ACT_EU_INST_CJEU_JUDG_AG_PT_CRU_VIL,3,degree,Doctor in International Economics,,,
ACT_EU_INST_CJEU_JUDG_AG_PT_CRU_VIL,4,position,Compulsory military service in the Justice Department of the Ministry for the Navy,other,1969,1972
ACT_EU_INST_CJEU_JUDG_AG_PT_CRU_VIL,5,position,Professor at the Catholic University,academic,,
ACT_EU_INST_CJEU_JUDG_AG_PT_CRU_VIL,6,position,Professor at the New University of Lisbon,academic,,
ACT_EU_INST_CJEU_JUDG_AG_PT_CRU_VIL,7,position,Professor at the University of Coimbra,academic,,
ACT_EU_INST_CJEU_JUDG_AG_PT_CRU_VIL,8,position,"Professor at Lusíada University, Lisbon and Director of the Institute for European Studies",academic,,
ACT_EU_INST_CJEU_JUDG_AG_PT_CRU_VIL,9,position,State Secretary for Home Affairs,politician,1980,1983
ACT_EU_INST_CJEU_JUDG_AG_PT_CRU_VIL,10,position,State Secretary in the Prime Minister's Office,politician,1980,1983
ACT_EU_INST_CJEU_JUDG_AG_PT_CRU_VIL,11,position,State Secretary for European Affairs,politician,1980,1983
ACT_EU_INST_CJEU_JUDG_AG_PT_CRU_VIL,12,position,Deputy in the Portuguese Parliament,politician,,
ACT_EU_INST_CJEU_JUDG_AG_PT_CRU_VIL,13,position,Vice-President of the Christian-Democrat Group,politician,,
ACT_EU_INST_CJEU_JUDG_AG_PT_CRU_VIL,14,position,Advocate General at the Court of Justice,judge,1986,1988
ACT_EU_INST_CJEU_JUDG_AG_PT_CRU_VIL,15,position,President of the Court of First Instance of the European Communities,judge,1989,1995
ACT_EU_INST_CJEU_JUDG_AG_PT_CRU_VIL,16,position,Lawyer specialising in European and competition law at the Lisbon bar,lawyer,1996,2012
ACT_EU_INST_CJEU_JUDG_AG_PT_CRU_VIL,17,membership,Member of the Working Party on the Future of the European Communities' Court System-'Due Group',,2000,
ACT_EU_INST_CJEU_JUDG_AG_PT_CRU_VIL,18,position,Chairman of the Disciplinary Board of the European Commission,other,2003,2007
ACT_EU_INST_CJEU_JUDG_AG_PT_CRU_VIL,19,membership,President of the Portuguese Association of European Law,,1999,
ACT_EU_INST_CJEU_JUDG_AG_PT_CRU_VIL,20,position,Judge at the Court of Justice,judge,2012,2018
ACT_EU_INST_CJEU_JUDG_AG_DE_PIR,1,position,Academic assistant at the University of Marburg,academic,,
ACT_EU_INST_CJEU_JUDG_AG_DE_PIR,2,degree,Doctor of Laws from University of Marburg,,,
ACT_EU_INST_CJEU_JUDG_AG_DE_PIR,3,position,Adviser for private international law at the German Federal Ministry of Justice,civil servant; lawyer,,
ACT_EU_INST_CJEU_JUDG_AG_DE_PIR,4,position,Head of the section for private international law at the German Federal Ministry of Justice,civil servant; lawyer,,
ACT_EU_INST_CJEU_JUDG_AG_DE_PIR,5,position,Head of a subdivision for civil law in the German Federal Ministry of Justice,civil servant; lawyer,,
ACT_EU_INST_CJEU_JUDG_AG_DE_PIR,6,membership,Member of the Governing Council of Unidroit,,1993,1998
ACT_EU_INST_CJEU_JUDG_AG_DE_PIR,7,position,Chairman of the commission of the Hague Conference on Private International Law to draw up the Convention concerning the protection of children,other,1996,
ACT_EU_INST_CJEU_JUDG_AG_DE_PIR,8,position,Honorary professor at the University of Trier,academic,,
ACT_EU_INST_CJEU_JUDG_AG_DE_PIR,9,membership,Member of the Scientific Advisory Board of the Max Planck Institute for Foreign Private and Private International Law in Hamburg,,2002,
ACT_EU_INST_CJEU_JUDG_AG_DE_PIR,10,position,Judge at the Court of First Instance,judge,1997,2007
ACT_EU_INST_CJEU_JUDG_AG_ES_SOL_FRA,1,degree,Graduated in law from the Autonomous University of Barcelona,,1983,
ACT_EU_INST_CJEU_JUDG_AG_ES_SOL_FRA,2,position,Judge,judge,1985,
ACT_EU_INST_CJEU_JUDG_AG_ES_SOL_FRA,3,position,Judge specialising in contentious administrative proceedings at the High Court of Justice of the Canary Islands at Santa Cruz de Tenerife,judge,1992,1993
ACT_EU_INST_CJEU_JUDG_AG_ES_SOL_FRA,4,position,Judge specialising in contentious administrative proceedings at the National High Court,judge,1998,2007
ACT_EU_INST_CJEU_JUDG_AG_ES_SOL_FRA,5,position,Legal Adviser at the Constitutional Court,civil servant; lawyer,1993,1998
ACT_EU_INST_CJEU_JUDG_AG_ES_SOL_FRA,6,position,Judge at the General Court,judge,2007,2013
ACT_EU_INST_CJEU_JUDG_AG_SE_OBE,1,degree,Graduated in law at the University of Stockholm,,,1991
ACT_EU_INST_CJEU_JUDG_AG_SE_OBE,2,degree,"Obtained a postgraduate diploma in common market law at the University of Paris I, Panthéon-Sorbonne",,,1992
ACT_EU_INST_CJEU_JUDG_AG_SE_OBE,3,degree,Graduated from the Paris Institute of Political Studies in international relations,,,1993
ACT_EU_INST_CJEU_JUDG_AG_SE_OBE,4,position,Researcher at the Swedish Defence Research Agency,other,1992,1994
ACT_EU_INST_CJEU_JUDG_AG_SE_OBE,5,position,Participant in the training programme for Swedish civil servants,civil servant,1993,1994
ACT_EU_INST_CJEU_JUDG_AG_SE_OBE,6,position,Legal adviser for European affairs at the Swedish Ministry of Foreign Affairs,civil servant; lawyer,1994,1995
ACT_EU_INST_CJEU_JUDG_AG_SE_OBE,7,position,Legal Secretary to Judge Hans Ragnemalm at the Court of Justice,civil servant; lawyer,1995,2000
ACT_EU_INST_CJEU_JUDG_AG_SE_OBE,8,position,Researcher and lecturer at the University of Stockholm,academic,,
ACT_EU_INST_CJEU_JUDG_AG_SE_OBE,9,position,Founder and lawyer at own law firm and Swedish Bar Association,lawyer,2006,2016
ACT_EU_INST_CJEU_JUDG_AG_SE_OBE,10,position,Judge at the General Court,judge,2016,
ACT_EU_INST_CJEU_JUDG_AG_SE_OBE,11,membership,Member of the Sveriges advokatsamfund for training in constitutional law,,,
ACT_EU_INST_CJEU_JUDG_AG_SE_OBE,12,membership,Member of the Centre d'étude et de prospective stratégique in Paris,,,
ACT_EU_INST_CJEU_JUDG_AG_SE_OBE,13,membership,Participant in the Mentor Group's Forum for EU-US Legal-Economic Affairs in Boston,,,
ACT_EU_INST_CJEU_JUDG_AG_IE_BRA,1,degree,"Law degree from Trinity College, Dublin",,1975,1979
ACT_EU_INST_CJEU_JUDG_AG_IE_BRA,2,position,Research assistant to Senator Mary Robinson,other,1978,1980
ACT_EU_INST_CJEU_JUDG_AG_IE_BRA,3,distinction,Pádraig Pearse Scholarship to study at the College of Europe,,1979,
ACT_EU_INST_CJEU_JUDG_AG_IE_BRA,4,degree,"Postgraduate studies in European law at the College of Europe, Bruges",,1979,1980
ACT_EU_INST_CJEU_JUDG_AG_IE_BRA,5,degree,Master's degree in law at the University of Cambridge,,1980,1981
ACT_EU_INST_CJEU_JUDG_AG_IE_BRA,6,position,Trainee at the European Parliament in Luxembourg,civil servant,1981,
ACT_EU_INST_CJEU_JUDG_AG_IE_BRA,7,position,Administrator in the Secretariat of the Committee on Legal Affairs of the European Parliament in Luxembourg,civil servant,1981,1988
ACT_EU_INST_CJEU_JUDG_AG_IE_BRA,8,position,Member of the Legal Service of the European Parliament in Brussels,civil servant; lawyer,1988,1995
ACT_EU_INST_CJEU_JUDG_AG_IE_BRA,9,position,Legal Secretary at the Court of Justice,lawyer,1995,2000
ACT_EU_INST_CJEU_JUDG_AG_IE_BRA,10,position,Lecturer in European law at Harvard Law School,academic,2000,
ACT_EU_INST_CJEU_JUDG_AG_IE_BRA,11,position,Member of the Legal Service of the European Parliament,civil servant; lawyer,2000,2003
ACT_EU_INST_CJEU_JUDG_AG_IE_BRA,12,position,Head of Unit at the Legal Service of the European Parliament,civil servant; lawyer,2003,2011
ACT_EU_INST_CJEU_JUDG_AG_IE_BRA,13,position,Director at the Legal Service of the European Parliament,civil servant; lawyer,2011,
ACT_EU_INST_CJEU_JUDG_AG_IE_BRA,14,position,Judge at the Civil Service Tribunal,judge,2011,2016
ACT_EU_INST_CJEU_JUDG_AG_LT_KAL,1,degree,law degree from Vilniaus universitetas,,1999,
ACT_EU_INST_CJEU_JUDG_AG_LT_KAL,2,degree,master's degree from Zentrum für Europäische Integrationsforschung of the Universität Bonn,,2000,
ACT_EU_INST_CJEU_JUDG_AG_LT_KAL,3,degree,doctorate in law from Uniwersytet Jagielloński,,2002,
ACT_EU_INST_CJEU_JUDG_AG_LT_KAL,4,position,lawyer at the Insurance Supervisory Commission of the Government of the Republic of Lithuania,civil servant; lawyer,1998,
ACT_EU_INST_CJEU_JUDG_AG_LT_KAL,5,position,senior expert in the European Law Department of the Government of the Republic of Lithuania,civil servant,2002,2003
ACT_EU_INST_CJEU_JUDG_AG_LT_KAL,6,position,lawyer in the European Commission's Directorate-General for the Internal Market,civil servant; lawyer,2003,2004
ACT_EU_INST_CJEU_JUDG_AG_LT_KAL,7,position,Legal Secretary at the General Court of the European Union in the chambers of Judge Vilenas Vadapalas,civil servant,2004,
ACT_EU_INST_CJEU_JUDG_AG_LT_KAL,8,position,Legal Secretary at the General Court of the European Union in the chambers of Judge Egidijus Bieliūnas,civil servant,,2013
ACT_EU_INST_CJEU_JUDG_AG_LT_KAL,9,position,Legal Secretary to Advocate General Maciej Szpunar at the Court of Justice,civil servant,2013,
ACT_EU_INST_CJEU_JUDG_AG_LT_KAL,10,position,member of the Legal Service of the European Commission,civil servant,2017,2023
ACT_EU_INST_CJEU_JUDG_AG_LT_KAL,11,position,lecturer at Vilniaus universitetas,academic,2002,2003
ACT_EU_INST_CJEU_JUDG_AG_LT_KAL,12,position,lecturer at Vilniaus universitetas,academic,2011,
ACT_EU_INST_CJEU_JUDG_AG_LT_KAL,13,position,lecturer at Uniwersytet Jagielloński,academic,2013,
ACT_EU_INST_CJEU_JUDG_AG_LT_KAL,14,position,Judge at the General Court,judge,2023,
ACT_EU_INST_CJEU_JUDG_AG_LT_KAL,15,position,President of Chamber at the General Court,judge,2025,
ACT_EU_INST_CJEU_JUDG_AG_BG_KOR,1,degree,Degree in law from Sofia University,,2002,
ACT_EU_INST_CJEU_JUDG_AG_BG_KOR,2,degree,Master of Laws in European law from the College of Europe in Bruges,,2004,
ACT_EU_INST_CJEU_JUDG_AG_BG_KOR,3,degree,Doctorate in law at the Bulgarian Academy of Sciences,,2008,
ACT_EU_INST_CJEU_JUDG_AG_BG_KOR,4,position,Lawyer at the Brussels Bar,lawyer,2004,2006
ACT_EU_INST_CJEU_JUDG_AG_BG_KOR,5,position,Legal Secretary to Judge Alexander Arabadjiev at the Court of Justice,civil servant,2007,2016
ACT_EU_INST_CJEU_JUDG_AG_BG_KOR,6,position,Senior lecturer in EU procedural law at the University of National and World Economy,academic,2008,2012
ACT_EU_INST_CJEU_JUDG_AG_BG_KOR,7,position,Senior lecturer in EU procedural law at Sofia University,academic,2010,2013
ACT_EU_INST_CJEU_JUDG_AG_BG_KOR,8,position,Associate Professor of EU Law and International Private Law at the Bulgarian Academy of Sciences,academic,2014,2016
ACT_EU_INST_CJEU_JUDG_AG_BG_KOR,9,position,Teaching EU public procurement law at the University of Luxembourg,academic,2020,
ACT_EU_INST_CJEU_JUDG_AG_BG_KOR,10,position,Judge at the Civil Service Tribunal,judge,2016,2016
ACT_EU_INST_CJEU_JUDG_AG_BG_KOR,11,position,Judge at the General Court,judge,2016,
ACT_EU_INST_CJEU_JUDG_AG_BG_KOR,12,position,President of Chamber at the General Court,judge,2019,2025
ACT_EU_INST_CJEU_JUDG_AG_BG_KOR,13,position,Judge of the Court of Justice,judge,2025,
ACT_EU_INST_CJEU_JUDG_AG_BG_KOR,14,membership,Founding member and member of the board of directors of the Bulgarian Association for European Law,,,
ACT_EU_INST_CJEU_JUDG_AG_BG_KOR,15,position,Editor-in-chief of the European law journal Evropeiski praven pregled,other,,
ACT_EU_INST_CJEU_JUDG_AG_FR_BIA,1,position,Inspector at the Treasury,civil servant,,
ACT_EU_INST_CJEU_JUDG_AG_FR_BIA,2,position,Junior Member of the Conseil d'État,civil servant,,
ACT_EU_INST_CJEU_JUDG_AG_FR_BIA,3,position,Member of the Conseil d'État,civil servant,,
ACT_EU_INST_CJEU_JUDG_AG_FR_BIA,4,position,Legal Adviser to several ministers,civil servant; lawyer,,
ACT_EU_INST_CJEU_JUDG_AG_FR_BIA,5,position,Lecturer in a number of French professional colleges and institutes of higher education,academic,,
ACT_EU_INST_CJEU_JUDG_AG_FR_BIA,6,position,Legal Secretary at the Court of Justice,civil servant; lawyer,,
ACT_EU_INST_CJEU_JUDG_AG_FR_BIA,7,position,Head of Legal Department at Crédit Lyonnais,lawyer,,
ACT_EU_INST_CJEU_JUDG_AG_FR_BIA,8,membership,President of the Association Européenne pour le Droit Bancaire et Financier (AEDBF),,,
ACT_EU_INST_CJEU_JUDG_AG_FR_BIA,9,position,Judge at the Court of First Instance,judge,1989,1995
ACT_EU_INST_CJEU_JUDG_AG_ES_CRU_VIL,1,degree,Law degree at the University of Seville,,1963,1968
ACT_EU_INST_CJEU_JUDG_AG_ES_CRU_VIL,2,degree,Doctorate at the University of Seville,,1975,
ACT_EU_INST_CJEU_JUDG_AG_ES_CRU_VIL,3,degree,Postgraduate studies at the University of Freiburg im Breisgau,,1969,1971
ACT_EU_INST_CJEU_JUDG_AG_ES_CRU_VIL,4,position,Assistant Professor of Political Law at the University of Seville,academic,1978,1986
ACT_EU_INST_CJEU_JUDG_AG_ES_CRU_VIL,5,position,Professor of Constitutional Law at the University of Seville,academic,1986,1992
ACT_EU_INST_CJEU_JUDG_AG_ES_CRU_VIL,6,position,Legal Secretary at the Constitutional Court,civil servant; lawyer,1986,1987
ACT_EU_INST_CJEU_JUDG_AG_ES_CRU_VIL,7,position,Judge at the Constitutional Court,judge,1992,1998
ACT_EU_INST_CJEU_JUDG_AG_ES_CRU_VIL,8,position,President of the Constitutional Court,judge,1998,2001
ACT_EU_INST_CJEU_JUDG_AG_ES_CRU_VIL,9,distinction,Fellow of the Wissenschaftskolleg zu Berlin,,2001,2002
ACT_EU_INST_CJEU_JUDG_AG_ES_CRU_VIL,10,position,Professor of Constitutional Law at the Autonomous University of Madrid,academic,2002,2009
ACT_EU_INST_CJEU_JUDG_AG_ES_CRU_VIL,11,membership,Elected member of the Council of State,,2004,2009
ACT_EU_INST_CJEU_JUDG_AG_ES_CRU_VIL,12,position,Advocate General at the Court of Justice,judge,2009,2015
ACT_EU_INST_CJEU_JUDG_AG_EL_GRA,1,degree,Master's degree in law from the National and Kapodistrian University of Athens,,1980,
ACT_EU_INST_CJEU_JUDG_AG_EL_GRA,2,degree,"Diplôme d'études approfondies in public law from University of Paris I, Panthéon-Sorbonne",,1981,
ACT_EU_INST_CJEU_JUDG_AG_EL_GRA,3,degree,"Diploma in Community law from University Centre for Community and European Studies, University of Paris I",,1982,
ACT_EU_INST_CJEU_JUDG_AG_EL_GRA,4,position,"Junior officer at the Council of State, Greece",civil servant,1985,1992
ACT_EU_INST_CJEU_JUDG_AG_EL_GRA,5,position,"Junior member at the Council of State, Greece",civil servant,1992,
ACT_EU_INST_CJEU_JUDG_AG_EL_GRA,6,position,"Member at the Council of State, Greece",civil servant,2005,
ACT_EU_INST_CJEU_JUDG_AG_EL_GRA,7,position,"Supplementary member of the Superior Special Court, Greece",judge,1998,1999
ACT_EU_INST_CJEU_JUDG_AG_EL_GRA,8,position,"Member of the Special Court for Actions against Judges, Greece",judge,2006,2007
ACT_EU_INST_CJEU_JUDG_AG_EL_GRA,9,position,"Member of the Supreme Council for Administrative Justice, Greece",judge,2008,
ACT_EU_INST_CJEU_JUDG_AG_EL_GRA,10,position,Inspector of administrative courts,judge,2009,2010
ACT_EU_INST_CJEU_JUDG_AG_EL_GRA,11,position,Legal secretary in the cabinet of Advocate General Georges Cosmas at the Court of Justice,lawyer,1994,1996
ACT_EU_INST_CJEU_JUDG_AG_EL_GRA,12,position,Judge at the General Court,judge,2010,2021
ACT_EU_INST_CJEU_JUDG_AG_EL_GRA,13,position,President of Chamber at the General Court,judge,2013,2019
ACT_EU_INST_CJEU_JUDG_AG_EL_GRA,14,position,Judge at the Court of Justice,judge,2021,
ACT_EU_INST_CJEU_JUDG_AG_EL_GRA,15,membership,"Member of the Hellenic Association for European Law, Greece",,,
ACT_EU_INST_CJEU_JUDG_AG_DE_REI,1,degree,Doctor of Laws of the University of Munich,,1950,
ACT_EU_INST_CJEU_JUDG_AG_DE_REI,2,degree,Second State examination in law,,1951,
ACT_EU_INST_CJEU_JUDG_AG_DE_REI,3,position,Assistant Judge in the Ministry for Justice of the Land of Bavaria,judge,1951,1954
ACT_EU_INST_CJEU_JUDG_AG_DE_REI,4,position,Local Court Adviser in the Ministry for Justice of the Land of Bavaria,other,1951,1954
ACT_EU_INST_CJEU_JUDG_AG_DE_REI,5,position,"Judge at the Amtsgericht (Local Court), Munich",judge,1954,1955
ACT_EU_INST_CJEU_JUDG_AG_DE_REI,6,position,Employed in the office of the minister representing Bavaria at federal level,civil servant,1955,1956
ACT_EU_INST_CJEU_JUDG_AG_DE_REI,7,position,"Oberregierungsrat at the Chancellery of the Land of Bavaria, in Munich",civil servant,1956,1958
ACT_EU_INST_CJEU_JUDG_AG_DE_REI,8,position,"Regierungsdirektor at the Chancellery of the Land of Bavaria, in Munich",civil servant,1956,1958
ACT_EU_INST_CJEU_JUDG_AG_DE_REI,9,position,"Judge at the Oberlandesgericht München (Higher Regional Court, Munich)",judge,1958,1961
ACT_EU_INST_CJEU_JUDG_AG_DE_REI,10,membership,Member of the Bundestag,,1961,1972
ACT_EU_INST_CJEU_JUDG_AG_DE_REI,11,position,"State Secretary, responsible for relations with Parliament, in the ministry of the Federal Minister for Finance",civil servant,1969,1971
ACT_EU_INST_CJEU_JUDG_AG_DE_REI,12,membership,Member of the European Assembly,,1971,1973
ACT_EU_INST_CJEU_JUDG_AG_DE_REI,13,position,Advocate General at the Court of Justice,judge,1973,1984
ACT_EU_INST_CJEU_JUDG_AG_BE_RAE,1,degree,Law graduate from Free University of Brussels,,1979,
ACT_EU_INST_CJEU_JUDG_AG_BE_RAE,2,degree,Special Diploma in International Law from Brussels,,1980,
ACT_EU_INST_CJEU_JUDG_AG_BE_RAE,3,degree,Doctor of Laws,,1989,
ACT_EU_INST_CJEU_JUDG_AG_BE_RAE,4,position,Head of the Legal Service of the Société anonyme du canal et des installations maritimes de Bruxelles,lawyer,1979,1984
ACT_EU_INST_CJEU_JUDG_AG_BE_RAE,5,position,Official of the Commission of the European Communities at Directorate-General for Social Affairs,civil servant,1984,1988
ACT_EU_INST_CJEU_JUDG_AG_BE_RAE,6,position,Member of the Legal Service of the Commission of the European Communities,civil servant; lawyer,1988,1994
ACT_EU_INST_CJEU_JUDG_AG_BE_RAE,7,position,Legal Secretary at the Court of Justice of the European Communities,civil servant; lawyer,1994,2005
ACT_EU_INST_CJEU_JUDG_AG_BE_RAE,8,position,Lecturer at the University of Charleroi in international and European social law,academic,1989,1991
ACT_EU_INST_CJEU_JUDG_AG_BE_RAE,9,position,Lecturer at the University of Mons Hainault in European law,academic,1991,1997
ACT_EU_INST_CJEU_JUDG_AG_BE_RAE,10,position,Lecturer at the University of Liège in European civil service law,academic,1989,1991
ACT_EU_INST_CJEU_JUDG_AG_BE_RAE,11,position,Lecturer at the University of Liège in institutional law of the European Union,academic,1995,2005
ACT_EU_INST_CJEU_JUDG_AG_BE_RAE,12,position,Lecturer at the University of Liège in European social law,academic,2004,2005
ACT_EU_INST_CJEU_JUDG_AG_BE_RAE,13,position,Lecturer at the Free University of Brussels in institutional law of the European Union,academic,2006,
ACT_EU_INST_CJEU_JUDG_AG_BE_RAE,14,position,Judge at the Civil Service Tribunal,judge,2005,2016
ACT_EU_INST_CJEU_JUDG_AG_BE_RAE,15,position,President of the Civil Service Tribunal,judge,2011,2016
ACT_EU_INST_CJEU_JUDG_AG_FR_LEC,1,degree,Doctor of Laws,,,
ACT_EU_INST_CJEU_JUDG_AG_FR_LEC,2,position,"Avocat at the Court of Appeal, Paris",civil servant; lawyer,,
ACT_EU_INST_CJEU_JUDG_AG_FR_LEC,3,position,reserve captain,other,,
ACT_EU_INST_CJEU_JUDG_AG_FR_LEC,4,membership,Member of the Underground Management Committee of the movement 'Résistance',,,
ACT_EU_INST_CJEU_JUDG_AG_FR_LEC,5,membership,member of the National Liberation Movement,,,
ACT_EU_INST_CJEU_JUDG_AG_FR_LEC,6,membership,Member of the Provisional Consultative Assembly,,,
ACT_EU_INST_CJEU_JUDG_AG_FR_LEC,7,position,deputy for Paris,politician,1945,1958
ACT_EU_INST_CJEU_JUDG_AG_FR_LEC,8,position,deputy for Hautes-Alpes,politician,1958,
ACT_EU_INST_CJEU_JUDG_AG_FR_LEC,9,position,Minister for Justice,politician,1948,1958
ACT_EU_INST_CJEU_JUDG_AG_FR_LEC,10,position,"Minister responsible for aid and cooperation between France and the Member States of the Community, subsequently for the overseas départements and territories and the Sahara",politician,1959,1961
ACT_EU_INST_CJEU_JUDG_AG_FR_LEC,11,membership,Member of the Executive Committee of the European Movement,,,
ACT_EU_INST_CJEU_JUDG_AG_FR_LEC,12,position,Judge at the Court of Justice,judge,1962,1967
ACT_EU_INST_CJEU_JUDG_AG_FR_LEC,13,position,President of the Court of Justice,judge,1967,1976
ACT_EU_INST_CJEU_JUDG_AG_SE_SCH,1,degree,Degree in law from the Stockholms universitet,,,1991
ACT_EU_INST_CJEU_JUDG_AG_SE_SCH,2,degree,Degree in law from the Université de Paris I Panthéon-Sorbonne,,,1990
ACT_EU_INST_CJEU_JUDG_AG_SE_SCH,3,degree,Postgraduate degree in Community and European law from the Université de Paris I Panthéon-Sorbonne,,,1994
ACT_EU_INST_CJEU_JUDG_AG_SE_SCH,4,position,Legal Secretary at the Södertälje tingsrätt,civil servant,1991,1993
ACT_EU_INST_CJEU_JUDG_AG_SE_SCH,5,position,Legal Secretary at the Svea hovrätt,civil servant,1994,1995
ACT_EU_INST_CJEU_JUDG_AG_SE_SCH,6,position,Judge at the Gotlands tingsrätt,judge,1995,1996
ACT_EU_INST_CJEU_JUDG_AG_SE_SCH,7,position,Judge at the Norrtälje tingsrätt,judge,1995,1996
ACT_EU_INST_CJEU_JUDG_AG_SE_SCH,8,position,Judge at the Svea hovrätt,judge,1996,1997
ACT_EU_INST_CJEU_JUDG_AG_SE_SCH,9,position,Assistant secretary of the Parliamentary Committee of the Swedish Ministry of Finance,civil servant,1997,
ACT_EU_INST_CJEU_JUDG_AG_SE_SCH,10,position,Legal Adviser for European Affairs at the Swedish Ministry of Foreign Affairs,civil servant; lawyer,1999,
ACT_EU_INST_CJEU_JUDG_AG_SE_SCH,11,position,Legal Secretary to Judge Hans Ragnemalm at the Court of Justice,civil servant,1998,
ACT_EU_INST_CJEU_JUDG_AG_SE_SCH,12,position,Legal Secretary to Judge Stig von Bahr at the Court of Justice,civil servant,1999,2006
ACT_EU_INST_CJEU_JUDG_AG_SE_SCH,13,position,Lawyer,lawyer,2006,2008
ACT_EU_INST_CJEU_JUDG_AG_SE_SCH,14,position,Advocate after admission to the Stockholm Bar,lawyer,2008,
ACT_EU_INST_CJEU_JUDG_AG_SE_SCH,15,position,Judge at the Södertörns tingsrätt,judge,2009,
ACT_EU_INST_CJEU_JUDG_AG_SE_SCH,16,position,President of Chamber at the Södertörns tingsrätt,judge,,2016
ACT_EU_INST_CJEU_JUDG_AG_SE_SCH,17,position,Lecturer at the Stockholms universitet,academic,2006,2008
ACT_EU_INST_CJEU_JUDG_AG_SE_SCH,18,position,Lecturer at the Domstolsakademin,academic,2011,
ACT_EU_INST_CJEU_JUDG_AG_SE_SCH,19,position,Judge at the General Court,judge,2016,
ACT_EU_INST_CJEU_JUDG_AG_SE_SCH,20,position,President of Chamber at the General Court,judge,2022,2024
ACT_EU_INST_CJEU_JUDG_AG_SE_SCH,21,position,Judge at the Court of Justice,judge,2024,
ACT_EU_INST_CJEU_JUDG_AG_NL_PRE,1,degree,Degree in Dutch public law at the Rijksuniversiteit Groningen,,,1983
ACT_EU_INST_CJEU_JUDG_AG_NL_PRE,2,degree,Doctor of Laws at the Universiteit van Amsterdam,,,1995
ACT_EU_INST_CJEU_JUDG_AG_NL_PRE,3,position,Law Lecturer in the Law Faculty of the Universiteit Maastricht,academic,1983,1987
ACT_EU_INST_CJEU_JUDG_AG_NL_PRE,4,position,Law Lecturer at the Europa Institute of the Law Faculty of the University of Amsterdam,academic,1991,1995
ACT_EU_INST_CJEU_JUDG_AG_NL_PRE,5,position,Professor of European Law in the Law Faculty of the University of Tilburg,academic,1995,2003
ACT_EU_INST_CJEU_JUDG_AG_NL_PRE,6,position,Professor of European Law in the Law Faculty of the Universiteit Utrecht,academic,2003,
ACT_EU_INST_CJEU_JUDG_AG_NL_PRE,7,position,Member of the management board of the Europa Institute of the University of Utrecht,academic,,
ACT_EU_INST_CJEU_JUDG_AG_NL_PRE,8,position,Scientific coordinator of the European Network of Legal Experts in Equality between Men and Women at the European Commission,civil servant,1992,2007
ACT_EU_INST_CJEU_JUDG_AG_NL_PRE,9,membership,Member of the editorial board of several national and international legal journals,,,
ACT_EU_INST_CJEU_JUDG_AG_NL_PRE,10,membership,Member of the Koninklijke Nederlandse Akademie van Wetenschappen,,2008,
ACT_EU_INST_CJEU_JUDG_AG_NL_PRE,11,position,Legal Secretary at the Court of Justice assisting Judges Thijmen Koopmans and Paul Kapteyn,civil servant; lawyer,1987,1991
ACT_EU_INST_CJEU_JUDG_AG_NL_PRE,12,position,Judge at the Court of Justice,judge,2010,2024
ACT_EU_INST_CJEU_JUDG_AG_CZ_MAL,1,degree,Doctor of Law from the Charles University in Prague,,1975,
ACT_EU_INST_CJEU_JUDG_AG_CZ_MAL,2,position,"Senior faculty member at Masaryk University, Brno",academic,1974,1990
ACT_EU_INST_CJEU_JUDG_AG_CZ_MAL,3,position,"Vice-Dean at Masaryk University, Brno",academic,1989,1991
ACT_EU_INST_CJEU_JUDG_AG_CZ_MAL,4,position,"Head of the Department of International and European Law at Masaryk University, Brno",academic,1990,1992
ACT_EU_INST_CJEU_JUDG_AG_CZ_MAL,5,position,Judge at the Constitutional Court of Czechoslovakia,judge,1992,
ACT_EU_INST_CJEU_JUDG_AG_CZ_MAL,6,position,Envoy to the Council of Europe,civil servant,1993,1998
ACT_EU_INST_CJEU_JUDG_AG_CZ_MAL,7,position,President of the Committee of Ministers' Deputies of the Council of Europe,civil servant,1995,
ACT_EU_INST_CJEU_JUDG_AG_CZ_MAL,8,position,Senior Director at the Ministry of Foreign Affairs,civil servant,1998,2000
ACT_EU_INST_CJEU_JUDG_AG_CZ_MAL,9,membership,President of the Czech and Slovak branch of the International Law Association,,1999,2001
ACT_EU_INST_CJEU_JUDG_AG_CZ_MAL,10,position,Judge at the Constitutional Court,judge,2000,2004
ACT_EU_INST_CJEU_JUDG_AG_CZ_MAL,11,membership,Member of the Legislative Council,,1998,2000
ACT_EU_INST_CJEU_JUDG_AG_CZ_MAL,12,membership,Member of the Permanent Court of Arbitration at The Hague,,2000,
ACT_EU_INST_CJEU_JUDG_AG_CZ_MAL,13,position,"Professor of Public International Law at Masaryk University, Brno",academic,2001,
ACT_EU_INST_CJEU_JUDG_AG_CZ_MAL,14,position,Judge at the Court of Justice,judge,2004,2020
ACT_EU_INST_CJEU_JUDG_AG_FR_TRU,1,degree,Graduated from Institut d'études politiques (IEP) in Paris,,,1984
ACT_EU_INST_CJEU_JUDG_AG_FR_TRU,2,degree,Studied at École nationale de la magistrature (National School for the Judiciary),,1986,1988
ACT_EU_INST_CJEU_JUDG_AG_FR_TRU,3,position,Judge at the Tribunal de grande instance de Marseille,judge,1988,1990
ACT_EU_INST_CJEU_JUDG_AG_FR_TRU,4,position,Law officer in the Direction des affaires civiles et du sceau du ministère de la Justice français,civil servant; lawyer,1990,1992
ACT_EU_INST_CJEU_JUDG_AG_FR_TRU,5,position,"Deputy section head, then section head, in the Directorate-General for Competition Policy, Consumer Affairs and Fraud Control at the French Ministry of the Economy, Finance and Industry",civil servant,1992,1994
ACT_EU_INST_CJEU_JUDG_AG_FR_TRU,6,position,Technical adviser to the French Minister for Justice,civil servant,1994,1995
ACT_EU_INST_CJEU_JUDG_AG_FR_TRU,7,position,Judge at the Tribunal de grande instance de Nîmes,judge,1995,1996
ACT_EU_INST_CJEU_JUDG_AG_FR_TRU,8,position,Legal Secretary to Advocate General Philippe Léger at the Court of Justice,civil servant; lawyer,1996,2001
ACT_EU_INST_CJEU_JUDG_AG_FR_TRU,9,position,Auxiliary Judge at the Cour de cassation,judge,2001,2007
ACT_EU_INST_CJEU_JUDG_AG_FR_TRU,10,position,Judge at the General Court,judge,2007,2013
ACT_EU_INST_CJEU_JUDG_AG_FR_TRU,11,position,President of Chamber at the General Court,judge,2010,2013
ACT_EU_INST_CJEU_JUDG_AG_FR_TRU,12,position,Judge at the Cour de cassation,judge,2013,2019
ACT_EU_INST_CJEU_JUDG_AG_FR_TRU,13,position,Judge at the General Court,judge,2019,
ACT_EU_INST_CJEU_JUDG_AG_FR_TRU,14,position,President of Chamber at the General Court,judge,2022,2025
ACT_EU_INST_CJEU_JUDG_AG_FR_RIC_TOU,1,degree,Master of Laws at the University of Paris II,,1982,
ACT_EU_INST_CJEU_JUDG_AG_FR_RIC_TOU,2,position,Judge at the District Court of Limoges,judge,1986,1988
ACT_EU_INST_CJEU_JUDG_AG_FR_RIC_TOU,3,position,Judge at the Directorate for Civil Affairs and the Legal Professions in the Ministry of Justice,judge,1988,1996
ACT_EU_INST_CJEU_JUDG_AG_FR_RIC_TOU,4,position,Auxiliary Judge at the Court of Cassation,judge,1996,2004
ACT_EU_INST_CJEU_JUDG_AG_FR_RIC_TOU,5,position,Reader of judgments at the Court of Justice of the European Communities,other,2004,2006
ACT_EU_INST_CJEU_JUDG_AG_FR_RIC_TOU,6,position,Legal secretary in the Court of Justice to Judge Pernilla Lindh and Judge Carl Gustav Fernlund,civil servant; lawyer,2006,2012
ACT_EU_INST_CJEU_JUDG_AG_FR_RIC_TOU,7,position,Advocate General in the Social Chamber of the Court of Cassation,judge,2012,
ACT_EU_INST_CJEU_JUDG_AG_FR_RIC_TOU,8,position,Special Advisor to the Prosecutor General of the Court of Cassation,lawyer,,2017
ACT_EU_INST_CJEU_JUDG_AG_FR_RIC_TOU,9,position,"First Advocate General of the Commercial, Financial and Economic Chamber of the Court of Cassation",judge,2017,2020
ACT_EU_INST_CJEU_JUDG_AG_FR_RIC_TOU,10,membership,Member of the report and studies commission of the Court of Cassation,,1998,2002
ACT_EU_INST_CJEU_JUDG_AG_FR_RIC_TOU,11,membership,Member of the criminal convictions review commission of the Court of Cassation,,1999,2004
ACT_EU_INST_CJEU_JUDG_AG_FR_RIC_TOU,12,position,President of the Board of Directors of the National Institute of Notarial Training,other,2016,2020
ACT_EU_INST_CJEU_JUDG_AG_FR_RIC_TOU,13,position,Advocate General at the Court of Justice,judge,2020,
ACT_EU_INST_CJEU_JUDG_AG_FR_RIC_TOU,14,distinction,Chevalier of the Ordre de la Légion d'honneur,,2016,
ACT_EU_INST_CJEU_JUDG_AG_LT_JARA,1,degree,Law degree at the University of Vilnius,,1974,1979
ACT_EU_INST_CJEU_JUDG_AG_LT_JARA,2,degree,Doctor of Legal Science of the Law University of Lithuania,,1999,
ACT_EU_INST_CJEU_JUDG_AG_LT_JARA,3,membership,Member of the Lithuanian Bar,,1979,1990
ACT_EU_INST_CJEU_JUDG_AG_LT_JARA,4,position,Member of the Supreme Council (Parliament) of the Republic of Lithuania,politician,1990,1992
ACT_EU_INST_CJEU_JUDG_AG_LT_JARA,5,position,Member of the Seimas (Parliament) of the Republic of Lithuania,politician,1992,1996
ACT_EU_INST_CJEU_JUDG_AG_LT_JARA,6,position,Member of the Seimas' State and Law Committee,politician,1992,1996
ACT_EU_INST_CJEU_JUDG_AG_LT_JARA,7,position,Judge at the Constitutional Court of the Republic of Lithuania,judge,1996,2005
ACT_EU_INST_CJEU_JUDG_AG_LT_JARA,8,position,Adviser to the President of the Lithuanian Constitutional Court,civil servant,2006,
ACT_EU_INST_CJEU_JUDG_AG_LT_JARA,9,position,Lecturer in the Constitutional Law Department of the Law Faculty of Mykolas Romeris University,academic,1997,2000
ACT_EU_INST_CJEU_JUDG_AG_LT_JARA,10,position,Associate Professor in the Constitutional Law Department of the Law Faculty of Mykolas Romeris University,academic,2000,2004
ACT_EU_INST_CJEU_JUDG_AG_LT_JARA,11,position,Professor in the Constitutional Law Department of the Law Faculty of Mykolas Romeris University,academic,2004,
ACT_EU_INST_CJEU_JUDG_AG_LT_JARA,12,position,Head of Department in the Constitutional Law Department of the Law Faculty of Mykolas Romeris University,academic,2005,2007
ACT_EU_INST_CJEU_JUDG_AG_LT_JARA,13,position,Dean of the Law Faculty of Mykolas Romeris University,academic,2007,2010
ACT_EU_INST_CJEU_JUDG_AG_LT_JARA,14,membership,Member of the Venice Commission,,2006,2010
ACT_EU_INST_CJEU_JUDG_AG_LT_JARA,15,distinction,Signatory of the act of 11 March 1990 re-establishing Lithuania's independence,,1990,
ACT_EU_INST_CJEU_JUDG_AG_LT_JARA,16,position,Judge at the Court of Justice,judge,2010,2018
ACT_EU_INST_CJEU_JUDG_AG_CY_PAP,1,degree,Master's degree in law (Ptychion) from the National and Kapodistrian University of Athens,,,1991
ACT_EU_INST_CJEU_JUDG_AG_CY_PAP,2,degree,Diploma of advanced studies in public law from the University of Paris II,,,1992
ACT_EU_INST_CJEU_JUDG_AG_CY_PAP,3,degree,Doctor of Law from the University of Aix-Marseille III,,,1995
ACT_EU_INST_CJEU_JUDG_AG_CY_PAP,4,membership,Founding member of the European Law Institute,,,
ACT_EU_INST_CJEU_JUDG_AG_CY_PAP,5,membership,Member of the European Public Law Organisation (EPLO),,,
ACT_EU_INST_CJEU_JUDG_AG_CY_PAP,6,membership,Member of the Societas Iuris Publici Europaei,,,
ACT_EU_INST_CJEU_JUDG_AG_CY_PAP,7,membership,Founding member of the Kypriakó Somateío Dikaíou Enérgeias,,,
ACT_EU_INST_CJEU_JUDG_AG_CY_PAP,8,membership,Member of the scientific committee of the journal Dikaiómata tou Anthrópou,,,
ACT_EU_INST_CJEU_JUDG_AG_CY_PAP,9,membership,Member of the honorary committee of the Hellenic Culture in Luxembourg Association,,,
ACT_EU_INST_CJEU_JUDG_AG_CY_PAP,10,membership,Member of the Advisory Board of Judges of the World Intellectual Property Organization,,2025,2027
ACT_EU_INST_CJEU_JUDG_AG_CY_PAP,11,membership,Honorary member of the Cyprus Association for the European Law (FIDE Cyprus),,,
ACT_EU_INST_CJEU_JUDG_AG_CY_PAP,12,membership,Member of the scientific committee of e-Politeia,,,
ACT_EU_INST_CJEU_JUDG_AG_CY_PAP,13,distinction,Doctor honoris causa from the European University Cyprus,,,2025
ACT_EU_INST_CJEU_JUDG_AG_CY_PAP,14,position,Admitted to the Cyprus Bar and member of the Nicosia Bar,lawyer,1993,
ACT_EU_INST_CJEU_JUDG_AG_CY_PAP,15,position,Lawyer in Cyprus,lawyer,,2004
ACT_EU_INST_CJEU_JUDG_AG_CY_PAP,16,position,Lecturer at Panepistímio Kýprou,academic,1997,2002
ACT_EU_INST_CJEU_JUDG_AG_CY_PAP,17,position,Senior lecturer in constitutional law at Panepistímio Kýprou,academic,2002,2004
ACT_EU_INST_CJEU_JUDG_AG_CY_PAP,18,position,Judge at the General Court,judge,2004,
ACT_EU_INST_CJEU_JUDG_AG_CY_PAP,19,position,President of Chamber at the General Court,judge,2010,2016
ACT_EU_INST_CJEU_JUDG_AG_CY_PAP,20,position,Vice-President of the General Court,judge,2019,
ACT_EU_INST_CJEU_JUDG_AG_EL_YER,1,membership,Member of the Simvoulio tis Epikratias (Council of State),,,
ACT_EU_INST_CJEU_JUDG_AG_EL_YER,2,position,State Counsellor in the Simvoulio tis Epikratias (Council of State),judge,,
ACT_EU_INST_CJEU_JUDG_AG_EL_YER,3,membership,Member of the Anotato Idiko Dikastirio (Superior Special Court),,,
ACT_EU_INST_CJEU_JUDG_AG_EL_YER,4,membership,Member of the Dikastiria Simaton (Trade Mark Courts),,,
ACT_EU_INST_CJEU_JUDG_AG_EL_YER,5,position,Adviser to the Government on the application of Community law,civil servant; lawyer,,
ACT_EU_INST_CJEU_JUDG_AG_EL_YER,6,position,Professor of Community Law at the National School of Public Administration and the Adult Education Institute,academic,,
ACT_EU_INST_CJEU_JUDG_AG_EL_YER,7,position,Judge at the Court of First Instance,judge,1989,1992
ACT_EU_INST_CJEU_JUDG_AG_IT_MAS,1,degree,Law degree from University of Florence,,1987,
ACT_EU_INST_CJEU_JUDG_AG_IT_MAS,2,degree,Master of Laws from Penn State University Dickinson School of Law,,1990,
ACT_EU_INST_CJEU_JUDG_AG_IT_MAS,3,degree,Doctorate in law from University of Bologna,,1992,
ACT_EU_INST_CJEU_JUDG_AG_IT_MAS,4,position,Researcher in international law at University of Florence,academic,1992,1997
ACT_EU_INST_CJEU_JUDG_AG_IT_MAS,5,position,Legal secretary to Advocates General Giuseppe Tesauro and Antonio Saggio at the Court of Justice,civil servant; lawyer,1997,2000
ACT_EU_INST_CJEU_JUDG_AG_IT_MAS,6,position,Professor of EU law at University of Naples Federico II,academic,2000,2019
ACT_EU_INST_CJEU_JUDG_AG_IT_MAS,7,position,"Visiting professor at University of Paris II, Panthéon-Assas",academic,2011,2013
ACT_EU_INST_CJEU_JUDG_AG_IT_MAS,8,position,Professor of EU law at Free International University of Social Studies Guido Carli,academic,2013,2017
ACT_EU_INST_CJEU_JUDG_AG_IT_MAS,9,position,"Professor of comparative competition law at Sturm College of Law, University of Denver",academic,2015,2019
ACT_EU_INST_CJEU_JUDG_AG_IT_MAS,10,position,Lawyer authorised to plead before higher Italian courts,lawyer,1993,2019
ACT_EU_INST_CJEU_JUDG_AG_IT_MAS,11,membership,Board of Governors member of the Italian Society of International Law,,2013,2015
ACT_EU_INST_CJEU_JUDG_AG_IT_MAS,12,membership,Member of the Italian Association of EU Law Scholars,,2018,2021
ACT_EU_INST_CJEU_JUDG_AG_IT_MAS,13,position,Adviser on legislative matters in the Department of European Affairs of the Italian Government,civil servant,2015,2018
ACT_EU_INST_CJEU_JUDG_AG_IT_MAS,14,position,Judge at the General Court,judge,2019,2025
ACT_EU_INST_CJEU_JUDG_AG_EE_LOH,1,degree,Doctor of Law,,1986,
ACT_EU_INST_CJEU_JUDG_AG_EE_LOH,2,membership,Member of the Bar,,1977,1998
ACT_EU_INST_CJEU_JUDG_AG_EE_LOH,3,position,Visiting Professor of Criminal Law at Tartu University,academic,,
ACT_EU_INST_CJEU_JUDG_AG_EE_LOH,4,position,Judge at the European Court of Human Rights,judge,1994,1998
ACT_EU_INST_CJEU_JUDG_AG_EE_LOH,5,position,Chief Justice of the Supreme Court of Estonia,judge,1998,2004
ACT_EU_INST_CJEU_JUDG_AG_EE_LOH,6,membership,Member of the Legal Expertise Committee on the Constitution,,,
ACT_EU_INST_CJEU_JUDG_AG_EE_LOH,7,position,Consultant to the working group drafting the Criminal Code,other,,
ACT_EU_INST_CJEU_JUDG_AG_EE_LOH,8,membership,Member of the working group for the drafting of the Code of Criminal Procedure,,,
ACT_EU_INST_CJEU_JUDG_AG_EE_LOH,9,position,Judge at the Court of Justice,judge,2004,2013
ACT_EU_INST_CJEU_JUDG_AG_SE_WET,1,degree,B. A. in economics,,1974,
ACT_EU_INST_CJEU_JUDG_AG_SE_WET,2,degree,LLM,,1977,
ACT_EU_INST_CJEU_JUDG_AG_SE_WET,3,position,Administrative Officer at the Ministry of Foreign Affairs,civil servant,1977,
ACT_EU_INST_CJEU_JUDG_AG_SE_WET,4,membership,member of the Swedish Bar Association,,1983,
ACT_EU_INST_CJEU_JUDG_AG_SE_WET,5,membership,member of the competition law working group of ICC Sweden,,,
ACT_EU_INST_CJEU_JUDG_AG_SE_WET,6,position,Lecturer in competition law at Lund University,academic,,
ACT_EU_INST_CJEU_JUDG_AG_SE_WET,7,position,Lecturer in competition law at Stockholm University,academic,,
ACT_EU_INST_CJEU_JUDG_AG_SE_WET,8,position,Judge at the General Court,judge,2013,2016
ACT_EU_INST_CJEU_JUDG_AG_FR_LEGE,1,position,Member of the judiciary serving at the Ministry for Justice,civil servant,1966,1970
ACT_EU_INST_CJEU_JUDG_AG_FR_LEGE,2,position,Head of the Private Office of the Minister for Living Standards,civil servant,1976,
ACT_EU_INST_CJEU_JUDG_AG_FR_LEGE,3,position,Technical Adviser at the Private Office of the Minister for Living Standards,civil servant,1976,
ACT_EU_INST_CJEU_JUDG_AG_FR_LEGE,4,position,Technical Adviser at the Private Office of the Garde des Sceaux,civil servant,1976,1978
ACT_EU_INST_CJEU_JUDG_AG_FR_LEGE,5,position,Deputy Director of Criminal Affairs and Reprieves at the Ministry of Justice,civil servant,1978,1983
ACT_EU_INST_CJEU_JUDG_AG_FR_LEGE,6,position,"Senior Member of the Court of Appeal, Paris",judge,1983,1986
ACT_EU_INST_CJEU_JUDG_AG_FR_LEGE,7,position,Deputy Director of the Private Office of the Minister for Justice,civil servant,1986,
ACT_EU_INST_CJEU_JUDG_AG_FR_LEGE,8,position,President of the Regional Court at Bobigny,judge,1986,1993
ACT_EU_INST_CJEU_JUDG_AG_FR_LEGE,9,position,Head of the Private Office of the Minister for Justice,civil servant,1993,1994
ACT_EU_INST_CJEU_JUDG_AG_FR_LEGE,10,position,"Advocate General at the Court of Appeal, Paris",judge,1993,1994
ACT_EU_INST_CJEU_JUDG_AG_FR_LEGE,11,position,Associate Professor at René Descartes University (Paris V),academic,1988,1993
ACT_EU_INST_CJEU_JUDG_AG_FR_LEGE,12,position,Advocate General at the Court of Justice,judge,1994,2006
ACT_EU_INST_CJEU_JUDG_AG_ES_GAR_VAL_FER,1,position,Abogado del Estado at Jaén and Granada,civil servant; lawyer,,
ACT_EU_INST_CJEU_JUDG_AG_ES_GAR_VAL_FER,2,position,Registrar to the Economic and Administrative Court of Jaén,civil servant,,
ACT_EU_INST_CJEU_JUDG_AG_ES_GAR_VAL_FER,3,position,Registrar to the Economic and Administrative Court of Cordoba,civil servant,,
ACT_EU_INST_CJEU_JUDG_AG_ES_GAR_VAL_FER,4,membership,Member of the Bar of Jaén and Granada,,,
ACT_EU_INST_CJEU_JUDG_AG_ES_GAR_VAL_FER,5,position,Head of the Spanish State Legal Service for cases before the Court of Justice of the European Communities,civil servant; lawyer,,
ACT_EU_INST_CJEU_JUDG_AG_ES_GAR_VAL_FER,6,position,Head of the Spanish delegation in the working group at the Council of the European Communities,civil servant,,
ACT_EU_INST_CJEU_JUDG_AG_ES_GAR_VAL_FER,7,position,Judge at the Court of First Instance,judge,1989,2007
ACT_EU_INST_CJEU_JUDG_AG_LT_VAL,1,degree,Graduated in law at Vilniaus universitetas,,1986,
ACT_EU_INST_CJEU_JUDG_AG_LT_VAL,2,degree,Doctorate in law at Mykolo Romerio universitetas,,2000,
ACT_EU_INST_CJEU_JUDG_AG_LT_VAL,3,degree,Habilitation degree at Mykolo Romerio universitetas,,2008,
ACT_EU_INST_CJEU_JUDG_AG_LT_VAL,4,position,Public Prosecutor,civil servant; lawyer,1986,1990
ACT_EU_INST_CJEU_JUDG_AG_LT_VAL,5,position,Judge,judge,1991,1994
ACT_EU_INST_CJEU_JUDG_AG_LT_VAL,6,position,Vice-President of Vilniaus miesto apylinkės teismas,judge,1993,1994
ACT_EU_INST_CJEU_JUDG_AG_LT_VAL,7,position,Judge at Lietuvos apeliacinis teismas,judge,1995,2002
ACT_EU_INST_CJEU_JUDG_AG_LT_VAL,8,position,Chair of the Civil Chamber at Lietuvos apeliacinis teismas,judge,,
ACT_EU_INST_CJEU_JUDG_AG_LT_VAL,9,position,Judge at Lietuvos vyriausiasis administracinis teismas,judge,2002,2013
ACT_EU_INST_CJEU_JUDG_AG_LT_VAL,10,position,President of Lietuvos vyriausiasis administracinis teismas,judge,2002,2008
ACT_EU_INST_CJEU_JUDG_AG_LT_VAL,11,position,Lecturer at Vilniaus universitetas,academic,1997,
ACT_EU_INST_CJEU_JUDG_AG_LT_VAL,12,position,Lecturer at Mykolo Romerio universitetas,academic,1998,2000
ACT_EU_INST_CJEU_JUDG_AG_LT_VAL,13,position,Associate Professor at Mykolo Romerio universitetas,academic,2000,2008
ACT_EU_INST_CJEU_JUDG_AG_LT_VAL,14,position,Head of the Civil Procedure Department,academic,2002,2006
ACT_EU_INST_CJEU_JUDG_AG_LT_VAL,15,position,Professor,academic,2008,
ACT_EU_INST_CJEU_JUDG_AG_LT_VAL,16,position,President of the European Association of Judges,other,2006,2008
ACT_EU_INST_CJEU_JUDG_AG_LT_VAL,17,position,Vice-President of the International Association of Judges,other,2006,2014
ACT_EU_INST_CJEU_JUDG_AG_LT_VAL,18,membership,Member of the Consultative Council of European Judges,,2000,2014
ACT_EU_INST_CJEU_JUDG_AG_LT_VAL,19,position,Member of the Board at ACA-Europe,other,2010,2013
ACT_EU_INST_CJEU_JUDG_AG_LT_VAL,20,position,Member of the Board of Trustees of the Academy of European Law,other,2008,2011
ACT_EU_INST_CJEU_JUDG_AG_LT_VAL,21,position,Judge at the General Court,judge,2016,2023
ACT_EU_INST_CJEU_JUDG_AG_SK_KLU,1,degree,Doctor of Law from the University of Bratislava,,1974,
ACT_EU_INST_CJEU_JUDG_AG_SK_KLU,2,position,Professor of International Law at Kosice University,academic,1975,
ACT_EU_INST_CJEU_JUDG_AG_SK_KLU,3,position,Judge at the Constitutional Court,judge,1993,
ACT_EU_INST_CJEU_JUDG_AG_SK_KLU,4,membership,Member of the Permanent Court of Arbitration at The Hague,,1994,
ACT_EU_INST_CJEU_JUDG_AG_SK_KLU,5,membership,Member of the Venice Commission,,1994,
ACT_EU_INST_CJEU_JUDG_AG_SK_KLU,6,membership,Chairman of the Slovakian Association of International Law,,2002,
ACT_EU_INST_CJEU_JUDG_AG_SK_KLU,7,position,Judge at the Court of Justice,judge,2004,2009
ACT_EU_INST_CJEU_JUDG_AG_SK_RIC,1,degree,Master's degree in law from Comenius University in Bratislava,,2005,
ACT_EU_INST_CJEU_JUDG_AG_SK_RIC,2,degree,Doctor of Laws from Comenius University in Bratislava,,2012,
ACT_EU_INST_CJEU_JUDG_AG_SK_RIC,3,position,Judicial assistant in a law firm in Slovakia,lawyer,2002,2004
ACT_EU_INST_CJEU_JUDG_AG_SK_RIC,4,position,Translation and interpretation duties at events organised by the municipality of Stupava,other,2003,
ACT_EU_INST_CJEU_JUDG_AG_SK_RIC,5,position,Lawyer at the Institute for the Approximation of Laws of the Government Office of Slovakia,civil servant; lawyer,2005,2006
ACT_EU_INST_CJEU_JUDG_AG_SK_RIC,6,position,"Worked at the office of the main agent for the representation of Slovakia before the Court of Justice of the European Union, integrated within the Ministry of Justice of the Slovak Republic",civil servant,2007,2008
ACT_EU_INST_CJEU_JUDG_AG_SK_RIC,7,position,Main agent for Slovakia before the Courts of the European Union,civil servant,2009,2022
ACT_EU_INST_CJEU_JUDG_AG_SK_RIC,8,membership,Member of the Permanent Committee for Civil and Commercial Law of the Legislative Council of the Government of Slovakia,,2007,2010
ACT_EU_INST_CJEU_JUDG_AG_SK_RIC,9,membership,Member of the Commission for the Recodification of the Civil Procedural Law in Slovakia,,2012,2015
ACT_EU_INST_CJEU_JUDG_AG_SK_RIC,10,position,Judge at the General Court,judge,2022,
ACT_EU_INST_CJEU_JUDG_AG_PL_WIS_BIA,1,degree,"Magister Juris, University of Warsaw",,1965,1969
ACT_EU_INST_CJEU_JUDG_AG_PL_WIS_BIA,2,position,Researcher at the Institute of Legal Sciences of the Polish Academy of Sciences,academic,1969,2004
ACT_EU_INST_CJEU_JUDG_AG_PL_WIS_BIA,3,position,"Assistant Researcher at the Max Planck Institute for Foreign and International Patent, Copyright and Competition Law, Munich",academic,1985,1986
ACT_EU_INST_CJEU_JUDG_AG_PL_WIS_BIA,4,distinction,Award from the Alexander von Humboldt Foundation,,1985,1986
ACT_EU_INST_CJEU_JUDG_AG_PL_WIS_BIA,5,position,Lawyer,lawyer,1992,2000
ACT_EU_INST_CJEU_JUDG_AG_PL_WIS_BIA,6,position,Judge at the Supreme Administrative Court,judge,2001,2004
ACT_EU_INST_CJEU_JUDG_AG_PL_WIS_BIA,7,position,Judge at the General Court,judge,2004,2016
ACT_EU_INST_CJEU_JUDG_AG_PT_POI_PES_MAD,1,degree,Degree in law from the University of Lisbon,,1990,
ACT_EU_INST_CJEU_JUDG_AG_PT_POI_PES_MAD,2,position,Assistant lecturer at the European University Institute,academic,1991,
ACT_EU_INST_CJEU_JUDG_AG_PT_POI_PES_MAD,3,degree,"Doctor of Laws from the European University Institute, Florence",,1996,
ACT_EU_INST_CJEU_JUDG_AG_PT_POI_PES_MAD,4,position,Visiting professor at various institutions,academic,,
ACT_EU_INST_CJEU_JUDG_AG_PT_POI_PES_MAD,5,position,"Professor at Universidade Nova, Lisbon",academic,1997,
ACT_EU_INST_CJEU_JUDG_AG_PT_POI_PES_MAD,6,distinction,Fulbright Visiting Research Fellow at Harvard University,,1998,
ACT_EU_INST_CJEU_JUDG_AG_PT_POI_PES_MAD,7,position,Co-director of the Academy of International Trade Law,academic,,
ACT_EU_INST_CJEU_JUDG_AG_PT_POI_PES_MAD,8,membership,Co-editor of Hart Series on European Law and Integration and European Law Journal,,,
ACT_EU_INST_CJEU_JUDG_AG_PT_POI_PES_MAD,9,membership,Member of the editorial board of several law journals,,,
ACT_EU_INST_CJEU_JUDG_AG_PT_POI_PES_MAD,10,position,Advocate General at the Court of Justice,judge,2003,2009
ACT_EU_INST_CJEU_JUDG_AG_DK_FRI_NIE,1,degree,Graduated in law at Københavns Universitet,,1988,
ACT_EU_INST_CJEU_JUDG_AG_DK_FRI_NIE,2,position,Civil servant at the Danish Ministry of Foreign Affairs,civil servant,1988,1991
ACT_EU_INST_CJEU_JUDG_AG_DK_FRI_NIE,3,position,"Embassy Secretary at the Permanent Mission of Denmark to the United Nations, New York",civil servant,1991,1994
ACT_EU_INST_CJEU_JUDG_AG_DK_FRI_NIE,4,position,Worked in the Legal Service of the Danish Ministry of Foreign Affairs,civil servant; lawyer,1994,1995
ACT_EU_INST_CJEU_JUDG_AG_DK_FRI_NIE,5,position,Adviser and then senior adviser at the Danish Prime Minister's Office,civil servant,1995,1998
ACT_EU_INST_CJEU_JUDG_AG_DK_FRI_NIE,6,position,Minister Counsellor at the Permanent Representation of Denmark to the European Union,civil servant,1998,2001
ACT_EU_INST_CJEU_JUDG_AG_DK_FRI_NIE,7,position,Special Adviser for legal issues at the Danish Prime Minister's Office,civil servant; lawyer,2001,2002
ACT_EU_INST_CJEU_JUDG_AG_DK_FRI_NIE,8,position,Head of Department and Legal Counsel at the Danish Prime Minister's Office,civil servant; lawyer,2002,2004
ACT_EU_INST_CJEU_JUDG_AG_DK_FRI_NIE,9,position,Assistant Secretary of State and Legal Counsel at the Danish Prime Minister's Office,civil servant; lawyer,2004,2007
ACT_EU_INST_CJEU_JUDG_AG_DK_FRI_NIE,10,position,Tutor in international and European law at Københavns Universitet,academic,1988,1991
ACT_EU_INST_CJEU_JUDG_AG_DK_FRI_NIE,11,position,External lecturer at Københavns Universitet,academic,,
ACT_EU_INST_CJEU_JUDG_AG_DK_FRI_NIE,12,position,Judge at the General Court,judge,2007,2023
ACT_EU_INST_CJEU_JUDG_AG_ES_CAL_SOT_IBA_MAR,1,degree,Graduated in law from the Complutense University of Madrid,,,1979
ACT_EU_INST_CJEU_JUDG_AG_ES_CAL_SOT_IBA_MAR,2,degree,"Master of Arts, Fletcher School of Law and Diplomacy, Tufts University",,,1985
ACT_EU_INST_CJEU_JUDG_AG_ES_CAL_SOT_IBA_MAR,3,position,Professor of Law at the CEU San Pablo University,academic,1985,1993
ACT_EU_INST_CJEU_JUDG_AG_ES_CAL_SOT_IBA_MAR,4,position,"Legal Adviser, Council of State",civil servant; lawyer,1983,1996
ACT_EU_INST_CJEU_JUDG_AG_ES_CAL_SOT_IBA_MAR,5,position,"Secretary-General of the Centre for Advanced Study in the Social Sciences, Juan March Foundation",other,1991,1996
ACT_EU_INST_CJEU_JUDG_AG_ES_CAL_SOT_IBA_MAR,6,position,"Deputy Secretary, Ministry of the Interior",civil servant,1996,2001
ACT_EU_INST_CJEU_JUDG_AG_ES_CAL_SOT_IBA_MAR,7,position,General counsel,lawyer,2001,2003
ACT_EU_INST_CJEU_JUDG_AG_ES_CAL_SOT_IBA_MAR,8,position,Lawyer,lawyer,2004,2005
ACT_EU_INST_CJEU_JUDG_AG_ES_CAL_SOT_IBA_MAR,9,position,Director of Master in International Relations and Professor of Law at the Instituto de Empresa,academic,2007,2013
ACT_EU_INST_CJEU_JUDG_AG_ES_CAL_SOT_IBA_MAR,10,position,"Senior Legal Adviser, Council of State",civil servant; lawyer,2005,2016
ACT_EU_INST_CJEU_JUDG_AG_ES_CAL_SOT_IBA_MAR,11,position,Judge at the General Court,judge,2016,2019
ACT_EU_INST_CJEU_JUDG_AG_AT_TIC_FIS,1,degree,Law degree,,1980,
ACT_EU_INST_CJEU_JUDG_AG_AT_TIC_FIS,2,degree,Studies in international law at the Catholic University of Leuven,,1981,
ACT_EU_INST_CJEU_JUDG_AG_AT_TIC_FIS,3,degree,Degree in language studies at Universität Wien,,1984,
ACT_EU_INST_CJEU_JUDG_AG_AT_TIC_FIS,4,position,Conference interpreter at the European Commission,other,1982,1988
ACT_EU_INST_CJEU_JUDG_AG_AT_TIC_FIS,5,position,"Counsellor in the Directorate General for European and Economic Affairs, Austrian Ministry of Foreign Affairs",civil servant,1988,1993
ACT_EU_INST_CJEU_JUDG_AG_AT_TIC_FIS,6,position,Seconded to the Austrian Embassy in Dublin,civil servant,1990,
ACT_EU_INST_CJEU_JUDG_AG_AT_TIC_FIS,7,position,"Deputy Director for EU Transport Policy, Austrian Ministry of Foreign Affairs, Vienna",civil servant,1991,1992
ACT_EU_INST_CJEU_JUDG_AG_AT_TIC_FIS,8,position,Seconded to the Austrian Embassy in London,civil servant,,
ACT_EU_INST_CJEU_JUDG_AG_AT_TIC_FIS,9,position,"Minister-Counsellor at the Austrian Permanent Representation to the European Union, Brussels",civil servant,1993,2000
ACT_EU_INST_CJEU_JUDG_AG_AT_TIC_FIS,10,position,"Director of General Affairs of the EU and EU Institutions, Austrian Ministry of Foreign Affairs",civil servant,2000,2003
ACT_EU_INST_CJEU_JUDG_AG_AT_TIC_FIS,11,position,"Deputy Director-General for European and Economic Affairs, Austrian Ministry of Foreign Affairs",civil servant,2003,2007
ACT_EU_INST_CJEU_JUDG_AG_AT_TIC_FIS,12,position,"Director-General for Legal and Consular Affairs, Austrian Ministry of Foreign Affairs",civil servant,2007,2009
ACT_EU_INST_CJEU_JUDG_AG_AT_TIC_FIS,13,position,National Coordinator on Combatting Human Trafficking,civil servant,2009,2017
ACT_EU_INST_CJEU_JUDG_AG_AT_TIC_FIS,14,position,Ambassador at the Permanent Mission of Austria to the United Nations Office and other international organisations at Geneva,civil servant,2017,
ACT_EU_INST_CJEU_JUDG_AG_AT_TIC_FIS,15,position,President of the United Nations Human Rights Council,other,2020,
ACT_EU_INST_CJEU_JUDG_AG_AT_TIC_FIS,16,position,Chairperson of the United Nations Economic Commission for Europe,other,2021,
ACT_EU_INST_CJEU_JUDG_AG_AT_TIC_FIS,17,position,Law teacher at the Diplomatische Akademie Wien,academic,2002,
ACT_EU_INST_CJEU_JUDG_AG_AT_TIC_FIS,18,position,Law teacher at the University of Vienna,academic,2006,2017
ACT_EU_INST_CJEU_JUDG_AG_AT_TIC_FIS,19,position,Judge at the General Court,judge,2022,
ACT_EU_INST_CJEU_JUDG_AG_AT_TIC_FIS,20,distinction,"Chevalier (Knight) of the Legion of Honour, France",,2005,
ACT_EU_INST_CJEU_JUDG_AG_AT_TIC_FIS,21,distinction,Grand Cross of the Order of Merit of the Principality of Liechtenstein,,2021,
ACT_EU_INST_CJEU_JUDG_AG_AT_TIC_FIS,22,distinction,Lithuanian Diplomacy Star,,2021,
ACT_EU_INST_CJEU_JUDG_AG_CZ_PET,1,degree,Master's degree in law from the University of West Bohemia,,,2002
ACT_EU_INST_CJEU_JUDG_AG_CZ_PET,2,degree,Master's degree in law from Paris 1 Panthéon-Sorbonne University,,,2003
ACT_EU_INST_CJEU_JUDG_AG_CZ_PET,3,degree,Doctorate in law from Charles University in Prague,,,2016
ACT_EU_INST_CJEU_JUDG_AG_CZ_PET,4,position,Legal adviser at the Ministry of Foreign Affairs of the Czech Republic,civil servant; lawyer,2004,
ACT_EU_INST_CJEU_JUDG_AG_CZ_PET,5,position,Legal secretary to Judge Jiří Malenovský at the Court of Justice,lawyer,,2015
ACT_EU_INST_CJEU_JUDG_AG_CZ_PET,6,position,Legal officer at the European GNSS Agency,civil servant; lawyer,2015,
ACT_EU_INST_CJEU_JUDG_AG_CZ_PET,7,position,Deputy head of section in the Legal and Procurement Department at the European GNSS Agency,civil servant,,
ACT_EU_INST_CJEU_JUDG_AG_CZ_PET,8,position,Head of section in the Legal and Procurement Department at the European GNSS Agency,civil servant,2018,2021
ACT_EU_INST_CJEU_JUDG_AG_CZ_PET,9,position,Lecturer in EU law and intellectual property law at Charles University,academic,2011,
ACT_EU_INST_CJEU_JUDG_AG_CZ_PET,10,position,Judge at the General Court,judge,2021,
ACT_EU_INST_CJEU_JUDG_AG_NL_TIM,1,position,Legal Secretary at the Court of Justice of the European Communities,civil servant; lawyer,1966,1969
ACT_EU_INST_CJEU_JUDG_AG_NL_TIM,2,position,Official of the European Commission,civil servant,1969,1977
ACT_EU_INST_CJEU_JUDG_AG_NL_TIM,3,degree,Doctor of Laws from the University of Leiden,,,
ACT_EU_INST_CJEU_JUDG_AG_NL_TIM,4,position,Professor of European Law at the University of Groningen,academic,1977,1989
ACT_EU_INST_CJEU_JUDG_AG_NL_TIM,5,position,Deputy Justice at Arnhem Court of Appeal,judge,,
ACT_EU_INST_CJEU_JUDG_AG_NL_TIM,6,position,Deputy Director-General at the Legal Service of the European Commission,civil servant; lawyer,1989,2000
ACT_EU_INST_CJEU_JUDG_AG_NL_TIM,7,position,Professor of European Law at the University of Amsterdam,academic,,
ACT_EU_INST_CJEU_JUDG_AG_NL_TIM,8,position,Judge at the Court of Justice,judge,2000,2010
ACT_EU_INST_CJEU_JUDG_AG_SE_BAH,1,position,Worked with the Parliamentary Ombudsman,civil servant,,
ACT_EU_INST_CJEU_JUDG_AG_SE_BAH,2,position,Worked in the Swedish Cabinet Office and ministries,civil servant,,
ACT_EU_INST_CJEU_JUDG_AG_SE_BAH,3,position,Assistant under-secretary in the Ministry of Finance,civil servant,,
ACT_EU_INST_CJEU_JUDG_AG_SE_BAH,4,position,"Judge in the Kammarrätten (Administrative Court of Appeal), Gothenburg",judge,1981,
ACT_EU_INST_CJEU_JUDG_AG_SE_BAH,5,position,Justice of the Regeringsrätten (Supreme Administrative Court),judge,1985,
ACT_EU_INST_CJEU_JUDG_AG_SE_BAH,6,position,Chairman of the Committee on Inflation-Adjusted Taxation of Income,other,,
ACT_EU_INST_CJEU_JUDG_AG_SE_BAH,7,position,Chairman of the Accounting Committee,other,,
ACT_EU_INST_CJEU_JUDG_AG_SE_BAH,8,position,Special Rapporteur for the Committee on Rules for Taxation of Private Company Owners,other,,
ACT_EU_INST_CJEU_JUDG_AG_SE_BAH,9,position,Chairman of the Accounting Standards Board,other,,
ACT_EU_INST_CJEU_JUDG_AG_SE_BAH,10,membership,Member of the Board of the National Courts Administration,,,
ACT_EU_INST_CJEU_JUDG_AG_SE_BAH,11,membership,Member of the Board of the Financial Supervisory Authority,,,
ACT_EU_INST_CJEU_JUDG_AG_SE_BAH,12,position,Judge at the Court of Justice,judge,2000,2006
ACT_EU_INST_CJEU_JUDG_AG_UK_EDW,1,position,Advocate in Scotland,lawyer,,
ACT_EU_INST_CJEU_JUDG_AG_UK_EDW,2,position,King's Counsel in Scotland,lawyer,,
ACT_EU_INST_CJEU_JUDG_AG_UK_EDW,3,position,Clerk of the Faculty of Advocates,lawyer,,
ACT_EU_INST_CJEU_JUDG_AG_UK_EDW,4,position,Treasurer of the Faculty of Advocates,lawyer,,
ACT_EU_INST_CJEU_JUDG_AG_UK_EDW,5,position,President of the Consultative Committee of the Bars and Law Societies of the European Community,other,,
ACT_EU_INST_CJEU_JUDG_AG_UK_EDW,6,position,Salvesen Professor of European Institutions at University of Edinburgh,academic,,
ACT_EU_INST_CJEU_JUDG_AG_UK_EDW,7,position,Director of the Europa Institute at University of Edinburgh,academic,,
ACT_EU_INST_CJEU_JUDG_AG_UK_EDW,8,position,Special Adviser to the House of Lords Select Committee on the European Communities,civil servant,,
ACT_EU_INST_CJEU_JUDG_AG_UK_EDW,9,distinction,"Honorary Bencher at Gray's Inn, London",,,
ACT_EU_INST_CJEU_JUDG_AG_UK_EDW,10,position,Judge at the Court of First Instance,judge,1989,1992
ACT_EU_INST_CJEU_JUDG_AG_UK_EDW,11,position,Judge at the Court of Justice,judge,1992,2004
ACT_EU_INST_CJEU_JUDG_AG_UK_SCH,1,degree,Law degrees from Cambridge University,,,
ACT_EU_INST_CJEU_JUDG_AG_UK_SCH,2,position,Barrister,lawyer,1964,1980
ACT_EU_INST_CJEU_JUDG_AG_UK_SCH,3,position,Queen's Counsel,lawyer,1980,1986
ACT_EU_INST_CJEU_JUDG_AG_UK_SCH,4,position,Justice of the High Court of England and Wales,judge,1986,1995
ACT_EU_INST_CJEU_JUDG_AG_UK_SCH,5,position,Lord Justice of Appeal,judge,1995,2003
ACT_EU_INST_CJEU_JUDG_AG_UK_SCH,6,membership,Bencher of the Honourable Society of the Inner Temple,,1985,
ACT_EU_INST_CJEU_JUDG_AG_UK_SCH,7,distinction,Treasurer of the Honourable Society of the Inner Temple,,2003,
ACT_EU_INST_CJEU_JUDG_AG_UK_SCH,8,position,Judge at the Court of Justice,judge,2004,2012
ACT_EU_INST_CJEU_JUDG_AG_EL_KAL,1,position,Lawyer in Athens,lawyer,,
ACT_EU_INST_CJEU_JUDG_AG_EL_KAL,2,position,Legal secretary to Judges Chloros and Kakouris at the Court of Justice,civil servant,,
ACT_EU_INST_CJEU_JUDG_AG_EL_KAL,3,position,Professor of public and Community law in Athens,academic,,
ACT_EU_INST_CJEU_JUDG_AG_EL_KAL,4,position,Legal adviser,lawyer,,
ACT_EU_INST_CJEU_JUDG_AG_EL_KAL,5,position,Senior attaché at the Court of Auditors,civil servant,,
ACT_EU_INST_CJEU_JUDG_AG_EL_KAL,6,position,Judge at the Court of First Instance,judge,1992,1998
ACT_EU_INST_CJEU_JUDG_AG_HU_CSE,1,degree,Law degree from Eötvös Loránd University,,,1990
ACT_EU_INST_CJEU_JUDG_AG_HU_CSE,2,degree,Master of Laws degree from Ruprecht Karl University of Heidelberg,,,1991
ACT_EU_INST_CJEU_JUDG_AG_HU_CSE,3,degree,Doctoral studies in law at Eötvös Loránd University,,,2004
ACT_EU_INST_CJEU_JUDG_AG_HU_CSE,4,degree,Graduated in history of art from Eötvös Loránd University,,,1992
ACT_EU_INST_CJEU_JUDG_AG_HU_CSE,5,membership,Admitted to the Budapest Bar,,1995,2016
ACT_EU_INST_CJEU_JUDG_AG_HU_CSE,6,position,Lawyer in Hungary,lawyer,1995,2016
ACT_EU_INST_CJEU_JUDG_AG_HU_CSE,7,position,Arbitrator at the Permanent Arbitration Court attached to the Hungarian Stock Exchange,other,2004,2016
ACT_EU_INST_CJEU_JUDG_AG_HU_CSE,8,position,Associate professor teaching law at Eötvös Loránd University,academic,1991,2005
ACT_EU_INST_CJEU_JUDG_AG_HU_CSE,9,position,Full professor at Eötvös Loránd University,academic,2005,2016
ACT_EU_INST_CJEU_JUDG_AG_HU_CSE,10,position,Head of the Department of Commercial Law at Pázmány Péter Catholic University,academic,2007,2013
ACT_EU_INST_CJEU_JUDG_AG_HU_CSE,11,position,Professor at Pázmány Péter Catholic University,academic,2013,
ACT_EU_INST_CJEU_JUDG_AG_HU_CSE,12,position,Head of the Department of Private and Commercial Law at Pázmány Péter Catholic University,academic,2013,2016
ACT_EU_INST_CJEU_JUDG_AG_HU_CSE,13,position,Research Professor of Private and Commercial Law at Pázmány Péter Catholic University,academic,2017,
ACT_EU_INST_CJEU_JUDG_AG_HU_CSE,14,position,Head of the Department of Civil Law at Pázmány Péter Catholic University,academic,2018,
ACT_EU_INST_CJEU_JUDG_AG_HU_CSE,15,position,Visiting professor at the Université catholique de Lyon,academic,2013,
ACT_EU_INST_CJEU_JUDG_AG_HU_CSE,16,position,Judge at the General Court,judge,2016,2021
ACT_EU_INST_CJEU_JUDG_AG_HU_CSE,17,position,Member of the Court of Justice,judge,2021,
ACT_EU_INST_CJEU_JUDG_AG_HU_CSE,18,distinction,Editor of the Magyar Kereskedelmi Jogi Évkönyv,,,
ACT_EU_INST_CJEU_JUDG_AG_HU_CSE,19,distinction,Joint Editor of the periodical Polgári Jog,,,
ACT_EU_INST_CJEU_JUDG_AG_HU_CSE,20,membership,Member of the Board of Directors of the Alapítvány Az Új Polgári Törvénykönyvért,,,
ACT_EU_INST_CJEU_JUDG_AG_HU_CSE,21,membership,Member of the Gesellschaft für Rechtsvergleichung e. V.,,,
ACT_EU_INST_CJEU_JUDG_AG_HU_CSE,22,membership,Member of the Magyar Tudományos Akadémia Köztestülete,,,
ACT_EU_INST_CJEU_JUDG_AG_HU_CSE,23,membership,Member of the Magyar-Német Jogász Egyesület,,,
ACT_EU_INST_CJEU_JUDG_AG_SK_MAZ,1,degree,"Doctor of Laws, Pavol Jozef Šafárik University, Košice",,1978,
ACT_EU_INST_CJEU_JUDG_AG_SK_MAZ,2,position,Professor of Civil Law,academic,1994,
ACT_EU_INST_CJEU_JUDG_AG_SK_MAZ,3,position,Professor of Community Law,academic,2004,
ACT_EU_INST_CJEU_JUDG_AG_SK_MAZ,4,position,"Head of the Community Law Institute at the Faculty of Law, Košice",academic,2004,
ACT_EU_INST_CJEU_JUDG_AG_SK_MAZ,5,position,"Judge at the Krajský súd (Regional Court), Košice",judge,1980,
ACT_EU_INST_CJEU_JUDG_AG_SK_MAZ,6,position,"Vice-President of the Mestský súd (City Court), Košice",judge,1982,
ACT_EU_INST_CJEU_JUDG_AG_SK_MAZ,7,position,"President of the Mestský súd (City Court), Košice",judge,1990,
ACT_EU_INST_CJEU_JUDG_AG_SK_MAZ,8,membership,Member of the Slovak Bar,,1991,
ACT_EU_INST_CJEU_JUDG_AG_SK_MAZ,9,position,Legal Adviser at the Constitutional Court,civil servant; lawyer,1993,1998
ACT_EU_INST_CJEU_JUDG_AG_SK_MAZ,10,position,Deputy Minister for Justice,politician,1998,2000
ACT_EU_INST_CJEU_JUDG_AG_SK_MAZ,11,position,President of the Constitutional Court,judge,2000,2006
ACT_EU_INST_CJEU_JUDG_AG_SK_MAZ,12,membership,Member of the Venice Commission,,2004,
ACT_EU_INST_CJEU_JUDG_AG_SK_MAZ,13,position,Advocate General at the Court of Justice,judge,2006,2012
ACT_EU_INST_CJEU_JUDG_AG_DE_RIE,1,degree,Doctor of Laws,,1921,
ACT_EU_INST_CJEU_JUDG_AG_DE_RIE,2,position,"Assistant Judge at the Landgericht (Regional Court), Frankfurt am Main",judge,1923,
ACT_EU_INST_CJEU_JUDG_AG_DE_RIE,3,position,official at the Ministry for Justice,civil servant,1925,1928
ACT_EU_INST_CJEU_JUDG_AG_DE_RIE,4,position,Lecturer at the University of Lausanne,academic,1932,
ACT_EU_INST_CJEU_JUDG_AG_DE_RIE,5,position,Professor Extraordinary at the University of Lausanne,academic,1935,
ACT_EU_INST_CJEU_JUDG_AG_DE_RIE,6,position,Professor at the University of Lausanne,academic,1949,
ACT_EU_INST_CJEU_JUDG_AG_DE_RIE,7,position,Dean of the Faculty of Law at the University of Lausanne,academic,1950,
ACT_EU_INST_CJEU_JUDG_AG_DE_RIE,8,distinction,Honorary Professor at the University of Lausanne,,1951,
ACT_EU_INST_CJEU_JUDG_AG_DE_RIE,9,position,"President of Chamber at the Bundesgerichtshof (Federal Court of Justice), Karlsruhe",judge,,
ACT_EU_INST_CJEU_JUDG_AG_DE_RIE,10,membership,Member of CITEJA (International Technical Committee of Legal Aeronautical Experts),,1926,
ACT_EU_INST_CJEU_JUDG_AG_DE_RIE,11,position,Judge at the Court of Justice of the ECSC,judge,1952,1958
ACT_EU_INST_CJEU_JUDG_AG_DE_RIE,12,position,Judge at the Court of Justice of the European Communities,judge,1958,1963
ACT_EU_INST_CJEU_JUDG_AG_AT_AZI,1,degree,Doctor of Laws of the University of Vienna,,,
ACT_EU_INST_CJEU_JUDG_AG_AT_AZI,2,degree,Master of Sociology and Economics of the University of Vienna,,,
ACT_EU_INST_CJEU_JUDG_AG_AT_AZI,3,position,"Lecturer at the Vienna School of Economics, the Faculty of Law of the University of Vienna and various other universities",academic,,
ACT_EU_INST_CJEU_JUDG_AG_AT_AZI,4,position,"Senior Lecturer at the Vienna School of Economics, the Faculty of Law of the University of Vienna and various other universities",academic,,
ACT_EU_INST_CJEU_JUDG_AG_AT_AZI,5,distinction,Honorary Professor at the Faculty of Law of the University of Vienna,,,
ACT_EU_INST_CJEU_JUDG_AG_AT_AZI,6,position,Ministerialrat and Head of Department at the Federal Chancellery,civil servant,,
ACT_EU_INST_CJEU_JUDG_AG_AT_AZI,7,membership,Member of the Steering Committee on Legal Cooperation of the Council of Europe (CDCJ),,,
ACT_EU_INST_CJEU_JUDG_AG_AT_AZI,8,position,Representative ad litem before the Verfassungsgerichtshof (Constitutional Court) in proceedings for review of the constitutionality of federal laws,lawyer,,
ACT_EU_INST_CJEU_JUDG_AG_AT_AZI,9,position,Coordinator responsible for the adaptation of Austrian federal law to Community law,other,,
ACT_EU_INST_CJEU_JUDG_AG_AT_AZI,10,position,Judge at the General Court,judge,1995,2013
ACT_EU_INST_CJEU_JUDG_AG_SI_ILE,1,degree,Law degree at the Faculty of Law of the Univerza v Ljubljani,,1970,
ACT_EU_INST_CJEU_JUDG_AG_SI_ILE,2,degree,Doctorate at the Univerza v Ljubljani,,,1984
ACT_EU_INST_CJEU_JUDG_AG_SI_ILE,3,degree,Specialist programme in comparative law at Université de Strasbourg,,,1978
ACT_EU_INST_CJEU_JUDG_AG_SI_ILE,4,degree,Specialist programme in comparative law at Universidade de Coimbra,,,1980
ACT_EU_INST_CJEU_JUDG_AG_SI_ILE,5,position,Lecturer at the Univerza v Ljubljani,academic,1970,
ACT_EU_INST_CJEU_JUDG_AG_SI_ILE,6,position,"Professor teaching civil law, commercial law and private international law at the Univerza v Ljubljani",academic,1984,2004
ACT_EU_INST_CJEU_JUDG_AG_SI_ILE,7,position,Vice-Dean at the Faculty of Law of the Univerza v Ljubljani,academic,1995,2001
ACT_EU_INST_CJEU_JUDG_AG_SI_ILE,8,position,Dean at the Faculty of Law of the Univerza v Ljubljani,academic,2001,2004
ACT_EU_INST_CJEU_JUDG_AG_SI_ILE,9,position,Judge at the Sodišče združenega dela v Ljubljani,judge,1975,1986
ACT_EU_INST_CJEU_JUDG_AG_SI_ILE,10,position,President of Chamber at the Sodišče združenega dela v Ljubljani,judge,1975,1986
ACT_EU_INST_CJEU_JUDG_AG_SI_ILE,11,membership,President of the Union of Slovene Lawyers' Associations,,1993,2005
ACT_EU_INST_CJEU_JUDG_AG_SI_ILE,12,position,President of the Sodišče združenega dela za telesno kulturo,judge,1978,1986
ACT_EU_INST_CJEU_JUDG_AG_SI_ILE,13,position,Judge on the Boards of Appeal of the UEFA and FIFA,judge,,
ACT_EU_INST_CJEU_JUDG_AG_SI_ILE,14,position,President of the Nogometna zveza Slovenije,other,1985,1989
ACT_EU_INST_CJEU_JUDG_AG_SI_ILE,15,position,President of the Football Association of Yugoslavia,other,1990,1991
ACT_EU_INST_CJEU_JUDG_AG_SI_ILE,16,position,Member of the Executive Board of the Olympic Committee of Slovenia,other,1991,
ACT_EU_INST_CJEU_JUDG_AG_SI_ILE,17,position,Vice-President of the Olympic Committee of Slovenia,other,1991,2005
ACT_EU_INST_CJEU_JUDG_AG_SI_ILE,18,position,President of the Arbitration Chamber of the Ljubljana Stock Exchange,other,,
ACT_EU_INST_CJEU_JUDG_AG_SI_ILE,19,position,Arbitrator at the Chamber of Commerce of Yugoslavia,other,,
ACT_EU_INST_CJEU_JUDG_AG_SI_ILE,20,position,Arbitrator at the Chamber of Commerce of Slovenia,other,,
ACT_EU_INST_CJEU_JUDG_AG_SI_ILE,21,position,Arbitrator at the International Chamber of Commerce in Paris,other,,
ACT_EU_INST_CJEU_JUDG_AG_SI_ILE,22,position,Judge at the Court of Justice,judge,2004,2024
ACT_EU_INST_CJEU_JUDG_AG_FI_PYN,1,degree,Master's degree in law from the University of Turku,,1981,
ACT_EU_INST_CJEU_JUDG_AG_FI_PYN,2,degree,Master's degree in law from the University of Trier,,1993,
ACT_EU_INST_CJEU_JUDG_AG_FI_PYN,3,degree,Master of European Legal Studies,,1994,
ACT_EU_INST_CJEU_JUDG_AG_FI_PYN,4,position,Lecturer at the University of Turku,academic,1981,1982
ACT_EU_INST_CJEU_JUDG_AG_FI_PYN,5,position,"Acting judge at the District Court, Pori",judge,1982,1983
ACT_EU_INST_CJEU_JUDG_AG_FI_PYN,6,position,"Section head at the Population Office, Finland",civil servant,,
ACT_EU_INST_CJEU_JUDG_AG_FI_PYN,7,position,"Legal secretary and acting judge at the District Court, Ulvila",judge,1984,
ACT_EU_INST_CJEU_JUDG_AG_FI_PYN,8,position,"Acting judge and judge at the District Court, Tampere and Pirkanmaa",judge,1985,1995
ACT_EU_INST_CJEU_JUDG_AG_FI_PYN,9,position,Head of Unit for EU Litigation and legal adviser at the Finnish Ministry of Foreign Affairs,civil servant; lawyer,1996,2005
ACT_EU_INST_CJEU_JUDG_AG_FI_PYN,10,position,Head of the Finnish Delegation on the Council of the European Communities' Working Party on the 'Court of Justice',other,,
ACT_EU_INST_CJEU_JUDG_AG_FI_PYN,11,position,Member of the 'Friends of the Presidency' Group for the reform of the Community judicial system in the Treaty of Nice,other,,
ACT_EU_INST_CJEU_JUDG_AG_FI_PYN,12,position,"Acting judge and judge at the Supreme Administrative Court, Finland",judge,2005,
ACT_EU_INST_CJEU_JUDG_AG_FI_PYN,13,position,"Judge at the Supreme Court, Finland",judge,2012,2019
ACT_EU_INST_CJEU_JUDG_AG_FI_PYN,14,position,Member of the Nasdaq OMX Helsinki Stock Exchange Disciplinary Committee,other,2015,2019
ACT_EU_INST_CJEU_JUDG_AG_FI_PYN,15,position,Member and chair of the Finnish Bar Association Examination Committee,other,2011,2019
ACT_EU_INST_CJEU_JUDG_AG_FI_PYN,16,position,Judge at the General Court,judge,2019,
ACT_EU_INST_CJEU_JUDG_AG_FI_PYN,17,membership,"Member of the Advisory Board of the Faculty of Law, University of Turku",,,
ACT_EU_INST_CJEU_JUDG_AG_FI_PYN,18,membership,Member of the Advisory Board of the 2026 Congress of the International Federation of European Law in Helsinki,,,
ACT_EU_INST_CJEU_JUDG_AG_FI_PYN,19,distinction,Medal of merit for 30 years of state service,,2015,
ACT_EU_INST_CJEU_JUDG_AG_FI_PYN,20,distinction,Commander of the Order of the White Rose of Finland,,2019,
ACT_EU_INST_CJEU_JUDG_AG_LU_MIS,1,degree,"Studied law and political science at universities of Montpellier, Paris and Cambridge",,,
ACT_EU_INST_CJEU_JUDG_AG_LU_MIS,2,membership,Member of the Legal Service of the Commission,,,
ACT_EU_INST_CJEU_JUDG_AG_LU_MIS,3,position,Principal administrator in the private offices of two Members of the Commission,civil servant,,
ACT_EU_INST_CJEU_JUDG_AG_LU_MIS,4,position,Held various positions of responsibility in the Ministry of Foreign Affairs of the Grand Duchy,civil servant,,
ACT_EU_INST_CJEU_JUDG_AG_LU_MIS,5,position,Deputy Permanent Representative of the Grand Duchy of Luxembourg to the European Communities,civil servant,,
ACT_EU_INST_CJEU_JUDG_AG_LU_MIS,6,position,Advocate General at the Court of Justice from 13 January 1986 to 6 October 1991,judge,1986,1991
ACT_EU_INST_CJEU_JUDG_AG_LU_MIS,7,position,Advocate General at the Court of Justice from 19 December 1997 to 6 October 2003,judge,1997,2003
ACT_EU_INST_CJEU_JUDG_AG_HR_TOM,1,degree,Graduated in law from the University of Rijeka,,1984,
ACT_EU_INST_CJEU_JUDG_AG_HR_TOM,2,degree,Awarded an LLM in law from the University of Zagreb,,1996,
ACT_EU_INST_CJEU_JUDG_AG_HR_TOM,3,degree,Doctorate in law from the University of Zagreb,,1996,
ACT_EU_INST_CJEU_JUDG_AG_HR_TOM,4,membership,Admitted to the Croatian Bar,,1982,
ACT_EU_INST_CJEU_JUDG_AG_HR_TOM,5,position,Coordinated the specialised higher studies programme 'Law of European Integration' at the University of Rijeka,academic,2005,2013
ACT_EU_INST_CJEU_JUDG_AG_HR_TOM,6,position,Chair of International Law and Private European Law at the University of Rijeka,academic,2005,2013
ACT_EU_INST_CJEU_JUDG_AG_HR_TOM,7,position,Visiting professor at Tulane University Law School,academic,2003,
ACT_EU_INST_CJEU_JUDG_AG_HR_TOM,8,position,"Registered arbitrator with the Permanent Arbitration Court of the Chamber of Commerce, Croatia",other,,
ACT_EU_INST_CJEU_JUDG_AG_HR_TOM,9,position,Headed the working group of the negotiation team for the Republic of Croatia in charge of Chapter 28 of the acquis communautaire,civil servant,2005,2013
ACT_EU_INST_CJEU_JUDG_AG_HR_TOM,10,membership,President of the Croatian Comparative Law Association,,2006,
ACT_EU_INST_CJEU_JUDG_AG_HR_TOM,11,position,Judge at the General Court,judge,2013,2025
ACT_EU_INST_CJEU_JUDG_AG_UK_SHA,1,degree,"Studied economics, languages and law at King's College, Cambridge",,1973,1977
ACT_EU_INST_CJEU_JUDG_AG_UK_SHA,2,position,"University teaching and research at Corpus Christi College, Oxford",academic,1977,1980
ACT_EU_INST_CJEU_JUDG_AG_UK_SHA,3,position,Called to the Bar (Middle Temple),lawyer,1980,
ACT_EU_INST_CJEU_JUDG_AG_UK_SHA,4,position,Barrister,lawyer,1980,1987
ACT_EU_INST_CJEU_JUDG_AG_UK_SHA,5,position,Barrister,lawyer,1990,2005
ACT_EU_INST_CJEU_JUDG_AG_UK_SHA,6,position,Legal Secretary in the Chambers of Advocate General Sir Gordon Slynn,civil servant; lawyer,1987,1990
ACT_EU_INST_CJEU_JUDG_AG_UK_SHA,7,position,Lecturer in EC and comparative law at University College London,academic,1990,1992
ACT_EU_INST_CJEU_JUDG_AG_UK_SHA,8,position,Lecturer in the Faculty of Law at the University of Cambridge,academic,1992,1998
ACT_EU_INST_CJEU_JUDG_AG_UK_SHA,9,position,Affiliated Lecturer at the University of Cambridge,academic,1998,2005
ACT_EU_INST_CJEU_JUDG_AG_UK_SHA,10,position,"Fellow of King's College, Cambridge",academic,1992,2010
ACT_EU_INST_CJEU_JUDG_AG_UK_SHA,11,position,"Emeritus Fellow at King's College, Cambridge",academic,2011,
ACT_EU_INST_CJEU_JUDG_AG_UK_SHA,12,position,Senior Research Fellow at the Centre for European Legal Studies of the University of Cambridge,academic,1998,2005
ACT_EU_INST_CJEU_JUDG_AG_UK_SHA,13,distinction,King's Counsel,,,
ACT_EU_INST_CJEU_JUDG_AG_UK_SHA,14,membership,Bencher of Middle Temple,,2005,
ACT_EU_INST_CJEU_JUDG_AG_UK_SHA,15,distinction,"Honorary Fellow of Corpus Christi College, Oxford",,2010,
ACT_EU_INST_CJEU_JUDG_AG_UK_SHA,16,distinction,Honorary Doctorate of Laws (LL. D.) from Glasgow,,2010,
ACT_EU_INST_CJEU_JUDG_AG_UK_SHA,17,distinction,Honorary Doctorate of Laws (LL. D.) from Nottingham Trent,,2011,
ACT_EU_INST_CJEU_JUDG_AG_UK_SHA,18,distinction,Honorary Doctorate of Laws (LL. D.) from Stockholm,,2014,
ACT_EU_INST_CJEU_JUDG_AG_UK_SHA,19,position,Advocate General at the Court of Justice,judge,2006,2020
ACT_EU_INST_CJEU_JUDG_AG_IT_POR,1,degree,Degree in law from the Università degli Studi di Torino,,1991,
ACT_EU_INST_CJEU_JUDG_AG_IT_POR,2,degree,Research doctorate in law from the Università Commerciale Luigi Bocconi,,1996,
ACT_EU_INST_CJEU_JUDG_AG_IT_POR,3,position,Lawyer admitted to the Turin Bar,lawyer,1994,
ACT_EU_INST_CJEU_JUDG_AG_IT_POR,4,position,Assistant Professor at the Università degli Studi di Torino,academic,1997,2002
ACT_EU_INST_CJEU_JUDG_AG_IT_POR,5,position,Associate Professor of International Law at the Università degli Studi di Torino,academic,2002,2007
ACT_EU_INST_CJEU_JUDG_AG_IT_POR,6,position,Professor of EU Law at the Università degli Studi di Torino,academic,2007,
ACT_EU_INST_CJEU_JUDG_AG_IT_POR,7,membership,Member of the Research Department of the Corte costituzionale,,2010,2014
ACT_EU_INST_CJEU_JUDG_AG_IT_POR,8,position,Legal adviser to the Permanent Representation of Italy to the European Union,civil servant; lawyer,2014,2019
ACT_EU_INST_CJEU_JUDG_AG_IT_POR,9,position,Judge at the General Court,judge,2019,2025
ACT_EU_INST_CJEU_JUDG_AG_FR_GAN,1,degree,Degree in law,,,
ACT_EU_INST_CJEU_JUDG_AG_FR_GAN,2,degree,Completed postgraduate studies in public law and political economy,,,
ACT_EU_INST_CJEU_JUDG_AG_FR_GAN,3,degree,Completed studies at the École libre des sciences politiques,,,
ACT_EU_INST_CJEU_JUDG_AG_FR_GAN,4,position,Legal Assistant at the Council of State,civil servant; lawyer,1963,
ACT_EU_INST_CJEU_JUDG_AG_FR_GAN,5,position,Commissaire au gouvernement in the Judicial Division of the Council of State,civil servant; lawyer,1947,1950
ACT_EU_INST_CJEU_JUDG_AG_FR_GAN,6,position,Commissaire au gouvernement in the Judicial Division of the Council of State,civil servant; lawyer,1957,1960
ACT_EU_INST_CJEU_JUDG_AG_FR_GAN,7,position,Commissaire au gouvernement in the Judicial Division of the Council of State,civil servant; lawyer,1962,1964
ACT_EU_INST_CJEU_JUDG_AG_FR_GAN,8,position,Director-General of Administration and the Civil Service,civil servant,1959,1961
ACT_EU_INST_CJEU_JUDG_AG_FR_GAN,9,position,Senior lecturer at the École nationale d'administration,academic,1947,1958
ACT_EU_INST_CJEU_JUDG_AG_FR_GAN,10,position,"Professor at the Institut d'études politiques, Paris",academic,1958,1962
ACT_EU_INST_CJEU_JUDG_AG_FR_GAN,11,position,Advocate General at the Court of Justice,judge,1964,1970
ACT_EU_INST_CJEU_JUDG_AG_EL_ILI,1,degree,Degree in law from the Panepistimio Athinon,,1971,
ACT_EU_INST_CJEU_JUDG_AG_EL_ILI,2,degree,Degree in economics from the Oikonomiko Panepistimio Athinon,,1974,
ACT_EU_INST_CJEU_JUDG_AG_EL_ILI,3,degree,Doctorate in law from the Universität Hamburg,,1984,
ACT_EU_INST_CJEU_JUDG_AG_EL_ILI,4,membership,Member of the Athens Bar,,1973,
ACT_EU_INST_CJEU_JUDG_AG_EL_ILI,5,position,Practised as a lawyer,lawyer,,2016
ACT_EU_INST_CJEU_JUDG_AG_EL_ILI,6,membership,Member of the Elliniki Epitropi Antagonismou,,1992,2006
ACT_EU_INST_CJEU_JUDG_AG_EL_ILI,7,position,Legal adviser to the Government of Cyprus on company law and intellectual property law,civil servant; lawyer,2002,2003
ACT_EU_INST_CJEU_JUDG_AG_EL_ILI,8,position,Legal adviser to the Greek Minister for Economic Development and Energy,civil servant; lawyer,2007,2009
ACT_EU_INST_CJEU_JUDG_AG_EL_ILI,9,position,"Assistant lecturer at the Faculty of Law, Universität Hamburg",academic,1980,1984
ACT_EU_INST_CJEU_JUDG_AG_EL_ILI,10,position,"Lecturer in European Law at the Faculty of Law, Universität Hamburg",academic,1992,2006
ACT_EU_INST_CJEU_JUDG_AG_EL_ILI,11,position,"Visiting professor at the Faculty of Law, Universität Hamburg",academic,2015,
ACT_EU_INST_CJEU_JUDG_AG_EL_ILI,12,position,"Professor of International and European Economic Law at the Faculty of Law, Democritus University of Thrace",academic,2007,2015
ACT_EU_INST_CJEU_JUDG_AG_EL_ILI,13,position,Professor in the Master in International and European Energy Law programme,academic,2015,2016
ACT_EU_INST_CJEU_JUDG_AG_EL_ILI,14,position,Professor Emeritus teaching courses in European Energy Law,academic,2016,
ACT_EU_INST_CJEU_JUDG_AG_EL_ILI,15,membership,"Treasurer, Secretary-General, Board member of the Hellenic Association for European Law",,1987,
ACT_EU_INST_CJEU_JUDG_AG_EL_ILI,16,membership,"Founding member, Secretary-General, President of the Hellenic Association of Energy Law",,2012,
ACT_EU_INST_CJEU_JUDG_AG_EL_ILI,17,membership,Vice-President of the Greek-German Lawyers Association (Hamburg),,1987,
ACT_EU_INST_CJEU_JUDG_AG_EL_ILI,18,membership,Secretary-General of the Greek-German Lawyers Association (Athens),,1990,
ACT_EU_INST_CJEU_JUDG_AG_EL_ILI,19,membership,Member of the Board of the Centre of International and European Economic Law,,2005,2011
ACT_EU_INST_CJEU_JUDG_AG_EL_ILI,20,position,Judge at the General Court,judge,2016,2022
ACT_EU_INST_CJEU_JUDG_AG_EL_VIL,1,position,Lawyer,lawyer,1974,1980
ACT_EU_INST_CJEU_JUDG_AG_EL_VIL,2,degree,Law degree from the University of Athens,,1973,
ACT_EU_INST_CJEU_JUDG_AG_EL_VIL,3,degree,"Diploma of advanced studies (DEA) in labour law from the University of Paris II, Panthéon-Sorbonne",,1977,
ACT_EU_INST_CJEU_JUDG_AG_EL_VIL,4,position,National expert with the Legal Service of the Commission of the European Communities,civil servant,1988,1990
ACT_EU_INST_CJEU_JUDG_AG_EL_VIL,5,position,"Principal Administrator in Directorate General V (Employment, Industrial Relations, Social Affairs)",civil servant,1990,1994
ACT_EU_INST_CJEU_JUDG_AG_EL_VIL,6,position,"Junior Officer, Junior Member and Member of the Greek Council of State",civil servant,1999,
ACT_EU_INST_CJEU_JUDG_AG_EL_VIL,7,membership,Associate Member of the Superior Special Court of Greece,,,
ACT_EU_INST_CJEU_JUDG_AG_EL_VIL,8,membership,Member of the Central Legislative Drafting Committee of Greece,,1996,1998
ACT_EU_INST_CJEU_JUDG_AG_EL_VIL,9,position,Director of the Legal Service in the General Secretariat of the Greek Government,civil servant; lawyer,1996,1998
ACT_EU_INST_CJEU_JUDG_AG_EL_VIL,10,position,Judge at the General Court of the European Union,judge,1998,2010
ACT_EU_INST_CJEU_JUDG_AG_EL_VIL,11,membership,Member of the Supreme Council for Administrative Justice,,2011,2012
ACT_EU_INST_CJEU_JUDG_AG_EL_VIL,12,membership,Member of the Special Court for Disputes relating to the Remuneration of Judges and the Special Court for Actions against Judges,,2013,2014
ACT_EU_INST_CJEU_JUDG_AG_EL_VIL,13,membership,Member of the Advisory Panel of Experts on Candidates for Election as Judge to the European Court of Human Rights,,2014,2015
ACT_EU_INST_CJEU_JUDG_AG_EL_VIL,14,membership,Member of the Committee responsible for giving an Opinion on Candidates' Suitability to perform the Duties of Judge at the European Union Civil Service Tribunal,,2012,2015
ACT_EU_INST_CJEU_JUDG_AG_EL_VIL,15,position,Lecturer in European Law at the National School for the Judiciary,academic,1995,1996
ACT_EU_INST_CJEU_JUDG_AG_EL_VIL,16,position,Lecturer in European Law at the National School for the Judiciary,academic,2012,2015
ACT_EU_INST_CJEU_JUDG_AG_EL_VIL,17,position,Judge at the Court of Justice,judge,2015,2021
ACT_EU_INST_CJEU_JUDG_AG_LU_PES,1,degree,Doctor of Laws,,,
ACT_EU_INST_CJEU_JUDG_AG_LU_PES,2,position,Legal Adviser at the Ministry for Foreign Affairs,civil servant; lawyer,1946,1967
ACT_EU_INST_CJEU_JUDG_AG_LU_PES,3,position,Political Director at the Ministry for Foreign Affairs,civil servant,1946,1967
ACT_EU_INST_CJEU_JUDG_AG_LU_PES,4,position,Permanent Secretary in the Ministry for Foreign Affairs,civil servant,1946,1967
ACT_EU_INST_CJEU_JUDG_AG_LU_PES,5,position,Assistant Lecturer in the Faculty of Law of the University of Liège,academic,1951,
ACT_EU_INST_CJEU_JUDG_AG_LU_PES,6,position,Co-founder of the Institute of European Legal Studies at the University of Liège,academic,1963,
ACT_EU_INST_CJEU_JUDG_AG_LU_PES,7,position,Professor Extraordinary and holder of the Chair in European Community Law,academic,1965,
ACT_EU_INST_CJEU_JUDG_AG_LU_PES,8,membership,Associate Member of the Institute of International Law,,1965,
ACT_EU_INST_CJEU_JUDG_AG_LU_PES,9,membership,Member of the Moral and Political Science Section of the Grand-Ducal Institute,,1967,
ACT_EU_INST_CJEU_JUDG_AG_LU_PES,10,position,Judge at the Court of Justice,judge,1967,1985
ACT_EU_INST_CJEU_JUDG_AG_HU_CZU,1,degree,Doctor of Laws of the University of Szeged,,1971,
ACT_EU_INST_CJEU_JUDG_AG_HU_CZU,2,position,Administrator at the Ministry of Labour,civil servant,1971,1974
ACT_EU_INST_CJEU_JUDG_AG_HU_CZU,3,position,Lecturer at the University of Szeged,academic,1974,1989
ACT_EU_INST_CJEU_JUDG_AG_HU_CZU,4,position,Dean of the Faculty of Law at the University of Szeged,academic,1989,1990
ACT_EU_INST_CJEU_JUDG_AG_HU_CZU,5,position,Vice-Rector at the University of Szeged,academic,1992,1997
ACT_EU_INST_CJEU_JUDG_AG_HU_CZU,6,position,lawyer,lawyer,,
ACT_EU_INST_CJEU_JUDG_AG_HU_CZU,7,membership,Member of the Presidium of the National Retirement Insurance Scheme,,,
ACT_EU_INST_CJEU_JUDG_AG_HU_CZU,8,position,Vice-President of the European Institute of Social Security,other,1998,2002
ACT_EU_INST_CJEU_JUDG_AG_HU_CZU,9,membership,Member of the Scientific Council of the International Social Security Association,,,
ACT_EU_INST_CJEU_JUDG_AG_HU_CZU,10,position,Judge at the Constitutional Court,judge,1998,2004
ACT_EU_INST_CJEU_JUDG_AG_HU_CZU,11,position,Judge at the General Court,judge,2004,2016
ACT_EU_INST_CJEU_JUDG_AG_PL_MAK,1,degree,Doctor of Laws,,1966,
ACT_EU_INST_CJEU_JUDG_AG_PL_MAK,2,position,Professor of Public International Law,academic,1974,
ACT_EU_INST_CJEU_JUDG_AG_PL_MAK,3,position,Senior Visiting Fellow at the University of Oxford,academic,1985,
ACT_EU_INST_CJEU_JUDG_AG_PL_MAK,4,position,"Professor at the International Christian University, Tokyo",academic,1988,
ACT_EU_INST_CJEU_JUDG_AG_PL_MAK,5,membership,"Member of several learned societies in the field of international law, European law and human rights law",,,
ACT_EU_INST_CJEU_JUDG_AG_PL_MAK,6,position,Negotiator for the Polish Government for the withdrawal of Russian troops from Poland,civil servant,,
ACT_EU_INST_CJEU_JUDG_AG_PL_MAK,7,position,Under-Secretary of State,politician,1989,
ACT_EU_INST_CJEU_JUDG_AG_PL_MAK,8,position,Secretary of State for Foreign Affairs,politician,,1992
ACT_EU_INST_CJEU_JUDG_AG_PL_MAK,9,position,Chairman of the Polish delegation to the General Assembly of the United Nations,politician,,
ACT_EU_INST_CJEU_JUDG_AG_PL_MAK,10,position,Judge at the European Court of Human Rights,judge,1992,2002
ACT_EU_INST_CJEU_JUDG_AG_PL_MAK,11,position,President of the Institut de droit international,other,2003,
ACT_EU_INST_CJEU_JUDG_AG_PL_MAK,12,position,Advisor to the President of the Republic of Poland on foreign policy and human rights,civil servant,2002,2004
ACT_EU_INST_CJEU_JUDG_AG_PL_MAK,13,position,Judge at the Court of Justice,judge,2004,2009
ACT_EU_INST_CJEU_JUDG_AG_RO_TOA,1,degree,Degree in law,,1986,
ACT_EU_INST_CJEU_JUDG_AG_RO_TOA,2,degree,Doctorate in law,,1997,
ACT_EU_INST_CJEU_JUDG_AG_RO_TOA,3,position,"Trainee judge at the Court of First Instance, Buftea",judge,1986,1988
ACT_EU_INST_CJEU_JUDG_AG_RO_TOA,4,position,"Judge at the Court of First Instance, Sector 5, Bucharest",judge,1988,1992
ACT_EU_INST_CJEU_JUDG_AG_RO_TOA,5,position,Called to the Bucharest Bar,lawyer,1992,
ACT_EU_INST_CJEU_JUDG_AG_RO_TOA,6,position,Lecturer at the University of Bucharest,academic,1992,2005
ACT_EU_INST_CJEU_JUDG_AG_RO_TOA,7,position,Professor in civil law and European contract law at the University of Bucharest,academic,2005,
ACT_EU_INST_CJEU_JUDG_AG_RO_TOA,8,position,"Doctoral studies and research at the Max Planck Institute for Private International Law, Hamburg",academic,1992,2004
ACT_EU_INST_CJEU_JUDG_AG_RO_TOA,9,position,Head of the European Integration Unit at the Ministry of Justice,civil servant,1997,1999
ACT_EU_INST_CJEU_JUDG_AG_RO_TOA,10,position,Judge at the High Court of Cassation and Justice,judge,1999,2007
ACT_EU_INST_CJEU_JUDG_AG_RO_TOA,11,position,Visiting professor at the Vienna University,academic,2000,
ACT_EU_INST_CJEU_JUDG_AG_RO_TOA,12,position,Taught Community law at the National Institute for Magistrates,academic,2003,
ACT_EU_INST_CJEU_JUDG_AG_RO_TOA,13,membership,Member of the editorial board of several legal journals,,,
ACT_EU_INST_CJEU_JUDG_AG_RO_TOA,14,membership,Associate member of the International Academy of Comparative Law,,2010,2017
ACT_EU_INST_CJEU_JUDG_AG_RO_TOA,15,membership,Titular member of the International Academy of Comparative Law,,2017,
ACT_EU_INST_CJEU_JUDG_AG_RO_TOA,16,distinction,Honorary researcher at the Centre for European Legal Studies of the Legal Research Institute of the Romanian Academy,,,
ACT_EU_INST_CJEU_JUDG_AG_RO_TOA,17,position,Judge at the Court of Justice,judge,2007,2021
ACT_EU_INST_CJEU_JUDG_AG_CZ_SKV_PEL,1,degree,Magister iuris from Univerzita Karlova,,,1999
ACT_EU_INST_CJEU_JUDG_AG_CZ_SKV_PEL,2,degree,Doctorate in law from Universität Hamburg,,,2004
ACT_EU_INST_CJEU_JUDG_AG_CZ_SKV_PEL,3,degree,Interpreting qualification for German from the Státní jazyková škola,,,1995
ACT_EU_INST_CJEU_JUDG_AG_CZ_SKV_PEL,4,position,"Research associate in the Commercial, Maritime, and Business Law Department at Universität Hamburg",academic,1999,
ACT_EU_INST_CJEU_JUDG_AG_CZ_SKV_PEL,5,position,Lawyer administrator at the Court of Justice of the European Union,civil servant; lawyer,2004,2019
ACT_EU_INST_CJEU_JUDG_AG_CZ_SKV_PEL,6,position,Aide to the Directorate-General at the Court of Justice,civil servant,2010,2016
ACT_EU_INST_CJEU_JUDG_AG_CZ_SKV_PEL,7,position,Legal Secretary in the Chambers of Judge Maria Berger at the Court of Justice,civil servant; lawyer,2017,2018
ACT_EU_INST_CJEU_JUDG_AG_CZ_SKV_PEL,8,position,Judge at the General Court,judge,2019,
ACT_EU_INST_CJEU_JUDG_AG_CZ_SKV_PEL,9,position,President of Chamber at the General Court,judge,2024,
ACT_EU_INST_CJEU_JUDG_AG_CZ_SKV_PEL,10,membership,Member of the Societas Iuris Publici Europaei e. V. (SIPE),,,
ACT_EU_INST_CJEU_JUDG_AG_CZ_SKV_PEL,11,membership,Ambassador for the Czech project #PRVNÍCH100LET,,,
ACT_EU_INST_CJEU_JUDG_AG_CZ_SKV_PEL,12,membership,Alumni member of the Bundestag scholarship organisation,,,
ACT_EU_INST_CJEU_JUDG_AG_CZ_SKV_PEL,13,membership,Member of the Association of European Competition Law Judges,,,
ACT_EU_INST_CJEU_JUDG_AG_CZ_SKV_PEL,14,distinction,Recipient of the 'Copernicus' scholarship for studies at the Universität Hamburg,,1996,1997
ACT_EU_INST_CJEU_JUDG_AG_CZ_SKV_PEL,15,distinction,Recipient of the German Parliament scholarship for International Parliamentary Internship,,2004,
ACT_EU_INST_CJEU_JUDG_AG_CZ_SKV_PEL,16,distinction,Prize awarded by the legal journal 'Zeitschrift für Europäisches Privatrecht',,1998,
ACT_EU_INST_CJEU_JUDG_AG_RO_GAL,1,degree,Law degree at Universitatea din București,,,2000
ACT_EU_INST_CJEU_JUDG_AG_RO_GAL,2,degree,"Master's degree in EU law at the University of Paris I, Panthéon-Sorbonne",,,
ACT_EU_INST_CJEU_JUDG_AG_RO_GAL,3,degree,Master in International Relations at the Școala Națională de Studii Politice și Administrative,,,2002
ACT_EU_INST_CJEU_JUDG_AG_RO_GAL,4,degree,Master in European Studies at the Karl-Franzens-Universität Graz,,,2006
ACT_EU_INST_CJEU_JUDG_AG_RO_GAL,5,degree,Doctorate in law at the Universitatea din București,,,2008
ACT_EU_INST_CJEU_JUDG_AG_RO_GAL,6,position,Attaché diplomatique at the International Law and Treaties Directorate,civil servant,2000,2002
ACT_EU_INST_CJEU_JUDG_AG_RO_GAL,7,position,Head of the EU Law Department,civil servant,2002,2007
ACT_EU_INST_CJEU_JUDG_AG_RO_GAL,8,position,Public notary,other,2007,2009
ACT_EU_INST_CJEU_JUDG_AG_RO_GAL,9,position,Expert at the EU Law Directorate,civil servant,,
ACT_EU_INST_CJEU_JUDG_AG_RO_GAL,10,position,Director of the EU Law Directorate,civil servant,2009,2010
ACT_EU_INST_CJEU_JUDG_AG_RO_GAL,11,position,General Director of Legal Affairs,civil servant,2010,2016
ACT_EU_INST_CJEU_JUDG_AG_RO_GAL,12,position,Ambassador of Romania to Bulgaria,politician,2016,2020
ACT_EU_INST_CJEU_JUDG_AG_RO_GAL,13,position,General Director of the European Bilateral Relations and Regional Cooperation Department,civil servant,2021,
ACT_EU_INST_CJEU_JUDG_AG_RO_GAL,14,position,University assistant at Universitatea din București,academic,2002,2012
ACT_EU_INST_CJEU_JUDG_AG_RO_GAL,15,position,Lecturer at Universitatea din București,academic,2012,2016
ACT_EU_INST_CJEU_JUDG_AG_RO_GAL,16,position,Senior lecturer at Universitatea din București,academic,2016,2021
ACT_EU_INST_CJEU_JUDG_AG_RO_GAL,17,position,Professor at Universitatea din București,academic,2021,
ACT_EU_INST_CJEU_JUDG_AG_RO_GAL,18,position,Visiting Professor at the Hayastani divanagitakan dprots',academic,2010,2010
ACT_EU_INST_CJEU_JUDG_AG_RO_GAL,19,position,Visiting Professor at the Institutul Diplomatic Român,academic,2009,2015
ACT_EU_INST_CJEU_JUDG_AG_RO_GAL,20,position,Visiting Professor at the Universidade da Coruña,academic,2015,2015
ACT_EU_INST_CJEU_JUDG_AG_RO_GAL,21,position,Judge at the General Court,judge,2021,
ACT_EU_INST_CJEU_JUDG_AG_RO_GAL,22,position,President of Chamber at the General Court,judge,2025,
ACT_EU_INST_CJEU_JUDG_AG_RO_GAL,23,position,Deputy Director of the Research Centre for International and Transnational Law,academic,,
ACT_EU_INST_CJEU_JUDG_AG_RO_GAL,24,membership,Member of the Francophone Network of International Law,,,
ACT_EU_INST_CJEU_JUDG_AG_RO_GAL,25,membership,Member of the Romanian division of the International Law Association,,,
ACT_EU_INST_CJEU_JUDG_AG_RO_GAL,26,membership,Member of the editorial board of the Revista română de drept internațional,,,
ACT_EU_INST_CJEU_JUDG_AG_RO_GAL,27,membership,Member of the Societatea Română de Drept European,,,
ACT_EU_INST_CJEU_JUDG_AG_RO_GAL,28,distinction,"Diplomatic Merit Medal, first class (Romania)",,2007,
ACT_EU_INST_CJEU_JUDG_AG_RO_GAL,29,distinction,National Order of Merit (Romania),,2009,
ACT_EU_INST_CJEU_JUDG_AG_RO_GAL,30,distinction,National Order of 'Faithful Service' (Romania),,2013,
ACT_EU_INST_CJEU_JUDG_AG_RO_GAL,31,distinction,"Order Madarski Konnik, first class (Bulgaria)",,2021,
ACT_EU_INST_CJEU_JUDG_AG_PT_CAR_MOI_ALM,1,position,"Public Prosecutor's Office at the Court of Appeal, Lisbon",civil servant; lawyer,,
ACT_EU_INST_CJEU_JUDG_AG_PT_CAR_MOI_ALM,2,position,Chief Executive Assistant to the Minister for Justice,civil servant,,
ACT_EU_INST_CJEU_JUDG_AG_PT_CAR_MOI_ALM,3,position,Deputy Public Prosecutor,civil servant; lawyer,,
ACT_EU_INST_CJEU_JUDG_AG_PT_CAR_MOI_ALM,4,position,Head of the European Law Office,other,,
ACT_EU_INST_CJEU_JUDG_AG_PT_CAR_MOI_ALM,5,position,Professor of Community Law at Lisbon,academic,,
ACT_EU_INST_CJEU_JUDG_AG_PT_CAR_MOI_ALM,6,position,Judge at the Court of Justice,judge,1986,2000
ACT_EU_INST_CJEU_JUDG_AG_BG_TCH,1,degree,"Degree in law at St Kliment Ohridski University, Sofia",,1961,
ACT_EU_INST_CJEU_JUDG_AG_BG_TCH,2,degree,Doctorate in law,,1977,
ACT_EU_INST_CJEU_JUDG_AG_BG_TCH,3,position,Lawyer,lawyer,1963,1964
ACT_EU_INST_CJEU_JUDG_AG_BG_TCH,4,position,"Legal adviser, State Automobile Enterprise for International Transport",civil servant; lawyer,1964,1973
ACT_EU_INST_CJEU_JUDG_AG_BG_TCH,5,position,"Research fellow at the Institute of Law, Bulgarian Academy of Sciences",academic,1973,1988
ACT_EU_INST_CJEU_JUDG_AG_BG_TCH,6,position,"Associate professor of civil procedure at the Faculty of Law of St Kliment Ohridski University, Sofia",academic,1988,1991
ACT_EU_INST_CJEU_JUDG_AG_BG_TCH,7,position,Arbitrator at the Court of Arbitration of the Chamber of Trade and Industry,other,1988,2006
ACT_EU_INST_CJEU_JUDG_AG_BG_TCH,8,position,Judge at the Constitutional Court,judge,1991,1994
ACT_EU_INST_CJEU_JUDG_AG_BG_TCH,9,position,"Associate professor at Paissi Hilendarski University, Plovdiv",academic,2001,2006
ACT_EU_INST_CJEU_JUDG_AG_BG_TCH,10,position,Minister for Justice,politician,1994,1995
ACT_EU_INST_CJEU_JUDG_AG_BG_TCH,11,position,"Associate professor of civil procedure at the New Bulgarian University, Sofia",academic,1995,2006
ACT_EU_INST_CJEU_JUDG_AG_BG_TCH,12,position,Judge at the General Court,judge,2007,2010
ACT_EU_INST_CJEU_JUDG_AG_IT_TRA,1,degree,Doctor of Laws from University of Padua,,1928,
ACT_EU_INST_CJEU_JUDG_AG_IT_TRA,2,position,Assistant at the Institute for Jurisprudence in Padua,academic,1929,
ACT_EU_INST_CJEU_JUDG_AG_IT_TRA,3,position,Qualified Professor in Civil Law,academic,1935,
ACT_EU_INST_CJEU_JUDG_AG_IT_TRA,4,position,Professor with responsibility for civil law at Ferrara,academic,1935,1942
ACT_EU_INST_CJEU_JUDG_AG_IT_TRA,5,position,Professor Extraordinary of Civil Law at Venice,academic,1941,1942
ACT_EU_INST_CJEU_JUDG_AG_IT_TRA,6,position,Professor of Civil Law at Padua,academic,1942,
ACT_EU_INST_CJEU_JUDG_AG_IT_TRA,7,position,Professor of Comparative Private Law at University of Padua,academic,1953,
ACT_EU_INST_CJEU_JUDG_AG_IT_TRA,8,position,Director of the Institute of Private Law at Padua,academic,1945,
ACT_EU_INST_CJEU_JUDG_AG_IT_TRA,9,membership,Member of the Istituto Veneto of Venice,,,
ACT_EU_INST_CJEU_JUDG_AG_IT_TRA,10,membership,"Member of the Academies of Padua, Verona and Ferrara",,,
ACT_EU_INST_CJEU_JUDG_AG_IT_TRA,11,position,Judge at the Court of Justice,judge,1962,1972
ACT_EU_INST_CJEU_JUDG_AG_IT_TRA,12,position,Advocate General at the Court of Justice,judge,1973,1976
ACT_EU_INST_CJEU_JUDG_AG_PT_MAR_NAZ_RIB,1,membership,Member of the Bar in Portugal,,,
ACT_EU_INST_CJEU_JUDG_AG_PT_MAR_NAZ_RIB,2,membership,Member of the Bar in Brussels,,,
ACT_EU_INST_CJEU_JUDG_AG_PT_MAR_NAZ_RIB,3,position,"Independent researcher at the Institute of European Studies, Free University of Brussels",academic,,
ACT_EU_INST_CJEU_JUDG_AG_PT_MAR_NAZ_RIB,4,position,"Legal Secretary to the Portuguese Judge at the Court of Justice, Mr Moitinho de Almeida",civil servant; lawyer,1986,2000
ACT_EU_INST_CJEU_JUDG_AG_PT_MAR_NAZ_RIB,5,position,"Legal Secretary to the President of the Court of First Instance, Mr Vesterdorf",civil servant; lawyer,2000,2003
ACT_EU_INST_CJEU_JUDG_AG_PT_MAR_NAZ_RIB,6,position,Judge at the General Court,judge,2003,2016
ACT_EU_INST_CJEU_JUDG_AG_NL_KOO,1,degree,Doctor of Laws from the University of Amsterdam,,1953,
ACT_EU_INST_CJEU_JUDG_AG_NL_KOO,2,position,Advocaat and Procureur in Haarlem,lawyer,1953,1956
ACT_EU_INST_CJEU_JUDG_AG_NL_KOO,3,position,"Served in the Ministry of Justice, The Hague",civil servant,1956,1962
ACT_EU_INST_CJEU_JUDG_AG_NL_KOO,4,position,Legal Adviser in the Legal Department of the Council of the European Communities,civil servant; lawyer,1962,1965
ACT_EU_INST_CJEU_JUDG_AG_NL_KOO,5,position,Full Professor at the University of Leiden,academic,1965,1978
ACT_EU_INST_CJEU_JUDG_AG_NL_KOO,6,position,Dean of the Faculty of Jurisprudence at the University of Leiden,academic,1973,1975
ACT_EU_INST_CJEU_JUDG_AG_NL_KOO,7,membership,Member of the Netherlands Royal Academy of Science,,1978,
ACT_EU_INST_CJEU_JUDG_AG_NL_KOO,8,position,Judge of the Hoge Raad der Nederlanden (Supreme Court of the Netherlands),judge,1978,1979
ACT_EU_INST_CJEU_JUDG_AG_NL_KOO,9,position,Judge at the Court of Justice,judge,1979,1990
ACT_EU_INST_CJEU_JUDG_AG_SK_SCH,1,degree,"Master of Laws from Comenius University, Bratislava, Slovakia",,,1975
ACT_EU_INST_CJEU_JUDG_AG_SK_SCH,2,degree,"Doctor of Laws from Comenius University, Bratislava, Slovakia",,,1979
ACT_EU_INST_CJEU_JUDG_AG_SK_SCH,3,position,Company lawyer,lawyer,1975,1990
ACT_EU_INST_CJEU_JUDG_AG_SK_SCH,4,position,"Registrar responsible for the commercial register at the City Court, Košice, Slovakia",civil servant,1991,
ACT_EU_INST_CJEU_JUDG_AG_SK_SCH,5,position,"Judge at the City Court, Košice, Slovakia",judge,1992,
ACT_EU_INST_CJEU_JUDG_AG_SK_SCH,6,position,"Judge at the Regional Court, Košice, Slovakia",judge,1992,2009
ACT_EU_INST_CJEU_JUDG_AG_SK_SCH,7,position,"President of Chamber at the Regional Court, Košice, Slovakia",judge,1994,2009
ACT_EU_INST_CJEU_JUDG_AG_SK_SCH,8,position,"Head of the Commercial Law Division at the Regional Court, Košice, Slovakia",judge,2005,2009
ACT_EU_INST_CJEU_JUDG_AG_SK_SCH,9,position,Temporary judge in the Commercial Law Division of the Supreme Court of the Slovak Republic,judge,2004,
ACT_EU_INST_CJEU_JUDG_AG_SK_SCH,10,position,"External member of the Commercial and Business Law Department of Pavol Jozef Šafárik University in Košice, Slovakia",academic,1997,2009
ACT_EU_INST_CJEU_JUDG_AG_SK_SCH,11,position,Member of the teaching staff of the Judicial Academy of the Slovak Republic,academic,2005,2009
ACT_EU_INST_CJEU_JUDG_AG_SK_SCH,12,position,Judge at the General Court,judge,2009,
ACT_EU_INST_CJEU_JUDG_AG_SK_SCH,13,membership,Member of the Societas Iuris Publici Europaei e. V. (SIPE),,,
ACT_EU_INST_CJEU_JUDG_AG_FR_BON,1,degree,Law degree from université de Metz,,1976,
ACT_EU_INST_CJEU_JUDG_AG_FR_BON,2,degree,Degree from the Institut d'études politiques de Paris,,1977,
ACT_EU_INST_CJEU_JUDG_AG_FR_BON,3,degree,Graduated from École nationale d'administration,,1982,
ACT_EU_INST_CJEU_JUDG_AG_FR_BON,4,position,Junior officer at the Conseil d'État,civil servant,1982,
ACT_EU_INST_CJEU_JUDG_AG_FR_BON,5,position,Rapporteur in the Judicial Division of the Conseil d'État,civil servant,,1985
ACT_EU_INST_CJEU_JUDG_AG_FR_BON,6,position,Commissaire du gouvernement at the Conseil d'État,civil servant,1985,1987
ACT_EU_INST_CJEU_JUDG_AG_FR_BON,7,position,Legal adviser to the Director-General of Urbanism and Construction in the French Ministry of Infrastructure,civil servant; lawyer,1986,
ACT_EU_INST_CJEU_JUDG_AG_FR_BON,8,position,Legal secretary in the Chambers of Judge Yves Galmot at the Court of Justice of the European Communities,civil servant; lawyer,1987,
ACT_EU_INST_CJEU_JUDG_AG_FR_BON,9,position,Legal secretary in the Chambers of Judge Fernand Grévisse,civil servant; lawyer,,1991
ACT_EU_INST_CJEU_JUDG_AG_FR_BON,10,position,"Director of the Private Office of the Minister for Labour, Employment and Vocational Training",politician,,
ACT_EU_INST_CJEU_JUDG_AG_FR_BON,11,position,Director of the Private Office of the Minister for the Civil Service and Modernisation of Administration,politician,,
ACT_EU_INST_CJEU_JUDG_AG_FR_BON,12,position,Commissaire du gouvernement at the Conseil d'État,civil servant,1992,1999
ACT_EU_INST_CJEU_JUDG_AG_FR_BON,13,position,Assesseur at the Conseil d'État,judge,,
ACT_EU_INST_CJEU_JUDG_AG_FR_BON,14,position,President of the Sixth Sub-Division of the Judicial Division of the Conseil d'État,judge,2000,2006
ACT_EU_INST_CJEU_JUDG_AG_FR_BON,15,position,Head of the Legal Mission of the Conseil d'État at the National Health Insurance Fund for Employed Persons,civil servant; lawyer,2001,2006
ACT_EU_INST_CJEU_JUDG_AG_FR_BON,16,position,Associate Professor at the université de Metz,academic,1988,2000
ACT_EU_INST_CJEU_JUDG_AG_FR_BON,17,position,Head of the public law department at the université de Metz,academic,,
ACT_EU_INST_CJEU_JUDG_AG_FR_BON,18,position,Senior lecturer at the Faculty of Law of the université de Liège,academic,1995,
ACT_EU_INST_CJEU_JUDG_AG_FR_BON,19,position,Associate Professor at the université de Paris I (Panthéon-Sorbonne),academic,2000,2007
ACT_EU_INST_CJEU_JUDG_AG_FR_BON,20,membership,Member of the selection board for the national competitive examination in public law,,2000,
ACT_EU_INST_CJEU_JUDG_AG_FR_BON,21,position,Deputy Secretary-General of the Institut français des sciences administratives,other,,
ACT_EU_INST_CJEU_JUDG_AG_FR_BON,22,position,Secretary-General of the Institut français des sciences administratives,other,,
ACT_EU_INST_CJEU_JUDG_AG_FR_BON,23,membership,Member of the Executive Committee of the Institut international des sciences administratives,,,
ACT_EU_INST_CJEU_JUDG_AG_FR_BON,24,distinction,Co-founder of the Bulletin de jurisprudence de droit de l'urbanisme,,,
ACT_EU_INST_CJEU_JUDG_AG_FR_BON,25,distinction,Co-founder of the Bulletin juridique des collectivités locales,,,
ACT_EU_INST_CJEU_JUDG_AG_FR_BON,26,position,Judge at the Court of Justice,judge,2006,2024
ACT_EU_INST_CJEU_JUDG_AG_CY_MAR,1,degree,Graduated in law from the University of East Anglia,,,1995
ACT_EU_INST_CJEU_JUDG_AG_CY_MAR,2,degree,Obtained a Master of Laws from the University of Bristol,,,1996
ACT_EU_INST_CJEU_JUDG_AG_CY_MAR,3,membership,Admitted to the Cyprus Bar,,1997,
ACT_EU_INST_CJEU_JUDG_AG_CY_MAR,4,position,Member of the European Union Section of the Legal Service of the Republic of Cyprus,civil servant; lawyer,1998,2008
ACT_EU_INST_CJEU_JUDG_AG_CY_MAR,5,position,Seconded national expert in the Research and Documentation Division at the Court of Justice of the European Communities,civil servant,2005,2007
ACT_EU_INST_CJEU_JUDG_AG_CY_MAR,6,position,Member of the Legal Service of the European Commission,civil servant; lawyer,2008,2016
ACT_EU_INST_CJEU_JUDG_AG_CY_MAR,7,position,Legal Adviser during the Cyprus Presidency of the Council of the European Union,civil servant; lawyer,2012,
ACT_EU_INST_CJEU_JUDG_AG_CY_MAR,8,position,Judge at the General Court of the European Union,judge,2016,
ACT_EU_INST_CJEU_JUDG_AG_CY_MAR,9,position,President of the Chamber at the General Court of the European Union,judge,2019,2025
ACT_EU_INST_CJEU_JUDG_AG_CY_MAR,10,membership,Founding member of the Kypriakó Somateío Dikaíou Enérgeias,,,
ACT_EU_INST_CJEU_JUDG_AG_FR_DAR,1,position,Law officer in the Ministry of Justice,civil servant; lawyer,,
ACT_EU_INST_CJEU_JUDG_AG_FR_DAR,2,position,Lecturer in the Law Faculty in Paris I,academic,,
ACT_EU_INST_CJEU_JUDG_AG_FR_DAR,3,position,Assistant Director at the Office of the Garde des Sceaux (Minister for Justice),civil servant,,
ACT_EU_INST_CJEU_JUDG_AG_FR_DAR,4,position,"President of Chamber at the Cour d'Appel, Paris",judge,,
ACT_EU_INST_CJEU_JUDG_AG_FR_DAR,5,position,Head of the Direction des Affaires Civiles et du Sceau,civil servant,,
ACT_EU_INST_CJEU_JUDG_AG_FR_DAR,6,position,Advocate General at the Court of Justice,judge,1984,1994
ACT_EU_INST_CJEU_JUDG_AG_CY_ARE,1,degree,Graduated in law from the University of Athens,,,1968
ACT_EU_INST_CJEU_JUDG_AG_CY_ARE,2,degree,"MA in Comparative Politics and Government, University of Kent at Canterbury",,,1970
ACT_EU_INST_CJEU_JUDG_AG_CY_ARE,3,position,Law practice in Cyprus,lawyer,1972,1982
ACT_EU_INST_CJEU_JUDG_AG_CY_ARE,4,position,District Court Judge,judge,1982,
ACT_EU_INST_CJEU_JUDG_AG_CY_ARE,5,position,President of the District Court,judge,1995,
ACT_EU_INST_CJEU_JUDG_AG_CY_ARE,6,position,Administrative President of the District Court of Nicosia,judge,1997,2003
ACT_EU_INST_CJEU_JUDG_AG_CY_ARE,7,position,Judge at the Supreme Court of Cyprus,judge,2003,
ACT_EU_INST_CJEU_JUDG_AG_CY_ARE,8,position,Judge at the Court of Justice,judge,2004,2014
ACT_EU_INST_CJEU_JUDG_AG_LT_KUR,1,degree,Graduated in law from the University of Vilnius,,1961,
ACT_EU_INST_CJEU_JUDG_AG_LT_KUR,2,degree,"Doctorate in legal science, University of Moscow",,1965,
ACT_EU_INST_CJEU_JUDG_AG_LT_KUR,3,degree,"Doctor in legal science (Dr. hab), University of Moscow",,1973,
ACT_EU_INST_CJEU_JUDG_AG_LT_KUR,4,membership,Member of the Lithuanian Academy of Sciences,,1996,
ACT_EU_INST_CJEU_JUDG_AG_LT_KUR,5,distinction,Doctor honoris causa of the Law University of Lithuania,,2001,
ACT_EU_INST_CJEU_JUDG_AG_LT_KUR,6,position,"Research Assistant at the Institut des hautes études internationales, University of Paris",academic,1967,1968
ACT_EU_INST_CJEU_JUDG_AG_LT_KUR,7,position,Various teaching and administrative duties at the University of Vilnius,academic,1961,1990
ACT_EU_INST_CJEU_JUDG_AG_LT_KUR,8,position,"Lecturer, Assistant Professor, Professor of Public International Law, Dean of the Faculty of Law at the University of Vilnius",academic,,
ACT_EU_INST_CJEU_JUDG_AG_LT_KUR,9,position,Several governmental posts in the Lithuanian Diplomatic Service and Lithuanian Ministry of Justice,civil servant,,
ACT_EU_INST_CJEU_JUDG_AG_LT_KUR,10,position,Minister for Justice,politician,1990,1991
ACT_EU_INST_CJEU_JUDG_AG_LT_KUR,11,position,Member of the State Council,politician,1991,
ACT_EU_INST_CJEU_JUDG_AG_LT_KUR,12,position,"Ambassador of the Republic of Lithuania to Belgium, Luxembourg and the Netherlands",politician,1992,1994
ACT_EU_INST_CJEU_JUDG_AG_LT_KUR,13,position,Judge at the European Court of Human Rights,judge,1994,1998
ACT_EU_INST_CJEU_JUDG_AG_LT_KUR,14,position,Judge at the Supreme Court of Lithuania,judge,1994,
ACT_EU_INST_CJEU_JUDG_AG_LT_KUR,15,position,President of the Supreme Court of Lithuania,judge,,1998
ACT_EU_INST_CJEU_JUDG_AG_LT_KUR,16,position,Judge at the European Court of Human Rights,judge,1998,
ACT_EU_INST_CJEU_JUDG_AG_LT_KUR,17,position,Member of the delegation of the Republic of Lithuania for negotiations with the USSR,politician,1990,1992
ACT_EU_INST_CJEU_JUDG_AG_LT_KUR,18,position,Judge at the Court of Justice,judge,2004,2010
ACT_EU_INST_CJEU_JUDG_AG_CZ_PEL,1,degree,Doctor of Laws,,,
ACT_EU_INST_CJEU_JUDG_AG_CZ_PEL,2,position,Assistant in economic law,academic,,1989
ACT_EU_INST_CJEU_JUDG_AG_CZ_PEL,3,degree,Doctor of Science (Dr Sc.),,,
ACT_EU_INST_CJEU_JUDG_AG_CZ_PEL,4,position,"Professor of Business Law at the Faculty of Law, Charles University, Prague",academic,1993,
ACT_EU_INST_CJEU_JUDG_AG_CZ_PEL,5,membership,Member of the Executive of the Securities Commission,,1999,2002
ACT_EU_INST_CJEU_JUDG_AG_CZ_PEL,6,position,Lawyer,lawyer,,
ACT_EU_INST_CJEU_JUDG_AG_CZ_PEL,7,membership,Member of the Legislative Council of the Government of the Czech Republic,,1998,2004
ACT_EU_INST_CJEU_JUDG_AG_CZ_PEL,8,position,Judge at the General Court,judge,2004,2019
ACT_EU_INST_CJEU_JUDG_AG_IE_REG,1,degree,Studied law at the Universität Bonn,,1976,1982
ACT_EU_INST_CJEU_JUDG_AG_IE_REG,2,degree,Studied law at the University of Geneva,,1976,1982
ACT_EU_INST_CJEU_JUDG_AG_IE_REG,3,degree,"Completed an L. L. M at the American University, Washington DC",,1983,1983
ACT_EU_INST_CJEU_JUDG_AG_IE_REG,4,degree,Obtained a doctorate in law from Universität Heidelberg,,1985,1985
ACT_EU_INST_CJEU_JUDG_AG_IE_REG,5,degree,Obtained a doctorate in law from Harvard University,,1990,1990
ACT_EU_INST_CJEU_JUDG_AG_IE_REG,6,degree,Awarded a diploma from the Académie Internationale de Droit Constitutionnel,,1985,1985
ACT_EU_INST_CJEU_JUDG_AG_IE_REG,7,position,"Visiting Professor at the University of California, Berkeley",academic,1991,1991
ACT_EU_INST_CJEU_JUDG_AG_IE_REG,8,position,"Professor of German and Foreign Public Law, International Law and European Law at the Universität Augsburg",academic,1992,1992
ACT_EU_INST_CJEU_JUDG_AG_IE_REG,9,position,"Professor of German and Foreign Public Law, International Law and European Law at the University of Heidelberg",academic,1993,1993
ACT_EU_INST_CJEU_JUDG_AG_IE_REG,10,position,"Professor of German and Foreign Public Law, International Law and European Law at the Heinrich-Heine-Universität Düsseldorf",academic,1994,1999
ACT_EU_INST_CJEU_JUDG_AG_IE_REG,11,position,Professor at the Universität St. Gallen,academic,1999,1999
ACT_EU_INST_CJEU_JUDG_AG_IE_REG,12,position,Director of the Institute for European and International Business Law at the University of St. Gallen,academic,2000,2000
ACT_EU_INST_CJEU_JUDG_AG_IE_REG,13,position,Deputy Director of the Master of Business Law programme at the University of St. Gallen,academic,2001,2003
ACT_EU_INST_CJEU_JUDG_AG_IE_REG,14,position,Alternate judge to the international Court of Conciliation and Arbitration of the OSCE,judge,1995,1995
ACT_EU_INST_CJEU_JUDG_AG_IE_REG,15,position,Deputy Chairwoman of the WBGU,other,,2003
ACT_EU_INST_CJEU_JUDG_AG_IE_REG,16,position,Advocate General at the Court of Justice,judge,2003,
ACT_EU_INST_CJEU_JUDG_AG_IE_REG,17,position,First Advocate General,judge,2006,2007
ACT_EU_INST_CJEU_JUDG_AG_IE_REG,18,membership,Founder and Chair of the ILA Committee on International Tax Law,,,
ACT_EU_INST_CJEU_JUDG_AG_IE_REG,19,membership,Advisory board member of the Deutsche Steuerjuristische Gesellschaft,,,
ACT_EU_INST_CJEU_JUDG_AG_IE_REG,20,membership,Advisory board member of the Berliner Steuergespräche,,,
ACT_EU_INST_CJEU_JUDG_AG_IE_REG,21,membership,Advisory board member of the Steuerrechtswissenschaftliche Vereinigung,,,
ACT_EU_INST_CJEU_JUDG_AG_IE_REG,22,membership,Member of the steering committee of the Master programme of the Faculty of Law of the University of Luxembourg,,,
ACT_EU_INST_CJEU_JUDG_AG_IE_REG,23,membership,Participant in the mentoring programme 'Geh deinen Weg' of the Deutschland Stiftung Integration,,,
ACT_EU_INST_CJEU_JUDG_AG_IE_REG,24,membership,Participant in the Minerva-Femmenet programme of the Max Planck Society,,,
ACT_EU_INST_CJEU_JUDG_AG_IE_REG,25,position,President of the Board of Directors of the Max Planck Institute for Tax Law and Public Finance,other,,
ACT_EU_INST_CJEU_JUDG_AG_IE_REG,26,distinction,Saarland Ambassador,,,
ACT_EU_INST_CJEU_JUDG_AG_IE_REG,27,distinction,"Doctor honoris causa in law, Dr. iur. h.c., Universität Augsburg",,2022,2022
ACT_EU_INST_CJEU_JUDG_AG_IE_REG,28,distinction,"Doctor honoris causa, University of Liège",,2022,2022
ACT_EU_INST_CJEU_JUDG_AG_IE_REG,29,distinction,Dr. Otto Schmidt-Preis zur Förderung der Europäisierung und Internationalisierung des Rechts,,2020,2020
ACT_EU_INST_CJEU_JUDG_AG_IE_REG,30,distinction,Otto Hahn Medal awarded by the Max Planck Society,,,
ACT_EU_INST_CJEU_JUDG_AG_NL_KLE,1,degree,Studied law at Leiden,,,
ACT_EU_INST_CJEU_JUDG_AG_NL_KLE,2,position,Worked in the General Secretariat of the League of Nations in Geneva,civil servant,,
ACT_EU_INST_CJEU_JUDG_AG_NL_KLE,3,position,Judge at the Rechtbank te Amsterdam (Court of Amsterdam),judge,,
ACT_EU_INST_CJEU_JUDG_AG_NL_KLE,4,membership,Member of the International Maritime Commission,,,
ACT_EU_INST_CJEU_JUDG_AG_NL_KLE,5,position,Director of the External Trade Department of the Ministry for Economic Affairs,civil servant,1934,
ACT_EU_INST_CJEU_JUDG_AG_NL_KLE,6,distinction,Prisoner of war,,,
ACT_EU_INST_CJEU_JUDG_AG_NL_KLE,7,position,Worked at the Ministry for Economic Affairs,civil servant,1945,
ACT_EU_INST_CJEU_JUDG_AG_NL_KLE,8,distinction,Associated with the development of European economic integration,,,
ACT_EU_INST_CJEU_JUDG_AG_NL_KLE,9,distinction,"Principal author, on behalf of the Netherlands, of the project for Benelux Union",,,
ACT_EU_INST_CJEU_JUDG_AG_NL_KLE,10,position,Judge at the Court of Justice of the ECSC,judge,1952,1958
ACT_EU_INST_CJEU_JUDG_AG_AT_HES,1,degree,Graduated in law,,1993,
ACT_EU_INST_CJEU_JUDG_AG_AT_HES,2,degree,Doctoral thesis at the Universität Wien,,2002,
ACT_EU_INST_CJEU_JUDG_AG_AT_HES,3,position,Member of the Department of European Affairs at the Federal Chancellery,civil servant,1994,1995
ACT_EU_INST_CJEU_JUDG_AG_AT_HES,4,position,Member of the Federal Chancellery's Legal Service,civil servant,1995,
ACT_EU_INST_CJEU_JUDG_AG_AT_HES,5,position,Head of department at the Federal Chancellery's Legal Service,civil servant,,2000
ACT_EU_INST_CJEU_JUDG_AG_AT_HES,6,position,Legal adviser at the Arbeiterkammer,lawyer,2000,2002
ACT_EU_INST_CJEU_JUDG_AG_AT_HES,7,position,Member of the Federal Chancellery's Legal Service,civil servant,,
ACT_EU_INST_CJEU_JUDG_AG_AT_HES,8,position,Head of department of the Federal Chancellery's Legal Service,civil servant,,
ACT_EU_INST_CJEU_JUDG_AG_AT_HES,9,position,Legal adviser in the Cabinet of the Federal Chancellery,lawyer,2007,2010
ACT_EU_INST_CJEU_JUDG_AG_AT_HES,10,position,Director-General of the Federal Chancellery's Legal Service,civil servant,2010,2017
ACT_EU_INST_CJEU_JUDG_AG_AT_HES,11,position,"Director-General of the Legal Service of the Austrian Ministry of Constitutional Affairs, Reforms, Deregulation and Justice",civil servant,2017,2019
ACT_EU_INST_CJEU_JUDG_AG_AT_HES,12,position,Member of the Austrian Government's Data Protection Council,civil servant,2010,2019
ACT_EU_INST_CJEU_JUDG_AG_AT_HES,13,position,Chair of the board of trustees of the Austrian National Library,other,2017,2019
ACT_EU_INST_CJEU_JUDG_AG_AT_HES,14,position,Judge at the General Court,judge,2019,
ACT_EU_INST_CJEU_JUDG_AG_AT_HES,15,membership,Member of the management committee of the Österreichischer Juristentag,,,
ACT_EU_INST_CJEU_JUDG_AG_AT_HES,16,membership,Member of the Österreichische Juristenkommission,,,
ACT_EU_INST_CJEU_JUDG_AG_AT_HES,17,distinction,Großes Silbernes Ehrenzeichen mit Stern für Verdienste um die Republik Österreich,,,
ACT_EU_INST_CJEU_JUDG_AG_AT_HES,18,distinction,Silbernes Ehrenzeichen für Verdienste um die Republik Österreich,,,
ACT_EU_INST_CJEU_JUDG_AG_DE_ROE,1,degree,"Studied political economy and law in Cologne, Munich, Freiburg, Bonn",,,
ACT_EU_INST_CJEU_JUDG_AG_DE_ROE,2,position,Assistant Judge in Cologne,judge,1932,
ACT_EU_INST_CJEU_JUDG_AG_DE_ROE,3,position,Judge in Cologne,judge,1932,
ACT_EU_INST_CJEU_JUDG_AG_DE_ROE,4,position,Lawyer at the Berlin Bar,lawyer,,1946
ACT_EU_INST_CJEU_JUDG_AG_DE_ROE,5,position,"Lawyer at the Landgericht (Regional Court) and Oberlandesgericht (Higher Regional Court), Saarbrücken",lawyer,,
ACT_EU_INST_CJEU_JUDG_AG_DE_ROE,6,position,"Worked principally with foreign law, defended German interests before authorities and courts established under the occupying regime and before foreign administrative authorities and courts",lawyer,1947,1952
ACT_EU_INST_CJEU_JUDG_AG_DE_ROE,7,position,Engaged in special missions on behalf of the Federal Government before the establishment of diplomatic services abroad,civil servant,,
ACT_EU_INST_CJEU_JUDG_AG_DE_ROE,8,position,"Participated in the work of the Sonderstelle für Geld und Kredit in Homburg, in preparation for monetary reform",civil servant,1947,1948
ACT_EU_INST_CJEU_JUDG_AG_DE_ROE,9,position,Advocate General at the Court of Justice,judge,1953,1973
ACT_EU_INST_CJEU_JUDG_AG_FI_ROS,1,degree,Doctor of Laws of the University of Turku,,1977,
ACT_EU_INST_CJEU_JUDG_AG_FI_ROS,2,position,Professor of Law at the University of Turku,academic,1978,1981
ACT_EU_INST_CJEU_JUDG_AG_FI_ROS,3,position,Professor of Law at the Åbo Akademi University,academic,1981,1996
ACT_EU_INST_CJEU_JUDG_AG_FI_ROS,4,position,Director of the Institute for Human Rights at Åbo Akademi University,academic,1985,1995
ACT_EU_INST_CJEU_JUDG_AG_FI_ROS,5,membership,Memberships of learned societies,,,
ACT_EU_INST_CJEU_JUDG_AG_FI_ROS,6,position,Representative of the Finnish Government in delegations at international conferences and meetings,civil servant,,
ACT_EU_INST_CJEU_JUDG_AG_FI_ROS,7,position,"Expert functions in Finnish legal life, including governmental law commissions and Finnish Parliament committees",civil servant,,
ACT_EU_INST_CJEU_JUDG_AG_FI_ROS,8,position,Principal Legal Adviser at the Legal Service of the European Commission in charge of external relations,civil servant; lawyer,1995,
ACT_EU_INST_CJEU_JUDG_AG_FI_ROS,9,position,Deputy Director-General of the European Commission Legal Service,civil servant,2001,
ACT_EU_INST_CJEU_JUDG_AG_FI_ROS,10,position,Judge at the Court of Justice,judge,2002,2019
ACT_EU_INST_CJEU_JUDG_AG_FR_DUT_LAM,1,degree,Doctor of Laws,,,
ACT_EU_INST_CJEU_JUDG_AG_FR_DUT_LAM,2,degree,Degree in English,,,
ACT_EU_INST_CJEU_JUDG_AG_FR_DUT_LAM,3,degree,Studied at the École nationale d'administration,,1945,1947
ACT_EU_INST_CJEU_JUDG_AG_FR_DUT_LAM,4,position,Legal Assistant at the Council of State,civil servant; lawyer,,
ACT_EU_INST_CJEU_JUDG_AG_FR_DUT_LAM,5,position,Legal Adviser at the Council of State,civil servant; lawyer,1954,
ACT_EU_INST_CJEU_JUDG_AG_FR_DUT_LAM,6,position,Member of the Council of State,civil servant,1969,
ACT_EU_INST_CJEU_JUDG_AG_FR_DUT_LAM,7,position,Commissaire du gouvernement in the Judicial Division of the Council of State,civil servant,1957,1969
ACT_EU_INST_CJEU_JUDG_AG_FR_DUT_LAM,8,position,Commissaire du gouvernement in the tribunal des conflits,civil servant,1965,1970
ACT_EU_INST_CJEU_JUDG_AG_FR_DUT_LAM,9,position,Seconded to the Interministerial Committee for European Economic Cooperation,civil servant,1948,1951
ACT_EU_INST_CJEU_JUDG_AG_FR_DUT_LAM,10,position,Seconded to the offices of the Prime Minister,civil servant,1952,
ACT_EU_INST_CJEU_JUDG_AG_FR_DUT_LAM,11,position,Seconded to the offices of the Minister for National Defence,civil servant,1952,1954
ACT_EU_INST_CJEU_JUDG_AG_FR_DUT_LAM,12,position,Seconded to the offices of the Minister for Justice,civil servant,1969,1970
ACT_EU_INST_CJEU_JUDG_AG_FR_DUT_LAM,13,position,Assignments abroad by way of technical assistance,civil servant,,
ACT_EU_INST_CJEU_JUDG_AG_FR_DUT_LAM,14,position,Senior Lecturer at the École nationale d'administration,academic,,
ACT_EU_INST_CJEU_JUDG_AG_FR_DUT_LAM,15,position,"Senior Lecturer at the Institut d'études politiques, Paris",academic,,
ACT_EU_INST_CJEU_JUDG_AG_FR_DUT_LAM,16,position,Regular contributor to several legal journals,academic,,
ACT_EU_INST_CJEU_JUDG_AG_FR_DUT_LAM,17,position,Advocate General at the Court of Justice,judge,1970,1972
ACT_EU_INST_CJEU_JUDG_AG_UK_VAJ,1,degree,Law degree from Cambridge University,,,
ACT_EU_INST_CJEU_JUDG_AG_UK_VAJ,2,degree,Licence spéciale en droit européen at the Université libre de Bruxelles,,,
ACT_EU_INST_CJEU_JUDG_AG_UK_VAJ,3,membership,Called to the Bar of England and Wales by Gray's Inn,,1979,
ACT_EU_INST_CJEU_JUDG_AG_UK_VAJ,4,position,Barrister,lawyer,1979,2012
ACT_EU_INST_CJEU_JUDG_AG_UK_VAJ,5,membership,Called to the Bar of Northern Ireland,,1996,
ACT_EU_INST_CJEU_JUDG_AG_UK_VAJ,6,distinction,King's Counsel,,,
ACT_EU_INST_CJEU_JUDG_AG_UK_VAJ,7,membership,Bencher of Gray's Inn,,2003,
ACT_EU_INST_CJEU_JUDG_AG_UK_VAJ,8,position,Recorder of the Crown Court,judge,2003,2012
ACT_EU_INST_CJEU_JUDG_AG_UK_VAJ,9,position,Treasurer of the United Kingdom Association for European Law,other,2001,2012
ACT_EU_INST_CJEU_JUDG_AG_UK_VAJ,10,position,Contributor to 3rd to 6th editions of European Community Law of Competition,academic,,
ACT_EU_INST_CJEU_JUDG_AG_UK_VAJ,11,position,Judge at the Court of Justice,judge,2012,2020
ACT_EU_INST_CJEU_JUDG_AG_UK_SLY,1,position,Barrister,lawyer,,
ACT_EU_INST_CJEU_JUDG_AG_UK_SLY,2,membership,"Master of the Bench, Gray's Inn",,,
ACT_EU_INST_CJEU_JUDG_AG_UK_SLY,3,distinction,"Treasurer, Gray's Inn",,,
ACT_EU_INST_CJEU_JUDG_AG_UK_SLY,4,distinction,Queen's Counsel,,,
ACT_EU_INST_CJEU_JUDG_AG_UK_SLY,5,position,Junior Counsel at the Labour Ministry,civil servant; lawyer,,
ACT_EU_INST_CJEU_JUDG_AG_UK_SLY,6,position,Junior and Leading Counsel to the Treasury,civil servant; lawyer,,
ACT_EU_INST_CJEU_JUDG_AG_UK_SLY,7,position,Recorder,judge,,
ACT_EU_INST_CJEU_JUDG_AG_UK_SLY,8,position,Judge at the High Court (Queen's Bench Division),judge,,
ACT_EU_INST_CJEU_JUDG_AG_UK_SLY,9,position,Chairman of the Employment Appeal Tribunal,judge,,
ACT_EU_INST_CJEU_JUDG_AG_UK_SLY,10,position,"Visiting Professor, University of Durham, Cornell (USA), Mercer (USA), King's College, London",academic,,
ACT_EU_INST_CJEU_JUDG_AG_UK_SLY,11,position,Advocate General at the Court of Justice,judge,1981,1988
ACT_EU_INST_CJEU_JUDG_AG_UK_SLY,12,position,Judge at the Court of Justice,judge,1988,1992
ACT_EU_INST_CJEU_JUDG_AG_ES_ARA_SAH,1,degree,Law degree from the University of Barcelona,,,1983
ACT_EU_INST_CJEU_JUDG_AG_ES_ARA_SAH,2,position,Appointed as a district judge at the District Court of Sant Feliu de Llobregat and the District Court of Barcelona,judge,1985,1989
ACT_EU_INST_CJEU_JUDG_AG_ES_ARA_SAH,3,position,Assigned to the Social Court No 7 of Barcelona,judge,1989,1990
ACT_EU_INST_CJEU_JUDG_AG_ES_ARA_SAH,4,position,Joined the Social Division of the High Court of Justice of Catalonia,judge,1990,2009
ACT_EU_INST_CJEU_JUDG_AG_ES_ARA_SAH,5,position,Appointed to the Supreme Court of Spain as a judge,judge,2009,
ACT_EU_INST_CJEU_JUDG_AG_ES_ARA_SAH,6,position,Judge at the NATO Administrative Tribunal,judge,2013,2021
ACT_EU_INST_CJEU_JUDG_AG_ES_ARA_SAH,7,position,Associate professor in Employment and Social Security Law at the University of Barcelona,academic,1998,2008
ACT_EU_INST_CJEU_JUDG_AG_ES_ARA_SAH,8,position,"Lecturer at national judicial schools in Spain, Bulgaria, and Romania",academic,2006,2008
ACT_EU_INST_CJEU_JUDG_AG_ES_ARA_SAH,9,position,"Member of several bodies operating in EU law, training, examination of judges, and alternative dispute resolution",other,,
ACT_EU_INST_CJEU_JUDG_AG_ES_ARA_SAH,10,position,Judge at the Court of Justice,judge,2021,
ACT_EU_INST_CJEU_JUDG_AG_ES_ARA_SAH,11,position,President of Chamber at the Court of Justice,judge,2024,
ACT_EU_INST_CJEU_JUDG_AG_ES_ARA_SAH,12,membership,Member of the Advisory Board of the Derecho Social y Empresa,,,
ACT_EU_INST_CJEU_JUDG_AG_ES_ARA_SAH,13,membership,Member of the Advisory Board of the Franco-Spanish Friendship Association 'MUJERES AVENIR',,,
ACT_EU_INST_CJEU_JUDG_AG_ES_ARA_SAH,14,membership,Member of the Asociación Española de Salud y Seguridad Social (AESSS),,,
ACT_EU_INST_CJEU_JUDG_AG_ES_ARA_SAH,15,membership,Member of the Board of Directors of the Asociación Española para el Estudio del Derecho Europeo (AEDEUR),,,
ACT_EU_INST_CJEU_JUDG_AG_ES_ARA_SAH,16,membership,"Member of the European Association of Judges for Mediation, former President of its Spanish Section, and former Vice-President of its European Executive Committee",,,
ACT_EU_INST_CJEU_JUDG_AG_ES_ARA_SAH,17,membership,Member of the European Law Institute,,,
ACT_EU_INST_CJEU_JUDG_AG_ES_ARA_SAH,18,membership,Member of the Scientific Board of the Femeris Journal of Gender Studies,,,
ACT_EU_INST_CJEU_JUDG_AG_ES_ARA_SAH,19,membership,Member of the Women in a Legal World association,,,
ACT_EU_INST_CJEU_JUDG_AG_ES_ARA_SAH,20,membership,Member of the editorial board of the Revista Foro de Seguridad Social,,,
ACT_EU_INST_CJEU_JUDG_AG_EL_SKO,1,degree,"Graduated in law from the Free University, Berlin",,1970,
ACT_EU_INST_CJEU_JUDG_AG_EL_SKO,2,degree,Doctorate in Constitutional and Administrative Law at Hamburg University,,1973,
ACT_EU_INST_CJEU_JUDG_AG_EL_SKO,3,position,Assistant Professor at Hamburg University,academic,1972,1977
ACT_EU_INST_CJEU_JUDG_AG_EL_SKO,4,position,Professor of Public Law at Bielefeld University,academic,1978,
ACT_EU_INST_CJEU_JUDG_AG_EL_SKO,5,position,Professor of Public Law at the University of Thessaloniki,academic,1982,
ACT_EU_INST_CJEU_JUDG_AG_EL_SKO,6,position,Minister for Internal Affairs,politician,1989,1989
ACT_EU_INST_CJEU_JUDG_AG_EL_SKO,7,position,Minister for Internal Affairs,politician,1996,1996
ACT_EU_INST_CJEU_JUDG_AG_EL_SKO,8,membership,Member of the Administrative Board of the University of Crete,,1983,1987
ACT_EU_INST_CJEU_JUDG_AG_EL_SKO,9,position,"Director of the Centre for International and European Economic Law, Thessaloniki",academic,1997,2005
ACT_EU_INST_CJEU_JUDG_AG_EL_SKO,10,position,President of the Greek Association for European Law,other,1992,1994
ACT_EU_INST_CJEU_JUDG_AG_EL_SKO,11,membership,Member of the Greek National Research Committee,,1993,1995
ACT_EU_INST_CJEU_JUDG_AG_EL_SKO,12,membership,Member of the Higher Selection Board for Greek Civil Servants,,1994,1996
ACT_EU_INST_CJEU_JUDG_AG_EL_SKO,13,membership,"Member of the Academic Council of the Academy of European Law, Trier",,1995,
ACT_EU_INST_CJEU_JUDG_AG_EL_SKO,14,membership,Member of the Administrative Board of the Greek National Judges' College,,1995,1996
ACT_EU_INST_CJEU_JUDG_AG_EL_SKO,15,membership,Member of the Scientific Committee of the Ministry of Foreign Affairs,,1997,1999
ACT_EU_INST_CJEU_JUDG_AG_EL_SKO,16,position,President of the Greek Economic and Social Council,other,1998,1998
ACT_EU_INST_CJEU_JUDG_AG_EL_SKO,17,position,Judge at the Court of Justice,judge,1999,
ACT_EU_INST_CJEU_JUDG_AG_EL_SKO,18,position,President of the Court of Justice,judge,2003,2015
ACT_EU_INST_CJEU_JUDG_AG_EL_RAN,1,degree,Degree in law from the University of Athens,,1976,
ACT_EU_INST_CJEU_JUDG_AG_EL_RAN,2,degree,Master's degree with a specialisation in European law from the Université Libre de Bruxelles,,1990,
ACT_EU_INST_CJEU_JUDG_AG_EL_RAN,3,distinction,Fellow of the International Institute of Human Rights,,1992,
ACT_EU_INST_CJEU_JUDG_AG_EL_RAN,4,position,Lawyer at the Athens Bar,lawyer,1978,1979
ACT_EU_INST_CJEU_JUDG_AG_EL_RAN,5,position,"Junior officer at the Council of State, Greece",civil servant,1979,
ACT_EU_INST_CJEU_JUDG_AG_EL_RAN,6,position,"Junior member at the Council of State, Greece",civil servant,,
ACT_EU_INST_CJEU_JUDG_AG_EL_RAN,7,position,"Member at the Council of State, Greece",civil servant,,
ACT_EU_INST_CJEU_JUDG_AG_EL_RAN,8,position,"Vice-President at the Council of State, Greece",civil servant,,
ACT_EU_INST_CJEU_JUDG_AG_EL_RAN,9,position,"President at the Council of State, Greece",civil servant,,2020
ACT_EU_INST_CJEU_JUDG_AG_EL_RAN,10,position,"Member of the Superior Special Court, Greece",judge,2000,2020
ACT_EU_INST_CJEU_JUDG_AG_EL_RAN,11,position,"President of the Special Court for Actions against Judges, Greece",judge,2011,2020
ACT_EU_INST_CJEU_JUDG_AG_EL_RAN,12,position,"Member and then President of the Supreme Council for Administrative Justice, Greece",judge,1996,2020
ACT_EU_INST_CJEU_JUDG_AG_EL_RAN,13,position,"President of the Disciplinary Council for Teachers in Further Education Institutions, Greece",civil servant,2011,2020
ACT_EU_INST_CJEU_JUDG_AG_EL_RAN,14,position,President of Legislative Drafting Committees,other,,
ACT_EU_INST_CJEU_JUDG_AG_EL_RAN,15,membership,"Member of the Central Legislative Drafting Committee, Greece",,,
ACT_EU_INST_CJEU_JUDG_AG_EL_RAN,16,position,"Teacher of European law and Administrative law at the National School of Public Administration, Greece",academic,1990,1994
ACT_EU_INST_CJEU_JUDG_AG_EL_RAN,17,position,"Teacher of European law and Administrative law at the National School of Judicial Officers, Greece",academic,1995,2016
ACT_EU_INST_CJEU_JUDG_AG_EL_RAN,18,position,Advocate General at the Court of Justice,judge,2020,
ACT_EU_INST_CJEU_JUDG_AG_BE_DEL,1,degree,Doctor of Laws,,1922,
ACT_EU_INST_CJEU_JUDG_AG_BE_DEL,2,membership,Enrolled at the Louvain Bar,,,
ACT_EU_INST_CJEU_JUDG_AG_BE_DEL,3,membership,Enrolled at the Nivelles Bar,,,
ACT_EU_INST_CJEU_JUDG_AG_BE_DEL,4,position,Deputy for the district of Nivelles in the Chamber of Representatives,politician,1936,1946
ACT_EU_INST_CJEU_JUDG_AG_BE_DEL,5,position,Minister for Agriculture,politician,1945,
ACT_EU_INST_CJEU_JUDG_AG_BE_DEL,6,position,Returned to the bar,lawyer,1946,1949
ACT_EU_INST_CJEU_JUDG_AG_BE_DEL,7,position,Chairman of the Board of the Office des séquestres,other,1949,1953
ACT_EU_INST_CJEU_JUDG_AG_BE_DEL,8,position,Auditor of the Banque nationale,other,,
ACT_EU_INST_CJEU_JUDG_AG_BE_DEL,9,position,Director of the Société nationale de la petite propriété terrienne,other,,1953
ACT_EU_INST_CJEU_JUDG_AG_BE_DEL,10,position,Engaged in journalism,other,1931,1940
ACT_EU_INST_CJEU_JUDG_AG_BE_DEL,11,position,Engaged in journalism,other,1944,1945
ACT_EU_INST_CJEU_JUDG_AG_BE_DEL,12,position,Judge at the Court of Justice of the ECSC,judge,1952,1958
ACT_EU_INST_CJEU_JUDG_AG_BE_DEL,13,position,Judge at the Court of Justice of the European Communities,judge,1958,1967
ACT_EU_INST_CJEU_JUDG_AG_CZ_PAS,1,degree,Law degree from Universita Karlova,,,
ACT_EU_INST_CJEU_JUDG_AG_CZ_PAS,2,degree,Masters of Laws from University of Stockholm,,,2000
ACT_EU_INST_CJEU_JUDG_AG_CZ_PAS,3,degree,Doctoral thesis in law at Universita Karlova,,,2007
ACT_EU_INST_CJEU_JUDG_AG_CZ_PAS,4,position,Trainee judge at Prague City Court,judge,1997,2001
ACT_EU_INST_CJEU_JUDG_AG_CZ_PAS,5,position,Judge at Prague 2 District Court,judge,2001,2005
ACT_EU_INST_CJEU_JUDG_AG_CZ_PAS,6,position,Judge at Supreme Administrative Court of Czech Republic,judge,2005,2016
ACT_EU_INST_CJEU_JUDG_AG_CZ_PAS,7,position,Lecturer at Universita Karlova,academic,2001,2003
ACT_EU_INST_CJEU_JUDG_AG_CZ_PAS,8,position,Lecturer at Masaryk University,academic,2006,2016
ACT_EU_INST_CJEU_JUDG_AG_CZ_PAS,9,position,Lecturer at Palacký University Olomouc,academic,2014,2016
ACT_EU_INST_CJEU_JUDG_AG_CZ_PAS,10,position,Lecturer at the Judicial Academy of the Czech Republic,academic,2001,2016
ACT_EU_INST_CJEU_JUDG_AG_CZ_PAS,11,position,Judge at the General Court of the European Union,judge,2016,2020
ACT_EU_INST_CJEU_JUDG_AG_CZ_PAS,12,position,Judge at the Court of Justice,judge,2020,
ACT_EU_INST_CJEU_JUDG_AG_CZ_PAS,13,membership,Founding member of the Česká společnost pro evropské a srovnávací právo,,,
ACT_EU_INST_CJEU_JUDG_AG_PT_SIL_PAS,1,degree,Law degree at the Universidade Clássica de Lisboa,,,1975
ACT_EU_INST_CJEU_JUDG_AG_PT_SIL_PAS,2,degree,Diploma of advanced studies at the université de Strasbourg,,,1978
ACT_EU_INST_CJEU_JUDG_AG_PT_SIL_PAS,3,degree,Master of Laws at Harvard University,,,1984
ACT_EU_INST_CJEU_JUDG_AG_PT_SIL_PAS,4,position,Deputy Public Prosecutor at the Tribunal Judicial da Comarca de Cascais,civil servant; lawyer,1975,1976
ACT_EU_INST_CJEU_JUDG_AG_PT_SIL_PAS,5,position,Lawyer in the Secretariat of the European Commission of Human Rights,lawyer,1978,1986
ACT_EU_INST_CJEU_JUDG_AG_PT_SIL_PAS,6,position,Legal secretary to Judge José Carlos de Carvalho Moitinho de Almeida at the Court of Justice,civil servant; lawyer,1986,
ACT_EU_INST_CJEU_JUDG_AG_PT_SIL_PAS,7,position,Head of Division in the Secretariat of the Committee on Legal Affairs and Citizens' Rights of the European Parliament,civil servant,1988,1999
ACT_EU_INST_CJEU_JUDG_AG_PT_SIL_PAS,8,position,Head of Unit in the Legal Service of the European Parliament,civil servant,1999,2010
ACT_EU_INST_CJEU_JUDG_AG_PT_SIL_PAS,9,position,Director of Institutional and Parliamentary Affairs in the Legal Service of the European Parliament,civil servant,2010,2016
ACT_EU_INST_CJEU_JUDG_AG_PT_SIL_PAS,10,membership,Member of the Secretariat of the Convention on the Future of Europe,,2002,
ACT_EU_INST_CJEU_JUDG_AG_PT_SIL_PAS,11,position,Judge at the General Court,judge,2016,
ACT_EU_INST_CJEU_JUDG_AG_PT_SIL_PAS,12,position,President of Chamber,judge,2019,2025
ACT_EU_INST_CJEU_JUDG_AG_PT_GEN_MOU_RAM,1,position,"Professor at Law Faculty, Coimbra",academic,,
ACT_EU_INST_CJEU_JUDG_AG_PT_GEN_MOU_RAM,2,position,"Professor at Law Faculty of the Catholic University, Oporto",academic,,
ACT_EU_INST_CJEU_JUDG_AG_PT_GEN_MOU_RAM,3,distinction,Jean Monnet Chair,,,
ACT_EU_INST_CJEU_JUDG_AG_PT_GEN_MOU_RAM,4,position,"Course Director at the Academy of International Law, The Hague",academic,1984,
ACT_EU_INST_CJEU_JUDG_AG_PT_GEN_MOU_RAM,5,position,Visiting professor at Paris I Law University,academic,1995,
ACT_EU_INST_CJEU_JUDG_AG_PT_GEN_MOU_RAM,6,position,Portuguese Government delegate to United Nations Commission on International Trade Law,civil servant,,
ACT_EU_INST_CJEU_JUDG_AG_PT_GEN_MOU_RAM,7,position,Judge at the Court of First Instance,judge,1995,2003
ACT_EU_INST_CJEU_JUDG_AG_SI_TRS,1,degree,Judicial service examination,,1987,
ACT_EU_INST_CJEU_JUDG_AG_SI_TRS,2,degree,Doctor of Laws of the University of Ljubljana,,1995,
ACT_EU_INST_CJEU_JUDG_AG_SI_TRS,3,position,Professor of Theory of Law and State (jurisprudence) and of Private Law,academic,1996,
ACT_EU_INST_CJEU_JUDG_AG_SI_TRS,4,position,Researcher,academic,,
ACT_EU_INST_CJEU_JUDG_AG_SI_TRS,5,degree,"Postgraduate study at the University of Zurich, the Institute of Comparative Law of the University of Vienna, the Max Planck Institute for Private International Law in Hamburg, the Free University of Amsterdam",,,
ACT_EU_INST_CJEU_JUDG_AG_SI_TRS,6,position,Visiting Professor at the Universities of Vienna and Freiburg and at the Bucerius School of Law in Hamburg,academic,,
ACT_EU_INST_CJEU_JUDG_AG_SI_TRS,7,position,Head of the Legal Service,lawyer,1994,1996
ACT_EU_INST_CJEU_JUDG_AG_SI_TRS,8,position,State Secretary in the Ministry of Science and Technology,politician,1996,2000
ACT_EU_INST_CJEU_JUDG_AG_SI_TRS,9,position,Secretary-General of the Government,civil servant,2000,
ACT_EU_INST_CJEU_JUDG_AG_SI_TRS,10,membership,Member of the Study Group on a European Civil Code,,2003,
ACT_EU_INST_CJEU_JUDG_AG_SI_TRS,11,position,Responsible for a Humboldt research project (Humboldt Foundation),academic,,
ACT_EU_INST_CJEU_JUDG_AG_SI_TRS,12,distinction,'Lawyer of the Year 2003' prize of the Association of Slovene Lawyers,,2003,
ACT_EU_INST_CJEU_JUDG_AG_SI_TRS,13,membership,Member of the editorial board of a number of legal periodicals,,,
ACT_EU_INST_CJEU_JUDG_AG_SI_TRS,14,position,Secretary-General of the Association of Slovene Lawyers,other,,
ACT_EU_INST_CJEU_JUDG_AG_SI_TRS,15,membership,"Member of a number of lawyers' associations, including the Gesellschaft für Rechtsvergleichung",,,
ACT_EU_INST_CJEU_JUDG_AG_SI_TRS,16,position,Judge at the Court of First Instance,judge,2004,2006
ACT_EU_INST_CJEU_JUDG_AG_SI_TRS,17,position,Advocate General at the Court of Justice,judge,2006,2012
ACT_EU_INST_CJEU_JUDG_AG_EL_DIM,1,degree,Graduated in law from the National and Kapodistrian University of Athens,,1992,
ACT_EU_INST_CJEU_JUDG_AG_EL_DIM,2,degree,"Master's degree in law from the University of Paris II, Panthéon-Assas",,1994,
ACT_EU_INST_CJEU_JUDG_AG_EL_DIM,3,membership,Member of the Athens Bar,,1995,
ACT_EU_INST_CJEU_JUDG_AG_EL_DIM,4,position,Practised as a lawyer in Athens,lawyer,1995,1997
ACT_EU_INST_CJEU_JUDG_AG_EL_DIM,5,position,"Junior officer at the Council of State, Greece",civil servant,1998,2005
ACT_EU_INST_CJEU_JUDG_AG_EL_DIM,6,position,"Junior member of the Council of State, Greece",civil servant,2005,2022
ACT_EU_INST_CJEU_JUDG_AG_EL_DIM,7,position,"Councillor of State, Greece",civil servant,2022,
ACT_EU_INST_CJEU_JUDG_AG_EL_DIM,8,membership,"Member of the 'Planning and Organising' committee of the Council of State, Greece",,2009,2010
ACT_EU_INST_CJEU_JUDG_AG_EL_DIM,9,position,Principal legal adviser at the Office of the European Ombudsman,civil servant; lawyer,2005,2008
ACT_EU_INST_CJEU_JUDG_AG_EL_DIM,10,position,"Alternate Chairman of the Board of Appeal of the European Chemicals Agency, Helsinki",civil servant,2010,2020
ACT_EU_INST_CJEU_JUDG_AG_EL_DIM,11,position,Assistant judge at the Supreme Special Court and Special Court under Article 88(2) of the Greek Constitution,judge,2014,2015
ACT_EU_INST_CJEU_JUDG_AG_EL_DIM,12,position,"Vice-President of the Association of Judges of the Council of State, Greece",judge,2014,2016
ACT_EU_INST_CJEU_JUDG_AG_EL_DIM,13,position,"Senior Visiting Fellow at the University of California, Berkeley",academic,2003,2004
ACT_EU_INST_CJEU_JUDG_AG_EL_DIM,14,position,"Professor at the National School of Judicial Officers, Greece",academic,2010,
ACT_EU_INST_CJEU_JUDG_AG_EL_DIM,15,position,Judge at the General Court,judge,2022,
ACT_EU_INST_CJEU_JUDG_AG_IT_BOS,1,degree,Graduated in law at the University of Naples,,1925,
ACT_EU_INST_CJEU_JUDG_AG_IT_BOS,2,position,Assistant Secretary at the Ministry for Foreign Affairs,civil servant,1927,1932
ACT_EU_INST_CJEU_JUDG_AG_IT_BOS,3,position,Professor in international law at the University of Rome,academic,1932,
ACT_EU_INST_CJEU_JUDG_AG_IT_BOS,4,position,Head of the Faculty of Law of the University of Urbino,academic,1932,
ACT_EU_INST_CJEU_JUDG_AG_IT_BOS,5,position,Professor in international law at the University of Florence,academic,1933,1940
ACT_EU_INST_CJEU_JUDG_AG_IT_BOS,6,position,Professor in international law at the University of Rome,academic,1940,1975
ACT_EU_INST_CJEU_JUDG_AG_IT_BOS,7,position,"Director, Institute of International Law in the Faculty of Economics and Commerce at the University of Rome",academic,1966,
ACT_EU_INST_CJEU_JUDG_AG_IT_BOS,8,position,Senator,politician,1948,1972
ACT_EU_INST_CJEU_JUDG_AG_IT_BOS,9,position,Under-Secretary of State at the Ministry of Defence,politician,1953,1958
ACT_EU_INST_CJEU_JUDG_AG_IT_BOS,10,position,Vice-President of the Senate,politician,1958,1960
ACT_EU_INST_CJEU_JUDG_AG_IT_BOS,11,position,Minister of Education,politician,1960,1962
ACT_EU_INST_CJEU_JUDG_AG_IT_BOS,12,position,Minister of Justice,politician,1962,1963
ACT_EU_INST_CJEU_JUDG_AG_IT_BOS,13,position,Minister of Labour and Social Security,politician,1963,1964
ACT_EU_INST_CJEU_JUDG_AG_IT_BOS,14,position,Minister of Labour and Social Security,politician,1966,1968
ACT_EU_INST_CJEU_JUDG_AG_IT_BOS,15,position,Minister without Portfolio for United Nations Affairs,politician,1968,1969
ACT_EU_INST_CJEU_JUDG_AG_IT_BOS,16,position,Minister without Portfolio for United Nations Affairs,politician,1970,
ACT_EU_INST_CJEU_JUDG_AG_IT_BOS,17,position,Minister for Finance,politician,1969,1970
ACT_EU_INST_CJEU_JUDG_AG_IT_BOS,18,position,Minister of Post and Telecommunications,politician,1970,1972
ACT_EU_INST_CJEU_JUDG_AG_IT_BOS,19,position,Judge at the Court of Justice,judge,1976,1988
ACT_EU_INST_CJEU_JUDG_AG_IT_PERG,1,position,"Professor of Constitutional Law and General and Comparative Public Law at the Universities of Padua, Bologna and Rome",academic,,
ACT_EU_INST_CJEU_JUDG_AG_IT_PERG,2,membership,Member of the High Council of the Judiciary,,1976,1978
ACT_EU_INST_CJEU_JUDG_AG_IT_PERG,3,membership,Member of the Constitutional Court,,,
ACT_EU_INST_CJEU_JUDG_AG_IT_PERG,4,position,President of the Constitutional Court,judge,1986,1987
ACT_EU_INST_CJEU_JUDG_AG_IT_PERG,5,position,Minister for Community Policy,politician,1987,1989
ACT_EU_INST_CJEU_JUDG_AG_IT_PERG,6,position,Elected to the European Parliament,politician,1989,1994
ACT_EU_INST_CJEU_JUDG_AG_IT_PERG,7,position,Judge at the Court of Justice,judge,1994,1994
ACT_EU_INST_CJEU_JUDG_AG_IT_PERG,8,position,Advocate General at the Court of Justice,lawyer,1995,1999
ACT_EU_INST_CJEU_JUDG_AG_IT_PERG,9,position,Judge at the Court of Justice,judge,1999,2006
ACT_EU_INST_CJEU_JUDG_AG_LV_REI,1,degree,degree in law from the University of Latvia,,,1996
ACT_EU_INST_CJEU_JUDG_AG_LV_REI,2,degree,master's degree from the European Inter-University Centre for Human Rights and Democratisation,,,1998
ACT_EU_INST_CJEU_JUDG_AG_LV_REI,3,position,lawyer at the Latvian National Human Rights Office,civil servant; lawyer,1995,1999
ACT_EU_INST_CJEU_JUDG_AG_LV_REI,4,position,adviser in the mission in Kosovo for the OSCE,other,1999,2002
ACT_EU_INST_CJEU_JUDG_AG_LV_REI,5,position,adviser in the mission in Montenegro for the OSCE,other,2002,2003
ACT_EU_INST_CJEU_JUDG_AG_LV_REI,6,position,lawyer at the Latvian Ministry of Foreign Affairs,civil servant; lawyer,2003,2012
ACT_EU_INST_CJEU_JUDG_AG_LV_REI,7,membership,member of the Steering Committee for Human Rights of the Council of Europe,,,
ACT_EU_INST_CJEU_JUDG_AG_LV_REI,8,position,head of division at the Permanent Representation of Latvia to the European Union,civil servant,2012,2015
ACT_EU_INST_CJEU_JUDG_AG_LV_REI,9,position,legal adviser at the Permanent Representation of Latvia to the European Union,civil servant; lawyer,2012,2016
ACT_EU_INST_CJEU_JUDG_AG_LV_REI,10,position,Judge at the General Court,judge,2016,
ACT_EU_INST_CJEU_JUDG_AG_LV_REI,11,membership,Arbitrator at the OSCE Court of Conciliation and Arbitration,,,
ACT_EU_INST_CJEU_JUDG_AG_LV_REI,12,distinction,Atzinības krusts (IV. šķira),,2011,
ACT_EU_INST_CJEU_JUDG_AG_DE_KIR,1,position,Magistrate at Land Nordrhein-Westfalen,civil servant,,
ACT_EU_INST_CJEU_JUDG_AG_DE_KIR,2,position,"Official at the Ministry of Justice, Department of Community Law and Human Rights",civil servant,,
ACT_EU_INST_CJEU_JUDG_AG_DE_KIR,3,position,Assistant in the office of the Danish member of the Commission,civil servant,,
ACT_EU_INST_CJEU_JUDG_AG_DE_KIR,4,position,Penalties in the Federal Ministry of Justice,civil servant,,
ACT_EU_INST_CJEU_JUDG_AG_DE_KIR,5,position,"Principal of the Minister's Office, final post",civil servant,,
ACT_EU_INST_CJEU_JUDG_AG_DE_KIR,6,position,Director (Ministerialdirigent) of an under-department dealing with criminal law,civil servant,,
ACT_EU_INST_CJEU_JUDG_AG_DE_KIR,7,position,Judge at the Court of First Instance,judge,1989,1997
ACT_EU_INST_CJEU_JUDG_AG_DK_SPA_GRO,1,degree,Law degree from University of Copenhagen,,2004,
ACT_EU_INST_CJEU_JUDG_AG_DK_SPA_GRO,2,degree,Master's degree in law from University of Copenhagen,,2007,
ACT_EU_INST_CJEU_JUDG_AG_DK_SPA_GRO,3,degree,Master's degree from the College of Europe,,2007,
ACT_EU_INST_CJEU_JUDG_AG_DK_SPA_GRO,4,position,Admitted as a lawyer in Denmark,lawyer,2012,
ACT_EU_INST_CJEU_JUDG_AG_DK_SPA_GRO,5,position,Trainee lawyer,lawyer,2007,2009
ACT_EU_INST_CJEU_JUDG_AG_DK_SPA_GRO,6,position,Lecturer in EU law at University of Copenhagen,academic,2007,
ACT_EU_INST_CJEU_JUDG_AG_DK_SPA_GRO,7,position,Senior lecturer in EU law at University of Copenhagen,academic,2007,
ACT_EU_INST_CJEU_JUDG_AG_DK_SPA_GRO,8,position,Lawyer-linguist at the General Secretariat of the Council of the European Union,civil servant; lawyer,2009,2013
ACT_EU_INST_CJEU_JUDG_AG_DK_SPA_GRO,9,position,"Member of the Legal Service of the European Commission, Budget team",civil servant,2013,2016
ACT_EU_INST_CJEU_JUDG_AG_DK_SPA_GRO,10,position,Legal Secretary to Judge Jesper Svenningsen at the General Court of the European Union,civil servant; lawyer,,2018
ACT_EU_INST_CJEU_JUDG_AG_DK_SPA_GRO,11,position,"Member of the Cabinet of Margrethe Vestager, Executive Vice-President of the European Commission",civil servant,2019,
ACT_EU_INST_CJEU_JUDG_AG_DK_SPA_GRO,12,position,Member of the Justice and Home Affairs team of the Legal Service of the European Commission,civil servant,2020,2023
ACT_EU_INST_CJEU_JUDG_AG_DK_SPA_GRO,13,position,Judge of the General Court,judge,2023,
ACT_EU_INST_CJEU_JUDG_AG_IE_O_KEL_MAC,1,membership,Called to the Bar of Ireland,,1972,
ACT_EU_INST_CJEU_JUDG_AG_IE_O_KEL_MAC,2,position,Legal Advisor for Patent and Trade Mark Agents,lawyer,1973,1979
ACT_EU_INST_CJEU_JUDG_AG_IE_O_KEL_MAC,3,position,Barrister of the Bar of Ireland,lawyer,1979,1995
ACT_EU_INST_CJEU_JUDG_AG_IE_O_KEL_MAC,4,position,Senior Counsel of the Bar of Ireland,lawyer,1995,1998
ACT_EU_INST_CJEU_JUDG_AG_IE_O_KEL_MAC,5,membership,Member of the Bar of England and Wales,,,
ACT_EU_INST_CJEU_JUDG_AG_IE_O_KEL_MAC,6,position,Judge of the High Court in Ireland,judge,1998,
ACT_EU_INST_CJEU_JUDG_AG_IE_O_KEL_MAC,7,position,"Lecturer in Legal Systems and Methods at Trinity College, Dublin",academic,,
ACT_EU_INST_CJEU_JUDG_AG_IE_O_KEL_MAC,8,position,"'Averil Deverell' Lecturer in Commercial Law at Trinity College, Dublin",academic,,
ACT_EU_INST_CJEU_JUDG_AG_IE_O_KEL_MAC,9,membership,Bencher of the Honourable Society of King's Inns,,,
ACT_EU_INST_CJEU_JUDG_AG_IE_O_KEL_MAC,10,position,Judge at the Court of Justice,judge,1999,2004
ACT_EU_INST_CJEU_JUDG_AG_SI_BOS,1,degree,Law degree from the University of Ljubljana,,1996,
ACT_EU_INST_CJEU_JUDG_AG_SI_BOS,2,degree,Master's degree in law from the University of Ljubljana,,1999,
ACT_EU_INST_CJEU_JUDG_AG_SI_BOS,3,degree,Doctorate in law from the University of Ljubljana,,2002,
ACT_EU_INST_CJEU_JUDG_AG_SI_BOS,4,position,"Research assistant at the Institute of Criminology at the Faculty of Law, University of Ljubljana",academic,1996,2002
ACT_EU_INST_CJEU_JUDG_AG_SI_BOS,5,position,"Research fellow at the Institute of Criminology at the Faculty of Law, University of Ljubljana",academic,2002,2006
ACT_EU_INST_CJEU_JUDG_AG_SI_BOS,6,position,Senior research fellow and president of the scientific council at the Institute of Criminology,academic,2006,2008
ACT_EU_INST_CJEU_JUDG_AG_SI_BOS,7,position,"Assistant professor at the Faculty of Social Sciences, University of Ljubljana",academic,2006,2011
ACT_EU_INST_CJEU_JUDG_AG_SI_BOS,8,position,Assistant professor at the European Law Faculty of the New University,academic,2011,
ACT_EU_INST_CJEU_JUDG_AG_SI_BOS,9,position,Associate professor at the European Law Faculty of the New University,academic,2012,2022
ACT_EU_INST_CJEU_JUDG_AG_SI_BOS,10,distinction,Honorary Professor of Practice at University College London,,2025,
ACT_EU_INST_CJEU_JUDG_AG_SI_BOS,11,position,Member of the European Law Institute Senate,other,2025,
ACT_EU_INST_CJEU_JUDG_AG_SI_BOS,12,position,Independent advisor to the Constitutional Court of the Republic of Slovenia,civil servant; lawyer,2002,2006
ACT_EU_INST_CJEU_JUDG_AG_SI_BOS,13,position,Principal advisor to the Constitutional Court of the Republic of Slovenia,civil servant; lawyer,2006,2008
ACT_EU_INST_CJEU_JUDG_AG_SI_BOS,14,position,Trainee lawyer at a Slovenian law firm,lawyer,2008,
ACT_EU_INST_CJEU_JUDG_AG_SI_BOS,15,position,Lawyer at a Slovenian law firm,lawyer,,2012
ACT_EU_INST_CJEU_JUDG_AG_SI_BOS,16,position,Associate at a Slovenian law firm,lawyer,2012,2016
ACT_EU_INST_CJEU_JUDG_AG_SI_BOS,17,position,Head of the constitutional and international law department of a Slovenian law firm,lawyer,,2016
ACT_EU_INST_CJEU_JUDG_AG_SI_BOS,18,position,Judge at the European Court of Human Rights,judge,2016,2022
ACT_EU_INST_CJEU_JUDG_AG_SI_BOS,19,position,Section President and Vice-President of the European Court of Human Rights,judge,2022,2024
ACT_EU_INST_CJEU_JUDG_AG_SI_BOS,20,position,President of the European Court of Human Rights,judge,2024,2025
ACT_EU_INST_CJEU_JUDG_AG_SI_BOS,21,position,Judge at the Court of Justice,judge,2025,
ACT_EU_INST_CJEU_JUDG_AG_SI_BOS,22,membership,Member of the Nomination Committee of Thomas Reuters Founders' Share Company,,,
ACT_EU_INST_CJEU_JUDG_AG_SI_BOS,23,membership,Member of the editorial board of the Slovenian legal journal 'Pravna praksa',,,
ACT_EU_INST_CJEU_JUDG_AG_SI_BOS,24,membership,Member of the European Law Institute,,,
ACT_EU_INST_CJEU_JUDG_AG_UK_MAH,1,degree,Master of Arts from Oxford University,,,1967
ACT_EU_INST_CJEU_JUDG_AG_UK_MAH,2,degree,Master of Laws from University College London,,,1969
ACT_EU_INST_CJEU_JUDG_AG_UK_MAH,3,position,Lecturer at University College London,academic,1967,1973
ACT_EU_INST_CJEU_JUDG_AG_UK_MAH,4,position,Barrister in London,lawyer,1972,1974
ACT_EU_INST_CJEU_JUDG_AG_UK_MAH,5,position,Administrator/Principal Administrator at the European Court of Human Rights,civil servant,1974,1990
ACT_EU_INST_CJEU_JUDG_AG_UK_MAH,6,position,"Visiting Professor at the University of Saskatchewan, Saskatoon, Canada",academic,1988,1988
ACT_EU_INST_CJEU_JUDG_AG_UK_MAH,7,position,Head of Personnel at the Council of Europe,civil servant,1990,1993
ACT_EU_INST_CJEU_JUDG_AG_UK_MAH,8,position,Head of Division at the European Court of Human Rights,civil servant,1993,1995
ACT_EU_INST_CJEU_JUDG_AG_UK_MAH,9,position,Deputy Registrar at the European Court of Human Rights,civil servant,1995,2001
ACT_EU_INST_CJEU_JUDG_AG_UK_MAH,10,position,Registrar of the European Court of Human Rights,civil servant,2001,2005
ACT_EU_INST_CJEU_JUDG_AG_UK_MAH,11,position,President of the Civil Service Tribunal,judge,2005,2011
ACT_EU_INST_CJEU_JUDG_AG_PL_POL,1,degree,Graduated in law,,1995,
ACT_EU_INST_CJEU_JUDG_AG_PL_POL,2,degree,Doctoral thesis in law at the Jagiellonian University,,2001,
ACT_EU_INST_CJEU_JUDG_AG_PL_POL,3,degree,Habilitated Doctor in Legal Science,,2011,
ACT_EU_INST_CJEU_JUDG_AG_PL_POL,4,degree,Professor of Legal Science,,2022,
ACT_EU_INST_CJEU_JUDG_AG_PL_POL,5,membership,Member of the Polskie Stowarzyszenie Prawa Europejskiego,,,
ACT_EU_INST_CJEU_JUDG_AG_PL_POL,6,membership,Member of the Research Network on EU Administrative Law 'ReNEUAL',,,
ACT_EU_INST_CJEU_JUDG_AG_PL_POL,7,membership,Member of the editorial committee of the legal journal Europejski Przegląd Sądowy,,,
ACT_EU_INST_CJEU_JUDG_AG_PL_POL,8,membership,Member of the editorial committee of the legal journal Państwo i Prawo,,,
ACT_EU_INST_CJEU_JUDG_AG_PL_POL,9,membership,Member of the programme committee of the legal journal The Polish Review of International and European Law,,,
ACT_EU_INST_CJEU_JUDG_AG_PL_POL,10,membership,Member of the advisory board of the legal journal Review of European Administrative Law,,,
ACT_EU_INST_CJEU_JUDG_AG_PL_POL,11,membership,Member of the advisory group of the Association of European Administrative Judges,,,
ACT_EU_INST_CJEU_JUDG_AG_PL_POL,12,position,Admitted to the Bar of the Polish legal counsel and worked from 2000 to 2012 as a legal counsel,lawyer,2000,2012
ACT_EU_INST_CJEU_JUDG_AG_PL_POL,13,position,"Judge at the Wojewódzki Sąd Administracyjny w Krakowie (Regional Administrative Court, Kraków)",judge,2012,
ACT_EU_INST_CJEU_JUDG_AG_PL_POL,14,position,"Seconded to the Naczelny Sąd Administracyjny (Supreme Administrative Court, Poland) in 2014",judge,2014,
ACT_EU_INST_CJEU_JUDG_AG_PL_POL,15,position,Director of the EU Law Department of the Naczelny Sąd Administracyjny from 2013 to 2016,civil servant,2013,2016
ACT_EU_INST_CJEU_JUDG_AG_PL_POL,16,position,Lecturer at the Uniwersytet Jagielloński from 1995 to 2003,academic,1995,2003
ACT_EU_INST_CJEU_JUDG_AG_PL_POL,17,position,Associate Professor at the EU Law Department at the Uniwersytet Jagielloński from 2003 to 2013,academic,2003,2013
ACT_EU_INST_CJEU_JUDG_AG_PL_POL,18,position,Professor in the EU Law Department at the Uniwersytet Jagielloński since 2013,academic,2013,
ACT_EU_INST_CJEU_JUDG_AG_PL_POL,19,position,Directed Postgraduate Study Programmes in EU law at the Uniwersytet Jagielloński from 2006 to 2016,academic,2006,2016
ACT_EU_INST_CJEU_JUDG_AG_PL_POL,20,position,Visiting Scholar at Oxford University in 1998,academic,1998,
ACT_EU_INST_CJEU_JUDG_AG_PL_POL,21,position,Visiting Scholar at the European University Institute of Florence in 2005,academic,2005,
ACT_EU_INST_CJEU_JUDG_AG_PL_POL,22,position,Judge at the General Court appointed on 13 April 2016,judge,2016,
ACT_EU_INST_CJEU_JUDG_AG_PL_POL,23,position,President of Chamber at the General Court since 16 September 2025,judge,2025,
ACT_EU_INST_CJEU_JUDG_AG_PL_POL,24,distinction,Award from the Polish Prime Minister for an outstanding doctoral thesis in 2002,,2002,
ACT_EU_INST_CJEU_JUDG_AG_PL_POL,25,distinction,Distinction in the national legal journal Państwo i Prawo competition for best doctoral thesis in 2002,,2002,
ACT_EU_INST_CJEU_JUDG_AG_PL_POL,26,distinction,Fundacja Promocji Prawa Europejskiego prize for the book Odpowiedzialność odszkodowawcza państwa w prawie Wspólnot Europejskich in 2003,,2003,
ACT_EU_INST_CJEU_JUDG_AG_PL_POL,27,distinction,Legal journal Dziennik Gazeta Prawna competition award for the best advisors in tax disputes in 2009,,2009,
ACT_EU_INST_CJEU_JUDG_AG_PL_POL,28,distinction,Uniwersytet Jagielloński Chancellor's award for outstanding academic work in 2011,,2011,
ACT_EU_INST_CJEU_JUDG_AG_PL_POL,29,distinction,Award from the Minister of Science and Higher Education (Poland) in 2012,,2012,
ACT_EU_INST_CJEU_JUDG_AG_PL_POL,30,distinction,National legal journal Państwo i Prawo competition award for best habilitation thesis in 2013,,2013,
ACT_EU_INST_CJEU_JUDG_AG_IT_PIT,1,degree,Graduated in law from the University of Palermo,,1982,
ACT_EU_INST_CJEU_JUDG_AG_IT_PIT,2,position,Researcher and teacher of constitutional law at the University of Palermo,academic,1983,1986
ACT_EU_INST_CJEU_JUDG_AG_IT_PIT,3,position,Lecturer in constitutional law at the University of Cagliari,academic,1986,1997
ACT_EU_INST_CJEU_JUDG_AG_IT_PIT,4,position,Teacher at the University of Palermo,academic,,
ACT_EU_INST_CJEU_JUDG_AG_IT_PIT,5,position,Teacher of constitutional and competition law at the Free International University of Social Studies Guido Carli,academic,2014,2017
ACT_EU_INST_CJEU_JUDG_AG_IT_PIT,6,position,Legal adviser to the Italian Government,civil servant; lawyer,1993,1996
ACT_EU_INST_CJEU_JUDG_AG_IT_PIT,7,position,President of the Commission for application of the special status of the Region of Sicily,civil servant,1998,2002
ACT_EU_INST_CJEU_JUDG_AG_IT_PIT,8,position,Member of the Commission for proper exercise of the right to strike in essential public services,civil servant,2006,
ACT_EU_INST_CJEU_JUDG_AG_IT_PIT,9,position,President of the Commission for proper exercise of the right to strike in essential public services,civil servant,2009,2011
ACT_EU_INST_CJEU_JUDG_AG_IT_PIT,10,position,Legal adviser to the Italian Ministry of Health,civil servant; lawyer,2008,2011
ACT_EU_INST_CJEU_JUDG_AG_IT_PIT,11,position,President of the Italian Competition Authority,civil servant,2011,2018
ACT_EU_INST_CJEU_JUDG_AG_IT_PIT,12,position,Member of the Commission for institutional reforms in the economic and social field,civil servant,2013,
ACT_EU_INST_CJEU_JUDG_AG_IT_PIT,13,position,Expert member of the Commission for constitutional reforms,civil servant,2013,
ACT_EU_INST_CJEU_JUDG_AG_IT_PIT,14,position,Advocate General at the Court of Justice,judge,2018,2023
ACT_EU_INST_CJEU_JUDG_AG_IT_CON,1,degree,Undergraduate law degree from the Università degli Studi di Genova,,1988,
ACT_EU_INST_CJEU_JUDG_AG_IT_CON,2,degree,Doctorate in European Communities law from the Università degli Studi di Bologna,,1993,
ACT_EU_INST_CJEU_JUDG_AG_IT_CON,3,position,"Assistant for teaching and scientific activities at the Università degli Studi di Milano, faculty of law",academic,1990,1996
ACT_EU_INST_CJEU_JUDG_AG_IT_CON,4,position,Researcher in international law at the Università degli Studi di Milano,academic,1996,1998
ACT_EU_INST_CJEU_JUDG_AG_IT_CON,5,position,Legal secretary at the Court of Justice of the European Communities for Advocate General Giuseppe Tesauro and Advocate General Antonio Saggio,civil servant; lawyer,1997,
ACT_EU_INST_CJEU_JUDG_AG_IT_CON,6,position,"Associate professor teaching international law at the Università di Bologna and European Union law at Università Cattolica del Sacro Cuore, Università degli Studi di Genova, and the Università degli Studi di Milano",academic,1998,
ACT_EU_INST_CJEU_JUDG_AG_IT_CON,7,position,Tenured professor of European Union law at Università degli Studi di Milano,academic,2005,
ACT_EU_INST_CJEU_JUDG_AG_IT_CON,8,position,Coordinator of the international law and EU law section of the department of Italian public law and supranational law at Università degli Studi di Milano,academic,2014,2018
ACT_EU_INST_CJEU_JUDG_AG_IT_CON,9,position,"Guest lecturer at université Paris-Panthéon-Assas, université Montesquieu Bordeaux IV, Universitatea 'Alexandru Ioan Cuza' din Iași, and université de Genève",academic,,
ACT_EU_INST_CJEU_JUDG_AG_IT_CON,10,position,Director of the Review of European litigation,other,2023,
ACT_EU_INST_CJEU_JUDG_AG_IT_CON,11,position,Coordinator of the Office for the resolution of infringement proceedings at the Presidency of the Council of Ministers of the Italian Republic,civil servant,2016,2018
ACT_EU_INST_CJEU_JUDG_AG_IT_CON,12,position,Coordinator of the Office for the resolution of infringement proceedings at the Presidency of the Council of Ministers of the Italian Republic,civil servant,2019,2023
ACT_EU_INST_CJEU_JUDG_AG_IT_CON,13,position,Practised as a lawyer at the Biella and Milan Bars,lawyer,2005,2024
ACT_EU_INST_CJEU_JUDG_AG_IT_CON,14,position,Member of the Board of the Academy of European Law in Trier (ERA),other,,
ACT_EU_INST_CJEU_JUDG_AG_IT_CON,15,membership,Member of Società Italiana di Diritto Internazionale e dell'Unione europea (SIDI),,,
ACT_EU_INST_CJEU_JUDG_AG_IT_CON,16,membership,Member of the Association Française d'Études Européennes (AFÉE),,,
ACT_EU_INST_CJEU_JUDG_AG_IT_CON,17,membership,Member of the Associazione Italiana degli Studiosi di Diritto dell'Unione europea (AISDUE),,,
ACT_EU_INST_CJEU_JUDG_AG_IT_CON,18,membership,Member of the Management Board of the legal journal Eurojus,,,
ACT_EU_INST_CJEU_JUDG_AG_IT_CON,19,membership,Member of the scientific committee of the Rivista italiana di diritto pubblico comunitario,,,
ACT_EU_INST_CJEU_JUDG_AG_IT_CON,20,distinction,Holder of Jean Monnet Chair ad personam 'Chi ha paura dell'Europa?' at Università degli Studi di Milano,,2017,2020
ACT_EU_INST_CJEU_JUDG_AG_IT_CON,21,distinction,"Holder of Jean Monnet Chair ad personam 'Espace de liberté, sécurité et justice: protection juridictionnelle et libre circulation des personnes' at Università degli Studi di Milano",,2009,2012
ACT_EU_INST_CJEU_JUDG_AG_IT_CON,22,position,Judge at the Court of Justice,judge,2024,
ACT_EU_INST_CJEU_JUDG_AG_FR_LAG,1,position,Legal Assistant (Second Class) at the Council of State,civil servant,1924,
ACT_EU_INST_CJEU_JUDG_AG_FR_LAG,2,position,Legal Assistant (First Class) at the Council of State,civil servant,1929,
ACT_EU_INST_CJEU_JUDG_AG_FR_LAG,3,position,Legal Adviser at the Council of State,civil servant,1934,
ACT_EU_INST_CJEU_JUDG_AG_FR_LAG,4,position,Councillor of State in the Finance Section,civil servant,1945,
ACT_EU_INST_CJEU_JUDG_AG_FR_LAG,5,position,Commissaire du gouvernement,civil servant,,
ACT_EU_INST_CJEU_JUDG_AG_FR_LAG,6,position,Legal expert in the negotiations which resulted in the signing of the Treaty establishing the ECSC,civil servant; lawyer,1950,
ACT_EU_INST_CJEU_JUDG_AG_FR_LAG,7,position,Advocate General at the Court of Justice of the ECSC,judge,1952,1958
ACT_EU_INST_CJEU_JUDG_AG_FR_LAG,8,position,Advocate General at the Court of Justice of the European Communities,judge,1958,1964
ACT_EU_INST_CJEU_JUDG_AG_SI_BRK,1,degree,Bachelor of Law degree from the Univerza v Ljubljani,,2003,
ACT_EU_INST_CJEU_JUDG_AG_SI_BRK,2,degree,LL. M. from New York University,,2004,
ACT_EU_INST_CJEU_JUDG_AG_SI_BRK,3,degree,Diploma of the Academy of European Law at the European University Institute,,2004,
ACT_EU_INST_CJEU_JUDG_AG_SI_BRK,4,degree,Doctorate in law at the Univerza v Ljubljani,,2007,
ACT_EU_INST_CJEU_JUDG_AG_SI_BRK,5,position,Lawyer-linguist at the Court of Justice of the European Union,civil servant; lawyer,2004,
ACT_EU_INST_CJEU_JUDG_AG_SI_BRK,6,position,Trainee in the cabinet of Judge Aindrias Ó Caoimh at the Court of Justice,civil servant,2005,
ACT_EU_INST_CJEU_JUDG_AG_SI_BRK,7,position,"Trainee at the Višje sodišče v Ljubljani (Court of Appeal, Ljubljana, Slovenia)",civil servant,2005,2006
ACT_EU_INST_CJEU_JUDG_AG_SI_BRK,8,position,Legal Assistant at the Court of Justice of the European Union,civil servant,2007,2008
ACT_EU_INST_CJEU_JUDG_AG_SI_BRK,9,position,Legal Secretary to Advocate General Verica Trstenjak,civil servant; lawyer,2008,2011
ACT_EU_INST_CJEU_JUDG_AG_SI_BRK,10,position,Legal Secretary in the cabinet of Judge Marko Ilešič,civil servant; lawyer,2011,2013
ACT_EU_INST_CJEU_JUDG_AG_SI_BRK,11,position,Assistant professor in EU law at Universiteit Maastricht,academic,2013,2018
ACT_EU_INST_CJEU_JUDG_AG_SI_BRK,12,position,Associate professor in EU law at Universiteit Maastricht,academic,2018,2021
ACT_EU_INST_CJEU_JUDG_AG_SI_BRK,13,position,Lecturer at Universiteit Hasselt,academic,2014,
ACT_EU_INST_CJEU_JUDG_AG_SI_BRK,14,position,Visiting lecturer at the Univerza na Primorskem,academic,2011,
ACT_EU_INST_CJEU_JUDG_AG_SI_BRK,15,position,Visiting lecturer at Běijīng Shīfàn Dàxué,academic,2014,
ACT_EU_INST_CJEU_JUDG_AG_SI_BRK,16,position,Researcher at the European University Institute in Florence,academic,2016,
ACT_EU_INST_CJEU_JUDG_AG_SI_BRK,17,position,"Researcher at the University of California, Berkeley",academic,2019,
ACT_EU_INST_CJEU_JUDG_AG_SI_BRK,18,position,Researcher at the Universitat Autònoma de Barcelona,academic,2019,
ACT_EU_INST_CJEU_JUDG_AG_SI_BRK,19,position,Researcher at the Univerza v Ljubljani,academic,2020,
ACT_EU_INST_CJEU_JUDG_AG_SI_BRK,20,position,Associate director of the Maastricht Centre for European Law,academic,2017,2020
ACT_EU_INST_CJEU_JUDG_AG_SI_BRK,21,position,"Coordinator of the 'Advanced Master in Privacy, Cybersecurity and Data Management' programme",academic,2021,
ACT_EU_INST_CJEU_JUDG_AG_SI_BRK,22,position,Member of the examination board of Universiteit Maastricht,academic,2018,2020
ACT_EU_INST_CJEU_JUDG_AG_SI_BRK,23,membership,Member of the Council of the European Law Institute,,2013,2019
ACT_EU_INST_CJEU_JUDG_AG_SI_BRK,24,position,Associate editor of the European Data Protection Law Review,academic,2015,2021
ACT_EU_INST_CJEU_JUDG_AG_SI_BRK,25,membership,Member of the editorial board of the European Data Protection Law Review,,2021,
ACT_EU_INST_CJEU_JUDG_AG_SI_BRK,26,membership,Member of the editorial board of EU Law Live,,2020,
ACT_EU_INST_CJEU_JUDG_AG_SI_BRK,27,position,Judge at the General Court,judge,2021,
ACT_EU_INST_CJEU_JUDG_AG_SI_BRK,28,position,Advocate General dealing with requests for preliminary rulings,judge,2024,
ACT_EU_INST_CJEU_JUDG_AG_SI_BRK,29,membership,Distinguished Fellow of the Maastricht Centre for European Law,,,
ACT_EU_INST_CJEU_JUDG_AG_SI_BRK,30,membership,Member of the editorial board of EU Law Live,,,
ACT_EU_INST_CJEU_JUDG_AG_SI_BRK,31,membership,Member of the editorial board of the European Data Protection Law Review,,,
ACT_EU_INST_CJEU_JUDG_AG_SI_BRK,32,membership,Member of the Pravniško društvo v Mariboru,,,
ACT_EU_INST_CJEU_JUDG_AG_SI_BRK,33,membership,Member of the Maastricht Law and Tech Lab,,,
ACT_EU_INST_CJEU_JUDG_AG_SI_BRK,34,membership,Member of the European Law Institute,,,
ACT_EU_INST_CJEU_JUDG_AG_SI_BRK,35,membership,Member of the European Centre on Privacy and Cybersecurity,,,
ACT_EU_INST_CJEU_JUDG_AG_SI_BRK,36,membership,Member of the 'Friends of the Hamburg Max Planck Institute for Comparative and International Private Law',,,
ACT_EU_INST_CJEU_JUDG_AG_SI_BRK,37,membership,Member of the Slovensko društvo za evropsko pravo,,,
ACT_EU_INST_CJEU_JUDG_AG_SI_BRK,38,membership,Member of the Svetovna mreža Univerze v Ljubljani,,,
ACT_EU_INST_CJEU_JUDG_AG_SI_BRK,39,distinction,Young Lawyer of the Year Award 2007 by Zveza društev pravnikov Slovenije,,2007,
ACT_EU_INST_CJEU_JUDG_AG_SI_BRK,40,distinction,J. H. H. Weiler Prize for the best research paper in the field of EU law,,2003,
ACT_EU_INST_CJEU_JUDG_AG_SI_BRK,41,distinction,Distinction for outstanding achievement in legal studies at Faculty of Law of the Univerza v Ljubljani,,2003,
ACT_EU_INST_CJEU_JUDG_AG_DK_FEN,1,degree,"Law degree from Københavns Universitet (University of Copenhagen, Denmark)",,1992,
ACT_EU_INST_CJEU_JUDG_AG_DK_FEN,2,degree,"Doctorate in law from Aarhus Universitet (Aarhus University, Denmark)",,2004,
ACT_EU_INST_CJEU_JUDG_AG_DK_FEN,3,position,"Head of Section at the European Union Law Office, Danish Ministry of Justice",civil servant,1992,1993
ACT_EU_INST_CJEU_JUDG_AG_DK_FEN,4,position,"Head of Section at the Civil Law Office, Danish Ministry of Justice",civil servant,1993,1994
ACT_EU_INST_CJEU_JUDG_AG_DK_FEN,5,position,"Legal secretary in the cabinet of Advocate General Michael Bendik Elmer, Court of Justice of the European Union",lawyer,1994,
ACT_EU_INST_CJEU_JUDG_AG_DK_FEN,6,position,Researcher teaching administrative law and EU law at Københavns Universitet,academic,1995,
ACT_EU_INST_CJEU_JUDG_AG_DK_FEN,7,position,"Head of Section at the Constitutional and Administrative Law Office, Danish Ministry of Justice",civil servant,1996,2000
ACT_EU_INST_CJEU_JUDG_AG_DK_FEN,8,position,"Head of Office, Danish Ministry of the Interior",civil servant,2001,
ACT_EU_INST_CJEU_JUDG_AG_DK_FEN,9,position,"Director of the legal department, EFTA Surveillance Authority",lawyer,2002,2009
ACT_EU_INST_CJEU_JUDG_AG_DK_FEN,10,position,Professor of administrative law at the Københavns Universitet,academic,2009,2017
ACT_EU_INST_CJEU_JUDG_AG_DK_FEN,11,position,Judge at the Østre Landsret (High Court of Eastern Denmark),judge,2014,2015
ACT_EU_INST_CJEU_JUDG_AG_DK_FEN,12,position,Judge at the Østre Landsret (High Court of Eastern Denmark),judge,2017,2019
ACT_EU_INST_CJEU_JUDG_AG_DK_FEN,13,membership,Member of the Danish committee responsible for ruling on the admissibility of appeals in civil and criminal matters,,2014,2016
ACT_EU_INST_CJEU_JUDG_AG_DK_FEN,14,position,Danish Parliamentary Ombudsman,politician,2019,2024
ACT_EU_INST_CJEU_JUDG_AG_DK_FEN,15,position,Judge at the Court of Justice,judge,2024,
ACT_EU_INST_CJEU_JUDG_AG_DK_FEN,16,distinction,Knight 1st Class of the Order of Dannebrog,,2021,
ACT_EU_INST_CJEU_JUDG_AG_SK_GAV,1,degree,Degree in mechanical engineering in heat engines and nuclear equipment,,,
ACT_EU_INST_CJEU_JUDG_AG_SK_GAV,2,degree,Magister degree in law,,,1995
ACT_EU_INST_CJEU_JUDG_AG_SK_GAV,3,degree,Doctor of Laws (PhD),,,2010
ACT_EU_INST_CJEU_JUDG_AG_SK_GAV,4,position,"Commercial and family judge at the District Court, Bratislava III",judge,2001,2005
ACT_EU_INST_CJEU_JUDG_AG_SK_GAV,5,position,"Administrative judge at the District Court, Bratislava III",judge,2001,2005
ACT_EU_INST_CJEU_JUDG_AG_SK_GAV,6,position,Judge of the Administrative Division at the Supreme Court of the Slovak Republic,judge,2005,2009
ACT_EU_INST_CJEU_JUDG_AG_SK_GAV,7,position,President of the First Chamber of the Administrative Division at the Supreme Court of the Slovak Republic,judge,2009,
ACT_EU_INST_CJEU_JUDG_AG_SK_GAV,8,position,"University lecturer at the Institute of Economics and Management, Pan-European University",academic,2005,2011
ACT_EU_INST_CJEU_JUDG_AG_SK_GAV,9,position,"Lecturer at the Institutes of Administrative Law and Private Law, Pan-European University",academic,2006,2014
ACT_EU_INST_CJEU_JUDG_AG_SK_GAV,10,membership,Member of the European Union Forum of Judges for the Environment,,2005,2020
ACT_EU_INST_CJEU_JUDG_AG_SK_GAV,11,membership,Member of the European Association of Administrative Judges,,2006,2015
ACT_EU_INST_CJEU_JUDG_AG_SK_GAV,12,position,Judge at the Court of Justice,judge,2021,
ACT_EU_INST_CJEU_JUDG_AG_LV_LEV,1,degree,Graduated in law from the University of Hamburg,,,
ACT_EU_INST_CJEU_JUDG_AG_LV_LEV,2,degree,Graduated in political science from the University of Hamburg,,,
ACT_EU_INST_CJEU_JUDG_AG_LV_LEV,3,position,"Research Assistant at the Faculty of Law, University of Kiel",academic,,
ACT_EU_INST_CJEU_JUDG_AG_LV_LEV,4,position,"Adviser to the Latvian Parliament on questions of international law, constitutional law and legislative reform",politician,,
ACT_EU_INST_CJEU_JUDG_AG_LV_LEV,5,position,Ambassador of the Republic of Latvia to Germany and Switzerland,other,1992,1993
ACT_EU_INST_CJEU_JUDG_AG_LV_LEV,6,position,"Ambassador of the Republic of Latvia to Austria, Switzerland and Hungary",other,1994,1995
ACT_EU_INST_CJEU_JUDG_AG_LV_LEV,7,position,"Vice Prime Minister and Minister for Justice, acting Minister for Foreign Affairs",politician,1993,1994
ACT_EU_INST_CJEU_JUDG_AG_LV_LEV,8,position,Conciliator at the Court of Conciliation and Arbitration within the OSCE,other,1997,
ACT_EU_INST_CJEU_JUDG_AG_LV_LEV,9,membership,Member of the Permanent Court of Arbitration,,2001,
ACT_EU_INST_CJEU_JUDG_AG_LV_LEV,10,position,Judge at the European Court of Human Rights,judge,1995,
ACT_EU_INST_CJEU_JUDG_AG_LV_LEV,11,position,Judge at the Court of Justice,judge,2004,2019
ACT_EU_INST_CJEU_JUDG_AG_LV_LEV,12,distinction,"Numerous publications in constitutional and administrative law, law reform and European Community law",,,
ACT_EU_INST_CJEU_JUDG_AG_AT_BER,1,degree,Doctor of Law,,,
ACT_EU_INST_CJEU_JUDG_AG_AT_BER,2,position,Assistant Lecturer and Lecturer at the Institute of Public Law and Political Sciences of the University of Innsbruck,academic,1979,1984
ACT_EU_INST_CJEU_JUDG_AG_AT_BER,3,position,"Administrator at the Federal Ministry of Science and Research, ultimately Deputy Head of Unit",civil servant,1984,1988
ACT_EU_INST_CJEU_JUDG_AG_AT_BER,4,position,Official responsible for questions relating to the European Union at the Federal Chancellery,civil servant,1988,1989
ACT_EU_INST_CJEU_JUDG_AG_AT_BER,5,position,Head of the European Integration Section of the Federal Chancellery,civil servant,1989,1992
ACT_EU_INST_CJEU_JUDG_AG_AT_BER,6,position,"Director at the EFTA Surveillance Authority, in Geneva and Brussels",civil servant,1993,1994
ACT_EU_INST_CJEU_JUDG_AG_AT_BER,7,position,"Vice-President of Danube University, Krems",academic,1995,1996
ACT_EU_INST_CJEU_JUDG_AG_AT_BER,8,position,Member of the European Parliament and member of the Committee on Legal Affairs,politician,1996,2007
ACT_EU_INST_CJEU_JUDG_AG_AT_BER,9,position,Member of the European Parliament and member of the Committee on Legal Affairs,politician,2008,2009
ACT_EU_INST_CJEU_JUDG_AG_AT_BER,10,position,Substitute member of the European Convention on the Future of Europe,politician,2002,2003
ACT_EU_INST_CJEU_JUDG_AG_AT_BER,11,position,Councillor of the Municipality of Perg,politician,1997,2009
ACT_EU_INST_CJEU_JUDG_AG_AT_BER,12,position,Federal Minister for Justice,politician,2007,2008
ACT_EU_INST_CJEU_JUDG_AG_AT_BER,13,distinction,Honorary Professor of European law at the University of Vienna,,,
ACT_EU_INST_CJEU_JUDG_AG_AT_BER,14,distinction,Honorary Senator of the University of Innsbruck,,,
ACT_EU_INST_CJEU_JUDG_AG_AT_BER,15,position,Judge at the Court of Justice,judge,2009,2019
ACT_EU_INST_CJEU_JUDG_AG_FR_PUI,1,position,State Counsellor in France,civil servant,,
ACT_EU_INST_CJEU_JUDG_AG_FR_PUI,2,position,Director of the Legal Service of the Council of the European Communities,civil servant; lawyer,1968,
ACT_EU_INST_CJEU_JUDG_AG_FR_PUI,3,position,Director-General of the Legal Service of the Council of the European Communities,civil servant; lawyer,,1973
ACT_EU_INST_CJEU_JUDG_AG_FR_PUI,4,position,Director-General of the Agence nationale pour l'emploi,civil servant,1973,1975
ACT_EU_INST_CJEU_JUDG_AG_FR_PUI,5,position,Director of General Administration at the Ministry of Industry,civil servant,1977,1979
ACT_EU_INST_CJEU_JUDG_AG_FR_PUI,6,position,Director of Legal Affairs of the OECD,lawyer,1979,1985
ACT_EU_INST_CJEU_JUDG_AG_FR_PUI,7,position,Director of the Institut international d'administration publique,academic,1985,1987
ACT_EU_INST_CJEU_JUDG_AG_FR_PUI,8,position,"Jurisconsult, Director of Legal Affairs in the Ministry of Foreign Affairs",civil servant; lawyer,1987,1994
ACT_EU_INST_CJEU_JUDG_AG_FR_PUI,9,position,Judge at the Court of Justice of the European Union,judge,1994,2006
ACT_EU_INST_CJEU_JUDG_AG_RO_SPI_MAT,1,degree,Law degree from Universitatea Alexandru Ioan Cuza din Iași,,1990,
ACT_EU_INST_CJEU_JUDG_AG_RO_SPI_MAT,2,degree,Doctorate in law from Academia de Poliție 'Alexandru Ioan Cuza',,1999,
ACT_EU_INST_CJEU_JUDG_AG_RO_SPI_MAT,3,position,Judge at the Judecătoria sectorului 4 București,judge,1991,1996
ACT_EU_INST_CJEU_JUDG_AG_RO_SPI_MAT,4,position,Judge at the Tribunalul București,judge,1996,1999
ACT_EU_INST_CJEU_JUDG_AG_RO_SPI_MAT,5,position,President of the civil section at the Tribunalul București,other,1997,1999
ACT_EU_INST_CJEU_JUDG_AG_RO_SPI_MAT,6,position,Judge at the Curtea de Apel București,judge,1999,2005
ACT_EU_INST_CJEU_JUDG_AG_RO_SPI_MAT,7,position,President of the civil section at the Curtea de Apel București,other,1999,2003
ACT_EU_INST_CJEU_JUDG_AG_RO_SPI_MAT,8,position,Judge at the Înalta Curte de Casație și Justiție,judge,2006,2016
ACT_EU_INST_CJEU_JUDG_AG_RO_SPI_MAT,9,position,External Member of the Enlarged Board of Appeal of the European Patent Office,other,2006,2016
ACT_EU_INST_CJEU_JUDG_AG_RO_SPI_MAT,10,position,Trainer at the Institutul Național al Magistraturii,academic,1997,
ACT_EU_INST_CJEU_JUDG_AG_RO_SPI_MAT,11,position,Member of the Scientific Council at the Institutul Național al Magistraturii,academic,,
ACT_EU_INST_CJEU_JUDG_AG_RO_SPI_MAT,12,position,Director at the Institutul Național al Magistraturii,academic,2011,2016
ACT_EU_INST_CJEU_JUDG_AG_RO_SPI_MAT,13,position,Board member of the Școala Națională de Grefieri,academic,,
ACT_EU_INST_CJEU_JUDG_AG_RO_SPI_MAT,14,position,Board Member of the Doctoral School of the Universitatea din București,academic,2012,2016
ACT_EU_INST_CJEU_JUDG_AG_RO_SPI_MAT,15,position,Judge at the General Court,judge,2016,2021
ACT_EU_INST_CJEU_JUDG_AG_RO_SPI_MAT,16,position,Judge at the Court of Justice,judge,2021,
ACT_EU_INST_CJEU_JUDG_AG_RO_SPI_MAT,17,membership,Member of the Advisory Board of the Academy of European Law (ERA),,,
ACT_EU_INST_CJEU_JUDG_AG_RO_SPI_MAT,18,membership,Member of the committee of external reviewers of the legal journal EuroQuod,,,
ACT_EU_INST_CJEU_JUDG_AG_RO_SPI_MAT,19,membership,Member of the scientific editorial board of the Revista română de dreptul proprietății intelectuale,,,
ACT_EU_INST_CJEU_JUDG_AG_RO_SPI_MAT,20,distinction,Knight of the Ordinul Național 'Pentru Merit',,2000,
ACT_EU_INST_CJEU_JUDG_AG_MT_FRE,1,degree,Law degree at the Università ta'Malta,,1993,
ACT_EU_INST_CJEU_JUDG_AG_MT_FRE,2,degree,Doctorate in law at the University of Malta,,1995,
ACT_EU_INST_CJEU_JUDG_AG_MT_FRE,3,degree,M. Phil. in criminology at the University of Cambridge,,1996,
ACT_EU_INST_CJEU_JUDG_AG_MT_FRE,4,degree,Postgraduate degree in European law at King's College London,,2018,
ACT_EU_INST_CJEU_JUDG_AG_MT_FRE,5,position,Lawyer at the Maltese bar,lawyer,1996,2019
ACT_EU_INST_CJEU_JUDG_AG_MT_FRE,6,position,Legal advisor in the Maltese Ministry of Social Protection,civil servant; lawyer,1997,1998
ACT_EU_INST_CJEU_JUDG_AG_MT_FRE,7,position,Legal expert at the courts of Valetta,civil servant; lawyer,1997,2019
ACT_EU_INST_CJEU_JUDG_AG_MT_FRE,8,position,Legal expert in insurance companies,lawyer,2006,2019
ACT_EU_INST_CJEU_JUDG_AG_MT_FRE,9,membership,Member of the national panel of arbitrators of Malta,,2006,2019
ACT_EU_INST_CJEU_JUDG_AG_MT_FRE,10,membership,Member of the Employment Commission of Malta,,2009,2019
ACT_EU_INST_CJEU_JUDG_AG_MT_FRE,11,membership,Member of the National Family Commission,,2012,2013
ACT_EU_INST_CJEU_JUDG_AG_MT_FRE,12,position,Served on the Commission for the Holistic Reform of the Justice System,civil servant,2013,
ACT_EU_INST_CJEU_JUDG_AG_MT_FRE,13,membership,Member of the Law Commission,,2014,2016
ACT_EU_INST_CJEU_JUDG_AG_MT_FRE,14,position,Special advisor to the Visa Working Party of the Council of the European Union,civil servant,2016,
ACT_EU_INST_CJEU_JUDG_AG_MT_FRE,15,position,Chairwoman of the Visa Working Party,civil servant,2017,
ACT_EU_INST_CJEU_JUDG_AG_MT_FRE,16,position,Judge at the General Court,judge,2019,2024
ACT_EU_INST_CJEU_JUDG_AG_MT_FRE,17,position,Judge at the Court of Justice,judge,2024,
ACT_EU_INST_CJEU_JUDG_AG_MT_FRE,18,membership,Member of the Association of European Data Protection Judges,,,
ACT_EU_INST_CJEU_JUDG_AG_MT_FRE,19,membership,Member of the Cambridge Society of Luxembourg,,,
ACT_EU_INST_CJEU_JUDG_AG_MT_FRE,20,membership,Member of the association Friends of ERA,,,
ACT_EU_INST_CJEU_JUDG_AG_FR_REU,1,position,Inspector General of Taxes,civil servant,,
ACT_EU_INST_CJEU_JUDG_AG_FR_REU,2,membership,Member of the Institut de France,,,
ACT_EU_INST_CJEU_JUDG_AG_FR_REU,3,membership,Foreign Member of the Belgian Royal Academy for Science and the Arts,,,
ACT_EU_INST_CJEU_JUDG_AG_FR_REU,4,membership,Foreign Member of the Accademia dei Lincei,,,
ACT_EU_INST_CJEU_JUDG_AG_FR_REU,5,position,Inspector of Taxes,civil servant,1923,
ACT_EU_INST_CJEU_JUDG_AG_FR_REU,6,position,Professor at the Institute for Statistics of the University of Paris,academic,1923,1930
ACT_EU_INST_CJEU_JUDG_AG_FR_REU,7,position,"Chargé de mission in the office of Raymond Poincaré, Prime Minister and Minister of Finance",civil servant,1926,
ACT_EU_INST_CJEU_JUDG_AG_FR_REU,8,position,Member of the Economics and Finance Section of the Secretariat of the League of Nations,civil servant,1927,
ACT_EU_INST_CJEU_JUDG_AG_FR_REU,9,position,Financial Attaché at the French Embassy in London,civil servant,1930,
ACT_EU_INST_CJEU_JUDG_AG_FR_REU,10,position,Professor at the École libre des sciences politiques,academic,1933,
ACT_EU_INST_CJEU_JUDG_AG_FR_REU,11,position,Deputy Director for General Capital Movements at the Ministry of Finance,civil servant,1934,
ACT_EU_INST_CJEU_JUDG_AG_FR_REU,12,position,Director for General Capital Movements,civil servant,1936,1939
ACT_EU_INST_CJEU_JUDG_AG_FR_REU,13,position,Councillor of State on special duty,civil servant,1936,
ACT_EU_INST_CJEU_JUDG_AG_FR_REU,14,position,Deputy Governor of the Banque de France,civil servant,1939,
ACT_EU_INST_CJEU_JUDG_AG_FR_REU,15,position,Assistant Delegate at the first and second assemblies of the United Nations,civil servant,1946,
ACT_EU_INST_CJEU_JUDG_AG_FR_REU,16,position,French Member of the Economics and Employment Committee of the United Nations,civil servant,1946,
ACT_EU_INST_CJEU_JUDG_AG_FR_REU,17,distinction,Honorary President of the Société d'économie politique de Paris and of the Société de statistique de Paris,,,
ACT_EU_INST_CJEU_JUDG_AG_FR_REU,18,distinction,Honorary President of the International Council of Philosophy and Human Sciences,,,
ACT_EU_INST_CJEU_JUDG_AG_FR_REU,19,position,Judge at the Court of Justice of the ECSC,judge,1952,1958
ACT_EU_INST_CJEU_JUDG_AG_FR_REU,20,position,Judge at the Court of Justice of the European Communities,judge,1958,1962
ACT_EU_INST_CJEU_JUDG_AG_FR_REU,21,position,Overseer of the committee of experts for the preparation and implementation of the economic recovery plan,civil servant,,
ACT_EU_INST_CJEU_JUDG_AG_FR_REU,22,position,Member of the Economic and Social Council,civil servant,1962,1974
ACT_EU_INST_CJEU_JUDG_AG_FR_REU,23,distinction,Grand Cross of the Légion d'honneur,,,
ACT_EU_INST_CJEU_JUDG_AG_FR_REU,24,membership,Member of the Academy of Moral and Political Sciences,,,
ACT_EU_INST_CJEU_JUDG_AG_FR_REU,25,position,Chancellor of the Institut de France,other,,
ACT_EU_INST_CJEU_JUDG_AG_FR_REU,26,membership,Member of the Académie française,,1964,
ACT_EU_INST_CJEU_JUDG_AG_UK_BEL,1,membership,"Barrister, Middle Temple",,,
ACT_EU_INST_CJEU_JUDG_AG_UK_BEL,2,position,"King's Counsel, specialising in Commercial law, European Law and public Law",lawyer,,
ACT_EU_INST_CJEU_JUDG_AG_UK_BEL,3,distinction,"Co-author of the three first editions of 'Bellamy & Child, Common Market Law of Competition'",,,
ACT_EU_INST_CJEU_JUDG_AG_UK_BEL,4,position,Judge at the Court of First Instance,judge,1992,1999
ACT_EU_INST_CJEU_JUDG_AG_HU_TOT,1,degree,Degree in law from the University of Szeged,,,1994
ACT_EU_INST_CJEU_JUDG_AG_HU_TOT,2,degree,Doctoral studies in law at the University of Szeged,,,2001
ACT_EU_INST_CJEU_JUDG_AG_HU_TOT,3,position,"Legal officer at the European Affairs Office, Ministries of International Economic Relations, Industry and Trade, Foreign Affairs",civil servant,1994,
ACT_EU_INST_CJEU_JUDG_AG_HU_TOT,4,position,Case handler at the International Office of the Hungarian Competition Authority,civil servant,1997,2001
ACT_EU_INST_CJEU_JUDG_AG_HU_TOT,5,position,Member of the Competition Council (Hungary),civil servant,2001,2003
ACT_EU_INST_CJEU_JUDG_AG_HU_TOT,6,position,President of the Competition Council (Hungary),civil servant,2003,2009
ACT_EU_INST_CJEU_JUDG_AG_HU_TOT,7,position,Vice-President of the Hungarian Competition Authority,civil servant,,2009
ACT_EU_INST_CJEU_JUDG_AG_HU_TOT,8,position,"Practising lawyer in Hungary, specializing in competition law",lawyer,2009,2022
ACT_EU_INST_CJEU_JUDG_AG_HU_TOT,9,position,Lecturer at Pázmány Péter Catholic University,academic,1999,2010
ACT_EU_INST_CJEU_JUDG_AG_HU_TOT,10,position,Vice-Dean at Pázmány Péter Catholic University responsible for research and international relations,academic,2010,2013
ACT_EU_INST_CJEU_JUDG_AG_HU_TOT,11,position,Vice-Dean at Pázmány Péter Catholic University responsible for student affairs,academic,2013,2014
ACT_EU_INST_CJEU_JUDG_AG_HU_TOT,12,position,Vice-Dean at Pázmány Péter Catholic University responsible for international relations,academic,2015,
ACT_EU_INST_CJEU_JUDG_AG_HU_TOT,13,position,Professor at Pázmány Péter Catholic University,academic,2018,
ACT_EU_INST_CJEU_JUDG_AG_HU_TOT,14,position,Jean Monnet Chair in Competition Law at Pázmány Péter Catholic University,academic,2019,2022
ACT_EU_INST_CJEU_JUDG_AG_HU_TOT,15,position,Judge at the General Court,judge,2022,
ACT_EU_INST_CJEU_JUDG_AG_HU_TOT,16,membership,Member of the editorial board of the Versenytükör,,,
ACT_EU_INST_CJEU_JUDG_AG_HU_TOT,17,membership,Member of the International League of Competition Law (LIDC) and its Scientific Committee,,,
ACT_EU_INST_CJEU_JUDG_AG_HU_TOT,18,membership,Member of the Management Board of the Magyar Versenyjogi Egyesület,,,
ACT_EU_INST_CJEU_JUDG_AG_HU_TOT,19,membership,Member of the International Advisory Board of the Institute for Consumer Antitrust Studies at the Loyola School of Law,,,
ACT_EU_INST_CJEU_JUDG_AG_HU_TOT,20,membership,Member of the Regulatory Committee of the American Chamber of Commerce in Hungary,,,
ACT_EU_INST_CJEU_JUDG_AG_HU_TOT,21,membership,Advisor to the Decision Board of the Önszabályozó Reklám Testület,,,
ACT_EU_INST_CJEU_JUDG_AG_HU_TOT,22,distinction,A Magyar Érdemrend Lovagkeresztje (polgári tagozat),,2017,
ACT_EU_INST_CJEU_JUDG_AG_IT_CAT,1,degree,Doctor of Laws,,1932,
ACT_EU_INST_CJEU_JUDG_AG_IT_CAT,2,position,Practised as a lawyer,lawyer,,1939
ACT_EU_INST_CJEU_JUDG_AG_IT_CAT,3,position,Deputy Public Prosecutor,civil servant; lawyer,1955,
ACT_EU_INST_CJEU_JUDG_AG_IT_CAT,4,position,Assistant lecturer at the University of Rome,academic,1939,1950
ACT_EU_INST_CJEU_JUDG_AG_IT_CAT,5,position,Board member of the publishing house Il Giornale d'Italia,other,1944,1946
ACT_EU_INST_CJEU_JUDG_AG_IT_CAT,6,position,Legal Adviser to the State Printing Works and Stationery Office,civil servant; lawyer,1946,1948
ACT_EU_INST_CJEU_JUDG_AG_IT_CAT,7,position,Agent of the Italian Government at conciliation commissions under the peace treaty,civil servant,1948,1950
ACT_EU_INST_CJEU_JUDG_AG_IT_CAT,8,position,Legal Adviser of the Tangier International Zone,civil servant; lawyer,1951,1953
ACT_EU_INST_CJEU_JUDG_AG_IT_CAT,9,position,Legal Adviser of the High Authority of the ECSC,civil servant; lawyer,1953,1956
ACT_EU_INST_CJEU_JUDG_AG_IT_CAT,10,position,Legal Expert on the Italian delegation for drawing up the Treaties of Rome,lawyer,,
ACT_EU_INST_CJEU_JUDG_AG_IT_CAT,11,distinction,Author of a number of legal works,,,
ACT_EU_INST_CJEU_JUDG_AG_IT_CAT,12,position,Judge at the Court of Justice,judge,1958,1961
ACT_EU_INST_CJEU_JUDG_AG_ES_DIE_VEL,1,position,"Professor of Public and Private International Law at the universities of Grenada, Barcelona, and Universidad Autónoma, Madrid",academic,,
ACT_EU_INST_CJEU_JUDG_AG_ES_DIE_VEL,2,position,"First Professor of Public International Law at the Universidad Complutense, Madrid",academic,,
ACT_EU_INST_CJEU_JUDG_AG_ES_DIE_VEL,3,position,Judge of the Spanish Constitutional Court,judge,1980,1986
ACT_EU_INST_CJEU_JUDG_AG_ES_DIE_VEL,4,position,Elector member of the Council of State,civil servant,,
ACT_EU_INST_CJEU_JUDG_AG_ES_DIE_VEL,5,membership,Member of the Real Academia de Jurisprudencia (Madrid),,,
ACT_EU_INST_CJEU_JUDG_AG_ES_DIE_VEL,6,position,Judge at the Court of Justice of the European Union,judge,1988,1994
ACT_EU_INST_CJEU_JUDG_AG_PL_SAF,1,degree,Master's degree in law,,1971,
ACT_EU_INST_CJEU_JUDG_AG_PL_SAF,2,degree,Doctorate in law,,1980,
ACT_EU_INST_CJEU_JUDG_AG_PL_SAF,3,degree,Habilitated Doctor in Legal Science,,1990,
ACT_EU_INST_CJEU_JUDG_AG_PL_SAF,4,degree,Professor of Law,,1998,
ACT_EU_INST_CJEU_JUDG_AG_PL_SAF,5,position,"Academic assistant at the Civil Law Institute, University of Warsaw",academic,1973,
ACT_EU_INST_CJEU_JUDG_AG_PL_SAF,6,position,Law professor at the University of Warsaw,academic,1991,1998
ACT_EU_INST_CJEU_JUDG_AG_PL_SAF,7,position,"Director of the Civil Law Institute, University of Warsaw",academic,1991,1998
ACT_EU_INST_CJEU_JUDG_AG_PL_SAF,8,position,Vice-Rector of the University of Warsaw,academic,1994,1997
ACT_EU_INST_CJEU_JUDG_AG_PL_SAF,9,membership,Member of the Bioethics Committee of the Council of Europe,,1991,1997
ACT_EU_INST_CJEU_JUDG_AG_PL_SAF,10,membership,Member of the Personal Data Protection Committee of the Council of Europe,,1991,1997
ACT_EU_INST_CJEU_JUDG_AG_PL_SAF,11,position,Secretary-General of the Polish Section of the Henri Capitant Association of Friends of French Legal Culture,other,1994,1998
ACT_EU_INST_CJEU_JUDG_AG_PL_SAF,12,position,Director of the Civil Law Department at the Law and Justice Institute,other,1992,1997
ACT_EU_INST_CJEU_JUDG_AG_PL_SAF,13,position,"Judge at the Trybunał Konstytucyjny (Constitutional Court, Poland)",judge,1997,
ACT_EU_INST_CJEU_JUDG_AG_PL_SAF,14,position,"President of the Trybunał Konstytucyjny (Constitutional Court, Poland)",judge,1998,2006
ACT_EU_INST_CJEU_JUDG_AG_PL_SAF,15,position,Judge at the Court of Justice of the European Union,judge,2009,2024
ACT_EU_INST_CJEU_JUDG_AG_LV_LAB,1,degree,Diploma in Law from the University of Latvia,,,1986
ACT_EU_INST_CJEU_JUDG_AG_LV_LAB,2,position,Investigator at the Interior Ministry for the Kirov Region and the City of Riga,civil servant,1986,1989
ACT_EU_INST_CJEU_JUDG_AG_LV_LAB,3,position,Judge at the Riga District Court,judge,1990,1994
ACT_EU_INST_CJEU_JUDG_AG_LV_LAB,4,position,Lawyer,lawyer,1994,1998
ACT_EU_INST_CJEU_JUDG_AG_LV_LAB,5,position,Lawyer,lawyer,1999,2000
ACT_EU_INST_CJEU_JUDG_AG_LV_LAB,6,position,Minister for Justice,politician,1998,1999
ACT_EU_INST_CJEU_JUDG_AG_LV_LAB,7,position,Minister for Justice,politician,2000,2002
ACT_EU_INST_CJEU_JUDG_AG_LV_LAB,8,membership,Member of the International Court of Arbitration in The Hague,,2001,2004
ACT_EU_INST_CJEU_JUDG_AG_LV_LAB,9,position,Member of Parliament,politician,2002,2004
ACT_EU_INST_CJEU_JUDG_AG_LV_LAB,10,position,Judge at the General Court,judge,2004,2020
ACT_EU_INST_CJEU_JUDG_AG_IE_COL,1,degree,Degree in Legal Science from Trinity College Dublin,,1984,
ACT_EU_INST_CJEU_JUDG_AG_IE_COL,2,degree,Degree of Barrister-at-Law from the Honourable Society of King's Inns,,1986,
ACT_EU_INST_CJEU_JUDG_AG_IE_COL,3,position,Barrister-at-Law at the Bar of Ireland,lawyer,1986,1990
ACT_EU_INST_CJEU_JUDG_AG_IE_COL,4,position,Barrister-at-Law at the Bar of Ireland,lawyer,1997,2003
ACT_EU_INST_CJEU_JUDG_AG_IE_COL,5,position,Senior Counsel at the Bar of Ireland,lawyer,2003,2013
ACT_EU_INST_CJEU_JUDG_AG_IE_COL,6,position,Legal secretary to Judge Thomas Francis O'Higgins,civil servant,1990,1991
ACT_EU_INST_CJEU_JUDG_AG_IE_COL,7,position,Legal secretary to Judge John L. Murray,civil servant,1991,1997
ACT_EU_INST_CJEU_JUDG_AG_IE_COL,8,membership,Member of the Permanent Delegation of CCBE to the Court of Justice and EFTA Court,,2006,2013
ACT_EU_INST_CJEU_JUDG_AG_IE_COL,9,position,Adjunct Professor of EU law at University College Cork,academic,2015,
ACT_EU_INST_CJEU_JUDG_AG_IE_COL,10,position,Judge at the General Court,judge,2013,2021
ACT_EU_INST_CJEU_JUDG_AG_IE_COL,11,position,Advocate General at the Court of Justice,judge,2021,2024
ACT_EU_INST_CJEU_JUDG_AG_SK_SVA,1,degree,Doctor of Laws from University of Bratislava,,,
ACT_EU_INST_CJEU_JUDG_AG_SK_SVA,2,position,"Judge at the District Court, Bratislava",judge,,
ACT_EU_INST_CJEU_JUDG_AG_SK_SVA,3,position,"Judge responsible for civil law cases and Vice-President at the Appeal Court, Bratislava",judge,,
ACT_EU_INST_CJEU_JUDG_AG_SK_SVA,4,membership,Member of the Civil and Family Law Section at the Ministry of Justice Law Institute,,,
ACT_EU_INST_CJEU_JUDG_AG_SK_SVA,5,position,Acting Judge responsible for commercial law cases at the Supreme Court,judge,,
ACT_EU_INST_CJEU_JUDG_AG_SK_SVA,6,membership,Member of the European Commission of Human Rights in Strasbourg,,,
ACT_EU_INST_CJEU_JUDG_AG_SK_SVA,7,position,Judge at the Constitutional Court,judge,2000,2004
ACT_EU_INST_CJEU_JUDG_AG_SK_SVA,8,position,Judge at the Court of First Instance,judge,2004,2009
ACT_EU_INST_CJEU_JUDG_AG_SK_SVA,9,position,Judge at the Court of Justice,judge,2009,2021
ACT_EU_INST_CJEU_JUDG_AG_BG_TAN,1,degree,"Graduated in law from St Kliment Ohridski University, Sofia",,,1975
ACT_EU_INST_CJEU_JUDG_AG_BG_TAN,2,degree,Doctor of Laws,,,1979
ACT_EU_INST_CJEU_JUDG_AG_BG_TAN,3,position,"Lecturer at St Kliment Ohridski University, Sofia",academic,1977,1984
ACT_EU_INST_CJEU_JUDG_AG_BG_TAN,4,position,"Senior Lecturer at St Kliment Ohridski University, Sofia",academic,1984,1990
ACT_EU_INST_CJEU_JUDG_AG_BG_TAN,5,position,"Professor at St Kliment Ohridski University, Sofia",academic,1990,2013
ACT_EU_INST_CJEU_JUDG_AG_BG_TAN,6,position,"Dean of the Faculty of Law of St Kliment Ohridski University, Sofia",academic,1988,1991
ACT_EU_INST_CJEU_JUDG_AG_BG_TAN,7,membership,Member of the Council on Legislation at the Bulgarian National Assembly,,1995,1997
ACT_EU_INST_CJEU_JUDG_AG_BG_TAN,8,position,Jean Monnet Professor at the New Bulgarian University,academic,2002,2005
ACT_EU_INST_CJEU_JUDG_AG_BG_TAN,9,position,Chairman of the Council of Legal Advisers to the President of Bulgaria,civil servant; lawyer,2002,2003
ACT_EU_INST_CJEU_JUDG_AG_BG_TAN,10,position,Judge of the Bulgarian Constitutional Court,judge,2003,2009
ACT_EU_INST_CJEU_JUDG_AG_BG_TAN,11,position,President of the Bulgarian Constitutional Court,judge,2009,2012
ACT_EU_INST_CJEU_JUDG_AG_BG_TAN,12,position,"Head of the Constitutional Law Department at the Faculty of Law of St Kliment Ohridski University, Sofia",academic,2013,2016
ACT_EU_INST_CJEU_JUDG_AG_BG_TAN,13,membership,Member of the Venice Commission of the Council of Europe,,2006,2016
ACT_EU_INST_CJEU_JUDG_AG_BG_TAN,14,position,Vice-President of the Venice Commission of the Council of Europe,other,2013,2015
ACT_EU_INST_CJEU_JUDG_AG_BG_TAN,15,membership,Member of the Constitutional Council at the Bulgarian Ombudsman,,2015,2016
ACT_EU_INST_CJEU_JUDG_AG_BG_TAN,16,position,Advocate General at the Court of Justice,lawyer,2016,2021
ACT_EU_INST_CJEU_JUDG_AG_LU_HAM,1,degree,Doctor of Laws,,,
ACT_EU_INST_CJEU_JUDG_AG_LU_HAM,2,position,Lawyer at the Luxembourg bar,lawyer,1922,1927
ACT_EU_INST_CJEU_JUDG_AG_LU_HAM,3,position,Attaché at the Ministry for Justice,civil servant,1927,1929
ACT_EU_INST_CJEU_JUDG_AG_LU_HAM,4,position,Magistrate,civil servant,1929,1930
ACT_EU_INST_CJEU_JUDG_AG_LU_HAM,5,position,Deputy State Prosecutor,civil servant,1930,1937
ACT_EU_INST_CJEU_JUDG_AG_LU_HAM,6,position,Judge at a tribunal d'arrondissement (District Court),judge,1937,1945
ACT_EU_INST_CJEU_JUDG_AG_LU_HAM,7,position,Judge at the Cour supérieure de justice (High Court of Justice),judge,1945,1952
ACT_EU_INST_CJEU_JUDG_AG_LU_HAM,8,position,Councillor on the Litigation Committee of the Council of State,civil servant,1951,1952
ACT_EU_INST_CJEU_JUDG_AG_LU_HAM,9,position,Professor Extraordinary at the University of Brussels,academic,,
ACT_EU_INST_CJEU_JUDG_AG_LU_HAM,10,membership,Member of the Council of State of the Grand Duchy,,,
ACT_EU_INST_CJEU_JUDG_AG_LU_HAM,11,membership,Member of the Benelux Commission on Unification of Law,,,
ACT_EU_INST_CJEU_JUDG_AG_LU_HAM,12,position,President of the National Commission for the Hague Conference on Private International Law,other,,
ACT_EU_INST_CJEU_JUDG_AG_LU_HAM,13,position,President of the Legislative Studies Commission of the Grand Duchy,other,,
ACT_EU_INST_CJEU_JUDG_AG_LU_HAM,14,position,Judge at the Court of Justice of the ECSC,judge,1952,1958
ACT_EU_INST_CJEU_JUDG_AG_LU_HAM,15,position,Judge at the Court of Justice of the European Communities,judge,1958,1964
ACT_EU_INST_CJEU_JUDG_AG_LU_HAM,16,position,President of the Court of Justice,judge,1964,1967
ACT_EU_INST_CJEU_JUDG_AG_LU_HAM,17,position,President of the Court of Arbitration of the Association between the EEC and the African and Malagasy States associated with that Community,other,1965,1967
ACT_EU_INST_CJEU_JUDG_AG_IT_MON,1,degree,Doctor of Laws from University of Turin,,1930,
ACT_EU_INST_CJEU_JUDG_AG_IT_MON,2,position,Privatdozent in International Law,academic,1933,
ACT_EU_INST_CJEU_JUDG_AG_IT_MON,3,position,Assistant Lecturer at the University of Turin,academic,,
ACT_EU_INST_CJEU_JUDG_AG_IT_MON,4,position,Professor of International Law at the University of Cagliari,academic,1939,1940
ACT_EU_INST_CJEU_JUDG_AG_IT_MON,5,position,Professor of International Law at the University of Modena,academic,1940,1942
ACT_EU_INST_CJEU_JUDG_AG_IT_MON,6,position,"Professor at the Faculty of Law, Turin",academic,1942,1956
ACT_EU_INST_CJEU_JUDG_AG_IT_MON,7,position,"Professor in International Organisation at the Faculty of Political Sciences, University of Rome",academic,1956,1964
ACT_EU_INST_CJEU_JUDG_AG_IT_MON,8,position,Judge at the Court of Turin,judge,,
ACT_EU_INST_CJEU_JUDG_AG_IT_MON,9,position,Councillor of State,civil servant,1948,
ACT_EU_INST_CJEU_JUDG_AG_IT_MON,10,position,President of the Honorary Section of the Council of State,civil servant,1956,
ACT_EU_INST_CJEU_JUDG_AG_IT_MON,11,position,Secretary-General of the Contentious Diplomatic Affairs Department and Head of the Legal Service,civil servant; lawyer,,
ACT_EU_INST_CJEU_JUDG_AG_IT_MON,12,membership,Member of the Institute of International Law,,,
ACT_EU_INST_CJEU_JUDG_AG_IT_MON,13,membership,Member of the Permanent Court of Arbitration,,,
ACT_EU_INST_CJEU_JUDG_AG_IT_MON,14,position,Judge at the Court of Justice of the European Union,judge,1964,1976
ACT_EU_INST_CJEU_JUDG_AG_CZ_BOB,1,degree,Master's degree in law,,,
ACT_EU_INST_CJEU_JUDG_AG_CZ_BOB,2,degree,Master's degree in international relations,,,
ACT_EU_INST_CJEU_JUDG_AG_CZ_BOB,3,degree,Diploma in English law and the law of the European Union,,,
ACT_EU_INST_CJEU_JUDG_AG_CZ_BOB,4,degree,Magister Juris,,,
ACT_EU_INST_CJEU_JUDG_AG_CZ_BOB,5,degree,Doctor of Laws,,,
ACT_EU_INST_CJEU_JUDG_AG_CZ_BOB,6,position,Legal Secretary to the President of the Supreme Administrative Court of the Czech Republic,civil servant; lawyer,2005,2009
ACT_EU_INST_CJEU_JUDG_AG_CZ_BOB,7,position,Head of the Research and Documentation Department of the Supreme Administrative Court of the Czech Republic,civil servant,2008,2009
ACT_EU_INST_CJEU_JUDG_AG_CZ_BOB,8,position,Qualified to perform the duties of a judge in the Czech Republic,judge,2009,
ACT_EU_INST_CJEU_JUDG_AG_CZ_BOB,9,position,Fellow at the Institute of European and Comparative Law of the University of Oxford,academic,2011,2012
ACT_EU_INST_CJEU_JUDG_AG_CZ_BOB,10,position,Research Fellow at the Institute of European and Comparative Law of the University of Oxford,academic,2013,2016
ACT_EU_INST_CJEU_JUDG_AG_CZ_BOB,11,position,Professor at the College of Europe in Bruges,academic,2013,2015
ACT_EU_INST_CJEU_JUDG_AG_CZ_BOB,12,position,Member of the Board of Appeals of the Czech National Bank,other,2013,2015
ACT_EU_INST_CJEU_JUDG_AG_CZ_BOB,13,position,Ad hoc judge at the European Court of Human Rights,judge,2013,2015
ACT_EU_INST_CJEU_JUDG_AG_CZ_BOB,14,membership,Co-founder and President of the Czech Society for European and Comparative Law,,,
ACT_EU_INST_CJEU_JUDG_AG_CZ_BOB,15,position,Advocate General at the Court of Justice,judge,2015,2021
ACT_EU_INST_CJEU_JUDG_AG_IT_SAG,1,position,Judge at the Naples District Court,judge,,
ACT_EU_INST_CJEU_JUDG_AG_IT_SAG,2,position,"Judge at the Court of Appeal, Rome",judge,,
ACT_EU_INST_CJEU_JUDG_AG_IT_SAG,3,position,Judge at the Court of Cassation,judge,,
ACT_EU_INST_CJEU_JUDG_AG_IT_SAG,4,position,Attached to the Ufficio Legislativo del Ministero di Grazia e Giustizia,civil servant,,
ACT_EU_INST_CJEU_JUDG_AG_IT_SAG,5,position,Chairman of the General Committee in the Diplomatic Conference which adopted the Lugano Convention,other,,
ACT_EU_INST_CJEU_JUDG_AG_IT_SAG,6,position,Legal Secretary to the Italian Advocate General at the Court of Justice,civil servant; lawyer,,
ACT_EU_INST_CJEU_JUDG_AG_IT_SAG,7,position,"Professor at the Scuola Superiore della Pubblica Amministrazione, Rome",academic,,
ACT_EU_INST_CJEU_JUDG_AG_IT_SAG,8,position,Judge at the Court of First Instance,judge,1989,1995
ACT_EU_INST_CJEU_JUDG_AG_IT_SAG,9,position,President of the Court of First Instance,judge,1995,1998
ACT_EU_INST_CJEU_JUDG_AG_IT_SAG,10,position,Advocate General at the Court of Justice,judge,1998,2000
ACT_EU_INST_CJEU_JUDG_AG_FR_ROZ,1,degree,Degree in law,,,
ACT_EU_INST_CJEU_JUDG_AG_FR_ROZ,2,degree,Postgraduate qualifications in public law,,,
ACT_EU_INST_CJEU_JUDG_AG_FR_ROZ,3,degree,Postgraduate qualifications in political economy,,,
ACT_EU_INST_CJEU_JUDG_AG_FR_ROZ,4,degree,Postgraduate qualifications in political science,,,
ACT_EU_INST_CJEU_JUDG_AG_FR_ROZ,5,position,Permanent attaché at the Ministry for Justice,civil servant,1950,
ACT_EU_INST_CJEU_JUDG_AG_FR_ROZ,6,position,Head of the Private Office of the Minister for Justice,civil servant,1958,
ACT_EU_INST_CJEU_JUDG_AG_FR_ROZ,7,position,Vice-President of the Tribunal de grande instance de Paris,judge,1969,
ACT_EU_INST_CJEU_JUDG_AG_FR_ROZ,8,position,Director at the Ministry for Justice,civil servant,1973,
ACT_EU_INST_CJEU_JUDG_AG_FR_ROZ,9,position,Administrator at École nationale de la magistrature,other,1974,
ACT_EU_INST_CJEU_JUDG_AG_FR_ROZ,10,position,President of the Tribunal de grande instance de Paris,judge,1976,
ACT_EU_INST_CJEU_JUDG_AG_FR_ROZ,11,position,Advocate General at the Court of Justice,judge,1981,1984
ACT_EU_INST_CJEU_JUDG_AG_NL_SER,1,position,General Secretary of the International Federation of Christian Trade Unions,other,1920,1952
ACT_EU_INST_CJEU_JUDG_AG_NL_SER,2,position,delegate at numerous international labour conferences,other,,
ACT_EU_INST_CJEU_JUDG_AG_NL_SER,3,position,deputy member of the board of administration of the International Labour Office,other,,
ACT_EU_INST_CJEU_JUDG_AG_NL_SER,4,position,Chairman of the Social Affairs Committee of the Council of Europe,other,,
ACT_EU_INST_CJEU_JUDG_AG_NL_SER,5,position,Member of the First Chamber of the States General,politician,1929,
ACT_EU_INST_CJEU_JUDG_AG_NL_SER,6,position,Member of the Second Chamber of the States General,politician,1939,1952
ACT_EU_INST_CJEU_JUDG_AG_NL_SER,7,position,Judge at the Court of Justice of the ECSC,judge,1952,1958
ACT_EU_INST_CJEU_JUDG_AG_DE_STR,1,degree,Doctor of Laws from Heidelberg,,1924,
ACT_EU_INST_CJEU_JUDG_AG_DE_STR,2,position,Assistant Judge at Berlin courts,judge,,
ACT_EU_INST_CJEU_JUDG_AG_DE_STR,3,position,Employed in the Ministry for the Economy,civil servant,1928,1935
ACT_EU_INST_CJEU_JUDG_AG_DE_STR,4,position,Economics expert,other,,
ACT_EU_INST_CJEU_JUDG_AG_DE_STR,5,position,Director of administration in Berlin hospitals,other,,
ACT_EU_INST_CJEU_JUDG_AG_DE_STR,6,position,State Secretary of the Government of Hesse for federal matters,politician,1946,
ACT_EU_INST_CJEU_JUDG_AG_DE_STR,7,membership,"Member of the managing board of the Council of the Länder in the American-occupied zone, in Stuttgart",,1946,
ACT_EU_INST_CJEU_JUDG_AG_DE_STR,8,position,Deputy Director in the combined economic administration of the American and British occupied zones,civil servant,1947,1948
ACT_EU_INST_CJEU_JUDG_AG_DE_STR,9,position,Head of the Legal Office in the combined economic administration of the American and British occupied zones,civil servant,1948,1949
ACT_EU_INST_CJEU_JUDG_AG_DE_STR,10,membership,Member of the Parliamentary Council,,1948,1949
ACT_EU_INST_CJEU_JUDG_AG_DE_STR,11,position,State Secretary in the Federal Ministry for Justice,civil servant,1949,1963
ACT_EU_INST_CJEU_JUDG_AG_DE_STR,12,position,Judge at the Court of Justice,judge,1963,1970
ACT_EU_INST_CJEU_JUDG_AG_NL_LOR_THE,1,degree,"Doctor of Laws, University of Leiden",,1946,
ACT_EU_INST_CJEU_JUDG_AG_NL_LOR_THE,2,position,Principal Ministerial Adviser and Director of Market Organisation at the Ministry for Economic Affairs and the Ministry for Foreign Affairs,civil servant,1945,1958
ACT_EU_INST_CJEU_JUDG_AG_NL_LOR_THE,3,position,Director-General at the Commission of the European Communities,civil servant,1958,1967
ACT_EU_INST_CJEU_JUDG_AG_NL_LOR_THE,4,position,Professor of Social and Economic Law at the University of Utrecht,academic,1967,1981
ACT_EU_INST_CJEU_JUDG_AG_NL_LOR_THE,5,position,Advocate General at the Court of Justice,judge,1981,1986
ACT_EU_INST_CJEU_JUDG_AG_IE_BAR,1,position,Barrister,lawyer,,
ACT_EU_INST_CJEU_JUDG_AG_IE_BAR,2,position,Senior Counsel,lawyer,,
ACT_EU_INST_CJEU_JUDG_AG_IE_BAR,3,position,Specialist in constitutional and commercial law,lawyer,,
ACT_EU_INST_CJEU_JUDG_AG_IE_BAR,4,position,Judge at the High Court,judge,,
ACT_EU_INST_CJEU_JUDG_AG_IE_BAR,5,position,Chairman of the General Council of the Bar of Ireland,other,,
ACT_EU_INST_CJEU_JUDG_AG_IE_BAR,6,membership,Bencher of King's Inns,,,
ACT_EU_INST_CJEU_JUDG_AG_IE_BAR,7,position,Chairman of the Educational Committee Council of King's Inns,other,,
ACT_EU_INST_CJEU_JUDG_AG_IE_BAR,8,position,Judge at the Court of First Instance,judge,1989,1996
ACT_EU_INST_CJEU_JUDG_AG_EE_MAD,1,degree,"Law degree at Tartu Ülikool (University of Tartu, Estonia)",,1998,
ACT_EU_INST_CJEU_JUDG_AG_EE_MAD,2,degree,"Law degree at the université de Poitiers (University of Poitiers, France)",,1995,
ACT_EU_INST_CJEU_JUDG_AG_EE_MAD,3,position,Adviser in the Estonian Ministry of Justice,civil servant,1995,1999
ACT_EU_INST_CJEU_JUDG_AG_EE_MAD,4,position,Head of the Secretariat of the Constitutional Committee of the Estonian Parliament,civil servant,1999,2002
ACT_EU_INST_CJEU_JUDG_AG_EE_MAD,5,position,"Judge at the Tallinna Ringkonnakohus (Court of Appeal, Tallinn, Estonia)",judge,2002,
ACT_EU_INST_CJEU_JUDG_AG_EE_MAD,6,position,Member of the Judges' Examination Commission,other,2005,
ACT_EU_INST_CJEU_JUDG_AG_EE_MAD,7,position,Participated in legislative work in the fields of constitutional and administrative law,other,2005,
ACT_EU_INST_CJEU_JUDG_AG_EE_MAD,8,position,Judge at the General Court,judge,2013,
ACT_EU_INST_CJEU_JUDG_AG_EE_MAD,9,membership,Member of the Estonian Association of Judges,,,
ACT_EU_INST_CJEU_JUDG_AG_AT_KUM,1,degree,Law degree from University of Graz,,,1987
ACT_EU_INST_CJEU_JUDG_AG_AT_KUM,2,degree,Doctorate in law from University of Graz,,,1990
ACT_EU_INST_CJEU_JUDG_AG_AT_KUM,3,degree,Undergraduate degree in translation from University of Graz,,,1988
ACT_EU_INST_CJEU_JUDG_AG_AT_KUM,4,degree,Graduated from the long international cycle in public administration at École nationale d'administration,,1991,1992
ACT_EU_INST_CJEU_JUDG_AG_AT_KUM,5,position,Civil servant in the Austrian Ministry of Foreign Affairs,civil servant,1990,1994
ACT_EU_INST_CJEU_JUDG_AG_AT_KUM,6,position,Worked in the Legal Service of the Austrian Ministry of Foreign Affairs,civil servant; lawyer,,
ACT_EU_INST_CJEU_JUDG_AG_AT_KUM,7,position,Worked in the Directorate-General for European and Economic Integration Policy of the Austrian Ministry of Foreign Affairs,civil servant,,
ACT_EU_INST_CJEU_JUDG_AG_AT_KUM,8,position,Counsellor at the Permanent Mission of Austria to the United Nations in Geneva,civil servant,1994,2000
ACT_EU_INST_CJEU_JUDG_AG_AT_KUM,9,position,Head of the unit Legal issues concerning the first pillar of the European Union in the Austrian Ministry of Foreign Affairs,civil servant,2000,
ACT_EU_INST_CJEU_JUDG_AG_AT_KUM,10,position,Head of the European Law Department in the Austrian Ministry of Foreign Affairs,civil servant,2005,2019
ACT_EU_INST_CJEU_JUDG_AG_AT_KUM,11,position,Lecturer in the Department of European Law and Public International Law at University of Innsbruck,academic,2007,
ACT_EU_INST_CJEU_JUDG_AG_AT_KUM,12,position,Senior lecturer at the Diplomatische Akademie Wien,academic,2012,2018
ACT_EU_INST_CJEU_JUDG_AG_AT_KUM,13,position,Co-organiser of seminars at Vienna University of Economics and Business,academic,2014,
ACT_EU_INST_CJEU_JUDG_AG_AT_KUM,14,position,Professor at the Institute of European Law at University of Graz,academic,2014,2019
ACT_EU_INST_CJEU_JUDG_AG_AT_KUM,15,position,Honorary Professor at University of Graz,academic,2020,
ACT_EU_INST_CJEU_JUDG_AG_AT_KUM,16,position,Judge at the Court of Justice,judge,2019,
ACT_EU_INST_CJEU_JUDG_AG_AT_KUM,17,membership,Regular participant in sessions of the Beirat für Europarecht,,,
ACT_EU_INST_CJEU_JUDG_AG_AT_KUM,18,distinction,Honorary Professor of European law at University of Graz,,2020,
ACT_EU_INST_CJEU_JUDG_AG_LT_JOC,1,degree,"Law degree from University of Vilnius, Lithuania",,,1994
ACT_EU_INST_CJEU_JUDG_AG_LT_JOC,2,degree,"Doctorate in law from University of Vilnius, Lithuania",,,1999
ACT_EU_INST_CJEU_JUDG_AG_LT_JOC,3,position,Expert in EU law and the European Convention on Human Rights at the Department for European law of the Lithuanian government,civil servant; lawyer,1997,2001
ACT_EU_INST_CJEU_JUDG_AG_LT_JOC,4,position,Agent of the Lithuanian government before the European Court of Human Rights and the United Nations Committee on Human Rights,civil servant; lawyer,2002,2004
ACT_EU_INST_CJEU_JUDG_AG_LT_JOC,5,position,Expert on the Steering Committee for Human Rights and the Committee of Experts for the improvement of procedures for the protection of human rights at the Council of Europe,civil servant,2003,2004
ACT_EU_INST_CJEU_JUDG_AG_LT_JOC,6,position,Judge at the European Court of Human Rights,judge,2004,2013
ACT_EU_INST_CJEU_JUDG_AG_LT_JOC,7,position,Vice president of Section II at the European Court of Human Rights,judge,2011,2013
ACT_EU_INST_CJEU_JUDG_AG_LT_JOC,8,position,Judge at the Constitutional Court of the Republic of Lithuania,judge,2014,2023
ACT_EU_INST_CJEU_JUDG_AG_LT_JOC,9,position,President of the Constitutional Court of the Republic of Lithuania,judge,2021,2023
ACT_EU_INST_CJEU_JUDG_AG_LT_JOC,10,position,Judge at the Supreme Court of Lithuania,judge,2023,2025
ACT_EU_INST_CJEU_JUDG_AG_LT_JOC,11,position,Member of the Permanent Court of Arbitration,lawyer,2023,2025
ACT_EU_INST_CJEU_JUDG_AG_LT_JOC,12,position,Ad hoc judge at the European Court of Human Rights,judge,2015,2025
ACT_EU_INST_CJEU_JUDG_AG_LT_JOC,13,position,"Associate professor, professor and vice-dean of the law faculty of Vilniaus universitetas",academic,1999,2004
ACT_EU_INST_CJEU_JUDG_AG_LT_JOC,14,position,Professor of the law school of Mykolo Romerio universitetas,academic,2014,
ACT_EU_INST_CJEU_JUDG_AG_LT_JOC,15,position,Editor in chief and a board member of Jurisprudence of the Constitutional Court of the Republic of Lithuania,other,2021,2025
ACT_EU_INST_CJEU_JUDG_AG_LT_JOC,16,position,Judge at the General Court,judge,2025,
ACT_EU_INST_CJEU_JUDG_AG_LT_JOC,17,membership,Member of the research laboratory of Mykolo Romerio universitetas law school,,,
ACT_EU_INST_CJEU_JUDG_AG_LT_JOC,18,distinction,First degree distinction 'Teisėjų Tarybos I-ojo laipsnio pasižymėjimo ženklas' For merit in the judicial system by the Judges' Council of Lithuania,,,2021
ACT_EU_INST_CJEU_JUDG_AG_LT_JOC,19,distinction,Letter of excellence awarded by the Latvijas Republikas Satversmes tiesa,,,2023
ACT_EU_INST_CJEU_JUDG_AG_DE_KUT,1,degree,"Studied law and political science at Graz, Freiburg im Breisgau and Berlin",,,
ACT_EU_INST_CJEU_JUDG_AG_DE_KUT,2,degree,"Doctor of Laws from Königsberg, Prussia",,1937,
ACT_EU_INST_CJEU_JUDG_AG_DE_KUT,3,position,Official in the Ministries for Economic Affairs and Transport,civil servant,,
ACT_EU_INST_CJEU_JUDG_AG_DE_KUT,4,position,Secretary of the Law Committee of the Bundestag and of the Vermittlungsausschuss of the Bundestag and Bundesrat,civil servant,,
ACT_EU_INST_CJEU_JUDG_AG_DE_KUT,5,position,"Judge at the Bundesverfassungsgericht (Federal Constitutional Court), Karlsruhe",judge,1955,1970
ACT_EU_INST_CJEU_JUDG_AG_DE_KUT,6,distinction,Honorary Professor at the University of Heidelberg,,,
ACT_EU_INST_CJEU_JUDG_AG_DE_KUT,7,position,Judge at the Court of Justice,judge,1970,1976
ACT_EU_INST_CJEU_JUDG_AG_DE_KUT,8,position,President of the Court of Justice,judge,1976,1980
ACT_EU_INST_CJEU_JUDG_AG_ES_ROF_PUJ,1,degree,Law degree from University of Barcelona,,,1981
ACT_EU_INST_CJEU_JUDG_AG_ES_ROF_PUJ,2,degree,Specialisation in international trade from Mexico,,,1983
ACT_EU_INST_CJEU_JUDG_AG_ES_ROF_PUJ,3,degree,Study of European integration from Barcelona Chamber of Commerce,,,1985
ACT_EU_INST_CJEU_JUDG_AG_ES_ROF_PUJ,4,degree,"Study of Community law from School of Public Administration, Catalonia",,,1986
ACT_EU_INST_CJEU_JUDG_AG_ES_ROF_PUJ,5,position,Official of the Government of Catalonia in the Legal Service of the Ministry of Industry and Energy,civil servant; lawyer,1984,1986
ACT_EU_INST_CJEU_JUDG_AG_ES_ROF_PUJ,6,membership,Member of the Barcelona Bar,,1985,1987
ACT_EU_INST_CJEU_JUDG_AG_ES_ROF_PUJ,7,position,Administrator in the Research and Documentation Division of the Court of Justice of the European Communities,civil servant,1986,1994
ACT_EU_INST_CJEU_JUDG_AG_ES_ROF_PUJ,8,position,Principal Administrator in the Research and Documentation Division of the Court of Justice of the European Communities,civil servant,1986,1994
ACT_EU_INST_CJEU_JUDG_AG_ES_ROF_PUJ,9,position,"Legal Secretary at the Court of Justice, Chamber of Advocate General Ruiz-Jarabo Colomer",lawyer,1995,2004
ACT_EU_INST_CJEU_JUDG_AG_ES_ROF_PUJ,10,position,"Legal Secretary at the Court of Justice, Chamber of Judge Lõhmus",lawyer,2004,2009
ACT_EU_INST_CJEU_JUDG_AG_ES_ROF_PUJ,11,position,"Lecturer on Community Cases at the Faculty of Law, Autonomous University of Barcelona",academic,1993,2000
ACT_EU_INST_CJEU_JUDG_AG_ES_ROF_PUJ,12,distinction,Numerous publications and courses on European social law,,,
ACT_EU_INST_CJEU_JUDG_AG_ES_ROF_PUJ,13,membership,Member of the Board of Appeal of the Community Plant Variety Office,,2006,2009
ACT_EU_INST_CJEU_JUDG_AG_ES_ROF_PUJ,14,position,Judge at the Civil Service Tribunal,judge,2009,2016
ACT_EU_INST_CJEU_JUDG_AG_DK_BAY_LAR,1,degree,Political science degree from University of Copenhagen,,,1976
ACT_EU_INST_CJEU_JUDG_AG_DK_BAY_LAR,2,degree,Law degree from University of Copenhagen,,,1983
ACT_EU_INST_CJEU_JUDG_AG_DK_BAY_LAR,3,position,Official at the Danish Ministry of Justice,civil servant,1983,1985
ACT_EU_INST_CJEU_JUDG_AG_DK_BAY_LAR,4,position,Head of Section at the Danish Bar Association,lawyer,1985,1986
ACT_EU_INST_CJEU_JUDG_AG_DK_BAY_LAR,5,position,Head of Section at the Danish Ministry of Justice,civil servant,1986,1991
ACT_EU_INST_CJEU_JUDG_AG_DK_BAY_LAR,6,position,Head of Division at the Danish Ministry of Justice,civil servant,1991,1995
ACT_EU_INST_CJEU_JUDG_AG_DK_BAY_LAR,7,position,Head of the Police Department at the Danish Ministry of Justice,civil servant,1995,1999
ACT_EU_INST_CJEU_JUDG_AG_DK_BAY_LAR,8,position,Head of the Law Department at the Danish Ministry of Justice,civil servant,2000,2003
ACT_EU_INST_CJEU_JUDG_AG_DK_BAY_LAR,9,membership,Representative of the Kingdom of Denmark on the K4 Committee,,1995,2000
ACT_EU_INST_CJEU_JUDG_AG_DK_BAY_LAR,10,membership,Representative of the Kingdom of Denmark on the Schengen Central Group,,1996,1998
ACT_EU_INST_CJEU_JUDG_AG_DK_BAY_LAR,11,membership,Representative of the Kingdom of Denmark on the Europol Management Board,,1998,2000
ACT_EU_INST_CJEU_JUDG_AG_DK_BAY_LAR,12,position,Called to the Bar in Denmark,lawyer,1991,
ACT_EU_INST_CJEU_JUDG_AG_DK_BAY_LAR,13,position,Judge at the Supreme Court of Denmark,judge,2003,2006
ACT_EU_INST_CJEU_JUDG_AG_DK_BAY_LAR,14,position,Lecturer at University of Copenhagen,academic,1984,1991
ACT_EU_INST_CJEU_JUDG_AG_DK_BAY_LAR,15,position,Associate professor in family law at University of Copenhagen,academic,1991,1996
ACT_EU_INST_CJEU_JUDG_AG_DK_BAY_LAR,16,position,Lecturer in European criminal law at the University of Luxembourg,academic,2008,
ACT_EU_INST_CJEU_JUDG_AG_DK_BAY_LAR,17,position,Judge at the Court of Justice,judge,2006,2024
ACT_EU_INST_CJEU_JUDG_AG_DK_BAY_LAR,18,position,Vice-President of the Court of Justice,judge,2021,2024
ACT_EU_INST_CJEU_JUDG_AG_PL_BOR,1,degree,Law graduate of the University of Wrocław,,1972,
ACT_EU_INST_CJEU_JUDG_AG_PL_BOR,2,degree,Doctorate in Law from Łodz,,1982,
ACT_EU_INST_CJEU_JUDG_AG_PL_BOR,3,position,Lawyer at the Bar of the Republic of Poland,lawyer,1977,
ACT_EU_INST_CJEU_JUDG_AG_PL_BOR,4,position,Visiting Researcher at University of Paris X,academic,1987,1988
ACT_EU_INST_CJEU_JUDG_AG_PL_BOR,5,position,Visiting Researcher at University of Nantes,academic,1993,1994
ACT_EU_INST_CJEU_JUDG_AG_PL_BOR,6,position,Expert of Solidarność,other,1995,2000
ACT_EU_INST_CJEU_JUDG_AG_PL_BOR,7,position,Professor of Labour Law and European Social Law at the University of Łodz,academic,1997,1998
ACT_EU_INST_CJEU_JUDG_AG_PL_BOR,8,position,Professor of Labour Law and European Social Law at the University of Łodz,academic,2001,2005
ACT_EU_INST_CJEU_JUDG_AG_PL_BOR,9,position,Associate Professor at Warsaw School of Economics,academic,2002,
ACT_EU_INST_CJEU_JUDG_AG_PL_BOR,10,position,"Professor of Labour Law and Social Security Law at Cardinal Stefan Wyszynski University, Warsaw",academic,2000,2005
ACT_EU_INST_CJEU_JUDG_AG_PL_BOR,11,position,Deputy Minister for Labour and Social Affairs,politician,1998,2001
ACT_EU_INST_CJEU_JUDG_AG_PL_BOR,12,position,Member of the negotiation team for the accession of the Republic of Poland to the European Union,civil servant,1998,2001
ACT_EU_INST_CJEU_JUDG_AG_PL_BOR,13,position,Representative of the Polish Government to the International Labour Organisation,civil servant,1998,2001
ACT_EU_INST_CJEU_JUDG_AG_PL_BOR,14,position,Judge at the Civil Service Tribunal,judge,2005,2013
ACT_EU_INST_CJEU_JUDG_AG_IT_PIL,1,degree,Doctor of Laws,,,
ACT_EU_INST_CJEU_JUDG_AG_IT_PIL,2,position,Judge,judge,1901,
ACT_EU_INST_CJEU_JUDG_AG_IT_PIL,3,position,"Judge of the District Court, Rome",judge,1913,
ACT_EU_INST_CJEU_JUDG_AG_IT_PIL,4,position,"Judge of the Court of Appeal, Rome",judge,1923,
ACT_EU_INST_CJEU_JUDG_AG_IT_PIL,5,position,Judge of the Court of Cassation,judge,1926,
ACT_EU_INST_CJEU_JUDG_AG_IT_PIL,6,position,"First President of the Court of Appeal, Trieste",judge,1930,
ACT_EU_INST_CJEU_JUDG_AG_IT_PIL,7,position,Deputy Secretary-General of the League of Nations,civil servant,1932,1937
ACT_EU_INST_CJEU_JUDG_AG_IT_PIL,8,position,Principal State Prosecutor at the Court of Cassation,civil servant; lawyer,1944,
ACT_EU_INST_CJEU_JUDG_AG_IT_PIL,9,position,President of the International Institute for the Unification of Private Law,other,1944,
ACT_EU_INST_CJEU_JUDG_AG_IT_PIL,10,position,President of the Public Waters Appeal Court,judge,1948,
ACT_EU_INST_CJEU_JUDG_AG_IT_PIL,11,distinction,First Honorary President of the Court of Cassation,,1949,
ACT_EU_INST_CJEU_JUDG_AG_IT_PIL,12,membership,"Member of the Permanent Court of Arbitration, The Hague",,1949,
ACT_EU_INST_CJEU_JUDG_AG_IT_PIL,13,position,President of the Court of Justice,judge,1952,1958
ACT_EU_INST_CJEU_JUDG_AG_ES_CAM_SAN_BOR,1,degree,Graduated in law from Universidad de Sevilla and Universidad de Granada,,,1972
ACT_EU_INST_CJEU_JUDG_AG_ES_CAM_SAN_BOR,2,position,Public prosecutor at the Audiencia Provincial de Palma de Mallorca,civil servant; lawyer,1977,1982
ACT_EU_INST_CJEU_JUDG_AG_ES_CAM_SAN_BOR,3,position,Public prosecutor at the Audiencia Provincial de Sevilla,civil servant; lawyer,1977,1982
ACT_EU_INST_CJEU_JUDG_AG_ES_CAM_SAN_BOR,4,position,Judge in the Chamber for Contentious Administrative Proceedings of the Tribunal Superior de Justicia de Canarias,judge,,
ACT_EU_INST_CJEU_JUDG_AG_ES_CAM_SAN_BOR,5,position,Judge in the Chamber for Contentious Administrative Proceedings of the Audiencia Nacional,judge,,
ACT_EU_INST_CJEU_JUDG_AG_ES_CAM_SAN_BOR,6,position,Judge in the Chamber for Contentious Administrative Proceedings of the Tribunal Superior de Justicia de Andalucía,judge,,
ACT_EU_INST_CJEU_JUDG_AG_ES_CAM_SAN_BOR,7,position,Judge in the Chamber for Contentious Administrative Proceedings of the Tribunal Superior de Justicia de Cantabria,judge,,
ACT_EU_INST_CJEU_JUDG_AG_ES_CAM_SAN_BOR,8,position,President of the Chamber for Contentious Administrative Proceedings of the Tribunal Superior de Justicia de Cantabria,judge,1989,1994
ACT_EU_INST_CJEU_JUDG_AG_ES_CAM_SAN_BOR,9,position,Legal secretary to Advocate General Dámaso Ruiz-Jarabo Colomer at the Court of Justice of the European Communities,civil servant; lawyer,1995,1999
ACT_EU_INST_CJEU_JUDG_AG_ES_CAM_SAN_BOR,10,position,Judge in the Chamber for Contentious Administrative Proceedings of the Tribunal Supremo,judge,1999,2015
ACT_EU_INST_CJEU_JUDG_AG_ES_CAM_SAN_BOR,11,membership,Member of the Board of ACA-Europe,,2006,2014
ACT_EU_INST_CJEU_JUDG_AG_ES_CAM_SAN_BOR,12,position,Advocate General at the Court of Justice,civil servant; lawyer,2015,
ACT_EU_INST_CJEU_JUDG_AG_ES_CAM_SAN_BOR,13,membership,Member of the Junta Electoral Central,,2012,2015
ACT_EU_INST_CJEU_JUDG_AG_ES_CAM_SAN_BOR,14,membership,Member of the scientific committee of Revista Española de Derecho Europeo,,,
ACT_EU_INST_CJEU_JUDG_AG_ES_CAM_SAN_BOR,15,membership,Member of the scientific committee of Revista General de Derecho Europeo,,,
ACT_EU_INST_CJEU_JUDG_AG_ES_CAM_SAN_BOR,16,membership,Member of the scientific committee of Revista de Derecho Comunitario Europeo,,,
ACT_EU_INST_CJEU_JUDG_AG_IT_PEZ,1,degree,Diploma in law at Libera Università Internazionale degli Studi Sociali Guido Carli,,1995,
ACT_EU_INST_CJEU_JUDG_AG_IT_PEZ,2,degree,First doctorate in civil law at Università degli Studi di Roma 'La Sapienza',,2001,
ACT_EU_INST_CJEU_JUDG_AG_IT_PEZ,3,degree,Second doctorate in theory of law at Università del Salento,,2011,
ACT_EU_INST_CJEU_JUDG_AG_IT_PEZ,4,position,Judge starting her professional career as a judicial trainee,judge,1998,
ACT_EU_INST_CJEU_JUDG_AG_IT_PEZ,5,position,Judge at the Tribunale di Lecce in the First Criminal Division,judge,2000,2003
ACT_EU_INST_CJEU_JUDG_AG_IT_PEZ,6,position,Judge at the Tribunale di Lecce in the Civil and Commercial Division,judge,2003,2008
ACT_EU_INST_CJEU_JUDG_AG_IT_PEZ,7,position,National Expert to the Common Legal support service in the Directorate-General for Research and Innovation of the European Commission,civil servant,2008,2014
ACT_EU_INST_CJEU_JUDG_AG_IT_PEZ,8,position,Position in the Directorate-General for Criminal Justice at the Italian Ministry of Justice,civil servant,2014,2016
ACT_EU_INST_CJEU_JUDG_AG_IT_PEZ,9,position,Position in the Cabinet of the Minister for Justice,civil servant,2016,2017
ACT_EU_INST_CJEU_JUDG_AG_IT_PEZ,10,position,Head of Cabinet at the Ministry of Foreign Affairs and International Cooperation,civil servant,2017,2020
ACT_EU_INST_CJEU_JUDG_AG_IT_PEZ,11,position,Member of the Corte d'appello di Firenze,judge,2020,2025
ACT_EU_INST_CJEU_JUDG_AG_IT_PEZ,12,position,"Legal Adviser at the Office of the Attorney General, representing Italy before the European Court of Human Rights",lawyer,2020,2024
ACT_EU_INST_CJEU_JUDG_AG_IT_PEZ,13,position,Judge and Adviser on Justice and Home Affairs at the Permanent Representation of Italy to the European Union,judge,2025,
ACT_EU_INST_CJEU_JUDG_AG_IT_PEZ,14,position,Judge at the General Court,judge,2025,
ACT_EU_INST_CJEU_JUDG_AG_ES_ULL_RUB,1,degree,Law Degree with honours,,1985,1990
ACT_EU_INST_CJEU_JUDG_AG_ES_ULL_RUB,2,degree,PhD studies,,1990,1993
ACT_EU_INST_CJEU_JUDG_AG_ES_ULL_RUB,3,position,Public Prosecutor of Gerona,civil servant; lawyer,2000,2003
ACT_EU_INST_CJEU_JUDG_AG_ES_ULL_RUB,4,position,"Judicial and Human Rights Advisor for the Coalition Provisional Authority, Baghdad, Iraq",civil servant; lawyer,2003,2004
ACT_EU_INST_CJEU_JUDG_AG_ES_ULL_RUB,5,position,Civil First Instance Judge and Investigative Judge,judge,2003,2007
ACT_EU_INST_CJEU_JUDG_AG_ES_ULL_RUB,6,position,"Senior Judge, Gerona",judge,2008,
ACT_EU_INST_CJEU_JUDG_AG_ES_ULL_RUB,7,position,Deputy Head of EUJUST LEX Integrated Rule of Law Mission for Iraq at the Council of the European Union,civil servant,2005,2006
ACT_EU_INST_CJEU_JUDG_AG_ES_ULL_RUB,8,position,Legal Counsellor of the Constitutional Court of Spain,civil servant; lawyer,2006,2011
ACT_EU_INST_CJEU_JUDG_AG_ES_ULL_RUB,9,position,Legal Counsellor of the Constitutional Court of Spain,civil servant; lawyer,2013,
ACT_EU_INST_CJEU_JUDG_AG_ES_ULL_RUB,10,position,Secretary of State for Security,politician,2012,2013
ACT_EU_INST_CJEU_JUDG_AG_ES_ULL_RUB,11,position,Civil Expert on Rule of Law and Security Sector Reform of the Council of the European Union,other,2005,2011
ACT_EU_INST_CJEU_JUDG_AG_ES_ULL_RUB,12,position,External Expert on Fundamental Rights and Criminal Justice for the European Commission,other,2011,2013
ACT_EU_INST_CJEU_JUDG_AG_ES_ULL_RUB,13,position,lecturer and author of numerous publications,academic,,
ACT_EU_INST_CJEU_JUDG_AG_ES_ULL_RUB,14,position,Judge at the General Court,judge,2013,2019
ACT_EU_INST_CJEU_JUDG_AG_CY_EMI,1,degree,Graduated in law from National and Kapodistrian University of Athens,,,1986
ACT_EU_INST_CJEU_JUDG_AG_CY_EMI,2,degree,Obtained an LL. M. in European law from London School of Economics and Political Science,,,1987
ACT_EU_INST_CJEU_JUDG_AG_CY_EMI,3,degree,Awarded a doctorate in law by University College London,,,1991
ACT_EU_INST_CJEU_JUDG_AG_CY_EMI,4,position,Research associate at University College London,academic,1988,1991
ACT_EU_INST_CJEU_JUDG_AG_CY_EMI,5,position,Taught EU law at University of Southampton,academic,1991,1993
ACT_EU_INST_CJEU_JUDG_AG_CY_EMI,6,position,"Taught at Queen Mary and Westfield College, University of London",academic,1993,1994
ACT_EU_INST_CJEU_JUDG_AG_CY_EMI,7,position,Held the Jean Monnet Chair of European Integration at the University of Durham,academic,1995,1997
ACT_EU_INST_CJEU_JUDG_AG_CY_EMI,8,position,Honorary Senior Research Fellow at University College London,academic,1994,1997
ACT_EU_INST_CJEU_JUDG_AG_CY_EMI,9,position,Special Adviser to the Minister for Foreign Affairs of Cyprus,politician,,1997
ACT_EU_INST_CJEU_JUDG_AG_CY_EMI,10,position,Minister Plenipotentiary at the EU Division of the Ministry of Foreign Affairs of Cyprus,politician,1997,1998
ACT_EU_INST_CJEU_JUDG_AG_CY_EMI,11,position,Deputy Permanent Delegate of the Republic of Cyprus to the European Union,politician,1998,1999
ACT_EU_INST_CJEU_JUDG_AG_CY_EMI,12,position,Ambassador Plenipotentiary and Extraordinary of the Republic of Cyprus to Ireland,politician,1999,2002
ACT_EU_INST_CJEU_JUDG_AG_CY_EMI,13,position,Permanent Representative of the Republic of Cyprus to the Council of Europe,politician,2002,2004
ACT_EU_INST_CJEU_JUDG_AG_CY_EMI,14,position,Representative of the Government of Cyprus in cases brought before the European Court of Human Rights,lawyer,,2004
ACT_EU_INST_CJEU_JUDG_AG_CY_EMI,15,position,Permanent Representative of the Republic of Cyprus to the European Union,politician,2004,2008
ACT_EU_INST_CJEU_JUDG_AG_CY_EMI,16,position,Permanent Secretary of the Ministry of Foreign Affairs of Cyprus,politician,2008,2012
ACT_EU_INST_CJEU_JUDG_AG_CY_EMI,17,position,Permanent Representative of the Republic of Cyprus to the United Nations in New York,politician,2012,2017
ACT_EU_INST_CJEU_JUDG_AG_CY_EMI,18,position,Permanent Representative of the Republic of Cyprus to the European Union,politician,2017,2021
ACT_EU_INST_CJEU_JUDG_AG_CY_EMI,19,position,Served on the Panel of Arbitrators of the Permanent Court of Arbitration in The Hague,other,1995,2016
ACT_EU_INST_CJEU_JUDG_AG_CY_EMI,20,position,Advocate General at the Court of Justice,judge,2021,
ACT_EU_INST_CJEU_JUDG_AG_CY_EMI,21,membership,Member of the European Public Law Organisation,,,
ACT_EU_INST_CJEU_JUDG_AG_CY_EMI,22,membership,Member of the International Law Association (Cypriot Branch),,,
ACT_EU_INST_CJEU_JUDG_AG_CY_EMI,23,distinction,"Knight Commander with Star, Order of St. Gregory the Great, Vatican",,2010,
ACT_EU_INST_CJEU_JUDG_AG_DE_COL,1,degree,Doctorate in law from the University of Munich,,,
ACT_EU_INST_CJEU_JUDG_AG_DE_COL,2,position,Judge at the Arbeitsgericht Oldenburg,judge,,
ACT_EU_INST_CJEU_JUDG_AG_DE_COL,3,position,"Authorised by the University of Bremen to teach labour law, sociology of law and social law",academic,,
ACT_EU_INST_CJEU_JUDG_AG_DE_COL,4,position,Professor ad interim at the Faculty of Law of the universities of Frankfurt and Bremen,academic,,
ACT_EU_INST_CJEU_JUDG_AG_DE_COL,5,position,President of the Landesarbeitsgericht Schleswig-Holstein,judge,1989,
ACT_EU_INST_CJEU_JUDG_AG_DE_COL,6,position,Collaboration as expert on the European Expertise Service project for the reform of the labour law of Kirghizstan,other,1994,1995
ACT_EU_INST_CJEU_JUDG_AG_DE_COL,7,distinction,"Honorary Professor at the University of Bremen in labour law, specifically in European labour law",,,
ACT_EU_INST_CJEU_JUDG_AG_DE_COL,8,position,Judge at the Court of Justice,judge,2000,2006
ACT_EU_INST_CJEU_JUDG_AG_CY_LYC,1,degree,Law degree,,1985,
ACT_EU_INST_CJEU_JUDG_AG_CY_LYC,2,degree,Diploma of advanced studies in Community law,,1987,
ACT_EU_INST_CJEU_JUDG_AG_CY_LYC,3,degree,Doctoral thesis in law,,1991,
ACT_EU_INST_CJEU_JUDG_AG_CY_LYC,4,position,Lawyer at the Nicosia Bar,lawyer,1993,1996
ACT_EU_INST_CJEU_JUDG_AG_CY_LYC,5,position,Special adviser on European affairs to the Cypriot Minister for Foreign Affairs,civil servant,1996,1999
ACT_EU_INST_CJEU_JUDG_AG_CY_LYC,6,position,Adviser on Community law at the Law Office of the Republic of Cyprus,civil servant,1999,2002
ACT_EU_INST_CJEU_JUDG_AG_CY_LYC,7,position,Member of the Cypriot mission responsible for negotiating accession to the European Union,politician,1998,2003
ACT_EU_INST_CJEU_JUDG_AG_CY_LYC,8,position,Member of Greek-Cypriot delegations involved in negotiations for a comprehensive settlement of the Cyprus problem,politician,2002,2014
ACT_EU_INST_CJEU_JUDG_AG_CY_LYC,9,position,Senior lawyer of the Republic of Cyprus,lawyer,2002,2007
ACT_EU_INST_CJEU_JUDG_AG_CY_LYC,10,position,Senior counsel of the Republic of Cyprus,lawyer,2007,2014
ACT_EU_INST_CJEU_JUDG_AG_CY_LYC,11,position,Head of the European Union Law Section of the Law Office of the Republic of Cyprus,civil servant,2003,2014
ACT_EU_INST_CJEU_JUDG_AG_CY_LYC,12,position,Agent representing the Cypriot Government before the Courts of the European Union,lawyer,2004,2014
ACT_EU_INST_CJEU_JUDG_AG_CY_LYC,13,position,Judge at the Court of Justice,judge,2014,
ACT_EU_INST_CJEU_JUDG_AG_CY_LYC,14,position,President of Chamber at the Court of Justice,judge,2021,
ACT_EU_INST_CJEU_JUDG_AG_CY_LYC,15,membership,Founding member of the Cypriot Association of Energy Law,,,
ACT_EU_INST_CJEU_JUDG_AG_CY_LYC,16,membership,Member of the European Group of Public Law,,,
ACT_EU_INST_CJEU_JUDG_AG_DE_KOK,1,degree,Studied law at the University of Bonn and University of Geneva,,1976,1982
ACT_EU_INST_CJEU_JUDG_AG_DE_KOK,2,degree,"L. L. M at the American University, Washington DC",,1983,
ACT_EU_INST_CJEU_JUDG_AG_DE_KOK,3,degree,Doctorate in law from the University of Heidelberg,,1985,
ACT_EU_INST_CJEU_JUDG_AG_DE_KOK,4,degree,Doctorate in law from Harvard University,,1990,
ACT_EU_INST_CJEU_JUDG_AG_DE_KOK,5,degree,Diploma from the Académie Internationale de Droit Constitutionnel,,1985,
ACT_EU_INST_CJEU_JUDG_AG_DE_KOK,6,position,"Visiting Professor at the University of California, Berkeley",academic,1991,
ACT_EU_INST_CJEU_JUDG_AG_DE_KOK,7,position,"Professor of German and Foreign Public Law, International Law and European Law at the University of Augsburg",academic,1992,
ACT_EU_INST_CJEU_JUDG_AG_DE_KOK,8,position,"Professor of German and Foreign Public Law, International Law and European Law at the University of Heidelberg",academic,1993,
ACT_EU_INST_CJEU_JUDG_AG_DE_KOK,9,position,"Professor of German and Foreign Public Law, International Law and European Law at the Heinrich-Heine-Universität Düsseldorf",academic,1994,1999
ACT_EU_INST_CJEU_JUDG_AG_DE_KOK,10,position,Professor at the University of Saint Gallen,academic,1999,
ACT_EU_INST_CJEU_JUDG_AG_DE_KOK,11,position,Director of the Institute for European and International Business Law at the University of St. Gallen,academic,2000,
ACT_EU_INST_CJEU_JUDG_AG_DE_KOK,12,position,Deputy Director of the Master of Business Law programme at the University of St. Gallen,academic,2001,2003
ACT_EU_INST_CJEU_JUDG_AG_DE_KOK,13,position,Alternate judge to the international Court of Conciliation and Arbitration of the Organisation for Security and Cooperation in Europe,judge,1995,
ACT_EU_INST_CJEU_JUDG_AG_DE_KOK,14,position,Deputy Chairwoman of the Federal Government Advisory Council on Global Environmental Change,civil servant,,2003
ACT_EU_INST_CJEU_JUDG_AG_DE_KOK,15,position,Advocate General at the Court of Justice,judge,2003,
ACT_EU_INST_CJEU_JUDG_AG_DE_KOK,16,position,First Advocate General from 2006 to 2007,judge,2006,2007
ACT_EU_INST_CJEU_JUDG_AG_DE_KOK,17,membership,Founder and Chair of the International Law Association Committee on International Tax Law,,,
ACT_EU_INST_CJEU_JUDG_AG_DE_KOK,18,membership,"Member of the advisory boards of the German Tax Law Society, Berlin Tax Talks and the Tax Law Association, Heidelberg",,,
ACT_EU_INST_CJEU_JUDG_AG_DE_KOK,19,membership,Member of the steering committee of the Master programme of the Faculty of Law of the University of Luxembourg,,,
ACT_EU_INST_CJEU_JUDG_AG_DE_KOK,20,membership,Participation in the mentoring programme 'Geh deinen Weg' of the Deutschland Stiftung Integration,,,
ACT_EU_INST_CJEU_JUDG_AG_DE_KOK,21,membership,Participation in the Minerva-Femmenet programme of the Max Planck Society,,,
ACT_EU_INST_CJEU_JUDG_AG_DE_KOK,22,position,President of the Board of Directors of the Max Planck Institute for Tax Law and Public Finance,other,,
ACT_EU_INST_CJEU_JUDG_AG_DE_KOK,23,distinction,Saarland Ambassador,,,
ACT_EU_INST_CJEU_JUDG_AG_DE_KOK,24,distinction,Doctor honoris causa in law from the University of Augsburg,,2022,
ACT_EU_INST_CJEU_JUDG_AG_DE_KOK,25,distinction,Doctor honoris causa from the University of Liège,,2022,
ACT_EU_INST_CJEU_JUDG_AG_DE_KOK,26,distinction,Dr. Otto Schmidt-Preis zur Förderung der Europäisierung und Internationalisierung des Rechts,,2020,
ACT_EU_INST_CJEU_JUDG_AG_DE_KOK,27,distinction,Otto Hahn Medal awarded by the Max Planck Society,,,
ACT_EU_INST_CJEU_JUDG_AG_LT_BIE,1,degree,Degree in law from the University of Vilnius,,,1973
ACT_EU_INST_CJEU_JUDG_AG_LT_BIE,2,degree,Doctorate in law,,,1978
ACT_EU_INST_CJEU_JUDG_AG_LT_BIE,3,position,Assistant Lecturer at the Law Faculty of the University of Vilnius,academic,1977,
ACT_EU_INST_CJEU_JUDG_AG_LT_BIE,4,position,Junior Lecturer at the Law Faculty of the University of Vilnius,academic,,
ACT_EU_INST_CJEU_JUDG_AG_LT_BIE,5,position,Senior Lecturer at the Law Faculty of the University of Vilnius,academic,,1992
ACT_EU_INST_CJEU_JUDG_AG_LT_BIE,6,position,Consultant in the Legal Department of the Supreme Council-Reconstituent Seimas of the Republic of Lithuania,civil servant,1990,1992
ACT_EU_INST_CJEU_JUDG_AG_LT_BIE,7,position,Adviser at the Lithuanian Embassy in Belgium,other,1992,1994
ACT_EU_INST_CJEU_JUDG_AG_LT_BIE,8,position,Adviser at the Lithuanian Embassy in France,other,1994,1996
ACT_EU_INST_CJEU_JUDG_AG_LT_BIE,9,membership,Member of the European Commission of Human Rights,,1996,1999
ACT_EU_INST_CJEU_JUDG_AG_LT_BIE,10,position,Judge at the Supreme Court of Lithuania,judge,1999,2011
ACT_EU_INST_CJEU_JUDG_AG_LT_BIE,11,position,Senior Lecturer in the Criminal Law Department of the University of Vilnius,academic,2003,2013
ACT_EU_INST_CJEU_JUDG_AG_LT_BIE,12,position,Representative of the Republic of Lithuania on the Joint Supervisory Body of Eurojust,civil servant,2004,2011
ACT_EU_INST_CJEU_JUDG_AG_LT_BIE,13,position,Judge at the Constitutional Court of the Republic of Lithuania,judge,2011,2013
ACT_EU_INST_CJEU_JUDG_AG_LT_BIE,14,position,Judge at the General Court,judge,2013,2019
ACT_EU_INST_CJEU_JUDG_AG_EL_KAK,1,position,Lawyer in Athens,lawyer,,
ACT_EU_INST_CJEU_JUDG_AG_EL_KAK,2,position,Junior Member of the Council of State,civil servant,,
ACT_EU_INST_CJEU_JUDG_AG_EL_KAK,3,position,Member of the Council of State,civil servant,,
ACT_EU_INST_CJEU_JUDG_AG_EL_KAK,4,position,Senior Member of the Council of State,civil servant,,
ACT_EU_INST_CJEU_JUDG_AG_EL_KAK,5,position,President of the Special Court for actions against judges,judge,,
ACT_EU_INST_CJEU_JUDG_AG_EL_KAK,6,position,Member of the Superior Special Court,judge,,
ACT_EU_INST_CJEU_JUDG_AG_EL_KAK,7,position,General Inspector of Administrative Tribunals,civil servant,,
ACT_EU_INST_CJEU_JUDG_AG_EL_KAK,8,position,Member of the Supreme Council of Magistrates,judge,,
ACT_EU_INST_CJEU_JUDG_AG_EL_KAK,9,position,President of the Supreme Disciplinary Council at the Ministry of Foreign Affairs,civil servant,,
ACT_EU_INST_CJEU_JUDG_AG_EL_KAK,10,position,Judge at the Court of Justice,judge,1983,1997
ACT_EU_INST_CJEU_JUDG_AG_IE_MUR,1,position,Barrister,lawyer,1967,
ACT_EU_INST_CJEU_JUDG_AG_IE_MUR,2,position,Senior Counsel,lawyer,1981,
ACT_EU_INST_CJEU_JUDG_AG_IE_MUR,3,position,Private practice at the Bar of Ireland,lawyer,,
ACT_EU_INST_CJEU_JUDG_AG_IE_MUR,4,position,Attorney General,civil servant; lawyer,1987,
ACT_EU_INST_CJEU_JUDG_AG_IE_MUR,5,membership,Former Member of the Council of State,,,
ACT_EU_INST_CJEU_JUDG_AG_IE_MUR,6,membership,Former Member of the Bar Council of Ireland,,,
ACT_EU_INST_CJEU_JUDG_AG_IE_MUR,7,membership,Bencher of the Honourable Society of King's Inns,,,
ACT_EU_INST_CJEU_JUDG_AG_IE_MUR,8,position,Judge at the Court of Justice,judge,1991,1999
ACT_EU_INST_CJEU_JUDG_AG_UK_FORR,1,degree,MA from the University of Glasgow in history and English literature,,1965,
ACT_EU_INST_CJEU_JUDG_AG_UK_FORR,2,degree,LLB from the University of Glasgow in law,,1967,
ACT_EU_INST_CJEU_JUDG_AG_UK_FORR,3,degree,MCL from Tulane University of Louisiana in civil law,,1969,
ACT_EU_INST_CJEU_JUDG_AG_UK_FORR,4,membership,Member of the Scottish Bar,,1972,
ACT_EU_INST_CJEU_JUDG_AG_UK_FORR,5,membership,Member of the New York Bar,,1977,
ACT_EU_INST_CJEU_JUDG_AG_UK_FORR,6,distinction,Appointed Queen's Counsel,,1988,
ACT_EU_INST_CJEU_JUDG_AG_UK_FORR,7,membership,Member of the Bar of England and Wales,,1996,
ACT_EU_INST_CJEU_JUDG_AG_UK_FORR,8,membership,Member of the Brussels Bar,,1999,
ACT_EU_INST_CJEU_JUDG_AG_UK_FORR,9,position,"Practised at the Bar in Edinburgh, Brussels, London and New York",lawyer,,
ACT_EU_INST_CJEU_JUDG_AG_UK_FORR,10,position,Visiting professor at the University of Glasgow,academic,1991,
ACT_EU_INST_CJEU_JUDG_AG_UK_FORR,11,distinction,Doctor honoris causa of the University of Glasgow,,2009,
ACT_EU_INST_CJEU_JUDG_AG_UK_FORR,12,membership,Bencher of Middle Temple,,2012,
ACT_EU_INST_CJEU_JUDG_AG_UK_FORR,13,position,Arbitrator at the International Chamber of Commerce,other,,
ACT_EU_INST_CJEU_JUDG_AG_UK_FORR,14,position,Arbitrator at the International Centre for Settlement of Investment Disputes,other,,
ACT_EU_INST_CJEU_JUDG_AG_UK_FORR,15,position,Arbitrator at the Court of Arbitration for Sport,other,,
ACT_EU_INST_CJEU_JUDG_AG_UK_FORR,16,position,Judge at the General Court,judge,2015,2020
ACT_EU_INST_CJEU_JUDG_AG_MT_XUE,1,degree,Degree in law from the University of Malta,,,1977
ACT_EU_INST_CJEU_JUDG_AG_MT_XUE,2,degree,Master of Laws from the University of London,,,1979
ACT_EU_INST_CJEU_JUDG_AG_MT_XUE,3,degree,Doctorate in law from the University of Cambridge,,,1982
ACT_EU_INST_CJEU_JUDG_AG_MT_XUE,4,position,Lecturer at Ealing College of Higher Education,academic,1982,1984
ACT_EU_INST_CJEU_JUDG_AG_MT_XUE,5,position,Lecturer at the University of Exeter,academic,1984,1990
ACT_EU_INST_CJEU_JUDG_AG_MT_XUE,6,position,"Lecturer at Queen Mary and Westfield College, University of London",academic,1990,1993
ACT_EU_INST_CJEU_JUDG_AG_MT_XUE,7,position,Professor at the Università ta' Malta,academic,1993,2016
ACT_EU_INST_CJEU_JUDG_AG_MT_XUE,8,position,Head of the Department of European and Comparative Law at the Università ta' Malta,academic,,
ACT_EU_INST_CJEU_JUDG_AG_MT_XUE,9,position,President of the European Documentation and Research Centre at the Università ta' Malta,academic,,
ACT_EU_INST_CJEU_JUDG_AG_MT_XUE,10,position,Advocate of the superior courts of Malta,lawyer,1979,
ACT_EU_INST_CJEU_JUDG_AG_MT_XUE,11,position,Legal adviser in the private sector,lawyer,1993,2016
ACT_EU_INST_CJEU_JUDG_AG_MT_XUE,12,position,Consultant for the Maltese Parliament,politician,,
ACT_EU_INST_CJEU_JUDG_AG_MT_XUE,13,membership,President of the Malta European Law Association,,1995,2016
ACT_EU_INST_CJEU_JUDG_AG_MT_XUE,14,position,Judge at the General Court,judge,2016,2018
ACT_EU_INST_CJEU_JUDG_AG_MT_XUE,15,position,Judge at the Court of Justice,judge,2018,2024
ACT_EU_INST_CJEU_JUDG_AG_LV_ZIL,1,degree,"Graduated in political science from the University of California, Los Angeles",,,1986
ACT_EU_INST_CJEU_JUDG_AG_LV_ZIL,2,degree,Juris Doctor from the University of Southern California,,,1990
ACT_EU_INST_CJEU_JUDG_AG_LV_ZIL,3,position,"Senior Adviser at the Environmental Protection Committee, Parliament, Latvia",civil servant,1990,1992
ACT_EU_INST_CJEU_JUDG_AG_LV_ZIL,4,position,Desk officer at the Latvian Ministry of Foreign Affairs,civil servant,,
ACT_EU_INST_CJEU_JUDG_AG_LV_ZIL,5,membership,Admitted to the California Bar,,1991,
ACT_EU_INST_CJEU_JUDG_AG_LV_ZIL,6,position,Environmental Specialist for the Baltic Region at the World Bank,other,1993,
ACT_EU_INST_CJEU_JUDG_AG_LV_ZIL,7,position,Senior Environmental Law Adviser for the Russian Federation - Environmental Management Project,other,1996,
ACT_EU_INST_CJEU_JUDG_AG_LV_ZIL,8,position,Deputy Head of the Bioethics Department at the Council of Europe,civil servant,1997,2005
ACT_EU_INST_CJEU_JUDG_AG_LV_ZIL,9,position,Head of the Governance and Ethics Unit at the European Commission,civil servant,,
ACT_EU_INST_CJEU_JUDG_AG_LV_ZIL,10,position,Head of the Infectious Diseases and Public Health Unit at the European Commission,civil servant,2010,
ACT_EU_INST_CJEU_JUDG_AG_LV_ZIL,11,position,Head of the Health and Well Being Unit at the European Commission,civil servant,2010,2016
ACT_EU_INST_CJEU_JUDG_AG_LV_ZIL,12,position,Head of the Digital Innovation and Blockchain Unit at the European Commission,civil servant,2016,2021
ACT_EU_INST_CJEU_JUDG_AG_LV_ZIL,13,position,Judge at the General Court,judge,2021,
ACT_EU_INST_CJEU_JUDG_AG_LV_ZIL,14,membership,Member of the Editorial Board of the Baltic Yearbook of International Law,,,
ACT_EU_INST_CJEU_JUDG_AG_LV_ZIL,15,membership,Member of the World Economic Forum Digital Currency Governance Consortium,,,
ACT_EU_INST_CJEU_JUDG_AG_LV_ZIL,16,membership,Member of the Organisation for Economic Co-operation and Development Blockchain Expert Policy Advisory Board,,,
ACT_EU_INST_CJEU_JUDG_AG_DK_SVE,1,degree,Juridisk kandidateksamen from Aarhus Universitet,,,1989
ACT_EU_INST_CJEU_JUDG_AG_DK_SVE,2,position,Trainee lawyer at Kammeradvokaten,lawyer,,
ACT_EU_INST_CJEU_JUDG_AG_DK_SVE,3,position,Legal Secretary to Advocate General Claus Gulmann at the Court of Justice,civil servant,1991,1993
ACT_EU_INST_CJEU_JUDG_AG_DK_SVE,4,position,Lawyer at Kammeradvokaten,lawyer,1993,1995
ACT_EU_INST_CJEU_JUDG_AG_DK_SVE,5,position,Lecturer in EU law at Københavns Universitet,academic,,
ACT_EU_INST_CJEU_JUDG_AG_DK_SVE,6,position,Senior lecturer and acting director at the European Institute of Public Administration (EIPA),academic,1995,1999
ACT_EU_INST_CJEU_JUDG_AG_DK_SVE,7,position,Period at a Danish law firm in Brussels,lawyer,1997,1997
ACT_EU_INST_CJEU_JUDG_AG_DK_SVE,8,position,Legal department at the European Free Trade Association (EFTA) Surveillance Authority (ESA),civil servant; lawyer,1999,
ACT_EU_INST_CJEU_JUDG_AG_DK_SVE,9,position,Lawyer-linguist at the Court of Justice of the European Union,civil servant; lawyer,2000,
ACT_EU_INST_CJEU_JUDG_AG_DK_SVE,10,position,Legal Secretary to Claus Gulmann who had become a judge at the Court of Justice,civil servant,2003,
ACT_EU_INST_CJEU_JUDG_AG_DK_SVE,11,position,Legal Secretary to Judge Lars Bay Larsen at the Court of Justice,civil servant,2006,2013
ACT_EU_INST_CJEU_JUDG_AG_DK_SVE,12,position,Judge of the Civil Service Tribunal,judge,2013,2016
ACT_EU_INST_CJEU_JUDG_AG_DK_SVE,13,position,Judge at the General Court of the European Union,judge,2016,
ACT_EU_INST_CJEU_JUDG_AG_DK_SVE,14,position,President of Chamber at the General Court of the European Union,judge,2019,
ACT_EU_INST_CJEU_JUDG_AG_DK_SVE,15,membership,Member of the Dansk Forening for Europaret,,,
ACT_EU_INST_CJEU_JUDG_AG_HR_PAV,1,degree,Law degree from the Sveučilište u Zagrebu,,1996,
ACT_EU_INST_CJEU_JUDG_AG_HR_PAV,2,degree,Doctorate from the Sveučilište u Zagrebu,,2020,
ACT_EU_INST_CJEU_JUDG_AG_HR_PAV,3,position,Legal trainee at the Općinski sud u Zagrebu and the Županijski sud u Zagrebu,lawyer,1997,
ACT_EU_INST_CJEU_JUDG_AG_HR_PAV,4,position,Legal adviser at the Općinski sud u Zagrebu,lawyer,1999,
ACT_EU_INST_CJEU_JUDG_AG_HR_PAV,5,position,Judge at the Općinski sud u Zlataru,judge,2002,
ACT_EU_INST_CJEU_JUDG_AG_HR_PAV,6,position,Judge at the Općinski kazneni sud u Zagrebu,judge,2008,
ACT_EU_INST_CJEU_JUDG_AG_HR_PAV,7,position,Senior legal adviser at the Vrhovni sud Republike Hrvatske,lawyer,2010,2011
ACT_EU_INST_CJEU_JUDG_AG_HR_PAV,8,position,Secretary of the Državno sudbeno vijeće,other,2010,2011
ACT_EU_INST_CJEU_JUDG_AG_HR_PAV,9,position,"Served at the Županijski sud u Zagrebu in departments responsible for criminal cases and cases related to corruption, organised crime and war crimes",judge,2011,2021
ACT_EU_INST_CJEU_JUDG_AG_HR_PAV,10,position,President of the department responsible for monitoring the case-law of the Court of Justice of the European Union and the European Court of Human Rights at Županijski sud u Zagrebu,judge,2011,2021
ACT_EU_INST_CJEU_JUDG_AG_HR_PAV,11,position,President of the chamber responsible for judicial cooperation in criminal matters with the Member States of the European Union at Županijski sud u Zagrebu,judge,2011,2021
ACT_EU_INST_CJEU_JUDG_AG_HR_PAV,12,position,Judge at the Visoki kazneni sud Republike Hrvatske,judge,2021,2025
ACT_EU_INST_CJEU_JUDG_AG_HR_PAV,13,position,Chair of the Judicial Council at Visoki kazneni sud Republike Hrvatske,other,2021,2025
ACT_EU_INST_CJEU_JUDG_AG_HR_PAV,14,position,Member of the Expert Committee responsible for the enforcement of judgments and decisions of the European Court of Human Rights at Visoki kazneni sud Republike Hrvatske,other,2021,2025
ACT_EU_INST_CJEU_JUDG_AG_HR_PAV,15,position,Point of contact within the European Judicial Network in criminal matters at Visoki kazneni sud Republike Hrvatske,other,2021,2025
ACT_EU_INST_CJEU_JUDG_AG_HR_PAV,16,position,Member of the Judicial Council of the Vrhovni sud Republike Hrvatske,other,2021,2025
ACT_EU_INST_CJEU_JUDG_AG_HR_PAV,17,position,President of the Disciplinary Court of the Chamber of Electrical Engineers,other,2015,2024
ACT_EU_INST_CJEU_JUDG_AG_HR_PAV,18,position,President of the Disciplinary Court of the Chamber of Civil Engineers,other,2016,2024
ACT_EU_INST_CJEU_JUDG_AG_HR_PAV,19,position,Vice-President of the Disciplinary Court of the Croatian Medical Chamber,other,2019,2024
ACT_EU_INST_CJEU_JUDG_AG_HR_PAV,20,position,Lecturer at Effectus University of Applied Sciences and at the Faculty of Law of the Sveučilište u Zagrebu,academic,2023,
ACT_EU_INST_CJEU_JUDG_AG_HR_PAV,21,position,"Lecturer at the National School for the Judiciary, the Judicial Academy of Croatia and the European Judicial Training Network",academic,2023,
ACT_EU_INST_CJEU_JUDG_AG_HR_PAV,22,position,Judge at the General Court,judge,2025,
ACT_EU_INST_CJEU_JUDG_AG_HR_PAV,23,membership,Member of the editorial board of the legal journal DOOR,,,
ACT_EU_INST_CJEU_JUDG_AG_BE_NIH,1,degree,Degree in law from the Université catholique de Louvain,,1988,
ACT_EU_INST_CJEU_JUDG_AG_BE_NIH,2,degree,Master of Laws from Harvard University,,1989,
ACT_EU_INST_CJEU_JUDG_AG_BE_NIH,3,degree,Degree in philology and philosophy from the Université catholique de Louvain,,1984,
ACT_EU_INST_CJEU_JUDG_AG_BE_NIH,4,degree,Doctoral studies in law at the Université catholique de Louvain,,1998,
ACT_EU_INST_CJEU_JUDG_AG_BE_NIH,5,membership,Member of the Academia Europeae,,,
ACT_EU_INST_CJEU_JUDG_AG_BE_NIH,6,membership,Member of the Executive Board of the Academic Society for Competition Law,,,
ACT_EU_INST_CJEU_JUDG_AG_BE_NIH,7,position,Practised as an Attorney and Counselor at Law,lawyer,1990,
ACT_EU_INST_CJEU_JUDG_AG_BE_NIH,8,position,Legal Secretary to Judge René Joliet and Judge John Murray at the Court of Justice of the European Communities,civil servant; lawyer,1991,1995
ACT_EU_INST_CJEU_JUDG_AG_BE_NIH,9,position,Researcher at the Université catholique de Louvain,academic,1995,1999
ACT_EU_INST_CJEU_JUDG_AG_BE_NIH,10,position,Lecturer and professor at the Rijksuniversiteit Groningen,academic,1999,2010
ACT_EU_INST_CJEU_JUDG_AG_BE_NIH,11,position,Professor at the Université catholique de Louvain,academic,2001,
ACT_EU_INST_CJEU_JUDG_AG_BE_NIH,12,position,Director of the Centre for Consumer Law at the Université catholique de Louvain,academic,2001,2016
ACT_EU_INST_CJEU_JUDG_AG_BE_NIH,13,position,President of the Organisation for Academic Staff at the Université catholique de Louvain,academic,2004,2006
ACT_EU_INST_CJEU_JUDG_AG_BE_NIH,14,position,President of the Institute of Legal Studies at the Université catholique de Louvain,academic,2012,2015
ACT_EU_INST_CJEU_JUDG_AG_BE_NIH,15,position,Jean Monnet Chair awarded by the European Research Council,academic,1999,2009
ACT_EU_INST_CJEU_JUDG_AG_BE_NIH,16,position,Visiting professor at the université Paris-Dauphine,academic,2013,2016
ACT_EU_INST_CJEU_JUDG_AG_BE_NIH,17,position,Fulbright scholar at the American University,academic,2010,2011
ACT_EU_INST_CJEU_JUDG_AG_BE_NIH,18,position,Chair of the Academic Society for Competition Law (Ascola),academic,2013,2016
ACT_EU_INST_CJEU_JUDG_AG_BE_NIH,19,position,Judge at the General Court,judge,2016,
ACT_EU_INST_CJEU_JUDG_AG_BE_NIH,20,position,Chief editor of legal journals,academic,,
ACT_EU_INST_CJEU_JUDG_AG_BE_NIH,21,position,"Member of the editorial board of legal journals: Les Cahiers du juriste, Market and Competition Law Review",academic,,
ACT_EU_INST_CJEU_JUDG_AG_BE_NIH,22,position,"Director of the Europe collection, Larcier",academic,,
ACT_EU_INST_CJEU_JUDG_AG_BE_NIH,23,distinction,"Prix d'excellence, Wallonie-Bruxelles International 2010-2011",,2010,2011
ACT_EU_INST_CJEU_JUDG_AG_BE_NIH,24,distinction,"Prix de la Communauté française, Brussels, 1984, for the best dissertation in philology",,1984,
