key_id,iuropa_decision_id,cjeu_decision_id,ecli,celex,goods,services,persons,applicant_legal_person,applicant_economically_active,applicant_natural_person,applicant_gender,applicant_family_link_worker,not_harmonized,discrimination_test,market_access_test,strengthen_autonomy,deference_reasoning,deference_operative_part,direct_effect,proportionality_test,discrimination_or_restriction,measure_rejected,protection_individual,measure_proportionate_outcome,derived_rights,incompatibility_eu_measure_primary,incompatibility_eu_measure_secondary,incompatibility_national_measure_primary,incompatibility_national_measure_secondary
1,DEC_C_1960_0009_J_19610714,ECLI:EU:C:1961:18:19610714,ECLI:EU:C:1961:18,61960CJ0009,1,NA,0,1,NA,0,NA,NA,0,0,0,0,0,0,0,0,0,-1,NA,-1,NA,0,0,0,0
2,DEC_C_1961_0007_J_19611219,ECLI:EU:C:1961:31:19611219,ECLI:EU:C:1961:31,61961CJ0007,1,NA,0,0,NA,0,NA,NA,0,0,0,0,0,0,0,0,0,1,NA,-1,NA,0,0,1,0
3,DEC_C_1961_0010_J_19620227,ECLI:EU:C:1962:2:19620227,ECLI:EU:C:1962:2,61961CJ0010,1,NA,0,0,NA,0,NA,NA,0,0,0,0,0,0,0,0,0,1,NA,-1,NA,0,0,1,0
4,DEC_C_1962_0002_J_19621214,ECLI:EU:C:1962:45:19621214,ECLI:EU:C:1962:45,61962CJ0002,1,NA,0,0,NA,0,NA,NA,0,1,0,0,0,0,0,0,1,1,NA,-1,NA,0,0,1,0
5,DEC_C_1962_0016_J_19621214,ECLI:EU:C:1962:47:19621214,ECLI:EU:C:1962:47,61962CJ0016,1,NA,0,1,NA,0,NA,NA,0,0,0,0,0,0,0,0,0,-1,NA,-1,NA,0,0,0,0
6,DEC_C_1962_0024_J_19630704,ECLI:EU:C:1963:14:19630704,ECLI:EU:C:1963:14,61962CJ0024,1,NA,0,0,NA,0,NA,NA,0,0,0,0,0,0,0,0,0,-1,NA,-1,NA,1,0,0,0
7,DEC_C_1962_0025_J_19630715,ECLI:EU:C:1963:17:19630715,ECLI:EU:C:1963:17,61962CJ0025,1,NA,0,1,NA,0,NA,NA,0,0,0,0,0,0,0,-1,0,-1,NA,-1,NA,0,0,0,0
8,DEC_C_1962_0026_J_19630205,ECLI:EU:C:1963:1:19630205,ECLI:EU:C:1963:1,61962CJ0026,1,NA,0,1,NA,0,NA,NA,0,0,0,0,0,0,1,0,0,-1,NA,-1,NA,0,0,0,0
9,DEC_C_1962_0028_J_19630327,ECLI:EU:C:1963:6:19630327,ECLI:EU:C:1963:6,61962CJ0028,1,NA,0,1,NA,0,NA,NA,0,0,0,0,1,0,2,0,0,-1,NA,-1,NA,0,0,0,0
10,DEC_C_1962_0034_J_19630715,ECLI:EU:C:1963:18:19630715,ECLI:EU:C:1963:18,61962CJ0034,1,NA,0,0,NA,0,NA,NA,0,0,0,0,0,0,0,0,0,-1,NA,-1,NA,0,0,0,0
11,DEC_C_1963_0073_J_19640218,ECLI:EU:C:1964:8:19640218,ECLI:EU:C:1964:8,61963CJ0073,1,NA,0,1,NA,0,NA,NA,0,0,0,0,0,0,0,0,0,-1,NA,-1,NA,0,0,0,0
12,DEC_C_1963_0075_J_19640319,ECLI:EU:C:1964:19:19640319,ECLI:EU:C:1964:19,61963CJ0075,0,1,1,NA,1,1,1,0,NA,NA,NA,1,1,1,0,0,NA,1,0,-1,-1,NA,NA,NA,NA
13,DEC_C_1963_0090_J_19641113,ECLI:EU:C:1964:80:19641113,ECLI:EU:C:1964:80,61963CJ0090,1,NA,0,0,NA,0,NA,NA,0,0,0,0,0,0,0,-1,0,1,NA,-1,NA,0,0,1,0
14,DEC_C_1963_0092_J_19640609,ECLI:EU:C:1964:40:19640609,ECLI:EU:C:1964:40,61963CJ0092,0,1,1,NA,1,1,1,0,NA,NA,NA,1,0,0,0,0,NA,1,1,-1,-1,NA,NA,NA,NA
15,DEC_C_1963_0100_J_19640715,ECLI:EU:C:1964:65:19640715,ECLI:EU:C:1964:65,61963CJ0100,0,1,1,NA,1,1,1,0,NA,NA,NA,0,1,1,0,0,NA,1,1,-1,-1,NA,NA,NA,NA
16,DEC_C_1964_0001_J_19640702,ECLI:EU:C:1964:57:19640702,ECLI:EU:C:1964:57,61964CJ0001,1,NA,0,1,NA,0,NA,NA,0,0,0,0,0,0,0,0,0,-1,NA,-1,NA,0,0,0,0
17,DEC_C_1964_0006_J_19640715,ECLI:EU:C:1964:66:19640715,ECLI:EU:C:1964:66,61964CJ0006,1,NA,0,0,NA,1,NA,NA,0,0,0,0,0,0,1,0,1,1,NA,-1,NA,0,0,1,0
18,DEC_C_1964_0020_J_19650204,ECLI:EU:C:1965:8:19650204,ECLI:EU:C:1965:8,61964CJ0020,1,NA,0,1,NA,0,NA,NA,0,0,0,1,0,0,0,0,0,0,NA,-1,NA,0,0,0,0
19,DEC_C_1964_0024_J_19641202,ECLI:EU:C:1964:86:19641202,ECLI:EU:C:1964:86,61964CJ0024,0,1,1,NA,1,1,-1,0,NA,NA,NA,0,0,0,0,0,NA,1,1,-1,-1,NA,NA,NA,NA
20,DEC_C_1964_0031_J_19650311,ECLI:EU:C:1965:18:19650311,ECLI:EU:C:1965:18,61964CJ0031,0,1,1,NA,1,1,-1,0,NA,NA,NA,0,0,0,0,0,NA,-1,1,-1,-1,NA,NA,NA,NA
21,DEC_C_1964_0032_J_19650617,ECLI:EU:C:1965:61:19650617,ECLI:EU:C:1965:61,61964CJ0032,1,NA,0,1,NA,0,NA,NA,0,0,0,0,0,0,0,-1,0,-1,NA,-1,NA,0,0,0,0
22,DEC_C_1964_0033_J_19650311,ECLI:EU:C:1965:19:19650311,ECLI:EU:C:1965:19,61964CJ0033,0,1,1,NA,1,1,-1,0,NA,NA,NA,1,0,0,0,0,NA,1,1,-1,-1,NA,NA,NA,NA
23,DEC_C_1965_0010_J_19650708,ECLI:EU:C:1965:75:19650708,ECLI:EU:C:1965:75,61965CJ0010,1,NA,0,1,NA,0,NA,NA,0,1,0,0,0,0,0,0,1,1,NA,-1,NA,0,0,1,0
24,DEC_C_1965_0033_J_19651201,ECLI:EU:C:1965:118:19651201,ECLI:EU:C:1965:118,61965CJ0033,0,1,1,NA,1,1,0,0,NA,NA,NA,0,0,0,0,0,NA,0,0,-1,-1,NA,NA,NA,NA
25,DEC_C_1965_0044_J_19651209,ECLI:EU:C:1965:122:19651209,ECLI:EU:C:1965:122,61965CJ0044,0,1,1,NA,1,1,0,0,NA,NA,NA,0,0,0,0,0,NA,1,1,-1,-1,NA,NA,NA,NA
26,DEC_C_1965_0052_J_19660616,ECLI:EU:C:1966:32:19660616,ECLI:EU:C:1966:32,61965CJ0052,1,NA,0,0,NA,0,NA,NA,0,1,0,0,0,0,0,0,1,1,NA,-1,NA,0,0,0,0
27,DEC_C_1965_0057_J_19660616,ECLI:EU:C:1966:34:19660616,ECLI:EU:C:1966:34,61965CJ0057,1,NA,0,1,NA,0,NA,NA,0,0,0,0,0,0,2,0,0,-1,NA,-1,NA,0,0,1,0
28,DEC_C_1965_0061_J_19660630,ECLI:EU:C:1966:39:19660630,ECLI:EU:C:1966:39,61965CJ0061,0,1,1,NA,1,1,1,0,NA,NA,NA,1,1,1,0,0,NA,1,1,-1,-1,NA,NA,NA,NA
29,DEC_C_1966_0004_J_19660713,ECLI:EU:C:1966:43:19660713,ECLI:EU:C:1966:43,61966CJ0004,0,1,1,NA,1,1,1,0,NA,NA,NA,1,0,0,0,0,NA,1,1,-1,-1,NA,NA,NA,NA
30,DEC_C_1967_0001_J_19670705,ECLI:EU:C:1967:27:19670705,ECLI:EU:C:1967:27,61967CJ0001,0,1,1,NA,1,1,0,0,NA,NA,NA,1,0,0,0,0,NA,1,1,-1,-1,NA,NA,NA,NA
31,DEC_C_1967_0002_J_19670705,ECLI:EU:C:1967:28:19670705,ECLI:EU:C:1967:28,61967CJ0002,0,1,1,NA,1,1,0,0,NA,NA,NA,1,0,0,0,0,NA,1,1,-1,-1,NA,NA,NA,NA
32,DEC_C_1967_0005_J_19680313,ECLI:EU:C:1968:13:19680313,ECLI:EU:C:1968:13,61967CJ0005,1,NA,0,1,NA,0,NA,NA,0,0,0,0,0,0,0,0,0,1,NA,-1,NA,0,0,0,1
33,DEC_C_1967_0006_J_19670705,ECLI:EU:C:1967:29:19670705,ECLI:EU:C:1967:29,61967CJ0006,0,0,1,NA,0,1,1,1,NA,NA,NA,1,0,0,0,0,NA,1,1,-1,-1,NA,NA,NA,NA
34,DEC_C_1967_0009_J_19670705,ECLI:EU:C:1967:30:19670705,ECLI:EU:C:1967:30,61967CJ0009,0,1,1,NA,1,1,0,0,NA,NA,NA,1,0,0,0,0,NA,1,1,-1,-1,NA,NA,NA,NA
35,DEC_C_1967_0011_J_19671212,ECLI:EU:C:1967:52:19671212,ECLI:EU:C:1967:52,61967CJ0011,0,1,1,NA,1,1,0,0,NA,NA,NA,1,0,0,0,0,NA,1,1,-1,-1,NA,NA,NA,NA
36,DEC_C_1967_0012_J_19671213,ECLI:EU:C:1967:55:19671213,ECLI:EU:C:1967:55,61967CJ0012,0,1,1,NA,1,1,0,0,NA,NA,NA,1,0,0,0,0,NA,1,1,-1,-1,NA,NA,NA,NA
37,DEC_C_1967_0014_J_19671205,ECLI:EU:C:1967:48:19671205,ECLI:EU:C:1967:48,61967CJ0014,0,1,1,NA,1,1,0,0,NA,NA,NA,0,0,0,0,0,NA,0,0,-1,-1,NA,NA,NA,NA
38,DEC_C_1967_0017_J_19671213,ECLI:EU:C:1967:56:19671213,ECLI:EU:C:1967:56,61967CJ0017,1,NA,0,1,NA,0,NA,NA,0,0,0,0,0,0,0,0,0,0,NA,-1,NA,0,0,0,0
39,DEC_C_1967_0018_J_19671130,ECLI:EU:C:1967:46:19671130,ECLI:EU:C:1967:46,61967CJ0018,0,0,1,NA,0,1,1,1,NA,NA,NA,1,0,0,0,0,NA,1,1,-1,-1,NA,NA,NA,NA
40,DEC_C_1967_0019_J_19671205,ECLI:EU:C:1967:49:19671205,ECLI:EU:C:1967:49,61967CJ0019,0,1,1,NA,1,1,0,0,NA,NA,NA,1,0,0,0,0,NA,1,1,-1,-1,NA,NA,NA,NA
41,DEC_C_1967_0022_J_19671130,ECLI:EU:C:1967:47:19671130,ECLI:EU:C:1967:47,61967CJ0022,0,1,1,NA,1,1,0,0,NA,NA,NA,1,0,0,0,0,NA,1,1,-1,-1,NA,NA,NA,NA
42,DEC_C_1967_0025_J_19680404,ECLI:EU:C:1968:21:19680404,ECLI:EU:C:1968:21,61967CJ0025,1,NA,0,1,NA,0,NA,NA,0,0,0,0,0,0,2,0,0,-1,NA,-1,NA,0,0,1,0
43,DEC_C_1967_0027_J_19680404,ECLI:EU:C:1968:22:19680404,ECLI:EU:C:1968:22,61967CJ0027,1,NA,0,1,NA,0,NA,NA,0,0,0,1,1,0,2,0,0,0,NA,-1,NA,0,0,0,0
44,DEC_C_1968_0007_J_19681210,ECLI:EU:C:1968:51:19681210,ECLI:EU:C:1968:51,61968CJ0007,1,NA,0,0,NA,0,NA,NA,0,0,0,0,0,0,0,0,0,1,NA,-1,NA,0,0,1,0
45,DEC_C_1968_0013_J_19681219,ECLI:EU:C:1968:54:19681219,ECLI:EU:C:1968:54,61968CJ0013,1,NA,0,1,NA,0,NA,NA,0,0,0,0,0,0,1,-1,0,-1,NA,-1,NA,0,0,0,0
46,DEC_C_1968_0019_J_19681219,ECLI:EU:C:1968:56:19681219,ECLI:EU:C:1968:56,61968CJ0019,0,1,1,NA,1,1,0,0,NA,NA,NA,1,NA,NA,0,0,NA,1,1,-1,-1,NA,NA,NA,NA
47,DEC_C_1968_0024_J_19690701,ECLI:EU:C:1969:29:19690701,ECLI:EU:C:1969:29,61968CJ0024,1,NA,0,0,NA,0,NA,NA,0,0,0,0,0,0,0,0,0,1,NA,-1,NA,0,0,1,1
48,DEC_C_1968_0028_J_19690507,ECLI:EU:C:1969:17:19690507,ECLI:EU:C:1969:17,61968CJ0028,0,1,1,NA,1,1,0,0,NA,NA,NA,1,0,1,0,0,NA,1,1,-1,-1,NA,NA,NA,NA
49,DEC_C_1968_0029_J_19690624,ECLI:EU:C:1969:27:19690624,ECLI:EU:C:1969:27,61968CJ0029,1,NA,0,1,NA,0,NA,NA,0,0,0,0,0,1,0,0,0,0,NA,-1,NA,0,0,0,0
50,DEC_C_1969_0002_J_19690701,ECLI:EU:C:1969:30:19690701,ECLI:EU:C:1969:30,61969CJ0002,1,NA,0,1,NA,0,NA,NA,0,0,0,1,0,0,0,0,0,0,NA,-1,NA,0,0,0,0
51,DEC_C_1969_0015_J_19691015,ECLI:EU:C:1969:46:19691015,ECLI:EU:C:1969:46,61969CJ0015,0,1,1,NA,1,1,0,0,NA,NA,NA,0,0,0,0,0,NA,1,1,-1,-1,NA,NA,NA,NA
52,DEC_C_1969_0027_J_19691112,ECLI:EU:C:1969:56:19691112,ECLI:EU:C:1969:56,61969CJ0027,0,0,1,NA,0,0,0,0,NA,NA,NA,1,0,0,2,0,NA,1,1,-1,-1,NA,NA,NA,NA
53,DEC_C_1969_0034_J_19691210,ECLI:EU:C:1969:71:19691210,ECLI:EU:C:1969:71,61969CJ0034,0,0,1,NA,0,1,0,1,NA,NA,NA,1,0,0,0,0,NA,1,1,0,-1,NA,NA,NA,NA
54,DEC_C_1969_0038_J_19700218,ECLI:EU:C:1970:11:19700218,ECLI:EU:C:1970:11,61969CJ0038,1,NA,0,0,NA,0,NA,NA,0,0,0,0,0,0,0,0,0,1,NA,-1,NA,0,0,1,1
55,DEC_C_1969_0040_J_19700218,ECLI:EU:C:1970:12:19700218,ECLI:EU:C:1970:12,61969CJ0040,1,NA,0,1,NA,0,NA,NA,0,0,0,0,0,0,0,0,0,1,NA,-1,NA,0,0,0,1
56,DEC_C_1969_0068_J_19700414,ECLI:EU:C:1970:24:19700414,ECLI:EU:C:1970:24,61969CJ0068,0,1,1,NA,1,1,1,0,NA,NA,NA,0,0,0,0,0,NA,1,1,-1,-1,NA,NA,NA,NA
57,DEC_C_1969_0069_J_19700616,ECLI:EU:C:1970:53:19700616,ECLI:EU:C:1970:53,61969CJ0069,1,NA,0,1,NA,0,NA,NA,0,0,0,0,0,0,0,0,0,-1,NA,-1,NA,0,0,0,0
58,DEC_C_1969_0072_J_19700618,ECLI:EU:C:1970:57:19700618,ECLI:EU:C:1970:57,61969CJ0072,1,NA,0,1,NA,0,NA,NA,0,0,0,0,0,0,0,0,0,0,NA,-1,NA,0,0,0,0
59,DEC_C_1969_0074_J_19700618,ECLI:EU:C:1970:58:19700618,ECLI:EU:C:1970:58,61969CJ0074,1,NA,0,1,NA,0,NA,NA,0,0,0,0,0,0,0,0,0,-1,NA,-1,NA,0,0,0,0
60,DEC_C_1970_0003_J_19700617,ECLI:EU:C:1970:55:19700617,ECLI:EU:C:1970:55,61970CJ0003,0,0,1,NA,0,1,0,1,NA,NA,NA,0,0,0,0,0,NA,1,1,-1,-1,NA,NA,NA,NA
61,DEC_C_1970_0008_J_19701118,ECLI:EU:C:1970:94:19701118,ECLI:EU:C:1970:94,61970CJ0008,1,NA,0,1,NA,0,NA,NA,0,0,0,0,0,0,0,0,0,1,NA,-1,NA,0,0,1,1
62,DEC_C_1970_0013_J_19701216,ECLI:EU:C:1970:110:19701216,ECLI:EU:C:1970:110,61970CJ0013,1,NA,0,1,NA,0,NA,NA,0,1,0,0,0,0,0,0,0,0,NA,-1,NA,0,0,0,0
63,DEC_C_1970_0014_J_19701208,ECLI:EU:C:1970:102:19701208,ECLI:EU:C:1970:102,61970CJ0014,1,NA,0,1,NA,0,NA,NA,0,0,0,0,0,0,0,0,0,-1,NA,-1,NA,0,0,0,0
64,DEC_C_1970_0027_J_19701210,ECLI:EU:C:1970:106:19701210,ECLI:EU:C:1970:106,61970CJ0027,1,NA,0,1,NA,0,NA,NA,0,0,0,0,0,0,0,0,0,-1,NA,-1,NA,0,0,0,0
65,DEC_C_1970_0028_J_19701208,ECLI:EU:C:1970:103:19701208,ECLI:EU:C:1970:103,61970CJ0028,1,NA,0,1,NA,0,NA,NA,0,0,0,0,0,0,0,0,0,-1,NA,-1,NA,0,0,0,0
66,DEC_C_1970_0032_J_19701201,ECLI:EU:C:1970:99:19701201,ECLI:EU:C:1970:99,61970CJ0032,0,0,1,NA,0,0,-1,0,NA,NA,NA,0,0,0,0,0,NA,1,1,-1,-1,NA,NA,NA,NA
67,DEC_C_1970_0033_J_19701217,ECLI:EU:C:1970:118:19701217,ECLI:EU:C:1970:118,61970CJ0033,1,NA,0,1,NA,0,NA,NA,0,0,0,0,0,0,1,0,0,-1,NA,-1,NA,0,0,0,0
68,DEC_C_1970_0035_J_19701217,ECLI:EU:C:1970:120:19701217,ECLI:EU:C:1970:120,61970CJ0035,0,0,1,NA,0,0,0,0,NA,NA,NA,1,0,0,0,0,NA,1,1,-1,-1,NA,NA,NA,NA
69,DEC_C_1970_0051_J_19710303,ECLI:EU:C:1971:20:19710303,ECLI:EU:C:1971:20,61970CJ0051,1,NA,0,1,NA,0,NA,NA,0,0,0,0,0,0,0,0,0,-1,NA,-1,NA,0,0,0,0
70,DEC_C_1970_0062_J_19711123,ECLI:EU:C:1971:108:19711123,ECLI:EU:C:1971:108,61970CJ0062,1,NA,0,1,NA,0,NA,NA,0,0,0,0,0,0,0,-1,0,-1,NA,-1,NA,1,0,0,0
71,DEC_C_1970_0078_J_19710608,ECLI:EU:C:1971:59:19710608,ECLI:EU:C:1971:59,61970CJ0078,1,NA,0,1,NA,0,NA,NA,0,1,0,0,0,0,0,0,1,1,NA,-1,NA,0,0,1,0
72,DEC_C_1971_0003_J_19710617,ECLI:EU:C:1971:70:19710617,ECLI:EU:C:1971:70,61971CJ0003,1,NA,0,1,NA,0,NA,NA,0,0,0,0,0,0,0,0,0,-1,NA,-1,NA,0,0,0,0
73,DEC_C_1971_0012_J_19710714,ECLI:EU:C:1971:86:19710714,ECLI:EU:C:1971:86,61971CJ0012,1,NA,0,1,NA,0,NA,NA,0,0,0,0,0,0,0,-1,0,0,NA,-1,NA,0,0,0,0
74,DEC_C_1971_0013_J_19710714,ECLI:EU:C:1971:87:19710714,ECLI:EU:C:1971:87,61971CJ0013,1,NA,0,1,NA,0,NA,NA,0,0,0,0,0,0,0,0,0,-1,NA,-1,NA,0,0,0,0
75,DEC_C_1971_0014_J_19710714,ECLI:EU:C:1971:88:19710714,ECLI:EU:C:1971:88,61971CJ0014,1,NA,0,1,NA,0,NA,NA,0,0,0,0,0,0,0,0,0,-1,NA,-1,NA,0,0,0,0
76,DEC_C_1971_0018_J_19711026,ECLI:EU:C:1971:99:19711026,ECLI:EU:C:1971:99,61971CJ0018,1,NA,0,1,NA,0,NA,NA,0,0,0,0,0,0,1,0,0,1,NA,-1,NA,0,0,1,0
77,DEC_C_1971_0021_J_19711215,ECLI:EU:C:1971:125:19711215,ECLI:EU:C:1971:125,61971CJ0021,1,NA,0,1,NA,0,NA,NA,0,0,0,1,0,0,0,0,0,0,NA,-1,NA,0,0,0,0
78,DEC_C_1971_0023_J_19711027,ECLI:EU:C:1971:101:19711027,ECLI:EU:C:1971:101,61971CJ0023,0,1,1,NA,1,1,0,0,NA,NA,NA,1,0,0,0,0,NA,1,1,-1,-1,NA,NA,NA,NA
79,DEC_C_1971_0026_J_19711110,ECLI:EU:C:1971:104:19711110,ECLI:EU:C:1971:104,61971CJ0026,0,0,1,NA,0,1,0,0,NA,NA,NA,1,0,0,0,0,NA,1,1,-1,-1,NA,NA,NA,NA
80,DEC_C_1971_0027_J_19711110,ECLI:EU:C:1971:105:19711110,ECLI:EU:C:1971:105,61971CJ0027,0,0,1,NA,0,1,0,0,NA,NA,NA,1,0,0,0,0,NA,1,1,-1,-1,NA,NA,NA,NA
81,DEC_C_1971_0028_J_19711110,ECLI:EU:C:1971:106:19711110,ECLI:EU:C:1971:106,61971CJ0028,0,0,1,NA,0,1,0,0,NA,NA,NA,0,0,0,0,0,NA,1,1,-1,-1,NA,NA,NA,NA
82,DEC_C_1971_0030_J_19711124,ECLI:EU:C:1971:111:19711124,ECLI:EU:C:1971:111,61971CJ0030,1,NA,0,1,NA,0,NA,NA,0,0,0,0,1,1,0,-1,0,-1,NA,-1,NA,0,0,0,0
83,DEC_C_1971_0036_J_19720323,ECLI:EU:C:1972:25:19720323,ECLI:EU:C:1972:25,61971CJ0036,1,NA,0,1,NA,0,NA,NA,0,0,0,0,1,0,0,0,0,-1,NA,-1,NA,0,0,0,0
84,DEC_C_1971_0043_J_19711214,ECLI:EU:C:1971:122:19711214,ECLI:EU:C:1971:122,61971CJ0043,1,NA,0,1,NA,0,NA,NA,0,0,0,0,0,0,2,0,0,-1,NA,-1,NA,0,0,0,1
85,DEC_C_1971_0048_J_19720713,ECLI:EU:C:1972:65:19720713,ECLI:EU:C:1972:65,61971CJ0048,1,NA,0,0,NA,0,NA,NA,0,0,0,0,0,0,2,0,0,1,NA,-1,NA,0,0,1,0
86,DEC_C_1971_0051_J_19711215,ECLI:EU:C:1971:128:19711215,ECLI:EU:C:1971:128,61971CJ0051,1,NA,0,1,NA,0,NA,NA,0,0,0,1,0,0,0,0,0,0,NA,-1,NA,0,0,0,0
87,DEC_C_1971_0077_J_19711215,ECLI:EU:C:1971:129:19711215,ECLI:EU:C:1971:129,61971CJ0077,1,NA,0,1,NA,0,NA,NA,0,0,0,1,1,1,0,0,0,-1,NA,-1,NA,0,0,0,0
88,DEC_C_1971_0080_J_19720322,ECLI:EU:C:1972:24:19720322,ECLI:EU:C:1972:24,61971CJ0080,0,1,1,NA,1,1,0,0,NA,NA,NA,0,1,0,0,0,NA,0,1,-1,-1,NA,NA,NA,NA
89,DEC_C_1971_0082_J_19720321,ECLI:EU:C:1972:20:19720321,ECLI:EU:C:1972:20,61971CJ0082,1,NA,0,1,NA,0,NA,NA,0,0,0,0,0,0,0,0,0,1,NA,-1,NA,0,0,0,1
90,DEC_C_1971_0084_J_19720307,ECLI:EU:C:1972:14:19720307,ECLI:EU:C:1972:14,61971CJ0084,1,NA,0,1,NA,0,NA,NA,0,0,0,0,0,0,2,0,0,-1,NA,-1,NA,0,0,0,0
91,DEC_C_1971_0092_J_19720426,ECLI:EU:C:1972:30:19720426,ECLI:EU:C:1972:30,61971CJ0092,1,NA,0,1,NA,0,NA,NA,0,0,0,0,0,0,0,0,0,-1,NA,-1,NA,0,0,0,0
92,DEC_C_1972_0001_J_19720622,ECLI:EU:C:1972:56:19720622,ECLI:EU:C:1972:56,61972CJ0001,0,1,1,NA,1,1,0,0,NA,NA,NA,1,0,0,0,0,NA,1,0,-1,-1,NA,NA,NA,NA
93,DEC_C_1972_0002_J_19720606,ECLI:EU:C:1972:46:19720606,ECLI:EU:C:1972:46,61972CJ0002,0,1,1,NA,1,1,0,0,NA,NA,NA,0,0,0,0,0,NA,0,0,-1,-1,NA,NA,NA,NA
94,DEC_C_1972_0014_J_19721116,ECLI:EU:C:1972:98:19721116,ECLI:EU:C:1972:98,61972CJ0014,0,1,1,NA,1,1,0,0,NA,NA,NA,0,0,0,0,0,NA,0,0,-1,-1,NA,NA,NA,NA
95,DEC_C_1972_0015_J_19721116,ECLI:EU:C:1972:99:19721116,ECLI:EU:C:1972:99,61972CJ0015,0,1,1,NA,1,1,0,0,NA,NA,NA,0,0,0,0,0,NA,0,0,-1,-1,NA,NA,NA,NA
96,DEC_C_1972_0016_J_19721116,ECLI:EU:C:1972:100:19721116,ECLI:EU:C:1972:100,61972CJ0016,0,0,1,NA,0,1,1,1,NA,NA,NA,0,0,0,0,0,NA,0,0,-1,-1,NA,NA,NA,NA
97,DEC_C_1972_0018_J_19721130,ECLI:EU:C:1972:108:19721130,ECLI:EU:C:1972:108,61972CJ0018,1,NA,0,1,NA,0,NA,NA,0,0,0,0,0,0,0,0,0,-1,NA,-1,NA,0,0,0,0
98,DEC_C_1972_0029_J_19721214,ECLI:EU:C:1972:126:19721214,ECLI:EU:C:1972:126,61972CJ0029,1,NA,0,1,NA,0,NA,NA,0,0,0,0,0,0,0,0,0,1,NA,-1,NA,0,0,1,0
99,DEC_C_1972_0038_J_19721214,ECLI:EU:C:1972:127:19721214,ECLI:EU:C:1972:127,61972CJ0038,1,NA,0,1,NA,0,NA,NA,0,0,0,0,0,0,0,0,0,-1,NA,-1,NA,0,0,0,0
100,DEC_C_1972_0044_J_19721213,ECLI:EU:C:1972:120:19721213,ECLI:EU:C:1972:120,61972CJ0044,0,1,1,NA,1,1,0,0,NA,NA,NA,0,0,0,0,0,NA,1,1,-1,-1,NA,NA,NA,NA
101,DEC_C_1972_0076_J_19730411,ECLI:EU:C:1973:46:19730411,ECLI:EU:C:1973:46,61972CJ0076,0,0,1,NA,0,1,0,1,NA,NA,NA,0,0,0,0,0,NA,1,1,-1,-1,NA,NA,NA,NA
102,DEC_C_1972_0077_J_19730619,ECLI:EU:C:1973:65:19730619,ECLI:EU:C:1973:65,61972CJ0077,1,NA,0,0,NA,1,NA,NA,0,0,0,0,0,0,2,0,0,1,NA,-1,NA,0,0,1,0
103,DEC_C_1972_0080_J_19730620,ECLI:EU:C:1973:66:19730620,ECLI:EU:C:1973:66,61972CJ0080,1,NA,0,1,NA,0,NA,NA,0,0,0,0,0,0,0,0,0,0,NA,-1,NA,0,0,0,0
104,DEC_C_1972_0082_J_19730607,ECLI:EU:C:1973:62:19730607,ECLI:EU:C:1973:62,61972CJ0082,0,0,1,NA,0,1,0,0,NA,NA,NA,0,0,0,0,0,NA,1,0,-1,-1,NA,NA,NA,NA
105,DEC_C_1973_0002_J_19730712,ECLI:EU:C:1973:89:19730712,ECLI:EU:C:1973:89,61973CJ0002,1,NA,0,1,NA,0,NA,NA,0,0,0,0,0,0,0,0,0,0,NA,-1,NA,0,0,0,0
106,DEC_C_1973_0008_J_19730712,ECLI:EU:C:1973:90:19730712,ECLI:EU:C:1973:90,61973CJ0008,1,NA,0,1,NA,0,NA,NA,0,0,0,0,1,0,0,0,0,0,NA,-1,NA,0,0,0,0
107,DEC_C_1973_0010_J_19731024,ECLI:EU:C:1973:111:19731024,ECLI:EU:C:1973:111,61973CJ0010,1,NA,0,1,NA,0,NA,NA,0,0,0,0,0,0,0,0,0,0,NA,-1,NA,0,0,0,0
108,DEC_C_1973_0012_J_19731009,ECLI:EU:C:1973:100:19731009,ECLI:EU:C:1973:100,61973CJ0012,1,NA,0,0,NA,1,NA,NA,0,0,0,0,0,0,0,0,0,-1,NA,-1,NA,0,0,0,0
109,DEC_C_1973_0013_J_19730712,ECLI:EU:C:1973:92:19730712,ECLI:EU:C:1973:92,61973CJ0013,0,1,1,NA,1,1,0,0,NA,NA,NA,0,0,0,0,0,NA,0,NA,-1,-1,NA,NA,NA,NA
110,DEC_C_1973_0034_J_19731010,ECLI:EU:C:1973:101:19731010,ECLI:EU:C:1973:101,61973CJ0034,1,NA,0,1,NA,0,NA,NA,0,0,0,0,0,0,1,0,0,1,NA,-1,NA,0,0,1,0
111,DEC_C_1973_0035_J_19731011,ECLI:EU:C:1973:103:19731011,ECLI:EU:C:1973:103,61973CJ0035,0,0,1,NA,0,1,0,0,NA,NA,NA,0,0,0,0,0,NA,0,0,-1,-1,NA,NA,NA,NA
112,DEC_C_1973_0037_J_19731213,ECLI:EU:C:1973:165:19731213,ECLI:EU:C:1973:165,61973CJ0037,1,NA,0,1,NA,0,NA,NA,0,0,0,0,0,0,0,0,0,1,NA,-1,NA,0,0,1,1
113,DEC_C_1973_0039_J_19731011,ECLI:EU:C:1973:105:19731011,ECLI:EU:C:1973:105,61973CJ0039,1,NA,0,1,NA,0,NA,NA,0,0,0,0,0,0,0,0,0,1,NA,-1,NA,0,0,1,0
114,DEC_C_1973_0049_J_19731107,ECLI:EU:C:1973:115:19731107,ECLI:EU:C:1973:115,61973CJ0049,1,NA,0,1,NA,0,NA,NA,0,0,0,0,0,0,0,0,0,-1,NA,-1,NA,0,0,0,0
115,DEC_C_1973_0051_J_19731107,ECLI:EU:C:1973:116:19731107,ECLI:EU:C:1973:116,61973CJ0051,0,0,1,NA,0,1,1,0,NA,NA,NA,1,0,0,0,0,NA,1,1,-1,-1,NA,NA,NA,NA
116,DEC_C_1973_0110_J_19731010,ECLI:EU:C:1973:102:19731010,ECLI:EU:C:1973:102,61973CJ0110,0,1,1,NA,1,1,0,0,NA,NA,NA,1,0,0,0,0,NA,1,1,-1,-1,NA,NA,NA,NA
117,DEC_C_1973_0128_J_19731122,ECLI:EU:C:1973:126:19731122,ECLI:EU:C:1973:126,61973CJ0128,1,NA,0,1,NA,0,NA,NA,0,0,0,0,0,0,0,0,0,-1,NA,-1,NA,0,0,0,0
118,DEC_C_1973_0130_J_19731127,ECLI:EU:C:1973:131:19731127,ECLI:EU:C:1973:131,61973CJ0130,0,0,1,NA,0,1,1,1,NA,NA,NA,0,0,0,0,0,NA,-1,1,-1,1,NA,NA,NA,NA
119,DEC_C_1973_0140_J_19731206,ECLI:EU:C:1973:149:19731206,ECLI:EU:C:1973:149,61973CJ0140,0,1,1,NA,1,1,1,0,NA,NA,NA,1,0,0,0,0,NA,1,1,-1,-1,NA,NA,NA,NA
120,DEC_C_1973_0149_J_19731212,ECLI:EU:C:1973:160:19731212,ECLI:EU:C:1973:160,61973CJ0149,1,NA,0,1,NA,0,NA,NA,0,0,0,0,0,0,0,0,0,-1,NA,-1,NA,0,0,0,0
121,DEC_C_1973_0152_J_19740212,ECLI:EU:C:1974:13:19740212,ECLI:EU:C:1974:13,61973CJ0152,0,1,1,NA,1,1,0,0,NA,NA,NA,0,0,0,0,0,NA,-1,1,-1,-1,NA,NA,NA,NA
122,DEC_C_1973_0155_J_19740430,ECLI:EU:C:1974:40:19740430,ECLI:EU:C:1974:40,61973CJ0155,1,NA,0,0,NA,1,NA,NA,0,0,0,1,0,0,1,0,0,0,NA,-1,NA,0,0,0,0
123,DEC_C_1973_0167_J_19740404,ECLI:EU:C:1974:35:19740404,ECLI:EU:C:1974:35,61973CJ0167,0,0,1,NA,0,0,-1,0,NA,NA,NA,0,0,0,2,0,NA,1,-1,-1,-1,NA,NA,NA,NA
124,DEC_C_1973_0183_J_19740508,ECLI:EU:C:1974:50:19740508,ECLI:EU:C:1974:50,61973CJ0183,1,NA,0,1,NA,0,NA,NA,0,0,0,0,1,0,0,0,0,-1,NA,-1,NA,0,0,0,0
125,DEC_C_1973_0184_J_19740515,ECLI:EU:C:1974:53:19740515,ECLI:EU:C:1974:53,61973CJ0184,0,1,1,NA,1,1,0,0,NA,NA,NA,1,1,0,0,0,NA,1,1,-1,-1,NA,NA,NA,NA
126,DEC_C_1973_0185_J_19740529,ECLI:EU:C:1974:61:19740529,ECLI:EU:C:1974:61,61973CJ0185,1,NA,0,1,NA,0,NA,NA,0,0,0,0,0,0,0,0,0,-1,NA,-1,NA,0,0,0,0
127,DEC_C_1973_0187_J_19740528,ECLI:EU:C:1974:57:19740528,ECLI:EU:C:1974:57,61973CJ0187,0,0,1,NA,0,1,1,0,NA,NA,NA,1,0,0,0,0,NA,1,1,-1,1,NA,NA,NA,NA
128,DEC_C_1973_0190_J_19741030,ECLI:EU:C:1974:113:19741030,ECLI:EU:C:1974:113,61973CJ0190,1,NA,0,0,NA,1,NA,NA,0,0,0,0,0,0,0,0,0,1,NA,-1,NA,0,0,0,1
129,DEC_C_1973_0191_J_19740528,ECLI:EU:C:1974:58:19740528,ECLI:EU:C:1974:58,61973CJ0191,0,1,1,NA,1,1,0,0,NA,NA,NA,0,0,0,0,0,NA,-1,NA,-1,-1,NA,NA,NA,NA
130,DEC_C_1973_0192_J_19740703,ECLI:EU:C:1974:72:19740703,ECLI:EU:C:1974:72,61973CJ0192,1,NA,0,1,NA,0,NA,NA,0,0,0,0,0,0,0,0,0,1,NA,-1,NA,0,0,1,0
131,DEC_C_1974_0002_J_19740621,ECLI:EU:C:1974:68:19740621,ECLI:EU:C:1974:68,61974CJ0002,0,NA,0,0,NA,1,NA,NA,1,1,0,0,0,0,1,0,1,1,NA,-1,NA,0,0,1,0
132,DEC_C_1974_0008_J_19740711,ECLI:EU:C:1974:82:19740711,ECLI:EU:C:1974:82,61974CJ0008,1,NA,0,0,NA,1,NA,NA,0,1,0,0,0,0,0,0,1,1,NA,-1,NA,0,0,1,0
133,DEC_C_1974_0009_J_19740703,ECLI:EU:C:1974:74:19740703,ECLI:EU:C:1974:74,61974CJ0009,0,0,1,NA,0,1,-1,1,NA,NA,NA,1,0,0,0,0,NA,1,1,-1,1,NA,NA,NA,NA
134,DEC_C_1974_0012_J_19750220,ECLI:EU:C:1975:23:19750220,ECLI:EU:C:1975:23,61974CJ0012,1,NA,0,0,NA,0,NA,NA,0,1,0,0,0,0,0,1,1,1,NA,0,NA,0,0,1,1
135,DEC_C_1974_0014_J_19741001,ECLI:EU:C:1974:92:19741001,ECLI:EU:C:1974:92,61974CJ0014,1,NA,0,1,NA,0,NA,NA,0,0,0,0,0,0,0,0,0,0,NA,-1,NA,0,0,0,0
136,DEC_C_1974_0015_J_19741031,ECLI:EU:C:1974:114:19741031,ECLI:EU:C:1974:114,61974CJ0015,1,NA,0,1,NA,0,NA,NA,0,0,0,0,0,0,0,0,0,1,NA,-1,NA,0,0,1,0
137,DEC_C_1974_0024_J_19741009,ECLI:EU:C:1974:99:19741009,ECLI:EU:C:1974:99,61974CJ0024,0,1,1,NA,1,1,1,0,NA,NA,NA,1,NA,0,0,0,NA,1,1,-1,-1,NA,NA,NA,NA
138,DEC_C_1974_0027_J_19741022,ECLI:EU:C:1974:104:19741022,ECLI:EU:C:1974:104,61974CJ0027,1,NA,0,1,NA,0,NA,NA,0,0,0,0,0,0,0,0,0,0,NA,-1,NA,0,0,0,0
139,DEC_C_1974_0032_J_19741112,ECLI:EU:C:1974:116:19741112,ECLI:EU:C:1974:116,61974CJ0032,0,NA,0,1,NA,0,NA,NA,0,0,0,0,0,0,0,0,0,0,NA,-1,NA,0,0,0,0
140,DEC_C_1974_0033_J_19741203,ECLI:EU:C:1974:131:19741203,ECLI:EU:C:1974:131,61974CJ0033,0,NA,0,0,NA,1,NA,NA,0,1,0,0,0,0,1,0,1,1,NA,-1,NA,0,0,1,0
141,DEC_C_1974_0035_J_19741112,ECLI:EU:C:1974:118:19741112,ECLI:EU:C:1974:118,61974CJ0035,0,1,1,NA,1,1,0,0,NA,NA,NA,0,0,0,0,0,NA,0,0,-1,-1,NA,NA,NA,NA
142,DEC_C_1974_0036_J_19741212,ECLI:EU:C:1974:140:19741212,ECLI:EU:C:1974:140,61974CJ0036,0,0,1,0,0,1,-1,0,0,1,0,0,1,0,2,0,0,-1,-1,-1,-1,0,0,0,0
143,DEC_C_1974_0039_J_19741113,ECLI:EU:C:1974:122:19741113,ECLI:EU:C:1974:122,61974CJ0039,0,1,1,NA,1,1,0,0,NA,NA,NA,1,0,0,0,0,NA,1,1,-1,1,NA,NA,NA,NA
144,DEC_C_1974_0040_J_19741203,ECLI:EU:C:1974:132:19741203,ECLI:EU:C:1974:132,61974CJ0040,0,0,1,NA,0,1,-1,0,NA,NA,NA,0,1,0,0,0,NA,-1,-1,-1,-1,NA,NA,NA,NA
145,DEC_C_1974_0041_J_19741204,ECLI:EU:C:1974:133:19741204,ECLI:EU:C:1974:133,61974CJ0041,0,1,1,NA,1,1,1,0,NA,NA,NA,1,1,0,1,1,NA,0,0,1,-1,NA,NA,NA,NA
146,DEC_C_1974_0048_J_19741210,ECLI:EU:C:1974:137:19741210,ECLI:EU:C:1974:137,61974CJ0048,1,NA,0,0,NA,1,NA,NA,0,0,0,0,0,0,0,0,0,1,NA,-1,NA,0,0,1,0
147,DEC_C_1974_0051_J_19750123,ECLI:EU:C:1975:9:19750123,ECLI:EU:C:1975:9,61974CJ0051,1,NA,0,1,NA,0,NA,NA,0,1,0,0,0,0,0,0,1,1,NA,-1,NA,0,0,1,1
148,DEC_C_1974_0063_J_19750226,ECLI:EU:C:1975:33:19750226,ECLI:EU:C:1975:33,61974CJ0063,1,NA,0,1,NA,0,NA,NA,0,0,0,0,0,0,2,0,0,1,NA,-1,NA,0,0,1,0
149,DEC_C_1974_0066_J_19750218,ECLI:EU:C:1975:18:19750218,ECLI:EU:C:1975:18,61974CJ0066,0,1,1,NA,1,1,0,0,NA,NA,NA,0,0,0,0,0,NA,1,1,-1,-1,NA,NA,NA,NA
150,DEC_C_1974_0067_J_19750226,ECLI:EU:C:1975:34:19750226,ECLI:EU:C:1975:34,61974CJ0067,0,0,1,NA,0,1,0,0,NA,NA,NA,1,0,0,0,0,NA,1,1,0,-1,NA,NA,NA,NA
151,DEC_C_1974_0068_J_19750129,ECLI:EU:C:1975:11:19750129,ECLI:EU:C:1975:11,61974CJ0068,0,1,1,NA,1,1,0,0,NA,NA,NA,0,0,0,0,0,NA,1,1,-1,1,NA,NA,NA,NA
152,DEC_C_1974_0089_J_19750930,ECLI:EU:C:1975:118:19750930,ECLI:EU:C:1975:118,61974CJ0089,1,NA,0,0,NA,1,NA,NA,0,0,0,1,1,0,0,0,0,0,NA,-1,NA,0,0,0,0
153,DEC_C_1974_0091_J_19750610,ECLI:EU:C:1975:73:19750610,ECLI:EU:C:1975:73,61974CJ0091,1,NA,0,1,NA,0,NA,NA,0,0,0,0,0,0,0,0,0,0,NA,-1,NA,0,0,0,0
154,DEC_C_1974_0094_J_19750618,ECLI:EU:C:1975:81:19750618,ECLI:EU:C:1975:81,61974CJ0094,1,NA,0,1,NA,0,NA,NA,0,1,0,0,1,0,2,0,1,1,NA,-1,NA,0,0,1,0
155,DEC_C_1974_0100_J_19751118,ECLI:EU:C:1975:152:19751118,ECLI:EU:C:1975:152,61974CJ0100,1,NA,0,1,NA,0,NA,NA,0,0,0,0,0,0,0,0,0,0,NA,-1,NA,0,0,0,0
156,DEC_C_1975_0004_J_19750708,ECLI:EU:C:1975:98:19750708,ECLI:EU:C:1975:98,61975CJ0004,1,NA,0,1,NA,0,NA,NA,0,1,0,1,0,0,0,0,0,0,NA,-1,NA,0,0,0,0
157,DEC_C_1975_0006_J_19750626,ECLI:EU:C:1975:94:19750626,ECLI:EU:C:1975:94,61975CJ0006,0,1,1,NA,1,1,0,0,NA,NA,NA,1,0,0,0,0,NA,1,1,-1,-1,NA,NA,NA,NA
158,DEC_C_1975_0007_J_19750617,ECLI:EU:C:1975:80:19750617,ECLI:EU:C:1975:80,61975CJ0007,0,1,1,NA,1,1,-1,0,NA,NA,NA,0,0,0,0,0,NA,1,1,-1,1,NA,NA,NA,NA
159,DEC_C_1975_0008_J_19750624,ECLI:EU:C:1975:87:19750624,ECLI:EU:C:1975:87,61975CJ0008,0,0,1,NA,0,0,-1,0,NA,NA,NA,0,0,0,0,0,NA,0,0,-1,-1,NA,NA,NA,NA
160,DEC_C_1975_0010_J_19750930,ECLI:EU:C:1975:119:19750930,ECLI:EU:C:1975:119,61975CJ0010,1,NA,0,0,NA,1,NA,NA,1,0,0,0,1,0,0,0,0,0,NA,-1,NA,0,0,0,0
161,DEC_C_1975_0017_J_19750625,ECLI:EU:C:1975:89:19750625,ECLI:EU:C:1975:89,61975CJ0017,0,1,1,NA,1,1,0,0,NA,NA,NA,0,0,0,0,0,NA,1,1,-1,1,NA,NA,NA,NA
162,DEC_C_1975_0020_J_19750709,ECLI:EU:C:1975:101:19750709,ECLI:EU:C:1975:101,61975CJ0020,0,1,1,NA,1,1,0,0,NA,NA,NA,0,0,0,0,0,NA,0,0,-1,-1,NA,NA,NA,NA
163,DEC_C_1975_0021_J_19750709,ECLI:EU:C:1975:102:19750709,ECLI:EU:C:1975:102,61975CJ0021,1,NA,0,1,NA,0,NA,NA,0,0,0,0,0,0,0,0,0,1,NA,-1,NA,0,0,1,1
164,DEC_C_1975_0024_J_19751021,ECLI:EU:C:1975:129:19751021,ECLI:EU:C:1975:129,61975CJ0024,0,0,1,NA,0,1,1,1,NA,NA,NA,NA,0,0,0,0,NA,1,NA,-1,-1,NA,NA,NA,NA
165,DEC_C_1975_0027_J_19750710,ECLI:EU:C:1975:106:19750710,ECLI:EU:C:1975:106,61975CJ0027,0,1,1,NA,1,1,0,0,NA,NA,NA,1,0,0,0,0,NA,1,1,-1,-1,NA,NA,NA,NA
166,DEC_C_1975_0028_J_19750925,ECLI:EU:C:1975:116:19750925,ECLI:EU:C:1975:116,61975CJ0028,1,NA,0,1,NA,0,NA,NA,0,0,0,0,0,0,0,0,0,-1,NA,-1,NA,0,0,0,0
167,DEC_C_1975_0030_J_19751118,ECLI:EU:C:1975:153:19751118,ECLI:EU:C:1975:153,61975CJ0030,1,NA,0,1,NA,0,NA,NA,0,0,0,0,0,0,0,0,0,1,NA,-1,NA,0,0,0,1
168,DEC_C_1975_0032_J_19750930,ECLI:EU:C:1975:120:19750930,ECLI:EU:C:1975:120,61975CJ0032,0,0,1,NA,0,1,1,1,NA,NA,NA,1,0,0,0,0,NA,1,1,-1,1,NA,NA,NA,NA
169,DEC_C_1975_0033_J_19751030,ECLI:EU:C:1975:143:19751030,ECLI:EU:C:1975:143,61975CJ0033,0,1,1,NA,1,1,0,0,NA,NA,NA,1,0,0,0,0,NA,-1,1,-1,-1,NA,NA,NA,NA
170,DEC_C_1975_0035_J_19751023,ECLI:EU:C:1975:135:19751023,ECLI:EU:C:1975:135,61975CJ0035,1,NA,0,1,NA,0,NA,NA,0,0,0,0,0,0,0,0,0,-1,NA,-1,NA,0,0,0,0
171,DEC_C_1975_0036_J_19751028,ECLI:EU:C:1975:137:19751028,ECLI:EU:C:1975:137,61975CJ0036,0,0,1,NA,0,1,0,0,NA,NA,NA,0,0,0,0,0,NA,0,0,-1,-1,NA,NA,NA,NA
172,DEC_C_1975_0037_J_19751111,ECLI:EU:C:1975:146:19751111,ECLI:EU:C:1975:146,61975CJ0037,1,NA,0,1,NA,0,NA,NA,0,0,0,0,0,0,0,0,0,0,NA,-1,NA,0,0,0,0
173,DEC_C_1975_0038_J_19751119,ECLI:EU:C:1975:154:19751119,ECLI:EU:C:1975:154,61975CJ0038,1,NA,0,1,NA,0,NA,NA,0,0,0,0,0,0,0,0,0,-1,NA,-1,NA,0,0,0,0
174,DEC_C_1975_0039_J_19751126,ECLI:EU:C:1975:162:19751126,ECLI:EU:C:1975:162,61975CJ0039,0,NA,0,0,NA,1,NA,NA,0,1,0,0,0,0,0,0,1,1,NA,0,NA,0,0,1,0
175,DEC_C_1975_0045_J_19760217,ECLI:EU:C:1976:22:19760217,ECLI:EU:C:1976:22,61975CJ0045,1,NA,0,0,NA,0,NA,NA,0,1,0,1,0,0,2,0,1,0,NA,-1,NA,0,0,1,0
176,DEC_C_1975_0048_J_19760408,ECLI:EU:C:1976:57:19760408,ECLI:EU:C:1976:57,61975CJ0048,0,0,1,NA,0,1,0,0,NA,NA,NA,1,0,0,2,0,NA,1,1,-1,-1,NA,NA,NA,NA
177,DEC_C_1975_0049_J_19751120,ECLI:EU:C:1975:158:19751120,ECLI:EU:C:1975:158,61975CJ0049,0,0,1,NA,0,1,1,1,NA,NA,NA,0,0,0,0,0,NA,0,0,-1,-1,NA,NA,NA,NA
178,DEC_C_1975_0050_J_19751125,ECLI:EU:C:1975:159:19751125,ECLI:EU:C:1975:159,61975CJ0050,0,0,1,NA,0,1,1,1,NA,NA,NA,1,0,0,0,0,NA,1,1,-1,1,NA,NA,NA,NA
179,DEC_C_1975_0051_J_19760615,ECLI:EU:C:1976:85:19760615,ECLI:EU:C:1976:85,61975CJ0051,1,NA,0,1,NA,0,NA,NA,0,0,0,1,0,0,0,0,0,-1,NA,-1,NA,0,0,0,0
180,DEC_C_1975_0053_J_19751210,ECLI:EU:C:1975:173:19751210,ECLI:EU:C:1975:173,61975CJ0053,1,NA,0,0,NA,0,NA,NA,0,0,0,0,0,0,0,0,0,-1,NA,-1,NA,0,0,0,0
181,DEC_C_1975_0057_J_19751209,ECLI:EU:C:1975:169:19751209,ECLI:EU:C:1975:169,61975CJ0057,0,1,1,NA,1,1,0,0,NA,NA,NA,0,0,0,0,0,NA,0,0,-1,-1,NA,NA,NA,NA
182,DEC_C_1975_0059_J_19760203,ECLI:EU:C:1976:14:19760203,ECLI:EU:C:1976:14,61975CJ0059,1,NA,0,0,NA,1,NA,NA,0,1,0,0,1,0,1,0,1,-1,NA,-1,NA,0,0,0,0
183,DEC_C_1975_0065_J_19760226,ECLI:EU:C:1976:30:19760226,ECLI:EU:C:1976:30,61975CJ0065,1,NA,0,0,NA,1,NA,NA,0,0,1,0,1,0,2,0,1,1,NA,-1,NA,0,0,1,1
184,DEC_C_1975_0086_J_19760615,ECLI:EU:C:1976:86:19760615,ECLI:EU:C:1976:86,61975CJ0086,1,NA,0,1,NA,0,NA,NA,0,1,0,0,0,0,0,0,0,0,NA,-1,NA,0,0,0,0
185,DEC_C_1975_0087_J_19760205,ECLI:EU:C:1976:18:19760205,ECLI:EU:C:1976:18,61975CJ0087,1,NA,0,0,NA,1,NA,NA,0,1,0,0,0,0,1,0,1,1,NA,-1,NA,0,0,0,0
186,DEC_C_1975_0088_J_19760226,ECLI:EU:C:1976:32:19760226,ECLI:EU:C:1976:32,61975CJ0088,1,NA,0,1,NA,0,NA,NA,0,0,0,0,1,0,0,0,0,1,NA,-1,NA,0,0,0,1
187,DEC_C_1975_0091_J_19760217,ECLI:EU:C:1976:23:19760217,ECLI:EU:C:1976:23,61975CJ0091,1,NA,0,1,NA,0,NA,NA,0,1,0,0,0,0,0,0,1,1,NA,-1,NA,0,0,1,0
188,DEC_C_1975_0093_J_19751217,ECLI:EU:C:1975:178:19751217,ECLI:EU:C:1975:178,61975CJ0093,0,0,1,NA,0,1,0,0,NA,NA,NA,0,0,0,0,0,NA,-1,-1,-1,-1,NA,NA,NA,NA
189,DEC_C_1975_0096_J_19760615,ECLI:EU:C:1976:87:19760615,ECLI:EU:C:1976:87,61975CJ0096,1,NA,0,1,NA,0,NA,NA,0,1,0,0,0,0,0,0,0,0,NA,-1,NA,0,0,0,0
190,DEC_C_1975_0098_J_19760218,ECLI:EU:C:1976:26:19760218,ECLI:EU:C:1976:26,61975CJ0098,1,NA,0,1,NA,0,NA,NA,0,0,0,0,1,0,0,0,0,-1,NA,-1,NA,0,0,0,0
191,DEC_C_1975_0103_J_19760526,ECLI:EU:C:1976:73:19760526,ECLI:EU:C:1976:73,61975CJ0103,0,0,1,NA,0,1,0,0,NA,NA,NA,0,0,0,0,0,NA,0,0,-1,-1,NA,NA,NA,NA
192,DEC_C_1975_0104_J_19760520,ECLI:EU:C:1976:67:19760520,ECLI:EU:C:1976:67,61975CJ0104,1,NA,0,1,NA,0,NA,NA,0,0,0,0,0,0,0,1,0,1,NA,0,NA,0,0,1,0
193,DEC_C_1975_0106_J_19760408,ECLI:EU:C:1976:59:19760408,ECLI:EU:C:1976:59,61975CJ0106,1,NA,0,1,NA,0,NA,NA,0,0,0,0,0,0,0,0,0,0,NA,-1,NA,0,0,0,0
194,DEC_C_1975_0108_J_19760309,ECLI:EU:C:1976:38:19760309,ECLI:EU:C:1976:38,61975CJ0108,0,1,1,NA,1,1,0,0,NA,NA,NA,1,0,0,0,0,NA,1,1,-1,-1,NA,NA,NA,NA
195,DEC_C_1975_0112_J_19760408,ECLI:EU:C:1976:60:19760408,ECLI:EU:C:1976:60,61975CJ0112,0,1,1,NA,1,1,0,0,NA,NA,NA,1,0,0,0,0,NA,1,1,-1,-1,NA,NA,NA,NA
196,DEC_C_1975_0118_J_19760707,ECLI:EU:C:1976:106:19760707,ECLI:EU:C:1976:106,61975CJ0118,0,0,1,0,0,1,-1,0,0,1,0,0,1,0,1,0,0,0,0,-1,-1,0,0,0,0
197,DEC_C_1975_0119_J_19760622,ECLI:EU:C:1976:94:19760622,ECLI:EU:C:1976:94,61975CJ0119,1,NA,0,1,NA,0,NA,NA,0,0,0,1,0,0,0,1,0,0,NA,1,NA,0,0,0,0
198,DEC_C_1975_0120_J_19760615,ECLI:EU:C:1976:90:19760615,ECLI:EU:C:1976:90,61975CJ0120,1,NA,0,1,NA,0,NA,NA,0,0,0,0,0,0,0,0,0,-1,NA,-1,NA,0,0,0,0
199,DEC_C_1976_0003_J_19760714,ECLI:EU:C:1976:114:19760714,ECLI:EU:C:1976:114,61976CJ0003,1,NA,0,0,NA,1,NA,NA,0,0,0,1,0,0,0,1,0,0,NA,1,NA,0,0,0,0
200,DEC_C_1976_0010_J_19760922,ECLI:EU:C:1976:125:19760922,ECLI:EU:C:1976:125,61976CJ0010,0,NA,0,0,NA,0,NA,NA,0,0,0,0,0,0,0,0,0,1,NA,-1,NA,0,0,1,0
201,DEC_C_1976_0013_J_19760714,ECLI:EU:C:1976:115:19760714,ECLI:EU:C:1976:115,61976CJ0013,0,1,1,0,1,1,0,0,0,1,0,0,1,1,2,0,1,1,1,-1,-1,0,0,1,0
202,DEC_C_1976_0017_J_19760929,ECLI:EU:C:1976:130:19760929,ECLI:EU:C:1976:130,61976CJ0017,0,1,1,NA,1,1,1,0,NA,NA,NA,1,0,0,0,0,NA,1,1,-1,-1,NA,NA,NA,NA
203,DEC_C_1976_0019_J_19760713,ECLI:EU:C:1976:112:19760713,ECLI:EU:C:1976:112,61976CJ0019,0,1,1,NA,1,1,0,0,NA,NA,NA,0,0,0,0,1,NA,-1,0,1,-1,NA,NA,NA,NA
204,DEC_C_1976_0022_J_19760922,ECLI:EU:C:1976:126:19760922,ECLI:EU:C:1976:126,61976CJ0022,1,NA,0,1,NA,0,NA,NA,0,0,0,0,0,0,0,0,0,-1,NA,-1,NA,0,0,0,0
205,DEC_C_1976_0032_J_19761013,ECLI:EU:C:1976:136:19761013,ECLI:EU:C:1976:136,61976CJ0032,0,0,1,NA,0,1,1,1,NA,NA,NA,1,0,0,0,0,NA,1,1,-1,1,NA,NA,NA,NA
206,DEC_C_1976_0033_J_19761216,ECLI:EU:C:1976:188:19761216,ECLI:EU:C:1976:188,61976CJ0033,1,NA,0,1,NA,0,NA,NA,1,0,0,1,0,0,0,0,0,0,NA,-1,NA,0,0,0,0
207,DEC_C_1976_0035_J_19761215,ECLI:EU:C:1976:180:19761215,ECLI:EU:C:1976:180,61976CJ0035,1,NA,0,1,NA,0,NA,NA,0,0,1,0,1,0,0,1,1,1,NA,1,NA,0,0,1,0
208,DEC_C_1976_0038_J_19761216,ECLI:EU:C:1976:190:19761216,ECLI:EU:C:1976:190,61976CJ0038,1,NA,0,1,NA,0,NA,NA,0,0,0,0,0,0,0,0,0,-1,NA,-1,NA,0,0,0,0
209,DEC_C_1976_0039_J_19761215,ECLI:EU:C:1976:181:19761215,ECLI:EU:C:1976:181,61976CJ0039,0,1,1,NA,1,1,0,0,NA,NA,NA,0,0,0,0,0,NA,1,1,-1,-1,NA,NA,NA,NA
210,DEC_C_1976_0040_J_19761123,ECLI:EU:C:1976:157:19761123,ECLI:EU:C:1976:157,61976CJ0040,0,0,1,NA,0,1,1,1,NA,NA,NA,0,0,0,0,0,NA,0,0,-1,-1,NA,NA,NA,NA
211,DEC_C_1976_0041_J_19761215,ECLI:EU:C:1976:182:19761215,ECLI:EU:C:1976:182,61976CJ0041,1,NA,0,0,NA,1,NA,NA,0,0,0,1,0,0,0,0,0,0,NA,-1,NA,0,0,0,0
212,DEC_C_1976_0045_J_19761216,ECLI:EU:C:1976:191:19761216,ECLI:EU:C:1976:191,61976CJ0045,1,NA,0,1,NA,0,NA,NA,1,0,0,0,0,0,2,0,0,0,NA,-1,NA,0,0,0,0
213,DEC_C_1976_0046_J_19770125,ECLI:EU:C:1977:6:19770125,ECLI:EU:C:1977:6,61976CJ0046,1,NA,0,0,NA,1,NA,NA,0,0,0,0,0,0,0,0,0,1,NA,-1,NA,0,0,1,0
214,DEC_C_1976_0049_J_19770126,ECLI:EU:C:1977:9:19770126,ECLI:EU:C:1977:9,61976CJ0049,1,NA,0,1,NA,0,NA,NA,0,0,0,0,0,0,0,0,0,-1,NA,-1,NA,0,0,0,0
215,DEC_C_1976_0053_J_19770203,ECLI:EU:C:1977:17:19770203,ECLI:EU:C:1977:17,61976CJ0053,1,NA,0,0,NA,1,NA,NA,0,1,0,0,0,0,0,0,1,1,NA,-1,NA,0,0,1,0
216,DEC_C_1976_0062_J_19770203,ECLI:EU:C:1977:18:19770203,ECLI:EU:C:1977:18,61976CJ0062,0,1,1,NA,1,1,0,0,NA,NA,NA,0,0,0,0,0,NA,-1,1,-1,-1,NA,NA,NA,NA
217,DEC_C_1976_0063_J_19761216,ECLI:EU:C:1976:192:19761216,ECLI:EU:C:1976:192,61976CJ0063,0,1,1,NA,1,1,0,0,NA,NA,NA,0,0,0,0,0,NA,1,1,-1,1,NA,NA,NA,NA
218,DEC_C_1976_0068_J_19770316,ECLI:EU:C:1977:48:19770316,ECLI:EU:C:1977:48,61976CJ0068,1,NA,0,0,NA,0,NA,NA,0,0,0,0,0,0,0,0,0,1,NA,-1,NA,0,0,1,0
219,DEC_C_1976_0069_J_19770215,ECLI:EU:C:1977:25:19770215,ECLI:EU:C:1977:25,61976CJ0069,1,NA,0,1,NA,0,NA,NA,0,0,0,0,0,0,0,0,0,-1,NA,-1,NA,0,0,0,0
220,DEC_C_1976_0071_J_19770428,ECLI:EU:C:1977:65:19770428,ECLI:EU:C:1977:65,61976CJ0071,0,NA,0,0,NA,1,NA,NA,0,0,0,0,0,0,0,0,0,1,NA,-1,NA,0,0,1,0
221,DEC_C_1976_0072_J_19770216,ECLI:EU:C:1977:27:19770216,ECLI:EU:C:1977:27,61976CJ0072,0,0,1,NA,0,1,1,1,NA,NA,NA,0,0,0,0,0,NA,0,0,-1,0,NA,NA,NA,NA
222,DEC_C_1976_0074_J_19770322,ECLI:EU:C:1977:51:19770322,ECLI:EU:C:1977:51,61976CJ0074,1,NA,0,1,NA,0,NA,NA,0,0,0,0,1,1,1,0,0,-1,NA,-1,NA,0,0,0,0
223,DEC_C_1976_0075_J_19770310,ECLI:EU:C:1977:46:19770310,ECLI:EU:C:1977:46,61976CJ0075,0,1,1,NA,1,1,1,0,NA,NA,NA,0,0,0,0,0,NA,0,0,-1,-1,NA,NA,NA,NA
224,DEC_C_1976_0076_J_19770217,ECLI:EU:C:1977:32:19770217,ECLI:EU:C:1977:32,61976CJ0076,0,1,1,NA,1,1,1,0,NA,NA,NA,0,0,0,0,0,NA,1,NA,-1,-1,NA,NA,NA,NA
225,DEC_C_1976_0077_J_19770525,ECLI:EU:C:1977:91:19770525,ECLI:EU:C:1977:91,61976CJ0077,1,NA,0,1,NA,0,NA,NA,0,0,0,0,1,0,0,0,0,-1,NA,-1,NA,0,0,0,0
226,DEC_C_1976_0078_J_19770322,ECLI:EU:C:1977:52:19770322,ECLI:EU:C:1977:52,61976CJ0078,1,NA,0,1,NA,0,NA,NA,0,1,0,0,0,0,0,0,0,0,NA,-1,NA,0,0,0,0
227,DEC_C_1976_0079_J_19770331,ECLI:EU:C:1977:59:19770331,ECLI:EU:C:1977:59,61976CJ0079,0,1,1,NA,1,1,0,0,NA,NA,NA,0,0,0,0,0,NA,0,0,-1,-1,NA,NA,NA,NA
228,DEC_C_1976_0082_J_19770217,ECLI:EU:C:1977:33:19770217,ECLI:EU:C:1977:33,61976CJ0082,1,NA,0,1,NA,0,NA,NA,0,0,0,0,0,0,0,0,0,-1,NA,-1,NA,0,0,0,0
229,DEC_C_1976_0086_J_19770323,ECLI:EU:C:1977:54:19770323,ECLI:EU:C:1977:54,61976CJ0086,1,NA,0,1,NA,0,NA,NA,0,0,0,0,0,0,0,0,0,-1,NA,-1,NA,0,0,0,0
230,DEC_C_1976_0087_J_19770331,ECLI:EU:C:1977:60:19770331,ECLI:EU:C:1977:60,61976CJ0087,0,1,1,NA,1,1,0,0,NA,NA,NA,1,0,0,0,0,NA,1,1,-1,-1,NA,NA,NA,NA
231,DEC_C_1976_0089_J_19770712,ECLI:EU:C:1977:123:19770712,ECLI:EU:C:1977:123,61976CJ0089,1,NA,0,0,NA,0,NA,NA,0,0,0,0,0,0,0,0,0,0,NA,-1,NA,0,0,0,0
232,DEC_C_1976_0093_J_19770316,ECLI:EU:C:1977:50:19770316,ECLI:EU:C:1977:50,61976CJ0093,0,1,1,NA,1,1,0,0,NA,NA,NA,0,0,0,0,0,NA,-1,1,-1,-1,NA,NA,NA,NA
233,DEC_C_1976_0102_J_19770505,ECLI:EU:C:1977:71:19770505,ECLI:EU:C:1977:71,61976CJ0102,0,1,1,NA,1,1,0,0,NA,NA,NA,1,0,0,0,0,NA,1,1,-1,-1,NA,NA,NA,NA
234,DEC_C_1976_0104_J_19770505,ECLI:EU:C:1977:72:19770505,ECLI:EU:C:1977:72,61976CJ0104,0,1,1,NA,1,1,1,0,NA,NA,NA,1,0,0,0,0,NA,1,1,-1,-1,NA,NA,NA,NA
235,DEC_C_1976_0105_J_19770525,ECLI:EU:C:1977:92:19770525,ECLI:EU:C:1977:92,61976CJ0105,1,NA,0,1,NA,0,NA,NA,0,0,0,0,1,0,0,0,0,-1,NA,-1,NA,0,0,0,0
236,DEC_C_1976_0108_J_19770526,ECLI:EU:C:1977:95:19770526,ECLI:EU:C:1977:95,61976CJ0108,1,NA,0,1,NA,0,NA,NA,0,0,0,0,1,1,0,0,0,-1,NA,-1,NA,0,0,0,0
237,DEC_C_1976_0109_J_19770609,ECLI:EU:C:1977:102:19770609,ECLI:EU:C:1977:102,61976CJ0109,0,1,1,NA,1,1,1,0,NA,NA,NA,1,0,0,0,0,NA,1,1,-1,-1,NA,NA,NA,NA
238,DEC_C_1976_0111_J_19770518,ECLI:EU:C:1977:83:19770518,ECLI:EU:C:1977:83,61976CJ0111,1,NA,0,0,NA,1,NA,NA,0,0,0,0,0,0,0,0,0,1,NA,-1,NA,0,0,0,1
239,DEC_C_1976_0112_J_19771013,ECLI:EU:C:1977:152:19771013,ECLI:EU:C:1977:152,61976CJ0112,0,1,1,NA,1,1,0,0,NA,NA,NA,1,0,0,0,0,NA,1,1,-1,-1,NA,NA,NA,NA
240,DEC_C_1977_0001_J_19770714,ECLI:EU:C:1977:130:19770714,ECLI:EU:C:1977:130,61977CJ0001,1,NA,0,1,NA,0,NA,NA,0,0,0,0,0,0,0,0,0,-1,NA,-1,NA,0,0,0,0
241,DEC_C_1977_0005_J_19771005,ECLI:EU:C:1977:144:19771005,ECLI:EU:C:1977:144,61977CJ0005,1,NA,0,1,NA,0,NA,NA,0,0,0,1,0,0,0,0,0,0,NA,-1,NA,0,0,0,0
242,DEC_C_1977_0008_J_19770714,ECLI:EU:C:1977:131:19770714,ECLI:EU:C:1977:131,61977CJ0008,0,0,1,NA,0,1,-1,0,NA,NA,NA,0,1,1,0,1,NA,1,1,-1,-1,NA,NA,NA,NA
243,DEC_C_1977_0011_J_19770628,ECLI:EU:C:1977:113:19770628,ECLI:EU:C:1977:113,61977CJ0011,0,NA,0,0,NA,1,NA,NA,0,0,0,0,0,0,2,0,0,1,NA,-1,NA,0,0,1,0
244,DEC_C_1977_0013_J_19771116,ECLI:EU:C:1977:185:19771116,ECLI:EU:C:1977:185,61977CJ0013,1,NA,0,1,NA,0,NA,NA,0,0,0,0,1,0,0,0,0,1,NA,-1,NA,0,0,1,0
245,DEC_C_1977_0022_J_19771013,ECLI:EU:C:1977:154:19771013,ECLI:EU:C:1977:154,61977CJ0022,0,1,1,NA,1,1,0,0,NA,NA,NA,0,1,0,0,0,NA,0,1,-1,-1,NA,NA,NA,NA
246,DEC_C_1977_0023_J_19771027,ECLI:EU:C:1977:171:19771027,ECLI:EU:C:1977:171,61977CJ0023,1,NA,0,1,NA,0,NA,NA,0,0,0,0,0,0,0,0,0,-1,NA,-1,NA,0,0,0,0
247,DEC_C_1977_0030_J_19771027,ECLI:EU:C:1977:172:19771027,ECLI:EU:C:1977:172,61977CJ0030,0,1,1,NA,1,1,0,0,NA,NA,NA,0,0,0,0,0,NA,-1,0,-1,-1,NA,NA,NA,NA
248,DEC_C_1977_0032_J_19771020,ECLI:EU:C:1977:165:19771020,ECLI:EU:C:1977:165,61977CJ0032,0,1,1,NA,1,1,0,0,NA,NA,NA,0,0,0,0,0,NA,1,1,-1,-1,NA,NA,NA,NA
249,DEC_C_1977_0035_J_19771129,ECLI:EU:C:1977:194:19771129,ECLI:EU:C:1977:194,61977CJ0035,0,1,1,NA,1,1,1,0,NA,NA,NA,1,0,0,0,0,NA,1,1,-1,-1,NA,NA,NA,NA
250,DEC_C_1977_0037_J_19771013,ECLI:EU:C:1977:155:19771013,ECLI:EU:C:1977:155,61977CJ0037,0,1,1,NA,1,1,0,0,NA,NA,NA,1,0,0,0,0,NA,1,1,-1,-1,NA,NA,NA,NA
251,DEC_C_1977_0038_J_19771123,ECLI:EU:C:1977:190:19771123,ECLI:EU:C:1977:190,61977CJ0038,1,NA,0,1,NA,0,NA,NA,0,0,0,0,0,0,1,0,0,1,NA,-1,NA,0,0,0,1
252,DEC_C_1977_0041_J_19771109,ECLI:EU:C:1977:177:19771109,ECLI:EU:C:1977:177,61977CJ0041,0,1,1,NA,1,1,0,0,NA,NA,NA,0,0,0,0,0,NA,-1,1,-1,-1,NA,NA,NA,NA
253,DEC_C_1977_0052_J_19771130,ECLI:EU:C:1977:196:19771130,ECLI:EU:C:1977:196,61977CJ0052,1,NA,0,1,NA,0,NA,NA,0,1,0,0,0,0,0,0,1,1,NA,-1,NA,0,0,1,1
254,DEC_C_1977_0055_J_19771206,ECLI:EU:C:1977:203:19771206,ECLI:EU:C:1977:203,61977CJ0055,0,0,1,NA,0,1,1,0,NA,NA,NA,1,0,0,0,0,NA,1,1,-1,-1,NA,NA,NA,NA
255,DEC_C_1977_0060_J_19771215,ECLI:EU:C:1977:213:19771215,ECLI:EU:C:1977:213,61977CJ0060,1,NA,0,1,NA,0,NA,NA,0,0,0,0,0,0,0,0,0,1,NA,-1,NA,0,0,0,0
256,DEC_C_1977_0062_J_19771208,ECLI:EU:C:1977:204:19771208,ECLI:EU:C:1977:204,61977CJ0062,1,NA,0,1,NA,0,NA,NA,0,0,0,0,0,0,0,0,0,-1,NA,-1,NA,0,0,0,0
257,DEC_C_1977_0063_J_19771215,ECLI:EU:C:1977:214:19771215,ECLI:EU:C:1977:214,61977CJ0063,1,NA,0,1,NA,0,NA,NA,0,0,0,0,0,0,0,0,0,-1,NA,-1,NA,0,0,0,0
258,DEC_C_1977_0064_J_19771130,ECLI:EU:C:1977:197:19771130,ECLI:EU:C:1977:197,61977CJ0064,0,0,1,NA,0,1,0,0,NA,NA,NA,0,1,0,0,0,NA,0,0,-1,-1,NA,NA,NA,NA
259,DEC_C_1977_0065_J_19771124,ECLI:EU:C:1977:193:19771124,ECLI:EU:C:1977:193,61977CJ0065,0,NA,0,0,NA,1,NA,NA,0,1,0,0,0,0,0,0,0,0,NA,-1,NA,0,0,0,0
260,DEC_C_1977_0066_J_19771201,ECLI:EU:C:1977:201:19771201,ECLI:EU:C:1977:201,61977CJ0066,0,1,1,NA,1,1,0,0,NA,NA,NA,0,0,0,0,0,NA,0,0,-1,-1,NA,NA,NA,NA
261,DEC_C_1977_0070_J_19780628,ECLI:EU:C:1978:139:19780628,ECLI:EU:C:1978:139,61977CJ0070,1,NA,0,1,NA,0,NA,NA,0,0,0,0,0,0,0,0,0,-1,NA,-1,NA,0,0,0,0
262,DEC_C_1977_0072_J_19780202,ECLI:EU:C:1978:21:19780202,ECLI:EU:C:1978:21,61977CJ0072,1,NA,0,1,NA,0,NA,NA,0,0,0,0,0,0,0,0,0,-1,NA,-1,NA,0,0,0,0
263,DEC_C_1977_0080_J_19780420,ECLI:EU:C:1978:87:19780420,ECLI:EU:C:1978:87,61977CJ0080,1,NA,0,1,NA,0,NA,NA,0,0,0,0,0,0,0,0,0,-1,NA,-1,NA,1,0,0,0
264,DEC_C_1977_0082_J_19780124,ECLI:EU:C:1978:10:19780124,ECLI:EU:C:1978:10,61977CJ0082,1,NA,0,0,NA,1,NA,NA,0,1,0,0,0,0,0,0,1,1,NA,-1,NA,0,0,1,0
265,DEC_C_1977_0083_J_19780314,ECLI:EU:C:1978:54:19780314,ECLI:EU:C:1978:54,61977CJ0083,0,1,1,NA,1,1,0,0,NA,NA,NA,0,1,0,0,0,NA,0,0,-1,-1,NA,NA,NA,NA
266,DEC_C_1977_0084_J_19780119,ECLI:EU:C:1978:8:19780119,ECLI:EU:C:1978:8,61977CJ0084,0,0,1,NA,0,1,1,0,NA,NA,NA,0,1,0,0,0,NA,0,0,-1,-1,NA,NA,NA,NA
267,DEC_C_1977_0090_J_19780427,ECLI:EU:C:1978:91:19780427,ECLI:EU:C:1978:91,61977CJ0090,1,NA,0,1,NA,0,NA,NA,0,0,0,0,0,0,0,-1,0,-1,NA,-1,NA,0,0,0,0
268,DEC_C_1977_0098_J_19780314,ECLI:EU:C:1978:56:19780314,ECLI:EU:C:1978:56,61977CJ0098,0,1,1,NA,1,1,0,0,NA,NA,NA,0,0,0,0,0,NA,0,0,-1,-1,NA,NA,NA,NA
269,DEC_C_1977_0102_J_19780523,ECLI:EU:C:1978:108:19780523,ECLI:EU:C:1978:108,61977CJ0102,1,NA,0,1,NA,0,NA,NA,0,0,0,0,0,0,0,0,0,0,NA,-1,NA,0,0,0,0
270,DEC_C_1977_0104_J_19780316,ECLI:EU:C:1978:69:19780316,ECLI:EU:C:1978:69,61977CJ0104,1,NA,0,0,NA,1,NA,NA,0,0,0,0,0,0,0,0,0,-1,NA,-1,NA,0,0,0,0
271,DEC_C_1977_0105_J_19780314,ECLI:EU:C:1978:59:19780314,ECLI:EU:C:1978:59,61977CJ0105,0,0,1,NA,0,1,1,1,NA,NA,NA,0,0,0,0,0,NA,1,1,-1,-1,NA,NA,NA,NA
272,DEC_C_1977_0111_J_19780309,ECLI:EU:C:1978:50:19780309,ECLI:EU:C:1978:50,61977CJ0111,1,NA,0,1,NA,0,NA,NA,0,0,0,0,0,0,0,0,0,-1,NA,-1,NA,0,0,0,0
273,DEC_C_1977_0115_J_19780316,ECLI:EU:C:1978:71:19780316,ECLI:EU:C:1978:71,61977CJ0115,0,0,1,NA,0,1,-1,1,NA,NA,NA,1,0,0,0,0,NA,1,1,-1,1,NA,NA,NA,NA
274,DEC_C_1977_0117_J_19780316,ECLI:EU:C:1978:72:19780316,ECLI:EU:C:1978:72,61977CJ0117,0,1,1,NA,1,1,0,0,NA,NA,NA,1,1,0,0,0,NA,1,1,-1,-1,NA,NA,NA,NA
275,DEC_C_1977_0126_J_19780315,ECLI:EU:C:1978:64:19780315,ECLI:EU:C:1978:64,61977CJ0126,0,0,1,NA,0,1,1,0,NA,NA,NA,0,0,0,0,0,NA,1,1,-1,-1,NA,NA,NA,NA
276,DEC_C_1977_0134_J_19780420,ECLI:EU:C:1978:88:19780420,ECLI:EU:C:1978:88,61977CJ0134,0,1,1,NA,1,1,0,0,NA,NA,NA,1,0,0,0,0,NA,1,1,-1,-1,NA,NA,NA,NA
277,DEC_C_1977_0135_J_19780316,ECLI:EU:C:1978:75:19780316,ECLI:EU:C:1978:75,61977CJ0135,1,NA,0,1,NA,0,NA,NA,0,0,0,0,0,0,0,0,0,-1,NA,-1,NA,0,0,0,0
278,DEC_C_1977_0142_J_19780629,ECLI:EU:C:1978:144:19780629,ECLI:EU:C:1978:144,61977CJ0142,1,NA,0,0,NA,1,NA,NA,0,1,0,1,0,0,0,0,0,-1,NA,-1,NA,0,0,0,0
279,DEC_C_1977_0148_J_19781010,ECLI:EU:C:1978:173:19781010,ECLI:EU:C:1978:173,61977CJ0148,1,NA,0,1,NA,0,NA,NA,1,1,0,0,0,0,0,0,0,0,NA,-1,NA,0,0,0,0
280,DEC_C_1978_0001_J_19780628,ECLI:EU:C:1978:140:19780628,ECLI:EU:C:1978:140,61978CJ0001,0,1,1,NA,1,1,0,0,NA,NA,NA,0,0,0,2,0,NA,0,0,-1,-1,NA,NA,NA,NA
281,DEC_C_1978_0002_J_19790516,ECLI:EU:C:1979:128:19790516,ECLI:EU:C:1979:128,61978CJ0002,1,NA,0,0,NA,0,NA,NA,1,0,0,0,0,0,0,0,0,0,NA,-1,NA,0,0,0,0
282,DEC_C_1978_0003_J_19781010,ECLI:EU:C:1978:174:19781010,ECLI:EU:C:1978:174,61978CJ0003,1,NA,0,1,NA,0,NA,NA,0,0,0,0,1,0,0,0,0,0,NA,-1,NA,0,0,0,0
283,DEC_C_1978_0005_J_19780704,ECLI:EU:C:1978:147:19780704,ECLI:EU:C:1978:147,61978CJ0005,1,NA,0,1,NA,0,NA,NA,0,0,0,1,0,0,0,0,0,-1,NA,-1,NA,0,0,0,0
284,DEC_C_1978_0009_J_19780706,ECLI:EU:C:1978:152:19780706,ECLI:EU:C:1978:152,61978CJ0009,0,0,1,NA,0,1,0,0,NA,NA,NA,0,0,0,0,0,NA,0,0,-1,-1,NA,NA,NA,NA
285,DEC_C_1978_0010_J_19781012,ECLI:EU:C:1978:181:19781012,ECLI:EU:C:1978:181,61978CJ0010,0,0,1,NA,0,1,0,0,NA,NA,NA,1,0,0,0,0,NA,1,1,-1,-1,NA,NA,NA,NA
286,DEC_C_1978_0013_J_19781012,ECLI:EU:C:1978:182:19781012,ECLI:EU:C:1978:182,61978CJ0013,1,NA,0,1,NA,0,NA,NA,0,1,0,0,0,0,0,0,1,1,NA,-1,NA,0,0,1,0
287,DEC_C_1978_0015_J_19781024,ECLI:EU:C:1978:184:19781024,ECLI:EU:C:1978:184,61978CJ0015,0,NA,0,1,NA,0,NA,NA,0,1,0,1,0,0,0,0,0,0,NA,-1,NA,0,0,0,0
288,DEC_C_1978_0016_J_19781128,ECLI:EU:C:1978:210:19781128,ECLI:EU:C:1978:210,61978CJ0016,0,1,1,0,1,1,0,0,1,0,0,0,0,0,0,0,0,1,1,0,-1,0,0,1,0
289,DEC_C_1978_0026_J_19781005,ECLI:EU:C:1978:172:19781005,ECLI:EU:C:1978:172,61978CJ0026,0,1,1,NA,1,1,0,0,NA,NA,NA,1,0,0,0,0,NA,1,1,-1,-1,NA,NA,NA,NA
290,DEC_C_1978_0027_J_19781003,ECLI:EU:C:1978:170:19781003,ECLI:EU:C:1978:170,61978CJ0027,1,NA,0,1,NA,0,NA,NA,0,0,0,0,0,0,0,0,0,0,NA,-1,NA,0,0,0,0
291,DEC_C_1978_0034_J_19790131,ECLI:EU:C:1979:20:19790131,ECLI:EU:C:1979:20,61978CJ0034,1,NA,0,1,NA,0,NA,NA,0,0,0,0,0,0,0,-1,0,-1,NA,-1,NA,1,1,0,0
292,DEC_C_1978_0083_J_19781129,ECLI:EU:C:1978:214:19781129,ECLI:EU:C:1978:214,61978CJ0083,1,NA,0,1,NA,0,NA,NA,0,0,1,0,0,0,0,0,1,1,NA,-1,NA,0,0,1,0
293,DEC_C_1978_0086_J_19790313,ECLI:EU:C:1979:64:19790313,ECLI:EU:C:1979:64,61978CJ0086,1,NA,0,1,NA,0,NA,NA,1,1,0,1,0,0,0,0,0,0,NA,-1,NA,0,0,0,0
294,DEC_C_1978_0091_J_19790313,ECLI:EU:C:1979:65:19790313,ECLI:EU:C:1979:65,61978CJ0091,1,NA,0,1,NA,0,NA,NA,0,1,0,0,1,0,1,0,1,1,NA,-1,NA,0,0,1,0
295,DEC_C_1978_0100_J_19790306,ECLI:EU:C:1979:54:19790306,ECLI:EU:C:1979:54,61978CJ0100,0,1,1,NA,1,1,0,0,NA,NA,NA,1,0,0,0,0,NA,1,1,-1,-1,NA,NA,NA,NA
296,DEC_C_1978_0110_J_19790118,ECLI:EU:C:1979:8:19790118,ECLI:EU:C:1979:8,61978CJ0110,0,NA,0,0,NA,1,NA,NA,1,1,0,0,0,0,1,0,1,1,NA,-1,NA,0,0,1,0
297,DEC_C_1978_0115_J_19790207,ECLI:EU:C:1979:31:19790207,ECLI:EU:C:1979:31,61978CJ0115,0,NA,0,0,NA,1,NA,NA,0,0,0,0,0,0,0,0,0,1,NA,-1,NA,0,0,0,1
298,DEC_C_1978_0118_J_19790329,ECLI:EU:C:1979:97:19790329,ECLI:EU:C:1979:97,61978CJ0118,1,NA,0,1,NA,0,NA,NA,0,0,0,0,0,0,0,0,0,1,NA,-1,NA,0,0,1,0
299,DEC_C_1978_0119_J_19790313,ECLI:EU:C:1979:66:19790313,ECLI:EU:C:1979:66,61978CJ0119,1,NA,0,1,NA,0,NA,NA,1,1,0,0,0,0,0,0,1,1,NA,-1,NA,0,0,1,0
300,DEC_C_1978_0120_J_19790220,ECLI:EU:C:1979:42:19790220,ECLI:EU:C:1979:42,61978CJ0120,1,NA,0,1,NA,0,NA,NA,0,0,0,0,0,0,0,1,0,1,NA,0,NA,0,0,1,0
301,DEC_C_1978_0129_J_19790308,ECLI:EU:C:1979:59:19790308,ECLI:EU:C:1979:59,61978CJ0129,0,1,1,NA,1,1,0,0,NA,NA,NA,0,0,0,0,0,NA,0,0,-1,-1,NA,NA,NA,NA
302,DEC_C_1978_0132_J_19790531,ECLI:EU:C:1979:139:19790531,ECLI:EU:C:1979:139,61978CJ0132,1,NA,0,1,NA,0,NA,NA,0,0,0,0,0,0,0,0,0,1,NA,-1,NA,0,0,1,0
303,DEC_C_1978_0136_J_19790207,ECLI:EU:C:1979:34:19790207,ECLI:EU:C:1979:34,61978CJ0136,0,NA,0,0,NA,1,NA,NA,0,0,0,0,0,0,0,0,0,0,NA,-1,NA,0,0,0,0
304,DEC_C_1978_0137_J_19790502,ECLI:EU:C:1979:117:19790502,ECLI:EU:C:1979:117,61978CJ0137,1,NA,0,1,NA,0,NA,NA,0,0,0,0,0,0,0,0,0,-1,NA,-1,NA,0,0,0,0
305,DEC_C_1978_0139_J_19790320,ECLI:EU:C:1979:75:19790320,ECLI:EU:C:1979:75,61978CJ0139,0,1,1,NA,1,1,0,0,NA,NA,NA,0,0,0,0,0,NA,0,1,-1,-1,NA,NA,NA,NA
306,DEC_C_1978_0144_J_19790222,ECLI:EU:C:1979:51:19790222,ECLI:EU:C:1979:51,61978CJ0144,0,1,1,NA,1,1,0,0,NA,NA,NA,0,0,0,0,0,NA,0,0,-1,-1,NA,NA,NA,NA
307,DEC_C_1978_0148_J_19790405,ECLI:EU:C:1979:110:19790405,ECLI:EU:C:1979:110,61978CJ0148,1,NA,0,0,NA,1,NA,NA,0,0,0,0,0,0,1,0,0,1,NA,-1,NA,0,0,0,1
308,DEC_C_1978_0152_J_19800710,ECLI:EU:C:1980:187:19800710,ECLI:EU:C:1980:187,61978CJ0152,1,NA,0,0,NA,0,NA,NA,0,1,0,0,0,0,0,0,1,1,NA,-1,NA,0,0,1,0
309,DEC_C_1978_0153_J_19790712,ECLI:EU:C:1979:194:19790712,ECLI:EU:C:1979:194,61978CJ0153,1,NA,0,0,NA,0,NA,NA,0,1,0,0,0,0,0,0,1,1,NA,0,NA,0,0,1,0
310,DEC_C_1978_0158_J_19790328,ECLI:EU:C:1979:87:19790328,ECLI:EU:C:1979:87,61978CJ0158,1,NA,0,1,NA,0,NA,NA,0,0,0,0,0,0,0,0,0,0,NA,-1,NA,0,0,0,0
311,DEC_C_1978_0159_J_19791025,ECLI:EU:C:1979:243:19791025,ECLI:EU:C:1979:243,61978CJ0159,1,NA,0,0,NA,0,NA,NA,0,0,0,0,0,0,0,-1,0,-1,NA,-1,NA,0,0,1,0
312,DEC_C_1978_0160_J_19790628,ECLI:EU:C:1979:170:19790628,ECLI:EU:C:1979:170,61978CJ0160,1,NA,0,1,NA,0,NA,NA,0,0,0,0,0,0,0,0,0,-1,NA,-1,NA,0,0,0,0
313,DEC_C_1978_0165_J_19790529,ECLI:EU:C:1979:133:19790529,ECLI:EU:C:1979:133,61978CJ0165,1,NA,0,1,NA,0,NA,NA,0,0,0,0,0,0,0,0,0,-1,NA,-1,NA,0,0,0,0
314,DEC_C_1978_0173_J_19790529,ECLI:EU:C:1979:134:19790529,ECLI:EU:C:1979:134,61978CJ0173,0,1,1,NA,1,1,-1,0,NA,NA,NA,0,0,0,0,0,NA,0,0,-1,-1,NA,NA,NA,NA
315,DEC_C_1978_0175_J_19790328,ECLI:EU:C:1979:88:19790328,ECLI:EU:C:1979:88,61978CJ0175,0,1,1,NA,1,1,-1,0,NA,NA,NA,0,0,0,0,0,NA,0,0,-1,-1,NA,NA,NA,NA
316,DEC_C_1978_0176_J_19790405,ECLI:EU:C:1979:112:19790405,ECLI:EU:C:1979:112,61978CJ0176,0,1,1,NA,1,1,0,0,NA,NA,NA,0,0,0,0,0,NA,0,1,-1,-1,NA,NA,NA,NA
317,DEC_C_1978_0177_J_19790626,ECLI:EU:C:1979:164:19790626,ECLI:EU:C:1979:164,61978CJ0177,1,NA,0,1,NA,0,NA,NA,0,0,0,0,1,1,0,0,0,1,NA,-1,NA,0,0,1,1
318,DEC_C_1978_0179_J_19790328,ECLI:EU:C:1979:89:19790328,ECLI:EU:C:1979:89,61978CJ0179,1,NA,0,0,NA,1,NA,NA,0,0,0,0,0,0,0,0,0,1,NA,-1,NA,0,0,1,0
319,DEC_C_1978_0180_J_19790619,ECLI:EU:C:1979:156:19790619,ECLI:EU:C:1979:156,61978CJ0180,0,1,1,NA,1,1,1,0,NA,NA,NA,0,0,0,0,0,NA,1,1,-1,-1,NA,NA,NA,NA
320,DEC_C_1978_0182_J_19790531,ECLI:EU:C:1979:142:19790531,ECLI:EU:C:1979:142,61978CJ0182,0,1,1,NA,1,1,0,0,NA,NA,NA,1,0,0,0,0,NA,1,1,-1,-1,NA,NA,NA,NA
321,DEC_C_1978_0183_J_19790531,ECLI:EU:C:1979:143:19790531,ECLI:EU:C:1979:143,61978CJ0183,1,NA,0,1,NA,0,NA,NA,0,0,0,0,1,0,0,0,0,-1,NA,-1,NA,0,0,0,0
322,DEC_C_1978_0207_J_19790531,ECLI:EU:C:1979:144:19790531,ECLI:EU:C:1979:144,61978CJ0207,0,0,1,NA,0,1,0,0,NA,NA,NA,0,0,0,0,0,NA,0,0,-1,-1,NA,NA,NA,NA
323,DEC_C_1978_0222_J_19790328,ECLI:EU:C:1979:90:19790328,ECLI:EU:C:1979:90,61978CJ0222,1,NA,0,0,NA,1,NA,NA,0,0,0,0,1,0,2,0,0,0,NA,-1,NA,0,0,0,0
324,DEC_C_1978_0225_J_19791011,ECLI:EU:C:1979:235:19791011,ECLI:EU:C:1979:235,61978CJ0225,1,NA,0,0,NA,1,NA,NA,0,0,0,1,0,0,0,0,0,0,NA,-1,NA,0,0,0,0
325,DEC_C_1978_0231_J_19790329,ECLI:EU:C:1979:101:19790329,ECLI:EU:C:1979:101,61978CJ0231,1,NA,0,0,NA,0,NA,NA,0,0,0,0,0,0,0,0,0,1,NA,-1,NA,0,0,1,0
326,DEC_C_1978_0232_J_19790925,ECLI:EU:C:1979:215:19790925,ECLI:EU:C:1979:215,61978CJ0232,1,NA,0,0,NA,0,NA,NA,0,0,0,0,0,0,0,0,0,1,NA,-1,NA,0,0,1,0
327,DEC_C_1978_0236_J_19790516,ECLI:EU:C:1979:131:19790516,ECLI:EU:C:1979:131,61978CJ0236,0,1,1,NA,1,1,0,0,NA,NA,NA,1,0,0,0,0,NA,1,1,-1,-1,NA,NA,NA,NA
328,DEC_C_1978_0237_J_19790712,ECLI:EU:C:1979:197:19790712,ECLI:EU:C:1979:197,61978CJ0237,0,1,1,NA,1,1,1,0,NA,NA,NA,1,0,0,0,0,NA,1,1,-1,-1,NA,NA,NA,NA
329,DEC_C_1978_0251_J_19791108,ECLI:EU:C:1979:252:19791108,ECLI:EU:C:1979:252,61978CJ0251,1,NA,0,1,NA,0,NA,NA,0,0,0,0,1,1,2,0,0,0,NA,-1,NA,0,0,0,0
330,DEC_C_1978_0265_J_19800305,ECLI:EU:C:1980:66:19800305,ECLI:EU:C:1980:66,61978CJ0265,1,NA,0,1,NA,0,NA,NA,0,0,0,0,1,0,0,0,0,0,NA,-1,NA,0,0,0,0
331,DEC_C_1978_0266_J_19790712,ECLI:EU:C:1979:200:19790712,ECLI:EU:C:1979:200,61978CJ0266,0,1,1,NA,1,1,0,0,NA,NA,NA,0,0,0,0,0,NA,0,0,-1,-1,NA,NA,NA,NA
332,DEC_C_1978_0268_J_19790711,ECLI:EU:C:1979:187:19790711,ECLI:EU:C:1979:187,61978CJ0268,0,1,1,NA,1,1,0,0,NA,NA,NA,0,0,0,0,0,NA,0,0,-1,-1,NA,NA,NA,NA
333,DEC_C_1979_0005_J_19791018,ECLI:EU:C:1979:238:19791018,ECLI:EU:C:1979:238,61979CJ0005,1,NA,0,0,NA,1,NA,NA,0,0,0,0,1,0,0,0,0,1,NA,-1,NA,0,0,1,1
334,DEC_C_1979_0009_J_19790712,ECLI:EU:C:1979:201:19790712,ECLI:EU:C:1979:201,61979CJ0009,0,0,1,NA,0,1,1,1,NA,NA,NA,0,0,0,0,0,NA,0,0,-1,-1,NA,NA,NA,NA
335,DEC_C_1979_0011_J_19791004,ECLI:EU:C:1979:229:19791004,ECLI:EU:C:1979:229,61979CJ0011,1,NA,0,1,NA,0,NA,NA,0,0,0,0,0,0,0,0,0,-1,NA,-1,NA,0,0,0,0
336,DEC_C_1979_0015_J_19791108,ECLI:EU:C:1979:253:19791108,ECLI:EU:C:1979:253,61979CJ0015,1,NA,0,1,NA,0,NA,NA,1,0,0,1,0,0,0,0,0,0,NA,-1,NA,0,0,0,0
337,DEC_C_1979_0016_J_19791106,ECLI:EU:C:1979:248:19791106,ECLI:EU:C:1979:248,61979CJ0016,1,NA,0,0,NA,1,NA,NA,0,0,0,0,1,1,0,0,0,1,NA,-1,NA,0,0,1,0
338,DEC_C_1979_0030_J_19800122,ECLI:EU:C:1980:20:19800122,ECLI:EU:C:1980:20,61979CJ0030,1,NA,0,1,NA,0,NA,NA,0,0,0,0,1,0,0,0,0,0,NA,-1,NA,0,0,0,0
339,DEC_C_1979_0034_J_19791214,ECLI:EU:C:1979:295:19791214,ECLI:EU:C:1979:295,61979CJ0034,1,NA,0,0,NA,1,NA,NA,0,1,0,1,0,0,0,0,0,0,NA,-1,NA,0,0,0,0
340,DEC_C_1979_0035_J_19800123,ECLI:EU:C:1980:21:19800123,ECLI:EU:C:1980:21,61979CJ0035,1,NA,0,1,NA,0,NA,NA,0,0,0,1,0,0,0,0,0,0,NA,-1,NA,0,0,0,0
341,DEC_C_1979_0041_J_19800619,ECLI:EU:C:1980:163:19800619,ECLI:EU:C:1980:163,61979CJ0041,0,1,1,NA,1,1,0,0,NA,NA,NA,0,0,0,0,1,NA,0,0,-1,-1,NA,NA,NA,NA
342,DEC_C_1979_0052_J_19800318,ECLI:EU:C:1980:83:19800318,ECLI:EU:C:1980:83,61979CJ0052,0,NA,0,0,NA,1,NA,NA,1,1,0,0,0,0,2,1,0,0,NA,1,NA,0,0,0,0
343,DEC_C_1979_0053_J_19800214,ECLI:EU:C:1980:44:19800214,ECLI:EU:C:1980:44,61979CJ0053,0,1,1,NA,1,1,0,0,NA,NA,NA,1,0,0,0,0,NA,1,1,-1,-1,NA,NA,NA,NA
344,DEC_C_1979_0054_J_19800226,ECLI:EU:C:1980:49:19800226,ECLI:EU:C:1980:49,61979CJ0054,1,NA,0,1,NA,0,NA,NA,0,0,0,0,0,0,0,0,0,-1,NA,-1,NA,0,0,0,0
345,DEC_C_1979_0061_J_19800327,ECLI:EU:C:1980:100:19800327,ECLI:EU:C:1980:100,61979CJ0061,1,NA,0,1,NA,0,NA,NA,0,0,0,1,0,0,2,0,0,1,NA,-1,NA,0,0,0,0
346,DEC_C_1979_0062_J_19800318,ECLI:EU:C:1980:84:19800318,ECLI:EU:C:1980:84,61979CJ0062,0,NA,0,1,NA,0,NA,NA,0,0,0,0,0,0,0,0,0,0,NA,-1,NA,0,0,0,0
347,DEC_C_1979_0065_J_19800424,ECLI:EU:C:1980:108:19800424,ECLI:EU:C:1980:108,61979CJ0065,1,NA,0,1,NA,0,NA,NA,0,0,0,1,0,0,0,0,0,1,NA,-1,NA,0,0,0,1
348,DEC_C_1979_0067_J_19800228,ECLI:EU:C:1980:59:19800228,ECLI:EU:C:1980:59,61979CJ0067,0,1,1,NA,1,1,0,0,NA,NA,NA,1,0,0,0,0,NA,1,1,-1,-1,NA,NA,NA,NA
349,DEC_C_1979_0069_J_19800110,ECLI:EU:C:1980:7:19800110,ECLI:EU:C:1980:7,61979CJ0069,0,0,1,NA,0,1,0,0,NA,NA,NA,1,0,0,0,0,NA,1,1,-1,-1,NA,NA,NA,NA
350,DEC_C_1979_0084_J_19800214,ECLI:EU:C:1980:45:19800214,ECLI:EU:C:1980:45,61979CJ0084,1,NA,0,1,NA,0,NA,NA,0,0,0,1,1,1,0,0,0,0,NA,-1,NA,0,0,0,0
351,DEC_C_1979_0087_J_19800320,ECLI:EU:C:1980:88:19800320,ECLI:EU:C:1980:88,61979CJ0087,1,NA,0,1,NA,0,NA,NA,0,0,0,0,0,0,0,0,0,-1,NA,-1,NA,0,0,0,0
352,DEC_C_1979_0090_J_19810203,ECLI:EU:C:1981:27:19810203,ECLI:EU:C:1981:27,61979CJ0090,1,NA,0,0,NA,0,NA,NA,0,0,0,1,0,0,0,0,0,0,NA,-1,NA,0,0,0,0
353,DEC_C_1979_0094_J_19800226,ECLI:EU:C:1980:50:19800226,ECLI:EU:C:1980:50,61979CJ0094,1,NA,0,0,NA,1,NA,NA,0,0,0,0,0,0,0,0,0,1,NA,-1,NA,0,0,1,1
354,DEC_C_1979_0098_J_19800305,ECLI:EU:C:1980:69:19800305,ECLI:EU:C:1980:69,61979CJ0098,0,1,1,NA,1,1,1,0,NA,NA,NA,1,0,0,0,0,NA,1,1,-1,-1,NA,NA,NA,NA
355,DEC_C_1979_0110_J_19800424,ECLI:EU:C:1980:112:19800424,ECLI:EU:C:1980:112,61979CJ0110,0,1,1,NA,1,1,1,0,NA,NA,NA,0,0,0,0,0,NA,0,0,-1,-1,NA,NA,NA,NA
356,DEC_C_1979_0111_J_19800313,ECLI:EU:C:1980:78:19800313,ECLI:EU:C:1980:78,61979CJ0111,1,NA,0,1,NA,0,NA,NA,0,0,0,1,0,0,0,0,0,0,NA,-1,NA,0,0,0,0
357,DEC_C_1979_0124_J_19800313,ECLI:EU:C:1980:79:19800313,ECLI:EU:C:1980:79,61979CJ0124,1,NA,0,1,NA,0,NA,NA,0,0,0,1,0,0,0,0,0,0,NA,-1,NA,0,0,0,0
358,DEC_C_1979_0131_J_19800522,ECLI:EU:C:1980:131:19800522,ECLI:EU:C:1980:131,61979CJ0131,0,1,1,NA,1,1,0,0,NA,NA,NA,1,0,0,0,0,NA,1,1,-1,-1,NA,NA,NA,NA
359,DEC_C_1979_0135_J_19800603,ECLI:EU:C:1980:143:19800603,ECLI:EU:C:1980:143,61979CJ0135,1,NA,0,1,NA,0,NA,NA,0,1,0,0,0,0,0,0,0,0,NA,-1,NA,0,0,0,0
360,DEC_C_1979_0143_J_19800522,ECLI:EU:C:1980:134:19800522,ECLI:EU:C:1980:134,61979CJ0143,0,1,1,NA,1,1,1,0,NA,NA,NA,0,0,0,0,0,NA,0,1,-1,-1,NA,NA,NA,NA
361,DEC_C_1979_0149_J_19801217,ECLI:EU:C:1980:297:19801217,ECLI:EU:C:1980:297,61979CJ0149,0,0,1,NA,0,0,-1,0,NA,NA,NA,0,0,0,0,0,NA,1,-1,-1,-1,NA,NA,NA,NA
362,DEC_C_1979_0149_J_19820526,ECLI:EU:C:1982:195:19820526,ECLI:EU:C:1982:195,61979CJ0149(01),0,0,1,NA,0,0,-1,0,NA,NA,NA,0,0,0,0,0,NA,1,-1,-1,-1,NA,NA,NA,NA
363,DEC_C_1979_0150_J_19800711,ECLI:EU:C:1980:201:19800711,ECLI:EU:C:1980:201,61979CJ0150,0,0,1,NA,0,0,-1,0,NA,NA,NA,1,0,0,0,0,NA,1,1,-1,-1,NA,NA,NA,NA
364,DEC_C_1979_0157_J_19800703,ECLI:EU:C:1980:179:19800703,ECLI:EU:C:1980:179,61979CJ0157,0,1,1,NA,1,1,0,0,NA,NA,NA,0,0,0,0,0,NA,1,1,-1,-1,NA,NA,NA,NA
365,DEC_C_1979_0733_J_19800612,ECLI:EU:C:1980:156:19800612,ECLI:EU:C:1980:156,61979CJ0733,0,1,1,NA,1,1,0,0,NA,NA,NA,1,0,0,0,0,NA,1,1,-1,1,NA,NA,NA,NA
366,DEC_C_1979_0788_J_19800626,ECLI:EU:C:1980:171:19800626,ECLI:EU:C:1980:171,61979CJ0788,1,NA,0,0,NA,1,NA,NA,1,0,1,0,0,0,0,0,1,1,NA,-1,NA,0,0,1,0
367,DEC_C_1979_0793_J_19800626,ECLI:EU:C:1980:172:19800626,ECLI:EU:C:1980:172,61979CJ0793,0,1,1,NA,1,1,0,0,NA,NA,NA,0,0,0,0,0,NA,0,0,-1,-1,NA,NA,NA,NA
368,DEC_C_1979_0795_J_19800918,ECLI:EU:C:1980:214:19800918,ECLI:EU:C:1980:214,61979CJ0795,1,NA,0,1,NA,0,NA,NA,1,0,0,0,0,0,0,0,0,-1,NA,-1,NA,0,0,0,0
369,DEC_C_1979_0798_J_19800711,ECLI:EU:C:1980:202:19800711,ECLI:EU:C:1980:202,61979CJ0798,1,NA,0,1,NA,0,NA,NA,0,0,0,0,0,0,0,0,0,-1,NA,-1,NA,0,0,0,0
370,DEC_C_1979_0807_J_19800709,ECLI:EU:C:1980:184:19800709,ECLI:EU:C:1980:184,61979CJ0807,0,0,1,NA,0,1,-1,1,NA,NA,NA,0,0,0,0,0,NA,-1,1,-1,-1,NA,NA,NA,NA
371,DEC_C_1979_0810_J_19801008,ECLI:EU:C:1980:228:19801008,ECLI:EU:C:1980:228,61979CJ0810,0,1,1,NA,1,1,0,0,NA,NA,NA,0,0,0,0,-1,NA,-1,0,-1,-1,NA,NA,NA,NA
372,DEC_C_1979_0811_J_19800710,ECLI:EU:C:1980:195:19800710,ECLI:EU:C:1980:195,61979CJ0811,1,NA,0,1,NA,0,NA,NA,0,0,0,1,1,1,2,0,0,0,NA,-1,NA,0,0,0,0
373,DEC_C_1979_0816_J_19801016,ECLI:EU:C:1980:239:19801016,ECLI:EU:C:1980:239,61979CJ0816,1,NA,0,1,NA,0,NA,NA,0,0,0,0,0,0,0,0,0,-1,NA,-1,NA,0,0,0,0
374,DEC_C_1979_0818_J_19800918,ECLI:EU:C:1980:216:19800918,ECLI:EU:C:1980:216,61979CJ0818,0,0,1,NA,0,0,0,1,NA,NA,NA,0,0,0,0,0,NA,1,1,-1,1,NA,NA,NA,NA
375,DEC_C_1979_0823_J_19801009,ECLI:EU:C:1980:230:19801009,ECLI:EU:C:1980:230,61979CJ0823,1,NA,0,0,NA,1,NA,NA,0,0,0,1,0,0,0,1,0,0,NA,1,NA,0,0,0,0
376,DEC_C_1979_0824_J_19801016,ECLI:EU:C:1980:240:19801016,ECLI:EU:C:1980:240,61979CJ0824,1,NA,0,1,NA,0,NA,NA,0,0,0,0,0,0,0,0,0,-1,NA,-1,NA,0,0,0,0
377,DEC_C_1979_0826_J_19800710,ECLI:EU:C:1980:198:19800710,ECLI:EU:C:1980:198,61979CJ0826,1,NA,0,1,NA,0,NA,NA,0,0,0,0,1,1,2,0,0,-1,NA,-1,NA,0,0,0,0
378,DEC_C_1979_0827_J_19801211,ECLI:EU:C:1980:287:19801211,ECLI:EU:C:1980:287,61979CJ0827,1,NA,0,1,NA,0,NA,NA,0,0,0,0,0,0,0,1,0,0,NA,1,NA,0,0,0,0
379,DEC_C_1980_0001_J_19800612,ECLI:EU:C:1980:157:19800612,ECLI:EU:C:1980:157,61980CJ0001,0,0,1,NA,0,0,-1,0,NA,NA,NA,0,0,0,0,0,NA,1,1,-1,-1,NA,NA,NA,NA
380,DEC_C_1980_0004_J_19801015,ECLI:EU:C:1980:235:19801015,ECLI:EU:C:1980:235,61980CJ0004,0,0,1,NA,0,1,0,0,NA,NA,NA,0,0,0,0,0,NA,1,1,-1,-1,NA,NA,NA,NA
381,DEC_C_1980_0027_J_19801216,ECLI:EU:C:1980:293:19801216,ECLI:EU:C:1980:293,61980CJ0027,1,NA,0,0,NA,1,NA,NA,1,0,0,0,0,0,0,0,0,1,NA,-1,NA,0,0,1,0
382,DEC_C_1980_0032_J_19810128,ECLI:EU:C:1981:20:19810128,ECLI:EU:C:1981:20,61980CJ0032,1,NA,0,0,NA,1,NA,NA,0,0,0,0,0,0,0,0,0,0,NA,-1,NA,0,0,0,0
383,DEC_C_1980_0036_J_19810310,ECLI:EU:C:1981:62:19810310,ECLI:EU:C:1981:62,61980CJ0036,1,NA,0,1,NA,0,NA,NA,0,0,0,0,1,1,0,0,0,-1,NA,-1,NA,0,0,0,0
384,DEC_C_1980_0050_J_19810205,ECLI:EU:C:1981:34:19810205,ECLI:EU:C:1981:34,61980CJ0050,1,NA,0,0,NA,1,NA,NA,0,0,0,0,0,0,0,0,0,1,NA,-1,NA,0,0,1,1
385,DEC_C_1980_0053_J_19810205,ECLI:EU:C:1981:35:19810205,ECLI:EU:C:1981:35,61980CJ0053,1,NA,0,1,NA,0,NA,NA,1,0,0,1,0,0,0,1,0,0,NA,0,NA,0,0,0,0
386,DEC_C_1980_0054_J_19801204,ECLI:EU:C:1980:282:19801204,ECLI:EU:C:1980:282,61980CJ0054,1,NA,0,0,NA,1,NA,NA,0,0,0,0,0,0,0,0,0,1,NA,-1,NA,0,0,0,1
387,DEC_C_1980_0055_J_19810120,ECLI:EU:C:1981:10:19810120,ECLI:EU:C:1981:10,61980CJ0055,1,NA,0,1,NA,0,NA,NA,1,0,0,0,0,0,0,0,0,1,NA,-1,NA,0,0,1,0
388,DEC_C_1980_0058_J_19810122,ECLI:EU:C:1981:17:19810122,ECLI:EU:C:1981:17,61980CJ0058,1,NA,0,1,NA,0,NA,NA,0,0,0,0,0,0,0,0,0,1,NA,-1,NA,0,0,1,0
389,DEC_C_1980_0070_J_19810127,ECLI:EU:C:1981:19:19810127,ECLI:EU:C:1981:19,61980CJ0070,0,1,1,NA,1,1,1,0,NA,NA,NA,1,0,0,0,0,NA,0,0,-1,-1,NA,NA,NA,NA
390,DEC_C_1980_0098_J_19810514,ECLI:EU:C:1981:104:19810514,ECLI:EU:C:1981:104,61980CJ0098,0,1,1,NA,1,1,0,0,NA,NA,NA,1,0,0,0,0,NA,1,1,-1,-1,NA,NA,NA,NA
391,DEC_C_1980_0099_J_19810331,ECLI:EU:C:1981:81:19810331,ECLI:EU:C:1981:81,61980CJ0099,0,0,1,NA,0,1,0,0,NA,NA,NA,0,0,0,0,0,NA,0,0,-1,-1,NA,NA,NA,NA
392,DEC_C_1980_0104_J_19810219,ECLI:EU:C:1981:48:19810219,ECLI:EU:C:1981:48,61980CJ0104,0,1,1,NA,1,1,0,0,NA,NA,NA,0,0,0,0,0,NA,1,1,-1,1,NA,NA,NA,NA
393,DEC_C_1980_0111_J_19810514,ECLI:EU:C:1981:105:19810514,ECLI:EU:C:1981:105,61980CJ0111,0,1,1,NA,1,1,0,0,NA,NA,NA,1,0,0,0,0,NA,1,1,-1,-1,NA,NA,NA,NA
394,DEC_C_1980_0113_J_19810617,ECLI:EU:C:1981:139:19810617,ECLI:EU:C:1981:139,61980CJ0113,1,NA,0,0,NA,0,NA,NA,0,1,0,0,0,0,0,0,1,1,NA,-1,NA,0,0,1,0
395,DEC_C_1980_0114_J_19810326,ECLI:EU:C:1981:79:19810326,ECLI:EU:C:1981:79,61980CJ0114,1,NA,0,1,NA,0,NA,NA,0,0,0,0,0,0,0,0,0,-1,NA,-1,NA,0,0,0,0
396,DEC_C_1980_0116_J_19810702,ECLI:EU:C:1981:159:19810702,ECLI:EU:C:1981:159,61980CJ0116,0,0,1,NA,0,1,-1,0,NA,NA,NA,1,0,0,0,0,NA,1,1,-1,1,NA,NA,NA,NA
397,DEC_C_1980_0122_J_19811119,ECLI:EU:C:1981:273:19811119,ECLI:EU:C:1981:273,61980CJ0122,1,NA,0,1,NA,0,NA,NA,0,0,0,0,1,0,0,0,0,-1,NA,-1,NA,0,0,0,0
398,DEC_C_1980_0130_J_19810219,ECLI:EU:C:1981:49:19810219,ECLI:EU:C:1981:49,61980CJ0130,1,NA,0,0,NA,1,NA,NA,1,0,0,0,0,0,0,0,0,1,NA,-1,NA,0,0,1,0
399,DEC_C_1980_0132_J_19810407,ECLI:EU:C:1981:87:19810407,ECLI:EU:C:1981:87,61980CJ0132,1,NA,0,1,NA,0,NA,NA,1,0,0,0,1,0,0,0,0,1,NA,-1,NA,0,0,1,0
400,DEC_C_1980_0136_J_19810917,ECLI:EU:C:1981:209:19810917,ECLI:EU:C:1981:209,61980CJ0136,1,NA,0,1,NA,0,NA,NA,0,0,0,0,0,0,0,0,0,-1,NA,-1,NA,0,0,0,0
401,DEC_C_1980_0142_J_19810527,ECLI:EU:C:1981:121:19810527,ECLI:EU:C:1981:121,61980CJ0142,1,NA,0,1,NA,0,NA,NA,0,1,0,0,0,0,0,0,1,1,NA,-1,NA,0,0,1,0
402,DEC_C_1980_0155_J_19810714,ECLI:EU:C:1981:177:19810714,ECLI:EU:C:1981:177,61980CJ0155,1,NA,0,0,NA,1,NA,NA,0,1,0,1,0,0,0,0,0,0,NA,-1,NA,0,0,0,0
403,DEC_C_1980_0158_J_19810707,ECLI:EU:C:1981:163:19810707,ECLI:EU:C:1981:163,61980CJ0158,1,NA,0,1,NA,0,NA,NA,0,0,0,0,0,0,0,0,0,-1,NA,-1,NA,1,0,0,0
404,DEC_C_1980_0159_J_19810716,ECLI:EU:C:1981:187:19810716,ECLI:EU:C:1981:187,61980CJ0159,1,NA,0,1,NA,0,NA,NA,1,0,0,0,0,0,0,0,0,-1,NA,-1,NA,0,0,0,0
405,DEC_C_1980_0160_J_19810702,ECLI:EU:C:1981:160:19810702,ECLI:EU:C:1981:160,61980CJ0160,1,NA,0,1,NA,0,NA,NA,0,0,0,0,0,0,0,0,0,-1,NA,-1,NA,0,0,0,0
406,DEC_C_1980_0169_J_19810709,ECLI:EU:C:1981:171:19810709,ECLI:EU:C:1981:171,61980CJ0169,1,NA,0,1,NA,0,NA,NA,0,0,0,0,0,0,0,0,0,-1,NA,-1,NA,0,0,0,0
407,DEC_C_1980_0170_J_19810708,ECLI:EU:C:1981:166:19810708,ECLI:EU:C:1981:166,61980CJ0170,1,NA,0,1,NA,0,NA,NA,0,0,0,0,0,0,0,0,0,-1,NA,-1,NA,0,0,0,0
408,DEC_C_1980_0187_J_19810714,ECLI:EU:C:1981:180:19810714,ECLI:EU:C:1981:180,61980CJ0187,1,NA,0,1,NA,0,NA,NA,0,0,0,0,0,0,0,0,0,-1,NA,-1,NA,0,0,1,0
409,DEC_C_1980_0193_J_19811209,ECLI:EU:C:1981:298:19811209,ECLI:EU:C:1981:298,61980CJ0193,1,NA,0,0,NA,0,NA,NA,1,0,1,0,0,0,0,1,1,1,NA,0,NA,0,0,1,0
410,DEC_C_1980_0196_J_19811001,ECLI:EU:C:1981:216:19811001,ECLI:EU:C:1981:216,61980CJ0196,1,NA,0,1,NA,0,NA,NA,0,0,0,0,0,0,0,0,0,1,NA,-1,NA,0,0,0,1
411,DEC_C_1980_0205_J_19810714,ECLI:EU:C:1981:181:19810714,ECLI:EU:C:1981:181,61980CJ0205,1,NA,0,1,NA,0,NA,NA,0,0,0,0,0,0,0,0,0,-1,NA,-1,NA,0,0,0,0
412,DEC_C_1980_0206_J_19820609,ECLI:EU:C:1982:214:19820609,ECLI:EU:C:1982:214,61980CJ0206,1,NA,0,1,NA,0,NA,NA,0,0,0,0,0,0,0,0,0,1,NA,-1,NA,0,0,1,0
413,DEC_C_1980_0212_J_19811112,ECLI:EU:C:1981:270:19811112,ECLI:EU:C:1981:270,61980CJ0212,1,NA,0,1,NA,0,NA,NA,0,0,0,0,0,0,0,0,0,1,NA,-1,NA,0,0,1,0
414,DEC_C_1980_0246_J_19811006,ECLI:EU:C:1981:218:19811006,ECLI:EU:C:1981:218,61980CJ0246,0,NA,0,0,NA,1,NA,NA,0,0,0,0,0,0,0,0,1,1,NA,-1,NA,0,0,0,1
415,DEC_C_1980_0248_J_19820203,ECLI:EU:C:1982:33:19820203,ECLI:EU:C:1982:33,61980CJ0248,1,NA,0,1,NA,0,NA,NA,0,0,0,0,0,0,0,0,0,-1,NA,-1,NA,0,0,0,0
416,DEC_C_1980_0270_J_19820209,ECLI:EU:C:1982:43:19820209,ECLI:EU:C:1982:43,61980CJ0270,1,NA,0,1,NA,0,NA,NA,0,0,0,1,0,0,0,0,0,0,NA,-1,NA,0,0,0,0
417,DEC_C_1980_0272_J_19811217,ECLI:EU:C:1981:312:19811217,ECLI:EU:C:1981:312,61980CJ0272,1,NA,0,1,NA,0,NA,NA,1,0,0,1,1,0,0,1,0,0,NA,1,NA,0,0,0,0
418,DEC_C_1980_0277_J_19820218,ECLI:EU:C:1982:64:19820218,ECLI:EU:C:1982:64,61980CJ0277,1,NA,0,1,NA,0,NA,NA,0,0,0,0,0,0,0,0,0,-1,NA,-1,NA,0,0,0,0
419,DEC_C_1980_0278_J_19820211,ECLI:EU:C:1982:51:19820211,ECLI:EU:C:1982:51,61980CJ0278,1,NA,0,1,NA,0,NA,NA,0,0,0,0,0,0,0,0,0,-1,NA,-1,NA,0,0,0,0
420,DEC_C_1980_0279_J_19811217,ECLI:EU:C:1981:314:19811217,ECLI:EU:C:1981:314,61980CJ0279,0,NA,0,0,NA,1,NA,NA,0,1,0,0,1,1,2,0,1,0,NA,-1,NA,0,0,1,0
421,DEC_C_1981_0001_J_19811203,ECLI:EU:C:1981:291:19811203,ECLI:EU:C:1981:291,61981CJ0001,1,NA,0,1,NA,0,NA,NA,0,0,0,0,0,0,0,1,0,1,NA,-1,NA,0,0,0,0
422,DEC_C_1981_0006_J_19820302,ECLI:EU:C:1982:72:19820302,ECLI:EU:C:1982:72,61981CJ0006,1,NA,0,1,NA,0,NA,NA,1,0,0,1,0,0,0,1,0,0,NA,1,NA,0,0,0,0
423,DEC_C_1981_0007_J_19820202,ECLI:EU:C:1982:24:19820202,ECLI:EU:C:1982:24,61981CJ0007,0,1,1,NA,1,1,0,0,NA,NA,NA,0,0,0,0,0,NA,1,1,-1,-1,NA,NA,NA,NA
424,DEC_C_1981_0017_J_19820429,ECLI:EU:C:1982:129:19820429,ECLI:EU:C:1982:129,61981CJ0017,1,NA,0,1,NA,0,NA,NA,0,1,0,0,0,0,1,0,1,1,NA,-1,NA,0,0,1,0
425,DEC_C_1981_0022_J_19811217,ECLI:EU:C:1981:316:19811217,ECLI:EU:C:1981:316,61981CJ0022,0,0,1,NA,0,1,0,0,NA,NA,NA,0,0,0,0,0,NA,1,1,-1,-1,NA,NA,NA,NA
426,DEC_C_1981_0049_J_19820527,ECLI:EU:C:1982:203:19820527,ECLI:EU:C:1982:203,61981CJ0049,1,NA,0,1,NA,0,NA,NA,0,0,0,0,0,0,0,0,0,-1,NA,-1,NA,0,0,0,0
427,DEC_C_1981_0050_J_19820527,ECLI:EU:C:1982:204:19820527,ECLI:EU:C:1982:204,61981CJ0050,1,NA,0,1,NA,0,NA,NA,0,0,0,0,0,0,0,0,0,-1,NA,-1,NA,0,0,0,0
428,DEC_C_1981_0053_J_19820323,ECLI:EU:C:1982:105:19820323,ECLI:EU:C:1982:105,61981CJ0053,0,1,1,NA,1,1,1,0,NA,NA,NA,0,0,0,0,0,NA,-1,1,-1,-1,NA,NA,NA,NA
429,DEC_C_1981_0055_J_19820218,ECLI:EU:C:1982:68:19820218,ECLI:EU:C:1982:68,61981CJ0055,0,0,1,NA,0,1,0,0,NA,NA,NA,1,0,0,0,0,NA,1,1,-1,-1,NA,NA,NA,NA
430,DEC_C_1981_0062_J_19820203,ECLI:EU:C:1982:34:19820203,ECLI:EU:C:1982:34,61981CJ0062,0,NA,0,1,NA,0,NA,NA,0,1,0,0,0,0,0,0,1,1,NA,-1,NA,0,0,1,0
431,DEC_C_1981_0064_J_19820114,ECLI:EU:C:1982:5:19820114,ECLI:EU:C:1982:5,61981CJ0064,1,NA,0,1,NA,0,NA,NA,0,0,0,0,0,0,0,0,0,-1,NA,-1,NA,0,0,0,0
432,DEC_C_1981_0065_J_19820114,ECLI:EU:C:1982:6:19820114,ECLI:EU:C:1982:6,61981CJ0065,0,1,1,NA,1,1,-1,0,NA,NA,NA,0,0,0,0,0,NA,1,1,-1,-1,NA,NA,NA,NA
433,DEC_C_1981_0075_J_19820331,ECLI:EU:C:1982:117:19820331,ECLI:EU:C:1982:117,61981CJ0075,1,NA,0,0,NA,1,NA,NA,0,0,0,1,0,0,0,0,0,0,NA,-1,NA,0,0,0,0
434,DEC_C_1981_0079_J_19820323,ECLI:EU:C:1982:106:19820323,ECLI:EU:C:1982:106,61981CJ0079,0,1,1,NA,1,1,1,0,NA,NA,NA,1,0,0,0,0,NA,1,1,-1,-1,NA,NA,NA,NA
435,DEC_C_1981_0092_J_19820610,ECLI:EU:C:1982:219:19820610,ECLI:EU:C:1982:219,61981CJ0092,0,0,1,NA,0,1,1,0,NA,NA,NA,1,0,0,0,0,NA,-1,1,-1,-1,NA,NA,NA,NA
436,DEC_C_1981_0093_J_19820311,ECLI:EU:C:1982:89:19820311,ECLI:EU:C:1982:89,61981CJ0093,0,1,1,NA,1,1,0,0,NA,NA,NA,0,0,0,0,0,NA,1,1,-1,-1,NA,NA,NA,NA
437,DEC_C_1981_0095_J_19820609,ECLI:EU:C:1982:216:19820609,ECLI:EU:C:1982:216,61981CJ0095,1,NA,0,0,NA,0,NA,NA,0,0,0,0,0,0,0,0,0,1,NA,-1,NA,0,0,1,0
438,DEC_C_1981_0106_J_19820915,ECLI:EU:C:1982:291:19820915,ECLI:EU:C:1982:291,61981CJ0106,1,NA,0,1,NA,0,NA,NA,0,0,0,0,0,0,0,-1,0,0,NA,-1,NA,0,0,0,0
439,DEC_C_1981_0113_J_19820527,ECLI:EU:C:1982:206:19820527,ECLI:EU:C:1982:206,61981CJ0113,1,NA,0,1,NA,0,NA,NA,1,0,0,1,0,0,0,0,0,0,NA,-1,NA,0,0,0,0
440,DEC_C_1981_0115_J_19820518,ECLI:EU:C:1982:183:19820518,ECLI:EU:C:1982:183,61981CJ0115,0,1,1,NA,1,1,1,0,NA,NA,NA,1,0,0,0,0,NA,1,1,-1,-1,NA,NA,NA,NA
441,DEC_C_1981_0124_J_19830208,ECLI:EU:C:1983:30:19830208,ECLI:EU:C:1983:30,61981CJ0124,1,NA,0,0,NA,0,NA,NA,1,1,0,0,0,0,0,1,1,1,NA,0,NA,0,0,1,0
442,DEC_C_1981_0129_J_19820311,ECLI:EU:C:1982:91:19820311,ECLI:EU:C:1982:91,61981CJ0129,1,NA,0,1,NA,0,NA,NA,0,0,0,0,0,0,0,0,0,-1,NA,-1,NA,0,0,0,0
443,DEC_C_1981_0132_J_19820916,ECLI:EU:C:1982:294:19820916,ECLI:EU:C:1982:294,61981CJ0132,0,0,1,NA,0,1,1,1,NA,NA,NA,0,0,0,0,0,NA,-1,-1,-1,-1,NA,NA,NA,NA
444,DEC_C_1981_0136_J_19821012,ECLI:EU:C:1982:347:19821012,ECLI:EU:C:1982:347,61981CJ0136,0,NA,0,0,NA,0,NA,NA,0,0,0,0,0,0,0,0,0,1,NA,-1,NA,0,0,0,1
445,DEC_C_1981_0141_J_19820401,ECLI:EU:C:1982:122:19820401,ECLI:EU:C:1982:122,61981CJ0141,1,NA,0,0,NA,1,NA,NA,1,0,0,1,0,0,0,0,0,0,NA,-1,NA,0,0,0,0
446,DEC_C_1981_0144_J_19820914,ECLI:EU:C:1982:289:19820914,ECLI:EU:C:1982:289,61981CJ0144,1,NA,0,1,NA,0,NA,NA,1,0,0,0,1,0,0,0,0,0,NA,-1,NA,0,0,0,0
447,DEC_C_1981_0145_J_19820701,ECLI:EU:C:1982:254:19820701,ECLI:EU:C:1982:254,61981CJ0145,1,NA,0,1,NA,0,NA,NA,0,0,0,0,0,0,0,0,0,-1,NA,-1,NA,0,0,0,0
448,DEC_C_1981_0148_J_19821012,ECLI:EU:C:1982:348:19821012,ECLI:EU:C:1982:348,61981CJ0148,0,NA,0,0,NA,0,NA,NA,0,0,0,0,0,0,0,0,0,1,NA,-1,NA,0,0,1,0
449,DEC_C_1981_0151_J_19821012,ECLI:EU:C:1982:350:19821012,ECLI:EU:C:1982:350,61981CJ0151,0,NA,0,0,NA,0,NA,NA,0,0,0,0,0,0,0,0,0,-1,NA,-1,NA,0,0,0,0
450,DEC_C_1981_0208_J_19820701,ECLI:EU:C:1982:255:19820701,ECLI:EU:C:1982:255,61981CJ0208,1,NA,0,1,NA,0,NA,NA,0,0,0,0,0,0,0,0,0,-1,NA,-1,NA,0,0,0,0
451,DEC_C_1981_0213_J_19821013,ECLI:EU:C:1982:351:19821013,ECLI:EU:C:1982:351,61981CJ0213,1,NA,0,1,NA,0,NA,NA,0,0,0,1,0,0,0,0,0,-1,NA,-1,NA,0,0,0,0
452,DEC_C_1981_0220_J_19820622,ECLI:EU:C:1982:239:19820622,ECLI:EU:C:1982:239,61981CJ0220,1,NA,0,1,NA,0,NA,NA,0,1,0,1,1,1,0,1,0,0,NA,1,NA,0,0,0,0
453,DEC_C_1981_0221_J_19821026,ECLI:EU:C:1982:363:19821026,ECLI:EU:C:1982:363,61981CJ0221,1,NA,0,0,NA,1,NA,NA,0,0,0,0,0,0,0,0,0,1,NA,-1,NA,0,0,0,1
454,DEC_C_1981_0227_J_19820527,ECLI:EU:C:1982:209:19820527,ECLI:EU:C:1982:209,61981CJ0227,0,1,1,NA,1,1,0,0,NA,NA,NA,0,0,0,0,0,NA,0,0,-1,-1,NA,NA,NA,NA
455,DEC_C_1981_0231_J_19820610,ECLI:EU:C:1982:223:19820610,ECLI:EU:C:1982:223,61981CJ0231,1,NA,0,1,NA,0,NA,NA,0,0,0,0,0,0,0,0,0,1,NA,-1,NA,0,0,0,1
456,DEC_C_1981_0234_J_19821007,ECLI:EU:C:1982:343:19821007,ECLI:EU:C:1982:343,61981CJ0234,1,NA,0,1,NA,0,NA,NA,0,0,0,0,0,0,0,0,0,-1,NA,-1,NA,0,0,0,0
457,DEC_C_1981_0237_J_19820923,ECLI:EU:C:1982:311:19820923,ECLI:EU:C:1982:311,61981CJ0237,1,NA,0,1,NA,0,NA,NA,0,0,0,0,0,0,0,0,0,-1,NA,-1,NA,0,0,0,0
458,DEC_C_1981_0238_J_19830505,ECLI:EU:C:1983:124:19830505,ECLI:EU:C:1983:124,61981CJ0238,0,0,1,NA,0,1,1,1,NA,NA,NA,0,0,0,0,0,NA,1,1,-1,1,NA,NA,NA,NA
459,DEC_C_1981_0240_J_19821026,ECLI:EU:C:1982:364:19821026,ECLI:EU:C:1982:364,61981CJ0240,1,NA,0,0,NA,1,NA,NA,0,0,0,0,0,0,0,0,0,1,NA,-1,NA,0,0,1,1
460,DEC_C_1981_0247_J_19840228,ECLI:EU:C:1984:79:19840228,ECLI:EU:C:1984:79,61981CJ0247,1,NA,0,0,NA,0,NA,NA,1,1,0,0,0,0,0,1,1,1,NA,0,NA,0,0,1,0
461,DEC_C_1981_0249_J_19821124,ECLI:EU:C:1982:402:19821124,ECLI:EU:C:1982:402,61981CJ0249,1,NA,0,0,NA,0,NA,NA,0,1,0,0,0,0,0,0,1,1,NA,-1,NA,0,0,1,0
462,DEC_C_1981_0261_J_19821110,ECLI:EU:C:1982:382:19821110,ECLI:EU:C:1982:382,61981CJ0261,1,NA,0,1,NA,0,NA,NA,1,0,0,0,0,0,0,1,0,1,NA,0,NA,0,0,1,0
463,DEC_C_1981_0266_J_19830316,ECLI:EU:C:1983:77:19830316,ECLI:EU:C:1983:77,61981CJ0266,1,NA,0,1,NA,0,NA,NA,0,0,0,0,1,0,0,0,0,-1,NA,-1,NA,0,0,0,0
464,DEC_C_1981_0267_J_19830316,ECLI:EU:C:1983:78:19830316,ECLI:EU:C:1983:78,61981CJ0267,1,NA,0,1,NA,0,NA,NA,0,0,0,0,0,0,0,0,0,0,NA,-1,NA,0,0,0,0
465,DEC_C_1981_0271_J_19830628,ECLI:EU:C:1983:175:19830628,ECLI:EU:C:1983:175,61981CJ0271,1,NA,0,1,NA,0,NA,NA,0,0,0,0,0,0,0,0,0,0,NA,-1,NA,0,0,0,0
466,DEC_C_1981_0274_J_19820923,ECLI:EU:C:1982:315:19820923,ECLI:EU:C:1982:315,61981CJ0274,0,1,1,NA,1,1,0,0,NA,NA,NA,1,0,0,0,0,NA,1,1,-1,-1,NA,NA,NA,NA
467,DEC_C_1981_0275_J_19820923,ECLI:EU:C:1982:316:19820923,ECLI:EU:C:1982:316,61981CJ0275,0,1,1,NA,1,1,0,0,NA,NA,NA,0,0,0,0,0,NA,0,0,-1,-1,NA,NA,NA,NA
468,DEC_C_1981_0276_J_19820923,ECLI:EU:C:1982:317:19820923,ECLI:EU:C:1982:317,61981CJ0276,0,0,1,NA,0,1,-1,1,NA,NA,NA,1,0,0,0,0,NA,1,1,-1,1,NA,NA,NA,NA
469,DEC_C_1981_0286_J_19821215,ECLI:EU:C:1982:438:19821215,ECLI:EU:C:1982:438,61981CJ0286,1,NA,0,1,NA,0,NA,NA,0,1,0,0,0,0,0,1,0,0,NA,1,NA,0,0,0,0
470,DEC_C_1981_0294_J_19830317,ECLI:EU:C:1983:84:19830317,ECLI:EU:C:1983:84,61981CJ0294,1,NA,0,1,NA,0,NA,NA,0,0,0,0,0,0,0,-1,0,-1,NA,-1,NA,1,0,0,0
471,DEC_C_1981_0295_J_19820930,ECLI:EU:C:1982:326:19820930,ECLI:EU:C:1982:326,61981CJ0295,1,NA,0,1,NA,0,NA,NA,0,0,0,0,0,0,0,0,0,-1,NA,-1,NA,0,0,0,0
472,DEC_C_1981_0300_J_19830301,ECLI:EU:C:1983:50:19830301,ECLI:EU:C:1983:50,61981CJ0300,0,NA,0,0,NA,0,NA,NA,0,0,0,1,0,0,0,0,0,-1,NA,-1,NA,0,0,0,0
473,DEC_C_1981_0302_J_19821006,ECLI:EU:C:1982:336:19821006,ECLI:EU:C:1982:336,61981CJ0302,1,NA,0,1,NA,0,NA,NA,0,0,0,0,0,0,0,0,0,0,NA,-1,NA,0,0,0,0
474,DEC_C_1981_0314_J_19821214,ECLI:EU:C:1982:430:19821214,ECLI:EU:C:1982:430,61981CJ0314,1,NA,0,0,NA,1,NA,NA,0,1,0,0,0,0,0,0,1,1,NA,-1,NA,0,0,1,0
475,DEC_C_1981_0317_J_19820930,ECLI:EU:C:1982:327:19820930,ECLI:EU:C:1982:327,61981CJ0317,1,NA,0,1,NA,0,NA,NA,0,0,0,0,0,0,0,0,0,-1,NA,-1,NA,0,0,0,0
476,DEC_C_1982_0002_J_19831006,ECLI:EU:C:1983:268:19831006,ECLI:EU:C:1983:268,61982CJ0002,1,NA,0,1,NA,0,NA,NA,0,0,0,0,0,0,0,0,0,-1,NA,-1,NA,0,0,0,0
477,DEC_C_1982_0029_J_19830203,ECLI:EU:C:1983:25:19830203,ECLI:EU:C:1983:25,61982CJ0029,1,NA,0,1,NA,0,NA,NA,0,0,0,0,1,0,0,0,0,1,NA,-1,NA,0,0,1,1
478,DEC_C_1982_0035_J_19821027,ECLI:EU:C:1982:368:19821027,ECLI:EU:C:1982:368,61982CJ0035,0,0,1,NA,0,1,1,0,NA,NA,NA,0,0,0,0,0,NA,0,0,-1,0,NA,NA,NA,NA
479,DEC_C_1982_0037_J_19821006,ECLI:EU:C:1982:340:19821006,ECLI:EU:C:1982:340,61982CJ0037,1,NA,0,1,NA,0,NA,NA,0,0,0,0,0,0,0,0,0,-1,NA,-1,NA,0,0,0,0
480,DEC_C_1982_0039_J_19830112,ECLI:EU:C:1983:3:19830112,ECLI:EU:C:1983:3,61982CJ0039,1,NA,0,0,NA,1,NA,NA,0,0,0,0,1,0,0,0,0,1,NA,-1,NA,0,0,1,0
481,DEC_C_1982_0040_J_19820715,ECLI:EU:C:1982:285:19820715,ECLI:EU:C:1982:285,61982CJ0040,1,NA,0,0,NA,0,NA,NA,0,0,1,0,0,0,0,1,1,1,NA,0,NA,0,0,1,0
482,DEC_C_1982_0040_J_19840131,ECLI:EU:C:1984:33:19840131,ECLI:EU:C:1984:33,61982CJ0040(01),1,NA,0,0,NA,0,NA,NA,0,0,0,0,0,0,0,1,0,1,NA,0,NA,0,0,1,0
483,DEC_C_1982_0042_J_19830322,ECLI:EU:C:1983:88:19830322,ECLI:EU:C:1983:88,61982CJ0042,1,NA,0,0,NA,0,NA,NA,0,0,0,0,0,0,0,1,0,1,NA,0,NA,0,0,1,1
484,DEC_C_1982_0047_J_19821111,ECLI:EU:C:1982:387:19821111,ECLI:EU:C:1982:387,61982CJ0047,1,NA,0,1,NA,0,NA,NA,0,0,0,0,0,0,0,0,0,-1,NA,-1,NA,0,0,0,0
485,DEC_C_1982_0049_J_19830420,ECLI:EU:C:1983:100:19830420,ECLI:EU:C:1983:100,61982CJ0049,1,NA,0,0,NA,0,NA,NA,0,0,0,0,0,0,0,0,0,1,NA,-1,NA,0,0,0,1
486,DEC_C_1982_0059_J_19830420,ECLI:EU:C:1983:101:19830420,ECLI:EU:C:1983:101,61982CJ0059,1,NA,0,1,NA,0,NA,NA,0,1,0,0,0,0,0,0,1,1,NA,-1,NA,0,0,1,0
487,DEC_C_1982_0074_J_19840131,ECLI:EU:C:1984:34:19840131,ECLI:EU:C:1984:34,61982CJ0074,1,NA,0,0,NA,0,NA,NA,0,0,0,0,0,0,0,0,0,1,NA,0,NA,0,0,1,0
488,DEC_C_1982_0076_J_19821209,ECLI:EU:C:1982:424:19821209,ECLI:EU:C:1982:424,61982CJ0076,0,1,1,NA,1,1,0,0,NA,NA,NA,1,0,1,0,0,NA,1,1,-1,-1,NA,NA,NA,NA
489,DEC_C_1982_0077_J_19830323,ECLI:EU:C:1983:92:19830323,ECLI:EU:C:1983:92,61982CJ0077,0,0,1,NA,0,1,1,1,NA,NA,NA,0,0,0,0,0,NA,1,1,-1,-1,NA,NA,NA,NA
490,DEC_C_1982_0078_J_19830607,ECLI:EU:C:1983:159:19830607,ECLI:EU:C:1983:159,61982CJ0078,1,NA,0,0,NA,0,NA,NA,0,0,0,1,0,0,0,0,0,0,NA,-1,NA,0,0,0,0
491,DEC_C_1982_0082_J_19821209,ECLI:EU:C:1982:425:19821209,ECLI:EU:C:1982:425,61982CJ0082,1,NA,0,1,NA,0,NA,NA,0,0,0,0,0,0,0,0,0,1,NA,-1,NA,0,0,1,0
492,DEC_C_1982_0090_J_19830621,ECLI:EU:C:1983:169:19830621,ECLI:EU:C:1983:169,61982CJ0090,1,NA,0,0,NA,0,NA,NA,0,0,1,0,0,0,0,1,1,1,NA,0,NA,0,0,1,1
493,DEC_C_1982_0094_J_19830317,ECLI:EU:C:1983:85:19830317,ECLI:EU:C:1983:85,61982CJ0094,1,NA,0,1,NA,0,NA,NA,0,0,0,0,0,0,0,0,0,1,NA,-1,NA,0,0,1,0
494,DEC_C_1982_0130_J_19830210,ECLI:EU:C:1983:34:19830210,ECLI:EU:C:1983:34,61982CJ0130,1,NA,0,1,NA,0,NA,NA,0,0,0,0,0,0,0,0,0,-1,NA,-1,NA,0,0,0,0
495,DEC_C_1982_0132_J_19830517,ECLI:EU:C:1983:135:19830517,ECLI:EU:C:1983:135,61982CJ0132,1,NA,0,0,NA,0,NA,NA,0,0,0,0,0,0,0,0,0,1,NA,-1,NA,0,0,1,0
496,DEC_C_1982_0133_J_19830517,ECLI:EU:C:1983:136:19830517,ECLI:EU:C:1983:136,61982CJ0133,1,NA,0,0,NA,0,NA,NA,0,0,0,0,0,0,0,0,0,1,NA,-1,NA,0,0,1,0
497,DEC_C_1982_0139_J_19830505,ECLI:EU:C:1983:126:19830505,ECLI:EU:C:1983:126,61982CJ0139,0,0,1,NA,0,1,1,0,NA,NA,NA,0,0,0,0,0,NA,-1,1,-1,-1,NA,NA,NA,NA
498,DEC_C_1982_0149_J_19830203,ECLI:EU:C:1983:26:19830203,ECLI:EU:C:1983:26,61982CJ0149,0,1,1,NA,1,1,1,0,NA,NA,NA,0,0,0,0,0,NA,1,1,-1,-1,NA,NA,NA,NA
499,DEC_C_1982_0150_J_19830112,ECLI:EU:C:1983:4:19830112,ECLI:EU:C:1983:4,61982CJ0150,0,1,1,NA,1,1,0,0,NA,NA,NA,0,0,0,0,0,NA,0,0,-1,-1,NA,NA,NA,NA
500,DEC_C_1982_0152_J_19830713,ECLI:EU:C:1983:205:19830713,ECLI:EU:C:1983:205,61982CJ0152,0,0,1,NA,0,1,-1,1,NA,NA,NA,0,0,0,0,0,NA,1,1,-1,1,NA,NA,NA,NA
501,DEC_C_1982_0155_J_19830302,ECLI:EU:C:1983:53:19830302,ECLI:EU:C:1983:53,61982CJ0155,1,NA,0,0,NA,0,NA,NA,1,0,0,0,0,0,0,0,0,1,NA,-1,NA,0,0,1,0
502,DEC_C_1982_0158_J_19831109,ECLI:EU:C:1983:317:19831109,ECLI:EU:C:1983:317,61982CJ0158,1,NA,0,0,NA,0,NA,NA,0,0,0,0,0,0,0,0,0,1,NA,-1,NA,0,0,1,0
503,DEC_C_1982_0160_J_19821215,ECLI:EU:C:1982:443:19821215,ECLI:EU:C:1982:443,61982CJ0160,0,NA,0,0,NA,0,NA,NA,0,0,0,0,0,0,0,0,0,1,NA,-1,NA,0,0,1,0
504,DEC_C_1982_0161_J_19830628,ECLI:EU:C:1983:176:19830628,ECLI:EU:C:1983:176,61982CJ0161,1,NA,0,0,NA,0,NA,NA,0,0,0,0,0,0,0,0,0,0,NA,-1,NA,0,0,0,0
505,DEC_C_1982_0162_J_19830323,ECLI:EU:C:1983:93:19830323,ECLI:EU:C:1983:93,61982CJ0162,1,NA,0,0,NA,1,NA,NA,0,0,0,0,0,0,0,-1,0,-1,NA,-1,NA,1,1,0,0
506,DEC_C_1982_0171_J_19830705,ECLI:EU:C:1983:189:19830705,ECLI:EU:C:1983:189,61982CJ0171,0,0,1,NA,0,1,0,0,NA,NA,NA,0,0,0,0,0,NA,0,0,-1,-1,NA,NA,NA,NA
507,DEC_C_1982_0172_J_19830310,ECLI:EU:C:1983:69:19830310,ECLI:EU:C:1983:69,61982CJ0172,1,NA,0,1,NA,0,NA,NA,0,0,0,0,0,0,0,0,0,1,NA,0,NA,0,0,1,0
508,DEC_C_1982_0174_J_19830714,ECLI:EU:C:1983:213:19830714,ECLI:EU:C:1983:213,61982CJ0174,1,NA,0,1,NA,0,NA,NA,0,0,0,0,0,0,0,1,0,1,NA,1,NA,0,0,1,0
509,DEC_C_1982_0175_J_19830317,ECLI:EU:C:1983:86:19830317,ECLI:EU:C:1983:86,61982CJ0175,1,NA,0,1,NA,0,NA,NA,0,0,0,0,0,0,0,0,0,-1,NA,-1,NA,0,0,0,0
510,DEC_C_1982_0177_J_19840405,ECLI:EU:C:1984:144:19840405,ECLI:EU:C:1984:144,61982CJ0177,1,NA,0,0,NA,1,NA,NA,0,1,0,0,1,1,0,0,0,-1,NA,-1,NA,0,0,0,0
511,DEC_C_1982_0181_J_19831129,ECLI:EU:C:1983:352:19831129,ECLI:EU:C:1983:352,61982CJ0181,1,NA,0,1,NA,0,NA,NA,0,0,1,0,0,0,0,0,1,1,NA,-1,NA,0,0,1,0
512,DEC_C_1982_0186_J_19831005,ECLI:EU:C:1983:262:19831005,ECLI:EU:C:1983:262,61982CJ0186,1,NA,0,1,NA,0,NA,NA,0,0,0,0,0,0,0,0,0,-1,NA,-1,NA,0,0,0,0
513,DEC_C_1982_0192_J_19830519,ECLI:EU:C:1983:147:19830519,ECLI:EU:C:1983:147,61982CJ0192,1,NA,0,1,NA,0,NA,NA,0,0,0,0,0,0,0,0,0,-1,NA,-1,NA,0,0,0,0
514,DEC_C_1982_0199_J_19831109,ECLI:EU:C:1983:318:19831109,ECLI:EU:C:1983:318,61982CJ0199,1,NA,0,1,NA,0,NA,NA,0,0,0,0,0,0,0,0,0,1,NA,-1,NA,0,0,0,1
515,DEC_C_1982_0202_J_19840221,ECLI:EU:C:1984:67:19840221,ECLI:EU:C:1984:67,61982CJ0202,1,NA,0,0,NA,0,NA,NA,0,0,0,1,0,0,0,0,0,1,NA,-1,NA,0,0,0,0
516,DEC_C_1982_0216_J_19830927,ECLI:EU:C:1983:248:19830927,ECLI:EU:C:1983:248,61982CJ0216,1,NA,0,1,NA,0,NA,NA,0,0,0,0,0,0,0,0,0,0,NA,-1,NA,0,0,0,0
517,DEC_C_1982_0218_J_19831213,ECLI:EU:C:1983:369:19831213,ECLI:EU:C:1983:369,61982CJ0218,1,NA,0,0,NA,0,NA,NA,0,0,0,0,0,0,0,-1,0,-1,NA,-1,NA,0,0,0,0
518,DEC_C_1982_0222_J_19831213,ECLI:EU:C:1983:370:19831213,ECLI:EU:C:1983:370,61982CJ0222,1,NA,0,1,NA,0,NA,NA,0,0,0,1,1,1,2,0,0,0,NA,-1,NA,0,0,0,0
519,DEC_C_1982_0227_J_19831130,ECLI:EU:C:1983:354:19831130,ECLI:EU:C:1983:354,61982CJ0227,1,NA,0,0,NA,1,NA,NA,0,0,0,0,0,0,0,1,0,-1,NA,0,NA,0,0,0,0
520,DEC_C_1982_0232_J_19830310,ECLI:EU:C:1983:70:19830310,ECLI:EU:C:1983:70,61982CJ0232,0,1,1,NA,1,1,1,0,NA,NA,NA,0,0,0,0,0,NA,1,1,-1,-1,NA,NA,NA,NA
521,DEC_C_1982_0237_J_19840207,ECLI:EU:C:1984:44:19840207,ECLI:EU:C:1984:44,61982CJ0237,1,NA,0,1,NA,0,NA,NA,1,0,0,1,1,0,0,0,0,0,NA,-1,NA,0,0,0,0
522,DEC_C_1982_0238_J_19840207,ECLI:EU:C:1984:45:19840207,ECLI:EU:C:1984:45,61982CJ0238,1,NA,0,1,NA,0,NA,NA,0,1,0,0,0,0,0,0,0,0,NA,-1,NA,0,0,0,0
523,DEC_C_1982_0271_J_19830922,ECLI:EU:C:1983:243:19830922,ECLI:EU:C:1983:243,61982CJ0271,0,NA,0,0,NA,1,NA,NA,0,1,0,0,0,0,1,0,1,1,NA,-1,NA,0,0,1,1
524,DEC_C_1982_0273_J_19831011,ECLI:EU:C:1983:278:19831011,ECLI:EU:C:1983:278,61982CJ0273,0,NA,0,0,NA,0,NA,NA,0,0,0,0,0,0,0,0,0,1,NA,-1,NA,0,0,0,1
525,DEC_C_1982_0278_J_19840214,ECLI:EU:C:1984:59:19840214,ECLI:EU:C:1984:59,61982CJ0278,1,NA,0,1,NA,0,NA,NA,0,0,0,0,0,0,0,0,0,0,NA,-1,NA,0,0,0,0
526,DEC_C_1982_0279_J_19830915,ECLI:EU:C:1983:228:19830915,ECLI:EU:C:1983:228,61982CJ0279,0,1,1,NA,1,1,0,0,NA,NA,NA,0,0,0,0,0,NA,-1,1,-1,-1,NA,NA,NA,NA
527,DEC_C_1982_0283_J_19831215,ECLI:EU:C:1983:380:19831215,ECLI:EU:C:1983:380,61982CJ0283,1,NA,0,1,NA,0,NA,NA,0,0,0,0,0,0,0,0,0,1,NA,-1,NA,1,1,0,0
528,DEC_C_1982_0285_J_19840202,ECLI:EU:C:1984:42:19840202,ECLI:EU:C:1984:42,61982CJ0285,0,1,1,NA,1,1,0,0,NA,NA,NA,0,0,0,0,0,NA,1,1,-1,-1,NA,NA,NA,NA
529,DEC_C_1982_0286_J_19840131,ECLI:EU:C:1984:35:19840131,ECLI:EU:C:1984:35,61982CJ0286,0,NA,0,0,NA,1,NA,NA,0,0,1,0,1,0,0,0,1,1,NA,-1,NA,0,0,1,0
530,DEC_C_1982_0289_J_19831006,ECLI:EU:C:1983:272:19831006,ECLI:EU:C:1983:272,61982CJ0289,1,NA,0,1,NA,0,NA,NA,0,0,0,0,0,0,0,0,0,-1,NA,-1,NA,0,0,0,0
531,DEC_C_1982_0295_J_19840209,ECLI:EU:C:1984:48:19840209,ECLI:EU:C:1984:48,61982CJ0295,1,NA,0,1,NA,0,NA,NA,0,0,0,0,1,0,0,0,0,-1,NA,-1,NA,0,0,0,0
532,DEC_C_1982_0298_J_19840405,ECLI:EU:C:1984:145:19840405,ECLI:EU:C:1984:145,61982CJ0298,1,NA,0,1,NA,0,NA,NA,0,0,0,0,0,0,0,0,0,-1,NA,-1,NA,0,0,0,0
533,DEC_C_1982_0300_J_19831110,ECLI:EU:C:1983:324:19831110,ECLI:EU:C:1983:324,61982CJ0300,1,NA,0,1,NA,0,NA,NA,0,0,0,0,0,0,0,0,0,-1,NA,-1,NA,0,0,0,0
534,DEC_C_1982_0301_J_19840126,ECLI:EU:C:1984:30:19840126,ECLI:EU:C:1984:30,61982CJ0301,1,NA,0,1,NA,0,NA,NA,0,0,0,0,0,0,1,0,0,1,NA,-1,NA,0,0,0,1
535,DEC_C_1982_0314_J_19840320,ECLI:EU:C:1984:118:19840320,ECLI:EU:C:1984:118,61982CJ0314,1,NA,0,0,NA,0,NA,NA,1,1,0,0,0,0,0,0,1,1,NA,-1,NA,0,0,1,0
536,DEC_C_1982_0320_J_19831124,ECLI:EU:C:1983:346:19831124,ECLI:EU:C:1983:346,61982CJ0320,0,0,1,NA,0,1,0,1,NA,NA,NA,0,0,0,0,0,NA,1,1,-1,1,NA,NA,NA,NA
537,DEC_C_1982_0321_J_19831027,ECLI:EU:C:1983:305:19831027,ECLI:EU:C:1983:305,61982CJ0321,1,NA,0,1,NA,0,NA,NA,0,0,0,0,0,0,0,0,0,0,NA,-1,NA,0,0,0,0
538,DEC_C_1982_0325_J_19840214,ECLI:EU:C:1984:60:19840214,ECLI:EU:C:1984:60,61982CJ0325,1,NA,0,0,NA,0,NA,NA,0,0,0,0,0,0,0,0,0,1,NA,-1,NA,0,0,0,1
539,DEC_C_1982_0327_J_19840118,ECLI:EU:C:1984:11:19840118,ECLI:EU:C:1984:11,61982CJ0327,1,NA,0,1,NA,0,NA,NA,0,0,0,0,1,1,0,0,0,-1,NA,-1,NA,0,0,0,0
540,DEC_C_1982_0337_J_19840221,ECLI:EU:C:1984:69:19840221,ECLI:EU:C:1984:69,61982CJ0337,1,NA,0,1,NA,0,NA,NA,1,0,0,0,0,0,0,-1,0,-1,NA,-1,NA,0,0,0,0
541,DEC_C_1982_0344_J_19840209,ECLI:EU:C:1984:50:19840209,ECLI:EU:C:1984:50,61982CJ0344,0,NA,0,1,NA,0,NA,NA,0,0,0,0,0,0,0,0,0,-1,NA,-1,NA,0,0,0,0
542,DEC_C_1983_0001_J_19840131,ECLI:EU:C:1984:36:19840131,ECLI:EU:C:1984:36,61983CJ0001,1,NA,0,1,NA,0,NA,NA,0,0,0,0,1,0,0,0,0,0,NA,-1,NA,0,0,0,0
543,DEC_C_1983_0005_J_19831215,ECLI:EU:C:1983:382:19831215,ECLI:EU:C:1983:382,61983CJ0005,0,NA,0,0,NA,1,NA,NA,0,0,0,0,0,0,2,0,0,1,NA,-1,NA,0,0,1,1
544,DEC_C_1983_0007_J_19840209,ECLI:EU:C:1984:51:19840209,ECLI:EU:C:1984:51,61983CJ0007,1,NA,0,1,NA,0,NA,NA,0,0,0,0,0,0,0,0,0,1,NA,-1,NA,0,0,0,1
545,DEC_C_1983_0013_J_19850522,ECLI:EU:C:1985:220:19850522,ECLI:EU:C:1985:220,61983CJ0013,0,NA,0,0,NA,0,NA,NA,0,0,0,0,0,0,0,-1,0,-1,NA,-1,NA,0,0,0,0
546,DEC_C_1983_0015_J_19840517,ECLI:EU:C:1984:183:19840517,ECLI:EU:C:1984:183,61983CJ0015,1,NA,0,1,NA,0,NA,NA,0,0,0,0,0,0,0,-1,0,1,NA,-1,NA,0,0,0,0
547,DEC_C_1983_0016_J_19840313,ECLI:EU:C:1984:101:19840313,ECLI:EU:C:1984:101,61983CJ0016,1,NA,0,0,NA,1,NA,NA,0,1,0,0,0,0,0,0,1,1,NA,-1,NA,0,0,1,0
548,DEC_C_1983_0036_J_19840628,ECLI:EU:C:1984:232:19840628,ECLI:EU:C:1984:232,61983CJ0036,1,NA,0,1,NA,0,NA,NA,0,0,0,0,0,0,0,0,0,0,NA,-1,NA,0,0,0,0
549,DEC_C_1983_0037_J_19840229,ECLI:EU:C:1984:89:19840229,ECLI:EU:C:1984:89,61983CJ0037,1,NA,0,1,NA,0,NA,NA,0,0,0,0,0,0,0,-1,0,-1,NA,-1,NA,0,0,0,0
550,DEC_C_1983_0042_J_19840710,ECLI:EU:C:1984:254:19840710,ECLI:EU:C:1984:254,61983CJ0042,1,NA,0,1,NA,0,NA,NA,0,1,0,0,0,0,0,0,0,0,NA,-1,NA,0,0,0,0
551,DEC_C_1983_0045_J_19840126,ECLI:EU:C:1984:31:19840126,ECLI:EU:C:1984:31,61983CJ0045,1,NA,0,1,NA,0,NA,NA,0,0,0,0,0,0,0,0,0,-1,NA,-1,NA,0,0,0,0
552,DEC_C_1983_0046_J_19840216,ECLI:EU:C:1984:63:19840216,ECLI:EU:C:1984:63,61983CJ0046,1,NA,0,1,NA,0,NA,NA,0,0,0,0,0,0,0,0,0,-1,NA,-1,NA,0,0,0,0
553,DEC_C_1983_0050_J_19840327,ECLI:EU:C:1984:128:19840327,ECLI:EU:C:1984:128,61983CJ0050,1,NA,0,0,NA,0,NA,NA,0,0,0,0,0,0,0,1,0,1,NA,0,NA,0,0,1,0
554,DEC_C_1983_0051_J_19840711,ECLI:EU:C:1984:261:19840711,ECLI:EU:C:1984:261,61983CJ0051,1,NA,0,0,NA,0,NA,NA,0,0,0,0,0,0,0,0,0,1,NA,-1,NA,0,0,1,0
555,DEC_C_1983_0058_J_19840510,ECLI:EU:C:1984:173:19840510,ECLI:EU:C:1984:173,61983CJ0058,1,NA,0,0,NA,0,NA,NA,0,0,0,0,0,0,0,0,0,1,NA,-1,NA,0,0,1,0
556,DEC_C_1983_0060_J_19840209,ECLI:EU:C:1984:53:19840209,ECLI:EU:C:1984:53,61983CJ0060,1,NA,0,1,NA,0,NA,NA,0,0,0,0,0,0,0,0,0,-1,NA,-1,NA,0,0,0,0
557,DEC_C_1983_0072_J_19840710,ECLI:EU:C:1984:256:19840710,ECLI:EU:C:1984:256,61983CJ0072,1,NA,0,1,NA,0,NA,NA,0,0,0,0,1,0,0,1,0,-1,NA,-1,NA,0,0,1,0
558,DEC_C_1983_0077_J_19840229,ECLI:EU:C:1984:91:19840229,ECLI:EU:C:1984:91,61983CJ0077,1,NA,0,1,NA,0,NA,NA,0,0,0,0,0,0,0,0,0,-1,NA,-1,NA,0,0,0,0
559,DEC_C_1983_0092_J_19840322,ECLI:EU:C:1984:124:19840322,ECLI:EU:C:1984:124,61983CJ0092,1,NA,0,1,NA,0,NA,NA,0,0,0,0,0,0,0,0,0,-1,NA,-1,NA,0,0,0,0
560,DEC_C_1983_0093_J_19840223,ECLI:EU:C:1984:78:19840223,ECLI:EU:C:1984:78,61983CJ0093,1,NA,0,1,NA,0,NA,NA,0,0,0,0,0,0,0,0,0,-1,NA,-1,NA,0,0,0,0
561,DEC_C_1983_0094_J_19840919,ECLI:EU:C:1984:285:19840919,ECLI:EU:C:1984:285,61983CJ0094,1,NA,0,1,NA,0,NA,NA,1,0,0,1,0,0,0,0,0,1,NA,-1,NA,0,0,0,0
562,DEC_C_1983_0097_J_19840606,ECLI:EU:C:1984:212:19840606,ECLI:EU:C:1984:212,61983CJ0097,1,NA,0,1,NA,0,NA,NA,1,0,0,0,1,0,0,0,0,0,NA,-1,NA,0,0,1,0
563,DEC_C_1983_0098_J_19841113,ECLI:EU:C:1984:342:19841113,ECLI:EU:C:1984:342,61983CJ0098,1,NA,0,0,NA,1,NA,NA,0,0,0,0,0,0,0,0,0,-1,NA,-1,NA,0,0,0,0
564,DEC_C_1983_0099_J_19841127,ECLI:EU:C:1984:360:19841127,ECLI:EU:C:1984:360,61983CJ0099,1,NA,0,0,NA,1,NA,NA,0,0,0,0,1,0,0,0,0,0,NA,-1,NA,0,0,0,0
565,DEC_C_1983_0101_J_19840517,ECLI:EU:C:1984:187:19840517,ECLI:EU:C:1984:187,61983CJ0101,0,1,1,NA,1,1,0,0,NA,NA,NA,0,0,0,0,0,NA,-1,1,-1,-1,NA,NA,NA,NA
566,DEC_C_1983_0104_J_19840301,ECLI:EU:C:1984:100:19840301,ECLI:EU:C:1984:100,61983CJ0104,0,1,1,NA,1,1,0,0,NA,NA,NA,1,0,0,0,0,NA,1,1,-1,-1,NA,NA,NA,NA
567,DEC_C_1983_0105_J_19840516,ECLI:EU:C:1984:178:19840516,ECLI:EU:C:1984:178,61983CJ0105,1,NA,0,1,NA,0,NA,NA,0,0,0,1,0,0,0,0,0,0,NA,-1,NA,0,0,0,0
568,DEC_C_1983_0107_J_19840712,ECLI:EU:C:1984:270:19840712,ECLI:EU:C:1984:270,61983CJ0107,0,NA,0,0,NA,1,NA,NA,1,0,0,0,1,0,0,0,0,1,NA,-1,NA,0,0,1,0
569,DEC_C_1983_0128_J_19841011,ECLI:EU:C:1984:312:19841011,ECLI:EU:C:1984:312,61983CJ0128,0,1,1,NA,1,1,1,0,NA,NA,NA,1,0,0,0,0,NA,1,1,-1,1,NA,NA,NA,NA
570,DEC_C_1983_0133_J_19840711,ECLI:EU:C:1984:264:19840711,ECLI:EU:C:1984:264,61983CJ0133,0,1,1,NA,1,1,0,0,NA,NA,NA,1,0,0,0,0,NA,1,0,-1,-1,NA,NA,NA,NA
571,DEC_C_1983_0134_J_19841211,ECLI:EU:C:1984:384:19841211,ECLI:EU:C:1984:384,61983CJ0134,1,NA,0,0,NA,1,NA,NA,0,0,0,1,0,0,0,0,0,0,NA,-1,NA,0,0,0,0
572,DEC_C_1983_0152_J_19871006,ECLI:EU:C:1987:421:19871006,ECLI:EU:C:1987:421,61983CJ0152,0,NA,0,0,NA,1,NA,NA,0,0,0,0,0,0,0,0,0,-1,NA,-1,NA,0,0,0,0
573,DEC_C_1983_0173_J_19850207,ECLI:EU:C:1985:56:19850207,ECLI:EU:C:1985:56,61983CJ0173,1,NA,0,0,NA,0,NA,NA,0,0,0,0,0,0,0,0,0,1,NA,-1,NA,0,0,1,0
574,DEC_C_1983_0177_J_19841106,ECLI:EU:C:1984:334:19841106,ECLI:EU:C:1984:334,61983CJ0177,1,NA,0,1,NA,0,NA,NA,0,1,0,0,0,0,0,0,1,1,NA,-1,NA,0,0,1,0
575,DEC_C_1983_0180_J_19840628,ECLI:EU:C:1984:233:19840628,ECLI:EU:C:1984:233,61983CJ0180,0,1,1,NA,1,1,0,0,NA,NA,NA,0,0,0,0,0,NA,0,0,-1,-1,NA,NA,NA,NA
576,DEC_C_1983_0181_J_19841129,ECLI:EU:C:1984:370:19841129,ECLI:EU:C:1984:370,61983CJ0181,0,1,1,NA,1,1,0,0,NA,NA,NA,0,0,0,0,0,NA,-1,-1,-1,-1,NA,NA,NA,NA
577,DEC_C_1983_0182_J_19841106,ECLI:EU:C:1984:335:19841106,ECLI:EU:C:1984:335,61983CJ0182,0,NA,0,0,NA,1,NA,NA,0,1,0,0,0,0,0,0,0,0,NA,-1,NA,0,0,0,0
578,DEC_C_1983_0185_J_19841025,ECLI:EU:C:1984:331:19841025,ECLI:EU:C:1984:331,61983CJ0185,1,NA,0,1,NA,0,NA,NA,0,0,0,0,0,0,0,0,0,-1,NA,-1,NA,0,0,0,0
579,DEC_C_1983_0191_J_19841113,ECLI:EU:C:1984:343:19841113,ECLI:EU:C:1984:343,61983CJ0191,0,1,1,NA,1,1,0,0,NA,NA,NA,0,0,0,0,0,NA,1,1,-1,1,NA,NA,NA,NA
580,DEC_C_1983_0207_J_19850425,ECLI:EU:C:1985:161:19850425,ECLI:EU:C:1985:161,61983CJ0207,1,NA,0,0,NA,0,NA,NA,0,0,1,0,0,0,0,0,1,1,NA,-1,NA,0,0,1,0
581,DEC_C_1983_0218_J_19840712,ECLI:EU:C:1984:275:19840712,ECLI:EU:C:1984:275,61983CJ0218,1,NA,0,1,NA,0,NA,NA,0,0,0,0,0,0,0,0,0,1,NA,-1,NA,0,0,0,0
582,DEC_C_1983_0220_J_19861204,ECLI:EU:C:1986:461:19861204,ECLI:EU:C:1986:461,61983CJ0220,0,NA,0,0,NA,0,NA,NA,0,0,0,0,0,0,0,0,0,1,NA,-1,NA,0,0,1,0
583,DEC_C_1983_0221_J_19840918,ECLI:EU:C:1984:284:19840918,ECLI:EU:C:1984:284,61983CJ0221,0,NA,0,0,NA,0,NA,NA,0,0,0,0,0,0,0,0,0,1,NA,-1,NA,0,0,0,1
584,DEC_C_1983_0229_J_19850110,ECLI:EU:C:1985:1:19850110,ECLI:EU:C:1985:1,61983CJ0229,1,NA,0,1,NA,0,NA,NA,0,1,0,0,0,0,0,0,1,1,NA,-1,NA,0,0,1,0
585,DEC_C_1983_0231_J_19850129,ECLI:EU:C:1985:29:19850129,ECLI:EU:C:1985:29,61983CJ0231,1,NA,0,0,NA,1,NA,NA,0,1,0,0,0,0,0,1,1,1,NA,0,NA,0,0,1,0
586,DEC_C_1983_0234_J_19850129,ECLI:EU:C:1985:30:19850129,ECLI:EU:C:1985:30,61983CJ0234,1,NA,0,1,NA,0,NA,NA,0,0,0,0,0,0,0,0,0,-1,NA,-1,NA,0,0,0,0
587,DEC_C_1983_0236_J_19841115,ECLI:EU:C:1984:350:19841115,ECLI:EU:C:1984:350,61983CJ0236,1,NA,0,1,NA,0,NA,NA,0,0,0,0,1,0,0,0,0,-1,NA,-1,NA,0,0,0,0
588,DEC_C_1983_0237_J_19840712,ECLI:EU:C:1984:277:19840712,ECLI:EU:C:1984:277,61983CJ0237,0,0,1,NA,0,0,-1,0,NA,NA,NA,1,0,0,0,0,NA,1,-1,-1,-1,NA,NA,NA,NA
589,DEC_C_1983_0238_J_19840705,ECLI:EU:C:1984:250:19840705,ECLI:EU:C:1984:250,61983CJ0238,0,1,1,NA,1,1,-1,0,NA,NA,NA,0,1,0,0,0,NA,0,0,-1,0,NA,NA,NA,NA
590,DEC_C_1983_0240_J_19850207,ECLI:EU:C:1985:59:19850207,ECLI:EU:C:1985:59,61983CJ0240,1,NA,0,1,NA,0,NA,NA,0,0,0,0,0,0,0,0,0,-1,NA,-1,NA,0,0,0,0
591,DEC_C_1983_0242_J_19840712,ECLI:EU:C:1984:278:19840712,ECLI:EU:C:1984:278,61983CJ0242,0,1,1,NA,1,1,0,0,NA,NA,NA,0,0,0,0,0,NA,1,1,-1,1,NA,NA,NA,NA
592,DEC_C_1983_0249_J_19850327,ECLI:EU:C:1985:139:19850327,ECLI:EU:C:1985:139,61983CJ0249,0,0,1,NA,0,1,1,0,NA,NA,NA,0,0,0,0,0,NA,1,0,-1,-1,NA,NA,NA,NA
593,DEC_C_1983_0251_J_19841213,ECLI:EU:C:1984:397:19841213,ECLI:EU:C:1984:397,61983CJ0251,1,NA,0,0,NA,1,NA,NA,0,1,0,0,0,0,0,0,0,0,NA,-1,NA,0,0,0,0
594,DEC_C_1983_0252_J_19861204,ECLI:EU:C:1986:462:19861204,ECLI:EU:C:1986:462,61983CJ0252,0,NA,0,0,NA,0,NA,NA,0,1,0,1,0,0,2,0,1,0,NA,-1,NA,0,0,1,0
595,DEC_C_1983_0253_J_19850115,ECLI:EU:C:1985:8:19850115,ECLI:EU:C:1985:8,61983CJ0253,1,NA,0,1,NA,0,NA,NA,0,1,0,1,1,0,0,0,0,0,NA,-1,NA,0,0,0,0
596,DEC_C_1983_0261_J_19840712,ECLI:EU:C:1984:280:19840712,ECLI:EU:C:1984:280,61983CJ0261,0,0,1,NA,0,1,1,0,NA,NA,NA,1,0,0,0,0,NA,1,1,-1,1,NA,NA,NA,NA
597,DEC_C_1983_0267_J_19850213,ECLI:EU:C:1985:67:19850213,ECLI:EU:C:1985:67,61983CJ0267,0,1,1,NA,1,1,1,0,NA,NA,NA,1,0,0,0,0,NA,1,1,-1,1,NA,NA,NA,NA
598,DEC_C_1983_0269_J_19850314,ECLI:EU:C:1985:115:19850314,ECLI:EU:C:1985:115,61983CJ0269,1,NA,0,0,NA,0,NA,NA,0,1,0,0,0,0,0,0,1,1,NA,-1,NA,0,0,1,0
599,DEC_C_1983_0270_J_19860128,ECLI:EU:C:1986:37:19860128,ECLI:EU:C:1986:37,61983CJ0270,0,NA,0,0,NA,0,NA,NA,1,1,0,0,0,0,0,0,1,1,NA,-1,NA,0,0,1,0
600,DEC_C_1983_0274_J_19850328,ECLI:EU:C:1985:148:19850328,ECLI:EU:C:1985:148,61983CJ0274,0,NA,0,0,NA,0,NA,NA,0,0,0,0,0,0,0,0,0,1,NA,-1,NA,0,0,0,1
601,DEC_C_1983_0275_J_19850328,ECLI:EU:C:1985:149:19850328,ECLI:EU:C:1985:149,61983CJ0275,0,0,1,NA,0,0,-1,0,NA,NA,NA,1,0,0,0,0,NA,1,1,-1,-1,NA,NA,NA,NA
602,DEC_C_1983_0281_J_19851015,ECLI:EU:C:1985:407:19851015,ECLI:EU:C:1985:407,61983CJ0281,1,NA,0,0,NA,0,NA,NA,0,1,0,0,0,0,0,0,1,1,NA,-1,NA,0,0,0,0
603,DEC_C_1983_0283_J_19841113,ECLI:EU:C:1984:344:19841113,ECLI:EU:C:1984:344,61983CJ0283,1,NA,0,1,NA,0,NA,NA,0,0,0,0,0,0,0,-1,0,-1,NA,-1,NA,0,0,0,0
604,DEC_C_1983_0288_J_19850611,ECLI:EU:C:1985:251:19850611,ECLI:EU:C:1985:251,61983CJ0288,1,NA,0,0,NA,0,NA,NA,0,0,0,0,0,0,0,0,0,1,NA,-1,NA,0,0,1,0
605,DEC_C_1983_0293_J_19850213,ECLI:EU:C:1985:69:19850213,ECLI:EU:C:1985:69,61983CJ0293,0,0,1,NA,0,1,1,1,NA,NA,NA,1,0,0,0,0,NA,1,1,-1,-1,NA,NA,NA,NA
606,DEC_C_1983_0299_J_19850711,ECLI:EU:C:1985:326:19850711,ECLI:EU:C:1985:326,61983CJ0299,1,NA,0,1,NA,0,NA,NA,0,0,0,0,0,0,0,0,0,1,NA,-1,NA,0,0,1,0
607,DEC_C_1984_0004_J_19850327,ECLI:EU:C:1985:141:19850327,ECLI:EU:C:1985:141,61984CJ0004,1,NA,0,1,NA,0,NA,NA,0,0,0,0,0,0,0,0,0,-1,NA,-1,NA,1,1,0,0
608,DEC_C_1984_0006_J_19850307,ECLI:EU:C:1985:102:19850307,ECLI:EU:C:1985:102,61984CJ0006,1,NA,0,1,NA,0,NA,NA,0,0,0,0,0,0,0,-1,0,-1,NA,-1,NA,1,1,0,0
609,DEC_C_1984_0011_J_19850925,ECLI:EU:C:1985:361:19850925,ECLI:EU:C:1985:361,61984CJ0011,1,NA,0,0,NA,1,NA,NA,0,0,0,0,0,0,0,0,0,-1,NA,-1,NA,0,0,0,0
610,DEC_C_1984_0013_J_19870121,ECLI:EU:C:1987:16:19870121,ECLI:EU:C:1987:16,61984CJ0013,1,NA,0,1,NA,0,NA,NA,0,0,0,0,0,0,0,-1,0,-1,NA,-1,NA,1,1,0,0
611,DEC_C_1984_0018_J_19850507,ECLI:EU:C:1985:175:19850507,ECLI:EU:C:1985:175,61984CJ0018,1,NA,0,0,NA,0,NA,NA,0,1,0,0,0,0,0,0,1,1,NA,-1,NA,0,0,1,0
612,DEC_C_1984_0019_J_19850709,ECLI:EU:C:1985:304:19850709,ECLI:EU:C:1985:304,61984CJ0019,1,NA,0,1,NA,0,NA,NA,0,0,0,0,0,0,0,0,0,0,NA,-1,NA,0,0,0,0
613,DEC_C_1984_0021_J_19850509,ECLI:EU:C:1985:184:19850509,ECLI:EU:C:1985:184,61984CJ0021,1,NA,0,0,NA,0,NA,NA,0,1,0,0,0,0,0,0,1,1,NA,-1,NA,0,0,1,0
614,DEC_C_1984_0028_J_19851003,ECLI:EU:C:1985:386:19851003,ECLI:EU:C:1985:386,61984CJ0028,1,NA,0,0,NA,0,NA,NA,0,0,0,0,0,0,0,0,0,1,NA,-1,NA,0,0,1,1
615,DEC_C_1984_0030_J_19850307,ECLI:EU:C:1985:103:19850307,ECLI:EU:C:1985:103,61984CJ0030,1,NA,0,1,NA,0,NA,NA,0,0,0,0,0,0,0,0,0,1,NA,-1,NA,1,1,0,0
616,DEC_C_1984_0032_J_19850307,ECLI:EU:C:1985:104:19850307,ECLI:EU:C:1985:104,61984CJ0032,1,NA,0,1,NA,0,NA,NA,0,0,0,0,0,0,0,0,0,-1,NA,-1,NA,0,0,0,0
617,DEC_C_1984_0034_J_19850925,ECLI:EU:C:1985:362:19850925,ECLI:EU:C:1985:362,61984CJ0034,1,NA,0,0,NA,1,NA,NA,0,0,0,0,0,0,0,0,0,1,NA,-1,NA,0,0,1,0
618,DEC_C_1984_0035_J_19860218,ECLI:EU:C:1986:59:19860218,ECLI:EU:C:1986:59,61984CJ0035,1,NA,0,0,NA,0,NA,NA,0,0,0,0,0,0,0,0,0,-1,NA,-1,NA,0,0,0,0
619,DEC_C_1984_0040_J_19850214,ECLI:EU:C:1985:77:19850214,ECLI:EU:C:1985:77,61984CJ0040,1,NA,0,1,NA,0,NA,NA,0,0,0,0,0,0,0,-1,0,-1,NA,-1,NA,0,0,0,0
620,DEC_C_1984_0041_J_19860115,ECLI:EU:C:1986:1:19860115,ECLI:EU:C:1986:1,61984CJ0041,0,0,1,NA,0,1,0,0,NA,NA,NA,1,0,0,0,0,NA,1,1,-1,1,NA,NA,NA,NA
621,DEC_C_1984_0051_J_19850704,ECLI:EU:C:1985:295:19850704,ECLI:EU:C:1985:295,61984CJ0051,1,NA,0,1,NA,0,NA,NA,0,0,0,0,0,0,0,0,0,-1,NA,-1,NA,0,0,0,0
622,DEC_C_1984_0054_J_19850321,ECLI:EU:C:1985:131:19850321,ECLI:EU:C:1985:131,61984CJ0054,1,NA,0,0,NA,1,NA,NA,0,0,0,0,0,0,0,0,0,-1,NA,-1,NA,0,0,0,0
623,DEC_C_1984_0058_J_19850604,ECLI:EU:C:1985:232:19850604,ECLI:EU:C:1985:232,61984CJ0058,0,0,1,NA,0,1,0,0,NA,NA,NA,1,0,0,0,0,NA,1,1,-1,-1,NA,NA,NA,NA
624,DEC_C_1984_0059_J_19860305,ECLI:EU:C:1986:102:19860305,ECLI:EU:C:1986:102,61984CJ0059,1,NA,0,1,NA,0,NA,NA,0,0,0,1,0,0,0,0,0,0,NA,-1,NA,0,0,0,0
625,DEC_C_1984_0060_J_19850711,ECLI:EU:C:1985:329:19850711,ECLI:EU:C:1985:329,61984CJ0060,1,NA,0,1,NA,0,NA,NA,0,0,0,0,0,0,0,0,0,0,NA,-1,NA,0,0,0,0
626,DEC_C_1984_0069_J_19850620,ECLI:EU:C:1985:263:19850620,ECLI:EU:C:1985:263,61984CJ0069,1,NA,0,0,NA,1,NA,NA,0,0,0,0,0,0,0,0,0,0,NA,-1,NA,0,0,0,0
627,DEC_C_1984_0073_J_19850327,ECLI:EU:C:1985:144:19850327,ECLI:EU:C:1985:144,61984CJ0073,1,NA,0,1,NA,0,NA,NA,1,0,0,1,0,0,0,1,0,0,NA,1,NA,0,0,0,0
628,DEC_C_1984_0079_J_19850925,ECLI:EU:C:1985:364:19850925,ECLI:EU:C:1985:364,61984CJ0079,1,NA,0,0,NA,1,NA,NA,0,1,0,0,0,0,0,0,1,1,NA,-1,NA,0,0,1,0
629,DEC_C_1984_0081_J_19850502,ECLI:EU:C:1985:167:19850502,ECLI:EU:C:1985:167,61984CJ0081,1,NA,0,1,NA,0,NA,NA,0,0,0,0,0,0,0,0,0,0,NA,-1,NA,0,0,0,0
630,DEC_C_1984_0089_J_19850514,ECLI:EU:C:1985:193:19850514,ECLI:EU:C:1985:193,61984CJ0089,1,NA,0,0,NA,1,NA,NA,0,0,0,0,0,0,0,0,0,1,NA,-1,NA,0,0,0,0
631,DEC_C_1984_0094_J_19850620,ECLI:EU:C:1985:264:19850620,ECLI:EU:C:1985:264,61984CJ0094,0,1,1,NA,1,1,0,1,NA,NA,NA,0,0,0,0,0,NA,-1,0,-1,0,NA,NA,NA,NA
632,DEC_C_1984_0095_J_19860710,ECLI:EU:C:1986:301:19860710,ECLI:EU:C:1986:301,61984CJ0095,1,NA,0,0,NA,1,NA,NA,1,0,0,0,0,0,0,0,0,1,NA,0,NA,0,0,1,0
633,DEC_C_1984_0100_J_19850328,ECLI:EU:C:1985:155:19850328,ECLI:EU:C:1985:155,61984CJ0100,1,NA,0,1,NA,0,NA,NA,0,0,0,0,0,0,0,0,0,1,NA,-1,NA,0,0,0,1
634,DEC_C_1984_0103_J_19860605,ECLI:EU:C:1986:229:19860605,ECLI:EU:C:1986:229,61984CJ0103,1,NA,0,0,NA,0,NA,NA,0,0,0,0,0,0,0,0,0,1,NA,-1,NA,0,0,1,0
635,DEC_C_1984_0104_J_19850704,ECLI:EU:C:1985:296:19850704,ECLI:EU:C:1985:296,61984CJ0104,0,0,1,NA,0,1,1,0,NA,NA,NA,0,0,0,0,0,NA,0,0,-1,0,NA,NA,NA,NA
636,DEC_C_1984_0114_J_19850925,ECLI:EU:C:1985:365:19850925,ECLI:EU:C:1985:365,61984CJ0114,1,NA,0,1,NA,0,NA,NA,0,0,0,1,0,0,0,0,0,0,NA,-1,NA,0,0,0,0
637,DEC_C_1984_0116_J_19850605,ECLI:EU:C:1985:237:19850605,ECLI:EU:C:1985:237,61984CJ0116,1,NA,0,0,NA,1,NA,NA,0,0,0,0,1,0,0,0,0,1,NA,-1,NA,0,0,0,1
638,DEC_C_1984_0117_J_19850604,ECLI:EU:C:1985:233:19850604,ECLI:EU:C:1985:233,61984CJ0117,0,0,1,NA,0,1,0,0,NA,NA,NA,1,0,0,0,0,NA,1,1,-1,-1,NA,NA,NA,NA
639,DEC_C_1984_0121_J_19860115,ECLI:EU:C:1986:4:19860115,ECLI:EU:C:1986:4,61984CJ0121,1,NA,0,1,NA,0,NA,NA,0,0,0,0,0,0,0,0,0,-1,NA,-1,NA,0,0,0,0
640,DEC_C_1984_0122_J_19850327,ECLI:EU:C:1985:145:19850327,ECLI:EU:C:1985:145,61984CJ0122,0,1,1,NA,1,1,-1,0,NA,NA,NA,1,0,0,0,0,NA,1,1,-1,1,NA,NA,NA,NA
641,DEC_C_1984_0137_J_19850711,ECLI:EU:C:1985:335:19850711,ECLI:EU:C:1985:335,61984CJ0137,0,1,1,NA,1,1,0,0,NA,NA,NA,0,0,0,0,0,NA,1,1,-1,-1,NA,NA,NA,NA
642,DEC_C_1984_0145_J_19850307,ECLI:EU:C:1985:111:19850307,ECLI:EU:C:1985:111,61984CJ0145,0,1,1,NA,1,1,0,0,NA,NA,NA,1,0,0,0,0,NA,1,1,-1,-1,NA,NA,NA,NA
643,DEC_C_1984_0149_J_19850925,ECLI:EU:C:1985:366:19850925,ECLI:EU:C:1985:366,61984CJ0149,1,NA,0,1,NA,0,NA,NA,0,0,0,0,0,0,0,0,0,0,NA,-1,NA,0,0,0,0
644,DEC_C_1984_0153_J_19860423,ECLI:EU:C:1986:168:19860423,ECLI:EU:C:1986:168,61984CJ0153,0,1,1,NA,1,1,0,0,NA,NA,NA,0,0,0,0,0,NA,1,1,-1,1,NA,NA,NA,NA
645,DEC_C_1984_0155_J_19850515,ECLI:EU:C:1985:207:19850515,ECLI:EU:C:1985:207,61984CJ0155,1,NA,0,0,NA,1,NA,NA,0,0,0,0,0,0,0,0,0,-1,NA,-1,NA,0,0,0,0
646,DEC_C_1984_0157_J_19850606,ECLI:EU:C:1985:243:19850606,ECLI:EU:C:1985:243,61984CJ0157,0,0,1,NA,0,1,1,1,NA,NA,NA,1,0,0,0,0,NA,1,1,-1,1,NA,NA,NA,NA
647,DEC_C_1984_0163_J_19851007,ECLI:EU:C:1985:396:19851007,ECLI:EU:C:1985:396,61984CJ0163,1,NA,0,1,NA,0,NA,NA,0,0,0,0,0,0,0,0,0,-1,NA,-1,NA,0,0,0,0
648,DEC_C_1984_0166_J_19850926,ECLI:EU:C:1985:373:19850926,ECLI:EU:C:1985:373,61984CJ0166,1,NA,0,1,NA,0,NA,NA,0,0,0,0,1,1,0,0,0,-1,NA,-1,NA,0,0,0,0
649,DEC_C_1984_0167_J_19850704,ECLI:EU:C:1985:298:19850704,ECLI:EU:C:1985:298,61984CJ0167,1,NA,0,1,NA,0,NA,NA,0,0,0,0,1,1,0,0,0,-1,NA,-1,NA,0,0,0,0
650,DEC_C_1984_0174_J_19860218,ECLI:EU:C:1986:60:19860218,ECLI:EU:C:1986:60,61984CJ0174,1,NA,0,1,NA,0,NA,NA,0,0,0,1,0,0,0,0,0,0,NA,-1,NA,0,0,0,0
651,DEC_C_1984_0176_J_19870312,ECLI:EU:C:1987:125:19870312,ECLI:EU:C:1987:125,61984CJ0176,1,NA,0,0,NA,0,NA,NA,1,0,0,0,0,0,0,1,0,1,NA,0,NA,0,0,1,0
652,DEC_C_1984_0178_J_19870312,ECLI:EU:C:1987:126:19870312,ECLI:EU:C:1987:126,61984CJ0178,1,NA,0,0,NA,0,NA,NA,1,0,0,0,0,0,0,1,0,1,NA,0,NA,0,0,1,0
653,DEC_C_1984_0182_J_19851126,ECLI:EU:C:1985:470:19851126,ECLI:EU:C:1985:470,61984CJ0182,1,NA,0,1,NA,0,NA,NA,0,0,0,0,0,0,0,0,0,1,NA,-1,NA,0,0,1,0
654,DEC_C_1984_0188_J_19860128,ECLI:EU:C:1986:43:19860128,ECLI:EU:C:1986:43,61984CJ0188,1,NA,0,0,NA,0,NA,NA,1,1,0,0,0,0,0,1,0,1,NA,1,NA,0,0,0,0
655,DEC_C_1984_0192_J_19851211,ECLI:EU:C:1985:497:19851211,ECLI:EU:C:1985:497,61984CJ0192,1,NA,0,0,NA,0,NA,NA,0,0,0,0,0,0,0,0,0,1,NA,-1,NA,0,0,1,0
656,DEC_C_1984_0195_J_19851003,ECLI:EU:C:1985:390:19851003,ECLI:EU:C:1985:390,61984CJ0195,1,NA,0,1,NA,0,NA,NA,0,0,0,0,0,0,0,0,0,1,NA,-1,NA,0,0,0,1
657,DEC_C_1984_0197_J_19850618,ECLI:EU:C:1985:260:19850618,ECLI:EU:C:1985:260,61984CJ0197,0,NA,0,0,NA,1,NA,NA,0,0,0,0,0,0,2,0,1,1,NA,-1,NA,0,0,1,0
658,DEC_C_1984_0199_J_19851007,ECLI:EU:C:1985:397:19851007,ECLI:EU:C:1985:397,61984CJ0199,1,NA,0,0,NA,1,NA,NA,0,0,0,0,0,0,0,0,0,1,NA,-1,NA,0,0,0,1
659,DEC_C_1984_0200_J_19851010,ECLI:EU:C:1985:403:19851010,ECLI:EU:C:1985:403,61984CJ0200,1,NA,0,0,NA,1,NA,NA,0,0,0,0,0,0,0,0,0,-1,NA,-1,NA,0,0,0,0
660,DEC_C_1984_0201_J_19850925,ECLI:EU:C:1985:367:19850925,ECLI:EU:C:1985:367,61984CJ0201,1,NA,0,0,NA,1,NA,NA,0,0,0,0,0,0,0,0,0,0,NA,-1,NA,0,0,0,0
661,DEC_C_1984_0202_J_19850925,ECLI:EU:C:1985:368:19850925,ECLI:EU:C:1985:368,61984CJ0202,1,NA,0,0,NA,1,NA,NA,0,0,0,0,0,0,0,0,0,0,NA,-1,NA,0,0,0,0
662,DEC_C_1984_0205_J_19861204,ECLI:EU:C:1986:463:19861204,ECLI:EU:C:1986:463,61984CJ0205,0,NA,0,0,NA,0,NA,NA,0,0,0,0,0,0,2,1,0,1,NA,-1,NA,0,0,1,1
663,DEC_C_1984_0206_J_19861204,ECLI:EU:C:1986:464:19861204,ECLI:EU:C:1986:464,61984CJ0206,0,NA,0,0,NA,0,NA,NA,0,0,0,0,0,0,2,0,0,1,NA,-1,NA,0,0,1,1
664,DEC_C_1984_0214_J_19851212,ECLI:EU:C:1985:509:19851212,ECLI:EU:C:1985:509,61984CJ0214,1,NA,0,1,NA,0,NA,NA,0,0,0,0,0,0,0,0,0,1,NA,-1,NA,0,0,0,1
665,DEC_C_1984_0215_J_19850925,ECLI:EU:C:1985:369:19850925,ECLI:EU:C:1985:369,61984CJ0215,1,NA,0,0,NA,1,NA,NA,0,0,0,0,0,0,0,0,0,-1,NA,-1,NA,0,0,0,0
666,DEC_C_1984_0216_J_19880223,ECLI:EU:C:1988:81:19880223,ECLI:EU:C:1988:81,61984CJ0216,1,NA,0,0,NA,0,NA,NA,0,0,0,0,0,0,0,1,0,1,NA,0,NA,0,0,1,0
667,DEC_C_1984_0223_J_19851007,ECLI:EU:C:1985:398:19851007,ECLI:EU:C:1985:398,61984CJ0223,1,NA,0,1,NA,0,NA,NA,0,0,0,0,0,0,0,0,0,-1,NA,-1,NA,0,0,0,0
668,DEC_C_1984_0227_J_19851114,ECLI:EU:C:1985:461:19851114,ECLI:EU:C:1985:461,61984CJ0227,1,NA,0,1,NA,0,NA,NA,0,0,0,0,0,0,0,-1,0,-1,NA,-1,NA,0,0,0,0
669,DEC_C_1984_0247_J_19851210,ECLI:EU:C:1985:492:19851210,ECLI:EU:C:1985:492,61984CJ0247,1,NA,0,0,NA,1,NA,NA,0,0,0,1,0,0,0,1,0,0,NA,1,NA,0,0,0,0
670,DEC_C_1984_0249_J_19851003,ECLI:EU:C:1985:393:19851003,ECLI:EU:C:1985:393,61984CJ0249,1,NA,0,0,NA,1,NA,NA,0,0,0,0,0,0,0,0,0,1,NA,-1,NA,0,0,0,1
671,DEC_C_1984_0252_J_19851010,ECLI:EU:C:1985:404:19851010,ECLI:EU:C:1985:404,61984CJ0252,1,NA,0,1,NA,0,NA,NA,0,0,0,0,0,0,0,0,0,-1,NA,-1,NA,0,0,0,0
672,DEC_C_1984_0254_J_19860225,ECLI:EU:C:1986:78:19860225,ECLI:EU:C:1986:78,61984CJ0254,0,0,1,NA,0,1,0,0,NA,NA,NA,0,0,0,0,0,NA,0,0,-1,0,NA,NA,NA,NA
673,DEC_C_1984_0261_J_19850711,ECLI:EU:C:1985:338:19850711,ECLI:EU:C:1985:338,61984CJ0261,0,1,1,NA,1,1,0,0,NA,NA,NA,1,0,0,0,0,NA,1,1,-1,-1,NA,NA,NA,NA
674,DEC_C_1984_0271_J_19860206,ECLI:EU:C:1986:57:19860206,ECLI:EU:C:1986:57,61984CJ0271,1,NA,0,0,NA,1,NA,NA,0,1,0,0,0,0,0,0,1,1,NA,-1,NA,0,0,1,0
675,DEC_C_1984_0284_J_19860225,ECLI:EU:C:1986:79:19860225,ECLI:EU:C:1986:79,61984CJ0284,0,1,1,NA,1,1,0,0,NA,NA,NA,1,0,0,0,0,NA,1,1,0,1,NA,NA,NA,NA
676,DEC_C_1984_0290_J_19851210,ECLI:EU:C:1985:493:19851210,ECLI:EU:C:1985:493,61984CJ0290,1,NA,0,1,NA,0,NA,NA,0,0,0,0,0,0,0,0,0,-1,NA,-1,NA,0,0,0,0
677,DEC_C_1984_0296_J_19860313,ECLI:EU:C:1986:121:19860313,ECLI:EU:C:1986:121,61984CJ0296,0,1,1,NA,1,1,0,0,NA,NA,NA,0,0,0,0,0,NA,0,NA,-1,-1,NA,NA,NA,NA
678,DEC_C_1984_0298_J_19860123,ECLI:EU:C:1986:33:19860123,ECLI:EU:C:1986:33,61984CJ0298,0,1,1,NA,1,1,0,0,NA,NA,NA,0,0,0,0,0,NA,0,0,-1,-1,NA,NA,NA,NA
679,DEC_C_1984_0300_J_19861023,ECLI:EU:C:1986:402:19861023,ECLI:EU:C:1986:402,61984CJ0300,0,1,1,NA,1,1,0,0,NA,NA,NA,1,0,0,2,0,NA,1,1,-1,-1,NA,NA,NA,NA
680,DEC_C_1984_0302_J_19860612,ECLI:EU:C:1986:242:19860612,ECLI:EU:C:1986:242,61984CJ0302,0,1,1,NA,1,1,1,0,NA,NA,NA,0,0,0,0,0,NA,0,0,-1,-1,NA,NA,NA,NA
681,DEC_C_1984_0304_J_19860506,ECLI:EU:C:1986:194:19860506,ECLI:EU:C:1986:194,61984CJ0304,1,NA,0,0,NA,1,NA,NA,0,0,0,0,1,1,0,1,0,-1,NA,-1,NA,0,0,0,0
682,DEC_C_1984_0306_J_19870212,ECLI:EU:C:1987:79:19870212,ECLI:EU:C:1987:79,61984CJ0306,0,NA,0,0,NA,0,NA,NA,0,0,0,0,0,0,0,0,0,1,NA,-1,NA,0,0,1,1
683,DEC_C_1984_0307_J_19860603,ECLI:EU:C:1986:222:19860603,ECLI:EU:C:1986:222,61984CJ0307,0,0,1,NA,0,0,-1,0,NA,NA,NA,0,0,0,0,0,NA,1,-1,-1,-1,NA,NA,NA,NA
684,DEC_C_1985_0001_J_19860612,ECLI:EU:C:1986:243:19860612,ECLI:EU:C:1986:243,61985CJ0001,0,1,1,NA,1,1,0,0,NA,NA,NA,0,1,1,0,0,NA,-1,-1,-1,-1,NA,NA,NA,NA
685,DEC_C_1985_0020_J_19880607,ECLI:EU:C:1988:283:19880607,ECLI:EU:C:1988:283,61985CJ0020,0,1,1,NA,1,1,0,0,NA,NA,NA,1,0,0,0,0,NA,1,1,-1,-1,NA,NA,NA,NA
686,DEC_C_1985_0028_J_19860311,ECLI:EU:C:1986:113:19860311,ECLI:EU:C:1986:113,61985CJ0028,0,1,1,NA,1,1,0,0,NA,NA,NA,1,0,0,0,0,NA,1,1,-1,-1,NA,NA,NA,NA
687,DEC_C_1985_0035_J_19860320,ECLI:EU:C:1986:143:19860320,ECLI:EU:C:1986:143,61985CJ0035,1,NA,0,0,NA,1,NA,NA,0,0,0,0,0,0,0,0,0,0,NA,-1,NA,0,0,0,0
688,DEC_C_1985_0038_J_19860227,ECLI:EU:C:1986:92:19860227,ECLI:EU:C:1986:92,61985CJ0038,1,NA,0,1,NA,0,NA,NA,1,0,0,0,0,0,0,0,0,0,NA,-1,NA,0,0,0,0
689,DEC_C_1985_0050_J_19860612,ECLI:EU:C:1986:244:19860612,ECLI:EU:C:1986:244,61985CJ0050,1,NA,0,0,NA,1,NA,NA,0,1,0,0,1,0,0,0,1,-1,NA,-1,NA,0,0,0,0
690,DEC_C_1985_0054_J_19860313,ECLI:EU:C:1986:123:19860313,ECLI:EU:C:1986:123,61985CJ0054,1,NA,0,0,NA,1,NA,NA,1,0,0,1,0,0,0,0,0,0,NA,-1,NA,0,0,0,0
691,DEC_C_1985_0057_J_19860227,ECLI:EU:C:1986:94:19860227,ECLI:EU:C:1986:94,61985CJ0057,1,NA,0,1,NA,0,NA,NA,1,0,0,0,0,0,0,0,0,0,NA,-1,NA,0,0,0,0
692,DEC_C_1985_0058_J_19860318,ECLI:EU:C:1986:128:19860318,ECLI:EU:C:1986:128,61985CJ0058,1,NA,0,1,NA,0,NA,NA,0,0,0,0,0,0,0,0,0,-1,NA,-1,NA,0,0,0,0
693,DEC_C_1985_0059_J_19860417,ECLI:EU:C:1986:157:19860417,ECLI:EU:C:1986:157,61985CJ0059,0,0,1,NA,0,1,1,1,NA,NA,NA,1,0,0,2,0,NA,1,1,0,1,NA,NA,NA,NA
694,DEC_C_1985_0060_J_19860710,ECLI:EU:C:1986:307:19860710,ECLI:EU:C:1986:307,61985CJ0060,0,0,1,NA,0,1,1,1,NA,NA,NA,0,0,0,0,0,NA,0,0,-1,1,NA,NA,NA,NA
695,DEC_C_1985_0065_J_19860204,ECLI:EU:C:1986:53:19860204,ECLI:EU:C:1986:53,61985CJ0065,1,NA,0,1,NA,0,NA,NA,0,0,0,0,0,0,0,0,0,1,NA,-1,NA,0,0,0,1
696,DEC_C_1985_0066_J_19860703,ECLI:EU:C:1986:284:19860703,ECLI:EU:C:1986:284,61985CJ0066,0,1,1,NA,1,1,1,0,NA,NA,NA,1,0,0,0,0,NA,1,1,-1,-1,NA,NA,NA,NA
697,DEC_C_1985_0079_J_19860710,ECLI:EU:C:1986:308:19860710,ECLI:EU:C:1986:308,61985CJ0079,0,1,1,0,1,1,0,0,0,0,0,0,0,0,0,0,1,1,1,-1,-1,0,0,1,0
698,DEC_C_1985_0080_J_19861113,ECLI:EU:C:1986:426:19861113,ECLI:EU:C:1986:426,61985CJ0080,1,NA,0,1,NA,0,NA,NA,0,1,0,0,0,0,0,0,0,0,NA,-1,NA,0,0,0,0
699,DEC_C_1985_0087_J_19860527,ECLI:EU:C:1986:215:19860527,ECLI:EU:C:1986:215,61985CJ0087,1,NA,0,1,NA,0,NA,NA,1,1,0,0,0,0,0,0,1,1,NA,-1,NA,0,0,1,0
700,DEC_C_1985_0096_J_19860430,ECLI:EU:C:1986:189:19860430,ECLI:EU:C:1986:189,61985CJ0096,0,NA,0,0,NA,0,NA,NA,0,0,0,0,0,0,0,0,1,1,NA,-1,NA,0,0,1,1
701,DEC_C_1985_0098_J_19860612,ECLI:EU:C:1986:246:19860612,ECLI:EU:C:1986:246,61985CJ0098,0,1,1,0,1,1,-1,0,0,0,0,0,1,0,0,0,0,0,-1,-1,-1,0,0,0,0
702,DEC_C_1985_0121_J_19860311,ECLI:EU:C:1986:114:19860311,ECLI:EU:C:1986:114,61985CJ0121,1,NA,0,1,NA,0,NA,NA,0,0,0,0,0,0,0,1,0,1,NA,0,NA,0,0,1,0
703,DEC_C_1985_0124_J_19861216,ECLI:EU:C:1986:490:19861216,ECLI:EU:C:1986:490,61985CJ0124,1,NA,0,0,NA,0,NA,NA,1,0,0,0,0,0,0,0,0,1,NA,0,NA,0,0,1,1
704,DEC_C_1985_0131_J_19860507,ECLI:EU:C:1986:200:19860507,ECLI:EU:C:1986:200,61985CJ0131,0,0,1,NA,0,1,0,1,NA,NA,NA,0,0,0,0,0,NA,1,1,-1,1,NA,NA,NA,NA
705,DEC_C_1985_0139_J_19860603,ECLI:EU:C:1986:223:19860603,ECLI:EU:C:1986:223,61985CJ0139,0,1,1,NA,1,1,0,0,NA,NA,NA,1,0,0,0,0,NA,1,1,-1,-1,NA,NA,NA,NA
706,DEC_C_1985_0148_J_19861125,ECLI:EU:C:1986:438:19861125,ECLI:EU:C:1986:438,61985CJ0148,1,NA,0,0,NA,1,NA,NA,0,0,0,0,0,0,0,0,0,0,NA,-1,NA,0,0,0,0
707,DEC_C_1985_0154_J_19870617,ECLI:EU:C:1987:292:19870617,ECLI:EU:C:1987:292,61985CJ0154,1,NA,0,0,NA,0,NA,NA,0,0,1,0,0,0,0,1,1,1,NA,0,NA,0,0,1,0
708,DEC_C_1985_0156_J_19860507,ECLI:EU:C:1986:201:19860507,ECLI:EU:C:1986:201,61985CJ0156,1,NA,0,0,NA,1,NA,NA,0,0,0,0,0,0,0,0,0,-1,NA,-1,NA,0,0,0,0
709,DEC_C_1985_0158_J_19860430,ECLI:EU:C:1986:190:19860430,ECLI:EU:C:1986:190,61985CJ0158,1,NA,0,0,NA,0,NA,NA,0,0,0,0,0,0,0,0,0,1,NA,-1,NA,0,0,1,0
710,DEC_C_1985_0160_J_19861105,ECLI:EU:C:1986:416:19861105,ECLI:EU:C:1986:416,61985CJ0160,0,NA,0,0,NA,0,NA,NA,0,0,0,0,0,0,0,0,0,1,NA,-1,NA,0,0,1,0
711,DEC_C_1985_0166_J_19870407,ECLI:EU:C:1987:181:19870407,ECLI:EU:C:1987:181,61985CJ0166,0,NA,0,0,NA,1,NA,NA,0,0,0,1,0,0,0,0,0,0,NA,-1,NA,0,0,0,0
712,DEC_C_1985_0168_J_19861015,ECLI:EU:C:1986:381:19861015,ECLI:EU:C:1986:381,61985CJ0168,0,0,1,0,0,0,-1,0,0,0,0,0,0,0,0,0,0,1,-1,-1,-1,0,0,1,0
713,DEC_C_1985_0179_J_19861204,ECLI:EU:C:1986:466:19861204,ECLI:EU:C:1986:466,61985CJ0179,1,NA,0,0,NA,0,NA,NA,0,0,0,0,0,0,0,0,0,1,NA,-1,NA,0,0,1,0
714,DEC_C_1985_0183_J_19860612,ECLI:EU:C:1986:247:19860612,ECLI:EU:C:1986:247,61985CJ0183,1,NA,0,1,NA,0,NA,NA,0,0,0,0,0,0,0,0,0,1,NA,-1,NA,0,0,0,1
715,DEC_C_1985_0193_J_19870507,ECLI:EU:C:1987:210:19870507,ECLI:EU:C:1987:210,61985CJ0193,1,NA,0,1,NA,0,NA,NA,0,1,0,0,0,0,0,0,1,1,NA,-1,NA,0,0,1,0
716,DEC_C_1985_0194_J_19880225,ECLI:EU:C:1988:95:19880225,ECLI:EU:C:1988:95,61985CJ0194,1,NA,0,0,NA,0,NA,NA,0,0,0,0,0,0,0,0,0,1,NA,0,NA,0,0,0,0
717,DEC_C_1985_0197_J_19871006,ECLI:EU:C:1987:422:19871006,ECLI:EU:C:1987:422,61985CJ0197,0,0,1,NA,0,1,0,1,NA,NA,NA,0,0,1,0,0,NA,1,1,-1,-1,NA,NA,NA,NA
718,DEC_C_1985_0203_J_19860626,ECLI:EU:C:1986:269:19860626,ECLI:EU:C:1986:269,61985CJ0203,1,NA,0,0,NA,1,NA,NA,0,0,0,0,0,0,0,-1,0,-1,NA,-1,NA,0,0,0,0
719,DEC_C_1985_0221_J_19870212,ECLI:EU:C:1987:81:19870212,ECLI:EU:C:1987:81,61985CJ0221,0,NA,0,0,NA,0,NA,NA,1,1,0,1,0,0,0,0,0,0,NA,-1,NA,0,0,0,0
720,DEC_C_1985_0222_J_19860710,ECLI:EU:C:1986:314:19860710,ECLI:EU:C:1986:314,61985CJ0222,1,NA,0,1,NA,0,NA,NA,1,0,0,0,0,0,0,0,0,1,NA,0,NA,0,0,1,1
721,DEC_C_1985_0225_J_19870616,ECLI:EU:C:1987:284:19870616,ECLI:EU:C:1987:284,61985CJ0225,0,0,1,NA,0,0,-1,0,NA,NA,NA,0,0,0,0,0,NA,1,-1,-1,-1,NA,NA,NA,NA
722,DEC_C_1985_0261_J_19880204,ECLI:EU:C:1988:57:19880204,ECLI:EU:C:1988:57,61985CJ0261,1,NA,0,0,NA,0,NA,NA,0,0,0,0,0,0,0,0,0,1,NA,0,NA,0,0,1,1
723,DEC_C_1985_0263_J_19910516,ECLI:EU:C:1991:212:19910516,ECLI:EU:C:1991:212,61985CJ0263,1,NA,0,0,NA,0,NA,NA,0,0,0,0,0,0,0,0,0,1,NA,-1,NA,0,0,1,0
724,DEC_C_1985_0275_J_19870127,ECLI:EU:C:1987:37:19870127,ECLI:EU:C:1987:37,61985CJ0275,1,NA,0,0,NA,0,NA,NA,1,0,0,0,0,0,0,0,0,1,NA,-1,NA,0,0,0,0
725,DEC_C_1985_0309_J_19880202,ECLI:EU:C:1988:42:19880202,ECLI:EU:C:1988:42,61985CJ0309,0,0,1,NA,0,1,-1,0,NA,NA,NA,0,0,0,0,0,NA,1,1,-1,-1,NA,NA,NA,NA
726,DEC_C_1985_0311_J_19871001,ECLI:EU:C:1987:418:19871001,ECLI:EU:C:1987:418,61985CJ0311,1,NA,0,1,NA,0,NA,NA,0,0,0,0,0,0,0,0,0,1,NA,-1,NA,0,0,1,0
727,DEC_C_1985_0314_J_19871022,ECLI:EU:C:1987:452:19871022,ECLI:EU:C:1987:452,61985CJ0314,1,NA,0,1,NA,0,NA,NA,0,0,0,0,0,0,0,0,0,1,NA,-1,NA,1,1,0,0
728,DEC_C_1985_0316_J_19870618,ECLI:EU:C:1987:302:19870618,ECLI:EU:C:1987:302,61985CJ0316,0,0,1,NA,0,1,1,1,NA,NA,NA,0,0,0,0,0,NA,1,0,-1,1,NA,NA,NA,NA
729,DEC_C_1985_0328_J_19871215,ECLI:EU:C:1987:548:19871215,ECLI:EU:C:1987:548,61985CJ0328,1,NA,0,1,NA,0,NA,NA,0,0,0,0,0,0,0,0,0,0,NA,-1,NA,0,0,0,0
730,DEC_C_1985_0352_J_19880426,ECLI:EU:C:1988:196:19880426,ECLI:EU:C:1988:196,61985CJ0352,0,NA,0,1,NA,0,NA,NA,1,1,0,0,0,0,0,1,1,1,NA,0,NA,0,0,1,0
731,DEC_C_1985_0355_J_19861023,ECLI:EU:C:1986:410:19861023,ECLI:EU:C:1986:410,61985CJ0355,1,NA,0,0,NA,1,NA,NA,1,0,0,1,0,0,0,0,0,0,NA,-1,NA,0,0,0,0
732,DEC_C_1985_0364_J_19870129,ECLI:EU:C:1987:51:19870129,ECLI:EU:C:1987:51,61985CJ0364,1,NA,0,0,NA,0,NA,NA,0,0,0,0,0,0,0,0,0,1,NA,-1,NA,0,0,1,0
733,DEC_C_1985_0375_J_19870604,ECLI:EU:C:1987:253:19870604,ECLI:EU:C:1987:253,61985CJ0375,0,1,1,NA,1,1,0,0,NA,NA,NA,1,1,0,0,0,NA,1,1,-1,-1,NA,NA,NA,NA
734,DEC_C_1985_0377_J_19870709,ECLI:EU:C:1987:354:19870709,ECLI:EU:C:1987:354,61985CJ0377,0,0,1,NA,0,1,1,0,NA,NA,NA,0,0,0,0,0,NA,1,1,-1,1,NA,NA,NA,NA
735,DEC_C_1985_0379_J_19870224,ECLI:EU:C:1987:98:19870224,ECLI:EU:C:1987:98,61985CJ0379,0,0,1,NA,0,1,-1,0,NA,NA,NA,1,0,0,0,0,NA,1,1,-1,-1,NA,NA,NA,NA
736,DEC_C_1985_0385_J_19861008,ECLI:EU:C:1986:380:19861008,ECLI:EU:C:1986:380,61985CJ0385,1,NA,0,1,NA,0,NA,NA,0,0,0,0,0,0,0,-1,0,-1,NA,-1,NA,0,0,0,0
737,DEC_C_1985_0390_J_19870212,ECLI:EU:C:1987:84:19870212,ECLI:EU:C:1987:84,61985CJ0390,0,NA,0,0,NA,0,NA,NA,0,0,0,0,0,0,0,0,0,1,NA,-1,NA,0,0,0,1
738,DEC_C_1985_0402_J_19870409,ECLI:EU:C:1987:197:19870409,ECLI:EU:C:1987:197,61985CJ0402,1,NA,0,0,NA,1,NA,NA,0,0,0,0,0,0,0,0,0,0,NA,-1,NA,0,0,0,0
739,DEC_C_1985_0406_J_19870611,ECLI:EU:C:1987:274:19870611,ECLI:EU:C:1987:274,61985CJ0406,1,NA,0,0,NA,1,NA,NA,0,0,0,1,0,0,0,0,0,0,NA,-1,NA,0,0,0,0
740,DEC_C_1985_0407_J_19880714,ECLI:EU:C:1988:401:19880714,ECLI:EU:C:1988:401,61985CJ0407,1,NA,0,0,NA,1,NA,NA,0,0,0,0,0,0,0,1,0,1,NA,0,NA,0,0,1,0
741,DEC_C_1985_0422_J_19871217,ECLI:EU:C:1987:571:19871217,ECLI:EU:C:1987:571,61985CJ0422,0,NA,0,0,NA,1,NA,NA,0,0,0,1,0,0,0,0,0,1,NA,-1,NA,0,0,0,0
742,DEC_C_1985_0427_J_19880225,ECLI:EU:C:1988:98:19880225,ECLI:EU:C:1988:98,61985CJ0427,0,NA,0,0,NA,0,NA,NA,0,1,0,0,0,0,0,1,1,1,NA,0,NA,0,0,1,1
743,DEC_C_1985_0434_J_19880303,ECLI:EU:C:1988:109:19880303,ECLI:EU:C:1988:109,61985CJ0434,1,NA,0,1,NA,0,NA,NA,0,1,0,0,0,0,0,0,1,1,NA,-1,NA,0,0,1,0
744,DEC_C_1986_0012_J_19870930,ECLI:EU:C:1987:400:19870930,ECLI:EU:C:1987:400,61986CJ0012,0,0,1,NA,0,1,1,1,NA,NA,NA,0,0,0,0,0,NA,0,0,-1,0,NA,NA,NA,NA
745,DEC_C_1986_0022_J_19870312,ECLI:EU:C:1987:130:19870312,ECLI:EU:C:1987:130,61986CJ0022,0,1,1,NA,1,1,0,0,NA,NA,NA,1,0,0,0,0,NA,1,1,0,-1,NA,NA,NA,NA
746,DEC_C_1986_0024_J_19880202,ECLI:EU:C:1988:43:19880202,ECLI:EU:C:1988:43,61986CJ0024,0,0,1,NA,0,1,-1,0,NA,NA,NA,1,0,0,2,0,NA,1,1,-1,-1,NA,NA,NA,NA
747,DEC_C_1986_0037_J_19870924,ECLI:EU:C:1987:386:19870924,ECLI:EU:C:1987:386,61986CJ0037,0,0,1,NA,0,1,1,1,NA,NA,NA,0,0,0,0,0,NA,0,0,-1,0,NA,NA,NA,NA
748,DEC_C_1986_0039_J_19880621,ECLI:EU:C:1988:322:19880621,ECLI:EU:C:1988:322,61986CJ0039,0,1,1,NA,1,1,1,0,NA,NA,NA,1,0,0,0,0,NA,1,1,-1,-1,NA,NA,NA,NA
749,DEC_C_1986_0042_J_19871208,ECLI:EU:C:1987:526:19871208,ECLI:EU:C:1987:526,61986CJ0042,1,NA,0,1,NA,0,NA,NA,0,0,0,0,0,0,0,0,0,0,NA,-1,NA,0,0,0,0
750,DEC_C_1986_0043_J_19870924,ECLI:EU:C:1987:387:19870924,ECLI:EU:C:1987:387,61986CJ0043,0,0,1,NA,0,1,-1,0,NA,NA,NA,0,0,0,0,0,NA,0,0,-1,-1,NA,NA,NA,NA
751,DEC_C_1986_0045_J_19870326,ECLI:EU:C:1987:163:19870326,ECLI:EU:C:1987:163,61986CJ0045,1,NA,0,0,NA,0,NA,NA,0,0,0,0,0,0,0,-1,0,-1,NA,-1,NA,1,0,0,0
752,DEC_C_1986_0046_J_19870616,ECLI:EU:C:1987:287:19870616,ECLI:EU:C:1987:287,61986CJ0046,1,NA,0,0,NA,1,NA,NA,0,0,0,0,0,0,0,-1,0,-1,NA,-1,NA,0,0,0,0
753,DEC_C_1986_0049_J_19870707,ECLI:EU:C:1987:335:19870707,ECLI:EU:C:1987:335,61986CJ0049,0,NA,0,0,NA,0,NA,NA,0,0,0,0,0,0,0,0,0,1,NA,-1,NA,0,0,1,0
754,DEC_C_1986_0058_J_19870326,ECLI:EU:C:1987:164:19870326,ECLI:EU:C:1987:164,61986CJ0058,1,NA,0,1,NA,0,NA,NA,0,1,0,0,0,0,0,0,0,0,NA,-1,NA,0,0,0,0
755,DEC_C_1986_0061_J_19880202,ECLI:EU:C:1988:45:19880202,ECLI:EU:C:1988:45,61986CJ0061,1,NA,0,0,NA,0,NA,NA,0,0,0,0,0,0,0,-1,0,-1,NA,-1,NA,1,1,0,0
756,DEC_C_1986_0076_J_19890511,ECLI:EU:C:1989:184:19890511,ECLI:EU:C:1989:184,61986CJ0076,1,NA,0,0,NA,0,NA,NA,0,0,0,0,0,0,0,1,0,1,NA,0,NA,0,0,1,0
757,DEC_C_1986_0082_J_19870709,ECLI:EU:C:1987:356:19870709,ECLI:EU:C:1987:356,61986CJ0082,0,1,1,NA,1,1,-1,0,NA,NA,NA,1,0,0,0,0,NA,1,1,-1,-1,NA,NA,NA,NA
758,DEC_C_1986_0090_J_19880714,ECLI:EU:C:1988:403:19880714,ECLI:EU:C:1988:403,61986CJ0090,1,NA,0,0,NA,1,NA,NA,0,0,0,0,0,0,0,1,0,1,NA,0,NA,0,0,1,0
759,DEC_C_1986_0098_J_19870218,ECLI:EU:C:1987:89:19870218,ECLI:EU:C:1987:89,61986CJ0098,1,NA,0,0,NA,1,NA,NA,0,1,0,1,0,0,0,0,0,0,NA,-1,NA,0,0,0,1
760,DEC_C_1986_0104_J_19880324,ECLI:EU:C:1988:171:19880324,ECLI:EU:C:1988:171,61986CJ0104,1,NA,0,0,NA,0,NA,NA,1,0,0,0,0,0,2,0,0,1,NA,-1,NA,0,0,1,0
761,DEC_C_1986_0118_J_19871006,ECLI:EU:C:1987:424:19871006,ECLI:EU:C:1987:424,61986CJ0118,1,NA,0,1,NA,0,NA,NA,1,0,0,0,0,0,0,0,0,-1,NA,-1,NA,0,0,0,0
762,DEC_C_1986_0119_J_19871020,ECLI:EU:C:1987:446:19871020,ECLI:EU:C:1987:446,61986CJ0119,1,NA,0,0,NA,0,NA,NA,0,0,0,0,0,0,0,1,0,0,NA,1,NA,0,0,0,0
763,DEC_C_1986_0141_J_19880119,ECLI:EU:C:1988:12:19880119,ECLI:EU:C:1988:12,61986CJ0141,1,NA,0,1,NA,0,NA,NA,0,0,0,0,0,0,0,0,0,-1,NA,-1,NA,0,0,0,0
764,DEC_C_1986_0147_J_19880315,ECLI:EU:C:1988:150:19880315,ECLI:EU:C:1988:150,61986CJ0147,0,0,1,0,0,0,-1,0,1,1,0,0,0,0,0,0,1,1,-1,-1,-1,0,0,1,0
765,DEC_C_1986_0158_J_19880517,ECLI:EU:C:1988:242:19880517,ECLI:EU:C:1988:242,61986CJ0158,1,NA,0,1,NA,0,NA,NA,0,1,0,0,0,0,0,0,0,0,NA,-1,NA,0,0,0,0
766,DEC_C_1986_0160_J_19870409,ECLI:EU:C:1987:199:19870409,ECLI:EU:C:1987:199,61986CJ0160,1,NA,0,0,NA,1,NA,NA,0,0,0,1,0,0,0,0,0,0,NA,-1,NA,0,0,0,0
767,DEC_C_1986_0162_J_19880202,ECLI:EU:C:1988:47:19880202,ECLI:EU:C:1988:47,61986CJ0162,1,NA,0,1,NA,0,NA,NA,0,0,0,0,0,0,0,0,0,1,NA,0,NA,1,0,1,1
768,DEC_C_1986_0164_J_19871210,ECLI:EU:C:1987:542:19871210,ECLI:EU:C:1987:542,61986CJ0164,1,NA,0,1,NA,0,NA,NA,0,0,0,0,0,0,0,-1,0,-1,NA,-1,NA,1,1,0,0
769,DEC_C_1986_0168_J_19870225,ECLI:EU:C:1987:107:19870225,ECLI:EU:C:1987:107,61986CJ0168,1,NA,0,0,NA,1,NA,NA,0,0,0,0,0,0,0,0,0,0,NA,-1,NA,0,0,0,0
770,DEC_C_1986_0188_J_19870702,ECLI:EU:C:1987:327:19870702,ECLI:EU:C:1987:327,61986CJ0188,1,NA,0,0,NA,1,NA,NA,0,0,0,0,1,0,0,0,0,1,NA,-1,NA,0,0,1,1
771,DEC_C_1986_0197_J_19880621,ECLI:EU:C:1988:323:19880621,ECLI:EU:C:1988:323,61986CJ0197,0,1,1,NA,1,1,0,0,NA,NA,NA,0,0,0,0,0,NA,0,1,-1,-1,NA,NA,NA,NA
772,DEC_C_1986_0198_J_19871112,ECLI:EU:C:1987:489:19871112,ECLI:EU:C:1987:489,61986CJ0198,0,NA,0,0,NA,1,NA,NA,0,1,0,0,1,1,0,1,0,0,NA,1,NA,0,0,0,0
773,DEC_C_1986_0222_J_19871015,ECLI:EU:C:1987:442:19871015,ECLI:EU:C:1987:442,61986CJ0222,0,0,1,NA,0,0,-1,0,NA,NA,NA,0,0,0,0,0,NA,1,-1,-1,-1,NA,NA,NA,NA
774,DEC_C_1986_0232_J_19871210,ECLI:EU:C:1987:544:19871210,ECLI:EU:C:1987:544,61986CJ0232,1,NA,0,1,NA,0,NA,NA,0,0,0,0,0,0,0,0,0,-1,NA,-1,NA,0,0,0,0
775,DEC_C_1986_0240_J_19880324,ECLI:EU:C:1988:173:19880324,ECLI:EU:C:1988:173,61986CJ0240,1,NA,0,0,NA,0,NA,NA,0,0,0,0,0,0,0,0,0,1,NA,-1,NA,0,0,1,0
776,DEC_C_1986_0241_J_19870611,ECLI:EU:C:1987:280:19870611,ECLI:EU:C:1987:280,61986CJ0241,1,NA,0,0,NA,1,NA,NA,0,0,0,0,0,0,0,0,0,0,NA,-1,NA,0,0,0,0
777,DEC_C_1986_0249_J_19890518,ECLI:EU:C:1989:204:19890518,ECLI:EU:C:1989:204,61986CJ0249,0,0,1,NA,0,0,-1,1,NA,NA,NA,0,0,0,2,0,NA,1,-1,-1,1,NA,NA,NA,NA
778,DEC_C_1986_0252_J_19880303,ECLI:EU:C:1988:112:19880303,ECLI:EU:C:1988:112,61986CJ0252,1,NA,0,0,NA,1,NA,NA,0,0,0,0,0,0,0,0,0,-1,NA,-1,NA,0,0,0,0
779,DEC_C_1986_0254_J_19871028,ECLI:EU:C:1987:470:19871028,ECLI:EU:C:1987:470,61986CJ0254,1,NA,0,1,NA,0,NA,NA,0,0,0,0,0,0,0,0,0,0,NA,-1,NA,0,0,0,0
780,DEC_C_1986_0255_J_19880204,ECLI:EU:C:1988:63:19880204,ECLI:EU:C:1988:63,61986CJ0255,1,NA,0,0,NA,0,NA,NA,0,0,0,0,0,0,0,0,0,1,NA,-1,NA,0,0,1,1
781,DEC_C_1986_0256_J_19870709,ECLI:EU:C:1987:359:19870709,ECLI:EU:C:1987:359,61986CJ0256,0,0,1,NA,0,1,1,1,NA,NA,NA,0,0,0,0,0,NA,1,1,-1,1,NA,NA,NA,NA
782,DEC_C_1986_0263_J_19880927,ECLI:EU:C:1988:451:19880927,ECLI:EU:C:1988:451,61986CJ0263,0,1,1,0,1,1,-1,0,0,1,0,1,0,0,0,0,0,0,0,-1,-1,0,0,0,0
783,DEC_C_1986_0267_J_19880921,ECLI:EU:C:1988:427:19880921,ECLI:EU:C:1988:427,61986CJ0267,0,NA,0,0,NA,0,NA,NA,0,0,0,0,0,0,0,1,0,1,NA,0,NA,0,0,1,1
784,DEC_C_1986_0272_J_19880922,ECLI:EU:C:1988:433:19880922,ECLI:EU:C:1988:433,61986CJ0272,1,NA,0,0,NA,0,NA,NA,0,0,0,0,0,0,0,0,0,1,NA,-1,NA,0,0,1,1
785,DEC_C_1986_0283_J_19880621,ECLI:EU:C:1988:325:19880621,ECLI:EU:C:1988:325,61986CJ0283,0,NA,0,0,NA,0,NA,NA,0,0,0,0,0,0,0,0,0,1,NA,-1,NA,0,0,1,0
786,DEC_C_1986_0286_J_19880922,ECLI:EU:C:1988:434:19880922,ECLI:EU:C:1988:434,61986CJ0286,1,NA,0,0,NA,1,NA,NA,0,0,0,0,0,0,0,0,0,1,NA,-1,NA,0,0,1,0
787,DEC_C_1986_0292_J_19880119,ECLI:EU:C:1988:15:19880119,ECLI:EU:C:1988:15,61986CJ0292,0,NA,0,0,NA,1,NA,NA,0,1,0,1,0,0,0,0,0,0,NA,-1,NA,0,0,0,0
788,DEC_C_1986_0298_J_19880714,ECLI:EU:C:1988:404:19880714,ECLI:EU:C:1988:404,61986CJ0298,1,NA,0,0,NA,0,NA,NA,0,0,0,0,0,0,0,0,0,1,NA,-1,NA,0,0,0,0
789,DEC_C_1986_0302_J_19880920,ECLI:EU:C:1988:421:19880920,ECLI:EU:C:1988:421,61986CJ0302,1,NA,0,0,NA,0,NA,NA,0,0,0,0,0,0,0,1,0,0,NA,0,NA,0,0,1,0
790,DEC_C_1986_0304_J_19900711,ECLI:EU:C:1990:294:19900711,ECLI:EU:C:1990:294,61986CJ0304,1,NA,0,1,NA,0,NA,NA,0,0,0,0,0,0,2,0,0,0,NA,-1,NA,0,0,0,0
791,DEC_C_1986_0310_J_19880712,ECLI:EU:C:1988:384:19880712,ECLI:EU:C:1988:384,61986CJ0310,0,NA,0,0,NA,0,NA,NA,0,0,0,0,0,0,0,0,0,1,NA,-1,NA,0,0,0,1
792,DEC_C_1986_0313_J_19880927,ECLI:EU:C:1988:452:19880927,ECLI:EU:C:1988:452,61986CJ0313,0,0,1,NA,0,1,0,0,NA,NA,NA,0,0,0,0,0,NA,0,0,-1,0,NA,NA,NA,NA
793,DEC_C_1986_0317_J_19890315,ECLI:EU:C:1989:125:19890315,ECLI:EU:C:1989:125,61986CJ0317,1,NA,0,0,NA,1,NA,NA,0,0,0,0,0,0,0,0,0,0,NA,-1,NA,0,0,0,0
794,DEC_C_1986_0320_J_19900711,ECLI:EU:C:1990:296:19900711,ECLI:EU:C:1990:296,61986CJ0320,1,NA,0,1,NA,0,NA,NA,0,0,0,0,0,0,2,0,0,0,NA,-1,NA,0,0,0,0
795,DEC_C_1986_0321_J_19880308,ECLI:EU:C:1988:126:19880308,ECLI:EU:C:1988:126,61986CJ0321,1,NA,0,1,NA,0,NA,NA,0,0,0,0,0,0,0,0,0,0,NA,-1,NA,0,0,0,0
796,DEC_C_1986_0323_J_19871217,ECLI:EU:C:1987:574:19871217,ECLI:EU:C:1987:574,61986CJ0323,0,1,1,NA,1,1,0,0,NA,NA,NA,0,0,0,0,0,NA,0,0,-1,-1,NA,NA,NA,NA
797,DEC_C_1987_0018_J_19880927,ECLI:EU:C:1988:453:19880927,ECLI:EU:C:1988:453,61987CJ0018,1,NA,0,0,NA,0,NA,NA,0,0,0,0,0,0,0,0,0,0,NA,-1,NA,0,0,0,0
798,DEC_C_1987_0020_J_19871208,ECLI:EU:C:1987:532:19871208,ECLI:EU:C:1987:532,61987CJ0020,0,NA,0,0,NA,1,NA,NA,0,0,0,0,0,0,0,0,0,-1,NA,-1,NA,0,0,0,0
799,DEC_C_1987_0021_J_19880705,ECLI:EU:C:1988:362:19880705,ECLI:EU:C:1988:362,61987CJ0021,0,0,1,NA,0,1,0,0,NA,NA,NA,0,0,0,0,0,NA,0,1,-1,-1,NA,NA,NA,NA
800,DEC_C_1987_0029_J_19880614,ECLI:EU:C:1988:299:19880614,ECLI:EU:C:1988:299,61987CJ0029,1,NA,0,1,NA,0,NA,NA,0,0,0,0,0,0,0,0,0,1,NA,-1,NA,0,0,1,1
801,DEC_C_1987_0035_J_19880630,ECLI:EU:C:1988:353:19880630,ECLI:EU:C:1988:353,61987CJ0035,1,NA,0,1,NA,0,NA,NA,1,1,0,0,0,0,0,0,0,0,NA,-1,NA,0,0,0,0
802,DEC_C_1987_0038_J_19880714,ECLI:EU:C:1988:407:19880714,ECLI:EU:C:1988:407,61987CJ0038,0,NA,0,0,NA,0,NA,NA,0,1,0,0,0,0,0,0,1,1,NA,-1,NA,0,0,1,0
803,DEC_C_1987_0042_J_19880927,ECLI:EU:C:1988:454:19880927,ECLI:EU:C:1988:454,61987CJ0042,0,0,1,NA,0,0,-1,0,NA,NA,NA,0,0,0,0,0,NA,1,-1,-1,1,NA,NA,NA,NA
804,DEC_C_1987_0043_J_19880308,ECLI:EU:C:1988:130:19880308,ECLI:EU:C:1988:130,61987CJ0043,1,NA,0,1,NA,0,NA,NA,0,0,0,0,0,0,0,-1,0,-1,NA,-1,NA,0,0,0,0
805,DEC_C_1987_0045_J_19880922,ECLI:EU:C:1988:435:19880922,ECLI:EU:C:1988:435,61987CJ0045,1,NA,0,0,NA,0,NA,NA,0,0,1,0,0,0,0,0,1,1,NA,-1,NA,0,0,1,0
806,DEC_C_1987_0051_J_19880927,ECLI:EU:C:1988:455:19880927,ECLI:EU:C:1988:455,61987CJ0051,1,NA,0,0,NA,0,NA,NA,0,0,0,0,0,0,0,-1,0,-1,NA,-1,NA,1,0,0,0
807,DEC_C_1987_0053_J_19881005,ECLI:EU:C:1988:472:19881005,ECLI:EU:C:1988:472,61987CJ0053,1,NA,0,1,NA,0,NA,NA,1,0,0,1,0,0,0,0,0,0,NA,-1,NA,0,0,0,0
808,DEC_C_1987_0056_J_19880609,ECLI:EU:C:1988:295:19880609,ECLI:EU:C:1988:295,61987CJ0056,1,NA,0,0,NA,0,NA,NA,0,0,1,0,0,0,0,0,1,1,NA,-1,NA,0,0,1,0
809,DEC_C_1987_0058_J_19880629,ECLI:EU:C:1988:344:19880629,ECLI:EU:C:1988:344,61987CJ0058,0,1,1,NA,1,1,0,0,NA,NA,NA,0,0,0,0,0,NA,1,1,-1,-1,NA,NA,NA,NA
810,DEC_C_1987_0074_J_19880531,ECLI:EU:C:1988:273:19880531,ECLI:EU:C:1988:273,61987CJ0074,1,NA,0,1,NA,0,NA,NA,0,0,0,0,0,0,0,0,0,-1,NA,-1,NA,0,0,0,0
811,DEC_C_1987_0081_J_19880927,ECLI:EU:C:1988:456:19880927,ECLI:EU:C:1988:456,61987CJ0081,0,NA,0,1,NA,0,NA,NA,0,0,0,1,0,0,0,0,0,0,NA,-1,NA,0,0,0,0
812,DEC_C_1987_0083_J_19880504,ECLI:EU:C:1988:227:19880504,ECLI:EU:C:1988:227,61987CJ0083,0,1,1,NA,1,1,0,0,NA,NA,NA,1,0,0,0,0,NA,0,1,-1,-1,NA,NA,NA,NA
813,DEC_C_1987_0092_J_19890222,ECLI:EU:C:1989:77:19890222,ECLI:EU:C:1989:77,61987CJ0092,1,NA,0,0,NA,0,NA,NA,0,0,0,0,0,0,0,0,0,0,NA,-1,NA,0,0,0,0
814,DEC_C_1987_0127_J_19880621,ECLI:EU:C:1988:331:19880621,ECLI:EU:C:1988:331,61987CJ0127,1,NA,0,0,NA,0,NA,NA,0,1,0,0,0,0,0,0,1,1,NA,-1,NA,0,0,1,1
815,DEC_C_1987_0136_J_19880920,ECLI:EU:C:1988:423:19880920,ECLI:EU:C:1988:423,61987CJ0136,0,NA,0,1,NA,0,NA,NA,0,0,0,0,0,0,0,0,0,-1,NA,-1,NA,0,0,0,0
816,DEC_C_1987_0143_J_19880707,ECLI:EU:C:1988:378:19880707,ECLI:EU:C:1988:378,61987CJ0143,0,1,1,0,1,1,0,0,1,1,0,0,0,0,2,0,1,1,1,-1,-1,0,0,1,0
817,DEC_C_1987_0147_J_19871217,ECLI:EU:C:1987:576:19871217,ECLI:EU:C:1987:576,61987CJ0147,0,0,1,NA,0,1,0,0,NA,NA,NA,0,0,0,0,0,NA,0,0,-1,0,NA,NA,NA,NA
818,DEC_C_1987_0151_J_19880420,ECLI:EU:C:1988:191:19880420,ECLI:EU:C:1988:191,61987CJ0151,0,0,1,NA,0,1,0,0,NA,NA,NA,0,0,0,0,0,NA,0,0,-1,-1,NA,NA,NA,NA
819,DEC_C_1987_0154_J_19880707,ECLI:EU:C:1988:379:19880707,ECLI:EU:C:1988:379,61987CJ0154,0,1,1,0,1,1,0,0,1,1,0,0,0,0,2,0,1,1,1,-1,-1,0,0,1,0
820,DEC_C_1987_0157_J_19900711,ECLI:EU:C:1990:297:19900711,ECLI:EU:C:1990:297,61987CJ0157,1,NA,0,1,NA,0,NA,NA,0,0,0,0,0,0,2,0,0,0,NA,-1,NA,0,0,0,0
821,DEC_C_1987_0165_J_19880927,ECLI:EU:C:1988:458:19880927,ECLI:EU:C:1988:458,61987CJ0165,1,NA,0,0,NA,0,NA,NA,0,0,0,0,0,0,0,-1,0,-1,NA,-1,NA,0,0,0,0
822,DEC_C_1987_0169_J_19880713,ECLI:EU:C:1988:393:19880713,ECLI:EU:C:1988:393,61987CJ0169,1,NA,0,0,NA,0,NA,NA,0,0,0,0,0,0,0,0,0,1,NA,-1,NA,0,0,1,0
823,DEC_C_1987_0186_J_19890202,ECLI:EU:C:1989:47:19890202,ECLI:EU:C:1989:47,61987CJ0186,0,NA,0,0,NA,1,NA,NA,0,1,0,0,0,0,0,0,1,1,NA,-1,NA,0,0,1,0
824,DEC_C_1987_0190_J_19880920,ECLI:EU:C:1988:424:19880920,ECLI:EU:C:1988:424,61987CJ0190,1,NA,0,1,NA,0,NA,NA,0,0,0,0,0,0,0,0,0,1,NA,-1,NA,0,0,1,1
825,DEC_C_1987_0192_J_19880428,ECLI:EU:C:1988:221:19880428,ECLI:EU:C:1988:221,61987CJ0192,0,1,1,NA,1,1,1,0,NA,NA,NA,0,0,0,0,0,NA,0,0,-1,-1,NA,NA,NA,NA
826,DEC_C_1987_0195_J_19890711,ECLI:EU:C:1989:302:19890711,ECLI:EU:C:1989:302,61987CJ0195,1,NA,0,1,NA,0,NA,NA,0,1,0,0,0,0,0,0,0,1,NA,-1,NA,0,0,0,1
827,DEC_C_1987_0196_J_19881005,ECLI:EU:C:1988:475:19881005,ECLI:EU:C:1988:475,61987CJ0196,0,NA,0,0,NA,1,NA,NA,0,0,0,0,0,0,0,0,0,1,NA,-1,NA,0,0,1,0
828,DEC_C_1987_0204_J_19880420,ECLI:EU:C:1988:192:19880420,ECLI:EU:C:1988:192,61987CJ0204,0,NA,0,0,NA,1,NA,NA,0,0,0,0,0,0,0,0,0,-1,NA,-1,NA,0,0,0,0
829,DEC_C_1987_0210_J_19881005,ECLI:EU:C:1988:476:19881005,ECLI:EU:C:1988:476,61987CJ0210,1,NA,0,0,NA,1,NA,NA,0,0,0,0,0,0,0,0,0,0,NA,-1,NA,0,0,0,0
830,DEC_C_1987_0215_J_19890307,ECLI:EU:C:1989:111:19890307,ECLI:EU:C:1989:111,61987CJ0215,1,NA,0,0,NA,1,NA,NA,0,0,0,0,0,0,0,0,0,1,NA,0,NA,0,0,1,0
831,DEC_C_1987_0216_J_19891214,ECLI:EU:C:1989:651:19891214,ECLI:EU:C:1989:651,61987CJ0216,1,NA,0,1,NA,0,NA,NA,0,0,0,1,0,0,0,0,0,0,NA,-1,NA,0,0,0,0
832,DEC_C_1987_0229_J_19881115,ECLI:EU:C:1988:501:19881115,ECLI:EU:C:1988:501,61987CJ0229,1,NA,0,0,NA,0,NA,NA,0,0,0,0,0,0,0,0,0,1,NA,-1,NA,0,0,0,0
833,DEC_C_1987_0234_J_19890120,ECLI:EU:C:1989:27:19890120,ECLI:EU:C:1989:27,61987CJ0234,1,NA,0,1,NA,0,NA,NA,0,0,0,0,0,0,0,0,0,-1,NA,-1,NA,0,0,0,0
834,DEC_C_1987_0235_J_19880927,ECLI:EU:C:1988:460:19880927,ECLI:EU:C:1988:460,61987CJ0235,0,1,1,NA,1,1,1,0,NA,NA,NA,0,1,0,0,0,NA,1,1,-1,-1,NA,NA,NA,NA
835,DEC_C_1987_0236_J_19880922,ECLI:EU:C:1988:443:19880922,ECLI:EU:C:1988:443,61987CJ0236,0,1,1,NA,1,1,1,0,NA,NA,NA,1,0,0,0,0,NA,1,1,-1,-1,NA,NA,NA,NA
836,DEC_C_1987_0245_J_19890228,ECLI:EU:C:1989:102:19890228,ECLI:EU:C:1989:102,61987CJ0245,1,NA,0,1,NA,0,NA,NA,0,0,0,0,0,0,0,0,0,-1,NA,-1,NA,0,0,0,0
837,DEC_C_1987_0247_J_19890214,ECLI:EU:C:1989:58:19890214,ECLI:EU:C:1989:58,61987CJ0247,1,NA,0,1,NA,0,NA,NA,0,0,0,0,0,0,0,-1,0,-1,NA,-1,NA,0,0,0,0
838,DEC_C_1987_0252_J_19880920,ECLI:EU:C:1988:426:19880920,ECLI:EU:C:1988:426,61987CJ0252,1,NA,0,1,NA,0,NA,NA,0,0,0,0,0,0,0,0,0,1,NA,-1,NA,0,0,0,1
839,DEC_C_1987_0253_J_19880621,ECLI:EU:C:1988:333:19880621,ECLI:EU:C:1988:333,61987CJ0253,1,NA,0,1,NA,0,NA,NA,0,0,0,0,0,0,0,0,0,-1,NA,-1,NA,0,0,0,0
840,DEC_C_1987_0266_J_19890518,ECLI:EU:C:1989:205:19890518,ECLI:EU:C:1989:205,61987CJ0266,1,NA,0,1,NA,0,NA,NA,1,1,0,1,0,0,0,1,0,0,NA,1,NA,0,0,0,0
841,DEC_C_1987_0268_J_19880922,ECLI:EU:C:1988:444:19880922,ECLI:EU:C:1988:444,61987CJ0268,1,NA,0,1,NA,0,NA,NA,0,0,0,0,0,0,0,0,0,-1,NA,-1,NA,0,0,0,0
842,DEC_C_1987_0269_J_19881214,ECLI:EU:C:1988:545:19881214,ECLI:EU:C:1988:545,61987CJ0269,0,0,1,NA,0,1,0,1,NA,NA,NA,0,1,0,0,0,NA,1,1,-1,1,NA,NA,NA,NA
843,DEC_C_1987_0274_J_19890202,ECLI:EU:C:1989:51:19890202,ECLI:EU:C:1989:51,61987CJ0274,1,NA,0,0,NA,0,NA,NA,0,0,0,0,0,0,0,1,0,1,NA,0,NA,0,0,1,0
844,DEC_C_1987_0275_J_19890202,ECLI:EU:C:1989:52:19890202,ECLI:EU:C:1989:52,61987CJ0275,1,NA,0,0,NA,0,NA,NA,0,0,0,0,0,0,0,0,0,-1,NA,-1,NA,1,0,0,0
845,DEC_C_1987_0287_J_19900118,ECLI:EU:C:1990:19:19900118,ECLI:EU:C:1990:19,61987CJ0287,0,NA,0,0,NA,0,NA,NA,0,0,0,0,0,0,0,0,0,1,NA,-1,NA,0,0,1,0
846,DEC_C_1987_0291_J_19881214,ECLI:EU:C:1988:547:19881214,ECLI:EU:C:1988:547,61987CJ0291,1,NA,0,1,NA,0,NA,NA,0,0,0,0,0,0,0,0,0,-1,NA,-1,NA,0,0,0,0
847,DEC_C_1987_0298_J_19880714,ECLI:EU:C:1988:415:19880714,ECLI:EU:C:1988:415,61987CJ0298,1,NA,0,1,NA,0,NA,NA,1,0,1,0,1,0,0,0,1,1,NA,0,NA,0,0,1,1
848,DEC_C_1987_0303_J_19890315,ECLI:EU:C:1989:128:19890315,ECLI:EU:C:1989:128,61987CJ0303,1,NA,0,1,NA,0,NA,NA,0,0,0,0,0,0,0,0,0,0,NA,-1,NA,0,0,0,0
849,DEC_C_1987_0305_J_19890530,ECLI:EU:C:1989:218:19890530,ECLI:EU:C:1989:218,61987CJ0305,0,0,1,0,0,0,-1,0,0,0,0,0,0,0,0,0,0,1,-1,-1,-1,0,0,1,0
850,DEC_C_1987_0321_J_19890427,ECLI:EU:C:1989:176:19890427,ECLI:EU:C:1989:176,61987CJ0321,0,0,1,NA,0,0,-1,0,NA,NA,NA,0,0,0,0,1,NA,0,-1,1,-1,NA,NA,NA,NA
851,DEC_C_1987_0340_J_19890530,ECLI:EU:C:1989:219:19890530,ECLI:EU:C:1989:219,61987CJ0340,1,NA,0,0,NA,0,NA,NA,0,0,0,0,0,0,0,0,0,1,NA,-1,NA,0,0,1,0
852,DEC_C_1987_0341_J_19890124,ECLI:EU:C:1989:30:19890124,ECLI:EU:C:1989:30,61987CJ0341,1,NA,0,1,NA,0,NA,NA,1,0,0,1,0,0,0,0,0,0,NA,-1,NA,0,0,0,0
853,DEC_C_1987_0344_J_19890531,ECLI:EU:C:1989:226:19890531,ECLI:EU:C:1989:226,61987CJ0344,0,0,1,NA,0,1,0,0,NA,NA,NA,0,0,0,0,0,NA,0,0,-1,-1,NA,NA,NA,NA
854,DEC_C_1987_0349_J_19911004,ECLI:EU:C:1991:372:19911004,ECLI:EU:C:1991:372,61987CJ0349,0,1,1,NA,1,1,-1,0,NA,NA,NA,0,0,0,0,0,NA,-1,-1,-1,-1,NA,NA,NA,NA
855,DEC_C_1987_0355_J_19890530,ECLI:EU:C:1989:220:19890530,ECLI:EU:C:1989:220,61987CJ0355,0,NA,0,0,NA,0,NA,NA,0,0,0,0,0,0,0,0,0,0,NA,-1,NA,0,0,0,0
856,DEC_C_1987_0357_J_19881005,ECLI:EU:C:1988:478:19881005,ECLI:EU:C:1988:478,61987CJ0357,1,NA,0,1,NA,0,NA,NA,0,0,0,0,0,0,0,0,0,-1,NA,-1,NA,0,0,0,0
857,DEC_C_1987_0359_J_19890302,ECLI:EU:C:1989:107:19890302,ECLI:EU:C:1989:107,61987CJ0359,0,1,1,NA,1,1,0,0,NA,NA,NA,0,0,0,0,0,NA,1,1,-1,1,NA,NA,NA,NA
858,DEC_C_1987_0368_J_19890518,ECLI:EU:C:1989:206:19890518,ECLI:EU:C:1989:206,61987CJ0368,0,1,1,NA,1,1,1,0,NA,NA,NA,0,0,0,0,0,NA,0,0,-1,-1,NA,NA,NA,NA
859,DEC_C_1987_0378_J_19890523,ECLI:EU:C:1989:209:19890523,ECLI:EU:C:1989:209,61987CJ0378,1,NA,0,1,NA,0,NA,NA,0,0,0,0,0,0,0,0,0,-1,NA,-1,NA,0,0,0,0
860,DEC_C_1987_0379_J_19891128,ECLI:EU:C:1989:599:19891128,ECLI:EU:C:1989:599,61987CJ0379,0,1,1,NA,1,1,1,0,NA,NA,NA,0,0,0,0,1,NA,0,1,1,-1,NA,NA,NA,NA
861,DEC_C_1987_0380_J_19890713,ECLI:EU:C:1989:318:19890713,ECLI:EU:C:1989:318,61987CJ0380,1,NA,0,1,NA,0,NA,NA,0,0,0,0,0,0,0,0,0,0,NA,-1,NA,0,0,0,0
862,DEC_C_1987_0382_J_19890516,ECLI:EU:C:1989:198:19890516,ECLI:EU:C:1989:198,61987CJ0382,1,NA,0,0,NA,1,NA,NA,1,0,0,1,0,0,0,0,0,0,NA,1,NA,0,0,0,0
863,DEC_C_1987_0386_J_19891109,ECLI:EU:C:1989:408:19891109,ECLI:EU:C:1989:408,61987CJ0386,1,NA,0,1,NA,0,NA,NA,0,0,0,1,0,0,0,0,0,0,NA,-1,NA,0,0,0,0
864,DEC_C_1987_0388_J_19890512,ECLI:EU:C:1989:196:19890512,ECLI:EU:C:1989:196,61987CJ0388,0,1,1,NA,1,1,1,0,NA,NA,NA,0,0,0,0,0,NA,-1,-1,-1,-1,NA,NA,NA,NA
865,DEC_C_1987_0389_J_19890315,ECLI:EU:C:1989:130:19890315,ECLI:EU:C:1989:130,61987CJ0389,0,0,1,NA,0,1,0,1,NA,NA,NA,0,0,0,0,0,NA,1,1,-1,1,NA,NA,NA,NA
866,DEC_C_1987_0395_J_19890713,ECLI:EU:C:1989:319:19890713,ECLI:EU:C:1989:319,61987CJ0395,1,NA,0,0,NA,1,NA,NA,0,0,0,0,1,1,0,1,0,0,NA,1,NA,0,0,0,0
867,DEC_C_1988_0001_J_19890314,ECLI:EU:C:1989:122:19890314,ECLI:EU:C:1989:122,61988CJ0001,0,1,1,NA,1,1,0,0,NA,NA,NA,0,0,0,0,0,NA,1,1,-1,1,NA,NA,NA,NA
868,DEC_C_1988_0003_J_19891205,ECLI:EU:C:1989:606:19891205,ECLI:EU:C:1989:606,61988CJ0003,0,NA,0,0,NA,0,NA,NA,0,1,0,0,0,0,0,1,1,1,NA,0,NA,0,0,1,1
869,DEC_C_1988_0004_J_19890713,ECLI:EU:C:1989:320:19890713,ECLI:EU:C:1989:320,61988CJ0004,0,NA,0,1,NA,0,NA,NA,0,0,0,0,0,0,0,0,0,0,NA,-1,NA,0,0,0,0
870,DEC_C_1988_0009_J_19890927,ECLI:EU:C:1989:346:19890927,ECLI:EU:C:1989:346,61988CJ0009,0,1,1,NA,1,1,0,0,NA,NA,NA,1,1,0,0,0,NA,1,1,-1,-1,NA,NA,NA,NA
871,DEC_C_1988_0012_J_19890921,ECLI:EU:C:1989:338:19890921,ECLI:EU:C:1989:338,61988CJ0012,1,NA,0,1,NA,0,NA,NA,0,0,1,0,1,0,0,1,0,1,NA,0,NA,0,0,1,0
872,DEC_C_1988_0018_J_19911213,ECLI:EU:C:1991:474:19911213,ECLI:EU:C:1991:474,61988CJ0018,1,NA,0,1,NA,0,NA,NA,1,0,1,0,0,0,0,1,1,1,NA,0,NA,0,0,1,0
873,DEC_C_1988_0019_J_19890228,ECLI:EU:C:1989:103:19890228,ECLI:EU:C:1989:103,61988CJ0019,1,NA,0,1,NA,0,NA,NA,0,0,0,0,0,0,0,0,0,-1,NA,-1,NA,0,0,0,0
874,DEC_C_1988_0021_J_19900320,ECLI:EU:C:1990:121:19900320,ECLI:EU:C:1990:121,61988CJ0021,1,NA,0,1,NA,0,NA,NA,0,1,0,0,0,0,0,0,1,1,NA,-1,NA,0,0,1,0
875,DEC_C_1988_0022_J_19890629,ECLI:EU:C:1989:277:19890629,ECLI:EU:C:1989:277,61988CJ0022,1,NA,0,1,NA,0,NA,NA,0,0,0,0,0,0,0,0,0,1,NA,-1,NA,1,1,0,0
876,DEC_C_1988_0024_J_19890627,ECLI:EU:C:1989:260:19890627,ECLI:EU:C:1989:260,61988CJ0024,0,1,1,NA,1,1,0,0,NA,NA,NA,1,0,0,0,0,NA,1,1,-1,1,NA,NA,NA,NA
877,DEC_C_1988_0025_J_19890511,ECLI:EU:C:1989:187:19890511,ECLI:EU:C:1989:187,61988CJ0025,1,NA,0,0,NA,1,NA,NA,0,0,0,1,0,0,0,1,0,0,NA,1,NA,0,0,0,0
878,DEC_C_1988_0026_J_19891213,ECLI:EU:C:1989:637:19891213,ECLI:EU:C:1989:637,61988CJ0026,1,NA,0,1,NA,0,NA,NA,0,0,0,0,0,0,0,0,0,-1,NA,-1,NA,0,0,0,0
879,DEC_C_1988_0033_J_19890530,ECLI:EU:C:1989:222:19890530,ECLI:EU:C:1989:222,61988CJ0033,0,1,1,NA,1,1,1,0,NA,NA,NA,1,0,0,0,0,NA,1,1,0,-1,NA,NA,NA,NA
880,DEC_C_1988_0037_J_19890927,ECLI:EU:C:1989:348:19890927,ECLI:EU:C:1989:348,61988CJ0037,1,NA,0,1,NA,0,NA,NA,0,0,0,0,0,0,0,0,0,-1,NA,-1,NA,0,0,0,0
881,DEC_C_1988_0040_J_19890525,ECLI:EU:C:1989:214:19890525,ECLI:EU:C:1989:214,61988CJ0040,1,NA,0,0,NA,1,NA,NA,0,0,0,0,0,0,0,0,0,-1,NA,-1,NA,0,0,0,0
882,DEC_C_1988_0043_J_19890531,ECLI:EU:C:1989:227:19890531,ECLI:EU:C:1989:227,61988CJ0043,1,NA,0,0,NA,0,NA,NA,0,0,0,0,0,0,0,0,0,1,NA,-1,NA,0,0,1,1
883,DEC_C_1988_0046_J_19890511,ECLI:EU:C:1989:188:19890511,ECLI:EU:C:1989:188,61988CJ0046,0,NA,0,0,NA,0,NA,NA,0,0,0,0,0,0,0,0,0,1,NA,-1,NA,0,0,1,0
884,DEC_C_1988_0052_J_19890511,ECLI:EU:C:1989:189:19890511,ECLI:EU:C:1989:189,61988CJ0052,1,NA,0,0,NA,0,NA,NA,0,0,0,0,0,0,0,0,0,1,NA,-1,NA,0,0,1,0
885,DEC_C_1988_0054_J_19901003,ECLI:EU:C:1990:340:19901003,ECLI:EU:C:1990:340,61988CJ0054,0,NA,0,0,NA,1,NA,NA,0,0,0,0,0,0,0,0,0,-1,NA,-1,NA,0,0,0,0
886,DEC_C_1988_0067_J_19901127,ECLI:EU:C:1990:421:19901127,ECLI:EU:C:1990:421,61988CJ0067,1,NA,0,0,NA,0,NA,NA,1,1,0,0,0,0,0,0,1,1,NA,0,NA,0,0,1,0
887,DEC_C_1988_0068_J_19890921,ECLI:EU:C:1989:339:19890921,ECLI:EU:C:1989:339,61988CJ0068,1,NA,0,0,NA,0,NA,NA,0,0,0,0,0,0,0,0,0,1,NA,-1,NA,0,0,1,1
888,DEC_C_1988_0069_J_19900307,ECLI:EU:C:1990:97:19900307,ECLI:EU:C:1990:97,61988CJ0069,1,NA,0,1,NA,0,NA,NA,0,0,0,1,0,0,0,0,0,0,NA,-1,NA,0,0,0,0
889,DEC_C_1988_0114_J_19891205,ECLI:EU:C:1989:607:19891205,ECLI:EU:C:1989:607,61988CJ0114,0,1,1,NA,1,1,0,0,NA,NA,NA,1,0,0,0,0,NA,1,1,-1,1,NA,NA,NA,NA
890,DEC_C_1988_0117_J_19900307,ECLI:EU:C:1990:99:19900307,ECLI:EU:C:1990:99,61988CJ0117,1,NA,0,1,NA,0,NA,NA,0,0,0,0,0,0,0,0,0,0,NA,-1,NA,0,0,0,0
891,DEC_C_1988_0125_J_19891107,ECLI:EU:C:1989:401:19891107,ECLI:EU:C:1989:401,61988CJ0125,1,NA,0,0,NA,1,NA,NA,0,0,0,0,0,0,0,0,0,0,NA,-1,NA,0,0,0,0
892,DEC_C_1988_0128_J_19890418,ECLI:EU:C:1989:153:19890418,ECLI:EU:C:1989:153,61988CJ0128,0,1,1,NA,1,1,0,0,NA,NA,NA,1,0,0,0,0,NA,1,1,-1,-1,NA,NA,NA,NA
893,DEC_C_1988_0130_J_19890927,ECLI:EU:C:1989:349:19890927,ECLI:EU:C:1989:349,61988CJ0130,0,NA,0,0,NA,1,NA,NA,0,0,0,0,0,0,0,0,0,0,NA,-1,NA,0,0,0,0
894,DEC_C_1988_0140_J_19910221,ECLI:EU:C:1991:64:19910221,ECLI:EU:C:1991:64,61988CJ0140,0,1,1,NA,1,1,0,0,NA,NA,NA,1,0,0,0,0,NA,1,1,-1,-1,NA,NA,NA,NA
895,DEC_C_1988_0141_J_19890712,ECLI:EU:C:1989:311:19890712,ECLI:EU:C:1989:311,61988CJ0141,0,0,1,NA,0,1,0,0,NA,NA,NA,0,0,0,0,0,NA,0,0,-1,-1,NA,NA,NA,NA
896,DEC_C_1988_0145_J_19891123,ECLI:EU:C:1989:593:19891123,ECLI:EU:C:1989:593,61988CJ0145,1,NA,0,1,NA,0,NA,NA,0,0,0,0,1,0,0,1,0,0,NA,-1,NA,0,0,0,0
897,DEC_C_1988_0150_J_19891123,ECLI:EU:C:1989:594:19891123,ECLI:EU:C:1989:594,61988CJ0150,1,NA,0,1,NA,0,NA,NA,0,0,0,0,0,0,0,0,0,1,NA,-1,NA,0,0,0,1
898,DEC_C_1988_0153_J_19900307,ECLI:EU:C:1990:100:19900307,ECLI:EU:C:1990:100,61988CJ0153,1,NA,0,0,NA,1,NA,NA,0,0,0,0,0,0,0,0,0,0,NA,-1,NA,0,0,0,0
899,DEC_C_1988_0161_J_19890712,ECLI:EU:C:1989:312:19890712,ECLI:EU:C:1989:312,61988CJ0161,1,NA,0,1,NA,0,NA,NA,0,0,0,0,0,0,0,0,0,1,NA,-1,NA,0,0,0,0
900,DEC_C_1988_0164_J_19890628,ECLI:EU:C:1989:271:19890628,ECLI:EU:C:1989:271,61988CJ0164,1,NA,0,0,NA,1,NA,NA,0,0,0,0,0,0,0,0,0,-1,NA,-1,NA,0,0,0,0
901,DEC_C_1988_0168_J_19891214,ECLI:EU:C:1989:652:19891214,ECLI:EU:C:1989:652,61988CJ0168,0,1,1,NA,1,1,0,0,NA,NA,NA,0,0,0,0,0,NA,1,1,-1,1,NA,NA,NA,NA
902,DEC_C_1988_0170_J_19890711,ECLI:EU:C:1989:306:19890711,ECLI:EU:C:1989:306,61988CJ0170,1,NA,0,1,NA,0,NA,NA,0,0,0,0,0,0,0,0,0,1,NA,-1,NA,0,0,1,0
903,DEC_C_1988_0175_J_19900508,ECLI:EU:C:1990:186:19900508,ECLI:EU:C:1990:186,61988CJ0175,0,1,1,NA,1,1,0,0,NA,NA,NA,0,0,0,0,0,NA,1,1,-1,-1,NA,NA,NA,NA
904,DEC_C_1988_0181_J_19891213,ECLI:EU:C:1989:642:19891213,ECLI:EU:C:1989:642,61988CJ0181,1,NA,0,1,NA,0,NA,NA,0,1,0,0,0,0,0,0,0,0,NA,-1,NA,0,0,0,0
905,DEC_C_1988_0186_J_19891128,ECLI:EU:C:1989:601:19891128,ECLI:EU:C:1989:601,61988CJ0186,1,NA,0,1,NA,0,NA,NA,0,0,0,0,0,0,0,0,0,1,NA,-1,NA,0,0,0,1
906,DEC_C_1988_0199_J_19900321,ECLI:EU:C:1990:127:19900321,ECLI:EU:C:1990:127,61988CJ0199,0,1,1,NA,1,1,0,0,NA,NA,NA,0,0,0,0,0,NA,0,0,-1,-1,NA,NA,NA,NA
907,DEC_C_1988_0202_J_19910319,ECLI:EU:C:1991:120:19910319,ECLI:EU:C:1991:120,61988CJ0202,1,NA,0,0,NA,0,NA,NA,0,0,0,0,0,0,0,-1,0,1,NA,-1,NA,1,0,0,0
908,DEC_C_1988_0212_J_19891026,ECLI:EU:C:1989:400:19891026,ECLI:EU:C:1989:400,61988CJ0212,1,NA,0,0,NA,1,NA,NA,0,0,0,0,1,0,0,0,0,-1,NA,-1,NA,0,0,0,0
909,DEC_C_1988_0214_J_19890713,ECLI:EU:C:1989:330:19890713,ECLI:EU:C:1989:330,61988CJ0214,1,NA,0,1,NA,0,NA,NA,0,0,0,0,0,0,0,0,0,-1,NA,-1,NA,0,0,0,0
910,DEC_C_1988_0219_J_19900328,ECLI:EU:C:1990:146:19900328,ECLI:EU:C:1990:146,61988CJ0219,1,NA,0,1,NA,0,NA,NA,0,0,0,0,0,0,0,0,0,-1,NA,-1,NA,0,0,0,0
911,DEC_C_1988_0228_J_19900222,ECLI:EU:C:1990:85:19900222,ECLI:EU:C:1990:85,61988CJ0228,0,1,1,NA,1,1,0,0,NA,NA,NA,1,0,0,0,0,NA,1,1,-1,1,NA,NA,NA,NA
912,DEC_C_1988_0233_J_19900208,ECLI:EU:C:1990:60:19900208,ECLI:EU:C:1990:60,61988CJ0233,1,NA,0,0,NA,1,NA,NA,0,0,0,0,0,0,0,0,0,-1,NA,-1,NA,0,0,0,0
913,DEC_C_1988_0236_J_19900712,ECLI:EU:C:1990:303:19900712,ECLI:EU:C:1990:303,61988CJ0236,0,0,1,NA,0,0,-1,0,NA,NA,NA,1,0,0,0,0,NA,1,1,-1,-1,NA,NA,NA,NA
914,DEC_C_1988_0245_J_19910221,ECLI:EU:C:1991:66:19910221,ECLI:EU:C:1991:66,61988CJ0245,0,0,1,NA,0,1,0,0,NA,NA,NA,0,0,0,0,0,NA,0,0,-1,-1,NA,NA,NA,NA
915,DEC_C_1988_0248_J_19890713,ECLI:EU:C:1989:332:19890713,ECLI:EU:C:1989:332,61988CJ0248,1,NA,0,1,NA,0,NA,NA,0,0,0,0,0,0,0,0,0,-1,NA,-1,NA,0,0,0,0
916,DEC_C_1988_0249_J_19910319,ECLI:EU:C:1991:121:19910319,ECLI:EU:C:1991:121,61988CJ0249,1,NA,0,0,NA,0,NA,NA,0,0,0,0,0,0,0,0,0,1,NA,-1,NA,0,0,1,0
917,DEC_C_1988_0263_J_19901212,ECLI:EU:C:1990:454:19901212,ECLI:EU:C:1990:454,61988CJ0263,0,NA,0,0,NA,0,NA,NA,0,0,0,0,0,0,0,0,1,1,NA,-1,NA,0,0,1,1
918,DEC_C_1988_0265_J_19891212,ECLI:EU:C:1989:632:19891212,ECLI:EU:C:1989:632,61988CJ0265,0,NA,0,0,NA,1,NA,NA,0,0,0,0,0,0,0,1,0,1,NA,0,NA,0,0,1,0
919,DEC_C_1988_0293_J_19900502,ECLI:EU:C:1990:170:19900502,ECLI:EU:C:1990:170,61988CJ0293,0,0,1,NA,0,1,1,0,NA,NA,NA,0,0,0,0,0,NA,0,0,-1,-1,NA,NA,NA,NA
920,DEC_C_1988_0295_J_19900118,ECLI:EU:C:1990:21:19900118,ECLI:EU:C:1990:21,61988CJ0295,1,NA,0,1,NA,0,NA,NA,0,0,0,0,0,0,0,0,0,0,NA,-1,NA,0,0,0,0
921,DEC_C_1988_0297_J_19901018,ECLI:EU:C:1990:360:19901018,ECLI:EU:C:1990:360,61988CJ0297,0,0,1,NA,0,1,1,0,NA,NA,NA,1,1,1,0,0,NA,1,1,-1,1,NA,NA,NA,NA
922,DEC_C_1988_0302_J_19901212,ECLI:EU:C:1990:455:19901212,ECLI:EU:C:1990:455,61988CJ0302,1,NA,0,1,NA,0,NA,NA,0,0,0,0,0,0,0,0,0,-1,NA,-1,NA,0,0,0,0
923,DEC_C_1988_0304_J_19900705,ECLI:EU:C:1990:284:19900705,ECLI:EU:C:1990:284,61988CJ0304,1,NA,0,0,NA,0,NA,NA,0,0,0,0,0,0,0,0,0,1,NA,-1,NA,0,0,1,0
924,DEC_C_1988_0306_J_19921216,ECLI:EU:C:1992:510:19921216,ECLI:EU:C:1992:510,61988CJ0306,1,NA,0,0,NA,1,NA,NA,0,0,0,1,0,0,0,0,0,0,NA,-1,NA,0,0,0,0
925,DEC_C_1988_0324_J_19900207,ECLI:EU:C:1990:54:19900207,ECLI:EU:C:1990:54,61988CJ0324,0,0,1,NA,0,1,-1,1,NA,NA,NA,0,0,0,0,0,NA,-1,-1,-1,-1,NA,NA,NA,NA
926,DEC_C_1988_0332_J_19900522,ECLI:EU:C:1990:218:19900522,ECLI:EU:C:1990:218,61988CJ0332,1,NA,0,1,NA,0,NA,NA,0,0,0,0,0,0,0,0,0,1,NA,-1,NA,0,0,0,1
927,DEC_C_1988_0342_J_19900606,ECLI:EU:C:1990:235:19900606,ECLI:EU:C:1990:235,61988CJ0342,0,0,1,NA,0,1,0,0,NA,NA,NA,1,0,0,0,0,NA,1,1,-1,-1,NA,NA,NA,NA
928,DEC_C_1988_0344_J_19900328,ECLI:EU:C:1990:147:19900328,ECLI:EU:C:1990:147,61988CJ0344,1,NA,0,1,NA,0,NA,NA,0,0,0,0,0,0,0,-1,0,-1,NA,-1,NA,0,0,0,0
929,DEC_C_1988_0347_J_19901213,ECLI:EU:C:1990:470:19901213,ECLI:EU:C:1990:470,61988CJ0347,1,NA,0,0,NA,0,NA,NA,0,1,0,0,0,0,0,0,1,1,NA,-1,NA,0,0,1,0
930,DEC_C_1988_0351_J_19910711,ECLI:EU:C:1991:304:19910711,ECLI:EU:C:1991:304,61988CJ0351,1,NA,0,1,NA,0,NA,NA,0,0,0,0,0,0,0,0,0,1,NA,-1,NA,0,0,1,0
931,DEC_C_1988_0354_J_19900704,ECLI:EU:C:1990:278:19900704,ECLI:EU:C:1990:278,61988CJ0354,1,NA,0,1,NA,0,NA,NA,0,0,0,0,0,0,0,0,0,-1,NA,-1,NA,0,0,0,0
932,DEC_C_1988_0362_J_19900307,ECLI:EU:C:1990:102:19900307,ECLI:EU:C:1990:102,61988CJ0362,1,NA,0,1,NA,0,NA,NA,0,0,0,0,0,0,0,1,0,1,NA,0,NA,0,0,1,0
933,DEC_C_1988_0369_J_19910321,ECLI:EU:C:1991:137:19910321,ECLI:EU:C:1991:137,61988CJ0369,1,NA,0,0,NA,1,NA,NA,0,0,0,0,1,0,0,0,0,0,NA,-1,NA,0,0,0,0
934,DEC_C_1989_0001_J_19891213,ECLI:EU:C:1989:648:19891213,ECLI:EU:C:1989:648,61989CJ0001,1,NA,0,0,NA,1,NA,NA,0,0,0,0,0,0,0,0,0,-1,NA,-1,NA,0,0,0,0
935,DEC_C_1989_0002_J_19900503,ECLI:EU:C:1990:183:19900503,ECLI:EU:C:1990:183,61989CJ0002,0,0,1,NA,0,1,0,1,NA,NA,NA,1,0,0,0,0,NA,1,1,-1,1,NA,NA,NA,NA
936,DEC_C_1989_0010_J_19901017,ECLI:EU:C:1990:359:19901017,ECLI:EU:C:1990:359,61989CJ0010,1,NA,0,1,NA,0,NA,NA,0,1,0,0,0,0,0,0,0,0,NA,-1,NA,0,0,0,0
937,DEC_C_1989_0011_J_19900606,ECLI:EU:C:1990:237:19900606,ECLI:EU:C:1990:237,61989CJ0011,1,NA,0,1,NA,0,NA,NA,0,0,0,0,0,0,0,0,0,0,NA,-1,NA,0,0,0,0
938,DEC_C_1989_0012_J_19900222,ECLI:EU:C:1990:89:19900222,ECLI:EU:C:1990:89,61989CJ0012,0,1,1,NA,1,1,0,0,NA,NA,NA,0,0,0,0,0,NA,1,1,-1,-1,NA,NA,NA,NA
939,DEC_C_1989_0017_J_19900606,ECLI:EU:C:1990:238:19900606,ECLI:EU:C:1990:238,61989CJ0017,1,NA,0,1,NA,0,NA,NA,0,0,0,0,0,0,0,0,0,-1,NA,-1,NA,0,0,0,0
940,DEC_C_1989_0023_J_19900711,ECLI:EU:C:1990:300:19900711,ECLI:EU:C:1990:300,61989CJ0023,1,NA,0,1,NA,0,NA,NA,0,0,0,1,0,0,0,0,0,0,NA,-1,NA,0,0,0,0
941,DEC_C_1989_0038_J_19900111,ECLI:EU:C:1990:11:19900111,ECLI:EU:C:1990:11,61989CJ0038,0,NA,0,0,NA,0,NA,NA,0,0,0,0,0,0,0,0,0,1,NA,-1,NA,0,0,0,1
942,DEC_C_1989_0043_J_19900712,ECLI:EU:C:1990:307:19900712,ECLI:EU:C:1990:307,61989CJ0043,1,NA,0,1,NA,0,NA,NA,0,0,0,0,0,0,0,0,0,-1,NA,-1,NA,0,0,0,0
943,DEC_C_1989_0049_J_19891213,ECLI:EU:C:1989:649:19891213,ECLI:EU:C:1989:649,61989CJ0049,0,NA,0,1,NA,0,NA,NA,0,0,0,0,0,0,0,0,0,0,NA,-1,NA,0,0,0,0
944,DEC_C_1989_0060_J_19910321,ECLI:EU:C:1991:138:19910321,ECLI:EU:C:1991:138,61989CJ0060,1,NA,0,0,NA,1,NA,NA,0,0,0,0,1,0,0,0,0,0,NA,-1,NA,0,0,0,0
945,DEC_C_1989_0061_J_19901003,ECLI:EU:C:1990:343:19901003,ECLI:EU:C:1990:343,61989CJ0061,0,NA,0,0,NA,1,NA,NA,1,0,0,0,0,0,0,0,0,0,NA,-1,NA,0,0,0,0
946,DEC_C_1989_0063_J_19910418,ECLI:EU:C:1991:152:19910418,ECLI:EU:C:1991:152,61989CJ0063,0,NA,0,1,NA,0,NA,NA,0,0,0,0,0,0,0,0,0,-1,NA,-1,NA,0,0,0,0
947,DEC_C_1989_0064_J_19900626,ECLI:EU:C:1990:261:19900626,ECLI:EU:C:1990:261,61989CJ0064,1,NA,0,1,NA,0,NA,NA,0,0,0,0,1,1,0,0,0,-1,NA,-1,NA,0,0,0,0
948,DEC_C_1989_0066_J_19900517,ECLI:EU:C:1990:212:19900517,ECLI:EU:C:1990:212,61989CJ0066,1,NA,0,1,NA,0,NA,NA,0,0,0,0,0,0,0,0,0,-1,NA,-1,NA,0,0,0,0
949,DEC_C_1989_0068_J_19910530,ECLI:EU:C:1991:226:19910530,ECLI:EU:C:1991:226,61989CJ0068,0,0,1,NA,0,0,-1,0,NA,NA,NA,0,0,0,0,0,NA,1,-1,-1,-1,NA,NA,NA,NA
950,DEC_C_1989_0073_J_19921112,ECLI:EU:C:1992:431:19921112,ECLI:EU:C:1992:431,61989CJ0073,0,NA,0,0,NA,1,NA,NA,0,0,0,0,1,0,0,0,0,-1,NA,-1,NA,0,0,0,0
951,DEC_C_1989_0079_J_19910418,ECLI:EU:C:1991:153:19910418,ECLI:EU:C:1991:153,61989CJ0079,1,NA,0,1,NA,0,NA,NA,0,0,0,0,0,0,0,0,0,-1,NA,-1,NA,0,0,0,0
952,DEC_C_1989_0080_J_19900628,ECLI:EU:C:1990:269:19900628,ECLI:EU:C:1990:269,61989CJ0080,1,NA,0,1,NA,0,NA,NA,0,0,0,0,0,0,0,0,0,-1,NA,-1,NA,0,0,0,0
953,DEC_C_1989_0083_J_19900322,ECLI:EU:C:1990:132:19900322,ECLI:EU:C:1990:132,61989CJ0083,1,NA,0,0,NA,1,NA,NA,0,0,0,0,0,0,0,0,0,0,NA,-1,NA,0,0,0,0
954,DEC_C_1989_0085_J_19900321,ECLI:EU:C:1990:128:19900321,ECLI:EU:C:1990:128,61989CJ0085,0,0,1,NA,0,1,1,0,NA,NA,NA,1,0,0,0,0,NA,1,0,-1,-1,NA,NA,NA,NA
955,DEC_C_1989_0093_J_19911004,ECLI:EU:C:1991:374:19911004,ECLI:EU:C:1991:374,61989CJ0093,0,0,1,0,0,0,-1,0,0,1,0,0,0,0,0,0,1,1,-1,0,-1,0,0,1,0
956,DEC_C_1989_0095_J_19920716,ECLI:EU:C:1992:323:19920716,ECLI:EU:C:1992:323,61989CJ0095,1,NA,0,0,NA,0,NA,NA,0,0,0,0,0,0,0,0,0,0,NA,-1,NA,0,0,0,0
957,DEC_C_1989_0099_J_19901113,ECLI:EU:C:1990:394:19901113,ECLI:EU:C:1990:394,61989CJ0099,0,1,1,NA,1,1,0,0,NA,NA,NA,0,0,0,0,0,NA,1,0,-1,-1,NA,NA,NA,NA
958,DEC_C_1989_0100_J_19901212,ECLI:EU:C:1990:456:19901212,ECLI:EU:C:1990:456,61989CJ0100,0,1,1,NA,1,1,0,0,NA,NA,NA,1,1,0,1,0,NA,1,1,-1,-1,NA,NA,NA,NA
959,DEC_C_1989_0105_J_19901114,ECLI:EU:C:1990:402:19901114,ECLI:EU:C:1990:402,61989CJ0105,0,0,1,NA,0,1,0,0,NA,NA,NA,0,0,0,0,0,NA,0,0,-1,-1,NA,NA,NA,NA
960,DEC_C_1989_0106_J_19901113,ECLI:EU:C:1990:395:19901113,ECLI:EU:C:1990:395,61989CJ0106,0,NA,0,1,NA,0,NA,NA,0,0,0,0,0,0,0,0,0,-1,NA,-1,NA,0,0,0,0
961,DEC_C_1989_0108_J_19900405,ECLI:EU:C:1990:167:19900405,ECLI:EU:C:1990:167,61989CJ0108,0,1,1,NA,1,1,0,0,NA,NA,NA,0,1,0,0,0,NA,0,0,-1,-1,NA,NA,NA,NA
962,DEC_C_1989_0109_J_19900405,ECLI:EU:C:1990:168:19900405,ECLI:EU:C:1990:168,61989CJ0109,0,0,1,NA,0,1,0,0,NA,NA,NA,0,0,0,0,0,NA,-1,-1,-1,-1,NA,NA,NA,NA
963,DEC_C_1989_0110_J_19910530,ECLI:EU:C:1991:227:19910530,ECLI:EU:C:1991:227,61989CJ0110,1,NA,0,0,NA,0,NA,NA,0,0,0,0,0,0,0,0,0,1,NA,-1,NA,0,0,1,1
964,DEC_C_1989_0111_J_19900502,ECLI:EU:C:1990:177:19900502,ECLI:EU:C:1990:177,61989CJ0111,1,NA,0,1,NA,0,NA,NA,0,0,0,0,1,0,0,0,0,1,NA,-1,NA,0,0,1,0
965,DEC_C_1989_0112_J_19910416,ECLI:EU:C:1991:147:19910416,ECLI:EU:C:1991:147,61989CJ0112,1,NA,0,1,NA,0,NA,NA,0,0,0,0,1,1,0,0,0,0,NA,-1,NA,0,0,0,0
966,DEC_C_1989_0113_J_19900327,ECLI:EU:C:1990:142:19900327,ECLI:EU:C:1990:142,61989CJ0113,0,NA,0,1,NA,0,NA,NA,0,1,0,0,0,0,0,0,1,1,NA,-1,NA,0,0,1,0
967,DEC_C_1989_0116_J_19910307,ECLI:EU:C:1991:104:19910307,ECLI:EU:C:1991:104,61989CJ0116,1,NA,0,1,NA,0,NA,NA,0,0,0,0,0,0,0,0,0,0,NA,-1,NA,0,0,0,0
968,DEC_C_1989_0117_J_19900704,ECLI:EU:C:1990:279:19900704,ECLI:EU:C:1990:279,61989CJ0117,0,1,1,NA,1,1,0,0,NA,NA,NA,1,0,0,0,0,NA,1,1,-1,1,NA,NA,NA,NA
969,DEC_C_1989_0128_J_19900712,ECLI:EU:C:1990:311:19900712,ECLI:EU:C:1990:311,61989CJ0128,1,NA,0,0,NA,0,NA,NA,0,0,0,0,0,0,0,1,0,1,NA,0,NA,0,0,1,1
970,DEC_C_1989_0137_J_19900314,ECLI:EU:C:1990:117:19900314,ECLI:EU:C:1990:117,61989CJ0137,1,NA,0,0,NA,0,NA,NA,0,0,0,0,0,0,0,0,0,1,NA,-1,NA,0,0,1,0
971,DEC_C_1989_0154_J_19910226,ECLI:EU:C:1991:76:19910226,ECLI:EU:C:1991:76,61989CJ0154,0,NA,0,0,NA,0,NA,NA,1,0,0,0,0,0,0,1,0,1,NA,0,NA,0,0,1,0
972,DEC_C_1989_0163_J_19900510,ECLI:EU:C:1990:196:19900510,ECLI:EU:C:1990:196,61989CJ0163,0,1,1,NA,1,1,0,0,NA,NA,NA,0,0,0,0,0,NA,-1,-1,-1,-1,NA,NA,NA,NA
973,DEC_C_1989_0169_J_19900523,ECLI:EU:C:1990:227:19900523,ECLI:EU:C:1990:227,61989CJ0169,1,NA,0,1,NA,0,NA,NA,0,0,0,0,0,0,0,0,0,1,NA,-1,NA,0,0,1,1
974,DEC_C_1989_0177_J_19900619,ECLI:EU:C:1990:256:19900619,ECLI:EU:C:1990:256,61989CJ0177,1,NA,0,0,NA,0,NA,NA,0,0,0,0,0,0,0,0,0,1,NA,-1,NA,0,0,1,0
975,DEC_C_1989_0180_J_19910226,ECLI:EU:C:1991:78:19910226,ECLI:EU:C:1991:78,61989CJ0180,0,NA,0,0,NA,0,NA,NA,1,0,0,0,0,0,0,1,1,1,NA,0,NA,0,0,1,0
976,DEC_C_1989_0192_J_19900920,ECLI:EU:C:1990:322:19900920,ECLI:EU:C:1990:322,61989CJ0192,0,1,1,NA,1,1,0,0,NA,NA,NA,0,0,0,1,0,NA,0,0,-1,-1,NA,NA,NA,NA
977,DEC_C_1989_0196_J_19901011,ECLI:EU:C:1990:355:19901011,ECLI:EU:C:1990:355,61989CJ0196,1,NA,0,0,NA,1,NA,NA,1,0,0,0,0,0,0,0,0,1,NA,-1,NA,0,0,1,0
978,DEC_C_1989_0198_J_19910226,ECLI:EU:C:1991:79:19910226,ECLI:EU:C:1991:79,61989CJ0198,0,NA,0,0,NA,0,NA,NA,1,0,0,0,0,0,0,1,1,1,NA,0,NA,0,0,1,0
979,DEC_C_1989_0205_J_19910319,ECLI:EU:C:1991:123:19910319,ECLI:EU:C:1991:123,61989CJ0205,1,NA,0,0,NA,0,NA,NA,0,0,0,1,0,0,0,0,0,1,NA,-1,NA,0,0,1,0
980,DEC_C_1989_0209_J_19910321,ECLI:EU:C:1991:139:19910321,ECLI:EU:C:1991:139,61989CJ0209,1,NA,0,0,NA,0,NA,NA,0,0,0,0,0,0,0,0,0,1,NA,-1,NA,0,0,1,0
981,DEC_C_1989_0210_J_19901011,ECLI:EU:C:1990:357:19901011,ECLI:EU:C:1990:357,61989CJ0210,1,NA,0,0,NA,0,NA,NA,1,0,0,0,0,0,0,0,0,1,NA,-1,NA,0,0,1,0
982,DEC_C_1989_0213_J_19900619,ECLI:EU:C:1990:257:19900619,ECLI:EU:C:1990:257,61989CJ0213,0,NA,0,1,NA,0,NA,NA,0,0,0,0,0,0,0,-1,0,1,NA,-1,NA,0,0,1,0
983,DEC_C_1989_0216_J_19901113,ECLI:EU:C:1990:397:19901113,ECLI:EU:C:1990:397,61989CJ0216,0,1,1,NA,1,1,0,0,NA,NA,NA,0,1,1,0,0,NA,1,-1,-1,-1,NA,NA,NA,NA
984,DEC_C_1989_0218_J_19901204,ECLI:EU:C:1990:430:19901204,ECLI:EU:C:1990:430,61989CJ0218,1,NA,0,1,NA,0,NA,NA,0,0,0,0,0,0,0,0,0,-1,NA,-1,NA,0,0,0,0
985,DEC_C_1989_0219_J_19910418,ECLI:EU:C:1991:155:19910418,ECLI:EU:C:1991:155,61989CJ0219,1,NA,0,1,NA,0,NA,NA,0,0,0,0,0,0,0,0,0,-1,NA,-1,NA,0,0,0,0
986,DEC_C_1989_0221_J_19910725,ECLI:EU:C:1991:320:19910725,ECLI:EU:C:1991:320,61989CJ0221,0,NA,0,1,NA,0,NA,NA,0,1,0,0,1,1,0,0,1,1,NA,-1,NA,0,0,0,1
987,DEC_C_1989_0227_J_19910207,ECLI:EU:C:1991:52:19910207,ECLI:EU:C:1991:52,61989CJ0227,0,0,1,NA,0,1,0,0,NA,NA,NA,0,0,0,0,0,NA,1,1,-1,-1,NA,NA,NA,NA
988,DEC_C_1989_0228_J_19900918,ECLI:EU:C:1990:318:19900918,ECLI:EU:C:1990:318,61989CJ0228,1,NA,0,1,NA,0,NA,NA,0,0,0,0,0,0,0,0,0,-1,NA,-1,NA,0,0,0,0
989,DEC_C_1989_0231_J_19901108,ECLI:EU:C:1990:386:19901108,ECLI:EU:C:1990:386,61989CJ0231,1,NA,0,0,NA,1,NA,NA,0,0,0,0,0,0,0,0,0,-1,NA,-1,NA,0,0,0,0
990,DEC_C_1989_0235_J_19920218,ECLI:EU:C:1992:73:19920218,ECLI:EU:C:1992:73,61989CJ0235,1,NA,0,0,NA,0,NA,NA,0,1,0,0,0,0,0,0,1,1,NA,-1,NA,0,0,1,0
991,DEC_C_1989_0238_J_19901213,ECLI:EU:C:1990:473:19901213,ECLI:EU:C:1990:473,61989CJ0238,1,NA,0,1,NA,0,NA,NA,0,0,0,0,0,0,0,0,0,1,NA,-1,NA,0,0,1,0
992,DEC_C_1989_0241_J_19901212,ECLI:EU:C:1990:459:19901212,ECLI:EU:C:1990:459,61989CJ0241,1,NA,0,1,NA,0,NA,NA,1,0,0,0,0,0,0,1,0,1,NA,0,NA,0,0,1,1
993,DEC_C_1989_0243_J_19930622,ECLI:EU:C:1993:257:19930622,ECLI:EU:C:1993:257,61989CJ0243,1,NA,0,0,NA,0,NA,NA,0,1,0,0,0,0,0,0,1,1,NA,-1,NA,0,0,0,1
994,DEC_C_1989_0246_J_19911004,ECLI:EU:C:1991:375:19911004,ECLI:EU:C:1991:375,61989CJ0246,0,NA,0,0,NA,0,NA,NA,0,1,0,0,0,0,0,0,1,1,NA,0,NA,0,0,1,0
995,DEC_C_1989_0247_J_19910711,ECLI:EU:C:1991:305:19910711,ECLI:EU:C:1991:305,61989CJ0247,1,NA,0,0,NA,0,NA,NA,0,0,0,1,0,0,0,0,0,0,NA,-1,NA,0,0,0,0
996,DEC_C_1989_0251_J_19910611,ECLI:EU:C:1991:242:19910611,ECLI:EU:C:1991:242,61989CJ0251,0,0,1,NA,0,1,-1,0,NA,NA,NA,1,0,0,0,0,NA,1,1,-1,1,NA,NA,NA,NA
997,DEC_C_1989_0260_J_19910618,ECLI:EU:C:1991:254:19910618,ECLI:EU:C:1991:254,61989CJ0260,1,NA,0,1,NA,0,NA,NA,0,1,0,0,1,0,0,0,1,1,NA,0,NA,0,0,1,0
998,DEC_C_1989_0265_J_19900918,ECLI:EU:C:1990:319:19900918,ECLI:EU:C:1990:319,61989CJ0265,1,NA,0,1,NA,0,NA,NA,0,0,0,0,0,0,0,0,0,-1,NA,-1,NA,1,1,0,0
999,DEC_C_1989_0269_J_19901113,ECLI:EU:C:1990:399:19901113,ECLI:EU:C:1990:399,61989CJ0269,1,NA,0,1,NA,0,NA,NA,0,1,0,0,0,0,0,1,1,1,NA,0,NA,0,0,1,0
1000,DEC_C_1989_0279_J_19921117,ECLI:EU:C:1992:439:19921117,ECLI:EU:C:1992:439,61989CJ0279,0,0,1,0,0,0,-1,0,0,1,0,0,0,0,0,0,1,1,-1,-1,-1,0,0,1,0
1001,DEC_C_1989_0280_J_19921202,ECLI:EU:C:1992:481:19921202,ECLI:EU:C:1992:481,61989CJ0280,1,NA,0,0,NA,0,NA,NA,0,0,0,0,0,0,0,0,0,1,NA,-1,NA,0,0,1,1
1002,DEC_C_1989_0287_J_19910507,ECLI:EU:C:1991:188:19910507,ECLI:EU:C:1991:188,61989CJ0287,1,NA,0,1,NA,0,NA,NA,0,0,1,0,0,0,0,0,1,1,NA,-1,NA,0,0,1,0
1003,DEC_C_1989_0288_J_19910725,ECLI:EU:C:1991:323:19910725,ECLI:EU:C:1991:323,61989CJ0288,0,NA,0,1,NA,0,NA,NA,1,0,0,0,0,0,0,1,0,1,NA,0,NA,0,0,1,0
1004,DEC_C_1989_0292_J_19910226,ECLI:EU:C:1991:80:19910226,ECLI:EU:C:1991:80,61989CJ0292,0,1,1,NA,1,1,0,0,NA,NA,NA,0,0,0,0,0,NA,0,0,-1,-1,NA,NA,NA,NA
1005,DEC_C_1989_0293_J_19920716,ECLI:EU:C:1992:324:19920716,ECLI:EU:C:1992:324,61989CJ0293,1,NA,0,0,NA,0,NA,NA,0,0,0,0,0,0,0,0,0,0,NA,-1,NA,0,0,0,0
1006,DEC_C_1989_0294_J_19910710,ECLI:EU:C:1991:302:19910710,ECLI:EU:C:1991:302,61989CJ0294,0,NA,0,0,NA,0,NA,NA,0,0,0,0,0,0,0,0,1,1,NA,-1,NA,0,0,1,1
1007,DEC_C_1989_0306_J_19911210,ECLI:EU:C:1991:463:19911210,ECLI:EU:C:1991:463,61989CJ0306,0,NA,0,0,NA,0,NA,NA,0,0,0,0,0,0,0,0,1,1,NA,-1,NA,0,0,1,0
1008,DEC_C_1989_0307_J_19910611,ECLI:EU:C:1991:245:19910611,ECLI:EU:C:1991:245,61989CJ0307,0,0,1,NA,0,0,-1,0,NA,NA,NA,1,0,0,0,0,NA,1,1,-1,-1,NA,NA,NA,NA
1009,DEC_C_1989_0308_J_19901113,ECLI:EU:C:1990:400:19901113,ECLI:EU:C:1990:400,61989CJ0308,0,1,1,NA,1,1,1,0,NA,NA,NA,0,0,0,0,0,NA,1,1,-1,1,NA,NA,NA,NA
1010,DEC_C_1989_0312_J_19910228,ECLI:EU:C:1991:93:19910228,ECLI:EU:C:1991:93,61989CJ0312,1,NA,0,1,NA,0,NA,NA,0,0,0,1,0,0,0,0,0,0,NA,-1,NA,0,0,0,0
1011,DEC_C_1989_0313_J_19911107,ECLI:EU:C:1991:415:19911107,ECLI:EU:C:1991:415,61989CJ0313,0,NA,0,0,NA,0,NA,NA,0,0,0,0,0,0,0,0,0,1,NA,-1,NA,0,0,0,1
1012,DEC_C_1989_0324_J_19910418,ECLI:EU:C:1991:158:19910418,ECLI:EU:C:1991:158,61989CJ0324,1,NA,0,1,NA,0,NA,NA,0,0,0,0,0,0,2,0,0,0,NA,-1,NA,0,0,0,0
1013,DEC_C_1989_0328_J_19910515,ECLI:EU:C:1991:206:19910515,ECLI:EU:C:1991:206,61989CJ0328,1,NA,0,1,NA,0,NA,NA,0,0,0,0,0,0,0,0,0,1,NA,-1,NA,0,0,0,1
1014,DEC_C_1989_0332_J_19910228,ECLI:EU:C:1991:94:19910228,ECLI:EU:C:1991:94,61989CJ0332,1,NA,0,0,NA,1,NA,NA,0,0,0,1,0,0,0,1,0,0,NA,1,NA,0,0,0,0
1015,DEC_C_1989_0339_J_19910124,ECLI:EU:C:1991:28:19910124,ECLI:EU:C:1991:28,61989CJ0339,1,NA,0,1,NA,0,NA,NA,0,0,0,1,0,0,0,0,0,0,NA,-1,NA,0,0,0,0
1016,DEC_C_1989_0340_J_19910507,ECLI:EU:C:1991:193:19910507,ECLI:EU:C:1991:193,61989CJ0340,0,NA,0,0,NA,1,NA,NA,1,0,1,0,0,0,0,0,1,1,NA,-1,NA,0,0,1,0
1017,DEC_C_1989_0343_J_19901206,ECLI:EU:C:1990:445:19901206,ECLI:EU:C:1990:445,61989CJ0343,1,NA,0,0,NA,1,NA,NA,0,0,0,0,0,0,0,0,0,-1,NA,-1,NA,0,0,0,0
1018,DEC_C_1989_0344_J_19910627,ECLI:EU:C:1991:277:19910627,ECLI:EU:C:1991:277,61989CJ0344,0,1,1,NA,1,1,0,0,NA,NA,NA,0,0,0,0,0,NA,0,1,-1,-1,NA,NA,NA,NA
1019,DEC_C_1989_0347_J_19910416,ECLI:EU:C:1991:148:19910416,ECLI:EU:C:1991:148,61989CJ0347,1,NA,0,1,NA,0,NA,NA,0,0,0,0,0,0,0,0,0,1,NA,0,NA,0,0,1,0
1020,DEC_C_1989_0348_J_19910627,ECLI:EU:C:1991:278:19910627,ECLI:EU:C:1991:278,61989CJ0348,1,NA,0,1,NA,0,NA,NA,0,0,0,0,0,0,0,0,0,-1,NA,-1,NA,0,0,0,0
1021,DEC_C_1989_0353_J_19910725,ECLI:EU:C:1991:325:19910725,ECLI:EU:C:1991:325,61989CJ0353,0,NA,0,1,NA,0,NA,NA,1,1,0,0,0,0,0,1,1,1,NA,0,NA,0,0,1,0
1022,DEC_C_1989_0355_J_19910703,ECLI:EU:C:1991:287:19910703,ECLI:EU:C:1991:287,61989CJ0355,0,1,1,NA,1,1,0,0,NA,NA,NA,0,1,0,0,0,NA,0,0,-1,-1,NA,NA,NA,NA
1023,DEC_C_1989_0356_J_19910620,ECLI:EU:C:1991:265:19910620,ECLI:EU:C:1991:265,61989CJ0356,0,1,1,NA,1,1,0,0,NA,NA,NA,1,0,0,0,0,NA,1,1,-1,-1,NA,NA,NA,NA
1024,DEC_C_1989_0357_J_19920226,ECLI:EU:C:1992:87:19920226,ECLI:EU:C:1992:87,61989CJ0357,0,0,1,NA,0,1,1,0,NA,NA,NA,0,0,0,0,0,NA,1,1,-1,-1,NA,NA,NA,NA
1025,DEC_C_1989_0360_J_19920603,ECLI:EU:C:1992:235:19920603,ECLI:EU:C:1992:235,61989CJ0360,0,NA,0,0,NA,0,NA,NA,0,1,0,0,0,0,0,0,1,1,NA,-1,NA,0,0,1,1
1026,DEC_C_1989_0363_J_19910205,ECLI:EU:C:1991:41:19910205,ECLI:EU:C:1991:41,61989CJ0363,0,1,1,NA,1,1,1,0,NA,NA,NA,0,0,0,0,0,NA,1,1,-1,-1,NA,NA,NA,NA
1027,DEC_C_1989_0366_J_19930802,ECLI:EU:C:1993:330:19930802,ECLI:EU:C:1993:330,61989CJ0366,1,NA,0,0,NA,0,NA,NA,0,0,0,0,0,0,0,0,0,1,NA,-1,NA,0,0,1,1
1028,DEC_C_1989_0367_J_19911004,ECLI:EU:C:1991:376:19911004,ECLI:EU:C:1991:376,61989CJ0367,1,NA,0,0,NA,1,NA,NA,0,0,0,1,1,0,0,0,0,0,NA,-1,NA,0,0,0,0
1029,DEC_C_1989_0369_J_19910618,ECLI:EU:C:1991:256:19910618,ECLI:EU:C:1991:256,61989CJ0369,1,NA,0,1,NA,0,NA,NA,0,0,0,0,0,0,0,0,0,1,NA,-1,NA,0,0,1,1
1030,DEC_C_1989_0376_J_19910305,ECLI:EU:C:1991:99:19910305,ECLI:EU:C:1991:99,61989CJ0376,0,1,1,NA,1,1,0,0,NA,NA,NA,1,0,0,0,0,NA,1,1,-1,-1,NA,NA,NA,NA
1031,DEC_C_1989_0384_J_19910124,ECLI:EU:C:1991:31:19910124,ECLI:EU:C:1991:31,61989CJ0384,1,NA,0,0,NA,1,NA,NA,0,0,0,1,0,0,0,0,0,-1,NA,-1,NA,0,0,0,0
1032,DEC_C_1990_0001_J_19910725,ECLI:EU:C:1991:327:19910725,ECLI:EU:C:1991:327,61990CJ0001,1,NA,0,1,NA,0,NA,NA,1,1,0,1,0,0,0,1,0,0,NA,1,NA,0,0,0,0
1033,DEC_C_1990_0002_J_19920709,ECLI:EU:C:1992:310:19920709,ECLI:EU:C:1992:310,61990CJ0002,1,NA,0,0,NA,0,NA,NA,0,1,0,1,0,0,0,0,0,0,NA,-1,NA,0,0,0,1
1034,DEC_C_1990_0003_J_19920226,ECLI:EU:C:1992:89:19920226,ECLI:EU:C:1992:89,61990CJ0003,0,1,1,NA,1,1,1,0,NA,NA,NA,0,1,0,0,0,NA,1,1,-1,-1,NA,NA,NA,NA
1035,DEC_C_1990_0010_J_19910307,ECLI:EU:C:1991:107:19910307,ECLI:EU:C:1991:107,61990CJ0010,0,0,1,NA,0,1,0,0,NA,NA,NA,1,0,0,0,0,NA,1,1,-1,-1,NA,NA,NA,NA
1036,DEC_C_1990_0015_J_19911004,ECLI:EU:C:1991:377:19911004,ECLI:EU:C:1991:377,61990CJ0015,0,1,1,0,1,1,0,0,0,0,0,0,0,0,0,0,0,0,0,-1,-1,0,0,0,0
1037,DEC_C_1990_0017_J_19911107,ECLI:EU:C:1991:416:19911107,ECLI:EU:C:1991:416,61990CJ0017,0,NA,0,1,NA,0,NA,NA,1,0,0,0,0,0,0,0,0,0,NA,-1,NA,0,0,0,0
1038,DEC_C_1990_0018_J_19910131,ECLI:EU:C:1991:36:19910131,ECLI:EU:C:1991:36,61990CJ0018,0,0,1,NA,0,1,1,1,NA,NA,NA,0,0,0,1,0,NA,1,1,-1,1,NA,NA,NA,NA
1039,DEC_C_1990_0030_J_19920218,ECLI:EU:C:1992:74:19920218,ECLI:EU:C:1992:74,61990CJ0030,1,NA,0,0,NA,0,NA,NA,1,1,0,0,0,0,0,0,1,1,NA,-1,NA,0,0,1,0
1040,DEC_C_1990_0039_J_19910620,ECLI:EU:C:1991:267:19910620,ECLI:EU:C:1991:267,61990CJ0039,1,NA,0,1,NA,0,NA,NA,0,0,0,1,0,0,0,1,0,0,NA,1,NA,0,0,0,0
1041,DEC_C_1990_0042_J_19901213,ECLI:EU:C:1990:475:19901213,ECLI:EU:C:1990:475,61990CJ0042,1,NA,0,1,NA,0,NA,NA,0,0,0,1,0,0,0,1,0,0,NA,1,NA,0,0,0,0
1042,DEC_C_1990_0045_J_19920603,ECLI:EU:C:1992:236:19920603,ECLI:EU:C:1992:236,61990CJ0045,0,1,1,NA,1,1,-1,0,NA,NA,NA,1,0,0,0,0,NA,1,1,-1,1,NA,NA,NA,NA
1043,DEC_C_1990_0046_J_19931027,ECLI:EU:C:1993:852:19931027,ECLI:EU:C:1993:852,61990CJ0046,1,NA,0,0,NA,1,NA,NA,0,0,0,0,1,1,0,0,0,0,NA,-1,NA,0,0,0,0
1044,DEC_C_1990_0047_J_19920609,ECLI:EU:C:1992:250:19920609,ECLI:EU:C:1992:250,61990CJ0047,1,NA,0,1,NA,0,NA,NA,1,0,0,0,0,0,2,0,0,1,NA,-1,NA,0,0,1,0
1045,DEC_C_1990_0057_J_19920116,ECLI:EU:C:1992:10:19920116,ECLI:EU:C:1992:10,61990CJ0057,0,0,1,NA,0,0,-1,0,NA,NA,NA,1,0,0,0,0,NA,0,0,-1,-1,NA,NA,NA,NA
1046,DEC_C_1990_0058_J_19910725,ECLI:EU:C:1991:329:19910725,ECLI:EU:C:1991:329,61990CJ0058,0,0,1,0,0,0,-1,0,0,1,0,0,0,0,0,0,1,1,-1,-1,-1,0,0,1,0
1047,DEC_C_1990_0062_J_19920408,ECLI:EU:C:1992:169:19920408,ECLI:EU:C:1992:169,61990CJ0062,1,NA,0,0,NA,0,NA,NA,0,0,0,0,0,0,0,1,0,1,NA,0,NA,0,0,1,0
1048,DEC_C_1990_0069_J_19911213,ECLI:EU:C:1991:478:19911213,ECLI:EU:C:1991:478,61990CJ0069,1,NA,0,0,NA,0,NA,NA,0,0,0,0,0,0,0,0,0,1,NA,-1,NA,0,0,0,1
1049,DEC_C_1990_0076_J_19910725,ECLI:EU:C:1991:331:19910725,ECLI:EU:C:1991:331,61990CJ0076,0,NA,0,0,NA,1,NA,NA,0,1,0,0,0,0,0,1,1,1,NA,0,NA,0,0,1,0
1050,DEC_C_1990_0078_J_19920311,ECLI:EU:C:1992:118:19920311,ECLI:EU:C:1992:118,61990CJ0078,1,NA,0,1,NA,0,NA,NA,0,1,0,0,1,0,0,0,1,1,NA,-1,NA,0,0,1,0
1051,DEC_C_1990_0093_J_19910320,ECLI:EU:C:1991:130:19910320,ECLI:EU:C:1991:130,61990CJ0093,0,0,1,NA,0,1,1,0,NA,NA,NA,1,0,0,0,0,NA,1,1,-1,-1,NA,NA,NA,NA
1052,DEC_C_1990_0120_J_19910507,ECLI:EU:C:1991:196:19910507,ECLI:EU:C:1991:196,61990CJ0120,1,NA,0,1,NA,0,NA,NA,0,0,0,0,0,0,0,0,0,-1,NA,-1,NA,0,0,0,0
1053,DEC_C_1990_0159_J_19911004,ECLI:EU:C:1991:378:19911004,ECLI:EU:C:1991:378,61990CJ0159,0,NA,0,1,NA,0,NA,NA,0,0,0,1,0,0,0,0,0,0,NA,-1,NA,0,0,0,0
1054,DEC_C_1990_0163_J_19920716,ECLI:EU:C:1992:326:19920716,ECLI:EU:C:1992:326,61990CJ0163,1,NA,0,0,NA,1,NA,NA,0,0,0,0,0,0,0,0,0,1,NA,-1,NA,0,0,1,0
1055,DEC_C_1990_0168_J_19910516,ECLI:EU:C:1991:218:19910516,ECLI:EU:C:1991:218,61990CJ0168,0,NA,0,0,NA,0,NA,NA,0,0,0,0,0,0,0,0,0,1,NA,-1,NA,0,0,0,1
1056,DEC_C_1990_0179_J_19911210,ECLI:EU:C:1991:464:19911210,ECLI:EU:C:1991:464,61990CJ0179,1,NA,0,1,NA,0,NA,NA,0,0,0,0,0,0,2,0,0,1,NA,-1,NA,0,0,1,0
1057,DEC_C_1990_0186_J_19911128,ECLI:EU:C:1991:453:19911128,ECLI:EU:C:1991:453,61990CJ0186,0,0,1,NA,0,1,0,0,NA,NA,NA,1,0,0,0,0,NA,0,1,-1,1,NA,NA,NA,NA
1058,DEC_C_1990_0188_J_19920319,ECLI:EU:C:1992:137:19920319,ECLI:EU:C:1992:137,61990CJ0188,0,0,1,NA,0,1,0,1,NA,NA,NA,0,0,0,0,0,NA,0,1,-1,1,NA,NA,NA,NA
1059,DEC_C_1990_0191_J_19921027,ECLI:EU:C:1992:407:19921027,ECLI:EU:C:1992:407,61990CJ0191,1,NA,0,1,NA,0,NA,NA,1,1,0,0,1,0,0,0,1,1,NA,-1,NA,0,0,1,0
1060,DEC_C_1990_0196_J_19911004,ECLI:EU:C:1991:381:19911004,ECLI:EU:C:1991:381,61990CJ0196,0,0,1,NA,0,1,1,1,NA,NA,NA,1,0,0,0,0,NA,1,1,-1,1,NA,NA,NA,NA
1061,DEC_C_1990_0198_J_19911128,ECLI:EU:C:1991:454:19911128,ECLI:EU:C:1991:454,61990CJ0198,0,0,1,NA,0,0,-1,0,NA,NA,NA,0,0,0,0,0,NA,0,0,-1,-1,NA,NA,NA,NA
1062,DEC_C_1990_0201_J_19910515,ECLI:EU:C:1991:210:19910515,ECLI:EU:C:1991:210,61990CJ0201,1,NA,0,1,NA,0,NA,NA,0,0,0,0,0,0,0,0,0,0,NA,-1,NA,0,0,0,0
1063,DEC_C_1990_0204_J_19920128,ECLI:EU:C:1992:35:19920128,ECLI:EU:C:1992:35,61990CJ0204,0,1,1,0,1,1,0,0,0,0,0,0,1,0,0,0,1,1,0,-1,-1,0,0,1,1
1064,DEC_C_1990_0213_J_19910704,ECLI:EU:C:1991:291:19910704,ECLI:EU:C:1991:291,61990CJ0213,0,0,1,NA,0,0,-1,0,NA,NA,NA,0,0,0,0,0,NA,1,-1,0,-1,NA,NA,NA,NA
1065,DEC_C_1990_0215_J_19920310,ECLI:EU:C:1992:117:19920310,ECLI:EU:C:1992:117,61990CJ0215,0,1,1,NA,1,1,1,0,NA,NA,NA,0,0,0,0,0,NA,1,1,-1,-1,NA,NA,NA,NA
1066,DEC_C_1990_0228_J_19920609,ECLI:EU:C:1992:251:19920609,ECLI:EU:C:1992:251,61990CJ0228,1,NA,0,1,NA,0,NA,NA,0,0,0,0,1,0,0,0,0,1,NA,-1,NA,0,0,1,1
1067,DEC_C_1990_0239_J_19910430,ECLI:EU:C:1991:180:19910430,ECLI:EU:C:1991:180,61990CJ0239,1,NA,0,1,NA,0,NA,NA,0,0,0,0,0,0,0,1,0,1,NA,0,NA,0,0,1,0
1068,DEC_C_1990_0246_J_19920603,ECLI:EU:C:1992:238:19920603,ECLI:EU:C:1992:238,61990CJ0246,1,NA,0,1,NA,0,NA,NA,0,0,0,0,0,0,0,0,0,-1,NA,-1,NA,0,0,0,0
1069,DEC_C_1990_0253_J_19920206,ECLI:EU:C:1992:58:19920206,ECLI:EU:C:1992:58,61990CJ0253,0,0,1,NA,0,0,-1,0,NA,NA,NA,0,0,0,0,0,NA,0,0,-1,-1,NA,NA,NA,NA
1070,DEC_C_1990_0260_J_19920212,ECLI:EU:C:1992:66:19920212,ECLI:EU:C:1992:66,61990CJ0260,1,NA,0,0,NA,1,NA,NA,0,0,0,0,0,0,0,0,0,1,NA,-1,NA,0,0,1,0
1071,DEC_C_1990_0269_J_19911121,ECLI:EU:C:1991:438:19911121,ECLI:EU:C:1991:438,61990CJ0269,1,NA,0,1,NA,0,NA,NA,0,0,0,0,0,0,0,0,0,-1,NA,-1,NA,1,0,0,0
1072,DEC_C_1990_0272_J_19910516,ECLI:EU:C:1991:219:19910516,ECLI:EU:C:1991:219,61990CJ0272,0,1,1,NA,1,1,0,0,NA,NA,NA,0,0,0,0,0,NA,0,0,-1,-1,NA,NA,NA,NA
1073,DEC_C_1990_0273_J_19911127,ECLI:EU:C:1991:446:19911127,ECLI:EU:C:1991:446,61990CJ0273,1,NA,0,1,NA,0,NA,NA,1,0,0,0,0,0,0,0,0,1,NA,-1,NA,0,0,0,1
1074,DEC_C_1990_0282_J_19920313,ECLI:EU:C:1992:124:19920313,ECLI:EU:C:1992:124,61990CJ0282,1,NA,0,1,NA,0,NA,NA,0,0,0,0,0,0,0,0,0,0,NA,-1,NA,0,0,0,0
1075,DEC_C_1990_0290_J_19920520,ECLI:EU:C:1992:227:19920520,ECLI:EU:C:1992:227,61990CJ0290,1,NA,0,0,NA,0,NA,NA,0,0,0,1,0,0,0,0,0,0,NA,-1,NA,0,0,0,0
1076,DEC_C_1990_0295_J_19920707,ECLI:EU:C:1992:294:19920707,ECLI:EU:C:1992:294,61990CJ0295,0,0,1,NA,0,0,-1,0,NA,NA,NA,0,0,0,0,-1,NA,1,-1,-1,-1,NA,NA,NA,NA
1077,DEC_C_1990_0296_J_19910711,ECLI:EU:C:1991:318:19910711,ECLI:EU:C:1991:318,61990CJ0296,0,0,1,0,0,0,-1,0,0,0,0,0,0,0,0,0,0,1,-1,-1,-1,0,0,0,1
1078,DEC_C_1990_0299_J_19910725,ECLI:EU:C:1991:334:19910725,ECLI:EU:C:1991:334,61990CJ0299,1,NA,0,1,NA,0,NA,NA,0,0,0,0,0,0,0,0,0,-1,NA,-1,NA,0,0,0,0
1079,DEC_C_1990_0300_J_19920128,ECLI:EU:C:1992:37:19920128,ECLI:EU:C:1992:37,61990CJ0300,0,0,1,0,0,0,-1,0,0,0,1,1,0,0,0,1,1,0,-1,1,-1,0,0,0,0
1080,DEC_C_1990_0302_J_19911015,ECLI:EU:C:1991:385:19911015,ECLI:EU:C:1991:385,61990CJ0302,0,0,1,NA,0,1,-1,1,NA,NA,NA,1,0,0,0,0,NA,1,1,-1,-1,NA,NA,NA,NA
1081,DEC_C_1990_0304_J_19921216,ECLI:EU:C:1992:512:19921216,ECLI:EU:C:1992:512,61990CJ0304,1,NA,0,1,NA,0,NA,NA,0,0,0,1,0,0,0,0,0,0,NA,-1,NA,0,0,0,0
1082,DEC_C_1990_0309_J_19911107,ECLI:EU:C:1991:421:19911107,ECLI:EU:C:1991:421,61990CJ0309,0,0,1,0,0,0,-1,0,0,0,0,0,0,0,0,0,0,1,-1,-1,-1,0,0,1,1
1083,DEC_C_1990_0310_J_19920121,ECLI:EU:C:1992:27:19920121,ECLI:EU:C:1992:27,61990CJ0310,0,0,1,0,0,1,0,0,0,0,0,0,0,0,0,0,0,1,1,-1,-1,0,0,0,1
1084,DEC_C_1990_0318_J_19920603,ECLI:EU:C:1992:239:19920603,ECLI:EU:C:1992:239,61990CJ0318,1,NA,0,1,NA,0,NA,NA,0,0,0,0,0,0,0,0,0,-1,NA,-1,NA,0,0,0,0
1085,DEC_C_1990_0323_J_19920311,ECLI:EU:C:1992:119:19920311,ECLI:EU:C:1992:119,61990CJ0323,1,NA,0,0,NA,0,NA,NA,0,0,0,0,0,0,0,0,0,1,NA,-1,NA,0,0,0,1
1086,DEC_C_1990_0326_J_19921110,ECLI:EU:C:1992:419:19921110,ECLI:EU:C:1992:419,61990CJ0326,0,0,1,NA,0,0,-1,0,NA,NA,NA,0,0,0,0,0,NA,1,-1,-1,-1,NA,NA,NA,NA
1087,DEC_C_1990_0328_J_19920130,ECLI:EU:C:1992:46:19920130,ECLI:EU:C:1992:46,61990CJ0328,0,NA,0,0,NA,0,NA,NA,0,0,0,0,0,0,0,0,0,1,NA,-1,NA,0,0,1,0
1088,DEC_C_1990_0330_J_19920128,ECLI:EU:C:1992:39:19920128,ECLI:EU:C:1992:39,61990CJ0330,0,NA,0,0,NA,1,NA,NA,1,0,0,0,0,0,0,0,0,0,NA,-1,NA,0,0,0,0
1089,DEC_C_1990_0332_J_19920128,ECLI:EU:C:1992:40:19920128,ECLI:EU:C:1992:40,61990CJ0332,0,1,1,NA,1,1,0,0,NA,NA,NA,0,0,0,0,0,NA,0,0,-1,-1,NA,NA,NA,NA
1090,DEC_C_1990_0338_J_19920331,ECLI:EU:C:1992:156:19920331,ECLI:EU:C:1992:156,61990CJ0338,1,NA,0,1,NA,0,NA,NA,0,0,0,0,0,0,0,0,0,-1,NA,-1,NA,0,0,0,0
1091,DEC_C_1990_0344_J_19920716,ECLI:EU:C:1992:328:19920716,ECLI:EU:C:1992:328,61990CJ0344,1,NA,0,0,NA,0,NA,NA,0,0,0,0,0,0,0,0,0,0,NA,-1,NA,0,0,0,0
1092,DEC_C_1990_0351_J_19920616,ECLI:EU:C:1992:266:19920616,ECLI:EU:C:1992:266,61990CJ0351,0,NA,0,0,NA,0,NA,NA,0,0,0,0,0,0,2,0,1,1,NA,-1,NA,0,0,1,1
1093,DEC_C_1990_0361_J_19930119,ECLI:EU:C:1993:13:19930119,ECLI:EU:C:1993:13,61990CJ0361,1,NA,0,0,NA,0,NA,NA,0,0,0,0,0,0,0,0,0,0,NA,-1,NA,0,0,0,0
1094,DEC_C_1990_0369_J_19920707,ECLI:EU:C:1992:295:19920707,ECLI:EU:C:1992:295,61990CJ0369,0,NA,0,0,NA,1,NA,NA,0,0,0,0,0,0,0,0,1,1,NA,-1,NA,0,0,1,0
1095,DEC_C_1990_0370_J_19920707,ECLI:EU:C:1992:296:19920707,ECLI:EU:C:1992:296,61990CJ0370,0,1,1,0,1,1,0,1,0,0,1,0,0,0,0,0,1,1,1,-1,1,0,0,1,1
1096,DEC_C_1990_0371_J_19920408,ECLI:EU:C:1992:175:19920408,ECLI:EU:C:1992:175,61990CJ0371,1,NA,0,1,NA,0,NA,NA,0,0,0,0,0,0,0,0,0,0,NA,-1,NA,0,0,0,0
1097,DEC_C_1990_0375_J_19930427,ECLI:EU:C:1993:154:19930427,ECLI:EU:C:1993:154,61990CJ0375,1,NA,0,0,NA,0,NA,NA,0,0,0,0,0,0,0,0,0,0,NA,-1,NA,0,0,0,0
1098,DEC_C_1990_0377_J_19920227,ECLI:EU:C:1992:102:19920227,ECLI:EU:C:1992:102,61990CJ0377,0,NA,0,0,NA,0,NA,NA,0,0,0,0,0,0,0,0,0,1,NA,-1,NA,0,0,1,0
1099,DEC_C_1991_0003_J_19921110,ECLI:EU:C:1992:420:19921110,ECLI:EU:C:1992:420,61991CJ0003,1,NA,0,1,NA,0,NA,NA,0,0,0,1,0,0,0,0,0,0,NA,-1,NA,0,0,0,0
1100,DEC_C_1991_0004_J_19911127,ECLI:EU:C:1991:448:19911127,ECLI:EU:C:1991:448,61991CJ0004,0,1,1,NA,1,1,1,0,NA,NA,NA,0,0,0,0,0,NA,1,1,-1,-1,NA,NA,NA,NA
1101,DEC_C_1991_0005_J_19920218,ECLI:EU:C:1992:76:19920218,ECLI:EU:C:1992:76,61991CJ0005,0,0,1,NA,0,1,1,1,NA,NA,NA,0,0,0,0,0,NA,1,1,-1,1,NA,NA,NA,NA
1102,DEC_C_1991_0013_J_19920604,ECLI:EU:C:1992:247:19920604,ECLI:EU:C:1992:247,61991CJ0013,1,NA,0,0,NA,1,NA,NA,1,1,0,0,0,0,0,1,1,1,NA,0,NA,0,0,1,0
1103,DEC_C_1991_0014_J_19920130,ECLI:EU:C:1992:48:19920130,ECLI:EU:C:1992:48,61991CJ0014,1,NA,0,1,NA,0,NA,NA,0,0,0,0,0,0,0,0,0,-1,NA,-1,NA,0,0,0,0
1104,DEC_C_1991_0016_J_19921217,ECLI:EU:C:1992:530:19921217,ECLI:EU:C:1992:530,61991CJ0016,1,NA,0,1,NA,0,NA,NA,0,0,0,0,0,0,0,0,0,-1,NA,-1,NA,0,0,0,0
1105,DEC_C_1991_0017_J_19921216,ECLI:EU:C:1992:514:19921216,ECLI:EU:C:1992:514,61991CJ0017,1,NA,0,1,NA,0,NA,NA,0,0,0,0,1,0,2,0,0,1,NA,-1,NA,0,0,1,0
1106,DEC_C_1991_0021_J_19920604,ECLI:EU:C:1992:248:19920604,ECLI:EU:C:1992:248,61991CJ0021,1,NA,0,1,NA,0,NA,NA,0,0,0,0,0,0,0,0,0,-1,NA,-1,NA,0,0,0,0
1107,DEC_C_1991_0027_J_19911121,ECLI:EU:C:1991:441:19911121,ECLI:EU:C:1991:441,61991CJ0027,0,0,1,NA,0,0,-1,0,NA,NA,NA,1,0,0,0,0,NA,1,-1,-1,-1,NA,NA,NA,NA
1108,DEC_C_1991_0060_J_19920319,ECLI:EU:C:1992:140:19920319,ECLI:EU:C:1992:140,61991CJ0060,0,1,1,0,1,1,0,0,0,0,0,0,0,0,0,0,0,0,-1,-1,-1,0,0,0,0
1109,DEC_C_1991_0062_J_19920408,ECLI:EU:C:1992:177:19920408,ECLI:EU:C:1992:177,61991CJ0062,0,1,1,NA,1,1,0,0,NA,NA,NA,0,0,0,0,0,NA,-1,1,-1,-1,NA,NA,NA,NA
1110,DEC_C_1991_0078_J_19920716,ECLI:EU:C:1992:331:19920716,ECLI:EU:C:1992:331,61991CJ0078,0,0,1,NA,0,1,1,1,NA,NA,NA,1,0,0,0,0,NA,1,1,-1,1,NA,NA,NA,NA
1111,DEC_C_1991_0083_J_19920716,ECLI:EU:C:1992:332:19920716,ECLI:EU:C:1992:332,61991CJ0083,0,NA,0,0,NA,1,NA,NA,0,0,0,0,0,0,0,0,0,-1,NA,-1,NA,0,0,0,0
1112,DEC_C_1991_0090_J_19920611,ECLI:EU:C:1992:258:19920611,ECLI:EU:C:1992:258,61991CJ0090,0,0,1,NA,0,1,-1,0,NA,NA,NA,1,0,0,0,0,NA,1,1,-1,1,NA,NA,NA,NA
1113,DEC_C_1991_0102_J_19920708,ECLI:EU:C:1992:303:19920708,ECLI:EU:C:1992:303,61991CJ0102,0,1,1,NA,1,1,0,0,NA,NA,NA,0,0,0,0,0,NA,1,1,-1,-1,NA,NA,NA,NA
1114,DEC_C_1991_0104_J_19920507,ECLI:EU:C:1992:202:19920507,ECLI:EU:C:1992:202,61991CJ0104,0,NA,0,0,NA,1,NA,NA,1,0,0,0,0,0,0,0,0,0,NA,-1,NA,0,0,0,0
1115,DEC_C_1991_0106_J_19920520,ECLI:EU:C:1992:230:19920520,ECLI:EU:C:1992:230,61991CJ0106,0,NA,0,0,NA,1,NA,NA,0,1,0,0,1,0,0,1,1,0,NA,1,NA,0,0,1,0
1116,DEC_C_1991_0111_J_19930310,ECLI:EU:C:1993:92:19930310,ECLI:EU:C:1993:92,61991CJ0111,0,0,1,0,0,0,-1,0,0,0,0,0,0,0,0,0,0,1,1,-1,-1,0,0,1,1
1117,DEC_C_1991_0112_J_19930126,ECLI:EU:C:1993:27:19930126,ECLI:EU:C:1993:27,61991CJ0112,0,NA,0,0,NA,1,NA,NA,0,0,0,0,0,0,0,0,0,0,NA,-1,NA,0,0,0,0
1118,DEC_C_1991_0114_J_19921216,ECLI:EU:C:1992:516:19921216,ECLI:EU:C:1992:516,61991CJ0114,1,NA,0,0,NA,1,NA,NA,0,0,0,0,1,0,2,0,0,1,NA,-1,NA,0,0,1,0
1119,DEC_C_1991_0119_J_19921209,ECLI:EU:C:1992:503:19921209,ECLI:EU:C:1992:503,61991CJ0119,0,1,1,NA,1,1,1,0,NA,NA,NA,0,0,0,0,0,NA,1,0,-1,0,NA,NA,NA,NA
1120,DEC_C_1991_0126_J_19930518,ECLI:EU:C:1993:191:19930518,ECLI:EU:C:1993:191,61991CJ0126,1,NA,0,1,NA,0,NA,NA,1,0,0,0,0,0,0,1,0,1,NA,0,NA,0,0,1,0
1121,DEC_C_1991_0134_J_19921112,ECLI:EU:C:1992:434:19921112,ECLI:EU:C:1992:434,61991CJ0134,0,NA,0,1,NA,0,NA,NA,0,0,0,0,0,0,2,0,0,1,NA,-1,NA,0,0,0,1
1122,DEC_C_1991_0137_J_19920624,ECLI:EU:C:1992:272:19920624,ECLI:EU:C:1992:272,61991CJ0137,1,NA,0,0,NA,0,NA,NA,0,0,0,0,0,0,0,0,0,1,NA,-1,NA,0,0,1,0
1123,DEC_C_1991_0144_J_19921216,ECLI:EU:C:1992:518:19921216,ECLI:EU:C:1992:518,61991CJ0144,1,NA,0,1,NA,0,NA,NA,0,0,0,0,1,0,2,0,0,-1,NA,-1,NA,0,0,0,0
1124,DEC_C_1991_0147_J_19920625,ECLI:EU:C:1992:278:19920625,ECLI:EU:C:1992:278,61991CJ0147,0,NA,0,0,NA,1,NA,NA,0,0,0,0,0,0,0,0,0,0,NA,-1,NA,0,0,0,0
1125,DEC_C_1991_0148_J_19930203,ECLI:EU:C:1993:45:19930203,ECLI:EU:C:1993:45,61991CJ0148,0,NA,0,1,NA,0,NA,NA,0,0,0,1,0,0,0,0,0,0,NA,-1,NA,0,0,0,0
1126,DEC_C_1991_0149_J_19920611,ECLI:EU:C:1992:261:19920611,ECLI:EU:C:1992:261,61991CJ0149,1,NA,0,1,NA,0,NA,NA,0,0,0,0,1,1,0,0,0,0,NA,-1,NA,0,0,0,0
1127,DEC_C_1991_0153_J_19920922,ECLI:EU:C:1992:354:19920922,ECLI:EU:C:1992:354,61991CJ0153,0,1,1,NA,1,1,1,0,NA,NA,NA,0,0,0,0,0,NA,0,0,-1,-1,NA,NA,NA,NA
1128,DEC_C_1991_0165_J_19941005,ECLI:EU:C:1994:359:19941005,ECLI:EU:C:1994:359,61991CJ0165,0,0,1,NA,0,1,0,0,NA,NA,NA,0,0,0,0,0,NA,0,0,-1,-1,NA,NA,NA,NA
1129,DEC_C_1991_0166_J_19920408,ECLI:EU:C:1992:184:19920408,ECLI:EU:C:1992:184,61991CJ0166,0,0,1,0,0,1,0,0,0,0,0,0,0,0,0,0,1,1,1,-1,-1,0,0,1,0
1130,DEC_C_1991_0168_J_19930330,ECLI:EU:C:1993:115:19930330,ECLI:EU:C:1993:115,61991CJ0168,0,NA,0,0,NA,1,NA,NA,0,1,0,0,0,0,0,0,1,1,NA,-1,NA,0,0,1,0
1131,DEC_C_1991_0169_J_19921216,ECLI:EU:C:1992:519:19921216,ECLI:EU:C:1992:519,61991CJ0169,1,NA,0,1,NA,0,NA,NA,0,1,0,1,0,0,0,1,0,0,NA,1,NA,0,0,0,0
1132,DEC_C_1991_0171_J_19930526,ECLI:EU:C:1993:215:19930526,ECLI:EU:C:1993:215,61991CJ0171,0,0,1,NA,0,1,0,0,NA,NA,NA,0,0,0,0,0,NA,0,0,-1,-1,NA,NA,NA,NA
1133,DEC_C_1991_0177_J_19930114,ECLI:EU:C:1993:10:19930114,ECLI:EU:C:1993:10,61991CJ0177,1,NA,0,1,NA,0,NA,NA,0,0,0,0,0,0,0,0,0,-1,NA,-1,NA,0,0,0,0
1134,DEC_C_1991_0184_J_19930331,ECLI:EU:C:1993:121:19930331,ECLI:EU:C:1993:121,61991CJ0184,0,NA,0,0,NA,1,NA,NA,0,0,0,0,1,1,0,0,0,1,NA,-1,NA,0,0,0,0
1135,DEC_C_1991_0187_J_19920716,ECLI:EU:C:1992:333:19920716,ECLI:EU:C:1992:333,61991CJ0187,1,NA,0,1,NA,0,NA,NA,0,0,0,0,1,1,0,0,0,-1,NA,-1,NA,0,0,0,0
1136,DEC_C_1991_0188_J_19930121,ECLI:EU:C:1993:24:19930121,ECLI:EU:C:1993:24,61991CJ0188,1,NA,0,1,NA,0,NA,NA,0,0,0,0,0,0,0,0,0,0,NA,-1,NA,0,0,0,0
1137,DEC_C_1991_0191_J_19930310,ECLI:EU:C:1993:94:19930310,ECLI:EU:C:1993:94,61991CJ0191,1,NA,0,1,NA,0,NA,NA,0,0,0,0,0,0,0,0,0,-1,NA,-1,NA,0,0,0,0
1138,DEC_C_1991_0194_J_19921216,ECLI:EU:C:1992:521:19921216,ECLI:EU:C:1992:521,61991CJ0194,1,NA,0,1,NA,0,NA,NA,0,0,0,0,0,0,0,0,0,-1,NA,-1,NA,0,0,0,0
1139,DEC_C_1991_0201_J_19921001,ECLI:EU:C:1992:368:19921001,ECLI:EU:C:1992:368,61991CJ0201,0,1,1,NA,1,1,0,0,NA,NA,NA,1,0,0,0,0,NA,1,1,-1,-1,NA,NA,NA,NA
1140,DEC_C_1991_0206_J_19921216,ECLI:EU:C:1992:523:19921216,ECLI:EU:C:1992:523,61991CJ0206,0,0,1,NA,0,1,0,1,NA,NA,NA,0,0,0,0,0,NA,0,0,-1,-1,NA,NA,NA,NA
1141,DEC_C_1991_0207_J_19930701,ECLI:EU:C:1993:278:19930701,ECLI:EU:C:1993:278,61991CJ0207,1,NA,0,1,NA,0,NA,NA,0,0,0,0,0,0,0,0,0,1,NA,-1,NA,0,0,0,0
1142,DEC_C_1991_0211_J_19921216,ECLI:EU:C:1992:526:19921216,ECLI:EU:C:1992:526,61991CJ0211,0,NA,0,0,NA,0,NA,NA,0,1,0,0,0,0,0,0,1,1,NA,-1,NA,0,0,1,0
1143,DEC_C_1991_0212_J_19940125,ECLI:EU:C:1994:21:19940125,ECLI:EU:C:1994:21,61991CJ0212,1,NA,0,1,NA,0,NA,NA,0,0,0,0,1,0,0,1,0,1,NA,0,NA,1,0,0,0
1144,DEC_C_1991_0218_J_19930218,ECLI:EU:C:1993:72:19930218,ECLI:EU:C:1993:72,61991CJ0218,0,0,1,NA,0,1,1,1,NA,NA,NA,0,0,0,0,0,NA,-1,0,-1,0,NA,NA,NA,NA
1145,DEC_C_1991_0219_J_19921028,ECLI:EU:C:1992:414:19921028,ECLI:EU:C:1992:414,61991CJ0219,1,NA,0,0,NA,1,NA,NA,0,0,0,0,1,0,0,0,0,0,NA,-1,NA,0,0,0,0
1146,DEC_C_1991_0228_J_19930525,ECLI:EU:C:1993:206:19930525,ECLI:EU:C:1993:206,61991CJ0228,1,NA,0,0,NA,0,NA,NA,1,0,0,0,0,0,0,1,0,1,NA,0,NA,0,0,0,0
1147,DEC_C_1991_0235_J_19921117,ECLI:EU:C:1992:443:19921117,ECLI:EU:C:1992:443,61991CJ0235,1,NA,0,0,NA,0,NA,NA,0,0,0,0,0,0,0,0,0,1,NA,-1,NA,0,0,1,1
1148,DEC_C_1991_0237_J_19921216,ECLI:EU:C:1992:527:19921216,ECLI:EU:C:1992:527,61991CJ0237,0,1,1,NA,1,1,0,0,NA,NA,NA,0,0,0,2,0,NA,-1,1,-1,-1,NA,NA,NA,NA
1149,DEC_C_1991_0243_J_19920708,ECLI:EU:C:1992:306:19920708,ECLI:EU:C:1992:306,61991CJ0243,0,0,1,NA,0,1,1,1,NA,NA,NA,0,0,0,0,0,NA,0,0,-1,0,NA,NA,NA,NA
1150,DEC_C_1991_0250_J_19930401,ECLI:EU:C:1993:134:19930401,ECLI:EU:C:1993:134,61991CJ0250,1,NA,0,1,NA,0,NA,NA,0,0,0,0,1,1,0,0,0,-1,NA,-1,NA,0,0,0,0
1151,DEC_C_1991_0256_J_19930401,ECLI:EU:C:1993:135:19930401,ECLI:EU:C:1993:135,61991CJ0256,1,NA,0,1,NA,0,NA,NA,0,0,0,0,0,0,0,0,0,-1,NA,-1,NA,0,0,0,0
1152,DEC_C_1991_0259_J_19930802,ECLI:EU:C:1993:333:19930802,ECLI:EU:C:1993:333,61991CJ0259,0,1,1,NA,1,1,-1,0,NA,NA,NA,0,0,0,0,1,NA,1,0,0,-1,NA,NA,NA,NA
1153,DEC_C_1991_0266_J_19930802,ECLI:EU:C:1993:334:19930802,ECLI:EU:C:1993:334,61991CJ0266,1,NA,0,1,NA,0,NA,NA,0,0,0,0,0,0,0,0,0,-1,NA,-1,NA,0,0,0,0
1154,DEC_C_1991_0267_J_19931124,ECLI:EU:C:1993:905:19931124,ECLI:EU:C:1993:905,61991CJ0267,1,NA,0,0,NA,1,NA,NA,1,0,0,1,0,0,0,0,0,0,NA,-1,NA,0,0,0,0
1155,DEC_C_1991_0275_J_19930203,ECLI:EU:C:1993:46:19930203,ECLI:EU:C:1993:46,61991CJ0275,0,1,1,NA,1,1,0,0,NA,NA,NA,0,0,0,0,0,NA,0,0,-1,-1,NA,NA,NA,NA
1156,DEC_C_1991_0277_J_19931215,ECLI:EU:C:1993:927:19931215,ECLI:EU:C:1993:927,61991CJ0277,1,NA,0,1,NA,0,NA,NA,0,0,0,0,0,0,2,0,0,1,NA,-1,NA,0,0,1,1
1157,DEC_C_1991_0282_J_19930330,ECLI:EU:C:1993:116:19930330,ECLI:EU:C:1993:116,61991CJ0282,0,0,1,NA,0,1,0,0,NA,NA,NA,1,0,0,0,1,NA,1,1,-1,-1,NA,NA,NA,NA
1158,DEC_C_1991_0291_J_19930211,ECLI:EU:C:1993:55:19930211,ECLI:EU:C:1993:55,61991CJ0291,1,NA,0,1,NA,0,NA,NA,0,0,0,0,0,0,0,0,0,0,NA,-1,NA,0,0,0,0
1159,DEC_C_1991_0292_J_19930504,ECLI:EU:C:1993:171:19930504,ECLI:EU:C:1993:171,61991CJ0292,1,NA,0,1,NA,0,NA,NA,0,0,0,0,0,0,0,0,0,1,NA,-1,NA,0,0,0,0
1160,DEC_C_1991_0306_J_19930428,ECLI:EU:C:1993:161:19930428,ECLI:EU:C:1993:161,61991CJ0306,1,NA,0,0,NA,0,NA,NA,0,0,0,0,0,0,0,0,0,1,NA,-1,NA,0,0,0,1
1161,DEC_C_1991_0310_J_19930527,ECLI:EU:C:1993:221:19930527,ECLI:EU:C:1993:221,61991CJ0310,0,1,1,NA,1,1,0,0,NA,NA,NA,0,0,0,0,0,NA,1,1,-1,1,NA,NA,NA,NA
1162,DEC_C_1991_0317_J_19931130,ECLI:EU:C:1993:908:19931130,ECLI:EU:C:1993:908,61991CJ0317,1,NA,0,1,NA,0,NA,NA,1,1,0,0,1,0,0,0,0,0,NA,-1,NA,0,0,0,0
1163,DEC_C_1991_0330_J_19930713,ECLI:EU:C:1993:303:19930713,ECLI:EU:C:1993:303,61991CJ0330,0,NA,0,1,NA,0,NA,NA,0,1,0,0,0,0,0,0,1,1,NA,-1,NA,0,0,1,0
1164,DEC_C_1992_0012_J_19931207,ECLI:EU:C:1993:914:19931207,ECLI:EU:C:1993:914,61992CJ0012,1,NA,0,0,NA,1,NA,NA,0,0,0,0,1,1,0,0,0,0,NA,-1,NA,0,0,0,0
1165,DEC_C_1992_0017_J_19930504,ECLI:EU:C:1993:172:19930504,ECLI:EU:C:1993:172,61992CJ0017,0,NA,0,1,NA,0,NA,NA,0,1,0,0,0,0,0,1,1,1,NA,0,NA,0,0,1,0
1166,DEC_C_1992_0019_J_19930331,ECLI:EU:C:1993:125:19930331,ECLI:EU:C:1993:125,61992CJ0019,0,0,1,0,0,1,0,0,1,0,1,0,1,0,0,0,0,0,1,-1,-1,0,0,0,0
1167,DEC_C_1992_0020_J_19930701,ECLI:EU:C:1993:280:19930701,ECLI:EU:C:1993:280,61992CJ0020,0,NA,0,0,NA,1,NA,NA,0,1,0,0,0,0,0,0,1,1,NA,-1,NA,0,0,1,0
1168,DEC_C_1992_0023_J_19930802,ECLI:EU:C:1993:339:19930802,ECLI:EU:C:1993:339,61992CJ0023,0,1,1,NA,1,1,1,0,NA,NA,NA,0,0,0,0,0,NA,0,0,-1,-1,NA,NA,NA,NA
1169,DEC_C_1992_0028_J_19931216,ECLI:EU:C:1993:942:19931216,ECLI:EU:C:1993:942,61992CJ0028,0,1,1,NA,1,1,1,0,NA,NA,NA,0,0,0,0,0,NA,0,0,-1,-1,NA,NA,NA,NA
1170,DEC_C_1992_0031_J_19930802,ECLI:EU:C:1993:340:19930802,ECLI:EU:C:1993:340,61992CJ0031,0,0,1,NA,0,1,0,0,NA,NA,NA,0,0,0,0,0,NA,1,1,-1,-1,NA,NA,NA,NA
1171,DEC_C_1992_0033_J_19930527,ECLI:EU:C:1993:223:19930527,ECLI:EU:C:1993:223,61992CJ0033,1,NA,0,1,NA,0,NA,NA,0,0,0,0,0,0,0,0,0,-1,NA,-1,NA,0,0,0,0
1172,DEC_C_1992_0034_J_19930715,ECLI:EU:C:1993:317:19930715,ECLI:EU:C:1993:317,61992CJ0034,1,NA,0,1,NA,0,NA,NA,1,0,0,0,0,0,0,0,0,-1,NA,-1,NA,0,0,0,0
1173,DEC_C_1992_0037_J_19931012,ECLI:EU:C:1993:836:19931012,ECLI:EU:C:1993:836,61992CJ0037,1,NA,0,0,NA,1,NA,NA,0,0,0,0,0,0,0,0,0,1,NA,-1,NA,0,0,0,1
1174,DEC_C_1992_0042_J_19930713,ECLI:EU:C:1993:304:19930713,ECLI:EU:C:1993:304,61992CJ0042,0,NA,0,0,NA,1,NA,NA,0,1,0,0,0,0,0,0,1,1,NA,-1,NA,0,0,1,0
1175,DEC_C_1992_0045_J_19931209,ECLI:EU:C:1993:921:19931209,ECLI:EU:C:1993:921,61992CJ0045,0,0,1,NA,0,1,0,0,NA,NA,NA,0,1,1,0,0,NA,1,1,-1,-1,NA,NA,NA,NA
1176,DEC_C_1992_0052_J_19930526,ECLI:EU:C:1993:216:19930526,ECLI:EU:C:1993:216,61992CJ0052,1,NA,0,0,NA,0,NA,NA,0,0,0,0,0,0,0,0,0,1,NA,-1,NA,0,0,0,1
1177,DEC_C_1992_0059_J_19930429,ECLI:EU:C:1993:167:19930429,ECLI:EU:C:1993:167,61992CJ0059,1,NA,0,1,NA,0,NA,NA,0,0,0,0,0,0,0,0,0,-1,NA,-1,NA,0,0,0,0
1178,DEC_C_1992_0065_J_19930422,ECLI:EU:C:1993:149:19930422,ECLI:EU:C:1993:149,61992CJ0065,0,0,1,NA,0,1,1,0,NA,NA,NA,1,0,0,0,0,NA,1,1,-1,-1,NA,NA,NA,NA
1179,DEC_C_1992_0066_J_19930802,ECLI:EU:C:1993:341:19930802,ECLI:EU:C:1993:341,61992CJ0066,0,0,1,NA,0,1,0,0,NA,NA,NA,1,0,0,0,0,NA,1,1,-1,-1,NA,NA,NA,NA
1180,DEC_C_1992_0072_J_19931027,ECLI:EU:C:1993:858:19931027,ECLI:EU:C:1993:858,61992CJ0072,1,NA,0,1,NA,0,NA,NA,0,0,0,0,1,0,0,0,0,1,NA,-1,NA,0,0,1,0
1181,DEC_C_1992_0080_J_19940324,ECLI:EU:C:1994:118:19940324,ECLI:EU:C:1994:118,61992CJ0080,1,NA,0,0,NA,0,NA,NA,0,0,0,0,0,0,0,0,0,1,NA,0,NA,0,0,1,0
1182,DEC_C_1992_0092_J_19931020,ECLI:EU:C:1993:847:19931020,ECLI:EU:C:1993:847,61992CJ0092,1,NA,0,0,NA,1,NA,NA,1,0,0,0,0,0,2,0,0,1,NA,-1,NA,0,0,1,0
1183,DEC_C_1992_0093_J_19931013,ECLI:EU:C:1993:838:19931013,ECLI:EU:C:1993:838,61992CJ0093,1,NA,0,0,NA,1,NA,NA,0,0,0,0,0,0,0,0,0,0,NA,-1,NA,0,0,0,0
1184,DEC_C_1992_0107_J_19930802,ECLI:EU:C:1993:344:19930802,ECLI:EU:C:1993:344,61992CJ0107,0,NA,0,1,NA,0,NA,NA,1,0,1,1,0,0,0,0,0,0,NA,-1,NA,0,0,0,0
1185,DEC_C_1992_0108_J_19930701,ECLI:EU:C:1993:281:19930701,ECLI:EU:C:1993:281,61992CJ0108,1,NA,0,1,NA,0,NA,NA,0,0,0,0,0,0,0,0,0,-1,NA,-1,NA,0,0,0,0
1186,DEC_C_1992_0109_J_19931207,ECLI:EU:C:1993:916:19931207,ECLI:EU:C:1993:916,61992CJ0109,0,0,1,0,0,1,0,0,0,0,0,0,0,0,0,0,0,0,-1,-1,-1,0,0,0,0
1187,DEC_C_1992_0113_J_19931215,ECLI:EU:C:1993:930:19931215,ECLI:EU:C:1993:930,61992CJ0113,0,0,1,NA,0,1,0,0,NA,NA,NA,0,0,0,0,0,NA,0,0,-1,-1,NA,NA,NA,NA
1188,DEC_C_1992_0118_J_19940518,ECLI:EU:C:1994:198:19940518,ECLI:EU:C:1994:198,61992CJ0118,0,0,1,NA,0,0,-1,0,NA,NA,NA,0,0,0,0,0,NA,1,-1,-1,-1,NA,NA,NA,NA
1189,DEC_C_1992_0119_J_19940209,ECLI:EU:C:1994:46:19940209,ECLI:EU:C:1994:46,61992CJ0119,1,NA,0,0,NA,0,NA,NA,0,0,0,0,0,0,0,0,0,1,NA,-1,NA,0,0,0,1
1190,DEC_C_1992_0121_J_19931013,ECLI:EU:C:1993:840:19931013,ECLI:EU:C:1993:840,61992CJ0121,0,1,1,NA,1,1,0,0,NA,NA,NA,0,0,0,0,0,NA,1,1,-1,-1,NA,NA,NA,NA
1191,DEC_C_1992_0130_J_19940713,ECLI:EU:C:1994:288:19940713,ECLI:EU:C:1994:288,61992CJ0130,1,NA,0,1,NA,0,NA,NA,0,0,0,0,0,0,0,0,0,0,NA,-1,NA,0,0,0,0
1192,DEC_C_1992_0193_J_19930218,ECLI:EU:C:1993:75:19930218,ECLI:EU:C:1993:75,61992CJ0193,0,1,1,NA,1,1,0,0,NA,NA,NA,1,0,0,0,0,NA,1,1,-1,-1,NA,NA,NA,NA
1193,DEC_C_1992_0248_J_19930802,ECLI:EU:C:1993:347:19930802,ECLI:EU:C:1993:347,61992CJ0248,1,NA,0,1,NA,0,NA,NA,0,0,0,0,0,0,0,0,0,-1,NA,-1,NA,0,0,0,0
1194,DEC_C_1992_0249_J_19940920,ECLI:EU:C:1994:335:19940920,ECLI:EU:C:1994:335,61992CJ0249,1,NA,0,0,NA,0,NA,NA,0,0,0,0,0,0,0,1,0,1,NA,0,NA,0,0,1,1
1195,DEC_C_1992_0271_J_19930525,ECLI:EU:C:1993:214:19930525,ECLI:EU:C:1993:214,61992CJ0271,1,NA,0,1,NA,0,NA,NA,1,0,0,0,0,0,0,1,0,0,NA,1,NA,0,0,0,0
1196,DEC_C_1992_0272_J_19931020,ECLI:EU:C:1993:848:19931020,ECLI:EU:C:1993:848,61992CJ0272,0,1,1,NA,1,1,1,0,NA,NA,NA,0,0,0,0,0,NA,1,1,0,-1,NA,NA,NA,NA
1197,DEC_C_1992_0275_J_19940324,ECLI:EU:C:1994:119:19940324,ECLI:EU:C:1994:119,61992CJ0275,1,NA,0,0,NA,1,NA,NA,0,0,1,1,0,0,0,1,1,0,NA,1,NA,0,0,1,0
1198,DEC_C_1992_0285_J_19931117,ECLI:EU:C:1993:894:19931117,ECLI:EU:C:1993:894,61992CJ0285,1,NA,0,1,NA,0,NA,NA,0,0,0,0,0,0,0,0,0,-1,NA,-1,NA,0,0,0,0
1199,DEC_C_1992_0287_J_19940127,ECLI:EU:C:1994:27:19940127,ECLI:EU:C:1994:27,61992CJ0287,0,1,1,NA,1,1,1,0,NA,NA,NA,0,0,0,0,0,NA,0,0,-1,-1,NA,NA,NA,NA
1200,DEC_C_1992_0292_J_19931215,ECLI:EU:C:1993:932:19931215,ECLI:EU:C:1993:932,61992CJ0292,1,NA,0,0,NA,1,NA,NA,0,0,0,1,0,0,0,0,0,0,NA,-1,NA,0,0,0,0
1201,DEC_C_1992_0297_J_19931020,ECLI:EU:C:1993:849:19931020,ECLI:EU:C:1993:849,61992CJ0297,0,1,1,NA,1,1,1,0,NA,NA,NA,0,0,0,0,0,NA,0,1,-1,-1,NA,NA,NA,NA
1202,DEC_C_1992_0304_J_19931222,ECLI:EU:C:1993:951:19931222,ECLI:EU:C:1993:951,61992CJ0304,1,NA,0,1,NA,0,NA,NA,0,0,0,0,0,0,0,0,0,-1,NA,-1,NA,0,0,0,0
1203,DEC_C_1992_0305_J_19940428,ECLI:EU:C:1994:175:19940428,ECLI:EU:C:1994:175,61992CJ0305,0,1,1,NA,1,1,0,0,NA,NA,NA,0,0,0,0,0,NA,0,0,-1,-1,NA,NA,NA,NA
1204,DEC_C_1992_0315_J_19940202,ECLI:EU:C:1994:34:19940202,ECLI:EU:C:1994:34,61992CJ0315,1,NA,0,1,NA,0,NA,NA,0,0,0,0,0,0,0,0,0,1,NA,-1,NA,0,0,1,1
1205,DEC_C_1992_0316_J_19930629,ECLI:EU:C:1993:269:19930629,ECLI:EU:C:1993:269,61992CJ0316,0,NA,0,0,NA,0,NA,NA,0,0,0,0,0,0,0,0,0,1,NA,-1,NA,0,0,0,1
1206,DEC_C_1992_0317_J_19940601,ECLI:EU:C:1994:212:19940601,ECLI:EU:C:1994:212,61992CJ0317,1,NA,0,0,NA,0,NA,NA,0,0,0,0,0,0,0,1,0,1,NA,0,NA,0,0,1,1
1207,DEC_C_1992_0319_J_19940209,ECLI:EU:C:1994:47:19940209,ECLI:EU:C:1994:47,61992CJ0319,0,1,1,0,1,1,0,0,0,0,1,0,0,0,0,0,0,1,1,-1,-1,0,0,1,0
1208,DEC_C_1992_0350_J_19950713,ECLI:EU:C:1995:237:19950713,ECLI:EU:C:1995:237,61992CJ0350,1,NA,0,0,NA,0,NA,NA,0,0,0,0,0,0,0,-1,0,0,NA,-1,NA,0,0,0,0
1209,DEC_C_1992_0368_J_19940224,ECLI:EU:C:1994:72:19940224,ECLI:EU:C:1994:72,61992CJ0368,1,NA,0,1,NA,0,NA,NA,0,0,0,0,0,0,0,0,0,0,NA,-1,NA,0,0,0,0
1210,DEC_C_1992_0373_J_19930608,ECLI:EU:C:1993:227:19930608,ECLI:EU:C:1993:227,61992CJ0373,1,NA,0,0,NA,0,NA,NA,0,1,0,0,0,0,0,0,1,1,NA,-1,NA,0,0,1,0
1211,DEC_C_1992_0375_J_19940322,ECLI:EU:C:1994:109:19940322,ECLI:EU:C:1994:109,61992CJ0375,0,0,1,0,0,0,-1,0,0,1,0,0,0,0,0,0,1,1,-1,-1,-1,0,0,1,0
1212,DEC_C_1992_0377_J_19931005,ECLI:EU:C:1993:830:19931005,ECLI:EU:C:1993:830,61992CJ0377,1,NA,0,1,NA,0,NA,NA,0,0,0,0,0,0,0,0,0,-1,NA,-1,NA,0,0,0,0
1213,DEC_C_1992_0379_J_19940714,ECLI:EU:C:1994:296:19940714,ECLI:EU:C:1994:296,61992CJ0379,1,NA,0,0,NA,1,NA,NA,1,1,0,0,0,0,0,0,0,0,NA,-1,NA,0,0,0,0
1214,DEC_C_1992_0388_J_19940601,ECLI:EU:C:1994:213:19940601,ECLI:EU:C:1994:213,61992CJ0388,0,NA,0,0,NA,0,NA,NA,0,0,0,0,0,0,0,-1,0,-1,NA,-1,NA,0,0,0,0
1215,DEC_C_1992_0391_J_19950629,ECLI:EU:C:1995:199:19950629,ECLI:EU:C:1995:199,61992CJ0391,1,NA,0,0,NA,0,NA,NA,0,0,0,0,0,0,0,0,0,0,NA,-1,NA,0,0,0,0
1216,DEC_C_1992_0393_J_19940427,ECLI:EU:C:1994:171:19940427,ECLI:EU:C:1994:171,61992CJ0393,1,NA,0,1,NA,0,NA,NA,0,0,0,0,1,1,0,0,0,1,NA,-1,NA,0,0,1,0
1217,DEC_C_1992_0401_J_19940602,ECLI:EU:C:1994:220:19940602,ECLI:EU:C:1994:220,61992CJ0401,1,NA,0,0,NA,1,NA,NA,0,0,0,1,0,0,0,0,0,0,NA,-1,NA,0,0,0,0
1218,DEC_C_1992_0419_J_19940223,ECLI:EU:C:1994:62:19940223,ECLI:EU:C:1994:62,61992CJ0419,0,1,1,NA,1,1,1,0,NA,NA,NA,0,0,0,0,0,NA,1,1,-1,-1,NA,NA,NA,NA
1219,DEC_C_1992_0426_J_19940622,ECLI:EU:C:1994:260:19940622,ECLI:EU:C:1994:260,61992CJ0426,1,NA,0,1,NA,0,NA,NA,0,0,0,0,0,0,0,0,0,1,NA,-1,NA,0,0,1,1
1220,DEC_C_1992_0428_J_19940602,ECLI:EU:C:1994:222:19940602,ECLI:EU:C:1994:222,61992CJ0428,0,0,1,NA,0,0,-1,0,NA,NA,NA,0,0,0,0,0,NA,0,-1,-1,-1,NA,NA,NA,NA
1221,DEC_C_1992_0432_J_19940705,ECLI:EU:C:1994:277:19940705,ECLI:EU:C:1994:277,61992CJ0432,1,NA,0,1,NA,0,NA,NA,0,1,0,0,0,0,1,1,0,0,NA,1,NA,0,0,0,0
1222,DEC_C_1993_0001_J_19940412,ECLI:EU:C:1994:127:19940412,ECLI:EU:C:1994:127,61993CJ0001,0,NA,0,1,NA,0,NA,NA,0,1,0,0,0,0,2,0,1,1,NA,-1,NA,0,0,1,0
1223,DEC_C_1993_0009_J_19940622,ECLI:EU:C:1994:261:19940622,ECLI:EU:C:1994:261,61993CJ0009,1,NA,0,1,NA,0,NA,NA,0,0,0,1,0,0,0,0,0,0,NA,-1,NA,0,0,0,0
1224,DEC_C_1993_0011_J_19940519,ECLI:EU:C:1994:206:19940519,ECLI:EU:C:1994:206,61993CJ0011,1,NA,0,1,NA,0,NA,NA,0,0,0,0,0,0,0,0,0,-1,NA,-1,NA,0,0,0,0
1225,DEC_C_1993_0012_J_19940920,ECLI:EU:C:1994:336:19940920,ECLI:EU:C:1994:336,61993CJ0012,0,1,1,NA,1,1,0,0,NA,NA,NA,0,0,0,0,0,NA,0,0,-1,-1,NA,NA,NA,NA
1226,DEC_C_1993_0017_J_19940714,ECLI:EU:C:1994:299:19940714,ECLI:EU:C:1994:299,61993CJ0017,1,NA,0,0,NA,1,NA,NA,0,0,1,0,0,0,0,1,1,1,NA,0,NA,0,0,1,0
1227,DEC_C_1993_0023_J_19941005,ECLI:EU:C:1994:362:19941005,ECLI:EU:C:1994:362,61993CJ0023,0,NA,0,1,NA,0,NA,NA,0,0,0,0,0,0,0,0,0,0,NA,-1,NA,0,0,0,0
1228,DEC_C_1993_0029_J_19940519,ECLI:EU:C:1994:207:19940519,ECLI:EU:C:1994:207,61993CJ0029,1,NA,0,1,NA,0,NA,NA,0,0,0,0,0,0,0,0,0,-1,NA,-1,NA,0,0,0,0
1229,DEC_C_1993_0030_J_19940602,ECLI:EU:C:1994:224:19940602,ECLI:EU:C:1994:224,61993CJ0030,1,NA,0,1,NA,0,NA,NA,0,0,0,0,1,0,0,-1,0,0,NA,-1,NA,0,0,0,0
1230,DEC_C_1993_0035_J_19940616,ECLI:EU:C:1994:252:19940616,ECLI:EU:C:1994:252,61993CJ0035,1,NA,0,1,NA,0,NA,NA,0,0,0,0,0,0,0,0,0,-1,NA,-1,NA,0,0,0,0
1231,DEC_C_1993_0037_J_19931201,ECLI:EU:C:1993:911:19931201,ECLI:EU:C:1993:911,61993CJ0037,0,0,1,NA,0,0,-1,0,NA,NA,NA,0,0,0,0,0,NA,1,-1,-1,-1,NA,NA,NA,NA
1232,DEC_C_1993_0040_J_19950601,ECLI:EU:C:1995:157:19950601,ECLI:EU:C:1995:157,61993CJ0040,0,0,1,0,0,0,-1,0,0,0,0,0,0,0,0,0,0,1,-1,-1,-1,0,0,0,1
1233,DEC_C_1993_0041_J_19940517,ECLI:EU:C:1994:196:19940517,ECLI:EU:C:1994:196,61993CJ0041,1,NA,0,0,NA,0,NA,NA,0,0,0,0,0,0,0,-1,0,1,NA,-1,NA,1,0,0,0
1234,DEC_C_1993_0043_J_19940809,ECLI:EU:C:1994:310:19940809,ECLI:EU:C:1994:310,61993CJ0043,0,NA,0,0,NA,1,NA,NA,0,0,0,0,0,0,0,0,1,1,NA,-1,NA,0,0,1,0
1235,DEC_C_1993_0045_J_19940315,ECLI:EU:C:1994:101:19940315,ECLI:EU:C:1994:101,61993CJ0045,0,NA,0,0,NA,0,NA,NA,0,1,0,0,0,0,0,0,1,1,NA,-1,NA,0,0,1,0
1236,DEC_C_1993_0046_J_19960305,ECLI:EU:C:1996:79:19960305,ECLI:EU:C:1996:79,61993CJ0046,1,NA,0,1,NA,0,NA,NA,1,0,0,0,1,0,0,0,0,1,NA,-1,NA,0,0,0,0
1237,DEC_C_1993_0047_J_19940503,ECLI:EU:C:1994:181:19940503,ECLI:EU:C:1994:181,61993CJ0047,0,0,1,NA,0,0,-1,0,NA,NA,NA,1,0,0,0,0,NA,1,-1,-1,-1,NA,NA,NA,NA
1238,DEC_C_1993_0051_J_19940809,ECLI:EU:C:1994:312:19940809,ECLI:EU:C:1994:312,61993CJ0051,1,NA,0,1,NA,0,NA,NA,0,0,0,0,0,0,0,1,0,0,NA,1,NA,0,0,0,0
1239,DEC_C_1993_0055_J_19941005,ECLI:EU:C:1994:363:19941005,ECLI:EU:C:1994:363,61993CJ0055,1,NA,0,0,NA,1,NA,NA,0,0,0,0,0,0,0,0,0,0,NA,-1,NA,0,0,0,0
1240,DEC_C_1993_0058_J_19940420,ECLI:EU:C:1994:160:19940420,ECLI:EU:C:1994:160,61993CJ0058,0,1,1,NA,1,1,0,1,NA,NA,NA,0,0,0,2,0,NA,1,1,-1,-1,NA,NA,NA,NA
1241,DEC_C_1993_0060_J_19940629,ECLI:EU:C:1994:271:19940629,ECLI:EU:C:1994:271,61993CJ0060,0,1,1,NA,1,1,0,0,NA,NA,NA,1,0,0,0,0,NA,1,1,-1,-1,NA,NA,NA,NA
1242,DEC_C_1993_0069_J_19940602,ECLI:EU:C:1994:226:19940602,ECLI:EU:C:1994:226,61993CJ0069,1,NA,0,1,NA,0,NA,NA,0,0,0,1,0,0,0,0,0,0,NA,-1,NA,0,0,0,0
1243,DEC_C_1993_0071_J_19940324,ECLI:EU:C:1994:120:19940324,ECLI:EU:C:1994:120,61993CJ0071,0,1,1,NA,1,1,0,0,NA,NA,NA,1,0,0,2,0,NA,1,1,-1,-1,NA,NA,NA,NA
1244,DEC_C_1993_0130_J_19940707,ECLI:EU:C:1994:281:19940707,ECLI:EU:C:1994:281,61993CJ0130,1,NA,0,1,NA,0,NA,NA,0,0,0,0,1,0,0,0,0,1,NA,-1,NA,0,0,1,0
1245,DEC_C_1993_0131_J_19940713,ECLI:EU:C:1994:290:19940713,ECLI:EU:C:1994:290,61993CJ0131,1,NA,0,0,NA,0,NA,NA,1,0,0,0,0,0,0,1,0,1,NA,0,NA,0,0,1,0
1246,DEC_C_1993_0132_J_19940616,ECLI:EU:C:1994:254:19940616,ECLI:EU:C:1994:254,61993CJ0132,0,1,1,NA,1,1,0,0,NA,NA,NA,0,0,0,0,0,NA,-1,-1,-1,-1,NA,NA,NA,NA
1247,DEC_C_1993_0143_J_19960213,ECLI:EU:C:1996:45:19960213,ECLI:EU:C:1996:45,61993CJ0143,1,NA,0,1,NA,0,NA,NA,0,0,0,0,0,0,0,0,0,-1,NA,-1,NA,0,0,0,0
1248,DEC_C_1993_0146_J_19940707,ECLI:EU:C:1994:282:19940707,ECLI:EU:C:1994:282,61993CJ0146,0,0,1,NA,0,1,0,0,NA,NA,NA,0,0,0,0,0,NA,0,0,-1,-1,NA,NA,NA,NA
1249,DEC_C_1993_0148_J_19940324,ECLI:EU:C:1994:123:19940324,ECLI:EU:C:1994:123,61993CJ0148,1,NA,0,1,NA,0,NA,NA,0,0,0,0,0,0,0,0,0,-1,NA,-1,NA,0,0,0,0
1250,DEC_C_1993_0150_J_19940412,ECLI:EU:C:1994:128:19940412,ECLI:EU:C:1994:128,61993CJ0150,1,NA,0,1,NA,0,NA,NA,0,0,0,0,0,0,0,0,0,-1,NA,-1,NA,0,0,0,0
1251,DEC_C_1993_0151_J_19941005,ECLI:EU:C:1994:365:19941005,ECLI:EU:C:1994:365,61993CJ0151,1,NA,0,1,NA,0,NA,NA,0,0,0,0,0,0,0,0,0,-1,NA,-1,NA,0,0,0,0
1252,DEC_C_1993_0154_J_19940209,ECLI:EU:C:1994:51:19940209,ECLI:EU:C:1994:51,61993CJ0154,0,1,1,0,1,1,0,0,0,0,0,0,0,0,0,0,0,0,0,-1,-1,0,0,0,0
1253,DEC_C_1993_0277_J_19941206,ECLI:EU:C:1994:402:19941206,ECLI:EU:C:1994:402,61993CJ0277,0,NA,0,0,NA,0,NA,NA,0,0,0,0,0,0,0,0,1,0,NA,-1,NA,0,0,0,1
1254,DEC_C_1993_0279_J_19950214,ECLI:EU:C:1995:31:19950214,ECLI:EU:C:1995:31,61993CJ0279,0,1,1,NA,1,1,0,0,NA,NA,NA,1,0,0,0,0,NA,1,1,-1,-1,NA,NA,NA,NA
1255,DEC_C_1993_0293_J_19940915,ECLI:EU:C:1994:330:19940915,ECLI:EU:C:1994:330,61993CJ0293,1,NA,0,0,NA,1,NA,NA,1,1,0,0,1,1,0,0,1,1,NA,-1,NA,0,0,1,0
1256,DEC_C_1993_0301_J_19940922,ECLI:EU:C:1994:341:19940922,ECLI:EU:C:1994:341,61993CJ0301,0,1,1,NA,1,1,0,0,NA,NA,NA,0,0,0,0,0,NA,1,1,-1,-1,NA,NA,NA,NA
1257,DEC_C_1993_0308_J_19960430,ECLI:EU:C:1996:169:19960430,ECLI:EU:C:1996:169,61993CJ0308,0,0,1,NA,0,1,1,1,NA,NA,NA,1,0,0,0,0,NA,1,1,-1,1,NA,NA,NA,NA
1258,DEC_C_1993_0314_J_19940712,ECLI:EU:C:1994:284:19940712,ECLI:EU:C:1994:284,61993CJ0314,1,NA,0,0,NA,1,NA,NA,0,0,0,1,1,0,0,0,0,0,NA,-1,NA,0,0,0,0
1259,DEC_C_1993_0316_J_19940303,ECLI:EU:C:1994:82:19940303,ECLI:EU:C:1994:82,61993CJ0316,0,NA,0,0,NA,1,NA,NA,0,0,0,0,0,0,0,0,0,-1,NA,-1,NA,0,0,0,0
1260,DEC_C_1993_0320_J_19941110,ECLI:EU:C:1994:379:19941110,ECLI:EU:C:1994:379,61993CJ0320,1,NA,0,1,NA,0,NA,NA,0,0,0,1,0,0,0,0,0,0,NA,1,NA,0,0,0,0
1261,DEC_C_1993_0321_J_19951005,ECLI:EU:C:1995:306:19951005,ECLI:EU:C:1995:306,61993CJ0321,0,1,1,NA,1,1,0,0,NA,NA,NA,0,0,0,0,0,NA,1,1,-1,1,NA,NA,NA,NA
1262,DEC_C_1993_0323_J_19941005,ECLI:EU:C:1994:368:19941005,ECLI:EU:C:1994:368,61993CJ0323,1,NA,0,1,NA,0,NA,NA,0,1,0,0,1,0,0,0,0,0,NA,-1,NA,0,0,0,0
1263,DEC_C_1993_0324_J_19950328,ECLI:EU:C:1995:84:19950328,ECLI:EU:C:1995:84,61993CJ0324,1,NA,0,1,NA,0,NA,NA,0,0,0,0,1,0,0,0,0,1,NA,-1,NA,0,0,1,0
1264,DEC_C_1993_0325_J_19950406,ECLI:EU:C:1995:103:19950406,ECLI:EU:C:1995:103,61993CJ0325,0,1,1,NA,1,1,0,0,NA,NA,NA,0,0,1,0,0,NA,0,0,-1,-1,NA,NA,NA,NA
1265,DEC_C_1993_0334_J_19950223,ECLI:EU:C:1995:52:19950223,ECLI:EU:C:1995:52,61993CJ0334,1,NA,0,1,NA,0,NA,NA,0,0,0,0,0,0,0,0,0,0,NA,-1,NA,0,0,1,0
1266,DEC_C_1993_0340_J_19940809,ECLI:EU:C:1994:313:19940809,ECLI:EU:C:1994:313,61993CJ0340,1,NA,0,1,NA,0,NA,NA,0,0,0,0,0,0,0,0,0,-1,NA,-1,NA,0,0,0,0
1267,DEC_C_1993_0345_J_19950309,ECLI:EU:C:1995:66:19950309,ECLI:EU:C:1995:66,61993CJ0345,1,NA,0,0,NA,1,NA,NA,0,1,0,0,0,0,0,1,1,1,NA,0,NA,0,0,1,0
1268,DEC_C_1993_0355_J_19941005,ECLI:EU:C:1994:369:19941005,ECLI:EU:C:1994:369,61993CJ0355,0,1,1,NA,1,1,1,1,NA,NA,NA,0,0,0,1,0,NA,1,1,-1,1,NA,NA,NA,NA
1269,DEC_C_1993_0356_J_19940602,ECLI:EU:C:1994:227:19940602,ECLI:EU:C:1994:227,61993CJ0356,1,NA,0,1,NA,0,NA,NA,0,0,0,0,0,0,0,0,0,-1,NA,-1,NA,0,0,0,0
1270,DEC_C_1993_0358_J_19950223,ECLI:EU:C:1995:54:19950223,ECLI:EU:C:1995:54,61993CJ0358,1,NA,0,0,NA,1,NA,NA,0,0,0,0,0,0,0,0,0,1,NA,-1,NA,0,0,0,1
1271,DEC_C_1993_0359_J_19950124,ECLI:EU:C:1995:14:19950124,ECLI:EU:C:1995:14,61993CJ0359,1,NA,0,0,NA,0,NA,NA,0,0,0,0,0,0,0,0,0,1,NA,-1,NA,0,0,1,1
1272,DEC_C_1993_0363_J_19940809,ECLI:EU:C:1994:315:19940809,ECLI:EU:C:1994:315,61993CJ0363,1,NA,0,1,NA,0,NA,NA,0,0,0,0,0,0,0,0,0,1,NA,-1,NA,1,0,1,0
1273,DEC_C_1993_0365_J_19950323,ECLI:EU:C:1995:76:19950323,ECLI:EU:C:1995:76,61993CJ0365,0,0,1,0,0,0,-1,0,0,0,0,0,0,0,0,0,0,1,-1,-1,-1,0,0,1,0
1274,DEC_C_1993_0381_J_19941005,ECLI:EU:C:1994:370:19941005,ECLI:EU:C:1994:370,61993CJ0381,0,NA,0,0,NA,0,NA,NA,0,0,0,0,0,0,0,0,1,1,NA,-1,NA,0,0,0,1
1275,DEC_C_1993_0384_J_19950510,ECLI:EU:C:1995:126:19950510,ECLI:EU:C:1995:126,61993CJ0384,0,NA,0,1,NA,0,NA,NA,0,0,1,1,0,0,0,1,1,0,NA,1,NA,0,0,0,0
1276,DEC_C_1993_0387_J_19951214,ECLI:EU:C:1995:439:19951214,ECLI:EU:C:1995:439,61993CJ0387,1,NA,0,0,NA,1,NA,NA,0,0,0,0,0,0,0,1,0,0,NA,1,NA,0,0,0,0
1277,DEC_C_1993_0391_J_19950713,ECLI:EU:C:1995:240:19950713,ECLI:EU:C:1995:240,61993CJ0391,0,1,1,NA,1,1,0,0,NA,NA,NA,1,0,0,0,0,NA,1,1,-1,-1,NA,NA,NA,NA
1278,DEC_C_1993_0393_J_19940809,ECLI:EU:C:1994:317:19940809,ECLI:EU:C:1994:317,61993CJ0393,1,NA,0,1,NA,0,NA,NA,0,0,0,0,0,0,0,0,0,-1,NA,-1,NA,0,0,0,0
1279,DEC_C_1993_0394_J_19951123,ECLI:EU:C:1995:400:19951123,ECLI:EU:C:1995:400,61993CJ0394,0,1,1,NA,1,1,0,0,NA,NA,NA,0,1,0,0,0,NA,0,0,-1,0,NA,NA,NA,NA
1280,DEC_C_1993_0395_J_19940809,ECLI:EU:C:1994:318:19940809,ECLI:EU:C:1994:318,61993CJ0395,1,NA,0,1,NA,0,NA,NA,0,0,0,0,0,0,0,0,0,-1,NA,-1,NA,0,0,0,0
1281,DEC_C_1993_0401_J_19941213,ECLI:EU:C:1994:411:19941213,ECLI:EU:C:1994:411,61993CJ0401,1,NA,0,1,NA,0,NA,NA,0,0,0,0,0,0,0,0,0,-1,NA,-1,NA,0,0,0,0
1282,DEC_C_1993_0406_J_19940809,ECLI:EU:C:1994:320:19940809,ECLI:EU:C:1994:320,61993CJ0406,0,1,1,NA,1,1,0,0,NA,NA,NA,0,0,0,0,0,NA,1,1,-1,-1,NA,NA,NA,NA
1283,DEC_C_1993_0412_J_19950209,ECLI:EU:C:1995:26:19950209,ECLI:EU:C:1995:26,61993CJ0412,1,NA,0,1,NA,0,NA,NA,0,0,0,0,0,0,0,0,0,0,NA,-1,NA,0,0,0,0
1284,DEC_C_1993_0415_J_19951215,ECLI:EU:C:1995:463:19951215,ECLI:EU:C:1995:463,61993CJ0415,0,1,1,NA,1,1,0,0,NA,NA,NA,0,0,0,1,0,NA,-1,1,-1,-1,NA,NA,NA,NA
1285,DEC_C_1993_0418_J_19960620,ECLI:EU:C:1996:242:19960620,ECLI:EU:C:1996:242,61993CJ0418,1,NA,0,1,NA,0,NA,NA,0,1,0,1,0,0,2,0,0,0,NA,-1,NA,0,0,0,0
1286,DEC_C_1993_0425_J_19950216,ECLI:EU:C:1995:37:19950216,ECLI:EU:C:1995:37,61993CJ0425,0,0,1,NA,0,0,-1,0,NA,NA,NA,0,0,0,0,0,NA,0,1,-1,-1,NA,NA,NA,NA
1287,DEC_C_1993_0427_J_19960711,ECLI:EU:C:1996:282:19960711,ECLI:EU:C:1996:282,61993CJ0427,1,NA,0,1,NA,0,NA,NA,0,0,0,0,1,0,0,0,0,0,NA,-1,NA,0,0,0,0
1288,DEC_C_1993_0434_J_19950606,ECLI:EU:C:1995:168:19950606,ECLI:EU:C:1995:168,61993CJ0434,0,1,1,NA,1,1,0,0,NA,NA,NA,0,1,1,0,0,NA,0,0,-1,-1,NA,NA,NA,NA
1289,DEC_C_1993_0437_J_19950629,ECLI:EU:C:1995:203:19950629,ECLI:EU:C:1995:203,61993CJ0437,1,NA,0,1,NA,0,NA,NA,0,0,0,0,0,0,0,0,0,-1,NA,-1,NA,0,0,0,0
1290,DEC_C_1993_0441_J_19960312,ECLI:EU:C:1996:92:19960312,ECLI:EU:C:1996:92,61993CJ0441,0,NA,0,1,NA,0,NA,NA,1,0,0,0,0,0,0,-1,0,1,NA,-1,NA,0,0,1,0
1291,DEC_C_1993_0443_J_19951122,ECLI:EU:C:1995:394:19951122,ECLI:EU:C:1995:394,61993CJ0443,0,0,1,NA,0,1,0,0,NA,NA,NA,0,0,0,0,0,NA,1,1,-1,-1,NA,NA,NA,NA
1292,DEC_C_1993_0446_J_19960118,ECLI:EU:C:1996:10:19960118,ECLI:EU:C:1996:10,61993CJ0446,1,NA,0,1,NA,0,NA,NA,0,0,0,0,1,1,0,1,0,0,NA,1,NA,0,0,0,0
1293,DEC_C_1993_0447_J_19940809,ECLI:EU:C:1994:321:19940809,ECLI:EU:C:1994:321,61993CJ0447,0,1,1,0,1,1,0,0,0,0,0,0,0,0,0,0,0,0,0,-1,-1,0,0,0,0
1294,DEC_C_1993_0451_J_19950608,ECLI:EU:C:1995:176:19950608,ECLI:EU:C:1995:176,61993CJ0451,0,1,1,NA,1,1,1,0,NA,NA,NA,0,0,0,0,0,NA,1,1,-1,1,NA,NA,NA,NA
1295,DEC_C_1993_0454_J_19950629,ECLI:EU:C:1995:205:19950629,ECLI:EU:C:1995:205,61993CJ0454,0,1,1,NA,1,1,0,0,NA,NA,NA,1,0,0,0,0,NA,1,1,-1,-1,NA,NA,NA,NA
1296,DEC_C_1993_0459_J_19950601,ECLI:EU:C:1995:160:19950601,ECLI:EU:C:1995:160,61993CJ0459,1,NA,0,1,NA,0,NA,NA,0,0,0,0,0,0,0,0,0,-1,NA,-1,NA,0,0,0,0
1297,DEC_C_1993_0467_J_19950601,ECLI:EU:C:1995:161:19950601,ECLI:EU:C:1995:161,61993CJ0467,1,NA,0,1,NA,0,NA,NA,0,0,0,0,0,0,0,0,0,-1,NA,-1,NA,0,0,0,0
1298,DEC_C_1993_0470_J_19950706,ECLI:EU:C:1995:224:19950706,ECLI:EU:C:1995:224,61993CJ0470,1,NA,0,1,NA,0,NA,NA,1,0,1,0,0,0,0,1,1,1,NA,0,NA,0,0,1,0
1299,DEC_C_1993_0473_J_19960702,ECLI:EU:C:1996:263:19960702,ECLI:EU:C:1996:263,61993CJ0473,0,0,1,NA,0,0,-1,0,NA,NA,NA,0,0,0,0,0,NA,1,-1,-1,-1,NA,NA,NA,NA
1300,DEC_C_1993_0475_J_19951109,ECLI:EU:C:1995:371:19951109,ECLI:EU:C:1995:371,61993CJ0475,0,1,1,NA,1,1,0,0,NA,NA,NA,0,0,0,0,0,NA,0,0,-1,-1,NA,NA,NA,NA
1301,DEC_C_1993_0481_J_19951026,ECLI:EU:C:1995:348:19951026,ECLI:EU:C:1995:348,61993CJ0481,0,1,1,NA,1,1,0,0,NA,NA,NA,0,0,0,0,0,NA,1,1,-1,-1,NA,NA,NA,NA
1302,DEC_C_1993_0482_J_19951026,ECLI:EU:C:1995:349:19951026,ECLI:EU:C:1995:349,61993CJ0482,0,1,1,NA,1,1,1,0,NA,NA,NA,0,0,0,0,0,NA,1,1,-1,-1,NA,NA,NA,NA
1303,DEC_C_1993_0485_J_19950914,ECLI:EU:C:1995:281:19950914,ECLI:EU:C:1995:281,61993CJ0485,1,NA,0,0,NA,1,NA,NA,0,0,0,0,0,0,0,0,0,1,NA,-1,NA,0,0,1,0
1304,DEC_C_1994_0005_J_19960523,ECLI:EU:C:1996:205:19960523,ECLI:EU:C:1996:205,61994CJ0005,1,NA,0,1,NA,0,NA,NA,0,1,0,0,1,0,0,1,0,1,NA,0,NA,0,0,1,0
1305,DEC_C_1994_0007_J_19950504,ECLI:EU:C:1995:118:19950504,ECLI:EU:C:1995:118,61994CJ0007,0,0,1,NA,0,1,0,1,NA,NA,NA,0,0,0,0,0,NA,1,1,-1,1,NA,NA,NA,NA
1306,DEC_C_1994_0016_J_19950811,ECLI:EU:C:1995:268:19950811,ECLI:EU:C:1995:268,61994CJ0016,1,NA,0,1,NA,0,NA,NA,0,0,0,0,0,0,0,0,0,1,NA,-1,NA,0,0,1,0
1307,DEC_C_1994_0017_J_19951207,ECLI:EU:C:1995:422:19951207,ECLI:EU:C:1995:422,61994CJ0017,0,NA,0,0,NA,1,NA,NA,0,0,0,0,1,0,0,0,0,0,NA,-1,NA,0,0,0,0
1308,DEC_C_1994_0029_J_19950216,ECLI:EU:C:1995:39:19950216,ECLI:EU:C:1995:39,61994CJ0029,0,NA,0,0,NA,1,NA,NA,1,0,0,0,0,0,0,0,0,0,NA,-1,NA,0,0,0,0
1309,DEC_C_1994_0036_J_19951026,ECLI:EU:C:1995:351:19951026,ECLI:EU:C:1995:351,61994CJ0036,1,NA,0,1,NA,0,NA,NA,0,0,0,1,1,1,0,0,0,0,NA,-1,NA,0,0,0,0
1310,DEC_C_1994_0044_J_19951017,ECLI:EU:C:1995:325:19951017,ECLI:EU:C:1995:325,61994CJ0044,1,NA,0,1,NA,0,NA,NA,0,0,0,0,0,0,0,1,0,0,NA,1,NA,0,0,0,0
1311,DEC_C_1994_0045_J_19951207,ECLI:EU:C:1995:425:19951207,ECLI:EU:C:1995:425,61994CJ0045,1,NA,0,1,NA,0,NA,NA,0,0,0,0,1,0,0,0,0,-1,NA,-1,NA,0,0,0,0
1312,DEC_C_1994_0051_J_19951026,ECLI:EU:C:1995:352:19951026,ECLI:EU:C:1995:352,61994CJ0051,1,NA,0,0,NA,0,NA,NA,1,0,0,0,0,0,0,1,0,1,NA,0,NA,0,0,1,0
1313,DEC_C_1994_0055_J_19951130,ECLI:EU:C:1995:411:19951130,ECLI:EU:C:1995:411,61994CJ0055,0,NA,0,0,NA,1,NA,NA,0,0,1,0,1,1,0,0,0,-1,NA,-1,NA,0,0,1,1
1314,DEC_C_1994_0059_J_19951017,ECLI:EU:C:1995:326:19951017,ECLI:EU:C:1995:326,61994CJ0059,1,NA,0,1,NA,0,NA,NA,0,0,0,0,0,0,0,0,0,-1,NA,-1,NA,0,0,0,0
1315,DEC_C_1994_0063_J_19950811,ECLI:EU:C:1995:270:19950811,ECLI:EU:C:1995:270,61994CJ0063,1,NA,0,1,NA,0,NA,NA,0,0,0,1,0,0,0,0,0,0,NA,-1,NA,0,0,0,0
1316,DEC_C_1994_0070_J_19951017,ECLI:EU:C:1995:328:19951017,ECLI:EU:C:1995:328,61994CJ0070,1,NA,0,1,NA,0,NA,NA,0,0,0,0,1,0,0,0,0,0,NA,-1,NA,0,0,0,0
1317,DEC_C_1994_0071_J_19960711,ECLI:EU:C:1996:286:19960711,ECLI:EU:C:1996:286,61994CJ0071,1,NA,0,1,NA,0,NA,NA,0,0,0,0,1,0,0,0,0,0,NA,-1,NA,0,0,0,0
1318,DEC_C_1994_0080_J_19950811,ECLI:EU:C:1995:271:19950811,ECLI:EU:C:1995:271,61994CJ0080,0,NA,0,0,NA,1,NA,NA,0,1,0,0,0,0,0,0,1,1,NA,-1,NA,0,0,1,0
1319,DEC_C_1994_0083_J_19951017,ECLI:EU:C:1995:329:19951017,ECLI:EU:C:1995:329,61994CJ0083,1,NA,0,0,NA,1,NA,NA,0,0,0,0,1,1,1,1,0,0,NA,1,NA,0,0,0,0
1320,DEC_C_1994_0085_J_19951012,ECLI:EU:C:1995:312:19951012,ECLI:EU:C:1995:312,61994CJ0085,1,NA,0,1,NA,0,NA,NA,0,0,0,0,1,0,0,0,0,1,NA,-1,NA,0,0,0,1
1321,DEC_C_1994_0090_J_19970717,ECLI:EU:C:1997:368:19970717,ECLI:EU:C:1997:368,61994CJ0090,1,NA,0,1,NA,0,NA,NA,0,1,0,0,0,0,0,0,1,1,NA,-1,NA,0,0,1,0
1322,DEC_C_1994_0091_J_19951109,ECLI:EU:C:1995:374:19951109,ECLI:EU:C:1995:374,61994CJ0091,1,NA,0,0,NA,1,NA,NA,0,0,0,0,0,0,0,0,0,1,NA,-1,NA,0,0,0,1
1323,DEC_C_1994_0096_J_19951005,ECLI:EU:C:1995:308:19951005,ECLI:EU:C:1995:308,61994CJ0096,1,NA,0,1,NA,0,NA,NA,0,0,0,0,0,0,0,0,0,0,NA,-1,NA,0,0,0,0
1324,DEC_C_1994_0098_J_19950811,ECLI:EU:C:1995:273:19950811,ECLI:EU:C:1995:273,61994CJ0098,0,0,1,NA,0,1,1,0,NA,NA,NA,1,0,0,0,0,NA,1,1,-1,1,NA,NA,NA,NA
1325,DEC_C_1994_0101_J_19960606,ECLI:EU:C:1996:221:19960606,ECLI:EU:C:1996:221,61994CJ0101,0,NA,0,0,NA,0,NA,NA,0,1,0,0,0,0,0,1,1,1,NA,0,NA,0,0,1,0
1326,DEC_C_1994_0103_J_19950405,ECLI:EU:C:1995:97:19950405,ECLI:EU:C:1995:97,61994CJ0103,0,0,1,NA,0,1,1,1,NA,NA,NA,1,0,0,1,0,NA,1,1,-1,1,NA,NA,NA,NA
1327,DEC_C_1994_0106_J_19951214,ECLI:EU:C:1995:446:19951214,ECLI:EU:C:1995:446,61994CJ0106,1,NA,0,1,NA,0,NA,NA,0,0,0,0,0,0,0,0,0,-1,NA,-1,NA,0,0,0,0
1328,DEC_C_1994_0109_J_19950629,ECLI:EU:C:1995:210:19950629,ECLI:EU:C:1995:210,61994CJ0109,0,NA,0,0,NA,0,NA,NA,0,0,0,0,0,0,0,0,0,1,NA,-1,NA,0,0,1,0
1329,DEC_C_1994_0111_J_19951019,ECLI:EU:C:1995:340:19951019,ECLI:EU:C:1995:340,61994CJ0111,0,NA,0,1,NA,0,NA,NA,0,0,0,0,0,0,0,-1,0,-1,NA,-1,NA,0,0,0,0
1330,DEC_C_1994_0123_J_19950601,ECLI:EU:C:1995:165:19950601,ECLI:EU:C:1995:165,61994CJ0123,0,0,1,NA,0,0,-1,0,NA,NA,NA,0,0,0,0,0,NA,1,-1,-1,-1,NA,NA,NA,NA
1331,DEC_C_1994_0125_J_19951005,ECLI:EU:C:1995:309:19951005,ECLI:EU:C:1995:309,61994CJ0125,1,NA,0,1,NA,0,NA,NA,0,0,0,0,0,0,0,0,0,1,NA,-1,NA,0,0,1,0
1332,DEC_C_1994_0126_J_19961107,ECLI:EU:C:1996:423:19961107,ECLI:EU:C:1996:423,61994CJ0126,1,NA,0,1,NA,0,NA,NA,0,0,0,0,1,0,0,0,0,1,NA,-1,NA,0,0,1,0
1333,DEC_C_1994_0134_J_19951130,ECLI:EU:C:1995:414:19951130,ECLI:EU:C:1995:414,61994CJ0134,0,NA,0,1,NA,0,NA,NA,0,0,0,0,0,0,0,0,0,-1,NA,-1,NA,0,0,0,0
1334,DEC_C_1994_0140_J_19951017,ECLI:EU:C:1995:330:19951017,ECLI:EU:C:1995:330,61994CJ0140,1,NA,0,1,NA,0,NA,NA,0,0,0,1,0,0,0,0,0,0,NA,-1,NA,0,0,0,0
1335,DEC_C_1994_0147_J_19950406,ECLI:EU:C:1995:111:19950406,ECLI:EU:C:1995:111,61994CJ0147,0,NA,0,0,NA,0,NA,NA,0,0,0,0,0,0,0,0,0,1,NA,-1,NA,0,0,1,0
1336,DEC_C_1994_0151_J_19951026,ECLI:EU:C:1995:357:19951026,ECLI:EU:C:1995:357,61994CJ0151,0,0,1,NA,0,0,-1,0,NA,NA,NA,0,0,0,2,0,NA,1,-1,-1,-1,NA,NA,NA,NA
1337,DEC_C_1994_0152_J_19951116,ECLI:EU:C:1995:388:19951116,ECLI:EU:C:1995:388,61994CJ0152,0,NA,0,0,NA,1,NA,NA,0,0,0,0,0,0,0,0,0,-1,NA,-1,NA,0,0,0,0
1338,DEC_C_1994_0153_J_19960514,ECLI:EU:C:1996:198:19960514,ECLI:EU:C:1996:198,61994CJ0153,1,NA,0,0,NA,1,NA,NA,0,0,0,1,1,0,0,0,0,0,NA,-1,NA,0,0,0,0
1339,DEC_C_1994_0164_J_19960201,ECLI:EU:C:1996:23:19960201,ECLI:EU:C:1996:23,61994CJ0164,0,0,1,0,0,1,0,0,0,0,0,0,0,0,0,0,0,1,-1,-1,-1,0,0,0,1
1340,DEC_C_1994_0166_J_19960208,ECLI:EU:C:1996:38:19960208,ECLI:EU:C:1996:38,61994CJ0166,1,NA,0,1,NA,0,NA,NA,0,0,0,0,0,0,0,0,0,0,NA,-1,NA,0,0,0,1
1341,DEC_C_1994_0173_J_19960702,ECLI:EU:C:1996:264:19960702,ECLI:EU:C:1996:264,61994CJ0173,0,0,1,NA,0,0,-1,0,NA,NA,NA,0,0,0,0,0,NA,1,-1,-1,-1,NA,NA,NA,NA
1342,DEC_C_1994_0175_J_19951130,ECLI:EU:C:1995:415:19951130,ECLI:EU:C:1995:415,61994CJ0175,0,1,1,NA,1,1,0,0,NA,NA,NA,0,1,1,0,0,NA,1,1,-1,-1,NA,NA,NA,NA
1343,DEC_C_1994_0193_J_19960229,ECLI:EU:C:1996:70:19960229,ECLI:EU:C:1996:70,61994CJ0193,0,1,1,0,1,1,-1,0,0,0,0,0,0,0,0,0,0,0,0,-1,-1,0,0,0,0
1344,DEC_C_1994_0194_J_19960430,ECLI:EU:C:1996:172:19960430,ECLI:EU:C:1996:172,61994CJ0194,1,NA,0,1,NA,0,NA,NA,0,0,0,0,0,0,1,0,0,1,NA,-1,NA,0,0,0,1
1345,DEC_C_1994_0201_J_19961112,ECLI:EU:C:1996:432:19961112,ECLI:EU:C:1996:432,61994CJ0201,1,NA,0,0,NA,0,NA,NA,0,0,0,0,0,0,0,1,0,0,NA,1,NA,0,0,0,0
1346,DEC_C_1994_0206_J_19960502,ECLI:EU:C:1996:182:19960502,ECLI:EU:C:1996:182,61994CJ0206,0,1,1,NA,1,1,0,0,NA,NA,NA,0,0,0,0,0,NA,-1,-1,-1,-1,NA,NA,NA,NA
1347,DEC_C_1994_0214_J_19960430,ECLI:EU:C:1996:174:19960430,ECLI:EU:C:1996:174,61994CJ0214,0,1,1,NA,1,1,1,0,NA,NA,NA,0,0,0,0,0,NA,1,1,-1,-1,NA,NA,NA,NA
1348,DEC_C_1994_0216_J_19950713,ECLI:EU:C:1995:250:19950713,ECLI:EU:C:1995:250,61994CJ0216,0,0,1,0,0,0,-1,0,0,0,0,0,0,0,0,0,0,1,-1,-1,-1,0,0,0,1
1349,DEC_C_1994_0222_J_19960910,ECLI:EU:C:1996:314:19960910,ECLI:EU:C:1996:314,61994CJ0222,0,NA,0,0,NA,0,NA,NA,0,0,0,0,0,0,0,0,0,1,NA,-1,NA,0,0,0,1
1350,DEC_C_1994_0227_J_19951017,ECLI:EU:C:1995:332:19951017,ECLI:EU:C:1995:332,61994CJ0227,0,1,1,NA,1,1,1,0,NA,NA,NA,0,0,0,0,0,NA,1,1,-1,-1,NA,NA,NA,NA
1351,DEC_C_1994_0232_J_19960711,ECLI:EU:C:1996:289:19960711,ECLI:EU:C:1996:289,61994CJ0232,1,NA,0,1,NA,0,NA,NA,0,0,0,0,1,1,0,0,0,0,NA,-1,NA,0,0,0,0
1352,DEC_C_1994_0233_J_19970513,ECLI:EU:C:1997:231:19970513,ECLI:EU:C:1997:231,61994CJ0233,0,NA,0,0,NA,0,NA,NA,0,0,0,0,0,0,0,1,0,0,NA,0,NA,0,0,0,0
1353,DEC_C_1994_0237_J_19960523,ECLI:EU:C:1996:206:19960523,ECLI:EU:C:1996:206,61994CJ0237,0,1,1,NA,1,1,0,0,NA,NA,NA,0,0,0,0,1,NA,1,1,0,-1,NA,NA,NA,NA
1354,DEC_C_1994_0243_J_19960328,ECLI:EU:C:1996:146:19960328,ECLI:EU:C:1996:146,61994CJ0243,0,1,1,NA,1,1,0,0,NA,NA,NA,1,0,0,0,0,NA,1,1,-1,1,NA,NA,NA,NA
1355,DEC_C_1994_0245_J_19961010,ECLI:EU:C:1996:379:19961010,ECLI:EU:C:1996:379,61994CJ0245,0,0,1,NA,0,1,1,1,NA,NA,NA,0,0,0,0,0,NA,-1,1,-1,1,NA,NA,NA,NA
1356,DEC_C_1994_0246_J_19960917,ECLI:EU:C:1996:329:19960917,ECLI:EU:C:1996:329,61994CJ0246,1,NA,0,1,NA,0,NA,NA,0,0,0,0,0,0,1,0,0,1,NA,-1,NA,0,0,0,0
1357,DEC_C_1994_0251_J_19960912,ECLI:EU:C:1996:319:19960912,ECLI:EU:C:1996:319,61994CJ0251,0,0,1,NA,0,1,0,0,NA,NA,NA,0,0,0,0,0,NA,0,0,-1,-1,NA,NA,NA,NA
1358,DEC_C_1994_0267_J_19951214,ECLI:EU:C:1995:453:19951214,ECLI:EU:C:1995:453,61994CJ0267,1,NA,0,0,NA,0,NA,NA,0,0,0,0,0,0,0,-1,0,-1,NA,-1,NA,1,1,0,0
1359,DEC_C_1994_0272_J_19960328,ECLI:EU:C:1996:147:19960328,ECLI:EU:C:1996:147,61994CJ0272,0,NA,0,1,NA,0,NA,NA,1,0,1,0,0,0,0,0,1,1,NA,-1,NA,0,0,1,0
1360,DEC_C_1994_0277_J_19960910,ECLI:EU:C:1996:315:19960910,ECLI:EU:C:1996:315,61994CJ0277,0,0,1,NA,0,1,-1,1,NA,NA,NA,0,0,0,0,0,NA,-1,0,-1,-1,NA,NA,NA,NA
1361,DEC_C_1994_0278_J_19960912,ECLI:EU:C:1996:321:19960912,ECLI:EU:C:1996:321,61994CJ0278,0,0,1,NA,0,0,-1,0,NA,NA,NA,0,0,0,0,0,NA,1,-1,-1,-1,NA,NA,NA,NA
1362,DEC_C_1994_0290_J_19960702,ECLI:EU:C:1996:265:19960702,ECLI:EU:C:1996:265,61994CJ0290,0,0,1,NA,0,0,-1,0,NA,NA,NA,0,0,0,0,0,NA,1,-1,-1,-1,NA,NA,NA,NA
1363,DEC_C_1994_0293_J_19960627,ECLI:EU:C:1996:254:19960627,ECLI:EU:C:1996:254,61994CJ0293,1,NA,0,0,NA,1,NA,NA,1,0,0,1,0,0,0,0,0,0,NA,-1,NA,0,0,0,0
1364,DEC_C_1994_0297_J_19960321,ECLI:EU:C:1996:124:19960321,ECLI:EU:C:1996:124,61994CJ0297,1,NA,0,0,NA,1,NA,NA,0,0,0,1,0,0,0,0,0,0,NA,-1,NA,0,0,0,0
1365,DEC_C_1994_0300_J_19960229,ECLI:EU:C:1996:77:19960229,ECLI:EU:C:1996:77,61994CJ0300,1,NA,0,1,NA,0,NA,NA,0,0,0,0,0,0,0,0,0,-1,NA,-1,NA,0,0,0,0
1366,DEC_C_1994_0307_J_19960229,ECLI:EU:C:1996:78:19960229,ECLI:EU:C:1996:78,61994CJ0307,0,0,1,0,0,0,-1,0,0,0,0,0,0,0,0,0,0,1,-1,-1,-1,0,0,1,0
1367,DEC_C_1994_0308_J_19960201,ECLI:EU:C:1996:28:19960201,ECLI:EU:C:1996:28,61994CJ0308,0,1,1,NA,1,1,1,0,NA,NA,NA,1,0,0,0,0,NA,1,1,-1,-1,NA,NA,NA,NA
1368,DEC_C_1994_0313_J_19961126,ECLI:EU:C:1996:450:19961126,ECLI:EU:C:1996:450,61994CJ0313,1,NA,0,1,NA,0,NA,NA,0,0,0,0,1,1,0,0,0,-1,NA,-1,NA,0,0,0,0
1369,DEC_C_1994_0315_J_19960314,ECLI:EU:C:1996:104:19960314,ECLI:EU:C:1996:104,61994CJ0315,0,1,1,NA,1,1,0,0,NA,NA,NA,0,0,0,0,0,NA,0,0,-1,-1,NA,NA,NA,NA
1370,DEC_C_1994_0320_J_19961212,ECLI:EU:C:1996:486:19961212,ECLI:EU:C:1996:486,61994CJ0320,0,NA,0,1,NA,0,NA,NA,0,0,0,0,0,0,0,0,0,1,NA,-1,NA,0,0,0,1
1371,DEC_C_1994_0321_J_19970507,ECLI:EU:C:1997:229:19970507,ECLI:EU:C:1997:229,61994CJ0321,1,NA,0,0,NA,1,NA,NA,0,1,0,0,0,0,0,0,1,1,NA,-1,NA,0,0,1,0
1372,DEC_C_1994_0334_J_19960307,ECLI:EU:C:1996:90:19960307,ECLI:EU:C:1996:90,61994CJ0334,0,0,1,0,0,0,-1,0,0,1,0,0,0,0,0,0,1,1,-1,-1,-1,0,0,1,1
1373,DEC_C_1994_0336_J_19971202,ECLI:EU:C:1997:579:19971202,ECLI:EU:C:1997:579,61994CJ0336,0,1,1,NA,1,1,1,0,NA,NA,NA,1,0,0,0,0,NA,1,1,-1,-1,NA,NA,NA,NA
1374,DEC_C_1994_0340_J_19970130,ECLI:EU:C:1997:43:19970130,ECLI:EU:C:1997:43,61994CJ0340,0,1,1,NA,1,1,0,0,NA,NA,NA,1,0,0,0,0,NA,1,1,-1,-1,NA,NA,NA,NA
1375,DEC_C_1994_0341_J_19960926,ECLI:EU:C:1996:356:19960926,ECLI:EU:C:1996:356,61994CJ0341,1,NA,0,0,NA,1,NA,NA,0,0,0,0,1,0,0,1,0,0,NA,1,NA,0,0,0,0
1376,DEC_C_1995_0003_J_19961212,ECLI:EU:C:1996:487:19961212,ECLI:EU:C:1996:487,61995CJ0003,0,NA,0,1,NA,0,NA,NA,1,0,1,1,1,0,0,1,0,0,NA,1,NA,0,0,0,0
1377,DEC_C_1995_0004_J_19970130,ECLI:EU:C:1997:44:19970130,ECLI:EU:C:1997:44,61995CJ0004,0,1,1,NA,1,1,0,0,NA,NA,NA,1,0,0,0,0,NA,1,1,-1,1,NA,NA,NA,NA
1378,DEC_C_1995_0011_J_19960910,ECLI:EU:C:1996:316:19960910,ECLI:EU:C:1996:316,61995CJ0011,0,NA,0,0,NA,0,NA,NA,0,0,0,0,0,0,0,0,0,1,NA,0,NA,0,0,1,1
1379,DEC_C_1995_0018_J_19990126,ECLI:EU:C:1999:22:19990126,ECLI:EU:C:1999:22,61995CJ0018,0,1,1,NA,1,1,0,0,NA,NA,NA,0,0,0,2,0,NA,1,1,0,-1,NA,NA,NA,NA
1380,DEC_C_1995_0025_J_19960711,ECLI:EU:C:1996:295:19960711,ECLI:EU:C:1996:295,61995CJ0025,0,1,1,NA,1,1,0,0,NA,NA,NA,0,0,0,0,0,NA,0,0,-1,-1,NA,NA,NA,NA
1381,DEC_C_1995_0034_J_19970709,ECLI:EU:C:1997:344:19970709,ECLI:EU:C:1997:344,61995CJ0034,1,NA,0,1,NA,0,NA,NA,0,0,0,0,0,0,0,0,0,0,NA,-1,NA,0,0,0,1
1382,DEC_C_1995_0038_J_19961212,ECLI:EU:C:1996:488:19961212,ECLI:EU:C:1996:488,61995CJ0038,1,NA,0,1,NA,0,NA,NA,0,0,0,0,0,0,0,0,0,-1,NA,-1,NA,0,0,0,0
1383,DEC_C_1995_0047_J_19961212,ECLI:EU:C:1996:489:19961212,ECLI:EU:C:1996:489,61995CJ0047,1,NA,0,1,NA,0,NA,NA,0,0,0,0,1,1,0,0,0,0,NA,-1,NA,0,0,0,0
1384,DEC_C_1995_0053_J_19960215,ECLI:EU:C:1996:58:19960215,ECLI:EU:C:1996:58,61995CJ0053,0,NA,0,0,NA,1,NA,NA,0,0,0,0,0,0,2,0,1,1,NA,-1,NA,0,0,1,0
1385,DEC_C_1995_0057_J_19970320,ECLI:EU:C:1997:164:19970320,ECLI:EU:C:1997:164,61995CJ0057,0,NA,0,0,NA,0,NA,NA,0,0,0,0,0,0,2,0,0,-1,NA,-1,NA,0,0,0,0
1386,DEC_C_1995_0059_J_19970227,ECLI:EU:C:1997:88:19970227,ECLI:EU:C:1997:88,61995CJ0059,0,0,1,NA,0,1,-1,1,NA,NA,NA,0,0,0,0,0,NA,0,0,-1,0,NA,NA,NA,NA
1387,DEC_C_1995_0065_J_19970617,ECLI:EU:C:1997:300:19970617,ECLI:EU:C:1997:300,61995CJ0065,0,0,1,NA,0,1,0,0,NA,NA,NA,0,0,0,0,0,NA,1,0,-1,-1,NA,NA,NA,NA
1388,DEC_C_1995_0067_J_19971009,ECLI:EU:C:1997:470:19971009,ECLI:EU:C:1997:470,61995CJ0067,1,NA,0,1,NA,0,NA,NA,0,0,0,0,0,0,0,0,0,-1,NA,-1,NA,0,0,0,0
1389,DEC_C_1995_0070_J_19970617,ECLI:EU:C:1997:301:19970617,ECLI:EU:C:1997:301,61995CJ0070,0,NA,0,1,NA,0,NA,NA,0,0,0,1,0,0,0,0,0,0,NA,-1,NA,0,0,0,0
1390,DEC_C_1995_0096_J_19970320,ECLI:EU:C:1997:165:19970320,ECLI:EU:C:1997:165,61995CJ0096,0,0,1,NA,0,0,-1,0,NA,NA,NA,0,0,0,0,0,NA,1,-1,-1,-1,NA,NA,NA,NA
1391,DEC_C_1995_0097_J_19970717,ECLI:EU:C:1997:370:19970717,ECLI:EU:C:1997:370,61995CJ0097,1,NA,0,1,NA,0,NA,NA,0,0,0,0,0,0,0,1,0,0,NA,1,NA,0,0,0,0
1392,DEC_C_1995_0104_J_19961212,ECLI:EU:C:1996:492:19961212,ECLI:EU:C:1996:492,61995CJ0104,0,NA,0,0,NA,1,NA,NA,0,0,0,0,0,0,0,0,0,1,NA,-1,NA,0,0,0,1
1393,DEC_C_1995_0105_J_19970415,ECLI:EU:C:1997:189:19970415,ECLI:EU:C:1997:189,61995CJ0105,1,NA,0,1,NA,0,NA,NA,0,0,0,0,0,0,0,0,0,1,NA,-1,NA,0,0,0,1
1394,DEC_C_1995_0107[P]_J_19970220,ECLI:EU:C:1997:71:19970220,ECLI:EU:C:1997:71,61995CJ0107,0,NA,0,1,NA,0,NA,NA,0,0,0,0,0,0,0,0,0,-1,NA,-1,NA,0,0,0,0
1395,DEC_C_1995_0114_J_19970717,ECLI:EU:C:1997:371:19970717,ECLI:EU:C:1997:371,61995CJ0114,1,NA,0,1,NA,0,NA,NA,0,0,0,0,0,0,0,0,0,1,NA,-1,NA,0,0,1,0
1396,DEC_C_1995_0120_J_19980428,ECLI:EU:C:1998:167:19980428,ECLI:EU:C:1998:167,61995CJ0120,1,NA,0,0,NA,1,NA,NA,0,1,0,0,0,0,0,0,1,1,NA,-1,NA,0,0,1,0
1397,DEC_C_1995_0121_J_19960620,ECLI:EU:C:1996:247:19960620,ECLI:EU:C:1996:247,61995CJ0121,1,NA,0,1,NA,0,NA,NA,0,0,0,0,0,0,0,0,0,-1,NA,-1,NA,0,0,0,0
1398,DEC_C_1995_0126_J_19961003,ECLI:EU:C:1996:368:19961003,ECLI:EU:C:1996:368,61995CJ0126,0,0,1,NA,0,1,1,1,NA,NA,NA,0,0,0,2,0,NA,1,1,-1,1,NA,NA,NA,NA
1399,DEC_C_1995_0130_J_19970717,ECLI:EU:C:1997:372:19970717,ECLI:EU:C:1997:372,61995CJ0130,1,NA,0,0,NA,1,NA,NA,0,0,0,0,1,0,0,0,0,0,NA,-1,NA,0,0,0,0
1400,DEC_C_1995_0131_J_19970313,ECLI:EU:C:1997:147:19970313,ECLI:EU:C:1997:147,61995CJ0131,0,1,1,NA,1,1,0,0,NA,NA,NA,1,0,0,0,0,NA,1,1,-1,-1,NA,NA,NA,NA
1401,DEC_C_1995_0134_J_19970116,ECLI:EU:C:1997:16:19970116,ECLI:EU:C:1997:16,61995CJ0134,0,NA,0,1,NA,0,NA,NA,0,0,0,0,0,0,0,0,0,-1,NA,-1,NA,0,0,0,0
1402,DEC_C_1995_0164_J_19970617,ECLI:EU:C:1997:302:19970617,ECLI:EU:C:1997:302,61995CJ0164,1,NA,0,1,NA,0,NA,NA,0,0,0,0,0,0,0,0,0,-1,NA,-1,NA,0,0,0,0
1403,DEC_C_1995_0170_J_19960613,ECLI:EU:C:1996:236:19960613,ECLI:EU:C:1996:236,61995CJ0170,0,1,1,NA,1,1,0,0,NA,NA,NA,1,0,0,0,0,NA,1,1,-1,-1,NA,NA,NA,NA
1404,DEC_C_1995_0171_J_19970123,ECLI:EU:C:1997:31:19970123,ECLI:EU:C:1997:31,61995CJ0171,0,1,1,NA,1,1,0,0,NA,NA,NA,0,1,1,2,0,NA,1,1,-1,-1,NA,NA,NA,NA
1405,DEC_C_1995_0189_J_19971023,ECLI:EU:C:1997:504:19971023,ECLI:EU:C:1997:504,61995CJ0189,1,NA,0,0,NA,1,NA,NA,0,0,0,0,0,0,0,1,0,1,NA,0,NA,0,0,1,0
1406,DEC_C_1995_0192_J_19970114,ECLI:EU:C:1997:12:19970114,ECLI:EU:C:1997:12,61995CJ0192,1,NA,0,1,NA,0,NA,NA,0,0,0,1,1,1,0,0,0,0,NA,-1,NA,0,0,0,0
1407,DEC_C_1995_0221_J_19970130,ECLI:EU:C:1997:47:19970130,ECLI:EU:C:1997:47,61995CJ0221,0,1,1,NA,1,1,0,0,NA,NA,NA,1,0,0,0,0,NA,1,1,-1,-1,NA,NA,NA,NA
1408,DEC_C_1995_0222_J_19970709,ECLI:EU:C:1997:345:19970709,ECLI:EU:C:1997:345,61995CJ0222,0,NA,0,1,NA,0,NA,NA,0,0,1,0,1,0,0,1,0,-1,NA,0,NA,0,0,0,0
1409,DEC_C_1995_0223_J_19970507,ECLI:EU:C:1997:230:19970507,ECLI:EU:C:1997:230,61995CJ0223,1,NA,0,1,NA,0,NA,NA,0,0,0,0,0,0,0,0,0,-1,NA,-1,NA,0,0,0,0
1410,DEC_C_1995_0225_J_19980702,ECLI:EU:C:1998:332:19980702,ECLI:EU:C:1998:332,61995CJ0225,0,0,1,0,0,1,0,0,0,0,0,0,0,0,0,0,0,-1,0,-1,-1,0,0,0,0
1411,DEC_C_1995_0240_J_19960627,ECLI:EU:C:1996:259:19960627,ECLI:EU:C:1996:259,61995CJ0240,1,NA,0,0,NA,1,NA,NA,1,1,0,0,0,0,0,0,1,1,NA,-1,NA,0,0,1,0
1412,DEC_C_1995_0242_J_19970717,ECLI:EU:C:1997:376:19970717,ECLI:EU:C:1997:376,61995CJ0242,1,NA,0,1,NA,0,NA,NA,1,0,0,0,1,1,2,0,0,1,NA,-1,NA,0,0,1,0
1413,DEC_C_1995_0250_J_19970515,ECLI:EU:C:1997:239:19970515,ECLI:EU:C:1997:239,61995CJ0250,0,NA,0,1,NA,0,NA,NA,1,0,0,0,0,0,0,1,1,1,NA,0,NA,0,0,1,0
1414,DEC_C_1995_0265_J_19971209,ECLI:EU:C:1997:595:19971209,ECLI:EU:C:1997:595,61995CJ0265,1,NA,0,0,NA,0,NA,NA,0,0,0,0,0,0,0,1,0,1,NA,0,NA,0,0,1,0
1415,DEC_C_1995_0266_J_19970612,ECLI:EU:C:1997:292:19970612,ECLI:EU:C:1997:292,61995CJ0266,0,1,1,NA,1,1,0,0,NA,NA,NA,0,0,0,0,0,NA,1,1,-1,-1,NA,NA,NA,NA
1416,DEC_C_1995_0267_J_19961205,ECLI:EU:C:1996:468:19961205,ECLI:EU:C:1996:468,61995CJ0267,1,NA,0,1,NA,0,NA,NA,0,0,0,0,0,0,0,0,0,1,NA,-1,NA,0,0,1,0
1417,DEC_C_1995_0272_J_19970415,ECLI:EU:C:1997:191:19970415,ECLI:EU:C:1997:191,61995CJ0272,1,NA,0,1,NA,0,NA,NA,0,1,0,0,0,0,0,0,1,1,NA,-1,NA,0,0,1,1
1418,DEC_C_1995_0274_J_19970417,ECLI:EU:C:1997:202:19970417,ECLI:EU:C:1997:202,61995CJ0274,1,NA,0,1,NA,0,NA,NA,0,0,0,0,0,0,0,0,0,-1,NA,-1,NA,0,0,0,0
1419,DEC_C_1995_0284_J_19980714,ECLI:EU:C:1998:352:19980714,ECLI:EU:C:1998:352,61995CJ0284,1,NA,0,1,NA,0,NA,NA,0,0,0,0,0,0,0,1,0,0,NA,1,NA,0,0,0,0
1420,DEC_C_1995_0285_J_19970605,ECLI:EU:C:1997:280:19970605,ECLI:EU:C:1997:280,61995CJ0285,0,1,1,NA,1,1,0,0,NA,NA,NA,0,0,0,0,0,NA,1,0,-1,-1,NA,NA,NA,NA
1421,DEC_C_1995_0311_J_19960502,ECLI:EU:C:1996:189:19960502,ECLI:EU:C:1996:189,61995CJ0311,0,NA,0,0,NA,0,NA,NA,0,0,0,0,0,0,0,0,0,1,NA,-1,NA,0,0,0,1
1422,DEC_C_1995_0316_J_19970709,ECLI:EU:C:1997:347:19970709,ECLI:EU:C:1997:347,61995CJ0316,1,NA,0,1,NA,0,NA,NA,0,1,0,1,0,0,0,0,0,0,NA,-1,NA,0,0,0,0
1423,DEC_C_1995_0320_J_19990225,ECLI:EU:C:1999:90:19990225,ECLI:EU:C:1999:90,61995CJ0320,0,1,1,NA,1,1,0,0,NA,NA,NA,0,0,0,0,0,NA,0,0,-1,-1,NA,NA,NA,NA
1424,DEC_C_1995_0322_J_19970917,ECLI:EU:C:1997:410:19970917,ECLI:EU:C:1997:410,61995CJ0322,0,1,1,NA,1,1,0,0,NA,NA,NA,0,1,0,0,0,NA,1,0,-1,-1,NA,NA,NA,NA
1425,DEC_C_1995_0323_J_19970320,ECLI:EU:C:1997:169:19970320,ECLI:EU:C:1997:169,61995CJ0323,0,NA,0,0,NA,1,NA,NA,0,1,0,0,0,0,0,1,1,1,NA,0,NA,0,0,0,0
1426,DEC_C_1995_0329_J_19970529,ECLI:EU:C:1997:256:19970529,ECLI:EU:C:1997:256,61995CJ0329,1,NA,0,1,NA,0,NA,NA,0,0,0,0,0,0,0,0,0,1,NA,-1,NA,0,0,0,1
1427,DEC_C_1995_0334_J_19970717,ECLI:EU:C:1997:378:19970717,ECLI:EU:C:1997:378,61995CJ0334,1,NA,0,1,NA,0,NA,NA,0,0,0,0,1,0,0,0,0,0,NA,-1,NA,0,0,0,0
1428,DEC_C_1995_0335_J_19961024,ECLI:EU:C:1996:415:19961024,ECLI:EU:C:1996:415,61995CJ0335,0,0,1,NA,0,1,0,0,NA,NA,NA,1,0,0,0,0,NA,1,1,-1,-1,NA,NA,NA,NA
1429,DEC_C_1995_0337_J_19971104,ECLI:EU:C:1997:517:19971104,ECLI:EU:C:1997:517,61995CJ0337,1,NA,0,1,NA,0,NA,NA,0,0,1,0,0,0,0,0,1,-1,NA,-1,NA,0,0,0,0
1430,DEC_C_1995_0338_J_19971120,ECLI:EU:C:1997:552:19971120,ECLI:EU:C:1997:552,61995CJ0338,1,NA,0,1,NA,0,NA,NA,0,0,0,0,0,0,0,0,0,-1,NA,-1,NA,0,0,0,0
1431,DEC_C_1995_0344_J_19970220,ECLI:EU:C:1997:81:19970220,ECLI:EU:C:1997:81,61995CJ0344,0,0,1,NA,0,0,-1,0,NA,NA,NA,1,0,0,0,0,NA,1,1,-1,-1,NA,NA,NA,NA
1432,DEC_C_1995_0347_J_19970917,ECLI:EU:C:1997:411:19970917,ECLI:EU:C:1997:411,61995CJ0347,1,NA,0,1,NA,0,NA,NA,0,0,0,0,1,1,0,0,0,-1,NA,-1,NA,0,0,0,0
1433,DEC_C_1995_0349_J_19971111,ECLI:EU:C:1997:530:19971111,ECLI:EU:C:1997:530,61995CJ0349,1,NA,0,1,NA,0,NA,NA,0,0,0,0,1,0,0,0,0,-1,NA,-1,NA,0,0,0,0
1434,DEC_C_1995_0351_J_19970417,ECLI:EU:C:1997:205:19970417,ECLI:EU:C:1997:205,61995CJ0351,0,0,1,NA,0,1,1,1,NA,NA,NA,0,1,0,2,0,NA,0,1,-1,1,NA,NA,NA,NA
1435,DEC_C_1995_0352_J_19970320,ECLI:EU:C:1997:170:19970320,ECLI:EU:C:1997:170,61995CJ0352,1,NA,0,1,NA,0,NA,NA,0,0,0,0,0,0,0,0,0,1,NA,-1,NA,0,0,0,1
1436,DEC_C_1995_0358_J_19970313,ECLI:EU:C:1997:149:19970313,ECLI:EU:C:1997:149,61995CJ0358,1,NA,0,0,NA,1,NA,NA,0,0,0,0,0,0,0,0,0,1,NA,-1,NA,0,0,1,0
1437,DEC_C_1995_0360_J_19971218,ECLI:EU:C:1997:624:19971218,ECLI:EU:C:1997:624,61995CJ0360,0,NA,0,0,NA,0,NA,NA,0,0,0,0,0,0,0,0,0,1,NA,-1,NA,0,0,0,1
1438,DEC_C_1995_0361_J_19971218,ECLI:EU:C:1997:625:19971218,ECLI:EU:C:1997:625,61995CJ0361,0,NA,0,0,NA,0,NA,NA,0,0,0,0,0,0,0,0,0,1,NA,-1,NA,0,0,0,1
1439,DEC_C_1995_0368_J_19970626,ECLI:EU:C:1997:325:19970626,ECLI:EU:C:1997:325,61995CJ0368,1,NA,0,1,NA,0,NA,NA,1,0,0,0,1,1,0,1,0,0,NA,1,NA,0,0,0,0
1440,DEC_C_1995_0382_J_19971218,ECLI:EU:C:1997:626:19971218,ECLI:EU:C:1997:626,61995CJ0382,1,NA,0,1,NA,0,NA,NA,0,0,0,0,0,0,0,0,0,-1,NA,-1,NA,0,0,0,0
1441,DEC_C_1995_0386_J_19970529,ECLI:EU:C:1997:257:19970529,ECLI:EU:C:1997:257,61995CJ0386,0,1,1,NA,1,1,0,0,NA,NA,NA,0,0,0,2,0,NA,0,0,-1,-1,NA,NA,NA,NA
1442,DEC_C_1995_0388_J_20000516,ECLI:EU:C:2000:244:20000516,ECLI:EU:C:2000:244,61995CJ0388,1,NA,0,0,NA,0,NA,NA,0,1,0,0,0,0,0,1,0,0,NA,1,NA,0,0,0,0
1443,DEC_C_1995_0398_J_19970605,ECLI:EU:C:1997:282:19970605,ECLI:EU:C:1997:282,61995CJ0398,0,NA,0,1,NA,0,NA,NA,0,0,1,0,0,0,0,0,1,1,NA,-1,NA,0,0,1,0
1444,DEC_C_1995_0405_J_19970515,ECLI:EU:C:1997:242:19970515,ECLI:EU:C:1997:242,61995CJ0405,1,NA,0,1,NA,0,NA,NA,0,0,0,0,0,0,0,0,0,-1,NA,-1,NA,0,0,0,0
1445,DEC_C_1996_0001_J_19980319,ECLI:EU:C:1998:113:19980319,ECLI:EU:C:1998:113,61996CJ0001,1,NA,0,1,NA,0,NA,NA,0,0,0,0,0,0,0,0,0,-1,NA,-1,NA,0,0,0,0
1446,DEC_C_1996_0014_J_19970529,ECLI:EU:C:1997:260:19970529,ECLI:EU:C:1997:260,61996CJ0014,0,NA,0,0,NA,1,NA,NA,0,0,0,0,0,0,0,0,0,1,NA,-1,NA,0,0,0,1
1447,DEC_C_1996_0015_J_19980115,ECLI:EU:C:1998:3:19980115,ECLI:EU:C:1998:3,61996CJ0015,0,1,1,NA,1,1,1,0,NA,NA,NA,1,0,0,0,0,NA,1,1,-1,-1,NA,NA,NA,NA
1448,DEC_C_1996_0020_J_19971104,ECLI:EU:C:1997:518:19971104,ECLI:EU:C:1997:518,61996CJ0020,0,0,1,NA,0,1,0,0,NA,NA,NA,0,0,0,0,0,NA,1,0,-1,-1,NA,NA,NA,NA
1449,DEC_C_1996_0028_J_19970917,ECLI:EU:C:1997:412:19970917,ECLI:EU:C:1997:412,61996CJ0028,1,NA,0,1,NA,0,NA,NA,0,0,0,0,1,1,0,0,0,-1,NA,-1,NA,0,0,0,0
1450,DEC_C_1996_0031_J_19971009,ECLI:EU:C:1997:475:19971009,ECLI:EU:C:1997:475,61996CJ0031,0,1,1,NA,1,1,-1,0,NA,NA,NA,1,1,1,0,0,NA,1,1,-1,-1,NA,NA,NA,NA
1451,DEC_C_1996_0036_J_19970930,ECLI:EU:C:1997:445:19970930,ECLI:EU:C:1997:445,61996CJ0036,0,1,1,NA,1,1,-1,0,NA,NA,NA,1,1,1,2,0,NA,1,1,-1,-1,NA,NA,NA,NA
1452,DEC_C_1996_0037_J_19980430,ECLI:EU:C:1998:179:19980430,ECLI:EU:C:1998:179,61996CJ0037,1,NA,0,1,NA,0,NA,NA,0,0,0,1,1,0,0,0,0,-1,NA,-1,NA,0,0,0,0
1453,DEC_C_1996_0051_J_20000411,ECLI:EU:C:2000:199:20000411,ECLI:EU:C:2000:199,61996CJ0051,0,NA,0,0,NA,1,NA,NA,0,0,0,0,1,0,0,0,0,0,NA,-1,NA,0,0,0,0
1454,DEC_C_1996_0056_J_19970605,ECLI:EU:C:1997:284:19970605,ECLI:EU:C:1997:284,61996CJ0056,0,NA,0,1,NA,0,NA,NA,0,0,0,0,1,0,0,0,0,1,NA,-1,NA,0,0,0,1
1455,DEC_C_1996_0057_J_19971127,ECLI:EU:C:1997:564:19971127,ECLI:EU:C:1997:564,61996CJ0057,0,1,1,NA,1,1,0,0,NA,NA,NA,1,0,0,0,1,NA,1,1,0,-1,NA,NA,NA,NA
1456,DEC_C_1996_0064_J_19970605,ECLI:EU:C:1997:285:19970605,ECLI:EU:C:1997:285,61996CJ0064,0,1,1,NA,1,1,1,0,NA,NA,NA,0,0,0,0,0,NA,0,0,-1,0,NA,NA,NA,NA
1457,DEC_C_1996_0069_J_19971016,ECLI:EU:C:1997:492:19971016,ECLI:EU:C:1997:492,61996CJ0069,0,1,1,0,1,1,-1,0,0,0,0,0,0,0,0,0,0,-1,1,-1,-1,0,0,0,0
1458,DEC_C_1996_0080_J_19980115,ECLI:EU:C:1998:5:19980115,ECLI:EU:C:1998:5,61996CJ0080,1,NA,0,1,NA,0,NA,NA,0,0,0,0,0,0,0,0,0,-1,NA,-1,NA,0,0,0,0
1459,DEC_C_1996_0085_J_19980512,ECLI:EU:C:1998:217:19980512,ECLI:EU:C:1998:217,61996CJ0085,0,1,1,NA,1,1,1,0,NA,NA,NA,1,1,1,0,0,NA,1,1,-1,-1,NA,NA,NA,NA
1460,DEC_C_1996_0090_J_19971120,ECLI:EU:C:1997:553:19971120,ECLI:EU:C:1997:553,61996CJ0090,0,1,1,NA,1,1,0,0,NA,NA,NA,0,1,0,2,0,NA,1,0,-1,-1,NA,NA,NA,NA
1461,DEC_C_1996_0093_J_19970529,ECLI:EU:C:1997:265:19970529,ECLI:EU:C:1997:265,61996CJ0093,1,NA,0,1,NA,0,NA,NA,0,0,0,0,0,0,0,0,0,0,NA,-1,NA,0,0,0,0
1462,DEC_C_1996_0097_J_19971204,ECLI:EU:C:1997:581:19971204,ECLI:EU:C:1997:581,61996CJ0097,0,NA,0,1,NA,0,NA,NA,0,0,0,0,0,0,0,0,0,1,NA,-1,NA,0,0,0,1
1463,DEC_C_1996_0098_J_19970930,ECLI:EU:C:1997:446:19970930,ECLI:EU:C:1997:446,61996CJ0098,0,1,1,NA,1,1,0,0,NA,NA,NA,1,0,0,2,0,NA,1,1,-1,-1,NA,NA,NA,NA
1464,DEC_C_1996_0100_J_19990311,ECLI:EU:C:1999:129:19990311,ECLI:EU:C:1999:129,61996CJ0100,1,NA,0,1,NA,0,NA,NA,1,0,0,0,0,0,0,0,0,1,NA,-1,NA,0,0,0,1
1465,DEC_C_1996_0102_J_19981112,ECLI:EU:C:1998:529:19981112,ECLI:EU:C:1998:529,61996CJ0102,1,NA,0,0,NA,0,NA,NA,0,0,0,0,0,0,0,0,0,1,NA,-1,NA,0,0,0,1
1466,DEC_C_1996_0103_J_19970313,ECLI:EU:C:1997:151:19970313,ECLI:EU:C:1997:151,61996CJ0103,1,NA,0,1,NA,0,NA,NA,0,0,0,0,0,0,0,1,0,0,NA,1,NA,0,0,0,0
1467,DEC_C_1996_0105_J_19970617,ECLI:EU:C:1997:306:19970617,ECLI:EU:C:1997:306,61996CJ0105,1,NA,0,1,NA,0,NA,NA,0,0,0,0,0,0,0,0,0,-1,NA,-1,NA,0,0,0,0
1468,DEC_C_1996_0108_J_20010201,ECLI:EU:C:2001:67:20010201,ECLI:EU:C:2001:67,61996CJ0108,0,NA,0,0,NA,1,NA,NA,1,1,0,0,1,1,0,1,1,0,NA,1,NA,0,0,0,0
1469,DEC_C_1996_0113_J_19980507,ECLI:EU:C:1998:203:19980507,ECLI:EU:C:1998:203,61996CJ0113,0,0,1,NA,0,1,1,1,NA,NA,NA,0,0,0,0,0,NA,0,0,-1,0,NA,NA,NA,NA
1470,DEC_C_1996_0114_J_19970625,ECLI:EU:C:1997:316:19970625,ECLI:EU:C:1997:316,61996CJ0114,1,NA,0,0,NA,1,NA,NA,0,0,0,0,0,0,0,-1,0,-1,NA,-1,NA,0,0,0,0
1471,DEC_C_1996_0118_J_19980428,ECLI:EU:C:1998:170:19980428,ECLI:EU:C:1998:170,61996CJ0118,0,NA,0,0,NA,1,NA,NA,0,0,1,0,0,0,0,1,1,1,NA,0,NA,0,0,1,0
1472,DEC_C_1996_0131_J_19970625,ECLI:EU:C:1997:317:19970625,ECLI:EU:C:1997:317,61996CJ0131,0,0,1,NA,0,1,0,0,NA,NA,NA,0,0,0,0,0,NA,1,1,-1,-1,NA,NA,NA,NA
1473,DEC_C_1996_0132_J_19980924,ECLI:EU:C:1998:427:19980924,ECLI:EU:C:1998:427,61996CJ0132,0,0,1,NA,0,1,0,0,NA,NA,NA,1,0,0,0,0,NA,1,1,-1,-1,NA,NA,NA,NA
1474,DEC_C_1996_0142_J_19970717,ECLI:EU:C:1997:386:19970717,ECLI:EU:C:1997:386,61996CJ0142,1,NA,0,1,NA,0,NA,NA,0,0,0,0,0,0,0,0,0,1,NA,-1,NA,0,0,0,1
1475,DEC_C_1996_0143_J_19971209,ECLI:EU:C:1997:597:19971209,ECLI:EU:C:1997:597,61996CJ0143,1,NA,0,1,NA,0,NA,NA,0,0,0,0,0,0,0,0,0,-1,NA,-1,NA,0,0,0,0
1476,DEC_C_1996_0144_J_19971002,ECLI:EU:C:1997:459:19971002,ECLI:EU:C:1997:459,61996CJ0144,0,0,1,NA,0,1,1,1,NA,NA,NA,1,0,0,0,0,NA,1,1,-1,1,NA,NA,NA,NA
1477,DEC_C_1996_0151_J_19970612,ECLI:EU:C:1997:294:19970612,ECLI:EU:C:1997:294,61996CJ0151,0,0,1,0,0,0,-1,0,0,1,0,0,0,0,0,0,1,1,-1,-1,-1,0,0,1,1
1478,DEC_C_1996_0158_J_19980428,ECLI:EU:C:1998:171:19980428,ECLI:EU:C:1998:171,61996CJ0158,0,NA,0,0,NA,1,NA,NA,1,0,0,0,0,0,0,1,1,1,NA,0,NA,0,0,1,0
1479,DEC_C_1996_0160_J_19980305,ECLI:EU:C:1998:84:19980305,ECLI:EU:C:1998:84,61996CJ0160,0,1,1,NA,1,1,-1,0,NA,NA,NA,0,0,0,0,0,NA,0,0,-1,-1,NA,NA,NA,NA
1480,DEC_C_1996_0161_J_19980129,ECLI:EU:C:1998:30:19980129,ECLI:EU:C:1998:30,61996CJ0161,1,NA,0,1,NA,0,NA,NA,0,0,0,0,0,0,0,0,0,0,NA,1,NA,0,0,0,0
1481,DEC_C_1996_0171_J_19980716,ECLI:EU:C:1998:368:19980716,ECLI:EU:C:1998:368,61996CJ0171,0,1,1,NA,1,1,0,0,NA,NA,NA,0,0,0,0,1,NA,0,0,0,-1,NA,NA,NA,NA
1482,DEC_C_1996_0176_J_20000413,ECLI:EU:C:2000:201:20000413,ECLI:EU:C:2000:201,61996CJ0176,0,1,1,NA,1,1,0,0,NA,NA,NA,1,1,0,0,1,NA,1,1,0,-1,NA,NA,NA,NA
1483,DEC_C_1996_0184_J_19981022,ECLI:EU:C:1998:495:19981022,ECLI:EU:C:1998:495,61996CJ0184,1,NA,0,0,NA,0,NA,NA,0,0,0,0,0,0,0,1,0,1,NA,0,NA,0,0,1,0
1484,DEC_C_1996_0185_J_19981029,ECLI:EU:C:1998:516:19981029,ECLI:EU:C:1998:516,61996CJ0185,0,0,1,NA,0,0,-1,0,NA,NA,NA,0,0,0,0,0,NA,1,-1,0,-1,NA,NA,NA,NA
1485,DEC_C_1996_0187_J_19980312,ECLI:EU:C:1998:101:19980312,ECLI:EU:C:1998:101,61996CJ0187,0,0,1,NA,0,0,-1,0,NA,NA,NA,1,0,0,0,0,NA,1,-1,-1,-1,NA,NA,NA,NA
1486,DEC_C_1996_0194_J_19980305,ECLI:EU:C:1998:85:19980305,ECLI:EU:C:1998:85,61996CJ0194,0,0,1,NA,0,1,0,0,NA,NA,NA,0,0,0,0,0,NA,0,0,-1,0,NA,NA,NA,NA
1487,DEC_C_1996_0201_J_19971106,ECLI:EU:C:1997:523:19971106,ECLI:EU:C:1997:523,61996CJ0201,1,NA,0,1,NA,0,NA,NA,0,0,0,0,0,0,0,0,0,-1,NA,-1,NA,0,0,0,0
1488,DEC_C_1996_0203_J_19980625,ECLI:EU:C:1998:316:19980625,ECLI:EU:C:1998:316,61996CJ0203,1,NA,0,1,NA,0,NA,NA,0,0,0,0,0,0,0,1,0,1,NA,0,NA,0,0,1,1
1489,DEC_C_1996_0212_J_19980219,ECLI:EU:C:1998:68:19980219,ECLI:EU:C:1998:68,61996CJ0212,1,NA,0,0,NA,1,NA,NA,0,0,0,0,0,0,0,-1,0,0,NA,-1,NA,0,0,0,0
1490,DEC_C_1996_0213_J_19980402,ECLI:EU:C:1998:155:19980402,ECLI:EU:C:1998:155,61996CJ0213,1,NA,0,1,NA,0,NA,NA,0,1,0,0,0,0,0,0,1,1,NA,-1,NA,0,0,1,0
1491,DEC_C_1996_0228_J_19981117,ECLI:EU:C:1998:544:19981117,ECLI:EU:C:1998:544,61996CJ0228,1,NA,0,1,NA,0,NA,NA,1,0,0,1,0,0,0,0,0,0,NA,-1,NA,0,0,0,0
1492,DEC_C_1996_0237_J_19970925,ECLI:EU:C:1997:440:19970925,ECLI:EU:C:1997:440,61996CJ0237,1,NA,0,0,NA,1,NA,NA,0,0,0,0,0,0,0,0,0,0,NA,-1,NA,0,0,0,0
1493,DEC_C_1996_0248_J_19971113,ECLI:EU:C:1997:543:19971113,ECLI:EU:C:1997:543,61996CJ0248,0,1,1,NA,1,1,0,0,NA,NA,NA,1,0,0,0,0,NA,1,1,-1,-1,NA,NA,NA,NA
1494,DEC_C_1996_0261_J_19971106,ECLI:EU:C:1997:524:19971106,ECLI:EU:C:1997:524,61996CJ0261,1,NA,0,1,NA,0,NA,NA,0,0,0,0,0,0,0,0,0,0,NA,-1,NA,0,0,0,0
1495,DEC_C_1996_0262_J_19990504,ECLI:EU:C:1999:228:19990504,ECLI:EU:C:1999:228,61996CJ0262,0,0,1,NA,0,1,1,1,NA,NA,NA,1,1,0,1,0,NA,1,1,-1,1,NA,NA,NA,NA
1496,DEC_C_1996_0264_J_19980716,ECLI:EU:C:1998:370:19980716,ECLI:EU:C:1998:370,61996CJ0264,0,NA,0,1,NA,0,NA,NA,0,1,0,0,0,0,0,1,1,1,NA,0,NA,0,0,1,0
1497,DEC_C_1996_0266_J_19980618,ECLI:EU:C:1998:306:19980618,ECLI:EU:C:1998:306,61996CJ0266,1,NA,0,1,NA,0,NA,NA,0,0,0,0,0,0,0,0,1,0,NA,-1,NA,0,0,0,0
1498,DEC_C_1996_0270_J_19980312,ECLI:EU:C:1998:103:19980312,ECLI:EU:C:1998:103,61996CJ0270,1,NA,0,1,NA,0,NA,NA,0,0,0,0,0,0,0,0,0,-1,NA,-1,NA,0,0,0,0
1499,DEC_C_1996_0274_J_19981124,ECLI:EU:C:1998:563:19981124,ECLI:EU:C:1998:563,61996CJ0274,0,0,1,0,0,1,0,0,0,1,0,0,0,0,0,0,1,1,1,-1,-1,0,0,1,0
1500,DEC_C_1996_0275_J_19980611,ECLI:EU:C:1998:279:19980611,ECLI:EU:C:1998:279,61996CJ0275,0,0,1,NA,0,1,1,0,NA,NA,NA,0,0,0,0,0,NA,0,0,-1,0,NA,NA,NA,NA
1501,DEC_C_1996_0289_J_19990316,ECLI:EU:C:1999:141:19990316,ECLI:EU:C:1999:141,61996CJ0289,1,NA,0,0,NA,0,NA,NA,0,0,0,0,0,0,0,-1,0,1,NA,-1,NA,1,1,0,0
1502,DEC_C_1996_0292_J_19980115,ECLI:EU:C:1998:8:19980115,ECLI:EU:C:1998:8,61996CJ0292,1,NA,0,1,NA,0,NA,NA,0,0,0,0,0,0,0,0,0,0,NA,-1,NA,0,0,0,0
1503,DEC_C_1996_0297_J_19980611,ECLI:EU:C:1998:280:19980611,ECLI:EU:C:1998:280,61996CJ0297,0,0,1,NA,0,1,1,0,NA,NA,NA,1,0,0,0,0,NA,1,1,-1,-1,NA,NA,NA,NA
1504,DEC_C_1996_0307_J_19970925,ECLI:EU:C:1997:442:19970925,ECLI:EU:C:1997:442,61996CJ0307,0,1,1,NA,1,1,0,0,NA,NA,NA,0,0,0,0,0,NA,1,1,-1,-1,NA,NA,NA,NA
1505,DEC_C_1996_0314_J_19980312,ECLI:EU:C:1998:104:19980312,ECLI:EU:C:1998:104,61996CJ0314,0,0,1,NA,0,1,1,0,NA,NA,NA,0,0,0,0,0,NA,-1,-1,-1,-1,NA,NA,NA,NA
1506,DEC_C_1996_0315_J_19980129,ECLI:EU:C:1998:31:19980129,ECLI:EU:C:1998:31,61996CJ0315,1,NA,0,1,NA,0,NA,NA,0,0,0,0,0,0,0,-1,0,-1,NA,-1,NA,0,0,0,0
1507,DEC_C_1996_0325_J_19971216,ECLI:EU:C:1997:615:19971216,ECLI:EU:C:1997:615,61996CJ0325,1,NA,0,1,NA,0,NA,NA,0,0,0,0,0,0,0,0,0,0,NA,-1,NA,0,0,0,0
1508,DEC_C_1996_0336_J_19980512,ECLI:EU:C:1998:221:19980512,ECLI:EU:C:1998:221,61996CJ0336,0,1,1,NA,1,1,1,0,NA,NA,NA,0,0,0,0,0,NA,0,0,-1,-1,NA,NA,NA,NA
1509,DEC_C_1996_0343_J_19990209,ECLI:EU:C:1999:59:19990209,ECLI:EU:C:1999:59,61996CJ0343,1,NA,0,1,NA,0,NA,NA,1,0,0,0,1,0,0,0,0,0,NA,-1,NA,0,0,0,0
1510,DEC_C_1996_0348_J_19990119,ECLI:EU:C:1999:6:19990119,ECLI:EU:C:1999:6,61996CJ0348,0,0,1,0,0,1,1,0,0,0,0,0,0,0,0,0,1,1,1,-1,-1,0,0,1,1
1511,DEC_C_1996_0350_J_19980507,ECLI:EU:C:1998:205:19980507,ECLI:EU:C:1998:205,61996CJ0350,0,1,1,NA,1,1,-1,0,NA,NA,NA,1,0,0,1,1,NA,1,0,0,-1,NA,NA,NA,NA
1512,DEC_C_1996_0352_J_19981112,ECLI:EU:C:1998:531:19981112,ECLI:EU:C:1998:531,61996CJ0352,1,NA,0,0,NA,0,NA,NA,0,0,0,0,0,0,0,1,0,0,NA,1,NA,0,0,0,0
1513,DEC_C_1996_0366_J_19980212,ECLI:EU:C:1998:57:19980212,ECLI:EU:C:1998:57,61996CJ0366,0,0,1,NA,0,1,1,1,NA,NA,NA,0,1,1,0,0,NA,0,0,-1,0,NA,NA,NA,NA
1514,DEC_C_1996_0369_J_19991123,ECLI:EU:C:1999:575:19991123,ECLI:EU:C:1999:575,61996CJ0369,0,NA,0,0,NA,1,NA,NA,1,0,1,0,1,0,0,0,1,1,NA,-1,NA,0,0,1,0
1515,DEC_C_1996_0370_J_19981126,ECLI:EU:C:1998:567:19981126,ECLI:EU:C:1998:567,61996CJ0370,1,NA,0,1,NA,0,NA,NA,0,0,0,0,1,0,0,0,0,0,NA,-1,NA,0,0,0,0
1516,DEC_C_1996_0389_J_19980714,ECLI:EU:C:1998:357:19980714,ECLI:EU:C:1998:357,61996CJ0389,1,NA,0,1,NA,0,NA,NA,0,0,0,1,0,0,0,1,0,0,NA,1,NA,0,0,0,0
1517,DEC_C_1996_0390_J_19980507,ECLI:EU:C:1998:206:19980507,ECLI:EU:C:1998:206,61996CJ0390,0,NA,0,1,NA,0,NA,NA,0,1,0,0,0,0,0,0,1,1,NA,-1,NA,0,0,1,0
1518,DEC_C_1996_0400_J_19980917,ECLI:EU:C:1998:414:19980917,ECLI:EU:C:1998:414,61996CJ0400,1,NA,0,0,NA,1,NA,NA,1,0,0,0,0,0,0,1,0,0,NA,-1,NA,0,0,0,0
1519,DEC_C_1996_0410_J_19981201,ECLI:EU:C:1998:578:19981201,ECLI:EU:C:1998:578,61996CJ0410,0,NA,0,0,NA,1,NA,NA,0,0,1,0,0,0,0,0,1,1,NA,-1,NA,0,0,1,1
1520,DEC_C_1996_0413_J_19980924,ECLI:EU:C:1998:430:19980924,ECLI:EU:C:1998:430,61996CJ0413,1,NA,0,1,NA,0,NA,NA,0,0,0,0,0,0,0,-1,0,-1,NA,-1,NA,0,0,0,0
1521,DEC_C_1997_0001_J_19981126,ECLI:EU:C:1998:568:19981126,ECLI:EU:C:1998:568,61997CJ0001,0,1,1,NA,1,1,0,0,NA,NA,NA,1,0,0,2,0,NA,1,1,-1,-1,NA,NA,NA,NA
1522,DEC_C_1997_0005_J_19971218,ECLI:EU:C:1997:636:19971218,ECLI:EU:C:1997:636,61997CJ0005,0,NA,0,1,NA,0,NA,NA,0,0,0,0,0,0,0,0,0,1,NA,-1,NA,0,0,0,1
1523,DEC_C_1997_0024_J_19980430,ECLI:EU:C:1998:184:19980430,ECLI:EU:C:1998:184,61997CJ0024,0,0,1,NA,0,0,-1,0,NA,NA,NA,1,0,0,0,0,NA,1,-1,0,-1,NA,NA,NA,NA
1524,DEC_C_1997_0033_J_19990603,ECLI:EU:C:1999:274:19990603,ECLI:EU:C:1999:274,61997CJ0033,1,NA,0,1,NA,0,NA,NA,0,1,0,0,1,0,0,1,0,0,NA,0,NA,0,0,0,0
1525,DEC_C_1997_0035_J_19980924,ECLI:EU:C:1998:431:19980924,ECLI:EU:C:1998:431,61997CJ0035,0,0,1,NA,0,0,-1,0,NA,NA,NA,1,0,0,0,0,NA,1,1,-1,-1,NA,NA,NA,NA
1526,DEC_C_1997_0041_J_19980611,ECLI:EU:C:1998:284:19980611,ECLI:EU:C:1998:284,61997CJ0041,1,NA,0,1,NA,0,NA,NA,0,0,0,0,0,0,0,0,0,-1,NA,-1,NA,0,0,0,0
1527,DEC_C_1997_0061_J_19980922,ECLI:EU:C:1998:422:19980922,ECLI:EU:C:1998:422,61997CJ0061,1,NA,0,1,NA,0,NA,NA,0,0,0,0,0,0,0,0,0,0,NA,-1,NA,0,0,0,0
1528,DEC_C_1997_0067_J_19981203,ECLI:EU:C:1998:584:19981203,ECLI:EU:C:1998:584,61997CJ0067,1,NA,0,0,NA,1,NA,NA,0,0,0,1,0,0,0,1,0,0,NA,1,NA,0,0,0,0
1529,DEC_C_1997_0077_J_19990128,ECLI:EU:C:1999:30:19990128,ECLI:EU:C:1999:30,61997CJ0077,1,NA,0,1,NA,0,NA,NA,0,0,0,0,0,0,0,1,0,1,NA,0,NA,0,0,0,1
1530,DEC_C_1997_0086_J_19990225,ECLI:EU:C:1999:95:19990225,ECLI:EU:C:1999:95,61997CJ0086,1,NA,0,0,NA,1,NA,NA,0,0,0,0,0,0,0,0,0,1,NA,-1,NA,0,0,0,1
1531,DEC_C_1997_0087_J_19990304,ECLI:EU:C:1999:115:19990304,ECLI:EU:C:1999:115,61997CJ0087,1,NA,0,1,NA,0,NA,NA,0,0,0,0,1,1,0,0,0,0,NA,-1,NA,0,0,0,0
1532,DEC_C_1997_0090_J_19990225,ECLI:EU:C:1999:96:19990225,ECLI:EU:C:1999:96,61997CJ0090,0,1,1,NA,1,1,0,0,NA,NA,NA,1,0,0,0,0,NA,1,1,-1,-1,NA,NA,NA,NA
1533,DEC_C_1997_0093_J_19980716,ECLI:EU:C:1998:375:19980716,ECLI:EU:C:1998:375,61997CJ0093,0,0,1,1,0,0,-1,0,0,0,0,1,0,0,0,0,0,0,-1,-1,-1,0,0,0,0
1534,DEC_C_1997_0113_J_19980115,ECLI:EU:C:1998:13:19980115,ECLI:EU:C:1998:13,61997CJ0113,0,0,1,NA,0,1,1,1,NA,NA,NA,0,0,0,2,0,NA,1,1,-1,1,NA,NA,NA,NA
1535,DEC_C_1997_0114_J_19981029,ECLI:EU:C:1998:519:19981029,ECLI:EU:C:1998:519,61997CJ0114,0,0,1,0,0,0,-1,0,0,1,0,0,0,0,0,0,1,1,-1,0,-1,0,0,1,0
1536,DEC_C_1997_0124_J_19990921,ECLI:EU:C:1999:435:19990921,ECLI:EU:C:1999:435,61997CJ0124,0,NA,0,0,NA,1,NA,NA,0,0,1,1,0,0,0,1,1,0,NA,1,NA,0,0,1,0
1537,DEC_C_1997_0131_J_19990225,ECLI:EU:C:1999:98:19990225,ECLI:EU:C:1999:98,61997CJ0131,0,NA,0,0,NA,1,NA,NA,0,0,0,0,1,0,1,0,0,-1,NA,-1,NA,0,0,0,0
1538,DEC_C_1997_0143_J_19981022,ECLI:EU:C:1998:501:19981022,ECLI:EU:C:1998:501,61997CJ0143,0,1,1,NA,1,1,0,0,NA,NA,NA,0,0,0,0,0,NA,-1,1,-1,-1,NA,NA,NA,NA
1539,DEC_C_1997_0147_J_20000210,ECLI:EU:C:2000:74:20000210,ECLI:EU:C:2000:74,61997CJ0147,1,NA,0,1,NA,0,NA,NA,0,0,0,0,0,0,0,0,0,0,NA,-1,NA,0,0,1,0
1540,DEC_C_1997_0153_J_19981217,ECLI:EU:C:1998:615:19981217,ECLI:EU:C:1998:615,61997CJ0153,0,1,1,NA,1,1,0,0,NA,NA,NA,0,1,0,0,0,NA,-1,1,-1,-1,NA,NA,NA,NA
1541,DEC_C_1997_0162_J_19981119,ECLI:EU:C:1998:554:19981119,ECLI:EU:C:1998:554,61997CJ0162,1,NA,0,0,NA,1,NA,NA,0,0,0,0,0,0,0,0,0,1,NA,-1,NA,0,0,0,1
1542,DEC_C_1997_0175_J_19980305,ECLI:EU:C:1998:89:19980305,ECLI:EU:C:1998:89,61997CJ0175,0,NA,0,0,NA,0,NA,NA,0,0,0,0,0,0,0,0,0,1,NA,-1,NA,0,0,1,0
1543,DEC_C_1997_0176_J_19980611,ECLI:EU:C:1998:285:19980611,ECLI:EU:C:1998:285,61997CJ0176,0,NA,0,0,NA,0,NA,NA,0,0,0,0,0,0,0,0,0,1,NA,-1,NA,0,0,1,0
1544,DEC_C_1997_0178_J_20000330,ECLI:EU:C:2000:169:20000330,ECLI:EU:C:2000:169,61997CJ0178,0,1,1,NA,1,1,0,0,NA,NA,NA,1,1,0,0,0,NA,1,1,-1,-1,NA,NA,NA,NA
1545,DEC_C_1997_0193_J_19981029,ECLI:EU:C:1998:520:19981029,ECLI:EU:C:1998:520,61997CJ0193,0,NA,0,0,NA,1,NA,NA,1,0,0,0,0,0,0,0,0,1,NA,-1,NA,0,0,1,1
1546,DEC_C_1997_0202_J_20000210,ECLI:EU:C:2000:75:20000210,ECLI:EU:C:2000:75,61997CJ0202,0,0,1,NA,0,0,-1,0,NA,NA,NA,0,0,0,0,0,NA,1,-1,-1,-1,NA,NA,NA,NA
1547,DEC_C_1997_0209_J_19991118,ECLI:EU:C:1999:559:19991118,ECLI:EU:C:1999:559,61997CJ0209,1,NA,0,0,NA,0,NA,NA,0,0,0,0,0,0,0,-1,0,0,NA,-1,NA,0,0,0,0
1548,DEC_C_1997_0210_J_19981119,ECLI:EU:C:1998:555:19981119,ECLI:EU:C:1998:555,61997CJ0210,0,1,1,NA,1,1,0,1,NA,NA,NA,0,0,0,2,0,NA,1,1,-1,1,NA,NA,NA,NA
1549,DEC_C_1997_0211_J_19990603,ECLI:EU:C:1999:275:19990603,ECLI:EU:C:1999:275,61997CJ0211,0,0,1,NA,0,1,1,1,NA,NA,NA,1,0,0,0,0,NA,1,1,-1,-1,NA,NA,NA,NA
1550,DEC_C_1997_0212_J_19990309,ECLI:EU:C:1999:126:19990309,ECLI:EU:C:1999:126,61997CJ0212,0,NA,0,1,NA,0,NA,NA,1,0,1,0,0,0,0,1,1,1,NA,0,NA,0,0,1,0
1551,DEC_C_1997_0215_J_19980430,ECLI:EU:C:1998:189:19980430,ECLI:EU:C:1998:189,61997CJ0215,0,NA,0,0,NA,1,NA,NA,0,0,0,0,0,0,0,0,0,1,NA,-1,NA,0,0,0,1
1552,DEC_C_1997_0224_J_19990429,ECLI:EU:C:1999:212:19990429,ECLI:EU:C:1999:212,61997CJ0224,0,NA,0,0,NA,1,NA,NA,0,1,0,0,0,0,0,0,1,1,NA,-1,NA,0,0,1,0
1553,DEC_C_1997_0233_J_19981203,ECLI:EU:C:1998:585:19981203,ECLI:EU:C:1998:585,61997CJ0233,1,NA,0,1,NA,0,NA,NA,0,0,0,0,0,0,0,0,0,1,NA,-1,NA,0,0,1,0
1554,DEC_C_1997_0234_J_19990708,ECLI:EU:C:1999:367:19990708,ECLI:EU:C:1999:367,61997CJ0234,0,0,1,NA,0,0,-1,0,NA,NA,NA,0,1,1,0,0,NA,0,-1,-1,-1,NA,NA,NA,NA
1555,DEC_C_1997_0237_J_19990211,ECLI:EU:C:1999:69:19990211,ECLI:EU:C:1999:69,61997CJ0237,0,NA,0,1,NA,0,NA,NA,0,0,0,0,0,0,0,0,0,-1,NA,-1,NA,0,0,0,0
1556,DEC_C_1997_0244_J_19981217,ECLI:EU:C:1998:619:19981217,ECLI:EU:C:1998:619,61997CJ0244,0,0,1,NA,0,1,1,0,NA,NA,NA,1,0,0,0,0,NA,1,1,-1,-1,NA,NA,NA,NA
1557,DEC_C_1997_0247_J_19981203,ECLI:EU:C:1998:586:19981203,ECLI:EU:C:1998:586,61997CJ0247,1,NA,0,0,NA,1,NA,NA,0,0,0,0,0,0,0,0,0,-1,NA,-1,NA,0,0,0,0
1558,DEC_C_1997_0254_J_19990708,ECLI:EU:C:1999:368:19990708,ECLI:EU:C:1999:368,61997CJ0254,0,NA,0,1,NA,0,NA,NA,0,1,0,0,0,0,2,1,1,1,NA,0,NA,0,0,1,0
1559,DEC_C_1997_0255_J_19990511,ECLI:EU:C:1999:240:19990511,ECLI:EU:C:1999:240,61997CJ0255,1,NA,0,1,NA,0,NA,NA,0,0,1,0,0,0,0,1,0,0,NA,1,NA,0,0,0,0
1560,DEC_C_1997_0259_J_19981203,ECLI:EU:C:1998:587:19981203,ECLI:EU:C:1998:587,61997CJ0259,1,NA,0,0,NA,1,NA,NA,0,0,0,0,0,0,0,0,0,-1,NA,-1,NA,0,0,0,0
1561,DEC_C_1997_0262_J_20000926,ECLI:EU:C:2000:492:20000926,ECLI:EU:C:2000:492,61997CJ0262,0,1,1,NA,1,1,0,0,NA,NA,NA,1,0,0,0,0,NA,1,1,-1,-1,NA,NA,NA,NA
1562,DEC_C_1997_0279_J_19981210,ECLI:EU:C:1998:599:19981210,ECLI:EU:C:1998:599,61997CJ0279,0,1,1,NA,1,1,0,0,NA,NA,NA,0,0,0,0,0,NA,-1,-1,-1,-1,NA,NA,NA,NA
1563,DEC_C_1997_0280_J_19990209,ECLI:EU:C:1999:62:19990209,ECLI:EU:C:1999:62,61997CJ0280,1,NA,0,1,NA,0,NA,NA,0,0,0,0,0,0,0,0,0,-1,NA,-1,NA,0,0,0,0
1564,DEC_C_1997_0290_J_19981210,ECLI:EU:C:1998:600:19981210,ECLI:EU:C:1998:600,61997CJ0290,1,NA,0,0,NA,1,NA,NA,0,0,0,0,0,0,0,0,0,-1,NA,-1,NA,0,0,0,0
1565,DEC_C_1997_0294_J_19991026,ECLI:EU:C:1999:524:19991026,ECLI:EU:C:1999:524,61997CJ0294,0,NA,0,1,NA,0,NA,NA,0,1,0,0,0,0,0,0,1,1,NA,-1,NA,0,0,1,0
1566,DEC_C_1997_0307_J_19990921,ECLI:EU:C:1999:438:19990921,ECLI:EU:C:1999:438,61997CJ0307,0,NA,0,1,NA,0,NA,NA,0,0,1,0,1,0,2,0,1,1,NA,-1,NA,0,0,1,0
1567,DEC_C_1997_0311_J_19990429,ECLI:EU:C:1999:216:19990429,ECLI:EU:C:1999:216,61997CJ0311,0,NA,0,1,NA,0,NA,NA,0,1,0,0,0,0,2,0,1,1,NA,-1,NA,0,0,1,0
1568,DEC_C_1997_0323_J_19980709,ECLI:EU:C:1998:347:19980709,ECLI:EU:C:1998:347,61997CJ0323,0,0,1,NA,0,0,-1,0,NA,NA,NA,0,0,0,0,0,NA,1,-1,-1,-1,NA,NA,NA,NA
1569,DEC_C_1997_0328_J_19981210,ECLI:EU:C:1998:601:19981210,ECLI:EU:C:1998:601,61997CJ0328,1,NA,0,1,NA,0,NA,NA,0,0,0,0,0,0,0,0,0,-1,NA,-1,NA,0,0,0,0
1570,DEC_C_1997_0329_J_20000316,ECLI:EU:C:2000:133:20000316,ECLI:EU:C:2000:133,61997CJ0329,0,0,1,NA,0,1,1,1,NA,NA,NA,1,0,0,2,1,NA,1,1,0,1,NA,NA,NA,NA
1571,DEC_C_1997_0337_J_19990608,ECLI:EU:C:1999:284:19990608,ECLI:EU:C:1999:284,61997CJ0337,0,0,1,0,0,1,1,1,0,1,0,0,0,0,0,0,1,1,1,-1,1,0,0,1,0
1572,DEC_C_1997_0340_J_20000210,ECLI:EU:C:2000:77:20000210,ECLI:EU:C:2000:77,61997CJ0340,0,1,1,NA,1,1,-1,0,NA,NA,NA,1,0,0,2,1,NA,1,1,0,-1,NA,NA,NA,NA
1573,DEC_C_1997_0348_J_20000615,ECLI:EU:C:2000:317:20000615,ECLI:EU:C:2000:317,61997CJ0348,1,NA,0,0,NA,0,NA,NA,0,0,0,0,0,0,0,0,0,1,NA,-1,NA,0,0,0,1
1574,DEC_C_1997_0350_J_19990511,ECLI:EU:C:1999:242:19990511,ECLI:EU:C:1999:242,61997CJ0350,1,NA,0,0,NA,1,NA,NA,0,0,0,0,0,0,0,0,0,1,NA,0,NA,0,0,1,0
1575,DEC_C_1997_0360_J_19990420,ECLI:EU:C:1999:180:19990420,ECLI:EU:C:1999:180,61997CJ0360,0,1,1,NA,1,1,0,0,NA,NA,NA,0,0,0,0,0,NA,0,0,-1,-1,NA,NA,NA,NA
1576,DEC_C_1997_0366_J_19990211,ECLI:EU:C:1999:71:19990211,ECLI:EU:C:1999:71,61997CJ0366,0,NA,0,0,NA,1,NA,NA,0,0,0,0,0,0,0,0,0,1,NA,-1,NA,0,0,0,1
1577,DEC_C_1997_0371_J_20001003,ECLI:EU:C:2000:526:20001003,ECLI:EU:C:2000:526,61997CJ0371,0,NA,0,0,NA,1,NA,NA,0,0,0,0,1,1,2,0,0,-1,NA,-1,NA,0,0,0,1
1578,DEC_C_1997_0373_J_20000323,ECLI:EU:C:2000:150:20000323,ECLI:EU:C:2000:150,61997CJ0373,0,NA,0,0,NA,1,NA,NA,0,1,0,0,1,0,0,1,0,0,NA,1,NA,0,0,0,0
1579,DEC_C_1997_0378_J_19990921,ECLI:EU:C:1999:439:19990921,ECLI:EU:C:1999:439,61997CJ0378,0,0,1,NA,0,1,0,0,NA,NA,NA,0,0,0,2,0,NA,0,0,-1,-1,NA,NA,NA,NA
1580,DEC_C_1997_0379_J_19991012,ECLI:EU:C:1999:494:19991012,ECLI:EU:C:1999:494,61997CJ0379,1,NA,0,1,NA,0,NA,NA,0,0,0,0,1,0,0,0,0,-1,NA,-1,NA,0,0,0,0
1581,DEC_C_1997_0383_J_19990209,ECLI:EU:C:1999:64:19990209,ECLI:EU:C:1999:64,61997CJ0383,1,NA,0,0,NA,1,NA,NA,1,0,0,0,1,0,0,0,0,1,NA,-1,NA,0,0,1,1
1582,DEC_C_1997_0391_J_19990914,ECLI:EU:C:1999:409:19990914,ECLI:EU:C:1999:409,61997CJ0391,0,1,1,NA,1,1,-1,0,NA,NA,NA,0,0,0,0,0,NA,0,1,-1,-1,NA,NA,NA,NA
1583,DEC_C_1997_0394_J_19990615,ECLI:EU:C:1999:308:19990615,ECLI:EU:C:1999:308,61997CJ0394,1,NA,0,0,NA,1,NA,NA,0,0,0,0,0,0,0,1,0,0,NA,1,NA,0,0,0,0
1584,DEC_C_1997_0405_J_19990428,ECLI:EU:C:1999:207:19990428,ECLI:EU:C:1999:207,61997CJ0405,1,NA,0,1,NA,0,NA,NA,0,0,0,0,0,0,0,0,0,-1,NA,-1,NA,0,0,0,0
1585,DEC_C_1997_0412_J_19990622,ECLI:EU:C:1999:324:19990622,ECLI:EU:C:1999:324,61997CJ0412,1,NA,0,0,NA,1,NA,NA,0,0,0,0,0,0,0,0,0,0,NA,-1,NA,0,0,0,0
1586,DEC_C_1997_0414_J_19990916,ECLI:EU:C:1999:417:19990916,ECLI:EU:C:1999:417,61997CJ0414,1,NA,0,0,NA,0,NA,NA,0,0,0,0,0,0,0,1,0,1,NA,0,NA,0,0,0,1
1587,DEC_C_1997_0417_J_19990603,ECLI:EU:C:1999:278:19990603,ECLI:EU:C:1999:278,61997CJ0417,0,NA,0,0,NA,0,NA,NA,0,0,0,0,0,0,0,0,0,1,NA,-1,NA,0,0,0,1
1588,DEC_C_1997_0424_J_20000704,ECLI:EU:C:2000:357:20000704,ECLI:EU:C:2000:357,61997CJ0424,0,NA,0,0,NA,1,NA,NA,0,0,0,0,0,0,0,0,1,0,NA,1,NA,0,0,1,0
1589,DEC_C_1997_0442_J_19991118,ECLI:EU:C:1999:560:19991118,ECLI:EU:C:1999:560,61997CJ0442,0,0,1,NA,0,1,0,0,NA,NA,NA,0,0,0,0,0,NA,0,0,-1,-1,NA,NA,NA,NA
1590,DEC_C_1998_0006_J_19991028,ECLI:EU:C:1999:532:19991028,ECLI:EU:C:1999:532,61998CJ0006,1,NA,0,1,NA,0,NA,NA,0,0,0,1,0,0,0,1,1,0,NA,1,NA,0,0,1,0
1591,DEC_C_1998_0014_J_19990701,ECLI:EU:C:1999:343:19990701,ECLI:EU:C:1999:343,61998CJ0014,1,NA,0,1,NA,0,NA,NA,0,0,0,0,0,0,0,0,0,1,NA,-1,NA,0,0,0,1
1592,DEC_C_1998_0031_J_19990428,ECLI:EU:C:1999:208:19990428,ECLI:EU:C:1999:208,61998CJ0031,1,NA,0,0,NA,1,NA,NA,0,0,0,0,1,0,0,0,0,0,NA,-1,NA,0,0,0,0
1593,DEC_C_1998_0034_J_20000215,ECLI:EU:C:2000:84:20000215,ECLI:EU:C:2000:84,61998CJ0034,0,0,1,NA,0,0,-1,0,NA,NA,NA,0,0,0,0,0,NA,1,-1,-1,-1,NA,NA,NA,NA
1594,DEC_C_1998_0037_J_20000511,ECLI:EU:C:2000:224:20000511,ECLI:EU:C:2000:224,61998CJ0037,0,1,1,NA,1,1,0,0,NA,NA,NA,0,1,1,1,0,NA,1,0,-1,-1,NA,NA,NA,NA
1595,DEC_C_1998_0038_J_20000511,ECLI:EU:C:2000:225:20000511,ECLI:EU:C:2000:225,61998CJ0038,1,NA,0,1,NA,0,NA,NA,0,0,0,0,1,0,0,0,0,0,NA,-1,NA,0,0,0,0
1596,DEC_C_1998_0044_J_19990921,ECLI:EU:C:1999:440:19990921,ECLI:EU:C:1999:440,61998CJ0044,1,NA,0,1,NA,0,NA,NA,0,0,0,0,0,0,0,0,0,0,NA,-1,NA,0,0,0,0
1597,DEC_C_1998_0046[P]_J_20000921,ECLI:EU:C:2000:474:20000921,ECLI:EU:C:2000:474,61998CJ0046,1,NA,0,1,NA,0,NA,NA,0,0,0,0,0,0,0,0,0,0,NA,-1,NA,0,0,0,0
1598,DEC_C_1998_0048_J_19991111,ECLI:EU:C:1999:548:19991111,ECLI:EU:C:1999:548,61998CJ0048,1,NA,0,1,NA,0,NA,NA,0,0,0,0,1,1,0,0,0,0,NA,-1,NA,0,0,0,0
1599,DEC_C_1998_0049_J_20011025,ECLI:EU:C:2001:564:20011025,ECLI:EU:C:2001:564,61998CJ0049,0,NA,0,1,NA,0,NA,NA,0,1,0,0,1,1,0,0,1,1,NA,-1,NA,0,0,1,0
1600,DEC_C_1998_0055_J_19991028,ECLI:EU:C:1999:533:19991028,ECLI:EU:C:1999:533,61998CJ0055,0,NA,0,0,NA,1,NA,NA,0,1,0,0,0,0,0,0,1,1,NA,-1,NA,0,0,1,0
1601,DEC_C_1998_0058_J_20001003,ECLI:EU:C:2000:527:20001003,ECLI:EU:C:2000:527,61998CJ0058,0,NA,0,0,NA,1,NA,NA,1,0,1,0,0,0,0,1,1,1,NA,0,NA,0,0,1,1
1602,DEC_C_1998_0061_J_19990907,ECLI:EU:C:1999:393:19990907,ECLI:EU:C:1999:393,61998CJ0061,1,NA,0,1,NA,0,NA,NA,0,0,0,0,1,0,0,0,0,1,NA,-1,NA,0,0,0,0
1603,DEC_C_1998_0062_J_20000704,ECLI:EU:C:2000:358:20000704,ECLI:EU:C:2000:358,61998CJ0062,0,NA,0,0,NA,0,NA,NA,0,1,0,0,0,0,0,0,1,1,NA,-1,NA,0,0,0,1
1604,DEC_C_1998_0065_J_20000622,ECLI:EU:C:2000:336:20000622,ECLI:EU:C:2000:336,61998CJ0065,0,0,1,NA,0,1,1,1,NA,NA,NA,0,0,0,2,0,NA,1,1,-1,1,NA,NA,NA,NA
1605,DEC_C_1998_0067_J_19991021,ECLI:EU:C:1999:514:19991021,ECLI:EU:C:1999:514,61998CJ0067,0,NA,0,0,NA,1,NA,NA,0,1,0,0,1,0,0,1,0,0,NA,-1,NA,0,0,0,0
1606,DEC_C_1998_0084_J_20000704,ECLI:EU:C:2000:359:20000704,ECLI:EU:C:2000:359,61998CJ0084,0,NA,0,0,NA,0,NA,NA,0,0,0,0,0,0,0,0,0,1,NA,-1,NA,0,0,0,1
1607,DEC_C_1998_0094_J_19991216,ECLI:EU:C:1999:614:19991216,ECLI:EU:C:1999:614,61998CJ0094,1,NA,0,1,NA,0,NA,NA,0,0,0,0,0,0,0,0,0,1,NA,-1,NA,0,0,0,1
1608,DEC_C_1998_0102_J_20000314,ECLI:EU:C:2000:119:20000314,ECLI:EU:C:2000:119,61998CJ0102,0,1,1,NA,1,1,0,0,NA,NA,NA,0,0,0,2,1,NA,0,0,-1,-1,NA,NA,NA,NA
1609,DEC_C_1998_0109_J_19990422,ECLI:EU:C:1999:199:19990422,ECLI:EU:C:1999:199,61998CJ0109,1,NA,0,1,NA,0,NA,NA,0,0,0,0,0,0,0,0,0,1,NA,-1,NA,0,0,1,0
1610,DEC_C_1998_0156_J_20000919,ECLI:EU:C:2000:467:20000919,ECLI:EU:C:2000:467,61998CJ0156,0,NA,0,0,NA,0,NA,NA,0,1,0,0,0,0,0,0,1,0,NA,-1,NA,0,0,0,0
1611,DEC_C_1998_0160_J_20020312,ECLI:EU:C:2002:160:20020312,ECLI:EU:C:2002:160,61998CJ0160,1,NA,0,1,NA,0,NA,NA,0,0,0,0,0,0,0,0,0,0,NA,-1,NA,0,0,0,0
1612,DEC_C_1998_0161_J_19991118,ECLI:EU:C:1999:564:19991118,ECLI:EU:C:1999:564,61998CJ0161,0,0,1,NA,0,1,0,0,NA,NA,NA,0,0,0,0,0,NA,0,0,-1,-1,NA,NA,NA,NA
1613,DEC_C_1998_0168_J_20001107,ECLI:EU:C:2000:598:20001107,ECLI:EU:C:2000:598,61998CJ0168,0,NA,0,0,NA,0,NA,NA,0,1,0,0,0,0,0,0,0,0,NA,-1,NA,0,0,0,0
1614,DEC_C_1998_0169_J_20000215,ECLI:EU:C:2000:85:20000215,ECLI:EU:C:2000:85,61998CJ0169,0,0,1,0,0,0,-1,0,0,0,1,0,0,0,0,0,1,1,-1,-1,-1,0,0,1,1
1615,DEC_C_1998_0170_J_19990914,ECLI:EU:C:1999:411:19990914,ECLI:EU:C:1999:411,61998CJ0170,0,NA,0,0,NA,0,NA,NA,0,0,0,0,0,0,0,0,0,1,NA,-1,NA,0,0,1,0
1616,DEC_C_1998_0171_J_19990914,ECLI:EU:C:1999:412:19990914,ECLI:EU:C:1999:412,61998CJ0171,0,NA,0,0,NA,0,NA,NA,0,1,0,0,0,0,0,0,1,1,NA,-1,NA,0,0,0,1
1617,DEC_C_1998_0172_J_19990629,ECLI:EU:C:1999:335:19990629,ECLI:EU:C:1999:335,61998CJ0172,0,NA,0,0,NA,0,NA,NA,0,1,0,0,0,0,0,0,1,1,NA,-1,NA,0,0,1,0
1618,DEC_C_1998_0179_J_19991111,ECLI:EU:C:1999:549:19991111,ECLI:EU:C:1999:549,61998CJ0179,0,0,1,NA,0,1,1,1,NA,NA,NA,0,1,1,0,0,NA,0,0,-1,0,NA,NA,NA,NA
1619,DEC_C_1998_0185_J_19990520,ECLI:EU:C:1999:263:19990520,ECLI:EU:C:1999:263,61998CJ0185,0,NA,0,0,NA,0,NA,NA,0,0,0,0,0,0,0,0,0,1,NA,-1,NA,0,0,0,1
1620,DEC_C_1998_0190_J_20000127,ECLI:EU:C:2000:49:20000127,ECLI:EU:C:2000:49,61998CJ0190,0,1,1,NA,1,1,0,0,NA,NA,NA,0,0,0,0,0,NA,0,0,-1,-1,NA,NA,NA,NA
1621,DEC_C_1998_0195_J_20001130,ECLI:EU:C:2000:655:20001130,ECLI:EU:C:2000:655,61998CJ0195,0,0,1,NA,0,0,-1,0,NA,NA,NA,1,0,0,0,1,NA,1,-1,0,-1,NA,NA,NA,NA
1622,DEC_C_1998_0200_J_19991118,ECLI:EU:C:1999:566:19991118,ECLI:EU:C:1999:566,61998CJ0200,0,NA,0,1,NA,0,NA,NA,0,0,0,0,0,0,0,0,1,1,NA,-1,NA,0,0,1,0
1623,DEC_C_1998_0203_J_19990708,ECLI:EU:C:1999:380:19990708,ECLI:EU:C:1999:380,61998CJ0203,0,NA,0,0,NA,0,NA,NA,0,1,0,0,0,0,0,0,1,1,NA,-1,NA,0,0,1,0
1624,DEC_C_1998_0206_J_20000518,ECLI:EU:C:2000:256:20000518,ECLI:EU:C:2000:256,61998CJ0206,0,NA,0,0,NA,0,NA,NA,0,0,0,0,0,0,0,0,0,1,NA,-1,NA,0,0,0,1
1625,DEC_C_1998_0209_J_20000523,ECLI:EU:C:2000:279:20000523,ECLI:EU:C:2000:279,61998CJ0209,1,NA,0,1,NA,0,NA,NA,0,0,0,0,1,0,0,0,0,0,NA,-1,NA,0,0,1,0
1626,DEC_C_1998_0212_J_19991125,ECLI:EU:C:1999:581:19991125,ECLI:EU:C:1999:581,61998CJ0212,0,NA,0,0,NA,0,NA,NA,0,0,0,0,0,0,0,0,0,1,NA,-1,NA,0,0,1,0
1627,DEC_C_1998_0213_J_19991012,ECLI:EU:C:1999:496:19991012,ECLI:EU:C:1999:496,61998CJ0213,0,NA,0,0,NA,0,NA,NA,0,0,0,0,0,0,0,0,0,1,NA,-1,NA,0,0,0,1
1628,DEC_C_1998_0220_J_20000113,ECLI:EU:C:2000:8:20000113,ECLI:EU:C:2000:8,61998CJ0220,1,NA,0,1,NA,0,NA,NA,0,0,0,1,1,1,0,0,0,0,NA,-1,NA,0,0,0,0
1629,DEC_C_1998_0224_J_20020711,ECLI:EU:C:2002:432:20020711,ECLI:EU:C:2002:432,61998CJ0224,0,0,1,NA,0,1,1,0,NA,NA,NA,0,0,0,0,1,NA,1,1,0,-1,NA,NA,NA,NA
1630,DEC_C_1998_0228_J_20000203,ECLI:EU:C:2000:65:20000203,ECLI:EU:C:2000:65,61998CJ0228,1,NA,0,0,NA,0,NA,NA,0,0,0,0,0,0,0,0,0,1,NA,-1,NA,0,0,0,1
1631,DEC_C_1998_0233_J_19991021,ECLI:EU:C:1999:517:19991021,ECLI:EU:C:1999:517,61998CJ0233,1,NA,0,1,NA,0,NA,NA,0,0,0,0,0,0,0,0,0,1,NA,-1,NA,0,0,0,1
1632,DEC_C_1998_0238_J_20000914,ECLI:EU:C:2000:440:20000914,ECLI:EU:C:2000:440,61998CJ0238,0,1,1,0,1,1,0,0,1,0,0,0,1,0,0,0,0,1,1,-1,-1,0,0,1,0
1633,DEC_C_1998_0239_J_19991216,ECLI:EU:C:1999:619:19991216,ECLI:EU:C:1999:619,61998CJ0239,0,NA,0,0,NA,0,NA,NA,0,0,0,0,0,0,0,0,0,1,NA,-1,NA,0,0,1,0
1634,DEC_C_1998_0246_J_20000323,ECLI:EU:C:2000:153:20000323,ECLI:EU:C:2000:153,61998CJ0246,1,NA,0,1,NA,0,NA,NA,0,0,0,0,0,0,0,0,0,0,NA,-1,NA,0,0,0,0
1635,DEC_C_1998_0250_J_19990428,ECLI:EU:C:1999:209:19990428,ECLI:EU:C:1999:209,61998CJ0250,0,0,1,0,0,0,-1,0,0,0,0,0,0,0,0,0,0,1,-1,-1,-1,0,0,0,1
1636,DEC_C_1998_0251_J_20000413,ECLI:EU:C:2000:205:20000413,ECLI:EU:C:2000:205,61998CJ0251,0,NA,0,0,NA,1,NA,NA,0,1,0,0,0,0,0,0,1,1,NA,-1,NA,0,0,1,0
1637,DEC_C_1998_0254_J_20000113,ECLI:EU:C:2000:12:20000113,ECLI:EU:C:2000:12,61998CJ0254,1,NA,0,1,NA,0,NA,NA,0,0,1,0,0,0,0,0,1,1,NA,-1,NA,0,0,1,0
1638,DEC_C_1998_0281_J_20000606,ECLI:EU:C:2000:296:20000606,ECLI:EU:C:2000:296,61998CJ0281,0,1,1,NA,1,1,0,0,NA,NA,NA,1,0,0,2,0,NA,1,1,0,-1,NA,NA,NA,NA
1639,DEC_C_1998_0293_J_20000203,ECLI:EU:C:2000:66:20000203,ECLI:EU:C:2000:66,61998CJ0293,0,NA,0,1,NA,0,NA,NA,0,0,0,0,0,0,0,0,0,-1,NA,-1,NA,0,0,0,0
1640,DEC_C_1998_0296_J_20000511,ECLI:EU:C:2000:227:20000511,ECLI:EU:C:2000:227,61998CJ0296,0,NA,0,0,NA,0,NA,NA,0,0,0,0,0,0,0,0,0,1,NA,-1,NA,0,0,1,0
1641,DEC_C_1998_0301_J_20000518,ECLI:EU:C:2000:269:20000518,ECLI:EU:C:2000:269,61998CJ0301,1,NA,0,1,NA,0,NA,NA,0,0,0,0,0,0,0,0,0,0,NA,-1,NA,0,0,0,0
1642,DEC_C_1998_0302_J_20000615,ECLI:EU:C:2000:322:20000615,ECLI:EU:C:2000:322,61998CJ0302,0,0,1,NA,0,1,0,0,NA,NA,NA,1,0,0,0,0,NA,1,1,-1,-1,NA,NA,NA,NA
1643,DEC_C_1998_0309_J_20000328,ECLI:EU:C:2000:165:20000328,ECLI:EU:C:2000:165,61998CJ0309,1,NA,0,1,NA,0,NA,NA,0,0,0,0,1,0,0,0,0,-1,NA,-1,NA,0,0,0,0
1644,DEC_C_1998_0310_J_20000323,ECLI:EU:C:2000:154:20000323,ECLI:EU:C:2000:154,61998CJ0310,1,NA,0,1,NA,0,NA,NA,0,0,0,0,0,0,0,0,0,1,NA,-1,NA,0,0,0,1
1645,DEC_C_1998_0314_J_20001012,ECLI:EU:C:2000:557:20001012,ECLI:EU:C:2000:557,61998CJ0314,1,NA,0,1,NA,0,NA,NA,0,1,0,0,1,0,0,1,1,0,NA,1,NA,0,0,0,0
1646,DEC_C_1998_0339_J_20001019,ECLI:EU:C:2000:573:20001019,ECLI:EU:C:2000:573,61998CJ0339,1,NA,0,1,NA,0,NA,NA,0,0,0,0,0,0,0,0,0,-1,NA,-1,NA,0,0,0,0
1647,DEC_C_1998_0347_J_20010503,ECLI:EU:C:2001:236:20010503,ECLI:EU:C:2001:236,61998CJ0347,0,0,1,NA,0,0,-1,0,NA,NA,NA,0,0,0,0,0,NA,0,0,-1,-1,NA,NA,NA,NA
1648,DEC_C_1998_0348_J_20000914,ECLI:EU:C:2000:442:20000914,ECLI:EU:C:2000:442,61998CJ0348,0,NA,0,0,NA,1,NA,NA,1,0,0,0,0,0,0,-1,0,-1,NA,-1,NA,0,0,0,0
1649,DEC_C_1998_0355_J_20000309,ECLI:EU:C:2000:113:20000309,ECLI:EU:C:2000:113,61998CJ0355,0,0,1,0,0,0,-1,0,0,0,1,0,0,0,0,1,1,1,-1,0,-1,0,0,1,0
1650,DEC_C_1998_0356_J_20000411,ECLI:EU:C:2000:200:20000411,ECLI:EU:C:2000:200,61998CJ0356,0,0,1,NA,0,1,0,1,NA,NA,NA,0,0,0,0,0,NA,0,0,-1,0,NA,NA,NA,NA
1651,DEC_C_1998_0357_J_20001109,ECLI:EU:C:2000:604:20001109,ECLI:EU:C:2000:604,61998CJ0357,0,0,1,NA,0,1,1,0,NA,NA,NA,1,0,0,0,0,NA,1,1,-1,-1,NA,NA,NA,NA
1652,DEC_C_1998_0358_J_20000309,ECLI:EU:C:2000:114:20000309,ECLI:EU:C:2000:114,61998CJ0358,0,NA,0,0,NA,0,NA,NA,0,0,0,0,0,0,0,0,0,1,NA,-1,NA,0,0,1,1
1653,DEC_C_1998_0361_J_20010118,ECLI:EU:C:2001:29:20010118,ECLI:EU:C:2001:29,61998CJ0361,0,NA,0,0,NA,0,NA,NA,0,0,0,0,0,0,0,-1,0,0,NA,-1,NA,0,0,0,0
1654,DEC_C_1998_0366_J_20000912,ECLI:EU:C:2000:430:20000912,ECLI:EU:C:2000:430,61998CJ0366,1,NA,0,0,NA,1,NA,NA,0,0,0,0,1,0,0,0,0,0,NA,-1,NA,0,0,1,1
1655,DEC_C_1998_0367_J_20020604,ECLI:EU:C:2002:326:20020604,ECLI:EU:C:2002:326,61998CJ0367,0,NA,0,0,NA,0,NA,NA,0,0,0,0,0,0,2,1,1,0,NA,1,NA,0,0,1,0
1656,DEC_C_1998_0368_J_20010712,ECLI:EU:C:2001:400:20010712,ECLI:EU:C:2001:400,61998CJ0368,0,0,1,0,0,1,1,0,0,0,1,0,0,0,0,0,1,1,1,-1,-1,0,0,1,0
1657,DEC_C_1998_0376_J_20001005,ECLI:EU:C:2000:544:20001005,ECLI:EU:C:2000:544,61998CJ0376,1,NA,0,0,NA,0,NA,NA,0,0,0,0,0,0,0,-1,0,1,NA,-1,NA,1,0,0,0
1658,DEC_C_1998_0379_J_20010313,ECLI:EU:C:2001:160:20010313,ECLI:EU:C:2001:160,61998CJ0379,1,NA,0,1,NA,0,NA,NA,0,0,0,0,0,0,0,0,0,0,NA,-1,NA,0,0,0,0
1659,DEC_C_1998_0381_J_20001109,ECLI:EU:C:2000:605:20001109,ECLI:EU:C:2000:605,61998CJ0381,0,NA,0,0,NA,1,NA,NA,0,0,0,0,0,0,0,0,0,-1,NA,-1,NA,0,0,0,0
1660,DEC_C_1998_0383_J_20000406,ECLI:EU:C:2000:193:20000406,ECLI:EU:C:2000:193,61998CJ0383,1,NA,0,1,NA,0,NA,NA,0,0,0,0,0,0,0,0,0,-1,NA,-1,NA,0,0,0,0
1661,DEC_C_1998_0397_J_20010308,ECLI:EU:C:2001:134:20010308,ECLI:EU:C:2001:134,61998CJ0397,0,NA,0,1,NA,0,NA,NA,0,1,0,0,0,0,2,1,1,1,NA,0,NA,0,0,1,0
1662,DEC_C_1998_0398_J_20011025,ECLI:EU:C:2001:565:20011025,ECLI:EU:C:2001:565,61998CJ0398,1,NA,0,0,NA,0,NA,NA,0,1,0,0,0,0,0,1,1,1,NA,0,NA,0,0,1,0
1663,DEC_C_1998_0404_J_20001109,ECLI:EU:C:2000:607:20001109,ECLI:EU:C:2000:607,61998CJ0404,0,1,1,NA,1,1,0,0,NA,NA,NA,0,0,0,0,0,NA,0,0,-1,-1,NA,NA,NA,NA
1664,DEC_C_1998_0405_J_20010308,ECLI:EU:C:2001:135:20010308,ECLI:EU:C:2001:135,61998CJ0405,1,NA,0,1,NA,0,NA,NA,0,0,1,0,1,0,0,0,0,0,NA,1,NA,0,0,0,0
1665,DEC_C_1998_0411_J_20001003,ECLI:EU:C:2000:530:20001003,ECLI:EU:C:2000:530,61998CJ0411,0,1,1,NA,1,1,0,0,NA,NA,NA,0,0,0,0,0,NA,1,1,-1,-1,NA,NA,NA,NA
1666,DEC_C_1998_0421_J_20001123,ECLI:EU:C:2000:646:20001123,ECLI:EU:C:2000:646,61998CJ0421,0,NA,0,0,NA,0,NA,NA,0,0,0,0,0,0,0,0,1,1,NA,-1,NA,0,0,1,1
1667,DEC_C_1998_0423_J_20000713,ECLI:EU:C:2000:401:20000713,ECLI:EU:C:2000:401,61998CJ0423,0,0,1,0,0,1,0,0,0,1,0,0,0,0,0,1,1,1,0,0,-1,0,0,1,0
1668,DEC_C_1998_0424_J_20000525,ECLI:EU:C:2000:287:20000525,ECLI:EU:C:2000:287,61998CJ0424,0,0,1,NA,0,0,-1,0,NA,NA,NA,0,0,0,0,0,NA,1,-1,-1,-1,NA,NA,NA,NA
1669,DEC_C_1998_0441_J_20000921,ECLI:EU:C:2000:479:20000921,ECLI:EU:C:2000:479,61998CJ0441,1,NA,0,1,NA,0,NA,NA,0,1,0,0,1,0,0,0,0,1,NA,-1,NA,0,0,1,0
1670,DEC_C_1998_0444_J_20010315,ECLI:EU:C:2001:165:20010315,ECLI:EU:C:2001:165,61998CJ0444,0,1,1,NA,1,1,0,0,NA,NA,NA,0,1,1,0,0,NA,-1,-1,-1,-1,NA,NA,NA,NA
1671,DEC_C_1998_0448_J_20001205,ECLI:EU:C:2000:663:20001205,ECLI:EU:C:2000:663,61998CJ0448,1,NA,0,0,NA,1,NA,NA,1,0,0,0,0,0,0,0,0,1,NA,-1,NA,0,0,1,0
1672,DEC_C_1998_0455_J_20000629,ECLI:EU:C:2000:352:20000629,ECLI:EU:C:2000:352,61998CJ0455,1,NA,0,0,NA,1,NA,NA,0,0,0,0,0,0,0,0,0,0,NA,-1,NA,0,0,0,0
1673,DEC_C_1998_0463_J_20010510,ECLI:EU:C:2001:256:20010510,ECLI:EU:C:2001:256,61998CJ0463,1,NA,0,1,NA,0,NA,NA,0,0,0,0,0,0,0,0,0,1,NA,-1,NA,1,1,0,0
1674,DEC_C_1998_0466_J_20021105,ECLI:EU:C:2002:624:20021105,ECLI:EU:C:2002:624,61998CJ0466,0,NA,0,0,NA,0,NA,NA,0,1,0,0,0,0,0,0,1,1,NA,-1,NA,0,0,1,0
1675,DEC_C_1998_0467_J_20021105,ECLI:EU:C:2002:625:20021105,ECLI:EU:C:2002:625,61998CJ0467,0,NA,0,0,NA,0,NA,NA,0,1,0,0,0,0,0,1,1,1,NA,0,NA,0,0,1,0
1676,DEC_C_1998_0468_J_20021105,ECLI:EU:C:2002:626:20021105,ECLI:EU:C:2002:626,61998CJ0468,0,NA,0,0,NA,0,NA,NA,0,1,0,0,0,0,0,0,1,1,NA,-1,NA,0,0,1,0
1677,DEC_C_1998_0469_J_20021105,ECLI:EU:C:2002:627:20021105,ECLI:EU:C:2002:627,61998CJ0469,0,NA,0,0,NA,0,NA,NA,0,1,0,0,0,0,0,0,1,1,NA,-1,NA,0,0,1,1
1678,DEC_C_1998_0471_J_20021105,ECLI:EU:C:2002:628:20021105,ECLI:EU:C:2002:628,61998CJ0471,0,NA,0,0,NA,0,NA,NA,0,1,0,0,0,0,0,0,1,1,NA,-1,NA,0,0,1,0
1679,DEC_C_1998_0472_J_20021105,ECLI:EU:C:2002:629:20021105,ECLI:EU:C:2002:629,61998CJ0472,0,NA,0,0,NA,0,NA,NA,1,0,0,0,0,0,0,0,1,1,NA,-1,NA,0,0,1,1
1680,DEC_C_1998_0473_J_20000711,ECLI:EU:C:2000:379:20000711,ECLI:EU:C:2000:379,61998CJ0473,1,NA,0,1,NA,0,NA,NA,0,0,0,1,0,0,0,1,0,0,NA,1,NA,0,0,0,0
1681,DEC_C_1998_0475_J_20021105,ECLI:EU:C:2002:630:20021105,ECLI:EU:C:2002:630,61998CJ0475,0,NA,0,0,NA,0,NA,NA,0,0,0,0,0,0,0,0,1,1,NA,-1,NA,0,0,1,1
1682,DEC_C_1998_0476_J_20021105,ECLI:EU:C:2002:631:20021105,ECLI:EU:C:2002:631,61998CJ0476,0,NA,0,0,NA,0,NA,NA,0,0,0,0,0,0,0,0,1,1,NA,-1,NA,0,0,1,1
1683,DEC_C_1999_0001_J_20010111,ECLI:EU:C:2001:10:20010111,ECLI:EU:C:2001:10,61999CJ0001,1,NA,0,1,NA,0,NA,NA,0,0,0,0,0,0,2,0,0,1,NA,-1,NA,0,0,0,1
1684,DEC_C_1999_0003_J_20001012,ECLI:EU:C:2000:560:20001012,ECLI:EU:C:2000:560,61999CJ0003,1,NA,0,1,NA,0,NA,NA,0,0,0,0,0,0,0,1,0,1,NA,0,NA,0,0,1,1
1685,DEC_C_1999_0015_J_20001019,ECLI:EU:C:2000:574:20001019,ECLI:EU:C:2000:574,61999CJ0015,1,NA,0,1,NA,0,NA,NA,0,0,0,0,0,0,0,0,0,0,NA,-1,NA,0,0,0,1
1686,DEC_C_1999_0016_J_20000914,ECLI:EU:C:2000:445:20000914,ECLI:EU:C:2000:445,61999CJ0016,0,1,1,0,1,1,0,0,0,0,0,0,0,0,0,0,0,0,0,-1,-1,0,0,0,0
1687,DEC_C_1999_0023_J_20000926,ECLI:EU:C:2000:500:20000926,ECLI:EU:C:2000:500,61999CJ0023,1,NA,0,0,NA,0,NA,NA,0,0,0,0,0,0,0,1,0,1,NA,0,NA,0,0,1,0
1688,DEC_C_1999_0030_J_20010621,ECLI:EU:C:2001:346:20010621,ECLI:EU:C:2001:346,61999CJ0030,1,NA,0,0,NA,0,NA,NA,0,1,0,0,0,0,0,0,1,1,NA,-1,NA,0,0,1,0
1689,DEC_C_1999_0033_J_20010320,ECLI:EU:C:2001:176:20010320,ECLI:EU:C:2001:176,61999CJ0033,0,0,1,NA,0,1,-1,1,NA,NA,NA,0,0,0,0,0,NA,0,0,-1,0,NA,NA,NA,NA
1690,DEC_C_1999_0042_J_20000926,ECLI:EU:C:2000:501:20000926,ECLI:EU:C:2000:501,61999CJ0042,1,NA,0,1,NA,0,NA,NA,0,0,0,0,0,0,0,0,0,-1,NA,-1,NA,0,0,0,0
1691,DEC_C_1999_0043_J_20010531,ECLI:EU:C:2001:303:20010531,ECLI:EU:C:2001:303,61999CJ0043,0,0,1,NA,0,1,-1,0,NA,NA,NA,0,0,0,0,0,NA,0,0,-1,-1,NA,NA,NA,NA
1692,DEC_C_1999_0052_J_20010222,ECLI:EU:C:2001:112:20010222,ECLI:EU:C:2001:112,61999CJ0052,0,0,1,NA,0,1,-1,1,NA,NA,NA,0,1,1,0,0,NA,1,1,-1,-1,NA,NA,NA,NA
1693,DEC_C_1999_0055_J_20001214,ECLI:EU:C:2000:693:20001214,ECLI:EU:C:2000:693,61999CJ0055,1,NA,0,0,NA,0,NA,NA,0,0,1,0,0,0,0,1,1,1,NA,0,NA,0,0,1,0
1694,DEC_C_1999_0063_J_20010927,ECLI:EU:C:2001:488:20010927,ECLI:EU:C:2001:488,61999CJ0063,0,0,1,0,0,1,-1,0,0,1,0,1,0,0,1,0,0,0,0,-1,-1,0,0,0,0
1695,DEC_C_1999_0066_J_20010201,ECLI:EU:C:2001:69:20010201,ECLI:EU:C:2001:69,61999CJ0066,1,NA,0,1,NA,0,NA,NA,0,0,0,0,0,0,0,0,0,-1,NA,-1,NA,0,0,0,0
1696,DEC_C_1999_0068_J_20010308,ECLI:EU:C:2001:137:20010308,ECLI:EU:C:2001:137,61999CJ0068,0,0,1,0,0,0,-1,0,0,0,0,0,0,0,0,0,0,0,-1,-1,-1,0,0,0,0
1697,DEC_C_1999_0070_J_20010626,ECLI:EU:C:2001:355:20010626,ECLI:EU:C:2001:355,61999CJ0070,0,NA,0,0,NA,0,NA,NA,0,0,1,0,0,0,0,1,1,1,NA,0,NA,0,0,1,1
1698,DEC_C_1999_0073_J_20000706,ECLI:EU:C:2000:369:20000706,ECLI:EU:C:2000:369,61999CJ0073,0,0,1,NA,0,1,0,0,NA,NA,NA,1,0,0,0,0,NA,1,1,-1,-1,NA,NA,NA,NA
1699,DEC_C_1999_0074_J_20001005,ECLI:EU:C:2000:547:20001005,ECLI:EU:C:2000:547,61999CJ0074,0,NA,0,1,NA,0,NA,NA,0,0,0,0,0,0,0,0,0,1,NA,-1,NA,0,0,0,0
1700,DEC_C_1999_0075_J_20001109,ECLI:EU:C:2000:608:20001109,ECLI:EU:C:2000:608,61999CJ0075,0,1,1,NA,1,1,0,0,NA,NA,NA,0,0,0,0,0,NA,0,1,-1,-1,NA,NA,NA,NA
1701,DEC_C_1999_0085_J_20010315,ECLI:EU:C:2001:166:20010315,ECLI:EU:C:2001:166,61999CJ0085,0,0,1,0,0,1,-1,1,0,0,0,0,0,0,0,0,1,1,1,-1,1,0,0,0,1
1702,DEC_C_1999_0087_J_20000516,ECLI:EU:C:2000:251:20000516,ECLI:EU:C:2000:251,61999CJ0087,0,1,1,NA,1,1,0,0,NA,NA,NA,1,0,0,0,0,NA,1,1,-1,-1,NA,NA,NA,NA
1703,DEC_C_1999_0095_J_20011011,ECLI:EU:C:2001:532:20011011,ECLI:EU:C:2001:532,61999CJ0095,0,1,1,NA,1,1,-1,0,NA,NA,NA,0,0,0,0,0,NA,-1,0,-1,-1,NA,NA,NA,NA
1704,DEC_C_1999_0114_J_20001017,ECLI:EU:C:2000:568:20001017,ECLI:EU:C:2000:568,61999CJ0114,1,NA,0,1,NA,0,NA,NA,0,0,0,0,0,0,0,0,0,1,NA,-1,NA,0,0,0,1
1705,DEC_C_1999_0119_J_20010517,ECLI:EU:C:2001:277:20010517,ECLI:EU:C:2001:277,61999CJ0119,1,NA,0,1,NA,0,NA,NA,0,0,0,0,0,0,0,0,0,-1,NA,-1,NA,0,0,0,0
1706,DEC_C_1999_0124_J_20000921,ECLI:EU:C:2000:485:20000921,ECLI:EU:C:2000:485,61999CJ0124,0,1,1,NA,1,1,0,0,NA,NA,NA,1,1,0,0,1,NA,1,1,-1,-1,NA,NA,NA,NA
1707,DEC_C_1999_0135_J_20001123,ECLI:EU:C:2000:647:20001123,ECLI:EU:C:2000:647,61999CJ0135,0,0,1,NA,0,1,1,0,NA,NA,NA,0,0,0,0,0,NA,1,1,-1,-1,NA,NA,NA,NA
1708,DEC_C_1999_0141_J_20001214,ECLI:EU:C:2000:696:20001214,ECLI:EU:C:2000:696,61999CJ0141,0,NA,0,1,NA,0,NA,NA,0,1,0,0,0,0,0,0,1,1,NA,-1,NA,0,0,1,0
1709,DEC_C_1999_0145_J_20020307,ECLI:EU:C:2002:142:20020307,ECLI:EU:C:2002:142,61999CJ0145,0,0,1,0,0,0,-1,0,0,0,0,0,0,0,0,0,1,1,-1,-1,-1,0,0,1,1
1710,DEC_C_1999_0157_J_20010712,ECLI:EU:C:2001:404:20010712,ECLI:EU:C:2001:404,61999CJ0157,0,NA,0,0,NA,1,NA,NA,1,0,1,0,0,0,0,1,1,0,NA,1,NA,0,0,0,0
1711,DEC_C_1999_0160_J_20000713,ECLI:EU:C:2000:410:20000713,ECLI:EU:C:2000:410,61999CJ0160,0,NA,0,0,NA,0,NA,NA,0,0,0,0,0,0,0,0,0,1,NA,-1,NA,0,0,0,1
1712,DEC_C_1999_0162_J_20010118,ECLI:EU:C:2001:35:20010118,ECLI:EU:C:2001:35,61999CJ0162,0,NA,0,0,NA,0,NA,NA,0,1,0,0,0,0,0,0,1,1,NA,-1,NA,0,0,1,1
1713,DEC_C_1999_0164_J_20020124,ECLI:EU:C:2002:40:20020124,ECLI:EU:C:2002:40,61999CJ0164,0,NA,0,1,NA,0,NA,NA,0,0,1,0,1,0,0,0,1,1,NA,-1,NA,0,0,1,0
1714,DEC_C_1999_0169_J_20010913,ECLI:EU:C:2001:439:20010913,ECLI:EU:C:2001:439,61999CJ0169,1,NA,0,1,NA,0,NA,NA,0,0,0,0,0,0,0,0,0,-1,NA,-1,NA,0,0,0,0
1715,DEC_C_1999_0172_J_20010125,ECLI:EU:C:2001:59:20010125,ECLI:EU:C:2001:59,61999CJ0172,0,NA,0,1,NA,0,NA,NA,0,0,0,0,1,0,0,0,0,-1,NA,-1,NA,0,0,0,0
1716,DEC_C_1999_0184_J_20010920,ECLI:EU:C:2001:458:20010920,ECLI:EU:C:2001:458,61999CJ0184,0,0,1,NA,0,1,0,0,NA,NA,NA,1,1,0,0,0,NA,1,1,-1,-1,NA,NA,NA,NA
1717,DEC_C_1999_0187_J_20010222,ECLI:EU:C:2001:114:20010222,ECLI:EU:C:2001:114,61999CJ0187,1,NA,0,1,NA,0,NA,NA,0,0,0,0,0,0,0,0,0,0,NA,-1,NA,0,0,0,0
1718,DEC_C_1999_0191_J_20010614,ECLI:EU:C:2001:332:20010614,ECLI:EU:C:2001:332,61999CJ0191,0,NA,0,1,NA,0,NA,NA,0,0,0,0,0,0,0,0,0,0,NA,-1,NA,0,0,0,0
1719,DEC_C_1999_0192_J_20010220,ECLI:EU:C:2001:106:20010220,ECLI:EU:C:2001:106,61999CJ0192,0,0,1,NA,0,0,1,0,NA,NA,NA,0,0,0,0,0,NA,-1,0,-1,-1,NA,NA,NA,NA
1720,DEC_C_1999_0201_J_20010405,ECLI:EU:C:2001:199:20010405,ECLI:EU:C:2001:199,61999CJ0201,1,NA,0,1,NA,0,NA,NA,0,0,0,0,0,0,0,0,0,-1,NA,-1,NA,0,0,0,0
1721,DEC_C_1999_0202_J_20011129,ECLI:EU:C:2001:646:20011129,ECLI:EU:C:2001:646,61999CJ0202,0,NA,0,0,NA,0,NA,NA,0,0,0,0,0,0,0,0,0,0,NA,-1,NA,0,0,0,0
1722,DEC_C_1999_0205_J_20010220,ECLI:EU:C:2001:107:20010220,ECLI:EU:C:2001:107,61999CJ0205,0,NA,0,1,NA,0,NA,NA,0,0,0,0,1,0,0,1,1,0,NA,-1,NA,0,0,0,0
1723,DEC_C_1999_0212_J_20010626,ECLI:EU:C:2001:357:20010626,ECLI:EU:C:2001:357,61999CJ0212,0,1,1,NA,1,1,-1,0,NA,NA,NA,1,0,0,0,0,NA,1,-1,-1,-1,NA,NA,NA,NA
1724,DEC_C_1999_0213_J_20001207,ECLI:EU:C:2000:678:20001207,ECLI:EU:C:2000:678,61999CJ0213,1,NA,0,0,NA,1,NA,NA,0,0,0,1,1,1,0,0,0,0,NA,-1,NA,0,0,0,0
1725,DEC_C_1999_0215_J_20010308,ECLI:EU:C:2001:139:20010308,ECLI:EU:C:2001:139,61999CJ0215,0,1,1,NA,1,1,0,0,NA,NA,NA,1,0,0,0,0,NA,1,1,-1,-1,NA,NA,NA,NA
1726,DEC_C_1999_0217_J_20001116,ECLI:EU:C:2000:638:20001116,ECLI:EU:C:2000:638,61999CJ0217,1,NA,0,0,NA,0,NA,NA,0,0,0,0,0,0,0,1,0,1,NA,0,NA,0,0,1,0
1727,DEC_C_1999_0226_J_20010111,ECLI:EU:C:2001:14:20010111,ECLI:EU:C:2001:14,61999CJ0226,1,NA,0,1,NA,0,NA,NA,0,0,0,0,0,0,0,0,0,-1,NA,-1,NA,0,0,0,0
1728,DEC_C_1999_0230_J_20010215,ECLI:EU:C:2001:100:20010215,ECLI:EU:C:2001:100,61999CJ0230,1,NA,0,0,NA,0,NA,NA,0,0,0,0,0,0,0,0,0,-1,NA,-1,NA,0,0,0,0
1729,DEC_C_1999_0232_J_20020516,ECLI:EU:C:2002:291:20020516,ECLI:EU:C:2002:291,61999CJ0232,0,0,1,0,0,0,-1,0,0,0,0,0,0,0,0,0,0,1,-1,-1,-1,0,0,1,0
1730,DEC_C_1999_0234_J_20020423,ECLI:EU:C:2002:244:20020423,ECLI:EU:C:2002:244,61999CJ0234,1,NA,0,0,NA,1,NA,NA,1,0,0,0,1,0,2,0,0,1,NA,-1,NA,0,0,1,0
1731,DEC_C_1999_0235_J_20010927,ECLI:EU:C:2001:489:20010927,ECLI:EU:C:2001:489,61999CJ0235,0,NA,0,0,NA,1,NA,NA,0,0,0,1,0,0,1,1,0,0,NA,1,NA,0,0,0,0
1732,DEC_C_1999_0253_J_20010927,ECLI:EU:C:2001:490:20010927,ECLI:EU:C:2001:490,61999CJ0253,1,NA,0,1,NA,0,NA,NA,0,0,0,0,1,1,0,0,0,0,NA,-1,NA,0,0,0,0
1733,DEC_C_1999_0255_J_20020205,ECLI:EU:C:2002:73:20020205,ECLI:EU:C:2002:73,61999CJ0255,0,0,1,NA,0,1,1,1,NA,NA,NA,1,0,0,0,0,NA,1,1,-1,1,NA,NA,NA,NA
1734,DEC_C_1999_0257_J_20010927,ECLI:EU:C:2001:491:20010927,ECLI:EU:C:2001:491,61999CJ0257,0,NA,0,0,NA,1,NA,NA,0,1,0,1,0,0,1,1,0,0,NA,1,NA,0,0,0,0
1735,DEC_C_1999_0263_J_20010529,ECLI:EU:C:2001:293:20010529,ECLI:EU:C:2001:293,61999CJ0263,0,NA,0,0,NA,0,NA,NA,0,1,0,0,0,0,0,1,1,1,NA,0,NA,0,0,1,0
1736,DEC_C_1999_0264_J_20000608,ECLI:EU:C:2000:311:20000608,ECLI:EU:C:2000:311,61999CJ0264,0,NA,0,0,NA,0,NA,NA,0,0,0,0,0,0,0,0,1,1,NA,-1,NA,0,0,1,0
1737,DEC_C_1999_0268_J_20011120,ECLI:EU:C:2001:616:20011120,ECLI:EU:C:2001:616,61999CJ0268,0,NA,0,0,NA,1,NA,NA,0,0,0,0,1,1,2,1,0,0,NA,-1,NA,0,0,0,0
1738,DEC_C_1999_0277_J_20020205,ECLI:EU:C:2002:74:20020205,ECLI:EU:C:2002:74,61999CJ0277,0,0,1,NA,0,1,1,0,NA,NA,NA,0,0,0,0,0,NA,1,1,-1,-1,NA,NA,NA,NA
1739,DEC_C_1999_0283_J_20010531,ECLI:EU:C:2001:307:20010531,ECLI:EU:C:2001:307,61999CJ0283,0,0,1,0,0,0,-1,0,0,1,0,0,0,0,0,0,1,1,-1,-1,-1,0,0,1,0
1740,DEC_C_1999_0288_J_20010510,ECLI:EU:C:2001:262:20010510,ECLI:EU:C:2001:262,61999CJ0288,1,NA,0,1,NA,0,NA,NA,0,0,0,0,0,0,0,0,0,-1,NA,-1,NA,0,0,0,0
1741,DEC_C_1999_0298_J_20020321,ECLI:EU:C:2002:194:20020321,ECLI:EU:C:2002:194,61999CJ0298,0,NA,0,0,NA,0,NA,NA,0,0,0,0,0,0,0,1,0,1,NA,0,NA,0,0,0,1
1742,DEC_C_1999_0309_J_20020219,ECLI:EU:C:2002:98:20020219,ECLI:EU:C:2002:98,61999CJ0309,0,NA,0,0,NA,1,NA,NA,0,0,0,0,0,0,0,1,0,0,NA,1,NA,0,0,0,0
1743,DEC_C_1999_0317_J_20011213,ECLI:EU:C:2001:681:20011213,ECLI:EU:C:2001:681,61999CJ0317,1,NA,0,1,NA,0,NA,NA,0,0,0,0,0,0,0,-1,0,-1,NA,-1,NA,1,1,0,0
1744,DEC_C_1999_0319_J_20001123,ECLI:EU:C:2000:649:20001123,ECLI:EU:C:2000:649,61999CJ0319,0,NA,0,0,NA,0,NA,NA,0,0,0,0,0,0,0,0,0,1,NA,-1,NA,0,0,0,1
1745,DEC_C_1999_0324_J_20011213,ECLI:EU:C:2001:682:20011213,ECLI:EU:C:2001:682,61999CJ0324,1,NA,0,1,NA,0,NA,NA,0,0,0,0,0,0,0,1,0,1,NA,0,NA,0,0,0,1
1746,DEC_C_1999_0348_J_20000413,ECLI:EU:C:2000:218:20000413,ECLI:EU:C:2000:218,61999CJ0348,0,NA,0,0,NA,0,NA,NA,0,0,0,0,0,0,0,0,0,1,NA,-1,NA,0,0,1,0
1747,DEC_C_1999_0371_J_20020711,ECLI:EU:C:2002:433:20020711,ECLI:EU:C:2002:433,61999CJ0371,1,NA,0,1,NA,0,NA,NA,0,0,0,0,0,0,0,0,0,1,NA,-1,NA,0,0,0,1
1748,DEC_C_1999_0385_J_20030513,ECLI:EU:C:2003:270:20030513,ECLI:EU:C:2003:270,61999CJ0385,0,NA,0,0,NA,1,NA,NA,1,0,0,0,0,0,0,1,1,1,NA,0,NA,0,0,1,0
1749,DEC_C_1999_0387_J_20040429,ECLI:EU:C:2004:235:20040429,ECLI:EU:C:2004:235,61999CJ0387,1,NA,0,0,NA,0,NA,NA,0,0,1,0,0,0,0,1,0,1,NA,0,NA,0,0,1,0
1750,DEC_C_1999_0389_J_20010510,ECLI:EU:C:2001:264:20010510,ECLI:EU:C:2001:264,61999CJ0389,0,0,1,NA,0,1,0,0,NA,NA,NA,0,0,0,0,0,NA,1,1,-1,-1,NA,NA,NA,NA
1751,DEC_C_1999_0390_J_20020122,ECLI:EU:C:2002:34:20020122,ECLI:EU:C:2002:34,61999CJ0390,1,NA,0,1,NA,0,NA,NA,0,0,0,0,1,1,0,1,1,1,NA,-1,NA,0,0,1,0
1752,DEC_C_1999_0393_J_20020319,ECLI:EU:C:2002:182:20020319,ECLI:EU:C:2002:182,61999CJ0393,0,1,1,NA,1,1,0,0,NA,NA,NA,0,1,1,0,0,NA,0,0,-1,-1,NA,NA,NA,NA
1753,DEC_C_1999_0413_J_20020917,ECLI:EU:C:2002:493:20020917,ECLI:EU:C:2002:493,61999CJ0413,0,0,1,NA,0,1,-1,1,NA,NA,NA,1,1,1,0,0,NA,1,1,-1,1,NA,NA,NA,NA
1754,DEC_C_1999_0430_J_20020613,ECLI:EU:C:2002:364:20020613,ECLI:EU:C:2002:364,61999CJ0430,0,NA,0,1,NA,0,NA,NA,0,1,0,0,0,0,0,1,0,0,NA,1,NA,0,0,0,0
1755,DEC_C_1999_0439_J_20020115,ECLI:EU:C:2002:14:20020115,ECLI:EU:C:2002:14,61999CJ0439,0,NA,0,0,NA,0,NA,NA,0,0,0,0,0,0,0,1,1,1,NA,0,NA,0,0,1,0
1756,DEC_C_1999_0443_J_20020423,ECLI:EU:C:2002:245:20020423,ECLI:EU:C:2002:245,61999CJ0443,1,NA,0,1,NA,0,NA,NA,0,0,0,0,1,0,0,0,0,-1,NA,-1,NA,0,0,0,0
1757,DEC_C_1999_0447_J_20010704,ECLI:EU:C:2001:382:20010704,ECLI:EU:C:2001:382,61999CJ0447,0,NA,0,0,NA,0,NA,NA,0,1,0,0,0,0,0,0,1,1,NA,-1,NA,0,0,1,1
1758,DEC_C_1999_0448_J_20010118,ECLI:EU:C:2001:39:20010118,ECLI:EU:C:2001:39,61999CJ0448,0,NA,0,0,NA,0,NA,NA,0,0,0,0,0,0,0,0,0,1,NA,-1,NA,0,0,1,0
1759,DEC_C_1999_0451_J_20020321,ECLI:EU:C:2002:195:20020321,ECLI:EU:C:2002:195,61999CJ0451,0,NA,0,1,NA,0,NA,NA,1,0,1,0,0,0,0,1,1,1,NA,0,NA,0,0,1,0
1760,DEC_C_1999_0459_J_20020725,ECLI:EU:C:2002:461:20020725,ECLI:EU:C:2002:461,61999CJ0459,0,0,1,NA,0,0,-1,0,NA,NA,NA,1,0,0,0,1,NA,1,-1,0,1,NA,NA,NA,NA
1761,DEC_C_1999_0471_J_20020924,ECLI:EU:C:2002:523:20020924,ECLI:EU:C:2002:523,61999CJ0471,0,1,1,NA,1,1,-1,0,NA,NA,NA,0,1,0,0,0,NA,-1,0,-1,-1,NA,NA,NA,NA
1762,DEC_C_1999_0479_J_20010607,ECLI:EU:C:2001:317:20010607,ECLI:EU:C:2001:317,61999CJ0479,1,NA,0,1,NA,0,NA,NA,0,0,0,0,0,0,0,0,0,-1,NA,-1,NA,0,0,0,0
1763,DEC_C_1999_0483_J_20020604,ECLI:EU:C:2002:327:20020604,ECLI:EU:C:2002:327,61999CJ0483,0,NA,0,0,NA,0,NA,NA,0,0,1,0,0,0,0,1,1,1,NA,0,NA,0,0,1,0
1764,DEC_C_1999_0493_J_20011025,ECLI:EU:C:2001:578:20011025,ECLI:EU:C:2001:578,61999CJ0493,0,NA,0,0,NA,0,NA,NA,0,0,0,0,0,0,0,1,1,1,NA,0,NA,0,0,1,0
1765,DEC_C_1999_0510_J_20011023,ECLI:EU:C:2001:559:20011023,ECLI:EU:C:2001:559,61999CJ0510,1,NA,0,0,NA,1,NA,NA,0,0,0,1,1,0,0,1,0,0,NA,1,NA,0,0,0,0
1766,DEC_C_2000_0001_J_20011213,ECLI:EU:C:2001:687:20011213,ECLI:EU:C:2001:687,62000CJ0001,1,NA,0,0,NA,0,NA,NA,0,0,0,0,0,0,0,0,0,0,NA,-1,NA,0,0,0,1
1767,DEC_C_2000_0010_J_20020307,ECLI:EU:C:2002:146:20020307,ECLI:EU:C:2002:146,62000CJ0010,1,NA,0,0,NA,0,NA,NA,0,0,0,0,0,0,0,1,NA,0,NA,1,NA,0,0,0,1
1768,DEC_C_2000_0012_J_20030116,ECLI:EU:C:2003:21:20030116,ECLI:EU:C:2003:21,62000CJ0012,1,NA,0,0,NA,0,NA,NA,0,0,1,0,0,0,0,1,1,1,NA,0,NA,0,0,1,1
1769,DEC_C_2000_0014_J_20030116,ECLI:EU:C:2003:22:20030116,ECLI:EU:C:2003:22,62000CJ0014,1,NA,0,0,NA,0,NA,NA,0,1,0,0,0,0,0,1,1,1,NA,0,NA,0,0,1,1
1770,DEC_C_2000_0017_J_20011129,ECLI:EU:C:2001:651:20011129,ECLI:EU:C:2001:651,62000CJ0017,0,NA,0,0,NA,1,NA,NA,0,1,0,0,0,0,0,1,1,1,NA,0,NA,0,0,1,0
1771,DEC_C_2000_0024_J_20040205,ECLI:EU:C:2004:70:20040205,ECLI:EU:C:2004:70,62000CJ0024,1,NA,0,0,NA,0,NA,NA,1,0,0,0,0,0,0,1,0,1,NA,0,NA,0,0,1,0
1772,DEC_C_2000_0028_J_20020207,ECLI:EU:C:2002:82:20020207,ECLI:EU:C:2002:82,62000CJ0028,0,1,1,NA,1,1,1,0,NA,NA,NA,1,0,0,0,0,NA,1,1,-1,-1,NA,NA,NA,NA
1773,DEC_C_2000_0031_J_20020122,ECLI:EU:C:2002:35:20020122,ECLI:EU:C:2002:35,62000CJ0031,0,NA,0,0,NA,1,NA,NA,0,0,0,0,0,0,0,0,0,1,NA,-1,NA,0,0,1,0
1774,DEC_C_2000_0055_J_20020115,ECLI:EU:C:2002:16:20020115,ECLI:EU:C:2002:16,62000CJ0055,0,0,1,NA,0,1,1,0,NA,NA,NA,0,0,0,0,1,NA,1,1,0,-1,NA,NA,NA,NA
1775,DEC_C_2000_0060_J_20020711,ECLI:EU:C:2002:434:20020711,ECLI:EU:C:2002:434,62000CJ0060,0,0,1,0,0,1,1,1,0,0,1,0,0,0,0,1,1,1,1,0,1,0,0,1,0
1776,DEC_C_2000_0084_J_20010614,ECLI:EU:C:2001:339:20010614,ECLI:EU:C:2001:339,62000CJ0084,1,NA,0,0,NA,0,NA,NA,1,0,0,0,0,0,0,0,0,1,NA,-1,NA,0,0,1,0
1777,DEC_C_2000_0099_J_20020604,ECLI:EU:C:2002:329:20020604,ECLI:EU:C:2002:329,62000CJ0099,1,NA,0,0,NA,1,NA,NA,0,0,0,0,0,0,0,0,0,1,NA,-1,NA,0,0,0,1
1778,DEC_C_2000_0107_J_20020307,ECLI:EU:C:2002:147:20020307,ECLI:EU:C:2002:147,62000CJ0107,0,1,1,NA,1,1,1,0,NA,NA,NA,1,0,0,0,0,NA,1,1,-1,-1,NA,NA,NA,NA
1779,DEC_C_2000_0112_J_20030612,ECLI:EU:C:2003:333:20030612,ECLI:EU:C:2003:333,62000CJ0112,1,NA,0,1,NA,0,NA,NA,0,0,0,0,0,0,0,1,0,0,NA,1,NA,0,0,0,0
1780,DEC_C_2000_0115_J_20020702,ECLI:EU:C:2002:409:20020702,ECLI:EU:C:2002:409,62000CJ0115,0,NA,0,1,NA,0,NA,NA,0,0,0,0,0,0,0,0,1,1,NA,-1,NA,0,0,0,1
1781,DEC_C_2000_0118_J_20010628,ECLI:EU:C:2001:368:20010628,ECLI:EU:C:2001:368,62000CJ0118,0,1,1,NA,1,1,0,0,NA,NA,NA,1,0,0,2,0,NA,1,1,-1,-1,NA,NA,NA,NA
1782,DEC_C_2000_0119_J_20010621,ECLI:EU:C:2001:351:20010621,ECLI:EU:C:2001:351,62000CJ0119,0,NA,0,0,NA,0,NA,NA,0,0,0,0,0,0,0,0,0,1,NA,-1,NA,0,0,0,1
1783,DEC_C_2000_0121_J_20021024,ECLI:EU:C:2002:611:20021024,ECLI:EU:C:2002:611,62000CJ0121,1,NA,0,0,NA,1,NA,NA,0,0,0,1,0,0,0,1,0,0,NA,1,NA,0,0,0,0
1784,DEC_C_2000_0123_J_20010405,ECLI:EU:C:2001:214:20010405,ECLI:EU:C:2001:214,62000CJ0123,1,NA,0,1,NA,0,NA,NA,0,0,0,0,0,0,0,0,0,0,NA,-1,NA,0,0,0,0
1785,DEC_C_2000_0136_J_20021003,ECLI:EU:C:2002:558:20021003,ECLI:EU:C:2002:558,62000CJ0136,0,NA,0,0,NA,1,NA,NA,0,0,1,0,0,0,0,0,1,1,NA,-1,NA,0,0,1,0
1786,DEC_C_2000_0137_J_20030909,ECLI:EU:C:2003:429:20030909,ECLI:EU:C:2003:429,62000CJ0137,1,NA,0,1,NA,0,NA,NA,0,1,0,0,0,0,0,0,0,0,NA,-1,NA,0,0,0,0
1787,DEC_C_2000_0143_J_20020423,ECLI:EU:C:2002:246:20020423,ECLI:EU:C:2002:246,62000CJ0143,1,NA,0,1,NA,0,NA,NA,0,0,0,0,1,1,0,0,0,-1,NA,-1,NA,0,0,0,0
1788,DEC_C_2000_0150_J_20040429,ECLI:EU:C:2004:237:20040429,ECLI:EU:C:2004:237,62000CJ0150,1,NA,0,0,NA,0,NA,NA,0,0,1,0,0,0,0,1,0,1,NA,0,NA,0,0,1,0
1789,DEC_C_2000_0153_J_20021210,ECLI:EU:C:2002:735:20021210,ECLI:EU:C:2002:735,62000CJ0153,0,NA,0,0,NA,1,NA,NA,0,0,0,0,0,0,0,0,0,-1,NA,-1,NA,0,0,0,0
1790,DEC_C_2000_0156_J_20030313,ECLI:EU:C:2003:149:20030313,ECLI:EU:C:2003:149,62000CJ0156,1,NA,0,0,NA,0,NA,NA,0,0,0,0,0,0,0,1,0,0,NA,1,NA,1,1,0,0
1791,DEC_C_2000_0159_J_20020606,ECLI:EU:C:2002:343:20020606,ECLI:EU:C:2002:343,62000CJ0159,1,NA,0,1,NA,0,NA,NA,0,0,0,0,1,1,0,0,0,-1,NA,-1,NA,0,0,0,0
1792,DEC_C_2000_0162_J_20020129,ECLI:EU:C:2002:57:20020129,ECLI:EU:C:2002:57,62000CJ0162,0,1,1,NA,1,1,1,0,NA,NA,NA,0,0,0,1,0,NA,1,1,-1,-1,NA,NA,NA,NA
1793,DEC_C_2000_0172_J_20020910,ECLI:EU:C:2002:474:20020910,ECLI:EU:C:2002:474,62000CJ0172,1,NA,0,1,NA,0,NA,NA,0,0,0,0,0,0,0,1,0,1,NA,0,NA,0,0,1,0
1794,DEC_C_2000_0188_J_20021119,ECLI:EU:C:2002:694:20021119,ECLI:EU:C:2002:694,62000CJ0188,0,1,1,NA,1,1,0,0,NA,NA,NA,1,0,0,2,0,NA,1,1,-1,-1,NA,NA,NA,NA
1795,DEC_C_2000_0189_J_20011025,ECLI:EU:C:2001:583:20011025,ECLI:EU:C:2001:583,62000CJ0189,0,0,1,NA,0,1,1,1,NA,NA,NA,0,0,0,0,0,NA,0,0,-1,0,NA,NA,NA,NA
1796,DEC_C_2000_0190_J_20010503,ECLI:EU:C:2001:246:20010503,ECLI:EU:C:2001:246,62000CJ0190,1,NA,0,0,NA,1,NA,NA,0,0,0,0,0,0,0,0,0,-1,NA,-1,NA,0,0,0,0
1797,DEC_C_2000_0207_J_20010614,ECLI:EU:C:2001:340:20010614,ECLI:EU:C:2001:340,62000CJ0207,0,NA,0,0,NA,0,NA,NA,0,0,0,0,0,0,0,0,0,1,NA,-1,NA,0,0,1,0
1798,DEC_C_2000_0208_J_20021105,ECLI:EU:C:2002:632:20021105,ECLI:EU:C:2002:632,62000CJ0208,0,NA,0,1,NA,0,NA,NA,1,0,0,0,0,0,0,0,1,1,NA,-1,NA,0,0,1,0
1799,DEC_C_2000_0212_J_20011016,ECLI:EU:C:2001:548:20011016,ECLI:EU:C:2001:548,62000CJ0212,0,1,1,NA,1,1,0,0,NA,NA,NA,1,0,0,0,0,NA,1,1,-1,-1,NA,NA,NA,NA
1800,DEC_C_2000_0215_J_20020221,ECLI:EU:C:2002:111:20020221,ECLI:EU:C:2002:111,62000CJ0215,0,1,1,NA,1,1,1,0,NA,NA,NA,1,1,0,0,0,NA,1,1,-1,-1,NA,NA,NA,NA
1801,DEC_C_2000_0221_J_20030123,ECLI:EU:C:2003:44:20030123,ECLI:EU:C:2003:44,62000CJ0221,1,NA,0,0,NA,0,NA,NA,0,0,0,0,0,0,0,1,0,1,NA,0,NA,0,0,0,1
1802,DEC_C_2000_0224_J_20020319,ECLI:EU:C:2002:185:20020319,ECLI:EU:C:2002:185,62000CJ0224,0,0,1,NA,0,0,-1,0,NA,NA,NA,0,0,0,0,1,NA,1,-1,0,-1,NA,NA,NA,NA
1803,DEC_C_2000_0244_J_20030408,ECLI:EU:C:2003:204:20030408,ECLI:EU:C:2003:204,62000CJ0244,1,NA,0,1,NA,0,NA,NA,0,0,0,0,0,0,0,0,0,0,NA,-1,NA,0,0,0,0
1804,DEC_C_2000_0251_J_20021114,ECLI:EU:C:2002:655:20021114,ECLI:EU:C:2002:655,62000CJ0251,1,NA,0,1,NA,0,NA,NA,0,0,0,0,0,0,0,0,0,1,NA,-1,NA,0,0,0,1
1805,DEC_C_2000_0254_J_20011011,ECLI:EU:C:2001:540:20011011,ECLI:EU:C:2001:540,62000CJ0254,0,NA,0,0,NA,0,NA,NA,0,0,0,0,0,0,0,0,0,1,NA,-1,NA,0,0,0,1
1806,DEC_C_2000_0255_J_20020924,ECLI:EU:C:2002:525:20020924,ECLI:EU:C:2002:525,62000CJ0255,1,NA,0,1,NA,0,NA,NA,0,0,0,0,0,0,0,0,0,1,NA,-1,NA,0,0,0,0
1807,DEC_C_2000_0257_J_20030109,ECLI:EU:C:2003:8:20030109,ECLI:EU:C:2003:8,62000CJ0257,0,0,1,NA,0,1,1,1,NA,NA,NA,0,0,0,0,0,NA,0,0,-1,0,NA,NA,NA,NA
1808,DEC_C_2000_0259_J_20020307,ECLI:EU:C:2002:150:20020307,ECLI:EU:C:2002:150,62000CJ0259,1,NA,0,0,NA,0,NA,NA,0,0,0,0,0,0,0,0,0,-1,NA,-1,NA,0,0,0,0
1809,DEC_C_2000_0260_J_20021107,ECLI:EU:C:2002:637:20021107,ECLI:EU:C:2002:637,62000CJ0260,1,NA,0,0,NA,0,NA,NA,0,0,0,0,1,1,0,0,0,-1,NA,-1,NA,0,0,0,0
1810,DEC_C_2000_0276_J_20020207,ECLI:EU:C:2002:88:20020207,ECLI:EU:C:2002:88,62000CJ0276,1,NA,0,1,NA,0,NA,NA,0,0,0,0,0,0,0,0,0,-1,NA,-1,NA,0,0,0,0
1811,DEC_C_2000_0279_J_20020207,ECLI:EU:C:2002:89:20020207,ECLI:EU:C:2002:89,62000CJ0279,0,NA,0,0,NA,0,NA,NA,0,1,0,0,0,0,0,1,1,1,NA,0,NA,0,0,1,0
1812,DEC_C_2000_0282_J_20030515,ECLI:EU:C:2003:277:20030515,ECLI:EU:C:2003:277,62000CJ0282,1,NA,0,1,NA,0,NA,NA,0,0,0,0,1,0,0,0,0,1,NA,-1,NA,0,0,0,1
1813,DEC_C_2000_0285_J_20010510,ECLI:EU:C:2001:268:20010510,ECLI:EU:C:2001:268,62000CJ0285,0,NA,0,0,NA,0,NA,NA,0,0,0,0,0,0,0,0,0,1,NA,-1,NA,0,0,0,1
1814,DEC_C_2000_0290_J_20020418,ECLI:EU:C:2002:234:20020418,ECLI:EU:C:2002:234,62000CJ0290,0,0,1,NA,0,1,0,0,NA,NA,NA,0,0,0,0,0,NA,1,0,-1,-1,NA,NA,NA,NA
1815,DEC_C_2000_0294_J_20020711,ECLI:EU:C:2002:442:20020711,ECLI:EU:C:2002:442,62000CJ0294,0,NA,0,1,NA,0,NA,NA,1,0,1,1,1,0,0,1,1,0,NA,1,NA,0,0,0,0
1816,DEC_C_2000_0295_J_20020219,ECLI:EU:C:2002:100:20020219,ECLI:EU:C:2002:100,62000CJ0295,0,NA,0,0,NA,0,NA,NA,0,1,0,0,0,0,0,0,1,1,NA,-1,NA,0,0,0,1
1817,DEC_C_2000_0296_J_20020530,ECLI:EU:C:2002:316:20020530,ECLI:EU:C:2002:316,62000CJ0296,1,NA,0,0,NA,1,NA,NA,0,0,0,0,0,0,0,0,0,0,NA,-1,NA,0,0,0,0
1818,DEC_C_2000_0318_J_20030121,ECLI:EU:C:2003:41:20030121,ECLI:EU:C:2003:41,62000CJ0318,0,NA,0,1,NA,0,NA,NA,0,0,0,0,0,0,0,0,0,-1,NA,-1,NA,0,0,0,0
1819,DEC_C_2000_0324_J_20021212,ECLI:EU:C:2002:749:20021212,ECLI:EU:C:2002:749,62000CJ0324,0,NA,0,1,NA,0,NA,NA,0,0,1,0,0,0,0,0,1,1,NA,-1,NA,0,0,1,0
1820,DEC_C_2000_0325_J_20021105,ECLI:EU:C:2002:633:20021105,ECLI:EU:C:2002:633,62000CJ0325,1,NA,0,0,NA,0,NA,NA,0,0,0,0,0,0,0,0,0,1,NA,-1,NA,0,0,1,0
1821,DEC_C_2000_0326_J_20030225,ECLI:EU:C:2003:101:20030225,ECLI:EU:C:2003:101,62000CJ0326,0,0,1,NA,0,1,0,0,NA,NA,NA,0,0,0,0,0,NA,1,1,-1,-1,NA,NA,NA,NA
1822,DEC_C_2000_0333_J_20021107,ECLI:EU:C:2002:641:20021107,ECLI:EU:C:2002:641,62000CJ0333,0,0,1,NA,0,1,1,1,NA,NA,NA,1,0,0,0,0,NA,1,1,-1,1,NA,NA,NA,NA
1823,DEC_C_2000_0347_J_20021003,ECLI:EU:C:2002:560:20021003,ECLI:EU:C:2002:560,62000CJ0347,0,1,1,NA,1,1,0,0,NA,NA,NA,1,0,0,0,0,NA,1,1,-1,-1,NA,NA,NA,NA
1824,DEC_C_2000_0355_J_20030522,ECLI:EU:C:2003:298:20030522,ECLI:EU:C:2003:298,62000CJ0355,1,NA,0,1,NA,0,NA,NA,0,0,0,0,1,1,0,0,0,0,NA,-1,NA,0,0,0,0
1825,DEC_C_2000_0356_J_20021121,ECLI:EU:C:2002:703:20021121,ECLI:EU:C:2002:703,62000CJ0356,0,NA,0,0,NA,1,NA,NA,0,0,0,0,0,0,0,0,0,0,NA,-1,NA,0,0,0,0
1826,DEC_C_2000_0379_J_20021205,ECLI:EU:C:2002:723:20021205,ECLI:EU:C:2002:723,62000CJ0379,1,NA,0,1,NA,0,NA,NA,0,0,0,0,0,0,0,0,0,-1,NA,-1,NA,0,0,0,0
1827,DEC_C_2000_0385_J_20021212,ECLI:EU:C:2002:750:20021212,ECLI:EU:C:2002:750,62000CJ0385,0,1,1,NA,1,1,1,0,NA,NA,NA,0,0,0,0,1,NA,1,1,0,-1,NA,NA,NA,NA
1828,DEC_C_2000_0388_J_20020620,ECLI:EU:C:2002:390:20020620,ECLI:EU:C:2002:390,62000CJ0388,1,NA,0,1,NA,0,NA,NA,0,0,0,0,0,0,1,0,0,1,NA,0,NA,0,0,1,1
1829,DEC_C_2000_0389_J_20030227,ECLI:EU:C:2003:111:20030227,ECLI:EU:C:2003:111,62000CJ0389,1,NA,0,0,NA,0,NA,NA,0,0,0,0,0,0,0,0,0,1,NA,-1,NA,0,0,1,0
1830,DEC_C_2000_0416_J_20030918,ECLI:EU:C:2003:475:20030918,ECLI:EU:C:2003:475,62000CJ0416,1,NA,0,0,NA,1,NA,NA,0,0,0,0,0,0,0,0,0,0,NA,-1,NA,0,0,0,0
1831,DEC_C_2000_0421_J_20030123,ECLI:EU:C:2003:46:20030123,ECLI:EU:C:2003:46,62000CJ0421,1,NA,0,1,NA,0,NA,NA,0,0,0,0,0,0,0,0,0,1,NA,0,NA,0,0,0,1
1832,DEC_C_2000_0422_J_20030116,ECLI:EU:C:2003:24:20030116,ECLI:EU:C:2003:24,62000CJ0422,1,NA,0,1,NA,0,NA,NA,0,0,0,0,0,0,0,0,0,-1,NA,-1,NA,0,0,0,0
1833,DEC_C_2000_0433_J_20020919,ECLI:EU:C:2002:510:20020919,ECLI:EU:C:2002:510,62000CJ0433,1,NA,0,1,NA,0,NA,NA,0,0,1,0,0,0,0,0,1,1,NA,-1,NA,0,0,0,1
1834,DEC_C_2000_0435_J_20021114,ECLI:EU:C:2002:661:20021114,ECLI:EU:C:2002:661,62000CJ0435,0,NA,0,0,NA,1,NA,NA,0,0,1,0,0,0,0,0,0,1,NA,-1,NA,0,0,0,1
1835,DEC_C_2000_0436_J_20021121,ECLI:EU:C:2002:704:20021121,ECLI:EU:C:2002:704,62000CJ0436,0,NA,0,0,NA,1,NA,NA,0,1,0,0,0,0,0,0,1,1,NA,-1,NA,0,0,1,0
1836,DEC_C_2000_0438_J_20030508,ECLI:EU:C:2003:255:20030508,ECLI:EU:C:2003:255,62000CJ0438,0,1,1,NA,1,1,0,0,NA,NA,NA,0,0,0,1,0,NA,1,1,-1,-1,NA,NA,NA,NA
1837,DEC_C_2000_0453_J_20040113,ECLI:EU:C:2004:17:20040113,ECLI:EU:C:2004:17,62000CJ0453,1,NA,0,1,NA,0,NA,NA,0,0,0,0,0,0,0,0,0,-1,NA,-1,NA,0,0,0,0
1838,DEC_C_2000_0466_J_20030306,ECLI:EU:C:2003:127:20030306,ECLI:EU:C:2003:127,62000CJ0466,0,0,1,NA,0,1,0,1,NA,NA,NA,0,0,0,0,0,NA,-1,0,-1,-1,NA,NA,NA,NA
1839,DEC_C_2000_0469_J_20030520,ECLI:EU:C:2003:295:20030520,ECLI:EU:C:2003:295,62000CJ0469,1,NA,0,1,NA,0,NA,NA,0,0,0,1,1,0,0,1,0,0,NA,1,NA,0,0,0,0
1840,DEC_C_2001_0006_J_20030911,ECLI:EU:C:2003:446:20030911,ECLI:EU:C:2003:446,62001CJ0006,0,NA,0,1,NA,0,NA,NA,0,0,1,1,0,0,0,0,1,0,NA,-1,NA,0,0,0,0
1841,DEC_C_2001_0015_J_20030508,ECLI:EU:C:2003:256:20030508,ECLI:EU:C:2003:256,62001CJ0015,1,NA,0,1,NA,0,NA,NA,0,0,0,0,0,0,0,1,0,1,NA,0,NA,0,0,1,0
1842,DEC_C_2001_0034_J_20031127,ECLI:EU:C:2003:640:20031127,ECLI:EU:C:2003:640,62001CJ0034,1,NA,0,1,NA,0,NA,NA,0,0,0,0,1,0,2,0,0,0,NA,-1,NA,0,0,0,0
1843,DEC_C_2001_0056_J_20031023,ECLI:EU:C:2003:578:20031023,ECLI:EU:C:2003:578,62001CJ0056,0,NA,0,0,NA,1,NA,NA,0,0,1,0,1,0,0,0,1,0,NA,1,NA,0,0,1,0
1844,DEC_C_2001_0059_J_20030225,ECLI:EU:C:2003:102:20030225,ECLI:EU:C:2003:102,62001CJ0059,0,NA,0,0,NA,0,NA,NA,0,0,0,0,0,0,0,1,1,1,NA,0,NA,0,0,1,1
1845,DEC_C_2001_0078_J_20030923,ECLI:EU:C:2003:490:20030923,ECLI:EU:C:2003:490,62001CJ0078,1,NA,0,1,NA,0,NA,NA,0,0,0,0,0,0,0,0,0,0,NA,-1,NA,0,0,0,0
1846,DEC_C_2001_0079_J_20021017,ECLI:EU:C:2002:592:20021017,ECLI:EU:C:2002:592,62001CJ0079,0,NA,0,1,NA,0,NA,NA,0,0,1,0,1,0,0,1,1,1,NA,0,NA,0,0,1,0
1847,DEC_C_2001_0092_J_20030206,ECLI:EU:C:2003:72:20030206,ECLI:EU:C:2003:72,62001CJ0092,0,NA,0,0,NA,1,NA,NA,0,0,1,0,0,0,0,0,1,1,NA,-1,NA,0,0,0,1
1848,DEC_C_2001_0095_J_20040205,ECLI:EU:C:2004:71:20040205,ECLI:EU:C:2004:71,62001CJ0095,1,NA,0,0,NA,1,NA,NA,1,0,0,0,1,0,0,0,0,0,NA,-1,NA,0,0,0,0
1849,DEC_C_2001_0098_J_20030513,ECLI:EU:C:2003:273:20030513,ECLI:EU:C:2003:273,62001CJ0098,0,NA,0,0,NA,0,NA,NA,0,0,1,0,0,0,0,0,1,1,NA,-1,NA,0,0,1,0
1850,DEC_C_2001_0099_J_20021024,ECLI:EU:C:2002:618:20021024,ECLI:EU:C:2002:618,62001CJ0099,1,NA,0,0,NA,1,NA,NA,0,0,0,0,0,0,0,0,0,1,NA,-1,NA,0,0,0,1
1851,DEC_C_2001_0100_J_20021126,ECLI:EU:C:2002:712:20021126,ECLI:EU:C:2002:712,62001CJ0100,0,1,1,NA,1,1,0,0,NA,NA,NA,0,1,0,0,1,NA,0,0,-1,-1,NA,NA,NA,NA
1852,DEC_C_2001_0103_J_20030522,ECLI:EU:C:2003:301:20030522,ECLI:EU:C:2003:301,62001CJ0103,1,NA,0,0,NA,0,NA,NA,0,0,0,0,0,0,0,1,0,1,NA,1,NA,0,0,0,1
1853,DEC_C_2001_0107_J_20011213,ECLI:EU:C:2001:705:20011213,ECLI:EU:C:2001:705,62001CJ0107,0,NA,0,0,NA,0,NA,NA,0,0,0,0,0,0,0,0,0,1,NA,-1,NA,0,0,1,0
1854,DEC_C_2001_0108_J_20030520,ECLI:EU:C:2003:296:20030520,ECLI:EU:C:2003:296,62001CJ0108,1,NA,0,1,NA,0,NA,NA,0,1,0,0,0,0,0,1,NA,0,NA,1,NA,0,0,0,0
1855,DEC_C_2001_0109_J_20030923,ECLI:EU:C:2003:491:20030923,ECLI:EU:C:2003:491,62001CJ0109,0,0,1,NA,0,1,1,0,NA,NA,NA,1,0,0,0,0,NA,1,NA,-1,1,NA,NA,NA,NA
1856,DEC_C_2001_0110_J_20030619,ECLI:EU:C:2003:357:20030619,ECLI:EU:C:2003:357,62001CJ0110,0,0,1,0,0,1,1,0,0,0,0,0,0,0,0,0,0,1,1,-1,-1,0,0,0,1
1857,DEC_C_2001_0112_J_20021114,ECLI:EU:C:2002:663:20021114,ECLI:EU:C:2002:663,62001CJ0112,1,NA,0,1,NA,0,NA,NA,0,0,0,0,0,0,0,0,0,-1,NA,-1,NA,0,0,0,0
1858,DEC_C_2001_0113_J_20030508,ECLI:EU:C:2003:258:20030508,ECLI:EU:C:2003:258,62001CJ0113,1,NA,0,1,NA,0,NA,NA,0,0,0,0,0,0,0,1,0,1,NA,0,NA,0,0,1,0
1859,DEC_C_2001_0131_J_20030213,ECLI:EU:C:2003:96:20030213,ECLI:EU:C:2003:96,62001CJ0131,0,NA,0,0,NA,0,NA,NA,1,0,1,0,0,0,0,1,1,1,NA,0,NA,0,0,1,0
1860,DEC_C_2001_0142_J_20020516,ECLI:EU:C:2002:302:20020516,ECLI:EU:C:2002:302,62001CJ0142,0,0,1,0,0,0,-1,0,0,0,0,0,0,0,0,0,0,1,-1,-1,-1,0,0,0,1
1861,DEC_C_2001_0152_J_20031120,ECLI:EU:C:2003:623:20031120,ECLI:EU:C:2003:623,62001CJ0152,1,NA,0,1,NA,0,NA,NA,0,0,0,0,0,0,0,0,0,-1,NA,-1,NA,0,0,0,0
1862,DEC_C_2001_0156_J_20030703,ECLI:EU:C:2003:389:20030703,ECLI:EU:C:2003:389,62001CJ0156,0,0,1,NA,0,1,-1,1,NA,NA,NA,0,0,0,0,0,NA,-1,1,-1,1,NA,NA,NA,NA
1863,DEC_C_2001_0167_J_20030930,ECLI:EU:C:2003:512:20030930,ECLI:EU:C:2003:512,62001CJ0167,0,NA,0,1,NA,0,NA,NA,0,0,0,0,0,0,0,0,1,1,NA,-1,NA,0,0,1,1
1864,DEC_C_2001_0168_J_20030918,ECLI:EU:C:2003:479:20030918,ECLI:EU:C:2003:479,62001CJ0168,0,NA,0,1,NA,0,NA,NA,0,0,1,0,0,0,0,0,1,1,NA,-1,NA,0,0,1,1
1865,DEC_C_2001_0171_J_20030508,ECLI:EU:C:2003:260:20030508,ECLI:EU:C:2003:260,62001CJ0171,0,0,1,NA,0,0,-1,0,NA,NA,NA,1,0,0,1,1,NA,1,-1,-1,-1,NA,NA,NA,NA
1866,DEC_C_2001_0192_J_20030923,ECLI:EU:C:2003:492:20030923,ECLI:EU:C:2003:492,62001CJ0192,1,NA,0,0,NA,0,NA,NA,1,0,0,0,0,0,0,1,0,1,NA,0,NA,0,0,1,0
1867,DEC_C_2001_0209_J_20031113,ECLI:EU:C:2003:610:20031113,ECLI:EU:C:2003:610,62001CJ0209,0,1,1,NA,1,1,-1,0,NA,NA,NA,0,0,0,0,0,NA,1,0,-1,-1,NA,NA,NA,NA
1868,DEC_C_2001_0215_J_20031211,ECLI:EU:C:2003:662:20031211,ECLI:EU:C:2003:662,62001CJ0215,0,NA,0,0,NA,1,NA,NA,0,0,0,0,1,0,0,1,1,1,NA,0,NA,0,0,1,0
1869,DEC_C_2001_0216_J_20031118,ECLI:EU:C:2003:618:20031118,ECLI:EU:C:2003:618,62001CJ0216,1,NA,0,1,NA,0,NA,NA,0,0,1,1,1,0,0,0,1,0,NA,-1,NA,0,0,0,0
1870,DEC_C_2001_0220_J_20030703,ECLI:EU:C:2003:390:20030703,ECLI:EU:C:2003:390,62001CJ0220,1,NA,0,0,NA,1,NA,NA,0,0,0,0,0,0,0,1,0,1,NA,1,NA,0,0,0,1
1871,DEC_C_2001_0222_J_20040429,ECLI:EU:C:2004:250:20040429,ECLI:EU:C:2004:250,62001CJ0222,1,NA,0,1,NA,0,NA,NA,0,0,0,0,0,0,0,0,0,1,NA,-1,NA,0,0,0,1
1872,DEC_C_2001_0224_J_20030930,ECLI:EU:C:2003:513:20030930,ECLI:EU:C:2003:513,62001CJ0224,0,1,1,NA,1,1,0,0,NA,NA,NA,1,0,0,0,1,NA,1,1,0,-1,NA,NA,NA,NA
1873,DEC_C_2001_0232_J_20031002,ECLI:EU:C:2003:535:20031002,ECLI:EU:C:2003:535,62001CJ0232,0,1,1,NA,1,1,0,0,NA,NA,NA,0,0,0,0,0,NA,1,1,0,-1,NA,NA,NA,NA
1874,DEC_C_2001_0234_J_20030612,ECLI:EU:C:2003:340:20030612,ECLI:EU:C:2003:340,62001CJ0234,0,NA,0,0,NA,1,NA,NA,0,1,0,0,1,0,0,0,1,1,NA,-1,NA,0,0,1,0
1875,DEC_C_2001_0241_J_20021022,ECLI:EU:C:2002:604:20021022,ECLI:EU:C:2002:604,62001CJ0241,1,NA,0,1,NA,0,NA,NA,0,0,0,0,0,0,0,0,0,1,NA,-1,NA,0,0,0,1
1876,DEC_C_2001_0243_J_20031106,ECLI:EU:C:2003:597:20031106,ECLI:EU:C:2003:597,62001CJ0243,0,NA,0,0,NA,1,NA,NA,0,0,0,0,1,1,0,1,1,-1,NA,-1,NA,0,0,1,0
1877,DEC_C_2001_0245_J_20031023,ECLI:EU:C:2003:580:20031023,ECLI:EU:C:2003:580,62001CJ0245,0,NA,0,1,NA,0,NA,NA,0,0,0,0,0,0,0,0,0,0,NA,-1,NA,0,0,0,0
1878,DEC_C_2001_0259_J_20021128,ECLI:EU:C:2002:719:20021128,ECLI:EU:C:2002:719,62001CJ0259,0,NA,0,0,NA,0,NA,NA,0,0,0,0,0,0,0,0,0,1,NA,-1,NA,0,0,0,1
1879,DEC_C_2001_0265_J_20030116,ECLI:EU:C:2003:28:20030116,ECLI:EU:C:2003:28,62001CJ0265,1,NA,0,0,NA,1,NA,NA,0,0,0,0,0,0,0,0,0,1,NA,-1,NA,0,0,0,1
1880,DEC_C_2001_0274_J_20020606,ECLI:EU:C:2002:353:20020606,ECLI:EU:C:2002:353,62001CJ0274,0,NA,0,0,NA,0,NA,NA,0,0,0,0,0,0,0,0,0,1,NA,-1,NA,0,0,0,1
1881,DEC_C_2001_0285_J_20030909,ECLI:EU:C:2003:432:20030909,ECLI:EU:C:2003:432,62001CJ0285,0,1,1,NA,1,1,1,0,NA,NA,NA,0,1,1,0,1,NA,1,1,0,-1,NA,NA,NA,NA
1882,DEC_C_2001_0290_J_20040304,ECLI:EU:C:2004:120:20040304,ECLI:EU:C:2004:120,62001CJ0290,1,NA,0,1,NA,0,NA,NA,0,0,0,0,0,0,0,0,0,1,NA,-1,NA,0,0,0,1
1883,DEC_C_2001_0294_J_20031113,ECLI:EU:C:2003:611:20031113,ECLI:EU:C:2003:611,62001CJ0294,1,NA,0,1,NA,0,NA,NA,0,0,0,0,0,0,0,1,0,1,NA,0,NA,0,0,0,1
1884,DEC_C_2001_0299_J_20020620,ECLI:EU:C:2002:394:20020620,ECLI:EU:C:2002:394,62001CJ0299,0,0,1,NA,0,0,-1,0,NA,NA,NA,0,0,0,0,0,NA,1,-1,-1,-1,NA,NA,NA,NA
1885,DEC_C_2001_0311_J_20031106,ECLI:EU:C:2003:598:20031106,ECLI:EU:C:2003:598,62001CJ0311,0,1,1,NA,1,1,-1,0,NA,NA,NA,1,NA,NA,0,0,NA,-1,1,-1,-1,NA,NA,NA,NA
1886,DEC_C_2001_0312_J_20020912,ECLI:EU:C:2002:488:20020912,ECLI:EU:C:2002:488,62001CJ0312,0,NA,0,0,NA,0,NA,NA,0,0,0,0,0,0,0,0,0,1,NA,-1,NA,0,0,0,1
1887,DEC_C_2001_0313_J_20031113,ECLI:EU:C:2003:612:20031113,ECLI:EU:C:2003:612,62001CJ0313,0,1,1,0,1,1,1,0,0,0,0,0,0,0,0,0,1,1,1,-1,-1,0,0,1,0
1888,DEC_C_2001_0317_J_20031021,ECLI:EU:C:2003:572:20031021,ECLI:EU:C:2003:572,62001CJ0317,0,1,1,NA,1,1,-1,0,NA,NA,NA,0,1,1,2,0,NA,1,1,-1,-1,NA,NA,NA,NA
1889,DEC_C_2001_0322_J_20031211,ECLI:EU:C:2003:664:20031211,ECLI:EU:C:2003:664,62001CJ0322,1,NA,0,1,NA,0,NA,NA,0,0,1,0,0,0,0,0,1,1,NA,-1,NA,0,0,1,1
1890,DEC_C_2001_0337_J_20040212,ECLI:EU:C:2004:90:20040212,ECLI:EU:C:2004:90,62001CJ0337,1,NA,0,1,NA,0,NA,NA,0,0,0,0,1,0,0,0,0,0,NA,-1,NA,0,0,0,0
1891,DEC_C_2001_0338_J_20040429,ECLI:EU:C:2004:253:20040429,ECLI:EU:C:2004:253,62001CJ0338,1,NA,0,0,NA,0,NA,NA,0,0,0,0,0,0,0,0,0,1,NA,-1,NA,1,1,0,0
1892,DEC_C_2001_0351_J_20020926,ECLI:EU:C:2002:550:20020926,ECLI:EU:C:2002:550,62001CJ0351,0,0,1,0,0,0,-1,0,0,0,0,0,0,0,0,0,0,1,-1,-1,-1,0,0,0,1
1893,DEC_C_2001_0358_J_20031106,ECLI:EU:C:2003:599:20031106,ECLI:EU:C:2003:599,62001CJ0358,1,NA,0,0,NA,0,NA,NA,0,0,0,0,0,0,0,1,0,1,NA,0,NA,0,0,1,0
1894,DEC_C_2001_0383_J_20030617,ECLI:EU:C:2003:352:20030617,ECLI:EU:C:2003:352,62001CJ0383,1,NA,0,1,NA,0,NA,NA,0,0,0,1,0,0,0,0,0,0,NA,-1,NA,0,0,0,0
1895,DEC_C_2001_0387_J_20040429,ECLI:EU:C:2004:256:20040429,ECLI:EU:C:2004:256,62001CJ0387,1,NA,0,0,NA,1,NA,NA,0,0,0,0,1,0,0,0,0,0,NA,-1,NA,0,0,1,0
1896,DEC_C_2001_0388_J_20030116,ECLI:EU:C:2003:30:20030116,ECLI:EU:C:2003:30,62001CJ0388,0,0,1,0,0,0,-1,0,0,1,0,0,0,0,0,0,1,1,-1,-1,-1,0,0,1,0
1897,DEC_C_2001_0405_J_20030930,ECLI:EU:C:2003:515:20030930,ECLI:EU:C:2003:515,62001CJ0405,0,1,1,NA,1,1,-1,0,NA,NA,NA,1,0,0,0,1,NA,1,1,0,-1,NA,NA,NA,NA
1898,DEC_C_2001_0411_J_20031002,ECLI:EU:C:2003:536:20031002,ECLI:EU:C:2003:536,62001CJ0411,1,NA,0,1,NA,0,NA,NA,0,0,0,0,0,0,0,0,0,-1,NA,-1,NA,0,0,0,0
1899,DEC_C_2001_0413_J_20031106,ECLI:EU:C:2003:600:20031106,ECLI:EU:C:2003:600,62001CJ0413,0,1,1,NA,1,1,1,0,NA,NA,NA,1,1,1,0,0,NA,1,1,-1,-1,NA,NA,NA,NA
1900,DEC_C_2001_0420_J_20030619,ECLI:EU:C:2003:363:20030619,ECLI:EU:C:2003:363,62001CJ0420,1,NA,0,0,NA,0,NA,NA,0,0,0,0,0,0,0,1,0,1,NA,0,NA,0,0,1,0
1901,DEC_C_2001_0422_J_20030626,ECLI:EU:C:2003:380:20030626,ECLI:EU:C:2003:380,62001CJ0422,0,1,1,0,1,1,0,0,0,0,1,0,0,0,0,0,1,1,1,0,-1,0,0,1,0
1902,DEC_C_2001_0455_J_20031016,ECLI:EU:C:2003:551:20031016,ECLI:EU:C:2003:551,62001CJ0455,1,NA,0,0,NA,0,NA,NA,1,0,1,0,0,0,0,0,1,1,NA,0,NA,0,0,1,0
1903,DEC_C_2001_0460_J_20050414,ECLI:EU:C:2005:218:20050414,ECLI:EU:C:2005:218,62001CJ0460,1,NA,0,0,NA,0,NA,NA,0,0,0,0,0,0,0,0,0,1,NA,-1,NA,1,1,0,0
1904,DEC_C_2001_0462_J_20030116,ECLI:EU:C:2003:33:20030116,ECLI:EU:C:2003:33,62001CJ0462,1,NA,0,0,NA,1,NA,NA,0,0,0,0,0,0,0,0,0,1,NA,-1,NA,0,0,0,1
1905,DEC_C_2001_0463_J_20041214,ECLI:EU:C:2004:797:20041214,ECLI:EU:C:2004:797,62001CJ0463,1,NA,0,0,NA,0,NA,NA,0,0,0,0,0,0,0,1,0,1,NA,0,NA,0,0,1,1
1906,DEC_C_2001_0465_J_20040916,ECLI:EU:C:2004:530:20040916,ECLI:EU:C:2004:530,62001CJ0465,0,0,1,NA,0,0,-1,0,NA,NA,NA,1,0,0,0,0,NA,1,-1,-1,-1,NA,NA,NA,NA
1907,DEC_C_2001_0476_J_20040429,ECLI:EU:C:2004:261:20040429,ECLI:EU:C:2004:261,62001CJ0476,0,NA,0,0,NA,1,NA,NA,0,0,0,0,0,0,2,0,0,1,NA,-1,NA,0,0,0,1
1908,DEC_C_2001_0478_J_20030306,ECLI:EU:C:2003:134:20030306,ECLI:EU:C:2003:134,62001CJ0478,0,NA,0,0,NA,0,NA,NA,0,0,1,0,0,0,0,0,1,1,NA,-1,NA,0,0,1,0
1909,DEC_C_2001_0482_J_20040429,ECLI:EU:C:2004:262:20040429,ECLI:EU:C:2004:262,62001CJ0482,0,0,1,NA,0,1,0,0,NA,NA,NA,0,1,1,0,1,NA,1,1,0,-1,NA,NA,NA,NA
1910,DEC_C_2001_0485_J_20030306,ECLI:EU:C:2003:135:20030306,ECLI:EU:C:2003:135,62001CJ0485,0,NA,0,0,NA,1,NA,NA,0,0,0,0,0,0,0,0,0,0,NA,-1,NA,0,0,0,0
1911,DEC_C_2001_0489_J_20031016,ECLI:EU:C:2003:553:20031016,ECLI:EU:C:2003:553,62001CJ0489,0,NA,0,0,NA,0,NA,NA,0,0,0,0,0,0,0,0,0,1,NA,-1,NA,0,0,1,0
1912,DEC_C_2001_0496_J_20040311,ECLI:EU:C:2004:137:20040311,ECLI:EU:C:2004:137,62001CJ0496,0,NA,0,0,NA,0,NA,NA,1,0,0,0,0,0,0,1,0,1,NA,0,NA,0,0,1,0
1913,DEC_C_2001_0502_J_20040708,ECLI:EU:C:2004:413:20040708,ECLI:EU:C:2004:413,62001CJ0502,0,1,1,NA,1,1,1,0,NA,NA,NA,1,0,0,0,0,NA,1,1,-1,-1,NA,NA,NA,NA
1914,DEC_C_2002_0006_J_20030306,ECLI:EU:C:2003:136:20030306,ECLI:EU:C:2003:136,62002CJ0006,1,NA,0,0,NA,0,NA,NA,0,0,0,0,0,0,0,0,0,1,NA,-1,NA,0,0,1,1
1915,DEC_C_2002_0008_J_20040318,ECLI:EU:C:2004:161:20040318,ECLI:EU:C:2004:161,62002CJ0008,0,NA,0,0,NA,1,NA,NA,1,0,1,0,1,1,0,0,1,1,NA,-1,NA,0,0,1,0
1916,DEC_C_2002_0009_J_20040311,ECLI:EU:C:2004:138:20040311,ECLI:EU:C:2004:138,62002CJ0009,0,NA,0,0,NA,1,NA,NA,0,0,0,0,0,0,0,1,0,1,NA,0,NA,0,0,1,0
1917,DEC_C_2002_0010_J_20041118,ECLI:EU:C:2004:721:20041118,ECLI:EU:C:2004:721,62002CJ0010,0,1,1,0,1,1,-1,0,0,0,0,1,0,0,0,0,0,0,0,-1,-1,0,0,0,0
1918,DEC_C_2002_0012_J_20031002,ECLI:EU:C:2003:538:20031002,ECLI:EU:C:2003:538,62002CJ0012,1,NA,0,0,NA,1,NA,NA,1,0,0,0,1,1,0,0,0,1,NA,-1,NA,0,0,1,0
1919,DEC_C_2002_0014_J_20030508,ECLI:EU:C:2003:265:20030508,ECLI:EU:C:2003:265,62002CJ0014,1,NA,0,1,NA,0,NA,NA,0,0,0,0,0,0,0,0,0,-1,NA,-1,NA,0,0,1,1
1920,DEC_C_2002_0025_J_20030909,ECLI:EU:C:2003:435:20030909,ECLI:EU:C:2003:435,62002CJ0025,0,1,1,0,1,1,1,0,0,0,0,0,0,0,0,1,0,0,0,1,0,0,0,0,0
1921,DEC_C_2002_0034_J_20030619,ECLI:EU:C:2003:366:20030619,ECLI:EU:C:2003:366,62002CJ0034,0,1,1,NA,1,1,0,0,NA,NA,NA,0,1,0,0,0,NA,-1,1,-1,-1,NA,NA,NA,NA
1922,DEC_C_2002_0036_J_20041014,ECLI:EU:C:2004:614:20041014,ECLI:EU:C:2004:614,62002CJ0036,0,NA,0,1,NA,0,NA,NA,0,0,0,1,0,0,0,1,0,0,NA,1,NA,0,0,0,0
1923,DEC_C_2002_0041_J_20041202,ECLI:EU:C:2004:762:20041202,ECLI:EU:C:2004:762,62002CJ0041,1,NA,0,0,NA,0,NA,NA,1,0,0,0,0,0,0,1,0,1,NA,0,NA,0,0,1,0
1924,DEC_C_2002_0042_J_20031113,ECLI:EU:C:2003:613:20031113,ECLI:EU:C:2003:613,62002CJ0042,0,NA,0,0,NA,1,NA,NA,0,0,1,0,0,0,0,0,1,1,NA,-1,NA,0,0,1,0
1925,DEC_C_2002_0046_J_20041109,ECLI:EU:C:2004:694:20041109,ECLI:EU:C:2004:694,62002CJ0046,0,NA,0,1,NA,0,NA,NA,0,0,0,0,0,0,0,0,0,-1,NA,-1,NA,0,0,0,0
1926,DEC_C_2002_0047_J_20030930,ECLI:EU:C:2003:516:20030930,ECLI:EU:C:2003:516,62002CJ0047,0,1,1,NA,1,1,0,0,NA,NA,NA,1,0,0,0,0,NA,0,1,0,-1,NA,NA,NA,NA
1927,DEC_C_2002_0056_J_20030522,ECLI:EU:C:2003:310:20030522,ECLI:EU:C:2003:310,62002CJ0056,1,NA,0,1,NA,0,NA,NA,0,0,0,0,0,0,0,0,0,1,NA,-1,NA,0,0,0,1
1928,DEC_C_2002_0071_J_20040325,ECLI:EU:C:2004:181:20040325,ECLI:EU:C:2004:181,62002CJ0071,1,NA,0,1,NA,0,NA,NA,0,0,0,1,0,0,0,0,0,0,NA,-1,NA,0,0,0,0
1929,DEC_C_2002_0091_J_20031016,ECLI:EU:C:2003:556:20031016,ECLI:EU:C:2003:556,62002CJ0091,1,NA,0,1,NA,0,NA,NA,0,0,0,1,0,0,0,0,0,0,NA,-1,NA,0,0,0,0
1930,DEC_C_2002_0092_J_20031204,ECLI:EU:C:2003:652:20031204,ECLI:EU:C:2003:652,62002CJ0092,0,0,1,NA,0,1,1,0,NA,NA,NA,0,0,0,0,0,NA,1,1,-1,-1,NA,NA,NA,NA
1931,DEC_C_2002_0102_J_20040429,ECLI:EU:C:2004:264:20040429,ECLI:EU:C:2004:264,62002CJ0102,0,1,1,0,1,1,1,0,0,0,0,0,1,1,0,0,0,1,1,-1,-1,0,0,0,1
1932,DEC_C_2002_0104_J_20050414,ECLI:EU:C:2005:219:20050414,ECLI:EU:C:2005:219,62002CJ0104,1,NA,0,0,NA,0,NA,NA,0,0,0,0,0,0,0,0,0,1,NA,-1,NA,0,0,0,0
1933,DEC_C_2002_0112_J_20040401,ECLI:EU:C:2004:208:20040401,ECLI:EU:C:2004:208,62002CJ0112,1,NA,0,1,NA,0,NA,NA,0,0,0,0,0,0,0,1,0,1,NA,0,NA,0,0,1,0
1934,DEC_C_2002_0115_J_20031023,ECLI:EU:C:2003:587:20031023,ECLI:EU:C:2003:587,62002CJ0115,1,NA,0,1,NA,0,NA,NA,0,0,0,0,0,0,0,0,0,1,NA,-1,NA,0,0,1,0
1935,DEC_C_2002_0130_J_20040304,ECLI:EU:C:2004:122:20040304,ECLI:EU:C:2004:122,62002CJ0130,1,NA,0,1,NA,0,NA,NA,0,0,0,0,0,0,0,0,0,-1,NA,-1,NA,0,0,0,0
1936,DEC_C_2002_0133_J_20040122,ECLI:EU:C:2004:43:20040122,ECLI:EU:C:2004:43,62002CJ0133,1,NA,0,1,NA,0,NA,NA,0,0,0,0,0,0,0,0,0,-1,NA,-1,NA,0,0,0,0
1937,DEC_C_2002_0138_J_20040323,ECLI:EU:C:2004:172:20040323,ECLI:EU:C:2004:172,62002CJ0138,0,1,1,NA,1,1,0,0,NA,NA,NA,0,0,0,0,1,NA,0,1,-1,-1,NA,NA,NA,NA
1938,DEC_C_2002_0145_J_20050113,ECLI:EU:C:2005:9:20050113,ECLI:EU:C:2005:9,62002CJ0145,1,NA,0,1,NA,0,NA,NA,0,0,0,0,0,0,0,0,0,1,NA,-1,NA,0,0,0,1
1939,DEC_C_2002_0148_J_20031002,ECLI:EU:C:2003:539:20031002,ECLI:EU:C:2003:539,62002CJ0148,0,1,1,NA,1,1,-1,0,NA,NA,NA,1,0,0,0,0,NA,1,1,-1,-1,NA,NA,NA,NA
1940,DEC_C_2002_0153_J_20031113,ECLI:EU:C:2003:614:20031113,ECLI:EU:C:2003:614,62002CJ0153,0,0,1,0,0,1,1,0,0,0,1,0,0,0,0,1,1,1,1,0,-1,0,0,1,0
1941,DEC_C_2002_0160_J_20040429,ECLI:EU:C:2004:269:20040429,ECLI:EU:C:2004:269,62002CJ0160,0,0,1,NA,0,1,0,0,NA,NA,NA,0,0,0,0,0,NA,1,1,-1,-1,NA,NA,NA,NA
1942,DEC_C_2002_0171_J_20040429,ECLI:EU:C:2004:270:20040429,ECLI:EU:C:2004:270,62002CJ0171,0,0,1,0,0,0,-1,0,0,0,1,0,0,0,0,1,1,1,-1,0,-1,0,0,1,0
1943,DEC_C_2002_0200_J_20041019,ECLI:EU:C:2004:639:20041019,ECLI:EU:C:2004:639,62002CJ0200,0,0,1,NA,0,1,0,NA,NA,NA,NA,1,0,0,0,1,NA,1,0,0,1,NA,NA,NA,NA
1944,DEC_C_2002_0216_J_20041111,ECLI:EU:C:2004:703:20041111,ECLI:EU:C:2004:703,62002CJ0216,1,NA,0,1,NA,0,NA,NA,0,0,0,0,0,0,0,0,0,1,NA,-1,NA,0,0,0,1
1945,DEC_C_2002_0222_J_20041012,ECLI:EU:C:2004:606:20041012,ECLI:EU:C:2004:606,62002CJ0222,0,NA,0,0,NA,1,NA,NA,0,0,0,1,0,0,0,0,0,0,NA,-1,NA,0,0,0,0
1946,DEC_C_2002_0224_J_20040429,ECLI:EU:C:2004:273:20040429,ECLI:EU:C:2004:273,62002CJ0224,0,0,1,NA,0,1,0,0,NA,NA,NA,0,1,0,0,1,NA,1,1,0,-1,NA,NA,NA,NA
1947,DEC_C_2002_0225_J_20050120,ECLI:EU:C:2005:34:20050120,ECLI:EU:C:2005:34,62002CJ0225,0,1,1,NA,1,1,1,0,NA,NA,NA,0,0,0,0,0,NA,-1,-1,-1,-1,NA,NA,NA,NA
1948,DEC_C_2002_0238_J_20040304,ECLI:EU:C:2004:126:20040304,ECLI:EU:C:2004:126,62002CJ0238,1,NA,0,0,NA,1,NA,NA,0,0,0,0,0,0,0,0,0,1,NA,-1,NA,0,0,0,1
1949,DEC_C_2002_0239_J_20040715,ECLI:EU:C:2004:445:20040715,ECLI:EU:C:2004:445,62002CJ0239,1,NA,0,1,NA,0,NA,NA,0,0,1,0,0,0,0,1,1,1,NA,0,NA,0,0,1,1
1950,DEC_C_2002_0262_J_20040713,ECLI:EU:C:2004:431:20040713,ECLI:EU:C:2004:431,62002CJ0262,0,NA,0,0,NA,0,NA,NA,1,0,0,1,0,0,0,1,1,0,NA,1,NA,0,0,0,0
1951,DEC_C_2002_0270_J_20040205,ECLI:EU:C:2004:78:20040205,ECLI:EU:C:2004:78,62002CJ0270,1,NA,0,0,NA,0,NA,NA,1,1,0,0,0,0,0,0,1,1,NA,-1,NA,0,0,1,0
1952,DEC_C_2002_0275_J_20040930,ECLI:EU:C:2004:570:20040930,ECLI:EU:C:2004:570,62002CJ0275,0,0,1,NA,0,1,0,1,NA,NA,NA,0,0,0,0,0,NA,1,1,-1,1,NA,NA,NA,NA
1953,DEC_C_2002_0277_J_20041216,ECLI:EU:C:2004:810:20041216,ECLI:EU:C:2004:810,62002CJ0277,1,NA,0,1,NA,0,NA,NA,0,0,0,1,1,0,0,1,0,0,NA,1,NA,0,0,0,0
1954,DEC_C_2002_0278_J_20040624,ECLI:EU:C:2004:388:20040624,ECLI:EU:C:2004:388,62002CJ0278,1,NA,0,1,NA,0,NA,NA,0,0,0,0,1,0,0,0,0,0,NA,-1,NA,0,0,0,0
1955,DEC_C_2002_0286_J_20040401,ECLI:EU:C:2004:212:20040401,ECLI:EU:C:2004:212,62002CJ0286,1,NA,0,1,NA,0,NA,NA,1,0,0,0,0,0,0,1,0,0,NA,1,NA,0,0,0,0
1956,DEC_C_2002_0288_J_20041021,ECLI:EU:C:2004:647:20041021,ECLI:EU:C:2004:647,62002CJ0288,0,NA,0,0,NA,0,NA,NA,0,0,1,0,0,0,0,1,1,1,NA,1,NA,0,0,0,1
1957,DEC_C_2002_0289_J_20031211,ECLI:EU:C:2003:669:20031211,ECLI:EU:C:2003:669,62002CJ0289,0,NA,0,1,NA,0,NA,NA,0,0,1,0,0,0,0,0,1,0,NA,-1,NA,0,0,1,0
1958,DEC_C_2002_0292_J_20040909,ECLI:EU:C:2004:499:20040909,ECLI:EU:C:2004:499,62002CJ0292,1,NA,0,1,NA,0,NA,NA,0,0,0,0,0,0,0,0,0,1,NA,-1,NA,0,0,0,1
1959,DEC_C_2002_0293_J_20051108,ECLI:EU:C:2005:664:20051108,ECLI:EU:C:2005:664,62002CJ0293,1,NA,0,1,NA,0,NA,NA,0,0,0,0,0,0,0,0,0,1,NA,0,NA,0,0,1,0
1960,DEC_C_2002_0299_J_20041014,ECLI:EU:C:2004:620:20041014,ECLI:EU:C:2004:620,62002CJ0299,0,NA,0,0,NA,0,NA,NA,1,0,1,0,0,0,0,1,1,1,NA,0,NA,0,0,1,0
1961,DEC_C_2002_0302_J_20050120,ECLI:EU:C:2005:36:20050120,ECLI:EU:C:2005:36,62002CJ0302,0,1,1,NA,1,1,0,0,NA,NA,NA,0,0,0,0,0,NA,0,1,-1,-1,NA,NA,NA,NA
1962,DEC_C_2002_0309_J_20041214,ECLI:EU:C:2004:799:20041214,ECLI:EU:C:2004:799,62002CJ0309,1,NA,0,1,NA,0,NA,NA,0,0,1,0,1,0,0,1,0,1,NA,0,NA,0,0,1,1
1963,DEC_C_2002_0334_J_20040304,ECLI:EU:C:2004:129:20040304,ECLI:EU:C:2004:129,62002CJ0334,0,NA,0,0,NA,0,NA,NA,0,1,0,0,0,0,0,0,1,1,NA,-1,NA,0,0,1,0
1964,DEC_C_2002_0340_J_20041014,ECLI:EU:C:2004:623:20041014,ECLI:EU:C:2004:623,62002CJ0340,0,NA,0,0,NA,0,NA,NA,0,0,0,0,0,0,0,0,0,1,NA,-1,NA,0,0,0,1
1965,DEC_C_2002_0341_J_20050414,ECLI:EU:C:2005:220:20050414,ECLI:EU:C:2005:220,62002CJ0341,0,NA,0,0,NA,0,NA,NA,0,0,0,0,0,0,0,0,0,1,NA,-1,NA,0,0,1,0
1966,DEC_C_2002_0346_J_20040907,ECLI:EU:C:2004:485:20040907,ECLI:EU:C:2004:485,62002CJ0346,0,NA,0,0,NA,0,NA,NA,0,0,0,1,0,0,0,0,0,0,NA,-1,NA,0,0,0,0
1967,DEC_C_2002_0347_J_20040907,ECLI:EU:C:2004:486:20040907,ECLI:EU:C:2004:486,62002CJ0347,0,NA,0,0,NA,0,NA,NA,0,0,0,0,0,0,0,0,0,0,NA,-1,NA,0,0,0,0
1968,DEC_C_2002_0361_J_20040701,ECLI:EU:C:2004:401:20040701,ECLI:EU:C:2004:401,62002CJ0361,1,NA,0,0,NA,1,NA,NA,0,0,0,0,0,0,0,0,0,-1,NA,-1,NA,0,0,0,0
1969,DEC_C_2002_0372_J_20041111,ECLI:EU:C:2004:705:20041111,ECLI:EU:C:2004:705,62002CJ0372,0,1,1,NA,1,1,0,0,NA,NA,NA,0,1,1,0,0,NA,0,0,-1,-1,NA,NA,NA,NA
1970,DEC_C_2002_0373_J_20040428,ECLI:EU:C:2004:232:20040428,ECLI:EU:C:2004:232,62002CJ0373,0,1,1,NA,1,1,0,0,NA,NA,NA,1,0,0,0,0,NA,1,1,-1,-1,NA,NA,NA,NA
1971,DEC_C_2002_0379_J_20041007,ECLI:EU:C:2004:595:20041007,ECLI:EU:C:2004:595,62002CJ0379,1,NA,0,1,NA,0,NA,NA,0,0,0,0,0,0,0,0,0,-1,NA,-1,NA,0,0,0,0
1972,DEC_C_2002_0385_J_20040914,ECLI:EU:C:2004:522:20040914,ECLI:EU:C:2004:522,62002CJ0385,0,NA,0,0,NA,0,NA,NA,0,0,0,0,0,0,0,0,0,1,NA,-1,NA,0,0,0,1
1973,DEC_C_2002_0386_J_20040916,ECLI:EU:C:2004:535:20040916,ECLI:EU:C:2004:535,62002CJ0386,0,0,1,NA,0,1,0,0,NA,NA,NA,0,0,0,0,0,NA,0,1,-1,-1,NA,NA,NA,NA
1974,DEC_C_2002_0392_J_20051115,ECLI:EU:C:2005:683:20051115,ECLI:EU:C:2005:683,62002CJ0392,1,NA,0,0,NA,0,NA,NA,0,0,0,0,0,0,0,0,0,1,NA,-1,NA,0,0,0,1
1975,DEC_C_2002_0394_J_20050602,ECLI:EU:C:2005:336:20050602,ECLI:EU:C:2005:336,62002CJ0394,0,NA,0,0,NA,0,NA,NA,0,0,0,0,0,0,0,0,0,1,NA,-1,NA,0,0,0,1
1976,DEC_C_2002_0396_J_20040916,ECLI:EU:C:2004:536:20040916,ECLI:EU:C:2004:536,62002CJ0396,1,NA,0,1,NA,0,NA,NA,0,0,0,0,0,0,0,0,0,-1,NA,-1,NA,0,0,0,0
1977,DEC_C_2002_0400_J_20040916,ECLI:EU:C:2004:537:20040916,ECLI:EU:C:2004:537,62002CJ0400,0,1,1,NA,1,1,0,0,NA,NA,NA,0,0,0,0,0,NA,1,1,-1,-1,NA,NA,NA,NA
1978,DEC_C_2002_0414_J_20040923,ECLI:EU:C:2004:551:20040923,ECLI:EU:C:2004:551,62002CJ0414,1,NA,0,1,NA,0,NA,NA,0,0,0,1,1,0,0,1,0,0,NA,-1,NA,0,0,0,0
1979,DEC_C_2002_0417_J_20040909,ECLI:EU:C:2004:503:20040909,ECLI:EU:C:2004:503,62002CJ0417,0,NA,0,0,NA,0,NA,NA,0,0,0,0,0,0,0,0,0,1,NA,-1,NA,0,0,0,1
1980,DEC_C_2002_0418_J_20050707,ECLI:EU:C:2005:425:20050707,ECLI:EU:C:2005:425,62002CJ0418,0,NA,0,1,NA,0,NA,NA,0,0,0,0,0,0,0,0,0,1,NA,-1,NA,0,0,0,1
1981,DEC_C_2002_0426_J_20041021,ECLI:EU:C:2004:648:20041021,ECLI:EU:C:2004:648,not available,1,NA,0,0,NA,0,NA,NA,0,0,0,0,0,0,0,0,0,1,NA,-1,NA,0,0,1,0
1982,DEC_C_2002_0429_J_20040713,ECLI:EU:C:2004:432:20040713,ECLI:EU:C:2004:432,62002CJ0429,0,NA,0,1,NA,0,NA,NA,1,0,0,1,0,0,0,0,0,0,NA,1,NA,0,0,0,0
1983,DEC_C_2002_0434_J_20041214,ECLI:EU:C:2004:800:20041214,ECLI:EU:C:2004:800,62002CJ0434,1,NA,0,1,NA,0,NA,NA,0,0,0,0,0,0,0,-1,0,0,NA,-1,NA,0,0,0,0
1984,DEC_C_2002_0438_J_20050531,ECLI:EU:C:2005:332:20050531,ECLI:EU:C:2005:332,62002CJ0438,1,NA,0,0,NA,1,NA,NA,0,1,0,0,0,0,0,0,1,1,NA,-1,NA,0,0,1,0
1985,DEC_C_2002_0441_J_20060427,ECLI:EU:C:2006:253:20060427,ECLI:EU:C:2006:253,62002CJ0441,0,0,1,NA,0,0,-1,0,NA,NA,NA,0,0,0,0,1,NA,0,-1,1,-1,NA,NA,NA,NA
1986,DEC_C_2002_0442_J_20041005,ECLI:EU:C:2004:586:20041005,ECLI:EU:C:2004:586,62002CJ0442,0,NA,0,1,NA,0,NA,NA,0,0,1,0,0,0,0,1,1,1,NA,0,NA,0,0,1,0
1987,DEC_C_2002_0443_J_20040715,ECLI:EU:C:2004:453:20040715,ECLI:EU:C:2004:453,62002CJ0443,1,NA,0,0,NA,1,NA,NA,1,0,0,1,0,0,0,1,0,0,NA,0,NA,0,0,0,0
1988,DEC_C_2002_0444_J_20041109,ECLI:EU:C:2004:697:20041109,ECLI:EU:C:2004:697,62002CJ0444,0,NA,0,1,NA,0,NA,NA,0,0,0,0,0,0,0,0,0,-1,NA,-1,NA,0,0,0,0
1989,DEC_C_2002_0456_J_20040907,ECLI:EU:C:2004:488:20040907,ECLI:EU:C:2004:488,62002CJ0456,0,1,1,NA,1,1,0,0,NA,NA,NA,1,1,1,0,0,NA,1,1,-1,-1,NA,NA,NA,NA
1990,DEC_C_2002_0464_J_20050915,ECLI:EU:C:2005:546:20050915,ECLI:EU:C:2005:546,62002CJ0464,0,0,1,NA,0,0,-1,0,NA,NA,NA,0,0,0,0,1,NA,1,-1,0,-1,NA,NA,NA,NA
1991,DEC_C_2002_0467_J_20041111,ECLI:EU:C:2004:708:20041111,ECLI:EU:C:2004:708,62002CJ0467,0,0,1,NA,0,1,0,1,NA,NA,NA,1,0,0,2,1,NA,1,1,-1,1,NA,NA,NA,NA
1992,DEC_C_2002_0469_J_20040907,ECLI:EU:C:2004:489:20040907,ECLI:EU:C:2004:489,not available,0,0,1,NA,0,0,-1,0,NA,NA,NA,0,0,0,0,0,NA,1,-1,-1,-1,NA,NA,NA,NA
1993,DEC_C_2003_0020_J_20050526,ECLI:EU:C:2005:307:20050526,ECLI:EU:C:2005:307,62003CJ0020,1,NA,0,0,NA,1,NA,NA,0,0,0,1,1,1,0,0,0,0,NA,-1,NA,0,0,0,0
1994,DEC_C_2003_0028_J_20040916,ECLI:EU:C:2004:540:20040916,ECLI:EU:C:2004:540,62003CJ0028,0,NA,0,1,NA,0,NA,NA,0,0,0,0,0,0,0,0,0,0,NA,-1,NA,0,0,0,0
1995,DEC_C_2003_0038_J_20050113,ECLI:EU:C:2005:13:20050113,ECLI:EU:C:2005:13,not available,1,NA,0,0,NA,0,NA,NA,0,0,0,0,0,0,0,0,0,1,NA,-1,NA,0,0,1,0
1996,DEC_C_2003_0040[P]_J_20050714,ECLI:EU:C:2005:455:20050714,ECLI:EU:C:2005:455,62003CJ0040,1,NA,0,1,NA,0,NA,NA,0,0,0,0,0,0,0,1,0,0,NA,1,NA,0,0,0,0
1997,DEC_C_2003_0041[P]_J_20050714,ECLI:EU:C:2005:456:20050714,ECLI:EU:C:2005:456,62003CJ0041,1,NA,0,1,NA,0,NA,NA,0,0,0,0,0,0,0,1,0,0,NA,1,NA,0,0,0,0
1998,DEC_C_2003_0055_J_20041014,ECLI:EU:C:2004:628:20041014,ECLI:EU:C:2004:628,not available,0,0,1,0,0,0,-1,0,0,0,0,0,0,0,0,0,0,1,-1,-1,-1,0,0,0,0
1999,DEC_C_2003_0060_J_20041012,ECLI:EU:C:2004:610:20041012,ECLI:EU:C:2004:610,62003CJ0060,0,NA,0,1,NA,0,NA,NA,0,0,1,0,1,0,0,1,0,0,NA,1,NA,0,0,0,0
2000,DEC_C_2003_0065_J_20040701,ECLI:EU:C:2004:402:20040701,ECLI:EU:C:2004:402,62003CJ0065,0,0,1,NA,0,0,-1,0,NA,NA,NA,0,0,0,0,0,NA,1,-1,-1,-1,NA,NA,NA,NA
2001,DEC_C_2003_0072_J_20040909,ECLI:EU:C:2004:506:20040909,ECLI:EU:C:2004:506,62003CJ0072,1,NA,0,1,NA,0,NA,NA,0,1,0,0,0,0,0,0,0,1,NA,-1,NA,0,0,1,0
2002,DEC_C_2003_0084_J_20050113,ECLI:EU:C:2005:14:20050113,ECLI:EU:C:2005:14,62003CJ0084,0,NA,0,0,NA,0,NA,NA,0,0,0,0,0,0,0,0,0,1,NA,-1,NA,0,0,0,1
2003,DEC_C_2003_0086_J_20051215,ECLI:EU:C:2005:769:20051215,ECLI:EU:C:2005:769,62003CJ0086,1,NA,0,0,NA,0,NA,NA,0,0,0,0,0,0,0,1,0,0,NA,1,NA,0,0,0,0
2004,DEC_C_2003_0122_J_20031211,ECLI:EU:C:2003:673:20031211,ECLI:EU:C:2003:673,62003CJ0122,1,NA,0,0,NA,0,NA,NA,0,0,0,0,0,0,0,0,0,1,NA,-1,NA,0,0,1,0
2005,DEC_C_2003_0125_J_20040909,ECLI:EU:C:2004:511:20040909,ECLI:EU:C:2004:511,not available,0,NA,0,1,NA,0,NA,NA,0,0,0,0,0,0,0,0,0,1,NA,-1,NA,0,0,0,1
2006,DEC_C_2003_0126_J_20041118,ECLI:EU:C:2004:728:20041118,ECLI:EU:C:2004:728,62003CJ0126,0,NA,0,0,NA,0,NA,NA,0,0,0,0,0,0,0,0,0,-1,NA,-1,NA,0,0,0,1
2007,DEC_C_2003_0134_J_20050217,ECLI:EU:C:2005:94:20050217,ECLI:EU:C:2005:94,62003CJ0134,0,NA,0,1,NA,0,NA,NA,0,0,1,0,0,0,0,0,0,0,NA,-1,NA,0,0,0,0
2008,DEC_C_2003_0136_J_20050602,ECLI:EU:C:2005:340:20050602,ECLI:EU:C:2005:340,62003CJ0136,0,1,1,NA,1,1,0,0,NA,NA,NA,1,0,0,2,0,NA,1,1,-1,-1,NA,NA,NA,NA
2009,DEC_C_2003_0140_J_20050421,ECLI:EU:C:2005:242:20050421,ECLI:EU:C:2005:242,62003CJ0140,0,NA,0,0,NA,0,NA,NA,0,0,1,0,0,0,0,1,1,1,NA,0,NA,0,0,1,0
2010,DEC_C_2003_0143_J_20041014,ECLI:EU:C:2004:629:20041014,ECLI:EU:C:2004:629,not available,1,NA,0,0,NA,0,NA,NA,1,0,0,0,0,0,0,0,0,1,NA,-1,NA,0,0,1,0
2011,DEC_C_2003_0145_J_20050412,ECLI:EU:C:2005:211:20050412,ECLI:EU:C:2005:211,62003CJ0145,0,0,1,NA,0,1,1,0,NA,NA,NA,1,0,0,0,0,NA,1,1,0,-1,NA,NA,NA,NA
2012,DEC_C_2003_0147_J_20050707,ECLI:EU:C:2005:427:20050707,ECLI:EU:C:2005:427,62003CJ0147,0,0,1,NA,0,0,-1,0,NA,NA,NA,0,0,0,0,1,NA,1,-1,0,-1,NA,NA,NA,NA
2013,DEC_C_2003_0152_J_20060221,ECLI:EU:C:2006:123:20060221,ECLI:EU:C:2006:123,62003CJ0152,0,1,1,NA,1,1,-1,0,NA,NA,NA,0,0,0,0,0,NA,1,1,-1,-1,NA,NA,NA,NA
2014,DEC_C_2003_0153_J_20050707,ECLI:EU:C:2005:428:20050707,ECLI:EU:C:2005:428,62003CJ0153,0,0,1,NA,0,1,1,1,NA,NA,NA,0,0,0,0,0,NA,0,0,-1,-1,NA,NA,NA,NA
2015,DEC_C_2003_0157_J_20050414,ECLI:EU:C:2005:225:20050414,ECLI:EU:C:2005:225,62003CJ0157,0,0,1,NA,0,0,-1,0,NA,NA,NA,0,0,0,0,0,NA,1,-1,-1,1,NA,NA,NA,NA
2016,DEC_C_2003_0158_J_20051027,ECLI:EU:C:2005:642:20051027,ECLI:EU:C:2005:642,not available,0,NA,0,0,NA,0,NA,NA,0,0,1,0,0,0,0,1,1,1,NA,0,NA,0,0,1,0
2017,DEC_C_2003_0166_J_20040708,ECLI:EU:C:2004:422:20040708,ECLI:EU:C:2004:422,62003CJ0166,1,NA,0,0,NA,0,NA,NA,1,0,0,0,0,0,0,1,0,1,NA,0,NA,0,0,1,0
2018,DEC_C_2003_0169_J_20040701,ECLI:EU:C:2004:403:20040701,ECLI:EU:C:2004:403,62003CJ0169,0,1,1,NA,1,1,0,0,NA,NA,NA,1,0,0,0,0,NA,1,1,-1,-1,NA,NA,NA,NA
2019,DEC_C_2003_0170_J_20050317,ECLI:EU:C:2005:176:20050317,ECLI:EU:C:2005:176,62003CJ0170,1,NA,0,0,NA,1,NA,NA,0,0,0,0,0,0,0,0,0,-1,NA,-1,NA,0,0,0,0
2020,DEC_C_2003_0189_J_20041007,ECLI:EU:C:2004:597:20041007,ECLI:EU:C:2004:597,62003CJ0189,0,NA,0,0,NA,0,NA,NA,0,0,0,0,0,0,0,0,0,1,NA,-1,NA,0,0,0,1
2021,DEC_C_2003_0193_J_20041014,ECLI:EU:C:2004:630:20041014,ECLI:EU:C:2004:630,62003CJ0193,0,0,1,NA,0,0,-1,0,NA,NA,NA,0,0,0,0,0,NA,0,-1,-1,-1,NA,NA,NA,NA
2022,DEC_C_2003_0195_J_20050303,ECLI:EU:C:2005:131:20050303,ECLI:EU:C:2005:131,62003CJ0195,1,NA,0,0,NA,1,NA,NA,0,0,0,0,1,1,0,0,0,-1,NA,-1,NA,0,0,0,0
2023,DEC_C_2003_0209_J_20050315,ECLI:EU:C:2005:169:20050315,ECLI:EU:C:2005:169,62003CJ0209,0,0,1,NA,0,1,0,0,NA,NA,NA,1,0,0,0,1,NA,1,1,-1,-1,NA,NA,NA,NA
2024,DEC_C_2003_0210_J_20041214,ECLI:EU:C:2004:802:20041214,ECLI:EU:C:2004:802,62003CJ0210,1,NA,0,1,NA,0,NA,NA,0,1,0,0,0,0,0,1,0,0,NA,1,NA,0,0,0,0
2025,DEC_C_2003_0211_J_20050609,ECLI:EU:C:2005:370:20050609,ECLI:EU:C:2005:370,62003CJ0211,1,NA,0,1,NA,0,NA,NA,0,0,0,1,1,0,0,0,0,0,NA,-1,NA,0,0,0,0
2026,DEC_C_2003_0212_J_20050526,ECLI:EU:C:2005:313:20050526,ECLI:EU:C:2005:313,62003CJ0212,1,NA,0,0,NA,0,NA,NA,0,0,0,0,0,0,0,1,0,1,NA,0,NA,0,0,1,0
2027,DEC_C_2003_0219_J_20041209,ECLI:EU:C:2004:785:20041209,ECLI:EU:C:2004:785,not available,0,NA,0,0,NA,0,NA,NA,0,0,0,0,0,0,0,0,0,1,NA,-1,NA,0,0,1,0
2028,DEC_C_2003_0227_J_20050707,ECLI:EU:C:2005:431:20050707,ECLI:EU:C:2005:431,62003CJ0227,0,1,1,NA,1,1,1,0,NA,NA,NA,1,0,0,0,0,NA,1,1,-1,-1,NA,NA,NA,NA
2029,DEC_C_2003_0230_J_20060110,ECLI:EU:C:2006:5:20060110,ECLI:EU:C:2006:5,62003CJ0230,0,1,1,NA,1,1,0,0,NA,NA,NA,0,0,0,2,0,NA,1,1,-1,-1,NA,NA,NA,NA
2030,DEC_C_2003_0231_J_20050721,ECLI:EU:C:2005:487:20050721,ECLI:EU:C:2005:487,62003CJ0231,0,NA,0,1,NA,0,NA,NA,0,1,0,0,0,0,0,0,1,1,NA,-1,NA,0,0,1,0
2031,DEC_C_2003_0232_J_20060223,ECLI:EU:C:2006:128:20060223,ECLI:EU:C:2006:128,62003CJ0232,0,0,1,NA,0,0,-1,0,NA,NA,NA,0,0,0,0,0,NA,1,-1,-1,-1,NA,NA,NA,NA
2032,DEC_C_2003_0234_J_20051027,ECLI:EU:C:2005:644:20051027,ECLI:EU:C:2005:644,62003CJ0234,0,NA,0,1,NA,0,NA,NA,0,1,0,0,1,1,0,1,1,1,NA,0,NA,0,0,1,0
2033,DEC_C_2003_0253_J_20060223,ECLI:EU:C:2006:129:20060223,ECLI:EU:C:2006:129,62003CJ0253,0,NA,0,1,NA,0,NA,NA,0,0,1,0,1,1,0,0,1,1,NA,-1,NA,0,0,1,0
2034,DEC_C_2003_0255_J_20040617,ECLI:EU:C:2004:378:20040617,ECLI:EU:C:2004:378,not available,1,NA,0,0,NA,0,NA,NA,0,0,0,0,0,0,0,0,0,1,NA,-1,NA,0,0,1,0
2035,DEC_C_2003_0263_J_20041012,ECLI:EU:C:2004:612:20041012,ECLI:EU:C:2004:612,not available,1,NA,0,0,NA,0,NA,NA,0,0,0,0,0,0,0,0,0,1,NA,-1,NA,0,0,1,0
2036,DEC_C_2003_0264_J_20051020,ECLI:EU:C:2005:620:20051020,ECLI:EU:C:2005:620,62003CJ0264,0,NA,0,0,NA,0,NA,NA,0,0,1,0,0,0,0,0,1,1,NA,-1,NA,0,0,1,1
2037,DEC_C_2003_0265_J_20050412,ECLI:EU:C:2005:213:20050412,ECLI:EU:C:2005:213,62003CJ0265,0,1,1,NA,1,1,0,0,NA,NA,NA,0,0,0,1,0,NA,1,1,-1,-1,NA,NA,NA,NA
2038,DEC_C_2003_0267_J_20050421,ECLI:EU:C:2005:246:20050421,ECLI:EU:C:2005:246,62003CJ0267,0,NA,0,0,NA,1,NA,NA,0,0,0,0,0,0,0,0,0,1,NA,-1,NA,0,0,0,1
2039,DEC_C_2003_0272_J_20041215,ECLI:EU:C:2004:805:20041215,ECLI:EU:C:2004:805,62003CJ0272,1,NA,0,0,NA,1,NA,NA,0,0,0,0,0,0,0,0,0,0,NA,-1,NA,0,0,0,0
2040,DEC_C_2003_0278_J_20050512,ECLI:EU:C:2005:281:20050512,ECLI:EU:C:2005:281,62003CJ0278,0,0,1,NA,0,0,-1,0,NA,NA,NA,1,0,0,0,0,NA,1,1,0,-1,NA,NA,NA,NA
2041,DEC_C_2003_0286_J_20060221,ECLI:EU:C:2006:125:20060221,ECLI:EU:C:2006:125,62003CJ0286,0,0,1,NA,0,1,1,1,NA,NA,NA,0,0,0,0,0,NA,-1,1,-1,-1,NA,NA,NA,NA
2042,DEC_C_2003_0287_J_20050512,ECLI:EU:C:2005:282:20050512,ECLI:EU:C:2005:282,62003CJ0287,0,NA,0,0,NA,0,NA,NA,0,0,0,0,0,0,0,0,0,0,NA,-1,NA,0,0,0,0
2043,DEC_C_2003_0300_J_20050120,ECLI:EU:C:2005:43:20050120,ECLI:EU:C:2005:43,62003CJ0300,1,NA,0,1,NA,0,NA,NA,0,0,0,0,0,0,0,0,0,-1,NA,-1,NA,0,0,0,0
2044,DEC_C_2003_0305_J_20060209,ECLI:EU:C:2006:90:20060209,ECLI:EU:C:2006:90,62003CJ0305,1,NA,0,0,NA,0,NA,NA,0,0,0,0,0,0,0,0,0,1,NA,-1,NA,0,0,0,1
2045,DEC_C_2003_0306_J_20050120,ECLI:EU:C:2005:44:20050120,ECLI:EU:C:2005:44,62003CJ0306,0,0,1,NA,0,1,1,0,NA,NA,NA,0,0,0,0,0,NA,0,0,-1,-1,NA,NA,NA,NA
2046,DEC_C_2003_0315_J_20050512,ECLI:EU:C:2005:284:20050512,ECLI:EU:C:2005:284,not available,1,NA,0,0,NA,0,NA,NA,0,0,0,0,0,0,0,1,0,1,NA,1,NA,0,0,0,1
2047,DEC_C_2003_0320_J_20051115,ECLI:EU:C:2005:684:20051115,ECLI:EU:C:2005:684,62003CJ0320,1,NA,0,0,NA,0,NA,NA,0,0,0,0,0,0,0,1,0,1,NA,0,NA,0,0,1,0
2048,DEC_C_2003_0323_J_20060309,ECLI:EU:C:2006:159:20060309,ECLI:EU:C:2006:159,62003CJ0323,0,NA,0,0,NA,0,NA,NA,0,0,1,0,0,0,0,1,0,1,NA,0,NA,0,0,0,1
2049,DEC_C_2003_0327_J_20051020,ECLI:EU:C:2005:622:20051020,ECLI:EU:C:2005:622,62003CJ0327,0,NA,0,1,NA,0,NA,NA,0,1,0,0,0,0,0,0,1,1,NA,-1,NA,0,0,0,1
2050,DEC_C_2003_0330_J_20060119,ECLI:EU:C:2006:45:20060119,ECLI:EU:C:2006:45,62003CJ0330,0,1,1,0,1,1,0,0,0,0,0,0,0,0,0,1,0,0,0,-1,-1,0,0,0,0
2051,DEC_C_2003_0373_J_20050707,ECLI:EU:C:2005:434:20050707,ECLI:EU:C:2005:434,62003CJ0373,0,0,1,NA,0,1,0,1,NA,NA,NA,1,0,0,2,0,NA,-1,1,-1,1,NA,NA,NA,NA
2052,DEC_C_2003_0374_J_20050707,ECLI:EU:C:2005:435:20050707,ECLI:EU:C:2005:435,62003CJ0374,0,0,1,NA,0,1,1,1,NA,NA,NA,1,0,0,1,0,NA,1,1,-1,1,NA,NA,NA,NA
2053,DEC_C_2003_0377_J_20061005,ECLI:EU:C:2006:638:20061005,ECLI:EU:C:2006:638,62003CJ0377,1,NA,0,0,NA,0,NA,NA,0,0,0,0,0,0,0,0,0,1,NA,-1,NA,0,0,0,0
2054,DEC_C_2003_0378_J_20061005,ECLI:EU:C:2006:639:20061005,ECLI:EU:C:2006:639,62003CJ0378,1,NA,0,0,NA,0,NA,NA,0,0,0,0,0,0,0,0,0,1,NA,-1,NA,0,0,0,1
2055,DEC_C_2003_0383_J_20050707,ECLI:EU:C:2005:436:20050707,ECLI:EU:C:2005:436,62003CJ0383,0,1,1,NA,1,1,0,0,NA,NA,NA,0,0,0,2,0,NA,1,1,-1,-1,NA,NA,NA,NA
2056,DEC_C_2003_0400_J_20040708,ECLI:EU:C:2004:427:20040708,ECLI:EU:C:2004:427,62003CJ0400,1,NA,0,1,NA,0,NA,NA,0,0,0,0,0,0,0,-1,0,-1,NA,-1,NA,0,0,0,0
2057,DEC_C_2003_0403_J_20050712,ECLI:EU:C:2005:446:20050712,ECLI:EU:C:2005:446,62003CJ0403,0,1,1,NA,1,1,0,0,NA,NA,NA,0,0,0,0,0,NA,0,0,-1,-1,NA,NA,NA,NA
2058,DEC_C_2003_0408_J_20060323,ECLI:EU:C:2006:192:20060323,ECLI:EU:C:2006:192,62003CJ0408,0,0,1,0,0,0,-1,0,0,0,0,0,0,0,0,1,0,1,-1,0,1,0,0,1,1
2059,DEC_C_2003_0411_J_20051213,ECLI:EU:C:2005:762:20051213,ECLI:EU:C:2005:762,62003CJ0411,0,NA,0,1,NA,0,NA,NA,1,1,0,0,0,0,0,1,1,1,NA,0,NA,0,0,1,0
2060,DEC_C_2003_0414_J_20050303,ECLI:EU:C:2005:134:20050303,ECLI:EU:C:2005:134,not available,0,NA,0,0,NA,0,NA,NA,0,0,0,0,0,0,0,0,0,1,NA,-1,NA,0,0,0,1
2061,DEC_C_2003_0432_J_20051110,ECLI:EU:C:2005:669:20051110,ECLI:EU:C:2005:669,62003CJ0432,1,NA,0,0,NA,0,NA,NA,0,0,0,0,0,0,0,1,0,1,NA,0,NA,0,0,1,1
2062,DEC_C_2003_0437_J_20051027,ECLI:EU:C:2005:647:20051027,ECLI:EU:C:2005:647,62003CJ0437,0,NA,0,0,NA,0,NA,NA,0,0,0,0,0,0,0,0,0,0,NA,-1,NA,0,0,1,0
2063,DEC_C_2003_0445_J_20041021,ECLI:EU:C:2004:655:20041021,ECLI:EU:C:2004:655,62003CJ0445,0,NA,0,0,NA,0,NA,NA,0,0,1,0,0,0,0,1,1,1,NA,0,NA,0,0,1,0
2064,DEC_C_2003_0446_J_20051213,ECLI:EU:C:2005:763:20051213,ECLI:EU:C:2005:763,62003CJ0446,0,NA,0,1,NA,0,NA,NA,1,0,0,0,0,0,0,1,1,1,NA,0,NA,0,0,1,0
2065,DEC_C_2003_0451_J_20060330,ECLI:EU:C:2006:208:20060330,ECLI:EU:C:2006:208,62003CJ0451,0,NA,0,1,NA,0,NA,NA,0,1,0,0,0,0,0,0,1,1,NA,-1,NA,0,0,1,0
2066,DEC_C_2003_0458_J_20051013,ECLI:EU:C:2005:605:20051013,ECLI:EU:C:2005:605,62003CJ0458,0,NA,0,1,NA,0,NA,NA,0,1,0,0,0,0,0,0,1,1,NA,-1,NA,0,0,1,0
2067,DEC_C_2003_0467_J_20050317,ECLI:EU:C:2005:182:20050317,ECLI:EU:C:2005:182,62003CJ0467,1,NA,0,1,NA,0,NA,NA,0,0,0,0,0,0,0,0,0,-1,NA,-1,NA,0,0,0,0
2068,DEC_C_2003_0468_J_20051020,ECLI:EU:C:2005:624:20051020,ECLI:EU:C:2005:624,62003CJ0468,1,NA,0,1,NA,0,NA,NA,0,0,0,0,0,0,0,0,0,-1,NA,-1,NA,0,0,0,0
2069,DEC_C_2003_0470_J_20070417,ECLI:EU:C:2007:213:20070417,ECLI:EU:C:2007:213,62003CJ0470,1,NA,0,0,NA,1,NA,NA,0,0,0,0,0,0,0,0,0,1,NA,-1,NA,0,0,0,1
2070,DEC_C_2003_0495_J_20050915,ECLI:EU:C:2005:552:20050915,ECLI:EU:C:2005:552,62003CJ0495,1,NA,0,1,NA,0,NA,NA,0,0,0,0,0,0,0,0,0,-1,NA,-1,NA,0,0,0,0
2071,DEC_C_2003_0497_J_20041028,ECLI:EU:C:2004:685:20041028,ECLI:EU:C:2004:685,not available,1,NA,0,0,NA,0,NA,NA,0,0,0,0,0,0,0,0,0,1,NA,-1,NA,0,0,1,0
2072,DEC_C_2003_0499[P]_J_20050303,ECLI:EU:C:2005:136:20050303,ECLI:EU:C:2005:136,62003CJ0499,1,NA,0,1,NA,0,NA,NA,0,0,0,0,0,0,0,0,0,-1,NA,-1,NA,0,0,0,0
2073,DEC_C_2003_0503_J_20060131,ECLI:EU:C:2006:74:20060131,ECLI:EU:C:2006:74,62003CJ0503,0,0,1,NA,0,0,-1,0,NA,NA,NA,0,0,0,0,0,NA,1,1,-1,1,NA,NA,NA,NA
2074,DEC_C_2003_0514_J_20060126,ECLI:EU:C:2006:63:20060126,ECLI:EU:C:2006:63,62003CJ0514,0,NA,0,0,NA,0,NA,NA,1,0,1,0,0,0,0,1,1,1,NA,0,NA,0,0,1,0
2075,DEC_C_2003_0515_J_20050721,ECLI:EU:C:2005:491:20050721,ECLI:EU:C:2005:491,62003CJ0515,1,NA,0,1,NA,0,NA,NA,0,0,0,0,0,1,0,0,0,0,NA,-1,NA,0,0,0,1
2076,DEC_C_2003_0525_J_20051027,ECLI:EU:C:2005:648:20051027,ECLI:EU:C:2005:648,62003CJ0525,0,NA,0,0,NA,0,NA,NA,0,0,0,0,0,0,0,0,0,-1,NA,-1,NA,0,0,0,0
2077,DEC_C_2003_0543_J_20050607,ECLI:EU:C:2005:364:20050607,ECLI:EU:C:2005:364,62003CJ0543,0,0,1,NA,0,1,1,1,NA,NA,NA,0,1,1,0,0,NA,-1,1,-1,-1,NA,NA,NA,NA
2078,DEC_C_2003_0544_J_20050908,ECLI:EU:C:2005:518:20050908,ECLI:EU:C:2005:518,62003CJ0544,0,NA,0,1,NA,0,NA,NA,0,0,0,0,0,0,0,0,0,0,NA,-1,NA,0,0,0,0
2079,DEC_C_2004_0023_J_20060209,ECLI:EU:C:2006:92:20060209,ECLI:EU:C:2006:92,62004CJ0023,1,NA,0,1,NA,0,NA,NA,0,0,0,0,0,0,0,0,0,1,NA,-1,NA,0,0,0,0
2080,DEC_C_2004_0030_J_20050721,ECLI:EU:C:2005:492:20050721,ECLI:EU:C:2005:492,62004CJ0030,0,0,1,NA,0,1,1,0,NA,NA,NA,0,0,0,0,0,NA,0,0,-1,-1,NA,NA,NA,NA
2081,DEC_C_2004_0032_J_20050113,ECLI:EU:C:2005:21:20050113,ECLI:EU:C:2005:21,not available,1,NA,0,0,NA,0,NA,NA,0,0,0,0,0,0,0,0,0,1,NA,-1,NA,0,0,0,1
2082,DEC_C_2004_0033_J_20051208,ECLI:EU:C:2005:750:20051208,ECLI:EU:C:2005:750,62004CJ0033,0,NA,0,0,NA,0,NA,NA,0,0,0,0,0,0,0,0,0,1,NA,-1,NA,0,0,1,0
2083,DEC_C_2004_0039_J_20050310,ECLI:EU:C:2005:161:20050310,ECLI:EU:C:2005:161,62004CJ0039,0,NA,0,1,NA,0,NA,NA,0,0,0,0,0,0,0,0,1,1,NA,0,NA,0,0,1,0
2084,DEC_C_2004_0040_J_20050908,ECLI:EU:C:2005:519:20050908,ECLI:EU:C:2005:519,62004CJ0040,1,NA,0,0,NA,1,NA,NA,0,0,0,1,0,0,0,1,0,1,NA,0,NA,0,0,1,0
2085,DEC_C_2004_0056_J_20041209,ECLI:EU:C:2004:790:20041209,ECLI:EU:C:2004:790,not available,0,NA,0,0,NA,0,NA,NA,0,0,0,0,0,0,0,0,0,1,NA,-1,NA,0,0,1,0
2086,DEC_C_2004_0088_J_20041209,ECLI:EU:C:2004:791:20041209,ECLI:EU:C:2004:791,not available,0,NA,0,0,NA,0,NA,NA,0,0,0,0,0,0,0,0,0,1,NA,-1,NA,0,0,0,1
2087,DEC_C_2004_0089_J_20050602,ECLI:EU:C:2005:348:20050602,ECLI:EU:C:2005:348,62004CJ0089,0,NA,0,1,NA,0,NA,NA,0,0,0,0,0,0,0,0,0,1,NA,-1,NA,0,0,0,1
2088,DEC_C_2004_0091_J_20041118,ECLI:EU:C:2004:739:20041118,ECLI:EU:C:2004:739,not available,0,NA,0,0,NA,0,NA,NA,0,0,0,0,0,0,0,0,0,-1,NA,-1,NA,0,0,0,0
2089,DEC_C_2004_0094_J_20061205,ECLI:EU:C:2006:758:20061205,ECLI:EU:C:2006:758,62004CJ0094,0,NA,0,0,NA,1,NA,NA,0,0,1,0,1,1,0,0,1,-1,NA,-1,NA,0,0,0,0
2090,DEC_C_2004_0101_J_20050120,ECLI:EU:C:2005:51:20050120,ECLI:EU:C:2005:51,62004CJ0101,0,1,1,NA,1,1,0,0,NA,NA,NA,1,0,0,0,0,NA,1,1,-1,-1,NA,NA,NA,NA
2091,DEC_C_2004_0104_J_20050616,ECLI:EU:C:2005:391:20050616,ECLI:EU:C:2005:391,not available,0,NA,0,0,NA,0,NA,NA,0,0,0,0,0,0,0,0,1,1,NA,-1,NA,0,0,0,1
2092,DEC_C_2004_0109_J_20050317,ECLI:EU:C:2005:187:20050317,ECLI:EU:C:2005:187,62004CJ0109,0,1,1,NA,1,1,0,0,NA,NA,NA,1,0,0,0,1,NA,1,1,0,-1,NA,NA,NA,NA
2093,DEC_C_2004_0114_J_20050714,ECLI:EU:C:2005:471:20050714,ECLI:EU:C:2005:471,not available,1,NA,0,0,NA,0,NA,NA,0,0,0,0,0,0,0,1,0,0,NA,1,NA,0,0,0,0
2094,DEC_C_2004_0119_J_20060718,ECLI:EU:C:2006:489:20060718,ECLI:EU:C:2006:489,62004CJ0119,0,0,1,NA,0,0,-1,0,NA,NA,NA,0,0,0,0,0,NA,1,-1,-1,-1,NA,NA,NA,NA
2095,DEC_C_2004_0126_J_20050113,ECLI:EU:C:2005:24:20050113,ECLI:EU:C:2005:24,62004CJ0126,1,NA,0,1,NA,0,NA,NA,0,1,0,0,0,0,0,0,0,0,NA,-1,NA,0,0,0,0
2096,DEC_C_2004_0136_J_20051124,ECLI:EU:C:2005:716:20051124,ECLI:EU:C:2005:716,62004CJ0136,1,NA,0,1,NA,0,NA,NA,0,0,0,0,1,0,0,0,0,-1,NA,-1,NA,0,0,0,0
2097,DEC_C_2004_0137_J_20060216,ECLI:EU:C:2006:106:20060216,ECLI:EU:C:2006:106,62004CJ0137,0,1,1,NA,1,1,1,0,NA,NA,NA,1,0,0,0,1,NA,1,1,0,-1,NA,NA,NA,NA
2098,DEC_C_2004_0138_J_20050616,ECLI:EU:C:2005:392:20050616,ECLI:EU:C:2005:392,not available,0,NA,0,0,NA,0,NA,NA,0,0,0,0,0,0,0,0,0,0,NA,-1,NA,0,0,0,0
2099,DEC_C_2004_0140_J_20050915,ECLI:EU:C:2005:556:20050915,ECLI:EU:C:2005:556,62004CJ0140,1,NA,0,1,NA,0,NA,NA,0,0,0,0,0,0,0,0,0,-1,NA,-1,NA,0,0,0,0
2100,DEC_C_2004_0141_J_20050714,ECLI:EU:C:2005:472:20050714,ECLI:EU:C:2005:472,62004CJ0141,0,0,1,0,0,1,0,0,0,0,0,0,0,0,0,0,0,1,1,-1,-1,0,0,0,1
2101,DEC_C_2004_0142_J_20050714,ECLI:EU:C:2005:473:20050714,ECLI:EU:C:2005:473,62004CJ0142,0,1,1,0,1,1,1,0,0,0,0,0,1,0,1,0,0,1,1,-1,-1,0,0,0,1
2102,DEC_C_2004_0145_J_20060912,ECLI:EU:C:2006:543:20060912,ECLI:EU:C:2006:543,62004CJ0145,0,0,1,NA,0,0,-1,0,NA,NA,NA,0,0,0,0,0,NA,0,-1,-1,-1,NA,NA,NA,NA
2103,DEC_C_2004_0147_J_20060110,ECLI:EU:C:2006:7:20060110,ECLI:EU:C:2006:7,62004CJ0147,1,NA,0,1,NA,0,NA,NA,0,0,0,0,0,0,0,0,0,1,NA,-1,NA,0,0,1,1
2104,DEC_C_2004_0150_J_20070130,ECLI:EU:C:2007:69:20070130,ECLI:EU:C:2007:69,62004CJ0150,0,0,1,0,0,0,-1,0,0,0,1,0,0,0,0,1,1,1,-1,0,-1,0,0,1,0
2105,DEC_C_2004_0151_J_20051215,ECLI:EU:C:2005:775:20051215,ECLI:EU:C:2005:775,62004CJ0151,0,1,1,NA,1,1,0,0,NA,NA,NA,0,1,0,0,1,NA,1,1,0,-1,NA,NA,NA,NA
2106,DEC_C_2004_0154_J_20050712,ECLI:EU:C:2005:449:20050712,ECLI:EU:C:2005:449,62004CJ0154,1,NA,0,1,NA,0,NA,NA,0,0,0,0,0,0,0,-1,0,0,NA,-1,NA,0,0,0,0
2107,DEC_C_2004_0158_J_20060914,ECLI:EU:C:2006:562:20060914,ECLI:EU:C:2006:562,62004CJ0158,1,NA,0,1,NA,0,NA,NA,1,1,0,0,0,0,0,1,1,1,NA,0,NA,0,0,1,0
2108,DEC_C_2004_0168_J_20060921,ECLI:EU:C:2006:595:20060921,ECLI:EU:C:2006:595,62004CJ0168,0,NA,0,0,NA,0,NA,NA,1,0,1,0,0,0,0,1,1,1,NA,0,NA,0,0,1,0
2109,DEC_C_2004_0170_J_20070605,ECLI:EU:C:2007:313:20070605,ECLI:EU:C:2007:313,62004CJ0170,1,NA,0,0,NA,1,NA,NA,0,0,0,0,0,0,0,1,0,1,NA,0,NA,0,0,1,0
2110,DEC_C_2004_0185_J_20060216,ECLI:EU:C:2006:107:20060216,ECLI:EU:C:2006:107,62004CJ0185,0,1,1,NA,1,1,0,0,NA,NA,NA,0,0,0,0,1,NA,1,1,0,-1,NA,NA,NA,NA
2111,DEC_C_2004_0187_J_20051027,ECLI:EU:C:2005:652:20051027,ECLI:EU:C:2005:652,not available,0,NA,0,0,NA,0,NA,NA,0,0,0,0,0,0,0,0,1,1,NA,-1,NA,0,0,1,1
2112,DEC_C_2004_0192_J_20050714,ECLI:EU:C:2005:475:20050714,ECLI:EU:C:2005:475,62004CJ0192,0,NA,0,1,NA,0,NA,NA,0,0,0,0,0,0,0,0,0,0,NA,-1,NA,0,0,0,0
2113,DEC_C_2004_0195_J_20070426,ECLI:EU:C:2007:248:20070426,ECLI:EU:C:2007:248,62004CJ0195,1,NA,0,0,NA,0,NA,NA,0,0,0,0,0,0,0,0,0,-1,NA,-1,NA,0,0,0,0
2114,DEC_C_2004_0196_J_20060912,ECLI:EU:C:2006:544:20060912,ECLI:EU:C:2006:544,62004CJ0196,0,NA,0,1,NA,0,NA,NA,1,0,0,0,1,0,0,1,1,1,NA,0,NA,0,0,1,0
2115,DEC_C_2004_0198_J_20050120,ECLI:EU:C:2005:52:20050120,ECLI:EU:C:2005:52,not available,0,0,1,NA,0,0,-1,0,NA,NA,NA,0,0,0,0,0,NA,1,-1,-1,-1,NA,NA,NA,NA
2116,DEC_C_2004_0201_J_20060223,ECLI:EU:C:2006:136:20060223,ECLI:EU:C:2006:136,62004CJ0201,1,NA,0,0,NA,1,NA,NA,0,0,0,1,1,0,0,0,0,1,NA,-1,NA,0,0,0,1
2117,DEC_C_2004_0205_J_20060223,ECLI:EU:C:2006:137:20060223,ECLI:EU:C:2006:137,62004CJ0205,0,0,1,NA,0,0,-1,0,NA,NA,NA,0,0,0,0,0,NA,1,-1,-1,-1,NA,NA,NA,NA
2118,DEC_C_2004_0226_J_20060209,ECLI:EU:C:2006:94:20060209,ECLI:EU:C:2006:94,62004CJ0226,0,NA,0,1,NA,0,NA,NA,0,1,0,0,1,0,0,0,0,0,NA,-1,NA,0,0,0,0
2119,DEC_C_2004_0234_J_20060316,ECLI:EU:C:2006:178:20060316,ECLI:EU:C:2006:178,62004CJ0234,0,0,1,NA,0,1,1,0,NA,NA,NA,0,0,0,0,0,NA,0,-1,-1,-1,NA,NA,NA,NA
2120,DEC_C_2004_0244_J_20060119,ECLI:EU:C:2006:49:20060119,ECLI:EU:C:2006:49,62004CJ0244,0,NA,0,0,NA,0,NA,NA,1,0,1,0,0,0,0,1,1,1,NA,0,NA,0,0,1,0
2121,DEC_C_2004_0247_J_20051020,ECLI:EU:C:2005:628:20051020,ECLI:EU:C:2005:628,62004CJ0247,1,NA,0,1,NA,0,NA,NA,0,0,0,0,0,0,0,0,0,-1,NA,-1,NA,0,0,0,0
2122,DEC_C_2004_0249_J_20050526,ECLI:EU:C:2005:329:20050526,ECLI:EU:C:2005:329,62004CJ0249,0,1,1,NA,1,1,0,0,NA,NA,NA,0,0,0,0,0,NA,0,-1,-1,-1,NA,NA,NA,NA
2123,DEC_C_2004_0250_J_20051215,ECLI:EU:C:2005:779:20051215,ECLI:EU:C:2005:779,not available,0,NA,0,0,NA,0,NA,NA,0,0,0,0,0,0,0,0,0,1,NA,-1,NA,0,0,0,1
2124,DEC_C_2004_0251_J_20070111,ECLI:EU:C:2007:5:20070111,ECLI:EU:C:2007:5,62004CJ0251,0,NA,0,0,NA,0,NA,NA,0,0,0,0,0,0,0,0,0,0,NA,-1,NA,0,0,0,0
2125,DEC_C_2004_0252_J_20051215,ECLI:EU:C:2005:780:20051215,ECLI:EU:C:2005:780,not available,0,NA,0,0,NA,0,NA,NA,0,0,0,0,0,0,0,0,0,1,NA,-1,NA,0,0,0,1
2126,DEC_C_2004_0254_J_20051215,ECLI:EU:C:2005:782:20051215,ECLI:EU:C:2005:782,not available,0,NA,0,0,NA,0,NA,NA,0,0,0,0,0,0,0,0,0,1,NA,-1,NA,0,0,0,1
2127,DEC_C_2004_0255_J_20060615,ECLI:EU:C:2006:401:20060615,ECLI:EU:C:2006:401,62004CJ0255,0,NA,0,0,NA,0,NA,NA,1,0,1,0,0,0,0,1,1,1,NA,0,NA,0,0,1,0
2128,DEC_C_2004_0258_J_20050915,ECLI:EU:C:2005:559:20050915,ECLI:EU:C:2005:559,62004CJ0258,0,1,1,NA,1,1,0,0,NA,NA,NA,1,0,0,0,1,NA,1,1,0,-1,NA,NA,NA,NA
2129,DEC_C_2004_0275_J_20061005,ECLI:EU:C:2006:641:20061005,ECLI:EU:C:2006:641,62004CJ0275,1,NA,0,0,NA,0,NA,NA,0,0,0,0,0,0,0,0,0,1,NA,-1,NA,0,0,0,1
2130,DEC_C_2004_0284_J_20070626,ECLI:EU:C:2007:381:20070626,ECLI:EU:C:2007:381,62004CJ0284,0,NA,0,1,NA,0,NA,NA,0,0,0,0,0,0,0,0,0,0,NA,-1,NA,0,0,0,0
2131,DEC_C_2004_0290_J_20061003,ECLI:EU:C:2006:630:20061003,ECLI:EU:C:2006:630,62004CJ0290,0,NA,0,1,NA,0,NA,NA,0,0,0,0,0,0,0,0,0,-1,NA,-1,NA,0,0,0,0
2132,DEC_C_2004_0293_J_20060309,ECLI:EU:C:2006:162:20060309,ECLI:EU:C:2006:162,62004CJ0293,1,NA,0,0,NA,1,NA,NA,0,0,0,0,0,0,0,0,0,-1,NA,-1,NA,0,0,0,0
2133,DEC_C_2004_0300_J_20060912,ECLI:EU:C:2006:545:20060912,ECLI:EU:C:2006:545,62004CJ0300,0,0,1,NA,0,1,0,0,NA,NA,NA,1,0,0,0,0,NA,-1,1,-1,-1,NA,NA,NA,NA
2134,DEC_C_2004_0304_J_20050707,ECLI:EU:C:2005:441:20050707,ECLI:EU:C:2005:441,62004CJ0304,1,NA,0,1,NA,0,NA,NA,0,0,0,0,0,0,0,0,0,1,NA,-1,NA,1,1,0,0
2135,DEC_C_2004_0304_O_20041122,ECLI:EU:C:2004:842:20041122,ECLI:EU:C:2004:842,not available,1,NA,0,1,NA,0,NA,NA,0,0,0,0,0,0,0,0,0,-1,NA,-1,NA,0,0,0,0
2136,DEC_C_2004_0306_J_20061116,ECLI:EU:C:2006:716:20061116,ECLI:EU:C:2006:716,62004CJ0306,1,NA,0,1,NA,0,NA,NA,0,0,0,0,0,0,0,0,0,-1,NA,-1,NA,0,0,0,0
2137,DEC_C_2004_0311_J_20060112,ECLI:EU:C:2006:23:20060112,ECLI:EU:C:2006:23,62004CJ0311,1,NA,0,1,NA,0,NA,NA,0,0,0,0,0,0,0,-1,0,0,NA,-1,NA,0,0,0,0
2138,DEC_C_2004_0312_J_20061005,ECLI:EU:C:2006:643:20061005,ECLI:EU:C:2006:643,62004CJ0312,1,NA,0,0,NA,0,NA,NA,0,0,0,0,0,0,0,0,0,0,NA,-1,NA,0,0,0,0
2139,DEC_C_2004_0338_J_20070306,ECLI:EU:C:2007:133:20070306,ECLI:EU:C:2007:133,62004CJ0338,0,NA,0,0,NA,1,NA,NA,0,0,0,0,1,0,0,1,0,1,NA,-1,NA,0,0,1,0
2140,DEC_C_2004_0339_J_20060718,ECLI:EU:C:2006:490:20060718,ECLI:EU:C:2006:490,62004CJ0339,0,NA,0,1,NA,0,NA,NA,0,0,0,0,0,0,0,0,1,1,NA,-1,NA,0,0,0,1
2141,DEC_C_2004_0344_J_20060110,ECLI:EU:C:2006:10:20060110,ECLI:EU:C:2006:10,62004CJ0344,1,NA,0,1,NA,0,NA,NA,0,0,0,0,0,0,0,0,0,1,NA,-1,NA,0,0,0,1
2142,DEC_C_2004_0345_J_20070215,ECLI:EU:C:2007:96:20070215,ECLI:EU:C:2007:96,62004CJ0345,0,NA,0,1,NA,0,NA,NA,0,0,0,0,1,0,0,0,1,0,NA,-1,NA,0,0,1,0
2143,DEC_C_2004_0346_J_20060706,ECLI:EU:C:2006:445:20060706,ECLI:EU:C:2006:445,62004CJ0346,0,NA,0,0,NA,1,NA,NA,0,1,0,0,0,0,0,0,1,1,NA,-1,NA,0,0,1,0
2144,DEC_C_2004_0347_J_20070329,ECLI:EU:C:2007:194:20070329,ECLI:EU:C:2007:194,62004CJ0347,0,NA,0,1,NA,0,NA,NA,0,1,0,0,0,0,0,0,1,1,NA,-1,NA,0,0,1,0
2145,DEC_C_2004_0351_J_20070927,ECLI:EU:C:2007:547:20070927,ECLI:EU:C:2007:547,62004CJ0351,1,NA,0,1,NA,0,NA,NA,0,0,0,0,0,0,0,0,0,1,NA,-1,NA,0,0,0,0
2146,DEC_C_2004_0353_J_20060907,ECLI:EU:C:2006:522:20060907,ECLI:EU:C:2006:522,62004CJ0353,1,NA,0,1,NA,0,NA,NA,0,0,0,0,1,1,0,0,0,-1,NA,-1,NA,0,0,0,0
2147,DEC_C_2004_0366_J_20051124,ECLI:EU:C:2005:719:20051124,ECLI:EU:C:2005:719,62004CJ0366,1,NA,0,0,NA,1,NA,NA,1,0,0,0,0,0,0,1,0,0,NA,1,NA,0,0,0,0
2148,DEC_C_2004_0371_J_20061026,ECLI:EU:C:2006:668:20061026,ECLI:EU:C:2006:668,62004CJ0371,0,0,1,NA,0,0,-1,0,NA,NA,NA,1,0,0,0,0,NA,1,1,-1,-1,NA,NA,NA,NA
2149,DEC_C_2004_0372_J_20060516,ECLI:EU:C:2006:325:20060516,ECLI:EU:C:2006:325,62004CJ0372,0,0,1,0,0,1,1,0,0,0,0,0,0,0,0,0,0,1,0,-1,-1,0,0,1,0
2150,DEC_C_2004_0392_J_20060919,ECLI:EU:C:2006:586:20060919,ECLI:EU:C:2006:586,62004CJ0392,0,NA,0,1,NA,0,NA,NA,0,0,0,0,1,1,0,0,0,1,NA,-1,NA,0,0,1,1
2151,DEC_C_2004_0406_J_20060718,ECLI:EU:C:2006:491:20060718,ECLI:EU:C:2006:491,62004CJ0406,0,0,1,NA,0,1,0,0,NA,NA,NA,0,0,0,0,1,NA,0,0,1,-1,NA,NA,NA,NA
2152,DEC_C_2004_0410_J_20060406,ECLI:EU:C:2006:237:20060406,ECLI:EU:C:2006:237,62004CJ0410,0,NA,0,1,NA,0,NA,NA,0,0,1,1,1,0,0,0,0,0,NA,-1,NA,0,0,0,0
2153,DEC_C_2004_0419_J_20060622,ECLI:EU:C:2006:419:20060622,ECLI:EU:C:2006:419,62004CJ0419,1,NA,0,1,NA,0,NA,NA,0,0,0,0,0,0,0,0,0,-1,NA,-1,NA,0,0,0,0
2154,DEC_C_2004_0421_J_20060309,ECLI:EU:C:2006:164:20060309,ECLI:EU:C:2006:164,62004CJ0421,1,NA,0,1,NA,0,NA,NA,0,0,0,0,0,0,0,0,0,0,NA,-1,NA,0,0,0,0
2155,DEC_C_2004_0433_J_20061109,ECLI:EU:C:2006:702:20061109,ECLI:EU:C:2006:702,62004CJ0433,0,NA,0,0,NA,0,NA,NA,0,0,1,0,0,0,0,1,1,1,NA,-1,NA,0,0,1,0
2156,DEC_C_2004_0434_J_20060928,ECLI:EU:C:2006:609:20060928,ECLI:EU:C:2006:609,62004CJ0434,1,NA,0,0,NA,1,NA,NA,0,0,1,0,1,0,0,0,0,0,NA,-1,NA,0,0,0,0
2157,DEC_C_2004_0438_J_20060713,ECLI:EU:C:2006:463:20060713,ECLI:EU:C:2006:463,62004CJ0438,0,NA,0,1,NA,0,NA,NA,0,0,0,0,0,0,0,0,0,0,NA,-1,NA,0,0,0,0
2158,DEC_C_2004_0441_J_20060223,ECLI:EU:C:2006:141:20060223,ECLI:EU:C:2006:141,62004CJ0441,1,NA,0,1,NA,0,NA,NA,0,0,0,0,1,1,0,0,0,0,NA,-1,NA,0,0,0,0
2159,DEC_C_2004_0445_J_20051208,ECLI:EU:C:2005:754:20051208,ECLI:EU:C:2005:754,62004CJ0445,1,NA,0,1,NA,0,NA,NA,0,0,0,0,0,0,0,0,0,-1,NA,-1,NA,0,0,0,0
2160,DEC_C_2004_0446_J_20061212,ECLI:EU:C:2006:774:20061212,ECLI:EU:C:2006:774,62004CJ0446,0,NA,0,1,NA,0,NA,NA,0,1,0,0,1,1,0,0,1,1,NA,-1,NA,0,0,1,0
2161,DEC_C_2004_0452_J_20061003,ECLI:EU:C:2006:631:20061003,ECLI:EU:C:2006:631,62004CJ0452,0,NA,0,1,NA,0,NA,NA,0,0,1,0,0,0,0,0,1,1,NA,-1,NA,0,0,1,0
2162,DEC_C_2004_0453_J_20060601,ECLI:EU:C:2006:361:20060601,ECLI:EU:C:2006:361,62004CJ0453,0,NA,0,1,NA,0,NA,NA,0,0,0,0,0,0,0,0,0,0,NA,-1,NA,0,0,0,0
2163,DEC_C_2004_0456_J_20060406,ECLI:EU:C:2006:241:20060406,ECLI:EU:C:2006:241,62004CJ0456,0,NA,0,1,NA,0,NA,NA,0,0,0,0,1,0,0,0,0,0,NA,-1,NA,1,1,0,0
2164,DEC_C_2004_0466_J_20060615,ECLI:EU:C:2006:405:20060615,ECLI:EU:C:2006:405,62004CJ0466,0,NA,0,0,NA,1,NA,NA,0,0,0,0,0,0,0,0,0,1,NA,-1,NA,0,0,1,1
2165,DEC_C_2004_0471_J_20060223,ECLI:EU:C:2006:143:20060223,ECLI:EU:C:2006:143,62004CJ0471,0,NA,0,1,NA,0,NA,NA,0,0,1,0,0,0,0,0,1,1,NA,-1,NA,0,0,1,0
2166,DEC_C_2004_0479_J_20060912,ECLI:EU:C:2006:549:20060912,ECLI:EU:C:2006:549,62004CJ0479,0,NA,0,1,NA,0,NA,NA,0,0,0,0,0,0,0,0,0,0,NA,-1,NA,0,0,0,1
2167,DEC_C_2004_0490_J_20070718,ECLI:EU:C:2007:430:20070718,ECLI:EU:C:2007:430,62004CJ0490,0,NA,0,0,NA,0,NA,NA,1,1,0,0,0,0,0,1,1,1,NA,1,NA,0,0,1,0
2168,DEC_C_2004_0491_J_20060223,ECLI:EU:C:2006:144:20060223,ECLI:EU:C:2006:144,62004CJ0491,1,NA,0,1,NA,0,NA,NA,0,0,0,0,0,0,0,0,0,-1,NA,-1,NA,0,0,0,0
2169,DEC_C_2004_0493_J_20060309,ECLI:EU:C:2006:167:20060309,ECLI:EU:C:2006:167,62004CJ0493,0,1,1,NA,1,1,0,0,NA,NA,NA,0,0,0,0,0,NA,0,0,-1,-1,NA,NA,NA,NA
2170,DEC_C_2004_0500_J_20060216,ECLI:EU:C:2006:111:20060216,ECLI:EU:C:2006:111,62004CJ0500,1,NA,0,1,NA,0,NA,NA,0,0,0,0,0,0,0,0,0,-1,NA,-1,NA,0,0,0,0
2171,DEC_C_2004_0501_J_20070718,ECLI:EU:C:2007:431:20070718,ECLI:EU:C:2007:431,62004CJ0501,0,NA,0,0,NA,0,NA,NA,0,0,0,0,0,0,0,0,0,0,NA,-1,NA,0,0,0,0
2172,DEC_C_2004_0502_J_20060216,ECLI:EU:C:2006:112:20060216,ECLI:EU:C:2006:112,62004CJ0502,0,0,1,NA,0,1,0,1,NA,NA,NA,0,0,0,2,0,NA,1,1,-1,1,NA,NA,NA,NA
2173,DEC_C_2004_0505_J_20051020,ECLI:EU:C:2005:631:20051020,ECLI:EU:C:2005:631,not available,0,0,1,NA,0,0,-1,0,NA,NA,NA,0,0,0,0,0,NA,1,-1,-1,-1,NA,NA,NA,NA
2174,DEC_C_2004_0506_J_20060919,ECLI:EU:C:2006:587:20060919,ECLI:EU:C:2006:587,62004CJ0506,0,1,1,0,1,1,0,0,0,0,0,0,0,0,0,0,0,1,1,-1,-1,0,0,0,1
2175,DEC_C_2004_0514_J_20060713,ECLI:EU:C:2006:464:20060713,ECLI:EU:C:2006:464,62004CJ0514,1,NA,0,1,NA,0,NA,NA,0,0,0,0,0,0,0,0,0,-1,NA,-1,NA,0,0,0,0
2176,DEC_C_2004_0517_J_20060608,ECLI:EU:C:2006:375:20060608,ECLI:EU:C:2006:375,62004CJ0517,1,NA,0,1,NA,0,NA,NA,0,0,0,0,1,0,0,0,0,1,NA,-1,NA,0,0,1,0
2177,DEC_C_2004_0520_J_20061109,ECLI:EU:C:2006:703:20061109,ECLI:EU:C:2006:703,62004CJ0520,0,0,1,NA,0,1,1,0,NA,NA,NA,1,0,0,0,1,NA,1,1,0,-1,NA,NA,NA,NA
2178,DEC_C_2004_0522_J_20070705,ECLI:EU:C:2007:405:20070705,ECLI:EU:C:2007:405,62004CJ0522,0,1,1,0,1,0,-1,0,0,0,1,0,0,0,0,1,1,1,-1,0,-1,0,0,1,0
2179,DEC_C_2005_0001_J_20070109,ECLI:EU:C:2007:1:20070109,ECLI:EU:C:2007:1,62005CJ0001,0,0,1,NA,0,1,-1,1,NA,NA,NA,0,0,0,0,0,NA,0,0,-1,0,NA,NA,NA,NA
2180,DEC_C_2005_0002_J_20060126,ECLI:EU:C:2006:69:20060126,ECLI:EU:C:2006:69,62005CJ0002,0,0,1,NA,0,0,-1,0,NA,NA,NA,1,0,0,0,0,NA,1,-1,-1,-1,NA,NA,NA,NA
2181,DEC_C_2005_0004_J_20061026,ECLI:EU:C:2006:670:20061026,ECLI:EU:C:2006:670,62005CJ0004,0,1,1,NA,1,1,0,0,NA,NA,NA,0,1,1,2,0,NA,1,1,-1,-1,NA,NA,NA,NA
2182,DEC_C_2005_0006_J_20070614,ECLI:EU:C:2007:337:20070614,ECLI:EU:C:2007:337,62005CJ0006,1,NA,0,1,NA,0,NA,NA,0,1,0,0,0,0,0,1,0,1,NA,1,NA,0,0,0,1
2183,DEC_C_2005_0010_J_20060330,ECLI:EU:C:2006:220:20060330,ECLI:EU:C:2006:220,62005CJ0010,0,1,1,NA,1,1,-1,0,NA,NA,NA,0,0,0,0,0,NA,0,0,-1,0,NA,NA,NA,NA
2184,DEC_C_2005_0011_J_20060511,ECLI:EU:C:2006:312:20060511,ECLI:EU:C:2006:312,62005CJ0011,1,NA,0,1,NA,0,NA,NA,0,0,0,0,0,0,0,0,0,-1,NA,-1,NA,0,0,0,0
2185,DEC_C_2005_0014_J_20060713,ECLI:EU:C:2006:465:20060713,ECLI:EU:C:2006:465,62005CJ0014,1,NA,0,1,NA,0,NA,NA,0,0,0,0,0,0,0,0,0,-1,NA,-1,NA,0,0,0,0
2186,DEC_C_2005_0015_J_20060427,ECLI:EU:C:2006:259:20060427,ECLI:EU:C:2006:259,62005CJ0015,1,NA,0,1,NA,0,NA,NA,0,0,0,0,1,1,0,0,0,-1,NA,-1,NA,1,1,0,0
2187,DEC_C_2005_0016_J_20070920,ECLI:EU:C:2007:530:20070920,ECLI:EU:C:2007:530,62005CJ0016,0,0,1,NA,0,1,0,0,NA,NA,NA,0,0,0,2,0,NA,1,1,-1,-1,NA,NA,NA,NA
2188,DEC_C_2005_0019_J_20071018,ECLI:EU:C:2007:606:20071018,ECLI:EU:C:2007:606,62005CJ0019,1,NA,0,0,NA,0,NA,NA,0,0,0,0,0,0,0,0,0,1,NA,-1,NA,0,0,0,1
2189,DEC_C_2005_0020_J_20071108,ECLI:EU:C:2007:652:20071108,ECLI:EU:C:2007:652,62005CJ0020,1,NA,0,0,NA,1,NA,NA,0,0,0,0,0,0,0,0,0,1,NA,-1,NA,0,0,0,1
2190,DEC_C_2005_0027_J_20060427,ECLI:EU:C:2006:260:20060427,ECLI:EU:C:2006:260,62005CJ0027,1,NA,0,1,NA,0,NA,NA,0,0,0,0,0,0,0,0,0,0,NA,-1,NA,0,0,0,0
2191,DEC_C_2005_0036_J_20061026,ECLI:EU:C:2006:672:20061026,ECLI:EU:C:2006:672,62005CJ0036,0,NA,0,0,NA,0,NA,NA,0,0,0,0,0,0,0,0,0,1,NA,-1,NA,0,0,0,1
2192,DEC_C_2005_0040_J_20070111,ECLI:EU:C:2007:10:20070111,ECLI:EU:C:2007:10,62005CJ0040,0,1,1,NA,1,1,0,0,NA,NA,NA,0,1,0,0,1,NA,0,0,-1,-1,NA,NA,NA,NA
2193,DEC_C_2005_0050_J_20060718,ECLI:EU:C:2006:493:20060718,ECLI:EU:C:2006:493,62005CJ0050,0,0,1,NA,0,1,1,0,NA,NA,NA,0,0,0,0,0,NA,0,0,-1,-1,NA,NA,NA,NA
2194,DEC_C_2005_0053_J_20060706,ECLI:EU:C:2006:448:20060706,ECLI:EU:C:2006:448,62005CJ0053,0,NA,0,0,NA,0,NA,NA,0,0,0,0,0,0,0,0,1,1,NA,-1,NA,0,0,0,1
2195,DEC_C_2005_0054_J_20070315,ECLI:EU:C:2007:168:20070315,ECLI:EU:C:2007:168,62005CJ0054,1,NA,0,0,NA,0,NA,NA,0,1,0,0,1,0,0,1,1,1,NA,0,NA,0,0,1,0
2196,DEC_C_2005_0062[P]_J_20071018,ECLI:EU:C:2007:607:20071018,ECLI:EU:C:2007:607,62005CJ0062,1,NA,0,1,NA,0,NA,NA,0,0,0,0,0,0,0,0,0,-1,NA,-1,NA,0,0,0,0
2197,DEC_C_2005_0065_J_20061026,ECLI:EU:C:2006:673:20061026,ECLI:EU:C:2006:673,62005CJ0065,1,NA,0,0,NA,0,NA,NA,1,0,1,0,0,0,0,1,1,1,NA,0,NA,0,0,1,1
2198,DEC_C_2005_0068[P]_J_20061026,ECLI:EU:C:2006:674:20061026,ECLI:EU:C:2006:674,62005CJ0068,1,NA,0,1,NA,0,NA,NA,0,0,0,0,0,0,0,-1,0,0,NA,-1,NA,0,0,0,0
2199,DEC_C_2005_0076_J_20070911,ECLI:EU:C:2007:492:20070911,ECLI:EU:C:2007:492,62005CJ0076,0,NA,0,0,NA,1,NA,NA,0,1,0,0,0,0,0,1,1,1,NA,0,NA,0,0,1,0
2200,DEC_C_2005_0082_J_20060914,ECLI:EU:C:2006:574:20060914,ECLI:EU:C:2006:574,62005CJ0082,1,NA,0,0,NA,0,NA,NA,0,0,0,0,0,0,0,0,0,1,NA,-1,NA,0,0,1,0
2201,DEC_C_2005_0097_J_20061214,ECLI:EU:C:2006:780:20061214,ECLI:EU:C:2006:780,62005CJ0097,0,1,1,NA,1,1,0,0,NA,NA,NA,0,0,0,1,0,NA,1,1,-1,-1,NA,NA,NA,NA
2202,DEC_C_2005_0100_J_20061005,ECLI:EU:C:2006:645:20061005,ECLI:EU:C:2006:645,62005CJ0100,1,NA,0,1,NA,0,NA,NA,0,0,0,0,1,0,0,0,0,0,NA,-1,NA,0,0,0,0
2203,DEC_C_2005_0110_J_20090210,ECLI:EU:C:2009:66:20090210,ECLI:EU:C:2009:66,62005CJ0110,1,NA,0,0,NA,0,NA,NA,1,0,1,0,0,0,0,1,1,1,NA,1,NA,0,0,0,0
2204,DEC_C_2005_0115_J_20051208,ECLI:EU:C:2005:757:20051208,ECLI:EU:C:2005:757,not available,0,NA,0,0,NA,0,NA,NA,0,0,0,0,0,0,0,0,0,1,NA,-1,NA,0,0,1,0
2205,DEC_C_2005_0134_J_20070718,ECLI:EU:C:2007:435:20070718,ECLI:EU:C:2007:435,62005CJ0134,0,NA,0,0,NA,0,NA,NA,0,0,1,0,0,0,0,1,0,1,NA,0,NA,0,0,1,0
2206,DEC_C_2005_0140_J_20061005,ECLI:EU:C:2006:647:20061005,ECLI:EU:C:2006:647,62005CJ0140,1,NA,0,0,NA,1,NA,NA,0,0,0,1,0,0,0,0,0,0,NA,-1,NA,0,0,0,0
2207,DEC_C_2005_0142_J_20090604,ECLI:EU:C:2009:336:20090604,ECLI:EU:C:2009:336,62005CJ0142,1,NA,0,0,NA,1,NA,NA,1,0,1,0,1,1,0,1,1,0,NA,0,NA,0,0,0,0
2208,DEC_C_2005_0149_J_20060907,ECLI:EU:C:2006:532:20060907,ECLI:EU:C:2006:532,62005CJ0149,0,0,1,0,0,1,0,0,0,0,0,0,1,1,0,0,0,0,0,-1,-1,0,0,0,0
2209,DEC_C_2005_0152_J_20080117,ECLI:EU:C:2008:17:20080117,ECLI:EU:C:2008:17,62005CJ0152,0,0,1,0,0,0,-1,0,0,0,1,0,0,0,0,1,1,1,-1,0,-1,0,0,1,0
2210,DEC_C_2005_0154_J_20060706,ECLI:EU:C:2006:449:20060706,ECLI:EU:C:2006:449,62005CJ0154,0,0,1,NA,0,1,1,0,NA,NA,NA,0,0,0,0,0,NA,0,0,-1,-1,NA,NA,NA,NA
2211,DEC_C_2005_0164_J_20060608,ECLI:EU:C:2006:382:20060608,ECLI:EU:C:2006:382,62005CJ0164,0,NA,0,0,NA,0,NA,NA,0,0,0,0,0,0,0,0,0,1,NA,-1,NA,0,0,0,1
2212,DEC_C_2005_0165_J_20051027,ECLI:EU:C:2005:661:20051027,ECLI:EU:C:2005:661,not available,0,0,1,NA,0,0,-1,0,NA,NA,NA,0,0,0,0,0,NA,1,-1,-1,-1,NA,NA,NA,NA
2213,DEC_C_2005_0169_J_20060601,ECLI:EU:C:2006:365:20060601,ECLI:EU:C:2006:365,62005CJ0169,0,NA,0,1,NA,0,NA,NA,0,0,0,0,0,0,0,0,0,0,NA,-1,NA,0,0,0,0
2214,DEC_C_2005_0170_J_20061214,ECLI:EU:C:2006:783:20061214,ECLI:EU:C:2006:783,62005CJ0170,0,NA,0,1,NA,0,NA,NA,0,1,0,0,0,0,0,0,1,1,NA,-1,NA,0,0,1,0
2215,DEC_C_2005_0173_J_20070621,ECLI:EU:C:2007:362:20070621,ECLI:EU:C:2007:362,62005CJ0173,1,NA,0,0,NA,0,NA,NA,0,0,0,0,0,0,0,0,0,1,NA,-1,NA,0,0,0,0
2216,DEC_C_2005_0180_J_20060427,ECLI:EU:C:2006:267:20060427,ECLI:EU:C:2006:267,62005CJ0180,0,NA,0,0,NA,0,NA,NA,0,0,0,0,0,0,0,0,0,1,NA,-1,NA,0,0,0,1
2217,DEC_C_2005_0186_J_20071004,ECLI:EU:C:2007:571:20071004,ECLI:EU:C:2007:571,62005CJ0186,1,NA,0,0,NA,0,NA,NA,0,0,0,0,0,0,0,1,0,1,NA,0,NA,0,0,1,0
2218,DEC_C_2005_0192_J_20061026,ECLI:EU:C:2006:676:20061026,ECLI:EU:C:2006:676,62005CJ0192,0,0,1,NA,0,1,-1,0,NA,NA,NA,0,0,0,0,1,NA,1,1,0,-1,NA,NA,NA,NA
2219,DEC_C_2005_0193_J_20060919,ECLI:EU:C:2006:588:20060919,ECLI:EU:C:2006:588,62005CJ0193,0,NA,0,0,NA,0,NA,NA,0,0,0,0,0,0,0,0,0,1,NA,0,NA,0,0,0,1
2220,DEC_C_2005_0196_J_20060608,ECLI:EU:C:2006:383:20060608,ECLI:EU:C:2006:383,62005CJ0196,1,NA,0,1,NA,0,NA,NA,0,0,0,0,1,0,0,0,0,0,NA,-1,NA,0,0,0,0
2221,DEC_C_2005_0205_J_20061109,ECLI:EU:C:2006:705:20061109,ECLI:EU:C:2006:705,62005CJ0205,0,1,1,NA,1,1,0,0,NA,NA,NA,1,0,0,0,0,NA,1,1,-1,-1,NA,NA,NA,NA
2222,DEC_C_2005_0208_J_20070111,ECLI:EU:C:2007:16:20070111,ECLI:EU:C:2007:16,62005CJ0208,0,0,1,NA,0,0,-1,0,NA,NA,NA,1,1,1,0,1,NA,1,-1,0,-1,NA,NA,NA,NA
2223,DEC_C_2005_0212_J_20070718,ECLI:EU:C:2007:437:20070718,ECLI:EU:C:2007:437,62005CJ0212,0,1,1,NA,1,1,0,0,NA,NA,NA,1,0,0,0,1,NA,1,1,0,1,NA,NA,NA,NA
2224,DEC_C_2005_0213_J_20070718,ECLI:EU:C:2007:438:20070718,ECLI:EU:C:2007:438,62005CJ0213,0,1,1,NA,1,1,1,0,NA,NA,NA,0,0,0,0,1,NA,0,0,-1,0,NA,NA,NA,NA
2225,DEC_C_2005_0221_J_20060713,ECLI:EU:C:2006:474:20060713,ECLI:EU:C:2006:474,62005CJ0221,0,1,1,NA,1,1,0,0,NA,NA,NA,0,0,0,0,0,NA,-1,-1,-1,-1,NA,NA,NA,NA
2226,DEC_C_2005_0231_J_20070718,ECLI:EU:C:2007:439:20070718,ECLI:EU:C:2007:439,62005CJ0231,0,NA,0,1,NA,0,NA,NA,1,0,1,0,0,0,0,1,1,0,NA,1,NA,0,0,0,0
2227,DEC_C_2005_0249_J_20060615,ECLI:EU:C:2006:411:20060615,ECLI:EU:C:2006:411,62005CJ0249,0,NA,0,0,NA,0,NA,NA,0,0,0,0,0,0,0,0,0,1,NA,-1,NA,0,0,0,1
2228,DEC_C_2005_0250_J_20061026,ECLI:EU:C:2006:681:20061026,ECLI:EU:C:2006:681,62005CJ0250,1,NA,0,1,NA,0,NA,NA,0,0,0,0,0,0,0,0,0,-1,NA,-1,NA,0,0,0,0
2229,DEC_C_2005_0254_J_20070607,ECLI:EU:C:2007:319:20070607,ECLI:EU:C:2007:319,62005CJ0254,1,NA,0,0,NA,0,NA,NA,1,0,0,0,0,0,0,1,0,1,NA,0,NA,0,0,1,0
2230,DEC_C_2005_0257_J_20061214,ECLI:EU:C:2006:785:20061214,ECLI:EU:C:2006:785,62005CJ0257,0,NA,0,0,NA,0,NA,NA,0,0,0,0,0,0,0,0,1,1,NA,-1,NA,0,0,1,0
2231,DEC_C_2005_0262_J_20060615,ECLI:EU:C:2006:412:20060615,ECLI:EU:C:2006:412,62005CJ0262,0,NA,0,0,NA,0,NA,NA,0,0,0,0,0,0,0,0,0,1,NA,-1,NA,0,0,1,0
2232,DEC_C_2005_0264_J_20060615,ECLI:EU:C:2006:413:20060615,ECLI:EU:C:2006:413,62005CJ0264,0,NA,0,0,NA,0,NA,NA,0,0,0,0,0,0,0,0,0,1,NA,-1,NA,0,0,0,1
2233,DEC_C_2005_0265_J_20070116,ECLI:EU:C:2007:26:20070116,ECLI:EU:C:2007:26,62005CJ0265,0,1,1,NA,1,1,0,0,NA,NA,NA,0,1,1,0,0,NA,-1,0,-1,-1,NA,NA,NA,NA
2234,DEC_C_2005_0269_J_20070111,ECLI:EU:C:2007:17:20070111,ECLI:EU:C:2007:17,62005CJ0269,0,NA,0,0,NA,0,NA,NA,0,1,0,0,0,0,0,0,1,1,NA,-1,NA,0,0,0,1
2235,DEC_C_2005_0274_J_20081023,ECLI:EU:C:2008:585:20081023,ECLI:EU:C:2008:585,62005CJ0274,0,0,1,0,0,0,-1,0,1,0,0,0,0,0,0,0,0,1,-1,-1,-1,0,0,1,0
2236,DEC_C_2005_0281_J_20061109,ECLI:EU:C:2006:709:20061109,ECLI:EU:C:2006:709,62005CJ0281,1,NA,0,1,NA,0,NA,NA,0,0,0,0,0,0,0,0,0,1,NA,-1,NA,0,0,0,1
2237,DEC_C_2005_0284_J_20091215,ECLI:EU:C:2009:778:20091215,ECLI:EU:C:2009:778,62005CJ0284,1,NA,0,0,NA,0,NA,NA,0,0,0,0,0,0,0,0,0,1,NA,-1,NA,0,0,0,1
2238,DEC_C_2005_0287_J_20070911,ECLI:EU:C:2007:494:20070911,ECLI:EU:C:2007:494,62005CJ0287,0,1,1,NA,1,1,0,0,NA,NA,NA,0,1,1,0,1,NA,0,1,-1,-1,NA,NA,NA,NA
2239,DEC_C_2005_0290_J_20061005,ECLI:EU:C:2006:652:20061005,ECLI:EU:C:2006:652,62005CJ0290,1,NA,0,0,NA,1,NA,NA,0,1,0,0,0,0,0,0,1,1,NA,-1,NA,0,0,1,0
2240,DEC_C_2005_0291_J_20071211,ECLI:EU:C:2007:771:20071211,ECLI:EU:C:2007:771,62005CJ0291,0,0,1,NA,0,1,-1,0,NA,NA,NA,1,1,0,0,0,NA,0,1,-1,1,NA,NA,NA,NA
2241,DEC_C_2005_0294_J_20091215,ECLI:EU:C:2009:779:20091215,ECLI:EU:C:2009:779,62005CJ0294,1,NA,0,0,NA,0,NA,NA,0,0,0,0,0,0,0,0,0,1,NA,-1,NA,0,0,0,1
2242,DEC_C_2005_0297_J_20070920,ECLI:EU:C:2007:531:20070920,ECLI:EU:C:2007:531,62005CJ0297,1,NA,0,0,NA,0,NA,NA,0,0,0,0,0,0,0,1,0,1,NA,0,NA,0,0,1,0
2243,DEC_C_2005_0298_J_20071206,ECLI:EU:C:2007:754:20071206,ECLI:EU:C:2007:754,62005CJ0298,0,NA,0,1,NA,0,NA,NA,1,0,1,0,0,0,0,0,0,0,NA,-1,NA,0,0,1,0
2244,DEC_C_2005_0299_J_20071018,ECLI:EU:C:2007:608:20071018,ECLI:EU:C:2007:608,62005CJ0299,0,0,1,NA,0,0,-1,0,NA,NA,NA,0,NA,NA,0,0,NA,-1,-1,-1,-1,NA,NA,NA,NA
2245,DEC_C_2005_0306_J_20061207,ECLI:EU:C:2006:764:20061207,ECLI:EU:C:2006:764,62005CJ0306,0,NA,0,1,NA,0,NA,NA,0,0,0,0,0,0,0,0,0,-1,NA,-1,NA,0,0,0,0
2246,DEC_C_2005_0313_J_20070118,ECLI:EU:C:2007:33:20070118,ECLI:EU:C:2007:33,62005CJ0313,1,NA,0,0,NA,1,NA,NA,0,0,0,0,1,1,0,0,0,1,NA,-1,NA,0,0,1,1
2247,DEC_C_2005_0318_J_20070911,ECLI:EU:C:2007:495:20070911,ECLI:EU:C:2007:495,62005CJ0318,0,0,1,0,0,0,-1,0,0,0,1,0,0,0,0,0,1,1,-1,-1,-1,0,0,1,0
2248,DEC_C_2005_0319_J_20071115,ECLI:EU:C:2007:678:20071115,ECLI:EU:C:2007:678,62005CJ0319,1,NA,0,0,NA,0,NA,NA,0,0,0,0,0,0,0,1,0,1,NA,0,NA,0,0,1,1
2249,DEC_C_2005_0325_J_20070718,ECLI:EU:C:2007:442:20070718,ECLI:EU:C:2007:442,62005CJ0325,0,0,1,NA,0,1,0,1,NA,NA,NA,0,1,0,2,0,NA,1,1,-1,0,NA,NA,NA,NA
2250,DEC_C_2005_0329_J_20070125,ECLI:EU:C:2007:57:20070125,ECLI:EU:C:2007:57,62005CJ0329,0,NA,0,0,NA,1,NA,NA,0,1,0,0,0,0,0,0,1,1,NA,-1,NA,0,0,1,0
2251,DEC_C_2005_0332_J_20070118,ECLI:EU:C:2007:35:20070118,ECLI:EU:C:2007:35,62005CJ0332,0,1,1,NA,1,1,0,0,NA,NA,NA,1,0,0,0,1,NA,1,1,0,-1,NA,NA,NA,NA
2252,DEC_C_2005_0341_J_20071218,ECLI:EU:C:2007:809:20071218,ECLI:EU:C:2007:809,62005CJ0341,0,NA,0,1,NA,0,NA,NA,1,0,1,0,0,0,2,1,1,1,NA,0,NA,0,0,1,0
2253,DEC_C_2005_0346_J_20061109,ECLI:EU:C:2006:711:20061109,ECLI:EU:C:2006:711,62005CJ0346,0,1,1,NA,1,1,1,0,NA,NA,NA,0,0,0,0,1,NA,1,1,0,-1,NA,NA,NA,NA
2254,DEC_C_2005_0354_J_20060518,ECLI:EU:C:2006:341:20060518,ECLI:EU:C:2006:341,62005CJ0354,0,NA,0,0,NA,0,NA,NA,0,0,0,0,0,0,0,0,0,1,NA,-1,NA,0,0,1,0
2255,DEC_C_2005_0358_J_20070621,ECLI:EU:C:2007:365:20070621,ECLI:EU:C:2007:365,62005CJ0358,0,NA,0,0,NA,0,NA,NA,0,0,0,0,0,0,0,0,0,1,NA,-1,NA,0,0,1,0
2256,DEC_C_2005_0372_J_20091215,ECLI:EU:C:2009:780:20091215,ECLI:EU:C:2009:780,62005CJ0372,1,NA,0,0,NA,0,NA,NA,0,0,0,0,0,0,0,0,0,1,NA,-1,NA,0,0,0,1
2257,DEC_C_2005_0374_J_20071108,ECLI:EU:C:2007:654:20071108,ECLI:EU:C:2007:654,62005CJ0374,1,NA,0,1,NA,0,NA,NA,0,0,0,0,1,0,0,0,0,0,NA,-1,NA,0,0,0,0
2258,DEC_C_2005_0380_J_20080131,ECLI:EU:C:2008:59:20080131,ECLI:EU:C:2008:59,62005CJ0380,0,NA,0,1,NA,0,NA,NA,0,0,1,0,1,0,0,1,1,1,NA,0,NA,0,0,1,1
2259,DEC_C_2005_0383_J_20070322,ECLI:EU:C:2007:181:20070322,ECLI:EU:C:2007:181,62005CJ0383,0,NA,0,0,NA,1,NA,NA,0,1,0,0,0,0,0,0,1,1,NA,-1,NA,0,0,1,0
2260,DEC_C_2005_0387_J_20091215,ECLI:EU:C:2009:781:20091215,ECLI:EU:C:2009:781,62005CJ0387,1,NA,0,0,NA,0,NA,NA,0,0,0,0,0,0,0,0,0,1,NA,-1,NA,0,0,0,1
2261,DEC_C_2005_0389_J_20080717,ECLI:EU:C:2008:411:20080717,ECLI:EU:C:2008:411,62005CJ0389,0,NA,0,0,NA,0,NA,NA,1,0,1,0,0,0,0,1,1,1,NA,0,NA,0,0,1,0
2262,DEC_C_2005_0392_J_20070426,ECLI:EU:C:2007:251:20070426,ECLI:EU:C:2007:251,62005CJ0392,0,1,1,NA,1,1,0,0,NA,NA,NA,0,1,1,0,0,NA,1,1,-1,-1,NA,NA,NA,NA
2263,DEC_C_2005_0393_J_20071129,ECLI:EU:C:2007:722:20071129,ECLI:EU:C:2007:722,62005CJ0393,0,NA,0,0,NA,0,NA,NA,0,1,0,0,0,0,0,1,1,1,NA,0,NA,0,0,1,0
2264,DEC_C_2005_0396_J_20071218,ECLI:EU:C:2007:810:20071218,ECLI:EU:C:2007:810,62005CJ0396,0,0,1,NA,0,1,-1,0,NA,NA,NA,0,0,0,0,0,NA,1,1,-1,-1,NA,NA,NA,NA
2265,DEC_C_2005_0396_O_20060131,ECLI:EU:C:2006:75:20060131,ECLI:EU:C:2006:75,not available,0,0,1,NA,0,1,-1,0,NA,NA,NA,0,0,0,0,0,NA,1,1,-1,-1,NA,NA,NA,NA
2266,DEC_C_2005_0398_J_20080228,ECLI:EU:C:2008:126:20080228,ECLI:EU:C:2008:126,62005CJ0398,1,NA,0,1,NA,0,NA,NA,0,0,0,0,0,0,0,0,0,0,NA,-1,NA,0,0,0,0
2267,DEC_C_2005_0400_J_20070111,ECLI:EU:C:2007:22:20070111,ECLI:EU:C:2007:22,62005CJ0400,1,NA,0,1,NA,0,NA,NA,0,0,0,0,1,0,0,0,0,-1,NA,-1,NA,0,0,0,0
2268,DEC_C_2005_0404_J_20071129,ECLI:EU:C:2007:723:20071129,ECLI:EU:C:2007:723,62005CJ0404,0,NA,0,1,NA,0,NA,NA,0,0,1,0,0,0,0,1,1,1,NA,0,NA,0,0,1,0
2269,DEC_C_2005_0409_J_20091215,ECLI:EU:C:2009:782:20091215,ECLI:EU:C:2009:782,62005CJ0409,1,NA,0,0,NA,0,NA,NA,0,0,0,0,0,0,0,0,0,1,NA,-1,NA,0,0,0,1
2270,DEC_C_2005_0433_J_20100415,ECLI:EU:C:2010:184:20100415,ECLI:EU:C:2010:184,62005CJ0433,1,NA,0,0,NA,1,NA,NA,0,0,0,0,1,0,0,1,0,0,NA,0,NA,0,0,0,0
2271,DEC_C_2005_0438_J_20071211,ECLI:EU:C:2007:772:20071211,ECLI:EU:C:2007:772,62005CJ0438,0,NA,0,1,NA,0,NA,NA,0,0,0,0,1,0,0,1,1,-1,NA,-1,NA,0,0,0,0
2272,DEC_C_2005_0443[P]_J_20070913,ECLI:EU:C:2007:511:20070913,ECLI:EU:C:2007:511,62005CJ0443,1,NA,0,1,NA,0,NA,NA,0,0,0,0,0,0,0,0,0,0,NA,-1,NA,0,0,0,0
2273,DEC_C_2005_0444_J_20070419,ECLI:EU:C:2007:231:20070419,ECLI:EU:C:2007:231,62005CJ0444,0,NA,0,0,NA,1,NA,NA,0,0,1,0,0,0,0,1,1,1,NA,0,NA,0,0,1,0
2274,DEC_C_2005_0447_J_20070308,ECLI:EU:C:2007:151:20070308,ECLI:EU:C:2007:151,62005CJ0447,1,NA,0,1,NA,0,NA,NA,0,0,0,0,0,0,0,-1,0,-1,NA,-1,NA,0,0,0,0
2275,DEC_C_2005_0456_J_20071206,ECLI:EU:C:2007:755:20071206,ECLI:EU:C:2007:755,62005CJ0456,0,NA,0,0,NA,0,NA,NA,1,0,1,0,0,0,0,1,1,1,NA,0,NA,0,0,1,0
2276,DEC_C_2005_0457_J_20071004,ECLI:EU:C:2007:576:20071004,ECLI:EU:C:2007:576,62005CJ0457,1,NA,0,1,NA,0,NA,NA,0,1,0,0,0,0,0,0,1,1,NA,-1,NA,0,0,1,1
2277,DEC_C_2005_0460_J_20070718,ECLI:EU:C:2007:447:20070718,ECLI:EU:C:2007:447,62005CJ0460,0,0,1,0,0,0,-1,0,0,0,0,0,0,0,0,0,0,-1,-1,-1,-1,0,0,0,0
2278,DEC_C_2005_0461_J_20091215,ECLI:EU:C:2009:783:20091215,ECLI:EU:C:2009:783,62005CJ0461,1,NA,0,0,NA,0,NA,NA,0,0,0,0,0,0,0,0,0,1,NA,-1,NA,0,0,0,1
2279,DEC_C_2005_0464_J_20071025,ECLI:EU:C:2007:631:20071025,ECLI:EU:C:2007:631,62005CJ0464,0,NA,0,0,NA,1,NA,NA,0,1,0,0,0,0,0,1,1,1,NA,0,NA,0,0,1,0
2280,DEC_C_2005_0465_J_20071213,ECLI:EU:C:2007:781:20071213,ECLI:EU:C:2007:781,62005CJ0465,0,NA,0,0,NA,0,NA,NA,0,0,0,0,0,0,0,1,1,1,NA,0,NA,0,0,1,0
2281,DEC_C_2006_0002_J_20080212,ECLI:EU:C:2008:78:20080212,ECLI:EU:C:2008:78,62006CJ0002,1,NA,0,1,NA,0,NA,NA,0,0,0,0,0,0,0,0,0,1,NA,-1,NA,0,0,1,0
2282,DEC_C_2006_0011_J_20071023,ECLI:EU:C:2007:626:20071023,ECLI:EU:C:2007:626,62006CJ0011,0,0,1,NA,0,1,1,0,NA,NA,NA,1,0,0,0,0,NA,1,1,-1,-1,NA,NA,NA,NA
2283,DEC_C_2006_0038_J_20100304,ECLI:EU:C:2010:108:20100304,ECLI:EU:C:2010:108,62006CJ0038,1,NA,0,0,NA,0,NA,NA,0,0,0,0,0,0,0,0,0,1,NA,-1,NA,0,0,0,1
2284,DEC_C_2006_0043_J_20070524,ECLI:EU:C:2007:300:20070524,ECLI:EU:C:2007:300,62006CJ0043,0,0,1,0,0,0,-1,0,0,0,0,0,0,0,0,0,0,1,-1,-1,-1,0,0,0,1
2285,DEC_C_2006_0044_J_20070308,ECLI:EU:C:2007:153:20070308,ECLI:EU:C:2007:153,62006CJ0044,1,NA,0,1,NA,0,NA,NA,0,0,0,0,0,0,0,0,0,1,NA,-1,NA,0,0,0,1
2286,DEC_C_2006_0050_J_20070607,ECLI:EU:C:2007:325:20070607,ECLI:EU:C:2007:325,62006CJ0050,0,0,1,NA,0,0,-1,0,NA,NA,NA,0,0,0,0,0,NA,1,-1,-1,-1,NA,NA,NA,NA
2287,DEC_C_2006_0055_J_20080424,ECLI:EU:C:2008:244:20080424,ECLI:EU:C:2008:244,62006CJ0055,1,NA,0,1,NA,0,NA,NA,1,0,0,1,0,0,0,0,0,0,NA,-1,NA,0,0,0,0
2288,DEC_C_2006_0062_J_20071218,ECLI:EU:C:2007:811:20071218,ECLI:EU:C:2007:811,62006CJ0062,1,NA,0,1,NA,0,NA,NA,1,0,0,1,0,0,0,0,0,-1,NA,-1,NA,0,0,0,0
2289,DEC_C_2006_0084_J_20070920,ECLI:EU:C:2007:535:20070920,ECLI:EU:C:2007:535,62006CJ0084,1,NA,0,1,NA,0,NA,NA,0,0,0,0,0,0,0,0,0,0,NA,-1,NA,0,0,0,0
2290,DEC_C_2006_0103_J_20080403,ECLI:EU:C:2008:185:20080403,ECLI:EU:C:2008:185,62006CJ0103,0,1,1,NA,1,1,0,0,NA,NA,NA,0,1,0,0,0,NA,0,0,-1,-1,NA,NA,NA,NA
2291,DEC_C_2006_0125[P]_J_20080313,ECLI:EU:C:2008:159:20080313,ECLI:EU:C:2008:159,62006CJ0125,0,NA,0,1,NA,0,NA,NA,0,0,0,0,0,0,0,0,0,1,NA,-1,NA,0,0,0,1
2292,DEC_C_2006_0127_J_20061207,ECLI:EU:C:2006:769:20061207,ECLI:EU:C:2006:769,62006CJ0127,0,NA,0,0,NA,0,NA,NA,0,0,0,0,0,0,0,0,0,1,NA,-1,NA,0,0,0,1
2293,DEC_C_2006_0141_J_20070419,ECLI:EU:C:2007:236:20070419,ECLI:EU:C:2007:236,62006CJ0141,0,NA,0,0,NA,0,NA,NA,0,0,0,0,0,0,0,0,0,1,NA,-1,NA,0,0,1,0
2294,DEC_C_2006_0142_J_20070718,ECLI:EU:C:2007:449:20070718,ECLI:EU:C:2007:449,62006CJ0142,1,NA,0,1,NA,0,NA,NA,0,0,0,0,0,0,0,0,0,-1,NA,-1,NA,0,0,0,0
2295,DEC_C_2006_0143_J_20071108,ECLI:EU:C:2007:656:20071108,ECLI:EU:C:2007:656,62006CJ0143,1,NA,0,1,NA,0,NA,NA,0,0,0,0,0,0,0,1,0,1,NA,0,NA,0,0,0,1
2296,DEC_C_2006_0145_J_20070705,ECLI:EU:C:2007:411:20070705,ECLI:EU:C:2007:411,62006CJ0145,1,NA,0,1,NA,0,NA,NA,0,0,0,1,0,0,0,0,0,0,NA,-1,NA,0,0,0,0
2297,DEC_C_2006_0173_J_20071018,ECLI:EU:C:2007:612:20071018,ECLI:EU:C:2007:612,62006CJ0173,1,NA,0,1,NA,0,NA,NA,0,0,0,0,1,1,0,0,0,-1,NA,-1,NA,0,0,0,0
2298,DEC_C_2006_0182_J_20070718,ECLI:EU:C:2007:452:20070718,ECLI:EU:C:2007:452,62006CJ0182,0,1,1,NA,1,1,-1,0,NA,NA,NA,1,0,0,0,0,NA,1,1,-1,-1,NA,NA,NA,NA
2299,DEC_C_2006_0183_J_20070215,ECLI:EU:C:2007:110:20070215,ECLI:EU:C:2007:110,62006CJ0183,1,NA,0,1,NA,0,NA,NA,0,0,0,0,0,0,0,0,0,-1,NA,-1,NA,0,0,0,0
2300,DEC_C_2006_0195_J_20071018,ECLI:EU:C:2007:613:20071018,ECLI:EU:C:2007:613,62006CJ0195,0,NA,0,1,NA,0,NA,NA,0,0,0,0,0,0,0,0,0,0,NA,-1,NA,0,0,0,0
2301,DEC_C_2006_0201_J_20080221,ECLI:EU:C:2008:104:20080221,ECLI:EU:C:2008:104,62006CJ0201,1,NA,0,0,NA,0,NA,NA,1,0,0,0,0,0,0,0,0,0,NA,-1,NA,0,0,0,0
2302,DEC_C_2006_0204_J_20070118,ECLI:EU:C:2007:42:20070118,ECLI:EU:C:2007:42,62006CJ0204,0,NA,0,0,NA,0,NA,NA,0,0,0,0,0,0,0,0,0,1,NA,-1,NA,0,0,1,0
2303,DEC_C_2006_0206_J_20080717,ECLI:EU:C:2008:413:20080717,ECLI:EU:C:2008:413,62006CJ0206,1,NA,0,1,NA,0,NA,NA,0,0,0,0,1,0,0,0,0,0,NA,-1,NA,0,0,1,0
2304,DEC_C_2006_0208_J_20070927,ECLI:EU:C:2007:553:20070927,ECLI:EU:C:2007:553,62006CJ0208,1,NA,0,1,NA,0,NA,NA,0,0,0,0,0,0,0,0,0,-1,NA,-1,NA,0,0,0,0
2305,DEC_C_2006_0208_O_20060626,ECLI:EU:C:2006:428:20060626,ECLI:EU:C:2006:428,not available,1,NA,0,1,NA,0,NA,NA,0,0,0,0,0,0,0,0,0,-1,NA,-1,NA,0,0,0,0
2306,DEC_C_2006_0212_J_20080401,ECLI:EU:C:2008:178:20080401,ECLI:EU:C:2008:178,62006CJ0212,0,0,1,0,0,0,-1,0,0,0,1,0,0,0,0,0,1,1,-1,-1,-1,0,0,1,0
2307,DEC_C_2006_0218_J_20061214,ECLI:EU:C:2006:796:20061214,ECLI:EU:C:2006:796,62006CJ0218,0,NA,0,0,NA,0,NA,NA,0,0,0,0,0,0,0,0,0,1,NA,-1,NA,0,0,0,1
2308,DEC_C_2006_0221_J_20071108,ECLI:EU:C:2007:657:20071108,ECLI:EU:C:2007:657,62006CJ0221,1,NA,0,1,NA,0,NA,NA,0,1,0,0,0,0,0,0,1,1,NA,-1,NA,0,0,1,0
2309,DEC_C_2006_0227_J_20080313,ECLI:EU:C:2008:160:20080313,ECLI:EU:C:2008:160,62006CJ0227,1,NA,0,0,NA,0,NA,NA,0,0,0,0,0,0,0,0,0,1,NA,-1,NA,0,0,1,0
2310,DEC_C_2006_0228_J_20090219,ECLI:EU:C:2009:101:20090219,ECLI:EU:C:2009:101,62006CJ0228,0,1,1,0,1,1,0,0,0,0,0,0,0,0,0,0,0,1,1,-1,-1,0,0,0,0
2311,DEC_C_2006_0229_J_20070419,ECLI:EU:C:2007:239:20070419,ECLI:EU:C:2007:239,62006CJ0229,1,NA,0,1,NA,0,NA,NA,0,0,0,0,0,0,0,0,0,-1,NA,-1,NA,0,0,0,0
2312,DEC_C_2006_0230_J_20080403,ECLI:EU:C:2008:186:20080403,ECLI:EU:C:2008:186,62006CJ0230,1,NA,0,1,NA,0,NA,NA,0,0,0,0,1,1,0,1,0,0,NA,1,NA,0,0,0,0
2313,DEC_C_2006_0239_J_20091215,ECLI:EU:C:2009:784:20091215,ECLI:EU:C:2009:784,62006CJ0239,1,NA,0,0,NA,0,NA,NA,0,0,0,0,0,0,0,0,0,1,NA,-1,NA,0,0,0,1
2314,DEC_C_2006_0242_J_20090917,ECLI:EU:C:2009:554:20090917,ECLI:EU:C:2009:554,62006CJ0242,0,1,1,NA,1,1,0,0,NA,NA,NA,1,1,0,0,0,NA,1,1,-1,-1,NA,NA,NA,NA
2315,DEC_C_2006_0244_J_20080214,ECLI:EU:C:2008:85:20080214,ECLI:EU:C:2008:85,62006CJ0244,1,NA,0,1,NA,0,NA,NA,1,0,0,0,1,0,0,1,0,0,NA,1,NA,0,0,0,0
2316,DEC_C_2006_0248_J_20080313,ECLI:EU:C:2008:161:20080313,ECLI:EU:C:2008:161,62006CJ0248,0,NA,0,0,NA,0,NA,NA,0,0,0,0,0,0,0,1,1,1,NA,0,NA,0,0,1,0
2317,DEC_C_2006_0252_J_20061214,ECLI:EU:C:2006:798:20061214,ECLI:EU:C:2006:798,62006CJ0252,0,NA,0,0,NA,0,NA,NA,0,0,0,0,0,0,0,0,0,-1,NA,-1,NA,0,0,1,0
2318,DEC_C_2006_0257_J_20080124,ECLI:EU:C:2008:35:20080124,ECLI:EU:C:2008:35,62006CJ0257,1,NA,0,1,NA,0,NA,NA,0,0,0,0,0,0,0,0,0,0,NA,1,NA,0,0,0,0
2319,DEC_C_2006_0263_J_20080228,ECLI:EU:C:2008:128:20080228,ECLI:EU:C:2008:128,62006CJ0263,1,NA,0,1,NA,0,NA,NA,0,0,0,0,0,0,0,0,0,1,NA,-1,NA,0,0,0,1
2320,DEC_C_2006_0265_J_20080410,ECLI:EU:C:2008:210:20080410,ECLI:EU:C:2008:210,62006CJ0265,1,NA,0,0,NA,0,NA,NA,1,0,0,0,0,0,0,1,0,1,NA,0,NA,0,0,1,0
2321,DEC_C_2006_0275_J_20080129,ECLI:EU:C:2008:54:20080129,ECLI:EU:C:2008:54,62006CJ0275,1,NA,0,1,NA,0,NA,NA,0,0,0,0,0,0,0,1,0,1,NA,1,NA,0,0,0,0
2322,DEC_C_2006_0281_J_20071218,ECLI:EU:C:2007:816:20071218,ECLI:EU:C:2007:816,62006CJ0281,0,NA,0,0,NA,1,NA,NA,0,1,0,0,0,0,0,1,1,1,NA,0,NA,0,0,1,0
2323,DEC_C_2006_0284_J_20080626,ECLI:EU:C:2008:365:20080626,ECLI:EU:C:2008:365,62006CJ0284,0,NA,0,1,NA,0,NA,NA,0,0,0,0,0,0,0,0,0,1,NA,-1,NA,0,0,1,0
2324,DEC_C_2006_0286_J_20081023,ECLI:EU:C:2008:586:20081023,ECLI:EU:C:2008:586,62006CJ0286,0,0,1,0,0,0,-1,0,0,0,0,0,0,0,0,0,0,1,-1,-1,-1,0,0,0,1
2325,DEC_C_2006_0294_J_20080124,ECLI:EU:C:2008:36:20080124,ECLI:EU:C:2008:36,62006CJ0294,0,1,1,NA,1,1,-1,0,NA,NA,NA,1,0,0,0,0,NA,1,1,-1,-1,NA,NA,NA,NA
2326,DEC_C_2006_0296_J_20080221,ECLI:EU:C:2008:106:20080221,ECLI:EU:C:2008:106,62006CJ0296,0,NA,0,1,NA,0,NA,NA,0,0,0,0,1,0,0,0,0,1,NA,-1,NA,0,0,0,1
2327,DEC_C_2006_0305_J_20080911,ECLI:EU:C:2008:486:20080911,ECLI:EU:C:2008:486,62006CJ0305,0,NA,0,0,NA,0,NA,NA,0,0,0,0,0,0,0,0,0,0,NA,-1,NA,0,0,0,0
2328,DEC_C_2006_0310_J_20070718,ECLI:EU:C:2007:456:20070718,ECLI:EU:C:2007:456,62006CJ0310,1,NA,0,1,NA,0,NA,NA,0,0,0,0,0,0,0,0,0,-1,NA,-1,NA,0,0,0,0
2329,DEC_C_2006_0311_J_20090129,ECLI:EU:C:2009:37:20090129,ECLI:EU:C:2009:37,62006CJ0311,0,0,1,0,0,1,0,0,0,0,0,0,0,0,0,0,0,0,0,-1,-1,0,0,0,0
2330,DEC_C_2006_0314_J_20071218,ECLI:EU:C:2007:817:20071218,ECLI:EU:C:2007:817,62006CJ0314,1,NA,0,1,NA,0,NA,NA,0,0,0,0,0,0,0,0,0,-1,NA,-1,NA,0,0,0,0
2331,DEC_C_2006_0319_J_20080619,ECLI:EU:C:2008:350:20080619,ECLI:EU:C:2008:350,62006CJ0319,0,NA,0,0,NA,0,NA,NA,0,0,0,0,0,0,0,1,0,1,NA,0,NA,0,0,0,1
2332,DEC_C_2006_0331_J_20080403,ECLI:EU:C:2008:188:20080403,ECLI:EU:C:2008:188,62006CJ0331,0,1,1,NA,1,1,0,0,NA,NA,NA,1,0,0,0,0,NA,1,1,-1,-1,NA,NA,NA,NA
2333,DEC_C_2006_0346_J_20080403,ECLI:EU:C:2008:189:20080403,ECLI:EU:C:2008:189,62006CJ0346,0,NA,0,1,NA,0,NA,NA,0,0,0,0,0,0,0,0,1,1,NA,-1,NA,0,0,1,1
2334,DEC_C_2006_0347_J_20080717,ECLI:EU:C:2008:416:20080717,ECLI:EU:C:2008:416,62006CJ0347,0,NA,0,1,NA,0,NA,NA,0,1,0,0,0,0,0,0,0,0,NA,-1,NA,0,0,0,0
2335,DEC_C_2006_0349_J_20071004,ECLI:EU:C:2007:581:20071004,ECLI:EU:C:2007:581,62006CJ0349,0,0,1,NA,0,1,0,0,NA,NA,NA,0,1,1,0,0,NA,0,0,-1,-1,NA,NA,NA,NA
2336,DEC_C_2006_0352_J_20080520,ECLI:EU:C:2008:290:20080520,ECLI:EU:C:2008:290,62006CJ0352,0,1,1,NA,1,1,1,0,NA,NA,NA,1,1,1,0,0,NA,-1,1,-1,-1,NA,NA,NA,NA
2337,DEC_C_2006_0353_J_20081014,ECLI:EU:C:2008:559:20081014,ECLI:EU:C:2008:559,62006CJ0353,0,0,1,NA,0,1,0,1,NA,NA,NA,1,0,0,0,1,NA,1,1,0,-1,NA,NA,NA,NA
2338,DEC_C_2006_0360_J_20081002,ECLI:EU:C:2008:531:20081002,ECLI:EU:C:2008:531,62006CJ0360,0,NA,0,1,NA,0,NA,NA,0,0,0,0,0,0,0,0,0,1,NA,-1,NA,0,0,1,0
2339,DEC_C_2006_0372_J_20071213,ECLI:EU:C:2007:787:20071213,ECLI:EU:C:2007:787,62006CJ0372,1,NA,0,1,NA,0,NA,NA,0,0,0,0,0,0,0,0,0,0,NA,-1,NA,0,0,0,0
2340,DEC_C_2006_0398_J_20080410,ECLI:EU:C:2008:214:20080410,ECLI:EU:C:2008:214,62006CJ0398,0,0,1,NA,0,0,-1,0,NA,NA,NA,1,0,0,0,0,NA,1,1,-1,-1,NA,NA,NA,NA
2341,DEC_C_2006_0400_J_20070913,ECLI:EU:C:2007:519:20070913,ECLI:EU:C:2007:519,62006CJ0400,1,NA,0,1,NA,0,NA,NA,0,0,0,0,0,0,0,0,0,-1,NA,-1,NA,0,0,0,0
2342,DEC_C_2006_0402_J_20070718,ECLI:EU:C:2007:458:20070718,ECLI:EU:C:2007:458,62006CJ0402,1,NA,0,1,NA,0,NA,NA,0,0,0,0,0,0,0,0,0,-1,NA,-1,NA,0,0,0,0
2343,DEC_C_2006_0409_J_20100908,ECLI:EU:C:2010:503:20100908,ECLI:EU:C:2010:503,62006CJ0409,0,NA,0,1,NA,0,NA,NA,0,0,0,0,1,0,2,0,1,1,NA,-1,NA,0,0,1,0
2344,DEC_C_2006_0414_J_20080515,ECLI:EU:C:2008:278:20080515,ECLI:EU:C:2008:278,62006CJ0414,0,NA,0,1,NA,0,NA,NA,0,0,1,1,0,0,0,1,1,0,NA,1,NA,0,0,0,0
2345,DEC_C_2006_0445_J_20090324,ECLI:EU:C:2009:178:20090324,ECLI:EU:C:2009:178,62006CJ0445,1,NA,0,1,NA,0,NA,NA,0,0,0,0,1,0,2,0,0,1,NA,-1,NA,0,0,0,1
2346,DEC_C_2006_0486_J_20071206,ECLI:EU:C:2007:762:20071206,ECLI:EU:C:2007:762,62006CJ0486,1,NA,0,1,NA,0,NA,NA,0,0,0,0,0,0,0,0,0,-1,NA,-1,NA,0,0,0,0
2347,DEC_C_2006_0499_J_20080522,ECLI:EU:C:2008:300:20080522,ECLI:EU:C:2008:300,62006CJ0499,0,0,1,NA,0,1,1,0,NA,NA,NA,0,0,0,0,1,NA,1,1,0,-1,NA,NA,NA,NA
2348,DEC_C_2006_0500_J_20080717,ECLI:EU:C:2008:421:20080717,ECLI:EU:C:2008:421,62006CJ0500,0,NA,0,1,NA,0,NA,NA,0,0,1,0,0,0,0,1,1,1,NA,0,NA,0,0,1,0
2349,DEC_C_2006_0507_J_20080221,ECLI:EU:C:2008:110:20080221,ECLI:EU:C:2008:110,62006CJ0507,0,1,1,NA,1,1,1,0,NA,NA,NA,0,0,0,0,0,NA,1,1,-1,-1,NA,NA,NA,NA
2350,DEC_C_2006_0518_J_20090428,ECLI:EU:C:2009:270:20090428,ECLI:EU:C:2009:270,62006CJ0518,0,NA,0,0,NA,0,NA,NA,0,0,1,0,0,0,0,1,1,0,NA,1,NA,0,0,0,0
2351,DEC_C_2006_0524_J_20081216,ECLI:EU:C:2008:724:20081216,ECLI:EU:C:2008:724,62006CJ0524,0,0,1,NA,0,1,0,0,NA,NA,NA,1,1,1,0,1,NA,1,1,0,-1,NA,NA,NA,NA
2352,DEC_C_2006_0526_J_20071213,ECLI:EU:C:2007:793:20071213,ECLI:EU:C:2007:793,62006CJ0526,1,NA,0,1,NA,0,NA,NA,0,0,0,0,0,0,0,0,0,0,NA,-1,NA,0,0,0,0
2353,DEC_C_2006_0527_J_20081016,ECLI:EU:C:2008:566:20081016,ECLI:EU:C:2008:566,62006CJ0527,0,1,1,NA,1,1,0,0,NA,NA,NA,0,0,0,0,1,NA,1,1,0,-1,NA,NA,NA,NA
2354,DEC_C_2007_0019_J_20080117,ECLI:EU:C:2008:23:20080117,ECLI:EU:C:2008:23,62007CJ0019,0,NA,0,0,NA,1,NA,NA,0,0,0,0,1,0,0,0,0,-1,NA,-1,NA,0,0,0,0
2355,DEC_C_2007_0033_J_20080710,ECLI:EU:C:2008:396:20080710,ECLI:EU:C:2008:396,62007CJ0033,0,0,1,NA,0,1,0,0,NA,NA,NA,0,1,0,0,1,NA,0,0,-1,-1,NA,NA,NA,NA
2356,DEC_C_2007_0035_J_20070927,ECLI:EU:C:2007:561:20070927,ECLI:EU:C:2007:561,62007CJ0035,1,NA,0,0,NA,0,NA,NA,0,0,0,0,0,0,0,0,0,1,NA,-1,NA,0,0,0,1
2357,DEC_C_2007_0038[P]_J_20081120,ECLI:EU:C:2008:641:20081120,ECLI:EU:C:2008:641,62007CJ0038,1,NA,0,1,NA,0,NA,NA,0,0,0,0,0,0,0,0,NA,0,NA,-1,NA,0,0,0,0
2358,DEC_C_2007_0039_J_20080508,ECLI:EU:C:2008:265:20080508,ECLI:EU:C:2008:265,62007CJ0039,0,0,1,0,0,0,-1,0,0,0,0,0,0,0,0,0,0,1,1,-1,-1,0,0,1,0
2359,DEC_C_2007_0042_J_20090908,ECLI:EU:C:2009:519:20090908,ECLI:EU:C:2009:519,62007CJ0042,0,NA,0,1,NA,0,NA,NA,1,0,1,1,0,0,0,1,0,0,NA,1,NA,0,0,0,0
2360,DEC_C_2007_0075_J_20071108,ECLI:EU:C:2007:667:20071108,ECLI:EU:C:2007:667,62007CJ0075,1,NA,0,0,NA,0,NA,NA,0,0,0,0,0,0,0,0,0,1,NA,-1,NA,0,0,0,1
2361,DEC_C_2007_0084_J_20081204,ECLI:EU:C:2008:679:20081204,ECLI:EU:C:2008:679,62007CJ0084,0,0,1,NA,0,0,-1,0,NA,NA,NA,1,0,0,0,0,NA,1,1,-1,-1,NA,NA,NA,NA
2362,DEC_C_2007_0088_J_20090305,ECLI:EU:C:2009:123:20090305,ECLI:EU:C:2009:123,62007CJ0088,1,NA,0,0,NA,0,NA,NA,1,0,0,0,0,0,0,1,0,1,NA,0,NA,0,0,1,1
2363,DEC_C_2007_0089_J_20080311,ECLI:EU:C:2008:154:20080311,ECLI:EU:C:2008:154,62007CJ0089,0,0,1,NA,0,0,-1,0,NA,NA,NA,1,0,0,0,0,NA,1,1,-1,-1,NA,NA,NA,NA
2364,DEC_C_2007_0092_J_20100429,ECLI:EU:C:2010:228:20100429,ECLI:EU:C:2010:228,62007CJ0092,0,0,1,NA,0,0,-1,0,NA,NA,NA,0,0,0,0,0,NA,1,-1,0,-1,NA,NA,NA,NA
2365,DEC_C_2007_0094_J_20080717,ECLI:EU:C:2008:425:20080717,ECLI:EU:C:2008:425,62007CJ0094,0,0,1,NA,0,1,0,0,NA,NA,NA,1,1,1,2,0,NA,1,1,-1,-1,NA,NA,NA,NA
2366,DEC_C_2007_0105_J_20080117,ECLI:EU:C:2008:24:20080117,ECLI:EU:C:2008:24,62007CJ0105,0,NA,0,1,NA,0,NA,NA,0,1,0,0,0,0,0,1,1,1,NA,0,NA,0,0,1,0
2367,DEC_C_2007_0136_J_20081016,ECLI:EU:C:2008:569:20081016,ECLI:EU:C:2008:569,62007CJ0136,0,0,1,NA,0,0,-1,0,NA,NA,NA,1,0,0,0,0,NA,1,-1,-1,-1,NA,NA,NA,NA
2368,DEC_C_2007_0140_J_20090115,ECLI:EU:C:2009:5:20090115,ECLI:EU:C:2009:5,62007CJ0140,1,NA,0,1,NA,0,NA,NA,0,0,0,0,1,0,0,1,0,1,NA,0,NA,0,0,0,1
2369,DEC_C_2007_0141_J_20080911,ECLI:EU:C:2008:492:20080911,ECLI:EU:C:2008:492,62007CJ0141,1,NA,0,0,NA,0,NA,NA,1,0,1,1,0,0,0,1,1,0,NA,1,NA,0,0,0,0
2370,DEC_C_2007_0151_J_20081204,ECLI:EU:C:2008:680:20081204,ECLI:EU:C:2008:680,62007CJ0151,0,0,1,0,0,1,0,0,0,0,0,0,0,0,0,0,0,1,1,-1,-1,0,0,0,1
2371,DEC_C_2007_0157_J_20081023,ECLI:EU:C:2008:588:20081023,ECLI:EU:C:2008:588,62007CJ0157,0,NA,0,1,NA,0,NA,NA,0,0,0,0,0,0,0,0,0,1,NA,-1,NA,0,0,0,0
2372,DEC_C_2007_0158_J_20081118,ECLI:EU:C:2008:630:20081118,ECLI:EU:C:2008:630,62007CJ0158,0,0,1,NA,0,1,1,0,NA,NA,NA,0,0,0,0,1,NA,0,0,1,-1,NA,NA,NA,NA
2373,DEC_C_2007_0161_J_20081222,ECLI:EU:C:2008:759:20081222,ECLI:EU:C:2008:759,62007CJ0161,0,NA,0,0,NA,0,NA,NA,0,1,0,0,0,0,0,0,1,1,NA,-1,NA,0,0,1,0
2374,DEC_C_2007_0164_J_20080605,ECLI:EU:C:2008:321:20080605,ECLI:EU:C:2008:321,62007CJ0164,0,NA,0,0,NA,1,NA,NA,0,1,0,0,0,0,0,0,1,1,NA,-1,NA,0,0,1,0
2375,DEC_C_2007_0165_J_20080522,ECLI:EU:C:2008:302:20080522,ECLI:EU:C:2008:302,62007CJ0165,1,NA,0,1,NA,0,NA,NA,0,0,0,0,1,0,0,0,0,-1,NA,-1,NA,0,0,0,0
2376,DEC_C_2007_0169_J_20090310,ECLI:EU:C:2009:141:20090310,ECLI:EU:C:2009:141,62007CJ0169,0,NA,0,1,NA,0,NA,NA,0,0,1,0,0,0,0,1,1,1,NA,0,NA,0,0,1,0
2377,DEC_C_2007_0170_J_20080605,ECLI:EU:C:2008:322:20080605,ECLI:EU:C:2008:322,62007CJ0170,1,NA,0,0,NA,0,NA,NA,0,0,0,0,0,0,0,0,0,1,NA,-1,NA,0,0,1,0
2378,DEC_C_2007_0171_J_20090519,ECLI:EU:C:2009:316:20090519,ECLI:EU:C:2009:316,62007CJ0171,0,NA,0,0,NA,1,NA,NA,0,0,1,1,0,0,0,1,1,0,NA,1,NA,0,0,0,0
2379,DEC_C_2007_0204[P]_J_20080725,ECLI:EU:C:2008:446:20080725,ECLI:EU:C:2008:446,62007CJ0204,1,NA,0,1,NA,0,NA,NA,0,0,0,0,0,0,0,0,0,1,NA,-1,NA,1,1,0,0
2380,DEC_C_2007_0205_J_20081216,ECLI:EU:C:2008:730:20081216,ECLI:EU:C:2008:730,62007CJ0205,1,NA,0,1,NA,0,NA,NA,0,0,0,0,0,0,0,1,0,0,NA,0,NA,0,0,1,0
2381,DEC_C_2007_0207_J_20080717,ECLI:EU:C:2008:428:20080717,ECLI:EU:C:2008:428,62007CJ0207,0,NA,0,0,NA,0,NA,NA,0,0,0,0,0,0,0,0,1,1,NA,-1,NA,0,0,1,0
2382,DEC_C_2007_0208_J_20090716,ECLI:EU:C:2009:455:20090716,ECLI:EU:C:2009:455,62007CJ0208,0,0,1,NA,0,1,1,1,NA,NA,NA,0,1,0,0,0,NA,0,0,-1,0,NA,NA,NA,NA
2383,DEC_C_2007_0221_J_20081204,ECLI:EU:C:2008:681:20081204,ECLI:EU:C:2008:681,62007CJ0221,0,0,1,NA,0,1,1,0,NA,NA,NA,0,0,0,0,1,NA,1,1,0,-1,NA,NA,NA,NA
2384,DEC_C_2007_0222_J_20090305,ECLI:EU:C:2009:124:20090305,ECLI:EU:C:2009:124,62007CJ0222,0,NA,0,1,NA,0,NA,NA,0,0,0,1,0,0,0,1,0,0,NA,1,NA,0,0,0,0
2385,DEC_C_2007_0228_J_20080911,ECLI:EU:C:2008:494:20080911,ECLI:EU:C:2008:494,62007CJ0228,0,1,1,NA,1,1,0,0,NA,NA,NA,1,0,0,0,1,NA,1,1,0,-1,NA,NA,NA,NA
2386,DEC_C_2007_0248_J_20081106,ECLI:EU:C:2008:607:20081106,ECLI:EU:C:2008:607,62007CJ0248,1,NA,0,1,NA,0,NA,NA,0,0,0,0,0,0,0,0,0,-1,NA,-1,NA,0,0,0,0
2387,DEC_C_2007_0249_J_20081204,ECLI:EU:C:2008:683:20081204,ECLI:EU:C:2008:683,62007CJ0249,1,NA,0,0,NA,0,NA,NA,0,0,0,0,0,0,0,1,0,1,NA,0,NA,0,0,1,0
2388,DEC_C_2007_0256_J_20090319,ECLI:EU:C:2009:167:20090319,ECLI:EU:C:2009:167,62007CJ0256,1,NA,0,1,NA,0,NA,NA,0,0,0,0,0,0,0,0,0,1,NA,-1,NA,0,0,0,1
2389,DEC_C_2007_0265_J_20080911,ECLI:EU:C:2008:496:20080911,ECLI:EU:C:2008:496,62007CJ0265,0,NA,0,1,NA,0,NA,NA,0,0,0,0,0,0,0,0,0,0,NA,-1,NA,0,0,0,0
2390,DEC_C_2007_0268_J_20080131,ECLI:EU:C:2008:70:20080131,ECLI:EU:C:2008:70,62007CJ0268,0,NA,0,0,NA,0,NA,NA,0,0,0,0,0,0,0,0,0,1,NA,-1,NA,0,0,0,1
2391,DEC_C_2007_0269_J_20090910,ECLI:EU:C:2009:527:20090910,ECLI:EU:C:2009:527,62007CJ0269,0,0,1,NA,0,0,-1,0,NA,NA,NA,0,0,0,0,1,NA,1,-1,0,-1,NA,NA,NA,NA
2392,DEC_C_2007_0276_J_20080515,ECLI:EU:C:2008:282:20080515,ECLI:EU:C:2008:282,62007CJ0276,0,1,1,NA,1,1,1,0,NA,NA,NA,1,1,1,0,0,NA,1,1,-1,-1,NA,NA,NA,NA
2393,DEC_C_2007_0282_J_20081222,ECLI:EU:C:2008:762:20081222,ECLI:EU:C:2008:762,62007CJ0282,0,NA,0,1,NA,0,NA,NA,1,1,0,1,0,0,0,0,0,0,NA,-1,NA,0,0,0,0
2394,DEC_C_2007_0286_J_20080424,ECLI:EU:C:2008:251:20080424,ECLI:EU:C:2008:251,62007CJ0286,1,NA,0,0,NA,0,NA,NA,0,0,0,0,0,0,0,1,0,1,NA,0,NA,0,0,1,0
2395,DEC_C_2007_0292_J_20090423,ECLI:EU:C:2009:246:20090423,ECLI:EU:C:2009:246,62007CJ0292,0,NA,0,0,NA,0,NA,NA,0,0,0,0,0,0,0,0,0,1,NA,-1,NA,0,0,0,1
2396,DEC_C_2007_0294_J_20071213,ECLI:EU:C:2007:797:20071213,ECLI:EU:C:2007:797,62007CJ0294,0,0,1,0,0,0,-1,0,0,0,0,0,0,0,0,0,0,1,-1,-1,-1,0,0,1,0
2397,DEC_C_2007_0303_J_20090618,ECLI:EU:C:2009:377:20090618,ECLI:EU:C:2009:377,62007CJ0303,0,NA,0,1,NA,0,NA,NA,1,1,0,0,0,0,0,1,1,1,NA,0,NA,0,0,1,0
2398,DEC_C_2007_0307_J_20080710,ECLI:EU:C:2008:402:20080710,ECLI:EU:C:2008:402,62007CJ0307,0,0,1,NA,0,0,-1,0,NA,NA,NA,1,0,0,0,0,NA,1,-1,-1,-1,NA,NA,NA,NA
2399,DEC_C_2007_0312_J_20080605,ECLI:EU:C:2008:324:20080605,ECLI:EU:C:2008:324,62007CJ0312,1,NA,0,1,NA,0,NA,NA,0,0,0,0,0,0,0,0,0,-1,NA,-1,NA,0,0,0,0
2400,DEC_C_2007_0316_J_20100908,ECLI:EU:C:2010:504:20100908,ECLI:EU:C:2010:504,62007CJ0316,0,NA,0,0,NA,1,NA,NA,0,0,0,1,1,1,0,1,1,0,NA,1,NA,0,0,0,0
2401,DEC_C_2007_0326_J_20090326,ECLI:EU:C:2009:193:20090326,ECLI:EU:C:2009:193,62007CJ0326,0,NA,0,0,NA,0,NA,NA,1,0,0,0,0,0,0,1,1,1,NA,0,NA,0,0,1,0
2402,DEC_C_2007_0330_J_20081204,ECLI:EU:C:2008:685:20081204,ECLI:EU:C:2008:685,62007CJ0330,0,NA,0,1,NA,0,NA,NA,0,0,1,0,0,0,0,1,1,1,NA,0,NA,0,0,1,0
2403,DEC_C_2007_0336_J_20081222,ECLI:EU:C:2008:765:20081222,ECLI:EU:C:2008:765,62007CJ0336,0,NA,0,1,NA,0,NA,NA,0,0,0,1,1,1,0,0,0,0,NA,-1,NA,0,0,0,0
2404,DEC_C_2007_0337_J_20081218,ECLI:EU:C:2008:744:20081218,ECLI:EU:C:2008:744,62007CJ0337,0,0,1,NA,0,1,0,1,NA,NA,NA,0,0,0,2,0,NA,1,1,-1,1,NA,NA,NA,NA
2405,DEC_C_2007_0348_J_20090326,ECLI:EU:C:2009:195:20090326,ECLI:EU:C:2009:195,62007CJ0348,0,NA,0,0,NA,1,NA,NA,0,0,0,0,1,0,0,0,0,-1,NA,-1,NA,0,0,0,1
2406,DEC_C_2007_0349_J_20081218,ECLI:EU:C:2008:746:20081218,ECLI:EU:C:2008:746,62007CJ0349,1,NA,0,1,NA,0,NA,NA,0,0,0,0,1,1,0,0,0,-1,NA,-1,NA,0,0,0,0
2407,DEC_C_2007_0350_J_20090305,ECLI:EU:C:2009:127:20090305,ECLI:EU:C:2009:127,62007CJ0350,0,NA,0,1,NA,0,NA,NA,1,0,1,0,1,1,0,1,0,0,NA,1,NA,0,0,0,0
2408,DEC_C_2007_0362_J_20081211,ECLI:EU:C:2008:710:20081211,ECLI:EU:C:2008:710,62007CJ0362,1,NA,0,1,NA,0,NA,NA,0,0,0,0,0,0,0,0,0,-1,NA,-1,NA,0,0,0,0
2409,DEC_C_2007_0362_O_20070910,ECLI:EU:C:2007:489:20070910,ECLI:EU:C:2007:489,not available,1,NA,0,1,NA,0,NA,NA,0,0,0,0,0,0,0,0,0,-1,NA,-1,NA,0,0,0,0
2410,DEC_C_2007_0375_J_20081120,ECLI:EU:C:2008:645:20081120,ECLI:EU:C:2008:645,62007CJ0375,1,NA,0,1,NA,0,NA,NA,0,0,0,0,1,1,0,0,0,-1,NA,-1,NA,0,0,0,0
2411,DEC_C_2007_0376_J_20090219,ECLI:EU:C:2009:105:20090219,ECLI:EU:C:2009:105,62007CJ0376,1,NA,0,1,NA,0,NA,NA,0,0,0,0,0,0,0,0,0,-1,NA,-1,NA,0,0,0,0
2412,DEC_C_2007_0403_J_20081127,ECLI:EU:C:2008:657:20081127,ECLI:EU:C:2008:657,62007CJ0403,1,NA,0,1,NA,0,NA,NA,0,0,0,0,0,0,0,0,0,-1,NA,-1,NA,0,0,0,0
2413,DEC_C_2007_0411_J_20081002,ECLI:EU:C:2008:535:20081002,ECLI:EU:C:2008:535,62007CJ0411,1,NA,0,1,NA,0,NA,NA,0,0,0,0,0,0,0,0,0,-1,NA,-1,NA,0,0,0,0
2414,DEC_C_2007_0418_J_20081127,ECLI:EU:C:2008:659:20081127,ECLI:EU:C:2008:659,62007CJ0418,0,NA,0,1,NA,0,NA,NA,0,1,0,0,0,0,0,0,1,1,NA,-1,NA,0,0,1,0
2415,DEC_C_2007_0447_J_20080911,ECLI:EU:C:2008:502:20080911,ECLI:EU:C:2008:502,62007CJ0447,0,0,1,NA,0,0,-1,0,NA,NA,NA,1,0,0,0,0,NA,1,1,-1,-1,NA,NA,NA,NA
2416,DEC_C_2007_0453_J_20080925,ECLI:EU:C:2008:524:20080925,ECLI:EU:C:2008:524,62007CJ0453,0,0,1,NA,0,1,0,1,NA,NA,NA,0,0,0,2,0,NA,1,1,-1,1,NA,NA,NA,NA
2417,DEC_C_2007_0457_J_20090910,ECLI:EU:C:2009:531:20090910,ECLI:EU:C:2009:531,62007CJ0457,1,NA,0,0,NA,0,NA,NA,0,0,0,0,0,0,0,0,0,-1,NA,-1,NA,0,0,0,0
2418,DEC_C_2007_0458_J_20090312,ECLI:EU:C:2009:147:20090312,ECLI:EU:C:2009:147,62007CJ0458,0,NA,0,0,NA,0,NA,NA,0,0,0,0,0,0,0,0,0,1,NA,-1,NA,0,0,1,0
2419,DEC_C_2007_0459_J_20090402,ECLI:EU:C:2009:224:20090402,ECLI:EU:C:2009:224,62007CJ0459,1,NA,0,0,NA,1,NA,NA,0,0,0,0,0,0,0,0,0,-1,NA,-1,NA,0,0,0,0
2420,DEC_C_2007_0465_J_20090217,ECLI:EU:C:2009:94:20090217,ECLI:EU:C:2009:94,62007CJ0465,0,0,1,NA,0,1,-1,0,NA,NA,NA,0,1,1,0,0,NA,1,0,-1,-1,NA,NA,NA,NA
2421,DEC_C_2007_0475_J_20090212,ECLI:EU:C:2009:86:20090212,ECLI:EU:C:2009:86,62007CJ0475,1,NA,0,0,NA,0,NA,NA,0,0,0,0,0,0,0,0,0,1,NA,-1,NA,0,0,0,1
2422,DEC_C_2007_0478_J_20090908,ECLI:EU:C:2009:521:20090908,ECLI:EU:C:2009:521,62007CJ0478,1,NA,0,1,NA,0,NA,NA,0,0,0,0,1,1,0,0,0,-1,NA,-1,NA,0,0,0,0
2423,DEC_C_2007_0484_J_20110616,ECLI:EU:C:2011:395:20110616,ECLI:EU:C:2011:395,62007CJ0484,0,0,1,NA,0,1,1,1,NA,NA,NA,1,1,0,2,0,NA,1,1,-1,1,NA,NA,NA,NA
2424,DEC_C_2007_0485_J_20110526,ECLI:EU:C:2011:346:20110526,ECLI:EU:C:2011:346,62007CJ0485,0,1,1,NA,1,1,-1,0,NA,NA,NA,1,0,0,1,0,NA,1,1,-1,-1,NA,NA,NA,NA
2425,DEC_C_2007_0492_J_20090122,ECLI:EU:C:2009:31:20090122,ECLI:EU:C:2009:31,62007CJ0492,0,NA,0,0,NA,0,NA,NA,0,0,0,0,0,0,0,0,0,1,NA,-1,NA,0,0,0,1
2426,DEC_C_2007_0493_J_20080725,ECLI:EU:C:2008:448:20080725,ECLI:EU:C:2008:448,62007CJ0493,0,NA,0,0,NA,0,NA,NA,0,0,0,0,0,0,0,0,0,1,NA,-1,NA,0,0,1,0
2427,DEC_C_2007_0522_J_20091029,ECLI:EU:C:2009:663:20091029,ECLI:EU:C:2009:663,62007CJ0522,1,NA,0,1,NA,0,NA,NA,0,0,0,0,0,0,0,0,0,-1,NA,-1,NA,0,0,0,0
2428,DEC_C_2007_0524_J_20081211,ECLI:EU:C:2008:717:20081211,ECLI:EU:C:2008:717,62007CJ0524,1,NA,0,0,NA,0,NA,NA,0,0,0,0,0,0,0,1,0,1,NA,0,NA,0,0,1,0
2429,DEC_C_2007_0531_J_20090430,ECLI:EU:C:2009:276:20090430,ECLI:EU:C:2009:276,62007CJ0531,1,NA,0,1,NA,0,NA,NA,0,1,0,0,0,0,0,0,1,1,NA,-1,NA,0,0,1,0
2430,DEC_C_2007_0539_J_20090115,ECLI:EU:C:2009:12:20090115,ECLI:EU:C:2009:12,62007CJ0539,0,NA,0,0,NA,0,NA,NA,0,0,0,0,0,0,0,0,0,-1,NA,-1,NA,0,0,0,0
2431,DEC_C_2007_0544_J_20090423,ECLI:EU:C:2009:258:20090423,ECLI:EU:C:2009:258,62007CJ0544,0,0,1,NA,0,1,0,0,NA,NA,NA,0,0,0,0,1,NA,1,1,0,-1,NA,NA,NA,NA
2432,DEC_C_2007_0545_J_20090305,ECLI:EU:C:2009:132:20090305,ECLI:EU:C:2009:132,62007CJ0545,0,NA,0,1,NA,0,NA,NA,0,0,0,0,1,0,0,-1,0,-1,NA,-1,NA,0,0,0,0
2433,DEC_C_2007_0546_J_20100121,ECLI:EU:C:2010:25:20100121,ECLI:EU:C:2010:25,62007CJ0546,0,NA,0,0,NA,0,NA,NA,0,1,0,0,0,0,0,0,1,1,NA,-1,NA,0,0,1,0
2434,DEC_C_2007_0564_J_20090611,ECLI:EU:C:2009:364:20090611,ECLI:EU:C:2009:364,62007CJ0564,0,NA,0,0,NA,0,NA,NA,0,0,0,0,0,0,0,1,0,1,NA,0,NA,0,0,1,0
2435,DEC_C_2007_0570_J_20100601,ECLI:EU:C:2010:300:20100601,ECLI:EU:C:2010:300,62007CJ0570,0,NA,0,0,NA,1,NA,NA,0,1,0,0,1,1,0,1,1,1,NA,1,NA,0,0,1,1
2436,DEC_C_2007_0570_O_20080228,ECLI:EU:C:2008:138:20080228,ECLI:EU:C:2008:138,not available,0,NA,0,0,NA,1,NA,NA,0,0,1,0,0,0,0,1,1,0,NA,1,NA,0,0,0,0
2437,DEC_C_2008_0003_J_20091001,ECLI:EU:C:2009:595:20091001,ECLI:EU:C:2009:595,62008CJ0003,0,1,1,NA,1,1,1,0,NA,NA,NA,1,0,0,0,0,NA,1,1,-1,-1,NA,NA,NA,NA
2438,DEC_C_2008_0007_J_20090702,ECLI:EU:C:2009:417:20090702,ECLI:EU:C:2009:417,62008CJ0007,1,NA,0,1,NA,0,NA,NA,0,0,0,0,0,0,0,0,0,-1,NA,-1,NA,0,0,0,0
2439,DEC_C_2008_0016_J_20090611,ECLI:EU:C:2009:366:20090611,ECLI:EU:C:2009:366,62008CJ0016,1,NA,0,1,NA,0,NA,NA,0,0,0,0,0,0,0,0,0,-1,NA,-1,NA,0,0,0,0
2440,DEC_C_2008_0022_J_20090604,ECLI:EU:C:2009:344:20090604,ECLI:EU:C:2009:344,62008CJ0022,0,1,1,NA,1,1,0,0,NA,NA,NA,0,1,1,0,0,NA,0,1,-1,-1,NA,NA,NA,NA
2441,DEC_C_2008_0022_O_20080407,ECLI:EU:C:2008:201:20080407,ECLI:EU:C:2008:201,not available,0,1,1,NA,1,1,-1,0,NA,NA,NA,0,0,0,0,0,NA,0,0,-1,-1,NA,NA,NA,NA
2442,DEC_C_2008_0027_J_20090430,ECLI:EU:C:2009:278:20090430,ECLI:EU:C:2009:278,62008CJ0027,1,NA,0,1,NA,0,NA,NA,0,0,0,0,0,0,0,0,0,1,NA,-1,NA,0,0,0,1
2443,DEC_C_2008_0036_J_20081002,ECLI:EU:C:2008:536:20081002,ECLI:EU:C:2008:536,62008CJ0036,0,0,1,0,0,0,-1,0,0,0,0,0,0,0,0,0,0,1,-1,-1,-1,0,0,1,0
2444,DEC_C_2008_0046_J_20100908,ECLI:EU:C:2010:505:20100908,ECLI:EU:C:2010:505,62008CJ0046,0,NA,0,1,NA,0,NA,NA,0,0,0,0,0,0,0,0,0,0,NA,-1,NA,0,0,1,0
2445,DEC_C_2008_0047_J_20110524,ECLI:EU:C:2011:334:20110524,ECLI:EU:C:2011:334,62008CJ0047,0,NA,0,0,NA,0,NA,NA,0,1,0,0,0,0,0,0,1,1,NA,-1,NA,0,0,1,0
2446,DEC_C_2008_0053_J_20110524,ECLI:EU:C:2011:338:20110524,ECLI:EU:C:2011:338,62008CJ0053,0,NA,0,0,NA,0,NA,NA,0,1,0,0,0,0,0,0,1,1,NA,-1,NA,0,0,1,0
2447,DEC_C_2008_0054_J_20110524,ECLI:EU:C:2011:339:20110524,ECLI:EU:C:2011:339,62008CJ0054,0,NA,0,0,NA,1,NA,NA,0,1,0,0,0,0,0,0,1,1,NA,-1,NA,0,0,1,0
2448,DEC_C_2008_0056_J_20090716,ECLI:EU:C:2009:467:20090716,ECLI:EU:C:2009:467,62008CJ0056,1,NA,0,1,NA,0,NA,NA,0,0,0,0,1,1,0,1,0,-1,NA,1,NA,0,0,0,0
2449,DEC_C_2008_0064_J_20100909,ECLI:EU:C:2010:506:20100909,ECLI:EU:C:2010:506,62008CJ0064,0,NA,0,0,NA,1,NA,NA,0,1,0,0,0,0,0,1,1,1,NA,0,NA,0,0,1,0
2450,DEC_C_2008_0073_J_20100413,ECLI:EU:C:2010:181:20100413,ECLI:EU:C:2010:181,62008CJ0073,0,0,1,NA,0,1,-1,0,NA,NA,NA,1,1,1,0,1,NA,1,1,0,-1,NA,NA,NA,NA
2451,DEC_C_2008_0091_J_20100413,ECLI:EU:C:2010:182:20100413,ECLI:EU:C:2010:182,62008CJ0091,0,NA,0,1,NA,0,NA,NA,0,1,0,0,1,0,2,0,1,1,NA,-1,NA,0,0,1,0
2452,DEC_C_2008_0093_J_20090212,ECLI:EU:C:2009:93:20090212,ECLI:EU:C:2009:93,62008CJ0093,1,NA,0,1,NA,0,NA,NA,0,0,0,0,0,0,0,0,0,0,NA,-1,NA,0,0,0,0
2453,DEC_C_2008_0094_J_20081120,ECLI:EU:C:2008:648:20081120,ECLI:EU:C:2008:648,62008CJ0094,0,0,1,NA,0,0,-1,0,NA,NA,NA,1,0,0,0,0,NA,1,1,-1,-1,NA,NA,NA,NA
2454,DEC_C_2008_0096_J_20100415,ECLI:EU:C:2010:185:20100415,ECLI:EU:C:2010:185,62008CJ0096,0,NA,0,1,NA,0,NA,NA,0,0,1,0,1,0,0,1,1,1,NA,0,NA,0,0,1,0
2455,DEC_C_2008_0100_J_20090910,ECLI:EU:C:2009:537:20090910,ECLI:EU:C:2009:537,62008CJ0100,1,NA,0,0,NA,0,NA,NA,0,1,0,0,0,0,0,1,1,1,NA,0,NA,0,0,1,0
2456,DEC_C_2008_0103_J_20091001,ECLI:EU:C:2009:597:20091001,ECLI:EU:C:2009:597,62008CJ0103,0,0,1,NA,0,1,0,0,NA,NA,NA,0,0,0,0,1,NA,0,0,1,-1,NA,NA,NA,NA
2457,DEC_C_2008_0105_J_20100617,ECLI:EU:C:2010:345:20100617,ECLI:EU:C:2010:345,62008CJ0105,0,NA,0,0,NA,0,NA,NA,0,0,0,0,0,0,0,0,0,0,NA,-1,NA,0,0,0,0
2458,DEC_C_2008_0124_J_20090716,ECLI:EU:C:2009:469:20090716,ECLI:EU:C:2009:469,62008CJ0124,1,NA,0,0,NA,1,NA,NA,0,0,0,0,0,0,0,0,0,-1,NA,-1,NA,0,0,0,0
2459,DEC_C_2008_0126_J_20090716,ECLI:EU:C:2009:470:20090716,ECLI:EU:C:2009:470,62008CJ0126,1,NA,0,0,NA,1,NA,NA,0,0,0,0,0,0,0,0,0,-1,NA,-1,NA,0,0,0,0
2460,DEC_C_2008_0127_J_20080725,ECLI:EU:C:2008:449:20080725,ECLI:EU:C:2008:449,62008CJ0127,0,0,1,NA,0,1,-1,1,NA,NA,NA,1,0,0,2,0,NA,1,1,-1,1,NA,NA,NA,NA
2461,DEC_C_2008_0132_J_20090430,ECLI:EU:C:2009:281:20090430,ECLI:EU:C:2009:281,62008CJ0132,1,NA,0,1,NA,0,NA,NA,0,0,0,0,0,0,0,0,0,-1,NA,-1,NA,0,0,0,1
2462,DEC_C_2008_0134_J_20090402,ECLI:EU:C:2009:229:20090402,ECLI:EU:C:2009:229,62008CJ0134,1,NA,0,1,NA,0,NA,NA,0,0,0,0,0,0,0,0,0,1,NA,-1,NA,0,0,0,1
2463,DEC_C_2008_0135_J_20100302,ECLI:EU:C:2010:104:20100302,ECLI:EU:C:2010:104,62008CJ0135,0,0,1,NA,0,1,0,0,NA,NA,NA,1,0,0,0,0,NA,0,-1,-1,-1,NA,NA,NA,NA
2464,DEC_C_2008_0140_J_20091029,ECLI:EU:C:2009:667:20091029,ECLI:EU:C:2009:667,62008CJ0140,1,NA,0,1,NA,0,NA,NA,0,0,0,0,1,0,0,0,0,0,NA,-1,NA,0,0,0,0
2465,DEC_C_2008_0143_J_20090319,ECLI:EU:C:2009:174:20090319,ECLI:EU:C:2009:174,62008CJ0143,0,NA,0,0,NA,0,NA,NA,0,0,0,0,0,0,0,0,0,1,NA,-1,NA,0,0,1,0
2466,DEC_C_2008_0144_J_20090604,ECLI:EU:C:2009:348:20090604,ECLI:EU:C:2009:348,62008CJ0144,0,NA,0,0,NA,0,NA,NA,0,0,0,0,0,0,0,0,0,1,NA,-1,NA,0,0,1,1
2467,DEC_C_2008_0150_J_20090507,ECLI:EU:C:2009:294:20090507,ECLI:EU:C:2009:294,62008CJ0150,1,NA,0,1,NA,0,NA,NA,0,0,0,0,0,0,0,0,0,-1,NA,-1,NA,0,0,0,0
2468,DEC_C_2008_0153_J_20091006,ECLI:EU:C:2009:618:20091006,ECLI:EU:C:2009:618,62008CJ0153,0,NA,0,0,NA,0,NA,NA,0,1,0,0,0,0,0,1,1,1,NA,0,NA,0,0,1,0
2469,DEC_C_2008_0155_J_20090611,ECLI:EU:C:2009:368:20090611,ECLI:EU:C:2009:368,62008CJ0155,0,NA,0,0,NA,1,NA,NA,0,0,1,0,0,0,0,1,1,0,NA,1,NA,0,0,0,0
2470,DEC_C_2008_0158_J_20090604,ECLI:EU:C:2009:349:20090604,ECLI:EU:C:2009:349,62008CJ0158,1,NA,0,1,NA,0,NA,NA,0,0,0,0,1,1,0,0,0,0,NA,-1,NA,0,0,0,0
2471,DEC_C_2008_0160_J_20100429,ECLI:EU:C:2010:230:20100429,ECLI:EU:C:2010:230,62008CJ0160,0,NA,0,0,NA,0,NA,NA,0,0,0,0,0,0,0,0,0,1,NA,-1,NA,0,0,0,1
2472,DEC_C_2008_0161_J_20090514,ECLI:EU:C:2009:308:20090514,ECLI:EU:C:2009:308,62008CJ0161,1,NA,0,1,NA,0,NA,NA,0,0,0,0,1,1,0,0,0,-1,NA,-1,NA,0,0,0,0
2473,DEC_C_2008_0165_J_20090716,ECLI:EU:C:2009:473:20090716,ECLI:EU:C:2009:473,62008CJ0165,1,NA,0,0,NA,0,NA,NA,0,0,0,0,0,0,0,0,0,1,NA,-1,NA,0,0,0,1
2474,DEC_C_2008_0169_J_20091117,ECLI:EU:C:2009:709:20091117,ECLI:EU:C:2009:709,62008CJ0169,0,NA,0,1,NA,0,NA,NA,0,1,0,0,0,0,0,1,1,1,NA,0,NA,0,0,1,0
2475,DEC_C_2008_0173_J_20090618,ECLI:EU:C:2009:382:20090618,ECLI:EU:C:2009:382,62008CJ0173,1,NA,0,1,NA,0,NA,NA,0,0,0,0,0,0,0,0,0,-1,NA,-1,NA,0,0,0,0
2476,DEC_C_2008_0192_J_20091112,ECLI:EU:C:2009:696:20091112,ECLI:EU:C:2009:696,62008CJ0192,0,NA,0,1,NA,0,NA,NA,0,0,0,0,1,1,0,0,0,1,NA,-1,NA,0,0,0,1
2477,DEC_C_2008_0197_J_20100304,ECLI:EU:C:2010:111:20100304,ECLI:EU:C:2010:111,62008CJ0197,1,NA,0,0,NA,0,NA,NA,0,0,0,0,0,0,0,0,0,1,NA,-1,NA,0,0,0,1
2478,DEC_C_2008_0203_J_20100603,ECLI:EU:C:2010:307:20100603,ECLI:EU:C:2010:307,62008CJ0203,0,NA,0,1,NA,0,NA,NA,0,0,1,0,0,0,0,0,1,0,NA,-1,NA,0,0,0,0
2479,DEC_C_2008_0211_J_20100615,ECLI:EU:C:2010:340:20100615,ECLI:EU:C:2010:340,62008CJ0211,0,NA,0,0,NA,0,NA,NA,1,0,1,1,0,0,0,0,0,0,NA,-1,NA,0,0,0,0
2480,DEC_C_2008_0212_J_20110630,ECLI:EU:C:2011:437:20110630,ECLI:EU:C:2011:437,62008CJ0212,0,NA,0,1,NA,0,NA,NA,0,0,0,0,1,1,0,1,1,0,NA,-1,NA,0,0,1,0
2481,DEC_C_2008_0223_J_20081204,ECLI:EU:C:2008:691:20081204,ECLI:EU:C:2008:691,62008CJ0223,0,0,1,0,0,0,-1,0,0,0,0,0,0,0,0,0,0,1,-1,-1,-1,0,0,1,0
2482,DEC_C_2008_0224_J_20090210,ECLI:EU:C:2009:72:20090210,ECLI:EU:C:2009:72,62008CJ0224,0,0,1,NA,0,0,-1,0,NA,NA,NA,0,0,0,0,0,NA,1,-1,-1,-1,NA,NA,NA,NA
2483,DEC_C_2008_0230_J_20100429,ECLI:EU:C:2010:231:20100429,ECLI:EU:C:2010:231,62008CJ0230,1,NA,0,1,NA,0,NA,NA,0,0,0,0,1,1,0,0,0,0,NA,-1,NA,0,0,0,0
2484,DEC_C_2008_0236_J_20100323,ECLI:EU:C:2010:159:20100323,ECLI:EU:C:2010:159,62008CJ0236,0,NA,0,1,NA,0,NA,NA,0,0,0,0,1,0,0,-1,0,-1,NA,-1,NA,0,0,0,0
2485,DEC_C_2008_0239_J_20081211,ECLI:EU:C:2008:719:20081211,ECLI:EU:C:2008:719,62008CJ0239,0,0,1,0,0,0,-1,0,0,0,0,0,0,0,0,0,0,-1,-1,-1,-1,0,0,1,0
2486,DEC_C_2008_0245_J_20090319,ECLI:EU:C:2009:175:20090319,ECLI:EU:C:2009:175,62008CJ0245,0,0,1,0,0,0,-1,0,0,0,0,0,0,0,0,0,0,1,-1,-1,-1,0,0,0,1
2487,DEC_C_2008_0247_J_20091001,ECLI:EU:C:2009:600:20091001,ECLI:EU:C:2009:600,62008CJ0247,0,NA,0,1,NA,0,NA,NA,0,0,0,0,0,0,0,0,0,-1,NA,-1,NA,0,0,0,0
2488,DEC_C_2008_0258_J_20100603,ECLI:EU:C:2010:308:20100603,ECLI:EU:C:2010:308,62008CJ0258,0,NA,0,1,NA,0,NA,NA,0,0,1,1,1,1,0,0,1,0,NA,-1,NA,0,0,0,0
2489,DEC_C_2008_0260_J_20091210,ECLI:EU:C:2009:768:20091210,ECLI:EU:C:2009:768,62008CJ0260,1,NA,0,1,NA,0,NA,NA,0,0,0,0,0,0,0,0,0,-1,NA,-1,NA,0,0,0,0
2490,DEC_C_2008_0261_J_20091022,ECLI:EU:C:2009:648:20091022,ECLI:EU:C:2009:648,62008CJ0261,0,0,1,NA,0,0,-1,0,NA,NA,NA,0,0,0,0,0,NA,-1,1,-1,-1,NA,NA,NA,NA
2491,DEC_C_2008_0264_J_20100128,ECLI:EU:C:2010:43:20100128,ECLI:EU:C:2010:43,62008CJ0264,1,NA,0,1,NA,0,NA,NA,0,0,0,0,0,0,2,0,0,0,NA,-1,NA,0,0,0,0
2492,DEC_C_2008_0288_J_20091119,ECLI:EU:C:2009:718:20091119,ECLI:EU:C:2009:718,62008CJ0288,1,NA,0,1,NA,0,NA,NA,0,0,0,0,0,0,0,0,0,1,NA,-1,NA,0,0,0,1
2493,DEC_C_2008_0303_J_20101222,ECLI:EU:C:2010:800:20101222,ECLI:EU:C:2010:800,62008CJ0303,0,0,1,NA,0,1,0,0,NA,NA,NA,0,1,1,2,0,NA,1,1,-1,1,NA,NA,NA,NA
2494,DEC_C_2008_0304_J_20100114,ECLI:EU:C:2010:12:20100114,ECLI:EU:C:2010:12,62008CJ0304,0,NA,0,1,NA,0,NA,NA,0,0,0,0,0,0,0,0,0,1,NA,-1,NA,0,0,0,1
2495,DEC_C_2008_0310_J_20100223,ECLI:EU:C:2010:80:20100223,ECLI:EU:C:2010:80,62008CJ0310,0,0,1,NA,0,1,-1,1,NA,NA,NA,1,0,0,0,0,NA,1,1,-1,1,NA,NA,NA,NA
2496,DEC_C_2008_0313_J_20090519,ECLI:EU:C:2009:323:20090519,ECLI:EU:C:2009:323,62008CJ0313,0,NA,0,0,NA,0,NA,NA,0,0,0,0,0,0,0,0,0,1,NA,-1,NA,0,0,1,0
2497,DEC_C_2008_0317_J_20100318,ECLI:EU:C:2010:146:20100318,ECLI:EU:C:2010:146,62008CJ0317,0,NA,0,0,NA,1,NA,NA,0,0,0,1,0,0,0,0,0,0,NA,1,NA,0,0,0,0
2498,DEC_C_2008_0325_J_20100316,ECLI:EU:C:2010:143:20100316,ECLI:EU:C:2010:143,62008CJ0325,0,1,1,NA,1,1,0,0,NA,NA,NA,1,0,0,0,1,NA,1,1,0,-1,NA,NA,NA,NA
2499,DEC_C_2008_0333_J_20100128,ECLI:EU:C:2010:44:20100128,ECLI:EU:C:2010:44,62008CJ0333,1,NA,0,0,NA,0,NA,NA,1,0,0,0,0,0,0,1,0,1,NA,0,NA,0,0,1,0
2500,DEC_C_2008_0334_J_20100708,ECLI:EU:C:2010:414:20100708,ECLI:EU:C:2010:414,62008CJ0334,1,NA,0,0,NA,0,NA,NA,0,0,0,0,0,0,0,0,0,1,NA,-1,NA,0,0,0,1
2501,DEC_C_2008_0337_J_20100225,ECLI:EU:C:2010:89:20100225,ECLI:EU:C:2010:89,62008CJ0337,0,NA,0,1,NA,0,NA,NA,0,0,1,0,0,0,0,1,1,0,NA,1,NA,0,0,0,0
2502,DEC_C_2008_0343_J_20100114,ECLI:EU:C:2010:14:20100114,ECLI:EU:C:2010:14,62008CJ0343,0,NA,0,0,NA,0,NA,NA,0,0,0,0,0,0,0,0,0,1,NA,-1,NA,0,0,0,1
2503,DEC_C_2008_0345_J_20091210,ECLI:EU:C:2009:771:20091210,ECLI:EU:C:2009:771,62008CJ0345,0,1,1,NA,1,1,1,0,NA,NA,NA,0,1,1,0,0,NA,0,NA,-1,-1,NA,NA,NA,NA
2504,DEC_C_2008_0351_J_20091112,ECLI:EU:C:2009:697:20091112,ECLI:EU:C:2009:697,62008CJ0351,0,1,1,NA,1,1,0,0,NA,NA,NA,0,0,0,0,0,NA,0,0,-1,-1,NA,NA,NA,NA
2505,DEC_C_2008_0363_J_20091126,ECLI:EU:C:2009:732:20091126,ECLI:EU:C:2009:732,62008CJ0363,0,0,1,NA,0,1,1,1,NA,NA,NA,0,0,0,0,0,NA,-1,1,-1,1,NA,NA,NA,NA
2506,DEC_C_2008_0370_J_20100520,ECLI:EU:C:2010:284:20100520,ECLI:EU:C:2010:284,62008CJ0370,1,NA,0,1,NA,0,NA,NA,0,0,0,0,1,1,0,0,0,-1,NA,-1,NA,0,0,0,0
2507,DEC_C_2008_0371_J_20111208,ECLI:EU:C:2011:809:20111208,ECLI:EU:C:2011:809,62008CJ0371,0,0,1,NA,0,1,0,1,NA,NA,NA,0,1,1,2,1,NA,0,0,-1,-1,NA,NA,NA,NA
2508,DEC_C_2008_0373_J_20100211,ECLI:EU:C:2010:68:20100211,ECLI:EU:C:2010:68,62008CJ0373,1,NA,0,1,NA,0,NA,NA,0,0,0,0,0,0,0,0,0,-1,NA,-1,NA,0,0,0,0
2509,DEC_C_2008_0384_J_20100311,ECLI:EU:C:2010:133:20100311,ECLI:EU:C:2010:133,62008CJ0384,0,NA,0,1,NA,0,NA,NA,0,0,1,0,0,0,0,0,1,1,NA,-1,NA,0,0,1,0
2510,DEC_C_2008_0386_J_20100225,ECLI:EU:C:2010:91:20100225,ECLI:EU:C:2010:91,62008CJ0386,1,NA,0,1,NA,0,NA,NA,0,0,0,0,0,0,0,0,0,-1,NA,-1,NA,0,0,0,0
2511,DEC_C_2008_0393_J_20100701,ECLI:EU:C:2010:388:20100701,ECLI:EU:C:2010:388,62008CJ0393,0,NA,0,0,NA,1,NA,NA,0,0,0,0,0,0,0,0,0,-1,NA,-1,NA,0,0,0,0
2512,DEC_C_2008_0400_J_20110324,ECLI:EU:C:2011:172:20110324,ECLI:EU:C:2011:172,62008CJ0400,0,NA,0,0,NA,0,NA,NA,0,0,1,0,0,0,0,1,1,1,NA,0,NA,0,0,1,0
2513,DEC_C_2008_0403_J_20111004,ECLI:EU:C:2011:631:20111004,ECLI:EU:C:2011:631,62008CJ0403,0,NA,0,1,NA,0,NA,NA,0,0,1,0,0,0,0,1,1,1,NA,0,NA,0,0,1,0
2514,DEC_C_2008_0410_J_20091217,ECLI:EU:C:2009:794:20091217,ECLI:EU:C:2009:794,62008CJ0410,1,NA,0,1,NA,0,NA,NA,0,0,0,0,0,0,0,0,0,-1,NA,-1,NA,0,0,0,0
2515,DEC_C_2008_0410_O_20081210,ECLI:EU:C:2008:700:20081210,ECLI:EU:C:2008:700,not available,1,NA,0,1,NA,0,NA,NA,0,0,0,0,0,0,0,0,0,-1,NA,-1,NA,0,0,0,0
2516,DEC_C_2008_0419[P]_J_20100318,ECLI:EU:C:2010:147:20100318,ECLI:EU:C:2010:147,62008CJ0419,1,NA,0,0,NA,1,NA,NA,0,0,0,0,0,0,0,0,0,1,NA,-1,NA,0,0,0,0
2517,DEC_C_2008_0423_J_20100617,ECLI:EU:C:2010:347:20100617,ECLI:EU:C:2010:347,62008CJ0423,1,NA,0,0,NA,0,NA,NA,0,0,0,0,0,0,0,0,0,1,NA,-1,NA,0,0,0,1
2518,DEC_C_2008_0427_J_20090604,ECLI:EU:C:2009:352:20090604,ECLI:EU:C:2009:352,62008CJ0427,0,0,1,0,0,0,-1,0,0,0,0,0,0,0,0,0,0,1,-1,-1,-1,0,0,1,0
2519,DEC_C_2008_0430_J_20100114,ECLI:EU:C:2010:15:20100114,ECLI:EU:C:2010:15,62008CJ0430,1,NA,0,1,NA,0,NA,NA,0,0,0,0,0,0,0,0,0,1,NA,-1,NA,0,0,0,1
2520,DEC_C_2008_0430_O_20081113,ECLI:EU:C:2008:628:20081113,ECLI:EU:C:2008:628,not available,1,NA,0,1,NA,0,NA,NA,0,0,0,0,0,0,0,0,0,0,NA,-1,NA,0,0,0,0
2521,DEC_C_2008_0440_J_20100318,ECLI:EU:C:2010:148:20100318,ECLI:EU:C:2010:148,62008CJ0440,0,NA,0,0,NA,1,NA,NA,0,1,0,0,0,0,0,0,1,1,NA,-1,NA,0,0,1,0
2522,DEC_C_2008_0442_J_20100701,ECLI:EU:C:2010:390:20100701,ECLI:EU:C:2010:390,62008CJ0442,1,NA,0,0,NA,0,NA,NA,0,0,0,0,0,0,0,0,0,1,NA,-1,NA,0,0,0,1
2523,DEC_C_2008_0446_J_20100429,ECLI:EU:C:2010:233:20100429,ECLI:EU:C:2010:233,62008CJ0446,1,NA,0,0,NA,1,NA,NA,1,1,0,1,1,1,0,1,0,0,NA,-1,NA,0,0,0,0
2524,DEC_C_2008_0447_J_20100708,ECLI:EU:C:2010:415:20100708,ECLI:EU:C:2010:415,62008CJ0447,0,NA,0,0,NA,1,NA,NA,0,0,1,1,1,1,0,1,1,0,NA,1,NA,0,0,0,0
2525,DEC_C_2008_0458_J_20101118,ECLI:EU:C:2010:692:20101118,ECLI:EU:C:2010:692,62008CJ0458,0,NA,0,0,NA,0,NA,NA,1,0,1,0,0,0,0,1,1,1,NA,0,NA,0,0,1,0
2526,DEC_C_2008_0460_J_20091210,ECLI:EU:C:2009:774:20091210,ECLI:EU:C:2009:774,62008CJ0460,0,0,1,NA,0,0,-1,0,NA,NA,NA,1,0,0,0,0,NA,1,1,-1,-1,NA,NA,NA,NA
2527,DEC_C_2008_0462_J_20100121,ECLI:EU:C:2010:30:20100121,ECLI:EU:C:2010:30,62008CJ0462,0,0,1,NA,0,1,1,1,NA,NA,NA,0,0,0,2,0,NA,1,1,-1,-1,NA,NA,NA,NA
2528,DEC_C_2008_0465_J_20090702,ECLI:EU:C:2009:424:20090702,ECLI:EU:C:2009:424,62008CJ0465,0,0,1,NA,0,0,-1,0,NA,NA,NA,0,0,0,0,0,NA,1,-1,-1,-1,NA,NA,NA,NA
2529,DEC_C_2008_0468_J_20091001,ECLI:EU:C:2009:602:20091001,ECLI:EU:C:2009:602,62008CJ0468,0,0,1,NA,0,0,-1,0,NA,NA,NA,0,0,0,0,0,NA,1,-1,-1,-1,NA,NA,NA,NA
2530,DEC_C_2008_0469_J_20090709,ECLI:EU:C:2009:445:20090709,ECLI:EU:C:2009:445,62008CJ0469,0,0,1,0,0,0,-1,0,0,0,0,0,0,0,0,0,0,1,-1,-1,-1,0,0,0,1
2531,DEC_C_2008_0477_J_20090924,ECLI:EU:C:2009:578:20090924,ECLI:EU:C:2009:578,62008CJ0477,0,0,1,NA,0,0,-1,0,NA,NA,NA,0,0,0,0,0,NA,1,-1,-1,-1,NA,NA,NA,NA
2532,DEC_C_2008_0480_J_20100223,ECLI:EU:C:2010:83:20100223,ECLI:EU:C:2010:83,62008CJ0480,0,0,1,NA,0,1,1,0,NA,NA,NA,0,1,1,0,0,NA,1,1,-1,1,NA,NA,NA,NA
2533,DEC_C_2008_0502_J_20091001,ECLI:EU:C:2009:603:20091001,ECLI:EU:C:2009:603,62008CJ0502,0,NA,0,0,NA,0,NA,NA,0,0,0,0,0,0,0,0,0,1,NA,-1,NA,0,0,0,1
2534,DEC_C_2008_0504_J_20090924,ECLI:EU:C:2009:581:20090924,ECLI:EU:C:2009:581,62008CJ0504,0,NA,0,0,NA,0,NA,NA,0,0,0,0,0,0,0,0,0,1,NA,-1,NA,0,0,1,0
2535,DEC_C_2008_0505_J_20091217,ECLI:EU:C:2009:797:20091217,ECLI:EU:C:2009:797,62008CJ0505,0,0,1,0,0,0,-1,0,0,0,0,0,0,0,0,0,0,1,-1,-1,-1,0,0,0,1
2536,DEC_C_2008_0515_J_20101007,ECLI:EU:C:2010:589:20101007,ECLI:EU:C:2010:589,62008CJ0515,0,NA,0,0,NA,1,NA,NA,0,0,1,0,0,0,0,1,1,0,NA,1,NA,0,0,1,0
2537,DEC_C_2008_0532_J_20090519,ECLI:EU:C:2009:327:20090519,ECLI:EU:C:2009:327,62008CJ0532,0,NA,0,0,NA,0,NA,NA,0,0,0,0,0,0,0,0,0,1,NA,-1,NA,0,0,0,1
2538,DEC_C_2008_0542_J_20100415,ECLI:EU:C:2010:193:20100415,ECLI:EU:C:2010:193,62008CJ0542,0,1,1,NA,1,1,0,0,NA,NA,NA,0,0,0,0,0,NA,0,0,-1,-1,NA,NA,NA,NA
2539,DEC_C_2008_0545_J_20100506,ECLI:EU:C:2010:249:20100506,ECLI:EU:C:2010:249,62008CJ0545,0,NA,0,0,NA,0,NA,NA,0,0,0,0,0,0,0,0,0,1,NA,-1,NA,0,0,1,0
2540,DEC_C_2008_0546_J_20090611,ECLI:EU:C:2009:373:20090611,ECLI:EU:C:2009:373,62008CJ0546,0,NA,0,0,NA,0,NA,NA,0,0,0,0,0,0,0,0,0,1,NA,-1,NA,0,0,1,0
2541,DEC_C_2008_0550_J_20100617,ECLI:EU:C:2010:349:20100617,ECLI:EU:C:2010:349,62008CJ0550,1,NA,0,1,NA,0,NA,NA,0,0,0,0,0,0,0,0,0,0,NA,-1,NA,0,0,0,0
2542,DEC_C_2008_0556_J_20090709,ECLI:EU:C:2009:448:20090709,ECLI:EU:C:2009:448,62008CJ0556,0,0,1,NA,0,0,-1,0,NA,NA,NA,0,0,0,0,0,NA,1,-1,-1,-1,NA,NA,NA,NA
2543,DEC_C_2008_0565_J_20110329,ECLI:EU:C:2011:188:20110329,ECLI:EU:C:2011:188,62008CJ0565,0,NA,0,0,NA,0,NA,NA,0,0,1,1,0,0,0,0,0,0,NA,-1,NA,0,0,0,0
2544,DEC_C_2008_0567_J_20090702,ECLI:EU:C:2009:425:20090702,ECLI:EU:C:2009:425,62008CJ0567,0,0,1,0,0,0,-1,0,0,0,0,0,0,0,0,0,0,1,-1,-1,-1,0,0,0,1
2545,DEC_C_2008_0571_J_20100624,ECLI:EU:C:2010:367:20100624,ECLI:EU:C:2010:367,62008CJ0571,1,NA,0,0,NA,0,NA,NA,0,0,0,0,0,0,0,0,0,1,NA,-1,NA,0,0,0,1
2546,DEC_C_2008_0577_J_20100729,ECLI:EU:C:2010:449:20100729,ECLI:EU:C:2010:449,62008CJ0577,0,0,1,NA,0,1,1,0,NA,NA,NA,0,1,0,0,0,NA,1,1,-1,-1,NA,NA,NA,NA
2547,DEC_C_2008_0578_J_20100304,ECLI:EU:C:2010:117:20100304,ECLI:EU:C:2010:117,62008CJ0578,0,0,1,NA,0,1,1,0,NA,NA,NA,0,0,0,0,0,NA,1,1,-1,1,NA,NA,NA,NA
2548,DEC_C_2008_0586_J_20091217,ECLI:EU:C:2009:801:20091217,ECLI:EU:C:2009:801,62008CJ0586,0,1,1,0,1,1,0,0,0,0,0,0,0,0,0,0,0,1,0,-1,-1,0,0,0,1
2549,DEC_C_2009_0002_J_20100603,ECLI:EU:C:2010:312:20100603,ECLI:EU:C:2010:312,62009CJ0002,1,NA,0,0,NA,1,NA,NA,0,1,0,0,0,0,0,0,1,1,NA,-1,NA,0,0,1,0
2550,DEC_C_2009_0006_J_20091006,ECLI:EU:C:2009:621:20091006,ECLI:EU:C:2009:621,62009CJ0006,0,NA,0,0,NA,0,NA,NA,0,0,0,0,0,0,0,0,0,1,NA,-1,NA,0,0,1,0
2551,DEC_C_2009_0014_J_20100204,ECLI:EU:C:2010:57:20100204,ECLI:EU:C:2010:57,62009CJ0014,0,1,1,NA,1,1,1,0,NA,NA,NA,0,1,1,2,0,NA,1,1,-1,-1,NA,NA,NA,NA
2552,DEC_C_2009_0016_J_20101014,ECLI:EU:C:2010:605:20101014,ECLI:EU:C:2010:605,62009CJ0016,0,1,1,NA,1,1,1,0,NA,NA,NA,1,0,0,0,0,NA,1,1,-1,-1,NA,NA,NA,NA
2553,DEC_C_2009_0018_J_20100204,ECLI:EU:C:2010:58:20100204,ECLI:EU:C:2010:58,62009CJ0018,0,NA,0,0,NA,0,NA,NA,0,0,0,0,0,0,0,0,0,0,NA,-1,NA,0,0,0,0
2554,DEC_C_2009_0025_J_20100225,ECLI:EU:C:2010:95:20100225,ECLI:EU:C:2010:95,62009CJ0025,1,NA,0,1,NA,0,NA,NA,0,0,0,0,0,0,0,0,0,0,NA,-1,NA,0,0,0,0
2555,DEC_C_2009_0028_J_20111221,ECLI:EU:C:2011:854:20111221,ECLI:EU:C:2011:854,62009CJ0028,1,NA,0,0,NA,0,NA,NA,0,0,0,0,0,0,0,1,0,1,NA,0,NA,0,0,1,0
2556,DEC_C_2009_0034_J_20110308,ECLI:EU:C:2011:124:20110308,ECLI:EU:C:2011:124,62009CJ0034,0,1,1,NA,1,1,-1,0,NA,NA,NA,1,0,0,0,0,NA,1,1,-1,1,NA,NA,NA,NA
2557,DEC_C_2009_0047_J_20101125,ECLI:EU:C:2010:714:20101125,ECLI:EU:C:2010:714,62009CJ0047,1,NA,0,0,NA,0,NA,NA,0,0,0,0,0,0,0,0,0,1,NA,-1,NA,0,0,0,1
2558,DEC_C_2009_0056_J_20100520,ECLI:EU:C:2010:288:20100520,ECLI:EU:C:2010:288,62009CJ0056,0,1,1,0,1,1,0,0,0,0,1,0,1,0,0,0,1,1,1,-1,-1,0,0,1,0
2559,DEC_C_2009_0062_J_20100422,ECLI:EU:C:2010:219:20100422,ECLI:EU:C:2010:219,62009CJ0062,0,NA,0,1,NA,0,NA,NA,0,0,0,1,0,0,0,0,0,0,NA,-1,NA,0,0,0,0
2560,DEC_C_2009_0075_J_20100617,ECLI:EU:C:2010:352:20100617,ECLI:EU:C:2010:352,62009CJ0075,1,NA,0,1,NA,0,NA,NA,0,0,0,1,0,0,0,0,0,0,NA,-1,NA,0,0,0,0
2561,DEC_C_2009_0081_J_20101021,ECLI:EU:C:2010:622:20101021,ECLI:EU:C:2010:622,62009CJ0081,0,NA,0,1,NA,0,NA,NA,0,0,1,0,0,0,0,0,1,1,NA,-1,NA,0,0,1,0
2562,DEC_C_2009_0089_J_20101216,ECLI:EU:C:2010:772:20101216,ECLI:EU:C:2010:772,62009CJ0089,0,NA,0,0,NA,0,NA,NA,0,0,1,0,0,0,0,1,1,1,NA,1,NA,0,0,1,0
2563,DEC_C_2009_0099_J_20100701,ECLI:EU:C:2010:395:20100701,ECLI:EU:C:2010:395,62009CJ0099,0,NA,0,1,NA,0,NA,NA,0,0,0,0,0,0,0,0,0,-1,NA,-1,NA,0,0,0,1
2564,DEC_C_2009_0100_J_20091001,ECLI:EU:C:2009:607:20091001,ECLI:EU:C:2009:607,62009CJ0100,0,NA,0,0,NA,0,NA,NA,0,0,0,0,0,0,0,0,0,1,NA,-1,NA,0,0,1,0
2565,DEC_C_2009_0108_J_20101202,ECLI:EU:C:2010:725:20101202,ECLI:EU:C:2010:725,62009CJ0108,1,NA,0,1,NA,0,NA,NA,1,0,1,0,0,0,0,1,1,1,NA,0,NA,0,0,1,0
2566,DEC_C_2009_0118_J_20101222,ECLI:EU:C:2010:805:20101222,ECLI:EU:C:2010:805,62009CJ0118,0,1,1,0,1,1,0,0,0,0,0,0,0,0,0,0,0,1,1,-1,-1,0,0,0,1
2567,DEC_C_2009_0119_J_20110405,ECLI:EU:C:2011:208:20110405,ECLI:EU:C:2011:208,62009CJ0119,0,NA,0,1,NA,0,NA,NA,0,0,0,0,1,0,0,0,0,1,NA,-1,NA,0,0,0,1
2568,DEC_C_2009_0122_J_20100422,ECLI:EU:C:2010:222:20100422,ECLI:EU:C:2010:222,62009CJ0122,0,NA,0,1,NA,0,NA,NA,0,0,0,1,0,0,0,0,0,0,NA,-1,NA,0,0,0,0
2569,DEC_C_2009_0123_J_20100429,ECLI:EU:C:2010:237:20100429,ECLI:EU:C:2010:237,62009CJ0123,1,NA,0,1,NA,0,NA,NA,0,0,0,0,0,0,0,0,0,-1,NA,-1,NA,0,0,0,0
2570,DEC_C_2009_0125_J_20120426,ECLI:EU:C:2012:239:20120426,ECLI:EU:C:2012:239,62009CJ0125,0,NA,0,0,NA,0,NA,NA,0,0,0,0,0,0,0,0,0,1,NA,-1,NA,0,0,1,0
2571,DEC_C_2009_0137_J_20101216,ECLI:EU:C:2010:774:20101216,ECLI:EU:C:2010:774,62009CJ0137,0,NA,0,0,NA,1,NA,NA,0,1,0,1,0,0,0,1,1,0,NA,1,NA,0,0,1,0
2572,DEC_C_2009_0142_J_20101118,ECLI:EU:C:2010:694:20101118,ECLI:EU:C:2010:694,62009CJ0142,1,NA,0,0,NA,1,NA,NA,1,0,0,0,1,0,0,1,0,0,NA,-1,NA,0,0,0,0
2573,DEC_C_2009_0145_J_20101123,ECLI:EU:C:2010:708:20101123,ECLI:EU:C:2010:708,62009CJ0145,0,0,1,NA,0,1,0,0,NA,NA,NA,0,1,1,0,1,NA,0,0,-1,-1,NA,NA,NA,NA
2574,DEC_C_2009_0154_J_20101007,ECLI:EU:C:2010:591:20101007,ECLI:EU:C:2010:591,62009CJ0154,0,NA,0,0,NA,0,NA,NA,0,0,0,0,0,0,0,0,0,1,NA,-1,NA,0,0,1,0
2575,DEC_C_2009_0155_J_20110120,ECLI:EU:C:2011:22:20110120,ECLI:EU:C:2011:22,62009CJ0155,0,0,1,NA,0,0,-1,0,NA,NA,NA,1,0,0,0,1,NA,1,-1,0,-1,NA,NA,NA,NA
2576,DEC_C_2009_0157_J_20111201,ECLI:EU:C:2011:794:20111201,ECLI:EU:C:2011:794,62009CJ0157,0,NA,0,0,NA,0,NA,NA,0,1,0,0,0,0,0,0,1,1,NA,-1,NA,0,0,1,0
2577,DEC_C_2009_0161_J_20110303,ECLI:EU:C:2011:110:20110303,ECLI:EU:C:2011:110,62009CJ0161,1,NA,0,1,NA,0,NA,NA,0,0,0,0,0,0,0,1,0,1,NA,0,NA,0,0,1,0
2578,DEC_C_2009_0162_J_20101007,ECLI:EU:C:2010:592:20101007,ECLI:EU:C:2010:592,62009CJ0162,0,1,1,NA,1,1,1,0,NA,NA,NA,1,0,0,0,0,NA,-1,1,-1,-1,NA,NA,NA,NA
2579,DEC_C_2009_0163_J_20101209,ECLI:EU:C:2010:752:20101209,ECLI:EU:C:2010:752,62009CJ0163,1,NA,0,1,NA,0,NA,NA,0,1,0,0,1,1,0,1,0,1,NA,-1,NA,0,0,0,1
2580,DEC_C_2009_0170_J_20100225,ECLI:EU:C:2010:97:20100225,ECLI:EU:C:2010:97,62009CJ0170,0,NA,0,0,NA,0,NA,NA,0,0,0,0,0,0,0,0,0,1,NA,-1,NA,0,0,1,0
2581,DEC_C_2009_0173_J_20101005,ECLI:EU:C:2010:581:20101005,ECLI:EU:C:2010:581,62009CJ0173,0,0,1,0,0,1,0,0,1,0,0,0,1,0,0,1,1,1,1,0,-1,0,0,1,1
2582,DEC_C_2009_0196_J_20110614,ECLI:EU:C:2011:388:20110614,ECLI:EU:C:2011:388,62009CJ0196,0,1,1,NA,1,1,-1,0,NA,NA,NA,0,0,0,0,0,NA,-1,-1,-1,-1,NA,NA,NA,NA
2583,DEC_C_2009_0199_J_20101202,ECLI:EU:C:2010:728:20101202,ECLI:EU:C:2010:728,62009CJ0199,1,NA,0,1,NA,0,NA,NA,0,0,0,0,0,0,0,0,0,-1,NA,-1,NA,0,0,0,0
2584,DEC_C_2009_0203_J_20101028,ECLI:EU:C:2010:647:20101028,ECLI:EU:C:2010:647,62009CJ0203,0,NA,0,1,NA,0,NA,NA,0,NA,NA,0,0,0,NA,0,NA,1,NA,-1,NA,NA,NA,NA,NA
2585,DEC_C_2009_0208_J_20101222,ECLI:EU:C:2010:806:20101222,ECLI:EU:C:2010:806,62009CJ0208,0,1,1,NA,1,1,1,0,NA,NA,NA,0,0,0,0,1,NA,0,0,1,-1,NA,NA,NA,NA
2586,DEC_C_2009_0213_J_20101125,ECLI:EU:C:2010:716:20101125,ECLI:EU:C:2010:716,62009CJ0213,1,NA,0,0,NA,1,NA,NA,0,0,0,0,0,0,0,0,0,-1,NA,-1,NA,0,0,0,0
2587,DEC_C_2009_0215_J_20101222,ECLI:EU:C:2010:807:20101222,ECLI:EU:C:2010:807,62009CJ0215,0,NA,0,1,NA,0,NA,NA,0,0,0,0,0,0,0,-1,0,-1,NA,-1,NA,0,0,0,0
2588,DEC_C_2009_0225_J_20101202,ECLI:EU:C:2010:729:20101202,ECLI:EU:C:2010:729,62009CJ0225,0,1,1,0,1,1,-1,0,0,1,0,0,1,0,0,0,0,0,0,-1,-1,0,0,0,0
2589,DEC_C_2009_0234_J_20100715,ECLI:EU:C:2010:435:20100715,ECLI:EU:C:2010:435,62009CJ0234,1,NA,0,1,NA,0,NA,NA,0,0,0,0,0,0,0,0,0,1,NA,-1,NA,0,0,0,1
2590,DEC_C_2009_0245_J_20101222,ECLI:EU:C:2010:808:20101222,ECLI:EU:C:2010:808,62009CJ0245,0,NA,0,1,NA,0,NA,NA,0,0,0,0,0,0,0,0,0,-1,NA,-1,NA,0,0,0,0
2591,DEC_C_2009_0247_J_20101118,ECLI:EU:C:2010:698:20101118,ECLI:EU:C:2010:698,62009CJ0247,0,1,1,NA,1,1,1,0,NA,NA,NA,0,0,0,0,0,NA,0,0,-1,-1,NA,NA,NA,NA
2592,DEC_C_2009_0248_J_20100729,ECLI:EU:C:2010:457:20100729,ECLI:EU:C:2010:457,62009CJ0248,1,NA,0,1,NA,0,NA,NA,0,0,0,0,0,0,0,0,0,-1,NA,-1,NA,0,0,0,0
2593,DEC_C_2009_0251_J_20110217,ECLI:EU:C:2011:84:20110217,ECLI:EU:C:2011:84,62009CJ0251,0,NA,0,0,NA,0,NA,NA,0,0,0,1,0,0,0,0,0,-1,NA,-1,NA,0,0,0,0
2594,DEC_C_2009_0253_J_20111201,ECLI:EU:C:2011:795:20111201,ECLI:EU:C:2011:795,62009CJ0253,0,NA,0,0,NA,0,NA,NA,1,1,0,1,0,0,0,1,1,0,NA,1,NA,0,0,0,0
2595,DEC_C_2009_0255_J_20111027,ECLI:EU:C:2011:695:20111027,ECLI:EU:C:2011:695,62009CJ0255,0,NA,0,0,NA,0,NA,NA,0,0,0,0,0,0,0,0,0,1,NA,-1,NA,0,0,1,0
2596,DEC_C_2009_0273_J_20101222,ECLI:EU:C:2010:809:20101222,ECLI:EU:C:2010:809,62009CJ0273,1,NA,0,1,NA,0,NA,NA,0,0,0,0,0,0,0,0,0,-1,NA,-1,NA,1,1,0,0
2597,DEC_C_2009_0281_J_20111124,ECLI:EU:C:2011:767:20111124,ECLI:EU:C:2011:767,62009CJ0281,0,NA,0,0,NA,0,NA,NA,0,0,0,0,0,0,0,0,0,-1,NA,-1,NA,0,0,0,1
2598,DEC_C_2009_0288_J_20110414,ECLI:EU:C:2011:248:20110414,ECLI:EU:C:2011:248,62009CJ0288,1,NA,0,1,NA,0,NA,NA,0,0,0,0,0,0,0,-1,0,-1,NA,-1,NA,0,0,0,0
2599,DEC_C_2009_0288_O_20090922,ECLI:EU:C:2009:572:20090922,ECLI:EU:C:2009:572,not available,1,NA,0,1,NA,0,NA,NA,0,0,0,0,0,0,0,-1,0,1,NA,-1,NA,1,1,0,0
2600,DEC_C_2009_0291_J_20110407,ECLI:EU:C:2011:217:20110407,ECLI:EU:C:2011:217,62009CJ0291,1,NA,0,1,NA,0,NA,NA,0,1,0,0,0,0,0,0,0,0,NA,-1,NA,0,0,0,0
2601,DEC_C_2009_0296_J_20101209,ECLI:EU:C:2010:755:20101209,ECLI:EU:C:2010:755,62009CJ0296,0,1,1,NA,1,1,0,0,NA,NA,NA,0,0,0,0,0,NA,-1,0,-1,-1,NA,NA,NA,NA
2602,DEC_C_2009_0300_J_20101209,ECLI:EU:C:2010:756:20101209,ECLI:EU:C:2010:756,62009CJ0300,0,1,1,NA,1,1,0,0,NA,NA,NA,0,1,1,0,0,NA,1,1,-1,0,NA,NA,NA,NA
2603,DEC_C_2009_0307_J_20110210,ECLI:EU:C:2011:64:20110210,ECLI:EU:C:2011:64,62009CJ0307,0,NA,0,1,NA,0,NA,NA,0,0,0,0,0,0,0,0,0,-1,NA,-1,NA,0,0,0,0
2604,DEC_C_2009_0307_O_20091002,ECLI:EU:C:2009:609:20091002,ECLI:EU:C:2009:609,not available,0,NA,0,1,NA,0,NA,NA,0,0,0,1,0,0,0,0,0,0,NA,-1,NA,0,0,0,0
2605,DEC_C_2009_0310_J_20110915,ECLI:EU:C:2011:581:20110915,ECLI:EU:C:2011:581,62009CJ0310,0,NA,0,1,NA,0,NA,NA,0,0,1,0,1,1,0,0,1,1,NA,-1,NA,0,0,1,0
2606,DEC_C_2009_0325_J_20110721,ECLI:EU:C:2011:498:20110721,ECLI:EU:C:2011:498,62009CJ0325,0,0,1,NA,0,1,1,0,NA,NA,NA,0,0,0,0,0,NA,0,1,-1,-1,NA,NA,NA,NA
2607,DEC_C_2009_0338_J_20101222,ECLI:EU:C:2010:814:20101222,ECLI:EU:C:2010:814,62009CJ0338,0,NA,0,1,NA,0,NA,NA,0,0,0,0,0,0,0,1,0,1,NA,0,NA,0,0,1,0
2608,DEC_C_2009_0339_J_20101216,ECLI:EU:C:2010:781:20101216,ECLI:EU:C:2010:781,62009CJ0339,1,NA,0,1,NA,0,NA,NA,0,0,0,0,0,0,0,0,0,-1,NA,-1,NA,0,0,0,0
2609,DEC_C_2009_0345_J_20101014,ECLI:EU:C:2010:610:20101014,ECLI:EU:C:2010:610,62009CJ0345,0,0,1,NA,0,1,-1,0,NA,NA,NA,0,1,1,0,0,NA,0,1,-1,-1,NA,NA,NA,NA
2610,DEC_C_2009_0348_J_20120522,ECLI:EU:C:2012:300:20120522,ECLI:EU:C:2012:300,62009CJ0348,0,0,1,NA,0,1,0,0,NA,NA,NA,0,0,0,0,0,NA,0,0,-1,-1,NA,NA,NA,NA
2611,DEC_C_2009_0354_J_20100715,ECLI:EU:C:2010:439:20100715,ECLI:EU:C:2010:439,62009CJ0354,1,NA,0,1,NA,0,NA,NA,0,0,0,0,0,0,0,0,0,-1,NA,-1,NA,0,0,0,0
2612,DEC_C_2009_0359_J_20110203,ECLI:EU:C:2011:44:20110203,ECLI:EU:C:2011:44,62009CJ0359,0,1,1,0,1,1,0,0,0,0,0,0,1,0,0,0,0,1,0,-1,-1,0,0,0,1
2613,DEC_C_2009_0371_J_20100729,ECLI:EU:C:2010:458:20100729,ECLI:EU:C:2010:458,62009CJ0371,1,NA,0,1,NA,0,NA,NA,0,0,0,0,0,0,0,0,0,0,NA,-1,NA,0,0,0,0
2614,DEC_C_2009_0372_J_20110317,ECLI:EU:C:2011:156:20110317,ECLI:EU:C:2011:156,62009CJ0372,0,NA,0,0,NA,1,NA,NA,1,0,1,0,0,0,0,1,1,1,NA,0,NA,0,0,1,0
2615,DEC_C_2009_0372_O_20091020,ECLI:EU:C:2009:637:20091020,ECLI:EU:C:2009:637,not available,0,NA,0,0,NA,1,NA,NA,1,0,1,0,0,0,0,0,1,1,NA,-1,NA,0,0,1,0
2616,DEC_C_2009_0379_J_20110310,ECLI:EU:C:2011:131:20110310,ECLI:EU:C:2011:131,62009CJ0379,0,1,1,NA,1,1,0,0,NA,NA,NA,0,0,0,0,1,NA,1,1,0,-1,NA,NA,NA,NA
2617,DEC_C_2009_0382_J_20101007,ECLI:EU:C:2010:596:20101007,ECLI:EU:C:2010:596,62009CJ0382,1,NA,0,1,NA,0,NA,NA,0,0,0,1,0,0,0,0,0,-1,NA,-1,NA,0,0,0,0
2618,DEC_C_2009_0388_J_20110630,ECLI:EU:C:2011:439:20110630,ECLI:EU:C:2011:439,62009CJ0388,0,1,1,NA,1,1,0,0,NA,NA,NA,1,1,0,0,0,NA,1,1,-1,-1,NA,NA,NA,NA
2619,DEC_C_2009_0391_J_20110512,ECLI:EU:C:2011:291:20110512,ECLI:EU:C:2011:291,62009CJ0391,0,0,1,NA,0,1,-1,0,NA,NA,NA,0,1,1,0,1,NA,0,0,-1,-1,NA,NA,NA,NA
2620,DEC_C_2009_0399_J_20110622,ECLI:EU:C:2011:415:20110622,ECLI:EU:C:2011:415,62009CJ0399,0,1,1,NA,1,1,1,0,NA,NA,NA,0,0,0,0,0,NA,0,1,-1,-1,NA,NA,NA,NA
2621,DEC_C_2009_0400_J_20110728,ECLI:EU:C:2011:519:20110728,ECLI:EU:C:2011:519,62009CJ0400,1,NA,0,1,NA,0,NA,NA,0,0,0,0,0,0,0,0,0,1,NA,-1,NA,0,0,0,1
2622,DEC_C_2009_0405_J_20110407,ECLI:EU:C:2011:220:20110407,ECLI:EU:C:2011:220,62009CJ0405,1,NA,0,0,NA,0,NA,NA,0,0,0,0,0,0,0,0,0,1,NA,-1,NA,0,0,0,1
2623,DEC_C_2009_0421_J_20101209,ECLI:EU:C:2010:760:20101209,ECLI:EU:C:2010:760,62009CJ0421,1,NA,0,1,NA,0,NA,NA,0,0,0,0,0,0,0,1,0,1,NA,0,NA,0,0,1,0
2624,DEC_C_2009_0422_J_20101202,ECLI:EU:C:2010:732:20101202,ECLI:EU:C:2010:732,62009CJ0422,0,0,1,0,0,1,-1,0,0,0,1,0,0,0,0,0,1,1,1,-1,-1,0,0,1,0
2625,DEC_C_2009_0422_O_20100203,ECLI:EU:C:2010:54:20100203,ECLI:EU:C:2010:54,not available,0,NA,0,0,NA,1,NA,NA,0,0,0,0,0,0,0,0,1,1,NA,-1,NA,0,0,1,0
2626,DEC_C_2009_0423_J_20101028,ECLI:EU:C:2010:650:20101028,ECLI:EU:C:2010:650,62009CJ0423,1,NA,0,1,NA,0,NA,NA,0,0,0,0,0,0,0,0,0,-1,NA,-1,NA,0,0,0,0
2627,DEC_C_2009_0424_J_20110405,ECLI:EU:C:2011:210:20110405,ECLI:EU:C:2011:210,62009CJ0424,0,1,1,0,1,1,1,0,0,0,0,0,0,0,0,0,0,1,0,-1,-1,0,0,0,0
2628,DEC_C_2009_0434_J_20110505,ECLI:EU:C:2011:277:20110505,ECLI:EU:C:2011:277,62009CJ0434,0,0,1,NA,0,1,-1,0,NA,NA,NA,0,0,0,0,0,NA,0,0,-1,0,NA,NA,NA,NA
2629,DEC_C_2009_0440_J_20110303,ECLI:EU:C:2011:114:20110303,ECLI:EU:C:2011:114,62009CJ0440,0,1,1,NA,1,1,1,0,NA,NA,NA,1,0,0,0,0,NA,1,1,0,-1,NA,NA,NA,NA
2630,DEC_C_2009_0446_J_20111201,ECLI:EU:C:2011:796:20111201,ECLI:EU:C:2011:796,62009CJ0446,1,NA,0,1,NA,0,NA,NA,0,0,0,0,0,0,0,0,0,1,NA,-1,NA,0,0,0,1
2631,DEC_C_2009_0452_J_20110519,ECLI:EU:C:2011:323:20110519,ECLI:EU:C:2011:323,62009CJ0452,0,NA,0,0,NA,1,NA,NA,0,0,0,1,0,0,0,0,0,0,NA,-1,NA,0,0,0,0
2632,DEC_C_2009_0488_J_20101222,ECLI:EU:C:2010:820:20101222,ECLI:EU:C:2010:820,62009CJ0488,1,NA,0,1,NA,0,NA,NA,0,0,0,0,0,0,0,0,0,-1,NA,-1,NA,0,0,0,0
2633,DEC_C_2009_0490_J_20110127,ECLI:EU:C:2011:34:20110127,ECLI:EU:C:2011:34,62009CJ0490,0,NA,0,0,NA,0,NA,NA,1,1,0,0,0,0,0,1,1,0,NA,0,NA,0,0,1,0
2634,DEC_C_2009_0494_J_20110217,ECLI:EU:C:2011:87:20110217,ECLI:EU:C:2011:87,62009CJ0494,1,NA,0,1,NA,0,NA,NA,0,0,0,0,0,0,0,0,0,-1,NA,-1,NA,0,0,0,0
2635,DEC_C_2009_0500_J_20101028,ECLI:EU:C:2010:652:20101028,ECLI:EU:C:2010:652,62009CJ0500,0,NA,0,0,NA,0,NA,NA,0,0,0,0,0,0,0,0,0,1,NA,-1,NA,0,0,1,0
2636,DEC_C_2009_0503_J_20110721,ECLI:EU:C:2011:500:20110721,ECLI:EU:C:2011:500,62009CJ0503,0,0,1,NA,0,1,1,1,NA,NA,NA,1,0,0,0,1,NA,1,1,0,-1,NA,NA,NA,NA
2637,DEC_C_2009_0506[P]_J_20120322,ECLI:EU:C:2012:156:20120322,ECLI:EU:C:2012:156,62009CJ0506,1,NA,0,1,NA,0,NA,NA,0,0,0,0,0,0,0,0,0,0,NA,-1,NA,0,0,0,0
2638,DEC_C_2009_0516_J_20110310,ECLI:EU:C:2011:136:20110310,ECLI:EU:C:2011:136,62009CJ0516,0,0,1,NA,0,1,1,0,NA,NA,NA,0,1,1,0,0,NA,-1,1,-1,-1,NA,NA,NA,NA
2639,DEC_C_2009_0518_J_20110721,ECLI:EU:C:2011:501:20110721,ECLI:EU:C:2011:501,62009CJ0518,0,NA,0,0,NA,0,NA,NA,1,0,1,0,0,0,0,1,1,1,NA,0,NA,0,0,1,0
2640,DEC_C_2009_0537_J_20110505,ECLI:EU:C:2011:278:20110505,ECLI:EU:C:2011:278,62009CJ0537,0,0,1,NA,0,1,0,0,NA,NA,NA,0,0,0,0,0,NA,0,0,-1,-1,NA,NA,NA,NA
2641,DEC_C_2009_0542_J_20120614,ECLI:EU:C:2012:346:20120614,ECLI:EU:C:2012:346,62009CJ0542,0,0,1,NA,0,0,-1,0,NA,NA,NA,1,0,0,0,1,NA,1,1,0,-1,NA,NA,NA,NA
2642,DEC_C_2009_0543_J_20110505,ECLI:EU:C:2011:279:20110505,ECLI:EU:C:2011:279,62009CJ0543,0,NA,0,1,NA,0,NA,NA,0,0,0,0,0,0,0,0,0,-1,NA,-1,NA,0,0,0,0
2643,DEC_C_2009_0545_J_20120202,ECLI:EU:C:2012:52:20120202,ECLI:EU:C:2012:52,62009CJ0545,0,0,1,NA,0,0,-1,0,NA,NA,NA,0,0,0,0,0,NA,1,-1,-1,-1,NA,NA,NA,NA
2644,DEC_C_2009_0546_J_20110331,ECLI:EU:C:2011:199:20110331,ECLI:EU:C:2011:199,62009CJ0546,1,NA,0,1,NA,0,NA,NA,0,0,0,0,0,0,0,0,0,1,NA,-1,NA,0,0,0,1
2645,DEC_C_2010_0006_J_20100729,ECLI:EU:C:2010:462:20100729,ECLI:EU:C:2010:462,62010CJ0006,0,NA,0,0,NA,0,NA,NA,0,0,0,0,0,0,0,0,0,1,NA,-1,NA,0,0,0,1
2646,DEC_C_2010_0007_J_20120329,ECLI:EU:C:2012:180:20120329,ECLI:EU:C:2012:180,62010CJ0007,0,0,1,NA,0,1,0,1,NA,NA,NA,0,1,0,2,0,NA,1,1,-1,1,NA,NA,NA,NA
2647,DEC_C_2010_0008_J_20100715,ECLI:EU:C:2010:443:20100715,ECLI:EU:C:2010:443,62010CJ0008,0,NA,0,0,NA,0,NA,NA,0,0,0,0,0,0,0,0,0,1,NA,-1,NA,0,0,1,0
2648,DEC_C_2010_0011_J_20110217,ECLI:EU:C:2011:91:20110217,ECLI:EU:C:2011:91,62010CJ0011,1,NA,0,1,NA,0,NA,NA,0,0,0,0,0,0,0,0,0,-1,NA,-1,NA,0,0,0,0
2649,DEC_C_2010_0012_J_20101222,ECLI:EU:C:2010:823:20101222,ECLI:EU:C:2010:823,62010CJ0012,1,NA,0,1,NA,0,NA,NA,0,0,0,0,0,0,0,0,0,-1,NA,-1,NA,0,0,0,0
2650,DEC_C_2010_0023_J_20110317,ECLI:EU:C:2011:160:20110317,ECLI:EU:C:2011:160,62010CJ0023,1,NA,0,0,NA,0,NA,NA,0,0,0,0,0,0,0,0,0,1,NA,-1,NA,0,0,0,1
2651,DEC_C_2010_0024_J_20100923,ECLI:EU:C:2010:547:20100923,ECLI:EU:C:2010:547,62010CJ0024,0,NA,0,0,NA,0,NA,NA,0,0,0,0,0,0,0,0,0,1,NA,-1,NA,0,0,0,1
2652,DEC_C_2010_0039_J_20120510,ECLI:EU:C:2012:282:20120510,ECLI:EU:C:2012:282,62010CJ0039,0,0,1,NA,0,0,-1,0,NA,NA,NA,1,0,0,0,1,NA,1,1,0,-1,NA,NA,NA,NA
2653,DEC_C_2010_0041_J_20101028,ECLI:EU:C:2010:653:20101028,ECLI:EU:C:2010:653,62010CJ0041,0,NA,0,0,NA,0,NA,NA,0,0,0,0,0,0,0,0,0,1,NA,-1,NA,0,0,0,1
2654,DEC_C_2010_0052_J_20110609,ECLI:EU:C:2011:374:20110609,ECLI:EU:C:2011:374,62010CJ0052,0,NA,0,1,NA,0,NA,NA,0,0,0,0,0,0,0,0,0,-1,NA,-1,NA,0,0,0,0
2655,DEC_C_2010_0078_J_20110217,ECLI:EU:C:2011:93:20110217,ECLI:EU:C:2011:93,62010CJ0078,1,NA,0,0,NA,1,NA,NA,0,0,0,0,0,0,0,0,0,1,NA,-1,NA,0,0,0,0
2656,DEC_C_2010_0082_J_20110929,ECLI:EU:C:2011:621:20110929,ECLI:EU:C:2011:621,62010CJ0082,0,NA,0,0,NA,0,NA,NA,0,0,0,0,0,0,0,0,0,1,NA,-1,NA,0,0,0,1
2657,DEC_C_2010_0085_J_20110310,ECLI:EU:C:2011:141:20110310,ECLI:EU:C:2011:141,62010CJ0085,0,NA,0,1,NA,0,NA,NA,0,0,1,0,0,0,0,0,0,0,NA,-1,NA,0,0,0,0
2658,DEC_C_2010_0101_J_20110707,ECLI:EU:C:2011:462:20110707,ECLI:EU:C:2011:462,62010CJ0101,0,1,1,NA,1,1,0,0,NA,NA,NA,0,1,0,0,0,NA,0,0,-1,-1,NA,NA,NA,NA
2659,DEC_C_2010_0113_J_20120927,ECLI:EU:C:2012:591:20120927,ECLI:EU:C:2012:591,62010CJ0113,1,NA,0,1,NA,0,NA,NA,1,0,0,0,0,0,0,0,0,1,NA,-1,NA,1,1,0,0
2660,DEC_C_2010_0128_J_20110317,ECLI:EU:C:2011:163:20110317,ECLI:EU:C:2011:163,62010CJ0128,0,NA,0,1,NA,0,NA,NA,0,0,1,0,1,1,0,1,0,0,NA,1,NA,0,0,0,1
2661,DEC_C_2010_0128_O_20100408,ECLI:EU:C:2010:180:20100408,ECLI:EU:C:2010:180,not available,0,NA,0,1,NA,0,NA,NA,0,0,1,0,1,1,0,1,1,0,NA,1,NA,0,0,0,0
2662,DEC_C_2010_0134_J_20110303,ECLI:EU:C:2011:117:20110303,ECLI:EU:C:2011:117,62010CJ0134,0,NA,0,0,NA,0,NA,NA,0,0,0,0,0,0,0,1,1,1,NA,0,NA,0,0,1,0
2663,DEC_C_2010_0138_J_20110915,ECLI:EU:C:2011:587:20110915,ECLI:EU:C:2011:587,62010CJ0138,1,NA,0,1,NA,0,NA,NA,0,0,0,0,0,0,0,0,0,-1,NA,-1,NA,0,0,0,0
2664,DEC_C_2010_0141_J_20120419,ECLI:EU:C:2012:214:20120419,ECLI:EU:C:2012:214,62010CJ0141,0,0,1,NA,0,0,-1,0,NA,NA,NA,0,NA,NA,0,0,NA,-1,-1,-1,-1,NA,NA,NA,NA
2665,DEC_C_2010_0145_J_20111201,ECLI:EU:C:2011:798:20111201,ECLI:EU:C:2011:798,62010CJ0145,0,NA,0,0,NA,1,NA,NA,0,0,0,0,1,1,0,-1,0,-1,NA,-1,NA,0,0,0,0
2666,DEC_C_2010_0148_J_20111013,ECLI:EU:C:2011:654:20111013,ECLI:EU:C:2011:654,62010CJ0148,0,NA,0,1,NA,0,NA,NA,0,0,1,0,0,0,0,0,0,0,NA,-1,NA,0,0,0,0
2667,DEC_C_2010_0152_J_20110616,ECLI:EU:C:2011:402:20110616,ECLI:EU:C:2011:402,62010CJ0152,1,NA,0,1,NA,0,NA,NA,0,0,0,0,0,0,0,0,0,-1,NA,-1,NA,0,0,0,0
2668,DEC_C_2010_0153_J_20110407,ECLI:EU:C:2011:224:20110407,ECLI:EU:C:2011:224,62010CJ0153,1,NA,0,1,NA,0,NA,NA,0,0,0,0,1,1,0,0,0,-1,NA,-1,NA,0,0,0,0
2669,DEC_C_2010_0162_J_20120315,ECLI:EU:C:2012:141:20120315,ECLI:EU:C:2012:141,62010CJ0162,0,NA,0,1,NA,0,NA,NA,0,0,0,0,0,0,0,-1,0,-1,NA,-1,NA,0,0,0,0
2670,DEC_C_2010_0186_J_20110721,ECLI:EU:C:2011:509:20110721,ECLI:EU:C:2011:509,62010CJ0186,0,1,1,0,1,1,0,0,0,0,0,0,0,0,2,0,0,1,1,-1,-1,0,0,0,0
2671,DEC_C_2010_0187_J_20110929,ECLI:EU:C:2011:623:20110929,ECLI:EU:C:2011:623,62010CJ0187,0,1,1,NA,1,1,0,0,NA,NA,NA,1,0,0,0,0,NA,1,1,-1,-1,NA,NA,NA,NA
2672,DEC_C_2010_0196_J_20110714,ECLI:EU:C:2011:487:20110714,ECLI:EU:C:2011:487,62010CJ0196,1,NA,0,1,NA,0,NA,NA,0,0,0,0,0,0,0,0,0,-1,NA,-1,NA,0,0,0,0
2673,DEC_C_2010_0206_J_20110505,ECLI:EU:C:2011:283:20110505,ECLI:EU:C:2011:283,62010CJ0206,0,0,1,NA,0,0,-1,0,NA,NA,NA,1,NA,NA,0,0,NA,1,-1,0,-1,NA,NA,NA,NA
2674,DEC_C_2010_0215_J_20110728,ECLI:EU:C:2011:528:20110728,ECLI:EU:C:2011:528,62010CJ0215,1,NA,0,1,NA,0,NA,NA,0,0,0,0,0,0,0,0,0,-1,NA,-1,NA,0,0,0,0
2675,DEC_C_2010_0225_J_20111020,ECLI:EU:C:2011:678:20111020,ECLI:EU:C:2011:678,62010CJ0225,0,1,1,NA,1,1,0,1,NA,NA,NA,1,1,0,0,0,NA,-1,1,-1,1,NA,NA,NA,NA
2676,DEC_C_2010_0240_J_20110915,ECLI:EU:C:2011:591:20110915,ECLI:EU:C:2011:591,62010CJ0240,0,1,1,NA,1,1,-1,0,NA,NA,NA,0,0,0,0,0,NA,0,1,-1,-1,NA,NA,NA,NA
2677,DEC_C_2010_0242_J_20111221,ECLI:EU:C:2011:861:20111221,ECLI:EU:C:2011:861,62010CJ0242,0,NA,0,1,NA,0,NA,NA,0,0,0,1,0,0,0,1,0,0,NA,1,NA,0,0,0,0
2678,DEC_C_2010_0244_J_20110922,ECLI:EU:C:2011:607:20110922,ECLI:EU:C:2011:607,62010CJ0244,0,NA,0,1,NA,0,NA,NA,0,0,0,0,1,1,0,0,0,0,NA,-1,NA,0,0,0,0
2679,DEC_C_2010_0257_J_20111215,ECLI:EU:C:2011:839:20111215,ECLI:EU:C:2011:839,62010CJ0257,0,0,1,NA,0,1,1,0,NA,NA,NA,0,0,0,0,0,NA,1,1,-1,-1,NA,NA,NA,NA
2680,DEC_C_2010_0262_J_20120906,ECLI:EU:C:2012:559:20120906,ECLI:EU:C:2012:559,62010CJ0262,1,NA,0,1,NA,0,NA,NA,0,0,0,0,0,0,0,0,0,0,NA,-1,NA,0,0,0,0
2681,DEC_C_2010_0263_J_20110707,ECLI:EU:C:2011:466:20110707,ECLI:EU:C:2011:466,62010CJ0263,1,NA,0,0,NA,1,NA,NA,0,1,0,0,0,0,0,1,1,1,NA,0,NA,0,0,1,0
2682,DEC_C_2010_0284_J_20110721,ECLI:EU:C:2011:513:20110721,ECLI:EU:C:2011:513,62010CJ0284,0,NA,0,1,NA,0,NA,NA,0,0,0,0,1,1,0,0,0,0,NA,-1,NA,0,0,0,0
2683,DEC_C_2010_0292_J_20120315,ECLI:EU:C:2012:142:20120315,ECLI:EU:C:2012:142,62010CJ0292,0,NA,0,0,NA,1,NA,NA,0,0,0,0,1,0,0,0,0,-1,NA,-1,NA,0,0,0,0
2684,DEC_C_2010_0293_J_20110526,ECLI:EU:C:2011:355:20110526,ECLI:EU:C:2011:355,62010CJ0293,0,NA,0,0,NA,1,NA,NA,0,0,0,0,1,0,0,0,0,0,NA,-1,NA,0,0,0,0
2685,DEC_C_2010_0300_J_20121023,ECLI:EU:C:2012:656:20121023,ECLI:EU:C:2012:656,62010CJ0300,0,NA,0,0,NA,1,NA,NA,1,0,0,0,0,0,0,0,0,0,NA,1,NA,0,0,0,0
2686,DEC_C_2010_0318_J_20120705,ECLI:EU:C:2012:415:20120705,ECLI:EU:C:2012:415,62010CJ0318,0,NA,0,1,NA,0,NA,NA,0,1,0,0,0,0,0,1,1,1,NA,1,NA,0,0,1,0
2687,DEC_C_2010_0319_J_20111110,ECLI:EU:C:2011:720:20111110,ECLI:EU:C:2011:720,62010CJ0319,1,NA,0,1,NA,0,NA,NA,0,0,1,0,1,1,2,1,0,-1,NA,1,NA,0,0,1,1
2688,DEC_C_2010_0323_J_20111124,ECLI:EU:C:2011:774:20111124,ECLI:EU:C:2011:774,62010CJ0323,1,NA,0,1,NA,0,NA,NA,0,0,0,0,0,0,0,1,0,-1,NA,1,NA,0,0,0,0
2689,DEC_C_2010_0347_J_20120117,ECLI:EU:C:2012:17:20120117,ECLI:EU:C:2012:17,62010CJ0347,0,1,1,NA,1,1,0,0,NA,NA,NA,1,0,0,0,0,NA,1,1,-1,-1,NA,NA,NA,NA
2690,DEC_C_2010_0351_J_20110616,ECLI:EU:C:2011:406:20110616,ECLI:EU:C:2011:406,62010CJ0351,1,NA,0,1,NA,0,NA,NA,0,0,0,0,0,0,0,0,0,0,NA,-1,NA,0,0,0,0
2691,DEC_C_2010_0357_J_20120510,ECLI:EU:C:2012:283:20120510,ECLI:EU:C:2012:283,62010CJ0357,0,NA,0,1,NA,0,NA,NA,0,0,1,0,0,0,0,1,1,1,NA,0,NA,0,0,1,0
2692,DEC_C_2010_0364_J_20121016,ECLI:EU:C:2012:630:20121016,ECLI:EU:C:2012:630,62010CJ0364,0,0,1,NA,0,0,-1,0,NA,NA,NA,0,0,0,0,0,NA,0,-1,-1,-1,NA,NA,NA,NA
2693,DEC_C_2010_0371_J_20111129,ECLI:EU:C:2011:785:20111129,ECLI:EU:C:2011:785,62010CJ0371,0,NA,0,1,NA,0,NA,NA,0,0,0,0,0,0,0,0,0,1,NA,-1,NA,0,0,1,0
2694,DEC_C_2010_0378_J_20120712,ECLI:EU:C:2012:440:20120712,ECLI:EU:C:2012:440,62010CJ0378,0,NA,0,1,NA,0,NA,NA,0,0,0,0,0,0,0,0,0,1,NA,-1,NA,0,0,1,0
2695,DEC_C_2010_0383_J_20130606,ECLI:EU:C:2013:364:20130606,ECLI:EU:C:2013:364,62010CJ0383,0,NA,0,0,NA,0,NA,NA,0,0,1,0,0,0,0,0,1,1,NA,-1,NA,0,0,1,0
2696,DEC_C_2010_0385_J_20121018,ECLI:EU:C:2012:634:20121018,ECLI:EU:C:2012:634,62010CJ0385,1,NA,0,1,NA,0,NA,NA,1,0,0,0,0,0,0,1,0,1,NA,0,NA,0,0,1,1
2697,DEC_C_2010_0387_J_20110929,ECLI:EU:C:2011:625:20110929,ECLI:EU:C:2011:625,62010CJ0387,0,NA,0,0,NA,0,NA,NA,0,1,0,0,0,0,0,1,1,1,NA,0,NA,0,0,1,0
2698,DEC_C_2010_0390_J_20110414,ECLI:EU:C:2011:261:20110414,ECLI:EU:C:2011:261,62010CJ0390,0,NA,0,0,NA,0,NA,NA,0,0,0,0,0,0,0,0,0,1,NA,-1,NA,0,0,1,0
2699,DEC_C_2010_0391_J_20110203,ECLI:EU:C:2011:49:20110203,ECLI:EU:C:2011:49,62010CJ0391,0,NA,0,0,NA,0,NA,NA,0,0,0,0,0,0,0,0,0,1,NA,-1,NA,0,0,1,0
2700,DEC_C_2010_0392_J_20120119,ECLI:EU:C:2012:23:20120119,ECLI:EU:C:2012:23,62010CJ0392,1,NA,0,1,NA,0,NA,NA,0,0,0,0,0,0,0,0,0,1,NA,-1,NA,0,0,0,1
2701,DEC_C_2010_0397_J_20110630,ECLI:EU:C:2011:444:20110630,ECLI:EU:C:2011:444,62010CJ0397,0,NA,0,0,NA,0,NA,NA,0,0,0,0,0,0,0,0,0,1,NA,-1,NA,0,0,1,0
2702,DEC_C_2010_0402_J_20111027,ECLI:EU:C:2011:704:20111027,ECLI:EU:C:2011:704,62010CJ0402,1,NA,0,1,NA,0,NA,NA,0,0,0,0,0,0,0,0,0,0,NA,-1,NA,0,0,0,0
2703,DEC_C_2010_0409_J_20111215,ECLI:EU:C:2011:843:20111215,ECLI:EU:C:2011:843,62010CJ0409,1,NA,0,1,NA,0,NA,NA,0,0,0,0,1,1,0,0,0,-1,NA,-1,NA,0,0,0,0
2704,DEC_C_2010_0423_J_20110518,ECLI:EU:C:2011:315:20110518,ECLI:EU:C:2011:315,62010CJ0423,1,NA,0,1,NA,0,NA,NA,0,0,0,0,0,0,0,0,0,-1,NA,-1,NA,0,0,0,0
2705,DEC_C_2010_0424_J_20111221,ECLI:EU:C:2011:866:20111221,ECLI:EU:C:2011:866,62010CJ0424,0,0,1,NA,0,1,-1,0,NA,NA,NA,0,0,0,0,0,NA,0,0,-1,-1,NA,NA,NA,NA
2706,DEC_C_2010_0430_J_20111117,ECLI:EU:C:2011:749:20111117,ECLI:EU:C:2011:749,62010CJ0430,0,0,1,NA,0,1,0,0,NA,NA,NA,0,1,0,0,1,NA,0,0,-1,-1,NA,NA,NA,NA
2707,DEC_C_2010_0434_J_20111117,ECLI:EU:C:2011:750:20111117,ECLI:EU:C:2011:750,62010CJ0434,0,0,1,NA,0,1,0,0,NA,NA,NA,0,1,1,0,0,NA,0,0,-1,-1,NA,NA,NA,NA
2708,DEC_C_2010_0443_J_20111006,ECLI:EU:C:2011:641:20111006,ECLI:EU:C:2011:641,62010CJ0443,1,NA,0,0,NA,1,NA,NA,0,0,0,0,0,0,0,1,0,1,NA,0,NA,0,0,1,0
2709,DEC_C_2010_0454_J_20111117,ECLI:EU:C:2011:752:20111117,ECLI:EU:C:2011:752,62010CJ0454,1,NA,0,0,NA,1,NA,NA,0,0,0,0,1,1,0,0,0,0,NA,-1,NA,0,0,0,0
2710,DEC_C_2010_0456_J_20120426,ECLI:EU:C:2012:241:20120426,ECLI:EU:C:2012:241,62010CJ0456,1,NA,0,1,NA,0,NA,NA,0,0,1,0,0,0,0,1,1,1,NA,0,NA,0,0,1,0
2711,DEC_C_2010_0467_J_20120301,ECLI:EU:C:2012:112:20120301,ECLI:EU:C:2012:112,62010CJ0467,0,NA,0,0,NA,1,NA,NA,0,0,0,0,1,1,0,0,0,0,NA,-1,NA,0,0,0,0
2712,DEC_C_2010_0484_J_20120301,ECLI:EU:C:2012:113:20120301,ECLI:EU:C:2012:113,62010CJ0484,1,NA,0,1,NA,0,NA,NA,0,0,0,0,1,1,0,1,0,-1,NA,-1,NA,0,0,0,0
2713,DEC_C_2010_0498_J_20121018,ECLI:EU:C:2012:635:20121018,ECLI:EU:C:2012:635,62010CJ0498,0,NA,0,1,NA,0,NA,NA,0,0,1,0,0,0,0,0,1,1,NA,-1,NA,0,0,1,0
2714,DEC_C_2010_0503_J_20111221,ECLI:EU:C:2011:872:20111221,ECLI:EU:C:2011:872,62010CJ0503,1,NA,0,1,NA,0,NA,NA,0,0,0,0,0,0,0,0,0,-1,NA,-1,NA,0,0,0,0
2715,DEC_C_2010_0506_J_20111006,ECLI:EU:C:2011:643:20111006,ECLI:EU:C:2011:643,62010CJ0506,0,1,1,NA,1,1,0,0,NA,NA,NA,0,0,0,0,0,NA,1,1,-1,-1,NA,NA,NA,NA
2716,DEC_C_2010_0508_J_20120426,ECLI:EU:C:2012:243:20120426,ECLI:EU:C:2012:243,62010CJ0508,0,0,1,NA,0,0,-1,0,NA,NA,NA,0,0,0,0,0,NA,1,-1,-1,-1,NA,NA,NA,NA
2717,DEC_C_2010_0522_J_20120719,ECLI:EU:C:2012:475:20120719,ECLI:EU:C:2012:475,62010CJ0522,0,1,1,NA,1,1,1,0,NA,NA,NA,1,0,0,0,0,NA,1,1,-1,-1,NA,NA,NA,NA
2718,DEC_C_2010_0533_J_20120614,ECLI:EU:C:2012:347:20120614,ECLI:EU:C:2012:347,62010CJ0533,1,NA,0,1,NA,0,NA,NA,0,0,0,0,0,0,0,0,0,0,NA,-1,NA,0,0,0,0
2719,DEC_C_2010_0559_J_20111027,ECLI:EU:C:2011:708:20111027,ECLI:EU:C:2011:708,62010CJ0559,1,NA,0,1,NA,0,NA,NA,0,0,0,0,1,0,0,0,0,-1,NA,-1,NA,0,0,0,0
2720,DEC_C_2010_0562_J_20120712,ECLI:EU:C:2012:442:20120712,ECLI:EU:C:2012:442,62010CJ0562,0,NA,0,0,NA,0,NA,NA,0,0,0,0,0,0,0,0,0,0,NA,-1,NA,0,0,0,0
2721,DEC_C_2010_0569_J_20130627,ECLI:EU:C:2013:425:20130627,ECLI:EU:C:2013:425,62010CJ0569,0,NA,0,0,NA,0,NA,NA,0,0,0,0,0,0,0,0,0,1,NA,-1,NA,0,0,0,1
2722,DEC_C_2010_0574_J_20120315,ECLI:EU:C:2012:145:20120315,ECLI:EU:C:2012:145,62010CJ0574,0,NA,0,0,NA,0,NA,NA,0,0,0,0,0,0,0,0,0,-1,NA,-1,NA,0,0,0,1
2723,DEC_C_2010_0589_J_20130516,ECLI:EU:C:2013:303:20130516,ECLI:EU:C:2013:303,62010CJ0589,0,0,1,NA,0,1,1,1,NA,NA,NA,0,1,1,0,1,NA,0,-1,-1,-1,NA,NA,NA,NA
2724,DEC_C_2010_0608_J_20120712,ECLI:EU:C:2012:444:20120712,ECLI:EU:C:2012:444,62010CJ0608,1,NA,0,1,NA,0,NA,NA,0,0,0,0,0,0,0,0,0,0,NA,-1,NA,0,0,0,0
2725,DEC_C_2010_0611_J_20120612,ECLI:EU:C:2012:339:20120612,ECLI:EU:C:2012:339,62010CJ0611,0,1,1,NA,1,1,0,0,NA,NA,NA,1,0,0,0,0,NA,1,1,-1,-1,NA,NA,NA,NA
2726,DEC_C_2010_0615_J_20120607,ECLI:EU:C:2012:324:20120607,ECLI:EU:C:2012:324,62010CJ0615,0,NA,0,1,NA,0,NA,NA,0,0,0,1,1,1,0,0,0,0,NA,-1,NA,0,0,0,0
2727,DEC_C_2010_0617_J_20130226,ECLI:EU:C:2013:105:20130226,ECLI:EU:C:2013:105,62010CJ0617,1,NA,0,0,NA,1,NA,NA,0,0,0,0,1,0,0,0,0,0,NA,-1,NA,0,0,0,0
2728,DEC_C_2011_0005_J_20120621,ECLI:EU:C:2012:370:20120621,ECLI:EU:C:2012:370,62011CJ0005,1,NA,0,0,NA,1,NA,NA,0,0,0,1,0,0,0,1,0,0,NA,1,NA,0,0,0,0
2729,DEC_C_2011_0007_J_20120628,ECLI:EU:C:2012:396:20120628,ECLI:EU:C:2012:396,62011CJ0007,0,NA,0,0,NA,1,NA,NA,0,0,0,0,1,0,0,0,0,0,NA,-1,NA,0,0,0,0
2730,DEC_C_2011_0009_J_20111013,ECLI:EU:C:2011:658:20111013,ECLI:EU:C:2011:658,62011CJ0009,0,NA,0,1,NA,0,NA,NA,0,0,1,0,0,0,0,0,1,1,NA,-1,NA,0,0,1,0
2731,DEC_C_2011_0015_J_20120621,ECLI:EU:C:2012:371:20120621,ECLI:EU:C:2012:371,62011CJ0015,0,0,1,NA,0,1,0,0,NA,NA,NA,1,0,0,0,0,NA,1,0,0,-1,NA,NA,NA,NA
2732,DEC_C_2011_0018_J_20120906,ECLI:EU:C:2012:532:20120906,ECLI:EU:C:2012:532,62011CJ0018,0,NA,0,1,NA,0,NA,NA,0,0,1,0,0,0,0,0,1,1,NA,-1,NA,0,0,1,0
2733,DEC_C_2011_0028_J_20120906,ECLI:EU:C:2012:533:20120906,ECLI:EU:C:2012:533,62011CJ0028,1,NA,0,1,NA,0,NA,NA,0,0,0,0,0,0,0,0,0,0,NA,-1,NA,0,0,0,1
2734,DEC_C_2011_0040_J_20121108,ECLI:EU:C:2012:691:20121108,ECLI:EU:C:2012:691,62011CJ0040,0,1,1,NA,1,1,0,1,NA,NA,NA,0,0,0,0,0,NA,0,0,-1,0,NA,NA,NA,NA
2735,DEC_C_2011_0055_J_20120712,ECLI:EU:C:2012:446:20120712,ECLI:EU:C:2012:446,62011CJ0055,0,NA,0,1,NA,0,NA,NA,0,0,0,0,0,0,2,0,0,1,NA,-1,NA,0,0,0,1
2736,DEC_C_2011_0059_J_20120712,ECLI:EU:C:2012:447:20120712,ECLI:EU:C:2012:447,62011CJ0059,1,NA,0,1,NA,0,NA,NA,0,1,0,0,0,0,0,1,0,0,NA,1,NA,0,0,0,0
2737,DEC_C_2011_0064_J_20130425,ECLI:EU:C:2013:264:20130425,ECLI:EU:C:2013:264,62011CJ0064,0,NA,0,0,NA,0,NA,NA,0,1,0,0,0,0,0,0,1,1,NA,0,NA,0,0,1,0
2738,DEC_C_2011_0075_J_20121004,ECLI:EU:C:2012:605:20121004,ECLI:EU:C:2012:605,62011CJ0075,0,0,1,NA,0,0,-1,0,NA,NA,NA,0,0,0,0,1,NA,1,-1,0,-1,NA,NA,NA,NA
2739,DEC_C_2011_0083_J_20120905,ECLI:EU:C:2012:519:20120905,ECLI:EU:C:2012:519,62011CJ0083,0,0,1,NA,0,1,-1,1,NA,NA,NA,0,1,0,0,0,NA,0,0,-1,0,NA,NA,NA,NA
2740,DEC_C_2011_0084_J_20120621,ECLI:EU:C:2012:374:20120621,ECLI:EU:C:2012:374,62011CJ0084,0,NA,0,0,NA,1,NA,NA,0,0,1,1,0,0,0,1,1,0,NA,1,NA,0,0,0,0
2741,DEC_C_2011_0106_J_20120607,ECLI:EU:C:2012:328:20120607,ECLI:EU:C:2012:328,62011CJ0106,0,1,1,NA,1,1,0,0,NA,NA,NA,1,0,0,0,0,NA,1,1,-1,-1,NA,NA,NA,NA
2742,DEC_C_2011_0115_J_20121004,ECLI:EU:C:2012:606:20121004,ECLI:EU:C:2012:606,62011CJ0115,0,0,1,NA,0,0,-1,0,NA,NA,NA,0,0,0,0,0,NA,-1,-1,-1,-1,NA,NA,NA,NA
2743,DEC_C_2011_0122_J_20130207,ECLI:EU:C:2013:63:20130207,ECLI:EU:C:2013:63,62011CJ0122,0,0,1,NA,0,0,-1,0,NA,NA,NA,0,NA,NA,0,0,NA,-1,-1,-1,-1,NA,NA,NA,NA
2744,DEC_C_2011_0123_J_20130221,ECLI:EU:C:2013:84:20130221,ECLI:EU:C:2013:84,62011CJ0123,0,NA,0,1,NA,0,NA,NA,0,0,1,1,1,0,0,1,1,0,NA,1,NA,0,0,0,0
2745,DEC_C_2011_0127_J_20130307,ECLI:EU:C:2013:140:20130307,ECLI:EU:C:2013:140,62011CJ0127,0,0,1,NA,0,1,1,1,NA,NA,NA,0,1,1,0,1,NA,0,0,-1,1,NA,NA,NA,NA
2746,DEC_C_2011_0137_J_20120927,ECLI:EU:C:2012:593:20120927,ECLI:EU:C:2012:593,62011CJ0137,0,1,1,NA,1,1,0,0,NA,NA,NA,0,0,0,0,0,NA,1,1,0,-1,NA,NA,NA,NA
2747,DEC_C_2011_0145_J_20120719,ECLI:EU:C:2012:490:20120719,ECLI:EU:C:2012:490,62011CJ0145,1,NA,0,0,NA,0,NA,NA,0,0,0,0,0,0,0,0,0,1,NA,-1,NA,0,0,0,1
2748,DEC_C_2011_0147_J_20120906,ECLI:EU:C:2012:538:20120906,ECLI:EU:C:2012:538,62011CJ0147,0,1,1,0,1,1,-1,0,0,0,0,0,0,0,0,0,0,-1,1,-1,1,0,0,0,0
2749,DEC_C_2011_0150_J_20120906,ECLI:EU:C:2012:539:20120906,ECLI:EU:C:2012:539,62011CJ0150,1,NA,0,0,NA,0,NA,NA,0,0,0,0,0,0,0,1,0,1,NA,0,NA,0,0,1,1
2750,DEC_C_2011_0165_J_20121108,ECLI:EU:C:2012:692:20121108,ECLI:EU:C:2012:692,62011CJ0165,1,NA,0,1,NA,0,NA,NA,0,0,0,0,1,1,0,0,0,-1,NA,-1,NA,0,0,0,0
2751,DEC_C_2011_0171_J_20120712,ECLI:EU:C:2012:453:20120712,ECLI:EU:C:2012:453,62011CJ0171,1,NA,0,1,NA,0,NA,NA,1,0,0,0,0,0,0,0,0,1,NA,-1,NA,0,0,1,0
2752,DEC_C_2011_0172_J_20120628,ECLI:EU:C:2012:399:20120628,ECLI:EU:C:2012:399,62011CJ0172,0,1,1,NA,1,1,0,0,NA,NA,NA,0,0,0,0,1,NA,1,1,0,-1,NA,NA,NA,NA
2753,DEC_C_2011_0176_J_20120712,ECLI:EU:C:2012:454:20120712,ECLI:EU:C:2012:454,62011CJ0176,0,NA,0,1,NA,0,NA,NA,0,0,1,1,0,0,0,1,1,0,NA,1,NA,0,0,0,0
2754,DEC_C_2011_0185_J_20120126,ECLI:EU:C:2012:43:20120126,ECLI:EU:C:2012:43,62011CJ0185,0,NA,0,0,NA,0,NA,NA,0,0,0,0,0,0,0,0,0,1,NA,-1,NA,0,0,0,1
2755,DEC_C_2011_0186_J_20130124,ECLI:EU:C:2013:33:20130124,ECLI:EU:C:2013:33,62011CJ0186,0,NA,0,1,NA,0,NA,NA,0,0,0,0,1,1,0,1,0,1,NA,0,NA,0,0,1,0
2756,DEC_C_2011_0197_J_20130508,ECLI:EU:C:2013:288:20130508,ECLI:EU:C:2013:288,62011CJ0197,0,NA,0,0,NA,1,NA,NA,0,0,1,0,0,0,0,1,1,1,NA,0,NA,0,0,1,0
2757,DEC_C_2011_0201[P]_J_20130718,ECLI:EU:C:2013:519:20130718,ECLI:EU:C:2013:519,62011CJ0201,0,NA,0,1,NA,0,NA,NA,1,1,0,1,0,0,0,0,0,0,NA,-1,NA,0,0,0,0
2758,DEC_C_2011_0202_J_20130416,ECLI:EU:C:2013:239:20130416,ECLI:EU:C:2013:239,62011CJ0202,0,1,1,NA,1,1,0,0,NA,NA,NA,1,0,0,0,1,NA,1,1,0,-1,NA,NA,NA,NA
2759,DEC_C_2011_0212_J_20130425,ECLI:EU:C:2013:270:20130425,ECLI:EU:C:2013:270,62011CJ0212,0,NA,0,1,NA,0,NA,NA,0,0,1,1,0,0,0,0,0,0,NA,1,NA,0,0,0,0
2760,DEC_C_2011_0216_J_20130314,ECLI:EU:C:2013:162:20130314,ECLI:EU:C:2013:162,62011CJ0216,1,NA,0,0,NA,0,NA,NA,0,0,0,0,0,0,0,0,0,1,NA,-1,NA,0,0,0,1
2761,DEC_C_2011_0219_J_20121122,ECLI:EU:C:2012:742:20121122,ECLI:EU:C:2012:742,62011CJ0219,1,NA,0,1,NA,0,NA,NA,0,0,0,0,0,0,0,0,0,0,NA,-1,NA,0,0,0,0
2762,DEC_C_2011_0221_J_20130924,ECLI:EU:C:2013:583:20130924,ECLI:EU:C:2013:583,62011CJ0221,0,0,1,NA,0,1,1,0,NA,NA,NA,0,0,0,2,0,NA,0,0,-1,-1,NA,NA,NA,NA
2763,DEC_C_2011_0243_J_20130221,ECLI:EU:C:2013:85:20130221,ECLI:EU:C:2013:85,62011CJ0243,0,NA,0,1,NA,0,NA,NA,1,0,0,0,0,0,0,0,0,0,NA,-1,NA,0,0,0,0
2764,DEC_C_2011_0249_J_20121004,ECLI:EU:C:2012:608:20121004,ECLI:EU:C:2012:608,62011CJ0249,0,0,1,NA,0,1,0,0,NA,NA,NA,1,0,0,0,1,NA,1,1,0,-1,NA,NA,NA,NA
2765,DEC_C_2011_0256_J_20111115,ECLI:EU:C:2011:734:20111115,ECLI:EU:C:2011:734,62011CJ0256,0,0,1,NA,0,1,0,1,NA,NA,NA,0,1,0,0,0,NA,0,0,-1,0,NA,NA,NA,NA
2766,DEC_C_2011_0261_J_20130718,ECLI:EU:C:2013:480:20130718,ECLI:EU:C:2013:480,62011CJ0261,0,NA,0,0,NA,0,NA,NA,0,0,1,0,0,0,0,0,1,1,NA,-1,NA,0,0,1,0
2767,DEC_C_2011_0268_J_20121108,ECLI:EU:C:2012:695:20121108,ECLI:EU:C:2012:695,62011CJ0268,0,0,1,NA,0,1,0,0,NA,NA,NA,0,0,0,2,0,NA,1,1,-1,1,NA,NA,NA,NA
2768,DEC_C_2011_0282_J_20130221,ECLI:EU:C:2013:86:20130221,ECLI:EU:C:2013:86,62011CJ0282,0,1,1,NA,1,1,1,0,NA,NA,NA,0,0,0,0,0,NA,1,1,-1,-1,NA,NA,NA,NA
2769,DEC_C_2011_0283_J_20130122,ECLI:EU:C:2013:28:20130122,ECLI:EU:C:2013:28,62011CJ0283,0,NA,0,1,NA,0,NA,NA,0,0,0,0,0,0,0,0,0,0,NA,-1,NA,0,0,0,0
2770,DEC_C_2011_0291_J_20120712,ECLI:EU:C:2012:459:20120712,ECLI:EU:C:2012:459,62011CJ0291,1,NA,0,1,NA,0,NA,NA,0,0,0,0,1,0,0,0,0,-1,NA,-1,NA,0,0,0,0
2771,DEC_C_2011_0300_J_20130604,ECLI:EU:C:2013:363:20130604,ECLI:EU:C:2013:363,62011CJ0300,0,0,1,NA,0,1,0,0,NA,NA,NA,1,1,1,0,0,NA,0,0,-1,0,NA,NA,NA,NA
2772,DEC_C_2011_0301_J_20130131,ECLI:EU:C:2013:47:20130131,ECLI:EU:C:2013:47,62011CJ0301,0,NA,0,0,NA,0,NA,NA,0,0,0,0,0,0,0,0,0,1,NA,-1,NA,0,0,1,0
2773,DEC_C_2011_0308_J_20120906,ECLI:EU:C:2012:548:20120906,ECLI:EU:C:2012:548,62011CJ0308,1,NA,0,1,NA,0,NA,NA,0,0,0,0,0,0,0,0,0,0,NA,-1,NA,0,0,0,0
2774,DEC_C_2011_0320_J_20121122,ECLI:EU:C:2012:745:20121122,ECLI:EU:C:2012:745,62011CJ0320,1,NA,0,1,NA,0,NA,NA,0,0,0,0,1,0,0,0,0,-1,NA,-1,NA,0,0,0,0
2775,DEC_C_2011_0336_J_20120719,ECLI:EU:C:2012:500:20120719,ECLI:EU:C:2012:500,62011CJ0336,1,NA,0,1,NA,0,NA,NA,0,0,0,0,0,0,0,0,0,-1,NA,-1,NA,0,0,0,0
2776,DEC_C_2011_0350_J_20130704,ECLI:EU:C:2013:447:20130704,ECLI:EU:C:2013:447,62011CJ0350,0,NA,0,1,NA,0,NA,NA,1,1,0,0,0,0,0,0,1,1,NA,-1,NA,0,0,1,0
2777,DEC_C_2011_0351_J_20121108,ECLI:EU:C:2012:699:20121108,ECLI:EU:C:2012:699,62011CJ0351,1,NA,0,1,NA,0,NA,NA,0,0,0,1,0,0,0,0,0,-1,NA,-1,NA,0,0,0,0
2778,DEC_C_2011_0355_J_20120614,ECLI:EU:C:2012:353:20120614,ECLI:EU:C:2012:353,62011CJ0355,1,NA,0,0,NA,1,NA,NA,0,0,0,0,0,0,0,0,0,-1,NA,-1,NA,0,0,0,0
2779,DEC_C_2011_0356_J_20121206,ECLI:EU:C:2012:776:20121206,ECLI:EU:C:2012:776,62011CJ0356,0,0,1,NA,0,1,0,1,NA,NA,NA,0,1,1,0,0,NA,0,0,-1,0,NA,NA,NA,NA
2780,DEC_C_2011_0360_J_20130117,ECLI:EU:C:2013:17:20130117,ECLI:EU:C:2013:17,62011CJ0360,1,NA,0,0,NA,0,NA,NA,0,0,0,0,0,0,0,0,0,1,NA,-1,NA,0,0,0,1
2781,DEC_C_2011_0361_J_20130117,ECLI:EU:C:2013:18:20130117,ECLI:EU:C:2013:18,62011CJ0361,1,NA,0,1,NA,0,NA,NA,0,0,0,0,0,0,0,0,0,-1,NA,-1,NA,0,0,0,0
2782,DEC_C_2011_0367_J_20121025,ECLI:EU:C:2012:668:20121025,ECLI:EU:C:2012:668,62011CJ0367,0,1,1,NA,1,1,0,0,NA,NA,NA,1,1,0,0,1,NA,1,1,0,-1,NA,NA,NA,NA
2783,DEC_C_2011_0375_J_20130321,ECLI:EU:C:2013:185:20130321,ECLI:EU:C:2013:185,62011CJ0375,0,NA,0,1,NA,0,NA,NA,0,0,0,0,1,0,0,0,0,0,NA,1,NA,0,0,0,0
2784,DEC_C_2011_0379_J_20121213,ECLI:EU:C:2012:798:20121213,ECLI:EU:C:2012:798,62011CJ0379,0,1,1,NA,1,1,1,0,NA,NA,NA,0,1,1,0,1,NA,1,1,0,-1,NA,NA,NA,NA
2785,DEC_C_2011_0418_J_20130926,ECLI:EU:C:2013:588:20130926,ECLI:EU:C:2013:588,62011CJ0418,0,NA,0,1,NA,0,NA,NA,0,1,0,1,1,1,0,0,0,0,NA,-1,NA,0,0,0,0
2786,DEC_C_2011_0430_J_20121206,ECLI:EU:C:2012:777:20121206,ECLI:EU:C:2012:777,62011CJ0430,0,0,1,NA,0,1,0,0,NA,NA,NA,0,1,0,0,0,NA,0,0,-1,-1,NA,NA,NA,NA
2787,DEC_C_2011_0438_J_20121108,ECLI:EU:C:2012:703:20121108,ECLI:EU:C:2012:703,62011CJ0438,1,NA,0,1,NA,0,NA,NA,0,0,0,0,0,0,0,0,0,0,NA,-1,NA,0,0,0,0
2788,DEC_C_2011_0443_J_20130411,ECLI:EU:C:2013:224:20130411,ECLI:EU:C:2013:224,62011CJ0443,0,0,1,NA,0,1,-1,0,NA,NA,NA,0,1,1,0,0,NA,0,0,-1,-1,NA,NA,NA,NA
2789,DEC_C_2011_0451_J_20120719,ECLI:EU:C:2012:504:20120719,ECLI:EU:C:2012:504,62011CJ0451,0,0,1,NA,0,1,1,1,NA,NA,NA,0,0,0,0,0,NA,1,1,-1,1,NA,NA,NA,NA
2790,DEC_C_2011_0461_J_20121108,ECLI:EU:C:2012:704:20121108,ECLI:EU:C:2012:704,62011CJ0461,0,1,1,NA,1,1,0,0,NA,NA,NA,0,0,0,0,1,NA,1,1,0,-1,NA,NA,NA,NA
2791,DEC_C_2011_0470_J_20120719,ECLI:EU:C:2012:505:20120719,ECLI:EU:C:2012:505,62011CJ0470,0,NA,0,1,NA,0,NA,NA,0,0,0,0,1,0,0,1,0,0,NA,1,NA,0,0,0,0
2792,DEC_C_2011_0471_J_20120906,ECLI:EU:C:2012:555:20120906,ECLI:EU:C:2012:555,62011CJ0471,1,NA,0,1,NA,0,NA,NA,0,0,0,0,0,0,0,0,0,-1,NA,-1,NA,0,0,0,0
2793,DEC_C_2011_0475_J_20130912,ECLI:EU:C:2013:542:20130912,ECLI:EU:C:2013:542,62011CJ0475,0,1,1,0,1,1,0,0,0,0,1,0,1,1,0,0,1,0,-1,1,-1,0,0,0,0
2794,DEC_C_2011_0485_J_20130627,ECLI:EU:C:2013:427:20130627,ECLI:EU:C:2013:427,62011CJ0485,0,NA,0,0,NA,0,NA,NA,0,0,0,0,0,0,0,0,0,1,NA,-1,NA,0,0,0,0
2795,DEC_C_2011_0487_J_20120906,ECLI:EU:C:2012:556:20120906,ECLI:EU:C:2012:556,62011CJ0487,1,NA,0,0,NA,1,NA,NA,0,0,0,0,1,1,0,0,0,1,NA,-1,NA,0,0,0,1
2796,DEC_C_2011_0518_J_20131107,ECLI:EU:C:2013:709:20131107,ECLI:EU:C:2013:709,62011CJ0518,0,NA,0,1,NA,0,NA,NA,0,0,0,0,0,0,0,-1,0,-1,NA,-1,NA,0,0,0,0
2797,DEC_C_2011_0523_J_20130718,ECLI:EU:C:2013:524:20130718,ECLI:EU:C:2013:524,62011CJ0523,0,0,1,NA,0,1,0,0,NA,NA,NA,0,0,0,0,1,NA,1,1,0,-1,NA,NA,NA,NA
2798,DEC_C_2011_0524_J_20120906,ECLI:EU:C:2012:558:20120906,ECLI:EU:C:2012:558,62011CJ0524,1,NA,0,1,NA,0,NA,NA,0,0,0,0,0,0,0,0,0,-1,NA,-1,NA,0,0,0,0
2799,DEC_C_2011_0528_J_20130530,ECLI:EU:C:2013:342:20130530,ECLI:EU:C:2013:342,62011CJ0528,0,0,1,NA,0,1,0,0,NA,NA,NA,0,0,0,0,0,NA,1,0,-1,-1,NA,NA,NA,NA
2800,DEC_C_2011_0529_J_20130508,ECLI:EU:C:2013:290:20130508,ECLI:EU:C:2013:290,62011CJ0529,0,0,1,NA,0,1,-1,0,NA,NA,NA,0,1,1,0,0,NA,1,1,-1,1,NA,NA,NA,NA
2801,DEC_C_2011_0537_J_20140123,ECLI:EU:C:2014:19:20140123,ECLI:EU:C:2014:19,62011CJ0537,0,NA,0,1,NA,0,NA,NA,0,0,0,0,1,1,0,0,0,-1,NA,-1,NA,0,0,0,0
2802,DEC_C_2011_0539_J_20130926,ECLI:EU:C:2013:591:20130926,ECLI:EU:C:2013:591,62011CJ0539,0,NA,0,1,NA,0,NA,NA,0,0,1,0,0,0,0,1,1,0,NA,1,NA,0,0,1,0
2803,DEC_C_2011_0542_J_20130627,ECLI:EU:C:2013:429:20130627,ECLI:EU:C:2013:429,62011CJ0542,1,NA,0,1,NA,0,NA,NA,0,0,0,0,0,0,0,0,0,-1,NA,-1,NA,0,0,0,0
2804,DEC_C_2011_0544_J_20130228,ECLI:EU:C:2013:124:20130228,ECLI:EU:C:2013:124,62011CJ0544,0,1,1,NA,1,1,0,0,NA,NA,NA,0,0,0,0,1,NA,1,1,0,-1,NA,NA,NA,NA
2805,DEC_C_2011_0548_J_20130418,ECLI:EU:C:2013:249:20130418,ECLI:EU:C:2013:249,62011CJ0548,0,1,1,NA,1,1,0,0,NA,NA,NA,1,0,0,0,0,NA,1,1,-1,-1,NA,NA,NA,NA
2806,DEC_C_2011_0555_J_20131017,ECLI:EU:C:2013:668:20131017,ECLI:EU:C:2013:668,62011CJ0555,0,0,1,NA,0,0,-1,0,NA,NA,NA,0,0,0,0,0,NA,1,-1,-1,-1,NA,NA,NA,NA
2807,DEC_C_2011_0558_J_20121115,ECLI:EU:C:2012:721:20121115,ECLI:EU:C:2012:721,62011CJ0558,1,NA,0,1,NA,0,NA,NA,0,0,0,0,0,0,0,0,0,-1,NA,-1,NA,0,0,0,0
2808,DEC_C_2011_0568_J_20130620,ECLI:EU:C:2013:407:20130620,ECLI:EU:C:2013:407,62011CJ0568,1,NA,0,1,NA,0,NA,NA,0,0,0,0,0,0,0,0,0,0,NA,-1,NA,0,0,0,0
2809,DEC_C_2011_0575_J_20130627,ECLI:EU:C:2013:430:20130627,ECLI:EU:C:2013:430,62011CJ0575,0,1,1,0,1,1,0,0,0,0,1,0,0,0,0,1,1,1,1,0,-1,0,0,1,0
2810,DEC_C_2011_0577_J_20130307,ECLI:EU:C:2013:146:20130307,ECLI:EU:C:2013:146,62011CJ0577,0,NA,0,1,NA,0,NA,NA,0,0,1,0,0,0,0,1,1,0,NA,1,NA,0,0,0,0
2811,DEC_C_2011_0595_J_20130418,ECLI:EU:C:2013:251:20130418,ECLI:EU:C:2013:251,62011CJ0595,1,NA,0,1,NA,0,NA,NA,0,0,0,0,1,1,0,0,0,-1,NA,-1,NA,0,0,0,0
2812,DEC_C_2011_0604_J_20130530,ECLI:EU:C:2013:344:20130530,ECLI:EU:C:2013:344,62011CJ0604,0,NA,0,1,NA,0,NA,NA,0,0,0,0,1,0,0,-1,0,-1,NA,-1,NA,0,0,0,0
2813,DEC_C_2011_0616_J_20140409,ECLI:EU:C:2014:242:20140409,ECLI:EU:C:2014:242,62011CJ0616,0,NA,0,1,NA,0,NA,NA,0,0,0,0,1,1,0,0,0,0,NA,-1,NA,0,0,0,0
2814,DEC_C_2011_0619_J_20130221,ECLI:EU:C:2013:92:20130221,ECLI:EU:C:2013:92,62011CJ0619,0,1,1,NA,1,1,1,0,NA,NA,NA,1,0,0,0,0,NA,1,1,-1,-1,NA,NA,NA,NA
2815,DEC_C_2011_0639_J_20140320,ECLI:EU:C:2014:173:20140320,ECLI:EU:C:2014:173,62011CJ0639,1,NA,0,0,NA,0,NA,NA,0,0,0,0,0,0,0,1,0,1,NA,0,NA,0,0,1,1
2816,DEC_C_2011_0667_J_20130606,ECLI:EU:C:2013:368:20130606,ECLI:EU:C:2013:368,62011CJ0667,1,NA,0,1,NA,0,NA,NA,0,0,0,0,0,0,0,0,0,-1,NA,-1,NA,0,0,0,0
2817,DEC_C_2011_0678_J_20141211,ECLI:EU:C:2014:2434:20141211,ECLI:EU:C:2014:2434,62011CJ0678,0,NA,0,0,NA,0,NA,NA,0,0,1,0,0,0,0,0,0,1,NA,-1,NA,0,0,1,0
2818,DEC_C_2012_0020_J_20130620,ECLI:EU:C:2013:411:20130620,ECLI:EU:C:2013:411,62012CJ0020,0,0,1,NA,0,1,-1,1,NA,NA,NA,1,0,0,0,1,NA,1,1,0,1,NA,NA,NA,NA
2819,DEC_C_2012_0045_J_20130613,ECLI:EU:C:2013:390:20130613,ECLI:EU:C:2013:390,62012CJ0045,0,0,1,NA,0,1,1,1,NA,NA,NA,0,1,0,0,0,NA,0,0,-1,0,NA,NA,NA,NA
2820,DEC_C_2012_0046_J_20130221,ECLI:EU:C:2013:97:20130221,ECLI:EU:C:2013:97,62012CJ0046,0,1,1,NA,1,1,0,0,NA,NA,NA,0,1,1,0,0,NA,1,1,-1,-1,NA,NA,NA,NA
2821,DEC_C_2012_0057_J_20130711,ECLI:EU:C:2013:517:20130711,ECLI:EU:C:2013:517,62012CJ0057,0,NA,0,1,NA,0,NA,NA,0,0,0,0,1,1,0,0,0,1,NA,-1,NA,0,0,0,1
2822,DEC_C_2012_0061_J_20140320,ECLI:EU:C:2014:172:20140320,ECLI:EU:C:2014:172,62012CJ0061,1,NA,0,0,NA,0,NA,NA,0,0,0,0,0,0,0,1,0,1,NA,0,NA,0,0,1,1
2823,DEC_C_2012_0071_J_20130627,ECLI:EU:C:2013:431:20130627,ECLI:EU:C:2013:431,62012CJ0071,0,NA,0,1,NA,0,NA,NA,0,0,0,0,1,1,0,0,0,0,NA,-1,NA,0,0,0,0
2824,DEC_C_2012_0080_J_20140401,ECLI:EU:C:2014:200:20140401,ECLI:EU:C:2014:200,62012CJ0080,0,NA,0,1,NA,0,NA,NA,0,1,0,0,1,0,0,1,1,1,NA,0,NA,0,0,1,0
2825,DEC_C_2012_0085_J_20131024,ECLI:EU:C:2013:697:20131024,ECLI:EU:C:2013:697,62012CJ0085,0,NA,0,1,NA,0,NA,NA,1,0,0,1,0,0,0,-1,0,-1,NA,-1,NA,0,0,0,0
2826,DEC_C_2012_0086_J_20131010,ECLI:EU:C:2013:645:20131010,ECLI:EU:C:2013:645,62012CJ0086,0,0,1,NA,0,1,1,0,NA,NA,NA,0,1,1,0,0,NA,0,0,-1,0,NA,NA,NA,NA
2827,DEC_C_2012_0087_J_20130508,ECLI:EU:C:2013:291:20130508,ECLI:EU:C:2013:291,62012CJ0087,0,0,1,NA,0,1,-1,1,NA,NA,NA,0,0,0,0,0,NA,0,0,-1,0,NA,NA,NA,NA
2828,DEC_C_2012_0109_J_20131003,ECLI:EU:C:2013:626:20131003,ECLI:EU:C:2013:626,62012CJ0109,1,NA,0,1,NA,0,NA,NA,0,0,0,0,0,0,0,0,0,1,NA,-1,NA,0,0,0,1
2829,DEC_C_2012_0111_J_20130221,ECLI:EU:C:2013:100:20130221,ECLI:EU:C:2013:100,62012CJ0111,0,NA,0,0,NA,1,NA,NA,0,0,0,0,0,0,0,0,0,1,NA,-1,NA,0,0,0,1
2830,DEC_C_2012_0116_J_20131212,ECLI:EU:C:2013:825:20131212,ECLI:EU:C:2013:825,62012CJ0116,1,NA,0,0,NA,1,NA,NA,0,0,0,0,1,0,0,0,0,-1,NA,-1,NA,0,0,0,0
2831,DEC_C_2012_0127_J_20140903,ECLI:EU:C:2014:2130:20140903,ECLI:EU:C:2014:2130,62012CJ0127,0,0,1,NA,0,0,-1,0,NA,NA,NA,1,0,0,0,0,NA,1,1,-1,-1,NA,NA,NA,NA
2832,DEC_C_2012_0137_J_20131022,ECLI:EU:C:2013:675:20131022,ECLI:EU:C:2013:675,62012CJ0137,0,NA,0,0,NA,0,NA,NA,0,0,0,0,0,0,0,0,0,1,NA,-1,NA,1,1,0,0
2833,DEC_C_2012_0140_J_20130919,ECLI:EU:C:2013:565:20130919,ECLI:EU:C:2013:565,62012CJ0140,0,0,1,NA,0,1,0,0,NA,NA,NA,1,1,0,0,0,NA,1,1,0,-1,NA,NA,NA,NA
2834,DEC_C_2012_0159_J_20131205,ECLI:EU:C:2013:791:20131205,ECLI:EU:C:2013:791,62012CJ0159,0,NA,0,0,NA,1,NA,NA,0,0,1,0,0,0,0,1,1,0,NA,1,NA,0,0,0,0
2835,DEC_C_2012_0162_J_20140213,ECLI:EU:C:2014:74:20140213,ECLI:EU:C:2014:74,62012CJ0162,0,NA,0,0,NA,1,NA,NA,0,0,0,0,0,0,0,0,0,-1,NA,-1,NA,0,0,0,0
2836,DEC_C_2012_0175_J_20131024,ECLI:EU:C:2013:681:20131024,ECLI:EU:C:2013:681,62012CJ0175,1,NA,0,1,NA,0,NA,NA,0,0,0,0,0,0,0,0,0,0,NA,-1,NA,0,0,0,0
2837,DEC_C_2012_0177_J_20131024,ECLI:EU:C:2013:689:20131024,ECLI:EU:C:2013:689,62012CJ0177,0,1,1,NA,1,1,-1,0,NA,NA,NA,0,0,0,0,0,NA,1,1,-1,-1,NA,NA,NA,NA
2838,DEC_C_2012_0182_J_20130307,ECLI:EU:C:2013:151:20130307,ECLI:EU:C:2013:151,62012CJ0182,1,NA,0,0,NA,1,NA,NA,0,0,0,0,0,0,0,0,0,0,NA,-1,NA,0,0,0,0
2839,DEC_C_2012_0186_J_20130620,ECLI:EU:C:2013:412:20130620,ECLI:EU:C:2013:412,62012CJ0186,0,NA,0,1,NA,0,NA,NA,1,0,1,0,0,0,0,0,0,0,NA,-1,NA,0,0,0,0
2840,DEC_C_2012_0190_J_20140410,ECLI:EU:C:2014:249:20140410,ECLI:EU:C:2014:249,62012CJ0190,0,NA,0,1,NA,0,NA,NA,0,0,0,0,0,0,0,0,0,1,NA,-1,NA,0,0,1,0
2841,DEC_C_2012_0204_J_20140911,ECLI:EU:C:2014:2192:20140911,ECLI:EU:C:2014:2192,62012CJ0204,1,NA,0,1,NA,0,NA,NA,0,1,0,0,0,0,0,1,0,0,NA,1,NA,0,0,0,0
2842,DEC_C_2012_0209_J_20131219,ECLI:EU:C:2013:864:20131219,ECLI:EU:C:2013:864,62012CJ0209,0,NA,0,0,NA,1,NA,NA,0,0,0,0,0,0,0,0,0,1,NA,-1,NA,0,0,0,1
2843,DEC_C_2012_0216_J_20130919,ECLI:EU:C:2013:568:20130919,ECLI:EU:C:2013:568,62012CJ0216,0,1,1,NA,1,1,-1,0,NA,NA,NA,0,0,0,0,0,NA,1,1,-1,-1,NA,NA,NA,NA
2844,DEC_C_2012_0220_J_20131024,ECLI:EU:C:2013:683:20131024,ECLI:EU:C:2013:683,62012CJ0220,0,0,1,NA,0,1,0,0,NA,NA,NA,1,1,0,0,1,NA,1,1,0,-1,NA,NA,NA,NA
2845,DEC_C_2012_0221_J_20131114,ECLI:EU:C:2013:736:20131114,ECLI:EU:C:2013:736,62012CJ0221,0,NA,0,1,NA,0,NA,NA,0,0,0,0,0,0,0,0,0,1,NA,-1,NA,0,0,1,0
2846,DEC_C_2012_0225_J_20131107,ECLI:EU:C:2013:725:20131107,ECLI:EU:C:2013:725,62012CJ0225,0,0,1,NA,0,1,0,0,NA,NA,NA,0,0,0,0,0,NA,1,1,-1,1,NA,NA,NA,NA
2847,DEC_C_2012_0228_J_20130718,ECLI:EU:C:2013:495:20130718,ECLI:EU:C:2013:495,62012CJ0228,0,NA,0,1,NA,0,NA,NA,0,0,0,0,0,0,0,0,0,0,NA,-1,NA,0,0,0,0
2848,DEC_C_2012_0233_J_20130704,ECLI:EU:C:2013:449:20130704,ECLI:EU:C:2013:449,62012CJ0233,0,1,1,NA,1,1,0,0,NA,NA,NA,0,0,0,0,0,NA,0,0,-1,-1,NA,NA,NA,NA
2849,DEC_C_2012_0273_J_20130711,ECLI:EU:C:2013:466:20130711,ECLI:EU:C:2013:466,62012CJ0273,1,NA,0,1,NA,0,NA,NA,0,0,0,0,0,0,0,0,0,-1,NA,-1,NA,0,0,0,0
2850,DEC_C_2012_0275_J_20131024,ECLI:EU:C:2013:684:20131024,ECLI:EU:C:2013:684,62012CJ0275,0,0,1,NA,0,1,1,0,NA,NA,NA,1,0,0,0,1,NA,1,1,0,-1,NA,NA,NA,NA
2851,DEC_C_2012_0296_J_20140123,ECLI:EU:C:2014:24:20140123,ECLI:EU:C:2014:24,62012CJ0296,0,NA,0,0,NA,0,NA,NA,0,0,1,0,0,0,0,0,1,1,NA,-1,NA,0,0,1,0
2852,DEC_C_2012_0302_J_20131121,ECLI:EU:C:2013:756:20131121,ECLI:EU:C:2013:756,62012CJ0302,0,NA,0,0,NA,1,NA,NA,0,1,0,1,0,0,0,0,0,0,NA,-1,NA,0,0,0,0
2853,DEC_C_2012_0303_J_20131212,ECLI:EU:C:2013:822:20131212,ECLI:EU:C:2013:822,62012CJ0303,0,1,1,NA,1,1,-1,0,NA,NA,NA,0,1,0,0,1,NA,1,0,0,-1,NA,NA,NA,NA
2854,DEC_C_2012_0321_J_20131010,ECLI:EU:C:2013:648:20131010,ECLI:EU:C:2013:648,62012CJ0321,0,1,1,NA,1,1,0,0,NA,NA,NA,0,0,0,1,0,NA,-1,1,-1,-1,NA,NA,NA,NA
2855,DEC_C_2012_0327_J_20131212,ECLI:EU:C:2013:827:20131212,ECLI:EU:C:2013:827,62012CJ0327,0,NA,0,1,NA,0,NA,NA,0,1,0,0,1,1,0,1,1,0,NA,1,NA,0,0,0,0
2856,DEC_C_2012_0335_J_20140717,ECLI:EU:C:2014:2084:20140717,ECLI:EU:C:2014:2084,62012CJ0335,1,NA,0,0,NA,0,NA,NA,0,0,0,0,0,0,0,0,0,0,NA,-1,NA,0,0,0,0
2857,DEC_C_2012_0347_J_20140508,ECLI:EU:C:2014:300:20140508,ECLI:EU:C:2014:300,62012CJ0347,0,1,1,NA,1,1,-1,0,NA,NA,NA,0,0,0,0,0,NA,1,1,-1,-1,NA,NA,NA,NA
2858,DEC_C_2012_0358_J_20140710,ECLI:EU:C:2014:2063:20140710,ECLI:EU:C:2014:2063,62012CJ0358,0,NA,0,1,NA,0,NA,NA,0,0,1,0,0,0,0,1,1,0,NA,1,NA,0,0,0,0
2859,DEC_C_2012_0367_J_20140213,ECLI:EU:C:2014:68:20140213,ECLI:EU:C:2014:68,62012CJ0367,0,NA,0,0,NA,1,NA,NA,0,1,0,0,1,0,0,0,1,1,NA,0,NA,0,0,1,0
2860,DEC_C_2012_0371_J_20140123,ECLI:EU:C:2014:26:20140123,ECLI:EU:C:2014:26,62012CJ0371,0,NA,0,0,NA,1,NA,NA,1,0,0,1,0,0,0,0,0,0,NA,1,NA,0,0,0,0
2861,DEC_C_2012_0375_J_20140313,ECLI:EU:C:2014:138:20140313,ECLI:EU:C:2014:138,62012CJ0375,0,NA,0,0,NA,1,NA,NA,0,0,1,0,0,0,0,1,1,1,NA,0,NA,0,0,1,0
2862,DEC_C_2012_0378_J_20140116,ECLI:EU:C:2014:13:20140116,ECLI:EU:C:2014:13,62012CJ0378,0,0,1,NA,0,1,0,1,NA,NA,NA,0,0,0,0,0,NA,0,0,-1,0,NA,NA,NA,NA
2863,DEC_C_2012_0380_J_20140123,ECLI:EU:C:2014:21:20140123,ECLI:EU:C:2014:21,62012CJ0380,1,NA,0,1,NA,0,NA,NA,0,0,0,0,1,1,0,0,0,-1,NA,-1,NA,0,0,0,0
2864,DEC_C_2012_0385_J_20140205,ECLI:EU:C:2014:47:20140205,ECLI:EU:C:2014:47,62012CJ0385,0,NA,0,1,NA,0,NA,NA,0,1,0,0,0,0,0,0,1,1,NA,-1,NA,0,0,1,0
2865,DEC_C_2012_0388_J_20131114,ECLI:EU:C:2013:734:20131114,ECLI:EU:C:2013:734,62012CJ0388,0,NA,0,1,NA,0,NA,NA,1,1,0,0,1,1,0,0,0,-1,NA,-1,NA,0,0,0,0
2866,DEC_C_2012_0400_J_20140116,ECLI:EU:C:2014:9:20140116,ECLI:EU:C:2014:9,62012CJ0400,0,0,1,NA,0,1,1,1,NA,NA,NA,0,0,0,0,0,NA,0,0,-1,0,NA,NA,NA,NA
2867,DEC_C_2012_0419_J_20140213,ECLI:EU:C:2014:81:20140213,ECLI:EU:C:2014:81,62012CJ0419,0,NA,0,1,NA,0,NA,NA,0,0,0,0,0,0,0,0,0,-1,NA,-1,NA,0,0,0,0
2868,DEC_C_2012_0423_J_20140116,ECLI:EU:C:2014:16:20140116,ECLI:EU:C:2014:16,62012CJ0423,0,0,1,NA,0,1,1,0,NA,NA,NA,0,0,0,0,0,NA,1,1,-1,1,NA,NA,NA,NA
2869,DEC_C_2012_0428_J_20140403,ECLI:EU:C:2014:218:20140403,ECLI:EU:C:2014:218,62012CJ0428,1,NA,0,0,NA,0,NA,NA,0,0,1,0,0,0,0,1,1,1,NA,0,NA,0,0,1,0
2870,DEC_C_2012_0442_J_20131107,ECLI:EU:C:2013:717:20131107,ECLI:EU:C:2013:717,62012CJ0442,0,NA,0,0,NA,1,NA,NA,0,0,0,0,0,0,0,0,0,-1,NA,-1,NA,0,0,0,0
2871,DEC_C_2012_0450_J_20131212,ECLI:EU:C:2013:824:20131212,ECLI:EU:C:2013:824,62012CJ0450,1,NA,0,1,NA,0,NA,NA,0,0,0,0,0,0,0,0,0,-1,NA,-1,NA,0,0,0,0
2872,DEC_C_2012_0456_J_20140312,ECLI:EU:C:2014:135:20140312,ECLI:EU:C:2014:135,62012CJ0456,0,0,1,NA,0,1,0,1,NA,NA,NA,0,1,0,0,0,NA,1,1,-1,1,NA,NA,NA,NA
2873,DEC_C_2012_0457_J_20140312,ECLI:EU:C:2014:136:20140312,ECLI:EU:C:2014:136,62012CJ0457,0,0,1,NA,0,1,1,1,NA,NA,NA,0,1,1,0,0,NA,0,1,-1,1,NA,NA,NA,NA
2874,DEC_C_2012_0472_J_20140717,ECLI:EU:C:2014:2082:20140717,ECLI:EU:C:2014:2082,62012CJ0472,1,NA,0,1,NA,0,NA,NA,0,0,0,0,1,1,0,0,0,-1,NA,-1,NA,0,0,0,0
2875,DEC_C_2012_0474_J_20140904,ECLI:EU:C:2014:2139:20140904,ECLI:EU:C:2014:2139,62012CJ0474,0,NA,0,1,NA,0,NA,NA,0,1,0,0,1,1,0,0,1,1,NA,0,NA,0,0,1,0
2876,DEC_C_2012_0480_J_20140515,ECLI:EU:C:2014:329:20140515,ECLI:EU:C:2014:329,62012CJ0480,1,NA,0,1,NA,0,NA,NA,0,0,0,0,1,0,0,0,0,1,NA,-1,NA,0,0,0,0
2877,DEC_C_2012_0481_J_20140116,ECLI:EU:C:2014:11:20140116,ECLI:EU:C:2014:11,62012CJ0481,1,NA,0,1,NA,0,NA,NA,1,0,0,0,0,0,0,1,0,1,NA,0,NA,0,0,1,0
2878,DEC_C_2012_0483_J_20140508,ECLI:EU:C:2014:304:20140508,ECLI:EU:C:2014:304,62012CJ0483,0,NA,0,1,NA,0,NA,NA,0,0,0,0,0,0,0,0,0,-1,NA,-1,NA,0,0,0,0
2879,DEC_C_2012_0492_J_20130919,ECLI:EU:C:2013:576:20130919,ECLI:EU:C:2013:576,62012CJ0492,0,0,1,1,0,0,-1,0,0,0,0,0,1,1,0,0,0,0,-1,-1,-1,0,0,0,0
2880,DEC_C_2012_0493_J_20131212,ECLI:EU:C:2013:835:20131212,ECLI:EU:C:2013:835,62012CJ0493,1,NA,0,1,NA,0,NA,NA,0,0,0,0,1,1,0,0,0,-1,NA,-1,NA,0,0,0,0
2881,DEC_C_2012_0497_J_20150702,ECLI:EU:C:2015:436:20150702,ECLI:EU:C:2015:436,62012CJ0497,0,NA,0,0,NA,1,NA,NA,0,0,0,0,0,0,0,0,0,-1,NA,-1,NA,0,0,0,0
2882,DEC_C_2012_0507_J_20140619,ECLI:EU:C:2014:2007:20140619,ECLI:EU:C:2014:2007,62012CJ0507,0,1,1,NA,1,1,1,0,NA,NA,NA,0,0,0,0,0,NA,1,1,-1,-1,NA,NA,NA,NA
2883,DEC_C_2012_0509_J_20140206,ECLI:EU:C:2014:54:20140206,ECLI:EU:C:2014:54,62012CJ0509,0,NA,0,1,NA,0,NA,NA,0,1,0,0,0,0,0,1,1,1,NA,0,NA,0,0,1,0
2884,DEC_C_2012_0514_J_20131205,ECLI:EU:C:2013:799:20131205,ECLI:EU:C:2013:799,62012CJ0514,0,1,1,NA,1,1,-1,0,NA,NA,NA,1,0,0,0,1,NA,1,1,0,-1,NA,NA,NA,NA
2885,DEC_C_2012_0522_J_20131107,ECLI:EU:C:2013:711:20131107,ECLI:EU:C:2013:711,62012CJ0522,0,NA,0,0,NA,1,NA,NA,0,0,0,0,0,0,0,0,0,0,NA,-1,NA,0,0,0,0
2886,DEC_C_2012_0523_J_20131212,ECLI:EU:C:2013:831:20131212,ECLI:EU:C:2013:831,62012CJ0523,0,NA,0,1,NA,0,NA,NA,0,0,1,0,0,0,0,1,0,0,NA,1,NA,0,0,0,0
2887,DEC_C_2012_0528_J_20140206,ECLI:EU:C:2014:51:20140206,ECLI:EU:C:2014:51,62012CJ0528,0,NA,0,1,NA,0,NA,NA,0,0,0,0,0,0,0,0,0,1,NA,-1,NA,0,0,0,1
2888,DEC_C_2012_0561_J_20131205,ECLI:EU:C:2013:793:20131205,ECLI:EU:C:2013:793,62012CJ0561,0,NA,0,1,NA,0,NA,NA,0,0,0,0,0,0,0,0,0,-1,NA,-1,NA,0,0,0,0
2889,DEC_C_2012_0571_J_20140227,ECLI:EU:C:2014:102:20140227,ECLI:EU:C:2014:102,62012CJ0571,1,NA,0,1,NA,0,NA,NA,0,0,0,0,1,1,0,0,0,-1,NA,-1,NA,0,0,0,0
2890,DEC_C_2012_0573_J_20140701,ECLI:EU:C:2014:2037:20140701,ECLI:EU:C:2014:2037,62012CJ0573,1,NA,0,1,NA,0,NA,NA,0,0,1,1,1,1,0,1,1,0,NA,1,NA,0,0,0,0
2891,DEC_C_2012_0583_J_20140409,ECLI:EU:C:2014:244:20140409,ECLI:EU:C:2014:244,62012CJ0583,1,NA,0,1,NA,0,NA,NA,0,0,0,0,0,0,0,0,0,0,NA,-1,NA,0,0,0,0
2892,DEC_C_2012_0606_J_20140306,ECLI:EU:C:2014:125:20140306,ECLI:EU:C:2014:125,62012CJ0606,1,NA,0,1,NA,0,NA,NA,0,0,0,0,0,0,0,0,0,-1,NA,-1,NA,0,0,0,0
2893,DEC_C_2012_0613_J_20140206,ECLI:EU:C:2014:52:20140206,ECLI:EU:C:2014:52,62012CJ0613,1,NA,0,1,NA,0,NA,NA,0,0,0,0,1,1,0,0,0,-1,NA,-1,NA,0,0,0,0
2894,DEC_C_2013_0002_J_20140206,ECLI:EU:C:2014:48:20140206,ECLI:EU:C:2014:48,62013CJ0002,1,NA,0,1,NA,0,NA,NA,0,0,0,0,0,0,0,0,0,-1,NA,-1,NA,0,0,0,0
2895,DEC_C_2013_0003_J_20140917,ECLI:EU:C:2014:2227:20140917,ECLI:EU:C:2014:2227,62013CJ0003,1,NA,0,1,NA,0,NA,NA,0,0,0,0,0,0,0,0,0,0,NA,-1,NA,0,0,0,0
2896,DEC_C_2013_0004_J_20141106,ECLI:EU:C:2014:2344:20141106,ECLI:EU:C:2014:2344,62013CJ0004,0,1,1,NA,1,1,1,0,NA,NA,NA,0,0,0,0,0,NA,0,0,-1,-1,NA,NA,NA,NA
2897,DEC_C_2013_0017_J_20140327,ECLI:EU:C:2014:191:20140327,ECLI:EU:C:2014:191,62013CJ0017,0,NA,0,1,NA,0,NA,NA,0,0,0,0,0,0,0,0,0,-1,NA,-1,NA,0,0,0,0
2898,DEC_C_2013_0021_J_20140904,ECLI:EU:C:2014:2154:20140904,ECLI:EU:C:2014:2154,62013CJ0021,1,NA,0,1,NA,0,NA,NA,0,0,0,0,0,0,0,0,0,0,NA,-1,NA,0,0,0,0
2899,DEC_C_2013_0029_J_20140313,ECLI:EU:C:2014:140:20140313,ECLI:EU:C:2014:140,62013CJ0029,1,NA,0,1,NA,0,NA,NA,0,0,0,1,1,1,0,0,0,0,NA,-1,NA,0,0,0,0
2900,DEC_C_2013_0032_J_20140227,ECLI:EU:C:2014:107:20140227,ECLI:EU:C:2014:107,62013CJ0032,0,0,1,NA,0,1,1,0,NA,NA,NA,0,0,0,0,0,NA,-1,1,-1,-1,NA,NA,NA,NA
2901,DEC_C_2013_0039_J_20140612,ECLI:EU:C:2014:1758:20140612,ECLI:EU:C:2014:1758,62013CJ0039,0,NA,0,1,NA,0,NA,NA,0,1,0,0,0,0,0,0,1,1,NA,-1,NA,0,0,1,0
2902,DEC_C_2013_0048_J_20140717,ECLI:EU:C:2014:2087:20140717,ECLI:EU:C:2014:2087,62013CJ0048,0,NA,0,1,NA,0,NA,NA,0,1,0,0,0,0,0,0,1,1,NA,-1,NA,0,0,1,0
2903,DEC_C_2013_0051_J_20150429,ECLI:EU:C:2015:286:20150429,ECLI:EU:C:2015:286,62013CJ0051,0,NA,0,1,NA,0,NA,NA,0,0,0,1,1,1,0,0,0,0,NA,-1,NA,0,0,0,0
2904,DEC_C_2013_0053_J_20140619,ECLI:EU:C:2014:2011:20140619,ECLI:EU:C:2014:2011,62013CJ0053,0,NA,0,1,NA,0,NA,NA,0,0,1,0,0,0,0,1,1,1,NA,0,NA,0,0,1,0
2905,DEC_C_2013_0058_J_20140717,ECLI:EU:C:2014:2088:20140717,ECLI:EU:C:2014:2088,62013CJ0058,0,0,1,0,0,1,0,0,0,0,0,0,0,0,0,0,0,1,1,-1,-1,0,0,0,1
2906,DEC_C_2013_0060_J_20140403,ECLI:EU:C:2014:219:20140403,ECLI:EU:C:2014:219,62013CJ0060,1,NA,0,0,NA,0,NA,NA,0,0,0,0,0,0,0,0,0,1,NA,-1,NA,0,0,0,1
2907,DEC_C_2013_0074_J_20140409,ECLI:EU:C:2014:243:20140409,ECLI:EU:C:2014:243,62013CJ0074,1,NA,0,1,NA,0,NA,NA,0,0,0,0,0,0,0,0,0,-1,NA,-1,NA,0,0,0,0
2908,DEC_C_2013_0075_J_20140612,ECLI:EU:C:2014:1759:20140612,ECLI:EU:C:2014:1759,62013CJ0075,1,NA,0,1,NA,0,NA,NA,0,0,0,0,1,0,0,0,0,0,NA,-1,NA,0,0,0,0
2909,DEC_C_2013_0087_J_20141218,ECLI:EU:C:2014:2459:20141218,ECLI:EU:C:2014:2459,62013CJ0087,0,NA,0,0,NA,1,NA,NA,0,0,1,0,0,0,0,0,0,0,NA,-1,NA,0,0,0,0
2910,DEC_C_2013_0088_J_20140911,ECLI:EU:C:2014:2205:20140911,ECLI:EU:C:2014:2205,62013CJ0088,0,NA,0,0,NA,1,NA,NA,0,0,0,0,0,0,0,0,0,0,NA,-1,NA,0,0,0,0
2911,DEC_C_2013_0100_J_20141016,ECLI:EU:C:2014:2293:20141016,ECLI:EU:C:2014:2293,62013CJ0100,1,NA,0,0,NA,0,NA,NA,0,0,0,0,0,0,0,0,0,1,NA,-1,NA,0,0,0,1
2912,DEC_C_2013_0103_J_20141105,ECLI:EU:C:2014:2334:20141105,ECLI:EU:C:2014:2334,62013CJ0103,0,1,1,NA,1,1,1,0,NA,NA,NA,1,0,0,0,1,NA,1,0,0,-1,NA,NA,NA,NA
2913,DEC_C_2013_0108_J_20141106,ECLI:EU:C:2014:2346:20141106,ECLI:EU:C:2014:2346,62013CJ0108,1,NA,0,1,NA,0,NA,NA,0,0,0,0,0,0,0,1,0,1,NA,0,NA,0,0,1,0
2914,DEC_C_2013_0114_J_20150212,ECLI:EU:C:2015:81:20150212,ECLI:EU:C:2015:81,62013CJ0114,0,0,1,NA,0,1,1,0,NA,NA,NA,0,0,0,0,0,NA,-1,1,-1,-1,NA,NA,NA,NA
2915,DEC_C_2013_0115_J_20140410,ECLI:EU:C:2014:253:20140410,ECLI:EU:C:2014:253,62013CJ0115,1,NA,0,0,NA,0,NA,NA,0,0,0,0,0,0,0,0,0,1,NA,-1,NA,0,0,0,1
2916,DEC_C_2013_0129_J_20140703,ECLI:EU:C:2014:2041:20140703,ECLI:EU:C:2014:2041,62013CJ0129,1,NA,0,1,NA,0,NA,NA,0,0,0,0,0,0,1,0,0,-1,NA,-1,NA,0,0,0,0
2917,DEC_C_2013_0131_J_20141218,ECLI:EU:C:2014:2455:20141218,ECLI:EU:C:2014:2455,62013CJ0131,1,NA,0,1,NA,0,NA,NA,0,0,0,0,1,0,0,0,0,0,NA,-1,NA,0,0,0,0
2918,DEC_C_2013_0134_J_20150212,ECLI:EU:C:2015:82:20150212,ECLI:EU:C:2015:82,62013CJ0134,1,NA,0,1,NA,0,NA,NA,0,0,0,0,1,0,0,0,0,-1,NA,-1,NA,0,0,0,0
2919,DEC_C_2013_0138_J_20140710,ECLI:EU:C:2014:2066:20140710,ECLI:EU:C:2014:2066,62013CJ0138,0,0,1,NA,0,1,1,1,NA,NA,NA,1,0,0,0,1,NA,1,1,0,1,NA,NA,NA,NA
2920,DEC_C_2013_0140_J_20141112,ECLI:EU:C:2014:2362:20141112,ECLI:EU:C:2014:2362,62013CJ0140,0,NA,0,0,NA,1,NA,NA,0,0,0,0,1,0,0,0,0,-1,NA,-1,NA,0,0,0,0
2921,DEC_C_2013_0152_J_20140910,ECLI:EU:C:2014:2184:20140910,ECLI:EU:C:2014:2184,62013CJ0152,1,NA,0,1,NA,0,NA,NA,0,0,0,0,0,0,0,0,0,1,NA,-1,NA,0,0,0,1
2922,DEC_C_2013_0155_J_20140313,ECLI:EU:C:2014:145:20140313,ECLI:EU:C:2014:145,62013CJ0155,1,NA,0,1,NA,0,NA,NA,0,0,0,0,1,0,0,0,0,0,NA,-1,NA,0,0,0,0
2923,DEC_C_2013_0156_J_20140612,ECLI:EU:C:2014:1756:20140612,ECLI:EU:C:2014:1756,62013CJ0156,0,NA,0,0,NA,1,NA,NA,1,0,0,1,1,1,0,1,0,0,NA,1,NA,0,0,1,0
2924,DEC_C_2013_0162_J_20140904,ECLI:EU:C:2014:2146:20140904,ECLI:EU:C:2014:2146,62013CJ0162,0,NA,0,0,NA,1,NA,NA,0,0,0,0,1,1,0,0,0,1,NA,-1,NA,0,0,0,1
2925,DEC_C_2013_0171_J_20150114,ECLI:EU:C:2015:8:20150114,ECLI:EU:C:2015:8,62013CJ0171,0,0,1,NA,0,1,-1,0,NA,NA,NA,0,0,0,0,-1,NA,0,0,-1,-1,NA,NA,NA,NA
2926,DEC_C_2013_0172_J_20150203,ECLI:EU:C:2015:50:20150203,ECLI:EU:C:2015:50,62013CJ0172,0,NA,0,0,NA,0,NA,NA,0,1,0,1,0,0,0,0,0,0,NA,1,NA,0,0,0,0
2927,DEC_C_2013_0179_J_20150115,ECLI:EU:C:2015:12:20150115,ECLI:EU:C:2015:12,62013CJ0179,0,1,1,NA,1,1,1,0,NA,NA,NA,0,0,0,0,0,NA,-1,0,-1,-1,NA,NA,NA,NA
2928,DEC_C_2013_0202_J_20141218,ECLI:EU:C:2014:2450:20141218,ECLI:EU:C:2014:2450,62013CJ0202,0,0,1,NA,0,1,-1,0,NA,NA,NA,0,0,0,0,0,NA,1,1,-1,-1,NA,NA,NA,NA
2929,DEC_C_2013_0244_J_20140710,ECLI:EU:C:2014:2068:20140710,ECLI:EU:C:2014:2068,62013CJ0244,0,0,1,NA,0,1,0,1,NA,NA,NA,0,0,0,0,0,NA,1,1,-1,1,NA,NA,NA,NA
2930,DEC_C_2013_0250_J_20140430,ECLI:EU:C:2014:278:20140430,ECLI:EU:C:2014:278,62013CJ0250,0,0,1,NA,0,1,1,1,NA,NA,NA,1,0,0,0,0,NA,-1,1,-1,-1,NA,NA,NA,NA
2931,DEC_C_2013_0254_J_20141002,ECLI:EU:C:2014:2251:20141002,ECLI:EU:C:2014:2251,62013CJ0254,1,NA,0,1,NA,0,NA,NA,0,0,0,0,0,0,0,0,0,1,NA,-1,NA,0,0,1,0
2932,DEC_C_2013_0255_J_20140605,ECLI:EU:C:2014:1291:20140605,ECLI:EU:C:2014:1291,62013CJ0255,0,1,1,NA,1,1,0,0,NA,NA,NA,0,1,1,0,0,NA,-1,1,-1,-1,NA,NA,NA,NA
2933,DEC_C_2013_0256_J_20140904,ECLI:EU:C:2014:2149:20140904,ECLI:EU:C:2014:2149,62013CJ0256,0,NA,0,1,NA,0,NA,NA,0,0,0,0,0,0,0,0,0,0,NA,-1,NA,0,0,0,0
2934,DEC_C_2013_0266_J_20150319,ECLI:EU:C:2015:188:20150319,ECLI:EU:C:2015:188,62013CJ0266,0,1,1,NA,1,1,0,0,NA,NA,NA,0,0,0,0,0,NA,1,1,-1,-1,NA,NA,NA,NA
2935,DEC_C_2013_0267_J_20140430,ECLI:EU:C:2014:277:20140430,ECLI:EU:C:2014:277,62013CJ0267,1,NA,0,1,NA,0,NA,NA,0,0,0,0,0,0,0,0,0,-1,NA,-1,NA,0,0,0,0
2936,DEC_C_2013_0268_J_20141009,ECLI:EU:C:2014:2271:20141009,ECLI:EU:C:2014:2271,62013CJ0268,0,0,1,NA,0,1,1,0,NA,NA,NA,1,1,0,0,0,NA,1,1,-1,-1,NA,NA,NA,NA
2937,DEC_C_2013_0270_J_20140910,ECLI:EU:C:2014:2185:20140910,ECLI:EU:C:2014:2185,62013CJ0270,0,1,1,NA,1,1,0,0,NA,NA,NA,0,0,0,0,0,NA,1,1,-1,-1,NA,NA,NA,NA
2938,DEC_C_2013_0282_J_20150122,ECLI:EU:C:2015:24:20150122,ECLI:EU:C:2015:24,62013CJ0282,0,NA,0,1,NA,0,NA,NA,0,0,0,0,0,0,0,0,0,-1,NA,-1,NA,0,0,0,0
2939,DEC_C_2013_0291_J_20140911,ECLI:EU:C:2014:2209:20140911,ECLI:EU:C:2014:2209,62013CJ0291,0,NA,0,0,NA,1,NA,NA,0,0,0,1,0,0,0,0,0,-1,NA,-1,NA,0,0,0,0
2940,DEC_C_2013_0297_J_20140515,ECLI:EU:C:2014:331:20140515,ECLI:EU:C:2014:331,62013CJ0297,1,NA,0,1,NA,0,NA,NA,0,0,0,0,1,0,0,0,0,-1,NA,-1,NA,0,0,0,0
2941,DEC_C_2013_0315_J_20141203,ECLI:EU:C:2014:2408:20141203,ECLI:EU:C:2014:2408,62013CJ0315,0,NA,0,0,NA,1,NA,NA,0,0,1,0,1,0,0,1,1,0,NA,1,NA,0,0,0,0
2942,DEC_C_2013_0322_J_20140327,ECLI:EU:C:2014:189:20140327,ECLI:EU:C:2014:189,62013CJ0322,0,0,1,NA,0,1,1,0,NA,NA,NA,0,0,0,0,1,NA,1,1,0,-1,NA,NA,NA,NA
2943,DEC_C_2013_0330_J_20140612,ECLI:EU:C:2014:1757:20140612,ECLI:EU:C:2014:1757,62013CJ0330,1,NA,0,1,NA,0,NA,NA,0,0,0,0,1,1,0,0,0,-1,NA,-1,NA,0,0,0,0
2944,DEC_C_2013_0331_J_20141015,ECLI:EU:C:2014:2285:20141015,ECLI:EU:C:2014:2285,62013CJ0331,1,NA,0,0,NA,1,NA,NA,0,0,0,0,0,0,0,0,0,1,NA,-1,NA,0,0,1,0
2945,DEC_C_2013_0333_J_20141111,ECLI:EU:C:2014:2358:20141111,ECLI:EU:C:2014:2358,62013CJ0333,0,0,1,NA,0,1,-1,0,NA,NA,NA,0,0,0,0,0,NA,0,0,-1,-1,NA,NA,NA,NA
2946,DEC_C_2013_0340_J_20150211,ECLI:EU:C:2015:77:20150211,ECLI:EU:C:2015:77,62013CJ0340,0,NA,0,1,NA,0,NA,NA,0,0,0,0,0,0,0,0,0,-1,NA,-1,NA,0,0,0,0
2947,DEC_C_2013_0344_J_20141022,ECLI:EU:C:2014:2311:20141022,ECLI:EU:C:2014:2311,62013CJ0344,0,NA,0,0,NA,1,NA,NA,0,1,0,0,0,0,0,0,1,1,NA,-1,NA,0,0,1,0
2948,DEC_C_2013_0346_J_20151006,ECLI:EU:C:2015:649:20151006,ECLI:EU:C:2015:649,62013CJ0346,0,NA,0,1,NA,0,NA,NA,0,0,0,0,0,0,0,0,0,0,NA,-1,NA,0,0,0,0
2949,DEC_C_2013_0349_J_20150212,ECLI:EU:C:2015:84:20150212,ECLI:EU:C:2015:84,62013CJ0349,1,NA,0,1,NA,0,NA,NA,0,1,0,0,1,0,0,0,0,0,NA,-1,NA,0,0,0,0
2950,DEC_C_2013_0358_J_20140710,ECLI:EU:C:2014:2060:20140710,ECLI:EU:C:2014:2060,62013CJ0358,1,NA,0,0,NA,1,NA,NA,0,0,0,0,0,0,0,0,0,-1,NA,-1,NA,0,0,0,0
2951,DEC_C_2013_0359_J_20150226,ECLI:EU:C:2015:118:20150226,ECLI:EU:C:2015:118,62013CJ0359,0,0,1,NA,0,1,1,1,NA,NA,NA,1,1,0,0,1,NA,1,1,0,-1,NA,NA,NA,NA
2952,DEC_C_2013_0361_J_20150916,ECLI:EU:C:2015:601:20150916,ECLI:EU:C:2015:601,62013CJ0361,0,0,1,NA,0,0,-1,0,NA,NA,NA,1,0,0,0,0,NA,0,0,-1,-1,NA,NA,NA,NA
2953,DEC_C_2013_0365_J_20140430,ECLI:EU:C:2014:280:20140430,ECLI:EU:C:2014:280,62013CJ0365,0,0,1,1,0,0,-1,0,0,0,0,0,0,0,0,0,0,1,-1,-1,-1,0,0,0,1
2954,DEC_C_2013_0382_J_20150423,ECLI:EU:C:2015:261:20150423,ECLI:EU:C:2015:261,62013CJ0382,0,1,1,NA,1,1,-1,0,NA,NA,NA,0,0,0,0,0,NA,-1,1,-1,-1,NA,NA,NA,NA
2955,DEC_C_2013_0387_J_20141016,ECLI:EU:C:2014:2296:20141016,ECLI:EU:C:2014:2296,62013CJ0387,1,NA,0,1,NA,0,NA,NA,0,0,0,0,0,0,0,0,0,0,NA,-1,NA,0,0,0,1
2956,DEC_C_2013_0388_J_20150416,ECLI:EU:C:2015:225:20150416,ECLI:EU:C:2015:225,62013CJ0388,0,NA,0,1,NA,0,NA,NA,0,0,0,0,1,0,0,-1,0,-1,NA,-1,NA,0,0,0,0
2957,DEC_C_2013_0394_J_20140911,ECLI:EU:C:2014:2199:20140911,ECLI:EU:C:2014:2199,62013CJ0394,0,0,1,NA,0,1,1,1,NA,NA,NA,1,0,0,0,0,NA,1,1,-1,-1,NA,NA,NA,NA
2958,DEC_C_2013_0401_J_20150122,ECLI:EU:C:2015:26:20150122,ECLI:EU:C:2015:26,62013CJ0401,0,1,1,NA,1,1,-1,0,NA,NA,NA,1,0,0,0,0,NA,0,0,-1,-1,NA,NA,NA,NA
2959,DEC_C_2013_0423_J_20140910,ECLI:EU:C:2014:2186:20140910,ECLI:EU:C:2014:2186,62013CJ0423,1,NA,0,1,NA,0,NA,NA,0,0,0,0,0,0,0,1,0,1,NA,0,NA,0,0,1,1
2960,DEC_C_2013_0433_J_20150916,ECLI:EU:C:2015:602:20150916,ECLI:EU:C:2015:602,62013CJ0433,0,0,1,NA,0,0,-1,0,NA,NA,NA,0,0,0,0,0,NA,0,0,-1,-1,NA,NA,NA,NA
2961,DEC_C_2013_0437_J_20141023,ECLI:EU:C:2014:2318:20141023,ECLI:EU:C:2014:2318,62013CJ0437,1,NA,0,1,NA,0,NA,NA,0,0,0,0,0,0,0,0,0,0,NA,-1,NA,0,0,0,0
2962,DEC_C_2013_0463_J_20150122,ECLI:EU:C:2015:25:20150122,ECLI:EU:C:2015:25,62013CJ0463,0,NA,0,1,NA,0,NA,NA,0,1,0,0,0,0,0,0,0,1,NA,-1,NA,0,0,0,0
2963,DEC_C_2013_0470_J_20141218,ECLI:EU:C:2014:2469:20141218,ECLI:EU:C:2014:2469,62013CJ0470,0,NA,0,1,NA,0,NA,NA,0,0,0,0,0,0,0,0,0,0,NA,-1,NA,0,0,0,0
2964,DEC_C_2013_0477_J_20150416,ECLI:EU:C:2015:239:20150416,ECLI:EU:C:2015:239,62013CJ0477,0,1,1,0,1,1,0,0,0,0,0,0,0,0,0,0,0,0,0,-1,-1,0,0,0,0
2965,DEC_C_2013_0480_J_20140717,ECLI:EU:C:2014:2097:20140717,ECLI:EU:C:2014:2097,62013CJ0480,1,NA,0,1,NA,0,NA,NA,0,0,0,0,0,0,0,0,0,-1,NA,-1,NA,0,0,0,0
2966,DEC_C_2013_0512_J_20150224,ECLI:EU:C:2015:108:20150224,ECLI:EU:C:2015:108,62013CJ0512,0,1,1,NA,1,1,0,0,NA,NA,NA,0,1,1,0,0,NA,0,0,-1,-1,NA,NA,NA,NA
2967,DEC_C_2013_0517_J_20151217,ECLI:EU:C:2015:820:20151217,ECLI:EU:C:2015:820,62013CJ0517,0,NA,0,1,NA,0,NA,NA,0,0,0,0,0,0,0,0,0,0,NA,-1,NA,0,0,0,0
2968,DEC_C_2013_0523_J_20141218,ECLI:EU:C:2014:2458:20141218,ECLI:EU:C:2014:2458,62013CJ0523,0,1,1,NA,1,1,0,0,NA,NA,NA,0,0,0,0,1,NA,1,1,-1,-1,NA,NA,NA,NA
2969,DEC_C_2013_0541_J_20141009,ECLI:EU:C:2014:2270:20141009,ECLI:EU:C:2014:2270,62013CJ0541,1,NA,0,1,NA,0,NA,NA,0,0,0,0,0,0,0,0,0,-1,NA,-1,NA,0,0,0,0
2970,DEC_C_2013_0543_J_20150604,ECLI:EU:C:2015:359:20150604,ECLI:EU:C:2015:359,62013CJ0543,0,0,1,NA,0,1,1,0,NA,NA,NA,1,0,0,0,0,NA,1,1,0,-1,NA,NA,NA,NA
2971,DEC_C_2013_0544_J_20150716,ECLI:EU:C:2015:481:20150716,ECLI:EU:C:2015:481,62013CJ0544,1,NA,0,1,NA,0,NA,NA,0,0,0,0,1,1,0,0,0,-1,NA,-1,NA,0,0,0,0
2972,DEC_C_2013_0546_J_20141106,ECLI:EU:C:2014:2348:20141106,ECLI:EU:C:2014:2348,62013CJ0546,1,NA,0,1,NA,0,NA,NA,0,0,0,0,0,0,0,0,0,-1,NA,-1,NA,0,0,0,0
2973,DEC_C_2013_0547_J_20150304,ECLI:EU:C:2015:139:20150304,ECLI:EU:C:2015:139,62013CJ0547,1,NA,0,1,NA,0,NA,NA,0,0,0,0,1,0,0,0,0,-1,NA,-1,NA,0,0,0,0
2974,DEC_C_2013_0549_J_20140918,ECLI:EU:C:2014:2235:20140918,ECLI:EU:C:2014:2235,62013CJ0549,0,NA,0,1,NA,0,NA,NA,0,0,1,0,0,0,0,1,1,1,NA,0,NA,0,0,1,0
2975,DEC_C_2013_0586_J_20150618,ECLI:EU:C:2015:405:20150618,ECLI:EU:C:2015:405,62013CJ0586,0,NA,0,1,NA,0,NA,NA,0,0,0,0,0,0,0,0,0,0,NA,-1,NA,0,0,0,0
2976,DEC_C_2013_0591_J_20150416,ECLI:EU:C:2015:230:20150416,ECLI:EU:C:2015:230,62013CJ0591,0,NA,0,0,NA,0,NA,NA,0,0,1,0,0,0,0,0,1,1,NA,-1,NA,0,0,1,0
2977,DEC_C_2013_0607_J_20150709,ECLI:EU:C:2015:448:20150709,ECLI:EU:C:2015:448,62013CJ0607,1,NA,0,1,NA,0,NA,NA,0,0,0,0,0,0,0,0,0,1,NA,-1,NA,0,0,0,1
2978,DEC_C_2013_0623_J_20150226,ECLI:EU:C:2015:123:20150226,ECLI:EU:C:2015:123,62013CJ0623,0,1,1,NA,1,1,0,0,NA,NA,NA,1,0,0,0,0,NA,-1,1,-1,-1,NA,NA,NA,NA
2979,DEC_C_2013_0632_J_20151119,ECLI:EU:C:2015:765:20151119,ECLI:EU:C:2015:765,62013CJ0632,0,1,1,NA,1,1,1,0,NA,NA,NA,0,0,0,0,0,NA,0,0,-1,-1,NA,NA,NA,NA
2980,DEC_C_2013_0635_J_20150423,ECLI:EU:C:2015:268:20150423,ECLI:EU:C:2015:268,62013CJ0635,1,NA,0,1,NA,0,NA,NA,0,0,0,0,0,1,0,0,0,-1,NA,-1,NA,0,0,0,0
2981,DEC_C_2013_0650_J_20151006,ECLI:EU:C:2015:648:20151006,ECLI:EU:C:2015:648,62013CJ0650,0,0,1,NA,0,1,0,0,NA,NA,NA,0,0,0,0,1,NA,0,0,1,-1,NA,NA,NA,NA
2982,DEC_C_2013_0655_J_20150205,ECLI:EU:C:2015:62:20150205,ECLI:EU:C:2015:62,62013CJ0655,0,1,1,NA,1,1,1,0,NA,NA,NA,0,0,0,0,0,NA,1,1,-1,-1,NA,NA,NA,NA
2983,DEC_C_2013_0657_J_20150521,ECLI:EU:C:2015:331:20150521,ECLI:EU:C:2015:331,62013CJ0657,0,NA,0,1,NA,0,NA,NA,0,1,0,0,0,0,0,1,1,0,NA,1,NA,0,0,0,0
2984,DEC_C_2013_0659_J_20160204,ECLI:EU:C:2016:74:20160204,ECLI:EU:C:2016:74,62013CJ0659,1,NA,0,1,NA,0,NA,NA,0,0,0,0,0,0,0,0,0,1,NA,-1,NA,1,0,0,0
2985,DEC_C_2013_0666_J_20141120,ECLI:EU:C:2014:2388:20141120,ECLI:EU:C:2014:2388,62013CJ0666,1,NA,0,1,NA,0,NA,NA,0,0,0,0,0,0,0,0,0,-1,NA,-1,NA,0,0,0,0
2986,DEC_C_2013_0686_J_20150610,ECLI:EU:C:2015:375:20150610,ECLI:EU:C:2015:375,62013CJ0686,0,NA,0,1,NA,0,NA,NA,0,0,0,0,0,0,0,0,0,0,NA,-1,NA,0,0,0,0
2987,DEC_C_2014_0001_J_20150611,ECLI:EU:C:2015:378:20150611,ECLI:EU:C:2015:378,62014CJ0001,0,NA,0,1,NA,0,NA,NA,0,0,0,0,0,0,0,0,0,-1,NA,-1,NA,0,0,0,0
2988,DEC_C_2014_0003_J_20150416,ECLI:EU:C:2015:232:20150416,ECLI:EU:C:2015:232,62014CJ0003,0,NA,0,1,NA,0,NA,NA,0,0,0,0,1,1,0,0,0,-1,NA,-1,NA,0,0,0,0
2989,DEC_C_2014_0007[P]_J_20150326,ECLI:EU:C:2015:205:20150326,ECLI:EU:C:2015:205,62014CJ0007,1,NA,0,0,NA,0,NA,NA,0,0,0,0,0,0,0,0,0,-1,NA,-1,NA,0,0,0,0
2990,DEC_C_2014_0009_J_20150618,ECLI:EU:C:2015:406:20150618,ECLI:EU:C:2015:406,62014CJ0009,0,1,1,NA,1,1,0,0,NA,NA,NA,0,0,0,0,0,NA,0,0,-1,-1,NA,NA,NA,NA
2991,DEC_C_2014_0012_J_20160303,ECLI:EU:C:2016:135:20160303,ECLI:EU:C:2016:135,62014CJ0012,0,0,1,NA,0,0,-1,0,NA,NA,NA,0,0,0,0,0,NA,0,-1,-1,-1,NA,NA,NA,NA
2992,DEC_C_2014_0018_J_20150625,ECLI:EU:C:2015:419:20150625,ECLI:EU:C:2015:419,62014CJ0018,0,NA,0,0,NA,1,NA,NA,0,0,0,0,1,1,0,0,0,0,NA,-1,NA,0,0,0,0
2993,DEC_C_2014_0025_J_20151217,ECLI:EU:C:2015:821:20151217,ECLI:EU:C:2015:821,62014CJ0025,0,NA,0,1,NA,0,NA,NA,0,0,0,0,0,0,0,0,0,1,NA,-1,NA,0,0,1,0
2994,DEC_C_2014_0036_J_20150910,ECLI:EU:C:2015:570:20150910,ECLI:EU:C:2015:570,62014CJ0036,0,NA,0,0,NA,0,NA,NA,0,0,0,0,0,0,0,1,0,1,NA,0,NA,0,0,0,1
2995,DEC_C_2014_0040_J_20141120,ECLI:EU:C:2014:2389:20141120,ECLI:EU:C:2014:2389,62014CJ0040,1,NA,0,1,NA,0,NA,NA,0,0,0,0,0,0,0,0,0,-1,NA,-1,NA,0,0,0,0
2996,DEC_C_2014_0053[P]_J_20150521,ECLI:EU:C:2015:330:20150521,ECLI:EU:C:2015:330,62014CJ0053,1,NA,0,1,NA,0,NA,NA,0,0,0,0,0,0,0,0,0,1,NA,-1,NA,0,0,0,0
2997,DEC_C_2014_0058_J_20150611,ECLI:EU:C:2015:385:20150611,ECLI:EU:C:2015:385,62014CJ0058,1,NA,0,1,NA,0,NA,NA,0,0,0,0,1,1,0,0,0,-1,NA,-1,NA,0,0,0,0
2998,DEC_C_2014_0067_J_20150915,ECLI:EU:C:2015:597:20150915,ECLI:EU:C:2015:597,62014CJ0067,0,1,1,NA,1,1,1,0,NA,NA,NA,0,0,0,0,0,NA,0,0,-1,-1,NA,NA,NA,NA
2999,DEC_C_2014_0072_J_20150909,ECLI:EU:C:2015:564:20150909,ECLI:EU:C:2015:564,62014CJ0072,0,1,1,NA,1,1,0,0,NA,NA,NA,0,0,0,0,0,NA,-1,0,-1,-1,NA,NA,NA,NA
3000,DEC_C_2014_0085_J_20150917,ECLI:EU:C:2015:610:20150917,ECLI:EU:C:2015:610,62014CJ0085,0,NA,0,1,NA,0,NA,NA,0,0,0,0,1,1,0,1,0,0,NA,-1,NA,0,0,0,0
3001,DEC_C_2014_0095_J_20150716,ECLI:EU:C:2015:492:20150716,ECLI:EU:C:2015:492,62014CJ0095,1,NA,0,1,NA,0,NA,NA,0,1,0,0,0,0,0,0,1,1,NA,-1,NA,0,0,0,0
3002,DEC_C_2014_0098_J_20150611,ECLI:EU:C:2015:386:20150611,ECLI:EU:C:2015:386,62014CJ0098,0,NA,0,1,NA,0,NA,NA,0,0,0,1,1,1,2,1,1,0,NA,-1,NA,0,0,0,0
3003,DEC_C_2014_0127_J_20150902,ECLI:EU:C:2015:522:20150902,ECLI:EU:C:2015:522,62014CJ0127,0,NA,0,0,NA,1,NA,NA,0,0,0,0,1,0,0,0,0,0,NA,-1,NA,0,0,0,1
3004,DEC_C_2014_0151_J_20150910,ECLI:EU:C:2015:577:20150910,ECLI:EU:C:2015:577,62014CJ0151,0,NA,0,0,NA,0,NA,NA,0,1,0,0,0,0,0,0,1,1,NA,-1,NA,0,0,1,0
3005,DEC_C_2014_0153_J_20150709,ECLI:EU:C:2015:453:20150709,ECLI:EU:C:2015:453,62014CJ0153,0,0,1,NA,0,1,1,1,NA,NA,NA,0,0,0,0,1,NA,1,1,0,1,NA,NA,NA,NA
3006,DEC_C_2014_0165_J_20160913,ECLI:EU:C:2016:675:20160913,ECLI:EU:C:2016:675,62014CJ0165,0,0,1,NA,0,1,0,0,NA,NA,NA,0,1,0,0,1,NA,1,1,0,1,NA,NA,NA,NA
3007,DEC_C_2014_0178_J_20150305,ECLI:EU:C:2015:152:20150305,ECLI:EU:C:2015:152,62014CJ0178,1,NA,0,1,NA,0,NA,NA,0,0,0,0,0,0,0,0,0,-1,NA,-1,NA,0,0,0,0
3008,DEC_C_2014_0187_J_20150625,ECLI:EU:C:2015:421:20150625,ECLI:EU:C:2015:421,62014CJ0187,1,NA,0,1,NA,0,NA,NA,0,0,0,1,0,0,0,0,0,1,NA,-1,NA,0,0,0,0
3009,DEC_C_2014_0198_J_20151112,ECLI:EU:C:2015:751:20151112,ECLI:EU:C:2015:751,62014CJ0198,1,NA,0,0,NA,1,NA,NA,0,1,0,0,1,1,0,1,0,0,NA,-1,NA,0,0,0,0
3010,DEC_C_2014_0207_J_20150624,ECLI:EU:C:2015:414:20150624,ECLI:EU:C:2015:414,62014CJ0207,1,NA,0,1,NA,0,NA,NA,0,0,0,0,0,0,0,0,0,0,NA,-1,NA,0,0,0,0
3011,DEC_C_2014_0218_J_20150716,ECLI:EU:C:2015:476:20150716,ECLI:EU:C:2015:476,62014CJ0218,0,1,1,NA,1,1,0,1,NA,NA,NA,0,0,0,0,0,NA,0,0,-1,0,NA,NA,NA,NA
3012,DEC_C_2014_0226_J_20160602,ECLI:EU:C:2016:405:20160602,ECLI:EU:C:2016:405,62014CJ0226,1,NA,0,1,NA,0,NA,NA,0,0,0,0,0,0,0,0,0,1,NA,-1,NA,0,0,0,1
3013,DEC_C_2014_0232_J_20160317,ECLI:EU:C:2016:180:20160317,ECLI:EU:C:2016:180,62014CJ0232,1,NA,0,1,NA,0,NA,NA,0,0,0,0,0,0,0,0,0,0,NA,-1,NA,0,0,0,0
3014,DEC_C_2014_0233_J_20160602,ECLI:EU:C:2016:396:20160602,ECLI:EU:C:2016:396,62014CJ0233,0,0,1,NA,0,0,-1,0,NA,NA,NA,0,0,0,0,0,NA,0,-1,-1,-1,NA,NA,NA,NA
3015,DEC_C_2014_0241_J_20151119,ECLI:EU:C:2015:766:20151119,ECLI:EU:C:2015:766,62014CJ0241,0,1,1,NA,1,1,0,0,NA,NA,NA,0,0,0,0,0,NA,0,0,-1,-1,NA,NA,NA,NA
3016,DEC_C_2014_0251_J_20151015,ECLI:EU:C:2015:687:20151015,ECLI:EU:C:2015:687,62014CJ0251,1,NA,0,0,NA,1,NA,NA,0,0,0,0,0,0,0,0,0,0,NA,-1,NA,0,0,0,0
3017,DEC_C_2014_0272_J_20150611,ECLI:EU:C:2015:388:20150611,ECLI:EU:C:2015:388,62014CJ0272,1,NA,0,1,NA,0,NA,NA,0,0,0,0,0,0,0,0,0,-1,NA,-1,NA,0,0,0,0
3018,DEC_C_2014_0293_J_20151223,ECLI:EU:C:2015:843:20151223,ECLI:EU:C:2015:843,62014CJ0293,0,NA,0,0,NA,1,NA,NA,0,0,0,0,1,1,0,1,1,1,NA,0,NA,0,0,0,1
3019,DEC_C_2014_0294_J_20160407,ECLI:EU:C:2016:210:20160407,ECLI:EU:C:2016:210,62014CJ0294,1,NA,0,1,NA,0,NA,NA,0,0,0,0,0,0,0,0,0,1,NA,-1,NA,0,0,0,1
3020,DEC_C_2014_0298_J_20151006,ECLI:EU:C:2015:652:20151006,ECLI:EU:C:2015:652,62014CJ0298,0,1,1,0,1,1,0,0,1,0,0,0,1,0,0,0,0,1,1,-1,-1,0,0,1,0
3021,DEC_C_2014_0299_J_20160225,ECLI:EU:C:2016:114:20160225,ECLI:EU:C:2016:114,62014CJ0299,0,0,1,NA,0,1,-1,0,NA,NA,NA,0,0,0,0,0,NA,0,0,-1,-1,NA,NA,NA,NA
3022,DEC_C_2014_0304_J_20160913,ECLI:EU:C:2016:674:20160913,ECLI:EU:C:2016:674,62014CJ0304,0,0,1,NA,0,1,0,0,NA,NA,NA,0,1,1,0,0,NA,1,1,0,1,NA,NA,NA,NA
3023,DEC_C_2014_0308_J_20160614,ECLI:EU:C:2016:436:20160614,ECLI:EU:C:2016:436,62014CJ0308,0,0,1,NA,0,0,-1,0,NA,NA,NA,0,0,0,0,1,NA,0,-1,1,-1,NA,NA,NA,NA
3024,DEC_C_2014_0314_J_20160217,ECLI:EU:C:2016:89:20160217,ECLI:EU:C:2016:89,62014CJ0314,0,NA,0,1,NA,0,NA,NA,0,0,0,0,0,0,0,0,0,0,NA,-1,NA,0,0,0,0
3025,DEC_C_2014_0317_J_20150205,ECLI:EU:C:2015:63:20150205,ECLI:EU:C:2015:63,62014CJ0317,0,0,1,NA,0,0,-1,0,NA,NA,NA,1,0,0,0,0,NA,1,-1,0,-1,NA,NA,NA,NA
3026,DEC_C_2014_0319_J_20151029,ECLI:EU:C:2015:734:20151029,ECLI:EU:C:2015:734,62014CJ0319,1,NA,0,1,NA,0,NA,NA,0,0,0,0,0,0,0,0,0,-1,NA,-1,NA,0,0,0,0
3027,DEC_C_2014_0325_J_20151119,ECLI:EU:C:2015:764:20151119,ECLI:EU:C:2015:764,62014CJ0325,0,NA,0,1,NA,0,NA,NA,0,0,0,0,1,1,0,0,0,-1,NA,-1,NA,0,0,0,0
3028,DEC_C_2014_0326_J_20151126,ECLI:EU:C:2015:782:20151126,ECLI:EU:C:2015:782,62014CJ0326,0,NA,0,1,NA,0,NA,NA,0,0,0,0,0,0,0,0,0,-1,NA,-1,NA,0,0,0,0
3029,DEC_C_2014_0333_J_20151223,ECLI:EU:C:2015:845:20151223,ECLI:EU:C:2015:845,62014CJ0333,1,NA,0,1,NA,0,NA,NA,0,0,1,0,1,1,0,1,1,0,NA,1,NA,0,0,0,0
3030,DEC_C_2014_0336_J_20160204,ECLI:EU:C:2016:72:20160204,ECLI:EU:C:2016:72,62014CJ0336,0,NA,0,0,NA,1,NA,NA,0,0,0,0,1,1,0,0,1,1,NA,-1,NA,0,0,1,0
3031,DEC_C_2014_0338_J_20151203,ECLI:EU:C:2015:795:20151203,ECLI:EU:C:2015:795,62014CJ0338,0,NA,0,1,NA,0,NA,NA,0,0,0,1,0,0,0,0,0,-1,NA,-1,NA,0,0,0,0
3032,DEC_C_2014_0340_J_20151001,ECLI:EU:C:2015:641:20151001,ECLI:EU:C:2015:641,62014CJ0340,0,NA,0,0,NA,1,NA,NA,0,0,0,0,1,1,0,1,0,0,NA,1,NA,0,0,0,0
3033,DEC_C_2014_0342_J_20151217,ECLI:EU:C:2015:827:20151217,ECLI:EU:C:2015:827,62014CJ0342,0,0,1,1,0,0,-1,0,1,0,1,0,0,0,0,1,1,1,0,-1,-1,0,0,1,0
3034,DEC_C_2014_0344_J_20150917,ECLI:EU:C:2015:615:20150917,ECLI:EU:C:2015:615,62014CJ0344,1,NA,0,1,NA,0,NA,NA,0,0,0,0,1,1,0,0,0,-1,NA,-1,NA,0,0,0,0
3035,DEC_C_2014_0347_J_20151021,ECLI:EU:C:2015:709:20151021,ECLI:EU:C:2015:709,62014CJ0347,0,NA,0,1,NA,0,NA,NA,0,0,0,0,1,1,0,0,0,0,NA,-1,NA,0,0,0,0
3036,DEC_C_2014_0354_J_20151006,ECLI:EU:C:2015:658:20151006,ECLI:EU:C:2015:658,62014CJ0354,1,NA,0,1,NA,0,NA,NA,1,0,0,1,1,0,0,0,0,0,NA,-1,NA,0,0,0,0
3037,DEC_C_2014_0355_J_20160602,ECLI:EU:C:2016:403:20160602,ECLI:EU:C:2016:403,62014CJ0355,1,NA,0,1,NA,0,NA,NA,0,0,0,0,0,0,0,1,0,1,NA,0,NA,0,0,0,1
3038,DEC_C_2014_0375_J_20160128,ECLI:EU:C:2016:60:20160128,ECLI:EU:C:2016:60,62014CJ0375,0,NA,0,0,NA,1,NA,NA,0,0,1,0,1,1,0,1,1,1,NA,0,NA,0,0,1,0
3039,DEC_C_2014_0378_J_20151022,ECLI:EU:C:2015:720:20151022,ECLI:EU:C:2015:720,62014CJ0378,0,1,1,NA,1,1,0,0,NA,NA,NA,0,1,1,0,0,NA,0,1,-1,-1,NA,NA,NA,NA
3040,DEC_C_2014_0395_J_20160114,ECLI:EU:C:2016:9:20160114,ECLI:EU:C:2016:9,62014CJ0395,0,NA,0,1,NA,0,NA,NA,0,0,0,0,1,0,0,0,0,-1,NA,-1,NA,0,0,0,0
3041,DEC_C_2014_0397_J_20160414,ECLI:EU:C:2016:256:20160414,ECLI:EU:C:2016:256,62014CJ0397,0,NA,0,1,NA,0,NA,NA,0,0,0,0,1,1,0,0,0,0,NA,-1,NA,0,0,0,0
3042,DEC_C_2014_0402_J_20151217,ECLI:EU:C:2015:830:20151217,ECLI:EU:C:2015:830,62014CJ0402,1,NA,0,1,NA,0,NA,NA,0,1,0,0,0,0,1,0,1,1,NA,-1,NA,0,0,1,1
3043,DEC_C_2014_0409_J_20160908,ECLI:EU:C:2016:643:20160908,ECLI:EU:C:2016:643,62014CJ0409,1,NA,0,1,NA,0,NA,NA,0,0,0,0,1,0,0,0,0,-1,NA,-1,NA,0,0,0,0
3044,DEC_C_2014_0416_J_20150917,ECLI:EU:C:2015:617:20150917,ECLI:EU:C:2015:617,62014CJ0416,0,NA,0,1,NA,0,NA,NA,0,0,0,0,1,0,0,0,0,0,NA,-1,NA,0,0,0,0
3045,DEC_C_2014_0425_J_20151022,ECLI:EU:C:2015:721:20151022,ECLI:EU:C:2015:721,62014CJ0425,0,NA,0,1,NA,0,NA,NA,0,1,0,0,0,0,0,1,1,1,NA,0,NA,0,0,1,0
3046,DEC_C_2014_0427_J_20151210,ECLI:EU:C:2015:803:20151210,ECLI:EU:C:2015:803,62014CJ0427,1,NA,0,1,NA,0,NA,NA,0,0,0,0,1,1,0,0,0,1,NA,-1,NA,0,0,0,1
3047,DEC_C_2014_0430_J_20160121,ECLI:EU:C:2016:43:20160121,ECLI:EU:C:2016:43,62014CJ0430,1,NA,0,0,NA,1,NA,NA,0,0,0,0,0,0,0,0,0,-1,NA,-1,NA,0,0,0,0
3048,DEC_C_2014_0438_J_20160602,ECLI:EU:C:2016:401:20160602,ECLI:EU:C:2016:401,62014CJ0438,0,0,1,NA,0,1,0,0,NA,NA,NA,1,1,1,0,1,NA,0,0,-1,-1,NA,NA,NA,NA
3049,DEC_C_2014_0453_J_20160121,ECLI:EU:C:2016:37:20160121,ECLI:EU:C:2016:37,62014CJ0453,0,0,1,NA,0,1,0,0,NA,NA,NA,0,0,0,0,0,NA,1,1,-1,-1,NA,NA,NA,NA
3050,DEC_C_2014_0465_J_20161027,ECLI:EU:C:2016:820:20161027,ECLI:EU:C:2016:820,62014CJ0465,0,0,1,NA,0,1,0,0,NA,NA,NA,0,0,0,0,0,NA,0,0,-1,-1,NA,NA,NA,NA
3051,DEC_C_2014_0472_J_20160317,ECLI:EU:C:2016:171:20160317,ECLI:EU:C:2016:171,62014CJ0472,1,NA,0,0,NA,1,NA,NA,0,0,1,0,0,0,0,1,1,0,NA,1,NA,0,0,0,0
3052,DEC_C_2014_0477_J_20160504,ECLI:EU:C:2016:324:20160504,ECLI:EU:C:2016:324,62014CJ0477,0,NA,0,1,NA,0,NA,NA,0,0,0,0,0,0,0,1,0,0,NA,1,NA,0,0,0,0
3053,DEC_C_2014_0492_J_20160929,ECLI:EU:C:2016:732:20160929,ECLI:EU:C:2016:732,62014CJ0492,1,NA,0,1,NA,0,NA,NA,1,1,0,0,0,0,0,1,1,1,NA,0,NA,0,0,1,1
3054,DEC_C_2014_0499_J_20160310,ECLI:EU:C:2016:155:20160310,ECLI:EU:C:2016:155,62014CJ0499,1,NA,0,0,NA,1,NA,NA,0,0,0,0,1,1,0,0,0,1,NA,-1,NA,0,0,0,0
3055,DEC_C_2014_0503_J_20161221,ECLI:EU:C:2016:979:20161221,ECLI:EU:C:2016:979,62014CJ0503,0,NA,0,0,NA,0,NA,NA,0,0,1,0,0,0,0,0,1,1,NA,-1,NA,0,0,1,0
3056,DEC_C_2014_0508_J_20151006,ECLI:EU:C:2015:657:20151006,ECLI:EU:C:2015:657,62014CJ0508,0,NA,0,1,NA,0,NA,NA,0,0,0,0,1,0,1,0,0,0,NA,-1,NA,0,0,0,0
3057,DEC_C_2014_0515_J_20160121,ECLI:EU:C:2016:30:20160121,ECLI:EU:C:2016:30,62014CJ0515,0,0,1,NA,0,0,-1,0,NA,NA,NA,0,0,0,0,0,NA,1,-1,0,-1,NA,NA,NA,NA
3058,DEC_C_2014_0522_J_20160414,ECLI:EU:C:2016:253:20160414,ECLI:EU:C:2016:253,62014CJ0522,0,NA,0,1,NA,0,NA,NA,0,0,0,0,0,0,0,0,0,0,NA,-1,NA,0,0,0,0
3059,DEC_C_2014_0525_J_20160922,ECLI:EU:C:2016:714:20160922,ECLI:EU:C:2016:714,62014CJ0525,1,NA,0,0,NA,0,NA,NA,1,0,0,0,0,0,0,1,0,1,NA,0,NA,0,0,1,0
3060,DEC_C_2014_0528_J_20160427,ECLI:EU:C:2016:304:20160427,ECLI:EU:C:2016:304,62014CJ0528,1,NA,0,0,NA,1,NA,NA,0,0,0,0,0,0,0,0,0,-1,NA,-1,NA,0,0,0,0
3061,DEC_C_2014_0532_J_20160512,ECLI:EU:C:2016:337:20160512,ECLI:EU:C:2016:337,62014CJ0532,1,NA,0,1,NA,0,NA,NA,0,0,0,0,0,0,0,0,0,-1,NA,-1,NA,0,0,0,0
3062,DEC_C_2014_0547_J_20160504,ECLI:EU:C:2016:325:20160504,ECLI:EU:C:2016:325,62014CJ0547,0,NA,0,1,NA,0,NA,NA,0,0,0,0,0,0,0,1,0,0,NA,1,NA,0,0,0,1
3063,DEC_C_2014_0552[P]_J_20151210,ECLI:EU:C:2015:804:20151210,ECLI:EU:C:2015:804,62014CJ0552,1,NA,0,1,NA,0,NA,NA,0,0,0,0,0,0,0,-1,0,-1,NA,-1,NA,0,0,0,0
3064,DEC_C_2014_0553[P]_J_20151210,ECLI:EU:C:2015:805:20151210,ECLI:EU:C:2015:805,62014CJ0553,1,NA,0,1,NA,0,NA,NA,0,0,0,0,0,0,0,-1,0,-1,NA,-1,NA,0,0,0,0
3065,DEC_C_2014_0558_J_20160421,ECLI:EU:C:2016:285:20160421,ECLI:EU:C:2016:285,62014CJ0558,0,1,1,NA,1,1,0,0,NA,NA,NA,0,0,0,0,0,NA,0,0,-1,0,NA,NA,NA,NA
3066,DEC_C_2014_0561_J_20160412,ECLI:EU:C:2016:247:20160412,ECLI:EU:C:2016:247,62014CJ0561,0,0,1,NA,0,1,0,1,NA,NA,NA,1,0,0,0,1,NA,1,1,0,1,NA,NA,NA,NA
3067,DEC_C_2014_0589_J_20151029,ECLI:EU:C:2015:736:20151029,ECLI:EU:C:2015:736,62014CJ0589,0,NA,0,0,NA,0,NA,NA,0,0,1,0,0,0,0,0,1,1,NA,-1,NA,0,0,1,0
3068,DEC_C_2014_0593_J_20161221,ECLI:EU:C:2016:984:20161221,ECLI:EU:C:2016:984,62014CJ0593,0,NA,0,1,NA,0,NA,NA,0,0,1,0,0,0,0,1,1,1,NA,0,NA,0,0,1,0
3069,DEC_C_2014_0594_J_20151210,ECLI:EU:C:2015:806:20151210,ECLI:EU:C:2015:806,62014CJ0594,0,NA,0,0,NA,1,NA,NA,0,0,0,0,0,0,0,0,0,0,NA,-1,NA,0,0,0,0
3070,DEC_C_2015_0002_J_20161116,ECLI:EU:C:2016:880:20161116,ECLI:EU:C:2016:880,62015CJ0002,0,NA,0,1,NA,0,NA,NA,0,0,0,1,0,0,0,0,0,0,NA,-1,NA,0,0,0,0
3071,DEC_C_2015_0004_J_20160721,ECLI:EU:C:2016:580:20160721,ECLI:EU:C:2016:580,62015CJ0004,1,NA,0,1,NA,0,NA,NA,0,0,0,0,0,0,0,0,0,0,NA,-1,NA,0,0,0,0
3072,DEC_C_2015_0005_J_20160407,ECLI:EU:C:2016:218:20160407,ECLI:EU:C:2016:218,62015CJ0005,0,NA,0,0,NA,1,NA,NA,0,0,0,0,0,0,0,0,0,-1,NA,-1,NA,0,0,0,0
3073,DEC_C_2015_0015_J_20160621,ECLI:EU:C:2016:464:20160621,ECLI:EU:C:2016:464,62015CJ0015,1,NA,0,1,NA,0,NA,NA,0,0,0,0,0,0,0,1,0,1,NA,0,NA,0,0,1,0
3074,DEC_C_2015_0018_J_20160713,ECLI:EU:C:2016:549:20160713,ECLI:EU:C:2016:549,62015CJ0018,0,NA,0,1,NA,0,NA,NA,0,1,0,0,1,1,0,1,1,1,NA,0,NA,0,0,1,0
3075,DEC_C_2015_0028_J_20160915,ECLI:EU:C:2016:692:20160915,ECLI:EU:C:2016:692,62015CJ0028,0,NA,0,1,NA,0,NA,NA,0,0,0,0,0,0,0,-1,0,-1,NA,-1,NA,0,0,0,0
3076,DEC_C_2015_0044_J_20151126,ECLI:EU:C:2015:783:20151126,ECLI:EU:C:2015:783,62015CJ0044,1,NA,0,1,NA,0,NA,NA,0,0,0,0,0,0,0,0,0,-1,NA,-1,NA,0,0,0,0
3077,DEC_C_2015_0048_J_20160526,ECLI:EU:C:2016:356:20160526,ECLI:EU:C:2016:356,62015CJ0048,0,NA,0,1,NA,0,NA,NA,0,0,0,0,0,0,0,0,0,1,NA,-1,NA,0,0,1,0
3078,DEC_C_2015_0066_J_20160114,ECLI:EU:C:2016:5:20160114,ECLI:EU:C:2016:5,62015CJ0066,0,NA,0,0,NA,0,NA,NA,1,0,1,0,0,0,0,0,1,1,NA,-1,NA,0,0,1,0
3079,DEC_C_2015_0068_J_20170517,ECLI:EU:C:2017:379:20170517,ECLI:EU:C:2017:379,62015CJ0068,0,NA,0,1,NA,0,NA,NA,0,1,0,0,0,0,0,1,0,0,NA,0,NA,0,0,0,1
3080,DEC_C_2015_0080_J_20160728,ECLI:EU:C:2016:615:20160728,ECLI:EU:C:2016:615,62015CJ0080,1,NA,0,1,NA,0,NA,NA,0,0,0,0,0,0,0,0,0,-1,NA,-1,NA,0,0,0,0
3081,DEC_C_2015_0082[P]_J_20151203,ECLI:EU:C:2015:796:20151203,ECLI:EU:C:2015:796,62015CJ0082,1,NA,0,1,NA,0,NA,NA,0,0,0,0,0,0,0,0,0,0,NA,-1,NA,0,0,0,0
3082,DEC_C_2015_0084_J_20160317,ECLI:EU:C:2016:184:20160317,ECLI:EU:C:2016:184,62015CJ0084,1,NA,0,1,NA,0,NA,NA,0,0,0,0,1,1,0,0,0,-1,NA,-1,NA,0,0,0,0
3083,DEC_C_2015_0091_J_20160922,ECLI:EU:C:2016:716:20160922,ECLI:EU:C:2016:716,62015CJ0091,1,NA,0,1,NA,0,NA,NA,0,0,0,0,0,0,0,0,0,-1,NA,-1,NA,1,1,0,0
3084,DEC_C_2015_0097_J_20160714,ECLI:EU:C:2016:556:20160714,ECLI:EU:C:2016:556,62015CJ0097,1,NA,0,1,NA,0,NA,NA,0,0,0,0,0,0,0,0,0,-1,NA,-1,NA,0,0,0,0
3085,DEC_C_2015_0114_J_20161027,ECLI:EU:C:2016:813:20161027,ECLI:EU:C:2016:813,62015CJ0114,1,NA,0,1,NA,0,NA,NA,0,0,1,0,0,0,0,1,1,1,NA,0,NA,0,0,1,0
3086,DEC_C_2015_0115_J_20160630,ECLI:EU:C:2016:487:20160630,ECLI:EU:C:2016:487,62015CJ0115,0,0,1,NA,0,1,1,1,NA,NA,NA,0,1,1,0,0,NA,1,1,-1,1,NA,NA,NA,NA
3087,DEC_C_2015_0124_J_20160217,ECLI:EU:C:2016:87:20160217,ECLI:EU:C:2016:87,62015CJ0124,1,NA,0,1,NA,0,NA,NA,0,0,0,0,0,0,0,0,0,-1,NA,-1,NA,0,0,0,0
3088,DEC_C_2015_0133_J_20170510,ECLI:EU:C:2017:354:20170510,ECLI:EU:C:2017:354,62015CJ0133,0,0,1,NA,0,1,1,0,NA,NA,NA,0,1,0,0,0,NA,0,-1,-1,0,NA,NA,NA,NA
3089,DEC_C_2015_0143_J_20160225,ECLI:EU:C:2016:115:20160225,ECLI:EU:C:2016:115,62015CJ0143,1,NA,0,1,NA,0,NA,NA,0,0,0,0,0,0,0,0,0,-1,NA,-1,NA,0,0,0,0
3090,DEC_C_2015_0144_J_20160303,ECLI:EU:C:2016:133:20160303,ECLI:EU:C:2016:133,62015CJ0144,1,NA,0,1,NA,0,NA,NA,0,0,0,0,0,0,0,0,0,-1,NA,-1,NA,0,0,0,0
3091,DEC_C_2015_0148_J_20161019,ECLI:EU:C:2016:776:20161019,ECLI:EU:C:2016:776,62015CJ0148,1,NA,0,1,NA,0,NA,NA,0,0,1,0,0,0,0,1,1,1,NA,0,NA,0,0,1,0
3092,DEC_C_2015_0161_J_20160317,ECLI:EU:C:2016:175:20160317,ECLI:EU:C:2016:175,62015CJ0161,0,0,1,NA,0,1,0,0,NA,NA,NA,0,1,1,0,0,NA,1,1,-1,-1,NA,NA,NA,NA
3093,DEC_C_2015_0169_J_20161020,ECLI:EU:C:2016:790:20161020,ECLI:EU:C:2016:790,62015CJ0169,0,NA,0,1,NA,0,NA,NA,0,0,0,1,0,0,0,0,0,0,NA,-1,NA,0,0,0,0
3094,DEC_C_2015_0173_J_20170309,ECLI:EU:C:2017:195:20170309,ECLI:EU:C:2017:195,62015CJ0173,1,NA,0,1,NA,0,NA,NA,0,0,0,0,1,0,0,0,0,-1,NA,-1,NA,0,0,0,0
3095,DEC_C_2015_0182_J_20160906,ECLI:EU:C:2016:630:20160906,ECLI:EU:C:2016:630,62015CJ0182,0,0,1,NA,0,1,0,0,NA,NA,NA,1,0,0,0,1,NA,1,1,0,-1,NA,NA,NA,NA
3096,DEC_C_2015_0183_J_20151210,ECLI:EU:C:2015:808:20151210,ECLI:EU:C:2015:808,62015CJ0183,1,NA,0,1,NA,0,NA,NA,0,0,0,0,0,0,0,0,0,-1,NA,-1,NA,0,0,0,0
3097,DEC_C_2015_0187_J_20160713,ECLI:EU:C:2016:550:20160713,ECLI:EU:C:2016:550,62015CJ0187,0,1,1,NA,1,1,0,0,NA,NA,NA,1,1,0,0,1,NA,1,1,0,-1,NA,NA,NA,NA
3098,DEC_C_2015_0198_J_20160526,ECLI:EU:C:2016:362:20160526,ECLI:EU:C:2016:362,62015CJ0198,1,NA,0,1,NA,0,NA,NA,0,0,0,0,0,0,0,0,0,-1,NA,-1,NA,0,0,0,0
3099,DEC_C_2015_0201_J_20161221,ECLI:EU:C:2016:972:20161221,ECLI:EU:C:2016:972,62015CJ0201,0,NA,0,1,NA,0,NA,NA,0,0,1,1,1,0,0,1,0,0,NA,1,NA,0,0,0,0
3100,DEC_C_2015_0220_J_20161027,ECLI:EU:C:2016:815:20161027,ECLI:EU:C:2016:815,62015CJ0220,1,NA,0,0,NA,0,NA,NA,0,0,0,0,0,0,0,0,0,1,NA,-1,NA,0,0,0,1
3101,DEC_C_2015_0221_J_20160921,ECLI:EU:C:2016:704:20160921,ECLI:EU:C:2016:704,62015CJ0221,1,NA,0,1,NA,0,NA,NA,0,0,0,1,0,0,0,0,0,0,NA,-1,NA,0,0,0,0
3102,DEC_C_2015_0225_J_20160908,ECLI:EU:C:2016:645:20160908,ECLI:EU:C:2016:645,62015CJ0225,0,NA,0,0,NA,1,NA,NA,0,0,0,0,1,0,0,1,0,0,NA,1,NA,0,0,0,0
3103,DEC_C_2015_0231_J_20161013,ECLI:EU:C:2016:769:20161013,ECLI:EU:C:2016:769,62015CJ0231,0,NA,0,1,NA,0,NA,NA,0,0,0,0,0,0,0,0,0,0,NA,-1,NA,0,0,0,0
3104,DEC_C_2015_0233_J_20160428,ECLI:EU:C:2016:305:20160428,ECLI:EU:C:2016:305,62015CJ0233,1,NA,0,1,NA,0,NA,NA,0,0,0,0,0,0,0,0,0,-1,NA,-1,NA,0,0,0,0
3105,DEC_C_2015_0238_J_20161214,ECLI:EU:C:2016:949:20161214,ECLI:EU:C:2016:949,62015CJ0238,0,0,1,NA,0,1,0,1,NA,NA,NA,0,0,0,0,1,NA,1,1,0,-1,NA,NA,NA,NA
3106,DEC_C_2015_0240_J_20160728,ECLI:EU:C:2016:608:20160728,ECLI:EU:C:2016:608,62015CJ0240,0,NA,0,0,NA,0,NA,NA,0,0,0,1,1,0,0,0,0,-1,NA,-1,NA,0,0,0,0
3107,DEC_C_2015_0249_J_20180118,ECLI:EU:C:2018:21:20180118,ECLI:EU:C:2018:21,62015CJ0249,0,NA,0,0,NA,1,NA,NA,0,0,1,0,0,0,0,1,1,1,NA,0,NA,0,0,1,0
3108,DEC_C_2015_0262_J_20160526,ECLI:EU:C:2016:365:20160526,ECLI:EU:C:2016:365,62015CJ0262,1,NA,0,1,NA,0,NA,NA,0,0,0,0,1,1,0,0,0,-1,NA,-1,NA,0,0,0,0
3109,DEC_C_2015_0268_J_20161115,ECLI:EU:C:2016:874:20161115,ECLI:EU:C:2016:874,62015CJ0268,0,NA,0,0,NA,1,NA,NA,0,0,0,0,0,0,0,0,0,0,NA,-1,NA,0,0,0,0
3110,DEC_C_2015_0269_J_20161026,ECLI:EU:C:2016:802:20161026,ECLI:EU:C:2016:802,62015CJ0269,0,0,1,NA,0,1,0,0,NA,NA,NA,0,0,0,0,0,NA,1,1,-1,-1,NA,NA,NA,NA
3111,DEC_C_2015_0282_J_20170119,ECLI:EU:C:2017:26:20170119,ECLI:EU:C:2017:26,62015CJ0282,1,NA,0,1,NA,0,NA,NA,1,0,0,0,0,0,0,1,0,1,NA,0,NA,0,0,0,1
3112,DEC_C_2015_0283_J_20170209,ECLI:EU:C:2017:102:20170209,ECLI:EU:C:2017:102,62015CJ0283,0,NA,0,0,NA,1,NA,NA,0,1,0,0,0,0,0,0,1,1,NA,-1,NA,0,0,1,0
3113,DEC_C_2015_0284_J_20160407,ECLI:EU:C:2016:220:20160407,ECLI:EU:C:2016:220,62015CJ0284,0,0,1,NA,0,1,0,0,NA,NA,NA,0,0,0,0,0,NA,0,0,-1,-1,NA,NA,NA,NA
3114,DEC_C_2015_0286_J_20160526,ECLI:EU:C:2016:363:20160526,ECLI:EU:C:2016:363,62015CJ0286,1,NA,0,1,NA,0,NA,NA,0,0,0,0,0,0,0,0,0,-1,NA,-1,NA,0,0,0,0
3115,DEC_C_2015_0288_J_20160609,ECLI:EU:C:2016:424:20160609,ECLI:EU:C:2016:424,62015CJ0288,1,NA,0,1,NA,0,NA,NA,0,0,0,0,0,0,0,0,0,-1,NA,-1,NA,0,0,0,0
3116,DEC_C_2015_0291_J_20160616,ECLI:EU:C:2016:455:20160616,ECLI:EU:C:2016:455,62015CJ0291,1,NA,0,1,NA,0,NA,NA,0,0,0,1,1,0,0,0,0,0,NA,-1,NA,0,0,0,0
3117,DEC_C_2015_0300_J_20160526,ECLI:EU:C:2016:361:20160526,ECLI:EU:C:2016:361,62015CJ0300,0,0,1,NA,0,1,-1,0,NA,NA,NA,0,1,0,0,1,NA,1,1,0,-1,NA,NA,NA,NA
3118,DEC_C_2015_0316_J_20161116,ECLI:EU:C:2016:879:20161116,ECLI:EU:C:2016:879,62015CJ0316,0,NA,0,0,NA,1,NA,NA,0,0,0,0,0,0,0,0,0,1,NA,-1,NA,0,0,0,1
3119,DEC_C_2015_0339_J_20170504,ECLI:EU:C:2017:335:20170504,ECLI:EU:C:2017:335,62015CJ0339,0,NA,0,0,NA,1,NA,NA,0,0,0,0,0,0,0,1,0,1,NA,0,NA,0,0,1,0
3120,DEC_C_2015_0342_J_20170309,ECLI:EU:C:2017:196:20170309,ECLI:EU:C:2017:196,62015CJ0342,0,NA,0,0,NA,1,NA,NA,0,0,1,1,0,0,0,1,1,0,NA,1,NA,0,0,0,0
3121,DEC_C_2015_0360_J_20180130,ECLI:EU:C:2018:44:20180130,ECLI:EU:C:2018:44,62015CJ0360,0,NA,0,0,NA,1,NA,NA,0,0,0,0,1,1,0,0,0,0,NA,-1,NA,0,0,0,0
3122,DEC_C_2015_0365_J_20170118,ECLI:EU:C:2017:19:20170118,ECLI:EU:C:2017:19,62015CJ0365,1,NA,0,1,NA,0,NA,NA,0,0,0,0,1,1,0,0,0,-1,NA,-1,NA,0,0,0,0
3123,DEC_C_2015_0368_J_20170615,ECLI:EU:C:2017:462:20170615,ECLI:EU:C:2017:462,62015CJ0368,0,NA,0,1,NA,0,NA,NA,0,0,0,0,0,0,0,0,0,0,NA,-1,NA,0,0,0,0
3124,DEC_C_2015_0392_J_20170201,ECLI:EU:C:2017:73:20170201,ECLI:EU:C:2017:73,62015CJ0392,0,NA,0,0,NA,0,NA,NA,0,1,0,0,0,0,0,0,1,1,NA,-1,NA,0,0,1,0
3125,DEC_C_2015_0401_J_20161215,ECLI:EU:C:2016:955:20161215,ECLI:EU:C:2016:955,62015CJ0401,0,0,1,NA,0,1,-1,1,NA,NA,NA,0,1,1,0,0,NA,1,1,-1,-1,NA,NA,NA,NA
3126,DEC_C_2015_0416_J_20160630,ECLI:EU:C:2016:501:20160630,ECLI:EU:C:2016:501,62015CJ0416,1,NA,0,1,NA,0,NA,NA,0,0,0,0,0,0,0,0,0,1,NA,-1,NA,0,0,0,0
3127,DEC_C_2015_0420_J_20170531,ECLI:EU:C:2017:408:20170531,ECLI:EU:C:2017:408,62015CJ0420,0,1,1,NA,1,1,0,0,NA,NA,NA,0,1,0,0,0,NA,1,1,-1,-1,NA,NA,NA,NA
3128,DEC_C_2015_0430_J_20170201,ECLI:EU:C:2017:74:20170201,ECLI:EU:C:2017:74,62015CJ0430,0,0,1,NA,0,1,1,0,NA,NA,NA,0,1,1,0,0,NA,1,1,-1,-1,NA,NA,NA,NA
3129,DEC_C_2015_0435_J_20170322,ECLI:EU:C:2017:232:20170322,ECLI:EU:C:2017:232,62015CJ0435,1,NA,0,1,NA,0,NA,NA,0,0,0,0,1,0,0,0,0,-1,NA,-1,NA,0,0,0,0
3130,DEC_C_2015_0441_J_20170209,ECLI:EU:C:2017:103:20170209,ECLI:EU:C:2017:103,62015CJ0441,1,NA,0,1,NA,0,NA,NA,0,0,0,0,0,0,0,0,0,-1,NA,-1,NA,0,0,0,0
3131,DEC_C_2015_0464_J_20160630,ECLI:EU:C:2016:500:20160630,ECLI:EU:C:2016:500,62015CJ0464,0,NA,0,1,NA,0,NA,NA,0,0,0,0,0,0,0,0,0,-1,NA,-1,NA,0,0,0,0
3132,DEC_C_2015_0466_J_20161006,ECLI:EU:C:2016:749:20161006,ECLI:EU:C:2016:749,62015CJ0466,0,1,1,NA,1,1,-1,0,NA,NA,NA,0,0,0,0,0,NA,1,1,-1,-1,NA,NA,NA,NA
3133,DEC_C_2015_0496_J_20170302,ECLI:EU:C:2017:152:20170302,ECLI:EU:C:2017:152,62015CJ0496,0,1,1,NA,1,1,0,0,NA,NA,NA,0,0,0,0,1,NA,0,0,1,-1,NA,NA,NA,NA
3134,DEC_C_2015_0507_J_20170216,ECLI:EU:C:2017:129:20170216,ECLI:EU:C:2017:129,62015CJ0507,0,NA,0,1,NA,0,NA,NA,0,0,0,0,0,0,0,0,0,0,NA,-1,NA,0,0,0,0
3135,DEC_C_2015_0508_J_20161221,ECLI:EU:C:2016:986:20161221,ECLI:EU:C:2016:986,62015CJ0508,0,0,1,NA,0,1,-1,1,NA,NA,NA,0,0,0,0,0,NA,1,1,-1,1,NA,NA,NA,NA
3136,DEC_C_2015_0541_J_20170608,ECLI:EU:C:2017:432:20170608,ECLI:EU:C:2017:432,62015CJ0541,0,0,1,NA,0,1,0,0,NA,NA,NA,0,1,0,0,0,NA,1,1,-1,-1,NA,NA,NA,NA
3137,DEC_C_2015_0547_J_20161221,ECLI:EU:C:2016:983:20161221,ECLI:EU:C:2016:983,62015CJ0547,1,NA,0,1,NA,0,NA,NA,0,0,0,0,1,1,0,0,0,-1,NA,-1,NA,0,0,0,0
3138,DEC_C_2015_0549_J_20170622,ECLI:EU:C:2017:490:20170622,ECLI:EU:C:2017:490,62015CJ0549,1,NA,0,1,NA,0,NA,NA,0,0,0,0,0,0,0,1,0,1,NA,1,NA,0,0,1,0
3139,DEC_C_2015_0559_J_20170427,ECLI:EU:C:2017:316:20170427,ECLI:EU:C:2017:316,62015CJ0559,0,NA,0,1,NA,0,NA,NA,0,0,0,0,0,0,0,0,1,1,NA,-1,NA,0,0,0,1
3140,DEC_C_2015_0560_J_20170726,ECLI:EU:C:2017:593:20170726,ECLI:EU:C:2017:593,62015CJ0560,0,NA,0,1,NA,0,NA,NA,0,0,0,0,1,1,0,0,0,1,NA,-1,NA,0,0,0,1
3141,DEC_C_2015_0566_J_20170718,ECLI:EU:C:2017:562:20170718,ECLI:EU:C:2017:562,62015CJ0566,0,1,1,NA,1,1,0,0,NA,NA,NA,0,0,0,0,0,NA,0,0,-1,-1,NA,NA,NA,NA
3142,DEC_C_2015_0569_J_20170913,ECLI:EU:C:2017:673:20170913,ECLI:EU:C:2017:673,62015CJ0569,0,1,1,NA,1,1,0,0,NA,NA,NA,0,1,1,0,0,NA,0,0,-1,-1,NA,NA,NA,NA
3143,DEC_C_2015_0570_J_20170913,ECLI:EU:C:2017:674:20170913,ECLI:EU:C:2017:674,62015CJ0570,0,1,1,NA,1,1,0,0,NA,NA,NA,0,0,0,0,0,NA,0,0,-1,-1,NA,NA,NA,NA
3144,DEC_C_2015_0580_J_20170608,ECLI:EU:C:2017:429:20170608,ECLI:EU:C:2017:429,62015CJ0580,0,NA,0,0,NA,1,NA,NA,0,0,1,0,0,0,0,1,0,1,NA,0,NA,0,0,1,0
3145,DEC_C_2015_0587_J_20170615,ECLI:EU:C:2017:463:20170615,ECLI:EU:C:2017:463,62015CJ0587,0,NA,0,0,NA,1,NA,NA,0,0,0,0,0,0,0,0,0,-1,NA,-1,NA,0,0,0,0
3146,DEC_C_2015_0591_J_20170613,ECLI:EU:C:2017:449:20170613,ECLI:EU:C:2017:449,62015CJ0591,0,NA,0,1,NA,0,NA,NA,0,0,0,0,0,0,0,0,0,0,NA,-1,NA,0,0,0,0
3147,DEC_C_2015_0600_J_20161208,ECLI:EU:C:2016:937:20161208,ECLI:EU:C:2016:937,62015CJ0600,1,NA,0,1,NA,0,NA,NA,0,0,0,0,1,1,0,0,0,-1,NA,-1,NA,0,0,0,0
3148,DEC_C_2015_0620_J_20170427,ECLI:EU:C:2017:309:20170427,ECLI:EU:C:2017:309,62015CJ0620,0,0,1,NA,0,0,-1,0,NA,NA,NA,0,0,0,0,0,NA,1,1,-1,-1,NA,NA,NA,NA
3149,DEC_C_2015_0652_J_20170329,ECLI:EU:C:2017:239:20170329,ECLI:EU:C:2017:239,62015CJ0652,0,0,1,NA,0,1,-1,0,NA,NA,NA,0,0,0,0,1,NA,1,1,0,1,NA,NA,NA,NA
3150,DEC_C_2015_0658_J_20171116,ECLI:EU:C:2017:870:20171116,ECLI:EU:C:2017:870,62015CJ0658,0,NA,0,1,NA,0,NA,NA,0,0,0,0,0,0,0,0,0,0,NA,-1,NA,0,0,0,0
3151,DEC_C_2015_0661_J_20171012,ECLI:EU:C:2017:753:20171012,ECLI:EU:C:2017:753,62015CJ0661,1,NA,0,1,NA,0,NA,NA,0,0,0,0,0,0,0,0,NA,1,NA,-1,NA,0,0,0,1
3152,DEC_C_2015_0672_J_20170427,ECLI:EU:C:2017:310:20170427,ECLI:EU:C:2017:310,62015CJ0672,1,NA,0,1,NA,0,NA,NA,0,0,0,0,1,1,0,1,0,1,NA,-1,NA,0,0,0,1
3153,DEC_C_2015_0678_J_20170614,ECLI:EU:C:2017:451:20170614,ECLI:EU:C:2017:451,62015CJ0678,0,NA,0,0,NA,1,NA,NA,0,0,0,1,0,0,0,-1,0,-1,NA,-1,NA,0,0,0,0
3154,DEC_C_2015_0679_J_20170125,ECLI:EU:C:2017:40:20170125,ECLI:EU:C:2017:40,62015CJ0679,1,NA,0,1,NA,0,NA,NA,0,0,0,0,0,0,0,0,0,-1,NA,-1,NA,0,0,0,0
3155,DEC_C_2015_0685_J_20170614,ECLI:EU:C:2017:452:20170614,ECLI:EU:C:2017:452,62015CJ0685,0,NA,0,0,NA,1,NA,NA,0,0,0,1,0,0,0,0,0,0,NA,-1,NA,0,0,0,0
3156,DEC_C_2015_0700_J_20161215,ECLI:EU:C:2016:959:20161215,ECLI:EU:C:2016:959,62015CJ0700,1,NA,0,1,NA,0,NA,NA,0,0,0,0,0,0,0,0,0,-1,NA,-1,NA,0,0,0,0
3157,DEC_C_2015_0701_J_20170713,ECLI:EU:C:2017:545:20170713,ECLI:EU:C:2017:545,62015CJ0701,0,NA,0,1,NA,0,NA,NA,0,0,0,0,0,0,0,0,0,1,NA,-1,NA,0,0,0,1
3158,DEC_C_2016_0006_J_20170907,ECLI:EU:C:2017:641:20170907,ECLI:EU:C:2017:641,62016CJ0006,0,NA,0,1,NA,0,NA,NA,0,0,1,0,0,0,0,1,1,1,NA,0,NA,0,0,0,1
3159,DEC_C_2016_0014_J_20170308,ECLI:EU:C:2017:177:20170308,ECLI:EU:C:2017:177,62016CJ0014,0,NA,0,1,NA,0,NA,NA,0,0,1,0,1,0,0,1,1,1,NA,0,NA,0,0,1,1
3160,DEC_C_2016_0015_J_20180619,ECLI:EU:C:2018:464:20180619,ECLI:EU:C:2018:464,62016CJ0015,0,NA,0,0,NA,1,NA,NA,0,0,0,0,1,0,0,-1,0,-1,NA,-1,NA,0,0,0,0
3161,DEC_C_2016_0016[P]_J_20180220,ECLI:EU:C:2018:79:20180220,ECLI:EU:C:2018:79,62016CJ0016,0,NA,0,0,NA,0,NA,NA,0,0,0,0,0,0,0,0,0,1,NA,-1,NA,0,0,0,0
3162,DEC_C_2016_0017_J_20170504,ECLI:EU:C:2017:341:20170504,ECLI:EU:C:2017:341,62016CJ0017,1,NA,0,0,NA,1,NA,NA,0,0,0,0,0,0,0,0,0,0,NA,-1,NA,0,0,0,0
3163,DEC_C_2016_0020_J_20170622,ECLI:EU:C:2017:488:20170622,ECLI:EU:C:2017:488,62016CJ0020,0,1,1,NA,1,1,-1,0,NA,NA,NA,0,0,0,0,1,NA,1,1,0,-1,NA,NA,NA,NA
3164,DEC_C_2016_0046_J_20171109,ECLI:EU:C:2017:839:20171109,ECLI:EU:C:2017:839,62016CJ0046,1,NA,0,1,NA,0,NA,NA,0,0,0,1,0,0,0,0,0,0,NA,-1,NA,0,0,0,0
3165,DEC_C_2016_0047_J_20170316,ECLI:EU:C:2017:220:20170316,ECLI:EU:C:2017:220,62016CJ0047,1,NA,0,1,NA,0,NA,NA,0,0,0,0,1,1,0,0,0,-1,NA,-1,NA,0,0,0,0
3166,DEC_C_2016_0048_J_20170517,ECLI:EU:C:2017:377:20170517,ECLI:EU:C:2017:377,62016CJ0048,0,NA,0,0,NA,1,NA,NA,0,0,0,0,1,0,0,0,0,-1,NA,-1,NA,0,0,0,0
3167,DEC_C_2016_0049_J_20170622,ECLI:EU:C:2017:491:20170622,ECLI:EU:C:2017:491,62016CJ0049,0,NA,0,1,NA,0,NA,NA,0,1,0,0,0,0,0,0,1,1,NA,0,NA,0,0,1,0
3168,DEC_C_2016_0051_J_20170426,ECLI:EU:C:2017:298:20170426,ECLI:EU:C:2017:298,62016CJ0051,1,NA,0,1,NA,0,NA,NA,0,0,0,0,0,0,0,0,0,-1,NA,-1,NA,0,0,0,0
3169,DEC_C_2016_0059_J_20170511,ECLI:EU:C:2017:362:20170511,ECLI:EU:C:2017:362,62016CJ0059,1,NA,0,1,NA,0,NA,NA,0,0,0,0,0,0,0,0,0,-1,NA,-1,NA,0,0,0,0
3170,DEC_C_2016_0065_J_20171019,ECLI:EU:C:2017:770:20171019,ECLI:EU:C:2017:770,62016CJ0065,1,NA,0,1,NA,0,NA,NA,0,0,0,0,0,0,0,0,0,1,NA,-1,NA,0,0,0,0
3171,DEC_C_2016_0082_J_20180508,ECLI:EU:C:2018:308:20180508,ECLI:EU:C:2018:308,62016CJ0082,0,0,1,NA,0,1,-1,0,NA,NA,NA,1,1,0,0,0,NA,1,1,-1,1,NA,NA,NA,NA
3172,DEC_C_2016_0089_J_20170713,ECLI:EU:C:2017:538:20170713,ECLI:EU:C:2017:538,62016CJ0089,0,1,1,NA,1,1,0,0,NA,NA,NA,0,0,0,0,0,NA,0,0,-1,-1,NA,NA,NA,NA
3173,DEC_C_2016_0099_J_20170518,ECLI:EU:C:2017:391:20170518,ECLI:EU:C:2017:391,62016CJ0099,0,NA,0,0,NA,1,NA,NA,0,0,1,0,0,0,0,1,1,1,NA,0,NA,0,0,1,0
3174,DEC_C_2016_0106_J_20171025,ECLI:EU:C:2017:804:20171025,ECLI:EU:C:2017:804,62016CJ0106,0,NA,0,1,NA,0,NA,NA,0,0,0,0,0,0,0,1,0,1,NA,0,NA,0,0,1,0
3175,DEC_C_2016_0125_J_20170921,ECLI:EU:C:2017:707:20170921,ECLI:EU:C:2017:707,62016CJ0125,0,NA,0,0,NA,1,NA,NA,1,0,1,1,1,0,0,1,1,0,NA,1,NA,0,0,1,0
3176,DEC_C_2016_0145_J_20170216,ECLI:EU:C:2017:130:20170216,ECLI:EU:C:2017:130,62016CJ0145,1,NA,0,1,NA,0,NA,NA,0,0,0,0,0,0,0,0,0,-1,NA,-1,NA,0,0,0,0
3177,DEC_C_2016_0154_J_20170518,ECLI:EU:C:2017:392:20170518,ECLI:EU:C:2017:392,62016CJ0154,1,NA,0,1,NA,0,NA,NA,0,0,0,0,0,0,0,0,0,0,NA,-1,NA,0,0,0,0
3178,DEC_C_2016_0156_J_20171012,ECLI:EU:C:2017:754:20171012,ECLI:EU:C:2017:754,62016CJ0156,1,NA,0,1,NA,0,NA,NA,0,0,0,0,1,0,0,0,0,0,NA,-1,NA,0,0,0,0
3179,DEC_C_2016_0165_J_20171114,ECLI:EU:C:2017:862:20171114,ECLI:EU:C:2017:862,62016CJ0165,0,0,1,NA,0,1,0,1,NA,NA,NA,0,0,0,0,0,NA,1,1,-1,1,NA,NA,NA,NA
3180,DEC_C_2016_0174_J_20170907,ECLI:EU:C:2017:637:20170907,ECLI:EU:C:2017:637,62016CJ0174,0,0,1,NA,0,1,1,0,NA,NA,NA,1,0,0,0,0,NA,1,1,-1,-1,NA,NA,NA,NA
3181,DEC_C_2016_0184_J_20170914,ECLI:EU:C:2017:684:20170914,ECLI:EU:C:2017:684,62016CJ0184,0,0,1,NA,0,1,0,0,NA,NA,NA,0,1,0,0,0,NA,0,0,-1,-1,NA,NA,NA,NA
3182,DEC_C_2016_0189_J_20171207,ECLI:EU:C:2017:946:20171207,ECLI:EU:C:2017:946,62016CJ0189,0,0,1,NA,0,1,1,0,NA,NA,NA,0,0,0,0,0,NA,0,0,-1,-1,NA,NA,NA,NA
3183,DEC_C_2016_0191_J_20180410,ECLI:EU:C:2018:222:20180410,ECLI:EU:C:2018:222,62016CJ0191,0,0,1,NA,0,1,0,0,NA,NA,NA,0,0,0,0,1,NA,0,0,1,-1,NA,NA,NA,NA
3184,DEC_C_2016_0193_J_20170713,ECLI:EU:C:2017:542:20170713,ECLI:EU:C:2017:542,62016CJ0193,0,0,1,NA,0,1,0,0,NA,NA,NA,0,1,0,0,0,NA,0,0,-1,-1,NA,NA,NA,NA
3185,DEC_C_2016_0195_J_20171026,ECLI:EU:C:2017:815:20171026,ECLI:EU:C:2017:815,62016CJ0195,0,0,1,0,0,1,0,0,0,0,0,1,1,1,0,0,0,0,0,-1,-1,0,0,0,0
3186,DEC_C_2016_0204[P]_J_20171109,ECLI:EU:C:2017:838:20171109,ECLI:EU:C:2017:838,62016CJ0204,1,NA,0,1,NA,0,NA,NA,0,0,0,0,0,0,0,0,0,0,NA,-1,NA,0,0,0,0
3187,DEC_C_2016_0205[P]_J_20171109,ECLI:EU:C:2017:840:20171109,ECLI:EU:C:2017:840,62016CJ0205,1,NA,0,1,NA,0,NA,NA,0,0,0,0,0,0,0,0,0,0,NA,-1,NA,0,0,0,0
3188,DEC_C_2016_0224_J_20171122,ECLI:EU:C:2017:880:20171122,ECLI:EU:C:2017:880,62016CJ0224,1,NA,0,1,NA,0,NA,NA,0,0,0,0,0,0,0,0,0,0,NA,-1,NA,0,0,0,0
3189,DEC_C_2016_0233_J_20180426,ECLI:EU:C:2018:280:20180426,ECLI:EU:C:2018:280,62016CJ0233,0,NA,0,1,NA,0,NA,NA,0,1,0,1,0,0,0,0,0,0,NA,-1,NA,0,0,0,0
3190,DEC_C_2016_0234_J_20180426,ECLI:EU:C:2018:281:20180426,ECLI:EU:C:2018:281,62016CJ0234,0,NA,0,1,NA,0,NA,NA,0,1,0,0,0,0,0,0,0,0,NA,-1,NA,0,0,0,0
3191,DEC_C_2016_0236_J_20180426,ECLI:EU:C:2018:291:20180426,ECLI:EU:C:2018:291,62016CJ0236,0,NA,0,1,NA,0,NA,NA,0,0,0,0,0,0,0,0,0,-1,NA,-1,NA,0,0,0,0
3192,DEC_C_2016_0256_J_20180315,ECLI:EU:C:2018:187:20180315,ECLI:EU:C:2018:187,62016CJ0256,1,NA,0,1,NA,0,NA,NA,0,0,0,0,0,0,0,0,0,0,NA,-1,NA,0,0,0,0
3193,DEC_C_2016_0259_J_20180531,ECLI:EU:C:2018:370:20180531,ECLI:EU:C:2018:370,62016CJ0259,0,NA,0,1,NA,0,NA,NA,0,0,0,1,1,1,0,1,0,0,NA,1,NA,0,0,0,0
3194,DEC_C_2016_0267_J_20180123,ECLI:EU:C:2018:26:20180123,ECLI:EU:C:2018:26,62016CJ0267,1,NA,0,0,NA,1,NA,NA,0,0,0,1,0,0,0,0,0,-1,NA,-1,NA,0,0,0,0
3195,DEC_C_2016_0276_J_20171220,ECLI:EU:C:2017:1010:20171220,ECLI:EU:C:2017:1010,62016CJ0276,1,NA,0,1,NA,0,NA,NA,0,0,0,1,0,0,0,0,0,0,NA,-1,NA,0,0,0,0
3196,DEC_C_2016_0292_J_20171123,ECLI:EU:C:2017:888:20171123,ECLI:EU:C:2017:888,62016CJ0292,0,NA,0,0,NA,1,NA,NA,0,1,0,0,0,0,0,1,1,1,NA,0,NA,0,0,1,0
3197,DEC_C_2016_0297_J_20180301,ECLI:EU:C:2018:141:20180301,ECLI:EU:C:2018:141,62016CJ0297,0,NA,0,1,NA,0,NA,NA,0,1,0,0,0,0,0,1,0,0,NA,1,NA,0,0,0,0
3198,DEC_C_2016_0304_J_20180207,ECLI:EU:C:2018:66:20180207,ECLI:EU:C:2018:66,62016CJ0304,0,NA,0,1,NA,0,NA,NA,0,0,0,0,0,0,0,0,0,-1,NA,-1,NA,0,0,0,0
3199,DEC_C_2016_0316_J_20180417,ECLI:EU:C:2018:256:20180417,ECLI:EU:C:2018:256,62016CJ0316,0,0,1,NA,0,1,0,1,NA,NA,NA,0,1,0,0,0,NA,0,-1,-1,-1,NA,NA,NA,NA
3200,DEC_C_2016_0322_J_20171220,ECLI:EU:C:2017:985:20171220,ECLI:EU:C:2017:985,62016CJ0322,0,NA,0,1,NA,0,NA,NA,1,0,1,1,1,1,0,0,0,0,NA,-1,NA,0,0,0,0
3201,DEC_C_2016_0327_J_20180322,ECLI:EU:C:2018:210:20180322,ECLI:EU:C:2018:210,62016CJ0327,0,NA,0,0,NA,1,NA,NA,0,0,0,0,0,0,0,0,0,1,NA,-1,NA,0,0,1,1
3202,DEC_C_2016_0331_J_20180502,ECLI:EU:C:2018:296:20180502,ECLI:EU:C:2018:296,62016CJ0331,0,0,1,NA,0,1,0,0,NA,NA,NA,1,1,0,0,1,NA,1,1,-1,1,NA,NA,NA,NA
3203,DEC_C_2016_0347_J_20171026,ECLI:EU:C:2017:816:20171026,ECLI:EU:C:2017:816,62016CJ0347,0,NA,0,1,NA,0,NA,NA,0,0,0,1,0,0,0,0,0,0,NA,-1,NA,0,0,0,0
3204,DEC_C_2016_0355_J_20180315,ECLI:EU:C:2018:184:20180315,ECLI:EU:C:2018:184,62016CJ0355,0,NA,0,0,NA,1,NA,NA,0,0,0,0,0,0,0,0,0,0,NA,-1,NA,0,0,0,0
3205,DEC_C_2016_0382_J_20180531,ECLI:EU:C:2018:366:20180531,ECLI:EU:C:2018:366,62016CJ0382,0,NA,0,1,NA,0,NA,NA,0,1,0,0,1,1,0,1,1,0,NA,1,NA,0,0,1,0
3206,DEC_C_2016_0398_J_20180222,ECLI:EU:C:2018:110:20180222,ECLI:EU:C:2018:110,62016CJ0398,0,NA,0,1,NA,0,NA,NA,0,0,1,0,0,0,0,1,1,1,NA,0,NA,0,0,1,0
3207,DEC_C_2016_0407_J_20171026,ECLI:EU:C:2017:817:20171026,ECLI:EU:C:2017:817,62016CJ0407,1,NA,0,1,NA,0,NA,NA,0,0,0,0,1,1,0,0,0,-1,NA,-1,NA,0,0,0,0
3208,DEC_C_2016_0419_J_20171220,ECLI:EU:C:2017:997:20171220,ECLI:EU:C:2017:997,62016CJ0419,0,NA,0,0,NA,1,NA,NA,0,0,1,0,0,0,0,1,0,0,NA,1,NA,0,0,0,0
3209,DEC_C_2016_0431_J_20180315,ECLI:EU:C:2018:189:20180315,ECLI:EU:C:2018:189,62016CJ0431,0,0,1,NA,0,1,0,0,NA,NA,NA,0,0,0,0,0,NA,1,1,-1,-1,NA,NA,NA,NA
3210,DEC_C_2016_0442_J_20171220,ECLI:EU:C:2017:1004:20171220,ECLI:EU:C:2017:1004,62016CJ0442,0,1,1,NA,1,1,0,0,NA,NA,NA,0,0,0,0,0,NA,1,1,-1,-1,NA,NA,NA,NA
3211,DEC_C_2016_0449_J_20170621,ECLI:EU:C:2017:485:20170621,ECLI:EU:C:2017:485,62016CJ0449,0,1,1,NA,1,1,1,0,NA,NA,NA,0,0,0,0,0,NA,1,1,-1,-1,NA,NA,NA,NA
3212,DEC_C_2016_0504_J_20171220,ECLI:EU:C:2017:1009:20171220,ECLI:EU:C:2017:1009,62016CJ0504,0,NA,0,1,NA,0,NA,NA,0,1,0,0,0,0,0,0,1,1,NA,0,NA,0,0,1,1
3213,DEC_C_2016_0514_J_20171128,ECLI:EU:C:2017:908:20171128,ECLI:EU:C:2017:908,62016CJ0514,0,NA,0,0,NA,1,NA,NA,0,0,0,0,1,0,0,-1,0,-1,NA,-1,NA,0,0,0,0
3214,DEC_C_2016_0517_J_20180530,ECLI:EU:C:2018:350:20180530,ECLI:EU:C:2018:350,62016CJ0517,0,0,1,NA,0,1,0,0,NA,NA,NA,0,0,0,0,0,NA,1,1,-1,-1,NA,NA,NA,NA
3215,DEC_C_2016_0522_J_20171019,ECLI:EU:C:2017:778:20171019,ECLI:EU:C:2017:778,62016CJ0522,1,NA,0,0,NA,1,NA,NA,0,0,0,0,0,0,0,0,0,0,NA,-1,NA,0,0,0,0
3216,DEC_C_2016_0529_J_20171220,ECLI:EU:C:2017:984:20171220,ECLI:EU:C:2017:984,62016CJ0529,1,NA,0,1,NA,0,NA,NA,0,0,0,0,0,0,0,0,0,-1,NA,-1,NA,0,0,0,0
3217,DEC_C_2016_0545_J_20180222,ECLI:EU:C:2018:101:20180222,ECLI:EU:C:2018:101,62016CJ0545,1,NA,0,1,NA,0,NA,NA,0,0,0,0,0,0,0,0,0,-1,NA,-1,NA,0,0,0,0
3218,DEC_C_2016_0551_J_20180321,ECLI:EU:C:2018:200:20180321,ECLI:EU:C:2018:200,62016CJ0551,0,1,1,NA,1,1,0,0,NA,NA,NA,0,0,0,0,0,NA,0,0,-1,-1,NA,NA,NA,NA
3219,DEC_C_2016_0553_J_20180725,ECLI:EU:C:2018:604:20180725,ECLI:EU:C:2018:604,62016CJ0553,0,NA,0,1,NA,0,NA,NA,0,1,0,0,0,0,0,1,1,1,NA,0,NA,0,0,1,0
3220,DEC_C_2016_0556_J_20171019,ECLI:EU:C:2017:777:20171019,ECLI:EU:C:2017:777,62016CJ0556,1,NA,0,1,NA,0,NA,NA,0,0,0,0,0,0,0,0,0,-1,NA,-1,NA,0,0,0,0
3221,DEC_C_2016_0568_J_20180322,ECLI:EU:C:2018:211:20180322,ECLI:EU:C:2018:211,62016CJ0568,0,NA,0,0,NA,1,NA,NA,0,0,0,0,0,0,0,0,0,0,NA,-1,NA,0,0,0,0
3222,DEC_C_2016_0571_J_20181004,ECLI:EU:C:2018:807:20181004,ECLI:EU:C:2018:807,62016CJ0571,0,NA,0,0,NA,1,NA,NA,0,0,0,0,1,1,1,0,0,1,NA,-1,NA,0,0,0,1
3223,DEC_C_2016_0575_J_20180315,ECLI:EU:C:2018:186:20180315,ECLI:EU:C:2018:186,62016CJ0575,0,NA,0,0,NA,0,NA,NA,0,1,0,0,0,0,0,0,1,1,NA,-1,NA,0,0,1,0
3224,DEC_C_2016_0590_J_20180208,ECLI:EU:C:2018:77:20180208,ECLI:EU:C:2018:77,62016CJ0590,1,NA,0,0,NA,0,NA,NA,0,0,0,0,0,0,0,1,0,1,NA,-1,NA,0,0,0,1
3225,DEC_C_2016_0618_J_20180913,ECLI:EU:C:2018:719:20180913,ECLI:EU:C:2018:719,62016CJ0618,0,0,1,NA,0,1,0,0,NA,NA,NA,0,0,0,0,0,NA,0,0,-1,-1,NA,NA,NA,NA
3226,DEC_C_2016_0629_J_20180711,ECLI:EU:C:2018:556:20180711,ECLI:EU:C:2018:556,62016CJ0629,0,NA,0,0,NA,1,NA,NA,0,0,0,0,1,1,0,0,1,0,NA,-1,NA,0,0,0,0
3227,DEC_C_2016_0636_J_20171207,ECLI:EU:C:2017:949:20171207,ECLI:EU:C:2017:949,62016CJ0636,0,0,1,NA,0,1,0,0,NA,NA,NA,0,0,0,0,0,NA,1,-1,-1,-1,NA,NA,NA,NA
3228,DEC_C_2016_0643_J_20180207,ECLI:EU:C:2018:67:20180207,ECLI:EU:C:2018:67,62016CJ0643,0,NA,0,1,NA,0,NA,NA,0,0,0,0,0,0,0,1,0,0,NA,1,NA,0,0,0,0
3229,DEC_C_2016_0651_J_20180307,ECLI:EU:C:2018:162:20180307,ECLI:EU:C:2018:162,62016CJ0651,0,1,1,NA,1,1,1,0,NA,NA,NA,0,0,0,0,1,NA,1,1,0,-1,NA,NA,NA,NA
3230,DEC_C_2016_0673_J_20180605,ECLI:EU:C:2018:385:20180605,ECLI:EU:C:2018:385,62016CJ0673,0,0,1,NA,0,1,0,0,NA,NA,NA,1,0,0,0,1,NA,1,1,0,1,NA,NA,NA,NA
3231,DEC_C_2016_0676_J_20180117,ECLI:EU:C:2018:13:20180117,ECLI:EU:C:2018:13,62016CJ0676,0,NA,0,1,NA,0,NA,NA,0,0,0,0,0,0,0,0,0,-1,NA,-1,NA,0,0,0,0
3232,DEC_C_2016_0679_J_20180725,ECLI:EU:C:2018:601:20180725,ECLI:EU:C:2018:601,62016CJ0679,0,0,1,NA,0,1,0,0,NA,NA,NA,0,0,0,0,0,NA,1,1,-1,-1,NA,NA,NA,NA
3233,DEC_C_2017_0002_J_20180628,ECLI:EU:C:2018:511:20180628,ECLI:EU:C:2018:511,62017CJ0002,0,0,1,NA,0,1,0,0,NA,NA,NA,0,0,0,0,0,NA,1,1,-1,-1,NA,NA,NA,NA
3234,DEC_C_2017_0003_J_20180228,ECLI:EU:C:2018:130:20180228,ECLI:EU:C:2018:130,62017CJ0003,0,NA,0,1,NA,0,NA,NA,0,1,0,0,1,0,0,1,1,1,NA,0,NA,0,0,1,0
3235,DEC_C_2017_0018_J_20181114,ECLI:EU:C:2018:904:20181114,ECLI:EU:C:2018:904,62017CJ0018,0,NA,0,1,NA,0,NA,NA,0,0,0,0,0,0,0,0,0,0,NA,-1,NA,0,0,1,0
3236,DEC_C_2017_0024_J_20190508,ECLI:EU:C:2019:373:20190508,ECLI:EU:C:2019:373,62017CJ0024,0,0,1,NA,0,0,-1,0,NA,NA,NA,0,1,0,0,1,NA,1,-1,0,-1,NA,NA,NA,NA
3237,DEC_C_2017_0039_J_20180614,ECLI:EU:C:2018:438:20180614,ECLI:EU:C:2018:438,62017CJ0039,1,NA,0,1,NA,0,NA,NA,0,0,0,0,0,0,0,0,0,0,NA,-1,NA,0,0,0,0
3238,DEC_C_2017_0045_J_20180118,ECLI:EU:C:2018:18:20180118,ECLI:EU:C:2018:18,62017CJ0045,0,1,1,NA,1,1,0,0,NA,NA,NA,0,0,0,0,0,NA,0,0,-1,-1,NA,NA,NA,NA
3239,DEC_C_2017_0076_J_20180301,ECLI:EU:C:2018:139:20180301,ECLI:EU:C:2018:139,62017CJ0076,1,NA,0,0,NA,1,NA,NA,0,0,0,0,1,0,0,0,0,1,NA,-1,NA,0,0,1,0
3240,DEC_C_2017_0089_J_20180712,ECLI:EU:C:2018:570:20180712,ECLI:EU:C:2018:570,62017CJ0089,0,0,1,NA,0,1,1,0,NA,NA,NA,0,1,0,0,0,NA,1,1,-1,1,NA,NA,NA,NA
3241,DEC_C_2017_0123_J_20180807,ECLI:EU:C:2018:632:20180807,ECLI:EU:C:2018:632,62017CJ0123,0,0,1,NA,0,1,1,1,NA,NA,NA,0,1,1,0,1,NA,1,1,-1,1,NA,NA,NA,NA
3242,DEC_C_2017_0132_J_20180221,ECLI:EU:C:2018:85:20180221,ECLI:EU:C:2018:85,62017CJ0132,0,NA,0,1,NA,0,NA,NA,0,0,0,0,0,0,0,0,0,-1,NA,-1,NA,0,0,0,0
3243,DEC_C_2017_0137_J_20180926,ECLI:EU:C:2018:771:20180926,ECLI:EU:C:2018:771,62017CJ0137,1,NA,0,0,NA,1,NA,NA,0,0,0,1,1,1,0,1,0,0,NA,1,NA,0,0,0,0
3244,DEC_C_2017_0151_J_20181122,ECLI:EU:C:2018:938:20181122,ECLI:EU:C:2018:938,62017CJ0151,1,NA,0,1,NA,0,NA,NA,0,1,0,0,0,0,0,1,0,0,NA,1,NA,0,0,0,0
3245,DEC_C_2017_0169_J_20180614,ECLI:EU:C:2018:440:20180614,ECLI:EU:C:2018:440,62017CJ0169,1,NA,0,1,NA,0,NA,NA,0,0,0,0,0,0,0,0,0,0,NA,-1,NA,0,0,0,0
3246,DEC_C_2017_0171_J_20181107,ECLI:EU:C:2018:881:20181107,ECLI:EU:C:2018:881,62017CJ0171,0,NA,0,0,NA,0,NA,NA,0,0,0,0,0,0,0,1,1,1,NA,0,NA,0,0,1,0
3247,DEC_C_2017_0185_J_20180222,ECLI:EU:C:2018:108:20180222,ECLI:EU:C:2018:108,62017CJ0185,1,NA,0,1,NA,0,NA,NA,0,0,0,0,0,0,0,0,0,-1,NA,-1,NA,0,0,0,0
3248,DEC_C_2017_0191_J_20181004,ECLI:EU:C:2018:809:20181004,ECLI:EU:C:2018:809,62017CJ0191,0,NA,0,1,NA,0,NA,NA,0,0,0,0,0,0,0,0,0,0,NA,-1,NA,0,0,0,0
3249,DEC_C_2017_0220_J_20190130,ECLI:EU:C:2019:76:20190130,ECLI:EU:C:2019:76,62017CJ0220,1,NA,0,1,NA,0,NA,NA,0,0,0,0,0,0,0,0,0,-1,NA,-1,NA,0,0,0,0
3250,DEC_C_2017_0221_J_20190312,ECLI:EU:C:2019:189:20190312,ECLI:EU:C:2019:189,62017CJ0221,0,0,1,NA,0,1,-1,0,NA,NA,NA,0,0,0,0,1,NA,0,0,-1,-1,NA,NA,NA,NA
3251,DEC_C_2017_0223[P]_J_20180614,ECLI:EU:C:2018:442:20180614,ECLI:EU:C:2018:442,62017CJ0223,1,NA,0,1,NA,0,NA,NA,0,0,0,0,0,0,0,0,0,-1,NA,-1,NA,0,0,0,0
3252,DEC_C_2017_0227_J_20180412,ECLI:EU:C:2018:247:20180412,ECLI:EU:C:2018:247,62017CJ0227,1,NA,0,1,NA,0,NA,NA,0,0,0,0,1,1,0,0,0,-1,NA,-1,NA,0,0,0,0
3253,DEC_C_2017_0230_J_20180627,ECLI:EU:C:2018:497:20180627,ECLI:EU:C:2018:497,62017CJ0230,0,0,1,NA,0,1,-1,0,NA,NA,NA,0,1,1,0,0,NA,0,0,-1,0,NA,NA,NA,NA
3254,DEC_C_2017_0236[P]_J_20190327,ECLI:EU:C:2019:258:20190327,ECLI:EU:C:2019:258,62017CJ0236,1,NA,0,1,NA,0,NA,NA,0,0,0,0,0,0,0,0,0,0,NA,-1,NA,0,0,0,0
3255,DEC_C_2017_0242_J_20181004,ECLI:EU:C:2018:804:20181004,ECLI:EU:C:2018:804,62017CJ0242,1,NA,0,1,NA,0,NA,NA,0,0,0,0,0,0,0,1,0,0,NA,1,NA,0,0,0,0
3256,DEC_C_2017_0246_J_20180627,ECLI:EU:C:2018:499:20180627,ECLI:EU:C:2018:499,62017CJ0246,0,0,1,NA,0,1,0,0,NA,NA,NA,0,0,0,0,0,NA,1,0,-1,0,NA,NA,NA,NA
3257,DEC_C_2017_0247_J_20181113,ECLI:EU:C:2018:898:20181113,ECLI:EU:C:2018:898,62017CJ0247,0,0,1,NA,0,1,0,0,NA,NA,NA,0,1,0,0,1,NA,1,1,0,-1,NA,NA,NA,NA
3258,DEC_C_2017_0272_J_20190123,ECLI:EU:C:2019:49:20190123,ECLI:EU:C:2019:49,62017CJ0272,0,0,1,NA,0,1,1,0,NA,NA,NA,0,0,0,0,1,NA,0,0,1,-1,NA,NA,NA,NA
3259,DEC_C_2017_0305_J_20181206,ECLI:EU:C:2018:986:20181206,ECLI:EU:C:2018:986,62017CJ0305,1,NA,0,1,NA,0,NA,NA,0,0,0,0,0,0,0,0,0,1,NA,-1,NA,0,0,1,0
3260,DEC_C_2017_0310_J_20181113,ECLI:EU:C:2018:899:20181113,ECLI:EU:C:2018:899,62017CJ0310,0,NA,0,1,NA,0,NA,NA,0,0,0,0,0,0,0,0,0,-1,NA,-1,NA,0,0,0,0
3261,DEC_C_2017_0322_J_20190207,ECLI:EU:C:2019:102:20190207,ECLI:EU:C:2019:102,62017CJ0322,0,0,1,NA,0,1,0,0,NA,NA,NA,0,0,0,0,0,NA,1,1,-1,-1,NA,NA,NA,NA
3262,DEC_C_2017_0326_J_20190124,ECLI:EU:C:2019:59:20190124,ECLI:EU:C:2019:59,62017CJ0326,1,NA,0,1,NA,0,NA,NA,0,0,0,0,1,0,0,0,0,0,NA,-1,NA,0,0,0,0
3263,DEC_C_2017_0342_J_20181114,ECLI:EU:C:2018:906:20181114,ECLI:EU:C:2018:906,62017CJ0342,0,NA,0,0,NA,1,NA,NA,0,0,1,0,0,0,0,1,1,1,NA,0,NA,0,0,1,0
3264,DEC_C_2017_0372_J_20180913,ECLI:EU:C:2018:708:20180913,ECLI:EU:C:2018:708,62017CJ0372,1,NA,0,1,NA,0,NA,NA,0,0,0,0,0,0,0,0,0,-1,NA,-1,NA,1,1,0,0
3265,DEC_C_2017_0377_J_20190704,ECLI:EU:C:2019:562:20190704,ECLI:EU:C:2019:562,62017CJ0377,0,NA,0,0,NA,0,NA,NA,0,1,0,0,0,0,0,1,1,1,NA,0,NA,0,0,0,1
3266,DEC_C_2017_0391_J_20191031,ECLI:EU:C:2019:919:20191031,ECLI:EU:C:2019:919,62017CJ0391,1,NA,0,0,NA,0,NA,NA,0,0,0,0,0,0,0,0,0,1,NA,-1,NA,0,0,0,1
3267,DEC_C_2017_0393_J_20190704,ECLI:EU:C:2019:563:20190704,ECLI:EU:C:2019:563,62017CJ0393,0,NA,0,0,NA,1,NA,NA,0,0,0,1,1,1,0,1,0,0,NA,1,NA,0,0,0,0
3268,DEC_C_2017_0395_J_20191031,ECLI:EU:C:2019:918:20191031,ECLI:EU:C:2019:918,62017CJ0395,1,NA,0,0,NA,0,NA,NA,0,0,0,0,0,0,0,0,0,1,NA,-1,NA,0,0,0,1
3269,DEC_C_2017_0397_J_20180712,ECLI:EU:C:2018:564:20180712,ECLI:EU:C:2018:564,62017CJ0397,1,NA,0,1,NA,0,NA,NA,0,0,0,0,0,0,0,0,0,-1,NA,-1,NA,0,0,0,0
3270,DEC_C_2017_0416_J_20181004,ECLI:EU:C:2018:811:20181004,ECLI:EU:C:2018:811,62017CJ0416,0,NA,0,0,NA,0,NA,NA,0,1,0,0,0,0,0,0,1,1,NA,-1,NA,0,0,1,0
3271,DEC_C_2017_0425_J_20181017,ECLI:EU:C:2018:830:20181017,ECLI:EU:C:2018:830,62017CJ0425,0,NA,0,1,NA,0,NA,NA,0,0,0,0,1,1,0,0,0,-1,NA,-1,NA,0,0,0,1
3272,DEC_C_2017_0431_J_20190507,ECLI:EU:C:2019:368:20190507,ECLI:EU:C:2019:368,62017CJ0431,0,1,1,0,1,1,0,0,0,0,0,0,1,0,0,1,1,1,1,0,-1,0,0,0,1
3273,DEC_C_2017_0437_J_20190313,ECLI:EU:C:2019:193:20190313,ECLI:EU:C:2019:193,62017CJ0437,0,1,1,NA,1,1,-1,0,NA,NA,NA,0,0,0,0,1,NA,0,0,1,-1,NA,NA,NA,NA
3274,DEC_C_2017_0445_J_20180725,ECLI:EU:C:2018:609:20180725,ECLI:EU:C:2018:609,62017CJ0445,1,NA,0,1,NA,0,NA,NA,0,0,0,0,0,0,0,0,0,-1,NA,-1,NA,0,0,0,0
3275,DEC_C_2017_0452_J_20181121,ECLI:EU:C:2018:935:20181121,ECLI:EU:C:2018:935,62017CJ0452,0,NA,0,1,NA,0,NA,NA,0,0,0,0,1,1,0,0,0,-1,NA,-1,NA,0,0,0,0
3276,DEC_C_2017_0471_J_20180906,ECLI:EU:C:2018:681:20180906,ECLI:EU:C:2018:681,62017CJ0471,1,NA,0,1,NA,0,NA,NA,0,0,0,0,0,0,0,0,0,-1,NA,-1,NA,0,0,0,0
3277,DEC_C_2017_0473_J_20190411,ECLI:EU:C:2019:308:20190411,ECLI:EU:C:2019:308,62017CJ0473,0,NA,0,1,NA,0,NA,NA,0,0,0,0,1,0,0,1,1,0,NA,1,NA,0,0,0,0
3278,DEC_C_2017_0476_J_20190729,ECLI:EU:C:2019:624:20190729,ECLI:EU:C:2019:624,62017CJ0476,0,NA,0,0,NA,1,NA,NA,0,0,0,0,0,0,0,-1,0,-1,NA,-1,NA,0,0,0,0
3279,DEC_C_2017_0477_J_20190124,ECLI:EU:C:2019:60:20190124,ECLI:EU:C:2019:60,62017CJ0477,0,1,1,NA,1,1,0,0,NA,NA,NA,0,1,0,0,0,NA,1,1,-1,-1,NA,NA,NA,NA
3280,DEC_C_2017_0480_J_20181206,ECLI:EU:C:2018:987:20181206,ECLI:EU:C:2018:987,62017CJ0480,0,NA,0,0,NA,1,NA,NA,0,1,0,0,0,0,0,0,1,1,NA,-1,NA,0,0,1,0
3281,DEC_C_2017_0483_J_20190411,ECLI:EU:C:2019:309:20190411,ECLI:EU:C:2019:309,62017CJ0483,0,1,1,NA,1,1,0,0,NA,NA,NA,0,1,1,0,0,NA,1,1,-1,-1,NA,NA,NA,NA
3282,DEC_C_2017_0495_J_20181108,ECLI:EU:C:2018:887:20181108,ECLI:EU:C:2018:887,62017CJ0495,1,NA,0,1,NA,0,NA,NA,0,0,0,0,1,0,0,1,0,1,NA,0,NA,0,0,0,1
3283,DEC_C_2017_0516_J_20190729,ECLI:EU:C:2019:625:20190729,ECLI:EU:C:2019:625,62017CJ0516,0,NA,0,1,NA,0,NA,NA,0,0,0,0,1,0,0,0,0,1,NA,-1,NA,0,0,0,1
3284,DEC_C_2017_0555_J_20180920,ECLI:EU:C:2018:746:20180920,ECLI:EU:C:2018:746,62017CJ0555,1,NA,0,1,NA,0,NA,NA,0,0,0,0,0,0,0,0,0,-1,NA,-1,NA,0,0,0,0
3285,DEC_C_2017_0557_J_20190314,ECLI:EU:C:2019:203:20190314,ECLI:EU:C:2019:203,62017CJ0557,0,0,1,NA,0,1,-1,0,NA,NA,NA,0,1,0,0,0,NA,0,0,-1,0,NA,NA,NA,NA
3286,DEC_C_2017_0574[P]_J_20180725,ECLI:EU:C:2018:598:20180725,ECLI:EU:C:2018:598,62017CJ0574,1,NA,0,0,NA,0,NA,NA,0,0,0,0,0,0,0,0,0,1,NA,-1,NA,0,0,0,0
3287,DEC_C_2017_0581_J_20190226,ECLI:EU:C:2019:138:20190226,ECLI:EU:C:2019:138,62017CJ0581,0,1,1,NA,1,1,0,0,NA,NA,NA,0,0,0,0,1,NA,1,1,0,-1,NA,NA,NA,NA
3288,DEC_C_2017_0589_J_20190729,ECLI:EU:C:2019:631:20190729,ECLI:EU:C:2019:631,62017CJ0589,1,NA,0,1,NA,0,NA,NA,0,0,0,0,0,0,0,0,0,0,NA,-1,NA,0,0,0,0
3289,DEC_C_2017_0591_J_20190618,ECLI:EU:C:2019:504:20190618,ECLI:EU:C:2019:504,62017CJ0591,0,NA,0,0,NA,0,NA,NA,1,1,0,0,0,0,0,1,1,1,NA,0,NA,0,0,1,0
3290,DEC_C_2017_0592_J_20181115,ECLI:EU:C:2018:913:20181115,ECLI:EU:C:2018:913,62017CJ0592,1,NA,0,1,NA,0,NA,NA,0,0,0,0,0,0,0,0,0,-1,NA,-1,NA,0,0,0,0
3291,DEC_C_2017_0602_J_20181024,ECLI:EU:C:2018:856:20181024,ECLI:EU:C:2018:856,62017CJ0602,0,1,1,NA,1,1,-1,0,NA,NA,NA,0,0,0,0,0,NA,0,0,-1,-1,NA,NA,NA,NA
3292,DEC_C_2017_0607_J_20190619,ECLI:EU:C:2019:510:20190619,ECLI:EU:C:2019:510,62017CJ0607,0,NA,0,1,NA,0,NA,NA,0,0,0,0,0,0,0,0,0,0,NA,-1,NA,0,0,0,0
3293,DEC_C_2017_0616_J_20191001,ECLI:EU:C:2019:800:20191001,ECLI:EU:C:2019:800,62017CJ0616,1,NA,0,0,NA,1,NA,NA,0,0,0,0,0,0,0,0,0,0,NA,-1,NA,0,0,0,0
3294,DEC_C_2017_0622_J_20190704,ECLI:EU:C:2019:566:20190704,ECLI:EU:C:2019:566,62017CJ0622,0,NA,0,1,NA,0,NA,NA,0,0,0,0,0,0,0,1,0,0,NA,1,NA,0,0,0,0
3295,DEC_C_2017_0625_J_20181122,ECLI:EU:C:2018:939:20181122,ECLI:EU:C:2018:939,62017CJ0625,0,NA,0,1,NA,0,NA,NA,1,1,0,0,0,0,0,0,0,0,NA,-1,NA,0,0,0,0
3296,DEC_C_2017_0638_J_20190411,ECLI:EU:C:2019:316:20190411,ECLI:EU:C:2019:316,62017CJ0638,1,NA,0,0,NA,0,NA,NA,0,0,0,0,0,0,0,0,0,1,NA,-1,NA,0,0,0,1
3297,DEC_C_2017_0643_J_20190307,ECLI:EU:C:2019:179:20190307,ECLI:EU:C:2019:179,62017CJ0643,1,NA,0,1,NA,0,NA,NA,0,0,0,0,0,0,0,0,0,-1,NA,-1,NA,0,0,0,0
3298,DEC_C_2017_0648_J_20181115,ECLI:EU:C:2018:917:20181115,ECLI:EU:C:2018:917,62017CJ0648,0,NA,0,1,NA,0,NA,NA,0,0,0,0,0,0,0,0,0,-1,NA,-1,NA,0,0,0,0
3299,DEC_C_2017_0675_J_20181206,ECLI:EU:C:2018:990:20181206,ECLI:EU:C:2018:990,62017CJ0675,0,1,1,0,1,1,0,0,0,0,0,0,0,0,0,0,1,1,1,-1,-1,0,0,0,1
3300,DEC_C_2017_0677_J_20190515,ECLI:EU:C:2019:408:20190515,ECLI:EU:C:2019:408,62017CJ0677,0,0,1,NA,0,1,0,0,NA,NA,NA,0,0,0,0,0,NA,0,0,-1,-1,NA,NA,NA,NA
3301,DEC_C_2017_0686_J_20190904,ECLI:EU:C:2019:659:20190904,ECLI:EU:C:2019:659,62017CJ0686,1,NA,0,1,NA,0,NA,NA,0,0,0,0,0,0,0,0,0,-1,NA,-1,NA,0,0,0,0
3302,DEC_C_2017_0699_J_20190404,ECLI:EU:C:2019:290:20190404,ECLI:EU:C:2019:290,62017CJ0699,0,NA,0,1,NA,0,NA,NA,0,0,0,0,0,0,0,0,0,-1,NA,-1,NA,0,0,0,0
3303,DEC_C_2017_0703_J_20191010,ECLI:EU:C:2019:850:20191010,ECLI:EU:C:2019:850,62017CJ0703,0,1,1,NA,1,1,1,0,NA,NA,NA,0,1,0,0,1,NA,1,1,1,-1,NA,NA,NA,NA
3304,DEC_C_2017_0710_J_20190214,ECLI:EU:C:2019:116:20190214,ECLI:EU:C:2019:116,62017CJ0710,0,NA,0,1,NA,0,NA,NA,0,0,0,0,0,0,0,0,0,-1,NA,-1,NA,0,0,0,0
3305,DEC_C_2017_0716_J_20190711,ECLI:EU:C:2019:598:20190711,ECLI:EU:C:2019:598,62017CJ0716,0,1,1,NA,1,1,0,0,NA,NA,NA,1,1,0,0,1,NA,1,1,0,-1,NA,NA,NA,NA
3306,DEC_C_2017_0729_J_20190626,ECLI:EU:C:2019:534:20190626,ECLI:EU:C:2019:534,62017CJ0729,0,0,1,0,0,0,-1,0,0,0,0,0,0,0,0,0,1,1,-1,-1,-1,0,0,1,1
3307,DEC_C_2018_0001_J_20190620,ECLI:EU:C:2019:519:20190620,ECLI:EU:C:2019:519,62018CJ0001,1,NA,0,1,NA,0,NA,NA,0,0,0,0,0,0,0,0,0,-1,NA,-1,NA,0,0,0,0
3308,DEC_C_2018_0016_J_20191219,ECLI:EU:C:2019:1110:20191219,ECLI:EU:C:2019:1110,62018CJ0016,0,NA,0,1,NA,0,NA,NA,0,0,0,0,0,0,0,0,0,0,NA,-1,NA,0,0,0,0
3309,DEC_C_2018_0018_J_20191003,ECLI:EU:C:2019:821:20191003,ECLI:EU:C:2019:821,62018CJ0018,0,NA,0,0,NA,1,NA,NA,0,0,0,0,0,0,0,0,0,0,NA,1,NA,0,0,0,0
3310,DEC_C_2018_0022_J_20190613,ECLI:EU:C:2019:497:20190613,ECLI:EU:C:2019:497,62018CJ0022,0,0,1,NA,0,1,0,0,NA,NA,NA,0,1,1,0,1,NA,1,1,0,-1,NA,NA,NA,NA
3311,DEC_C_2018_0026_J_20190710,ECLI:EU:C:2019:579:20190710,ECLI:EU:C:2019:579,62018CJ0026,1,NA,0,1,NA,0,NA,NA,0,0,0,0,0,0,0,0,0,1,NA,-1,NA,0,0,0,1
3312,DEC_C_2018_0031_J_20191017,ECLI:EU:C:2019:868:20191017,ECLI:EU:C:2019:868,62018CJ0031,0,NA,0,1,NA,0,NA,NA,0,0,0,0,1,1,0,0,0,-1,NA,-1,NA,0,0,0,0
3313,DEC_C_2018_0032_J_20190918,ECLI:EU:C:2019:752:20190918,ECLI:EU:C:2019:752,62018CJ0032,0,1,1,NA,1,1,0,0,NA,NA,NA,0,0,0,0,0,NA,1,1,-1,-1,NA,NA,NA,NA
3314,DEC_C_2018_0033_J_20190606,ECLI:EU:C:2019:470:20190606,ECLI:EU:C:2019:470,62018CJ0033,0,1,1,NA,1,1,0,0,NA,NA,NA,0,0,0,0,0,NA,1,1,-1,-1,NA,NA,NA,NA
3315,DEC_C_2018_0053_J_20190508,ECLI:EU:C:2019:380:20190508,ECLI:EU:C:2019:380,62018CJ0053,0,NA,0,0,NA,1,NA,NA,0,0,0,0,1,0,0,0,0,0,NA,-1,NA,0,0,0,0
3316,DEC_C_2018_0064_J_20190912,ECLI:EU:C:2019:723:20190912,ECLI:EU:C:2019:723,62018CJ0064,0,NA,0,0,NA,1,NA,NA,0,0,1,0,0,0,0,1,0,1,NA,0,NA,0,0,1,0
3317,DEC_C_2018_0070_J_20191003,ECLI:EU:C:2019:823:20191003,ECLI:EU:C:2019:823,62018CJ0070,0,1,1,NA,1,1,-1,0,NA,NA,NA,0,0,0,0,1,NA,0,0,1,-1,NA,NA,NA,NA
3318,DEC_C_2018_0074_J_20190117,ECLI:EU:C:2019:33:20190117,ECLI:EU:C:2019:33,62018CJ0074,0,NA,0,1,NA,0,NA,NA,0,0,0,0,0,0,0,0,0,1,NA,-1,NA,0,0,0,1
3319,DEC_C_2018_0075_J_20200303,ECLI:EU:C:2020:139:20200303,ECLI:EU:C:2020:139,62018CJ0075,0,NA,0,1,NA,0,NA,NA,0,1,0,1,0,0,0,0,0,0,NA,-1,NA,0,0,0,0
3320,DEC_C_2018_0089_J_20190710,ECLI:EU:C:2019:580:20190710,ECLI:EU:C:2019:580,62018CJ0089,0,0,1,NA,0,1,1,1,NA,NA,NA,0,0,0,0,1,NA,1,1,0,1,NA,NA,NA,NA
3321,DEC_C_2018_0093_J_20191002,ECLI:EU:C:2019:809:20191002,ECLI:EU:C:2019:809,62018CJ0093,0,0,1,NA,0,1,1,0,NA,NA,NA,0,0,0,0,0,NA,1,1,0,1,NA,NA,NA,NA
3322,DEC_C_2018_0094_J_20190910,ECLI:EU:C:2019:693:20190910,ECLI:EU:C:2019:693,62018CJ0094,0,0,1,NA,0,1,1,0,NA,NA,NA,0,0,0,0,0,NA,1,1,-1,-1,NA,NA,NA,NA
3323,DEC_C_2018_0095_J_20190919,ECLI:EU:C:2019:767:20190919,ECLI:EU:C:2019:767,62018CJ0095,0,1,1,NA,1,1,-1,0,NA,NA,NA,0,1,0,0,0,NA,0,0,-1,-1,NA,NA,NA,NA
3324,DEC_C_2018_0129_J_20190326,ECLI:EU:C:2019:248:20190326,ECLI:EU:C:2019:248,62018CJ0129,0,1,1,NA,1,1,-1,0,NA,NA,NA,0,0,0,0,0,NA,0,0,-1,0,NA,NA,NA,NA
3325,DEC_C_2018_0134_J_20190314,ECLI:EU:C:2019:212:20190314,ECLI:EU:C:2019:212,62018CJ0134,0,0,1,NA,0,1,1,0,NA,NA,NA,0,0,0,0,0,NA,1,1,-1,-1,NA,NA,NA,NA
3326,DEC_C_2018_0138_J_20190516,ECLI:EU:C:2019:419:20190516,ECLI:EU:C:2019:419,62018CJ0138,1,NA,0,1,NA,0,NA,NA,0,0,0,0,1,1,0,0,0,-1,NA,-1,NA,0,0,0,0
3327,DEC_C_2018_0142_J_20190605,ECLI:EU:C:2019:460:20190605,ECLI:EU:C:2019:460,62018CJ0142,0,NA,0,1,NA,0,NA,NA,0,0,0,0,0,0,0,0,0,0,NA,-1,NA,0,0,0,0
3328,DEC_C_2018_0160_J_20200311,ECLI:EU:C:2020:190:20200311,ECLI:EU:C:2020:190,62018CJ0160,1,NA,0,1,NA,0,NA,NA,0,0,0,0,0,0,0,0,0,-1,NA,-1,NA,0,0,0,0
3329,DEC_C_2018_0174_J_20190314,ECLI:EU:C:2019:205:20190314,ECLI:EU:C:2019:205,62018CJ0174,0,0,1,NA,0,1,-1,0,NA,NA,NA,0,0,0,0,1,NA,1,1,0,-1,NA,NA,NA,NA
3330,DEC_C_2018_0179_J_20190213,ECLI:EU:C:2019:111:20190213,ECLI:EU:C:2019:111,62018CJ0179,0,0,1,NA,0,1,0,0,NA,NA,NA,0,0,0,2,0,NA,1,1,-1,-1,NA,NA,NA,NA
3331,DEC_C_2018_0193_J_20190613,ECLI:EU:C:2019:498:20190613,ECLI:EU:C:2019:498,62018CJ0193,0,NA,0,1,NA,0,NA,NA,0,0,0,0,1,0,0,0,0,-1,NA,-1,NA,0,0,0,0
3332,DEC_C_2018_0195_J_20190313,ECLI:EU:C:2019:197:20190313,ECLI:EU:C:2019:197,62018CJ0195,1,NA,0,0,NA,1,NA,NA,0,0,0,0,1,1,0,0,0,-1,NA,-1,NA,0,0,0,0
3333,DEC_C_2018_0203_J_20191121,ECLI:EU:C:2019:999:20191121,ECLI:EU:C:2019:999,62018CJ0203,0,NA,0,0,NA,1,NA,NA,0,0,0,0,0,0,0,-1,0,-1,NA,-1,NA,0,0,0,0
3334,DEC_C_2018_0210_J_20190710,ECLI:EU:C:2019:586:20190710,ECLI:EU:C:2019:586,62018CJ0210,0,NA,0,1,NA,0,NA,NA,0,0,0,0,0,0,0,0,0,-1,NA,-1,NA,0,0,0,0
3335,DEC_C_2018_0222_J_20190918,ECLI:EU:C:2019:751:20190918,ECLI:EU:C:2019:751,62018CJ0222,1,NA,0,1,NA,0,NA,NA,0,0,0,0,0,0,0,1,0,0,NA,1,NA,0,0,0,0
3336,DEC_C_2018_0226_J_20190522,ECLI:EU:C:2019:440:20190522,ECLI:EU:C:2019:440,62018CJ0226,1,NA,0,1,NA,0,NA,NA,0,0,0,0,0,0,0,0,0,0,NA,-1,NA,0,0,0,0
3337,DEC_C_2018_0230_J_20190508,ECLI:EU:C:2019:383:20190508,ECLI:EU:C:2019:383,62018CJ0230,0,NA,0,0,NA,1,NA,NA,0,0,1,0,1,0,0,1,1,1,NA,0,NA,0,0,1,0
3338,DEC_C_2018_0245_J_20190321,ECLI:EU:C:2019:242:20190321,ECLI:EU:C:2019:242,62018CJ0245,0,NA,0,1,NA,0,NA,NA,0,0,0,0,0,0,0,0,0,-1,NA,-1,NA,0,0,0,0
3339,DEC_C_2018_0249_J_20190710,ECLI:EU:C:2019:587:20190710,ECLI:EU:C:2019:587,62018CJ0249,1,NA,0,1,NA,0,NA,NA,0,0,0,1,0,0,0,0,0,1,NA,-1,NA,0,0,0,1
3340,DEC_C_2018_0259_J_20190502,ECLI:EU:C:2019:346:20190502,ECLI:EU:C:2019:346,62018CJ0259,0,NA,0,1,NA,0,NA,NA,0,0,0,0,0,0,0,0,1,1,NA,-1,NA,0,0,0,1
3341,DEC_C_2018_0264_J_20190606,ECLI:EU:C:2019:472:20190606,ECLI:EU:C:2019:472,62018CJ0264,0,NA,0,1,NA,0,NA,NA,0,0,0,0,0,0,0,0,0,0,NA,-1,NA,0,0,0,0
3342,DEC_C_2018_0268_J_20190502,ECLI:EU:C:2019:353:20190502,ECLI:EU:C:2019:353,62018CJ0268,1,NA,0,1,NA,0,NA,NA,0,0,0,0,0,0,0,0,0,-1,NA,-1,NA,0,0,0,0
3343,DEC_C_2018_0275_J_20190328,ECLI:EU:C:2019:265:20190328,ECLI:EU:C:2019:265,62018CJ0275,1,NA,0,0,NA,1,NA,NA,0,0,0,0,0,0,0,1,0,1,NA,0,NA,0,0,0,1
3344,DEC_C_2018_0288_J_20190411,ECLI:EU:C:2019:319:20190411,ECLI:EU:C:2019:319,62018CJ0288,1,NA,0,1,NA,0,NA,NA,0,0,0,0,0,0,0,0,0,-1,NA,-1,NA,0,0,0,0
3345,DEC_C_2018_0295_J_20190411,ECLI:EU:C:2019:320:20190411,ECLI:EU:C:2019:320,62018CJ0295,0,NA,0,1,NA,0,NA,NA,0,0,0,0,0,0,0,0,0,-1,NA,-1,NA,0,0,0,0
3346,DEC_C_2018_0304_J_20190711,ECLI:EU:C:2019:601:20190711,ECLI:EU:C:2019:601,62018CJ0304,1,NA,0,0,NA,0,NA,NA,0,0,0,0,0,0,0,0,0,1,NA,-1,NA,0,0,0,1
3347,DEC_C_2018_0306_J_20190515,ECLI:EU:C:2019:414:20190515,ECLI:EU:C:2019:414,62018CJ0306,1,NA,0,1,NA,0,NA,NA,0,0,0,0,1,1,0,0,0,-1,NA,-1,NA,0,0,0,0
3348,DEC_C_2018_0372_J_20190314,ECLI:EU:C:2019:206:20190314,ECLI:EU:C:2019:206,62018CJ0372,0,0,1,NA,0,1,-1,0,NA,NA,NA,0,0,0,0,0,NA,1,1,-1,-1,NA,NA,NA,NA
3349,DEC_C_2018_0376_J_20191212,ECLI:EU:C:2019:1068:20191212,ECLI:EU:C:2019:1068,62018CJ0376,0,NA,0,1,NA,0,NA,NA,1,0,0,0,1,0,0,0,0,0,NA,-1,NA,0,0,0,0
3350,DEC_C_2018_0384_J_20200227,ECLI:EU:C:2020:124:20200227,ECLI:EU:C:2020:124,62018CJ0384,0,NA,0,0,NA,0,NA,NA,0,0,1,0,0,0,0,1,1,1,NA,0,NA,0,0,1,1
3351,DEC_C_2018_0387_J_20190703,ECLI:EU:C:2019:556:20190703,ECLI:EU:C:2019:556,62018CJ0387,1,NA,0,1,NA,0,NA,NA,0,0,0,0,0,0,0,1,0,1,NA,0,NA,0,0,1,0
3352,DEC_C_2018_0390_J_20191219,ECLI:EU:C:2019:1112:20191219,ECLI:EU:C:2019:1112,62018CJ0390,0,NA,0,1,NA,0,NA,NA,0,0,0,0,0,0,1,0,1,1,NA,-1,NA,0,0,0,1
3353,DEC_C_2018_0398_J_20191205,ECLI:EU:C:2019:1050:20191205,ECLI:EU:C:2019:1050,62018CJ0398,0,1,1,NA,1,1,0,0,NA,NA,NA,1,0,0,0,1,NA,1,1,0,-1,NA,NA,NA,NA
3354,DEC_C_2018_0402_J_20191127,ECLI:EU:C:2019:1023:20191127,ECLI:EU:C:2019:1023,62018CJ0402,0,NA,0,1,NA,0,NA,NA,0,0,1,0,0,0,0,1,1,1,NA,0,NA,0,0,0,1
3355,DEC_C_2018_0405_J_20200227,ECLI:EU:C:2020:127:20200227,ECLI:EU:C:2020:127,62018CJ0405,0,NA,0,1,NA,0,NA,NA,0,0,0,0,0,0,0,0,0,0,NA,-1,NA,0,0,0,0
3356,DEC_C_2018_0410_J_20190710,ECLI:EU:C:2019:582:20190710,ECLI:EU:C:2019:582,62018CJ0410,0,0,1,NA,0,1,0,1,NA,NA,NA,0,0,0,0,1,NA,1,1,0,-1,NA,NA,NA,NA
3357,DEC_C_2018_0417_J_20190905,ECLI:EU:C:2019:671:20190905,ECLI:EU:C:2019:671,62018CJ0417,0,NA,0,0,NA,1,NA,NA,0,0,0,0,1,1,0,0,0,1,NA,-1,NA,0,0,1,0
3358,DEC_C_2018_0447_J_20191218,ECLI:EU:C:2019:1098:20191218,ECLI:EU:C:2019:1098,62018CJ0447,0,0,1,NA,0,1,0,0,NA,NA,NA,0,0,0,0,0,NA,1,1,-1,-1,NA,NA,NA,NA
3359,DEC_C_2018_0465_J_20191219,ECLI:EU:C:2019:1125:20191219,ECLI:EU:C:2019:1125,62018CJ0465,0,NA,0,0,NA,1,NA,NA,0,0,1,0,0,0,0,1,1,1,NA,0,NA,0,0,1,0
3360,DEC_C_2018_0473_J_20190904,ECLI:EU:C:2019:662:20190904,ECLI:EU:C:2019:662,62018CJ0473,0,1,1,NA,1,1,-1,0,NA,NA,NA,0,0,0,0,0,NA,0,0,-1,-1,NA,NA,NA,NA
3361,DEC_C_2018_0480_J_20200402,ECLI:EU:C:2020:274:20200402,ECLI:EU:C:2020:274,62018CJ0480,0,NA,0,1,NA,0,NA,NA,0,0,0,1,1,1,0,-1,0,-1,NA,-1,NA,0,0,0,0
3362,DEC_C_2018_0482_J_20200303,ECLI:EU:C:2020:141:20200303,ECLI:EU:C:2020:141,62018CJ0482,0,NA,0,1,NA,0,NA,NA,1,1,0,0,0,0,0,1,1,1,NA,0,NA,0,0,1,0
3363,DEC_C_2018_0484_J_20191114,ECLI:EU:C:2019:970:20191114,ECLI:EU:C:2019:970,62018CJ0484,0,NA,0,0,NA,1,NA,NA,0,0,0,1,1,0,0,0,0,-1,NA,-1,NA,0,0,0,0
3364,DEC_C_2018_0544_J_20190919,ECLI:EU:C:2019:761:20190919,ECLI:EU:C:2019:761,62018CJ0544,0,1,1,NA,1,1,1,0,NA,NA,NA,0,0,0,0,0,NA,1,1,-1,-1,NA,NA,NA,NA
3365,DEC_C_2018_0559_J_20190905,ECLI:EU:C:2019:667:20190905,ECLI:EU:C:2019:667,62018CJ0559,1,NA,0,1,NA,0,NA,NA,0,0,0,0,1,1,0,0,0,-1,NA,-1,NA,0,0,0,0
3366,DEC_C_2018_0565_J_20200430,ECLI:EU:C:2020:318:20200430,ECLI:EU:C:2020:318,62018CJ0565,0,NA,0,0,NA,0,NA,NA,0,1,0,0,0,0,0,0,0,0,NA,-1,NA,0,0,0,0
3367,DEC_C_2018_0579_J_20191017,ECLI:EU:C:2019:875:20191017,ECLI:EU:C:2019:875,62018CJ0579,1,NA,0,1,NA,0,NA,NA,0,0,0,1,0,0,0,0,0,0,NA,-1,NA,0,0,0,0
3368,DEC_C_2018_0620_J_20201208,ECLI:EU:C:2020:1001:20201208,ECLI:EU:C:2020:1001,62018CJ0620,0,NA,0,0,NA,0,NA,NA,0,1,0,0,0,0,0,1,0,0,NA,1,NA,0,0,0,0
3369,DEC_C_2018_0626_J_20201208,ECLI:EU:C:2020:1000:20201208,ECLI:EU:C:2020:1000,62018CJ0626,0,NA,0,0,NA,0,NA,NA,0,1,0,0,0,0,0,1,0,0,NA,1,NA,0,0,0,0
3370,DEC_C_2018_0649_J_20201001,ECLI:EU:C:2020:764:20201001,ECLI:EU:C:2020:764,62018CJ0649,0,NA,0,0,NA,1,NA,NA,0,0,0,0,1,1,0,1,0,1,NA,0,NA,0,0,1,1
3371,DEC_C_2018_0667_J_20200514,ECLI:EU:C:2020:372:20200514,ECLI:EU:C:2020:372,62018CJ0667,0,NA,0,1,NA,0,NA,NA,0,0,0,0,0,0,0,-1,0,-1,NA,-1,NA,0,0,0,0
3372,DEC_C_2018_0677_J_20191219,ECLI:EU:C:2019:1142:20191219,ECLI:EU:C:2019:1142,62018CJ0677,1,NA,0,1,NA,0,NA,NA,0,0,0,0,0,0,0,0,0,-1,NA,-1,NA,0,0,0,0
3373,DEC_C_2018_0710_J_20200423,ECLI:EU:C:2020:299:20200423,ECLI:EU:C:2020:299,62018CJ0710,0,1,1,NA,1,1,1,0,NA,NA,NA,0,0,0,0,1,NA,1,1,0,-1,NA,NA,NA,NA
3374,DEC_C_2018_0725_J_20200130,ECLI:EU:C:2020:54:20200130,ECLI:EU:C:2020:54,62018CJ0725,0,NA,0,1,NA,0,NA,NA,0,0,1,0,0,0,0,1,1,0,NA,1,NA,0,0,0,0
3375,DEC_C_2018_0749_J_20200514,ECLI:EU:C:2020:370:20200514,ECLI:EU:C:2020:370,62018CJ0749,0,NA,0,1,NA,0,NA,NA,0,1,0,0,0,0,0,0,1,1,NA,-1,NA,0,0,1,0
3376,DEC_C_2018_0753_J_20200402,ECLI:EU:C:2020:268:20200402,ECLI:EU:C:2020:268,62018CJ0753,0,NA,0,1,NA,0,NA,NA,0,0,0,1,0,0,0,0,0,-1,NA,-1,NA,0,0,0,0
3377,DEC_C_2018_0754_J_20200618,ECLI:EU:C:2020:478:20200618,ECLI:EU:C:2020:478,62018CJ0754,0,0,1,NA,0,1,0,0,NA,NA,NA,0,0,0,0,0,NA,1,1,-1,-1,NA,NA,NA,NA
3378,DEC_C_2018_0764_J_20210127,ECLI:EU:C:2021:70:20210127,ECLI:EU:C:2021:70,62018CJ0764,0,NA,0,1,NA,0,NA,NA,0,0,0,0,0,0,0,0,0,-1,NA,-1,NA,0,0,0,0
3379,DEC_C_2018_0765_J_20200402,ECLI:EU:C:2020:270:20200402,ECLI:EU:C:2020:270,62018CJ0765,0,NA,0,1,NA,0,NA,NA,0,0,0,0,0,0,0,0,0,-1,NA,-1,NA,0,0,0,0
3380,DEC_C_2018_0769_J_20200312,ECLI:EU:C:2020:203:20200312,ECLI:EU:C:2020:203,62018CJ0769,0,1,1,NA,1,1,1,0,NA,NA,NA,1,0,0,0,0,NA,1,1,-1,-1,NA,NA,NA,NA
3381,DEC_C_2018_0788_J_20200226,ECLI:EU:C:2020:110:20200226,ECLI:EU:C:2020:110,62018CJ0788,0,NA,0,1,NA,0,NA,NA,0,1,0,0,0,0,0,0,0,0,NA,-1,NA,0,0,0,0
3382,DEC_C_2018_0802_J_20200402,ECLI:EU:C:2020:269:20200402,ECLI:EU:C:2020:269,62018CJ0802,0,1,1,NA,1,1,0,0,NA,NA,NA,0,1,0,0,1,NA,1,1,0,-1,NA,NA,NA,NA
3383,DEC_C_2018_0810_J_20200430,ECLI:EU:C:2020:336:20200430,ECLI:EU:C:2020:336,62018CJ0810,1,NA,0,1,NA,0,NA,NA,0,0,0,0,1,1,0,0,0,-1,NA,-1,NA,0,0,0,0
3384,DEC_C_2018_0830_J_20200402,ECLI:EU:C:2020:275:20200402,ECLI:EU:C:2020:275,62018CJ0830,0,0,1,NA,0,1,0,1,NA,NA,NA,0,0,0,0,1,NA,1,1,0,-1,NA,NA,NA,NA
3385,DEC_C_2018_0836_J_20200227,ECLI:EU:C:2020:119:20200227,ECLI:EU:C:2020:119,62018CJ0836,0,0,1,NA,0,1,0,0,NA,NA,NA,0,0,0,0,0,NA,1,1,-1,1,NA,NA,NA,NA
3386,DEC_C_2019_0025_J_20200227,ECLI:EU:C:2020:126:20200227,ECLI:EU:C:2020:126,62019CJ0025,0,NA,0,1,NA,0,NA,NA,0,0,0,0,1,0,0,0,0,1,NA,-1,NA,0,0,0,0
3387,DEC_C_2019_0029_J_20200123,ECLI:EU:C:2020:36:20200123,ECLI:EU:C:2020:36,62019CJ0029,0,0,1,NA,0,1,0,0,NA,NA,NA,0,0,0,0,0,NA,1,1,-1,-1,NA,NA,NA,NA
3388,DEC_C_2019_0032_J_20200122,ECLI:EU:C:2020:25:20200122,ECLI:EU:C:2020:25,62019CJ0032,0,0,1,NA,0,1,0,0,NA,NA,NA,0,0,0,0,0,NA,0,0,-1,-1,NA,NA,NA,NA
3389,DEC_C_2019_0035_J_20191024,ECLI:EU:C:2019:894:20191024,ECLI:EU:C:2019:894,62019CJ0035,0,0,1,NA,0,1,1,0,NA,NA,NA,0,1,0,0,1,NA,1,1,0,-1,NA,NA,NA,NA
3390,DEC_C_2019_0062_J_20201203,ECLI:EU:C:2020:980:20201203,ECLI:EU:C:2020:980,62019CJ0062,0,NA,0,1,NA,0,NA,NA,0,0,0,0,0,0,0,0,0,1,NA,-1,NA,0,0,0,1
3391,DEC_C_2019_0087_J_20191211,ECLI:EU:C:2019:1063:20191211,ECLI:EU:C:2019:1063,62019CJ0087,0,NA,0,1,NA,0,NA,NA,0,0,1,0,1,0,0,0,1,0,NA,-1,NA,0,0,1,0
3392,DEC_C_2019_0100_J_20200305,ECLI:EU:C:2020:174:20200305,ECLI:EU:C:2020:174,62019CJ0100,0,NA,0,1,NA,0,NA,NA,0,0,0,0,0,0,0,0,0,1,NA,-1,NA,0,0,0,1
3393,DEC_C_2019_0135_J_20200305,ECLI:EU:C:2020:177:20200305,ECLI:EU:C:2020:177,62019CJ0135,0,0,1,NA,0,1,1,0,NA,NA,NA,0,1,0,0,0,NA,0,0,-1,-1,NA,NA,NA,NA
3394,DEC_C_2019_0168_J_20200430,ECLI:EU:C:2020:338:20200430,ECLI:EU:C:2020:338,62019CJ0168,0,0,1,NA,0,1,-1,0,NA,NA,NA,0,0,0,0,0,NA,0,0,-1,-1,NA,NA,NA,NA
3395,DEC_C_2019_0181_J_20201006,ECLI:EU:C:2020:794:20201006,ECLI:EU:C:2020:794,62019CJ0181,0,0,1,NA,0,1,0,0,NA,NA,NA,1,0,0,0,0,NA,1,1,-1,-1,NA,NA,NA,NA
3396,DEC_C_2019_0192_J_20200311,ECLI:EU:C:2020:194:20200311,ECLI:EU:C:2020:194,62019CJ0192,1,NA,0,1,NA,0,NA,NA,0,0,0,0,0,0,0,0,0,-1,NA,-1,NA,0,0,0,0
3397,DEC_C_2019_0206_J_20200611,ECLI:EU:C:2020:463:20200611,ECLI:EU:C:2020:463,62019CJ0206,0,NA,0,1,NA,0,NA,NA,0,1,0,0,0,0,0,0,1,1,NA,-1,NA,0,0,0,1
3398,DEC_C_2019_0218_J_20201217,ECLI:EU:C:2020:1034:20201217,ECLI:EU:C:2020:1034,62019CJ0218,0,1,1,0,1,1,1,0,1,0,1,0,0,0,0,0,1,1,0,-1,-1,0,0,1,0
3399,DEC_C_2019_0302_J_20201125,ECLI:EU:C:2020:957:20201125,ECLI:EU:C:2020:957,62019CJ0302,0,1,1,NA,1,1,0,0,NA,NA,NA,0,0,0,0,0,NA,1,1,-1,-1,NA,NA,NA,NA
3400,DEC_C_2019_0398_J_20201217,ECLI:EU:C:2020:1032:20201217,ECLI:EU:C:2020:1032,62019CJ0398,0,0,1,NA,0,1,0,0,NA,NA,NA,0,0,0,0,1,NA,0,0,1,-1,NA,NA,NA,NA
3401,DEC_C_2019_0407_J_20210211,ECLI:EU:C:2021:107:20210211,ECLI:EU:C:2021:107,62019CJ0407,0,1,1,NA,1,1,-1,0,NA,NA,NA,0,0,0,0,0,NA,0,0,-1,-1,NA,NA,NA,NA
3402,DEC_C_2019_0448_J_20200611,ECLI:EU:C:2020:467:20200611,ECLI:EU:C:2020:467,62019CJ0448,0,0,1,NA,0,1,0,0,NA,NA,NA,0,0,0,0,0,NA,1,1,-1,-1,NA,NA,NA,NA
3403,DEC_C_2019_0454_J_20201119,ECLI:EU:C:2020:947:20201119,ECLI:EU:C:2020:947,62019CJ0454,0,0,1,NA,0,1,1,0,NA,NA,NA,1,1,0,0,1,NA,1,1,0,-1,NA,NA,NA,NA
3404,DEC_C_2019_0484_J_20210120,ECLI:EU:C:2021:34:20210120,ECLI:EU:C:2021:34,62019CJ0484,0,NA,0,1,NA,0,NA,NA,0,1,0,0,0,0,0,0,1,1,NA,-1,NA,0,0,1,0
3405,DEC_C_2019_0535_J_20210715,ECLI:EU:C:2021:595:20210715,ECLI:EU:C:2021:595,62019CJ0535,0,0,1,NA,0,1,0,0,NA,NA,NA,0,0,0,0,0,NA,0,0,-1,-1,NA,NA,NA,NA
3406,DEC_C_2019_0555_J_20210203,ECLI:EU:C:2021:89:20210203,ECLI:EU:C:2021:89,62019CJ0555,0,NA,0,1,NA,0,NA,NA,0,1,0,0,0,0,0,0,0,0,NA,-1,NA,0,0,0,0
3407,DEC_C_2019_0674_J_20200916,ECLI:EU:C:2020:710:20200916,ECLI:EU:C:2020:710,62019CJ0674,1,NA,0,1,NA,0,NA,NA,0,0,0,0,0,0,0,0,0,0,NA,-1,NA,0,0,0,0
3408,DEC_C_2019_0703_J_20210422,ECLI:EU:C:2021:314:20210422,ECLI:EU:C:2021:314,62019CJ0703,1,NA,0,1,NA,0,NA,NA,0,0,0,0,1,1,0,0,0,-1,NA,-1,NA,0,0,0,0
3409,DEC_C_2019_0710_J_20201217,ECLI:EU:C:2020:1037:20201217,ECLI:EU:C:2020:1037,62019CJ0710,0,1,1,NA,1,1,0,0,NA,NA,NA,1,0,0,0,0,NA,1,1,-1,-1,NA,NA,NA,NA
3410,DEC_C_2019_0718_J_20210622,ECLI:EU:C:2021:505:20210622,ECLI:EU:C:2021:505,62019CJ0718,0,0,1,NA,0,0,-1,0,NA,NA,NA,1,0,0,0,0,NA,0,0,-1,-1,NA,NA,NA,NA
3411,DEC_C_2019_0719_J_20210622,ECLI:EU:C:2021:506:20210622,ECLI:EU:C:2021:506,62019CJ0719,0,0,1,NA,0,1,0,0,NA,NA,NA,0,1,1,0,0,NA,0,0,-1,-1,NA,NA,NA,NA
3412,DEC_C_2019_0720_J_20201021,ECLI:EU:C:2020:847:20201021,ECLI:EU:C:2020:847,62019CJ0720,0,0,1,NA,0,1,1,0,NA,NA,NA,1,0,0,0,0,NA,1,1,-1,-1,NA,NA,NA,NA
3413,DEC_C_2019_0825_J_20211021,ECLI:EU:C:2021:869:20211021,ECLI:EU:C:2021:869,62019CJ0825,1,NA,0,1,NA,0,NA,NA,0,0,0,0,0,0,0,0,0,-1,NA,-1,NA,0,0,0,0
3414,DEC_C_2019_0866_J_20211021,ECLI:EU:C:2021:865:20211021,ECLI:EU:C:2021:865,62019CJ0866,0,1,1,NA,1,1,1,0,NA,NA,NA,0,0,0,0,0,NA,0,0,-1,-1,NA,NA,NA,NA
3415,DEC_C_2019_0879_J_20210520,ECLI:EU:C:2021:409:20210520,ECLI:EU:C:2021:409,62019CJ0879,0,1,1,NA,1,1,0,0,NA,NA,NA,0,1,1,0,0,NA,0,0,-1,-1,NA,NA,NA,NA
3416,DEC_C_2019_0930_J_20210902,ECLI:EU:C:2021:657:20210902,ECLI:EU:C:2021:657,62019CJ0930,0,0,1,NA,0,1,0,1,NA,NA,NA,0,0,0,0,-1,NA,-1,-1,-1,-1,NA,NA,NA,NA
3417,DEC_C_2019_0940_J_20210225,ECLI:EU:C:2021:135:20210225,ECLI:EU:C:2021:135,62019CJ0940,0,NA,0,1,NA,0,NA,NA,0,0,0,0,0,0,0,0,0,0,NA,-1,NA,0,0,0,0
3418,DEC_C_2020_0027_J_20210512,ECLI:EU:C:2021:383:20210512,ECLI:EU:C:2021:383,62020CJ0027,0,1,1,NA,1,1,0,0,NA,NA,NA,0,0,0,0,0,NA,0,0,-1,-1,NA,NA,NA,NA
3419,DEC_C_2020_0035_J_20211006,ECLI:EU:C:2021:813:20211006,ECLI:EU:C:2021:813,62020CJ0035,0,0,1,NA,0,1,-1,0,NA,NA,NA,0,1,0,0,1,NA,0,0,0,-1,NA,NA,NA,NA
3420,DEC_C_2020_0094_J_20210610,ECLI:EU:C:2021:477:20210610,ECLI:EU:C:2021:477,62020CJ0094,0,0,1,NA,0,1,1,0,NA,NA,NA,0,1,1,0,0,NA,0,0,-1,-1,NA,NA,NA,NA
3421,DEC_C_2020_0118_J_20220118,ECLI:EU:C:2022:34:20220118,ECLI:EU:C:2022:34,62020CJ0118,0,1,1,NA,1,1,1,0,NA,NA,NA,1,0,1,0,1,NA,1,1,0,-1,NA,NA,NA,NA
3422,DEC_C_2020_0194_J_20210603,ECLI:EU:C:2021:436:20210603,ECLI:EU:C:2021:436,62020CJ0194,0,0,1,NA,0,1,-1,0,NA,NA,NA,0,0,0,0,0,NA,0,0,-1,0,NA,NA,NA,NA
3423,DEC_C_2020_0197_J_20211028,ECLI:EU:C:2021:892:20211028,ECLI:EU:C:2021:892,62020CJ0197,1,NA,0,1,NA,0,NA,NA,0,0,0,0,0,0,0,0,0,-1,NA,-1,NA,0,0,0,0
3424,DEC_C_2020_0224_J_20221117,ECLI:EU:C:2022:893:20221117,ECLI:EU:C:2022:893,62020CJ0224,1,NA,0,1,NA,0,NA,NA,0,0,0,0,1,0,0,-1,0,-1,NA,-1,NA,0,0,0,0
3425,DEC_C_2020_0247_J_20220310,ECLI:EU:C:2022:177:20220310,ECLI:EU:C:2022:177,62020CJ0247,0,0,1,NA,0,1,1,0,NA,NA,NA,0,0,0,0,0,NA,1,1,-1,1,NA,NA,NA,NA
3426,DEC_C_2020_0253_J_20221117,ECLI:EU:C:2022:894:20221117,ECLI:EU:C:2022:894,62020CJ0253,1,NA,0,1,NA,0,NA,NA,0,0,0,0,0,0,0,0,0,-1,NA,-1,NA,0,0,0,0
3427,DEC_C_2020_0285_J_20210930,ECLI:EU:C:2021:785:20210930,ECLI:EU:C:2021:785,62020CJ0285,0,1,1,NA,1,1,0,0,NA,NA,NA,0,0,0,0,0,NA,1,1,-1,-1,NA,NA,NA,NA
3428,DEC_C_2020_0368_J_20220426,ECLI:EU:C:2022:298:20220426,ECLI:EU:C:2022:298,62020CJ0368,0,0,1,NA,0,1,0,0,NA,NA,NA,1,1,0,0,0,NA,1,1,-1,-1,NA,NA,NA,NA
3429,DEC_C_2020_0370_J_20211209,ECLI:EU:C:2021:988:20211209,ECLI:EU:C:2021:988,62020CJ0370,1,NA,0,0,NA,1,NA,NA,0,0,0,0,0,0,0,0,0,-1,NA,-1,NA,0,0,0,0
3430,DEC_C_2020_0372_J_20211125,ECLI:EU:C:2021:962:20211125,ECLI:EU:C:2021:962,62020CJ0372,0,1,1,NA,1,1,1,0,NA,NA,NA,0,1,0,0,0,NA,1,1,-1,-1,NA,NA,NA,NA
3431,DEC_C_2020_0411_J_20220801,ECLI:EU:C:2022:602:20220801,ECLI:EU:C:2022:602,62020CJ0411,0,0,1,NA,0,1,1,0,NA,NA,NA,0,0,0,0,0,NA,1,1,-1,-1,NA,NA,NA,NA
3432,DEC_C_2020_0462_J_20211028,ECLI:EU:C:2021:894:20211028,ECLI:EU:C:2021:894,62020CJ0462,0,0,1,NA,0,0,-1,0,NA,NA,NA,0,1,0,0,0,NA,0,-1,-1,-1,NA,NA,NA,NA
3433,DEC_C_2020_0488_J_20211125,ECLI:EU:C:2021:956:20211125,ECLI:EU:C:2021:956,62020CJ0488,1,NA,0,1,NA,0,NA,NA,0,0,1,0,0,0,0,0,1,1,NA,0,NA,0,0,1,0
3434,DEC_C_2020_0489_J_20220407,ECLI:EU:C:2022:277:20220407,ECLI:EU:C:2022:277,62020CJ0489,1,NA,0,0,NA,1,NA,NA,0,0,0,0,0,0,0,0,0,-1,NA,-1,NA,0,0,0,0
3435,DEC_C_2020_0490_J_20211214,ECLI:EU:C:2021:1008:20211214,ECLI:EU:C:2021:1008,62020CJ0490,0,1,1,NA,1,1,1,0,NA,NA,NA,1,0,0,0,0,NA,1,1,-1,-1,NA,NA,NA,NA
3436,DEC_C_2020_0576_J_20220707,ECLI:EU:C:2022:525:20220707,ECLI:EU:C:2022:525,62020CJ0576,0,1,1,NA,1,1,1,0,NA,NA,NA,0,0,0,0,0,NA,1,1,-1,-1,NA,NA,NA,NA
3437,DEC_C_2020_0599_J_20220609,ECLI:EU:C:2022:457:20220609,ECLI:EU:C:2022:457,62020CJ0599,1,NA,0,1,NA,0,NA,NA,0,0,0,0,0,0,0,0,0,-1,NA,-1,NA,0,0,0,0
3438,DEC_C_2020_0624_J_20220907,ECLI:EU:C:2022:639:20220907,ECLI:EU:C:2022:639,62020CJ0624,0,0,1,NA,0,1,1,0,NA,NA,NA,0,0,0,0,0,NA,1,1,-1,1,NA,NA,NA,NA
3439,DEC_C_2020_0638_J_20221124,ECLI:EU:C:2022:916:20221124,ECLI:EU:C:2022:916,62020CJ0638,0,0,1,NA,0,1,1,1,NA,NA,NA,0,0,0,0,0,NA,0,0,-1,-1,NA,NA,NA,NA
3440,DEC_C_2020_0668_J_20220407,ECLI:EU:C:2022:270:20220407,ECLI:EU:C:2022:270,62020CJ0668,1,NA,0,1,NA,0,NA,NA,0,0,0,0,0,0,0,0,0,-1,NA,-1,NA,0,0,0,0
3441,DEC_C_2020_0673_J_20220609,ECLI:EU:C:2022:449:20220609,ECLI:EU:C:2022:449,62020CJ0673,0,0,1,NA,0,1,1,1,NA,NA,NA,0,0,0,0,0,NA,0,0,-1,-1,NA,NA,NA,NA
3442,DEC_C_2020_0709_J_20210715,ECLI:EU:C:2021:602:20210715,ECLI:EU:C:2021:602,62020CJ0709,0,0,1,NA,0,1,1,0,NA,NA,NA,0,1,0,0,0,NA,0,0,-1,-1,NA,NA,NA,NA
3443,DEC_C_2021_0003_J_20220929,ECLI:EU:C:2022:737:20220929,ECLI:EU:C:2022:737,62021CJ0003,0,0,1,NA,0,1,1,1,NA,NA,NA,0,0,0,0,0,NA,0,0,-1,-1,NA,NA,NA,NA
3444,DEC_C_2021_0022_J_20220915,ECLI:EU:C:2022:683:20220915,ECLI:EU:C:2022:683,62021CJ0022,0,0,1,NA,0,1,0,1,NA,NA,NA,0,0,0,0,0,NA,0,0,-1,0,NA,NA,NA,NA
3445,DEC_C_2021_0024_J_20220707,ECLI:EU:C:2022:526:20220707,ECLI:EU:C:2022:526,62021CJ0024,1,NA,0,0,NA,1,NA,NA,0,0,0,0,0,0,0,1,0,0,NA,1,NA,0,0,0,0
3446,DEC_C_2021_0072_J_20220428,ECLI:EU:C:2022:312:20220428,ECLI:EU:C:2022:312,62021CJ0072,1,NA,0,1,NA,0,NA,NA,0,0,0,0,0,0,0,0,0,-1,NA,-1,NA,0,0,0,0
3447,DEC_C_2021_0086_J_20220428,ECLI:EU:C:2022:310:20220428,ECLI:EU:C:2022:310,62021CJ0086,0,1,1,NA,1,1,1,0,NA,NA,NA,0,1,0,0,1,NA,1,1,0,-1,NA,NA,NA,NA
3448,DEC_C_2021_0187_J_20220609,ECLI:EU:C:2022:458:20220609,ECLI:EU:C:2022:458,62021CJ0187,1,NA,0,1,NA,0,NA,NA,0,0,0,0,1,0,0,0,0,-1,NA,-1,NA,0,0,0,0
3449,DEC_C_2021_0279_J_20221222,ECLI:EU:C:2022:1019:20221222,ECLI:EU:C:2022:1019,62021CJ0279,0,0,1,NA,0,1,1,1,NA,NA,NA,0,0,0,0,1,NA,1,1,0,1,NA,NA,NA,NA
3450,DEC_C_2021_0332_J_20221222,ECLI:EU:C:2022:1031:20221222,ECLI:EU:C:2022:1031,62021CJ0332,1,NA,0,1,NA,0,NA,NA,0,0,0,0,1,0,0,0,0,1,NA,-1,NA,0,0,0,1
3451,DEC_C_2021_0507[P]_J_20220908,ECLI:EU:C:2022:649:20220908,ECLI:EU:C:2022:649,62021CJ0507,1,NA,0,1,NA,0,NA,NA,0,0,0,0,0,0,0,0,0,-1,NA,-1,NA,0,0,0,0
3452,DEC_C_2021_0542_J_20221020,ECLI:EU:C:2022:814:20221020,ECLI:EU:C:2022:814,62021CJ0542,1,NA,0,1,NA,0,NA,NA,0,0,0,0,0,0,0,0,0,-1,NA,-1,NA,0,0,0,0
3453,DEC_C_2021_0635_J_20230209,ECLI:EU:C:2023:85:20230209,ECLI:EU:C:2023:85,62021CJ0635,1,NA,0,1,NA,0,NA,NA,0,0,0,0,0,0,0,0,0,-1,NA,-1,NA,0,0,0,0
3454,DEC_C_2022_0020_J_20221222,ECLI:EU:C:2022:1028:20221222,ECLI:EU:C:2022:1028,62022CJ0020,1,NA,0,1,NA,0,NA,NA,0,0,0,0,0,0,0,0,0,1,NA,-1,NA,0,0,0,0
