decision_id,hearing_date
DOC_JUDG_CJ_1969_0040_19700218,1970-01-29
DOC_JUDG_CJ_1969_0040_19700218,1970-01-15
DOC_JUDG_CJ_1969_0047_19700625,1970-04-21
DOC_JUDG_CJ_1969_0047_19700625,1970-03-10
DOC_JUDG_CJ_1971_0038_19720126,1971-11-23
DOC_JUDG_CJ_1971_0038_19720126,1971-12-15
DOC_JUDG_CJ_1977_0087_19850711,1985-06-06
DOC_JUDG_CJ_1978_0140_19801210,1980-10-07
DOC_JUDG_CJ_1978_0170_19830712,1982-05-19
DOC_JUDG_CJ_1978_0170_19830712,1979-11-28
DOC_JUDG_CJ_1978_0170_19830712,1982-06-10
DOC_JUDG_CJ_1978_0170_19830712,1979-10-09
DOC_JUDG_CJ_1978_0250_19830301,1982-11-24
DOC_JUDG_CJ_1978_0250_19830301,1983-01-13
DOC_JUDG_CJ_1978_0256_19800213,1979-11-15
DOC_JUDG_CJ_1978_0256_19800213,1979-12-06
DOC_JUDG_CJ_1979_0024_19800605,1980-02-28
DOC_JUDG_CJ_1979_0063_19801016,1980-06-13
DOC_JUDG_CJ_1979_0081_19801127,1980-05-22
DOC_JUDG_CJ_1979_0136_19800626,1980-04-30
DOC_JUDG_CJ_1979_0136_19800626,1980-03-18
DOC_JUDG_CJ_1979_0152_19800506,1980-03-20
DOC_JUDG_CJ_1979_0152_19800506,1980-02-13
DOC_JUDG_CJ_1979_0155_19820518,1980-11-19
DOC_JUDG_CJ_1979_0155_19820518,1981-01-20
DOC_JUDG_CJ_1979_0155_19820518,1981-01-28
DOC_JUDG_CJ_1979_0155_19820518,1981-10-27
DOC_JUDG_CJ_1979_0785_19810402,1981-01-15
DOC_JUDG_CJ_1979_0785_19810402,1981-02-26
DOC_JUDG_CJ_1979_0799_19821215,1981-05-14
DOC_JUDG_CJ_1979_0799_19821215,1981-02-19
DOC_JUDG_CJ_1979_0817_19820204,1981-05-14
DOC_JUDG_CJ_1979_0817_19820204,1981-04-02
DOC_JUDG_CJ_1980_0023_19801210,1980-10-13
DOC_JUDG_CJ_1980_0023_19801210,1980-10-30
DOC_JUDG_CJ_1980_0026_19801030,1980-07-10
DOC_JUDG_CJ_1980_0026_19801030,1980-10-02
DOC_JUDG_CJ_1980_0064_19810226,1980-11-27
DOC_JUDG_CJ_1980_0064_19810226,1981-01-29
DOC_JUDG_CJ_1980_0122_19811119,1981-05-21
DOC_JUDG_CJ_1980_0122_19811119,1981-10-08
DOC_JUDG_CJ_1980_0122_19811119,1981-06-16
DOC_JUDG_CJ_1980_0131_19810507,1981-04-02
DOC_JUDG_CJ_1980_0131_19810507,1981-02-05
DOC_JUDG_CJ_1980_0157_19810526,1981-04-08
DOC_JUDG_CJ_1980_0157_19810526,1981-02-24
DOC_JUDG_CJ_1980_0161_19810224,1981-01-22
DOC_JUDG_CJ_1980_0175_19811008,1981-05-07
DOC_JUDG_CJ_1980_0175_19811008,1981-06-18
DOC_JUDG_CJ_1980_0182_19820304,1981-06-18
DOC_JUDG_CJ_1980_0182_19820304,1981-10-29
DOC_JUDG_CJ_1980_0184_19810709,1981-04-09
DOC_JUDG_CJ_1980_0184_19810709,1981-06-04
DOC_JUDG_CJ_1980_0185_19810702,1981-03-19
DOC_JUDG_CJ_1980_0185_19810702,1981-05-14
DOC_JUDG_CJ_1980_0187_19810714,1981-04-07
DOC_JUDG_CJ_1980_0208_19810915,1981-05-12
DOC_JUDG_CJ_1981_0066_19820429,1982-02-04
DOC_JUDG_CJ_1981_0092_19820610,1981-12-03
DOC_JUDG_CJ_1981_0092_19820610,1982-01-28
DOC_JUDG_CJ_1981_0231_19820610,1982-03-11
DOC_JUDG_CJ_1981_0231_19820610,1982-04-29
DOC_JUDG_CJ_1981_0274_19820923,1982-06-17
DOC_JUDG_CJ_1981_0274_19820923,1982-04-29
DOC_JUDG_CJ_1981_0287_19821130,1982-06-29
DOC_JUDG_CJ_1981_0294_19830317,1983-02-03
DOC_JUDG_CJ_1981_0294_19830317,1982-12-16
DOC_JUDG_CJ_1981_0318_19851126,1985-07-11
DOC_JUDG_CJ_1981_0320_19900307,1989-10-12
DOC_JUDG_CJ_1981_0320_19900307,1989-09-26
DOC_JUDG_CJ_1982_0033_19850919,1985-02-26
DOC_JUDG_CJ_1982_0033_19850919,1984-04-10
DOC_JUDG_CJ_1982_0049_19830420,1983-03-10
DOC_JUDG_CJ_1982_0049_19830420,1983-02-02
DOC_JUDG_CJ_1982_0116_R_19860918,1986-04-17
DOC_JUDG_CJ_1982_0116_R_19860918,1986-02-20
DOC_JUDG_CJ_1982_0131_19830928,1983-03-18
DOC_JUDG_CJ_1982_0139_19830505,1983-03-10
DOC_JUDG_CJ_1982_0139_19830505,1983-02-09
DOC_JUDG_CJ_1982_0148_19830928,1983-03-18
DOC_JUDG_CJ_1982_0149_19830203,1982-11-25
DOC_JUDG_CJ_1982_0166_19840207,1983-10-04
DOC_JUDG_CJ_1982_0166_19840207,1983-11-08
DOC_JUDG_CJ_1982_0173_19860206,1985-11-14
DOC_JUDG_CJ_1982_0179_19831019,1983-07-14
DOC_JUDG_CJ_1982_0179_19831019,1983-06-08
DOC_JUDG_CJ_1982_0191_19831004,1983-03-15
DOC_JUDG_CJ_1982_0191_19831004,1983-05-31
DOC_JUDG_CJ_1982_0236_19850711,1985-03-21
DOC_JUDG_CJ_1982_0240_19851210,1985-01-29
DOC_JUDG_CJ_1982_0260_19851210,1985-01-29
DOC_JUDG_CJ_1982_0267_19860624,1986-02-04
DOC_JUDG_CJ_1982_0298_19840405,1983-07-14
DOC_JUDG_CJ_1982_0298_19840405,1983-10-06
DOC_JUDG_CJ_1982_0344_19840209,1983-11-24
DOC_JUDG_CJ_1982_0344_19840209,1983-11-10
DOC_JUDG_CJ_1983_0003_19850703,1985-03-06
DOC_JUDG_CJ_1983_0024_19840214,1983-12-15
DOC_JUDG_CJ_1983_0024_19840214,1983-12-01
DOC_JUDG_CJ_1983_0055_19850227,1984-12-05
DOC_JUDG_CJ_1983_0056_19850227,1984-12-05
DOC_JUDG_CJ_1983_0066_19850711,1985-06-06
DOC_JUDG_CJ_1983_0098_19841113,1984-05-17
DOC_JUDG_CJ_1983_0098_19841113,1984-04-05
DOC_JUDG_CJ_1983_0112_19850227,1984-07-11
DOC_JUDG_CJ_1983_0112_19850227,1984-11-14
DOC_JUDG_CJ_1983_0118_19850710,1985-05-14
DOC_JUDG_CJ_1983_0119_19850711,1985-06-06
DOC_JUDG_CJ_1983_0124_19851205,1985-05-09
DOC_JUDG_CJ_1983_0135_19850207,1984-11-08
DOC_JUDG_CJ_1983_0143_19850130,1984-10-24
DOC_JUDG_CJ_1983_0145_19851107,1985-07-11
DOC_JUDG_CJ_1983_0152_19871006,1987-07-01
DOC_JUDG_CJ_1983_0169_19861008,1986-06-26
DOC_JUDG_CJ_1983_0169_19861008,1986-05-29
DOC_JUDG_CJ_1983_0172_19850919,1985-06-05
DOC_JUDG_CJ_1983_0174_19850704,1985-01-31
DOC_JUDG_CJ_1983_0174_19860930,1986-03-19
DOC_JUDG_CJ_1983_0174_19860930,1984-11-29
DOC_JUDG_CJ_1983_0175_19850704,1985-01-31
DOC_JUDG_CJ_1983_0175_19860930,1984-11-29
DOC_JUDG_CJ_1983_0175_19860930,1986-03-19
DOC_JUDG_CJ_1983_0176_19850704,1985-01-31
DOC_JUDG_CJ_1983_0176_19860930,1986-03-19
DOC_JUDG_CJ_1983_0176_19860930,1984-11-29
DOC_JUDG_CJ_1983_0179_19850207,1984-11-08
DOC_JUDG_CJ_1983_0183_19851112,1985-01-29
DOC_JUDG_CJ_1983_0186_19850207,1984-11-08
DOC_JUDG_CJ_1983_0187_19840628,1984-04-05
DOC_JUDG_CJ_1983_0187_19840628,1984-05-30
DOC_JUDG_CJ_1983_0192_19850919,1985-02-27
DOC_JUDG_CJ_1983_0194_19850919,1985-02-27
DOC_JUDG_CJ_1983_0207_19850425,1985-01-30
DOC_JUDG_CJ_1983_0211_19851015,1985-06-27
DOC_JUDG_CJ_1983_0214_19851003,1985-05-23
DOC_JUDG_CJ_1983_0215_19850328,1985-03-06
DOC_JUDG_CJ_1983_0220_19861204,1986-03-20
DOC_JUDG_CJ_1983_0220_19861204,1985-11-07
DOC_JUDG_CJ_1983_0233_19850704,1985-01-31
DOC_JUDG_CJ_1983_0233_19860930,1984-11-29
DOC_JUDG_CJ_1983_0233_19860930,1986-03-19
DOC_JUDG_CJ_1983_0244_19860318,1985-06-26
DOC_JUDG_CJ_1983_0246_19850502,1985-02-14
DOC_JUDG_CJ_1983_0247_19850704,1985-01-31
DOC_JUDG_CJ_1983_0247_19860930,1986-03-19
DOC_JUDG_CJ_1983_0247_19860930,1984-11-29
DOC_JUDG_CJ_1983_0248_19850521,1985-02-26
DOC_JUDG_CJ_1983_0252_19861204,1985-11-07
DOC_JUDG_CJ_1983_0252_19861204,1986-03-20
DOC_JUDG_CJ_1983_0255_19850711,1985-03-21
DOC_JUDG_CJ_1983_0263_19850321,1984-11-15
DOC_JUDG_CJ_1983_0264_19850704,1985-01-31
DOC_JUDG_CJ_1983_0264_19860930,1986-03-19
DOC_JUDG_CJ_1983_0264_19860930,1984-11-29
DOC_JUDG_CJ_1983_0268_19850214,1984-11-15
DOC_JUDG_CJ_1983_0270_19860128,1985-10-16
DOC_JUDG_CJ_1983_0271_19870115,1986-06-19
DOC_JUDG_CJ_1983_0271_19870115,1986-09-16
DOC_JUDG_CJ_1983_0272_19850328,1985-02-28
DOC_JUDG_CJ_1983_0273_19850129,1984-11-29
DOC_JUDG_CJ_1983_0275_19850328,1985-02-06
DOC_JUDG_CJ_1983_0277_19850703,1985-03-27
DOC_JUDG_CJ_1983_0278_19850711,1985-03-06
DOC_JUDG_CJ_1983_0281_19851015,1985-06-12
DOC_JUDG_CJ_1983_0286_19890713,1989-06-15
DOC_JUDG_CJ_1983_0286_19890713,1989-04-19
DOC_JUDG_CJ_1983_0288_19850611,1985-03-20
DOC_JUDG_CJ_1983_0290_19850130,1984-12-05
DOC_JUDG_CJ_1983_0294_19860423,1985-12-04
DOC_JUDG_CJ_1983_0298_19850328,1985-01-16
DOC_JUDG_CJ_1983_0299_19850711,1985-07-04
DOC_JUDG_CJ_1984_0003_19850515,1985-03-21
DOC_JUDG_CJ_1984_0011_19850925,1985-05-14
DOC_JUDG_CJ_1984_0012_19850327,1985-02-14
DOC_JUDG_CJ_1984_0013_19870121,1986-01-23
DOC_JUDG_CJ_1984_0013_19870121,1986-06-25
DOC_JUDG_CJ_1984_0018_19850507,1985-03-12
DOC_JUDG_CJ_1984_0025_19850917,1985-05-08
DOC_JUDG_CJ_1984_0027_19850710,1985-03-19
DOC_JUDG_CJ_1984_0028_19851003,1985-07-09
DOC_JUDG_CJ_1984_0029_19850523,1985-03-27
DOC_JUDG_CJ_1984_0030_19850307,1985-01-17
DOC_JUDG_CJ_1984_0035_19860218,1985-05-08
DOC_JUDG_CJ_1984_0038_19850502,1985-01-31
DOC_JUDG_CJ_1984_0040_19850214,1984-12-13
DOC_JUDG_CJ_1984_0042_19850711,1985-05-14
DOC_JUDG_CJ_1984_0043_19850711,1985-06-06
DOC_JUDG_CJ_1984_0046_19851003,1985-02-28
DOC_JUDG_CJ_1984_0048_19850307,1985-01-17
DOC_JUDG_CJ_1984_0052_19860115,1985-11-21
DOC_JUDG_CJ_1984_0053_19851107,1985-07-11
DOC_JUDG_CJ_1984_0059_19860305,1985-10-02
DOC_JUDG_CJ_1984_0063_19850919,1985-06-11
DOC_JUDG_CJ_1984_0064_19850620,1985-02-14
DOC_JUDG_CJ_1984_0066_19850321,1985-01-31
DOC_JUDG_CJ_1984_0067_19851212,1985-05-21
DOC_JUDG_CJ_1984_0071_19850925,1985-05-14
DOC_JUDG_CJ_1984_0073_19850327,1985-02-14
DOC_JUDG_CJ_1984_0075_19861022,1985-11-12
DOC_JUDG_CJ_1984_0075_19861022,1985-07-02
DOC_JUDG_CJ_1984_0076_19870121,1986-10-23
DOC_JUDG_CJ_1984_0076_19870121,1986-04-23
DOC_JUDG_CJ_1984_0079_19850925,1985-05-14
DOC_JUDG_CJ_1984_0093_19850313,1985-01-30
DOC_JUDG_CJ_1984_0100_19850328,1985-02-07
DOC_JUDG_CJ_1984_0103_19860605,1986-01-28
DOC_JUDG_CJ_1984_0106_19860304,1985-12-03
DOC_JUDG_CJ_1984_0107_19850711,1985-06-05
DOC_JUDG_CJ_1984_0108_19850321,1985-01-31
DOC_JUDG_CJ_1984_0110_19851211,1985-07-11
DOC_JUDG_CJ_1984_0111_19850711,1985-06-06
DOC_JUDG_CJ_1984_0114_19850925,1985-05-14
DOC_JUDG_CJ_1984_0118_19850620,1985-05-02
DOC_JUDG_CJ_1984_0121_19860115,1985-10-15
DOC_JUDG_CJ_1984_0123_19850620,1985-03-07
DOC_JUDG_CJ_1984_0127_19850515,1985-03-07
DOC_JUDG_CJ_1984_0128_19851007,1985-07-10
DOC_JUDG_CJ_1984_0129_19860128,1985-10-23
DOC_JUDG_CJ_1984_0130_19860128,1985-10-23
DOC_JUDG_CJ_1984_0131_19851106,1985-07-10
DOC_JUDG_CJ_1984_0133_19860417,1985-12-11
DOC_JUDG_CJ_1984_0134_19850704,1985-06-06
DOC_JUDG_CJ_1984_0137_19850711,1985-03-28
DOC_JUDG_CJ_1984_0138_19850620,1985-05-15
DOC_JUDG_CJ_1984_0141_19850620,1985-05-15
DOC_JUDG_CJ_1984_0142_19871117,1987-03-17
DOC_JUDG_CJ_1984_0142_19871117,1986-11-12
DOC_JUDG_CJ_1984_0143_19860206,1985-11-28
DOC_JUDG_CJ_1984_0144_19850502,1985-02-14
DOC_JUDG_CJ_1984_0146_19850606,1985-05-02
DOC_JUDG_CJ_1984_0149_19850925,1985-05-14
DOC_JUDG_CJ_1984_0150_19860423,1986-01-23
DOC_JUDG_CJ_1984_0160_19860515,1986-03-13
DOC_JUDG_CJ_1984_0161_19860128,1985-06-19
DOC_JUDG_CJ_1984_0162_19860206,1985-11-28
DOC_JUDG_CJ_1984_0165_19851212,1985-10-10
DOC_JUDG_CJ_1984_0168_19850704,1985-06-06
DOC_JUDG_CJ_1984_0169_19860128,1985-10-16
DOC_JUDG_CJ_1984_0169_19900712,1990-05-17
DOC_JUDG_CJ_1984_0169_19900712,1990-03-29
DOC_JUDG_CJ_1984_0171_19860123,1985-10-24
DOC_JUDG_CJ_1984_0172_19850321,1985-01-31
DOC_JUDG_CJ_1984_0173_19860123,1985-12-10
DOC_JUDG_CJ_1984_0175_19860226,1985-11-19
DOC_JUDG_CJ_1984_0175_19870115,1986-07-09
DOC_JUDG_CJ_1984_0175_19870115,1986-11-20
DOC_JUDG_CJ_1984_0176_19870312,1986-09-18
DOC_JUDG_CJ_1984_0176_19870312,1986-05-14
DOC_JUDG_CJ_1984_0176_19870312,1986-05-13
DOC_JUDG_CJ_1984_0178_19870312,1986-09-18
DOC_JUDG_CJ_1984_0178_19870312,1986-05-13
DOC_JUDG_CJ_1984_0178_19870312,1986-05-14
DOC_JUDG_CJ_1984_0188_19860128,1985-10-15
DOC_JUDG_CJ_1984_0190_19880225,1988-01-27
DOC_JUDG_CJ_1984_0191_19860507,1986-03-13
DOC_JUDG_CJ_1984_0192_19851211,1985-10-16
DOC_JUDG_CJ_1984_0194_19871203,1987-06-16
DOC_JUDG_CJ_1984_0194_19871203,1987-09-29
DOC_JUDG_CJ_1984_0201_19850925,1985-05-14
DOC_JUDG_CJ_1984_0202_19850925,1985-05-14
DOC_JUDG_CJ_1984_0204_19860423,1985-11-14
DOC_JUDG_CJ_1984_0205_19861204,1986-03-20
DOC_JUDG_CJ_1984_0205_19861204,1985-11-07
DOC_JUDG_CJ_1984_0206_19861204,1985-11-07
DOC_JUDG_CJ_1984_0206_19861204,1986-03-20
DOC_JUDG_CJ_1984_0214_19851212,1985-10-24
DOC_JUDG_CJ_1984_0216_19880223,1988-01-14
DOC_JUDG_CJ_1984_0216_19880223,1986-04-17
DOC_JUDG_CJ_1984_0216_19880223,1986-03-18
DOC_JUDG_CJ_1984_0219_19851114,1985-06-06
DOC_JUDG_CJ_1984_0219_19870121,1986-11-12
DOC_JUDG_CJ_1984_0221_19850711,1987-06-11
DOC_JUDG_CJ_1984_0221_19850711,1985-06-11
DOC_JUDG_CJ_1984_0222_19860515,1986-01-28
DOC_JUDG_CJ_1984_0226_19861111,1986-05-06
DOC_JUDG_CJ_1984_0226_19861111,1986-07-08
DOC_JUDG_CJ_1984_0227_19851114,1985-07-04
DOC_JUDG_CJ_1984_0228_19850620,1985-06-06
DOC_JUDG_CJ_1984_0229_19860612,1985-12-11
DOC_JUDG_CJ_1984_0231_19850926,1985-05-21
DOC_JUDG_CJ_1984_0235_19860710,1986-04-17
DOC_JUDG_CJ_1984_0236_19860624,1986-03-11
DOC_JUDG_CJ_1984_0237_19860415,1986-02-18
DOC_JUDG_CJ_1984_0240_19870507,1986-12-11
DOC_JUDG_CJ_1984_0240_19870507,1986-09-23
DOC_JUDG_CJ_1984_0246_19861218,1986-10-21
DOC_JUDG_CJ_1984_0248_19871014,1986-12-16
DOC_JUDG_CJ_1984_0248_19871014,1986-07-01
DOC_JUDG_CJ_1984_0252_19851010,1985-07-04
DOC_JUDG_CJ_1984_0253_19870115,1986-09-18
DOC_JUDG_CJ_1984_0253_19870115,1986-05-15
DOC_JUDG_CJ_1984_0255_19870507,1986-09-23
DOC_JUDG_CJ_1984_0255_19870507,1986-12-11
DOC_JUDG_CJ_1984_0256_19870507,1986-09-23
DOC_JUDG_CJ_1984_0256_19870507,1986-12-11
DOC_JUDG_CJ_1984_0258_19870507,1986-12-11
DOC_JUDG_CJ_1984_0258_19870507,1986-09-23
DOC_JUDG_CJ_1984_0260_19870507,1986-09-23
DOC_JUDG_CJ_1984_0260_19870507,1986-12-11
DOC_JUDG_CJ_1984_0261_19850711,1985-06-06
DOC_JUDG_CJ_1984_0262_19860226,1985-09-18
DOC_JUDG_CJ_1984_0269_19861021,1986-06-11
DOC_JUDG_CJ_1984_0269_19861021,1986-05-06
DOC_JUDG_CJ_1984_0270_19860710,1986-04-23
DOC_JUDG_CJ_1984_0277_19871210,1987-10-08
DOC_JUDG_CJ_1984_0277_19871210,1987-10-27
DOC_JUDG_CJ_1984_0278_19870114,1986-07-02
DOC_JUDG_CJ_1984_0278_19870114,1986-12-16
DOC_JUDG_CJ_1984_0279_19870311,1986-12-05
DOC_JUDG_CJ_1984_0279_19870311,1986-06-03
DOC_JUDG_CJ_1984_0281_19870114,1986-12-16
DOC_JUDG_CJ_1984_0281_19870114,1986-07-02
DOC_JUDG_CJ_1984_0284_19860225,1986-01-21
DOC_JUDG_CJ_1984_0290_19851210,1985-11-12
DOC_JUDG_CJ_1984_0291_19870917,1987-04-07
DOC_JUDG_CJ_1984_0291_19870917,1987-02-17
DOC_JUDG_CJ_1984_0293_19860311,1985-12-12
DOC_JUDG_CJ_1984_0294_19860311,1985-12-12
DOC_JUDG_CJ_1984_0300_19861023,1986-04-23
DOC_JUDG_CJ_1984_0300_19861023,1986-02-27
DOC_JUDG_CJ_1984_0303_19860320,1986-02-20
DOC_JUDG_CJ_1984_0306_19870212,1985-11-27
DOC_JUDG_CJ_1984_0307_19860603,1986-04-15
DOC_JUDG_CJ_1984_0309_19860220,1985-12-11
DOC_JUDG_CJ_1984_0312_19870224,1986-10-22
DOC_JUDG_CJ_1984_0312_19870224,1986-06-24
DOC_JUDG_CJ_1985_0005_19860923,1986-04-24
DOC_JUDG_CJ_1985_0005_19860923,1986-06-10
DOC_JUDG_CJ_1985_0008_19860320,1986-02-27
DOC_JUDG_CJ_1985_0009_19861008,1986-05-27
DOC_JUDG_CJ_1985_0015_19870226,1986-12-11
DOC_JUDG_CJ_1985_0015_19870226,1986-11-11
DOC_JUDG_CJ_1985_0017_19860320,1986-02-20
DOC_JUDG_CJ_1985_0020_19880607,1987-04-08
DOC_JUDG_CJ_1985_0025_19860506,1986-02-25
DOC_JUDG_CJ_1985_0026_19861023,1986-03-11
DOC_JUDG_CJ_1985_0026_19861023,1986-06-26
DOC_JUDG_CJ_1985_0027_19870311,1986-06-03
DOC_JUDG_CJ_1985_0027_19870311,1986-12-05
DOC_JUDG_CJ_1985_0028_19860311,1986-01-23
DOC_JUDG_CJ_1985_0040_19860710,1986-04-16
DOC_JUDG_CJ_1985_0041_19861210,1986-09-23
DOC_JUDG_CJ_1985_0041_19861210,1986-06-26
DOC_JUDG_CJ_1985_0042_19851126,1985-10-08
DOC_JUDG_CJ_1985_0043_19870709,1986-11-27
DOC_JUDG_CJ_1985_0043_19870709,1986-10-08
DOC_JUDG_CJ_1985_0044_19870709,1986-10-08
DOC_JUDG_CJ_1985_0044_19870709,1987-01-22
DOC_JUDG_CJ_1985_0045_19870127,1986-06-05
DOC_JUDG_CJ_1985_0045_19870127,1986-11-20
DOC_JUDG_CJ_1985_0046_19860710,1986-02-27
DOC_JUDG_CJ_1985_0052_19860507,1986-03-13
DOC_JUDG_CJ_1985_0053_19860624,1986-01-22
DOC_JUDG_CJ_1985_0056_19881005,1988-03-08
DOC_JUDG_CJ_1985_0056_19881005,1987-09-22
DOC_JUDG_CJ_1985_0059_19860417,1986-02-19
DOC_JUDG_CJ_1985_0061_19870624,1987-03-18
DOC_JUDG_CJ_1985_0067_19880202,1986-12-18
DOC_JUDG_CJ_1985_0067_19880202,1987-04-02
DOC_JUDG_CJ_1985_0072_19860320,1985-12-03
DOC_JUDG_CJ_1985_0073_19860708,1986-04-22
DOC_JUDG_CJ_1985_0075_19861002,1986-05-29
DOC_JUDG_CJ_1985_0075_19861002,1986-03-13
DOC_JUDG_CJ_1985_0081_19860610,1986-04-23
DOC_JUDG_CJ_1985_0084_19871001,1987-06-16
DOC_JUDG_CJ_1985_0084_19871001,1987-04-01
DOC_JUDG_CJ_1985_0085_19860318,1985-12-11
DOC_JUDG_CJ_1985_0089_19880927,1988-01-12
DOC_JUDG_CJ_1985_0089_19880927,1988-05-25
DOC_JUDG_CJ_1985_0089_19930331,1991-11-13
DOC_JUDG_CJ_1985_0089_19930331,1992-07-07
DOC_JUDG_CJ_1985_0091_19861008,1986-07-10
DOC_JUDG_CJ_1985_0091_19861008,1986-06-12
DOC_JUDG_CJ_1985_0092_19861023,1986-04-23
DOC_JUDG_CJ_1985_0092_19861023,1986-06-12
DOC_JUDG_CJ_1985_0093_19861218,1986-11-04
DOC_JUDG_CJ_1985_0093_19861218,1986-07-08
DOC_JUDG_CJ_1985_0096_19860430,1986-03-04
DOC_JUDG_CJ_1985_0097_19870521,1986-12-05
DOC_JUDG_CJ_1985_0097_19870521,1986-06-04
DOC_JUDG_CJ_1985_0124_19861216,1986-07-03
DOC_JUDG_CJ_1985_0124_19861216,1986-10-02
DOC_JUDG_CJ_1985_0131_19860507,1986-02-25
DOC_JUDG_CJ_1985_0133_19870521,1986-12-05
DOC_JUDG_CJ_1985_0133_19870521,1986-06-04
DOC_JUDG_CJ_1985_0137_19871118,1987-05-12
DOC_JUDG_CJ_1985_0137_19871118,1987-06-11
DOC_JUDG_CJ_1985_0142_19861023,1986-07-02
DOC_JUDG_CJ_1985_0142_19861023,1986-05-28
DOC_JUDG_CJ_1985_0143_19861008,1986-05-28
DOC_JUDG_CJ_1985_0143_19861008,1986-06-25
DOC_JUDG_CJ_1985_0145_19870205,1986-09-23
DOC_JUDG_CJ_1985_0145_19870205,1986-06-10
DOC_JUDG_CJ_1985_0146_19871027,1987-06-10
DOC_JUDG_CJ_1985_0146_19871027,1987-01-22
DOC_JUDG_CJ_1985_0149_19860710,1986-06-03
DOC_JUDG_CJ_1985_0152_19870115,1986-11-18
DOC_JUDG_CJ_1985_0152_19870115,1986-09-17
DOC_JUDG_CJ_1985_0153_19860710,1986-06-26
DOC_JUDG_CJ_1985_0154_19870617,1987-02-17
DOC_JUDG_CJ_1985_0154_19870617,1987-03-31
DOC_JUDG_CJ_1985_0158_19860430,1986-03-06
DOC_JUDG_CJ_1985_0160_19861105,1986-07-09
DOC_JUDG_CJ_1985_0166_19870407,1987-01-22
DOC_JUDG_CJ_1985_0168_19861015,1986-06-17
DOC_JUDG_CJ_1985_0168_19861015,1986-04-29
DOC_JUDG_CJ_1985_0179_19861204,1986-10-16
DOC_JUDG_CJ_1985_0179_19861204,1986-09-16
DOC_JUDG_CJ_1985_0181_19870212,1986-11-06
DOC_JUDG_CJ_1985_0181_19870212,1986-12-16
DOC_JUDG_CJ_1985_0182_19870709,1987-03-18
DOC_JUDG_CJ_1985_0182_19870709,1987-06-09
DOC_JUDG_CJ_1985_0185_19860701,1986-05-07
DOC_JUDG_CJ_1985_0186_19870507,1986-04-17
DOC_JUDG_CJ_1985_0186_19870507,1986-05-15
DOC_JUDG_CJ_1985_0187_19880714,1987-10-13
DOC_JUDG_CJ_1985_0187_19880714,1988-03-15
DOC_JUDG_CJ_1985_0188_19880714,1988-03-15
DOC_JUDG_CJ_1985_0188_19880714,1987-10-13
DOC_JUDG_CJ_1985_0189_19870507,1986-11-20
DOC_JUDG_CJ_1985_0189_19870507,1987-01-29
DOC_JUDG_CJ_1985_0193_19870507,1986-06-17
DOC_JUDG_CJ_1985_0193_19870507,1986-10-16
DOC_JUDG_CJ_1985_0194_19880225,1987-06-18
DOC_JUDG_CJ_1985_0194_19880225,1987-03-25
DOC_JUDG_CJ_1985_0196_19870407,1986-11-18
DOC_JUDG_CJ_1985_0196_19870407,1987-01-27
DOC_JUDG_CJ_1985_0197_19871006,1987-06-10
DOC_JUDG_CJ_1985_0197_19871006,1987-03-18
DOC_JUDG_CJ_1985_0201_19861125,1986-05-27
DOC_JUDG_CJ_1985_0201_19861125,1986-07-08
DOC_JUDG_CJ_1985_0204_19870121,1986-10-08
DOC_JUDG_CJ_1985_0204_19870121,1986-10-23
DOC_JUDG_CJ_1985_0206_19871216,1987-10-27
DOC_JUDG_CJ_1985_0206_19871216,1987-11-18
DOC_JUDG_CJ_1985_0208_19871014,1987-04-07
DOC_JUDG_CJ_1985_0213_19880202,1986-12-18
DOC_JUDG_CJ_1985_0213_19880202,1987-04-02
DOC_JUDG_CJ_1985_0214_19870520,1986-12-10
DOC_JUDG_CJ_1985_0214_19870520,1987-02-04
DOC_JUDG_CJ_1985_0220_19861113,1986-09-24
DOC_JUDG_CJ_1985_0220_19861113,1986-06-25
DOC_JUDG_CJ_1985_0221_19870212,1986-10-14
DOC_JUDG_CJ_1985_0221_19870212,1986-12-02
DOC_JUDG_CJ_1985_0223_19871124,1987-06-18
DOC_JUDG_CJ_1985_0223_19871124,1987-03-11
DOC_JUDG_CJ_1985_0225_19870616,1987-01-27
DOC_JUDG_CJ_1985_0225_19870616,1986-10-02
DOC_JUDG_CJ_1985_0227_19880114,1987-06-24
DOC_JUDG_CJ_1985_0227_19880114,1987-11-10
DOC_JUDG_CJ_1985_0232_19861113,1986-06-25
DOC_JUDG_CJ_1985_0232_19861113,1986-10-08
DOC_JUDG_CJ_1985_0233_19870212,1986-11-13
DOC_JUDG_CJ_1985_0233_19870212,1987-01-22
DOC_JUDG_CJ_1985_0234_19861008,1986-06-25
DOC_JUDG_CJ_1985_0234_19861008,1986-06-12
DOC_JUDG_CJ_1985_0235_19870326,1986-12-02
DOC_JUDG_CJ_1985_0235_19870326,1987-02-12
DOC_JUDG_CJ_1985_0236_19871013,1987-05-19
DOC_JUDG_CJ_1985_0236_19871013,1987-02-19
DOC_JUDG_CJ_1985_0239_19861202,1986-07-10
DOC_JUDG_CJ_1985_0239_19861202,1986-10-02
DOC_JUDG_CJ_1985_0242_19870520,1987-03-19
DOC_JUDG_CJ_1985_0242_19870520,1987-01-21
DOC_JUDG_CJ_1985_0244_19870312,1986-10-22
DOC_JUDG_CJ_1985_0244_19870312,1986-11-25
DOC_JUDG_CJ_1985_0247_19870708,1986-12-02
DOC_JUDG_CJ_1985_0247_19870708,1986-09-17
DOC_JUDG_CJ_1985_0250_19881005,1988-03-08
DOC_JUDG_CJ_1985_0250_19881005,1987-09-22
DOC_JUDG_CJ_1985_0254_19861111,1986-05-07
DOC_JUDG_CJ_1985_0254_19861111,1986-07-08
DOC_JUDG_CJ_1985_0255_19860710,1986-06-12
DOC_JUDG_CJ_1985_0256_19880204,1987-02-17
DOC_JUDG_CJ_1985_0256_19880204,1987-06-02
DOC_JUDG_CJ_1985_0257_19870401,1986-11-27
DOC_JUDG_CJ_1985_0257_19870401,1987-02-05
DOC_JUDG_CJ_1985_0259_19871111,1987-06-04
DOC_JUDG_CJ_1985_0259_19871111,1986-12-03
DOC_JUDG_CJ_1985_0260_19881005,1988-03-08
DOC_JUDG_CJ_1985_0260_19881005,1987-09-22
DOC_JUDG_CJ_1985_0261_19880204,1987-11-24
DOC_JUDG_CJ_1985_0261_19880204,1987-10-15
DOC_JUDG_CJ_1985_0265_19870311,1986-12-05
DOC_JUDG_CJ_1985_0265_19870311,1986-06-03
DOC_JUDG_CJ_1985_0266_19870115,1986-11-04
DOC_JUDG_CJ_1985_0266_19870115,1986-07-10
DOC_JUDG_CJ_1985_0267_19861113,1986-09-24
DOC_JUDG_CJ_1985_0267_19861113,1986-06-25
DOC_JUDG_CJ_1985_0272_19870520,1987-02-03
DOC_JUDG_CJ_1985_0272_19870520,1986-12-09
DOC_JUDG_CJ_1985_0273_19881005,1987-09-22
DOC_JUDG_CJ_1985_0275_19870127,1986-11-18
DOC_JUDG_CJ_1985_0275_19870127,1986-09-16
DOC_JUDG_CJ_1985_0276_19870204,1986-12-10
DOC_JUDG_CJ_1985_0276_19870204,1986-10-23
DOC_JUDG_CJ_1985_0277_19881005,1987-09-22
DOC_JUDG_CJ_1985_0277_19881005,1988-03-08
DOC_JUDG_CJ_1985_0278_19871014,1987-04-07
DOC_JUDG_CJ_1985_0278_19871014,1987-02-11
DOC_JUDG_CJ_1985_0279_19870709,1987-06-10
DOC_JUDG_CJ_1985_0279_19870709,1987-06-11
DOC_JUDG_CJ_1985_0280_19870205,1986-10-21
DOC_JUDG_CJ_1985_0280_19870205,1986-12-09
DOC_JUDG_CJ_1985_0281_19870709,1986-12-04
DOC_JUDG_CJ_1985_0281_19870709,1987-03-31
DOC_JUDG_CJ_1985_0282_19860710,1986-06-11
DOC_JUDG_CJ_1985_0288_19870205,1986-11-26
DOC_JUDG_CJ_1985_0293_19880202,1987-03-24
DOC_JUDG_CJ_1985_0293_19880202,1987-09-17
DOC_JUDG_CJ_1985_0301_19881005,1988-03-08
DOC_JUDG_CJ_1985_0301_19881005,1987-09-22
DOC_JUDG_CJ_1985_0302_19870204,1986-11-27
DOC_JUDG_CJ_1985_0302_19870204,1986-12-11
DOC_JUDG_CJ_1985_0304_19870224,1986-11-27
DOC_JUDG_CJ_1985_0304_19870224,1986-10-07
DOC_JUDG_CJ_1985_0305_19880202,1987-06-03
DOC_JUDG_CJ_1985_0305_19880202,1987-10-01
DOC_JUDG_CJ_1985_0306_19870205,1986-10-21
DOC_JUDG_CJ_1985_0306_19870205,1986-12-09
DOC_JUDG_CJ_1985_0307_19870610,1986-11-13
DOC_JUDG_CJ_1985_0307_19870610,1987-01-21
DOC_JUDG_CJ_1985_0310_19870224,1986-09-24
DOC_JUDG_CJ_1985_0310_19870224,1986-12-10
DOC_JUDG_CJ_1985_0313_19861111,1986-10-07
DOC_JUDG_CJ_1985_0314_19871022,1987-05-19
DOC_JUDG_CJ_1985_0314_19871022,1986-12-16
DOC_JUDG_CJ_1985_0315_19871217,1987-07-07
DOC_JUDG_CJ_1985_0315_19871217,1987-02-19
DOC_JUDG_CJ_1985_0319_19880419,1988-01-19
DOC_JUDG_CJ_1985_0319_19880419,1987-09-24
DOC_JUDG_CJ_1985_0320_19861008,1986-06-12
DOC_JUDG_CJ_1985_0320_19861008,1986-06-25
DOC_JUDG_CJ_1985_0321_19861023,1986-05-28
DOC_JUDG_CJ_1985_0321_19861023,1986-07-02
DOC_JUDG_CJ_1985_0322_19861023,1986-07-02
DOC_JUDG_CJ_1985_0322_19861023,1986-05-28
DOC_JUDG_CJ_1985_0324_19870204,1986-11-13
DOC_JUDG_CJ_1985_0324_19870204,1986-12-10
DOC_JUDG_CJ_1985_0325_19871215,1987-05-05
DOC_JUDG_CJ_1985_0325_19871215,1987-09-16
DOC_JUDG_CJ_1985_0326_19871215,1987-09-16
DOC_JUDG_CJ_1985_0326_19871215,1987-05-05
DOC_JUDG_CJ_1985_0327_19880225,1987-10-20
DOC_JUDG_CJ_1985_0327_19880225,1987-12-17
DOC_JUDG_CJ_1985_0328_19871215,1987-04-07
DOC_JUDG_CJ_1985_0328_19871215,1987-02-12
DOC_JUDG_CJ_1985_0329_19870709,1987-05-12
DOC_JUDG_CJ_1985_0330_19861113,1986-06-25
DOC_JUDG_CJ_1985_0330_19861113,1986-10-08
DOC_JUDG_CJ_1985_0331_19880225,1987-06-25
DOC_JUDG_CJ_1985_0331_19880225,1987-09-29
DOC_JUDG_CJ_1985_0332_19871215,1987-09-16
DOC_JUDG_CJ_1985_0332_19871215,1987-05-05
DOC_JUDG_CJ_1985_0333_19870317,1987-01-21
DOC_JUDG_CJ_1985_0333_19870317,1986-10-21
DOC_JUDG_CJ_1985_0336_19871215,1987-09-16
DOC_JUDG_CJ_1985_0336_19871215,1987-05-05
DOC_JUDG_CJ_1985_0337_19871022,1986-12-03
DOC_JUDG_CJ_1985_0337_19871022,1987-02-26
DOC_JUDG_CJ_1985_0338_19880421,1987-11-18
DOC_JUDG_CJ_1985_0338_19880421,1987-10-07
DOC_JUDG_CJ_1985_0339_19880308,1987-10-06
DOC_JUDG_CJ_1985_0339_19880308,1986-11-26
DOC_JUDG_CJ_1985_0340_19870924,1987-05-12
DOC_JUDG_CJ_1985_0340_19870924,1987-06-18
DOC_JUDG_CJ_1985_0341_19890228,1989-01-24
DOC_JUDG_CJ_1985_0341_19890228,1988-11-30
DOC_JUDG_CJ_1985_0342_19871125,1987-05-20
DOC_JUDG_CJ_1985_0342_19871125,1987-09-17
DOC_JUDG_CJ_1985_0343_19871125,1987-05-20
DOC_JUDG_CJ_1985_0343_19871125,1987-09-17
DOC_JUDG_CJ_1985_0344_19871112,1987-09-24
DOC_JUDG_CJ_1985_0344_19871112,1987-05-12
DOC_JUDG_CJ_1985_0347_19880324,1987-07-09
DOC_JUDG_CJ_1985_0347_19880324,1987-10-01
DOC_JUDG_CJ_1985_0348_19871215,1987-09-16
DOC_JUDG_CJ_1985_0348_19871215,1987-05-05
DOC_JUDG_CJ_1985_0349_19880127,1987-06-17
DOC_JUDG_CJ_1985_0349_19880127,1987-11-12
DOC_JUDG_CJ_1985_0350_19870224,1986-10-22
DOC_JUDG_CJ_1985_0350_19870224,1986-12-10
DOC_JUDG_CJ_1985_0352_19880426,1987-09-17
DOC_JUDG_CJ_1985_0352_19880426,1988-01-14
DOC_JUDG_CJ_1985_0353_19880223,1987-04-08
DOC_JUDG_CJ_1985_0353_19880223,1987-07-07
DOC_JUDG_CJ_1985_0355_19861023,1986-06-26
DOC_JUDG_CJ_1985_0356_19870709,1987-02-26
DOC_JUDG_CJ_1985_0356_19870709,1986-12-17
DOC_JUDG_CJ_1985_0358_19880922,1988-06-21
DOC_JUDG_CJ_1985_0358_19880922,1988-01-14
DOC_JUDG_CJ_1985_0361_19870129,1987-01-14
DOC_JUDG_CJ_1985_0363_19870409,1987-02-19
DOC_JUDG_CJ_1985_0363_19870409,1987-01-14
DOC_JUDG_CJ_1985_0364_19870129,1986-11-19
DOC_JUDG_CJ_1985_0365_19870115,1986-10-01
DOC_JUDG_CJ_1985_0372_19870512,1987-02-05
DOC_JUDG_CJ_1985_0372_19870512,1986-10-23
DOC_JUDG_CJ_1985_0375_19870604,1987-04-01
DOC_JUDG_CJ_1985_0375_19870604,1987-02-03
DOC_JUDG_CJ_1985_0377_19870709,1987-02-03
DOC_JUDG_CJ_1985_0377_19870709,1986-11-26
DOC_JUDG_CJ_1985_0379_19870224,1986-10-08
DOC_JUDG_CJ_1985_0379_19870224,1987-01-21
DOC_JUDG_CJ_1985_0383_19891003,1987-07-07
DOC_JUDG_CJ_1985_0383_19891003,1989-09-20
DOC_JUDG_CJ_1985_0386_19870310,1987-01-15
DOC_JUDG_CJ_1985_0390_19870212,1987-01-15
DOC_JUDG_CJ_1985_0391_19880204,1987-09-30
DOC_JUDG_CJ_1985_0391_19880204,1987-10-22
DOC_JUDG_CJ_1985_0392_19871027,1987-01-22
DOC_JUDG_CJ_1985_0392_19871027,1987-06-04
DOC_JUDG_CJ_1985_0394_19870617,1987-02-24
DOC_JUDG_CJ_1985_0401_19871007,1986-12-10
DOC_JUDG_CJ_1985_0401_19871007,1987-03-18
DOC_JUDG_CJ_1985_0402_19870409,1986-12-17
DOC_JUDG_CJ_1985_0402_19870409,1987-02-24
DOC_JUDG_CJ_1985_0407_19880714,1987-11-12
DOC_JUDG_CJ_1985_0407_19880714,1988-04-26
DOC_JUDG_CJ_1985_0412_19870917,1987-02-19
DOC_JUDG_CJ_1985_0412_19870917,1987-05-19
DOC_JUDG_CJ_1985_0415_19880621,1987-12-02
DOC_JUDG_CJ_1985_0415_19880621,1987-09-15
DOC_JUDG_CJ_1985_0416_19880621,1987-12-02
DOC_JUDG_CJ_1985_0416_19880621,1987-09-15
DOC_JUDG_CJ_1985_0417_19870204,1986-10-23
DOC_JUDG_CJ_1985_0417_19870204,1986-12-11
DOC_JUDG_CJ_1985_0419_19870507,1987-02-19
DOC_JUDG_CJ_1985_0419_19870507,1987-01-29
DOC_JUDG_CJ_1985_0420_19870707,1987-02-25
DOC_JUDG_CJ_1985_0420_19870707,1987-03-31
DOC_JUDG_CJ_1985_0426_19861218,1986-11-13
DOC_JUDG_CJ_1985_0427_19880225,1987-07-08
DOC_JUDG_CJ_1985_0427_19880225,1987-12-03
DOC_JUDG_CJ_1985_0432_19870520,1986-12-11
DOC_JUDG_CJ_1985_0432_19870520,1987-02-24
DOC_JUDG_CJ_1986_0003_19880628,1988-01-13
DOC_JUDG_CJ_1986_0003_19880628,1988-02-24
DOC_JUDG_CJ_1986_0005_19870409,1987-02-26
DOC_JUDG_CJ_1986_0007_19870610,1987-02-05
DOC_JUDG_CJ_1986_0007_19870610,1987-04-01
DOC_JUDG_CJ_1986_0009_19870312,1987-01-29
DOC_JUDG_CJ_1986_0010_19861218,1986-11-04
DOC_JUDG_CJ_1986_0021_19870217,1986-12-10
DOC_JUDG_CJ_1986_0021_19870217,1987-01-22
DOC_JUDG_CJ_1986_0022_19870312,1987-01-22
DOC_JUDG_CJ_1986_0026_19870224,1986-11-25
DOC_JUDG_CJ_1986_0026_19870224,1986-12-10
DOC_JUDG_CJ_1986_0027_19870709,1987-05-13
DOC_JUDG_CJ_1986_0027_19870709,1987-06-11
DOC_JUDG_CJ_1986_0031_19880428,1987-12-01
DOC_JUDG_CJ_1986_0031_19880428,1987-10-20
DOC_JUDG_CJ_1986_0032_19870407,1987-01-21
DOC_JUDG_CJ_1986_0032_19870407,1987-02-05
DOC_JUDG_CJ_1986_0033_19880714,1987-12-01
DOC_JUDG_CJ_1986_0033_19880714,1987-10-22
DOC_JUDG_CJ_1986_0036_19880202,1987-05-19
DOC_JUDG_CJ_1986_0036_19880202,1987-07-07
DOC_JUDG_CJ_1986_0037_19870924,1987-06-10
DOC_JUDG_CJ_1986_0037_19870924,1987-03-18
DOC_JUDG_CJ_1986_0038_19870407,1987-03-18
DOC_JUDG_CJ_1986_0039_19880621,1987-05-21
DOC_JUDG_CJ_1986_0039_19880621,1987-09-17
DOC_JUDG_CJ_1986_0040_19870616,1987-02-04
DOC_JUDG_CJ_1986_0040_19870616,1987-04-02
DOC_JUDG_CJ_1986_0043_19870924,1987-05-07
DOC_JUDG_CJ_1986_0045_19870326,1986-12-02
DOC_JUDG_CJ_1986_0045_19870326,1987-01-29
DOC_JUDG_CJ_1986_0046_19870616,1987-03-12
DOC_JUDG_CJ_1986_0049_19870707,1987-04-07
DOC_JUDG_CJ_1986_0050_19871208,1987-09-24
DOC_JUDG_CJ_1986_0050_19871208,1987-10-27
DOC_JUDG_CJ_1986_0052_19870225,1986-12-11
DOC_JUDG_CJ_1986_0052_19870225,1987-02-05
DOC_JUDG_CJ_1986_0053_19870616,1987-05-12
DOC_JUDG_CJ_1986_0054_19870616,1987-05-13
DOC_JUDG_CJ_1986_0054_19870616,1987-03-19
DOC_JUDG_CJ_1986_0055_19880114,1987-10-06
DOC_JUDG_CJ_1986_0055_19880114,1987-10-28
DOC_JUDG_CJ_1986_0060_19880712,1987-10-15
DOC_JUDG_CJ_1986_0060_19880712,1988-02-23
DOC_JUDG_CJ_1986_0061_19880202,1987-06-03
DOC_JUDG_CJ_1986_0061_19880202,1987-10-21
DOC_JUDG_CJ_1986_0062_19910703,1988-11-29
DOC_JUDG_CJ_1986_0062_19910703,1989-04-19
DOC_JUDG_CJ_1986_0063_19880114,1987-06-04
DOC_JUDG_CJ_1986_0063_19880114,1987-10-22
DOC_JUDG_CJ_1986_0064_19880308,1987-11-17
DOC_JUDG_CJ_1986_0064_19880308,1987-10-06
DOC_JUDG_CJ_1986_0065_19880927,1987-05-07
DOC_JUDG_CJ_1986_0065_19880927,1987-07-07
DOC_JUDG_CJ_1986_0066_19890411,1989-01-17
DOC_JUDG_CJ_1986_0066_19890411,1987-05-06
DOC_JUDG_CJ_1986_0066_19890411,1988-04-28
DOC_JUDG_CJ_1986_0066_19890411,1988-11-15
DOC_JUDG_CJ_1986_0066_19890411,1988-03-17
DOC_JUDG_CJ_1986_0068_19880223,1987-10-14
DOC_JUDG_CJ_1986_0068_19880223,1987-06-24
DOC_JUDG_CJ_1986_0069_19870212,1987-01-14
DOC_JUDG_CJ_1986_0070_19870917,1987-03-10
DOC_JUDG_CJ_1986_0070_19870917,1987-06-02
DOC_JUDG_CJ_1986_0076_19890511,1989-02-22
DOC_JUDG_CJ_1986_0076_19890511,1989-02-28
DOC_JUDG_CJ_1986_0077_19880211,1987-05-12
DOC_JUDG_CJ_1986_0077_19880211,1987-06-30
DOC_JUDG_CJ_1986_0079_19870521,1987-01-22
DOC_JUDG_CJ_1986_0080_19871008,1987-03-17
DOC_JUDG_CJ_1986_0080_19871008,1987-02-03
DOC_JUDG_CJ_1986_0081_19870929,1987-06-11
DOC_JUDG_CJ_1986_0081_19870929,1987-02-03
DOC_JUDG_CJ_1986_0082_19870709,1987-03-19
DOC_JUDG_CJ_1986_0082_19870709,1987-06-04
DOC_JUDG_CJ_1986_0085_19880303,1987-11-24
DOC_JUDG_CJ_1986_0085_19880303,1987-06-18
DOC_JUDG_CJ_1986_0088_19871217,1987-04-07
DOC_JUDG_CJ_1986_0088_19871217,1987-06-04
DOC_JUDG_CJ_1986_0089_19870707,1987-01-20
DOC_JUDG_CJ_1986_0089_19870707,1987-03-17
DOC_JUDG_CJ_1986_0090_19880714,1988-04-26
DOC_JUDG_CJ_1986_0090_19880714,1987-11-12
DOC_JUDG_CJ_1986_0094_19870702,1987-02-05
DOC_JUDG_CJ_1986_0094_19870702,1987-03-19
DOC_JUDG_CJ_1986_0097_19880426,1987-11-11
DOC_JUDG_CJ_1986_0097_19880426,1988-02-02
DOC_JUDG_CJ_1986_0098_19870218,1986-11-12
DOC_JUDG_CJ_1986_0100_19870709,1987-05-14
DOC_JUDG_CJ_1986_0100_19870709,1987-05-13
DOC_JUDG_CJ_1986_0102_19880308,1987-10-28
DOC_JUDG_CJ_1986_0102_19880308,1987-06-11
DOC_JUDG_CJ_1986_0104_19880324,1987-06-25
DOC_JUDG_CJ_1986_0104_19880324,1987-09-29
DOC_JUDG_CJ_1986_0109_19871027,1987-06-10
DOC_JUDG_CJ_1986_0111_19871216,1987-10-08
DOC_JUDG_CJ_1986_0111_19871216,1987-11-19
DOC_JUDG_CJ_1986_0112_19871112,1987-05-19
DOC_JUDG_CJ_1986_0112_19871112,1987-07-07
DOC_JUDG_CJ_1986_0113_19880204,1987-11-10
DOC_JUDG_CJ_1986_0113_19880204,1987-06-16
DOC_JUDG_CJ_1986_0114_19880927,1988-06-30
DOC_JUDG_CJ_1986_0114_19880927,1988-05-26
DOC_JUDG_CJ_1986_0116_19880303,1987-07-08
DOC_JUDG_CJ_1986_0116_19880303,1987-10-01
DOC_JUDG_CJ_1986_0119_19871020,1987-06-16
DOC_JUDG_CJ_1986_0119_19871020,1987-04-09
DOC_JUDG_CJ_1986_0121_19891128,1989-07-11
DOC_JUDG_CJ_1986_0121_19891128,1989-05-16
DOC_JUDG_CJ_1986_0124_19871124,1987-04-01
DOC_JUDG_CJ_1986_0125_19871124,1987-04-01
DOC_JUDG_CJ_1986_0126_19870929,1987-06-11
DOC_JUDG_CJ_1986_0128_19871020,1987-06-16
DOC_JUDG_CJ_1986_0128_19871020,1987-04-09
DOC_JUDG_CJ_1986_0131_19880223,1987-10-14
DOC_JUDG_CJ_1986_0131_19880223,1987-06-24
DOC_JUDG_CJ_1986_0134_19870604,1987-03-25
DOC_JUDG_CJ_1986_0138_19880712,1987-10-14
DOC_JUDG_CJ_1986_0138_19880712,1988-01-27
DOC_JUDG_CJ_1986_0140_19871007,1987-03-19
DOC_JUDG_CJ_1986_0140_19871007,1987-07-02
DOC_JUDG_CJ_1986_0143_19880204,1987-11-24
DOC_JUDG_CJ_1986_0144_19871208,1987-06-11
DOC_JUDG_CJ_1986_0144_19871208,1987-03-19
DOC_JUDG_CJ_1986_0147_19880315,1988-01-13
DOC_JUDG_CJ_1986_0147_19880315,1987-11-26
DOC_JUDG_CJ_1986_0149_19880419,1987-10-06
DOC_JUDG_CJ_1986_0149_19880419,1987-11-17
DOC_JUDG_CJ_1986_0151_19871210,1987-09-24
DOC_JUDG_CJ_1986_0151_19871210,1987-10-28
DOC_JUDG_CJ_1986_0157_19880204,1987-11-10
DOC_JUDG_CJ_1986_0158_19880517,1988-01-26
DOC_JUDG_CJ_1986_0158_19880517,1987-10-01
DOC_JUDG_CJ_1986_0159_19880922,1988-04-20
DOC_JUDG_CJ_1986_0159_19880922,1988-05-31
DOC_JUDG_CJ_1986_0165_19880308,1987-10-08
DOC_JUDG_CJ_1986_0166_19881215,1988-10-18
DOC_JUDG_CJ_1986_0167_19880531,1987-12-08
DOC_JUDG_CJ_1986_0167_19880531,1987-10-27
DOC_JUDG_CJ_1986_0170_19880428,1987-09-29
DOC_JUDG_CJ_1986_0170_19880428,1988-01-13
DOC_JUDG_CJ_1986_0176_19871027,1987-07-01
DOC_JUDG_CJ_1986_0176_19871027,1987-05-14
DOC_JUDG_CJ_1986_0178_19871216,1987-07-02
DOC_JUDG_CJ_1986_0178_19871216,1987-10-07
DOC_JUDG_CJ_1986_0181_19871210,1987-10-28
DOC_JUDG_CJ_1986_0181_19871210,1987-09-24
DOC_JUDG_CJ_1986_0198_19871112,1987-05-13
DOC_JUDG_CJ_1986_0198_19871112,1987-07-02
DOC_JUDG_CJ_1986_0204_19880927,1988-03-16
DOC_JUDG_CJ_1986_0204_19880927,1988-05-25
DOC_JUDG_CJ_1986_0207_19880426,1987-12-09
DOC_JUDG_CJ_1986_0207_19880426,1988-02-10
DOC_JUDG_CJ_1986_0216_19870701,1987-05-14
DOC_JUDG_CJ_1986_0216_19870701,1987-03-18
DOC_JUDG_CJ_1986_0218_19871209,1987-10-28
DOC_JUDG_CJ_1986_0218_19871209,1987-06-11
DOC_JUDG_CJ_1986_0225_19880427,1987-10-21
DOC_JUDG_CJ_1986_0232_19871210,1987-10-08
DOC_JUDG_CJ_1986_0232_19871210,1987-06-09
DOC_JUDG_CJ_1986_0237_19871215,1987-09-16
DOC_JUDG_CJ_1986_0237_19871215,1987-05-05
DOC_JUDG_CJ_1986_0238_19880225,1987-10-20
DOC_JUDG_CJ_1986_0238_19880225,1987-12-17
DOC_JUDG_CJ_1986_0239_19871215,1987-09-16
DOC_JUDG_CJ_1986_0239_19871215,1987-05-05
DOC_JUDG_CJ_1986_0240_19880324,1987-12-01
DOC_JUDG_CJ_1986_0240_19880324,1988-01-13
DOC_JUDG_CJ_1986_0241_19870611,1987-03-17
DOC_JUDG_CJ_1986_0246_19890711,1989-02-28
DOC_JUDG_CJ_1986_0246_19890711,1989-02-14
DOC_JUDG_CJ_1986_0246_19890711,1988-05-05
DOC_JUDG_CJ_1986_0246_19890711,1988-04-21
DOC_JUDG_CJ_1986_0247_19881005,1987-11-17
DOC_JUDG_CJ_1986_0247_19881005,1988-05-31
DOC_JUDG_CJ_1986_0249_19890518,1989-01-17
DOC_JUDG_CJ_1986_0249_19890518,1988-11-24
DOC_JUDG_CJ_1986_0252_19880303,1987-12-15
DOC_JUDG_CJ_1986_0253_19880531,1988-02-11
DOC_JUDG_CJ_1986_0253_19880531,1988-01-21
DOC_JUDG_CJ_1986_0254_19871028,1987-07-02
DOC_JUDG_CJ_1986_0255_19880204,1987-12-03
DOC_JUDG_CJ_1986_0255_19880204,1987-10-21
DOC_JUDG_CJ_1986_0260_19880224,1988-01-26
DOC_JUDG_CJ_1986_0260_19880224,1987-12-03
DOC_JUDG_CJ_1986_0263_19880927,1988-03-15
DOC_JUDG_CJ_1986_0264_19880224,1988-01-14
DOC_JUDG_CJ_1986_0264_19880224,1987-12-02
DOC_JUDG_CJ_1986_0268_19880504,1988-02-09
DOC_JUDG_CJ_1986_0268_19880504,1987-12-08
DOC_JUDG_CJ_1986_0269_19880705,1988-04-21
DOC_JUDG_CJ_1986_0272_19880922,1988-02-23
DOC_JUDG_CJ_1986_0272_19880922,1988-04-28
DOC_JUDG_CJ_1986_0283_19880621,1988-02-25
DOC_JUDG_CJ_1986_0286_19880922,1988-03-17
DOC_JUDG_CJ_1986_0287_19871217,1987-10-28
DOC_JUDG_CJ_1986_0292_19880119,1987-09-23
DOC_JUDG_CJ_1986_0292_19880119,1987-11-18
DOC_JUDG_CJ_1986_0294_19881005,1988-06-01
DOC_JUDG_CJ_1986_0294_19881005,1988-07-06
DOC_JUDG_CJ_1986_0296_19880308,1987-12-08
DOC_JUDG_CJ_1986_0296_19880308,1988-01-19
DOC_JUDG_CJ_1986_0297_19880630,1988-02-25
DOC_JUDG_CJ_1986_0297_19880630,1988-03-24
DOC_JUDG_CJ_1986_0298_19880714,1988-03-01
DOC_JUDG_CJ_1986_0298_19880714,1988-05-19
DOC_JUDG_CJ_1986_0299_19880225,1987-12-08
DOC_JUDG_CJ_1986_0299_19880225,1987-10-27
DOC_JUDG_CJ_1986_0305_19900711,1989-06-13
DOC_JUDG_CJ_1986_0305_19900711,1989-11-08
DOC_JUDG_CJ_1986_0307_19880524,1988-03-17
DOC_JUDG_CJ_1986_0309_19880302,1987-12-15
DOC_JUDG_CJ_1986_0312_19881025,1988-06-22
DOC_JUDG_CJ_1986_0312_19881025,1988-09-21
DOC_JUDG_CJ_1986_0313_19880927,1988-01-13
DOC_JUDG_CJ_1986_0313_19880927,1988-05-25
DOC_JUDG_CJ_1986_0314_19881005,1988-04-20
DOC_JUDG_CJ_1986_0314_19881005,1988-05-31
DOC_JUDG_CJ_1986_0318_19880630,1988-03-23
DOC_JUDG_CJ_1986_0318_19880630,1988-05-24
DOC_JUDG_CJ_1986_0321_19880308,1987-10-27
DOC_JUDG_CJ_1986_0321_19880308,1987-12-10
DOC_JUDG_CJ_1986_0322_19880712,1988-02-24
DOC_JUDG_CJ_1986_0322_19880712,1988-03-15
DOC_JUDG_CJ_1986_0324_19880210,1987-12-09
DOC_JUDG_CJ_1986_0324_19880210,1987-10-28
DOC_JUDG_CJ_1986_0326_19890704,1989-05-25
DOC_JUDG_CJ_1986_0326_19890704,1989-04-19
DOC_JUDG_CJ_1987_0001_19880209,1988-01-21
DOC_JUDG_CJ_1987_0001_19880209,1987-11-18
DOC_JUDG_CJ_1987_0002_19880119,1987-10-27
DOC_JUDG_CJ_1987_0002_19880119,1987-10-06
DOC_JUDG_CJ_1987_0007_19880628,1988-04-28
DOC_JUDG_CJ_1987_0007_19880628,1988-01-26
DOC_JUDG_CJ_1987_0010_19880621,1988-02-04
DOC_JUDG_CJ_1987_0012_19880614,1988-03-09
DOC_JUDG_CJ_1987_0012_19880614,1988-02-09
DOC_JUDG_CJ_1987_0018_19880927,1988-06-21
DOC_JUDG_CJ_1987_0018_19880927,1988-03-23
DOC_JUDG_CJ_1987_0019_19880323,1988-03-08
DOC_JUDG_CJ_1987_0019_19880323,1988-02-09
DOC_JUDG_CJ_1987_0021_19880705,1988-02-11
DOC_JUDG_CJ_1987_0022_19890202,1988-10-11
DOC_JUDG_CJ_1987_0022_19890202,1988-11-15
DOC_JUDG_CJ_1987_0027_19880419,1987-12-09
DOC_JUDG_CJ_1987_0028_19880517,1988-04-20
DOC_JUDG_CJ_1987_0028_19880517,1988-02-09
DOC_JUDG_CJ_1987_0029_19880614,1987-12-09
DOC_JUDG_CJ_1987_0029_19880614,1988-03-08
DOC_JUDG_CJ_1987_0030_19880504,1987-12-09
DOC_JUDG_CJ_1987_0031_19880920,1988-03-08
DOC_JUDG_CJ_1987_0031_19880920,1988-05-04
DOC_JUDG_CJ_1987_0032_19880621,1988-02-03
DOC_JUDG_CJ_1987_0032_19880621,1988-03-02
DOC_JUDG_CJ_1987_0033_19880614,1988-05-31
DOC_JUDG_CJ_1987_0033_19880614,1988-05-03
DOC_JUDG_CJ_1987_0035_19880630,1988-03-01
DOC_JUDG_CJ_1987_0035_19880630,1988-04-28
DOC_JUDG_CJ_1987_0037_19880419,1988-03-09
DOC_JUDG_CJ_1987_0037_19880419,1987-12-08
DOC_JUDG_CJ_1987_0038_19880714,1988-03-24
DOC_JUDG_CJ_1987_0038_19880714,1988-03-02
DOC_JUDG_CJ_1987_0042_19880927,1988-05-24
DOC_JUDG_CJ_1987_0042_19880927,1988-06-28
DOC_JUDG_CJ_1987_0043_19880308,1988-01-21
DOC_JUDG_CJ_1987_0045_19880922,1988-06-21
DOC_JUDG_CJ_1987_0046_19890921,1989-02-21
DOC_JUDG_CJ_1987_0047_19880614,1987-11-17
DOC_JUDG_CJ_1987_0047_19880614,1988-03-09
DOC_JUDG_CJ_1987_0050_19880921,1988-03-03
DOC_JUDG_CJ_1987_0050_19880921,1988-05-25
DOC_JUDG_CJ_1987_0053_19881005,1988-05-18
DOC_JUDG_CJ_1987_0053_19881005,1988-06-21
DOC_JUDG_CJ_1987_0054_19890222,1988-11-17
DOC_JUDG_CJ_1987_0054_19890222,1988-12-13
DOC_JUDG_CJ_1987_0055_19880707,1988-06-01
DOC_JUDG_CJ_1987_0055_19880707,1988-03-09
DOC_JUDG_CJ_1987_0056_19880609,1988-03-16
DOC_JUDG_CJ_1987_0061_19880428,1988-03-08
DOC_JUDG_CJ_1987_0062_19880308,1987-12-08
DOC_JUDG_CJ_1987_0062_19880308,1988-01-19
DOC_JUDG_CJ_1987_0064_19880419,1987-11-17
DOC_JUDG_CJ_1987_0069_19880922,1988-04-19
DOC_JUDG_CJ_1987_0069_19880922,1988-06-01
DOC_JUDG_CJ_1987_0070_19890622,1989-03-07
DOC_JUDG_CJ_1987_0070_19890622,1988-11-23
DOC_JUDG_CJ_1987_0074_19880531,1988-03-09
DOC_JUDG_CJ_1987_0076_19880428,1988-04-19
DOC_JUDG_CJ_1987_0079_19880223,1987-11-18
DOC_JUDG_CJ_1987_0079_19880223,1988-01-19
DOC_JUDG_CJ_1987_0081_19880927,1988-03-22
DOC_JUDG_CJ_1987_0081_19880927,1988-06-07
DOC_JUDG_CJ_1987_0084_19880517,1988-03-08
DOC_JUDG_CJ_1987_0085_19891017,1988-12-08
DOC_JUDG_CJ_1987_0085_19891017,1989-02-21
DOC_JUDG_CJ_1987_0092_19890222,1988-10-13
DOC_JUDG_CJ_1987_0092_19890222,1988-12-06
DOC_JUDG_CJ_1987_0094_19890202,1988-11-29
DOC_JUDG_CJ_1987_0094_19890202,1988-10-25
DOC_JUDG_CJ_1987_0097_19891017,1988-12-08
DOC_JUDG_CJ_1987_0097_19891017,1989-02-21
DOC_JUDG_CJ_1987_0100_19890228,1988-12-01
DOC_JUDG_CJ_1987_0100_19890228,1989-01-20
DOC_JUDG_CJ_1987_0101_19880615,1988-05-04
DOC_JUDG_CJ_1987_0101_19880615,1988-03-09
DOC_JUDG_CJ_1987_0102_19880713,1988-06-07
DOC_JUDG_CJ_1987_0102_19880713,1988-04-27
DOC_JUDG_CJ_1987_0105_19880323,1988-01-20
DOC_JUDG_CJ_1987_0106_19880927,1988-07-05
DOC_JUDG_CJ_1987_0106_19880927,1988-05-31
DOC_JUDG_CJ_1987_0123_19880714,1988-03-08
DOC_JUDG_CJ_1987_0124_19880629,1988-04-20
DOC_JUDG_CJ_1987_0124_19880629,1988-05-04
DOC_JUDG_CJ_1987_0125_19880308,1987-12-08
DOC_JUDG_CJ_1987_0125_19880308,1987-11-19
DOC_JUDG_CJ_1987_0125_19891026,1989-09-26
DOC_JUDG_CJ_1987_0125_19891026,1989-06-28
DOC_JUDG_CJ_1987_0126_19890310,1989-02-14
DOC_JUDG_CJ_1987_0126_19890310,1989-02-28
DOC_JUDG_CJ_1987_0127_19880621,1988-03-02
DOC_JUDG_CJ_1987_0127_19880621,1988-03-24
DOC_JUDG_CJ_1987_0128_19890117,1988-11-17
DOC_JUDG_CJ_1987_0128_19890117,1988-10-25
DOC_JUDG_CJ_1987_0129_19881005,1988-05-03
DOC_JUDG_CJ_1987_0129_19881005,1988-07-05
DOC_JUDG_CJ_1987_0130_19890418,1989-01-24
DOC_JUDG_CJ_1987_0130_19890418,1988-07-05
DOC_JUDG_CJ_1987_0130_19890418,1988-12-15
DOC_JUDG_CJ_1987_0130_19890418,1988-05-03
DOC_JUDG_CJ_1987_0131_19891116,1989-07-12
DOC_JUDG_CJ_1987_0131_19891116,1989-06-20
DOC_JUDG_CJ_1987_0133_19900314,1989-07-05
DOC_JUDG_CJ_1987_0133_19900314,1989-05-18
DOC_JUDG_CJ_1987_0135_19880608,1988-04-20
DOC_JUDG_CJ_1987_0135_19880608,1988-05-04
DOC_JUDG_CJ_1987_0141_19890425,1989-01-31
DOC_JUDG_CJ_1987_0141_19890425,1988-11-22
DOC_JUDG_CJ_1987_0142_19900321,1989-05-11
DOC_JUDG_CJ_1987_0142_19900321,1989-09-19
DOC_JUDG_CJ_1987_0143_19880707,1988-06-15
DOC_JUDG_CJ_1987_0143_19880707,1988-03-08
DOC_JUDG_CJ_1987_0147_19871217,1987-12-09
DOC_JUDG_CJ_1987_0148_19880922,1988-06-15
DOC_JUDG_CJ_1987_0148_19880922,1988-05-04
DOC_JUDG_CJ_1987_0154_19880707,1988-06-15
DOC_JUDG_CJ_1987_0154_19880707,1988-03-08
DOC_JUDG_CJ_1987_0156_19900314,1989-05-18
DOC_JUDG_CJ_1987_0156_19900314,1989-07-05
DOC_JUDG_CJ_1987_0158_19880706,1988-04-19
DOC_JUDG_CJ_1987_0158_19880706,1988-02-11
DOC_JUDG_CJ_1987_0161_19880614,1988-03-08
DOC_JUDG_CJ_1987_0161_19880614,1988-02-09
DOC_JUDG_CJ_1987_0165_19880927,1988-05-19
DOC_JUDG_CJ_1987_0165_19880927,1988-06-29
DOC_JUDG_CJ_1987_0171_19920310,1990-10-03
DOC_JUDG_CJ_1987_0171_19920310,1990-12-13
DOC_JUDG_CJ_1987_0172_19920310,1990-12-13
DOC_JUDG_CJ_1987_0172_19920310,1990-10-03
DOC_JUDG_CJ_1987_0174_19920310,1990-12-13
DOC_JUDG_CJ_1987_0174_19920310,1990-10-03
DOC_JUDG_CJ_1987_0175_19920310,1990-12-13
DOC_JUDG_CJ_1987_0175_19920310,1990-10-03
DOC_JUDG_CJ_1987_0176_19920310,1990-12-13
DOC_JUDG_CJ_1987_0176_19920310,1990-10-03
DOC_JUDG_CJ_1987_0177_19920310,1990-12-13
DOC_JUDG_CJ_1987_0177_19920310,1990-10-03
DOC_JUDG_CJ_1987_0178_19920310,1990-10-03
DOC_JUDG_CJ_1987_0178_19920310,1990-12-13
DOC_JUDG_CJ_1987_0179_19920310,1990-10-03
DOC_JUDG_CJ_1987_0179_19920310,1990-12-13
DOC_JUDG_CJ_1987_0180_19881005,1988-04-19
DOC_JUDG_CJ_1987_0180_19881005,1988-07-06
DOC_JUDG_CJ_1987_0181_19880706,1988-05-05
DOC_JUDG_CJ_1987_0181_19880706,1988-04-19
DOC_JUDG_CJ_1987_0187_19880922,1988-06-08
DOC_JUDG_CJ_1987_0187_19880922,1988-04-26
DOC_JUDG_CJ_1987_0193_19890511,1989-04-12
DOC_JUDG_CJ_1987_0193_19890511,1989-03-08
DOC_JUDG_CJ_1987_0193_19900118,1989-12-05
DOC_JUDG_CJ_1987_0193_19900118,1989-10-17
DOC_JUDG_CJ_1987_0195_19890711,1989-03-01
DOC_JUDG_CJ_1987_0195_19890711,1989-04-20
DOC_JUDG_CJ_1987_0196_19881005,1988-07-05
DOC_JUDG_CJ_1987_0200_19890627,1989-03-01
DOC_JUDG_CJ_1987_0200_19890627,1988-12-01
DOC_JUDG_CJ_1987_0204_19880420,1988-03-09
DOC_JUDG_CJ_1987_0206_19890214,1988-12-14
DOC_JUDG_CJ_1987_0206_19890214,1988-11-30
DOC_JUDG_CJ_1987_0207_19880714,1988-06-14
DOC_JUDG_CJ_1987_0211_19880531,1988-04-20
DOC_JUDG_CJ_1987_0212_19880922,1988-06-29
DOC_JUDG_CJ_1987_0212_19880922,1988-05-03
DOC_JUDG_CJ_1987_0215_19890307,1989-01-26
DOC_JUDG_CJ_1987_0216_19891214,1988-10-26
DOC_JUDG_CJ_1987_0216_19891214,1988-11-18
DOC_JUDG_CJ_1987_0219_19890614,1989-04-28
DOC_JUDG_CJ_1987_0219_19890614,1989-03-01
DOC_JUDG_CJ_1987_0224_19890126,1988-10-19
DOC_JUDG_CJ_1987_0224_19890126,1988-11-30
DOC_JUDG_CJ_1987_0225_19890712,1989-02-28
DOC_JUDG_CJ_1987_0225_19890712,1989-04-18
DOC_JUDG_CJ_1987_0226_19880630,1988-05-24
DOC_JUDG_CJ_1987_0229_19881115,1988-07-14
DOC_JUDG_CJ_1987_0229_19881115,1988-06-22
DOC_JUDG_CJ_1987_0230_19881123,1988-07-14
DOC_JUDG_CJ_1987_0230_19881123,1988-06-21
DOC_JUDG_CJ_1987_0231_19891017,1989-02-01
DOC_JUDG_CJ_1987_0231_19891017,1989-03-15
DOC_JUDG_CJ_1987_0236_19880922,1988-06-15
DOC_JUDG_CJ_1987_0236_19880922,1988-05-04
DOC_JUDG_CJ_1987_0242_19890530,1989-02-22
DOC_JUDG_CJ_1987_0242_19890530,1989-01-10
DOC_JUDG_CJ_1987_0246_19890512,1989-01-24
DOC_JUDG_CJ_1987_0246_19890512,1989-02-16
DOC_JUDG_CJ_1987_0247_19890214,1988-11-30
DOC_JUDG_CJ_1987_0247_19890214,1988-12-14
DOC_JUDG_CJ_1987_0248_19880323,1988-02-10
DOC_JUDG_CJ_1987_0249_19891206,1989-10-17
DOC_JUDG_CJ_1987_0249_19891206,1989-07-04
DOC_JUDG_CJ_1987_0253_19880621,1988-05-04
DOC_JUDG_CJ_1987_0258_19891019,1989-07-07
DOC_JUDG_CJ_1987_0258_19891019,1989-05-30
DOC_JUDG_CJ_1987_0263_19890511,1989-01-11
DOC_JUDG_CJ_1987_0263_19890511,1989-02-22
DOC_JUDG_CJ_1987_0265_19890711,1989-04-20
DOC_JUDG_CJ_1987_0265_19890711,1989-03-01
DOC_JUDG_CJ_1987_0268_19880922,1988-06-15
DOC_JUDG_CJ_1987_0270_19890628,1989-02-16
DOC_JUDG_CJ_1987_0270_19890628,1989-01-26
DOC_JUDG_CJ_1987_0274_19890202,1988-11-29
DOC_JUDG_CJ_1987_0274_19890202,1988-11-16
DOC_JUDG_CJ_1987_0280_19881214,1988-10-20
DOC_JUDG_CJ_1987_0280_19881214,1988-10-27
DOC_JUDG_CJ_1987_0281_19891129,1989-06-06
DOC_JUDG_CJ_1987_0281_19891129,1989-07-06
DOC_JUDG_CJ_1987_0290_19891005,1989-06-07
DOC_JUDG_CJ_1987_0290_19891005,1989-07-11
DOC_JUDG_CJ_1987_0293_19890117,1988-11-10
DOC_JUDG_CJ_1987_0293_19890117,1988-11-30
DOC_JUDG_CJ_1987_0301_19900214,1989-06-08
DOC_JUDG_CJ_1987_0301_19900214,1989-10-04
DOC_JUDG_CJ_1987_0303_19890315,1989-01-11
DOC_JUDG_CJ_1987_0303_19890315,1988-12-01
DOC_JUDG_CJ_1987_0305_19890530,1989-04-13
DOC_JUDG_CJ_1987_0305_19890530,1989-03-14
DOC_JUDG_CJ_1987_0308_19900327,1989-12-12
DOC_JUDG_CJ_1987_0308_19900327,1989-11-07
DOC_JUDG_CJ_1987_0308_19940203,1993-09-16
DOC_JUDG_CJ_1987_0308_19940203,1993-04-29
DOC_JUDG_CJ_1987_0310_19890117,1988-12-01
DOC_JUDG_CJ_1987_0311_19881018,1988-05-31
DOC_JUDG_CJ_1987_0311_19881018,1988-07-06
DOC_JUDG_CJ_1987_0320_19890512,1989-01-25
DOC_JUDG_CJ_1987_0320_19890512,1988-11-09
DOC_JUDG_CJ_1987_0321_19890427,1989-02-02
DOC_JUDG_CJ_1987_0321_19890427,1989-03-07
DOC_JUDG_CJ_1987_0326_19880712,1988-05-25
DOC_JUDG_CJ_1987_0333_19891116,1989-07-06
DOC_JUDG_CJ_1987_0333_19891116,1989-10-19
DOC_JUDG_CJ_1987_0339_19900315,1990-01-16
DOC_JUDG_CJ_1987_0339_19900315,1989-11-14
DOC_JUDG_CJ_1987_0340_19890530,1989-04-11
DOC_JUDG_CJ_1987_0340_19890530,1989-02-21
DOC_JUDG_CJ_1987_0341_19890124,1988-11-29
DOC_JUDG_CJ_1987_0341_19890124,1988-10-19
DOC_JUDG_CJ_1987_0342_19891213,1989-03-14
DOC_JUDG_CJ_1987_0342_19891213,1989-02-15
DOC_JUDG_CJ_1987_0343_19900207,1989-06-15
DOC_JUDG_CJ_1987_0344_19890531,1989-01-18
DOC_JUDG_CJ_1987_0344_19890531,1989-03-08
DOC_JUDG_CJ_1987_0346_19890214,1988-12-01
DOC_JUDG_CJ_1987_0346_19890214,1988-11-08
DOC_JUDG_CJ_1987_0347_19900322,1989-11-22
DOC_JUDG_CJ_1987_0347_19900322,1990-01-11
DOC_JUDG_CJ_1987_0349_19911004,1991-06-06
DOC_JUDG_CJ_1987_0349_19911004,1991-04-30
DOC_JUDG_CJ_1987_0354_19901106,1990-05-02
DOC_JUDG_CJ_1987_0354_19901106,1990-03-07
DOC_JUDG_CJ_1987_0355_19890530,1989-01-31
DOC_JUDG_CJ_1987_0355_19890530,1989-03-15
DOC_JUDG_CJ_1987_0357_19881005,1988-06-14
DOC_JUDG_CJ_1987_0357_19881005,1988-07-06
DOC_JUDG_CJ_1987_0358_19890418,1989-01-26
DOC_JUDG_CJ_1987_0360_19910228,1990-07-04
DOC_JUDG_CJ_1987_0360_19910228,1990-09-25
DOC_JUDG_CJ_1987_0361_19890713,1989-04-18
DOC_JUDG_CJ_1987_0361_19890713,1989-03-02
DOC_JUDG_CJ_1987_0368_19890518,1989-02-14
DOC_JUDG_CJ_1987_0368_19890518,1989-02-22
DOC_JUDG_CJ_1987_0374_19891018,1989-05-18
DOC_JUDG_CJ_1987_0374_19891018,1989-03-16
DOC_JUDG_CJ_1987_0378_19890523,1989-01-25
DOC_JUDG_CJ_1987_0378_19890523,1989-03-02
DOC_JUDG_CJ_1987_0379_19891128,1989-05-16
DOC_JUDG_CJ_1987_0379_19891128,1989-03-09
DOC_JUDG_CJ_1987_0380_19890713,1989-03-16
DOC_JUDG_CJ_1987_0380_19890713,1989-03-02
DOC_JUDG_CJ_1987_0381_19891123,1989-05-23
DOC_JUDG_CJ_1987_0381_19891123,1989-06-28
DOC_JUDG_CJ_1987_0383_19880712,1988-05-26
DOC_JUDG_CJ_1987_0383_19880712,1988-04-28
DOC_JUDG_CJ_1987_0386_19891109,1989-09-26
DOC_JUDG_CJ_1987_0386_19891109,1989-06-29
DOC_JUDG_CJ_1987_0388_19890512,1989-03-14
DOC_JUDG_CJ_1987_0388_19890512,1989-02-15
DOC_JUDG_CJ_1987_0389_19890315,1988-12-14
DOC_JUDG_CJ_1987_0395_19890713,1989-03-08
DOC_JUDG_CJ_1987_0395_19890713,1989-05-26
DOC_JUDG_CJ_1988_0001_19890314,1988-11-30
DOC_JUDG_CJ_1988_0001_19890314,1989-01-24
DOC_JUDG_CJ_1988_0003_19891205,1989-06-21
DOC_JUDG_CJ_1988_0003_19891205,1989-10-04
DOC_JUDG_CJ_1988_0004_19890713,1989-05-25
DOC_JUDG_CJ_1988_0004_19890713,1989-06-15
DOC_JUDG_CJ_1988_0005_19890713,1989-02-28
DOC_JUDG_CJ_1988_0006_19891114,1989-05-16
DOC_JUDG_CJ_1988_0006_19891114,1989-04-13
DOC_JUDG_CJ_1988_0008_19900612,1990-01-24
DOC_JUDG_CJ_1988_0008_19900612,1989-11-28
DOC_JUDG_CJ_1988_0009_19890927,1989-07-13
DOC_JUDG_CJ_1988_0009_19890927,1989-06-29
DOC_JUDG_CJ_1988_0012_19890921,1989-06-22
DOC_JUDG_CJ_1988_0012_19890921,1989-05-17
DOC_JUDG_CJ_1988_0014_19891114,1989-07-04
DOC_JUDG_CJ_1988_0014_19891114,1989-05-30
DOC_JUDG_CJ_1988_0016_19891024,1989-06-30
DOC_JUDG_CJ_1988_0016_19891024,1989-04-25
DOC_JUDG_CJ_1988_0020_19890530,1989-03-10
DOC_JUDG_CJ_1988_0020_19890530,1989-01-17
DOC_JUDG_CJ_1988_0021_19900320,1989-10-18
DOC_JUDG_CJ_1988_0021_19900320,1989-11-28
DOC_JUDG_CJ_1988_0022_19890629,1989-04-19
DOC_JUDG_CJ_1988_0022_19890629,1989-05-24
DOC_JUDG_CJ_1988_0024_19890627,1989-03-14
DOC_JUDG_CJ_1988_0026_19891213,1989-02-16
DOC_JUDG_CJ_1988_0030_19891114,1989-04-25
DOC_JUDG_CJ_1988_0030_19891114,1989-07-04
DOC_JUDG_CJ_1988_0032_19890215,1988-10-19
DOC_JUDG_CJ_1988_0032_19890215,1988-12-15
DOC_JUDG_CJ_1988_0035_19900712,1990-04-03
DOC_JUDG_CJ_1988_0035_19900712,1990-05-23
DOC_JUDG_CJ_1988_0037_19890927,1989-05-25
DOC_JUDG_CJ_1988_0037_19890927,1989-04-18
DOC_JUDG_CJ_1988_0038_19900328,1989-12-12
DOC_JUDG_CJ_1988_0038_19900328,1989-11-08
DOC_JUDG_CJ_1988_0039_19901127,1990-10-09
DOC_JUDG_CJ_1988_0039_19901127,1990-09-19
DOC_JUDG_CJ_1988_0047_19901211,1990-09-18
DOC_JUDG_CJ_1988_0047_19901211,1990-07-10
DOC_JUDG_CJ_1988_0048_19890627,1989-04-20
DOC_JUDG_CJ_1988_0048_19890627,1989-05-30
DOC_JUDG_CJ_1988_0049_19910627,1991-02-07
DOC_JUDG_CJ_1988_0049_19910627,1990-12-12
DOC_JUDG_CJ_1988_0051_19890315,1989-02-21
DOC_JUDG_CJ_1988_0051_19890315,1989-02-14
DOC_JUDG_CJ_1988_0053_19901108,1990-06-21
DOC_JUDG_CJ_1988_0053_19901108,1990-07-11
DOC_JUDG_CJ_1988_0055_19891109,1989-06-27
DOC_JUDG_CJ_1988_0055_19891109,1989-10-10
DOC_JUDG_CJ_1988_0058_19890713,1989-06-15
DOC_JUDG_CJ_1988_0058_19890713,1989-05-23
DOC_JUDG_CJ_1988_0062_19900329,1989-11-29
DOC_JUDG_CJ_1988_0062_19900329,1990-02-14
DOC_JUDG_CJ_1988_0064_19910611,1991-02-27
DOC_JUDG_CJ_1988_0064_19910611,1991-01-24
DOC_JUDG_CJ_1988_0067_19901127,1990-07-05
DOC_JUDG_CJ_1988_0067_19901127,1990-06-12
DOC_JUDG_CJ_1988_0068_19890921,1989-06-30
DOC_JUDG_CJ_1988_0068_19890921,1989-05-16
DOC_JUDG_CJ_1988_0069_19900307,1989-11-07
DOC_JUDG_CJ_1988_0069_19900307,1989-12-12
DOC_JUDG_CJ_1988_0070_19900522,1989-10-05
DOC_JUDG_CJ_1988_0070_19900522,1989-11-30
DOC_JUDG_CJ_1988_0070_19911004,1991-06-26
DOC_JUDG_CJ_1988_0070_19911004,1991-05-07
DOC_JUDG_CJ_1988_0075_19891109,1989-06-13
DOC_JUDG_CJ_1988_0075_19891109,1989-07-05
DOC_JUDG_CJ_1988_0077_19890615,1989-04-20
DOC_JUDG_CJ_1988_0093_19890713,1989-04-12
DOC_JUDG_CJ_1988_0093_19890713,1989-04-27
DOC_JUDG_CJ_1988_0100_19891213,1989-06-27
DOC_JUDG_CJ_1988_0100_19891213,1989-10-11
DOC_JUDG_CJ_1988_0103_19890622,1989-04-25
DOC_JUDG_CJ_1988_0103_19890622,1989-03-07
DOC_JUDG_CJ_1988_0108_19890713,1989-05-24
DOC_JUDG_CJ_1988_0108_19890713,1989-06-28
DOC_JUDG_CJ_1988_0109_19891017,1989-05-10
DOC_JUDG_CJ_1988_0109_19891017,1989-05-31
DOC_JUDG_CJ_1988_0113_19890627,1989-03-09
DOC_JUDG_CJ_1988_0113_19890627,1989-02-28
DOC_JUDG_CJ_1988_0114_19891205,1989-06-29
DOC_JUDG_CJ_1988_0115_19900110,1989-11-22
DOC_JUDG_CJ_1988_0115_19900110,1989-11-07
DOC_JUDG_CJ_1988_0116_19900307,1989-12-12
DOC_JUDG_CJ_1988_0116_19900307,1989-11-09
DOC_JUDG_CJ_1988_0117_19900307,1989-10-11
DOC_JUDG_CJ_1988_0119_19900606,1990-03-07
DOC_JUDG_CJ_1988_0119_19900606,1990-03-29
DOC_JUDG_CJ_1988_0120_19910226,1990-09-18
DOC_JUDG_CJ_1988_0120_19910226,1990-11-06
DOC_JUDG_CJ_1988_0120_19910226,1990-02-22
DOC_JUDG_CJ_1988_0125_19891107,1989-05-23
DOC_JUDG_CJ_1988_0125_19891107,1989-06-13
DOC_JUDG_CJ_1988_0126_19900327,1989-11-30
DOC_JUDG_CJ_1988_0126_19900327,1990-01-24
DOC_JUDG_CJ_1988_0130_19890927,1989-04-19
DOC_JUDG_CJ_1988_0130_19890927,1989-02-15
DOC_JUDG_CJ_1988_0131_19910228,1990-09-25
DOC_JUDG_CJ_1988_0131_19910228,1990-06-19
DOC_JUDG_CJ_1988_0133_19890314,1989-01-26
DOC_JUDG_CJ_1988_0133_19890314,1989-02-16
DOC_JUDG_CJ_1988_0136_19891207,1989-11-14
DOC_JUDG_CJ_1988_0136_19891207,1989-09-21
DOC_JUDG_CJ_1988_0137_19900214,1989-11-21
DOC_JUDG_CJ_1988_0137_19900214,1989-09-26
DOC_JUDG_CJ_1988_0141_19890712,1989-04-19
DOC_JUDG_CJ_1988_0141_19890712,1989-06-01
DOC_JUDG_CJ_1988_0145_19891123,1989-06-29
DOC_JUDG_CJ_1988_0145_19891123,1989-05-23
DOC_JUDG_CJ_1988_0152_19900626,1989-11-22
DOC_JUDG_CJ_1988_0152_19900626,1989-09-28
DOC_JUDG_CJ_1988_0163_19891212,1989-11-07
DOC_JUDG_CJ_1988_0163_19891212,1989-09-26
DOC_JUDG_CJ_1988_0165_19891205,1989-10-24
DOC_JUDG_CJ_1988_0168_19891214,1989-06-12
DOC_JUDG_CJ_1988_0169_19891213,1989-10-12
DOC_JUDG_CJ_1988_0169_19891213,1989-06-27
DOC_JUDG_CJ_1988_0171_19890713,1989-04-19
DOC_JUDG_CJ_1988_0171_19890713,1989-03-02
DOC_JUDG_CJ_1988_0177_19901108,1989-10-03
DOC_JUDG_CJ_1988_0177_19901108,1989-11-14
DOC_JUDG_CJ_1988_0180_19901206,1990-10-03
DOC_JUDG_CJ_1988_0180_19901206,1990-06-27
DOC_JUDG_CJ_1988_0186_19891128,1989-09-20
DOC_JUDG_CJ_1988_0186_19891128,1989-10-19
DOC_JUDG_CJ_1988_0188_19920310,1991-03-21
DOC_JUDG_CJ_1988_0188_19920310,1991-02-05
DOC_JUDG_CJ_1988_0189_19900327,1990-02-08
DOC_JUDG_CJ_1988_0189_19900327,1989-12-12
DOC_JUDG_CJ_1988_0196_19890711,1989-05-30
DOC_JUDG_CJ_1988_0196_19890711,1989-04-20
DOC_JUDG_CJ_1988_0199_19900321,1989-12-12
DOC_JUDG_CJ_1988_0199_19900321,1990-02-08
DOC_JUDG_CJ_1988_0200_19901127,1990-10-09
DOC_JUDG_CJ_1988_0200_19901127,1990-09-19
DOC_JUDG_CJ_1988_0201_19891010,1989-06-22
DOC_JUDG_CJ_1988_0201_19891010,1989-06-14
DOC_JUDG_CJ_1988_0202_19910319,1989-10-26
DOC_JUDG_CJ_1988_0202_19910319,1990-02-13
DOC_JUDG_CJ_1988_0204_19891213,1989-09-26
DOC_JUDG_CJ_1988_0206_19900328,1989-11-21
DOC_JUDG_CJ_1988_0206_19900328,1989-12-13
DOC_JUDG_CJ_1988_0208_19901206,1990-05-23
DOC_JUDG_CJ_1988_0208_19901206,1990-07-03
DOC_JUDG_CJ_1988_0213_19911128,1991-01-31
DOC_JUDG_CJ_1988_0213_19911128,1991-04-25
DOC_JUDG_CJ_1988_0217_19900710,1990-05-15
DOC_JUDG_CJ_1988_0217_19900710,1990-03-21
DOC_JUDG_CJ_1988_0220_19900111,1989-06-14
DOC_JUDG_CJ_1988_0220_19900111,1989-11-23
DOC_JUDG_CJ_1988_0228_19900222,1989-09-19
DOC_JUDG_CJ_1988_0228_19900222,1989-10-17
DOC_JUDG_CJ_1988_0229_19900327,1990-02-06
DOC_JUDG_CJ_1988_0229_19900327,1989-12-12
DOC_JUDG_CJ_1988_0233_19900208,1989-06-15
DOC_JUDG_CJ_1988_0233_19900208,1989-10-12
DOC_JUDG_CJ_1988_0234_19900322,1989-12-12
DOC_JUDG_CJ_1988_0234_19900322,1989-10-12
DOC_JUDG_CJ_1988_0236_19900712,1990-06-12
DOC_JUDG_CJ_1988_0236_19900712,1990-05-08
DOC_JUDG_CJ_1988_0244_19891121,1989-09-26
DOC_JUDG_CJ_1988_0244_19891121,1989-06-14
DOC_JUDG_CJ_1988_0245_19910221,1990-06-14
DOC_JUDG_CJ_1988_0245_19910221,1990-05-16
DOC_JUDG_CJ_1988_0249_19910319,1991-01-30
DOC_JUDG_CJ_1988_0249_19910319,1990-12-04
DOC_JUDG_CJ_1988_0251_19900523,1990-02-22
DOC_JUDG_CJ_1988_0251_19900523,1990-01-30
DOC_JUDG_CJ_1988_0263_19901212,1990-04-03
DOC_JUDG_CJ_1988_0263_19901212,1990-05-17
DOC_JUDG_CJ_1988_0267_19900221,1989-11-23
DOC_JUDG_CJ_1988_0267_19900221,1989-12-13
DOC_JUDG_CJ_1988_0293_19900502,1990-02-07
DOC_JUDG_CJ_1988_0293_19900502,1989-11-09
DOC_JUDG_CJ_1988_0295_19900118,1989-09-27
DOC_JUDG_CJ_1988_0295_19900118,1989-11-09
DOC_JUDG_CJ_1988_0301_19901024,1989-12-13
DOC_JUDG_CJ_1988_0301_19901024,1990-03-06
DOC_JUDG_CJ_1988_0302_19901212,1989-11-08
DOC_JUDG_CJ_1988_0303_19910321,1990-07-12
DOC_JUDG_CJ_1988_0303_19910321,1990-10-11
DOC_JUDG_CJ_1988_0304_19900705,1990-03-20
DOC_JUDG_CJ_1988_0304_19900705,1990-02-21
DOC_JUDG_CJ_1988_0305_19900703,1990-03-28
DOC_JUDG_CJ_1988_0305_19900703,1990-05-03
DOC_JUDG_CJ_1988_0306_19921216,1992-06-02
DOC_JUDG_CJ_1988_0306_19921216,1992-07-08
DOC_JUDG_CJ_1988_0315_19900327,1990-02-07
DOC_JUDG_CJ_1988_0320_19900208,1989-11-09
DOC_JUDG_CJ_1988_0322_19891213,1989-10-10
DOC_JUDG_CJ_1988_0323_19900711,1989-11-08
DOC_JUDG_CJ_1988_0323_19900711,1989-06-13
DOC_JUDG_CJ_1988_0330_19910305,1990-10-03
DOC_JUDG_CJ_1988_0330_19910305,1990-06-28
DOC_JUDG_CJ_1988_0331_19901113,1990-03-08
DOC_JUDG_CJ_1988_0331_19901113,1989-12-13
DOC_JUDG_CJ_1988_0332_19900522,1990-01-09
DOC_JUDG_CJ_1988_0332_19900522,1990-03-07
DOC_JUDG_CJ_1988_0345_19900118,1989-11-22
DOC_JUDG_CJ_1988_0345_19900118,1989-10-11
DOC_JUDG_CJ_1988_0347_19901213,1990-05-23
DOC_JUDG_CJ_1988_0347_19901213,1990-04-04
DOC_JUDG_CJ_1988_0348_19900502,1990-02-20
DOC_JUDG_CJ_1988_0348_19900502,1990-01-10
DOC_JUDG_CJ_1988_0350_19900214,1990-01-10
DOC_JUDG_CJ_1988_0350_19900214,1989-11-09
DOC_JUDG_CJ_1988_0353_19891109,1989-09-27
DOC_JUDG_CJ_1988_0353_19891109,1989-10-11
DOC_JUDG_CJ_1988_0354_19900704,1990-03-06
DOC_JUDG_CJ_1988_0354_19900704,1990-03-29
DOC_JUDG_CJ_1988_0361_19910530,1991-02-06
DOC_JUDG_CJ_1988_0361_19910530,1990-12-06
DOC_JUDG_CJ_1988_0363_19920130,1991-09-17
DOC_JUDG_CJ_1988_0363_19920130,1991-11-19
DOC_JUDG_CJ_1988_0366_19901009,1990-07-12
DOC_JUDG_CJ_1988_0366_19901009,1990-06-14
DOC_JUDG_CJ_1988_0369_19910321,1991-01-16
DOC_JUDG_CJ_1989_0002_19900503,1990-02-22
DOC_JUDG_CJ_1989_0002_19900503,1990-02-06
DOC_JUDG_CJ_1989_0004_19900515,1990-03-06
DOC_JUDG_CJ_1989_0004_19900515,1990-03-28
DOC_JUDG_CJ_1989_0005_19900920,1990-03-21
DOC_JUDG_CJ_1989_0005_19900920,1990-05-08
DOC_JUDG_CJ_1989_0008_19900626,1990-03-07
DOC_JUDG_CJ_1989_0008_19900626,1990-01-10
DOC_JUDG_CJ_1989_0009_19900327,1990-02-22
DOC_JUDG_CJ_1989_0009_19900327,1990-01-31
DOC_JUDG_CJ_1989_0010_19901017,1990-03-13
DOC_JUDG_CJ_1989_0010_19901017,1990-01-18
DOC_JUDG_CJ_1989_0022_19901213,1990-06-14
DOC_JUDG_CJ_1989_0022_19901213,1990-11-07
DOC_JUDG_CJ_1989_0027_19900502,1990-03-13
DOC_JUDG_CJ_1989_0027_19900502,1990-02-08
DOC_JUDG_CJ_1989_0028_19910221,1990-11-20
DOC_JUDG_CJ_1989_0028_19910221,1990-10-09
DOC_JUDG_CJ_1989_0030_19900313,1990-02-14
DOC_JUDG_CJ_1989_0030_19900313,1990-01-24
DOC_JUDG_CJ_1989_0032_19910319,1990-12-06
DOC_JUDG_CJ_1989_0032_19910319,1990-11-08
DOC_JUDG_CJ_1989_0033_19900627,1990-03-07
DOC_JUDG_CJ_1989_0033_19900627,1990-03-28
DOC_JUDG_CJ_1989_0034_19901011,1990-07-12
DOC_JUDG_CJ_1989_0034_19901011,1990-06-14
DOC_JUDG_CJ_1989_0042_19900705,1989-12-06
DOC_JUDG_CJ_1989_0042_19900705,1989-12-14
DOC_JUDG_CJ_1989_0043_19900712,1990-05-02
DOC_JUDG_CJ_1989_0043_19900712,1990-06-06
DOC_JUDG_CJ_1989_0046_19901011,1990-06-07
DOC_JUDG_CJ_1989_0046_19901011,1990-07-12
DOC_JUDG_CJ_1989_0049_19891213,1989-11-08
DOC_JUDG_CJ_1989_0051_19910611,1991-01-08
DOC_JUDG_CJ_1989_0051_19910611,1991-02-21
DOC_JUDG_CJ_1989_0057_19910228,1990-10-16
DOC_JUDG_CJ_1989_0057_19910228,1990-12-05
DOC_JUDG_CJ_1989_0058_19911017,1991-05-08
DOC_JUDG_CJ_1989_0058_19911017,1991-03-19
DOC_JUDG_CJ_1989_0059_19910530,1990-12-06
DOC_JUDG_CJ_1989_0059_19910530,1991-02-06
DOC_JUDG_CJ_1989_0061_19901003,1990-03-06
DOC_JUDG_CJ_1989_0061_19901003,1990-02-06
DOC_JUDG_CJ_1989_0062_19900320,1990-02-20
DOC_JUDG_CJ_1989_0062_19900320,1990-02-01
DOC_JUDG_CJ_1989_0063_19910418,1990-07-11
DOC_JUDG_CJ_1989_0063_19910418,1991-01-23
DOC_JUDG_CJ_1989_0066_19900517,1990-02-06
DOC_JUDG_CJ_1989_0066_19900517,1990-03-07
DOC_JUDG_CJ_1989_0069_19910507,1990-12-05
DOC_JUDG_CJ_1989_0069_19910507,1990-07-05
DOC_JUDG_CJ_1989_0070_19901213,1990-11-21
DOC_JUDG_CJ_1989_0073_19921112,1992-03-12
DOC_JUDG_CJ_1989_0073_19921112,1992-05-20
DOC_JUDG_CJ_1989_0079_19910418,1990-03-29
DOC_JUDG_CJ_1989_0079_19910418,1990-05-02
DOC_JUDG_CJ_1989_0080_19900628,1990-02-07
DOC_JUDG_CJ_1989_0080_19900628,1990-03-06
DOC_JUDG_CJ_1989_0083_19900322,1990-01-23
DOC_JUDG_CJ_1989_0083_19900322,1989-12-12
DOC_JUDG_CJ_1989_0085_19900321,1990-02-07
DOC_JUDG_CJ_1989_0086_19901106,1990-07-12
DOC_JUDG_CJ_1989_0086_19901106,1990-07-05
DOC_JUDG_CJ_1989_0087_19900517,1990-03-07
DOC_JUDG_CJ_1989_0087_19900517,1990-02-07
DOC_JUDG_CJ_1989_0093_19911004,1991-03-13
DOC_JUDG_CJ_1989_0093_19911004,1991-01-17
DOC_JUDG_CJ_1989_0095_19920716,1992-04-08
DOC_JUDG_CJ_1989_0095_19920716,1992-02-26
DOC_JUDG_CJ_1989_0096_19910516,1990-09-20
DOC_JUDG_CJ_1989_0096_19910516,1990-11-06
DOC_JUDG_CJ_1989_0099_19901113,1990-05-03
DOC_JUDG_CJ_1989_0099_19901113,1990-06-06
DOC_JUDG_CJ_1989_0100_19901212,1990-05-17
DOC_JUDG_CJ_1989_0100_19901212,1990-03-14
DOC_JUDG_CJ_1989_0104_19920519,1991-11-06
DOC_JUDG_CJ_1989_0104_19920519,1992-01-28
DOC_JUDG_CJ_1989_0104_20000127,1998-05-28
DOC_JUDG_CJ_1989_0104_20000127,1998-12-10
DOC_JUDG_CJ_1989_0106_19901113,1990-06-06
DOC_JUDG_CJ_1989_0106_19901113,1990-07-12
DOC_JUDG_CJ_1989_0110_19910530,1991-03-19
DOC_JUDG_CJ_1989_0110_19910530,1991-04-18
DOC_JUDG_CJ_1989_0111_19900502,1990-03-06
DOC_JUDG_CJ_1989_0113_19900327,1990-01-11
DOC_JUDG_CJ_1989_0118_19900627,1990-02-08
DOC_JUDG_CJ_1989_0118_19900627,1990-03-27
DOC_JUDG_CJ_1989_0152_19910626,1991-02-28
DOC_JUDG_CJ_1989_0152_19910626,1991-01-10
DOC_JUDG_CJ_1989_0153_19910626,1991-02-28
DOC_JUDG_CJ_1989_0153_19910626,1991-01-10
DOC_JUDG_CJ_1989_0154_19910226,1990-12-05
DOC_JUDG_CJ_1989_0154_19910226,1990-11-08
DOC_JUDG_CJ_1989_0157_19910117,1990-10-11
DOC_JUDG_CJ_1989_0157_19910117,1990-11-08
DOC_JUDG_CJ_1989_0158_19900517,1990-05-02
DOC_JUDG_CJ_1989_0158_19900517,1990-03-08
DOC_JUDG_CJ_1989_0159_19910226,1990-09-18
DOC_JUDG_CJ_1989_0159_19910226,1990-11-06
DOC_JUDG_CJ_1989_0169_19900523,1990-03-20
DOC_JUDG_CJ_1989_0170_19911128,1991-01-29
DOC_JUDG_CJ_1989_0170_19911128,1991-03-13
DOC_JUDG_CJ_1989_0172_19901212,1990-06-12
DOC_JUDG_CJ_1989_0172_19901212,1990-05-02
DOC_JUDG_CJ_1989_0174_19900628,1990-03-08
DOC_JUDG_CJ_1989_0174_19900628,1990-05-02
DOC_JUDG_CJ_1989_0180_19910226,1990-11-08
DOC_JUDG_CJ_1989_0180_19910226,1990-12-05
DOC_JUDG_CJ_1989_0182_19901129,1990-10-09
DOC_JUDG_CJ_1989_0182_19901129,1990-10-18
DOC_JUDG_CJ_1989_0184_19910207,1990-11-13
DOC_JUDG_CJ_1989_0184_19910207,1990-10-03
DOC_JUDG_CJ_1989_0188_19900712,1990-03-15
DOC_JUDG_CJ_1989_0188_19900712,1990-05-08
DOC_JUDG_CJ_1989_0189_19901211,1990-10-02
DOC_JUDG_CJ_1989_0189_19901211,1990-06-26
DOC_JUDG_CJ_1989_0192_19900920,1990-05-15
DOC_JUDG_CJ_1989_0198_19910226,1990-12-05
DOC_JUDG_CJ_1989_0198_19910226,1990-11-08
DOC_JUDG_CJ_1989_0200_19901011,1990-06-05
DOC_JUDG_CJ_1989_0200_19901011,1990-07-10
DOC_JUDG_CJ_1989_0201_19900322,1990-02-08
DOC_JUDG_CJ_1989_0201_19900322,1990-01-11
DOC_JUDG_CJ_1989_0203_19900920,1990-06-21
DOC_JUDG_CJ_1989_0205_19910319,1990-11-22
DOC_JUDG_CJ_1989_0205_19910319,1991-01-10
DOC_JUDG_CJ_1989_0209_19910321,1990-11-07
DOC_JUDG_CJ_1989_0209_19910321,1991-01-09
DOC_JUDG_CJ_1989_0210_19901011,1990-06-13
DOC_JUDG_CJ_1989_0210_19901011,1990-07-05
DOC_JUDG_CJ_1989_0214_19920310,1991-11-20
DOC_JUDG_CJ_1989_0214_19920310,1991-10-15
DOC_JUDG_CJ_1989_0215_19910115,1990-10-02
DOC_JUDG_CJ_1989_0215_19910115,1990-10-23
DOC_JUDG_CJ_1989_0217_19901211,1990-10-02
DOC_JUDG_CJ_1989_0217_19901211,1990-06-26
DOC_JUDG_CJ_1989_0218_19901204,1990-10-02
DOC_JUDG_CJ_1989_0221_19910725,1991-03-13
DOC_JUDG_CJ_1989_0221_19910725,1991-01-17
DOC_JUDG_CJ_1989_0229_19910507,1990-11-20
DOC_JUDG_CJ_1989_0229_19910507,1990-10-17
DOC_JUDG_CJ_1989_0235_19920218,1991-10-16
DOC_JUDG_CJ_1989_0235_19920218,1991-12-13
DOC_JUDG_CJ_1989_0240_19901213,1990-11-20
DOC_JUDG_CJ_1989_0241_19901212,1990-06-27
DOC_JUDG_CJ_1989_0241_19901212,1990-10-02
DOC_JUDG_CJ_1989_0243_19930622,1992-11-17
DOC_JUDG_CJ_1989_0243_19930622,1992-09-29
DOC_JUDG_CJ_1989_0244_19910131,1991-01-10
DOC_JUDG_CJ_1989_0244_19910131,1990-11-20
DOC_JUDG_CJ_1989_0247_19910711,1991-01-23
DOC_JUDG_CJ_1989_0247_19910711,1991-03-13
DOC_JUDG_CJ_1989_0248_19910620,1991-03-21
DOC_JUDG_CJ_1989_0248_19910620,1991-02-07
DOC_JUDG_CJ_1989_0251_19910611,1990-12-05
DOC_JUDG_CJ_1989_0251_19910611,1991-01-24
DOC_JUDG_CJ_1989_0261_19911003,1991-05-14
DOC_JUDG_CJ_1989_0261_19911003,1991-06-12
DOC_JUDG_CJ_1989_0269_19901113,1990-05-02
DOC_JUDG_CJ_1989_0279_19921117,1992-03-17
DOC_JUDG_CJ_1989_0279_19921117,1992-05-12
DOC_JUDG_CJ_1989_0280_19921202,1992-03-17
DOC_JUDG_CJ_1989_0280_19921202,1992-05-12
DOC_JUDG_CJ_1989_0281_19910219,1990-11-22
DOC_JUDG_CJ_1989_0281_19910219,1990-11-07
DOC_JUDG_CJ_1989_0287_19910507,1991-02-28
DOC_JUDG_CJ_1989_0287_19910507,1991-03-14
DOC_JUDG_CJ_1989_0291_19910507,1991-01-15
DOC_JUDG_CJ_1989_0291_19910507,1991-03-05
DOC_JUDG_CJ_1989_0293_19920716,1992-04-08
DOC_JUDG_CJ_1989_0293_19920716,1992-02-26
DOC_JUDG_CJ_1989_0297_19910423,1990-10-03
DOC_JUDG_CJ_1989_0297_19910423,1990-11-27
DOC_JUDG_CJ_1989_0298_19930629,1993-05-04
DOC_JUDG_CJ_1989_0298_19930629,1992-05-06
DOC_JUDG_CJ_1989_0300_19910611,1991-01-30
DOC_JUDG_CJ_1989_0300_19910611,1991-03-13
DOC_JUDG_CJ_1989_0304_19910507,1991-03-05
DOC_JUDG_CJ_1989_0304_19910507,1991-01-15
DOC_JUDG_CJ_1989_0305_19910321,1990-11-20
DOC_JUDG_CJ_1989_0305_19910321,1991-01-10
DOC_JUDG_CJ_1989_0306_19911210,1991-09-19
DOC_JUDG_CJ_1989_0306_19911210,1991-07-02
DOC_JUDG_CJ_1989_0307_19910611,1991-04-24
DOC_JUDG_CJ_1989_0307_19910611,1991-04-16
DOC_JUDG_CJ_1989_0308_19901113,1990-06-28
DOC_JUDG_CJ_1989_0308_19901113,1990-10-03
DOC_JUDG_CJ_1989_0309_19940518,1992-09-22
DOC_JUDG_CJ_1989_0309_19940518,1992-10-27
DOC_JUDG_CJ_1989_0313_19911107,1991-09-19
DOC_JUDG_CJ_1989_0313_19911107,1991-07-02
DOC_JUDG_CJ_1989_0324_19910418,1991-01-15
DOC_JUDG_CJ_1989_0324_19910418,1990-11-14
DOC_JUDG_CJ_1989_0332_19910228,1990-09-26
DOC_JUDG_CJ_1989_0332_19910228,1990-11-22
DOC_JUDG_CJ_1989_0334_19910117,1990-10-11
DOC_JUDG_CJ_1989_0334_19910117,1990-11-08
DOC_JUDG_CJ_1989_0337_19921125,1991-11-27
DOC_JUDG_CJ_1989_0337_19921125,1992-01-21
DOC_JUDG_CJ_1989_0339_19910124,1990-10-02
DOC_JUDG_CJ_1989_0339_19910124,1990-11-14
DOC_JUDG_CJ_1989_0340_19910507,1990-10-10
DOC_JUDG_CJ_1989_0340_19910507,1990-11-28
DOC_JUDG_CJ_1989_0342_19911017,1991-06-11
DOC_JUDG_CJ_1989_0342_19911017,1991-04-16
DOC_JUDG_CJ_1989_0343_19901206,1990-10-02
DOC_JUDG_CJ_1989_0343_19901206,1990-10-25
DOC_JUDG_CJ_1989_0344_19910627,1990-10-23
DOC_JUDG_CJ_1989_0344_19910627,1990-12-12
DOC_JUDG_CJ_1989_0345_19910725,1990-11-21
DOC_JUDG_CJ_1989_0345_19910725,1991-01-24
DOC_JUDG_CJ_1989_0346_19911017,1991-04-16
DOC_JUDG_CJ_1989_0346_19911017,1991-06-11
DOC_JUDG_CJ_1989_0348_19910627,1990-12-12
DOC_JUDG_CJ_1989_0348_19910627,1991-02-06
DOC_JUDG_CJ_1989_0351_19910627,1991-03-07
DOC_JUDG_CJ_1989_0351_19910627,1991-02-05
DOC_JUDG_CJ_1989_0353_19910725,1991-02-21
DOC_JUDG_CJ_1989_0353_19910725,1991-04-18
DOC_JUDG_CJ_1989_0354_19910416,1991-03-07
DOC_JUDG_CJ_1989_0354_19910416,1991-02-05
DOC_JUDG_CJ_1989_0356_19910620,1991-03-05
DOC_JUDG_CJ_1989_0356_19910620,1991-01-16
DOC_JUDG_CJ_1989_0357_19920226,1991-07-11
DOC_JUDG_CJ_1989_0357_19920226,1991-05-28
DOC_JUDG_CJ_1989_0358_19910516,1991-02-19
DOC_JUDG_CJ_1989_0358_19910516,1991-03-21
DOC_JUDG_CJ_1989_0358_19920611,1992-02-27
DOC_JUDG_CJ_1989_0358_19920611,1992-04-08
DOC_JUDG_CJ_1989_0360_19920603,1992-02-26
DOC_JUDG_CJ_1989_0360_19920603,1992-01-16
DOC_JUDG_CJ_1989_0361_19910314,1990-12-12
DOC_JUDG_CJ_1989_0362_19910725,1991-04-18
DOC_JUDG_CJ_1989_0362_19910725,1991-05-30
DOC_JUDG_CJ_1989_0363_19910205,1990-10-02
DOC_JUDG_CJ_1989_0364_19911003,1991-03-07
DOC_JUDG_CJ_1989_0364_19911003,1991-05-16
DOC_JUDG_CJ_1989_0365_19910620,1991-03-21
DOC_JUDG_CJ_1989_0365_19910620,1991-02-07
DOC_JUDG_CJ_1989_0366_19930802,1993-02-03
DOC_JUDG_CJ_1989_0366_19930802,1992-12-15
DOC_JUDG_CJ_1989_0368_19910711,1991-03-19
DOC_JUDG_CJ_1989_0368_19910711,1991-01-16
DOC_JUDG_CJ_1989_0369_19910618,1990-12-11
DOC_JUDG_CJ_1989_0370_19921202,1992-03-24
DOC_JUDG_CJ_1989_0370_19921202,1992-06-02
DOC_JUDG_CJ_1989_0370_19930525,1993-01-26
DOC_JUDG_CJ_1989_0370_19930525,1991-10-23
DOC_JUDG_CJ_1989_0372_19910115,1990-11-13
DOC_JUDG_CJ_1989_0373_19901121,1990-10-25
DOC_JUDG_CJ_1989_0373_19901121,1990-10-04
DOC_JUDG_CJ_1989_0374_19910219,1990-11-28
DOC_JUDG_CJ_1989_0374_19910219,1990-12-06
DOC_JUDG_CJ_1989_0381_19920324,1991-11-20
DOC_JUDG_CJ_1989_0381_19920324,1992-01-16
DOC_JUDG_CJ_1989_0385_19920520,1992-03-17
DOC_JUDG_CJ_1989_0385_19920520,1992-02-05
DOC_JUDG_CJ_1990_0001_19910725,1991-06-11
DOC_JUDG_CJ_1990_0001_19910725,1991-04-24
DOC_JUDG_CJ_1990_0002_19920709,1991-01-10
DOC_JUDG_CJ_1990_0002_19920709,1991-09-19
DOC_JUDG_CJ_1990_0002_19920709,1992-01-28
DOC_JUDG_CJ_1990_0002_19920709,1990-11-27
DOC_JUDG_CJ_1990_0002_19920709,1992-01-29
DOC_JUDG_CJ_1990_0002_19920709,1991-07-04
DOC_JUDG_CJ_1990_0003_19920226,1991-05-28
DOC_JUDG_CJ_1990_0003_19920226,1991-07-11
DOC_JUDG_CJ_1990_0005_19920227,1991-10-24
DOC_JUDG_CJ_1990_0005_19920227,1991-12-06
DOC_JUDG_CJ_1990_0010_19910307,1990-11-14
DOC_JUDG_CJ_1990_0010_19910307,1991-01-15
DOC_JUDG_CJ_1990_0016_19911022,1991-01-16
DOC_JUDG_CJ_1990_0016_19911022,1991-06-04
DOC_JUDG_CJ_1990_0017_19911107,1991-03-21
DOC_JUDG_CJ_1990_0017_19911107,1991-07-02
DOC_JUDG_CJ_1990_0018_19910131,1990-12-06
DOC_JUDG_CJ_1990_0018_19910131,1990-11-06
DOC_JUDG_CJ_1990_0019_19910530,1990-12-12
DOC_JUDG_CJ_1990_0019_19910530,1991-01-30
DOC_JUDG_CJ_1990_0025_19911016,1991-06-06
DOC_JUDG_CJ_1990_0025_19911016,1991-07-11
DOC_JUDG_CJ_1990_0027_19910124,1990-10-02
DOC_JUDG_CJ_1990_0027_19910124,1990-11-14
DOC_JUDG_CJ_1990_0029_19920318,1992-02-04
DOC_JUDG_CJ_1990_0029_19920318,1992-01-16
DOC_JUDG_CJ_1990_0030_19920218,1991-10-16
DOC_JUDG_CJ_1990_0030_19920218,1991-12-13
DOC_JUDG_CJ_1990_0033_19911213,1991-10-09
DOC_JUDG_CJ_1990_0033_19911213,1991-11-05
DOC_JUDG_CJ_1990_0035_19911017,1991-05-07
DOC_JUDG_CJ_1990_0035_19911017,1991-04-25
DOC_JUDG_CJ_1990_0039_19910620,1991-03-05
DOC_JUDG_CJ_1990_0039_19910620,1991-02-05
DOC_JUDG_CJ_1990_0041_19910423,1990-11-13
DOC_JUDG_CJ_1990_0041_19910423,1991-01-15
DOC_JUDG_CJ_1990_0042_19901213,1990-11-14
DOC_JUDG_CJ_1990_0043_19920313,1991-11-05
DOC_JUDG_CJ_1990_0043_19920313,1991-10-08
DOC_JUDG_CJ_1990_0047_19920609,1992-01-16
DOC_JUDG_CJ_1990_0047_19920609,1991-11-05
DOC_JUDG_CJ_1990_0048_19920212,1991-10-16
DOC_JUDG_CJ_1990_0048_19920212,1991-07-10
DOC_JUDG_CJ_1990_0052_19920331,1992-02-11
DOC_JUDG_CJ_1990_0052_19920331,1991-12-03
DOC_JUDG_CJ_1990_0054_19920218,1991-11-28
DOC_JUDG_CJ_1990_0054_19920218,1991-10-17
DOC_JUDG_CJ_1990_0055_19920408,1991-12-10
DOC_JUDG_CJ_1990_0055_19920408,1992-02-04
DOC_JUDG_CJ_1990_0056_19930714,1992-12-16
DOC_JUDG_CJ_1990_0056_19930714,1992-10-27
DOC_JUDG_CJ_1990_0057_19920116,1991-07-02
DOC_JUDG_CJ_1990_0057_19920116,1991-09-19
DOC_JUDG_CJ_1990_0058_19910725,1991-07-02
DOC_JUDG_CJ_1990_0060_19910620,1991-03-05
DOC_JUDG_CJ_1990_0060_19910620,1991-04-24
DOC_JUDG_CJ_1990_0061_19920407,1991-11-21
DOC_JUDG_CJ_1990_0061_19920407,1992-02-12
DOC_JUDG_CJ_1990_0062_19920408,1992-01-28
DOC_JUDG_CJ_1990_0062_19920408,1992-03-13
DOC_JUDG_CJ_1990_0063_19921013,1992-02-18
DOC_JUDG_CJ_1990_0063_19921013,1992-05-06
DOC_JUDG_CJ_1990_0065_19920716,1992-01-08
DOC_JUDG_CJ_1990_0065_19920716,1992-02-26
DOC_JUDG_CJ_1990_0069_19911213,1991-07-09
DOC_JUDG_CJ_1990_0069_19911213,1991-09-19
DOC_JUDG_CJ_1990_0070_19921013,1992-05-06
DOC_JUDG_CJ_1990_0070_19921013,1992-02-18
DOC_JUDG_CJ_1990_0071_19921013,1992-05-06
DOC_JUDG_CJ_1990_0071_19921013,1992-02-18
DOC_JUDG_CJ_1990_0073_19921013,1992-05-06
DOC_JUDG_CJ_1990_0073_19921013,1992-02-18
DOC_JUDG_CJ_1990_0078_19920311,1991-07-11
DOC_JUDG_CJ_1990_0078_19920311,1991-06-13
DOC_JUDG_CJ_1990_0084_19920319,1991-10-22
DOC_JUDG_CJ_1990_0084_19920319,1991-11-29
DOC_JUDG_CJ_1990_0085_19921022,1992-02-27
DOC_JUDG_CJ_1990_0085_19921022,1992-04-08
DOC_JUDG_CJ_1990_0086_19921203,1992-02-27
DOC_JUDG_CJ_1990_0086_19921203,1992-04-08
DOC_JUDG_CJ_1990_0097_19910711,1991-04-30
DOC_JUDG_CJ_1990_0097_19910711,1991-03-07
DOC_JUDG_CJ_1990_0100_19911017,1991-06-11
DOC_JUDG_CJ_1990_0100_19911017,1991-04-25
DOC_JUDG_CJ_1990_0104_19931013,1993-03-18
DOC_JUDG_CJ_1990_0104_19931013,1993-04-29
DOC_JUDG_CJ_1990_0105_19920213,1991-11-14
DOC_JUDG_CJ_1990_0105_19920213,1991-09-25
DOC_JUDG_CJ_1990_0106_19930120,1992-05-15
DOC_JUDG_CJ_1990_0106_19930120,1992-11-18
DOC_JUDG_CJ_1990_0107_P_19920117,1991-09-24
DOC_JUDG_CJ_1990_0107_P_19920117,1991-10-15
DOC_JUDG_CJ_1990_0113_19911002,1991-04-30
DOC_JUDG_CJ_1990_0120_19910507,1991-03-07
DOC_JUDG_CJ_1990_0121_19911206,1991-06-05
DOC_JUDG_CJ_1990_0121_19911206,1991-07-04
DOC_JUDG_CJ_1990_0132_P_19911128,1991-07-03
DOC_JUDG_CJ_1990_0132_P_19911128,1991-05-29
DOC_JUDG_CJ_1990_0145_P_19911121,1991-05-29
DOC_JUDG_CJ_1990_0145_P_19911121,1991-06-26
DOC_JUDG_CJ_1990_0157_19920604,1992-01-07
DOC_JUDG_CJ_1990_0157_19920604,1992-02-25
DOC_JUDG_CJ_1990_0158_19911213,1991-04-30
DOC_JUDG_CJ_1990_0164_19911213,1991-09-24
DOC_JUDG_CJ_1990_0164_19911213,1991-10-24
DOC_JUDG_CJ_1990_0177_19920110,1991-09-26
DOC_JUDG_CJ_1990_0177_19920110,1991-07-11
DOC_JUDG_CJ_1990_0179_19911210,1991-09-19
DOC_JUDG_CJ_1990_0179_19911210,1991-05-30
DOC_JUDG_CJ_1990_0181_19920604,1992-01-07
DOC_JUDG_CJ_1990_0181_19920604,1992-02-25
DOC_JUDG_CJ_1990_0183_19911004,1991-06-18
DOC_JUDG_CJ_1990_0183_19911004,1991-07-11
DOC_JUDG_CJ_1990_0185_P_19911004,1991-09-19
DOC_JUDG_CJ_1990_0188_19920319,1991-11-14
DOC_JUDG_CJ_1990_0188_19920319,1992-01-14
DOC_JUDG_CJ_1990_0189_19920604,1992-01-07
DOC_JUDG_CJ_1990_0189_19920604,1992-02-25
DOC_JUDG_CJ_1990_0190_19920520,1992-02-05
DOC_JUDG_CJ_1990_0190_19920520,1992-03-17
DOC_JUDG_CJ_1990_0195_19920519,1992-01-15
DOC_JUDG_CJ_1990_0195_19920519,1992-03-13
DOC_JUDG_CJ_1990_0197_19920108,1991-06-27
DOC_JUDG_CJ_1990_0197_19920108,1991-10-03
DOC_JUDG_CJ_1990_0198_19911128,1991-09-17
DOC_JUDG_CJ_1990_0198_19911128,1991-06-12
DOC_JUDG_CJ_1990_0200_19920331,1991-11-28
DOC_JUDG_CJ_1990_0200_19920331,1992-01-30
DOC_JUDG_CJ_1990_0202_19910725,1991-05-02
DOC_JUDG_CJ_1990_0202_19910725,1991-06-04
DOC_JUDG_CJ_1990_0204_19920128,1991-09-17
DOC_JUDG_CJ_1990_0204_19920128,1991-07-03
DOC_JUDG_CJ_1990_0209_19920408,1991-09-26
DOC_JUDG_CJ_1990_0209_19920408,1991-10-22
DOC_JUDG_CJ_1990_0210_19920213,1991-11-14
DOC_JUDG_CJ_1990_0210_19920213,1991-12-13
DOC_JUDG_CJ_1990_0213_19910704,1991-05-08
DOC_JUDG_CJ_1990_0213_19910704,1991-03-14
DOC_JUDG_CJ_1990_0228_19920609,1991-12-13
DOC_JUDG_CJ_1990_0228_19920609,1991-11-07
DOC_JUDG_CJ_1990_0235_19911119,1991-06-11
DOC_JUDG_CJ_1990_0235_19911119,1991-05-02
DOC_JUDG_CJ_1990_0236_19920709,1992-02-04
DOC_JUDG_CJ_1990_0237_19921124,1992-01-14
DOC_JUDG_CJ_1990_0237_19921124,1992-02-12
DOC_JUDG_CJ_1990_0239_19910430,1991-03-05
DOC_JUDG_CJ_1990_0240_19921027,1992-06-03
DOC_JUDG_CJ_1990_0240_19921027,1992-04-01
DOC_JUDG_CJ_1990_0242_P_19930706,1993-03-23
DOC_JUDG_CJ_1990_0246_19920603,1992-02-26
DOC_JUDG_CJ_1990_0246_19920603,1992-01-14
DOC_JUDG_CJ_1990_0253_19920206,1991-09-19
DOC_JUDG_CJ_1990_0253_19920206,1991-07-02
DOC_JUDG_CJ_1990_0255_P_19920331,1991-10-24
DOC_JUDG_CJ_1990_0255_P_19920331,1991-12-13
DOC_JUDG_CJ_1990_0256_19920408,1992-01-24
DOC_JUDG_CJ_1990_0256_19920408,1992-02-27
DOC_JUDG_CJ_1990_0257_19930114,1992-05-07
DOC_JUDG_CJ_1990_0257_19930114,1992-06-30
DOC_JUDG_CJ_1990_0258_19920507,1991-11-12
DOC_JUDG_CJ_1990_0258_19920507,1992-01-21
DOC_JUDG_CJ_1990_0260_19920212,1991-10-03
DOC_JUDG_CJ_1990_0260_19920212,1991-11-07
DOC_JUDG_CJ_1990_0261_19920326,1992-02-20
DOC_JUDG_CJ_1990_0261_19920326,1991-12-06
DOC_JUDG_CJ_1990_0264_19921203,1992-04-02
DOC_JUDG_CJ_1990_0264_19921203,1992-05-21
DOC_JUDG_CJ_1990_0271_19921117,1992-03-31
DOC_JUDG_CJ_1990_0271_19921117,1992-05-20
DOC_JUDG_CJ_1990_0272_19910516,1991-04-18
DOC_JUDG_CJ_1990_0280_19920226,1991-12-10
DOC_JUDG_CJ_1990_0280_19920226,1991-10-15
DOC_JUDG_CJ_1990_0282_19920313,1991-11-19
DOC_JUDG_CJ_1990_0282_19920313,1992-01-16
DOC_JUDG_CJ_1990_0283_P_19911001,1991-05-15
DOC_JUDG_CJ_1990_0283_P_19911001,1991-06-27
DOC_JUDG_CJ_1990_0284_19920331,1991-09-19
DOC_JUDG_CJ_1990_0284_19920331,1991-10-17
DOC_JUDG_CJ_1990_0286_19921124,1992-03-31
DOC_JUDG_CJ_1990_0286_19921124,1992-01-21
DOC_JUDG_CJ_1990_0290_19920520,1992-02-06
DOC_JUDG_CJ_1990_0290_19920520,1992-03-13
DOC_JUDG_CJ_1990_0294_19920204,1991-10-10
DOC_JUDG_CJ_1990_0294_19920204,1991-12-10
DOC_JUDG_CJ_1990_0295_19920707,1992-05-20
DOC_JUDG_CJ_1990_0295_19920707,1992-03-25
DOC_JUDG_CJ_1990_0296_19910711,1991-06-27
DOC_JUDG_CJ_1990_0296_19910711,1991-07-02
DOC_JUDG_CJ_1990_0300_19920128,1991-09-17
DOC_JUDG_CJ_1990_0300_19920128,1991-07-03
DOC_JUDG_CJ_1990_0301_19920123,1991-11-07
DOC_JUDG_CJ_1990_0301_19920123,1991-10-01
DOC_JUDG_CJ_1990_0303_19911113,1991-09-19
DOC_JUDG_CJ_1990_0303_19911113,1991-07-11
DOC_JUDG_CJ_1990_0304_19921216,1992-06-02
DOC_JUDG_CJ_1990_0304_19921216,1992-07-08
DOC_JUDG_CJ_1990_0308_19930121,1992-10-15
DOC_JUDG_CJ_1990_0308_19930121,1992-11-19
DOC_JUDG_CJ_1990_0311_19920319,1992-01-16
DOC_JUDG_CJ_1990_0311_19920319,1991-11-29
DOC_JUDG_CJ_1990_0312_19920630,1992-02-04
DOC_JUDG_CJ_1990_0312_19920630,1992-03-18
DOC_JUDG_CJ_1990_0313_19930324,1992-07-09
DOC_JUDG_CJ_1990_0313_19930324,1992-09-17
DOC_JUDG_CJ_1990_0315_19911127,1991-06-25
DOC_JUDG_CJ_1990_0315_19911127,1991-09-26
DOC_JUDG_CJ_1990_0318_19920603,1992-02-26
DOC_JUDG_CJ_1990_0318_19920603,1992-01-24
DOC_JUDG_CJ_1990_0320_19930126,1992-06-09
DOC_JUDG_CJ_1990_0320_19930126,1992-10-06
DOC_JUDG_CJ_1990_0323_19920311,1991-11-07
DOC_JUDG_CJ_1990_0323_19920311,1991-12-13
DOC_JUDG_CJ_1990_0324_19940413,1993-10-06
DOC_JUDG_CJ_1990_0324_19940413,1993-05-18
DOC_JUDG_CJ_1990_0326_19921110,1992-10-07
DOC_JUDG_CJ_1990_0328_19920130,1991-11-21
DOC_JUDG_CJ_1990_0332_19920128,1991-11-05
DOC_JUDG_CJ_1990_0332_19920128,1991-10-22
DOC_JUDG_CJ_1990_0338_19920331,1992-01-17
DOC_JUDG_CJ_1990_0338_19920331,1991-11-22
DOC_JUDG_CJ_1990_0344_19920716,1992-02-26
DOC_JUDG_CJ_1990_0344_19920716,1992-04-08
DOC_JUDG_CJ_1990_0345_P_19920220,1991-12-10
DOC_JUDG_CJ_1990_0345_P_19920220,1991-11-08
DOC_JUDG_CJ_1990_0347_19920507,1992-03-19
DOC_JUDG_CJ_1990_0347_19920507,1992-02-13
DOC_JUDG_CJ_1990_0348_P_19911105,1991-10-03
DOC_JUDG_CJ_1990_0351_19920616,1992-03-10
DOC_JUDG_CJ_1990_0351_19920616,1992-03-25
DOC_JUDG_CJ_1990_0354_19911121,1991-07-11
DOC_JUDG_CJ_1990_0354_19911121,1991-10-03
DOC_JUDG_CJ_1990_0355_19930802,1993-06-09
DOC_JUDG_CJ_1990_0355_19930802,1993-04-21
DOC_JUDG_CJ_1990_0356_19930518,1992-12-16
DOC_JUDG_CJ_1990_0356_19930518,1992-10-20
DOC_JUDG_CJ_1990_0358_19920407,1992-01-16
DOC_JUDG_CJ_1990_0358_19920407,1991-11-13
DOC_JUDG_CJ_1990_0360_19920604,1991-11-29
DOC_JUDG_CJ_1990_0360_19920604,1992-01-28
DOC_JUDG_CJ_1990_0361_19930119,1992-06-24
DOC_JUDG_CJ_1990_0361_19930119,1992-09-22
DOC_JUDG_CJ_1990_0362_19920331,1992-02-26
DOC_JUDG_CJ_1990_0362_19920331,1992-01-16
DOC_JUDG_CJ_1990_0364_19930428,1993-02-17
DOC_JUDG_CJ_1990_0364_19930428,1992-12-15
DOC_JUDG_CJ_1990_0369_19920707,1991-12-03
DOC_JUDG_CJ_1990_0369_19920707,1992-01-30
DOC_JUDG_CJ_1990_0370_19920707,1992-05-20
DOC_JUDG_CJ_1990_0370_19920707,1992-03-24
DOC_JUDG_CJ_1990_0371_19920408,1992-01-10
DOC_JUDG_CJ_1990_0371_19920408,1992-02-12
DOC_JUDG_CJ_1990_0375_19930427,1992-10-27
DOC_JUDG_CJ_1990_0375_19930427,1992-12-02
DOC_JUDG_CJ_1990_0376_19921125,1992-06-30
DOC_JUDG_CJ_1990_0376_19921125,1992-05-13
DOC_JUDG_CJ_1990_0377_19920227,1991-11-28
DOC_JUDG_CJ_1990_0378_P_19920402,1991-11-14
DOC_JUDG_CJ_1990_0378_P_19920402,1991-12-10
DOC_JUDG_CJ_1991_0003_19921110,1992-01-23
DOC_JUDG_CJ_1991_0003_19921110,1992-03-18
DOC_JUDG_CJ_1991_0004_19911127,1991-10-22
DOC_JUDG_CJ_1991_0005_19920218,1991-10-22
DOC_JUDG_CJ_1991_0005_19920218,1991-12-10
DOC_JUDG_CJ_1991_0009_19920707,1992-03-18
DOC_JUDG_CJ_1991_0009_19920707,1992-05-12
DOC_JUDG_CJ_1991_0013_19920604,1992-03-24
DOC_JUDG_CJ_1991_0014_19920130,1991-11-12
DOC_JUDG_CJ_1991_0015_19921124,1992-07-08
DOC_JUDG_CJ_1991_0015_19921124,1992-05-13
DOC_JUDG_CJ_1991_0017_19921216,1992-06-04
DOC_JUDG_CJ_1991_0017_19921216,1992-06-25
DOC_JUDG_CJ_1991_0018_P_19920619,1991-12-13
DOC_JUDG_CJ_1991_0020_19920506,1992-02-27
DOC_JUDG_CJ_1991_0020_19920506,1992-01-24
DOC_JUDG_CJ_1991_0021_19920604,1992-03-17
DOC_JUDG_CJ_1991_0021_19920604,1992-01-28
DOC_JUDG_CJ_1991_0024_19920318,1992-02-06
DOC_JUDG_CJ_1991_0024_19920318,1992-01-09
DOC_JUDG_CJ_1991_0025_19930401,1992-10-15
DOC_JUDG_CJ_1991_0025_19930401,1992-11-26
DOC_JUDG_CJ_1991_0026_19920617,1992-04-08
DOC_JUDG_CJ_1991_0026_19920617,1992-02-25
DOC_JUDG_CJ_1991_0027_19911121,1991-10-24
DOC_JUDG_CJ_1991_0029_19920519,1992-03-24
DOC_JUDG_CJ_1991_0029_19920519,1992-02-12
DOC_JUDG_CJ_1991_0030_P_19920609,1992-03-13
DOC_JUDG_CJ_1991_0030_P_19920609,1992-02-06
DOC_JUDG_CJ_1991_0031_19930401,1992-09-15
DOC_JUDG_CJ_1991_0031_19930401,1992-06-04
DOC_JUDG_CJ_1991_0045_19920407,1992-02-26
DOC_JUDG_CJ_1991_0045_19920407,1992-01-29
DOC_JUDG_CJ_1991_0047_19920630,1992-03-18
DOC_JUDG_CJ_1991_0047_19920630,1992-02-04
DOC_JUDG_CJ_1991_0047_19941005,1994-02-02
DOC_JUDG_CJ_1991_0047_19941005,1994-03-22
DOC_JUDG_CJ_1991_0048_19931110,1993-03-02
DOC_JUDG_CJ_1991_0048_19931110,1993-04-20
DOC_JUDG_CJ_1991_0049_19921013,1992-04-02
DOC_JUDG_CJ_1991_0049_19921013,1992-05-14
DOC_JUDG_CJ_1991_0050_19921013,1992-04-02
DOC_JUDG_CJ_1991_0050_19921013,1992-05-14
DOC_JUDG_CJ_1991_0052_19930608,1993-02-02
DOC_JUDG_CJ_1991_0052_19930608,1993-03-10
DOC_JUDG_CJ_1991_0054_19930622,1993-01-12
DOC_JUDG_CJ_1991_0054_19930622,1993-02-17
DOC_JUDG_CJ_1991_0055_19931006,1992-11-10
DOC_JUDG_CJ_1991_0055_19931006,1993-03-03
DOC_JUDG_CJ_1991_0056_19930622,1992-10-21
DOC_JUDG_CJ_1991_0056_19930622,1992-12-15
DOC_JUDG_CJ_1991_0062_19920408,1991-11-29
DOC_JUDG_CJ_1991_0062_19920408,1992-01-16
DOC_JUDG_CJ_1991_0063_19920716,1992-05-15
DOC_JUDG_CJ_1991_0063_19920716,1992-03-13
DOC_JUDG_CJ_1991_0065_19921014,1992-06-16
DOC_JUDG_CJ_1991_0065_19921014,1992-04-07
DOC_JUDG_CJ_1991_0067_19920716,1992-06-10
DOC_JUDG_CJ_1991_0067_19920716,1992-05-12
DOC_JUDG_CJ_1991_0068_P_19921217,1992-10-01
DOC_JUDG_CJ_1991_0068_P_19921217,1992-11-10
DOC_JUDG_CJ_1991_0069_19931027,1992-01-22
DOC_JUDG_CJ_1991_0069_19931027,1992-06-03
DOC_JUDG_CJ_1991_0070_P_19920507,1992-01-10
DOC_JUDG_CJ_1991_0070_P_19920507,1992-02-19
DOC_JUDG_CJ_1991_0071_19930420,1992-07-08
DOC_JUDG_CJ_1991_0071_19930420,1992-09-30
DOC_JUDG_CJ_1991_0072_19930317,1992-03-17
DOC_JUDG_CJ_1991_0072_19930317,1992-01-07
DOC_JUDG_CJ_1991_0074_19921027,1992-09-15
DOC_JUDG_CJ_1991_0074_19921027,1992-06-17
DOC_JUDG_CJ_1991_0075_19920206,1992-01-16
DOC_JUDG_CJ_1991_0077_19920206,1992-01-16
DOC_JUDG_CJ_1991_0078_19920716,1992-03-19
DOC_JUDG_CJ_1991_0078_19920716,1992-05-06
DOC_JUDG_CJ_1991_0083_19920716,1992-02-19
DOC_JUDG_CJ_1991_0083_19920716,1992-04-08
DOC_JUDG_CJ_1991_0088_19920625,1992-04-08
DOC_JUDG_CJ_1991_0088_19920625,1992-03-12
DOC_JUDG_CJ_1991_0089_19930119,1992-07-07
DOC_JUDG_CJ_1991_0089_19930119,1992-10-27
DOC_JUDG_CJ_1991_0090_19920611,1992-04-08
DOC_JUDG_CJ_1991_0090_19920611,1992-03-19
DOC_JUDG_CJ_1991_0092_19931027,1992-06-03
DOC_JUDG_CJ_1991_0092_19931027,1992-01-22
DOC_JUDG_CJ_1991_0094_19920408,1992-02-20
DOC_JUDG_CJ_1991_0094_19920408,1992-01-17
DOC_JUDG_CJ_1991_0097_19921203,1992-05-14
DOC_JUDG_CJ_1991_0097_19921203,1992-06-09
DOC_JUDG_CJ_1991_0098_19940127,1992-12-09
DOC_JUDG_CJ_1991_0101_19930119,1992-10-28
DOC_JUDG_CJ_1991_0101_19930119,1992-10-21
DOC_JUDG_CJ_1991_0106_19920520,1992-02-13
DOC_JUDG_CJ_1991_0106_19920520,1992-03-19
DOC_JUDG_CJ_1991_0107_19930216,1992-09-15
DOC_JUDG_CJ_1991_0107_19930216,1992-06-03
DOC_JUDG_CJ_1991_0109_19931006,1993-04-28
DOC_JUDG_CJ_1991_0109_19931006,1993-01-26
DOC_JUDG_CJ_1991_0111_19930310,1992-11-17
DOC_JUDG_CJ_1991_0111_19930310,1992-12-16
DOC_JUDG_CJ_1991_0114_19921216,1992-06-25
DOC_JUDG_CJ_1991_0114_19921216,1992-06-04
DOC_JUDG_CJ_1991_0116_19920625,1992-04-08
DOC_JUDG_CJ_1991_0116_19920625,1992-03-12
DOC_JUDG_CJ_1991_0121_19930706,1992-11-11
DOC_JUDG_CJ_1991_0121_19930706,1992-10-08
DOC_JUDG_CJ_1991_0123_19921112,1992-06-11
DOC_JUDG_CJ_1991_0123_19921112,1992-07-08
DOC_JUDG_CJ_1991_0126_19930518,1992-06-02
DOC_JUDG_CJ_1991_0126_19930518,1992-09-15
DOC_JUDG_CJ_1991_0131_19920709,1992-05-07
DOC_JUDG_CJ_1991_0131_19920709,1992-06-24
DOC_JUDG_CJ_1991_0132_19921216,1992-11-10
DOC_JUDG_CJ_1991_0132_19921216,1992-10-07
DOC_JUDG_CJ_1991_0134_19921112,1992-06-25
DOC_JUDG_CJ_1991_0134_19921112,1992-09-22
DOC_JUDG_CJ_1991_0136_19930401,1992-06-04
DOC_JUDG_CJ_1991_0136_19930401,1992-07-02
DOC_JUDG_CJ_1991_0137_19920624,1992-03-18
DOC_JUDG_CJ_1991_0137_19920624,1992-03-11
DOC_JUDG_CJ_1991_0140_19921203,1992-10-29
DOC_JUDG_CJ_1991_0142_19930211,1992-07-01
DOC_JUDG_CJ_1991_0144_19921216,1992-06-04
DOC_JUDG_CJ_1991_0146_19940915,1993-09-15
DOC_JUDG_CJ_1991_0146_19940915,1993-06-10
DOC_JUDG_CJ_1991_0147_19920625,1992-06-04
DOC_JUDG_CJ_1991_0147_19920625,1992-05-07
DOC_JUDG_CJ_1991_0148_19930203,1992-10-06
DOC_JUDG_CJ_1991_0148_19930203,1992-11-18
DOC_JUDG_CJ_1991_0152_19931222,1993-04-28
DOC_JUDG_CJ_1991_0152_19931222,1993-01-26
DOC_JUDG_CJ_1991_0155_19930317,1992-12-01
DOC_JUDG_CJ_1991_0155_19930317,1992-11-25
DOC_JUDG_CJ_1991_0156_19921110,1992-06-25
DOC_JUDG_CJ_1991_0156_19921110,1992-05-14
DOC_JUDG_CJ_1991_0157_19921117,1992-06-09
DOC_JUDG_CJ_1991_0157_19921117,1992-07-07
DOC_JUDG_CJ_1991_0158_19930802,1992-09-16
DOC_JUDG_CJ_1991_0158_19930802,1992-10-27
DOC_JUDG_CJ_1991_0163_19921112,1992-10-01
DOC_JUDG_CJ_1991_0165_19941005,1993-01-14
DOC_JUDG_CJ_1991_0165_19941005,1994-04-12
DOC_JUDG_CJ_1991_0165_19941005,1994-06-28
DOC_JUDG_CJ_1991_0166_19920408,1992-03-25
DOC_JUDG_CJ_1991_0166_19920408,1992-02-20
DOC_JUDG_CJ_1991_0168_19930330,1992-10-29
DOC_JUDG_CJ_1991_0168_19930330,1992-12-09
DOC_JUDG_CJ_1991_0169_19921216,1992-06-02
DOC_JUDG_CJ_1991_0169_19921216,1992-07-08
DOC_JUDG_CJ_1991_0172_19930421,1992-12-02
DOC_JUDG_CJ_1991_0172_19930421,1992-10-14
DOC_JUDG_CJ_1991_0173_19930217,1992-10-20
DOC_JUDG_CJ_1991_0173_19930217,1992-12-02
DOC_JUDG_CJ_1991_0177_19930114,1992-09-15
DOC_JUDG_CJ_1991_0177_19930114,1992-06-25
DOC_JUDG_CJ_1991_0181_19930630,1992-10-28
DOC_JUDG_CJ_1991_0181_19930630,1992-12-16
DOC_JUDG_CJ_1991_0182_19930429,1992-12-03
DOC_JUDG_CJ_1991_0182_19930429,1993-01-26
DOC_JUDG_CJ_1991_0183_19930610,1993-02-17
DOC_JUDG_CJ_1991_0183_19930610,1993-02-02
DOC_JUDG_CJ_1991_0184_19930331,1992-10-15
DOC_JUDG_CJ_1991_0184_19930331,1992-12-09
DOC_JUDG_CJ_1991_0186_19930310,1992-11-10
DOC_JUDG_CJ_1991_0186_19930310,1992-10-07
DOC_JUDG_CJ_1991_0189_19931130,1992-11-25
DOC_JUDG_CJ_1991_0191_19930310,1992-10-15
DOC_JUDG_CJ_1991_0194_19921216,1992-10-01
DOC_JUDG_CJ_1991_0194_19921216,1992-10-29
DOC_JUDG_CJ_1991_0195_P_19941215,1992-06-25
DOC_JUDG_CJ_1991_0195_P_19941215,1992-09-15
DOC_JUDG_CJ_1991_0197_19930525,1992-11-12
DOC_JUDG_CJ_1991_0197_19930525,1992-12-16
DOC_JUDG_CJ_1991_0198_19930519,1993-02-03
DOC_JUDG_CJ_1991_0198_19930519,1993-03-31
DOC_JUDG_CJ_1991_0199_19930525,1992-11-19
DOC_JUDG_CJ_1991_0199_19930525,1992-12-17
DOC_JUDG_CJ_1991_0200_19940928,1993-04-28
DOC_JUDG_CJ_1991_0200_19940928,1993-01-26
DOC_JUDG_CJ_1991_0201_19921001,1992-06-11
DOC_JUDG_CJ_1991_0201_19921001,1992-07-08
DOC_JUDG_CJ_1991_0206_19921216,1992-10-01
DOC_JUDG_CJ_1991_0206_19921216,1992-10-22
DOC_JUDG_CJ_1991_0207_19930701,1993-02-18
DOC_JUDG_CJ_1991_0207_19930701,1992-11-11
DOC_JUDG_CJ_1991_0208_19921216,1992-06-11
DOC_JUDG_CJ_1991_0208_19921216,1992-09-17
DOC_JUDG_CJ_1991_0209_19921112,1992-10-08
DOC_JUDG_CJ_1991_0209_19921112,1992-10-01
DOC_JUDG_CJ_1991_0210_19921216,1992-09-15
DOC_JUDG_CJ_1991_0210_19921216,1992-06-24
DOC_JUDG_CJ_1991_0211_19921216,1992-11-10
DOC_JUDG_CJ_1991_0211_19921216,1992-11-24
DOC_JUDG_CJ_1991_0212_19940125,1993-05-11
DOC_JUDG_CJ_1991_0212_19940125,1993-06-16
DOC_JUDG_CJ_1991_0213_19930615,1993-03-10
DOC_JUDG_CJ_1991_0213_19930615,1993-04-21
DOC_JUDG_CJ_1991_0216_19931207,1993-05-27
DOC_JUDG_CJ_1991_0216_19931207,1993-07-15
DOC_JUDG_CJ_1991_0218_19930218,1992-11-26
DOC_JUDG_CJ_1991_0218_19930218,1992-11-18
DOC_JUDG_CJ_1991_0219_19921028,1992-07-09
DOC_JUDG_CJ_1991_0219_19921028,1992-09-22
DOC_JUDG_CJ_1991_0220_P_19930518,1993-03-17
DOC_JUDG_CJ_1991_0220_P_19930518,1993-01-19
DOC_JUDG_CJ_1991_0222_19930622,1993-01-14
DOC_JUDG_CJ_1991_0222_19930622,1993-03-02
DOC_JUDG_CJ_1991_0225_19930615,1993-02-03
DOC_JUDG_CJ_1991_0225_19930615,1993-04-28
DOC_JUDG_CJ_1991_0226_19921119,1992-09-17
DOC_JUDG_CJ_1991_0226_19921119,1992-07-09
DOC_JUDG_CJ_1991_0228_19930525,1993-01-12
DOC_JUDG_CJ_1991_0228_19930525,1993-03-17
DOC_JUDG_CJ_1991_0234_19931201,1993-09-28
DOC_JUDG_CJ_1991_0234_19931201,1993-07-13
DOC_JUDG_CJ_1991_0235_19921117,1992-10-14
DOC_JUDG_CJ_1991_0236_19921117,1992-10-14
DOC_JUDG_CJ_1991_0237_19921216,1992-11-10
DOC_JUDG_CJ_1991_0241_P_19950406,1993-12-01
DOC_JUDG_CJ_1991_0241_P_19950406,1994-06-01
DOC_JUDG_CJ_1991_0244_P_19931222,1993-05-06
DOC_JUDG_CJ_1991_0244_P_19931222,1993-06-30
DOC_JUDG_CJ_1991_0246_19930505,1993-01-12
DOC_JUDG_CJ_1991_0250_19930401,1992-10-22
DOC_JUDG_CJ_1991_0250_19930401,1992-09-17
DOC_JUDG_CJ_1991_0256_19930401,1992-12-16
DOC_JUDG_CJ_1991_0256_19930401,1992-11-12
DOC_JUDG_CJ_1991_0260_19930401,1992-12-03
DOC_JUDG_CJ_1991_0260_19930401,1992-11-11
DOC_JUDG_CJ_1991_0262_19921014,1992-07-01
DOC_JUDG_CJ_1991_0264_19930615,1993-03-10
DOC_JUDG_CJ_1991_0264_19930615,1993-04-21
DOC_JUDG_CJ_1991_0266_19930802,1992-11-19
DOC_JUDG_CJ_1991_0266_19930802,1993-01-26
DOC_JUDG_CJ_1991_0267_19931124,1993-03-09
DOC_JUDG_CJ_1991_0267_19931124,1993-04-28
DOC_JUDG_CJ_1991_0270_19920708,1992-05-15
DOC_JUDG_CJ_1991_0271_19930802,1993-01-26
DOC_JUDG_CJ_1991_0271_19930802,1992-12-08
DOC_JUDG_CJ_1991_0272_19940426,1993-07-14
DOC_JUDG_CJ_1991_0272_19940426,1993-05-26
DOC_JUDG_CJ_1991_0275_19930203,1992-07-02
DOC_JUDG_CJ_1991_0275_19930203,1992-09-30
DOC_JUDG_CJ_1991_0276_19930802,1993-02-17
DOC_JUDG_CJ_1991_0276_19930802,1993-01-13
DOC_JUDG_CJ_1991_0277_19931215,1993-03-24
DOC_JUDG_CJ_1991_0277_19931215,1993-05-25
DOC_JUDG_CJ_1991_0280_19930318,1992-11-12
DOC_JUDG_CJ_1991_0280_19930318,1992-12-17
DOC_JUDG_CJ_1991_0281_19931027,1993-01-21
DOC_JUDG_CJ_1991_0281_19931027,1993-03-03
DOC_JUDG_CJ_1991_0282_19930330,1992-10-29
DOC_JUDG_CJ_1991_0282_19930330,1992-11-26
DOC_JUDG_CJ_1991_0283_19921203,1992-10-08
DOC_JUDG_CJ_1991_0284_19921027,1992-10-08
DOC_JUDG_CJ_1991_0289_19930802,1992-12-16
DOC_JUDG_CJ_1991_0289_19930802,1993-02-16
DOC_JUDG_CJ_1991_0291_19930211,1992-10-08
DOC_JUDG_CJ_1991_0291_19930211,1992-10-29
DOC_JUDG_CJ_1991_0293_19930113,1992-12-08
DOC_JUDG_CJ_1991_0304_19930511,1992-12-17
DOC_JUDG_CJ_1991_0304_19930511,1993-01-28
DOC_JUDG_CJ_1991_0306_19930428,1993-01-20
DOC_JUDG_CJ_1991_0306_19930428,1993-03-10
DOC_JUDG_CJ_1991_0307_19931216,1993-02-03
DOC_JUDG_CJ_1991_0308_19930525,1993-01-14
DOC_JUDG_CJ_1991_0308_19930525,1992-11-26
DOC_JUDG_CJ_1991_0310_19930527,1993-01-12
DOC_JUDG_CJ_1991_0310_19930527,1992-11-11
DOC_JUDG_CJ_1991_0312_19930701,1993-04-22
DOC_JUDG_CJ_1991_0312_19930701,1993-03-11
DOC_JUDG_CJ_1991_0314_19930323,1992-12-01
DOC_JUDG_CJ_1991_0314_19930323,1993-01-13
DOC_JUDG_CJ_1991_0316_19940302,1993-11-10
DOC_JUDG_CJ_1991_0316_19940302,1993-09-14
DOC_JUDG_CJ_1991_0317_19931130,1993-06-09
DOC_JUDG_CJ_1991_0317_19931130,1993-02-09
DOC_JUDG_CJ_1991_0321_19930525,1992-11-19
DOC_JUDG_CJ_1991_0321_19930525,1993-01-19
DOC_JUDG_CJ_1991_0325_19930616,1991-11-24
DOC_JUDG_CJ_1991_0325_19930616,1992-12-16
DOC_JUDG_CJ_1991_0326_P_19940602,1993-11-10
DOC_JUDG_CJ_1991_0327_19940809,1993-07-06
DOC_JUDG_CJ_1991_0327_19940809,1993-12-16
DOC_JUDG_CJ_1991_0328_19930330,1992-11-26
DOC_JUDG_CJ_1991_0328_19930330,1993-01-27
DOC_JUDG_CJ_1991_0333_19930622,1992-12-09
DOC_JUDG_CJ_1991_0333_19930622,1993-01-20
DOC_JUDG_CJ_1991_0334_19930525,1992-11-19
DOC_JUDG_CJ_1991_0334_19930525,1992-12-17
DOC_JUDG_CJ_1991_0337_19931027,1993-02-16
DOC_JUDG_CJ_1991_0337_19931027,1993-03-31
DOC_JUDG_CJ_1991_0338_19931027,1993-03-31
DOC_JUDG_CJ_1991_0338_19931027,1993-02-16
DOC_JUDG_CJ_1992_0002_19940324,1993-04-20
DOC_JUDG_CJ_1992_0002_19940324,1993-02-17
DOC_JUDG_CJ_1992_0010_19931020,1993-03-24
DOC_JUDG_CJ_1992_0010_19931020,1993-02-10
DOC_JUDG_CJ_1992_0011_19930622,1993-01-14
DOC_JUDG_CJ_1992_0011_19930622,1993-03-02
DOC_JUDG_CJ_1992_0012_19931207,1993-04-01
DOC_JUDG_CJ_1992_0012_19931207,1993-05-18
DOC_JUDG_CJ_1992_0013_19931005,1993-04-22
DOC_JUDG_CJ_1992_0013_19931005,1993-05-27
DOC_JUDG_CJ_1992_0018_19930525,1993-01-14
DOC_JUDG_CJ_1992_0020_19930701,1993-03-10
DOC_JUDG_CJ_1992_0021_19940505,1993-06-30
DOC_JUDG_CJ_1992_0021_19940505,1993-04-22
DOC_JUDG_CJ_1992_0023_19930802,1993-04-28
DOC_JUDG_CJ_1992_0023_19930802,1993-03-02
DOC_JUDG_CJ_1992_0027_19930331,1992-12-17
DOC_JUDG_CJ_1992_0027_19930331,1992-11-26
DOC_JUDG_CJ_1992_0028_19931216,1993-04-22
DOC_JUDG_CJ_1992_0028_19931216,1993-03-11
DOC_JUDG_CJ_1992_0033_19930527,1993-03-18
DOC_JUDG_CJ_1992_0033_19930527,1993-03-31
DOC_JUDG_CJ_1992_0035_P_19930318,1993-01-13
DOC_JUDG_CJ_1992_0036_P_19940519,1993-12-15
DOC_JUDG_CJ_1992_0037_19931012,1993-03-02
DOC_JUDG_CJ_1992_0039_19931110,1993-07-08
DOC_JUDG_CJ_1992_0039_19931110,1993-06-24
DOC_JUDG_CJ_1992_0040_19940324,1993-06-08
DOC_JUDG_CJ_1992_0040_19940324,1993-09-14
DOC_JUDG_CJ_1992_0042_19930713,1993-03-24
DOC_JUDG_CJ_1992_0042_19930713,1993-02-18
DOC_JUDG_CJ_1992_0045_19931209,1992-11-12
DOC_JUDG_CJ_1992_0045_19931209,1993-02-16
DOC_JUDG_CJ_1992_0049_P_19990708,1997-07-15
DOC_JUDG_CJ_1992_0049_P_19990708,1997-03-12
DOC_JUDG_CJ_1992_0050_19930318,1993-02-09
DOC_JUDG_CJ_1992_0050_19930318,1992-12-10
DOC_JUDG_CJ_1992_0051_P_19990708,1997-03-12
DOC_JUDG_CJ_1992_0051_P_19990708,1997-07-15
DOC_JUDG_CJ_1992_0052_19930526,1993-03-31
DOC_JUDG_CJ_1992_0052_19930526,1993-05-05
DOC_JUDG_CJ_1992_0053_P_19940302,1993-11-10
DOC_JUDG_CJ_1992_0053_P_19940302,1993-09-29
DOC_JUDG_CJ_1992_0065_19930422,1992-12-17
DOC_JUDG_CJ_1992_0065_19930422,1993-01-28
DOC_JUDG_CJ_1992_0066_19930802,1993-04-01
DOC_JUDG_CJ_1992_0066_19930802,1993-05-06
DOC_JUDG_CJ_1992_0068_19931117,1993-07-13
DOC_JUDG_CJ_1992_0068_19931117,1993-05-25
DOC_JUDG_CJ_1992_0071_19931117,1993-05-05
DOC_JUDG_CJ_1992_0071_19931117,1993-06-30
DOC_JUDG_CJ_1992_0073_19931117,1993-07-13
DOC_JUDG_CJ_1992_0073_19931117,1993-05-25
DOC_JUDG_CJ_1992_0075_19940707,1994-01-20
DOC_JUDG_CJ_1992_0075_19940707,1994-03-16
DOC_JUDG_CJ_1992_0080_19940324,1993-12-15
DOC_JUDG_CJ_1992_0080_19940324,1994-01-12
DOC_JUDG_CJ_1992_0083_19931207,1993-07-15
DOC_JUDG_CJ_1992_0083_19931207,1993-06-24
DOC_JUDG_CJ_1992_0088_19930617,1993-01-21
DOC_JUDG_CJ_1992_0088_19930617,1993-03-31
DOC_JUDG_CJ_1992_0090_19930624,1993-05-06
DOC_JUDG_CJ_1992_0090_19930624,1993-04-22
DOC_JUDG_CJ_1992_0091_19940714,1994-02-09
DOC_JUDG_CJ_1992_0091_19940714,1993-03-16
DOC_JUDG_CJ_1992_0092_19931020,1993-06-30
DOC_JUDG_CJ_1992_0092_19931020,1993-05-19
DOC_JUDG_CJ_1992_0093_19931013,1993-06-08
DOC_JUDG_CJ_1992_0093_19931013,1993-05-13
DOC_JUDG_CJ_1992_0095_19930609,1993-03-30
DOC_JUDG_CJ_1992_0095_19930609,1993-04-28
DOC_JUDG_CJ_1992_0099_19940224,1993-07-15
DOC_JUDG_CJ_1992_0099_19940224,1993-05-27
DOC_JUDG_CJ_1992_0100_19940224,1993-05-27
DOC_JUDG_CJ_1992_0100_19940224,1993-07-15
DOC_JUDG_CJ_1992_0107_19930802,1993-03-31
DOC_JUDG_CJ_1992_0107_19930802,1993-05-12
DOC_JUDG_CJ_1992_0115_P_19931209,1993-03-04
DOC_JUDG_CJ_1992_0115_P_19931209,1993-04-01
DOC_JUDG_CJ_1992_0116_19931215,1993-09-15
DOC_JUDG_CJ_1992_0116_19931215,1993-07-01
DOC_JUDG_CJ_1992_0118_19940518,1994-03-15
DOC_JUDG_CJ_1992_0119_19940209,1993-10-13
DOC_JUDG_CJ_1992_0119_19940209,1993-06-22
DOC_JUDG_CJ_1992_0121_19931013,1993-04-22
DOC_JUDG_CJ_1992_0121_19931013,1993-03-04
DOC_JUDG_CJ_1992_0124_19931013,1993-06-10
DOC_JUDG_CJ_1992_0124_19931013,1993-04-29
DOC_JUDG_CJ_1992_0129_19940120,1993-09-16
DOC_JUDG_CJ_1992_0129_19940120,1993-07-08
DOC_JUDG_CJ_1992_0134_19931117,1993-09-16
DOC_JUDG_CJ_1992_0134_19931117,1993-05-27
DOC_JUDG_CJ_1992_0135_19940629,1993-10-27
DOC_JUDG_CJ_1992_0135_19940629,1993-07-01
DOC_JUDG_CJ_1992_0136_P_19940601,1993-10-05
DOC_JUDG_CJ_1992_0137_P_19940615,1993-03-17
DOC_JUDG_CJ_1992_0137_P_19940615,1993-06-29
DOC_JUDG_CJ_1992_0139_19930802,1993-07-13
DOC_JUDG_CJ_1992_0139_19930802,1993-07-14
DOC_JUDG_CJ_1992_0154_19930701,1993-05-25
DOC_JUDG_CJ_1992_0154_19930701,1993-03-18
DOC_JUDG_CJ_1992_0188_19940309,1993-09-15
DOC_JUDG_CJ_1992_0188_19940309,1993-06-29
DOC_JUDG_CJ_1992_0189_19940127,1993-05-26
DOC_JUDG_CJ_1992_0193_19930218,1993-01-28
DOC_JUDG_CJ_1992_0193_19930218,1992-12-17
DOC_JUDG_CJ_1992_0199_P_19990708,1997-03-12
DOC_JUDG_CJ_1992_0199_P_19990708,1997-07-15
DOC_JUDG_CJ_1992_0200_P_19990708,1997-03-12
DOC_JUDG_CJ_1992_0200_P_19990708,1997-07-15
DOC_JUDG_CJ_1992_0227_P_19990708,1997-07-15
DOC_JUDG_CJ_1992_0227_P_19990708,1997-03-12
DOC_JUDG_CJ_1992_0228_19940426,1993-10-27
DOC_JUDG_CJ_1992_0234_P_19990708,1997-03-12
DOC_JUDG_CJ_1992_0234_P_19990708,1997-07-15
DOC_JUDG_CJ_1992_0235_P_19990708,1997-03-12
DOC_JUDG_CJ_1992_0235_P_19990708,1997-07-15
DOC_JUDG_CJ_1992_0245_P_19990708,1997-03-12
DOC_JUDG_CJ_1992_0245_P_19990708,1997-07-15
DOC_JUDG_CJ_1992_0248_19930802,1993-04-22
DOC_JUDG_CJ_1992_0248_19930802,1993-05-13
DOC_JUDG_CJ_1992_0249_19940920,1993-07-06
DOC_JUDG_CJ_1992_0249_19940920,1993-09-28
DOC_JUDG_CJ_1992_0250_19941215,1993-12-16
DOC_JUDG_CJ_1992_0271_19930525,1993-02-04
DOC_JUDG_CJ_1992_0271_19930525,1993-03-04
DOC_JUDG_CJ_1992_0275_19940324,1993-12-16
DOC_JUDG_CJ_1992_0275_19940324,1993-09-22
DOC_JUDG_CJ_1992_0278_19940914,1994-03-23
DOC_JUDG_CJ_1992_0278_19940914,1994-02-01
DOC_JUDG_CJ_1992_0285_19931117,1993-07-15
DOC_JUDG_CJ_1992_0285_19931117,1993-07-08
DOC_JUDG_CJ_1992_0288_19940629,1994-01-19
DOC_JUDG_CJ_1992_0288_19940629,1994-03-08
DOC_JUDG_CJ_1992_0292_19931215,1993-10-27
DOC_JUDG_CJ_1992_0294_19940517,1993-11-16
DOC_JUDG_CJ_1992_0294_19940517,1994-02-08
DOC_JUDG_CJ_1992_0296_19940112,1993-09-29
DOC_JUDG_CJ_1992_0296_19940112,1993-11-18
DOC_JUDG_CJ_1992_0303_19930802,1993-06-30
DOC_JUDG_CJ_1992_0304_19931222,1993-05-05
DOC_JUDG_CJ_1992_0304_19931222,1993-04-01
DOC_JUDG_CJ_1992_0305_19940428,1993-07-14
DOC_JUDG_CJ_1992_0305_19940428,1993-06-24
DOC_JUDG_CJ_1992_0313_19940602,1993-12-02
DOC_JUDG_CJ_1992_0315_19940202,1993-07-15
DOC_JUDG_CJ_1992_0315_19940202,1993-09-29
DOC_JUDG_CJ_1992_0316_19930629,1993-05-26
DOC_JUDG_CJ_1992_0317_19940601,1993-12-15
DOC_JUDG_CJ_1992_0319_19940209,1993-11-17
DOC_JUDG_CJ_1992_0319_19940209,1993-10-06
DOC_JUDG_CJ_1992_0320_P_19941215,1993-12-15
DOC_JUDG_CJ_1992_0327_19950518,1993-11-18
DOC_JUDG_CJ_1992_0328_19940503,1994-03-08
DOC_JUDG_CJ_1992_0332_19940303,1993-11-17
DOC_JUDG_CJ_1992_0332_19940303,1993-09-23
DOC_JUDG_CJ_1992_0334_19931216,1993-07-15
DOC_JUDG_CJ_1992_0338_19931020,1993-06-10
DOC_JUDG_CJ_1992_0338_19931020,1993-07-15
DOC_JUDG_CJ_1992_0339_19931207,1993-07-15
DOC_JUDG_CJ_1992_0339_19931207,1993-07-01
DOC_JUDG_CJ_1992_0343_19940224,1993-09-16
DOC_JUDG_CJ_1992_0343_19940224,1993-12-08
DOC_JUDG_CJ_1992_0345_19930323,1993-02-03
DOC_JUDG_CJ_1992_0350_19950713,1995-03-09
DOC_JUDG_CJ_1992_0353_19940714,1994-03-09
DOC_JUDG_CJ_1992_0353_19940714,1994-01-18
DOC_JUDG_CJ_1992_0354_P_19931222,1993-09-29
DOC_JUDG_CJ_1992_0359_19940809,1994-05-03
DOC_JUDG_CJ_1992_0359_19940809,1994-06-08
DOC_JUDG_CJ_1992_0360_P_19950117,1994-06-16
DOC_JUDG_CJ_1992_0360_P_19950117,1994-03-10
DOC_JUDG_CJ_1992_0364_19940119,1993-09-28
DOC_JUDG_CJ_1992_0364_19940119,1993-11-10
DOC_JUDG_CJ_1992_0371_19940608,1994-01-19
DOC_JUDG_CJ_1992_0371_19940608,1993-12-08
DOC_JUDG_CJ_1992_0373_19930608,1993-05-12
DOC_JUDG_CJ_1992_0374_19940201,1993-10-27
DOC_JUDG_CJ_1992_0374_19940201,1993-09-30
DOC_JUDG_CJ_1992_0375_19940322,1993-11-09
DOC_JUDG_CJ_1992_0375_19940322,1993-12-15
DOC_JUDG_CJ_1992_0377_19931005,1993-07-01
DOC_JUDG_CJ_1992_0377_19931005,1993-09-16
DOC_JUDG_CJ_1992_0379_19940714,1994-05-11
DOC_JUDG_CJ_1992_0379_19940714,1994-02-09
DOC_JUDG_CJ_1992_0381_19940126,1993-11-18
DOC_JUDG_CJ_1992_0382_19940608,1994-03-02
DOC_JUDG_CJ_1992_0382_19940608,1994-01-12
DOC_JUDG_CJ_1992_0384_19931222,1993-10-27
DOC_JUDG_CJ_1992_0385_19940714,1994-03-09
DOC_JUDG_CJ_1992_0385_19940714,1994-01-18
DOC_JUDG_CJ_1992_0387_19940315,1994-01-11
DOC_JUDG_CJ_1992_0387_19940315,1993-10-12
DOC_JUDG_CJ_1992_0388_19940601,1994-03-01
DOC_JUDG_CJ_1992_0388_19940601,1994-03-16
DOC_JUDG_CJ_1992_0389_19940414,1994-02-24
DOC_JUDG_CJ_1992_0391_19950629,1995-04-04
DOC_JUDG_CJ_1992_0391_19950629,1995-02-14
DOC_JUDG_CJ_1992_0392_19940414,1994-02-23
DOC_JUDG_CJ_1992_0392_19940414,1994-01-20
DOC_JUDG_CJ_1992_0393_19940427,1994-02-08
DOC_JUDG_CJ_1992_0394_19940609,1994-01-20
DOC_JUDG_CJ_1992_0394_19940609,1993-12-02
DOC_JUDG_CJ_1992_0396_19940809,1994-03-22
DOC_JUDG_CJ_1992_0396_19940809,1994-05-03
DOC_JUDG_CJ_1992_0399_19941215,1994-04-19
DOC_JUDG_CJ_1992_0399_19941215,1994-03-10
DOC_JUDG_CJ_1992_0400_19941005,1994-06-15
DOC_JUDG_CJ_1992_0400_19941005,1994-05-03
DOC_JUDG_CJ_1992_0401_19940602,1994-03-16
DOC_JUDG_CJ_1992_0401_19940602,1994-01-27
DOC_JUDG_CJ_1992_0403_19940629,1993-12-02
DOC_JUDG_CJ_1992_0403_19940629,1994-02-10
DOC_JUDG_CJ_1992_0404_P_19941005,1994-02-08
DOC_JUDG_CJ_1992_0404_P_19941005,1994-04-27
DOC_JUDG_CJ_1992_0405_19931124,1993-07-08
DOC_JUDG_CJ_1992_0405_19931124,1993-09-28
DOC_JUDG_CJ_1992_0406_19941206,1994-07-13
DOC_JUDG_CJ_1992_0406_19941206,1994-05-11
DOC_JUDG_CJ_1992_0408_19940928,1994-05-04
DOC_JUDG_CJ_1992_0410_19941206,1994-06-01
DOC_JUDG_CJ_1992_0411_19940705,1994-04-19
DOC_JUDG_CJ_1992_0411_19940705,1994-05-18
DOC_JUDG_CJ_1992_0412_P_19940809,1994-02-24
DOC_JUDG_CJ_1992_0412_P_19940809,1994-04-21
DOC_JUDG_CJ_1992_0413_19940809,1994-05-03
DOC_JUDG_CJ_1992_0413_19940809,1994-03-10
DOC_JUDG_CJ_1992_0414_19940602,1994-03-22
DOC_JUDG_CJ_1992_0414_19940602,1994-02-10
DOC_JUDG_CJ_1992_0416_19940517,1994-01-19
DOC_JUDG_CJ_1992_0416_19940517,1993-10-13
DOC_JUDG_CJ_1992_0420_19940707,1994-04-14
DOC_JUDG_CJ_1992_0421_19940505,1993-12-09
DOC_JUDG_CJ_1992_0421_19940505,1994-01-27
DOC_JUDG_CJ_1992_0422_19950510,1995-01-17
DOC_JUDG_CJ_1992_0422_19950510,1995-03-16
DOC_JUDG_CJ_1992_0428_19940602,1994-04-14
DOC_JUDG_CJ_1992_0428_19940602,1994-03-03
DOC_JUDG_CJ_1992_0430_19941026,1994-06-29
DOC_JUDG_CJ_1992_0430_19941026,1994-05-05
DOC_JUDG_CJ_1992_0431_19950811,1995-02-21
DOC_JUDG_CJ_1992_0431_19950811,1994-11-30
DOC_JUDG_CJ_1992_0432_19940705,1994-03-02
DOC_JUDG_CJ_1992_0432_19940705,1994-04-20
DOC_JUDG_CJ_1992_0433_19940428,1994-01-13
DOC_JUDG_CJ_1992_0433_19940428,1994-02-24
DOC_JUDG_CJ_1992_0435_19940119,1993-07-07
DOC_JUDG_CJ_1992_0435_19940119,1993-09-21
DOC_JUDG_CJ_1993_0001_19940412,1994-02-10
DOC_JUDG_CJ_1993_0005_P_19990708,1997-03-12
DOC_JUDG_CJ_1993_0005_P_19990708,1997-07-15
DOC_JUDG_CJ_1993_0007_19940928,1994-03-09
DOC_JUDG_CJ_1993_0007_19940928,1994-04-27
DOC_JUDG_CJ_1993_0009_19940622,1994-02-09
DOC_JUDG_CJ_1993_0009_19940622,1993-10-05
DOC_JUDG_CJ_1993_0012_19940920,1994-04-26
DOC_JUDG_CJ_1993_0012_19940920,1994-03-08
DOC_JUDG_CJ_1993_0017_19940714,1994-03-10
DOC_JUDG_CJ_1993_0018_19940517,1993-12-14
DOC_JUDG_CJ_1993_0018_19940517,1994-02-09
DOC_JUDG_CJ_1993_0019_P_19951019,1995-06-01
DOC_JUDG_CJ_1993_0019_P_19951019,1995-07-11
DOC_JUDG_CJ_1993_0022_P_19940421,1994-01-20
DOC_JUDG_CJ_1993_0023_19941005,1994-06-16
DOC_JUDG_CJ_1993_0028_19940928,1994-05-04
DOC_JUDG_CJ_1993_0028_19940928,1994-03-15
DOC_JUDG_CJ_1993_0030_19940602,1994-04-14
DOC_JUDG_CJ_1993_0030_19940602,1994-02-10
DOC_JUDG_CJ_1993_0031_19931215,1993-11-10
DOC_JUDG_CJ_1993_0033_19940602,1994-03-16
DOC_JUDG_CJ_1993_0033_19940602,1994-02-03
DOC_JUDG_CJ_1993_0035_19940616,1993-11-25
DOC_JUDG_CJ_1993_0035_19940616,1993-12-16
DOC_JUDG_CJ_1993_0038_19940505,1994-01-20
DOC_JUDG_CJ_1993_0038_19940505,1994-03-03
DOC_JUDG_CJ_1993_0039_P_19940616,1993-11-25
DOC_JUDG_CJ_1993_0039_P_19940616,1994-02-10
DOC_JUDG_CJ_1993_0040_19950601,1995-02-09
DOC_JUDG_CJ_1993_0040_19950601,1995-03-30
DOC_JUDG_CJ_1993_0041_19940517,1994-01-26
DOC_JUDG_CJ_1993_0041_19940517,1993-12-07
DOC_JUDG_CJ_1993_0042_19940914,1994-03-23
DOC_JUDG_CJ_1993_0042_19940914,1994-02-01
DOC_JUDG_CJ_1993_0044_19940809,1994-05-04
DOC_JUDG_CJ_1993_0044_19940809,1994-06-22
DOC_JUDG_CJ_1993_0046_19960305,1994-10-25
DOC_JUDG_CJ_1993_0046_19960305,1995-11-28
DOC_JUDG_CJ_1993_0047_19940503,1993-12-15
DOC_JUDG_CJ_1993_0047_19940503,1994-02-02
DOC_JUDG_CJ_1993_0051_19940809,1994-02-08
DOC_JUDG_CJ_1993_0051_19940809,1994-03-15
DOC_JUDG_CJ_1993_0052_19940714,1994-05-18
DOC_JUDG_CJ_1993_0052_19940714,1994-04-21
DOC_JUDG_CJ_1993_0055_19941005,1994-04-28
DOC_JUDG_CJ_1993_0055_19941005,1994-06-09
DOC_JUDG_CJ_1993_0056_19960229,1995-09-28
DOC_JUDG_CJ_1993_0056_19960229,1995-06-08
DOC_JUDG_CJ_1993_0057_19940928,1994-06-07
DOC_JUDG_CJ_1993_0057_19940928,1994-04-26
DOC_JUDG_CJ_1993_0058_19940420,1994-02-23
DOC_JUDG_CJ_1993_0058_19940420,1994-01-26
DOC_JUDG_CJ_1993_0060_19940629,1994-02-10
DOC_JUDG_CJ_1993_0060_19940629,1994-01-27
DOC_JUDG_CJ_1993_0061_19940714,1994-04-21
DOC_JUDG_CJ_1993_0061_19940714,1994-05-18
DOC_JUDG_CJ_1993_0062_19950706,1995-01-19
DOC_JUDG_CJ_1993_0062_19950706,1995-03-09
DOC_JUDG_CJ_1993_0063_19960215,1995-03-23
DOC_JUDG_CJ_1993_0063_19960215,1995-06-08
DOC_JUDG_CJ_1993_0065_19950330,1994-10-19
DOC_JUDG_CJ_1993_0065_19950330,1994-12-13
DOC_JUDG_CJ_1993_0069_19940602,1994-02-24
DOC_JUDG_CJ_1993_0069_19940602,1994-03-23
DOC_JUDG_CJ_1993_0070_19951024,1994-11-22
DOC_JUDG_CJ_1993_0070_19951024,1995-06-08
DOC_JUDG_CJ_1993_0070_19951024,1995-01-25
DOC_JUDG_CJ_1993_0070_19951024,1995-05-31
DOC_JUDG_CJ_1993_0070_19951024,1994-05-17
DOC_JUDG_CJ_1993_0076_P_19941020,1994-04-21
DOC_JUDG_CJ_1993_0076_P_19941020,1994-06-09
DOC_JUDG_CJ_1993_0128_19940928,1994-04-26
DOC_JUDG_CJ_1993_0128_19940928,1994-06-07
DOC_JUDG_CJ_1993_0130_19940707,1994-04-26
DOC_JUDG_CJ_1993_0131_19940713,1994-05-18
DOC_JUDG_CJ_1993_0133_19941005,1994-03-24
DOC_JUDG_CJ_1993_0133_19941005,1994-05-19
DOC_JUDG_CJ_1993_0136_19941215,1994-03-03
DOC_JUDG_CJ_1993_0136_19941215,1994-03-24
DOC_JUDG_CJ_1993_0143_19960213,1995-06-20
DOC_JUDG_CJ_1993_0143_19960213,1994-07-12
DOC_JUDG_CJ_1993_0143_19960213,1994-05-18
DOC_JUDG_CJ_1993_0144_19940928,1994-06-16
DOC_JUDG_CJ_1993_0144_19940928,1994-05-19
DOC_JUDG_CJ_1993_0151_19941005,1994-02-24
DOC_JUDG_CJ_1993_0151_19941005,1994-03-24
DOC_JUDG_CJ_1993_0154_19940209,1993-11-17
DOC_JUDG_CJ_1993_0154_19940209,1993-10-19
DOC_JUDG_CJ_1993_0156_19950713,1995-05-18
DOC_JUDG_CJ_1993_0156_19950713,1995-03-07
DOC_JUDG_CJ_1993_0187_19940628,1994-05-18
DOC_JUDG_CJ_1993_0266_19951024,1994-05-17
DOC_JUDG_CJ_1993_0266_19951024,1995-01-25
DOC_JUDG_CJ_1993_0266_19951024,1994-11-22
DOC_JUDG_CJ_1993_0266_19951024,1995-06-08
DOC_JUDG_CJ_1993_0266_19951024,1995-05-31
DOC_JUDG_CJ_1993_0268_19940323,1994-02-08
DOC_JUDG_CJ_1993_0274_19960425,1995-11-23
DOC_JUDG_CJ_1993_0274_19960425,1995-10-12
DOC_JUDG_CJ_1993_0278_19960307,1994-07-05
DOC_JUDG_CJ_1993_0278_19960307,1994-04-28
DOC_JUDG_CJ_1993_0279_19950214,1994-10-18
DOC_JUDG_CJ_1993_0279_19950214,1994-11-22
DOC_JUDG_CJ_1993_0280_19941005,1994-06-08
DOC_JUDG_CJ_1993_0280_19941005,1994-04-20
DOC_JUDG_CJ_1993_0289_19940223,1993-12-15
DOC_JUDG_CJ_1993_0293_19940915,1994-04-14
DOC_JUDG_CJ_1993_0293_19940915,1994-06-09
DOC_JUDG_CJ_1993_0296_19960229,1995-06-29
DOC_JUDG_CJ_1993_0296_19960229,1995-05-04
DOC_JUDG_CJ_1993_0298_P_19940629,1994-02-10
DOC_JUDG_CJ_1993_0299_19950406,1995-02-07
DOC_JUDG_CJ_1993_0302_19960926,1996-02-01
DOC_JUDG_CJ_1993_0302_19960926,1995-11-23
DOC_JUDG_CJ_1993_0303_19940518,1994-04-13
DOC_JUDG_CJ_1993_0306_19941213,1994-06-07
DOC_JUDG_CJ_1993_0306_19941213,1994-07-13
DOC_JUDG_CJ_1993_0308_19960430,1995-11-22
DOC_JUDG_CJ_1993_0308_19960430,1996-02-29
DOC_JUDG_CJ_1993_0310_P_19950406,1994-12-13
DOC_JUDG_CJ_1993_0312_19951214,1994-03-16
DOC_JUDG_CJ_1993_0312_19951214,1995-06-15
DOC_JUDG_CJ_1993_0312_19951214,1995-04-04
DOC_JUDG_CJ_1993_0312_19951214,1994-05-04
DOC_JUDG_CJ_1993_0313_19940413,1994-02-23
DOC_JUDG_CJ_1993_0313_19940413,1994-03-09
DOC_JUDG_CJ_1993_0316_19940303,1994-01-27
DOC_JUDG_CJ_1993_0317_19951214,1995-05-31
DOC_JUDG_CJ_1993_0317_19951214,1995-03-08
DOC_JUDG_CJ_1993_0318_19940915,1994-04-28
DOC_JUDG_CJ_1993_0318_19940915,1994-06-08
DOC_JUDG_CJ_1993_0319_19951212,1995-09-12
DOC_JUDG_CJ_1993_0319_19951212,1995-02-21
DOC_JUDG_CJ_1993_0322_P_19940616,1994-04-21
DOC_JUDG_CJ_1993_0324_19950328,1994-10-04
DOC_JUDG_CJ_1993_0324_19950328,1994-07-05
DOC_JUDG_CJ_1993_0329_19961024,1996-03-28
DOC_JUDG_CJ_1993_0329_19961024,1996-02-08
DOC_JUDG_CJ_1993_0334_19950223,1994-12-15
DOC_JUDG_CJ_1993_0334_19950223,1994-12-08
DOC_JUDG_CJ_1993_0336_19940223,1993-12-15
DOC_JUDG_CJ_1993_0342_19960213,1995-06-06
DOC_JUDG_CJ_1993_0342_19960213,1995-04-05
DOC_JUDG_CJ_1993_0345_19950309,1994-12-13
DOC_JUDG_CJ_1993_0345_19950309,1994-11-17
DOC_JUDG_CJ_1993_0346_19950328,1995-01-31
DOC_JUDG_CJ_1993_0347_19940809,1994-03-24
DOC_JUDG_CJ_1993_0347_19940809,1994-02-24
DOC_JUDG_CJ_1993_0348_19950404,1994-12-06
DOC_JUDG_CJ_1993_0348_19950404,1995-02-02
DOC_JUDG_CJ_1993_0349_19950223,1995-01-19
DOC_JUDG_CJ_1993_0350_19950404,1995-02-02
DOC_JUDG_CJ_1993_0350_19950404,1994-12-06
DOC_JUDG_CJ_1993_0351_19950119,1994-09-27
DOC_JUDG_CJ_1993_0351_19950119,1994-07-14
DOC_JUDG_CJ_1993_0355_19941005,1994-07-12
DOC_JUDG_CJ_1993_0355_19941005,1994-05-05
DOC_JUDG_CJ_1993_0356_19940602,1994-04-14
DOC_JUDG_CJ_1993_0358_19950223,1994-10-04
DOC_JUDG_CJ_1993_0358_19950223,1994-11-17
DOC_JUDG_CJ_1993_0359_19950124,1994-11-17
DOC_JUDG_CJ_1993_0360_19960307,1995-11-23
DOC_JUDG_CJ_1993_0363_19940809,1994-04-27
DOC_JUDG_CJ_1993_0363_19940809,1994-06-28
DOC_JUDG_CJ_1993_0365_19950323,1995-01-12
DOC_JUDG_CJ_1993_0365_19950323,1995-02-09
DOC_JUDG_CJ_1993_0367_19950811,1995-01-19
DOC_JUDG_CJ_1993_0367_19950811,1994-12-08
DOC_JUDG_CJ_1993_0381_19941005,1994-06-08
DOC_JUDG_CJ_1993_0381_19941005,1994-07-12
DOC_JUDG_CJ_1993_0384_19950510,1995-01-26
DOC_JUDG_CJ_1993_0389_19950608,1995-02-02
DOC_JUDG_CJ_1993_0391_19950713,1995-05-11
DOC_JUDG_CJ_1993_0392_19960326,1995-11-28
DOC_JUDG_CJ_1993_0392_19960326,1994-10-26
DOC_JUDG_CJ_1993_0393_19940809,1994-06-16
DOC_JUDG_CJ_1993_0393_19940809,1994-05-05
DOC_JUDG_CJ_1993_0396_P_19950914,1995-03-09
DOC_JUDG_CJ_1993_0396_P_19950914,1995-05-04
DOC_JUDG_CJ_1993_0398_P_19940809,1994-06-02
DOC_JUDG_CJ_1993_0399_19951212,1995-09-12
DOC_JUDG_CJ_1993_0401_19941213,1994-09-21
DOC_JUDG_CJ_1993_0401_19941213,1994-07-07
DOC_JUDG_CJ_1993_0412_19950209,1994-07-07
DOC_JUDG_CJ_1993_0412_19950209,1994-11-24
DOC_JUDG_CJ_1993_0414_19950601,1995-03-16
DOC_JUDG_CJ_1993_0417_19950510,1995-01-24
DOC_JUDG_CJ_1993_0417_19950510,1995-02-14
DOC_JUDG_CJ_1993_0418_19960620,1996-01-25
DOC_JUDG_CJ_1993_0418_19960620,1995-11-23
DOC_JUDG_CJ_1993_0422_19950615,1995-01-12
DOC_JUDG_CJ_1993_0422_19950615,1995-02-21
DOC_JUDG_CJ_1993_0426_19951109,1995-06-15
DOC_JUDG_CJ_1993_0426_19951109,1995-03-15
DOC_JUDG_CJ_1993_0430_19951214,1995-06-15
DOC_JUDG_CJ_1993_0430_19951214,1995-04-04
DOC_JUDG_CJ_1993_0432_19950811,1995-06-08
DOC_JUDG_CJ_1993_0432_19950811,1995-04-06
DOC_JUDG_CJ_1993_0433_19950811,1995-03-07
DOC_JUDG_CJ_1993_0433_19950811,1995-05-11
DOC_JUDG_CJ_1993_0434_19950606,1995-01-28
DOC_JUDG_CJ_1993_0435_19961024,1995-05-18
DOC_JUDG_CJ_1993_0435_19961024,1995-07-13
DOC_JUDG_CJ_1993_0439_19950406,1995-01-10
DOC_JUDG_CJ_1993_0439_19950406,1995-02-21
DOC_JUDG_CJ_1993_0440_19951005,1994-12-15
DOC_JUDG_CJ_1993_0440_19951005,1995-02-09
DOC_JUDG_CJ_1993_0441_19960312,1995-06-06
DOC_JUDG_CJ_1993_0441_19960312,1995-11-09
DOC_JUDG_CJ_1993_0443_19951122,1995-06-01
DOC_JUDG_CJ_1993_0443_19951122,1995-05-02
DOC_JUDG_CJ_1993_0444_19951214,1995-05-31
DOC_JUDG_CJ_1993_0444_19951214,1995-03-08
DOC_JUDG_CJ_1993_0446_19960118,1995-06-29
DOC_JUDG_CJ_1993_0447_19940809,1994-06-01
DOC_JUDG_CJ_1993_0447_19940809,1994-06-29
DOC_JUDG_CJ_1993_0448_P_19950811,1995-01-17
DOC_JUDG_CJ_1993_0449_19951207,1995-07-13
DOC_JUDG_CJ_1993_0449_19951207,1995-05-11
DOC_JUDG_CJ_1993_0450_19951017,1995-04-06
DOC_JUDG_CJ_1993_0450_19951017,1994-12-13
DOC_JUDG_CJ_1993_0451_19950608,1995-02-09
DOC_JUDG_CJ_1993_0452_P_19940915,1994-06-16
DOC_JUDG_CJ_1993_0452_P_19940915,1994-06-02
DOC_JUDG_CJ_1993_0453_19950811,1995-06-08
DOC_JUDG_CJ_1993_0453_19950811,1995-03-23
DOC_JUDG_CJ_1993_0454_19950629,1995-02-09
DOC_JUDG_CJ_1993_0454_19950629,1995-04-06
DOC_JUDG_CJ_1993_0459_19950601,1995-03-23
DOC_JUDG_CJ_1993_0459_19950601,1995-01-19
DOC_JUDG_CJ_1993_0463_19970123,1996-05-02
DOC_JUDG_CJ_1993_0468_19960328,1995-11-09
DOC_JUDG_CJ_1993_0468_19960328,1995-12-14
DOC_JUDG_CJ_1993_0469_19951212,1995-01-12
DOC_JUDG_CJ_1993_0469_19951212,1995-02-16
DOC_JUDG_CJ_1993_0472_19951207,1995-10-17
DOC_JUDG_CJ_1993_0472_19951207,1995-06-29
DOC_JUDG_CJ_1993_0473_19960702,1996-01-23
DOC_JUDG_CJ_1993_0473_19960702,1996-03-05
DOC_JUDG_CJ_1993_0475_19951109,1995-05-17
DOC_JUDG_CJ_1993_0475_19951109,1995-07-05
DOC_JUDG_CJ_1993_0476_P_19951123,1995-10-12
DOC_JUDG_CJ_1993_0478_19951017,1995-06-06
DOC_JUDG_CJ_1993_0478_19951017,1995-07-13
DOC_JUDG_CJ_1993_0479_19951109,1995-07-11
DOC_JUDG_CJ_1993_0479_19951109,1995-05-03
DOC_JUDG_CJ_1993_0480_P_19960111,1995-09-12
DOC_JUDG_CJ_1993_0480_P_19960111,1995-07-06
DOC_JUDG_CJ_1993_0481_19951026,1995-05-04
DOC_JUDG_CJ_1993_0481_19951026,1995-06-27
DOC_JUDG_CJ_1993_0482_19951026,1995-05-04
DOC_JUDG_CJ_1993_0482_19951026,1995-06-27
DOC_JUDG_CJ_1993_0485_19950914,1995-05-18
DOC_JUDG_CJ_1993_0485_19950914,1995-03-23
DOC_JUDG_CJ_1994_0001_19950811,1995-04-06
DOC_JUDG_CJ_1994_0001_19950811,1995-06-01
DOC_JUDG_CJ_1994_0002_19960611,1996-03-07
DOC_JUDG_CJ_1994_0002_19960611,1996-01-30
DOC_JUDG_CJ_1994_0004_19950406,1995-01-26
DOC_JUDG_CJ_1994_0004_19950406,1994-12-08
DOC_JUDG_CJ_1994_0005_19960523,1995-06-20
DOC_JUDG_CJ_1994_0005_19960523,1995-03-07
DOC_JUDG_CJ_1994_0007_19950504,1995-02-09
DOC_JUDG_CJ_1994_0007_19950504,1994-12-08
DOC_JUDG_CJ_1994_0012_19950811,1995-03-23
DOC_JUDG_CJ_1994_0012_19950811,1995-05-17
DOC_JUDG_CJ_1994_0013_19960430,1995-03-21
DOC_JUDG_CJ_1994_0013_19960430,1995-12-14
DOC_JUDG_CJ_1994_0016_19950811,1995-03-16
DOC_JUDG_CJ_1994_0016_19950811,1995-05-18
DOC_JUDG_CJ_1994_0017_19951207,1995-05-11
DOC_JUDG_CJ_1994_0017_19951207,1995-07-13
DOC_JUDG_CJ_1994_0018_19960502,1995-10-12
DOC_JUDG_CJ_1994_0018_19960502,1995-12-07
DOC_JUDG_CJ_1994_0019_19950504,1995-01-12
DOC_JUDG_CJ_1994_0019_19950504,1995-02-21
DOC_JUDG_CJ_1994_0025_19960319,1995-06-27
DOC_JUDG_CJ_1994_0025_19960319,1995-10-26
DOC_JUDG_CJ_1994_0027_19981001,1998-05-19
DOC_JUDG_CJ_1994_0028_19990422,1998-06-17
DOC_JUDG_CJ_1994_0028_19990422,1998-09-17
DOC_JUDG_CJ_1994_0036_19951026,1995-06-29
DOC_JUDG_CJ_1994_0036_19951026,1995-09-14
DOC_JUDG_CJ_1994_0038_19951109,1995-06-15
DOC_JUDG_CJ_1994_0038_19951109,1995-03-30
DOC_JUDG_CJ_1994_0039_19960711,1995-12-14
DOC_JUDG_CJ_1994_0039_19960711,1995-10-24
DOC_JUDG_CJ_1994_0041_19961003,1995-10-05
DOC_JUDG_CJ_1994_0041_19961003,1995-12-07
DOC_JUDG_CJ_1994_0042_19950601,1995-05-02
DOC_JUDG_CJ_1994_0043_P_19950811,1995-06-15
DOC_JUDG_CJ_1994_0044_19951017,1995-03-29
DOC_JUDG_CJ_1994_0044_19951017,1995-05-10
DOC_JUDG_CJ_1994_0045_19951207,1995-05-18
DOC_JUDG_CJ_1994_0045_19951207,1995-03-23
DOC_JUDG_CJ_1994_0046_19950705,1995-01-19
DOC_JUDG_CJ_1994_0046_19950705,1995-03-09
DOC_JUDG_CJ_1994_0048_19950919,1995-03-07
DOC_JUDG_CJ_1994_0048_19950919,1995-05-10
DOC_JUDG_CJ_1994_0049_19950914,1995-06-29
DOC_JUDG_CJ_1994_0049_19950914,1995-06-01
DOC_JUDG_CJ_1994_0050_19960704,1996-01-18
DOC_JUDG_CJ_1994_0050_19960704,1996-03-14
DOC_JUDG_CJ_1994_0051_19951026,1995-05-11
DOC_JUDG_CJ_1994_0055_19951130,1995-05-10
DOC_JUDG_CJ_1994_0055_19951130,1995-06-20
DOC_JUDG_CJ_1994_0056_19950629,1995-04-06
DOC_JUDG_CJ_1994_0056_19950629,1995-03-16
DOC_JUDG_CJ_1994_0057_19950518,1995-03-28
DOC_JUDG_CJ_1994_0057_19950518,1995-02-14
DOC_JUDG_CJ_1994_0058_19960430,1995-11-28
DOC_JUDG_CJ_1994_0058_19960430,1995-10-10
DOC_JUDG_CJ_1994_0061_19960910,1996-05-07
DOC_JUDG_CJ_1994_0061_19960910,1995-07-05
DOC_JUDG_CJ_1994_0065_19940928,1994-07-12
DOC_JUDG_CJ_1994_0066_19950119,1994-11-17
DOC_JUDG_CJ_1994_0068_19980331,1997-02-06
DOC_JUDG_CJ_1994_0068_19980331,1996-03-12
DOC_JUDG_CJ_1994_0069_19970529,1996-06-27
DOC_JUDG_CJ_1994_0069_19970529,1996-09-26
DOC_JUDG_CJ_1994_0071_19960711,1995-12-14
DOC_JUDG_CJ_1994_0071_19960711,1995-10-04
DOC_JUDG_CJ_1994_0079_19950504,1995-02-16
DOC_JUDG_CJ_1994_0079_19950504,1995-01-26
DOC_JUDG_CJ_1994_0080_19950811,1995-05-02
DOC_JUDG_CJ_1994_0080_19950811,1995-05-31
DOC_JUDG_CJ_1994_0084_19961112,1996-01-16
DOC_JUDG_CJ_1994_0084_19961112,1996-03-12
DOC_JUDG_CJ_1994_0085_19951012,1995-06-15
DOC_JUDG_CJ_1994_0085_19951012,1995-04-06
DOC_JUDG_CJ_1994_0086_19961024,1995-11-30
DOC_JUDG_CJ_1994_0087_19960425,1995-07-13
DOC_JUDG_CJ_1994_0087_19960425,1995-09-12
DOC_JUDG_CJ_1994_0090_19970717,1997-02-27
DOC_JUDG_CJ_1994_0090_19970717,1997-01-09
DOC_JUDG_CJ_1994_0092_19950811,1995-06-15
DOC_JUDG_CJ_1994_0092_19950811,1995-04-06
DOC_JUDG_CJ_1994_0093_19950117,1994-11-22
DOC_JUDG_CJ_1994_0096_19951005,1995-05-04
DOC_JUDG_CJ_1994_0096_19951005,1995-07-06
DOC_JUDG_CJ_1994_0098_19950811,1995-05-04
DOC_JUDG_CJ_1994_0099_19960328,1995-12-07
DOC_JUDG_CJ_1994_0099_19960328,1996-01-30
DOC_JUDG_CJ_1994_0101_19960606,1996-01-16
DOC_JUDG_CJ_1994_0101_19960606,1996-03-19
DOC_JUDG_CJ_1994_0103_19950405,1995-02-23
DOC_JUDG_CJ_1994_0103_19950405,1995-01-31
DOC_JUDG_CJ_1994_0104_19951012,1995-06-15
DOC_JUDG_CJ_1994_0104_19951012,1995-07-13
DOC_JUDG_CJ_1994_0105_19970605,1996-09-26
DOC_JUDG_CJ_1994_0105_19970605,1996-06-20
DOC_JUDG_CJ_1994_0106_19951214,1995-03-16
DOC_JUDG_CJ_1994_0106_19951214,1995-01-26
DOC_JUDG_CJ_1994_0109_19950629,1995-05-11
DOC_JUDG_CJ_1994_0110_19960229,1995-10-05
DOC_JUDG_CJ_1994_0110_19960229,1995-11-23
DOC_JUDG_CJ_1994_0111_19951019,1995-06-08
DOC_JUDG_CJ_1994_0111_19951019,1995-03-23
DOC_JUDG_CJ_1994_0113_19951130,1995-10-12
DOC_JUDG_CJ_1994_0113_19951130,1995-06-22
DOC_JUDG_CJ_1994_0114_19970220,1997-01-16
DOC_JUDG_CJ_1994_0114_19970220,1996-03-28
DOC_JUDG_CJ_1994_0114_19970220,1996-01-25
DOC_JUDG_CJ_1994_0118_19960307,1995-10-26
DOC_JUDG_CJ_1994_0118_19960307,1995-09-14
DOC_JUDG_CJ_1994_0119_P_19950601,1995-02-02
DOC_JUDG_CJ_1994_0119_P_19950601,1995-03-23
DOC_JUDG_CJ_1994_0122_19960229,1995-11-22
DOC_JUDG_CJ_1994_0122_19960229,1995-09-19
DOC_JUDG_CJ_1994_0123_19950601,1995-03-09
DOC_JUDG_CJ_1994_0125_19951005,1995-06-29
DOC_JUDG_CJ_1994_0125_19951005,1995-05-11
DOC_JUDG_CJ_1994_0126_19961107,1996-02-29
DOC_JUDG_CJ_1994_0126_19961107,1996-01-11
DOC_JUDG_CJ_1994_0128_19951019,1995-09-14
DOC_JUDG_CJ_1994_0128_19951019,1995-06-22
DOC_JUDG_CJ_1994_0129_19960328,1996-01-25
DOC_JUDG_CJ_1994_0129_19960328,1995-12-07
DOC_JUDG_CJ_1994_0132_19951214,1995-11-16
DOC_JUDG_CJ_1994_0133_19960502,1995-11-16
DOC_JUDG_CJ_1994_0133_19960502,1996-01-11
DOC_JUDG_CJ_1994_0135_19950629,1995-04-06
DOC_JUDG_CJ_1994_0138_19951214,1995-11-16
DOC_JUDG_CJ_1994_0140_19951017,1995-07-06
DOC_JUDG_CJ_1994_0140_19951017,1995-05-11
DOC_JUDG_CJ_1994_0143_19951026,1995-05-11
DOC_JUDG_CJ_1994_0143_19951026,1995-06-29
DOC_JUDG_CJ_1994_0144_19951026,1995-07-13
DOC_JUDG_CJ_1994_0144_19951026,1995-06-08
DOC_JUDG_CJ_1994_0147_19950406,1995-03-09
DOC_JUDG_CJ_1994_0149_19960208,1995-09-14
DOC_JUDG_CJ_1994_0149_19960208,1995-10-26
DOC_JUDG_CJ_1994_0151_19951026,1995-06-22
DOC_JUDG_CJ_1994_0151_19951026,1995-09-19
DOC_JUDG_CJ_1994_0153_19960514,1995-11-09
DOC_JUDG_CJ_1994_0153_19960514,1995-09-28
DOC_JUDG_CJ_1994_0157_19971023,1996-11-26
DOC_JUDG_CJ_1994_0157_19971023,1996-05-07
DOC_JUDG_CJ_1994_0158_19971023,1996-05-07
DOC_JUDG_CJ_1994_0158_19971023,1996-11-26
DOC_JUDG_CJ_1994_0159_19971023,1996-05-07
DOC_JUDG_CJ_1994_0159_19971023,1996-11-26
DOC_JUDG_CJ_1994_0160_19971023,1996-05-07
DOC_JUDG_CJ_1994_0160_19971023,1996-11-26
DOC_JUDG_CJ_1994_0161_19951214,1995-11-16
DOC_JUDG_CJ_1994_0162_19951214,1995-11-16
DOC_JUDG_CJ_1994_0164_19960201,1995-10-26
DOC_JUDG_CJ_1994_0164_19960201,1995-09-14
DOC_JUDG_CJ_1994_0170_19950629,1995-05-04
DOC_JUDG_CJ_1994_0173_19960702,1996-01-23
DOC_JUDG_CJ_1994_0173_19960702,1996-03-05
DOC_JUDG_CJ_1994_0178_19961008,1995-11-28
DOC_JUDG_CJ_1994_0178_19961008,1995-10-17
DOC_JUDG_CJ_1994_0182_19950601,1995-03-30
DOC_JUDG_CJ_1994_0191_19960328,1996-02-15
DOC_JUDG_CJ_1994_0192_19960307,1995-12-07
DOC_JUDG_CJ_1994_0193_19960229,1995-10-17
DOC_JUDG_CJ_1994_0193_19960229,1995-09-12
DOC_JUDG_CJ_1994_0196_19951116,1995-09-28
DOC_JUDG_CJ_1994_0198_19960606,1996-01-18
DOC_JUDG_CJ_1994_0198_19960606,1996-02-29
DOC_JUDG_CJ_1994_0202_19960208,1995-09-14
DOC_JUDG_CJ_1994_0202_19960208,1995-10-26
DOC_JUDG_CJ_1994_0205_19960613,1996-03-14
DOC_JUDG_CJ_1994_0205_19960613,1996-04-30
DOC_JUDG_CJ_1994_0206_19960502,1995-11-14
DOC_JUDG_CJ_1994_0206_19960502,1996-01-30
DOC_JUDG_CJ_1994_0209_P_19960215,1995-11-23
DOC_JUDG_CJ_1994_0214_19960430,1995-11-14
DOC_JUDG_CJ_1994_0215_19960229,1995-10-12
DOC_JUDG_CJ_1994_0215_19960229,1995-11-23
DOC_JUDG_CJ_1994_0216_19950713,1995-05-11
DOC_JUDG_CJ_1994_0217_19961024,1996-05-02
DOC_JUDG_CJ_1994_0217_19961024,1996-03-14
DOC_JUDG_CJ_1994_0218_19950504,1995-02-23
DOC_JUDG_CJ_1994_0220_19950615,1995-05-11
DOC_JUDG_CJ_1994_0220_19950615,1995-03-09
DOC_JUDG_CJ_1994_0221_19961107,1996-09-12
DOC_JUDG_CJ_1994_0221_19961107,1996-06-13
DOC_JUDG_CJ_1994_0222_19960910,1996-04-30
DOC_JUDG_CJ_1994_0222_19960910,1996-02-27
DOC_JUDG_CJ_1994_0226_19960215,1995-11-16
DOC_JUDG_CJ_1994_0227_19951017,1995-07-13
DOC_JUDG_CJ_1994_0228_19960711,1995-07-13
DOC_JUDG_CJ_1994_0228_19960711,1996-04-30
DOC_JUDG_CJ_1994_0228_19960711,1996-03-19
DOC_JUDG_CJ_1994_0230_19960926,1996-02-15
DOC_JUDG_CJ_1994_0230_19960926,1996-03-28
DOC_JUDG_CJ_1994_0231_19960502,1996-02-01
DOC_JUDG_CJ_1994_0231_19960502,1995-11-23
DOC_JUDG_CJ_1994_0232_19960711,1995-12-14
DOC_JUDG_CJ_1994_0232_19960711,1995-10-04
DOC_JUDG_CJ_1994_0233_19970513,1996-12-10
DOC_JUDG_CJ_1994_0233_19970513,1996-11-05
DOC_JUDG_CJ_1994_0234_19960627,1996-01-25
DOC_JUDG_CJ_1994_0234_19960627,1995-11-16
DOC_JUDG_CJ_1994_0235_19951109,1995-09-14
DOC_JUDG_CJ_1994_0235_19951109,1995-07-06
DOC_JUDG_CJ_1994_0236_19951012,1995-07-13
DOC_JUDG_CJ_1994_0238_19960326,1996-02-06
DOC_JUDG_CJ_1994_0238_19960326,1996-02-29
DOC_JUDG_CJ_1994_0239_19960229,1995-12-07
DOC_JUDG_CJ_1994_0240_19950811,1995-06-08
DOC_JUDG_CJ_1994_0241_19960926,1996-05-07
DOC_JUDG_CJ_1994_0241_19960926,1996-03-26
DOC_JUDG_CJ_1994_0242_19951012,1995-07-13
DOC_JUDG_CJ_1994_0243_19960328,1995-12-07
DOC_JUDG_CJ_1994_0243_19960328,1995-10-05
DOC_JUDG_CJ_1994_0244_19951116,1995-06-13
DOC_JUDG_CJ_1994_0244_19951116,1995-07-13
DOC_JUDG_CJ_1994_0245_19961010,1996-03-14
DOC_JUDG_CJ_1994_0245_19961010,1996-05-02
DOC_JUDG_CJ_1994_0246_19960917,1996-03-07
DOC_JUDG_CJ_1994_0246_19960917,1995-12-14
DOC_JUDG_CJ_1994_0251_19960912,1996-05-02
DOC_JUDG_CJ_1994_0251_19960912,1996-06-20
DOC_JUDG_CJ_1994_0254_19960912,1996-02-29
DOC_JUDG_CJ_1994_0254_19960912,1996-01-18
DOC_JUDG_CJ_1994_0257_19951012,1995-09-14
DOC_JUDG_CJ_1994_0259_19950706,1995-05-17
DOC_JUDG_CJ_1994_0260_19950811,1995-06-20
DOC_JUDG_CJ_1994_0267_19951214,1995-10-17
DOC_JUDG_CJ_1994_0267_19951214,1995-09-12
DOC_JUDG_CJ_1994_0268_19961203,1996-05-23
DOC_JUDG_CJ_1994_0268_19961203,1996-03-05
DOC_JUDG_CJ_1994_0271_19960326,1995-10-10
DOC_JUDG_CJ_1994_0271_19960326,1995-11-22
DOC_JUDG_CJ_1994_0272_19960328,1995-09-28
DOC_JUDG_CJ_1994_0272_19960328,1995-10-26
DOC_JUDG_CJ_1994_0273_19960111,1995-09-28
DOC_JUDG_CJ_1994_0273_19960111,1995-10-26
DOC_JUDG_CJ_1994_0275_19960314,1996-01-30
DOC_JUDG_CJ_1994_0278_19960912,1996-02-08
DOC_JUDG_CJ_1994_0278_19960912,1996-03-14
DOC_JUDG_CJ_1994_0279_19970916,1997-03-20
DOC_JUDG_CJ_1994_0279_19970916,1997-02-20
DOC_JUDG_CJ_1994_0280_19960201,1995-12-14
DOC_JUDG_CJ_1994_0280_19960201,1995-11-09
DOC_JUDG_CJ_1994_0283_19961017,1996-05-02
DOC_JUDG_CJ_1994_0283_19961017,1996-03-21
DOC_JUDG_CJ_1994_0285_19970625,1996-10-03
DOC_JUDG_CJ_1994_0285_19970625,1996-11-05
DOC_JUDG_CJ_1994_0286_19971218,1997-01-30
DOC_JUDG_CJ_1994_0286_19971218,1997-03-20
DOC_JUDG_CJ_1994_0287_19960926,1996-05-07
DOC_JUDG_CJ_1994_0287_19960926,1996-03-21
DOC_JUDG_CJ_1994_0289_19960917,1996-04-25
DOC_JUDG_CJ_1994_0289_19960917,1996-03-28
DOC_JUDG_CJ_1994_0290_19960702,1996-01-23
DOC_JUDG_CJ_1994_0290_19960702,1996-03-05
DOC_JUDG_CJ_1994_0293_19960627,1996-02-29
DOC_JUDG_CJ_1994_0293_19960627,1996-02-01
DOC_JUDG_CJ_1994_0295_19960704,1996-02-01
DOC_JUDG_CJ_1994_0295_19960704,1996-03-14
DOC_JUDG_CJ_1994_0297_19960321,1995-07-06
DOC_JUDG_CJ_1994_0297_19960321,1995-10-17
DOC_JUDG_CJ_1994_0298_19961015,1996-06-11
DOC_JUDG_CJ_1994_0299_19960328,1995-11-30
DOC_JUDG_CJ_1994_0299_19960328,1996-01-18
DOC_JUDG_CJ_1994_0300_19960229,1995-12-14
DOC_JUDG_CJ_1994_0302_19961212,1996-05-23
DOC_JUDG_CJ_1994_0302_19961212,1996-01-09
DOC_JUDG_CJ_1994_0303_19960618,1996-04-30
DOC_JUDG_CJ_1994_0303_19960618,1996-03-19
DOC_JUDG_CJ_1994_0304_19970625,1996-06-27
DOC_JUDG_CJ_1994_0304_19970625,1996-10-24
DOC_JUDG_CJ_1994_0305_19961114,1996-07-04
DOC_JUDG_CJ_1994_0306_19960711,1996-01-11
DOC_JUDG_CJ_1994_0306_19960711,1996-02-15
DOC_JUDG_CJ_1994_0307_19960229,1995-12-14
DOC_JUDG_CJ_1994_0309_19960215,1995-11-16
DOC_JUDG_CJ_1994_0309_19960215,1995-12-14
DOC_JUDG_CJ_1994_0311_19961015,1996-03-26
DOC_JUDG_CJ_1994_0311_19961015,1996-05-23
DOC_JUDG_CJ_1994_0313_19961126,1996-06-06
DOC_JUDG_CJ_1994_0313_19961126,1996-04-23
DOC_JUDG_CJ_1994_0317_19961024,1996-04-25
DOC_JUDG_CJ_1994_0317_19961024,1996-06-27
DOC_JUDG_CJ_1994_0318_19960328,1996-02-08
DOC_JUDG_CJ_1994_0320_19961212,1996-05-23
DOC_JUDG_CJ_1994_0320_19961212,1996-07-11
DOC_JUDG_CJ_1994_0327_19960926,1996-03-07
DOC_JUDG_CJ_1994_0327_19960926,1996-04-25
DOC_JUDG_CJ_1994_0331_19960523,1996-02-15
DOC_JUDG_CJ_1994_0331_19960523,1996-03-28
DOC_JUDG_CJ_1994_0333_P_19961114,1996-05-21
DOC_JUDG_CJ_1994_0333_P_19961114,1996-06-27
DOC_JUDG_CJ_1994_0334_19960307,1995-11-16
DOC_JUDG_CJ_1994_0335_19960321,1995-11-30
DOC_JUDG_CJ_1994_0335_19960321,1996-01-25
DOC_JUDG_CJ_1994_0336_19971202,1996-10-22
DOC_JUDG_CJ_1994_0336_19971202,1996-12-03
DOC_JUDG_CJ_1994_0340_19970130,1996-07-04
DOC_JUDG_CJ_1994_0340_19970130,1996-09-12
DOC_JUDG_CJ_1994_0341_19960926,1996-03-07
DOC_JUDG_CJ_1994_0341_19960926,1996-01-25
DOC_JUDG_CJ_1995_0001_19971002,1996-10-22
DOC_JUDG_CJ_1995_0001_19971002,1996-06-13
DOC_JUDG_CJ_1995_0002_19970605,1996-07-04
DOC_JUDG_CJ_1995_0002_19970605,1996-05-23
DOC_JUDG_CJ_1995_0004_19970130,1996-06-06
DOC_JUDG_CJ_1995_0004_19970130,1996-03-28
DOC_JUDG_CJ_1995_0007_P_19980528,1997-09-16
DOC_JUDG_CJ_1995_0007_P_19980528,1997-07-03
DOC_JUDG_CJ_1995_0008_P_19980528,1997-09-16
DOC_JUDG_CJ_1995_0008_P_19980528,1997-07-03
DOC_JUDG_CJ_1995_0009_19970204,1996-10-15
DOC_JUDG_CJ_1995_0009_19970204,1996-07-09
DOC_JUDG_CJ_1995_0011_19960910,1996-02-27
DOC_JUDG_CJ_1995_0011_19960910,1996-04-30
DOC_JUDG_CJ_1995_0013_19970311,1996-06-18
DOC_JUDG_CJ_1995_0013_19970311,1996-10-15
DOC_JUDG_CJ_1995_0015_19970417,1996-07-11
DOC_JUDG_CJ_1995_0015_19970417,1996-06-20
DOC_JUDG_CJ_1995_0016_19951214,1995-10-12
DOC_JUDG_CJ_1995_0017_19951214,1995-11-09
DOC_JUDG_CJ_1995_0018_19990126,1998-04-30
DOC_JUDG_CJ_1995_0024_19970320,1996-11-12
DOC_JUDG_CJ_1995_0025_19960711,1996-05-14
DOC_JUDG_CJ_1995_0025_19960711,1996-03-28
DOC_JUDG_CJ_1995_0027_19970415,1996-07-04
DOC_JUDG_CJ_1995_0027_19970415,1996-05-21
DOC_JUDG_CJ_1995_0028_19970717,1996-09-17
DOC_JUDG_CJ_1995_0028_19970717,1996-06-04
DOC_JUDG_CJ_1995_0029_19970123,1996-10-03
DOC_JUDG_CJ_1995_0029_19970123,1996-07-04
DOC_JUDG_CJ_1995_0032_P_19961024,1996-06-06
DOC_JUDG_CJ_1995_0034_19970709,1996-09-17
DOC_JUDG_CJ_1995_0034_19970709,1996-06-11
DOC_JUDG_CJ_1995_0037_19980115,1996-07-11
DOC_JUDG_CJ_1995_0038_19961212,1996-09-19
DOC_JUDG_CJ_1995_0038_19961212,1996-06-27
DOC_JUDG_CJ_1995_0039_19960321,1996-01-25
DOC_JUDG_CJ_1995_0039_19960321,1995-11-30
DOC_JUDG_CJ_1995_0041_19951207,1995-10-03
DOC_JUDG_CJ_1995_0041_19951207,1995-11-14
DOC_JUDG_CJ_1995_0042_19961119,1996-07-02
DOC_JUDG_CJ_1995_0042_19961119,1996-09-19
DOC_JUDG_CJ_1995_0045_19970625,1996-12-10
DOC_JUDG_CJ_1995_0045_19970625,1996-11-14
DOC_JUDG_CJ_1995_0047_19961212,1996-07-11
DOC_JUDG_CJ_1995_0047_19961212,1996-09-26
DOC_JUDG_CJ_1995_0052_19951207,1995-10-17
DOC_JUDG_CJ_1995_0053_19960215,1996-01-11
DOC_JUDG_CJ_1995_0054_19990121,1998-02-05
DOC_JUDG_CJ_1995_0054_19990121,1998-04-02
DOC_JUDG_CJ_1995_0057_19970320,1996-11-05
DOC_JUDG_CJ_1995_0057_19970320,1997-01-16
DOC_JUDG_CJ_1995_0058_19960912,1996-02-08
DOC_JUDG_CJ_1995_0059_19970227,1996-10-24
DOC_JUDG_CJ_1995_0059_19970227,1996-09-10
DOC_JUDG_CJ_1995_0061_19980129,1997-04-17
DOC_JUDG_CJ_1995_0061_19980129,1996-11-28
DOC_JUDG_CJ_1995_0064_19961017,1996-07-04
DOC_JUDG_CJ_1995_0065_19970617,1996-11-26
DOC_JUDG_CJ_1995_0065_19970617,1996-10-08
DOC_JUDG_CJ_1995_0066_19970422,1996-09-19
DOC_JUDG_CJ_1995_0066_19970422,1996-06-25
DOC_JUDG_CJ_1995_0067_19971009,1996-12-12
DOC_JUDG_CJ_1995_0067_19971009,1996-11-14
DOC_JUDG_CJ_1995_0068_19961126,1996-07-09
DOC_JUDG_CJ_1995_0068_19961126,1996-04-30
DOC_JUDG_CJ_1995_0069_19961205,1996-09-26
DOC_JUDG_CJ_1995_0069_19961205,1996-09-12
DOC_JUDG_CJ_1995_0070_19970617,1996-12-04
DOC_JUDG_CJ_1995_0070_19970617,1997-02-06
DOC_JUDG_CJ_1995_0071_19970204,1996-07-09
DOC_JUDG_CJ_1995_0071_19970204,1996-10-15
DOC_JUDG_CJ_1995_0072_19961024,1996-02-14
DOC_JUDG_CJ_1995_0072_19961024,1996-03-26
DOC_JUDG_CJ_1995_0073_P_19961024,1996-04-25
DOC_JUDG_CJ_1995_0076_19961024,1996-03-14
DOC_JUDG_CJ_1995_0077_19961107,1996-07-04
DOC_JUDG_CJ_1995_0077_19961107,1996-07-11
DOC_JUDG_CJ_1995_0078_19961010,1996-07-04
DOC_JUDG_CJ_1995_0078_19961010,1996-05-23
DOC_JUDG_CJ_1995_0079_19960926,1996-06-20
DOC_JUDG_CJ_1995_0080_19970206,1996-10-01
DOC_JUDG_CJ_1995_0080_19970206,1996-11-07
DOC_JUDG_CJ_1995_0084_19960730,1996-03-27
DOC_JUDG_CJ_1995_0084_19960730,1996-04-30
DOC_JUDG_CJ_1995_0085_19961205,1996-07-11
DOC_JUDG_CJ_1995_0085_19961205,1996-06-20
DOC_JUDG_CJ_1995_0088_19970220,1996-07-11
DOC_JUDG_CJ_1995_0088_19970220,1996-09-12
DOC_JUDG_CJ_1995_0090_P_19970417,1996-06-18
DOC_JUDG_CJ_1995_0091_P_19961024,1996-06-20
DOC_JUDG_CJ_1995_0094_19970710,1996-10-03
DOC_JUDG_CJ_1995_0094_19970710,1997-01-23
DOC_JUDG_CJ_1995_0097_19970717,1996-11-14
DOC_JUDG_CJ_1995_0100_19971002,1996-06-13
DOC_JUDG_CJ_1995_0100_19971002,1996-10-22
DOC_JUDG_CJ_1995_0104_19961212,1996-06-20
DOC_JUDG_CJ_1995_0104_19961212,1996-07-04
DOC_JUDG_CJ_1995_0105_19970415,1996-10-24
DOC_JUDG_CJ_1995_0105_19970415,1996-10-03
DOC_JUDG_CJ_1995_0106_19970220,1996-09-26
DOC_JUDG_CJ_1995_0106_19970220,1996-07-04
DOC_JUDG_CJ_1995_0107_P_19970220,1996-07-11
DOC_JUDG_CJ_1995_0110_19970612,1997-02-06
DOC_JUDG_CJ_1995_0110_19970612,1997-01-09
DOC_JUDG_CJ_1995_0114_19970717,1997-02-27
DOC_JUDG_CJ_1995_0114_19970717,1997-01-09
DOC_JUDG_CJ_1995_0117_19960926,1996-06-06
DOC_JUDG_CJ_1995_0118_19951130,1995-10-17
DOC_JUDG_CJ_1995_0120_19980428,1997-09-16
DOC_JUDG_CJ_1995_0120_19980428,1996-07-02
DOC_JUDG_CJ_1995_0121_19960620,1996-03-12
DOC_JUDG_CJ_1995_0122_19980310,1997-02-04
DOC_JUDG_CJ_1995_0122_19980310,1997-06-24
DOC_JUDG_CJ_1995_0124_19970114,1996-06-25
DOC_JUDG_CJ_1995_0124_19970114,1996-09-24
DOC_JUDG_CJ_1995_0126_19961003,1996-05-14
DOC_JUDG_CJ_1995_0126_19961003,1996-04-24
DOC_JUDG_CJ_1995_0128_19970220,1997-01-14
DOC_JUDG_CJ_1995_0128_19970220,1996-12-10
DOC_JUDG_CJ_1995_0130_19970717,1996-09-17
DOC_JUDG_CJ_1995_0130_19970717,1996-06-04
DOC_JUDG_CJ_1995_0131_19970313,1996-06-18
DOC_JUDG_CJ_1995_0131_19970313,1996-10-03
DOC_JUDG_CJ_1995_0132_19980519,1997-10-01
DOC_JUDG_CJ_1995_0132_19980519,1997-11-27
DOC_JUDG_CJ_1995_0134_19970116,1996-09-26
DOC_JUDG_CJ_1995_0134_19970116,1996-10-24
DOC_JUDG_CJ_1995_0136_19980430,1996-12-05
DOC_JUDG_CJ_1995_0136_19980430,1997-01-09
DOC_JUDG_CJ_1995_0138_P_19970417,1996-11-21
DOC_JUDG_CJ_1995_0139_19970130,1996-06-13
DOC_JUDG_CJ_1995_0139_19970130,1996-10-17
DOC_JUDG_CJ_1995_0142_P_19961212,1996-09-12
DOC_JUDG_CJ_1995_0143_P_19970109,1996-07-04
DOC_JUDG_CJ_1995_0144_19960613,1996-03-07
DOC_JUDG_CJ_1995_0144_19960613,1996-04-25
DOC_JUDG_CJ_1995_0147_19970417,1996-11-21
DOC_JUDG_CJ_1995_0147_19970417,1997-01-16
DOC_JUDG_CJ_1995_0150_19971023,1997-04-15
DOC_JUDG_CJ_1995_0150_19971023,1997-02-25
DOC_JUDG_CJ_1995_0152_19971009,1996-10-08
DOC_JUDG_CJ_1995_0153_19970123,1996-07-04
DOC_JUDG_CJ_1995_0153_19970123,1996-09-19
DOC_JUDG_CJ_1995_0160_19960328,1996-02-01
DOC_JUDG_CJ_1995_0161_19960328,1996-02-01
DOC_JUDG_CJ_1995_0164_19970617,1996-11-07
DOC_JUDG_CJ_1995_0164_19970617,1997-01-16
DOC_JUDG_CJ_1995_0165_19971016,1997-04-29
DOC_JUDG_CJ_1995_0165_19971016,1997-03-13
DOC_JUDG_CJ_1995_0166_P_19970220,1996-09-19
DOC_JUDG_CJ_1995_0166_P_19970220,1996-07-04
DOC_JUDG_CJ_1995_0167_19970306,1996-11-28
DOC_JUDG_CJ_1995_0167_19970306,1996-10-24
DOC_JUDG_CJ_1995_0170_19960613,1996-03-07
DOC_JUDG_CJ_1995_0170_19960613,1996-04-25
DOC_JUDG_CJ_1995_0171_19970123,1996-11-14
DOC_JUDG_CJ_1995_0171_19970123,1996-10-03
DOC_JUDG_CJ_1995_0178_19970130,1996-09-19
DOC_JUDG_CJ_1995_0178_19970130,1996-06-20
DOC_JUDG_CJ_1995_0179_19991005,1998-07-02
DOC_JUDG_CJ_1995_0179_19991005,1998-09-17
DOC_JUDG_CJ_1995_0180_19970422,1996-11-26
DOC_JUDG_CJ_1995_0180_19970422,1997-01-14
DOC_JUDG_CJ_1995_0181_19970123,1996-10-03
DOC_JUDG_CJ_1995_0181_19970123,1996-07-11
DOC_JUDG_CJ_1995_0183_19970717,1996-12-10
DOC_JUDG_CJ_1995_0183_19970717,1996-09-24
DOC_JUDG_CJ_1995_0185_P_19981217,1998-02-03
DOC_JUDG_CJ_1995_0185_P_19981217,1997-11-04
DOC_JUDG_CJ_1995_0188_19971202,1997-06-26
DOC_JUDG_CJ_1995_0188_19971202,1997-04-29
DOC_JUDG_CJ_1995_0189_19971023,1997-03-04
DOC_JUDG_CJ_1995_0189_19971023,1996-11-19
DOC_JUDG_CJ_1995_0190_19970717,1996-12-12
DOC_JUDG_CJ_1995_0190_19970717,1996-10-24
DOC_JUDG_CJ_1995_0191_19980929,1997-12-09
DOC_JUDG_CJ_1995_0191_19980929,1997-06-05
DOC_JUDG_CJ_1995_0191_19980929,1998-02-17
DOC_JUDG_CJ_1995_0191_19980929,1996-12-12
DOC_JUDG_CJ_1995_0219_P_19970717,1997-02-20
DOC_JUDG_CJ_1995_0220_19970227,1996-10-24
DOC_JUDG_CJ_1995_0220_19970227,1996-12-12
DOC_JUDG_CJ_1995_0221_19970130,1996-07-11
DOC_JUDG_CJ_1995_0222_19970709,1996-12-10
DOC_JUDG_CJ_1995_0222_19970709,1996-10-22
DOC_JUDG_CJ_1995_0223_19970507,1997-02-20
DOC_JUDG_CJ_1995_0223_19970507,1997-01-09
DOC_JUDG_CJ_1995_0225_19980702,1996-11-14
DOC_JUDG_CJ_1995_0225_19980702,1997-01-09
DOC_JUDG_CJ_1995_0232_19980611,1997-06-26
DOC_JUDG_CJ_1995_0232_19980611,1997-06-12
DOC_JUDG_CJ_1995_0234_19960502,1996-03-14
DOC_JUDG_CJ_1995_0235_19980716,1996-11-21
DOC_JUDG_CJ_1995_0236_19960919,1996-05-23
DOC_JUDG_CJ_1995_0236_19960919,1996-06-20
DOC_JUDG_CJ_1995_0237_19960620,1996-05-07
DOC_JUDG_CJ_1995_0238_19960314,1996-02-01
DOC_JUDG_CJ_1995_0239_19960314,1996-02-15
DOC_JUDG_CJ_1995_0240_19960627,1996-02-15
DOC_JUDG_CJ_1995_0240_19960627,1996-03-28
DOC_JUDG_CJ_1995_0241_19961212,1996-10-17
DOC_JUDG_CJ_1995_0241_19961212,1996-09-12
DOC_JUDG_CJ_1995_0242_19970717,1997-01-09
DOC_JUDG_CJ_1995_0242_19970717,1997-02-27
DOC_JUDG_CJ_1995_0244_19971120,1997-05-15
DOC_JUDG_CJ_1995_0244_19971120,1997-02-06
DOC_JUDG_CJ_1995_0245_P_19980210,1997-09-16
DOC_JUDG_CJ_1995_0246_19970123,1996-12-05
DOC_JUDG_CJ_1995_0246_19970123,1996-02-15
DOC_JUDG_CJ_1995_0246_19970123,1996-03-28
DOC_JUDG_CJ_1995_0248_19970717,1997-02-27
DOC_JUDG_CJ_1995_0248_19970717,1997-01-16
DOC_JUDG_CJ_1995_0250_19970515,1996-09-24
DOC_JUDG_CJ_1995_0250_19970515,1996-11-05
DOC_JUDG_CJ_1995_0251_19971111,1997-01-28
DOC_JUDG_CJ_1995_0251_19971111,1997-04-29
DOC_JUDG_CJ_1995_0253_19960502,1996-03-14
DOC_JUDG_CJ_1995_0254_P_19960704,1996-05-23
DOC_JUDG_CJ_1995_0255_19970109,1996-09-12
DOC_JUDG_CJ_1995_0255_19970109,1996-10-24
DOC_JUDG_CJ_1995_0258_19971016,1996-12-05
DOC_JUDG_CJ_1995_0258_19971016,1997-01-16
DOC_JUDG_CJ_1995_0259_19971002,1997-02-27
DOC_JUDG_CJ_1995_0259_19971002,1997-03-20
DOC_JUDG_CJ_1995_0260_19970220,1996-11-07
DOC_JUDG_CJ_1995_0260_19970220,1997-01-16
DOC_JUDG_CJ_1995_0262_19961107,1996-09-12
DOC_JUDG_CJ_1995_0263_19980210,1997-10-16
DOC_JUDG_CJ_1995_0263_19980210,1997-11-11
DOC_JUDG_CJ_1995_0264_P_19970311,1996-07-11
DOC_JUDG_CJ_1995_0265_19971209,1997-07-09
DOC_JUDG_CJ_1995_0265_19971209,1997-06-10
DOC_JUDG_CJ_1995_0266_19970612,1997-01-23
DOC_JUDG_CJ_1995_0266_19970612,1997-03-06
DOC_JUDG_CJ_1995_0267_19961205,1996-06-06
DOC_JUDG_CJ_1995_0267_19961205,1996-03-13
DOC_JUDG_CJ_1995_0269_19970703,1997-02-20
DOC_JUDG_CJ_1995_0269_19970703,1997-01-22
DOC_JUDG_CJ_1995_0272_19970415,1996-11-28
DOC_JUDG_CJ_1995_0272_19970415,1997-01-09
DOC_JUDG_CJ_1995_0274_19970417,1996-12-12
DOC_JUDG_CJ_1995_0274_19970417,1996-11-14
DOC_JUDG_CJ_1995_0278_P_19970515,1996-12-12
DOC_JUDG_CJ_1995_0278_P_19970515,1996-11-07
DOC_JUDG_CJ_1995_0279_P_19981001,1997-11-13
DOC_JUDG_CJ_1995_0280_19980129,1997-06-26
DOC_JUDG_CJ_1995_0280_19980129,1997-05-15
DOC_JUDG_CJ_1995_0282_P_19970318,1996-11-26
DOC_JUDG_CJ_1995_0282_P_19970318,1996-05-14
DOC_JUDG_CJ_1995_0283_19980611,1997-03-20
DOC_JUDG_CJ_1995_0283_19980611,1997-01-30
DOC_JUDG_CJ_1995_0284_19980714,1998-02-03
DOC_JUDG_CJ_1995_0284_19980714,1997-11-11
DOC_JUDG_CJ_1995_0285_19970605,1997-03-06
DOC_JUDG_CJ_1995_0285_19970605,1997-01-23
DOC_JUDG_CJ_1995_0286_P_20000406,1999-11-25
DOC_JUDG_CJ_1995_0286_P_20000406,1999-10-07
DOC_JUDG_CJ_1995_0287_P_20000406,1999-11-25
DOC_JUDG_CJ_1995_0287_P_20000406,1999-10-07
DOC_JUDG_CJ_1995_0294_P_19961112,1996-07-04
DOC_JUDG_CJ_1995_0294_P_19961112,1996-06-13
DOC_JUDG_CJ_1995_0295_19970320,1996-11-21
DOC_JUDG_CJ_1995_0295_19970320,1996-12-12
DOC_JUDG_CJ_1995_0296_19980402,1997-04-17
DOC_JUDG_CJ_1995_0296_19980402,1997-03-04
DOC_JUDG_CJ_1995_0297_19961212,1996-11-07
DOC_JUDG_CJ_1995_0299_19970529,1997-01-09
DOC_JUDG_CJ_1995_0299_19970529,1997-02-06
DOC_JUDG_CJ_1995_0300_19970529,1997-01-23
DOC_JUDG_CJ_1995_0300_19970529,1996-11-07
DOC_JUDG_CJ_1995_0301_19981022,1998-01-22
DOC_JUDG_CJ_1995_0301_19981022,1998-03-12
DOC_JUDG_CJ_1995_0302_19961212,1996-11-05
DOC_JUDG_CJ_1995_0303_19960711,1996-06-11
DOC_JUDG_CJ_1995_0304_19960711,1996-05-23
DOC_JUDG_CJ_1995_0308_19991005,1998-12-03
DOC_JUDG_CJ_1995_0308_19991005,1999-02-25
DOC_JUDG_CJ_1995_0309_19980219,1997-04-24
DOC_JUDG_CJ_1995_0310_19970422,1997-01-14
DOC_JUDG_CJ_1995_0311_19960502,1996-03-14
DOC_JUDG_CJ_1995_0312_19961017,1996-07-04
DOC_JUDG_CJ_1995_0314_19970123,1996-09-12
DOC_JUDG_CJ_1995_0315_19961107,1996-10-03
DOC_JUDG_CJ_1995_0316_19970709,1997-02-27
DOC_JUDG_CJ_1995_0316_19970709,1997-01-07
DOC_JUDG_CJ_1995_0320_19990225,1998-06-11
DOC_JUDG_CJ_1995_0320_19990225,1998-04-30
DOC_JUDG_CJ_1995_0321_P_19980402,1997-09-23
DOC_JUDG_CJ_1995_0321_P_19980402,1997-06-17
DOC_JUDG_CJ_1995_0322_19970917,1997-01-22
DOC_JUDG_CJ_1995_0322_19970917,1997-03-13
DOC_JUDG_CJ_1995_0325_19961024,1996-07-11
DOC_JUDG_CJ_1995_0329_19970529,1997-02-20
DOC_JUDG_CJ_1995_0329_19970529,1997-01-23
DOC_JUDG_CJ_1995_0330_19970703,1997-02-27
DOC_JUDG_CJ_1995_0330_19970703,1997-01-08
DOC_JUDG_CJ_1995_0335_19961024,1996-07-04
DOC_JUDG_CJ_1995_0338_19971120,1997-07-10
DOC_JUDG_CJ_1995_0338_19971120,1997-04-17
DOC_JUDG_CJ_1995_0341_19980714,1997-11-11
DOC_JUDG_CJ_1995_0341_19980714,1998-02-03
DOC_JUDG_CJ_1995_0343_19970318,1996-12-10
DOC_JUDG_CJ_1995_0344_19970220,1996-11-14
DOC_JUDG_CJ_1995_0345_19971001,1996-12-03
DOC_JUDG_CJ_1995_0345_19971001,1997-02-04
DOC_JUDG_CJ_1995_0346_19980212,1997-09-25
DOC_JUDG_CJ_1995_0347_19970917,1997-01-23
DOC_JUDG_CJ_1995_0349_19971111,1997-02-27
DOC_JUDG_CJ_1995_0349_19971111,1997-01-07
DOC_JUDG_CJ_1995_0351_19970417,1996-11-14
DOC_JUDG_CJ_1995_0351_19970417,1997-01-16
DOC_JUDG_CJ_1995_0352_19970320,1996-09-12
DOC_JUDG_CJ_1995_0352_19970320,1996-10-24
DOC_JUDG_CJ_1995_0353_P_19971209,1997-05-13
DOC_JUDG_CJ_1995_0353_P_19971209,1997-01-21
DOC_JUDG_CJ_1995_0354_19970717,1997-01-22
DOC_JUDG_CJ_1995_0354_19970717,1997-03-06
DOC_JUDG_CJ_1995_0355_P_19970515,1996-12-10
DOC_JUDG_CJ_1995_0356_19971127,1997-06-26
DOC_JUDG_CJ_1995_0356_19971127,1997-05-15
DOC_JUDG_CJ_1995_0357_P_19970311,1996-10-08
DOC_JUDG_CJ_1995_0357_P_19970311,1996-12-05
DOC_JUDG_CJ_1995_0358_19970313,1996-12-12
DOC_JUDG_CJ_1995_0359_P_19971111,1997-01-21
DOC_JUDG_CJ_1995_0359_P_19971111,1997-05-13
DOC_JUDG_CJ_1995_0360_19971218,1997-06-17
DOC_JUDG_CJ_1995_0360_19971218,1997-05-15
DOC_JUDG_CJ_1995_0361_19971218,1997-05-15
DOC_JUDG_CJ_1995_0361_19971218,1997-06-17
DOC_JUDG_CJ_1995_0362_P_19970916,1997-04-24
DOC_JUDG_CJ_1995_0362_P_19970916,1997-06-05
DOC_JUDG_CJ_1995_0364_19980310,1997-06-24
DOC_JUDG_CJ_1995_0364_19980310,1997-02-04
DOC_JUDG_CJ_1995_0366_19980512,1997-03-20
DOC_JUDG_CJ_1995_0366_19980512,1997-04-29
DOC_JUDG_CJ_1995_0367_P_19980402,1997-05-27
DOC_JUDG_CJ_1995_0368_19970626,1997-03-13
DOC_JUDG_CJ_1995_0368_19970626,1996-11-12
DOC_JUDG_CJ_1995_0369_19971127,1997-06-26
DOC_JUDG_CJ_1995_0369_19971127,1997-05-15
DOC_JUDG_CJ_1995_0370_19970626,1997-01-16
DOC_JUDG_CJ_1995_0370_19970626,1997-02-27
DOC_JUDG_CJ_1995_0373_19970710,1996-10-03
DOC_JUDG_CJ_1995_0373_19970710,1997-01-23
DOC_JUDG_CJ_1995_0375_19971023,1997-06-26
DOC_JUDG_CJ_1995_0375_19971023,1997-05-29
DOC_JUDG_CJ_1995_0380_19961003,1996-06-27
DOC_JUDG_CJ_1995_0382_19971218,1997-09-16
DOC_JUDG_CJ_1995_0382_19971218,1997-05-29
DOC_JUDG_CJ_1995_0382_19971218,1997-10-02
DOC_JUDG_CJ_1995_0384_19971218,1997-05-15
DOC_JUDG_CJ_1995_0384_19971218,1997-09-25
DOC_JUDG_CJ_1995_0386_19970529,1997-03-06
DOC_JUDG_CJ_1995_0386_19970529,1997-01-30
DOC_JUDG_CJ_1995_0388_20000516,1998-10-21
DOC_JUDG_CJ_1995_0388_20000516,1999-03-25
DOC_JUDG_CJ_1995_0389_19970529,1997-01-23
DOC_JUDG_CJ_1995_0389_19970529,1997-03-20
DOC_JUDG_CJ_1995_0390_P_19990211,1998-03-05
DOC_JUDG_CJ_1995_0390_P_19990211,1998-04-28
DOC_JUDG_CJ_1995_0391_19981117,1997-06-10
DOC_JUDG_CJ_1995_0391_19981117,1997-04-22
DOC_JUDG_CJ_1995_0392_19970610,1997-03-20
DOC_JUDG_CJ_1995_0392_19970610,1997-02-04
DOC_JUDG_CJ_1995_0395_P_19970422,1996-12-03
DOC_JUDG_CJ_1995_0395_P_19970422,1997-01-30
DOC_JUDG_CJ_1995_0398_19970605,1997-01-22
DOC_JUDG_CJ_1995_0398_19970605,1997-03-04
DOC_JUDG_CJ_1995_0400_19970529,1997-01-16
DOC_JUDG_CJ_1995_0400_19970529,1997-02-18
DOC_JUDG_CJ_1995_0405_19970515,1997-01-29
DOC_JUDG_CJ_1995_0405_19970515,1997-03-06
DOC_JUDG_CJ_1995_0408_19971111,1997-05-27
DOC_JUDG_CJ_1995_0408_19971111,1997-01-14
DOC_JUDG_CJ_1996_0003_19980519,1997-07-15
DOC_JUDG_CJ_1996_0003_19980519,1997-10-09
DOC_JUDG_CJ_1996_0004_19980219,1997-05-06
DOC_JUDG_CJ_1996_0004_19980219,1997-09-30
DOC_JUDG_CJ_1996_0008_19971211,1996-12-05
DOC_JUDG_CJ_1996_0008_19971211,1997-02-20
DOC_JUDG_CJ_1996_0010_19961212,1996-10-01
DOC_JUDG_CJ_1996_0010_19961212,1996-11-07
DOC_JUDG_CJ_1996_0013_19970320,1996-11-28
DOC_JUDG_CJ_1996_0013_19970320,1996-10-24
DOC_JUDG_CJ_1996_0014_19970529,1996-12-12
DOC_JUDG_CJ_1996_0014_19970529,1997-02-06
DOC_JUDG_CJ_1996_0015_19980115,1997-07-17
DOC_JUDG_CJ_1996_0015_19980115,1997-05-13
DOC_JUDG_CJ_1996_0017_19970717,1997-05-15
DOC_JUDG_CJ_1996_0017_19970717,1997-01-29
DOC_JUDG_CJ_1996_0020_19971104,1997-05-06
DOC_JUDG_CJ_1996_0020_19971104,1997-03-18
DOC_JUDG_CJ_1996_0021_19971009,1997-05-27
DOC_JUDG_CJ_1996_0021_19971009,1997-04-24
DOC_JUDG_CJ_1996_0022_19980528,1997-09-23
DOC_JUDG_CJ_1996_0026_19970529,1997-02-06
DOC_JUDG_CJ_1996_0026_19970529,1997-03-06
DOC_JUDG_CJ_1996_0027_19971127,1997-04-17
DOC_JUDG_CJ_1996_0027_19971127,1997-06-17
DOC_JUDG_CJ_1996_0028_19970917,1997-01-23
DOC_JUDG_CJ_1996_0028_19970917,1996-11-28
DOC_JUDG_CJ_1996_0035_19980618,1997-12-04
DOC_JUDG_CJ_1996_0035_19980618,1998-02-12
DOC_JUDG_CJ_1996_0036_19970930,1997-04-29
DOC_JUDG_CJ_1996_0036_19970930,1997-03-06
DOC_JUDG_CJ_1996_0037_19980430,1997-03-20
DOC_JUDG_CJ_1996_0037_19980430,1996-11-05
DOC_JUDG_CJ_1996_0039_19970424,1996-12-12
DOC_JUDG_CJ_1996_0039_19970424,1997-02-06
DOC_JUDG_CJ_1996_0041_19970605,1997-02-27
DOC_JUDG_CJ_1996_0041_19970605,1996-12-10
DOC_JUDG_CJ_1996_0042_19971211,1997-05-07
DOC_JUDG_CJ_1996_0042_19971211,1997-06-26
DOC_JUDG_CJ_1996_0043_19980618,1997-11-13
DOC_JUDG_CJ_1996_0043_19980618,1997-09-25
DOC_JUDG_CJ_1996_0044_19980115,1997-09-16
DOC_JUDG_CJ_1996_0045_19980317,1997-01-22
DOC_JUDG_CJ_1996_0045_19980317,1997-03-20
DOC_JUDG_CJ_1996_0048_P_19980514,1997-10-02
DOC_JUDG_CJ_1996_0048_P_19980514,1997-11-13
DOC_JUDG_CJ_1996_0050_20000210,1990-09-25
DOC_JUDG_CJ_1996_0050_20000210,1990-07-04
DOC_JUDG_CJ_1996_0052_19970717,1997-05-29
DOC_JUDG_CJ_1996_0053_19980616,1997-05-27
DOC_JUDG_CJ_1996_0053_19980616,1997-11-13
DOC_JUDG_CJ_1996_0054_19970917,1997-05-15
DOC_JUDG_CJ_1996_0054_19970917,1997-01-28
DOC_JUDG_CJ_1996_0055_19971211,1997-03-13
DOC_JUDG_CJ_1996_0055_19971211,1997-05-15
DOC_JUDG_CJ_1996_0056_19970605,1996-12-12
DOC_JUDG_CJ_1996_0056_19970605,1997-02-06
DOC_JUDG_CJ_1996_0057_19971127,1997-05-29
DOC_JUDG_CJ_1996_0057_19971127,1997-09-16
DOC_JUDG_CJ_1996_0060_19970703,1997-02-27
DOC_JUDG_CJ_1996_0060_19970703,1997-03-20
DOC_JUDG_CJ_1996_0061_20020418,2001-09-25
DOC_JUDG_CJ_1996_0061_20020418,2001-11-13
DOC_JUDG_CJ_1996_0062_19971127,1997-09-25
DOC_JUDG_CJ_1996_0062_19971127,1997-07-01
DOC_JUDG_CJ_1996_0063_19970529,1997-02-27
DOC_JUDG_CJ_1996_0063_19970529,1997-01-22
DOC_JUDG_CJ_1996_0064_19970605,1997-02-06
DOC_JUDG_CJ_1996_0066_19981119,1997-06-12
DOC_JUDG_CJ_1996_0066_19981119,1997-07-10
DOC_JUDG_CJ_1996_0068_19980617,1997-07-15
DOC_JUDG_CJ_1996_0068_19980617,1997-06-12
DOC_JUDG_CJ_1996_0069_19971016,1997-06-26
DOC_JUDG_CJ_1996_0080_19980115,1997-07-03
DOC_JUDG_CJ_1996_0080_19980115,1997-07-17
DOC_JUDG_CJ_1996_0081_19980618,1998-01-22
DOC_JUDG_CJ_1996_0081_19980618,1998-03-05
DOC_JUDG_CJ_1996_0083_19970917,1997-04-17
DOC_JUDG_CJ_1996_0083_19970917,1997-05-29
DOC_JUDG_CJ_1996_0084_19991005,1999-02-25
DOC_JUDG_CJ_1996_0084_19991005,1998-12-03
DOC_JUDG_CJ_1996_0085_19980512,1997-07-01
DOC_JUDG_CJ_1996_0089_19991123,1998-04-28
DOC_JUDG_CJ_1996_0089_19991123,1999-02-25
DOC_JUDG_CJ_1996_0091_19961205,1996-10-24
DOC_JUDG_CJ_1996_0092_19980212,1997-07-03
DOC_JUDG_CJ_1996_0092_19980212,1997-10-02
DOC_JUDG_CJ_1996_0097_19971204,1997-06-12
DOC_JUDG_CJ_1996_0097_19971204,1997-07-03
DOC_JUDG_CJ_1996_0098_19970930,1997-04-29
DOC_JUDG_CJ_1996_0098_19970930,1997-03-06
DOC_JUDG_CJ_1996_0100_19990311,1997-10-02
DOC_JUDG_CJ_1996_0100_19990311,1997-07-17
DOC_JUDG_CJ_1996_0102_19981112,1997-11-20
DOC_JUDG_CJ_1996_0102_19981112,1998-02-03
DOC_JUDG_CJ_1996_0103_19970313,1996-11-07
DOC_JUDG_CJ_1996_0103_19970313,1996-12-05
DOC_JUDG_CJ_1996_0104_19971216,1997-01-08
DOC_JUDG_CJ_1996_0104_19971216,1997-03-12
DOC_JUDG_CJ_1996_0106_19980512,1998-01-22
DOC_JUDG_CJ_1996_0106_19980512,1997-11-04
DOC_JUDG_CJ_1996_0107_19970605,1997-03-20
DOC_JUDG_CJ_1996_0108_20010201,2000-02-10
DOC_JUDG_CJ_1996_0108_20010201,2000-03-16
DOC_JUDG_CJ_1996_0113_19980507,1997-06-12
DOC_JUDG_CJ_1996_0113_19980507,1997-09-25
DOC_JUDG_CJ_1996_0114_19970625,1997-02-27
DOC_JUDG_CJ_1996_0114_19970625,1997-01-16
DOC_JUDG_CJ_1996_0116_19971106,1997-06-05
DOC_JUDG_CJ_1996_0116_19971106,1997-07-17
DOC_JUDG_CJ_1996_0117_19970917,1997-05-29
DOC_JUDG_CJ_1996_0117_19970917,1997-04-24
DOC_JUDG_CJ_1996_0118_19980428,1997-09-23
DOC_JUDG_CJ_1996_0118_19980428,1997-06-10
DOC_JUDG_CJ_1996_0124_19980507,1998-02-03
DOC_JUDG_CJ_1996_0125_19980115,1997-07-01
DOC_JUDG_CJ_1996_0125_19980115,1997-07-17
DOC_JUDG_CJ_1996_0127_19981210,1998-09-24
DOC_JUDG_CJ_1996_0127_19981210,1998-06-11
DOC_JUDG_CJ_1996_0129_19971218,1997-02-05
DOC_JUDG_CJ_1996_0129_19971218,1997-04-24
DOC_JUDG_CJ_1996_0132_19980924,1997-06-25
DOC_JUDG_CJ_1996_0132_19980924,1997-09-25
DOC_JUDG_CJ_1996_0135_19970220,1997-01-16
DOC_JUDG_CJ_1996_0137_19971127,1997-10-09
DOC_JUDG_CJ_1996_0138_19970612,1997-04-15
DOC_JUDG_CJ_1996_0139_19970916,1997-05-29
DOC_JUDG_CJ_1996_0141_19970917,1997-05-27
DOC_JUDG_CJ_1996_0141_19970917,1997-04-15
DOC_JUDG_CJ_1996_0143_19971209,1997-06-26
DOC_JUDG_CJ_1996_0143_19971209,1997-07-17
DOC_JUDG_CJ_1996_0144_19971002,1997-03-20
DOC_JUDG_CJ_1996_0144_19971002,1997-02-06
DOC_JUDG_CJ_1996_0147_20000622,1999-10-28
DOC_JUDG_CJ_1996_0147_20000622,1999-12-14
DOC_JUDG_CJ_1996_0149_19991123,1998-06-30
DOC_JUDG_CJ_1996_0149_19991123,1999-02-25
DOC_JUDG_CJ_1996_0151_19970612,1997-04-15
DOC_JUDG_CJ_1996_0153_P_19970529,1996-12-05
DOC_JUDG_CJ_1996_0153_P_19970529,1997-01-23
DOC_JUDG_CJ_1996_0154_19981022,1997-03-06
DOC_JUDG_CJ_1996_0154_19981022,1997-01-22
DOC_JUDG_CJ_1996_0157_19980505,1997-09-30
DOC_JUDG_CJ_1996_0157_19980505,1997-07-02
DOC_JUDG_CJ_1996_0158_19980428,1997-01-15
DOC_JUDG_CJ_1996_0158_19980428,1997-09-16
DOC_JUDG_CJ_1996_0159_19981119,1998-07-16
DOC_JUDG_CJ_1996_0159_19981119,1998-05-07
DOC_JUDG_CJ_1996_0161_19980129,1997-09-25
DOC_JUDG_CJ_1996_0161_19980129,1997-11-06
DOC_JUDG_CJ_1996_0162_19980616,1997-07-15
DOC_JUDG_CJ_1996_0162_19980616,1997-12-04
DOC_JUDG_CJ_1996_0163_19980212,1997-10-09
DOC_JUDG_CJ_1996_0164_19971106,1997-05-29
DOC_JUDG_CJ_1996_0170_19980512,1998-02-05
DOC_JUDG_CJ_1996_0170_19980512,1997-12-09
DOC_JUDG_CJ_1996_0173_19981210,1998-09-24
DOC_JUDG_CJ_1996_0173_19981210,1998-06-11
DOC_JUDG_CJ_1996_0176_20000413,1999-06-22
DOC_JUDG_CJ_1996_0176_20000413,1999-04-29
DOC_JUDG_CJ_1996_0177_19971016,1997-07-03
DOC_JUDG_CJ_1996_0180_19980505,1997-09-30
DOC_JUDG_CJ_1996_0180_19980505,1997-07-02
DOC_JUDG_CJ_1996_0184_19981022,1997-07-01
DOC_JUDG_CJ_1996_0184_19981022,1997-10-16
DOC_JUDG_CJ_1996_0185_19981029,1998-04-30
DOC_JUDG_CJ_1996_0185_19981029,1998-03-12
DOC_JUDG_CJ_1996_0186_19981217,1998-06-11
DOC_JUDG_CJ_1996_0186_19981217,1998-07-07
DOC_JUDG_CJ_1996_0187_19980312,1997-11-20
DOC_JUDG_CJ_1996_0187_19980312,1997-12-11
DOC_JUDG_CJ_1996_0188_P_19971120,1997-05-29
DOC_JUDG_CJ_1996_0192_19980625,1997-07-03
DOC_JUDG_CJ_1996_0192_19980625,1997-10-23
DOC_JUDG_CJ_1996_0194_19980305,1997-10-23
DOC_JUDG_CJ_1996_0194_19980305,1997-09-16
DOC_JUDG_CJ_1996_0197_19970313,1997-01-16
DOC_JUDG_CJ_1996_0201_19971106,1997-02-06
DOC_JUDG_CJ_1996_0201_19971106,1997-03-20
DOC_JUDG_CJ_1996_0203_19980625,1997-07-03
DOC_JUDG_CJ_1996_0203_19980625,1997-10-23
DOC_JUDG_CJ_1996_0205_19970206,1996-12-05
DOC_JUDG_CJ_1996_0206_19980611,1997-05-15
DOC_JUDG_CJ_1996_0206_19980611,1997-06-26
DOC_JUDG_CJ_1996_0207_19971204,1997-09-30
DOC_JUDG_CJ_1996_0208_19971002,1997-09-16
DOC_JUDG_CJ_1996_0209_19981001,1998-03-24
DOC_JUDG_CJ_1996_0209_19981001,1998-02-04
DOC_JUDG_CJ_1996_0210_19980716,1998-03-12
DOC_JUDG_CJ_1996_0210_19980716,1998-01-29
DOC_JUDG_CJ_1996_0212_19980219,1997-01-15
DOC_JUDG_CJ_1996_0212_19980219,1997-03-20
DOC_JUDG_CJ_1996_0213_19980402,1997-11-13
DOC_JUDG_CJ_1996_0213_19980402,1997-06-24
DOC_JUDG_CJ_1996_0214_19981125,1998-06-25
DOC_JUDG_CJ_1996_0218_19961212,1996-11-28
DOC_JUDG_CJ_1996_0223_19970605,1997-03-20
DOC_JUDG_CJ_1996_0225_19971204,1997-09-25
DOC_JUDG_CJ_1996_0231_19980915,1998-02-03
DOC_JUDG_CJ_1996_0231_19980915,1998-03-26
DOC_JUDG_CJ_1996_0232_19981001,1998-03-24
DOC_JUDG_CJ_1996_0232_19981001,1998-02-04
DOC_JUDG_CJ_1996_0233_19981001,1998-03-24
DOC_JUDG_CJ_1996_0233_19981001,1998-02-04
DOC_JUDG_CJ_1996_0234_20000210,1998-07-01
DOC_JUDG_CJ_1996_0234_20000210,1998-10-08
DOC_JUDG_CJ_1996_0236_19971113,1997-09-25
DOC_JUDG_CJ_1996_0238_19981001,1998-02-04
DOC_JUDG_CJ_1996_0238_19981001,1998-03-24
DOC_JUDG_CJ_1996_0242_19981001,1998-02-04
DOC_JUDG_CJ_1996_0242_19981001,1998-03-24
DOC_JUDG_CJ_1996_0246_19971211,1997-07-10
DOC_JUDG_CJ_1996_0246_19971211,1997-06-05
DOC_JUDG_CJ_1996_0248_19971113,1997-07-17
DOC_JUDG_CJ_1996_0248_19971113,1997-05-29
DOC_JUDG_CJ_1996_0252_P_19981119,1998-04-02
DOC_JUDG_CJ_1996_0253_19971204,1997-10-09
DOC_JUDG_CJ_1996_0253_19971204,1997-07-01
DOC_JUDG_CJ_1996_0259_P_19980514,1997-07-15
DOC_JUDG_CJ_1996_0260_19980915,1998-02-03
DOC_JUDG_CJ_1996_0260_19980915,1998-03-26
DOC_JUDG_CJ_1996_0263_19971218,1997-09-25
DOC_JUDG_CJ_1996_0270_19980312,1997-07-17
DOC_JUDG_CJ_1996_0270_19980312,1997-06-05
DOC_JUDG_CJ_1996_0275_19980611,1997-12-16
DOC_JUDG_CJ_1996_0279_19980915,1998-03-26
DOC_JUDG_CJ_1996_0279_19980915,1998-02-03
DOC_JUDG_CJ_1996_0282_19970529,1997-02-27
DOC_JUDG_CJ_1996_0284_19971218,1997-06-05
DOC_JUDG_CJ_1996_0284_19971218,1997-07-17
DOC_JUDG_CJ_1996_0285_19981001,1998-06-18
DOC_JUDG_CJ_1996_0287_19980716,1998-03-19
DOC_JUDG_CJ_1996_0288_20001005,1999-03-11
DOC_JUDG_CJ_1996_0288_20001005,1999-05-11
DOC_JUDG_CJ_1996_0289_19990316,1998-06-16
DOC_JUDG_CJ_1996_0289_19990316,1998-09-15
DOC_JUDG_CJ_1996_0291_19971009,1997-06-12
DOC_JUDG_CJ_1996_0292_19980115,1997-10-02
DOC_JUDG_CJ_1996_0294_19970320,1997-02-18
DOC_JUDG_CJ_1996_0298_19980716,1997-12-04
DOC_JUDG_CJ_1996_0298_19980716,1997-10-09
DOC_JUDG_CJ_1996_0301_20030930,2002-02-26
DOC_JUDG_CJ_1996_0301_20030930,2002-05-28
DOC_JUDG_CJ_1996_0306_19980428,1997-11-06
DOC_JUDG_CJ_1996_0308_19981022,1998-04-30
DOC_JUDG_CJ_1996_0308_19981022,1998-02-05
DOC_JUDG_CJ_1996_0311_19970529,1997-03-06
DOC_JUDG_CJ_1996_0312_19970529,1997-03-06
DOC_JUDG_CJ_1996_0313_19970529,1997-03-13
DOC_JUDG_CJ_1996_0314_19980312,1997-05-15
DOC_JUDG_CJ_1996_0314_19980312,1997-05-07
DOC_JUDG_CJ_1996_0316_19971216,1997-09-16
DOC_JUDG_CJ_1996_0316_19971216,1997-10-23
DOC_JUDG_CJ_1996_0318_19980219,1997-10-09
DOC_JUDG_CJ_1996_0318_19980219,1997-11-20
DOC_JUDG_CJ_1996_0319_19980924,1997-11-13
DOC_JUDG_CJ_1996_0319_19980924,1998-01-22
DOC_JUDG_CJ_1996_0321_19980617,1998-01-15
DOC_JUDG_CJ_1996_0321_19980617,1997-11-13
DOC_JUDG_CJ_1996_0323_19980917,1998-03-19
DOC_JUDG_CJ_1996_0323_19980917,1998-02-05
DOC_JUDG_CJ_1996_0324_19980326,1997-10-02
DOC_JUDG_CJ_1996_0324_19980326,1997-07-17
DOC_JUDG_CJ_1996_0325_19971216,1997-09-17
DOC_JUDG_CJ_1996_0325_19971216,1997-07-17
DOC_JUDG_CJ_1996_0326_19981201,1998-03-03
DOC_JUDG_CJ_1996_0326_19981201,1998-05-12
DOC_JUDG_CJ_1996_0328_19991028,1999-01-19
DOC_JUDG_CJ_1996_0328_19991028,1998-11-10
DOC_JUDG_CJ_1996_0329_19970626,1997-04-24
DOC_JUDG_CJ_1996_0336_19980512,1997-11-20
DOC_JUDG_CJ_1996_0337_19981203,1998-07-14
DOC_JUDG_CJ_1996_0340_19990422,1998-09-15
DOC_JUDG_CJ_1996_0340_19990422,1998-06-17
DOC_JUDG_CJ_1996_0341_19971216,1997-10-23
DOC_JUDG_CJ_1996_0342_19990429,1998-07-09
DOC_JUDG_CJ_1996_0342_19990429,1998-05-14
DOC_JUDG_CJ_1996_0344_19980312,1997-12-16
DOC_JUDG_CJ_1996_0346_19980129,1997-10-02
DOC_JUDG_CJ_1996_0346_19980129,1997-11-13
DOC_JUDG_CJ_1996_0347_19980305,1997-09-16
DOC_JUDG_CJ_1996_0347_19980305,1997-10-23
DOC_JUDG_CJ_1996_0349_19990225,1998-06-11
DOC_JUDG_CJ_1996_0349_19990225,1998-03-24
DOC_JUDG_CJ_1996_0350_19980507,1997-10-23
DOC_JUDG_CJ_1996_0350_19980507,1997-12-04
DOC_JUDG_CJ_1996_0351_19980519,1998-01-15
DOC_JUDG_CJ_1996_0351_19980519,1997-11-13
DOC_JUDG_CJ_1996_0352_19981112,1998-04-28
DOC_JUDG_CJ_1996_0353_19981217,1998-07-16
DOC_JUDG_CJ_1996_0353_19981217,1998-05-28
DOC_JUDG_CJ_1996_0357_19970529,1997-03-20
DOC_JUDG_CJ_1996_0360_19981110,1998-02-19
DOC_JUDG_CJ_1996_0360_19981110,1997-11-18
DOC_JUDG_CJ_1996_0361_19980611,1998-02-12
DOC_JUDG_CJ_1996_0364_19980514,1997-11-13
DOC_JUDG_CJ_1996_0364_19980514,1997-12-04
DOC_JUDG_CJ_1996_0368_19981203,1997-12-11
DOC_JUDG_CJ_1996_0368_19981203,1998-01-22
DOC_JUDG_CJ_1996_0369_19991123,1998-06-25
DOC_JUDG_CJ_1996_0369_19991123,1998-05-19
DOC_JUDG_CJ_1996_0370_19981126,1998-04-02
DOC_JUDG_CJ_1996_0372_19980917,1998-02-12
DOC_JUDG_CJ_1996_0372_19980917,1998-04-02
DOC_JUDG_CJ_1996_0374_19981216,1998-09-17
DOC_JUDG_CJ_1996_0374_19981216,1998-06-11
DOC_JUDG_CJ_1996_0375_19981029,1998-03-26
DOC_JUDG_CJ_1996_0375_19981029,1998-05-28
DOC_JUDG_CJ_1996_0377_19980430,1997-11-27
DOC_JUDG_CJ_1996_0377_19980430,1998-01-15
DOC_JUDG_CJ_1996_0386_P_19980505,1997-12-16
DOC_JUDG_CJ_1996_0386_P_19980505,1997-10-08
DOC_JUDG_CJ_1996_0387_19980317,1997-10-23
DOC_JUDG_CJ_1996_0387_19980317,1997-12-16
DOC_JUDG_CJ_1996_0389_19980714,1997-12-04
DOC_JUDG_CJ_1996_0389_19980714,1998-01-15
DOC_JUDG_CJ_1996_0390_19980507,1997-12-18
DOC_JUDG_CJ_1996_0390_19980507,1997-11-06
DOC_JUDG_CJ_1996_0391_P_19980505,1997-12-16
DOC_JUDG_CJ_1996_0391_P_19980505,1997-10-08
DOC_JUDG_CJ_1996_0392_19990921,1998-09-24
DOC_JUDG_CJ_1996_0392_19990921,1998-12-17
DOC_JUDG_CJ_1996_0394_19980630,1998-02-05
DOC_JUDG_CJ_1996_0394_19980630,1997-12-16
DOC_JUDG_CJ_1996_0395_P_20000316,1998-05-14
DOC_JUDG_CJ_1996_0395_P_20000316,1998-10-29
DOC_JUDG_CJ_1996_0400_19980917,1998-02-19
DOC_JUDG_CJ_1996_0401_P_19980507,1997-12-18
DOC_JUDG_CJ_1996_0402_19971218,1997-11-13
DOC_JUDG_CJ_1996_0403_P_19980505,1997-12-16
DOC_JUDG_CJ_1996_0403_P_19980505,1997-10-08
DOC_JUDG_CJ_1996_0404_P_19980505,1997-10-08
DOC_JUDG_CJ_1996_0404_P_19980505,1997-12-16
DOC_JUDG_CJ_1996_0410_19981201,1998-05-14
DOC_JUDG_CJ_1996_0410_19981201,1998-04-28
DOC_JUDG_CJ_1996_0411_19981027,1998-01-13
DOC_JUDG_CJ_1996_0411_19981027,1998-02-19
DOC_JUDG_CJ_1996_0412_19980917,1998-01-29
DOC_JUDG_CJ_1996_0412_19980917,1998-03-26
DOC_JUDG_CJ_1996_0413_19980924,1997-12-16
DOC_JUDG_CJ_1996_0415_19981112,1998-03-19
DOC_JUDG_CJ_1997_0001_19981126,1998-04-02
DOC_JUDG_CJ_1997_0001_19981126,1998-05-28
DOC_JUDG_CJ_1997_0002_19981217,1998-03-03
DOC_JUDG_CJ_1997_0002_19981217,1998-04-28
DOC_JUDG_CJ_1997_0004_19981027,1998-06-18
DOC_JUDG_CJ_1997_0004_19981027,1998-05-07
DOC_JUDG_CJ_1997_0006_19990519,1998-07-16
DOC_JUDG_CJ_1997_0006_19990519,1998-09-17
DOC_JUDG_CJ_1997_0007_19981126,1998-05-28
DOC_JUDG_CJ_1997_0007_19981126,1998-02-10
DOC_JUDG_CJ_1997_0008_19980219,1997-12-16
DOC_JUDG_CJ_1997_0009_19981022,1998-02-10
DOC_JUDG_CJ_1997_0009_19981022,1998-03-24
DOC_JUDG_CJ_1997_0010_19981022,1998-05-14
DOC_JUDG_CJ_1997_0010_19981022,1998-03-19
DOC_JUDG_CJ_1997_0024_19980430,1998-01-22
DOC_JUDG_CJ_1997_0031_19981027,1998-05-07
DOC_JUDG_CJ_1997_0031_19981027,1998-06-11
DOC_JUDG_CJ_1997_0033_19990603,1998-02-19
DOC_JUDG_CJ_1997_0033_19990603,1997-12-10
DOC_JUDG_CJ_1997_0035_19980924,1998-02-12
DOC_JUDG_CJ_1997_0035_19980924,1998-03-26
DOC_JUDG_CJ_1997_0036_19981022,1998-05-28
DOC_JUDG_CJ_1997_0036_19981022,1998-03-26
DOC_JUDG_CJ_1997_0038_19981001,1998-03-05
DOC_JUDG_CJ_1997_0038_19981001,1998-01-15
DOC_JUDG_CJ_1997_0039_19980929,1998-04-02
DOC_JUDG_CJ_1997_0039_19980929,1998-01-20
DOC_JUDG_CJ_1997_0041_19980611,1998-02-19
DOC_JUDG_CJ_1997_0041_19980611,1998-01-15
DOC_JUDG_CJ_1997_0042_19990223,1998-03-17
DOC_JUDG_CJ_1997_0042_19990223,1998-05-05
DOC_JUDG_CJ_1997_0043_19970717,1997-06-12
DOC_JUDG_CJ_1997_0044_19991021,1999-03-09
DOC_JUDG_CJ_1997_0044_19991021,1998-12-16
DOC_JUDG_CJ_1997_0045_20000706,1999-05-20
DOC_JUDG_CJ_1997_0046_20000713,1999-12-16
DOC_JUDG_CJ_1997_0046_20000713,1999-09-23
DOC_JUDG_CJ_1997_0047_19980430,1997-12-04
DOC_JUDG_CJ_1997_0047_19980430,1998-01-29
DOC_JUDG_CJ_1997_0059_19990318,1998-06-18
DOC_JUDG_CJ_1997_0059_19990318,1998-09-17
DOC_JUDG_CJ_1997_0061_19980922,1998-03-31
DOC_JUDG_CJ_1997_0061_19980922,1998-05-26
DOC_JUDG_CJ_1997_0062_P_19980528,1998-01-27
DOC_JUDG_CJ_1997_0063_19990223,1998-01-13
DOC_JUDG_CJ_1997_0063_19990223,1998-04-02
DOC_JUDG_CJ_1997_0065_19990225,1998-10-15
DOC_JUDG_CJ_1997_0065_19990225,1998-11-26
DOC_JUDG_CJ_1997_0069_19990427,1998-06-25
DOC_JUDG_CJ_1997_0069_19990427,1998-10-15
DOC_JUDG_CJ_1997_0070_P_19981117,1998-02-17
DOC_JUDG_CJ_1997_0070_P_19981117,1998-04-30
DOC_JUDG_CJ_1997_0071_19981001,1998-03-26
DOC_JUDG_CJ_1997_0073_P_19990121,1998-06-25
DOC_JUDG_CJ_1997_0075_19990617,1998-11-12
DOC_JUDG_CJ_1997_0075_19990617,1998-09-17
DOC_JUDG_CJ_1997_0076_19980924,1998-02-12
DOC_JUDG_CJ_1997_0076_19980924,1998-04-02
DOC_JUDG_CJ_1997_0077_19990128,1998-05-07
DOC_JUDG_CJ_1997_0077_19990128,1998-07-02
DOC_JUDG_CJ_1997_0083_19971211,1997-10-23
DOC_JUDG_CJ_1997_0085_19981119,1998-04-30
DOC_JUDG_CJ_1997_0085_19981119,1998-05-19
DOC_JUDG_CJ_1997_0087_19990304,1998-12-17
DOC_JUDG_CJ_1997_0093_19980716,1998-03-26
DOC_JUDG_CJ_1997_0093_19980716,1998-01-22
DOC_JUDG_CJ_1997_0102_19990909,1999-02-11
DOC_JUDG_CJ_1997_0102_19990909,1998-12-10
DOC_JUDG_CJ_1997_0103_19990204,1998-06-18
DOC_JUDG_CJ_1997_0103_19990204,1998-09-24
DOC_JUDG_CJ_1997_0104_P_19991014,1999-05-06
DOC_JUDG_CJ_1997_0104_P_19991014,1999-03-25
DOC_JUDG_CJ_1997_0106_19990921,1998-09-15
DOC_JUDG_CJ_1997_0106_19990921,1998-06-16
DOC_JUDG_CJ_1997_0107_20000518,1998-10-22
DOC_JUDG_CJ_1997_0107_20000518,1998-07-02
DOC_JUDG_CJ_1997_0110_20011122,2000-11-07
DOC_JUDG_CJ_1997_0110_20011122,2001-03-13
DOC_JUDG_CJ_1997_0111_19980924,1998-02-12
DOC_JUDG_CJ_1997_0111_19980924,1998-04-02
DOC_JUDG_CJ_1997_0112_19990325,1998-07-09
DOC_JUDG_CJ_1997_0114_19981029,1998-05-07
DOC_JUDG_CJ_1997_0119_P_19990304,1998-05-26
DOC_JUDG_CJ_1997_0119_P_19990304,1998-04-02
DOC_JUDG_CJ_1997_0124_19990921,1999-03-04
DOC_JUDG_CJ_1997_0124_19990921,1998-06-30
DOC_JUDG_CJ_1997_0125_19980714,1998-03-05
DOC_JUDG_CJ_1997_0125_19980714,1998-05-14
DOC_JUDG_CJ_1997_0126_19990601,1998-07-07
DOC_JUDG_CJ_1997_0126_19990601,1999-02-25
DOC_JUDG_CJ_1997_0127_19981001,1998-03-12
DOC_JUDG_CJ_1997_0127_19981001,1998-05-07
DOC_JUDG_CJ_1997_0129_19980609,1998-03-12
DOC_JUDG_CJ_1997_0129_19980609,1998-01-27
DOC_JUDG_CJ_1997_0131_19990225,1998-07-02
DOC_JUDG_CJ_1997_0131_19990225,1998-05-07
DOC_JUDG_CJ_1997_0134_19981112,1998-06-18
DOC_JUDG_CJ_1997_0134_19981112,1998-04-30
DOC_JUDG_CJ_1997_0136_19990429,1998-06-11
DOC_JUDG_CJ_1997_0136_19990429,1998-07-16
DOC_JUDG_CJ_1997_0139_19980212,1997-12-11
DOC_JUDG_CJ_1997_0143_19981022,1998-02-12
DOC_JUDG_CJ_1997_0143_19981022,1997-12-11
DOC_JUDG_CJ_1997_0144_19980212,1997-11-06
DOC_JUDG_CJ_1997_0145_19980507,1998-01-29
DOC_JUDG_CJ_1997_0145_19980507,1997-12-11
DOC_JUDG_CJ_1997_0147_20000210,1998-09-29
DOC_JUDG_CJ_1997_0147_20000210,1999-06-01
DOC_JUDG_CJ_1997_0149_19981112,1998-05-14
DOC_JUDG_CJ_1997_0149_19981112,1998-03-24
DOC_JUDG_CJ_1997_0150_19990121,1998-10-13
DOC_JUDG_CJ_1997_0153_19981217,1998-07-16
DOC_JUDG_CJ_1997_0153_19981217,1998-10-15
DOC_JUDG_CJ_1997_0156_20000217,1999-11-23
DOC_JUDG_CJ_1997_0156_20000217,1999-02-25
DOC_JUDG_CJ_1997_0156_20000217,1999-10-21
DOC_JUDG_CJ_1997_0156_20000217,1999-03-25
DOC_JUDG_CJ_1997_0159_19990316,1998-09-22
DOC_JUDG_CJ_1997_0159_19990316,1998-05-26
DOC_JUDG_CJ_1997_0161_P_19990422,1998-09-24
DOC_JUDG_CJ_1997_0161_P_19990422,1998-11-19
DOC_JUDG_CJ_1997_0162_19981119,1998-03-24
DOC_JUDG_CJ_1997_0162_19981119,1998-05-05
DOC_JUDG_CJ_1997_0163_19980312,1998-01-15
DOC_JUDG_CJ_1997_0164_19990225,1998-10-29
DOC_JUDG_CJ_1997_0164_19990225,1998-12-17
DOC_JUDG_CJ_1997_0166_19990318,1998-12-10
DOC_JUDG_CJ_1997_0166_19990318,1998-10-15
DOC_JUDG_CJ_1997_0167_19990209,1998-05-12
DOC_JUDG_CJ_1997_0167_19990209,1998-07-14
DOC_JUDG_CJ_1997_0172_19990610,1999-01-28
DOC_JUDG_CJ_1997_0172_OP_20011002,2001-02-15
DOC_JUDG_CJ_1997_0172_OP_20011002,2001-05-31
DOC_JUDG_CJ_1997_0175_19980305,1997-12-16
DOC_JUDG_CJ_1997_0176_19980611,1998-03-05
DOC_JUDG_CJ_1997_0176_19980611,1998-01-29
DOC_JUDG_CJ_1997_0178_20000330,1998-11-26
DOC_JUDG_CJ_1997_0178_20000330,1998-10-22
DOC_JUDG_CJ_1997_0179_19990302,1998-07-16
DOC_JUDG_CJ_1997_0179_19990302,1998-06-10
DOC_JUDG_CJ_1997_0181_19990128,1998-03-12
DOC_JUDG_CJ_1997_0181_19990128,1998-04-30
DOC_JUDG_CJ_1997_0183_19980618,1998-03-31
DOC_JUDG_CJ_1997_0184_19991111,1999-06-10
DOC_JUDG_CJ_1997_0184_19991111,1999-05-06
DOC_JUDG_CJ_1997_0185_19980922,1998-04-02
DOC_JUDG_CJ_1997_0185_19980922,1998-02-19
DOC_JUDG_CJ_1997_0189_19990708,1999-03-11
DOC_JUDG_CJ_1997_0189_19990708,1999-02-02
DOC_JUDG_CJ_1997_0190_19971211,1997-10-23
DOC_JUDG_CJ_1997_0193_19981029,1998-02-10
DOC_JUDG_CJ_1997_0193_19981029,1998-03-05
DOC_JUDG_CJ_1997_0195_19990225,1998-11-12
DOC_JUDG_CJ_1997_0198_19990608,1999-01-26
DOC_JUDG_CJ_1997_0204_20010503,2000-05-18
DOC_JUDG_CJ_1997_0204_20010503,2000-03-28
DOC_JUDG_CJ_1997_0206_19990629,1999-02-09
DOC_JUDG_CJ_1997_0206_19990629,1998-12-01
DOC_JUDG_CJ_1997_0207_19990121,1998-05-14
DOC_JUDG_CJ_1997_0207_19990121,1998-06-18
DOC_JUDG_CJ_1997_0208_19980618,1998-04-02
DOC_JUDG_CJ_1997_0209_19991118,1999-03-11
DOC_JUDG_CJ_1997_0211_19990603,1998-07-16
DOC_JUDG_CJ_1997_0212_19990309,1998-07-16
DOC_JUDG_CJ_1997_0212_19990309,1998-05-19
DOC_JUDG_CJ_1997_0213_19980528,1998-03-12
DOC_JUDG_CJ_1997_0214_19980617,1998-03-10
DOC_JUDG_CJ_1997_0216_19990907,1998-11-17
DOC_JUDG_CJ_1997_0217_19990909,1998-12-03
DOC_JUDG_CJ_1997_0217_19990909,1999-01-28
DOC_JUDG_CJ_1997_0219_19990921,1999-01-28
DOC_JUDG_CJ_1997_0221_P_19981210,1998-06-16
DOC_JUDG_CJ_1997_0222_19990316,1998-06-09
DOC_JUDG_CJ_1997_0222_19990316,1998-10-06
DOC_JUDG_CJ_1997_0224_19990429,1998-12-10
DOC_JUDG_CJ_1997_0225_19990519,1998-10-22
DOC_JUDG_CJ_1997_0225_19990519,1999-01-19
DOC_JUDG_CJ_1997_0226_19980616,1998-02-12
DOC_JUDG_CJ_1997_0226_19980616,1997-12-16
DOC_JUDG_CJ_1997_0229_19981015,1998-07-16
DOC_JUDG_CJ_1997_0231_19990929,1999-02-25
DOC_JUDG_CJ_1997_0231_19990929,1998-11-25
DOC_JUDG_CJ_1997_0233_19981203,1998-05-14
DOC_JUDG_CJ_1997_0233_19981203,1998-07-09
DOC_JUDG_CJ_1997_0235_19981119,1998-07-16
DOC_JUDG_CJ_1997_0236_19981217,1998-06-25
DOC_JUDG_CJ_1997_0236_19981217,1998-09-17
DOC_JUDG_CJ_1997_0240_19991005,1999-04-22
DOC_JUDG_CJ_1997_0240_19991005,1999-01-14
DOC_JUDG_CJ_1997_0241_19990420,1998-11-10
DOC_JUDG_CJ_1997_0241_19990420,1998-12-17
DOC_JUDG_CJ_1997_0242_20000518,1999-09-09
DOC_JUDG_CJ_1997_0242_20000518,1999-10-21
DOC_JUDG_CJ_1997_0243_20000713,1999-09-23
DOC_JUDG_CJ_1997_0243_20000713,1999-12-16
DOC_JUDG_CJ_1997_0244_19981217,1998-07-09
DOC_JUDG_CJ_1997_0244_19981217,1998-09-17
DOC_JUDG_CJ_1997_0245_20001214,1999-11-11
DOC_JUDG_CJ_1997_0245_20001214,1999-12-16
DOC_JUDG_CJ_1997_0249_19990914,1998-12-08
DOC_JUDG_CJ_1997_0249_19990914,1999-02-23
DOC_JUDG_CJ_1997_0250_19981217,1998-09-24
DOC_JUDG_CJ_1997_0250_19981217,1998-06-18
DOC_JUDG_CJ_1997_0251_19991005,1998-11-26
DOC_JUDG_CJ_1997_0253_19991028,1999-03-18
DOC_JUDG_CJ_1997_0253_19991028,1999-05-06
DOC_JUDG_CJ_1997_0255_19990511,1998-05-26
DOC_JUDG_CJ_1997_0255_19990511,1998-07-07
DOC_JUDG_CJ_1997_0256_19990629,1998-09-24
DOC_JUDG_CJ_1997_0258_19990304,1998-10-01
DOC_JUDG_CJ_1997_0258_19990304,1998-06-17
DOC_JUDG_CJ_1997_0260_19990617,1999-02-02
DOC_JUDG_CJ_1997_0263_19980929,1998-05-14
DOC_JUDG_CJ_1997_0263_19980929,1998-03-26
DOC_JUDG_CJ_1997_0265_P_20000330,1998-12-17
DOC_JUDG_CJ_1997_0265_P_20000330,1999-07-08
DOC_JUDG_CJ_1997_0266_P_20000330,1999-07-08
DOC_JUDG_CJ_1997_0266_P_20000330,1998-12-17
DOC_JUDG_CJ_1997_0267_19990429,1998-05-28
DOC_JUDG_CJ_1997_0267_19990429,1998-04-02
DOC_JUDG_CJ_1997_0268_19981015,1998-05-14
DOC_JUDG_CJ_1997_0269_20000404,1999-05-18
DOC_JUDG_CJ_1997_0272_19990422,1998-12-17
DOC_JUDG_CJ_1997_0274_20000516,1999-09-16
DOC_JUDG_CJ_1997_0274_20000516,1999-07-08
DOC_JUDG_CJ_1997_0275_19990914,1998-11-26
DOC_JUDG_CJ_1997_0276_20000912,1999-11-23
DOC_JUDG_CJ_1997_0276_20000912,2000-01-27
DOC_JUDG_CJ_1997_0279_19981210,1998-07-16
DOC_JUDG_CJ_1997_0279_19981210,1998-07-02
DOC_JUDG_CJ_1997_0280_19990209,1998-05-14
DOC_JUDG_CJ_1997_0281_19990909,1998-11-12
DOC_JUDG_CJ_1997_0281_19990909,1998-12-03
DOC_JUDG_CJ_1997_0283_19981015,1998-06-25
DOC_JUDG_CJ_1997_0284_19981015,1998-06-25
DOC_JUDG_CJ_1997_0285_19980716,1998-04-30
DOC_JUDG_CJ_1997_0288_19990429,1998-11-26
DOC_JUDG_CJ_1997_0289_20000706,1999-04-22
DOC_JUDG_CJ_1997_0289_20000706,1999-03-04
DOC_JUDG_CJ_1997_0290_19981210,1998-06-11
DOC_JUDG_CJ_1997_0290_19981210,1998-07-16
DOC_JUDG_CJ_1997_0291_P_19980611,1998-03-05
DOC_JUDG_CJ_1997_0294_19991026,1999-01-26
DOC_JUDG_CJ_1997_0294_19991026,1998-12-02
DOC_JUDG_CJ_1997_0298_19980528,1998-03-19
DOC_JUDG_CJ_1997_0301_20011122,2000-11-07
DOC_JUDG_CJ_1997_0301_20011122,2001-03-13
DOC_JUDG_CJ_1997_0302_19990601,1999-02-23
DOC_JUDG_CJ_1997_0302_19990601,1998-12-01
DOC_JUDG_CJ_1997_0303_19990128,1998-07-09
DOC_JUDG_CJ_1997_0303_19990128,1998-09-29
DOC_JUDG_CJ_1997_0304_P_19990318,1998-12-17
DOC_JUDG_CJ_1997_0305_19991005,1998-11-19
DOC_JUDG_CJ_1997_0305_19991005,1999-01-21
DOC_JUDG_CJ_1997_0308_19981125,1998-07-14
DOC_JUDG_CJ_1997_0308_19981125,1998-07-09
DOC_JUDG_CJ_1997_0309_19990511,1999-01-19
DOC_JUDG_CJ_1997_0309_19990511,1998-11-10
DOC_JUDG_CJ_1997_0310_P_19990914,1999-01-28
DOC_JUDG_CJ_1997_0310_P_19990914,1998-12-08
DOC_JUDG_CJ_1997_0311_19990429,1998-10-08
DOC_JUDG_CJ_1997_0311_19990429,1998-11-19
DOC_JUDG_CJ_1997_0313_19980312,1998-01-22
DOC_JUDG_CJ_1997_0316_P_19981119,1998-06-18
DOC_JUDG_CJ_1997_0316_P_19981119,1998-07-14
DOC_JUDG_CJ_1997_0319_19990601,1999-01-28
DOC_JUDG_CJ_1997_0321_19990615,1999-01-19
DOC_JUDG_CJ_1997_0321_19990615,1998-11-11
DOC_JUDG_CJ_1997_0323_19980709,1998-05-07
DOC_JUDG_CJ_1997_0324_19981015,1998-06-18
DOC_JUDG_CJ_1997_0326_19981015,1998-06-18
DOC_JUDG_CJ_1997_0327_P_19991005,1999-05-20
DOC_JUDG_CJ_1997_0327_P_19991005,1999-06-24
DOC_JUDG_CJ_1997_0328_19981210,1998-10-01
DOC_JUDG_CJ_1997_0333_19991021,1999-01-28
DOC_JUDG_CJ_1997_0333_19991021,1999-03-04
DOC_JUDG_CJ_1997_0334_19990610,1999-02-04
DOC_JUDG_CJ_1997_0336_19990617,1999-03-25
DOC_JUDG_CJ_1997_0336_19990617,1999-02-04
DOC_JUDG_CJ_1997_0337_19990608,1999-01-28
DOC_JUDG_CJ_1997_0338_19990608,1999-02-04
DOC_JUDG_CJ_1997_0338_19990608,1999-03-18
DOC_JUDG_CJ_1997_0339_19980716,1998-05-05
DOC_JUDG_CJ_1997_0340_20000210,1999-07-08
DOC_JUDG_CJ_1997_0340_20000210,1999-06-10
DOC_JUDG_CJ_1997_0342_19990622,1998-10-29
DOC_JUDG_CJ_1997_0343_19980709,1998-05-05
DOC_JUDG_CJ_1997_0346_19990610,1998-09-17
DOC_JUDG_CJ_1997_0346_19990610,1998-11-12
DOC_JUDG_CJ_1997_0347_19990121,1998-09-24
DOC_JUDG_CJ_1997_0347_19990121,1998-07-02
DOC_JUDG_CJ_1997_0348_20000615,1999-09-23
DOC_JUDG_CJ_1997_0349_20030508,2002-02-21
DOC_JUDG_CJ_1997_0350_19990511,1998-12-17
DOC_JUDG_CJ_1997_0350_19990511,1998-11-26
DOC_JUDG_CJ_1997_0354_19990209,1998-11-11
DOC_JUDG_CJ_1997_0355_19990907,1999-03-02
DOC_JUDG_CJ_1997_0356_20000706,1999-03-24
DOC_JUDG_CJ_1997_0356_20000706,1999-06-16
DOC_JUDG_CJ_1997_0358_20000912,1999-11-23
DOC_JUDG_CJ_1997_0358_20000912,2000-01-27
DOC_JUDG_CJ_1997_0359_20000912,2000-01-27
DOC_JUDG_CJ_1997_0359_20000912,1999-11-23
DOC_JUDG_CJ_1997_0360_19990420,1999-02-02
DOC_JUDG_CJ_1997_0360_19990420,1998-12-01
DOC_JUDG_CJ_1997_0365_19991109,1999-03-02
DOC_JUDG_CJ_1997_0365_19991109,1999-04-20
DOC_JUDG_CJ_1997_0368_19980514,1998-03-26
DOC_JUDG_CJ_1997_0371_20001003,2000-04-06
DOC_JUDG_CJ_1997_0371_20001003,2000-05-11
DOC_JUDG_CJ_1997_0372_20040429,2003-05-15
DOC_JUDG_CJ_1997_0372_20040429,2003-03-20
DOC_JUDG_CJ_1997_0373_20000323,1999-10-28
DOC_JUDG_CJ_1997_0373_20000323,1999-09-16
DOC_JUDG_CJ_1997_0375_19990914,1998-09-22
DOC_JUDG_CJ_1997_0375_19990914,1998-11-26
DOC_JUDG_CJ_1997_0383_19990209,1998-10-22
DOC_JUDG_CJ_1997_0384_20000525,1999-10-28
DOC_JUDG_CJ_1997_0384_20000525,1999-09-29
DOC_JUDG_CJ_1997_0385_19981015,1998-06-25
DOC_JUDG_CJ_1997_0386_19981015,1998-06-18
DOC_JUDG_CJ_1997_0387_20000704,1999-09-28
DOC_JUDG_CJ_1997_0387_20000704,1999-06-29
DOC_JUDG_CJ_1997_0391_19990914,1999-01-26
DOC_JUDG_CJ_1997_0391_19990914,1999-03-11
DOC_JUDG_CJ_1997_0392_19990916,1999-06-03
DOC_JUDG_CJ_1997_0392_19990916,1999-03-04
DOC_JUDG_CJ_1997_0404_20000627,1999-10-28
DOC_JUDG_CJ_1997_0404_20000627,1999-09-21
DOC_JUDG_CJ_1997_0405_19990428,1999-01-27
DOC_JUDG_CJ_1997_0408_20000912,1999-11-23
DOC_JUDG_CJ_1997_0408_20000912,2000-01-27
DOC_JUDG_CJ_1997_0410_19981029,1998-07-14
DOC_JUDG_CJ_1997_0412_19990622,1999-01-21
DOC_JUDG_CJ_1997_0414_19990916,1999-03-18
DOC_JUDG_CJ_1997_0416_19990121,1998-10-13
DOC_JUDG_CJ_1997_0417_19990603,1999-01-28
DOC_JUDG_CJ_1997_0418_20000615,1999-04-22
DOC_JUDG_CJ_1997_0418_20000615,1999-06-08
DOC_JUDG_CJ_1997_0423_19990422,1998-11-26
DOC_JUDG_CJ_1997_0424_20000704,1999-03-09
DOC_JUDG_CJ_1997_0424_20000704,1999-05-19
DOC_JUDG_CJ_1997_0429_20010125,2000-01-13
DOC_JUDG_CJ_1997_0429_20010125,1999-11-18
DOC_JUDG_CJ_1997_0433_P_19991005,1999-03-11
DOC_JUDG_CJ_1997_0434_20000224,1999-02-25
DOC_JUDG_CJ_1997_0434_20000224,1999-07-01
DOC_JUDG_CJ_1997_0435_19990916,1999-04-29
DOC_JUDG_CJ_1997_0435_19990916,1999-03-18
DOC_JUDG_CJ_1997_0437_20000309,1999-07-01
DOC_JUDG_CJ_1997_0437_20000309,1999-05-06
DOC_JUDG_CJ_1997_0439_19991014,1999-03-04
DOC_JUDG_CJ_1997_0439_19991014,1999-05-20
DOC_JUDG_CJ_1997_0440_19990928,1998-12-15
DOC_JUDG_CJ_1997_0440_19990928,1999-03-16
DOC_JUDG_CJ_1997_0441_P_20001123,2000-01-27
DOC_JUDG_CJ_1997_0441_P_20001123,1999-12-16
DOC_JUDG_CJ_1997_0442_19991118,1999-05-18
DOC_JUDG_CJ_1997_0443_20000406,1999-07-01
DOC_JUDG_CJ_1997_0443_20000406,1999-10-28
DOC_JUDG_CJ_1998_0001_P_20001123,2000-01-27
DOC_JUDG_CJ_1998_0002_P_19990318,1998-12-03
DOC_JUDG_CJ_1998_0007_20000328,1999-09-23
DOC_JUDG_CJ_1998_0007_20000328,1999-03-02
DOC_JUDG_CJ_1998_0008_20000127,1999-06-10
DOC_JUDG_CJ_1998_0008_20000127,1999-09-09
DOC_JUDG_CJ_1998_0010_P_19991005,1999-03-18
DOC_JUDG_CJ_1998_0010_P_19991005,1999-01-14
DOC_JUDG_CJ_1998_0015_20001019,2000-04-13
DOC_JUDG_CJ_1998_0015_20001019,2000-01-27
DOC_JUDG_CJ_1998_0016_20001005,2000-02-24
DOC_JUDG_CJ_1998_0016_20001005,1999-11-16
DOC_JUDG_CJ_1998_0017_20000208,1999-03-16
DOC_JUDG_CJ_1998_0017_20000208,1999-06-01
DOC_JUDG_CJ_1998_0022_19990916,1999-02-11
DOC_JUDG_CJ_1998_0022_19990916,1999-03-25
DOC_JUDG_CJ_1998_0023_20000127,1999-05-20
DOC_JUDG_CJ_1998_0026_19981022,1998-06-25
DOC_JUDG_CJ_1998_0034_20000215,1999-05-04
DOC_JUDG_CJ_1998_0034_20000215,1999-09-07
DOC_JUDG_CJ_1998_0035_20000606,1999-03-23
DOC_JUDG_CJ_1998_0035_20000606,1999-06-24
DOC_JUDG_CJ_1998_0035_20000606,1999-12-14
DOC_JUDG_CJ_1998_0035_20000606,1999-09-17
DOC_JUDG_CJ_1998_0035_20000606,1999-11-30
DOC_JUDG_CJ_1998_0036_20010130,2000-01-18
DOC_JUDG_CJ_1998_0036_20010130,2000-05-16
DOC_JUDG_CJ_1998_0037_20000511,1999-11-25
DOC_JUDG_CJ_1998_0037_20000511,1999-09-16
DOC_JUDG_CJ_1998_0038_20000511,1999-06-22
DOC_JUDG_CJ_1998_0038_20000511,1999-04-28
DOC_JUDG_CJ_1998_0040_20010116,2000-05-11
DOC_JUDG_CJ_1998_0040_20010116,2000-06-15
DOC_JUDG_CJ_1998_0041_20010116,2000-05-11
DOC_JUDG_CJ_1998_0041_20010116,2000-06-15
DOC_JUDG_CJ_1998_0044_19990921,1999-04-22
DOC_JUDG_CJ_1998_0044_19990921,1999-02-11
DOC_JUDG_CJ_1998_0046_P_20000921,1999-09-23
DOC_JUDG_CJ_1998_0046_P_20000921,1999-11-11
DOC_JUDG_CJ_1998_0048_19991111,1999-02-11
DOC_JUDG_CJ_1998_0048_19991111,1999-04-29
DOC_JUDG_CJ_1998_0049_20011025,2000-03-30
DOC_JUDG_CJ_1998_0049_20011025,2000-07-13
DOC_JUDG_CJ_1998_0056_19990929,1999-03-25
DOC_JUDG_CJ_1998_0056_19990929,1999-05-20
DOC_JUDG_CJ_1998_0059_19990225,1998-11-19
DOC_JUDG_CJ_1998_0060_19990629,1999-02-09
DOC_JUDG_CJ_1998_0060_19990629,1999-03-23
DOC_JUDG_CJ_1998_0061_19990907,1999-03-11
DOC_JUDG_CJ_1998_0062_20000704,1999-09-14
DOC_JUDG_CJ_1998_0062_20000704,1999-10-20
DOC_JUDG_CJ_1998_0064_P_19990909,1999-02-23
DOC_JUDG_CJ_1998_0065_20000622,1999-11-18
DOC_JUDG_CJ_1998_0065_20000622,1999-09-09
DOC_JUDG_CJ_1998_0067_19991021,1999-03-10
DOC_JUDG_CJ_1998_0067_19991021,1999-05-20
DOC_JUDG_CJ_1998_0074_19991216,1999-05-06
DOC_JUDG_CJ_1998_0074_19991216,1999-06-03
DOC_JUDG_CJ_1998_0076_P_20010503,2000-05-25
DOC_JUDG_CJ_1998_0076_P_20010503,2000-10-05
DOC_JUDG_CJ_1998_0079_19981006,1998-07-16
DOC_JUDG_CJ_1998_0081_19991028,1999-06-10
DOC_JUDG_CJ_1998_0081_19991028,1999-04-28
DOC_JUDG_CJ_1998_0082_P_20000525,2000-02-03
DOC_JUDG_CJ_1998_0082_P_20000525,1999-06-24
DOC_JUDG_CJ_1998_0083_P_20000516,1999-11-23
DOC_JUDG_CJ_1998_0084_20000704,1999-10-20
DOC_JUDG_CJ_1998_0084_20000704,1999-09-14
DOC_JUDG_CJ_1998_0094_19991216,1999-03-09
DOC_JUDG_CJ_1998_0096_19991125,1999-06-10
DOC_JUDG_CJ_1998_0096_19991125,1999-07-08
DOC_JUDG_CJ_1998_0097_19991021,1999-04-28
DOC_JUDG_CJ_1998_0098_20000608,1999-06-03
DOC_JUDG_CJ_1998_0098_20000608,1999-09-30
DOC_JUDG_CJ_1998_0099_20010215,2000-03-28
DOC_JUDG_CJ_1998_0099_20010215,2000-07-13
DOC_JUDG_CJ_1998_0101_19991216,1999-03-24
DOC_JUDG_CJ_1998_0101_19991216,1999-06-10
DOC_JUDG_CJ_1998_0102_20000314,1999-10-07
DOC_JUDG_CJ_1998_0102_20000314,1999-09-07
DOC_JUDG_CJ_1998_0104_20000523,1999-09-16
DOC_JUDG_CJ_1998_0104_20000523,1999-06-08
DOC_JUDG_CJ_1998_0106_P_20000523,1999-11-09
DOC_JUDG_CJ_1998_0106_P_20000523,1999-09-21
DOC_JUDG_CJ_1998_0107_19991118,1999-05-06
DOC_JUDG_CJ_1998_0107_19991118,1999-07-01
DOC_JUDG_CJ_1998_0108_19990909,1999-02-04
DOC_JUDG_CJ_1998_0108_19990909,1999-03-18
DOC_JUDG_CJ_1998_0109_19990422,1998-12-03
DOC_JUDG_CJ_1998_0109_19990422,1999-02-04
DOC_JUDG_CJ_1998_0150_P_19991216,1999-06-10
DOC_JUDG_CJ_1998_0151_P_19991118,1999-05-20
DOC_JUDG_CJ_1998_0151_P_19991118,1999-04-29
DOC_JUDG_CJ_1998_0152_20010510,2000-11-30
DOC_JUDG_CJ_1998_0152_20010510,2001-01-16
DOC_JUDG_CJ_1998_0155_P_19990701,1999-03-25
DOC_JUDG_CJ_1998_0155_P_19990701,1999-01-21
DOC_JUDG_CJ_1998_0156_20000919,2000-01-27
DOC_JUDG_CJ_1998_0156_20000919,1999-11-09
DOC_JUDG_CJ_1998_0161_19991118,1999-03-24
DOC_JUDG_CJ_1998_0161_19991118,1999-05-18
DOC_JUDG_CJ_1998_0164_P_20000127,1999-07-01
DOC_JUDG_CJ_1998_0164_P_20000127,1999-05-06
DOC_JUDG_CJ_1998_0165_20010315,1999-06-03
DOC_JUDG_CJ_1998_0165_20010315,1999-09-29
DOC_JUDG_CJ_1998_0166_19990617,1999-02-25
DOC_JUDG_CJ_1998_0166_19990617,1999-01-21
DOC_JUDG_CJ_1998_0168_20001107,2000-02-24
DOC_JUDG_CJ_1998_0168_20001107,2000-01-25
DOC_JUDG_CJ_1998_0169_20000215,1999-05-04
DOC_JUDG_CJ_1998_0169_20000215,1999-09-07
DOC_JUDG_CJ_1998_0170_19990914,1999-04-20
DOC_JUDG_CJ_1998_0171_19990914,1999-04-20
DOC_JUDG_CJ_1998_0172_19990629,1999-01-28
DOC_JUDG_CJ_1998_0173_19990701,1999-03-25
DOC_JUDG_CJ_1998_0173_19990701,1999-01-28
DOC_JUDG_CJ_1998_0174_P_20000111,1999-05-11
DOC_JUDG_CJ_1998_0174_P_20000111,1999-07-06
DOC_JUDG_CJ_1998_0176_19991202,1999-05-20
DOC_JUDG_CJ_1998_0176_19991202,1999-09-23
DOC_JUDG_CJ_1998_0178_19990708,1999-03-25
DOC_JUDG_CJ_1998_0180_20000912,2000-03-23
DOC_JUDG_CJ_1998_0180_20000912,2000-01-11
DOC_JUDG_CJ_1998_0185_19990520,1999-02-11
DOC_JUDG_CJ_1998_0187_19991028,1999-05-19
DOC_JUDG_CJ_1998_0187_19991028,1999-07-08
DOC_JUDG_CJ_1998_0190_20000127,1999-09-16
DOC_JUDG_CJ_1998_0190_20000127,1999-05-18
DOC_JUDG_CJ_1998_0191_P_19991118,1999-03-09
DOC_JUDG_CJ_1998_0193_19991028,1999-05-19
DOC_JUDG_CJ_1998_0193_19991028,1999-06-10
DOC_JUDG_CJ_1998_0198_19991216,1999-07-06
DOC_JUDG_CJ_1998_0198_19991216,1999-09-09
DOC_JUDG_CJ_1998_0203_19990708,1999-06-10
DOC_JUDG_CJ_1998_0203_19990708,1999-03-04
DOC_JUDG_CJ_1998_0205_20000926,1999-12-01
DOC_JUDG_CJ_1998_0205_20000926,2000-02-24
DOC_JUDG_CJ_1998_0206_20000518,1999-10-27
DOC_JUDG_CJ_1998_0206_20000518,2000-01-20
DOC_JUDG_CJ_1998_0207_20000203,1999-10-07
DOC_JUDG_CJ_1998_0207_20000203,1999-06-03
DOC_JUDG_CJ_1998_0208_20000323,1999-06-10
DOC_JUDG_CJ_1998_0208_20000323,1999-10-28
DOC_JUDG_CJ_1998_0209_20000523,1999-10-21
DOC_JUDG_CJ_1998_0209_20000523,1999-06-01
DOC_JUDG_CJ_1998_0210_P_20000713,1999-11-11
DOC_JUDG_CJ_1998_0210_P_20000713,2000-03-30
DOC_JUDG_CJ_1998_0212_19991125,1999-10-07
DOC_JUDG_CJ_1998_0213_19991012,1999-07-08
DOC_JUDG_CJ_1998_0214_20001116,2000-06-06
DOC_JUDG_CJ_1998_0215_19990708,1999-04-29
DOC_JUDG_CJ_1998_0216_20001019,2000-04-13
DOC_JUDG_CJ_1998_0216_20001019,2000-02-17
DOC_JUDG_CJ_1998_0217_20000321,1999-09-09
DOC_JUDG_CJ_1998_0217_20000321,1999-11-11
DOC_JUDG_CJ_1998_0219_20000704,2000-02-24
DOC_JUDG_CJ_1998_0219_20000704,2000-01-12
DOC_JUDG_CJ_1998_0225_20000926,2000-02-01
DOC_JUDG_CJ_1998_0225_20000926,2000-03-14
DOC_JUDG_CJ_1998_0228_20000203,1999-09-23
DOC_JUDG_CJ_1998_0229_19991014,1999-03-04
DOC_JUDG_CJ_1998_0229_19991014,1999-03-25
DOC_JUDG_CJ_1998_0233_19991021,1999-06-03
DOC_JUDG_CJ_1998_0233_19991021,1999-07-01
DOC_JUDG_CJ_1998_0237_P_20000615,1999-12-14
DOC_JUDG_CJ_1998_0237_P_20000615,1999-10-14
DOC_JUDG_CJ_1998_0239_19991216,1999-09-29
DOC_JUDG_CJ_1998_0239_19991216,1999-07-07
DOC_JUDG_CJ_1998_0240_20000627,1999-12-16
DOC_JUDG_CJ_1998_0240_20000627,1999-10-26
DOC_JUDG_CJ_1998_0247_20010111,2000-05-25
DOC_JUDG_CJ_1998_0247_20010111,2000-07-06
DOC_JUDG_CJ_1998_0248_P_20001116,2000-05-18
DOC_JUDG_CJ_1998_0250_19990428,1999-02-23
DOC_JUDG_CJ_1998_0251_20000413,1999-10-14
DOC_JUDG_CJ_1998_0256_20000406,1999-06-24
DOC_JUDG_CJ_1998_0256_20000406,1999-09-16
DOC_JUDG_CJ_1998_0257_P_19990909,1999-04-20
DOC_JUDG_CJ_1998_0257_P_19990909,1999-03-04
DOC_JUDG_CJ_1998_0260_20000912,1999-11-23
DOC_JUDG_CJ_1998_0260_20000912,2000-01-27
DOC_JUDG_CJ_1998_0261_20000713,2000-03-09
DOC_JUDG_CJ_1998_0263_20010920,2001-02-01
DOC_JUDG_CJ_1998_0263_20010920,2001-03-15
DOC_JUDG_CJ_1998_0274_20000413,2000-01-20
DOC_JUDG_CJ_1998_0276_20010308,2000-11-23
DOC_JUDG_CJ_1998_0276_20010308,2000-10-03
DOC_JUDG_CJ_1998_0277_20011113,2001-03-29
DOC_JUDG_CJ_1998_0278_20010306,2000-06-15
DOC_JUDG_CJ_1998_0278_20010306,2000-10-19
DOC_JUDG_CJ_1998_0279_P_20001116,2000-05-18
DOC_JUDG_CJ_1998_0280_P_20001116,2000-05-18
DOC_JUDG_CJ_1998_0281_20000606,1999-11-25
DOC_JUDG_CJ_1998_0281_20000606,1999-09-28
DOC_JUDG_CJ_1998_0282_P_20001116,2000-05-18
DOC_JUDG_CJ_1998_0283_P_20001116,2000-05-18
DOC_JUDG_CJ_1998_0284_P_20000316,1999-09-23
DOC_JUDG_CJ_1998_0285_20000111,1999-10-26
DOC_JUDG_CJ_1998_0285_20000111,1999-06-29
DOC_JUDG_CJ_1998_0286_P_20001116,2000-05-18
DOC_JUDG_CJ_1998_0287_20000919,1999-10-12
DOC_JUDG_CJ_1998_0287_20000919,2000-01-11
DOC_JUDG_CJ_1998_0291_P_20001116,2000-05-18
DOC_JUDG_CJ_1998_0293_20000203,1999-09-09
DOC_JUDG_CJ_1998_0293_20000203,1999-07-01
DOC_JUDG_CJ_1998_0294_P_20001116,2000-05-18
DOC_JUDG_CJ_1998_0296_20000511,1999-10-28
DOC_JUDG_CJ_1998_0296_20000511,1999-09-16
DOC_JUDG_CJ_1998_0297_P_20001116,2000-05-18
DOC_JUDG_CJ_1998_0298_P_20001116,2000-05-18
DOC_JUDG_CJ_1998_0300_20001214,2000-07-11
DOC_JUDG_CJ_1998_0300_20001214,2000-05-23
DOC_JUDG_CJ_1998_0301_20000518,1999-11-18
DOC_JUDG_CJ_1998_0301_20000518,2000-01-27
DOC_JUDG_CJ_1998_0303_20001003,1999-12-16
DOC_JUDG_CJ_1998_0303_20001003,1999-09-28
DOC_JUDG_CJ_1998_0307_20000525,1999-09-29
DOC_JUDG_CJ_1998_0307_20000525,1999-10-28
DOC_JUDG_CJ_1998_0309_20000328,1999-06-10
DOC_JUDG_CJ_1998_0309_20000328,1999-07-08
DOC_JUDG_CJ_1998_0312_20001107,2000-05-25
DOC_JUDG_CJ_1998_0312_20001107,2000-03-22
DOC_JUDG_CJ_1998_0314_20001012,2000-02-17
DOC_JUDG_CJ_1998_0314_20001012,1999-11-25
DOC_JUDG_CJ_1998_0315_19991111,1999-09-23
DOC_JUDG_CJ_1998_0319_19990225,1998-12-17
DOC_JUDG_CJ_1998_0322_20000926,2000-01-20
DOC_JUDG_CJ_1998_0322_20000926,2000-03-14
DOC_JUDG_CJ_1998_0324_20001207,2000-05-18
DOC_JUDG_CJ_1998_0327_20000323,1999-06-24
DOC_JUDG_CJ_1998_0327_20000323,1999-09-30
DOC_JUDG_CJ_1998_0332_20000622,1999-10-21
DOC_JUDG_CJ_1998_0332_20000622,1999-12-14
DOC_JUDG_CJ_1998_0337_20001005,2000-02-02
DOC_JUDG_CJ_1998_0337_20001005,2000-03-23
DOC_JUDG_CJ_1998_0338_20011108,2001-04-05
DOC_JUDG_CJ_1998_0338_20011108,2001-05-31
DOC_JUDG_CJ_1998_0339_20001019,1999-10-28
DOC_JUDG_CJ_1998_0340_20020314,2001-03-15
DOC_JUDG_CJ_1998_0340_20020314,2001-02-15
DOC_JUDG_CJ_1998_0343_20000914,2000-01-18
DOC_JUDG_CJ_1998_0343_20000914,1999-11-25
DOC_JUDG_CJ_1998_0347_20010503,2001-01-23
DOC_JUDG_CJ_1998_0350_19991111,1999-06-22
DOC_JUDG_CJ_1998_0350_19991111,1999-09-09
DOC_JUDG_CJ_1998_0351_20020926,2002-01-31
DOC_JUDG_CJ_1998_0351_20020926,2002-05-07
DOC_JUDG_CJ_1998_0352_P_20000704,2000-01-27
DOC_JUDG_CJ_1998_0352_P_20000704,1999-11-30
DOC_JUDG_CJ_1998_0354_19990708,1999-05-20
DOC_JUDG_CJ_1998_0355_20000309,1999-09-16
DOC_JUDG_CJ_1998_0356_20000411,1999-06-15
DOC_JUDG_CJ_1998_0356_20000411,1999-09-30
DOC_JUDG_CJ_1998_0358_20000309,1999-11-18
DOC_JUDG_CJ_1998_0359_P_20000525,2000-01-20
DOC_JUDG_CJ_1998_0361_20010118,2000-03-14
DOC_JUDG_CJ_1998_0361_20010118,2000-05-16
DOC_JUDG_CJ_1998_0362_19990921,1999-07-01
DOC_JUDG_CJ_1998_0365_20000615,1999-11-11
DOC_JUDG_CJ_1998_0365_20000615,1999-12-16
DOC_JUDG_CJ_1998_0366_20000912,1999-10-20
DOC_JUDG_CJ_1998_0366_20000912,1999-11-25
DOC_JUDG_CJ_1998_0367_20020604,2001-05-02
DOC_JUDG_CJ_1998_0367_20020604,2001-07-03
DOC_JUDG_CJ_1998_0368_20010712,2000-05-18
DOC_JUDG_CJ_1998_0368_20010712,2000-02-22
DOC_JUDG_CJ_1998_0369_20000914,1999-12-16
DOC_JUDG_CJ_1998_0369_20000914,2000-02-10
DOC_JUDG_CJ_1998_0371_20001107,1999-12-07
DOC_JUDG_CJ_1998_0371_20001107,2000-03-07
DOC_JUDG_CJ_1998_0372_20001012,2000-01-27
DOC_JUDG_CJ_1998_0372_20001012,2000-05-11
DOC_JUDG_CJ_1998_0374_20001207,2000-02-15
DOC_JUDG_CJ_1998_0374_20001207,1999-12-16
DOC_JUDG_CJ_1998_0376_20001005,2000-06-15
DOC_JUDG_CJ_1998_0376_20001005,2000-04-12
DOC_JUDG_CJ_1998_0377_20011009,2001-02-13
DOC_JUDG_CJ_1998_0377_20011009,2001-06-14
DOC_JUDG_CJ_1998_0378_20010703,2001-01-23
DOC_JUDG_CJ_1998_0378_20010703,2000-11-30
DOC_JUDG_CJ_1998_0380_20001003,2000-03-09
DOC_JUDG_CJ_1998_0380_20001003,2000-05-11
DOC_JUDG_CJ_1998_0382_19991216,1999-09-23
DOC_JUDG_CJ_1998_0382_19991216,1999-07-08
DOC_JUDG_CJ_1998_0383_20000406,1999-12-16
DOC_JUDG_CJ_1998_0384_20000914,1999-11-18
DOC_JUDG_CJ_1998_0384_20000914,2000-01-27
DOC_JUDG_CJ_1998_0386_20000309,1999-11-16
DOC_JUDG_CJ_1998_0387_20001109,2000-03-23
DOC_JUDG_CJ_1998_0387_20001109,2000-02-10
DOC_JUDG_CJ_1998_0389_P_20010111,2000-03-28
DOC_JUDG_CJ_1998_0389_P_20010111,1999-12-15
DOC_JUDG_CJ_1998_0390_20010920,2000-09-21
DOC_JUDG_CJ_1998_0391_19991021,1999-06-10
DOC_JUDG_CJ_1998_0393_20010222,2000-09-21
DOC_JUDG_CJ_1998_0396_20000608,1999-12-02
DOC_JUDG_CJ_1998_0396_20000608,1999-12-16
DOC_JUDG_CJ_1998_0398_20011025,2001-02-15
DOC_JUDG_CJ_1998_0398_20011025,2000-09-21
DOC_JUDG_CJ_1998_0399_20010712,2000-12-07
DOC_JUDG_CJ_1998_0399_20010712,2000-10-12
DOC_JUDG_CJ_1998_0401_19990914,1999-06-17
DOC_JUDG_CJ_1998_0402_20000706,2000-02-10
DOC_JUDG_CJ_1998_0402_20000706,2000-01-20
DOC_JUDG_CJ_1998_0408_20010222,2000-02-23
DOC_JUDG_CJ_1998_0408_20010222,2000-04-13
DOC_JUDG_CJ_1998_0412_20000713,2000-03-09
DOC_JUDG_CJ_1998_0412_20000713,2000-02-10
DOC_JUDG_CJ_1998_0415_20010308,2000-04-13
DOC_JUDG_CJ_1998_0415_20010308,2000-02-23
DOC_JUDG_CJ_1998_0416_20020221,2001-03-08
DOC_JUDG_CJ_1998_0416_20020221,2001-05-31
DOC_JUDG_CJ_1998_0420_20000413,1999-11-18
DOC_JUDG_CJ_1998_0420_20000413,2000-01-13
DOC_JUDG_CJ_1998_0421_20001123,2000-05-11
DOC_JUDG_CJ_1998_0423_20000713,2000-01-26
DOC_JUDG_CJ_1998_0423_20000713,2000-03-23
DOC_JUDG_CJ_1998_0424_20000525,1999-11-16
DOC_JUDG_CJ_1998_0425_20000622,2000-01-27
DOC_JUDG_CJ_1998_0425_20000622,1999-11-24
DOC_JUDG_CJ_1998_0426_20020319,2001-06-07
DOC_JUDG_CJ_1998_0426_20020319,2001-04-04
DOC_JUDG_CJ_1998_0427_20021015,2001-09-20
DOC_JUDG_CJ_1998_0427_20021015,2001-05-29
DOC_JUDG_CJ_1998_0430_19991021,1999-06-10
DOC_JUDG_CJ_1998_0432_P_20001005,2000-04-11
DOC_JUDG_CJ_1998_0432_P_20001005,2000-06-06
DOC_JUDG_CJ_1998_0434_P_20001005,2000-06-06
DOC_JUDG_CJ_1998_0434_P_20001005,2000-04-11
DOC_JUDG_CJ_1998_0436_20001130,2000-05-11
DOC_JUDG_CJ_1998_0436_20001130,2000-03-09
DOC_JUDG_CJ_1998_0439_20000316,1999-12-16
DOC_JUDG_CJ_1998_0443_20000926,2000-01-27
DOC_JUDG_CJ_1998_0443_20000926,1999-11-16
DOC_JUDG_CJ_1998_0444_20010315,2000-10-05
DOC_JUDG_CJ_1998_0444_20010315,2000-11-16
DOC_JUDG_CJ_1998_0448_20001205,2000-01-11
DOC_JUDG_CJ_1998_0448_20001205,2000-03-09
DOC_JUDG_CJ_1998_0449_P_20010517,2001-01-11
DOC_JUDG_CJ_1998_0449_P_20010517,2000-11-14
DOC_JUDG_CJ_1998_0450_P_20010517,2001-01-11
DOC_JUDG_CJ_1998_0450_P_20010517,2000-11-14
DOC_JUDG_CJ_1998_0451_20011122,2000-11-07
DOC_JUDG_CJ_1998_0451_20011122,2001-03-13
DOC_JUDG_CJ_1998_0452_20011122,2001-03-13
DOC_JUDG_CJ_1998_0452_20011122,2000-11-07
DOC_JUDG_CJ_1998_0456_20000713,2000-03-16
DOC_JUDG_CJ_1998_0457_20001214,2000-03-29
DOC_JUDG_CJ_1998_0458_P_20001003,2000-03-16
DOC_JUDG_CJ_1998_0459_P_20010111,1999-12-15
DOC_JUDG_CJ_1998_0459_P_20010111,2000-03-28
DOC_JUDG_CJ_1998_0462_P_20000921,1999-11-25
DOC_JUDG_CJ_1998_0466_20021105,2001-05-08
DOC_JUDG_CJ_1998_0466_20021105,2002-01-31
DOC_JUDG_CJ_1998_0467_20021105,2001-05-08
DOC_JUDG_CJ_1998_0467_20021105,2002-01-31
DOC_JUDG_CJ_1998_0468_20021105,2002-01-31
DOC_JUDG_CJ_1998_0468_20021105,2001-05-08
DOC_JUDG_CJ_1998_0469_20021105,2001-05-08
DOC_JUDG_CJ_1998_0469_20021105,2002-01-31
DOC_JUDG_CJ_1998_0470_20000615,2000-04-06
DOC_JUDG_CJ_1998_0471_20021105,2001-05-08
DOC_JUDG_CJ_1998_0471_20021105,2002-01-31
DOC_JUDG_CJ_1998_0472_20021105,2002-01-31
DOC_JUDG_CJ_1998_0472_20021105,2001-05-08
DOC_JUDG_CJ_1998_0473_20000711,2000-02-08
DOC_JUDG_CJ_1998_0473_20000711,2000-03-21
DOC_JUDG_CJ_1998_0475_20021105,2001-05-08
DOC_JUDG_CJ_1998_0475_20021105,2002-01-31
DOC_JUDG_CJ_1998_0476_20021105,2001-05-08
DOC_JUDG_CJ_1998_0476_20021105,2002-01-31
DOC_JUDG_CJ_1998_0478_20000926,2000-06-15
DOC_JUDG_CJ_1998_0478_20000926,2000-03-28
DOC_JUDG_CJ_1998_0480_20001012,2000-04-13
DOC_JUDG_CJ_1998_0480_20001012,2000-06-08
DOC_JUDG_CJ_1998_0481_20010503,2000-10-26
DOC_JUDG_CJ_1998_0481_20010503,2000-12-06
DOC_JUDG_CJ_1998_0482_20001207,2000-05-18
DOC_JUDG_CJ_1998_0482_20001207,2000-06-15
DOC_JUDG_CJ_1999_0006_20000321,1999-11-25
DOC_JUDG_CJ_1999_0006_20000321,1999-11-09
DOC_JUDG_CJ_1999_0009_20001003,2000-06-06
DOC_JUDG_CJ_1999_0009_20001003,2000-04-06
DOC_JUDG_CJ_1999_0013_P_20000615,2000-02-17
DOC_JUDG_CJ_1999_0013_P_20000615,1999-11-24
DOC_JUDG_CJ_1999_0016_20000914,2000-01-13
DOC_JUDG_CJ_1999_0017_20010322,2000-11-23
DOC_JUDG_CJ_1999_0017_20010322,2001-01-11
DOC_JUDG_CJ_1999_0022_20000926,2000-03-16
DOC_JUDG_CJ_1999_0022_20000926,2000-05-11
DOC_JUDG_CJ_1999_0023_20000926,2000-02-15
DOC_JUDG_CJ_1999_0023_20000926,2000-04-13
DOC_JUDG_CJ_1999_0026_19991216,1999-10-28
DOC_JUDG_CJ_1999_0028_20010503,2000-07-13
DOC_JUDG_CJ_1999_0028_20010503,2000-10-12
DOC_JUDG_CJ_1999_0029_20021210,2001-12-13
DOC_JUDG_CJ_1999_0029_20021210,2001-06-05
DOC_JUDG_CJ_1999_0030_20010621,2000-12-07
DOC_JUDG_CJ_1999_0030_20010621,2001-02-22
DOC_JUDG_CJ_1999_0033_20010320,2000-10-12
DOC_JUDG_CJ_1999_0033_20010320,2000-06-06
DOC_JUDG_CJ_1999_0035_20020219,2000-12-12
DOC_JUDG_CJ_1999_0035_20020219,2001-07-10
DOC_JUDG_CJ_1999_0036_20000713,2000-05-11
DOC_JUDG_CJ_1999_0037_20001116,2000-03-09
DOC_JUDG_CJ_1999_0037_20001116,2000-04-06
DOC_JUDG_CJ_1999_0038_20001207,2000-06-29
DOC_JUDG_CJ_1999_0038_20001207,2000-09-14
DOC_JUDG_CJ_1999_0041_P_20010531,2000-12-06
DOC_JUDG_CJ_1999_0041_P_20010531,2001-02-08
DOC_JUDG_CJ_1999_0042_20000926,2000-04-06
DOC_JUDG_CJ_1999_0042_20000926,2000-06-08
DOC_JUDG_CJ_1999_0043_20010531,2001-02-15
DOC_JUDG_CJ_1999_0045_20000518,2000-02-10
DOC_JUDG_CJ_1999_0047_19991216,1999-10-14
DOC_JUDG_CJ_1999_0050_20000525,1999-12-09
DOC_JUDG_CJ_1999_0050_20000525,2000-01-20
DOC_JUDG_CJ_1999_0052_20010222,2000-06-29
DOC_JUDG_CJ_1999_0052_20010222,2000-05-11
DOC_JUDG_CJ_1999_0054_20000314,1999-10-21
DOC_JUDG_CJ_1999_0054_20000314,1999-09-07
DOC_JUDG_CJ_1999_0055_20001214,2000-04-06
DOC_JUDG_CJ_1999_0055_20001214,2000-02-17
DOC_JUDG_CJ_1999_0056_20000511,1999-12-16
DOC_JUDG_CJ_1999_0056_20000511,1999-11-11
DOC_JUDG_CJ_1999_0059_20011113,2001-06-12
DOC_JUDG_CJ_1999_0059_20011113,2001-03-15
DOC_JUDG_CJ_1999_0063_20010927,2000-06-13
DOC_JUDG_CJ_1999_0063_20010927,2000-09-14
DOC_JUDG_CJ_1999_0066_20010201,2000-09-28
DOC_JUDG_CJ_1999_0067_20010911,2001-01-18
DOC_JUDG_CJ_1999_0067_20010911,2001-05-03
DOC_JUDG_CJ_1999_0068_20010308,2000-10-24
DOC_JUDG_CJ_1999_0069_20001207,2000-07-13
DOC_JUDG_CJ_1999_0070_20010626,2001-01-11
DOC_JUDG_CJ_1999_0070_20010626,2001-03-06
DOC_JUDG_CJ_1999_0071_20010911,2001-05-03
DOC_JUDG_CJ_1999_0073_20000706,2000-03-23
DOC_JUDG_CJ_1999_0073_20000706,2000-01-13
DOC_JUDG_CJ_1999_0076_20010111,2000-05-25
DOC_JUDG_CJ_1999_0076_20010111,2000-03-29
DOC_JUDG_CJ_1999_0077_20011011,2001-01-25
DOC_JUDG_CJ_1999_0077_20011011,2000-12-06
DOC_JUDG_CJ_1999_0079_20001207,2000-07-06
DOC_JUDG_CJ_1999_0083_20010118,2000-09-28
DOC_JUDG_CJ_1999_0085_20010315,2000-06-22
DOC_JUDG_CJ_1999_0085_20010315,2000-09-28
DOC_JUDG_CJ_1999_0086_20010529,2001-01-11
DOC_JUDG_CJ_1999_0086_20010529,2000-11-09
DOC_JUDG_CJ_1999_0087_20000516,2000-01-27
DOC_JUDG_CJ_1999_0087_20000516,1999-12-14
DOC_JUDG_CJ_1999_0088_20001128,2000-04-06
DOC_JUDG_CJ_1999_0088_20001128,2000-05-11
DOC_JUDG_CJ_1999_0089_20010913,2001-02-15
DOC_JUDG_CJ_1999_0089_20010913,2000-10-17
DOC_JUDG_CJ_1999_0091_20000608,2000-03-14
DOC_JUDG_CJ_1999_0094_20001207,2000-06-15
DOC_JUDG_CJ_1999_0095_20011011,2000-10-10
DOC_JUDG_CJ_1999_0095_20011011,2000-11-30
DOC_JUDG_CJ_1999_0099_20001214,2000-07-12
DOC_JUDG_CJ_1999_0099_20001214,2000-09-21
DOC_JUDG_CJ_1999_0100_20010705,2001-03-15
DOC_JUDG_CJ_1999_0100_20010705,2001-01-18
DOC_JUDG_CJ_1999_0107_20020130,2001-06-14
DOC_JUDG_CJ_1999_0107_20020130,2001-10-11
DOC_JUDG_CJ_1999_0108_20011009,2001-01-23
DOC_JUDG_CJ_1999_0108_20011009,2000-11-16
DOC_JUDG_CJ_1999_0109_20000921,2000-04-04
DOC_JUDG_CJ_1999_0114_20001017,2000-02-03
DOC_JUDG_CJ_1999_0114_20001017,1999-12-09
DOC_JUDG_CJ_1999_0117_20000713,2000-01-13
DOC_JUDG_CJ_1999_0117_20000713,2000-02-24
DOC_JUDG_CJ_1999_0118_20020124,2001-03-08
DOC_JUDG_CJ_1999_0118_20020124,2001-01-25
DOC_JUDG_CJ_1999_0119_20010517,2001-01-18
DOC_JUDG_CJ_1999_0119_20010517,2000-12-06
DOC_JUDG_CJ_1999_0120_20011025,2001-05-10
DOC_JUDG_CJ_1999_0120_20011025,2001-06-14
DOC_JUDG_CJ_1999_0122_P_20010531,2001-02-22
DOC_JUDG_CJ_1999_0122_P_20010531,2001-01-23
DOC_JUDG_CJ_1999_0123_20000413,2000-01-11
DOC_JUDG_CJ_1999_0127_20011108,2001-02-08
DOC_JUDG_CJ_1999_0127_20011108,2001-05-31
DOC_JUDG_CJ_1999_0130_20020321,2001-07-12
DOC_JUDG_CJ_1999_0132_20020314,2001-11-13
DOC_JUDG_CJ_1999_0133_20020606,2002-01-15
DOC_JUDG_CJ_1999_0133_20020606,2001-11-22
DOC_JUDG_CJ_1999_0136_20000713,2000-04-13
DOC_JUDG_CJ_1999_0136_20000713,2000-02-17
DOC_JUDG_CJ_1999_0137_19991216,1999-10-28
DOC_JUDG_CJ_1999_0141_20001214,2000-06-08
DOC_JUDG_CJ_1999_0142_20001114,2000-02-17
DOC_JUDG_CJ_1999_0142_20001114,2000-04-04
DOC_JUDG_CJ_1999_0144_20010510,2001-01-23
DOC_JUDG_CJ_1999_0145_20020307,2001-02-15
DOC_JUDG_CJ_1999_0145_20020307,2001-05-03
DOC_JUDG_CJ_1999_0146_20011127,2001-05-03
DOC_JUDG_CJ_1999_0146_20011127,2001-03-15
DOC_JUDG_CJ_1999_0147_20011122,2001-03-15
DOC_JUDG_CJ_1999_0147_20011122,2001-06-12
DOC_JUDG_CJ_1999_0148_20001109,2000-05-11
DOC_JUDG_CJ_1999_0148_20001109,2000-03-29
DOC_JUDG_CJ_1999_0153_P_20000413,1999-11-25
DOC_JUDG_CJ_1999_0154_P_20000629,2000-02-24
DOC_JUDG_CJ_1999_0155_20001019,2000-06-22
DOC_JUDG_CJ_1999_0155_20001019,2000-05-18
DOC_JUDG_CJ_1999_0157_20010712,2000-05-18
DOC_JUDG_CJ_1999_0157_20010712,2000-04-04
DOC_JUDG_CJ_1999_0159_20010517,2000-11-09
DOC_JUDG_CJ_1999_0159_20010517,2001-02-15
DOC_JUDG_CJ_1999_0160_20000713,2000-03-30
DOC_JUDG_CJ_1999_0162_20010118,2000-11-09
DOC_JUDG_CJ_1999_0163_20010329,2000-09-21
DOC_JUDG_CJ_1999_0163_20010329,2000-10-19
DOC_JUDG_CJ_1999_0164_20020124,2001-03-15
DOC_JUDG_CJ_1999_0164_20020124,2001-05-03
DOC_JUDG_CJ_1999_0166_20000713,2000-02-24
DOC_JUDG_CJ_1999_0166_20000713,2000-03-16
DOC_JUDG_CJ_1999_0167_20030410,2002-01-24
DOC_JUDG_CJ_1999_0167_20030410,2002-09-26
DOC_JUDG_CJ_1999_0169_20010913,2000-10-05
DOC_JUDG_CJ_1999_0169_20010913,2000-11-16
DOC_JUDG_CJ_1999_0172_20010125,2000-10-12
DOC_JUDG_CJ_1999_0173_20010626,2001-02-08
DOC_JUDG_CJ_1999_0173_20010626,2000-12-07
DOC_JUDG_CJ_1999_0174_P_20000713,2000-01-27
DOC_JUDG_CJ_1999_0174_P_20000713,2000-03-16
DOC_JUDG_CJ_1999_0176_P_20031002,2002-01-31
DOC_JUDG_CJ_1999_0176_P_20031002,2002-09-26
DOC_JUDG_CJ_1999_0177_20000919,2000-01-27
DOC_JUDG_CJ_1999_0177_20000919,2000-03-23
DOC_JUDG_CJ_1999_0178_20010614,2001-03-15
DOC_JUDG_CJ_1999_0178_20010614,2000-12-14
DOC_JUDG_CJ_1999_0179_P_20031002,2002-09-26
DOC_JUDG_CJ_1999_0179_P_20031002,2002-01-31
DOC_JUDG_CJ_1999_0182_P_20031002,2002-09-26
DOC_JUDG_CJ_1999_0182_P_20031002,2002-01-31
DOC_JUDG_CJ_1999_0184_20010920,2000-09-28
DOC_JUDG_CJ_1999_0184_20010920,2000-06-20
DOC_JUDG_CJ_1999_0194_P_20031002,2002-01-31
DOC_JUDG_CJ_1999_0194_P_20031002,2002-09-26
DOC_JUDG_CJ_1999_0195_P_20031002,2002-09-26
DOC_JUDG_CJ_1999_0195_P_20031002,2002-01-31
DOC_JUDG_CJ_1999_0196_P_20031002,2002-09-26
DOC_JUDG_CJ_1999_0196_P_20031002,2002-01-31
DOC_JUDG_CJ_1999_0197_P_20030911,2001-12-06
DOC_JUDG_CJ_1999_0198_P_20031002,2002-09-26
DOC_JUDG_CJ_1999_0198_P_20031002,2002-01-31
DOC_JUDG_CJ_1999_0199_P_20031002,2002-01-31
DOC_JUDG_CJ_1999_0199_P_20031002,2002-09-26
DOC_JUDG_CJ_1999_0201_20010405,2000-09-19
DOC_JUDG_CJ_1999_0201_20010405,2000-11-09
DOC_JUDG_CJ_1999_0202_20011129,2001-05-31
DOC_JUDG_CJ_1999_0202_20011129,2001-03-22
DOC_JUDG_CJ_1999_0203_20010510,2000-11-16
DOC_JUDG_CJ_1999_0203_20010510,2000-12-14
DOC_JUDG_CJ_1999_0207_P_20001109,2000-06-15
DOC_JUDG_CJ_1999_0212_20010626,2001-01-11
DOC_JUDG_CJ_1999_0212_20010626,2001-03-20
DOC_JUDG_CJ_1999_0214_20001207,2000-05-18
DOC_JUDG_CJ_1999_0214_20001207,2000-07-06
DOC_JUDG_CJ_1999_0216_20020910,2001-11-22
DOC_JUDG_CJ_1999_0216_20020910,2002-01-31
DOC_JUDG_CJ_1999_0217_20001116,2000-06-29
DOC_JUDG_CJ_1999_0217_20001116,2000-05-11
DOC_JUDG_CJ_1999_0219_20010214,2000-11-23
DOC_JUDG_CJ_1999_0220_20010911,2001-05-03
DOC_JUDG_CJ_1999_0220_20010911,2001-01-18
DOC_JUDG_CJ_1999_0226_20010111,2000-06-22
DOC_JUDG_CJ_1999_0226_20010111,2000-09-26
DOC_JUDG_CJ_1999_0228_20011108,2001-01-31
DOC_JUDG_CJ_1999_0228_20011108,2001-04-03
DOC_JUDG_CJ_1999_0230_20010215,2000-09-21
DOC_JUDG_CJ_1999_0230_20010215,2000-11-07
DOC_JUDG_CJ_1999_0232_20020516,2001-02-01
DOC_JUDG_CJ_1999_0232_20020516,2001-10-04
DOC_JUDG_CJ_1999_0234_20020423,2001-05-10
DOC_JUDG_CJ_1999_0235_20010927,2000-06-13
DOC_JUDG_CJ_1999_0235_20010927,2000-09-14
DOC_JUDG_CJ_1999_0236_20000706,2000-01-26
DOC_JUDG_CJ_1999_0236_20000706,2000-03-16
DOC_JUDG_CJ_1999_0238_P_20021015,2001-06-13
DOC_JUDG_CJ_1999_0238_P_20021015,2001-10-25
DOC_JUDG_CJ_1999_0240_20010308,2000-09-26
DOC_JUDG_CJ_1999_0240_20010308,2000-07-12
DOC_JUDG_CJ_1999_0248_P_20020108,2001-03-22
DOC_JUDG_CJ_1999_0248_P_20020108,2001-05-29
DOC_JUDG_CJ_1999_0255_20020205,2001-02-08
DOC_JUDG_CJ_1999_0255_20020205,2000-12-05
DOC_JUDG_CJ_1999_0257_20010927,2000-07-11
DOC_JUDG_CJ_1999_0257_20010927,2000-09-26
DOC_JUDG_CJ_1999_0258_20010510,2000-11-30
DOC_JUDG_CJ_1999_0258_20010510,2000-10-12
DOC_JUDG_CJ_1999_0261_20010322,2001-01-11
DOC_JUDG_CJ_1999_0262_20010712,2000-10-03
DOC_JUDG_CJ_1999_0262_20010712,2000-11-16
DOC_JUDG_CJ_1999_0263_20010529,2001-03-08
DOC_JUDG_CJ_1999_0264_20000608,2000-02-22
DOC_JUDG_CJ_1999_0265_20010315,2000-09-14
DOC_JUDG_CJ_1999_0265_20010315,2000-10-26
DOC_JUDG_CJ_1999_0266_20010308,2000-12-14
DOC_JUDG_CJ_1999_0266_20010308,2000-10-26
DOC_JUDG_CJ_1999_0269_20011206,2001-01-31
DOC_JUDG_CJ_1999_0269_20011206,2001-04-05
DOC_JUDG_CJ_1999_0270_P_20011127,2001-02-01
DOC_JUDG_CJ_1999_0270_P_20011127,2001-03-22
DOC_JUDG_CJ_1999_0273_P_20010306,2000-10-19
DOC_JUDG_CJ_1999_0273_P_20010306,2000-09-12
DOC_JUDG_CJ_1999_0274_P_20010306,2000-09-12
DOC_JUDG_CJ_1999_0274_P_20010306,2000-10-19
DOC_JUDG_CJ_1999_0276_20011025,2001-05-10
DOC_JUDG_CJ_1999_0276_20011025,2001-06-14
DOC_JUDG_CJ_1999_0278_20010308,2000-12-12
DOC_JUDG_CJ_1999_0280_P_20010621,2001-02-08
DOC_JUDG_CJ_1999_0280_P_20010621,2000-11-16
DOC_JUDG_CJ_1999_0283_20010531,2000-12-14
DOC_JUDG_CJ_1999_0283_20010531,2001-02-15
DOC_JUDG_CJ_1999_0285_20011127,2001-06-05
DOC_JUDG_CJ_1999_0285_20011127,2001-05-03
DOC_JUDG_CJ_1999_0288_20010510,2000-11-16
DOC_JUDG_CJ_1999_0288_20010510,2001-01-23
DOC_JUDG_CJ_1999_0292_20020502,2001-07-05
DOC_JUDG_CJ_1999_0292_20020502,2001-05-10
DOC_JUDG_CJ_1999_0294_20011004,2001-03-28
DOC_JUDG_CJ_1999_0297_20010118,2000-09-21
DOC_JUDG_CJ_1999_0297_20010118,2000-06-21
DOC_JUDG_CJ_1999_0298_20020321,2001-09-13
DOC_JUDG_CJ_1999_0298_20020321,2001-06-14
DOC_JUDG_CJ_1999_0302_P_20010712,2001-03-08
DOC_JUDG_CJ_1999_0302_P_20010712,2001-01-30
DOC_JUDG_CJ_1999_0306_20030107,2001-07-03
DOC_JUDG_CJ_1999_0306_20030107,2001-11-15
DOC_JUDG_CJ_1999_0309_20020219,2001-07-10
DOC_JUDG_CJ_1999_0309_20020219,2000-12-12
DOC_JUDG_CJ_1999_0310_20020307,2001-04-04
DOC_JUDG_CJ_1999_0310_20020307,2001-05-17
DOC_JUDG_CJ_1999_0314_20020618,2001-11-15
DOC_JUDG_CJ_1999_0314_20020618,2001-09-11
DOC_JUDG_CJ_1999_0315_P_20010710,2001-05-03
DOC_JUDG_CJ_1999_0315_P_20010710,2001-03-20
DOC_JUDG_CJ_1999_0316_20010308,2001-01-18
DOC_JUDG_CJ_1999_0319_20001123,2000-06-20
DOC_JUDG_CJ_1999_0320_20001123,2000-07-11
DOC_JUDG_CJ_1999_0321_P_20020516,2001-03-29
DOC_JUDG_CJ_1999_0321_P_20020516,2001-12-06
DOC_JUDG_CJ_1999_0322_20010517,2000-12-14
DOC_JUDG_CJ_1999_0322_20010517,2000-10-12
DOC_JUDG_CJ_1999_0324_20011213,2001-09-20
DOC_JUDG_CJ_1999_0324_20011213,2001-03-27
DOC_JUDG_CJ_1999_0326_20011004,2001-02-22
DOC_JUDG_CJ_1999_0326_20011004,2000-12-07
DOC_JUDG_CJ_1999_0328_20030508,2001-09-27
DOC_JUDG_CJ_1999_0328_20030508,2001-05-30
DOC_JUDG_CJ_1999_0333_20010201,2000-09-21
DOC_JUDG_CJ_1999_0334_20030128,2001-11-27
DOC_JUDG_CJ_1999_0334_20030128,2002-01-24
DOC_JUDG_CJ_1999_0339_20021017,2002-02-07
DOC_JUDG_CJ_1999_0339_20021017,2001-09-26
DOC_JUDG_CJ_1999_0340_20010517,2000-12-07
DOC_JUDG_CJ_1999_0340_20010517,2001-02-01
DOC_JUDG_CJ_1999_0345_20010614,2001-02-22
DOC_JUDG_CJ_1999_0347_20001214,2000-10-12
DOC_JUDG_CJ_1999_0350_20010208,2000-10-26
DOC_JUDG_CJ_1999_0350_20010208,2000-09-21
DOC_JUDG_CJ_1999_0353_P_20011206,2001-03-13
DOC_JUDG_CJ_1999_0353_P_20011206,2001-07-10
DOC_JUDG_CJ_1999_0354_20011018,2001-04-05
DOC_JUDG_CJ_1999_0356_20001109,2000-05-25
DOC_JUDG_CJ_1999_0365_20010712,2001-03-27
DOC_JUDG_CJ_1999_0365_20010712,2001-02-22
DOC_JUDG_CJ_1999_0366_20011129,2001-01-09
DOC_JUDG_CJ_1999_0366_20011129,2001-02-22
DOC_JUDG_CJ_1999_0370_20010111,2000-10-19
DOC_JUDG_CJ_1999_0372_20020124,2001-09-20
DOC_JUDG_CJ_1999_0373_20011206,2001-05-17
DOC_JUDG_CJ_1999_0373_20011206,2001-07-12
DOC_JUDG_CJ_1999_0374_20010913,2001-04-03
DOC_JUDG_CJ_1999_0375_20010913,2001-03-06
DOC_JUDG_CJ_1999_0377_20020919,2002-01-10
DOC_JUDG_CJ_1999_0377_20020919,2002-04-25
DOC_JUDG_CJ_1999_0380_20010703,2001-01-25
DOC_JUDG_CJ_1999_0380_20010703,2001-03-06
DOC_JUDG_CJ_1999_0382_20020613,2001-09-27
DOC_JUDG_CJ_1999_0382_20020613,2002-03-14
DOC_JUDG_CJ_1999_0383_P_20010920,2001-01-30
DOC_JUDG_CJ_1999_0383_P_20010920,2001-04-05
DOC_JUDG_CJ_1999_0384_20001130,2000-06-15
DOC_JUDG_CJ_1999_0385_20030513,2002-10-22
DOC_JUDG_CJ_1999_0387_20040429,2002-02-21
DOC_JUDG_CJ_1999_0387_20040429,2002-05-16
DOC_JUDG_CJ_1999_0390_20020122,2001-03-08
DOC_JUDG_CJ_1999_0390_20020122,2000-11-28
DOC_JUDG_CJ_1999_0392_20030410,2002-03-07
DOC_JUDG_CJ_1999_0392_20030410,2001-11-29
DOC_JUDG_CJ_1999_0393_20020319,2001-04-05
DOC_JUDG_CJ_1999_0393_20020319,2001-02-07
DOC_JUDG_CJ_1999_0395_20001207,2000-09-14
DOC_JUDG_CJ_1999_0396_20011016,2001-05-31
DOC_JUDG_CJ_1999_0400_20011009,2001-01-09
DOC_JUDG_CJ_1999_0400_20011009,2001-03-29
DOC_JUDG_CJ_1999_0400_20050510,2004-06-10
DOC_JUDG_CJ_1999_0403_20011004,2001-04-05
DOC_JUDG_CJ_1999_0403_20011004,2001-05-08
DOC_JUDG_CJ_1999_0404_20010329,2000-11-23
DOC_JUDG_CJ_1999_0404_20010329,2000-10-26
DOC_JUDG_CJ_1999_0408_20000926,2000-05-25
DOC_JUDG_CJ_1999_0409_20020108,2001-07-05
DOC_JUDG_CJ_1999_0409_20020108,2001-10-04
DOC_JUDG_CJ_1999_0413_20020917,2001-07-05
DOC_JUDG_CJ_1999_0413_20020917,2001-03-06
DOC_JUDG_CJ_1999_0414_20011120,2001-01-16
DOC_JUDG_CJ_1999_0414_20011120,2001-04-05
DOC_JUDG_CJ_1999_0417_20010913,2001-05-03
DOC_JUDG_CJ_1999_0424_20011127,2001-05-31
DOC_JUDG_CJ_1999_0424_20011127,2001-03-28
DOC_JUDG_CJ_1999_0428_20020108,2001-10-04
DOC_JUDG_CJ_1999_0428_20020108,2001-11-29
DOC_JUDG_CJ_1999_0429_20011016,2001-05-17
DOC_JUDG_CJ_1999_0430_20020613,2001-09-20
DOC_JUDG_CJ_1999_0430_20020613,2001-07-04
DOC_JUDG_CJ_1999_0435_20001212,2000-09-14
DOC_JUDG_CJ_1999_0438_20011004,2001-03-29
DOC_JUDG_CJ_1999_0438_20011004,2001-06-07
DOC_JUDG_CJ_1999_0439_20020115,2001-05-29
DOC_JUDG_CJ_1999_0442_P_20010927,2001-05-17
DOC_JUDG_CJ_1999_0442_P_20010927,2001-04-05
DOC_JUDG_CJ_1999_0443_20020423,2001-04-03
DOC_JUDG_CJ_1999_0443_20020423,2001-07-12
DOC_JUDG_CJ_1999_0447_20010704,2001-03-06
DOC_JUDG_CJ_1999_0448_20010118,2000-09-21
DOC_JUDG_CJ_1999_0449_P_20011002,2001-02-01
DOC_JUDG_CJ_1999_0451_20020321,2001-09-25
DOC_JUDG_CJ_1999_0451_20020321,2001-06-21
DOC_JUDG_CJ_1999_0454_20021114,2002-03-05
DOC_JUDG_CJ_1999_0457_20011011,2001-06-14
DOC_JUDG_CJ_1999_0462_20030522,2001-12-13
DOC_JUDG_CJ_1999_0462_20030522,2001-10-11
DOC_JUDG_CJ_1999_0466_20020124,2001-09-20
DOC_JUDG_CJ_1999_0466_20020124,2001-07-12
DOC_JUDG_CJ_1999_0470_20021212,2001-11-08
DOC_JUDG_CJ_1999_0471_20020924,2002-02-07
DOC_JUDG_CJ_1999_0471_20020924,2001-10-11
DOC_JUDG_CJ_1999_0472_20011206,2001-05-10
DOC_JUDG_CJ_1999_0472_20011206,2001-07-12
DOC_JUDG_CJ_1999_0473_20010614,2001-04-05
DOC_JUDG_CJ_1999_0474_20020613,2002-03-07
DOC_JUDG_CJ_1999_0474_20020613,2002-01-10
DOC_JUDG_CJ_1999_0478_20020507,2001-10-25
DOC_JUDG_CJ_1999_0478_20020507,2002-01-31
DOC_JUDG_CJ_1999_0479_20010607,2001-01-11
DOC_JUDG_CJ_1999_0479_20010607,2001-02-22
DOC_JUDG_CJ_1999_0480_P_20020110,2001-06-26
DOC_JUDG_CJ_1999_0481_20011213,2001-07-12
DOC_JUDG_CJ_1999_0481_20011213,2001-02-22
DOC_JUDG_CJ_1999_0482_20020516,2001-07-10
DOC_JUDG_CJ_1999_0482_20020516,2001-12-13
DOC_JUDG_CJ_1999_0483_20020604,2001-05-02
DOC_JUDG_CJ_1999_0483_20020604,2001-07-03
DOC_JUDG_CJ_1999_0493_20011025,2001-04-05
DOC_JUDG_CJ_1999_0494_20010405,2001-02-22
DOC_JUDG_CJ_1999_0496_P_20040429,2002-10-24
DOC_JUDG_CJ_1999_0498_20020917,2001-06-27
DOC_JUDG_CJ_1999_0498_20020917,2001-09-27
DOC_JUDG_CJ_1999_0499_20020702,2002-01-24
DOC_JUDG_CJ_1999_0500_P_20020124,2001-05-30
DOC_JUDG_CJ_1999_0500_P_20020124,2001-07-12
DOC_JUDG_CJ_1999_0503_20020604,2001-07-03
DOC_JUDG_CJ_1999_0503_20020604,2001-05-02
DOC_JUDG_CJ_1999_0512_20030121,2002-05-30
DOC_JUDG_CJ_1999_0513_20020917,2001-12-13
DOC_JUDG_CJ_1999_0513_20020917,2001-10-09
DOC_JUDG_CJ_1999_0541_20011122,2001-06-14
DOC_JUDG_CJ_1999_0541_20011122,2001-05-17
DOC_JUDG_CJ_2000_0001_20011213,2001-09-20
DOC_JUDG_CJ_2000_0001_20011213,2001-06-19
DOC_JUDG_CJ_2000_0002_20020514,2001-09-20
DOC_JUDG_CJ_2000_0002_20020514,2001-06-12
DOC_JUDG_CJ_2000_0003_20030320,2002-05-30
DOC_JUDG_CJ_2000_0003_20030320,2001-09-25
DOC_JUDG_CJ_2000_0005_20020207,2001-06-28
DOC_JUDG_CJ_2000_0009_20020418,2002-01-17
DOC_JUDG_CJ_2000_0010_20020307,2001-11-22
DOC_JUDG_CJ_2000_0010_20020307,2001-09-12
DOC_JUDG_CJ_2000_0011_20030710,2002-07-03
DOC_JUDG_CJ_2000_0011_20030710,2002-10-03
DOC_JUDG_CJ_2000_0012_20030116,2001-10-25
DOC_JUDG_CJ_2000_0012_20030116,2001-12-06
DOC_JUDG_CJ_2000_0014_20030116,2001-12-06
DOC_JUDG_CJ_2000_0014_20030116,2001-10-25
DOC_JUDG_CJ_2000_0015_20030710,2002-07-03
DOC_JUDG_CJ_2000_0015_20030710,2002-10-03
DOC_JUDG_CJ_2000_0019_20011018,2001-03-08
DOC_JUDG_CJ_2000_0019_20011018,2001-05-10
DOC_JUDG_CJ_2000_0023_P_20020226,2001-10-04
DOC_JUDG_CJ_2000_0024_20040205,2001-05-31
DOC_JUDG_CJ_2000_0024_20040205,2001-06-26
DOC_JUDG_CJ_2000_0026_20050714,2005-02-17
DOC_JUDG_CJ_2000_0028_20020207,2001-06-28
DOC_JUDG_CJ_2000_0028_20020207,2001-09-25
DOC_JUDG_CJ_2000_0031_20020122,2001-05-17
DOC_JUDG_CJ_2000_0031_20020122,2001-03-08
DOC_JUDG_CJ_2000_0032_P_20020226,2001-10-04
DOC_JUDG_CJ_2000_0035_20020124,2001-09-11
DOC_JUDG_CJ_2000_0036_20020321,2001-10-11
DOC_JUDG_CJ_2000_0036_20020321,2001-05-31
DOC_JUDG_CJ_2000_0041_P_20030306,2002-03-12
DOC_JUDG_CJ_2000_0043_20020115,2001-06-27
DOC_JUDG_CJ_2000_0043_20020115,2001-09-11
DOC_JUDG_CJ_2000_0049_20011115,2001-05-31
DOC_JUDG_CJ_2000_0051_20020124,2001-09-27
DOC_JUDG_CJ_2000_0051_20020124,2001-05-17
DOC_JUDG_CJ_2000_0052_20020425,2001-09-18
DOC_JUDG_CJ_2000_0052_20020425,2001-05-03
DOC_JUDG_CJ_2000_0055_20020115,2001-04-05
DOC_JUDG_CJ_2000_0055_20020115,2001-03-06
DOC_JUDG_CJ_2000_0057_P_20030930,2002-02-26
DOC_JUDG_CJ_2000_0057_P_20030930,2002-05-28
DOC_JUDG_CJ_2000_0060_20020711,2001-09-13
DOC_JUDG_CJ_2000_0060_20020711,2001-05-29
DOC_JUDG_CJ_2000_0063_20020516,2001-07-05
DOC_JUDG_CJ_2000_0063_20020516,2001-09-27
DOC_JUDG_CJ_2000_0066_20020625,2001-10-09
DOC_JUDG_CJ_2000_0066_20020625,2001-06-06
DOC_JUDG_CJ_2000_0071_20021017,2002-02-07
DOC_JUDG_CJ_2000_0074_P_20020924,2002-02-21
DOC_JUDG_CJ_2000_0074_P_20020924,2001-12-04
DOC_JUDG_CJ_2000_0076_P_20030109,2002-04-25
DOC_JUDG_CJ_2000_0076_P_20030109,2002-01-30
DOC_JUDG_CJ_2000_0079_20011213,2001-06-21
DOC_JUDG_CJ_2000_0079_20011213,2001-03-22
DOC_JUDG_CJ_2000_0080_20020606,2002-02-21
DOC_JUDG_CJ_2000_0080_20020606,2001-11-22
DOC_JUDG_CJ_2000_0083_20010315,2001-01-30
DOC_JUDG_CJ_2000_0087_20041012,2004-03-25
DOC_JUDG_CJ_2000_0087_20041012,2004-05-18
DOC_JUDG_CJ_2000_0093_20011213,2001-07-03
DOC_JUDG_CJ_2000_0093_20011213,2001-10-09
DOC_JUDG_CJ_2000_0096_20020711,2001-10-11
DOC_JUDG_CJ_2000_0096_20020711,2001-12-13
DOC_JUDG_CJ_2000_0097_20010308,2000-12-14
DOC_JUDG_CJ_2000_0100_20010405,2001-01-18
DOC_JUDG_CJ_2000_0101_20020919,2001-09-12
DOC_JUDG_CJ_2000_0101_20020919,2001-10-25
DOC_JUDG_CJ_2000_0103_20020130,2001-07-12
DOC_JUDG_CJ_2000_0103_20020130,2001-10-25
DOC_JUDG_CJ_2000_0104_P_20020919,2002-05-14
DOC_JUDG_CJ_2000_0104_P_20020919,2002-03-21
DOC_JUDG_CJ_2000_0107_20020307,2001-10-25
DOC_JUDG_CJ_2000_0109_20011004,2001-05-10
DOC_JUDG_CJ_2000_0109_20011004,2001-03-29
DOC_JUDG_CJ_2000_0110_20011011,2001-05-03
DOC_JUDG_CJ_2000_0111_20011011,2001-04-05
DOC_JUDG_CJ_2000_0112_20030612,2002-03-12
DOC_JUDG_CJ_2000_0112_20030612,2002-07-11
DOC_JUDG_CJ_2000_0113_20020919,2002-01-24
DOC_JUDG_CJ_2000_0114_20020919,2002-01-24
DOC_JUDG_CJ_2000_0117_20020613,2002-01-24
DOC_JUDG_CJ_2000_0117_20020613,2002-03-07
DOC_JUDG_CJ_2000_0118_20010628,2001-03-15
DOC_JUDG_CJ_2000_0118_20010628,2001-01-11
DOC_JUDG_CJ_2000_0119_20010621,2001-04-05
DOC_JUDG_CJ_2000_0121_20021024,2001-10-23
DOC_JUDG_CJ_2000_0121_20021024,2001-12-13
DOC_JUDG_CJ_2000_0127_20031211,2001-11-08
DOC_JUDG_CJ_2000_0127_20031211,2002-02-26
DOC_JUDG_CJ_2000_0129_20031209,2003-06-03
DOC_JUDG_CJ_2000_0129_20031209,2003-04-02
DOC_JUDG_CJ_2000_0133_20011004,2001-05-08
DOC_JUDG_CJ_2000_0133_20011004,2001-02-15
DOC_JUDG_CJ_2000_0136_20021003,2002-03-21
DOC_JUDG_CJ_2000_0136_20021003,2001-12-06
DOC_JUDG_CJ_2000_0138_20021017,2002-02-07
DOC_JUDG_CJ_2000_0139_20020711,2001-11-29
DOC_JUDG_CJ_2000_0139_20020711,2002-02-21
DOC_JUDG_CJ_2000_0140_20021114,2002-03-21
DOC_JUDG_CJ_2000_0142_P_20030410,2002-09-12
DOC_JUDG_CJ_2000_0142_P_20030410,2002-06-27
DOC_JUDG_CJ_2000_0143_20020423,2001-07-12
DOC_JUDG_CJ_2000_0143_20020423,2001-04-03
DOC_JUDG_CJ_2000_0144_20030403,2002-11-14
DOC_JUDG_CJ_2000_0144_20030403,2002-10-03
DOC_JUDG_CJ_2000_0146_20011206,2001-06-07
DOC_JUDG_CJ_2000_0147_20010315,2001-01-18
DOC_JUDG_CJ_2000_0148_20011206,2001-09-20
DOC_JUDG_CJ_2000_0150_20040429,2002-05-16
DOC_JUDG_CJ_2000_0150_20040429,2002-03-07
DOC_JUDG_CJ_2000_0151_20010118,2000-10-26
DOC_JUDG_CJ_2000_0152_20020912,2001-10-25
DOC_JUDG_CJ_2000_0152_20020912,2002-02-07
DOC_JUDG_CJ_2000_0153_20021210,2002-04-23
DOC_JUDG_CJ_2000_0153_20021210,2002-01-29
DOC_JUDG_CJ_2000_0154_20020425,2001-10-18
DOC_JUDG_CJ_2000_0154_20020425,2001-09-20
DOC_JUDG_CJ_2000_0156_20030313,2002-07-11
DOC_JUDG_CJ_2000_0156_20030313,2002-05-16
DOC_JUDG_CJ_2000_0157_20030109,2002-02-28
DOC_JUDG_CJ_2000_0157_20030109,2002-04-16
DOC_JUDG_CJ_2000_0158_20020613,2002-02-21
DOC_JUDG_CJ_2000_0159_20020606,2001-10-23
DOC_JUDG_CJ_2000_0159_20020606,2002-01-17
DOC_JUDG_CJ_2000_0161_20020314,2001-10-04
DOC_JUDG_CJ_2000_0164_20020604,2001-11-13
DOC_JUDG_CJ_2000_0164_20020604,2001-12-13
DOC_JUDG_CJ_2000_0166_20011206,2001-09-20
DOC_JUDG_CJ_2000_0167_20021001,2002-03-14
DOC_JUDG_CJ_2000_0167_20021001,2001-12-11
DOC_JUDG_CJ_2000_0168_20020312,2001-06-14
DOC_JUDG_CJ_2000_0168_20020312,2001-09-20
DOC_JUDG_CJ_2000_0169_20020307,2001-09-20
DOC_JUDG_CJ_2000_0170_20020124,2001-09-20
DOC_JUDG_CJ_2000_0170_20020124,2001-07-04
DOC_JUDG_CJ_2000_0171_P_20020115,2001-11-22
DOC_JUDG_CJ_2000_0171_P_20020115,2001-07-04
DOC_JUDG_CJ_2000_0172_20020910,2002-02-07
DOC_JUDG_CJ_2000_0174_20020321,2001-12-13
DOC_JUDG_CJ_2000_0174_20020321,2001-09-26
DOC_JUDG_CJ_2000_0177_20030109,2002-09-26
DOC_JUDG_CJ_2000_0178_20030109,2002-09-26
DOC_JUDG_CJ_2000_0179_20020115,2001-11-20
DOC_JUDG_CJ_2000_0180_20050714,2005-02-17
DOC_JUDG_CJ_2000_0181_20020709,2001-07-05
DOC_JUDG_CJ_2000_0181_20020709,2001-09-27
DOC_JUDG_CJ_2000_0182_20020115,2001-11-08
DOC_JUDG_CJ_2000_0182_20020115,2001-10-25
DOC_JUDG_CJ_2000_0183_20020425,2001-09-18
DOC_JUDG_CJ_2000_0183_20020425,2001-05-03
DOC_JUDG_CJ_2000_0185_20031127,2002-12-05
DOC_JUDG_CJ_2000_0185_20031127,2002-09-26
DOC_JUDG_CJ_2000_0187_20030320,2001-10-23
DOC_JUDG_CJ_2000_0187_20030320,2002-02-05
DOC_JUDG_CJ_2000_0188_20021119,2002-02-21
DOC_JUDG_CJ_2000_0188_20021119,2002-04-25
DOC_JUDG_CJ_2000_0204_P_20040107,2003-02-11
DOC_JUDG_CJ_2000_0204_P_20040107,2002-07-04
DOC_JUDG_CJ_2000_0205_P_20040107,2002-07-04
DOC_JUDG_CJ_2000_0205_P_20040107,2003-02-11
DOC_JUDG_CJ_2000_0207_20010614,2001-03-29
DOC_JUDG_CJ_2000_0208_20021105,2001-10-16
DOC_JUDG_CJ_2000_0208_20021105,2001-12-04
DOC_JUDG_CJ_2000_0210_20020711,2001-11-27
DOC_JUDG_CJ_2000_0210_20020711,2001-09-27
DOC_JUDG_CJ_2000_0211_P_20040107,2002-07-04
DOC_JUDG_CJ_2000_0211_P_20040107,2003-02-11
DOC_JUDG_CJ_2000_0212_20011016,2001-06-07
DOC_JUDG_CJ_2000_0212_20011016,2001-03-29
DOC_JUDG_CJ_2000_0213_P_20040107,2003-02-11
DOC_JUDG_CJ_2000_0213_P_20040107,2002-07-04
DOC_JUDG_CJ_2000_0214_20030515,2002-06-13
DOC_JUDG_CJ_2000_0214_20030515,2002-03-14
DOC_JUDG_CJ_2000_0217_P_20040107,2002-07-04
DOC_JUDG_CJ_2000_0217_P_20040107,2003-02-11
DOC_JUDG_CJ_2000_0219_P_20040107,2002-07-04
DOC_JUDG_CJ_2000_0219_P_20040107,2003-02-11
DOC_JUDG_CJ_2000_0221_20030123,2002-05-02
DOC_JUDG_CJ_2000_0221_20030123,2002-07-04
DOC_JUDG_CJ_2000_0224_20020319,2001-12-06
DOC_JUDG_CJ_2000_0228_20030213,2002-04-25
DOC_JUDG_CJ_2000_0228_20030213,2002-09-26
DOC_JUDG_CJ_2000_0229_20030612,2002-04-25
DOC_JUDG_CJ_2000_0229_20030612,2002-07-11
DOC_JUDG_CJ_2000_0230_20010614,2001-03-08
DOC_JUDG_CJ_2000_0231_20040325,2003-05-08
DOC_JUDG_CJ_2000_0231_20040325,2002-12-12
DOC_JUDG_CJ_2000_0235_20011213,2001-07-12
DOC_JUDG_CJ_2000_0240_20030306,2002-02-28
DOC_JUDG_CJ_2000_0240_20030306,2002-04-25
DOC_JUDG_CJ_2000_0242_20020618,2002-03-12
DOC_JUDG_CJ_2000_0242_20020618,2002-01-22
DOC_JUDG_CJ_2000_0244_20030408,2002-01-08
DOC_JUDG_CJ_2000_0244_20030408,2002-06-18
DOC_JUDG_CJ_2000_0245_20030206,2002-05-02
DOC_JUDG_CJ_2000_0245_20030206,2002-09-26
DOC_JUDG_CJ_2000_0246_20030710,2002-09-12
DOC_JUDG_CJ_2000_0246_20030710,2002-11-21
DOC_JUDG_CJ_2000_0251_20021114,2001-11-08
DOC_JUDG_CJ_2000_0251_20021114,2002-01-24
DOC_JUDG_CJ_2000_0253_20020917,2001-12-13
DOC_JUDG_CJ_2000_0254_20011011,2001-06-14
DOC_JUDG_CJ_2000_0258_20020627,2001-11-29
DOC_JUDG_CJ_2000_0258_20020627,2001-10-04
DOC_JUDG_CJ_2000_0260_20021107,2002-02-21
DOC_JUDG_CJ_2000_0260_20021107,2002-04-25
DOC_JUDG_CJ_2000_0266_20010308,2000-12-14
DOC_JUDG_CJ_2000_0268_20020319,2002-01-17
DOC_JUDG_CJ_2000_0269_20030508,2002-05-16
DOC_JUDG_CJ_2000_0269_20030508,2002-02-07
DOC_JUDG_CJ_2000_0271_20021114,2001-11-15
DOC_JUDG_CJ_2000_0271_20021114,2002-04-18
DOC_JUDG_CJ_2000_0273_20021212,2001-11-06
DOC_JUDG_CJ_2000_0273_20021212,2001-10-02
DOC_JUDG_CJ_2000_0274_P_20020627,2001-09-25
DOC_JUDG_CJ_2000_0274_P_20020627,2001-06-27
DOC_JUDG_CJ_2000_0277_20040429,2003-06-19
DOC_JUDG_CJ_2000_0277_20040429,2002-11-21
DOC_JUDG_CJ_2000_0278_20040429,2002-10-17
DOC_JUDG_CJ_2000_0278_20040429,2003-09-25
DOC_JUDG_CJ_2000_0280_20030724,2002-10-15
DOC_JUDG_CJ_2000_0280_20030724,2002-03-19
DOC_JUDG_CJ_2000_0280_20030724,2001-11-06
DOC_JUDG_CJ_2000_0282_20030515,2002-05-16
DOC_JUDG_CJ_2000_0282_20030515,2002-03-21
DOC_JUDG_CJ_2000_0283_20031016,2002-11-07
DOC_JUDG_CJ_2000_0292_20030109,2001-12-13
DOC_JUDG_CJ_2000_0292_20030109,2002-03-21
DOC_JUDG_CJ_2000_0293_20031106,2003-06-26
DOC_JUDG_CJ_2000_0293_20031106,2003-03-26
DOC_JUDG_CJ_2000_0294_20020711,2001-12-13
DOC_JUDG_CJ_2000_0294_20020711,2001-10-11
DOC_JUDG_CJ_2000_0295_20020219,2001-10-25
DOC_JUDG_CJ_2000_0297_20010703,2001-05-10
DOC_JUDG_CJ_2000_0298_P_20040429,2003-05-15
DOC_JUDG_CJ_2000_0298_P_20040429,2003-03-20
DOC_JUDG_CJ_2000_0302_20020227,2001-09-13
DOC_JUDG_CJ_2000_0302_20020227,2001-06-21
DOC_JUDG_CJ_2000_0305_20030410,2002-03-21
DOC_JUDG_CJ_2000_0305_20030410,2002-02-21
DOC_JUDG_CJ_2000_0312_P_20021210,2002-04-16
DOC_JUDG_CJ_2000_0315_20030116,2002-02-07
DOC_JUDG_CJ_2000_0316_20021114,2002-04-25
DOC_JUDG_CJ_2000_0316_20021114,2002-02-07
DOC_JUDG_CJ_2000_0320_20020917,2002-03-14
DOC_JUDG_CJ_2000_0320_20020917,2002-01-08
DOC_JUDG_CJ_2000_0322_20031002,2002-11-07
DOC_JUDG_CJ_2000_0322_20031002,2002-06-20
DOC_JUDG_CJ_2000_0324_20021212,2002-05-30
DOC_JUDG_CJ_2000_0324_20021212,2002-09-26
DOC_JUDG_CJ_2000_0325_20021105,2002-03-14
DOC_JUDG_CJ_2000_0326_20030225,2002-10-15
DOC_JUDG_CJ_2000_0326_20030225,2002-09-10
DOC_JUDG_CJ_2000_0327_20030227,2002-02-07
DOC_JUDG_CJ_2000_0327_20030227,2001-12-06
DOC_JUDG_CJ_2000_0329_20030619,2002-10-03
DOC_JUDG_CJ_2000_0331_20030918,2002-06-06
DOC_JUDG_CJ_2000_0331_20030918,2003-02-06
DOC_JUDG_CJ_2000_0332_20020418,2001-10-04
DOC_JUDG_CJ_2000_0332_20020418,2001-11-29
DOC_JUDG_CJ_2000_0333_20021107,2002-01-10
DOC_JUDG_CJ_2000_0333_20021107,2002-03-07
DOC_JUDG_CJ_2000_0336_20020919,2002-03-14
DOC_JUDG_CJ_2000_0336_20020919,2002-01-24
DOC_JUDG_CJ_2000_0338_P_20030918,2002-06-27
DOC_JUDG_CJ_2000_0338_P_20030918,2002-10-17
DOC_JUDG_CJ_2000_0339_20031016,2002-06-26
DOC_JUDG_CJ_2000_0339_20031016,2003-02-06
DOC_JUDG_CJ_2000_0340_P_20011213,2001-09-13
DOC_JUDG_CJ_2000_0340_P_20011213,2001-07-03
DOC_JUDG_CJ_2000_0346_20030918,2003-01-23
DOC_JUDG_CJ_2000_0346_20030918,2002-06-20
DOC_JUDG_CJ_2000_0347_20021003,2002-03-07
DOC_JUDG_CJ_2000_0347_20021003,2002-06-06
DOC_JUDG_CJ_2000_0351_20020912,2002-02-21
DOC_JUDG_CJ_2000_0351_20020912,2001-12-13
DOC_JUDG_CJ_2000_0353_20020613,2002-02-05
DOC_JUDG_CJ_2000_0353_20020613,2001-12-13
DOC_JUDG_CJ_2000_0355_20030522,2002-03-07
DOC_JUDG_CJ_2000_0355_20030522,2002-11-14
DOC_JUDG_CJ_2000_0356_20021121,2002-02-07
DOC_JUDG_CJ_2000_0356_20021121,2001-11-08
DOC_JUDG_CJ_2000_0363_20030612,2002-07-09
DOC_JUDG_CJ_2000_0364_20020507,2002-01-24
DOC_JUDG_CJ_2000_0365_20020307,2001-12-04
DOC_JUDG_CJ_2000_0366_20020219,2001-10-25
DOC_JUDG_CJ_2000_0368_20010614,2001-04-05
DOC_JUDG_CJ_2000_0370_20010920,2001-07-05
DOC_JUDG_CJ_2000_0372_20011213,2001-10-25
DOC_JUDG_CJ_2000_0378_20030121,2002-06-04
DOC_JUDG_CJ_2000_0378_20030121,2002-10-03
DOC_JUDG_CJ_2000_0379_20021205,2002-01-31
DOC_JUDG_CJ_2000_0379_20021205,2002-03-12
DOC_JUDG_CJ_2000_0383_20020514,2002-03-21
DOC_JUDG_CJ_2000_0384_20020516,2002-02-28
DOC_JUDG_CJ_2000_0385_20021212,2002-04-18
DOC_JUDG_CJ_2000_0385_20021212,2002-06-20
DOC_JUDG_CJ_2000_0386_20020305,2001-09-20
DOC_JUDG_CJ_2000_0386_20020305,2001-11-15
DOC_JUDG_CJ_2000_0388_20020620,2002-02-21
DOC_JUDG_CJ_2000_0388_20020620,2001-11-28
DOC_JUDG_CJ_2000_0389_20030227,2002-06-27
DOC_JUDG_CJ_2000_0389_20030227,2002-11-14
DOC_JUDG_CJ_2000_0392_20020917,2001-12-06
DOC_JUDG_CJ_2000_0392_20020917,2002-01-17
DOC_JUDG_CJ_2000_0394_20020117,2001-10-11
DOC_JUDG_CJ_2000_0395_20021212,2002-01-29
DOC_JUDG_CJ_2000_0395_20021212,2002-03-21
DOC_JUDG_CJ_2000_0396_20020425,2001-12-11
DOC_JUDG_CJ_2000_0398_20020618,2002-02-21
DOC_JUDG_CJ_2000_0404_20030626,2002-03-07
DOC_JUDG_CJ_2000_0409_20030213,2002-06-20
DOC_JUDG_CJ_2000_0409_20030213,2002-09-10
DOC_JUDG_CJ_2000_0411_20021114,2002-03-14
DOC_JUDG_CJ_2000_0411_20021114,2002-04-18
DOC_JUDG_CJ_2000_0416_20030918,2002-06-06
DOC_JUDG_CJ_2000_0417_20021128,2002-07-11
DOC_JUDG_CJ_2000_0418_20020425,2001-10-11
DOC_JUDG_CJ_2000_0421_20030123,2002-07-04
DOC_JUDG_CJ_2000_0422_20030116,2002-06-13
DOC_JUDG_CJ_2000_0422_20030116,2002-02-27
DOC_JUDG_CJ_2000_0423_20020117,2001-10-11
DOC_JUDG_CJ_2000_0427_20011113,2001-07-10
DOC_JUDG_CJ_2000_0433_20020919,2001-11-29
DOC_JUDG_CJ_2000_0433_20020919,2002-03-07
DOC_JUDG_CJ_2000_0435_20021114,2002-07-09
DOC_JUDG_CJ_2000_0436_20021121,2002-06-06
DOC_JUDG_CJ_2000_0436_20021121,2002-03-20
DOC_JUDG_CJ_2000_0437_20030410,2002-06-13
DOC_JUDG_CJ_2000_0437_20030410,2002-09-19
DOC_JUDG_CJ_2000_0438_20030508,2002-07-11
DOC_JUDG_CJ_2000_0438_20030508,2002-06-20
DOC_JUDG_CJ_2000_0439_20010621,2001-05-02
DOC_JUDG_CJ_2000_0441_20020530,2002-03-21
DOC_JUDG_CJ_2000_0444_20030619,2002-04-18
DOC_JUDG_CJ_2000_0444_20030619,2002-07-04
DOC_JUDG_CJ_2000_0445_20030911,2003-02-13
DOC_JUDG_CJ_2000_0445_20030911,2002-11-19
DOC_JUDG_CJ_2000_0446_P_20011213,2001-09-20
DOC_JUDG_CJ_2000_0446_P_20011213,2001-06-28
DOC_JUDG_CJ_2000_0450_20011004,2001-06-07
DOC_JUDG_CJ_2000_0452_20050714,2005-02-17
DOC_JUDG_CJ_2000_0453_20040113,2002-10-09
DOC_JUDG_CJ_2000_0453_20040113,2003-06-17
DOC_JUDG_CJ_2000_0455_20021024,2002-03-21
DOC_JUDG_CJ_2000_0456_20021212,2002-06-13
DOC_JUDG_CJ_2000_0457_20030703,2002-06-11
DOC_JUDG_CJ_2000_0457_20030703,2002-09-19
DOC_JUDG_CJ_2000_0458_20030213,2002-09-26
DOC_JUDG_CJ_2000_0458_20030213,2002-04-25
DOC_JUDG_CJ_2000_0460_20011025,2001-07-12
DOC_JUDG_CJ_2000_0463_20030513,2002-11-05
DOC_JUDG_CJ_2000_0463_20030513,2003-02-06
DOC_JUDG_CJ_2000_0465_20030520,2002-11-14
DOC_JUDG_CJ_2000_0465_20030520,2002-06-18
DOC_JUDG_CJ_2000_0466_20030306,2002-07-11
DOC_JUDG_CJ_2000_0466_20030306,2002-04-16
DOC_JUDG_CJ_2000_0468_20010920,2001-05-31
DOC_JUDG_CJ_2000_0469_20030520,2002-04-25
DOC_JUDG_CJ_2000_0469_20030520,2002-02-19
DOC_JUDG_CJ_2000_0470_P_20040429,2003-06-26
DOC_JUDG_CJ_2000_0470_P_20040429,2003-04-10
DOC_JUDG_CJ_2000_0472_P_20030710,2002-11-28
DOC_JUDG_CJ_2000_0472_P_20030710,2002-09-17
DOC_JUDG_CJ_2000_0473_20021121,2002-01-17
DOC_JUDG_CJ_2000_0473_20021121,2002-04-18
DOC_JUDG_CJ_2000_0480_20040325,2003-05-08
DOC_JUDG_CJ_2000_0480_20040325,2002-12-12
DOC_JUDG_CJ_2000_0495_20040325,2002-12-12
DOC_JUDG_CJ_2000_0495_20040325,2003-05-08
DOC_JUDG_CJ_2001_0002_P_20040106,2002-11-12
DOC_JUDG_CJ_2001_0002_P_20040106,2003-05-22
DOC_JUDG_CJ_2001_0005_20021212,2002-05-02
DOC_JUDG_CJ_2001_0005_20021212,2002-09-12
DOC_JUDG_CJ_2001_0008_20031120,2002-06-27
DOC_JUDG_CJ_2001_0008_20031120,2002-10-03
DOC_JUDG_CJ_2001_0013_20030911,2003-01-09
DOC_JUDG_CJ_2001_0014_20030306,2002-03-21
DOC_JUDG_CJ_2001_0014_20030306,2002-06-27
DOC_JUDG_CJ_2001_0015_20030508,2002-12-12
DOC_JUDG_CJ_2001_0015_20030508,2002-10-10
DOC_JUDG_CJ_2001_0017_20040429,2003-01-30
DOC_JUDG_CJ_2001_0017_20040429,2002-07-10
DOC_JUDG_CJ_2001_0017_20040429,2002-10-24
DOC_JUDG_CJ_2001_0017_20040429,2003-03-13
DOC_JUDG_CJ_2001_0018_20030522,2002-07-11
DOC_JUDG_CJ_2001_0018_20030522,2002-05-16
DOC_JUDG_CJ_2001_0020_20030410,2002-11-28
DOC_JUDG_CJ_2001_0020_20030410,2002-10-10
DOC_JUDG_CJ_2001_0023_20021121,2002-03-05
DOC_JUDG_CJ_2001_0023_20021121,2002-03-21
DOC_JUDG_CJ_2001_0024_P_20021107,2002-07-11
DOC_JUDG_CJ_2001_0029_20020307,2002-01-10
DOC_JUDG_CJ_2001_0030_20030923,2003-01-16
DOC_JUDG_CJ_2001_0033_20020613,2002-04-18
DOC_JUDG_CJ_2001_0034_20031127,2002-11-07
DOC_JUDG_CJ_2001_0034_20031127,2002-03-05
DOC_JUDG_CJ_2001_0039_20020307,2002-01-10
DOC_JUDG_CJ_2001_0040_20030311,2002-07-02
DOC_JUDG_CJ_2001_0040_20030311,2002-06-04
DOC_JUDG_CJ_2001_0042_20040622,2003-09-09
DOC_JUDG_CJ_2001_0042_20040622,2004-01-22
DOC_JUDG_CJ_2001_0044_20030408,2002-09-12
DOC_JUDG_CJ_2001_0044_20030408,2002-04-23
DOC_JUDG_CJ_2001_0045_20031106,2002-12-10
DOC_JUDG_CJ_2001_0045_20031106,2002-09-18
DOC_JUDG_CJ_2001_0046_20020227,2001-12-06
DOC_JUDG_CJ_2001_0047_20021003,2002-06-06
DOC_JUDG_CJ_2001_0056_20031023,2002-11-28
DOC_JUDG_CJ_2001_0056_20031023,2003-01-21
DOC_JUDG_CJ_2001_0057_20030123,2002-06-06
DOC_JUDG_CJ_2001_0057_20030123,2002-07-11
DOC_JUDG_CJ_2001_0058_20030925,2002-10-03
DOC_JUDG_CJ_2001_0058_20030925,2003-01-23
DOC_JUDG_CJ_2001_0059_20030225,2002-04-16
DOC_JUDG_CJ_2001_0059_20030225,2002-07-04
DOC_JUDG_CJ_2001_0060_20020618,2002-01-31
DOC_JUDG_CJ_2001_0062_P_20020423,2002-01-24
DOC_JUDG_CJ_2001_0063_20031204,2002-10-24
DOC_JUDG_CJ_2001_0063_20031204,2002-07-11
DOC_JUDG_CJ_2001_0064_20020307,2002-01-10
DOC_JUDG_CJ_2001_0065_20030410,2002-09-26
DOC_JUDG_CJ_2001_0075_20030213,2002-01-29
DOC_JUDG_CJ_2001_0076_P_20030930,2003-01-16
DOC_JUDG_CJ_2001_0076_P_20030930,2002-10-22
DOC_JUDG_CJ_2001_0077_20040429,2002-09-12
DOC_JUDG_CJ_2001_0077_20040429,2002-05-29
DOC_JUDG_CJ_2001_0078_20030923,2002-07-09
DOC_JUDG_CJ_2001_0078_20030923,2003-01-14
DOC_JUDG_CJ_2001_0079_20021017,2002-03-14
DOC_JUDG_CJ_2001_0079_20021017,2002-05-07
DOC_JUDG_CJ_2001_0083_P_20030703,2002-05-28
DOC_JUDG_CJ_2001_0083_P_20030703,2002-12-12
DOC_JUDG_CJ_2001_0087_P_20030710,2002-06-25
DOC_JUDG_CJ_2001_0087_P_20030710,2002-09-17
DOC_JUDG_CJ_2001_0091_20040429,2003-09-18
DOC_JUDG_CJ_2001_0091_20040429,2003-06-05
DOC_JUDG_CJ_2001_0097_20030612,2002-07-04
DOC_JUDG_CJ_2001_0098_20030513,2003-02-06
DOC_JUDG_CJ_2001_0098_20030513,2002-11-05
DOC_JUDG_CJ_2001_0100_20021126,2002-04-25
DOC_JUDG_CJ_2001_0100_20021126,2002-01-15
DOC_JUDG_CJ_2001_0101_20031106,2002-09-19
DOC_JUDG_CJ_2001_0101_20031106,2002-04-30
DOC_JUDG_CJ_2001_0103_20030522,2002-10-24
DOC_JUDG_CJ_2001_0103_20030522,2002-12-10
DOC_JUDG_CJ_2001_0107_20011213,2001-10-25
DOC_JUDG_CJ_2001_0110_20030619,2002-06-06
DOC_JUDG_CJ_2001_0110_20030619,2002-03-05
DOC_JUDG_CJ_2001_0112_20021114,2002-05-30
DOC_JUDG_CJ_2001_0112_20021114,2002-04-25
DOC_JUDG_CJ_2001_0113_20030508,2002-12-12
DOC_JUDG_CJ_2001_0113_20030508,2002-10-10
DOC_JUDG_CJ_2001_0114_20030911,2003-01-23
DOC_JUDG_CJ_2001_0114_20030911,2003-04-10
DOC_JUDG_CJ_2001_0116_20030403,2002-09-19
DOC_JUDG_CJ_2001_0116_20030403,2002-11-14
DOC_JUDG_CJ_2001_0117_20040107,2002-04-23
DOC_JUDG_CJ_2001_0117_20040107,2003-06-10
DOC_JUDG_CJ_2001_0121_P_20030605,2002-05-16
DOC_JUDG_CJ_2001_0121_P_20030605,2002-09-19
DOC_JUDG_CJ_2001_0122_P_20030508,2002-07-04
DOC_JUDG_CJ_2001_0122_P_20030508,2002-10-24
DOC_JUDG_CJ_2001_0131_20030213,2002-09-12
DOC_JUDG_CJ_2001_0135_20030320,2002-11-14
DOC_JUDG_CJ_2001_0140_20020227,2001-12-13
DOC_JUDG_CJ_2001_0142_20020516,2002-03-19
DOC_JUDG_CJ_2001_0145_20030605,2003-04-10
DOC_JUDG_CJ_2001_0146_20020606,2002-03-05
DOC_JUDG_CJ_2001_0147_20031002,2002-12-12
DOC_JUDG_CJ_2001_0147_20031002,2003-03-20
DOC_JUDG_CJ_2001_0148_20030612,2002-12-12
DOC_JUDG_CJ_2001_0149_20030619,2002-09-12
DOC_JUDG_CJ_2001_0149_20030619,2002-03-14
DOC_JUDG_CJ_2001_0152_20031120,2003-01-23
DOC_JUDG_CJ_2001_0153_20041007,2004-05-06
DOC_JUDG_CJ_2001_0156_20030703,2002-10-24
DOC_JUDG_CJ_2001_0156_20030703,2002-09-26
DOC_JUDG_CJ_2001_0159_20040429,2003-06-12
DOC_JUDG_CJ_2001_0159_20040429,2003-01-29
DOC_JUDG_CJ_2001_0160_20030515,2002-05-02
DOC_JUDG_CJ_2001_0160_20030515,2002-07-02
DOC_JUDG_CJ_2001_0162_P_20040429,2003-09-18
DOC_JUDG_CJ_2001_0164_P_20041028,2003-11-20
DOC_JUDG_CJ_2001_0165_20030710,2003-04-10
DOC_JUDG_CJ_2001_0167_20030930,2002-11-26
DOC_JUDG_CJ_2001_0167_20030930,2003-01-30
DOC_JUDG_CJ_2001_0168_20030918,2002-07-11
DOC_JUDG_CJ_2001_0168_20030918,2002-09-24
DOC_JUDG_CJ_2001_0171_20030508,2002-12-12
DOC_JUDG_CJ_2001_0171_20030508,2002-10-24
DOC_JUDG_CJ_2001_0172_P_20031002,2003-02-06
DOC_JUDG_CJ_2001_0172_P_20031002,2003-05-08
DOC_JUDG_CJ_2001_0173_20020704,2002-05-02
DOC_JUDG_CJ_2001_0174_20021205,2002-06-25
DOC_JUDG_CJ_2001_0177_20020606,2002-03-21
DOC_JUDG_CJ_2001_0182_20040311,2002-10-03
DOC_JUDG_CJ_2001_0182_20040311,2002-11-07
DOC_JUDG_CJ_2001_0184_P_20021107,2002-04-25
DOC_JUDG_CJ_2001_0186_20030311,2002-11-28
DOC_JUDG_CJ_2001_0186_20030311,2002-04-16
DOC_JUDG_CJ_2001_0189_20010712,2001-06-20
DOC_JUDG_CJ_2001_0191_P_20031023,2003-01-21
DOC_JUDG_CJ_2001_0191_P_20031023,2003-04-10
DOC_JUDG_CJ_2001_0192_20030923,2002-10-01
DOC_JUDG_CJ_2001_0192_20030923,2002-12-12
DOC_JUDG_CJ_2001_0193_P_20030515,2002-05-30
DOC_JUDG_CJ_2001_0193_P_20030515,2002-09-26
DOC_JUDG_CJ_2001_0194_20040429,2003-05-14
DOC_JUDG_CJ_2001_0194_20040429,2003-09-25
DOC_JUDG_CJ_2001_0196_20020115,2001-12-13
DOC_JUDG_CJ_2001_0199_P_20040429,2003-07-10
DOC_JUDG_CJ_2001_0201_20030911,2002-10-03
DOC_JUDG_CJ_2001_0202_20021126,2002-06-27
DOC_JUDG_CJ_2001_0205_20030116,2002-06-11
DOC_JUDG_CJ_2001_0205_20030116,2002-09-26
DOC_JUDG_CJ_2001_0206_20021112,2002-06-13
DOC_JUDG_CJ_2001_0206_20021112,2002-05-14
DOC_JUDG_CJ_2001_0207_20030911,2003-01-16
DOC_JUDG_CJ_2001_0208_20021017,2002-05-28
DOC_JUDG_CJ_2001_0211_20030911,2003-02-05
DOC_JUDG_CJ_2001_0211_20030911,2003-03-13
DOC_JUDG_CJ_2001_0213_P_20030306,2002-11-26
DOC_JUDG_CJ_2001_0215_20031211,2003-02-27
DOC_JUDG_CJ_2001_0215_20031211,2002-09-17
DOC_JUDG_CJ_2001_0216_20031118,2002-11-19
DOC_JUDG_CJ_2001_0216_20031118,2003-05-22
DOC_JUDG_CJ_2001_0217_P_20030410,2002-09-19
DOC_JUDG_CJ_2001_0218_20040212,2003-01-14
DOC_JUDG_CJ_2001_0218_20040212,2002-11-14
DOC_JUDG_CJ_2001_0220_20030703,2002-10-17
DOC_JUDG_CJ_2001_0220_20030703,2002-09-12
DOC_JUDG_CJ_2001_0221_20020919,2002-03-14
DOC_JUDG_CJ_2001_0222_20040429,2003-06-26
DOC_JUDG_CJ_2001_0222_20040429,2003-02-06
DOC_JUDG_CJ_2001_0223_20031016,2003-01-23
DOC_JUDG_CJ_2001_0223_20031016,2002-10-10
DOC_JUDG_CJ_2001_0224_20030930,2003-04-08
DOC_JUDG_CJ_2001_0224_20030930,2002-10-08
DOC_JUDG_CJ_2001_0226_20030130,2002-10-17
DOC_JUDG_CJ_2001_0226_20030130,2002-09-19
DOC_JUDG_CJ_2001_0227_20040916,2004-03-24
DOC_JUDG_CJ_2001_0227_20040916,2004-02-19
DOC_JUDG_CJ_2001_0228_20021107,2002-07-04
DOC_JUDG_CJ_2001_0228_20021107,2002-05-29
DOC_JUDG_CJ_2001_0232_20031002,2002-10-10
DOC_JUDG_CJ_2001_0232_20031002,2002-12-05
DOC_JUDG_CJ_2001_0234_20030612,2003-03-13
DOC_JUDG_CJ_2001_0234_20030612,2003-01-09
DOC_JUDG_CJ_2001_0236_20030909,2002-09-24
DOC_JUDG_CJ_2001_0236_20030909,2003-03-13
DOC_JUDG_CJ_2001_0239_20030930,2003-06-03
DOC_JUDG_CJ_2001_0239_20030930,2003-04-08
DOC_JUDG_CJ_2001_0240_20040429,2003-05-08
DOC_JUDG_CJ_2001_0240_20040429,2003-02-27
DOC_JUDG_CJ_2001_0241_20021022,2002-07-02
DOC_JUDG_CJ_2001_0241_20021022,2002-03-19
DOC_JUDG_CJ_2001_0243_20031106,2002-10-22
DOC_JUDG_CJ_2001_0243_20031106,2003-03-13
DOC_JUDG_CJ_2001_0245_20031023,2003-05-22
DOC_JUDG_CJ_2001_0245_20031023,2003-01-29
DOC_JUDG_CJ_2001_0249_20030619,2003-01-16
DOC_JUDG_CJ_2001_0249_20030619,2003-02-25
DOC_JUDG_CJ_2001_0252_20031016,2003-04-03
DOC_JUDG_CJ_2001_0252_20031016,2003-01-30
DOC_JUDG_CJ_2001_0255_20041007,2004-04-01
DOC_JUDG_CJ_2001_0255_20041007,2004-02-11
DOC_JUDG_CJ_2001_0256_20040113,2003-01-28
DOC_JUDG_CJ_2001_0256_20040113,2003-04-02
DOC_JUDG_CJ_2001_0257_20050118,2004-04-27
DOC_JUDG_CJ_2001_0259_20021128,2002-07-11
DOC_JUDG_CJ_2001_0261_20031021,2002-12-10
DOC_JUDG_CJ_2001_0261_20031021,2003-04-10
DOC_JUDG_CJ_2001_0264_20040316,2003-05-22
DOC_JUDG_CJ_2001_0264_20040316,2003-01-14
DOC_JUDG_CJ_2001_0266_20030515,2002-12-05
DOC_JUDG_CJ_2001_0266_20030515,2002-10-17
DOC_JUDG_CJ_2001_0271_20040122,2002-11-21
DOC_JUDG_CJ_2001_0271_20040122,2002-10-17
DOC_JUDG_CJ_2001_0272_20040715,2003-10-23
DOC_JUDG_CJ_2001_0274_20020606,2002-04-25
DOC_JUDG_CJ_2001_0275_20030612,2002-10-10
DOC_JUDG_CJ_2001_0275_20030612,2002-09-18
DOC_JUDG_CJ_2001_0276_20030410,2002-09-12
DOC_JUDG_CJ_2001_0276_20030410,2002-10-22
DOC_JUDG_CJ_2001_0277_P_20030403,2002-06-20
DOC_JUDG_CJ_2001_0278_20031125,2003-06-12
DOC_JUDG_CJ_2001_0278_20031125,2003-05-06
DOC_JUDG_CJ_2001_0281_20021212,2002-06-13
DOC_JUDG_CJ_2001_0281_20021212,2002-09-12
DOC_JUDG_CJ_2001_0283_20031127,2003-04-03
DOC_JUDG_CJ_2001_0283_20031127,2003-02-27
DOC_JUDG_CJ_2001_0285_20030909,2002-09-12
DOC_JUDG_CJ_2001_0285_20030909,2003-02-11
DOC_JUDG_CJ_2001_0285_20030909,2002-11-19
DOC_JUDG_CJ_2001_0285_20030909,2002-06-26
DOC_JUDG_CJ_2001_0285_20030909,2003-01-07
DOC_JUDG_CJ_2001_0286_20020613,2002-04-23
DOC_JUDG_CJ_2001_0290_20040304,2003-02-05
DOC_JUDG_CJ_2001_0290_20040304,2003-04-10
DOC_JUDG_CJ_2001_0292_20030918,2002-11-21
DOC_JUDG_CJ_2001_0292_20030918,2002-12-12
DOC_JUDG_CJ_2001_0296_20031120,2003-05-22
DOC_JUDG_CJ_2001_0299_20020620,2002-04-18
DOC_JUDG_CJ_2001_0300_20030515,2003-01-30
DOC_JUDG_CJ_2001_0300_20030515,2002-10-24
DOC_JUDG_CJ_2001_0304_20040909,2003-11-18
DOC_JUDG_CJ_2001_0305_20030626,2003-03-06
DOC_JUDG_CJ_2001_0305_20030626,2003-01-09
DOC_JUDG_CJ_2001_0308_20040429,2003-06-19
DOC_JUDG_CJ_2001_0308_20040429,2003-09-18
DOC_JUDG_CJ_2001_0311_20031106,2003-02-27
DOC_JUDG_CJ_2001_0311_20031106,2002-12-12
DOC_JUDG_CJ_2001_0312_20020912,2002-06-06
DOC_JUDG_CJ_2001_0313_20031113,2003-01-16
DOC_JUDG_CJ_2001_0313_20031113,2003-03-20
DOC_JUDG_CJ_2001_0314_20040318,2003-09-18
DOC_JUDG_CJ_2001_0314_20040318,2003-11-20
DOC_JUDG_CJ_2001_0316_20030612,2002-12-05
DOC_JUDG_CJ_2001_0316_20030612,2002-09-19
DOC_JUDG_CJ_2001_0317_20031021,2003-05-13
DOC_JUDG_CJ_2001_0317_20031021,2003-01-14
DOC_JUDG_CJ_2001_0319_20021119,2002-07-09
DOC_JUDG_CJ_2001_0320_20030227,2002-11-21
DOC_JUDG_CJ_2001_0320_20030227,2002-10-23
DOC_JUDG_CJ_2001_0322_20031211,2003-03-11
DOC_JUDG_CJ_2001_0322_20031211,2002-12-10
DOC_JUDG_CJ_2001_0323_20020530,2002-03-14
DOC_JUDG_CJ_2001_0324_20021205,2002-09-12
DOC_JUDG_CJ_2001_0327_20021015,2002-06-20
DOC_JUDG_CJ_2001_0328_20021015,2002-06-20
DOC_JUDG_CJ_2001_0329_20040219,2003-09-10
DOC_JUDG_CJ_2001_0330_P_20040212,2003-04-03
DOC_JUDG_CJ_2001_0330_P_20040212,2003-03-13
DOC_JUDG_CJ_2001_0331_20030911,2002-12-05
DOC_JUDG_CJ_2001_0331_20030911,2003-03-20
DOC_JUDG_CJ_2001_0332_20040909,2004-01-22
DOC_JUDG_CJ_2001_0332_20040909,2003-11-13
DOC_JUDG_CJ_2001_0333_20030313,2003-01-16
DOC_JUDG_CJ_2001_0337_20040212,2003-06-12
DOC_JUDG_CJ_2001_0337_20040212,2003-02-05
DOC_JUDG_CJ_2001_0338_20040429,2003-09-09
DOC_JUDG_CJ_2001_0340_20031120,2003-06-19
DOC_JUDG_CJ_2001_0340_20031120,2003-05-15
DOC_JUDG_CJ_2001_0341_20040429,2003-09-11
DOC_JUDG_CJ_2001_0341_20040429,2003-05-22
DOC_JUDG_CJ_2001_0342_20040318,2003-04-03
DOC_JUDG_CJ_2001_0344_20040304,2003-06-05
DOC_JUDG_CJ_2001_0344_20040304,2003-09-25
DOC_JUDG_CJ_2001_0348_20021107,2002-07-11
DOC_JUDG_CJ_2001_0348_20021107,2002-06-13
DOC_JUDG_CJ_2001_0351_20020926,2002-06-06
DOC_JUDG_CJ_2001_0352_20021107,2002-09-12
DOC_JUDG_CJ_2001_0353_P_20040122,2003-07-10
DOC_JUDG_CJ_2001_0353_P_20040122,2003-02-26
DOC_JUDG_CJ_2001_0356_20031120,2003-07-10
DOC_JUDG_CJ_2001_0358_20031106,2003-05-22
DOC_JUDG_CJ_2001_0359_P_20040429,2003-07-10
DOC_JUDG_CJ_2001_0359_P_20040429,2003-10-21
DOC_JUDG_CJ_2001_0361_P_20030909,2003-03-20
DOC_JUDG_CJ_2001_0361_P_20030909,2002-11-26
DOC_JUDG_CJ_2001_0363_20031016,2002-12-05
DOC_JUDG_CJ_2001_0364_20031211,2002-10-24
DOC_JUDG_CJ_2001_0364_20031211,2002-12-12
DOC_JUDG_CJ_2001_0372_20020516,2002-03-07
DOC_JUDG_CJ_2001_0376_20020530,2002-04-30
DOC_JUDG_CJ_2001_0378_20030320,2002-12-12
DOC_JUDG_CJ_2001_0378_20030320,2002-11-14
DOC_JUDG_CJ_2001_0380_20040205,2002-12-10
DOC_JUDG_CJ_2001_0380_20040205,2002-10-23
DOC_JUDG_CJ_2001_0381_20040715,2003-11-27
DOC_JUDG_CJ_2001_0381_20040715,2003-10-16
DOC_JUDG_CJ_2001_0383_20030617,2002-11-06
DOC_JUDG_CJ_2001_0383_20030617,2003-02-27
DOC_JUDG_CJ_2001_0384_20030508,2002-10-10
DOC_JUDG_CJ_2001_0386_20020912,2002-05-30
DOC_JUDG_CJ_2001_0387_20040429,2003-07-03
DOC_JUDG_CJ_2001_0387_20040429,2003-04-10
DOC_JUDG_CJ_2001_0388_20030116,2002-10-10
DOC_JUDG_CJ_2001_0392_20021128,2002-10-10
DOC_JUDG_CJ_2001_0393_20030522,2003-01-30
DOC_JUDG_CJ_2001_0393_20030522,2002-11-21
DOC_JUDG_CJ_2001_0394_20021003,2002-06-11
DOC_JUDG_CJ_2001_0396_20040311,2003-06-26
DOC_JUDG_CJ_2001_0397_20041005,2003-05-06
DOC_JUDG_CJ_2001_0405_20030930,2003-01-21
DOC_JUDG_CJ_2001_0405_20030930,2003-06-12
DOC_JUDG_CJ_2001_0408_20031023,2003-07-10
DOC_JUDG_CJ_2001_0408_20031023,2003-04-03
DOC_JUDG_CJ_2001_0410_20030619,2003-02-25
DOC_JUDG_CJ_2001_0411_20031002,2003-03-26
DOC_JUDG_CJ_2001_0411_20031002,2002-11-27
DOC_JUDG_CJ_2001_0413_20031106,2003-02-27
DOC_JUDG_CJ_2001_0414_20021128,2002-10-10
DOC_JUDG_CJ_2001_0415_20030227,2002-11-07
DOC_JUDG_CJ_2001_0416_20031120,2003-02-26
DOC_JUDG_CJ_2001_0416_20031120,2003-05-15
DOC_JUDG_CJ_2001_0418_20040429,2003-03-06
DOC_JUDG_CJ_2001_0418_20040429,2003-10-02
DOC_JUDG_CJ_2001_0419_20030515,2003-01-30
DOC_JUDG_CJ_2001_0420_20030619,2003-02-27
DOC_JUDG_CJ_2001_0422_20030626,2003-04-03
DOC_JUDG_CJ_2001_0422_20030626,2003-01-30
DOC_JUDG_CJ_2001_0425_20030612,2002-12-05
DOC_JUDG_CJ_2001_0434_20031106,2003-07-03
DOC_JUDG_CJ_2001_0436_20030313,2003-01-14
DOC_JUDG_CJ_2001_0438_20030605,2002-11-14
DOC_JUDG_CJ_2001_0438_20030605,2002-12-12
DOC_JUDG_CJ_2001_0441_20030522,2003-01-16
DOC_JUDG_CJ_2001_0441_20030522,2002-11-28
DOC_JUDG_CJ_2001_0442_20030626,2003-02-06
DOC_JUDG_CJ_2001_0442_20030626,2003-01-15
DOC_JUDG_CJ_2001_0448_20031204,2003-02-27
DOC_JUDG_CJ_2001_0448_20031204,2003-01-23
DOC_JUDG_CJ_2001_0452_20030923,2003-04-10
DOC_JUDG_CJ_2001_0452_20030923,2003-01-07
DOC_JUDG_CJ_2001_0454_20040610,2004-01-15
DOC_JUDG_CJ_2001_0456_P_20040429,2003-10-02
DOC_JUDG_CJ_2001_0456_P_20040429,2003-11-06
DOC_JUDG_CJ_2001_0460_20050414,2004-05-27
DOC_JUDG_CJ_2001_0460_20050414,2004-07-13
DOC_JUDG_CJ_2001_0463_20041214,2004-03-02
DOC_JUDG_CJ_2001_0463_20041214,2004-05-06
DOC_JUDG_CJ_2001_0464_20050120,2004-09-16
DOC_JUDG_CJ_2001_0464_20050120,2004-06-24
DOC_JUDG_CJ_2001_0467_20030619,2003-01-14
DOC_JUDG_CJ_2001_0468_P_20040429,2003-11-06
DOC_JUDG_CJ_2001_0468_P_20040429,2003-10-02
DOC_JUDG_CJ_2001_0473_P_20040429,2003-11-06
DOC_JUDG_CJ_2001_0473_P_20040429,2003-10-02
DOC_JUDG_CJ_2001_0475_20041005,2003-09-16
DOC_JUDG_CJ_2001_0475_20041005,2004-01-15
DOC_JUDG_CJ_2001_0476_20040429,2003-10-16
DOC_JUDG_CJ_2001_0476_20040429,2003-05-08
DOC_JUDG_CJ_2001_0483_20030515,2003-01-16
DOC_JUDG_CJ_2001_0484_20030515,2003-01-16
DOC_JUDG_CJ_2001_0486_P_20040629,2004-01-20
DOC_JUDG_CJ_2001_0486_P_20040629,2003-12-09
DOC_JUDG_CJ_2001_0487_20040429,2003-06-03
DOC_JUDG_CJ_2001_0487_20040429,2003-01-09
DOC_JUDG_CJ_2001_0491_20021210,2002-07-02
DOC_JUDG_CJ_2001_0491_20021210,2002-09-10
DOC_JUDG_CJ_2001_0494_20050426,2004-07-06
DOC_JUDG_CJ_2001_0494_20050426,2004-09-23
DOC_JUDG_CJ_2001_0495_20040715,2003-11-27
DOC_JUDG_CJ_2001_0495_20040715,2003-10-16
DOC_JUDG_CJ_2001_0496_20040311,2003-06-26
DOC_JUDG_CJ_2001_0500_20040107,2003-07-10
DOC_JUDG_CJ_2001_0501_20031106,2003-03-26
DOC_JUDG_CJ_2001_0501_20031106,2003-06-26
DOC_JUDG_CJ_2001_0502_20040708,2003-12-02
DOC_JUDG_CJ_2002_0001_20040401,2003-04-09
DOC_JUDG_CJ_2002_0001_20040401,2003-07-03
DOC_JUDG_CJ_2002_0002_20031016,2003-05-08
DOC_JUDG_CJ_2002_0004_20031023,2003-03-06
DOC_JUDG_CJ_2002_0004_20031023,2003-05-22
DOC_JUDG_CJ_2002_0006_20030306,2002-12-05
DOC_JUDG_CJ_2002_0009_20040311,2003-02-13
DOC_JUDG_CJ_2002_0009_20040311,2003-03-13
DOC_JUDG_CJ_2002_0010_20041118,2004-03-25
DOC_JUDG_CJ_2002_0010_20041118,2004-04-01
DOC_JUDG_CJ_2002_0014_20030508,2002-10-03
DOC_JUDG_CJ_2002_0014_20030508,2002-12-12
DOC_JUDG_CJ_2002_0018_20040205,2003-09-18
DOC_JUDG_CJ_2002_0018_20040205,2003-05-20
DOC_JUDG_CJ_2002_0019_20041209,2004-02-12
DOC_JUDG_CJ_2002_0019_20041209,2004-04-01
DOC_JUDG_CJ_2002_0025_20030909,2002-11-12
DOC_JUDG_CJ_2002_0025_20030909,2003-02-06
DOC_JUDG_CJ_2002_0027_20050120,2004-07-08
DOC_JUDG_CJ_2002_0027_20050120,2004-05-26
DOC_JUDG_CJ_2002_0029_20030116,2002-11-05
DOC_JUDG_CJ_2002_0030_20040617,2003-11-13
DOC_JUDG_CJ_2002_0030_20040617,2003-12-11
DOC_JUDG_CJ_2002_0034_20030619,2003-01-16
DOC_JUDG_CJ_2002_0034_20030619,2003-03-06
DOC_JUDG_CJ_2002_0036_20041014,2004-03-18
DOC_JUDG_CJ_2002_0036_20041014,2004-02-04
DOC_JUDG_CJ_2002_0037_20040715,2004-01-20
DOC_JUDG_CJ_2002_0037_20040715,2003-11-20
DOC_JUDG_CJ_2002_0039_20041014,2004-07-13
DOC_JUDG_CJ_2002_0039_20041014,2004-04-01
DOC_JUDG_CJ_2002_0041_20041202,2004-07-14
DOC_JUDG_CJ_2002_0041_20041202,2004-09-14
DOC_JUDG_CJ_2002_0042_20031113,2003-04-10
DOC_JUDG_CJ_2002_0042_20031113,2003-01-23
DOC_JUDG_CJ_2002_0046_20041109,2004-06-08
DOC_JUDG_CJ_2002_0046_20041109,2004-03-30
DOC_JUDG_CJ_2002_0053_20040401,2003-09-25
DOC_JUDG_CJ_2002_0053_20040401,2003-06-26
DOC_JUDG_CJ_2002_0055_20041012,2004-03-11
DOC_JUDG_CJ_2002_0056_20030522,2003-01-23
DOC_JUDG_CJ_2002_0056_20030522,2003-02-13
DOC_JUDG_CJ_2002_0057_P_20050714,2004-10-28
DOC_JUDG_CJ_2002_0058_20040107,2003-07-10
DOC_JUDG_CJ_2002_0060_20040107,2003-06-05
DOC_JUDG_CJ_2002_0063_20030116,2002-10-15
DOC_JUDG_CJ_2002_0064_P_20041021,2004-05-05
DOC_JUDG_CJ_2002_0064_P_20041021,2004-06-17
DOC_JUDG_CJ_2002_0065_P_20050714,2004-10-28
DOC_JUDG_CJ_2002_0066_20051215,2005-09-08
DOC_JUDG_CJ_2002_0066_20051215,2005-02-03
DOC_JUDG_CJ_2002_0071_20040325,2003-04-08
DOC_JUDG_CJ_2002_0071_20040325,2003-02-26
DOC_JUDG_CJ_2002_0072_20030624,2003-03-06
DOC_JUDG_CJ_2002_0078_20031106,2003-05-15
DOC_JUDG_CJ_2002_0078_20031106,2003-03-20
DOC_JUDG_CJ_2002_0083_20030605,2003-03-06
DOC_JUDG_CJ_2002_0085_20030213,2002-12-12
DOC_JUDG_CJ_2002_0087_20040610,2004-01-08
DOC_JUDG_CJ_2002_0090_20040401,2003-09-11
DOC_JUDG_CJ_2002_0093_P_20030930,2003-05-15
DOC_JUDG_CJ_2002_0093_P_20030930,2003-03-25
DOC_JUDG_CJ_2002_0094_P_20030930,2003-03-25
DOC_JUDG_CJ_2002_0094_P_20030930,2003-05-15
DOC_JUDG_CJ_2002_0099_20040401,2003-09-18
DOC_JUDG_CJ_2002_0100_20040107,2003-05-20
DOC_JUDG_CJ_2002_0100_20040107,2003-07-10
DOC_JUDG_CJ_2002_0103_20041007,2004-05-18
DOC_JUDG_CJ_2002_0104_20050414,2004-05-27
DOC_JUDG_CJ_2002_0104_20050414,2004-07-13
DOC_JUDG_CJ_2002_0105_20061005,2005-12-08
DOC_JUDG_CJ_2002_0105_20061005,2005-05-04
DOC_JUDG_CJ_2002_0110_20040629,2003-12-11
DOC_JUDG_CJ_2002_0111_P_20040429,2003-09-18
DOC_JUDG_CJ_2002_0112_20040401,2003-09-11
DOC_JUDG_CJ_2002_0112_20040401,2003-03-13
DOC_JUDG_CJ_2002_0113_20041014,2004-05-06
DOC_JUDG_CJ_2002_0116_20031209,2003-09-09
DOC_JUDG_CJ_2002_0116_20031209,2003-05-13
DOC_JUDG_CJ_2002_0118_20040325,2003-09-10
DOC_JUDG_CJ_2002_0119_20040624,2003-12-11
DOC_JUDG_CJ_2002_0122_20030116,2002-10-10
DOC_JUDG_CJ_2002_0123_20050616,2004-05-19
DOC_JUDG_CJ_2002_0123_20050616,2004-10-28
DOC_JUDG_CJ_2002_0124_20050616,2004-10-28
DOC_JUDG_CJ_2002_0124_20050616,2004-05-19
DOC_JUDG_CJ_2002_0125_20050616,2004-05-19
DOC_JUDG_CJ_2002_0125_20050616,2004-10-28
DOC_JUDG_CJ_2002_0127_20040907,2004-01-29
DOC_JUDG_CJ_2002_0127_20040907,2003-11-18
DOC_JUDG_CJ_2002_0133_20040122,2003-02-06
DOC_JUDG_CJ_2002_0133_20040122,2003-09-11
DOC_JUDG_CJ_2002_0136_P_20041007,2004-03-16
DOC_JUDG_CJ_2002_0136_P_20041007,2004-02-05
DOC_JUDG_CJ_2002_0140_20030930,2003-06-03
DOC_JUDG_CJ_2002_0140_20030930,2003-04-08
DOC_JUDG_CJ_2002_0141_P_20050222,2004-10-21
DOC_JUDG_CJ_2002_0141_P_20050222,2004-09-07
DOC_JUDG_CJ_2002_0143_20030320,2003-01-09
DOC_JUDG_CJ_2002_0144_20040715,2003-11-27
DOC_JUDG_CJ_2002_0144_20040715,2003-10-16
DOC_JUDG_CJ_2002_0145_20050113,2003-11-27
DOC_JUDG_CJ_2002_0145_20050113,2004-03-04
DOC_JUDG_CJ_2002_0148_20031002,2003-03-11
DOC_JUDG_CJ_2002_0148_20031002,2003-05-22
DOC_JUDG_CJ_2002_0151_20030909,2003-02-25
DOC_JUDG_CJ_2002_0151_20030909,2003-04-08
DOC_JUDG_CJ_2002_0153_20031113,2003-02-13
DOC_JUDG_CJ_2002_0153_20031113,2003-04-10
DOC_JUDG_CJ_2002_0157_20040205,2003-06-05
DOC_JUDG_CJ_2002_0157_20040205,2003-09-09
DOC_JUDG_CJ_2002_0159_20040427,2003-09-09
DOC_JUDG_CJ_2002_0159_20040427,2003-11-20
DOC_JUDG_CJ_2002_0160_20040429,2003-10-23
DOC_JUDG_CJ_2002_0160_20040429,2003-11-25
DOC_JUDG_CJ_2002_0168_20040610,2003-11-20
DOC_JUDG_CJ_2002_0168_20040610,2004-01-15
DOC_JUDG_CJ_2002_0170_P_20030925,2003-05-08
DOC_JUDG_CJ_2002_0173_20041014,2004-01-22
DOC_JUDG_CJ_2002_0174_20050113,2004-03-04
DOC_JUDG_CJ_2002_0175_20050113,2004-01-22
DOC_JUDG_CJ_2002_0175_20050113,2004-03-04
DOC_JUDG_CJ_2002_0181_P_20040429,2003-11-27
DOC_JUDG_CJ_2002_0181_P_20040429,2003-07-10
DOC_JUDG_CJ_2002_0182_20031016,2003-05-06
DOC_JUDG_CJ_2002_0182_20031016,2003-04-03
DOC_JUDG_CJ_2002_0183_P_20041111,2004-05-06
DOC_JUDG_CJ_2002_0183_P_20041111,2004-03-11
DOC_JUDG_CJ_2002_0184_20040909,2004-03-30
DOC_JUDG_CJ_2002_0184_20040909,2004-02-05
DOC_JUDG_CJ_2002_0186_P_20041111,2004-05-06
DOC_JUDG_CJ_2002_0186_P_20041111,2004-03-11
DOC_JUDG_CJ_2002_0189_P_20050628,2004-07-08
DOC_JUDG_CJ_2002_0189_P_20050628,2004-03-16
DOC_JUDG_CJ_2002_0195_20040909,2003-12-04
DOC_JUDG_CJ_2002_0195_20040909,2004-03-04
DOC_JUDG_CJ_2002_0196_20050310,2004-04-29
DOC_JUDG_CJ_2002_0200_20041019,2003-11-11
DOC_JUDG_CJ_2002_0200_20041019,2004-05-18
DOC_JUDG_CJ_2002_0201_20040107,2003-09-25
DOC_JUDG_CJ_2002_0201_20040107,2003-06-12
DOC_JUDG_CJ_2002_0203_20041109,2004-06-08
DOC_JUDG_CJ_2002_0203_20041109,2004-03-30
DOC_JUDG_CJ_2002_0209_20040129,2003-11-06
DOC_JUDG_CJ_2002_0211_20030306,2002-12-10
DOC_JUDG_CJ_2002_0216_20041111,2004-01-15
DOC_JUDG_CJ_2002_0216_20041111,2003-12-04
DOC_JUDG_CJ_2002_0220_20040608,2004-02-03
DOC_JUDG_CJ_2002_0220_20040608,2004-02-12
DOC_JUDG_CJ_2002_0222_20041012,2003-09-30
DOC_JUDG_CJ_2002_0222_20041012,2003-11-25
DOC_JUDG_CJ_2002_0225_20050120,2004-10-28
DOC_JUDG_CJ_2002_0225_20050120,2004-09-15
DOC_JUDG_CJ_2002_0230_20040212,2003-09-10
DOC_JUDG_CJ_2002_0230_20040212,2003-10-16
DOC_JUDG_CJ_2002_0234_P_20040323,2003-07-03
DOC_JUDG_CJ_2002_0234_P_20040323,2003-05-13
DOC_JUDG_CJ_2002_0236_20040212,2003-09-18
DOC_JUDG_CJ_2002_0239_20040715,2003-12-11
DOC_JUDG_CJ_2002_0239_20040715,2003-11-06
DOC_JUDG_CJ_2002_0240_20040311,2003-10-23
DOC_JUDG_CJ_2002_0240_20040311,2003-06-26
DOC_JUDG_CJ_2002_0245_20041116,2004-04-27
DOC_JUDG_CJ_2002_0245_20041116,2004-06-29
DOC_JUDG_CJ_2002_0247_20041007,2004-07-01
DOC_JUDG_CJ_2002_0247_20041007,2004-05-19
DOC_JUDG_CJ_2002_0249_20041111,2004-07-01
DOC_JUDG_CJ_2002_0249_20041111,2004-09-07
DOC_JUDG_CJ_2002_0255_20060221,2004-11-23
DOC_JUDG_CJ_2002_0255_20060221,2005-04-07
DOC_JUDG_CJ_2002_0262_20040713,2004-03-11
DOC_JUDG_CJ_2002_0262_20040713,2003-11-25
DOC_JUDG_CJ_2002_0263_P_20040401,2003-05-22
DOC_JUDG_CJ_2002_0263_P_20040401,2003-07-10
DOC_JUDG_CJ_2002_0264_20040304,2003-07-03
DOC_JUDG_CJ_2002_0264_20040304,2003-09-25
DOC_JUDG_CJ_2002_0275_20040930,2004-05-25
DOC_JUDG_CJ_2002_0276_20040914,2004-04-01
DOC_JUDG_CJ_2002_0277_20041216,2004-09-23
DOC_JUDG_CJ_2002_0277_20041216,2004-05-27
DOC_JUDG_CJ_2002_0278_20040624,2003-11-04
DOC_JUDG_CJ_2002_0278_20040624,2004-01-15
DOC_JUDG_CJ_2002_0280_20040923,2004-03-25
DOC_JUDG_CJ_2002_0281_20050301,2004-05-04
DOC_JUDG_CJ_2002_0281_20050301,2004-12-14
DOC_JUDG_CJ_2002_0283_20050303,2004-09-09
DOC_JUDG_CJ_2002_0284_20041118,2004-03-11
DOC_JUDG_CJ_2002_0284_20041118,2004-04-27
DOC_JUDG_CJ_2002_0286_20040401,2003-12-04
DOC_JUDG_CJ_2002_0286_20040401,2004-01-29
DOC_JUDG_CJ_2002_0287_20050609,2005-01-20
DOC_JUDG_CJ_2002_0289_20031211,2003-06-19
DOC_JUDG_CJ_2002_0289_20031211,2003-09-18
DOC_JUDG_CJ_2002_0292_20040909,2003-11-20
DOC_JUDG_CJ_2002_0292_20040909,2004-01-15
DOC_JUDG_CJ_2002_0293_20051108,2004-09-14
DOC_JUDG_CJ_2002_0293_20051108,2005-05-03
DOC_JUDG_CJ_2002_0294_20050317,2004-07-08
DOC_JUDG_CJ_2002_0294_20050317,2004-09-23
DOC_JUDG_CJ_2002_0295_20040701,2003-12-11
DOC_JUDG_CJ_2002_0297_20040923,2004-03-18
DOC_JUDG_CJ_2002_0299_20041014,2004-05-27
DOC_JUDG_CJ_2002_0300_20050224,2004-09-16
DOC_JUDG_CJ_2002_0301_P_20050526,2005-02-17
DOC_JUDG_CJ_2002_0301_P_20050526,2004-06-22
DOC_JUDG_CJ_2002_0302_20050120,2004-05-25
DOC_JUDG_CJ_2002_0304_20050712,2004-10-05
DOC_JUDG_CJ_2002_0304_20050712,2004-11-18
DOC_JUDG_CJ_2002_0304_20050712,2004-06-16
DOC_JUDG_CJ_2002_0304_20050712,2004-03-03
DOC_JUDG_CJ_2002_0304_20050712,2004-04-29
DOC_JUDG_CJ_2002_0309_20041214,2004-05-06
DOC_JUDG_CJ_2002_0309_20041214,2004-03-02
DOC_JUDG_CJ_2002_0312_20041007,2004-06-17
DOC_JUDG_CJ_2002_0313_20041012,2004-05-18
DOC_JUDG_CJ_2002_0313_20041012,2004-03-23
DOC_JUDG_CJ_2002_0315_20040715,2004-03-25
DOC_JUDG_CJ_2002_0315_20040715,2004-01-29
DOC_JUDG_CJ_2002_0318_20050224,2004-07-15
DOC_JUDG_CJ_2002_0319_20040907,2004-02-17
DOC_JUDG_CJ_2002_0319_20040907,2004-03-18
DOC_JUDG_CJ_2002_0321_20040715,2004-03-11
DOC_JUDG_CJ_2002_0321_20040715,2004-02-12
DOC_JUDG_CJ_2002_0327_20041116,2003-12-02
DOC_JUDG_CJ_2002_0327_20041116,2004-02-19
DOC_JUDG_CJ_2002_0328_20041012,2004-07-08
DOC_JUDG_CJ_2002_0329_P_20040916,2004-03-11
DOC_JUDG_CJ_2002_0329_P_20040916,2004-01-08
DOC_JUDG_CJ_2002_0334_20040304,2003-09-10
DOC_JUDG_CJ_2002_0334_20040304,2003-10-16
DOC_JUDG_CJ_2002_0336_20041014,2004-02-17
DOC_JUDG_CJ_2002_0336_20041014,2004-01-08
DOC_JUDG_CJ_2002_0338_20041109,2004-06-08
DOC_JUDG_CJ_2002_0338_20041109,2004-03-30
DOC_JUDG_CJ_2002_0340_20041014,2004-03-11
DOC_JUDG_CJ_2002_0341_20050414,2004-04-29
DOC_JUDG_CJ_2002_0345_20040715,2004-01-29
DOC_JUDG_CJ_2002_0345_20040715,2004-03-11
DOC_JUDG_CJ_2002_0346_20040907,2004-03-30
DOC_JUDG_CJ_2002_0346_20040907,2004-02-10
DOC_JUDG_CJ_2002_0347_20040907,2004-03-30
DOC_JUDG_CJ_2002_0347_20040907,2004-02-10
DOC_JUDG_CJ_2002_0350_20040624,2003-11-13
DOC_JUDG_CJ_2002_0350_20040624,2004-01-29
DOC_JUDG_CJ_2002_0361_20040701,2004-02-11
DOC_JUDG_CJ_2002_0361_20040701,2004-02-19
DOC_JUDG_CJ_2002_0366_20040916,2004-05-27
DOC_JUDG_CJ_2002_0371_20040429,2003-09-10
DOC_JUDG_CJ_2002_0371_20040429,2003-11-13
DOC_JUDG_CJ_2002_0372_20041111,2004-03-25
DOC_JUDG_CJ_2002_0373_20040428,2004-02-12
DOC_JUDG_CJ_2002_0376_20050426,2004-10-26
DOC_JUDG_CJ_2002_0376_20050426,2004-12-16
DOC_JUDG_CJ_2002_0377_20050301,2004-11-18
DOC_JUDG_CJ_2002_0377_20050301,2004-09-21
DOC_JUDG_CJ_2002_0378_20050602,2004-11-18
DOC_JUDG_CJ_2002_0378_20050602,2004-09-23
DOC_JUDG_CJ_2002_0379_20041007,2004-07-15
DOC_JUDG_CJ_2002_0382_20040916,2004-03-04
DOC_JUDG_CJ_2002_0382_20040916,2004-03-25
DOC_JUDG_CJ_2002_0384_20051122,2004-05-25
DOC_JUDG_CJ_2002_0384_20051122,2004-03-24
DOC_JUDG_CJ_2002_0385_20040914,2004-04-29
DOC_JUDG_CJ_2002_0385_20040914,2004-03-10
DOC_JUDG_CJ_2002_0386_20040916,2003-11-13
DOC_JUDG_CJ_2002_0386_20040916,2003-12-11
DOC_JUDG_CJ_2002_0387_20050503,2004-07-13
DOC_JUDG_CJ_2002_0387_20050503,2004-10-14
DOC_JUDG_CJ_2002_0392_20051115,2005-03-10
DOC_JUDG_CJ_2002_0392_20051115,2005-01-11
DOC_JUDG_CJ_2002_0394_20050602,2005-02-24
DOC_JUDG_CJ_2002_0394_20050602,2004-12-08
DOC_JUDG_CJ_2002_0396_20040916,2004-01-15
DOC_JUDG_CJ_2002_0397_20040909,2004-02-12
DOC_JUDG_CJ_2002_0397_20040909,2003-12-11
DOC_JUDG_CJ_2002_0400_20040916,2004-01-15
DOC_JUDG_CJ_2002_0400_20040916,2004-02-05
DOC_JUDG_CJ_2002_0409_P_20041014,2004-03-18
DOC_JUDG_CJ_2002_0409_P_20041014,2004-07-08
DOC_JUDG_CJ_2002_0411_20040914,2004-03-16
DOC_JUDG_CJ_2002_0411_20040914,2004-02-12
DOC_JUDG_CJ_2002_0414_20040923,2004-05-06
DOC_JUDG_CJ_2002_0415_20040715,2004-01-15
DOC_JUDG_CJ_2002_0416_20050908,2005-05-12
DOC_JUDG_CJ_2002_0416_20050908,2004-12-15
DOC_JUDG_CJ_2002_0417_20040909,2004-03-30
DOC_JUDG_CJ_2002_0417_20040909,2004-03-04
DOC_JUDG_CJ_2002_0418_20050707,2004-07-01
DOC_JUDG_CJ_2002_0418_20050707,2005-01-13
DOC_JUDG_CJ_2002_0419_20060221,2005-04-07
DOC_JUDG_CJ_2002_0419_20060221,2004-11-23
DOC_JUDG_CJ_2002_0420_20041118,2004-07-15
DOC_JUDG_CJ_2002_0420_20041118,2004-06-24
DOC_JUDG_CJ_2002_0422_P_20050127,2004-04-29
DOC_JUDG_CJ_2002_0424_20040715,2004-04-01
DOC_JUDG_CJ_2002_0424_20040715,2004-03-04
DOC_JUDG_CJ_2002_0425_20041111,2004-06-17
DOC_JUDG_CJ_2002_0425_20041111,2004-05-06
DOC_JUDG_CJ_2002_0428_20050303,2004-10-14
DOC_JUDG_CJ_2002_0428_20050303,2004-09-23
DOC_JUDG_CJ_2002_0429_20040713,2003-11-25
DOC_JUDG_CJ_2002_0429_20040713,2004-03-11
DOC_JUDG_CJ_2002_0434_20041214,2004-09-07
DOC_JUDG_CJ_2002_0434_20041214,2004-06-08
DOC_JUDG_CJ_2002_0438_20050531,2004-01-20
DOC_JUDG_CJ_2002_0438_20050531,2004-05-25
DOC_JUDG_CJ_2002_0441_20060427,2005-06-02
DOC_JUDG_CJ_2002_0442_20041005,2003-11-19
DOC_JUDG_CJ_2002_0442_20041005,2004-03-25
DOC_JUDG_CJ_2002_0443_20040715,2004-02-12
DOC_JUDG_CJ_2002_0444_20041109,2004-06-08
DOC_JUDG_CJ_2002_0444_20041109,2004-03-30
DOC_JUDG_CJ_2002_0447_P_20041021,2004-03-04
DOC_JUDG_CJ_2002_0447_P_20041021,2004-05-19
DOC_JUDG_CJ_2002_0448_20050120,2004-10-28
DOC_JUDG_CJ_2002_0453_20050217,2004-07-08
DOC_JUDG_CJ_2002_0453_20050217,2004-05-26
DOC_JUDG_CJ_2002_0456_20040907,2004-02-19
DOC_JUDG_CJ_2002_0456_20040907,2004-01-06
DOC_JUDG_CJ_2002_0457_20041111,2004-06-10
DOC_JUDG_CJ_2002_0457_20041111,2004-05-06
DOC_JUDG_CJ_2002_0460_20041209,2004-03-25
DOC_JUDG_CJ_2002_0460_20041209,2004-09-09
DOC_JUDG_CJ_2002_0463_20040715,2003-11-27
DOC_JUDG_CJ_2002_0463_20040715,2003-10-16
DOC_JUDG_CJ_2002_0464_20050915,2005-01-20
DOC_JUDG_CJ_2002_0464_20050915,2004-11-24
DOC_JUDG_CJ_2002_0465_20051025,2005-05-10
DOC_JUDG_CJ_2002_0465_20051025,2005-02-15
DOC_JUDG_CJ_2002_0467_20041111,2004-03-17
DOC_JUDG_CJ_2002_0467_20041111,2004-06-10
DOC_JUDG_CJ_2002_0472_20041019,2004-07-15
DOC_JUDG_CJ_2002_0472_20041019,2004-06-10
DOC_JUDG_CJ_2003_0001_20040907,2004-01-29
DOC_JUDG_CJ_2003_0004_20060713,2004-07-14
DOC_JUDG_CJ_2003_0004_20060713,2004-09-16
DOC_JUDG_CJ_2003_0005_20050707,2004-10-14
DOC_JUDG_CJ_2003_0005_20050707,2004-09-15
DOC_JUDG_CJ_2003_0006_20050414,2004-09-15
DOC_JUDG_CJ_2003_0006_20050414,2004-11-30
DOC_JUDG_CJ_2003_0008_20041021,2004-03-11
DOC_JUDG_CJ_2003_0008_20041021,2004-05-18
DOC_JUDG_CJ_2003_0012_P_20050215,2004-01-27
DOC_JUDG_CJ_2003_0012_P_20050215,2004-05-25
DOC_JUDG_CJ_2003_0013_P_20050215,2004-05-25
DOC_JUDG_CJ_2003_0013_P_20050215,2004-01-27
DOC_JUDG_CJ_2003_0015_20050127,2004-09-16
DOC_JUDG_CJ_2003_0015_20050127,2004-10-28
DOC_JUDG_CJ_2003_0016_20041130,2004-05-27
DOC_JUDG_CJ_2003_0016_20041130,2004-03-24
DOC_JUDG_CJ_2003_0017_20050607,2004-06-29
DOC_JUDG_CJ_2003_0017_20050607,2004-10-28
DOC_JUDG_CJ_2003_0019_20040914,2004-03-25
DOC_JUDG_CJ_2003_0019_20040914,2004-01-13
DOC_JUDG_CJ_2003_0020_20050526,2004-04-29
DOC_JUDG_CJ_2003_0020_20050526,2004-12-16
DOC_JUDG_CJ_2003_0021_20050303,2004-11-11
DOC_JUDG_CJ_2003_0022_20050310,2004-11-09
DOC_JUDG_CJ_2003_0022_20050310,2004-09-30
DOC_JUDG_CJ_2003_0025_20050421,2004-11-11
DOC_JUDG_CJ_2003_0025_20050421,2004-09-23
DOC_JUDG_CJ_2003_0026_20050111,2004-09-23
DOC_JUDG_CJ_2003_0028_20040916,2004-05-06
DOC_JUDG_CJ_2003_0028_20040916,2004-06-10
DOC_JUDG_CJ_2003_0031_20041019,2004-04-29
DOC_JUDG_CJ_2003_0032_20050303,2004-10-28
DOC_JUDG_CJ_2003_0032_20050303,2004-09-15
DOC_JUDG_CJ_2003_0033_20050310,2004-11-11
DOC_JUDG_CJ_2003_0033_20050310,2004-12-14
DOC_JUDG_CJ_2003_0037_P_20050915,2005-06-02
DOC_JUDG_CJ_2003_0037_P_20050915,2005-01-13
DOC_JUDG_CJ_2003_0039_P_20030724,2003-06-10
DOC_JUDG_CJ_2003_0040_P_20050714,2004-12-16
DOC_JUDG_CJ_2003_0040_P_20050714,2005-02-17
DOC_JUDG_CJ_2003_0041_P_20050714,2005-02-17
DOC_JUDG_CJ_2003_0041_P_20050714,2004-12-16
DOC_JUDG_CJ_2003_0046_20051201,2005-06-09
DOC_JUDG_CJ_2003_0046_20051201,2005-04-28
DOC_JUDG_CJ_2003_0053_20050531,2004-05-18
DOC_JUDG_CJ_2003_0053_20050531,2004-10-28
DOC_JUDG_CJ_2003_0061_20050412,2004-12-02
DOC_JUDG_CJ_2003_0061_20050412,2004-10-12
DOC_JUDG_CJ_2003_0062_20041216,2004-07-15
DOC_JUDG_CJ_2003_0070_20040909,2004-04-29
DOC_JUDG_CJ_2003_0072_20040909,2004-05-06
DOC_JUDG_CJ_2003_0072_20040909,2004-03-17
DOC_JUDG_CJ_2003_0074_20050120,2004-09-16
DOC_JUDG_CJ_2003_0074_20050120,2004-05-25
DOC_JUDG_CJ_2003_0078_P_20051213,2005-02-24
DOC_JUDG_CJ_2003_0079_20041209,2004-09-09
DOC_JUDG_CJ_2003_0082_20040713,2004-04-01
DOC_JUDG_CJ_2003_0086_20051215,2005-06-16
DOC_JUDG_CJ_2003_0086_20051215,2005-04-28
DOC_JUDG_CJ_2003_0087_20060330,2005-05-04
DOC_JUDG_CJ_2003_0088_20060906,2005-10-20
DOC_JUDG_CJ_2003_0088_20060906,2005-09-06
DOC_JUDG_CJ_2003_0091_20050317,2004-11-11
DOC_JUDG_CJ_2003_0091_20050317,2005-01-13
DOC_JUDG_CJ_2003_0092_20050127,2004-10-28
DOC_JUDG_CJ_2003_0094_20060110,2005-05-26
DOC_JUDG_CJ_2003_0094_20060110,2005-04-07
DOC_JUDG_CJ_2003_0096_20050310,2004-09-30
DOC_JUDG_CJ_2003_0096_20050310,2004-12-02
DOC_JUDG_CJ_2003_0098_20060110,2005-11-24
DOC_JUDG_CJ_2003_0098_20060110,2005-07-14
DOC_JUDG_CJ_2003_0104_20050428,2004-09-09
DOC_JUDG_CJ_2003_0104_20050428,2004-07-14
DOC_JUDG_CJ_2003_0105_20050616,2004-10-26
DOC_JUDG_CJ_2003_0105_20050616,2004-11-11
DOC_JUDG_CJ_2003_0106_P_20041012,2004-07-15
DOC_JUDG_CJ_2003_0109_20041125,2004-05-19
DOC_JUDG_CJ_2003_0109_20041125,2004-07-14
DOC_JUDG_CJ_2003_0110_20050414,2004-12-16
DOC_JUDG_CJ_2003_0110_20050414,2004-09-29
DOC_JUDG_CJ_2003_0111_20051020,2005-05-12
DOC_JUDG_CJ_2003_0112_20050512,2004-12-16
DOC_JUDG_CJ_2003_0112_20050512,2004-10-27
DOC_JUDG_CJ_2003_0117_20050113,2004-07-08
DOC_JUDG_CJ_2003_0117_20050113,2004-06-09
DOC_JUDG_CJ_2003_0121_20050908,2004-12-15
DOC_JUDG_CJ_2003_0121_20050908,2005-05-26
DOC_JUDG_CJ_2003_0123_P_20041209,2004-04-01
DOC_JUDG_CJ_2003_0123_P_20041209,2004-05-06
DOC_JUDG_CJ_2003_0124_20041028,2004-06-24
DOC_JUDG_CJ_2003_0124_20041028,2004-07-15
DOC_JUDG_CJ_2003_0126_20041118,2004-06-24
DOC_JUDG_CJ_2003_0126_20041118,2004-05-26
DOC_JUDG_CJ_2003_0128_20050414,2004-09-08
DOC_JUDG_CJ_2003_0128_20050414,2004-10-28
DOC_JUDG_CJ_2003_0131_P_20060912,2006-01-24
DOC_JUDG_CJ_2003_0131_P_20060912,2006-04-06
DOC_JUDG_CJ_2003_0132_20050526,2005-03-03
DOC_JUDG_CJ_2003_0132_20050526,2004-06-09
DOC_JUDG_CJ_2003_0134_20050217,2004-09-09
DOC_JUDG_CJ_2003_0134_20050217,2004-10-28
DOC_JUDG_CJ_2003_0135_20050714,2005-03-03
DOC_JUDG_CJ_2003_0135_20050714,2005-03-17
DOC_JUDG_CJ_2003_0136_20050602,2004-10-21
DOC_JUDG_CJ_2003_0136_20050602,2004-09-08
DOC_JUDG_CJ_2003_0138_20051124,2005-06-16
DOC_JUDG_CJ_2003_0138_20051124,2005-04-21
DOC_JUDG_CJ_2003_0140_20050421,2004-09-23
DOC_JUDG_CJ_2003_0140_20050421,2004-12-07
DOC_JUDG_CJ_2003_0145_20050412,2004-11-09
DOC_JUDG_CJ_2003_0145_20050412,2005-01-13
DOC_JUDG_CJ_2003_0147_20050707,2004-11-25
DOC_JUDG_CJ_2003_0147_20050707,2005-01-20
DOC_JUDG_CJ_2003_0150_P_20040923,2004-02-11
DOC_JUDG_CJ_2003_0150_P_20040923,2004-03-11
DOC_JUDG_CJ_2003_0152_20060221,2005-03-01
DOC_JUDG_CJ_2003_0152_20060221,2004-10-12
DOC_JUDG_CJ_2003_0153_20050707,2004-07-15
DOC_JUDG_CJ_2003_0153_20050707,2004-06-24
DOC_JUDG_CJ_2003_0157_20050414,2004-11-09
DOC_JUDG_CJ_2003_0158_20051027,2005-01-19
DOC_JUDG_CJ_2003_0160_20050315,2004-10-06
DOC_JUDG_CJ_2003_0160_20050315,2004-12-16
DOC_JUDG_CJ_2003_0165_20050630,2005-01-18
DOC_JUDG_CJ_2003_0165_20050630,2004-11-25
DOC_JUDG_CJ_2003_0168_20040914,2004-03-30
DOC_JUDG_CJ_2003_0170_20050317,2004-05-19
DOC_JUDG_CJ_2003_0170_20050317,2004-03-18
DOC_JUDG_CJ_2003_0171_20041111,2004-06-08
DOC_JUDG_CJ_2003_0172_20050303,2004-09-30
DOC_JUDG_CJ_2003_0172_20050303,2004-10-28
DOC_JUDG_CJ_2003_0173_20060613,2004-12-07
DOC_JUDG_CJ_2003_0173_20060613,2005-10-11
DOC_JUDG_CJ_2003_0175_20051027,2005-07-14
DOC_JUDG_CJ_2003_0176_20050913,2005-04-05
DOC_JUDG_CJ_2003_0176_20050913,2005-05-26
DOC_JUDG_CJ_2003_0177_20041209,2004-07-01
DOC_JUDG_CJ_2003_0178_20060110,2005-05-26
DOC_JUDG_CJ_2003_0178_20060110,2005-04-07
DOC_JUDG_CJ_2003_0181_P_20050113,2004-05-06
DOC_JUDG_CJ_2003_0181_P_20050113,2004-06-29
DOC_JUDG_CJ_2003_0182_20060622,2005-09-14
DOC_JUDG_CJ_2003_0182_20060622,2006-02-09
DOC_JUDG_CJ_2003_0188_20050127,2004-09-30
DOC_JUDG_CJ_2003_0188_20050127,2004-07-15
DOC_JUDG_CJ_2003_0189_20041007,2004-06-22
DOC_JUDG_CJ_2003_0189_20041007,2004-05-05
DOC_JUDG_CJ_2003_0191_20050908,2004-12-02
DOC_JUDG_CJ_2003_0191_20050908,2004-06-17
DOC_JUDG_CJ_2003_0195_20050303,2004-09-30
DOC_JUDG_CJ_2003_0198_P_20050712,2004-07-06
DOC_JUDG_CJ_2003_0198_P_20050712,2004-09-23
DOC_JUDG_CJ_2003_0199_20050915,2005-01-13
DOC_JUDG_CJ_2003_0199_20050915,2005-02-24
DOC_JUDG_CJ_2003_0203_20050201,2004-07-08
DOC_JUDG_CJ_2003_0204_20051006,2005-03-10
DOC_JUDG_CJ_2003_0205_P_20060711,2005-09-13
DOC_JUDG_CJ_2003_0205_P_20060711,2005-11-10
DOC_JUDG_CJ_2003_0207_20050421,2004-09-07
DOC_JUDG_CJ_2003_0207_20050421,2004-07-08
DOC_JUDG_CJ_2003_0208_P_20050707,2005-01-27
DOC_JUDG_CJ_2003_0209_20050315,2004-09-28
DOC_JUDG_CJ_2003_0209_20050315,2004-11-11
DOC_JUDG_CJ_2003_0211_20050609,2005-02-03
DOC_JUDG_CJ_2003_0211_20050609,2004-12-09
DOC_JUDG_CJ_2003_0212_20050526,2004-09-09
DOC_JUDG_CJ_2003_0212_20050526,2004-10-21
DOC_JUDG_CJ_2003_0213_20040715,2004-03-10
DOC_JUDG_CJ_2003_0220_20051208,2005-06-09
DOC_JUDG_CJ_2003_0220_20051208,2005-09-13
DOC_JUDG_CJ_2003_0221_20050922,2005-03-03
DOC_JUDG_CJ_2003_0221_20050922,2005-01-12
DOC_JUDG_CJ_2003_0223_20060221,2004-11-23
DOC_JUDG_CJ_2003_0223_20060221,2005-04-07
DOC_JUDG_CJ_2003_0226_P_20041202,2004-09-07
DOC_JUDG_CJ_2003_0226_P_20041202,2004-06-10
DOC_JUDG_CJ_2003_0227_20050707,2005-02-24
DOC_JUDG_CJ_2003_0227_20050707,2004-12-09
DOC_JUDG_CJ_2003_0228_20050317,2004-12-09
DOC_JUDG_CJ_2003_0228_20050317,2004-10-21
DOC_JUDG_CJ_2003_0230_20060110,2005-06-30
DOC_JUDG_CJ_2003_0230_20060110,2005-09-06
DOC_JUDG_CJ_2003_0231_20050721,2005-04-12
DOC_JUDG_CJ_2003_0231_20050721,2005-03-01
DOC_JUDG_CJ_2003_0232_20060223,2005-09-29
DOC_JUDG_CJ_2003_0234_20051027,2005-01-19
DOC_JUDG_CJ_2003_0240_P_20060119,2005-03-03
DOC_JUDG_CJ_2003_0243_20051006,2005-03-10
DOC_JUDG_CJ_2003_0244_20050524,2005-01-18
DOC_JUDG_CJ_2003_0244_20050524,2005-03-17
DOC_JUDG_CJ_2003_0245_20050120,2004-07-14
DOC_JUDG_CJ_2003_0245_20050120,2004-09-30
DOC_JUDG_CJ_2003_0253_20060223,2005-04-14
DOC_JUDG_CJ_2003_0253_20060223,2004-09-29
DOC_JUDG_CJ_2003_0264_20051020,2004-11-24
DOC_JUDG_CJ_2003_0264_20051020,2004-10-07
DOC_JUDG_CJ_2003_0266_20050602,2004-11-25
DOC_JUDG_CJ_2003_0267_20050421,2004-10-07
DOC_JUDG_CJ_2003_0267_20050421,2004-12-16
DOC_JUDG_CJ_2003_0269_20040909,2004-03-25
DOC_JUDG_CJ_2003_0270_20050609,2005-02-22
DOC_JUDG_CJ_2003_0270_20050609,2005-04-14
DOC_JUDG_CJ_2003_0276_P_20051006,2005-04-14
DOC_JUDG_CJ_2003_0276_P_20051006,2005-02-03
DOC_JUDG_CJ_2003_0281_20050915,2005-01-27
DOC_JUDG_CJ_2003_0281_20050915,2005-03-17
DOC_JUDG_CJ_2003_0283_20050526,2004-10-28
DOC_JUDG_CJ_2003_0283_20050526,2004-12-16
DOC_JUDG_CJ_2003_0284_20041118,2004-05-04
DOC_JUDG_CJ_2003_0284_20041118,2004-04-01
DOC_JUDG_CJ_2003_0285_20050317,2004-10-28
DOC_JUDG_CJ_2003_0286_20060221,2005-05-31
DOC_JUDG_CJ_2003_0286_20060221,2005-10-20
DOC_JUDG_CJ_2003_0287_20050512,2004-12-15
DOC_JUDG_CJ_2003_0287_20050512,2005-03-10
DOC_JUDG_CJ_2003_0291_20051006,2004-11-25
DOC_JUDG_CJ_2003_0291_20051006,2005-05-12
DOC_JUDG_CJ_2003_0293_20041216,2004-06-17
DOC_JUDG_CJ_2003_0293_20041216,2004-09-09
DOC_JUDG_CJ_2003_0295_P_20050630,2005-04-12
DOC_JUDG_CJ_2003_0295_P_20050630,2005-02-24
DOC_JUDG_CJ_2003_0296_20050120,2004-09-30
DOC_JUDG_CJ_2003_0296_20050120,2004-07-14
DOC_JUDG_CJ_2003_0301_20051201,2005-06-16
DOC_JUDG_CJ_2003_0301_20051201,2005-09-15
DOC_JUDG_CJ_2003_0305_20060209,2004-12-16
DOC_JUDG_CJ_2003_0305_20060209,2005-02-24
DOC_JUDG_CJ_2003_0306_20050120,2004-10-28
DOC_JUDG_CJ_2003_0306_20050120,2004-09-15
DOC_JUDG_CJ_2003_0319_20040930,2004-06-29
DOC_JUDG_CJ_2003_0320_20051115,2005-07-14
DOC_JUDG_CJ_2003_0320_20051115,2005-05-24
DOC_JUDG_CJ_2003_0321_20070125,2006-09-14
DOC_JUDG_CJ_2003_0321_20070125,2006-04-25
DOC_JUDG_CJ_2003_0323_20060309,2005-11-10
DOC_JUDG_CJ_2003_0323_20060309,2005-09-15
DOC_JUDG_CJ_2003_0327_20051020,2004-11-11
DOC_JUDG_CJ_2003_0327_20051020,2004-12-09
DOC_JUDG_CJ_2003_0329_20051027,2005-04-14
DOC_JUDG_CJ_2003_0329_20051027,2005-02-03
DOC_JUDG_CJ_2003_0330_20060119,2005-06-30
DOC_JUDG_CJ_2003_0334_20051020,2005-06-02
DOC_JUDG_CJ_2003_0335_20050414,2004-10-14
DOC_JUDG_CJ_2003_0335_20050414,2004-11-18
DOC_JUDG_CJ_2003_0336_20050310,2004-09-29
DOC_JUDG_CJ_2003_0336_20050310,2004-11-11
DOC_JUDG_CJ_2003_0342_20050310,2004-12-02
DOC_JUDG_CJ_2003_0344_20051215,2005-09-22
DOC_JUDG_CJ_2003_0346_20060223,2005-02-16
DOC_JUDG_CJ_2003_0346_20060223,2005-04-28
DOC_JUDG_CJ_2003_0347_20050512,2004-10-14
DOC_JUDG_CJ_2003_0347_20050512,2004-12-16
DOC_JUDG_CJ_2003_0349_20050721,2005-03-10
DOC_JUDG_CJ_2003_0350_20051025,2004-06-15
DOC_JUDG_CJ_2003_0350_20051025,2004-09-28
DOC_JUDG_CJ_2003_0353_20050707,2005-01-27
DOC_JUDG_CJ_2003_0353_20050707,2005-01-20
DOC_JUDG_CJ_2003_0354_20060112,2004-12-08
DOC_JUDG_CJ_2003_0354_20060112,2005-02-16
DOC_JUDG_CJ_2003_0356_20050113,2004-09-09
DOC_JUDG_CJ_2003_0364_20050707,2005-03-10
DOC_JUDG_CJ_2003_0370_20050721,2005-04-07
DOC_JUDG_CJ_2003_0371_20060309,2005-10-12
DOC_JUDG_CJ_2003_0371_20060309,2005-11-17
DOC_JUDG_CJ_2003_0372_20050915,2005-05-12
DOC_JUDG_CJ_2003_0374_20050707,2004-10-21
DOC_JUDG_CJ_2003_0374_20050707,2004-12-02
DOC_JUDG_CJ_2003_0376_20050705,2004-09-14
DOC_JUDG_CJ_2003_0376_20050705,2004-10-26
DOC_JUDG_CJ_2003_0377_20061005,2006-01-26
DOC_JUDG_CJ_2003_0377_20061005,2005-05-04
DOC_JUDG_CJ_2003_0378_20061005,2006-01-26
DOC_JUDG_CJ_2003_0378_20061005,2005-05-04
DOC_JUDG_CJ_2003_0380_20061212,2005-12-06
DOC_JUDG_CJ_2003_0380_20061212,2006-06-13
DOC_JUDG_CJ_2003_0385_20050414,2005-01-20
DOC_JUDG_CJ_2003_0385_20050414,2004-11-25
DOC_JUDG_CJ_2003_0386_20050714,2005-05-26
DOC_JUDG_CJ_2003_0386_20050714,2005-02-17
DOC_JUDG_CJ_2003_0387_20051027,2005-06-29
DOC_JUDG_CJ_2003_0397_P_20060518,2005-06-07
DOC_JUDG_CJ_2003_0397_P_20060518,2004-11-18
DOC_JUDG_CJ_2003_0398_20041202,2004-09-23
DOC_JUDG_CJ_2003_0398_20041202,2004-09-16
DOC_JUDG_CJ_2003_0399_20060622,2006-02-09
DOC_JUDG_CJ_2003_0399_20060622,2005-09-14
DOC_JUDG_CJ_2003_0402_20060110,2005-01-20
DOC_JUDG_CJ_2003_0402_20060110,2004-11-17
DOC_JUDG_CJ_2003_0403_20050712,2005-01-27
DOC_JUDG_CJ_2003_0405_20051018,2005-03-15
DOC_JUDG_CJ_2003_0405_20051018,2005-05-26
DOC_JUDG_CJ_2003_0408_20060323,2005-09-20
DOC_JUDG_CJ_2003_0408_20060323,2005-10-25
DOC_JUDG_CJ_2003_0409_20050526,2004-11-18
DOC_JUDG_CJ_2003_0409_20050526,2005-02-03
DOC_JUDG_CJ_2003_0411_20051213,2005-07-07
DOC_JUDG_CJ_2003_0411_20051213,2005-05-10
DOC_JUDG_CJ_2003_0412_20050120,2004-10-21
DOC_JUDG_CJ_2003_0412_20050120,2004-11-23
DOC_JUDG_CJ_2003_0415_20050512,2004-12-08
DOC_JUDG_CJ_2003_0415_20050512,2005-02-01
DOC_JUDG_CJ_2003_0432_20051110,2005-06-09
DOC_JUDG_CJ_2003_0432_20051110,2005-09-08
DOC_JUDG_CJ_2003_0433_20050714,2005-03-10
DOC_JUDG_CJ_2003_0434_20050714,2005-01-20
DOC_JUDG_CJ_2003_0434_20050714,2004-11-16
DOC_JUDG_CJ_2003_0435_20050714,2005-05-25
DOC_JUDG_CJ_2003_0436_20060502,2005-07-12
DOC_JUDG_CJ_2003_0437_20051027,2005-03-17
DOC_JUDG_CJ_2003_0441_20050414,2005-02-03
DOC_JUDG_CJ_2003_0442_P_20060601,2006-02-09
DOC_JUDG_CJ_2003_0442_P_20060601,2005-09-22
DOC_JUDG_CJ_2003_0443_20051108,2005-04-12
DOC_JUDG_CJ_2003_0443_20051108,2005-06-28
DOC_JUDG_CJ_2003_0444_20050512,2004-11-11
DOC_JUDG_CJ_2003_0444_20050512,2005-01-27
DOC_JUDG_CJ_2003_0445_20041021,2004-07-15
DOC_JUDG_CJ_2003_0446_20051213,2005-04-07
DOC_JUDG_CJ_2003_0446_20051213,2005-02-01
DOC_JUDG_CJ_2003_0451_20060330,2005-05-25
DOC_JUDG_CJ_2003_0451_20060330,2005-06-28
DOC_JUDG_CJ_2003_0452_20050512,2005-01-27
DOC_JUDG_CJ_2003_0452_20050512,2004-11-24
DOC_JUDG_CJ_2003_0453_20051206,2004-11-30
DOC_JUDG_CJ_2003_0456_20050616,2005-03-10
DOC_JUDG_CJ_2003_0458_20051013,2005-01-13
DOC_JUDG_CJ_2003_0458_20051013,2005-03-01
DOC_JUDG_CJ_2003_0459_20060530,2005-11-08
DOC_JUDG_CJ_2003_0459_20060530,2006-01-18
DOC_JUDG_CJ_2003_0461_20051206,2005-06-30
DOC_JUDG_CJ_2003_0465_20050526,2005-02-24
DOC_JUDG_CJ_2003_0465_20050526,2004-12-15
DOC_JUDG_CJ_2003_0466_20070628,2005-06-16
DOC_JUDG_CJ_2003_0466_20070628,2007-03-08
DOC_JUDG_CJ_2003_0466_20070628,2006-11-09
DOC_JUDG_CJ_2003_0467_20050317,2004-12-09
DOC_JUDG_CJ_2003_0467_20050317,2005-01-20
DOC_JUDG_CJ_2003_0468_20051020,2005-04-14
DOC_JUDG_CJ_2003_0468_20051020,2005-05-25
DOC_JUDG_CJ_2003_0469_20050310,2004-12-15
DOC_JUDG_CJ_2003_0470_20070417,2005-11-17
DOC_JUDG_CJ_2003_0470_20070417,2005-04-19
DOC_JUDG_CJ_2003_0472_20050303,2004-11-11
DOC_JUDG_CJ_2003_0472_20050303,2005-01-12
DOC_JUDG_CJ_2003_0478_20050526,2005-01-27
DOC_JUDG_CJ_2003_0478_20050526,2004-12-02
DOC_JUDG_CJ_2003_0485_20061214,2006-05-11
DOC_JUDG_CJ_2003_0491_20050310,2005-01-11
DOC_JUDG_CJ_2003_0491_20050310,2004-12-02
DOC_JUDG_CJ_2003_0494_20060112,2005-05-26
DOC_JUDG_CJ_2003_0494_20060112,2005-07-14
DOC_JUDG_CJ_2003_0495_20050915,2005-04-12
DOC_JUDG_CJ_2003_0498_20050526,2005-01-27
DOC_JUDG_CJ_2003_0498_20050526,2005-02-22
DOC_JUDG_CJ_2003_0499_P_20050303,2004-09-16
DOC_JUDG_CJ_2003_0499_P_20050303,2004-10-14
DOC_JUDG_CJ_2003_0503_20060131,2005-03-10
DOC_JUDG_CJ_2003_0506_20051124,2005-06-29
DOC_JUDG_CJ_2003_0507_20071113,2006-04-04
DOC_JUDG_CJ_2003_0507_20071113,2006-09-14
DOC_JUDG_CJ_2003_0508_20060504,2005-06-22
DOC_JUDG_CJ_2003_0511_20051020,2005-02-17
DOC_JUDG_CJ_2003_0511_20051020,2004-12-02
DOC_JUDG_CJ_2003_0512_20050908,2005-03-17
DOC_JUDG_CJ_2003_0512_20050908,2005-05-12
DOC_JUDG_CJ_2003_0513_20060223,2005-06-30
DOC_JUDG_CJ_2003_0513_20060223,2005-05-12
DOC_JUDG_CJ_2003_0514_20060126,2005-07-07
DOC_JUDG_CJ_2003_0515_20050721,2005-03-17
DOC_JUDG_CJ_2003_0515_20050721,2005-05-25
DOC_JUDG_CJ_2003_0519_20050414,2004-11-24
DOC_JUDG_CJ_2003_0519_20050414,2005-01-18
DOC_JUDG_CJ_2003_0522_20051013,2005-03-17
DOC_JUDG_CJ_2003_0525_20051027,2005-06-02
DOC_JUDG_CJ_2003_0525_20051027,2005-04-06
DOC_JUDG_CJ_2003_0532_20071218,2006-09-14
DOC_JUDG_CJ_2003_0532_20071218,2006-04-04
DOC_JUDG_CJ_2003_0533_20060126,2005-06-02
DOC_JUDG_CJ_2003_0535_20060323,2005-03-17
DOC_JUDG_CJ_2003_0536_20050526,2004-12-16
DOC_JUDG_CJ_2003_0537_20050630,2005-03-10
DOC_JUDG_CJ_2003_0537_20050630,2005-01-19
DOC_JUDG_CJ_2003_0539_20060713,2005-01-27
DOC_JUDG_CJ_2003_0539_20060713,2005-12-08
DOC_JUDG_CJ_2003_0540_20060627,2005-09-08
DOC_JUDG_CJ_2003_0540_20060627,2005-06-28
DOC_JUDG_CJ_2003_0543_20050607,2005-02-24
DOC_JUDG_CJ_2003_0543_20050607,2004-12-14
DOC_JUDG_CJ_2003_0544_20050908,2005-04-07
DOC_JUDG_CJ_2003_0544_20050908,2005-01-20
DOC_JUDG_CJ_2003_0547_P_20060119,2005-09-13
DOC_JUDG_CJ_2003_0547_P_20060119,2005-05-26
DOC_JUDG_CJ_2003_0551_P_20060406,2005-07-14
DOC_JUDG_CJ_2003_0551_P_20060406,2005-10-25
DOC_JUDG_CJ_2004_0001_20060117,2005-09-06
DOC_JUDG_CJ_2004_0003_20060316,2005-04-28
DOC_JUDG_CJ_2004_0006_20051020,2005-06-09
DOC_JUDG_CJ_2004_0006_20051020,2005-05-26
DOC_JUDG_CJ_2004_0009_20051006,2005-07-14
DOC_JUDG_CJ_2004_0014_20051201,2005-05-12
DOC_JUDG_CJ_2004_0014_20051201,2005-07-12
DOC_JUDG_CJ_2004_0015_20050602,2004-12-16
DOC_JUDG_CJ_2004_0022_20050414,2005-02-16
DOC_JUDG_CJ_2004_0023_20060209,2005-10-20
DOC_JUDG_CJ_2004_0023_20060209,2005-09-08
DOC_JUDG_CJ_2004_0026_20051215,2005-07-07
DOC_JUDG_CJ_2004_0027_20040713,2004-04-28
DOC_JUDG_CJ_2004_0029_20051110,2005-04-21
DOC_JUDG_CJ_2004_0030_20050721,2005-05-04
DOC_JUDG_CJ_2004_0030_20050721,2005-03-17
DOC_JUDG_CJ_2004_0033_20051208,2005-06-02
DOC_JUDG_CJ_2004_0033_20051208,2005-03-03
DOC_JUDG_CJ_2004_0034_20070215,2006-07-13
DOC_JUDG_CJ_2004_0036_20060330,2006-01-19
DOC_JUDG_CJ_2004_0036_20060330,2005-09-29
DOC_JUDG_CJ_2004_0039_20050310,2004-12-09
DOC_JUDG_CJ_2004_0039_20050310,2004-10-28
DOC_JUDG_CJ_2004_0040_20050908,2005-01-13
DOC_JUDG_CJ_2004_0040_20050908,2005-03-10
DOC_JUDG_CJ_2004_0041_20051027,2005-05-12
DOC_JUDG_CJ_2004_0041_20051027,2005-02-24
DOC_JUDG_CJ_2004_0046_20060330,2005-05-26
DOC_JUDG_CJ_2004_0053_20060907,2005-07-14
DOC_JUDG_CJ_2004_0053_20060907,2005-09-20
DOC_JUDG_CJ_2004_0058_20050915,2005-02-17
DOC_JUDG_CJ_2004_0058_20050915,2005-04-07
DOC_JUDG_CJ_2004_0063_20051215,2005-02-16
DOC_JUDG_CJ_2004_0063_20051215,2005-03-17
DOC_JUDG_CJ_2004_0064_20070329,2006-07-13
DOC_JUDG_CJ_2004_0065_20060309,2005-10-13
DOC_JUDG_CJ_2004_0065_20060309,2005-12-01
DOC_JUDG_CJ_2004_0066_20051206,2005-05-03
DOC_JUDG_CJ_2004_0066_20051206,2005-09-08
DOC_JUDG_CJ_2004_0071_20050721,2005-05-26
DOC_JUDG_CJ_2004_0073_20051013,2005-04-07
DOC_JUDG_CJ_2004_0074_P_20060713,2005-09-29
DOC_JUDG_CJ_2004_0074_P_20060713,2005-11-17
DOC_JUDG_CJ_2004_0077_20050526,2004-12-08
DOC_JUDG_CJ_2004_0077_20050526,2005-02-24
DOC_JUDG_CJ_2004_0084_20061005,2006-02-14
DOC_JUDG_CJ_2004_0084_20061005,2006-01-12
DOC_JUDG_CJ_2004_0089_20050602,2005-01-20
DOC_JUDG_CJ_2004_0089_20050602,2005-03-10
DOC_JUDG_CJ_2004_0094_20061205,2005-10-25
DOC_JUDG_CJ_2004_0094_20061205,2006-02-01
DOC_JUDG_CJ_2004_0095_P_20070315,2005-12-15
DOC_JUDG_CJ_2004_0095_P_20070315,2006-02-23
DOC_JUDG_CJ_2004_0096_20060427,2005-04-28
DOC_JUDG_CJ_2004_0096_20060427,2005-06-30
DOC_JUDG_CJ_2004_0098_20060504,2005-06-30
DOC_JUDG_CJ_2004_0098_20060504,2005-07-14
DOC_JUDG_CJ_2004_0105_P_20060921,2005-12-08
DOC_JUDG_CJ_2004_0105_P_20060921,2005-09-22
DOC_JUDG_CJ_2004_0107_20050714,2005-03-17
DOC_JUDG_CJ_2004_0107_20050714,2005-03-03
DOC_JUDG_CJ_2004_0109_20050317,2005-01-27
DOC_JUDG_CJ_2004_0113_P_20060921,2005-09-22
DOC_JUDG_CJ_2004_0113_P_20060921,2005-12-08
DOC_JUDG_CJ_2004_0119_20060718,2005-11-15
DOC_JUDG_CJ_2004_0119_20060718,2006-01-26
DOC_JUDG_CJ_2004_0120_20051006,2005-04-14
DOC_JUDG_CJ_2004_0120_20051006,2005-06-09
DOC_JUDG_CJ_2004_0122_20060223,2005-09-15
DOC_JUDG_CJ_2004_0122_20060223,2005-06-30
DOC_JUDG_CJ_2004_0123_20060912,2006-01-17
DOC_JUDG_CJ_2004_0123_20060912,2006-04-06
DOC_JUDG_CJ_2004_0127_20060209,2005-06-02
DOC_JUDG_CJ_2004_0127_20060209,2005-04-07
DOC_JUDG_CJ_2004_0129_20050908,2004-12-16
DOC_JUDG_CJ_2004_0129_20050908,2005-03-15
DOC_JUDG_CJ_2004_0131_20060316,2005-10-27
DOC_JUDG_CJ_2004_0131_20060316,2005-09-15
DOC_JUDG_CJ_2004_0134_20070419,2007-01-18
DOC_JUDG_CJ_2004_0135_20050609,2005-02-24
DOC_JUDG_CJ_2004_0135_20050609,2005-04-07
DOC_JUDG_CJ_2004_0136_20051124,2005-09-28
DOC_JUDG_CJ_2004_0137_20060216,2005-11-17
DOC_JUDG_CJ_2004_0138_20050616,2005-03-10
DOC_JUDG_CJ_2004_0140_20050915,2005-04-26
DOC_JUDG_CJ_2004_0140_20050915,2005-04-07
DOC_JUDG_CJ_2004_0144_20051122,2005-06-30
DOC_JUDG_CJ_2004_0144_20051122,2005-04-26
DOC_JUDG_CJ_2004_0145_20060912,2006-04-06
DOC_JUDG_CJ_2004_0145_20060912,2005-07-05
DOC_JUDG_CJ_2004_0147_20060110,2005-04-21
DOC_JUDG_CJ_2004_0147_20060110,2005-05-24
DOC_JUDG_CJ_2004_0148_20051215,2005-09-08
DOC_JUDG_CJ_2004_0148_20051215,2005-02-03
DOC_JUDG_CJ_2004_0150_20070130,2006-06-01
DOC_JUDG_CJ_2004_0150_20070130,2006-01-31
DOC_JUDG_CJ_2004_0151_20051215,2005-05-26
DOC_JUDG_CJ_2004_0151_20051215,2005-02-24
DOC_JUDG_CJ_2004_0154_20050712,2005-04-05
DOC_JUDG_CJ_2004_0154_20050712,2005-01-25
DOC_JUDG_CJ_2004_0156_20070607,2006-06-22
DOC_JUDG_CJ_2004_0156_20070607,2006-09-14
DOC_JUDG_CJ_2004_0158_20060914,2006-02-09
DOC_JUDG_CJ_2004_0158_20060914,2006-03-30
DOC_JUDG_CJ_2004_0167_P_20060921,2005-12-15
DOC_JUDG_CJ_2004_0167_P_20060921,2005-10-19
DOC_JUDG_CJ_2004_0168_20060921,2006-02-23
DOC_JUDG_CJ_2004_0168_20060921,2005-10-06
DOC_JUDG_CJ_2004_0169_20060504,2005-09-08
DOC_JUDG_CJ_2004_0169_20060504,2005-03-10
DOC_JUDG_CJ_2004_0170_20070605,2006-03-30
DOC_JUDG_CJ_2004_0170_20070605,2005-11-30
DOC_JUDG_CJ_2004_0170_20070605,2006-09-19
DOC_JUDG_CJ_2004_0173_P_20060112,2005-06-16
DOC_JUDG_CJ_2004_0173_P_20060112,2005-07-14
DOC_JUDG_CJ_2004_0174_20050602,2005-03-03
DOC_JUDG_CJ_2004_0177_20060314,2005-11-24
DOC_JUDG_CJ_2004_0177_20060314,2005-10-11
DOC_JUDG_CJ_2004_0180_20060907,2005-07-14
DOC_JUDG_CJ_2004_0180_20060907,2005-09-20
DOC_JUDG_CJ_2004_0181_20060914,2005-09-08
DOC_JUDG_CJ_2004_0181_20060914,2005-12-01
DOC_JUDG_CJ_2004_0184_20060330,2005-09-15
DOC_JUDG_CJ_2004_0184_20060330,2005-06-22
DOC_JUDG_CJ_2004_0185_20060216,2005-11-17
DOC_JUDG_CJ_2004_0186_20050421,2005-01-20
DOC_JUDG_CJ_2004_0192_20050714,2005-03-02
DOC_JUDG_CJ_2004_0192_20050714,2005-04-21
DOC_JUDG_CJ_2004_0193_20060907,2005-05-12
DOC_JUDG_CJ_2004_0195_20070426,2006-06-08
DOC_JUDG_CJ_2004_0195_20070426,2007-01-18
DOC_JUDG_CJ_2004_0196_20060912,2005-12-13
DOC_JUDG_CJ_2004_0196_20060912,2006-05-02
DOC_JUDG_CJ_2004_0197_20051110,2005-07-14
DOC_JUDG_CJ_2004_0197_20051110,2005-05-12
DOC_JUDG_CJ_2004_0199_20070201,2006-02-23
DOC_JUDG_CJ_2004_0200_20051013,2005-04-28
DOC_JUDG_CJ_2004_0200_20051013,2005-06-16
DOC_JUDG_CJ_2004_0201_20060223,2005-06-30
DOC_JUDG_CJ_2004_0203_20050714,2005-04-06
DOC_JUDG_CJ_2004_0206_P_20060323,2005-10-06
DOC_JUDG_CJ_2004_0206_P_20060323,2005-11-10
DOC_JUDG_CJ_2004_0207_20050721,2005-04-14
DOC_JUDG_CJ_2004_0207_20050721,2005-05-12
DOC_JUDG_CJ_2004_0209_20060323,2005-10-27
DOC_JUDG_CJ_2004_0209_20060323,2005-10-06
DOC_JUDG_CJ_2004_0210_20060323,2005-06-09
DOC_JUDG_CJ_2004_0210_20060323,2005-09-29
DOC_JUDG_CJ_2004_0212_20060704,2005-10-27
DOC_JUDG_CJ_2004_0212_20060704,2005-09-13
DOC_JUDG_CJ_2004_0213_20051201,2005-07-05
DOC_JUDG_CJ_2004_0213_20051201,2005-09-29
DOC_JUDG_CJ_2004_0215_20060216,2005-07-14
DOC_JUDG_CJ_2004_0215_20060216,2005-05-26
DOC_JUDG_CJ_2004_0217_20060502,2005-09-07
DOC_JUDG_CJ_2004_0217_20060502,2005-09-22
DOC_JUDG_CJ_2004_0221_20060518,2005-12-01
DOC_JUDG_CJ_2004_0221_20060518,2005-12-15
DOC_JUDG_CJ_2004_0222_20060110,2005-07-07
DOC_JUDG_CJ_2004_0222_20060110,2005-10-27
DOC_JUDG_CJ_2004_0226_20060209,2005-09-08
DOC_JUDG_CJ_2004_0226_20060209,2005-06-30
DOC_JUDG_CJ_2004_0227_P_20070911,2006-11-30
DOC_JUDG_CJ_2004_0227_P_20070911,2005-10-27
DOC_JUDG_CJ_2004_0229_20051025,2005-06-02
DOC_JUDG_CJ_2004_0229_20051025,2005-03-17
DOC_JUDG_CJ_2004_0232_20051215,2005-04-20
DOC_JUDG_CJ_2004_0232_20051215,2005-06-16
DOC_JUDG_CJ_2004_0234_20060316,2005-11-10
DOC_JUDG_CJ_2004_0234_20060316,2005-09-08
DOC_JUDG_CJ_2004_0235_20070628,2006-09-14
DOC_JUDG_CJ_2004_0235_20070628,2006-06-22
DOC_JUDG_CJ_2004_0237_20060323,2005-10-27
DOC_JUDG_CJ_2004_0237_20060323,2006-01-12
DOC_JUDG_CJ_2004_0239_20061026,2006-04-06
DOC_JUDG_CJ_2004_0239_20061026,2006-04-27
DOC_JUDG_CJ_2004_0244_20060119,2005-09-15
DOC_JUDG_CJ_2004_0245_20060406,2005-10-27
DOC_JUDG_CJ_2004_0245_20060406,2005-11-10
DOC_JUDG_CJ_2004_0247_20051020,2005-04-06
DOC_JUDG_CJ_2004_0247_20051020,2005-05-10
DOC_JUDG_CJ_2004_0248_20061026,2006-03-23
DOC_JUDG_CJ_2004_0248_20061026,2006-05-16
DOC_JUDG_CJ_2004_0251_20070111,2006-09-14
DOC_JUDG_CJ_2004_0251_20070111,2006-05-11
DOC_JUDG_CJ_2004_0258_20050915,2005-06-09
DOC_JUDG_CJ_2004_0259_20060330,2005-12-01
DOC_JUDG_CJ_2004_0259_20060330,2006-01-19
DOC_JUDG_CJ_2004_0260_20070913,2007-03-29
DOC_JUDG_CJ_2004_0264_20060615,2005-11-17
DOC_JUDG_CJ_2004_0265_20060119,2005-07-14
DOC_JUDG_CJ_2004_0266_20051027,2005-06-02
DOC_JUDG_CJ_2004_0273_20071023,2007-06-21
DOC_JUDG_CJ_2004_0273_20071023,2007-01-23
DOC_JUDG_CJ_2004_0275_20061005,2006-04-06
DOC_JUDG_CJ_2004_0280_20051208,2005-09-22
DOC_JUDG_CJ_2004_0280_20051208,2005-07-07
DOC_JUDG_CJ_2004_0282_20060928,2006-04-06
DOC_JUDG_CJ_2004_0284_20070626,2006-09-07
DOC_JUDG_CJ_2004_0284_20070626,2006-02-07
DOC_JUDG_CJ_2004_0288_20050908,2005-04-28
DOC_JUDG_CJ_2004_0289_P_20060629,2005-09-15
DOC_JUDG_CJ_2004_0289_P_20060629,2006-01-19
DOC_JUDG_CJ_2004_0290_20061003,2006-05-16
DOC_JUDG_CJ_2004_0290_20061003,2005-07-06
DOC_JUDG_CJ_2004_0292_20070306,2005-09-08
DOC_JUDG_CJ_2004_0292_20070306,2006-05-30
DOC_JUDG_CJ_2004_0292_20070306,2005-11-10
DOC_JUDG_CJ_2004_0292_20070306,2006-10-05
DOC_JUDG_CJ_2004_0293_20060309,2005-09-08
DOC_JUDG_CJ_2004_0294_20060216,2005-11-10
DOC_JUDG_CJ_2004_0294_20060216,2005-09-29
DOC_JUDG_CJ_2004_0295_20060713,2005-11-10
DOC_JUDG_CJ_2004_0295_20060713,2006-01-26
DOC_JUDG_CJ_2004_0300_20060912,2005-07-05
DOC_JUDG_CJ_2004_0300_20060912,2006-04-06
DOC_JUDG_CJ_2004_0301_P_20060629,2005-09-15
DOC_JUDG_CJ_2004_0301_P_20060629,2006-01-19
DOC_JUDG_CJ_2004_0302_20060110,2005-09-22
DOC_JUDG_CJ_2004_0302_20060110,2005-06-21
DOC_JUDG_CJ_2004_0306_20061116,2005-09-22
DOC_JUDG_CJ_2004_0306_20061116,2006-01-26
DOC_JUDG_CJ_2004_0308_P_20060629,2005-09-15
DOC_JUDG_CJ_2004_0308_P_20060629,2006-01-19
DOC_JUDG_CJ_2004_0309_20051201,2005-07-07
DOC_JUDG_CJ_2004_0310_20060907,2006-01-19
DOC_JUDG_CJ_2004_0310_20060907,2006-03-16
DOC_JUDG_CJ_2004_0311_20060112,2005-10-06
DOC_JUDG_CJ_2004_0313_20060711,2005-12-01
DOC_JUDG_CJ_2004_0313_20060711,2005-09-27
DOC_JUDG_CJ_2004_0316_20051110,2005-07-14
DOC_JUDG_CJ_2004_0316_20051110,2005-06-02
DOC_JUDG_CJ_2004_0317_20060530,2005-10-18
DOC_JUDG_CJ_2004_0317_20060530,2005-11-22
DOC_JUDG_CJ_2004_0331_20051124,2005-09-08
DOC_JUDG_CJ_2004_0331_20051124,2005-07-07
DOC_JUDG_CJ_2004_0334_20071025,2006-09-14
DOC_JUDG_CJ_2004_0334_20071025,2006-06-22
DOC_JUDG_CJ_2004_0338_20070306,2006-03-07
DOC_JUDG_CJ_2004_0338_20070306,2006-05-16
DOC_JUDG_CJ_2004_0339_20060718,2005-09-28
DOC_JUDG_CJ_2004_0339_20060718,2005-10-27
DOC_JUDG_CJ_2004_0340_20060511,2005-11-10
DOC_JUDG_CJ_2004_0340_20060511,2006-01-12
DOC_JUDG_CJ_2004_0341_20060502,2005-09-27
DOC_JUDG_CJ_2004_0341_20060502,2005-07-12
DOC_JUDG_CJ_2004_0343_20060518,2005-10-13
DOC_JUDG_CJ_2004_0343_20060518,2006-01-11
DOC_JUDG_CJ_2004_0344_20060110,2005-06-07
DOC_JUDG_CJ_2004_0344_20060110,2005-09-08
DOC_JUDG_CJ_2004_0345_20070215,2006-06-22
DOC_JUDG_CJ_2004_0347_20070329,2006-05-31
DOC_JUDG_CJ_2004_0347_20070329,2006-03-16
DOC_JUDG_CJ_2004_0348_20070426,2006-04-06
DOC_JUDG_CJ_2004_0348_20070426,2006-01-26
DOC_JUDG_CJ_2004_0351_20070927,2006-04-06
DOC_JUDG_CJ_2004_0351_20070927,2005-10-27
DOC_JUDG_CJ_2004_0353_20060907,2006-02-23
DOC_JUDG_CJ_2004_0353_20060907,2005-10-20
DOC_JUDG_CJ_2004_0354_P_20070227,2006-10-26
DOC_JUDG_CJ_2004_0355_P_20070227,2006-10-26
DOC_JUDG_CJ_2004_0356_20060919,2006-03-29
DOC_JUDG_CJ_2004_0356_20060919,2005-12-07
DOC_JUDG_CJ_2004_0361_P_20060112,2005-09-08
DOC_JUDG_CJ_2004_0361_P_20060112,2005-07-14
DOC_JUDG_CJ_2004_0366_20051124,2005-06-28
DOC_JUDG_CJ_2004_0368_20061005,2005-11-29
DOC_JUDG_CJ_2004_0368_20061005,2005-09-14
DOC_JUDG_CJ_2004_0369_20070626,2006-02-07
DOC_JUDG_CJ_2004_0369_20070626,2006-09-07
DOC_JUDG_CJ_2004_0371_20061026,2006-03-09
DOC_JUDG_CJ_2004_0371_20061026,2006-06-01
DOC_JUDG_CJ_2004_0372_20060516,2005-12-15
DOC_JUDG_CJ_2004_0372_20060516,2005-10-04
DOC_JUDG_CJ_2004_0374_20061212,2005-11-22
DOC_JUDG_CJ_2004_0374_20061212,2006-02-23
DOC_JUDG_CJ_2004_0384_20060511,2005-12-07
DOC_JUDG_CJ_2004_0384_20060511,2005-10-05
DOC_JUDG_CJ_2004_0386_20060914,2005-10-13
DOC_JUDG_CJ_2004_0386_20060914,2005-12-15
DOC_JUDG_CJ_2004_0391_20070510,2006-07-13
DOC_JUDG_CJ_2004_0391_20070510,2006-10-26
DOC_JUDG_CJ_2004_0392_20060919,2006-02-01
DOC_JUDG_CJ_2004_0392_20060919,2006-03-16
DOC_JUDG_CJ_2004_0393_20060615,2006-03-30
DOC_JUDG_CJ_2004_0393_20060615,2005-10-13
DOC_JUDG_CJ_2004_0394_20051201,2005-06-29
DOC_JUDG_CJ_2004_0394_20051201,2005-09-15
DOC_JUDG_CJ_2004_0403_P_20070125,2005-12-08
DOC_JUDG_CJ_2004_0403_P_20070125,2006-09-12
DOC_JUDG_CJ_2004_0404_P_20070111,2006-04-27
DOC_JUDG_CJ_2004_0406_20060718,2006-02-02
DOC_JUDG_CJ_2004_0406_20060718,2005-11-23
DOC_JUDG_CJ_2004_0407_P_20070125,2006-09-12
DOC_JUDG_CJ_2004_0407_P_20070125,2005-12-08
DOC_JUDG_CJ_2004_0408_P_20080422,2007-02-06
DOC_JUDG_CJ_2004_0408_P_20080422,2007-09-11
DOC_JUDG_CJ_2004_0409_20070927,2007-01-11
DOC_JUDG_CJ_2004_0409_20070927,2006-06-15
DOC_JUDG_CJ_2004_0410_20060406,2006-01-12
DOC_JUDG_CJ_2004_0410_20060406,2005-10-27
DOC_JUDG_CJ_2004_0411_P_20070125,2005-12-08
DOC_JUDG_CJ_2004_0411_P_20070125,2006-09-12
DOC_JUDG_CJ_2004_0412_20080221,2006-11-08
DOC_JUDG_CJ_2004_0413_20061128,2006-03-15
DOC_JUDG_CJ_2004_0413_20061128,2006-06-01
DOC_JUDG_CJ_2004_0414_20061128,2006-06-01
DOC_JUDG_CJ_2004_0414_20061128,2006-03-15
DOC_JUDG_CJ_2004_0415_20060209,2005-09-15
DOC_JUDG_CJ_2004_0416_P_20060511,2005-12-15
DOC_JUDG_CJ_2004_0416_P_20060511,2005-11-17
DOC_JUDG_CJ_2004_0417_P_20060502,2005-11-15
DOC_JUDG_CJ_2004_0417_P_20060502,2006-01-12
DOC_JUDG_CJ_2004_0418_20071213,2006-07-06
DOC_JUDG_CJ_2004_0418_20071213,2006-09-14
DOC_JUDG_CJ_2004_0419_20060622,2005-09-28
DOC_JUDG_CJ_2004_0419_20060622,2005-11-17
DOC_JUDG_CJ_2004_0421_20060309,2005-11-24
DOC_JUDG_CJ_2004_0422_20060919,2006-03-16
DOC_JUDG_CJ_2004_0422_20060919,2006-02-01
DOC_JUDG_CJ_2004_0423_20060427,2005-10-20
DOC_JUDG_CJ_2004_0423_20060427,2005-12-15
DOC_JUDG_CJ_2004_0428_20060406,2005-10-20
DOC_JUDG_CJ_2004_0431_20060504,2005-10-06
DOC_JUDG_CJ_2004_0431_20060504,2005-11-24
DOC_JUDG_CJ_2004_0432_20060711,2006-02-23
DOC_JUDG_CJ_2004_0432_20060711,2005-11-09
DOC_JUDG_CJ_2004_0433_20061109,2006-04-06
DOC_JUDG_CJ_2004_0434_20060928,2006-07-13
DOC_JUDG_CJ_2004_0434_20060928,2006-05-17
DOC_JUDG_CJ_2004_0436_20060309,2005-09-22
DOC_JUDG_CJ_2004_0436_20060309,2005-10-20
DOC_JUDG_CJ_2004_0437_20070322,2006-06-29
DOC_JUDG_CJ_2004_0438_20060713,2005-10-20
DOC_JUDG_CJ_2004_0438_20060713,2006-03-23
DOC_JUDG_CJ_2004_0439_20060706,2006-02-09
DOC_JUDG_CJ_2004_0439_20060706,2006-03-14
DOC_JUDG_CJ_2004_0442_20080515,2008-01-31
DOC_JUDG_CJ_2004_0443_20060427,2005-12-15
DOC_JUDG_CJ_2004_0443_20060427,2005-10-20
DOC_JUDG_CJ_2004_0445_20051208,2005-09-14
DOC_JUDG_CJ_2004_0446_20061212,2005-11-29
DOC_JUDG_CJ_2004_0446_20061212,2006-04-06
DOC_JUDG_CJ_2004_0452_20061003,2006-03-16
DOC_JUDG_CJ_2004_0452_20061003,2006-01-18
DOC_JUDG_CJ_2004_0456_20060406,2005-11-10
DOC_JUDG_CJ_2004_0456_20060406,2005-12-08
DOC_JUDG_CJ_2004_0463_20071206,2006-06-29
DOC_JUDG_CJ_2004_0463_20071206,2006-09-07
DOC_JUDG_CJ_2004_0465_20060323,2005-10-25
DOC_JUDG_CJ_2004_0466_20060615,2006-01-19
DOC_JUDG_CJ_2004_0466_20060615,2005-11-24
DOC_JUDG_CJ_2004_0467_20060928,2006-03-16
DOC_JUDG_CJ_2004_0467_20060928,2006-06-15
DOC_JUDG_CJ_2004_0470_20060907,2006-03-30
DOC_JUDG_CJ_2004_0471_20060223,2005-12-01
DOC_JUDG_CJ_2004_0473_20060209,2005-11-17
DOC_JUDG_CJ_2004_0479_20060912,2006-02-14
DOC_JUDG_CJ_2004_0479_20060912,2006-05-04
DOC_JUDG_CJ_2004_0484_20060907,2006-01-26
DOC_JUDG_CJ_2004_0484_20060907,2006-03-09
DOC_JUDG_CJ_2004_0486_20061123,2006-04-25
DOC_JUDG_CJ_2004_0486_20061123,2006-05-30
DOC_JUDG_CJ_2004_0489_20060907,2005-12-15
DOC_JUDG_CJ_2004_0490_20070718,2006-12-14
DOC_JUDG_CJ_2004_0490_20070718,2006-11-08
DOC_JUDG_CJ_2004_0491_20060223,2005-11-10
DOC_JUDG_CJ_2004_0493_20060309,2005-11-17
DOC_JUDG_CJ_2004_0494_20060615,2006-02-16
DOC_JUDG_CJ_2004_0495_20060330,2005-10-19
DOC_JUDG_CJ_2004_0496_20060914,2006-01-12
DOC_JUDG_CJ_2004_0496_20060914,2006-06-22
DOC_JUDG_CJ_2004_0499_20060309,2005-11-15
DOC_JUDG_CJ_2004_0499_20060309,2005-10-12
DOC_JUDG_CJ_2004_0500_20060216,2005-09-29
DOC_JUDG_CJ_2004_0503_20070718,2007-03-28
DOC_JUDG_CJ_2004_0503_20070718,2006-12-07
DOC_JUDG_CJ_2004_0504_20060112,2005-10-19
DOC_JUDG_CJ_2004_0506_20060919,2006-03-14
DOC_JUDG_CJ_2004_0506_20060919,2006-05-11
DOC_JUDG_CJ_2004_0507_20070712,2007-01-11
DOC_JUDG_CJ_2004_0508_20070510,2007-01-11
DOC_JUDG_CJ_2004_0509_20060518,2006-01-17
DOC_JUDG_CJ_2004_0513_20061114,2006-04-06
DOC_JUDG_CJ_2004_0513_20061114,2006-01-11
DOC_JUDG_CJ_2004_0514_20060713,2006-01-19
DOC_JUDG_CJ_2004_0517_20060608,2006-03-07
DOC_JUDG_CJ_2004_0517_20060608,2006-01-19
DOC_JUDG_CJ_2004_0518_20060316,2006-01-26
DOC_JUDG_CJ_2004_0519_P_20060718,2006-03-23
DOC_JUDG_CJ_2004_0520_20061109,2006-03-09
DOC_JUDG_CJ_2004_0520_20061109,2006-05-18
DOC_JUDG_CJ_2004_0522_20070705,2006-10-03
DOC_JUDG_CJ_2004_0523_20070424,2006-11-16
DOC_JUDG_CJ_2004_0524_20070313,2006-06-29
DOC_JUDG_CJ_2004_0524_20070313,2006-01-31
DOC_JUDG_CJ_2004_0525_P_20071122,2007-02-01
DOC_JUDG_CJ_2004_0525_P_20071122,2006-12-14
DOC_JUDG_CJ_2004_0526_20060907,2005-10-13
DOC_JUDG_CJ_2004_0526_20060907,2006-03-30
DOC_JUDG_CJ_2005_0001_20070109,2006-02-21
DOC_JUDG_CJ_2005_0001_20070109,2006-04-27
DOC_JUDG_CJ_2005_0003_20060216,2005-11-24
DOC_JUDG_CJ_2005_0004_20061026,2006-01-12
DOC_JUDG_CJ_2005_0004_20061026,2006-03-23
DOC_JUDG_CJ_2005_0005_20061123,2005-12-01
DOC_JUDG_CJ_2005_0006_20070614,2006-11-21
DOC_JUDG_CJ_2005_0006_20070614,2006-06-22
DOC_JUDG_CJ_2005_0007_20060608,2006-01-12
DOC_JUDG_CJ_2005_0007_20060608,2006-02-09
DOC_JUDG_CJ_2005_0011_20060511,2006-02-02
DOC_JUDG_CJ_2005_0011_20060511,2005-12-08
DOC_JUDG_CJ_2005_0013_20060711,2006-03-16
DOC_JUDG_CJ_2005_0016_20070920,2006-09-12
DOC_JUDG_CJ_2005_0016_20070920,2006-05-18
DOC_JUDG_CJ_2005_0019_20071018,2007-07-10
DOC_JUDG_CJ_2005_0020_20071108,2007-06-28
DOC_JUDG_CJ_2005_0020_20071108,2007-04-25
DOC_JUDG_CJ_2005_0024_P_20060622,2006-03-23
DOC_JUDG_CJ_2005_0024_P_20060622,2006-02-16
DOC_JUDG_CJ_2005_0025_P_20060622,2006-02-16
DOC_JUDG_CJ_2005_0025_P_20060622,2006-03-23
DOC_JUDG_CJ_2005_0027_20060427,2006-01-19
DOC_JUDG_CJ_2005_0028_20060615,2005-12-08
DOC_JUDG_CJ_2005_0028_20060615,2006-01-19
DOC_JUDG_CJ_2005_0029_P_20070313,2006-06-27
DOC_JUDG_CJ_2005_0029_P_20070313,2006-10-26
DOC_JUDG_CJ_2005_0032_20061130,2006-05-18
DOC_JUDG_CJ_2005_0032_20061130,2006-03-23
DOC_JUDG_CJ_2005_0034_20070301,2006-06-22
DOC_JUDG_CJ_2005_0035_20070315,2006-06-08
DOC_JUDG_CJ_2005_0035_20070315,2006-03-30
DOC_JUDG_CJ_2005_0036_20061026,2006-06-29
DOC_JUDG_CJ_2005_0039_P_20080701,2007-11-29
DOC_JUDG_CJ_2005_0039_P_20080701,2007-09-26
DOC_JUDG_CJ_2005_0040_20070111,2006-09-14
DOC_JUDG_CJ_2005_0040_20070111,2006-04-27
DOC_JUDG_CJ_2005_0045_20070524,2006-04-27
DOC_JUDG_CJ_2005_0045_20070524,2006-07-13
DOC_JUDG_CJ_2005_0048_20070125,2006-02-02
DOC_JUDG_CJ_2005_0048_20070125,2006-03-07
DOC_JUDG_CJ_2005_0049_P_20080508,2007-03-08
DOC_JUDG_CJ_2005_0050_20060718,2006-01-12
DOC_JUDG_CJ_2005_0050_20060718,2006-02-16
DOC_JUDG_CJ_2005_0051_P_20080717,2007-11-22
DOC_JUDG_CJ_2005_0053_20060706,2006-04-04
DOC_JUDG_CJ_2005_0054_20070315,2007-01-11
DOC_JUDG_CJ_2005_0054_20070315,2006-11-09
DOC_JUDG_CJ_2005_0060_20060608,2006-02-16
DOC_JUDG_CJ_2005_0060_20060608,2005-12-15
DOC_JUDG_CJ_2005_0061_20060713,2006-04-04
DOC_JUDG_CJ_2005_0062_P_20071018,2006-11-30
DOC_JUDG_CJ_2005_0062_P_20071018,2007-01-16
DOC_JUDG_CJ_2005_0064_P_20071218,2007-07-18
DOC_JUDG_CJ_2005_0064_P_20071218,2007-01-16
DOC_JUDG_CJ_2005_0068_P_20061026,2006-03-23
DOC_JUDG_CJ_2005_0068_P_20061026,2006-05-16
DOC_JUDG_CJ_2005_0072_20060914,2006-06-15
DOC_JUDG_CJ_2005_0072_20060914,2006-03-30
DOC_JUDG_CJ_2005_0075_P_20080911,2008-03-06
DOC_JUDG_CJ_2005_0075_P_20080911,2007-02-15
DOC_JUDG_CJ_2005_0076_20070911,2006-09-21
DOC_JUDG_CJ_2005_0076_20070911,2006-05-02
DOC_JUDG_CJ_2005_0077_20071218,2007-07-10
DOC_JUDG_CJ_2005_0077_20071218,2007-03-13
DOC_JUDG_CJ_2005_0082_20060914,2006-02-09
DOC_JUDG_CJ_2005_0089_20060713,2006-02-02
DOC_JUDG_CJ_2005_0091_20080520,2007-09-19
DOC_JUDG_CJ_2005_0091_20080520,2006-12-05
DOC_JUDG_CJ_2005_0094_20060316,2005-12-15
DOC_JUDG_CJ_2005_0097_20061214,2006-03-09
DOC_JUDG_CJ_2005_0097_20061214,2006-04-06
DOC_JUDG_CJ_2005_0098_20060601,2006-02-23
DOC_JUDG_CJ_2005_0100_20061005,2006-01-12
DOC_JUDG_CJ_2005_0101_20071218,2007-06-12
DOC_JUDG_CJ_2005_0101_20071218,2007-09-11
DOC_JUDG_CJ_2005_0103_20060713,2006-03-14
DOC_JUDG_CJ_2005_0106_20060608,2006-01-19
DOC_JUDG_CJ_2005_0106_20060608,2006-03-07
DOC_JUDG_CJ_2005_0108_20060907,2006-02-02
DOC_JUDG_CJ_2005_0108_20060907,2006-03-30
DOC_JUDG_CJ_2005_0111_20070329,2006-09-14
DOC_JUDG_CJ_2005_0112_20071023,2007-02-13
DOC_JUDG_CJ_2005_0112_20071023,2006-12-12
DOC_JUDG_CJ_2005_0120_20061109,2006-06-01
DOC_JUDG_CJ_2005_0124_20060406,2006-01-12
DOC_JUDG_CJ_2005_0124_20060406,2005-12-15
DOC_JUDG_CJ_2005_0125_20060907,2006-02-16
DOC_JUDG_CJ_2005_0125_20060907,2006-04-27
DOC_JUDG_CJ_2005_0127_20070614,2006-09-13
DOC_JUDG_CJ_2005_0127_20070614,2007-01-18
DOC_JUDG_CJ_2005_0128_20060928,2006-04-27
DOC_JUDG_CJ_2005_0129_20060928,2006-03-09
DOC_JUDG_CJ_2005_0129_20060928,2006-05-30
DOC_JUDG_CJ_2005_0132_20080226,2007-06-28
DOC_JUDG_CJ_2005_0132_20080226,2007-02-13
DOC_JUDG_CJ_2005_0134_20070718,2006-10-05
DOC_JUDG_CJ_2005_0134_20070718,2006-12-14
DOC_JUDG_CJ_2005_0135_20070426,2007-01-11
DOC_JUDG_CJ_2005_0137_20071218,2007-03-13
DOC_JUDG_CJ_2005_0137_20071218,2007-07-10
DOC_JUDG_CJ_2005_0138_20060914,2006-05-04
DOC_JUDG_CJ_2005_0140_20061005,2006-02-23
DOC_JUDG_CJ_2005_0140_20061005,2006-05-04
DOC_JUDG_CJ_2005_0141_20071108,2007-06-06
DOC_JUDG_CJ_2005_0142_20090604,2006-07-13
DOC_JUDG_CJ_2005_0142_20090604,2006-12-14
DOC_JUDG_CJ_2005_0145_20060427,2006-01-17
DOC_JUDG_CJ_2005_0145_20060427,2005-11-17
DOC_JUDG_CJ_2005_0146_20070927,2006-06-15
DOC_JUDG_CJ_2005_0146_20070927,2007-01-11
DOC_JUDG_CJ_2005_0149_20060907,2006-01-26
DOC_JUDG_CJ_2005_0150_20060928,2006-05-04
DOC_JUDG_CJ_2005_0150_20060928,2006-06-08
DOC_JUDG_CJ_2005_0152_20080117,2007-06-28
DOC_JUDG_CJ_2005_0166_20060907,2006-03-07
DOC_JUDG_CJ_2005_0167_20080408,2007-07-18
DOC_JUDG_CJ_2005_0167_20080408,2007-05-08
DOC_JUDG_CJ_2005_0168_20061026,2006-04-27
DOC_JUDG_CJ_2005_0169_20060601,2006-02-14
DOC_JUDG_CJ_2005_0169_20060601,2006-01-19
DOC_JUDG_CJ_2005_0170_20061214,2006-01-19
DOC_JUDG_CJ_2005_0170_20061214,2006-04-27
DOC_JUDG_CJ_2005_0173_20070621,2006-10-05
DOC_JUDG_CJ_2005_0176_20070301,2006-06-08
DOC_JUDG_CJ_2005_0176_20070301,2006-09-07
DOC_JUDG_CJ_2005_0178_20070607,2007-02-15
DOC_JUDG_CJ_2005_0183_20070111,2006-09-21
DOC_JUDG_CJ_2005_0184_20070927,2007-01-11
DOC_JUDG_CJ_2005_0184_20070927,2006-06-15
DOC_JUDG_CJ_2005_0187_20060907,2006-04-27
DOC_JUDG_CJ_2005_0191_20060713,2006-02-23
DOC_JUDG_CJ_2005_0192_20061026,2006-03-30
DOC_JUDG_CJ_2005_0192_20061026,2006-02-16
DOC_JUDG_CJ_2005_0193_20060919,2006-05-11
DOC_JUDG_CJ_2005_0193_20060919,2006-03-14
DOC_JUDG_CJ_2005_0194_20071218,2007-03-22
DOC_JUDG_CJ_2005_0194_20071218,2007-01-17
DOC_JUDG_CJ_2005_0195_20071218,2007-03-22
DOC_JUDG_CJ_2005_0195_20071218,2007-01-17
DOC_JUDG_CJ_2005_0196_20060608,2006-02-23
DOC_JUDG_CJ_2005_0199_20061026,2006-04-27
DOC_JUDG_CJ_2005_0199_20061026,2006-02-22
DOC_JUDG_CJ_2005_0205_20061109,2006-03-23
DOC_JUDG_CJ_2005_0205_20061109,2006-04-27
DOC_JUDG_CJ_2005_0208_20070111,2006-05-04
DOC_JUDG_CJ_2005_0208_20070111,2006-10-05
DOC_JUDG_CJ_2005_0212_20070718,2006-09-28
DOC_JUDG_CJ_2005_0212_20070718,2006-06-13
DOC_JUDG_CJ_2005_0213_20070718,2006-09-28
DOC_JUDG_CJ_2005_0214_P_20060718,2006-03-16
DOC_JUDG_CJ_2005_0216_20061109,2006-04-25
DOC_JUDG_CJ_2005_0216_20061109,2006-06-22
DOC_JUDG_CJ_2005_0220_20070118,2006-06-15
DOC_JUDG_CJ_2005_0220_20070118,2006-04-27
DOC_JUDG_CJ_2005_0221_20060713,2006-03-16
DOC_JUDG_CJ_2005_0222_20070607,2007-03-01
DOC_JUDG_CJ_2005_0222_20070607,2006-12-07
DOC_JUDG_CJ_2005_0228_20060914,2006-06-22
DOC_JUDG_CJ_2005_0228_20060914,2006-04-06
DOC_JUDG_CJ_2005_0229_P_20070118,2006-09-27
DOC_JUDG_CJ_2005_0229_P_20070118,2006-09-14
DOC_JUDG_CJ_2005_0231_20070718,2006-05-16
DOC_JUDG_CJ_2005_0231_20070718,2006-09-12
DOC_JUDG_CJ_2005_0232_20061005,2006-05-18
DOC_JUDG_CJ_2005_0237_20071011,2006-09-14
DOC_JUDG_CJ_2005_0237_20071011,2007-02-15
DOC_JUDG_CJ_2005_0238_20061123,2006-06-29
DOC_JUDG_CJ_2005_0238_20061123,2006-04-26
DOC_JUDG_CJ_2005_0239_20070215,2006-07-06
DOC_JUDG_CJ_2005_0240_20061207,2006-05-31
DOC_JUDG_CJ_2005_0241_20061003,2006-04-27
DOC_JUDG_CJ_2005_0244_20060914,2006-04-06
DOC_JUDG_CJ_2005_0244_20060914,2006-05-18
DOC_JUDG_CJ_2005_0246_20070614,2006-09-21
DOC_JUDG_CJ_2005_0246_20070614,2006-10-26
DOC_JUDG_CJ_2005_0250_20061026,2006-06-01
DOC_JUDG_CJ_2005_0250_20061026,2006-06-08
DOC_JUDG_CJ_2005_0251_20060706,2006-04-06
DOC_JUDG_CJ_2005_0252_20070510,2007-02-08
DOC_JUDG_CJ_2005_0252_20070510,2007-01-11
DOC_JUDG_CJ_2005_0254_20070607,2007-02-08
DOC_JUDG_CJ_2005_0259_20070621,2007-02-15
DOC_JUDG_CJ_2005_0259_20070621,2006-09-07
DOC_JUDG_CJ_2005_0260_P_20071122,2007-02-01
DOC_JUDG_CJ_2005_0263_20071218,2007-02-07
DOC_JUDG_CJ_2005_0266_P_20070201,2006-06-22
DOC_JUDG_CJ_2005_0270_20070215,2006-10-26
DOC_JUDG_CJ_2005_0273_P_20070419,2006-12-14
DOC_JUDG_CJ_2005_0273_P_20070419,2006-05-17
DOC_JUDG_CJ_2005_0274_20081023,2007-01-18
DOC_JUDG_CJ_2005_0274_20081023,2007-04-19
DOC_JUDG_CJ_2005_0275_20061026,2006-05-18
DOC_JUDG_CJ_2005_0276_20081222,2008-04-03
DOC_JUDG_CJ_2005_0276_20081222,2008-10-09
DOC_JUDG_CJ_2005_0277_20070718,2006-07-04
DOC_JUDG_CJ_2005_0277_20070718,2006-09-13
DOC_JUDG_CJ_2005_0278_20070125,2006-07-13
DOC_JUDG_CJ_2005_0278_20070125,2006-06-01
DOC_JUDG_CJ_2005_0279_20070111,2006-06-07
DOC_JUDG_CJ_2005_0279_20070111,2006-03-29
DOC_JUDG_CJ_2005_0282_P_20070419,2007-01-11
DOC_JUDG_CJ_2005_0283_20061214,2006-07-06
DOC_JUDG_CJ_2005_0283_20061214,2006-09-28
DOC_JUDG_CJ_2005_0284_20091215,2009-02-10
DOC_JUDG_CJ_2005_0284_20091215,2008-11-25
DOC_JUDG_CJ_2005_0287_20070911,2007-03-29
DOC_JUDG_CJ_2005_0287_20070911,2006-11-14
DOC_JUDG_CJ_2005_0288_20070718,2006-07-04
DOC_JUDG_CJ_2005_0288_20070718,2006-12-05
DOC_JUDG_CJ_2005_0289_20070308,2006-09-14
DOC_JUDG_CJ_2005_0290_20061005,2006-06-01
DOC_JUDG_CJ_2005_0290_20061005,2006-07-13
DOC_JUDG_CJ_2005_0291_20071211,2006-09-06
DOC_JUDG_CJ_2005_0291_20071211,2007-07-05
DOC_JUDG_CJ_2005_0292_20070215,2006-11-08
DOC_JUDG_CJ_2005_0292_20070215,2006-09-28
DOC_JUDG_CJ_2005_0294_20091215,2009-02-10
DOC_JUDG_CJ_2005_0294_20091215,2008-11-25
DOC_JUDG_CJ_2005_0295_20070419,2006-09-28
DOC_JUDG_CJ_2005_0295_20070419,2006-06-15
DOC_JUDG_CJ_2005_0297_20070920,2007-03-22
DOC_JUDG_CJ_2005_0298_20071206,2006-09-28
DOC_JUDG_CJ_2005_0298_20071206,2007-03-29
DOC_JUDG_CJ_2005_0299_20071018,2007-04-18
DOC_JUDG_CJ_2005_0299_20071018,2007-05-03
DOC_JUDG_CJ_2005_0300_20061123,2006-10-05
DOC_JUDG_CJ_2005_0303_20070503,2006-07-11
DOC_JUDG_CJ_2005_0303_20070503,2006-09-12
DOC_JUDG_CJ_2005_0304_20070920,2007-04-19
DOC_JUDG_CJ_2005_0306_20061207,2006-05-04
DOC_JUDG_CJ_2005_0306_20061207,2006-07-13
DOC_JUDG_CJ_2005_0307_20070913,2006-09-21
DOC_JUDG_CJ_2005_0307_20070913,2007-01-10
DOC_JUDG_CJ_2005_0311_P_20071004,2007-05-10
DOC_JUDG_CJ_2005_0313_20070118,2006-09-21
DOC_JUDG_CJ_2005_0313_20070118,2006-06-15
DOC_JUDG_CJ_2005_0315_20061123,2006-09-12
DOC_JUDG_CJ_2005_0315_20061123,2006-06-29
DOC_JUDG_CJ_2005_0316_20061214,2006-07-13
DOC_JUDG_CJ_2005_0317_20061026,2006-06-28
DOC_JUDG_CJ_2005_0318_20070911,2006-09-21
DOC_JUDG_CJ_2005_0318_20070911,2006-05-02
DOC_JUDG_CJ_2005_0319_20071115,2007-04-19
DOC_JUDG_CJ_2005_0319_20071115,2007-06-21
DOC_JUDG_CJ_2005_0321_20070705,2007-01-18
DOC_JUDG_CJ_2005_0321_20070705,2007-02-08
DOC_JUDG_CJ_2005_0325_20070718,2007-01-11
DOC_JUDG_CJ_2005_0325_20070718,2006-11-16
DOC_JUDG_CJ_2005_0326_P_20070718,2006-09-27
DOC_JUDG_CJ_2005_0326_P_20070718,2006-11-30
DOC_JUDG_CJ_2005_0328_P_20070510,2006-10-26
DOC_JUDG_CJ_2005_0328_P_20070510,2007-01-18
DOC_JUDG_CJ_2005_0329_20070125,2006-05-17
DOC_JUDG_CJ_2005_0329_20070125,2006-07-13
DOC_JUDG_CJ_2005_0330_20071115,2006-11-23
DOC_JUDG_CJ_2005_0330_20071115,2007-02-27
DOC_JUDG_CJ_2005_0331_P_20070628,2007-03-28
DOC_JUDG_CJ_2005_0331_P_20070628,2006-11-16
DOC_JUDG_CJ_2005_0332_20070118,2006-06-15
DOC_JUDG_CJ_2005_0334_P_20070612,2007-01-24
DOC_JUDG_CJ_2005_0334_P_20070612,2007-03-08
DOC_JUDG_CJ_2005_0335_20070607,2007-02-15
DOC_JUDG_CJ_2005_0337_20080408,2007-07-10
DOC_JUDG_CJ_2005_0337_20080408,2007-04-17
DOC_JUDG_CJ_2005_0341_20071218,2007-01-09
DOC_JUDG_CJ_2005_0341_20071218,2007-05-23
DOC_JUDG_CJ_2005_0342_20070614,2006-11-30
DOC_JUDG_CJ_2005_0344_P_20061109,2006-07-13
DOC_JUDG_CJ_2005_0345_20061026,2006-03-30
DOC_JUDG_CJ_2005_0356_20070419,2006-10-05
DOC_JUDG_CJ_2005_0356_20070419,2006-09-07
DOC_JUDG_CJ_2005_0359_20070118,2006-09-07
DOC_JUDG_CJ_2005_0359_20070118,2006-10-26
DOC_JUDG_CJ_2005_0362_P_20070607,2007-02-15
DOC_JUDG_CJ_2005_0363_20070628,2006-12-13
DOC_JUDG_CJ_2005_0363_20070628,2007-03-01
DOC_JUDG_CJ_2005_0366_20070621,2007-01-25
DOC_JUDG_CJ_2005_0366_20070621,2006-10-26
DOC_JUDG_CJ_2005_0367_20070718,2006-12-05
DOC_JUDG_CJ_2005_0367_20070718,2006-07-04
DOC_JUDG_CJ_2005_0370_20070125,2006-10-03
DOC_JUDG_CJ_2005_0370_20070125,2006-07-12
DOC_JUDG_CJ_2005_0371_20080717,2008-04-24
DOC_JUDG_CJ_2005_0372_20091215,2009-02-10
DOC_JUDG_CJ_2005_0372_20091215,2008-11-25
DOC_JUDG_CJ_2005_0374_20071108,2006-12-07
DOC_JUDG_CJ_2005_0374_20071108,2007-02-13
DOC_JUDG_CJ_2005_0376_20061130,2006-09-07
DOC_JUDG_CJ_2005_0376_20061130,2006-09-28
DOC_JUDG_CJ_2005_0379_20071108,2007-06-07
DOC_JUDG_CJ_2005_0379_20071108,2007-01-25
DOC_JUDG_CJ_2005_0380_20080131,2007-09-12
DOC_JUDG_CJ_2005_0380_20080131,2006-11-30
DOC_JUDG_CJ_2005_0381_20070419,2006-11-30
DOC_JUDG_CJ_2005_0381_20070419,2006-09-21
DOC_JUDG_CJ_2005_0382_20070718,2007-03-08
DOC_JUDG_CJ_2005_0383_20070322,2006-11-16
DOC_JUDG_CJ_2005_0384_20070111,2006-09-14
DOC_JUDG_CJ_2005_0385_20070118,2006-06-07
DOC_JUDG_CJ_2005_0385_20070118,2006-09-12
DOC_JUDG_CJ_2005_0386_20070503,2006-11-23
DOC_JUDG_CJ_2005_0386_20070503,2007-02-15
DOC_JUDG_CJ_2005_0387_20091215,2008-11-25
DOC_JUDG_CJ_2005_0387_20091215,2009-02-10
DOC_JUDG_CJ_2005_0388_20070920,2007-05-03
DOC_JUDG_CJ_2005_0389_20080717,2008-04-03
DOC_JUDG_CJ_2005_0389_20080717,2007-05-03
DOC_JUDG_CJ_2005_0391_20070301,2006-11-08
DOC_JUDG_CJ_2005_0391_20070301,2006-12-14
DOC_JUDG_CJ_2005_0392_20070426,2006-12-14
DOC_JUDG_CJ_2005_0392_20070426,2007-01-25
DOC_JUDG_CJ_2005_0393_20071129,2007-07-12
DOC_JUDG_CJ_2005_0396_20071218,2007-06-28
DOC_JUDG_CJ_2005_0396_20071218,2007-03-06
DOC_JUDG_CJ_2005_0398_20080228,2007-06-21
DOC_JUDG_CJ_2005_0399_20070718,2007-04-25
DOC_JUDG_CJ_2005_0400_20070111,2006-11-16
DOC_JUDG_CJ_2005_0401_20061214,2006-09-07
DOC_JUDG_CJ_2005_0402_P_20080903,2007-10-02
DOC_JUDG_CJ_2005_0402_P_20080903,2008-01-23
DOC_JUDG_CJ_2005_0402_P_20080903,2008-01-16
DOC_JUDG_CJ_2005_0403_20071023,2007-05-22
DOC_JUDG_CJ_2005_0403_20071023,2007-03-20
DOC_JUDG_CJ_2005_0404_20071129,2007-07-12
DOC_JUDG_CJ_2005_0409_20091215,2008-11-25
DOC_JUDG_CJ_2005_0409_20091215,2009-02-10
DOC_JUDG_CJ_2005_0411_20071016,2006-11-21
DOC_JUDG_CJ_2005_0411_20071016,2007-02-15
DOC_JUDG_CJ_2005_0412_P_20070426,2006-10-26
DOC_JUDG_CJ_2005_0412_P_20070426,2006-09-27
DOC_JUDG_CJ_2005_0417_P_20060914,2006-05-17
DOC_JUDG_CJ_2005_0421_20070118,2006-10-26
DOC_JUDG_CJ_2005_0422_20070614,2007-01-25
DOC_JUDG_CJ_2005_0423_20070329,2007-02-14
DOC_JUDG_CJ_2005_0424_P_20070621,2007-03-15
DOC_JUDG_CJ_2005_0424_P_20070621,2006-09-13
DOC_JUDG_CJ_2005_0426_20080221,2007-02-15
DOC_JUDG_CJ_2005_0426_20080221,2006-12-13
DOC_JUDG_CJ_2005_0427_20071025,2007-05-08
DOC_JUDG_CJ_2005_0427_20071025,2007-02-15
DOC_JUDG_CJ_2005_0428_20070621,2007-01-17
DOC_JUDG_CJ_2005_0429_20071004,2007-03-29
DOC_JUDG_CJ_2005_0429_20071004,2007-02-08
DOC_JUDG_CJ_2005_0430_20070705,2007-03-08
DOC_JUDG_CJ_2005_0430_20070705,2007-01-11
DOC_JUDG_CJ_2005_0431_20070911,2007-01-23
DOC_JUDG_CJ_2005_0431_20070911,2006-11-28
DOC_JUDG_CJ_2005_0432_20070313,2006-11-30
DOC_JUDG_CJ_2005_0432_20070313,2006-10-03
DOC_JUDG_CJ_2005_0433_20100415,2009-12-17
DOC_JUDG_CJ_2005_0434_20070614,2006-12-14
DOC_JUDG_CJ_2005_0434_20070614,2007-03-08
DOC_JUDG_CJ_2005_0435_20070208,2006-11-22
DOC_JUDG_CJ_2005_0438_20071211,2007-01-10
DOC_JUDG_CJ_2005_0438_20071211,2007-05-23
DOC_JUDG_CJ_2005_0439_P_20070913,2007-05-15
DOC_JUDG_CJ_2005_0439_P_20070913,2007-01-24
DOC_JUDG_CJ_2005_0440_20071023,2007-06-28
DOC_JUDG_CJ_2005_0441_20070308,2006-10-26
DOC_JUDG_CJ_2005_0441_20070308,2006-09-07
DOC_JUDG_CJ_2005_0442_20080403,2007-07-10
DOC_JUDG_CJ_2005_0442_20080403,2007-05-10
DOC_JUDG_CJ_2005_0443_P_20070913,2007-03-01
DOC_JUDG_CJ_2005_0443_P_20070913,2006-10-05
DOC_JUDG_CJ_2005_0444_20070419,2006-11-29
DOC_JUDG_CJ_2005_0444_20070419,2007-01-11
DOC_JUDG_CJ_2005_0445_20070614,2007-03-08
DOC_JUDG_CJ_2005_0445_20070614,2006-12-14
DOC_JUDG_CJ_2005_0446_20080313,2007-11-22
DOC_JUDG_CJ_2005_0447_20070308,2006-11-29
DOC_JUDG_CJ_2005_0451_20071011,2007-04-26
DOC_JUDG_CJ_2005_0451_20071011,2007-01-24
DOC_JUDG_CJ_2005_0453_20070621,2007-03-08
DOC_JUDG_CJ_2005_0456_20071206,2007-06-28
DOC_JUDG_CJ_2005_0457_20071004,2007-03-15
DOC_JUDG_CJ_2005_0457_20071004,2007-06-14
DOC_JUDG_CJ_2005_0458_20070913,2006-12-13
DOC_JUDG_CJ_2005_0458_20070913,2007-03-22
DOC_JUDG_CJ_2005_0460_20070718,2007-05-24
DOC_JUDG_CJ_2005_0461_20091215,2009-02-10
DOC_JUDG_CJ_2005_0461_20091215,2008-11-25
DOC_JUDG_CJ_2005_0462_20080612,2008-03-13
DOC_JUDG_CJ_2005_0464_20071025,2007-02-15
DOC_JUDG_CJ_2005_0464_20071025,2006-12-07
DOC_JUDG_CJ_2005_0465_20071213,2007-06-14
DOC_JUDG_CJ_2005_0467_20070628,2007-03-08
DOC_JUDG_CJ_2005_0467_20070628,2007-02-01
DOC_JUDG_CJ_2006_0001_20070628,2007-03-06
DOC_JUDG_CJ_2006_0001_20070628,2006-11-22
DOC_JUDG_CJ_2006_0002_20080212,2007-04-24
DOC_JUDG_CJ_2006_0003_P_20070208,2006-09-13
DOC_JUDG_CJ_2006_0003_P_20070208,2006-11-16
DOC_JUDG_CJ_2006_0005_20080508,2007-06-14
DOC_JUDG_CJ_2006_0005_20080508,2007-03-15
DOC_JUDG_CJ_2006_0006_P_20071122,2007-10-04
DOC_JUDG_CJ_2006_0007_P_20071129,2007-03-22
DOC_JUDG_CJ_2006_0007_P_20071129,2007-06-07
DOC_JUDG_CJ_2006_0008_P_20071129,2007-06-07
DOC_JUDG_CJ_2006_0008_P_20071129,2007-03-22
DOC_JUDG_CJ_2006_0009_P_20071129,2007-06-07
DOC_JUDG_CJ_2006_0009_P_20071129,2007-03-22
DOC_JUDG_CJ_2006_0010_P_20071129,2007-06-07
DOC_JUDG_CJ_2006_0010_P_20071129,2007-03-22
DOC_JUDG_CJ_2006_0011_20071023,2007-01-30
DOC_JUDG_CJ_2006_0011_20071023,2007-03-20
DOC_JUDG_CJ_2006_0014_20080401,2007-12-04
DOC_JUDG_CJ_2006_0015_P_20070322,2007-01-17
DOC_JUDG_CJ_2006_0016_P_20081218,2007-11-29
DOC_JUDG_CJ_2006_0016_P_20081218,2007-10-25
DOC_JUDG_CJ_2006_0017_20070911,2007-01-18
DOC_JUDG_CJ_2006_0017_20070911,2006-11-07
DOC_JUDG_CJ_2006_0037_20080117,2007-09-13
DOC_JUDG_CJ_2006_0037_20080117,2007-03-01
DOC_JUDG_CJ_2006_0038_20100304,2010-01-13
DOC_JUDG_CJ_2006_0055_20080424,2007-03-21
DOC_JUDG_CJ_2006_0055_20080424,2007-07-18
DOC_JUDG_CJ_2006_0056_20070614,2007-01-25
DOC_JUDG_CJ_2006_0059_P_20071206,2007-09-20
DOC_JUDG_CJ_2006_0062_20071218,2007-03-01
DOC_JUDG_CJ_2006_0062_20071218,2007-05-03
DOC_JUDG_CJ_2006_0064_20070614,2007-02-27
DOC_JUDG_CJ_2006_0064_20070614,2007-02-01
DOC_JUDG_CJ_2006_0066_20081120,2008-05-15
DOC_JUDG_CJ_2006_0070_20080110,2007-07-05
DOC_JUDG_CJ_2006_0070_20080110,2007-10-09
DOC_JUDG_CJ_2006_0073_20070628,2007-04-19
DOC_JUDG_CJ_2006_0074_20070920,2007-04-18
DOC_JUDG_CJ_2006_0076_P_20070607,2007-03-01
DOC_JUDG_CJ_2006_0080_20070607,2007-03-29
DOC_JUDG_CJ_2006_0080_20070607,2007-01-25
DOC_JUDG_CJ_2006_0084_20070920,2007-05-24
DOC_JUDG_CJ_2006_0084_20070920,2007-03-15
DOC_JUDG_CJ_2006_0096_20080313,2007-11-15
DOC_JUDG_CJ_2006_0096_20080313,2007-03-01
DOC_JUDG_CJ_2006_0098_20071011,2007-05-24
DOC_JUDG_CJ_2006_0103_20080403,2007-03-07
DOC_JUDG_CJ_2006_0103_20080403,2007-10-18
DOC_JUDG_CJ_2006_0116_20070920,2007-02-08
DOC_JUDG_CJ_2006_0116_20070920,2007-03-15
DOC_JUDG_CJ_2006_0117_20071011,2007-03-08
DOC_JUDG_CJ_2006_0117_20071011,2007-05-08
DOC_JUDG_CJ_2006_0119_20071129,2007-09-06
DOC_JUDG_CJ_2006_0120_P_20080909,2007-07-03
DOC_JUDG_CJ_2006_0120_P_20080909,2008-02-20
DOC_JUDG_CJ_2006_0125_P_20080313,2007-10-18
DOC_JUDG_CJ_2006_0132_20080717,2007-10-25
DOC_JUDG_CJ_2006_0132_20080717,2007-09-12
DOC_JUDG_CJ_2006_0133_20080506,2007-09-27
DOC_JUDG_CJ_2006_0133_20080506,2007-06-20
DOC_JUDG_CJ_2006_0135_P_20071218,2007-09-20
DOC_JUDG_CJ_2006_0143_20071108,2007-03-21
DOC_JUDG_CJ_2006_0144_P_20071004,2007-05-24
DOC_JUDG_CJ_2006_0145_20070705,2007-04-19
DOC_JUDG_CJ_2006_0145_20070705,2007-02-15
DOC_JUDG_CJ_2006_0147_20080515,2007-11-27
DOC_JUDG_CJ_2006_0147_20080515,2007-10-25
DOC_JUDG_CJ_2006_0157_20081002,2008-05-15
DOC_JUDG_CJ_2006_0158_20070621,2007-03-29
DOC_JUDG_CJ_2006_0158_20070621,2007-02-01
DOC_JUDG_CJ_2006_0167_P_20071025,2007-03-22
DOC_JUDG_CJ_2006_0173_20071018,2007-02-28
DOC_JUDG_CJ_2006_0173_20071018,2007-06-07
DOC_JUDG_CJ_2006_0176_P_20071129,2007-09-20
DOC_JUDG_CJ_2006_0177_20070920,2007-04-26
DOC_JUDG_CJ_2006_0179_20071004,2007-06-21
DOC_JUDG_CJ_2006_0180_20090514,2008-07-03
DOC_JUDG_CJ_2006_0180_20090514,2008-09-11
DOC_JUDG_CJ_2006_0181_20070705,2007-02-08
DOC_JUDG_CJ_2006_0181_20070705,2007-04-19
DOC_JUDG_CJ_2006_0182_20070718,2007-03-29
DOC_JUDG_CJ_2006_0186_20071218,2007-04-26
DOC_JUDG_CJ_2006_0193_P_20070920,2007-06-13
DOC_JUDG_CJ_2006_0194_20080520,2007-07-03
DOC_JUDG_CJ_2006_0194_20080520,2007-04-24
DOC_JUDG_CJ_2006_0195_20071018,2007-03-29
DOC_JUDG_CJ_2006_0195_20071018,2007-05-24
DOC_JUDG_CJ_2006_0197_20080417,2007-09-06
DOC_JUDG_CJ_2006_0199_20080212,2007-02-27
DOC_JUDG_CJ_2006_0199_20080212,2007-05-24
DOC_JUDG_CJ_2006_0201_20080221,2007-09-11
DOC_JUDG_CJ_2006_0202_P_20071218,2007-03-22
DOC_JUDG_CJ_2006_0202_P_20071218,2007-04-26
DOC_JUDG_CJ_2006_0205_20090303,2008-07-10
DOC_JUDG_CJ_2006_0205_20090303,2008-05-06
DOC_JUDG_CJ_2006_0206_20080717,2007-05-10
DOC_JUDG_CJ_2006_0206_20080717,2008-01-24
DOC_JUDG_CJ_2006_0207_20080717,2008-02-28
DOC_JUDG_CJ_2006_0207_20080717,2007-03-22
DOC_JUDG_CJ_2006_0208_20070927,2007-03-21
DOC_JUDG_CJ_2006_0210_20081216,2007-07-10
DOC_JUDG_CJ_2006_0210_20081216,2008-05-22
DOC_JUDG_CJ_2006_0211_P_20080124,2007-05-23
DOC_JUDG_CJ_2006_0212_20080401,2007-06-28
DOC_JUDG_CJ_2006_0212_20080401,2007-03-27
DOC_JUDG_CJ_2006_0213_P_20070718,2007-05-10
DOC_JUDG_CJ_2006_0215_20080703,2008-02-14
DOC_JUDG_CJ_2006_0220_20071218,2007-09-20
DOC_JUDG_CJ_2006_0220_20071218,2007-06-14
DOC_JUDG_CJ_2006_0221_20071108,2007-03-29
DOC_JUDG_CJ_2006_0221_20071108,2007-06-21
DOC_JUDG_CJ_2006_0227_20080313,2007-11-15
DOC_JUDG_CJ_2006_0228_20090219,2008-10-08
DOC_JUDG_CJ_2006_0230_20080403,2007-12-06
DOC_JUDG_CJ_2006_0231_20070621,2007-03-01
DOC_JUDG_CJ_2006_0231_20070621,2007-03-29
DOC_JUDG_CJ_2006_0234_P_20070913,2007-03-29
DOC_JUDG_CJ_2006_0238_P_20071025,2007-05-24
DOC_JUDG_CJ_2006_0239_20091215,2008-11-25
DOC_JUDG_CJ_2006_0239_20091215,2009-02-10
DOC_JUDG_CJ_2006_0240_20071025,2007-04-19
DOC_JUDG_CJ_2006_0240_20071025,2007-07-05
DOC_JUDG_CJ_2006_0241_20071011,2007-06-07
DOC_JUDG_CJ_2006_0241_20071011,2007-03-28
DOC_JUDG_CJ_2006_0242_20090917,2008-12-17
DOC_JUDG_CJ_2006_0244_20080214,2007-05-02
DOC_JUDG_CJ_2006_0244_20080214,2007-09-13
DOC_JUDG_CJ_2006_0247_20081106,2008-06-26
DOC_JUDG_CJ_2006_0248_20080313,2007-11-08
DOC_JUDG_CJ_2006_0249_20090303,2008-07-10
DOC_JUDG_CJ_2006_0249_20090303,2008-05-06
DOC_JUDG_CJ_2006_0250_20071213,2007-10-25
DOC_JUDG_CJ_2006_0250_20071213,2007-04-18
DOC_JUDG_CJ_2006_0251_20071108,2007-03-29
DOC_JUDG_CJ_2006_0251_20071108,2007-06-21
DOC_JUDG_CJ_2006_0256_20080117,2007-09-11
DOC_JUDG_CJ_2006_0257_20080124,2007-05-24
DOC_JUDG_CJ_2006_0260_20071108,2007-07-10
DOC_JUDG_CJ_2006_0262_20071122,2007-06-28
DOC_JUDG_CJ_2006_0262_20071122,2007-06-07
DOC_JUDG_CJ_2006_0263_20080228,2007-09-11
DOC_JUDG_CJ_2006_0265_20080410,2007-12-13
DOC_JUDG_CJ_2006_0265_20080410,2007-11-07
DOC_JUDG_CJ_2006_0266_P_20080522,2007-07-05
DOC_JUDG_CJ_2006_0267_20080401,2007-06-19
DOC_JUDG_CJ_2006_0267_20080401,2007-09-06
DOC_JUDG_CJ_2006_0268_20080415,2007-12-05
DOC_JUDG_CJ_2006_0268_20080415,2008-01-09
DOC_JUDG_CJ_2006_0271_20080221,2007-10-25
DOC_JUDG_CJ_2006_0275_20080129,2007-07-18
DOC_JUDG_CJ_2006_0275_20080129,2007-06-05
DOC_JUDG_CJ_2006_0277_20081009,2007-05-23
DOC_JUDG_CJ_2006_0277_20081009,2008-03-13
DOC_JUDG_CJ_2006_0278_20070607,2007-03-29
DOC_JUDG_CJ_2006_0279_20080911,2008-03-13
DOC_JUDG_CJ_2006_0279_20080911,2007-06-07
DOC_JUDG_CJ_2006_0280_20071211,2007-05-15
DOC_JUDG_CJ_2006_0280_20071211,2007-07-03
DOC_JUDG_CJ_2006_0281_20071218,2007-10-10
DOC_JUDG_CJ_2006_0283_20071011,2007-06-28
DOC_JUDG_CJ_2006_0285_20080313,2007-09-13
DOC_JUDG_CJ_2006_0285_20080313,2007-10-25
DOC_JUDG_CJ_2006_0286_20081023,2007-09-13
DOC_JUDG_CJ_2006_0287_20080306,2007-09-13
DOC_JUDG_CJ_2006_0293_20080228,2007-11-08
DOC_JUDG_CJ_2006_0293_20080228,2007-09-13
DOC_JUDG_CJ_2006_0294_20080124,2007-07-18
DOC_JUDG_CJ_2006_0294_20080124,2007-04-26
DOC_JUDG_CJ_2006_0296_20080221,2007-10-04
DOC_JUDG_CJ_2006_0296_20080221,2007-10-25
DOC_JUDG_CJ_2006_0301_20090210,2008-07-01
DOC_JUDG_CJ_2006_0301_20090210,2008-10-14
DOC_JUDG_CJ_2006_0303_20080717,2007-10-09
DOC_JUDG_CJ_2006_0303_20080717,2008-01-31
DOC_JUDG_CJ_2006_0304_P_20080508,2007-10-04
DOC_JUDG_CJ_2006_0304_P_20080508,2007-11-08
DOC_JUDG_CJ_2006_0306_20080403,2007-09-06
DOC_JUDG_CJ_2006_0306_20080403,2007-10-18
DOC_JUDG_CJ_2006_0308_20080603,2007-09-25
DOC_JUDG_CJ_2006_0308_20080603,2007-11-20
DOC_JUDG_CJ_2006_0309_20080410,2007-12-13
DOC_JUDG_CJ_2006_0309_20080410,2007-10-11
DOC_JUDG_CJ_2006_0310_20070718,2007-04-19
DOC_JUDG_CJ_2006_0311_20090129,2008-02-28
DOC_JUDG_CJ_2006_0311_20090129,2007-09-13
DOC_JUDG_CJ_2006_0314_20071218,2007-06-21
DOC_JUDG_CJ_2006_0314_20071218,2007-07-18
DOC_JUDG_CJ_2006_0319_20080619,2007-09-13
DOC_JUDG_CJ_2006_0328_20071122,2007-09-13
DOC_JUDG_CJ_2006_0329_20080626,2007-09-27
DOC_JUDG_CJ_2006_0329_20080626,2008-02-14
DOC_JUDG_CJ_2006_0331_20080403,2007-09-27
DOC_JUDG_CJ_2006_0331_20080403,2008-01-16
DOC_JUDG_CJ_2006_0332_P_20071011,2007-06-21
DOC_JUDG_CJ_2006_0334_20080626,2008-02-14
DOC_JUDG_CJ_2006_0334_20080626,2007-09-27
DOC_JUDG_CJ_2006_0337_20071213,2007-09-06
DOC_JUDG_CJ_2006_0337_20071213,2007-06-14
DOC_JUDG_CJ_2006_0338_20081218,2008-09-04
DOC_JUDG_CJ_2006_0341_P_20080701,2007-12-06
DOC_JUDG_CJ_2006_0345_20090310,2007-11-13
DOC_JUDG_CJ_2006_0345_20090310,2008-04-10
DOC_JUDG_CJ_2006_0346_20080403,2007-09-20
DOC_JUDG_CJ_2006_0346_20080403,2007-07-05
DOC_JUDG_CJ_2006_0347_20080717,2008-04-24
DOC_JUDG_CJ_2006_0347_20080717,2008-02-21
DOC_JUDG_CJ_2006_0348_P_20080221,2007-05-24
DOC_JUDG_CJ_2006_0348_P_20080221,2007-11-22
DOC_JUDG_CJ_2006_0350_20090120,2007-11-20
DOC_JUDG_CJ_2006_0350_20090120,2008-01-24
DOC_JUDG_CJ_2006_0352_20080520,2007-11-29
DOC_JUDG_CJ_2006_0353_20081014,2007-12-11
DOC_JUDG_CJ_2006_0353_20081014,2008-04-24
DOC_JUDG_CJ_2006_0355_20071018,2007-06-14
DOC_JUDG_CJ_2006_0357_20071218,2007-10-18
DOC_JUDG_CJ_2006_0360_20081002,2007-11-08
DOC_JUDG_CJ_2006_0360_20081002,2008-01-10
DOC_JUDG_CJ_2006_0361_20080522,2007-11-29
DOC_JUDG_CJ_2006_0361_20080522,2007-09-19
DOC_JUDG_CJ_2006_0362_P_20090423,2008-10-23
DOC_JUDG_CJ_2006_0362_P_20090423,2008-02-28
DOC_JUDG_CJ_2006_0368_20071218,2007-09-18
DOC_JUDG_CJ_2006_0372_20071213,2007-06-13
DOC_JUDG_CJ_2006_0373_P_20080417,2007-09-20
DOC_JUDG_CJ_2006_0373_P_20080417,2007-12-11
DOC_JUDG_CJ_2006_0374_20071213,2007-09-06
DOC_JUDG_CJ_2006_0380_20081211,2008-02-13
DOC_JUDG_CJ_2006_0380_20081211,2008-07-17
DOC_JUDG_CJ_2006_0383_20080313,2007-06-28
DOC_JUDG_CJ_2006_0393_20080410,2007-10-11
DOC_JUDG_CJ_2006_0393_20080410,2007-11-22
DOC_JUDG_CJ_2006_0399_P_20091203,2009-09-24
DOC_JUDG_CJ_2006_0401_20071206,2007-09-13
DOC_JUDG_CJ_2006_0403_P_20091203,2009-09-24
DOC_JUDG_CJ_2006_0404_20080417,2007-10-04
DOC_JUDG_CJ_2006_0404_20080417,2007-11-15
DOC_JUDG_CJ_2006_0408_20071213,2007-09-19
DOC_JUDG_CJ_2006_0409_20100908,2009-12-09
DOC_JUDG_CJ_2006_0409_20100908,2010-01-26
DOC_JUDG_CJ_2006_0411_20090908,2009-01-13
DOC_JUDG_CJ_2006_0411_20090908,2009-03-26
DOC_JUDG_CJ_2006_0412_20080410,2007-09-20
DOC_JUDG_CJ_2006_0412_20080410,2007-11-21
DOC_JUDG_CJ_2006_0413_P_20080710,2007-11-06
DOC_JUDG_CJ_2006_0413_P_20080710,2007-12-13
DOC_JUDG_CJ_2006_0414_20080515,2008-02-14
DOC_JUDG_CJ_2006_0414_20080515,2007-11-29
DOC_JUDG_CJ_2006_0417_P_20071129,2007-09-06
DOC_JUDG_CJ_2006_0418_P_20080424,2007-06-21
DOC_JUDG_CJ_2006_0418_P_20080424,2008-01-10
DOC_JUDG_CJ_2006_0419_20080214,2007-11-28
DOC_JUDG_CJ_2006_0420_20080311,2007-11-27
DOC_JUDG_CJ_2006_0420_20080311,2007-09-18
DOC_JUDG_CJ_2006_0425_20080221,2007-10-25
DOC_JUDG_CJ_2006_0427_20080923,2008-05-22
DOC_JUDG_CJ_2006_0427_20080923,2007-10-10
DOC_JUDG_CJ_2006_0428_20080911,2008-02-28
DOC_JUDG_CJ_2006_0428_20080911,2008-05-08
DOC_JUDG_CJ_2006_0435_20071127,2007-09-20
DOC_JUDG_CJ_2006_0436_20071218,2007-09-27
DOC_JUDG_CJ_2006_0437_20080313,2007-12-11
DOC_JUDG_CJ_2006_0439_20080522,2007-12-13
DOC_JUDG_CJ_2006_0439_20080522,2007-09-20
DOC_JUDG_CJ_2006_0443_20071011,2007-06-28
DOC_JUDG_CJ_2006_0445_20090324,2008-05-21
DOC_JUDG_CJ_2006_0445_20090324,2008-09-04
DOC_JUDG_CJ_2006_0446_20080228,2007-12-06
DOC_JUDG_CJ_2006_0448_20080717,2008-01-16
DOC_JUDG_CJ_2006_0448_20080717,2007-10-18
DOC_JUDG_CJ_2006_0449_20080214,2007-11-08
DOC_JUDG_CJ_2006_0450_20080214,2007-10-25
DOC_JUDG_CJ_2006_0451_20071206,2007-07-18
DOC_JUDG_CJ_2006_0452_20081016,2008-07-10
DOC_JUDG_CJ_2006_0452_20081016,2007-10-25
DOC_JUDG_CJ_2006_0454_20080619,2008-03-13
DOC_JUDG_CJ_2006_0454_20080619,2008-01-24
DOC_JUDG_CJ_2006_0455_20081125,2007-11-27
DOC_JUDG_CJ_2006_0455_20081125,2008-05-06
DOC_JUDG_CJ_2006_0456_20080417,2008-01-17
DOC_JUDG_CJ_2006_0456_20080417,2007-11-15
DOC_JUDG_CJ_2006_0458_20080612,2008-04-03
DOC_JUDG_CJ_2006_0462_20080522,2008-01-17
DOC_JUDG_CJ_2006_0462_20080522,2007-11-15
DOC_JUDG_CJ_2006_0468_20080916,2008-01-29
DOC_JUDG_CJ_2006_0468_20080916,2008-04-01
DOC_JUDG_CJ_2006_0480_20090609,2008-11-11
DOC_JUDG_CJ_2006_0480_20090609,2009-02-19
DOC_JUDG_CJ_2006_0484_20080710,2007-12-13
DOC_JUDG_CJ_2006_0484_20080710,2008-01-24
DOC_JUDG_CJ_2006_0487_P_20081222,2008-07-17
DOC_JUDG_CJ_2006_0488_P_20080717,2008-03-13
DOC_JUDG_CJ_2006_0489_20090319,2008-11-20
DOC_JUDG_CJ_2006_0491_20080508,2007-11-28
DOC_JUDG_CJ_2006_0494_P_20090430,2008-11-20
DOC_JUDG_CJ_2006_0494_P_20090430,2008-02-21
DOC_JUDG_CJ_2006_0497_P_20090430,2008-11-19
DOC_JUDG_CJ_2006_0498_20080221,2007-11-22
DOC_JUDG_CJ_2006_0499_20080522,2008-02-28
DOC_JUDG_CJ_2006_0501_P_20091006,2009-06-30
DOC_JUDG_CJ_2006_0501_P_20091006,2009-03-18
DOC_JUDG_CJ_2006_0504_20080725,2008-04-03
DOC_JUDG_CJ_2006_0506_20080226,2007-11-27
DOC_JUDG_CJ_2006_0506_20080226,2007-10-16
DOC_JUDG_CJ_2006_0510_P_20090319,2008-05-15
DOC_JUDG_CJ_2006_0511_P_20090709,2008-05-08
DOC_JUDG_CJ_2006_0511_P_20090709,2008-11-06
DOC_JUDG_CJ_2006_0514_P_20080918,2008-01-10
DOC_JUDG_CJ_2006_0518_20090428,2008-05-13
DOC_JUDG_CJ_2006_0518_20090428,2008-09-09
DOC_JUDG_CJ_2006_0521_P_20080717,2008-04-03
DOC_JUDG_CJ_2006_0524_20081216,2008-01-08
DOC_JUDG_CJ_2006_0524_20081216,2008-04-03
DOC_JUDG_CJ_2006_0527_20081016,2008-06-25
DOC_JUDG_CJ_2006_0527_20081016,2008-05-22
DOC_JUDG_CJ_2006_0531_20090519,2008-09-03
DOC_JUDG_CJ_2006_0531_20090519,2008-12-16
DOC_JUDG_CJ_2006_0533_20080612,2007-11-29
DOC_JUDG_CJ_2006_0533_20080612,2008-01-31
DOC_JUDG_CJ_2006_0535_P_20090903,2008-07-10
DOC_JUDG_CJ_2006_0535_P_20090903,2008-10-02
DOC_JUDG_CJ_2007_0001_20081120,2008-07-17
DOC_JUDG_CJ_2007_0002_20080228,2007-10-18
DOC_JUDG_CJ_2007_0002_20080228,2007-11-29
DOC_JUDG_CJ_2007_0011_20080911,2008-03-13
DOC_JUDG_CJ_2007_0011_20080911,2007-12-13
DOC_JUDG_CJ_2007_0014_20080508,2007-10-24
DOC_JUDG_CJ_2007_0014_20080508,2007-11-29
DOC_JUDG_CJ_2007_0016_P_20081009,2008-03-13
DOC_JUDG_CJ_2007_0016_P_20081009,2008-06-12
DOC_JUDG_CJ_2007_0025_20080710,2007-11-22
DOC_JUDG_CJ_2007_0025_20080710,2008-02-26
DOC_JUDG_CJ_2007_0027_20080403,2008-01-24
DOC_JUDG_CJ_2007_0027_20080403,2007-11-21
DOC_JUDG_CJ_2007_0033_20080710,2008-02-14
DOC_JUDG_CJ_2007_0038_P_20081120,2008-05-22
DOC_JUDG_CJ_2007_0038_P_20081120,2008-09-04
DOC_JUDG_CJ_2007_0042_20090908,2008-04-29
DOC_JUDG_CJ_2007_0042_20090908,2008-10-14
DOC_JUDG_CJ_2007_0043_20080911,2008-03-13
DOC_JUDG_CJ_2007_0043_20080911,2007-12-13
DOC_JUDG_CJ_2007_0045_20090212,2008-11-13
DOC_JUDG_CJ_2007_0045_20090212,2008-11-20
DOC_JUDG_CJ_2007_0046_20081113,2008-05-22
DOC_JUDG_CJ_2007_0047_P_20081216,2008-06-12
DOC_JUDG_CJ_2007_0047_P_20081216,2008-02-20
DOC_JUDG_CJ_2007_0048_20081222,2008-02-14
DOC_JUDG_CJ_2007_0048_20081222,2008-07-03
DOC_JUDG_CJ_2007_0049_20080701,2008-03-06
DOC_JUDG_CJ_2007_0049_20080701,2008-01-23
DOC_JUDG_CJ_2007_0052_20081211,2008-06-12
DOC_JUDG_CJ_2007_0052_20081211,2008-09-11
DOC_JUDG_CJ_2007_0054_20080710,2008-03-12
DOC_JUDG_CJ_2007_0054_20080710,2007-11-28
DOC_JUDG_CJ_2007_0055_20080424,2008-01-24
DOC_JUDG_CJ_2007_0071_P_20080717,2008-04-08
DOC_JUDG_CJ_2007_0073_20081216,2008-05-08
DOC_JUDG_CJ_2007_0073_20081216,2008-02-12
DOC_JUDG_CJ_2007_0081_20080313,2008-01-17
DOC_JUDG_CJ_2007_0084_20081204,2008-01-10
DOC_JUDG_CJ_2007_0088_20090305,2008-10-16
DOC_JUDG_CJ_2007_0088_20090305,2008-06-25
DOC_JUDG_CJ_2007_0092_20100429,2009-11-26
DOC_JUDG_CJ_2007_0094_20080717,2008-04-10
DOC_JUDG_CJ_2007_0098_20080306,2007-12-13
DOC_JUDG_CJ_2007_0098_20080306,2007-12-06
DOC_JUDG_CJ_2007_0101_P_20081218,2008-10-16
DOC_JUDG_CJ_2007_0101_P_20081218,2008-04-17
DOC_JUDG_CJ_2007_0102_20080410,2007-12-06
DOC_JUDG_CJ_2007_0102_20080410,2008-01-16
DOC_JUDG_CJ_2007_0113_P_20090326,2008-07-03
DOC_JUDG_CJ_2007_0113_P_20090326,2008-05-08
DOC_JUDG_CJ_2007_0118_20091119,2009-09-10
DOC_JUDG_CJ_2007_0121_20081209,2008-03-12
DOC_JUDG_CJ_2007_0121_20081209,2008-06-05
DOC_JUDG_CJ_2007_0124_20080403,2008-01-10
DOC_JUDG_CJ_2007_0125_P_20090924,2009-03-26
DOC_JUDG_CJ_2007_0125_P_20090924,2008-03-13
DOC_JUDG_CJ_2007_0127_20081216,2008-05-21
DOC_JUDG_CJ_2007_0127_20081216,2008-03-11
DOC_JUDG_CJ_2007_0138_20090212,2008-05-08
DOC_JUDG_CJ_2007_0138_20090212,2008-03-05
DOC_JUDG_CJ_2007_0140_20090115,2008-06-19
DOC_JUDG_CJ_2007_0140_20090115,2008-04-24
DOC_JUDG_CJ_2007_0141_20080911,2008-04-10
DOC_JUDG_CJ_2007_0142_20080725,2008-04-30
DOC_JUDG_CJ_2007_0142_20080725,2008-04-02
DOC_JUDG_CJ_2007_0144_P_20081002,2008-04-10
DOC_JUDG_CJ_2007_0144_P_20081002,2008-05-08
DOC_JUDG_CJ_2007_0150_20090122,2008-10-22
DOC_JUDG_CJ_2007_0151_20081204,2008-01-10
DOC_JUDG_CJ_2007_0152_20080717,2008-02-19
DOC_JUDG_CJ_2007_0152_20080717,2008-04-01
DOC_JUDG_CJ_2007_0155_20081106,2008-06-26
DOC_JUDG_CJ_2007_0155_20081106,2008-05-14
DOC_JUDG_CJ_2007_0157_20081023,2008-07-10
DOC_JUDG_CJ_2007_0158_20081118,2008-04-23
DOC_JUDG_CJ_2007_0158_20081118,2008-07-10
DOC_JUDG_CJ_2007_0161_20081222,2008-06-26
DOC_JUDG_CJ_2007_0161_20081222,2008-09-18
DOC_JUDG_CJ_2007_0162_20080522,2008-01-30
DOC_JUDG_CJ_2007_0164_20080605,2008-01-31
DOC_JUDG_CJ_2007_0164_20080605,2008-02-28
DOC_JUDG_CJ_2007_0165_20080522,2008-02-21
DOC_JUDG_CJ_2007_0166_20090903,2009-04-02
DOC_JUDG_CJ_2007_0169_20090310,2008-09-09
DOC_JUDG_CJ_2007_0169_20090310,2008-02-26
DOC_JUDG_CJ_2007_0171_20090519,2008-12-16
DOC_JUDG_CJ_2007_0171_20090519,2008-09-03
DOC_JUDG_CJ_2007_0173_20080710,2008-03-06
DOC_JUDG_CJ_2007_0185_20090210,2008-09-04
DOC_JUDG_CJ_2007_0185_20090210,2008-06-10
DOC_JUDG_CJ_2007_0187_20080403,2008-01-09
DOC_JUDG_CJ_2007_0188_20080624,2008-01-22
DOC_JUDG_CJ_2007_0188_20080624,2008-03-13
DOC_JUDG_CJ_2007_0198_P_20081222,2008-10-16
DOC_JUDG_CJ_2007_0199_20091112,2008-07-10
DOC_JUDG_CJ_2007_0199_20091112,2009-07-09
DOC_JUDG_CJ_2007_0200_20081021,2008-04-08
DOC_JUDG_CJ_2007_0200_20081021,2008-06-26
DOC_JUDG_CJ_2007_0202_P_20090402,2008-09-25
DOC_JUDG_CJ_2007_0202_P_20090402,2008-04-03
DOC_JUDG_CJ_2007_0203_P_20081106,2008-03-05
DOC_JUDG_CJ_2007_0203_P_20081106,2008-05-08
DOC_JUDG_CJ_2007_0204_P_20080725,2008-03-13
DOC_JUDG_CJ_2007_0204_P_20080725,2008-01-10
DOC_JUDG_CJ_2007_0205_20081216,2008-07-17
DOC_JUDG_CJ_2007_0205_20081216,2008-05-20
DOC_JUDG_CJ_2007_0207_20080717,2008-04-17
DOC_JUDG_CJ_2007_0208_20090716,2008-06-12
DOC_JUDG_CJ_2007_0208_20090716,2008-09-11
DOC_JUDG_CJ_2007_0209_20081120,2008-06-04
DOC_JUDG_CJ_2007_0209_20081120,2008-09-04
DOC_JUDG_CJ_2007_0213_20081216,2008-10-08
DOC_JUDG_CJ_2007_0213_20081216,2008-03-04
DOC_JUDG_CJ_2007_0214_20081113,2008-06-12
DOC_JUDG_CJ_2007_0219_20080619,2008-04-16
DOC_JUDG_CJ_2007_0222_20090305,2008-07-03
DOC_JUDG_CJ_2007_0222_20090305,2008-09-04
DOC_JUDG_CJ_2007_0226_20080717,2008-04-10
DOC_JUDG_CJ_2007_0227_20081113,2008-06-10
DOC_JUDG_CJ_2007_0228_20080911,2008-05-15
DOC_JUDG_CJ_2007_0228_20080911,2008-04-03
DOC_JUDG_CJ_2007_0237_20080725,2008-06-05
DOC_JUDG_CJ_2007_0239_20081009,2008-06-12
DOC_JUDG_CJ_2007_0239_20081009,2008-04-24
DOC_JUDG_CJ_2007_0240_20090120,2008-05-22
DOC_JUDG_CJ_2007_0240_20090120,2008-04-15
DOC_JUDG_CJ_2007_0241_20090604,2008-10-23
DOC_JUDG_CJ_2007_0241_20090604,2008-04-10
DOC_JUDG_CJ_2007_0246_20100420,2009-04-29
DOC_JUDG_CJ_2007_0246_20100420,2009-10-01
DOC_JUDG_CJ_2007_0248_20081106,2008-05-08
DOC_JUDG_CJ_2007_0250_20090604,2008-10-14
DOC_JUDG_CJ_2007_0250_20090604,2008-12-17
DOC_JUDG_CJ_2007_0251_20080911,2008-05-22
DOC_JUDG_CJ_2007_0251_20080911,2008-04-17
DOC_JUDG_CJ_2007_0252_20081127,2008-06-26
DOC_JUDG_CJ_2007_0252_20081127,2008-04-16
DOC_JUDG_CJ_2007_0253_20081016,2008-07-03
DOC_JUDG_CJ_2007_0256_20090319,2008-06-12
DOC_JUDG_CJ_2007_0256_20090319,2008-10-21
DOC_JUDG_CJ_2007_0260_20090402,2008-06-26
DOC_JUDG_CJ_2007_0260_20090402,2008-09-04
DOC_JUDG_CJ_2007_0261_20090423,2008-06-18
DOC_JUDG_CJ_2007_0261_20090423,2008-10-21
DOC_JUDG_CJ_2007_0265_20080911,2008-03-13
DOC_JUDG_CJ_2007_0265_20080911,2008-04-24
DOC_JUDG_CJ_2007_0269_20090910,2008-12-17
DOC_JUDG_CJ_2007_0269_20090910,2009-03-31
DOC_JUDG_CJ_2007_0270_20090319,2008-09-04
DOC_JUDG_CJ_2007_0275_20090319,2008-04-17
DOC_JUDG_CJ_2007_0275_20090319,2008-06-11
DOC_JUDG_CJ_2007_0276_20080515,2008-03-06
DOC_JUDG_CJ_2007_0278_20090129,2008-09-25
DOC_JUDG_CJ_2007_0278_20090129,2008-04-17
DOC_JUDG_CJ_2007_0281_20090115,2008-09-25
DOC_JUDG_CJ_2007_0282_20081222,2008-09-18
DOC_JUDG_CJ_2007_0282_20081222,2008-05-15
DOC_JUDG_CJ_2007_0283_20081222,2008-10-22
DOC_JUDG_CJ_2007_0285_20081211,2008-11-06
DOC_JUDG_CJ_2007_0285_20081211,2008-04-17
DOC_JUDG_CJ_2007_0286_20080424,2008-01-31
DOC_JUDG_CJ_2007_0287_20090423,2008-09-04
DOC_JUDG_CJ_2007_0288_20080916,2008-04-01
DOC_JUDG_CJ_2007_0288_20080916,2008-06-12
DOC_JUDG_CJ_2007_0290_P_20100902,2010-02-23
DOC_JUDG_CJ_2007_0290_P_20100902,2009-12-17
DOC_JUDG_CJ_2007_0291_20081106,2008-06-17
DOC_JUDG_CJ_2007_0292_20090423,2008-12-04
DOC_JUDG_CJ_2007_0293_20081211,2008-09-25
DOC_JUDG_CJ_2007_0295_P_20081211,2008-06-05
DOC_JUDG_CJ_2007_0297_20081211,2008-04-08
DOC_JUDG_CJ_2007_0298_20081016,2008-05-15
DOC_JUDG_CJ_2007_0300_20090611,2008-12-16
DOC_JUDG_CJ_2007_0300_20090611,2008-06-19
DOC_JUDG_CJ_2007_0301_20091006,2008-06-05
DOC_JUDG_CJ_2007_0301_20091006,2009-04-30
DOC_JUDG_CJ_2007_0302_20090305,2008-10-09
DOC_JUDG_CJ_2007_0302_20090305,2008-11-20
DOC_JUDG_CJ_2007_0303_20090618,2008-12-18
DOC_JUDG_CJ_2007_0303_20090618,2008-11-13
DOC_JUDG_CJ_2007_0304_20081009,2008-07-10
DOC_JUDG_CJ_2007_0306_20081218,2008-06-19
DOC_JUDG_CJ_2007_0306_20081218,2008-05-15
DOC_JUDG_CJ_2007_0308_P_20090219,2008-09-11
DOC_JUDG_CJ_2007_0308_P_20090219,2008-06-05
DOC_JUDG_CJ_2007_0309_20090319,2008-09-04
DOC_JUDG_CJ_2007_0310_20081016,2008-06-03
DOC_JUDG_CJ_2007_0310_20081016,2008-04-16
DOC_JUDG_CJ_2007_0312_20080605,2008-03-06
DOC_JUDG_CJ_2007_0316_20100908,2010-03-04
DOC_JUDG_CJ_2007_0317_20081204,2008-09-11
DOC_JUDG_CJ_2007_0317_20081204,2008-07-10
DOC_JUDG_CJ_2007_0318_20090127,2008-06-17
DOC_JUDG_CJ_2007_0318_20090127,2008-10-14
DOC_JUDG_CJ_2007_0319_P_20090709,2009-03-05
DOC_JUDG_CJ_2007_0319_P_20090709,2008-07-09
DOC_JUDG_CJ_2007_0320_P_20090312,2008-09-25
DOC_JUDG_CJ_2007_0321_20090219,2008-11-06
DOC_JUDG_CJ_2007_0322_P_20090903,2009-04-02
DOC_JUDG_CJ_2007_0322_P_20090903,2008-09-25
DOC_JUDG_CJ_2007_0324_20081113,2008-04-09
DOC_JUDG_CJ_2007_0324_20081113,2008-06-04
DOC_JUDG_CJ_2007_0326_20090326,2008-11-06
DOC_JUDG_CJ_2007_0326_20090326,2008-10-02
DOC_JUDG_CJ_2007_0330_20081204,2008-09-18
DOC_JUDG_CJ_2007_0331_20090423,2008-11-06
DOC_JUDG_CJ_2007_0333_20081222,2008-06-26
DOC_JUDG_CJ_2007_0333_20081222,2008-04-30
DOC_JUDG_CJ_2007_0335_20091006,2009-02-19
DOC_JUDG_CJ_2007_0335_20091006,2009-03-26
DOC_JUDG_CJ_2007_0336_20081222,2008-10-02
DOC_JUDG_CJ_2007_0337_20081218,2008-09-11
DOC_JUDG_CJ_2007_0339_20090212,2008-10-16
DOC_JUDG_CJ_2007_0339_20090212,2008-09-11
DOC_JUDG_CJ_2007_0343_20090702,2008-09-18
DOC_JUDG_CJ_2007_0343_20090702,2008-12-18
DOC_JUDG_CJ_2007_0349_20081218,2008-10-02
DOC_JUDG_CJ_2007_0350_20090305,2008-11-18
DOC_JUDG_CJ_2007_0352_20090402,2008-11-13
DOC_JUDG_CJ_2007_0352_20090402,2008-09-10
DOC_JUDG_CJ_2007_0357_20090423,2009-01-15
DOC_JUDG_CJ_2007_0357_20090423,2008-06-18
DOC_JUDG_CJ_2007_0362_20081211,2008-07-17
DOC_JUDG_CJ_2007_0362_20081211,2008-06-05
DOC_JUDG_CJ_2007_0368_20080925,2008-06-25
DOC_JUDG_CJ_2007_0369_20090707,2009-02-05
DOC_JUDG_CJ_2007_0369_20090707,2008-11-11
DOC_JUDG_CJ_2007_0370_20091001,2009-03-04
DOC_JUDG_CJ_2007_0370_20091001,2009-04-23
DOC_JUDG_CJ_2007_0371_20081211,2008-10-23
DOC_JUDG_CJ_2007_0371_20081211,2008-06-25
DOC_JUDG_CJ_2007_0372_20081002,2008-06-12
DOC_JUDG_CJ_2007_0375_20081120,2008-05-22
DOC_JUDG_CJ_2007_0375_20081120,2008-09-04
DOC_JUDG_CJ_2007_0376_20090219,2008-09-10
DOC_JUDG_CJ_2007_0376_20090219,2008-06-25
DOC_JUDG_CJ_2007_0378_20090423,2008-12-04
DOC_JUDG_CJ_2007_0378_20090423,2008-10-08
DOC_JUDG_CJ_2007_0381_20081106,2008-06-26
DOC_JUDG_CJ_2007_0383_20090115,2008-09-25
DOC_JUDG_CJ_2007_0384_20081218,2008-10-23
DOC_JUDG_CJ_2007_0385_P_20090716,2009-03-31
DOC_JUDG_CJ_2007_0385_P_20090716,2008-12-09
DOC_JUDG_CJ_2007_0387_20081211,2008-09-11
DOC_JUDG_CJ_2007_0388_20090305,2008-07-02
DOC_JUDG_CJ_2007_0388_20090305,2008-09-23
DOC_JUDG_CJ_2007_0390_20091210,2009-03-05
DOC_JUDG_CJ_2007_0391_20081204,2008-09-18
DOC_JUDG_CJ_2007_0391_20081204,2008-06-12
DOC_JUDG_CJ_2007_0394_20090402,2008-10-09
DOC_JUDG_CJ_2007_0394_20090402,2008-12-18
DOC_JUDG_CJ_2007_0396_20081127,2008-09-04
DOC_JUDG_CJ_2007_0397_20090709,2009-03-05
DOC_JUDG_CJ_2007_0397_20090709,2009-01-15
DOC_JUDG_CJ_2007_0402_20091119,2009-07-02
DOC_JUDG_CJ_2007_0402_20091119,2008-09-24
DOC_JUDG_CJ_2007_0403_20081127,2008-06-12
DOC_JUDG_CJ_2007_0404_20081009,2008-07-10
DOC_JUDG_CJ_2007_0404_20081009,2008-06-19
DOC_JUDG_CJ_2007_0405_P_20081106,2008-07-17
DOC_JUDG_CJ_2007_0407_20081211,2008-09-04
DOC_JUDG_CJ_2007_0407_20081211,2008-10-09
DOC_JUDG_CJ_2007_0411_20081002,2008-06-25
DOC_JUDG_CJ_2007_0414_20081222,2008-09-25
DOC_JUDG_CJ_2007_0415_20090402,2008-10-21
DOC_JUDG_CJ_2007_0415_20090402,2008-11-27
DOC_JUDG_CJ_2007_0416_20090910,2009-01-22
DOC_JUDG_CJ_2007_0416_20090910,2009-04-02
DOC_JUDG_CJ_2007_0418_20081127,2008-09-04
DOC_JUDG_CJ_2007_0418_20081127,2008-06-04
DOC_JUDG_CJ_2007_0420_20090428,2008-09-16
DOC_JUDG_CJ_2007_0420_20090428,2008-12-18
DOC_JUDG_CJ_2007_0421_20090402,2008-11-18
DOC_JUDG_CJ_2007_0421_20090402,2008-10-09
DOC_JUDG_CJ_2007_0423_20100422,2009-09-09
DOC_JUDG_CJ_2007_0423_20100422,2009-10-20
DOC_JUDG_CJ_2007_0424_20091203,2009-04-23
DOC_JUDG_CJ_2007_0424_20091203,2009-02-05
DOC_JUDG_CJ_2007_0425_P_20090423,2008-10-15
DOC_JUDG_CJ_2007_0425_P_20090423,2008-11-27
DOC_JUDG_CJ_2007_0427_20090716,2008-11-27
DOC_JUDG_CJ_2007_0427_20090716,2009-01-15
DOC_JUDG_CJ_2007_0428_20090716,2009-02-03
DOC_JUDG_CJ_2007_0428_20090716,2008-11-26
DOC_JUDG_CJ_2007_0429_20090611,2009-03-05
DOC_JUDG_CJ_2007_0429_20090611,2008-12-18
DOC_JUDG_CJ_2007_0430_20090625,2008-09-11
DOC_JUDG_CJ_2007_0430_20090625,2008-11-20
DOC_JUDG_CJ_2007_0431_P_20090402,2008-10-08
DOC_JUDG_CJ_2007_0431_P_20090402,2008-09-11
DOC_JUDG_CJ_2007_0438_20091006,2009-02-19
DOC_JUDG_CJ_2007_0438_20091006,2009-03-26
DOC_JUDG_CJ_2007_0440_P_20090716,2009-02-03
DOC_JUDG_CJ_2007_0440_P_20090716,2008-12-03
DOC_JUDG_CJ_2007_0441_P_20100629,2009-09-17
DOC_JUDG_CJ_2007_0441_P_20100629,2009-06-03
DOC_JUDG_CJ_2007_0442_20081209,2008-06-24
DOC_JUDG_CJ_2007_0442_20081209,2008-09-18
DOC_JUDG_CJ_2007_0443_P_20081222,2008-06-19
DOC_JUDG_CJ_2007_0443_P_20081222,2008-09-04
DOC_JUDG_CJ_2007_0444_20100121,2009-06-18
DOC_JUDG_CJ_2007_0445_P_20090910,2009-02-12
DOC_JUDG_CJ_2007_0446_20090910,2008-12-11
DOC_JUDG_CJ_2007_0446_20090910,2009-05-07
DOC_JUDG_CJ_2007_0457_20090910,2009-05-07
DOC_JUDG_CJ_2007_0458_20090312,2009-01-15
DOC_JUDG_CJ_2007_0459_20090402,2008-09-24
DOC_JUDG_CJ_2007_0459_20090402,2008-11-04
DOC_JUDG_CJ_2007_0460_20090423,2008-10-16
DOC_JUDG_CJ_2007_0460_20090423,2008-12-11
DOC_JUDG_CJ_2007_0465_20090217,2008-07-08
DOC_JUDG_CJ_2007_0465_20090217,2008-09-09
DOC_JUDG_CJ_2007_0466_20090212,2008-11-06
DOC_JUDG_CJ_2007_0466_20090212,2008-09-04
DOC_JUDG_CJ_2007_0473_20090122,2008-11-06
DOC_JUDG_CJ_2007_0473_20090122,2008-09-18
DOC_JUDG_CJ_2007_0475_20090212,2008-11-12
DOC_JUDG_CJ_2007_0478_20090908,2008-12-02
DOC_JUDG_CJ_2007_0478_20090908,2009-02-05
DOC_JUDG_CJ_2007_0479_20090305,2008-11-13
DOC_JUDG_CJ_2007_0481_P_20090716,2009-04-30
DOC_JUDG_CJ_2007_0482_20090903,2009-02-12
DOC_JUDG_CJ_2007_0484_20110616,2010-07-08
DOC_JUDG_CJ_2007_0484_20110616,2010-04-15
DOC_JUDG_CJ_2007_0485_20110526,2010-10-21
DOC_JUDG_CJ_2007_0487_20090618,2008-11-05
DOC_JUDG_CJ_2007_0487_20090618,2009-02-10
DOC_JUDG_CJ_2007_0488_20081218,2008-10-08
DOC_JUDG_CJ_2007_0489_20090903,2009-02-18
DOC_JUDG_CJ_2007_0489_20090903,2008-12-11
DOC_JUDG_CJ_2007_0495_20090115,2008-10-23
DOC_JUDG_CJ_2007_0495_20090115,2008-11-18
DOC_JUDG_CJ_2007_0498_P_20090903,2009-02-03
DOC_JUDG_CJ_2007_0498_P_20090903,2008-10-14
DOC_JUDG_CJ_2007_0502_20090115,2008-11-20
DOC_JUDG_CJ_2007_0504_20090507,2008-12-11
DOC_JUDG_CJ_2007_0505_20091001,2008-12-17
DOC_JUDG_CJ_2007_0505_20091001,2009-02-12
DOC_JUDG_CJ_2007_0509_20090423,2008-12-11
DOC_JUDG_CJ_2007_0514_P_20100921,2009-06-16
DOC_JUDG_CJ_2007_0514_P_20100921,2009-10-01
DOC_JUDG_CJ_2007_0515_20090212,2008-12-22
DOC_JUDG_CJ_2007_0515_20090212,2008-10-16
DOC_JUDG_CJ_2007_0517_20081218,2008-10-23
DOC_JUDG_CJ_2007_0518_20100309,2009-11-12
DOC_JUDG_CJ_2007_0519_P_20090917,2009-04-23
DOC_JUDG_CJ_2007_0519_P_20090917,2009-03-12
DOC_JUDG_CJ_2007_0520_P_20090917,2009-02-19
DOC_JUDG_CJ_2007_0522_20091029,2009-05-14
DOC_JUDG_CJ_2007_0523_20090402,2009-01-29
DOC_JUDG_CJ_2007_0523_20090402,2008-10-22
DOC_JUDG_CJ_2007_0524_20081211,2008-09-10
DOC_JUDG_CJ_2007_0527_20090618,2008-11-27
DOC_JUDG_CJ_2007_0527_20090618,2009-03-26
DOC_JUDG_CJ_2007_0529_20090611,2008-11-19
DOC_JUDG_CJ_2007_0529_20090611,2009-03-12
DOC_JUDG_CJ_2007_0531_20090430,2008-10-16
DOC_JUDG_CJ_2007_0531_20090430,2008-12-18
DOC_JUDG_CJ_2007_0533_20090423,2009-01-27
DOC_JUDG_CJ_2007_0533_20090423,2008-11-20
DOC_JUDG_CJ_2007_0534_P_20090903,2009-03-05
DOC_JUDG_CJ_2007_0534_P_20090903,2009-04-30
DOC_JUDG_CJ_2007_0535_20101014,2009-07-09
DOC_JUDG_CJ_2007_0535_20101014,2010-02-25
DOC_JUDG_CJ_2007_0536_20091029,2009-03-25
DOC_JUDG_CJ_2007_0536_20091029,2009-06-04
DOC_JUDG_CJ_2007_0537_20090716,2008-12-04
DOC_JUDG_CJ_2007_0538_20090519,2008-12-04
DOC_JUDG_CJ_2007_0538_20090519,2009-02-10
DOC_JUDG_CJ_2007_0540_20091119,2009-07-16
DOC_JUDG_CJ_2007_0542_P_20090611,2009-02-12
DOC_JUDG_CJ_2007_0545_20090305,2008-11-27
DOC_JUDG_CJ_2007_0546_20100121,2009-09-30
DOC_JUDG_CJ_2007_0550_P_20100914,2010-02-09
DOC_JUDG_CJ_2007_0550_P_20100914,2010-04-29
DOC_JUDG_CJ_2007_0552_20090217,2008-10-14
DOC_JUDG_CJ_2007_0552_20090217,2008-12-22
DOC_JUDG_CJ_2007_0553_20090507,2008-11-20
DOC_JUDG_CJ_2007_0553_20090507,2008-12-22
DOC_JUDG_CJ_2007_0554_20090716,2009-03-19
DOC_JUDG_CJ_2007_0555_20100119,2009-07-07
DOC_JUDG_CJ_2007_0555_20100119,2009-03-31
DOC_JUDG_CJ_2007_0556_20090305,2008-11-13
DOC_JUDG_CJ_2007_0558_20090707,2009-03-10
DOC_JUDG_CJ_2007_0558_20090707,2009-01-27
DOC_JUDG_CJ_2007_0559_20090326,2008-12-17
DOC_JUDG_CJ_2007_0560_20090604,2008-12-18
DOC_JUDG_CJ_2007_0560_20090604,2009-02-17
DOC_JUDG_CJ_2007_0561_20090611,2009-01-22
DOC_JUDG_CJ_2007_0564_20090611,2009-01-29
DOC_JUDG_CJ_2007_0566_20090618,2008-12-11
DOC_JUDG_CJ_2007_0566_20090618,2009-03-12
DOC_JUDG_CJ_2007_0567_20091001,2009-03-19
DOC_JUDG_CJ_2007_0568_20090604,2009-03-11
DOC_JUDG_CJ_2007_0569_20091001,2009-01-15
DOC_JUDG_CJ_2007_0569_20091001,2009-03-18
DOC_JUDG_CJ_2007_0570_20100601,2009-05-19
DOC_JUDG_CJ_2007_0570_20100601,2009-09-30
DOC_JUDG_CJ_2007_0572_20090611,2008-12-09
DOC_JUDG_CJ_2007_0572_20090611,2008-11-06
DOC_JUDG_CJ_2007_0573_20090910,2009-04-01
DOC_JUDG_CJ_2008_0001_20090219,2008-11-19
DOC_JUDG_CJ_2008_0002_20090903,2009-01-22
DOC_JUDG_CJ_2008_0002_20090903,2009-03-24
DOC_JUDG_CJ_2008_0003_20091001,2009-02-19
DOC_JUDG_CJ_2008_0003_20091001,2008-12-17
DOC_JUDG_CJ_2008_0005_20090716,2008-11-20
DOC_JUDG_CJ_2008_0005_20090716,2009-02-12
DOC_JUDG_CJ_2008_0007_20090702,2009-03-05
DOC_JUDG_CJ_2008_0007_20090702,2009-04-23
DOC_JUDG_CJ_2008_0008_20090604,2009-02-19
DOC_JUDG_CJ_2008_0008_20090604,2009-01-15
DOC_JUDG_CJ_2008_0010_20090319,2009-01-22
DOC_JUDG_CJ_2008_0012_20090716,2008-11-06
DOC_JUDG_CJ_2008_0012_20090716,2009-01-21
DOC_JUDG_CJ_2008_0014_20090625,2009-03-05
DOC_JUDG_CJ_2008_0018_20081120,2008-09-25
DOC_JUDG_CJ_2008_0021_P_20090326,2009-02-05
DOC_JUDG_CJ_2008_0022_20090604,2009-03-12
DOC_JUDG_CJ_2008_0022_20090604,2009-02-04
DOC_JUDG_CJ_2008_0027_20090430,2009-01-28
DOC_JUDG_CJ_2008_0028_P_20100629,2009-06-16
DOC_JUDG_CJ_2008_0028_P_20100629,2009-10-15
DOC_JUDG_CJ_2008_0029_20091029,2008-12-04
DOC_JUDG_CJ_2008_0029_20091029,2009-02-12
DOC_JUDG_CJ_2008_0032_20090702,2009-03-26
DOC_JUDG_CJ_2008_0032_20090702,2009-01-29
DOC_JUDG_CJ_2008_0033_20090611,2009-02-18
DOC_JUDG_CJ_2008_0034_20090514,2009-01-15
DOC_JUDG_CJ_2008_0034_20090514,2009-03-03
DOC_JUDG_CJ_2008_0035_20091015,2009-03-26
DOC_JUDG_CJ_2008_0037_20090903,2009-02-19
DOC_JUDG_CJ_2008_0037_20090903,2009-04-02
DOC_JUDG_CJ_2008_0040_20091006,2009-05-14
DOC_JUDG_CJ_2008_0044_20090910,2009-04-22
DOC_JUDG_CJ_2008_0044_20090910,2009-01-14
DOC_JUDG_CJ_2008_0045_20091223,2009-09-10
DOC_JUDG_CJ_2008_0045_20091223,2009-06-11
DOC_JUDG_CJ_2008_0046_20100908,2009-12-08
DOC_JUDG_CJ_2008_0046_20100908,2010-03-04
DOC_JUDG_CJ_2008_0047_20110524,2010-09-14
DOC_JUDG_CJ_2008_0047_20110524,2010-04-27
DOC_JUDG_CJ_2008_0050_20110524,2010-09-14
DOC_JUDG_CJ_2008_0050_20110524,2010-04-27
DOC_JUDG_CJ_2008_0051_20110524,2010-04-27
DOC_JUDG_CJ_2008_0051_20110524,2010-09-14
DOC_JUDG_CJ_2008_0052_20110524,2010-04-28
DOC_JUDG_CJ_2008_0052_20110524,2010-09-14
DOC_JUDG_CJ_2008_0053_20110524,2010-04-27
DOC_JUDG_CJ_2008_0053_20110524,2010-09-14
DOC_JUDG_CJ_2008_0054_20110524,2010-09-14
DOC_JUDG_CJ_2008_0054_20110524,2010-04-27
DOC_JUDG_CJ_2008_0056_20090716,2009-02-12
DOC_JUDG_CJ_2008_0058_20100608,2009-10-01
DOC_JUDG_CJ_2008_0058_20100608,2009-04-28
DOC_JUDG_CJ_2008_0059_20090423,2008-11-19
DOC_JUDG_CJ_2008_0059_20090423,2008-12-03
DOC_JUDG_CJ_2008_0061_20110524,2010-09-14
DOC_JUDG_CJ_2008_0061_20110524,2010-04-27
DOC_JUDG_CJ_2008_0063_20091029,2009-03-31
DOC_JUDG_CJ_2008_0063_20091029,2009-01-14
DOC_JUDG_CJ_2008_0064_20100909,2010-01-14
DOC_JUDG_CJ_2008_0064_20100909,2010-02-23
DOC_JUDG_CJ_2008_0066_20080717,2008-04-22
DOC_JUDG_CJ_2008_0067_20090212,2008-11-27
DOC_JUDG_CJ_2008_0069_20090716,2009-04-02
DOC_JUDG_CJ_2008_0069_20090716,2009-02-12
DOC_JUDG_CJ_2008_0073_20100413,2009-03-03
DOC_JUDG_CJ_2008_0073_20100413,2009-06-25
DOC_JUDG_CJ_2008_0074_20090423,2009-03-04
DOC_JUDG_CJ_2008_0075_20090430,2009-01-22
DOC_JUDG_CJ_2008_0076_20090910,2009-05-07
DOC_JUDG_CJ_2008_0077_20090319,2009-01-22
DOC_JUDG_CJ_2008_0078_20110908,2010-07-08
DOC_JUDG_CJ_2008_0078_20110908,2010-03-11
DOC_JUDG_CJ_2008_0083_20090402,2008-12-18
DOC_JUDG_CJ_2008_0091_20100413,2009-06-09
DOC_JUDG_CJ_2008_0091_20100413,2009-10-27
DOC_JUDG_CJ_2008_0093_20090212,2008-12-04
DOC_JUDG_CJ_2008_0096_20100415,2009-02-18
DOC_JUDG_CJ_2008_0096_20100415,2009-12-17
DOC_JUDG_CJ_2008_0097_P_20090910,2009-04-23
DOC_JUDG_CJ_2008_0101_20091015,2009-04-30
DOC_JUDG_CJ_2008_0101_20091015,2009-06-30
DOC_JUDG_CJ_2008_0102_20090604,2009-01-21
DOC_JUDG_CJ_2008_0103_20091001,2009-03-12
DOC_JUDG_CJ_2008_0103_20091001,2009-04-30
DOC_JUDG_CJ_2008_0105_20100617,2010-02-11
DOC_JUDG_CJ_2008_0105_20100617,2010-03-25
DOC_JUDG_CJ_2008_0109_20090604,2009-03-12
DOC_JUDG_CJ_2008_0109_20090604,2009-01-29
DOC_JUDG_CJ_2008_0111_20090702,2009-02-04
DOC_JUDG_CJ_2008_0115_20091027,2009-03-10
DOC_JUDG_CJ_2008_0115_20091027,2009-04-22
DOC_JUDG_CJ_2008_0116_20091022,2009-05-14
DOC_JUDG_CJ_2008_0116_20091022,2009-03-11
DOC_JUDG_CJ_2008_0118_20100126,2009-04-22
DOC_JUDG_CJ_2008_0118_20100126,2009-07-09
DOC_JUDG_CJ_2008_0120_20101222,2010-06-10
DOC_JUDG_CJ_2008_0120_20101222,2010-09-16
DOC_JUDG_CJ_2008_0123_20091006,2009-02-17
DOC_JUDG_CJ_2008_0123_20091006,2009-03-24
DOC_JUDG_CJ_2008_0127_20080725,2008-06-03
DOC_JUDG_CJ_2008_0128_20090716,2009-02-05
DOC_JUDG_CJ_2008_0133_20091006,2009-05-19
DOC_JUDG_CJ_2008_0135_20100302,2009-09-30
DOC_JUDG_CJ_2008_0135_20100302,2009-04-21
DOC_JUDG_CJ_2008_0137_20101109,2010-07-06
DOC_JUDG_CJ_2008_0138_20091015,2009-03-12
DOC_JUDG_CJ_2008_0140_20091029,2009-09-03
DOC_JUDG_CJ_2008_0141_P_20091001,2009-05-14
DOC_JUDG_CJ_2008_0141_P_20091001,2009-03-25
DOC_JUDG_CJ_2008_0144_20090604,2009-03-25
DOC_JUDG_CJ_2008_0145_20100506,2009-10-29
DOC_JUDG_CJ_2008_0145_20100506,2009-06-11
DOC_JUDG_CJ_2008_0147_20110510,2010-07-15
DOC_JUDG_CJ_2008_0150_20090507,2009-03-04
DOC_JUDG_CJ_2008_0153_20091006,2009-07-16
DOC_JUDG_CJ_2008_0154_20091112,2009-06-24
DOC_JUDG_CJ_2008_0155_20090611,2009-03-11
DOC_JUDG_CJ_2008_0158_20090604,2009-03-19
DOC_JUDG_CJ_2008_0160_20100429,2010-02-11
DOC_JUDG_CJ_2008_0167_20090423,2009-02-12
DOC_JUDG_CJ_2008_0168_20090716,2009-03-12
DOC_JUDG_CJ_2008_0168_20090716,2009-02-05
DOC_JUDG_CJ_2008_0169_20091117,2009-07-02
DOC_JUDG_CJ_2008_0171_20100708,2009-12-02
DOC_JUDG_CJ_2008_0171_20100708,2009-10-29
DOC_JUDG_CJ_2008_0172_20100225,2009-09-17
DOC_JUDG_CJ_2008_0172_20100225,2009-06-04
DOC_JUDG_CJ_2008_0173_20090618,2009-04-01
DOC_JUDG_CJ_2008_0174_20091029,2009-06-18
DOC_JUDG_CJ_2008_0174_20091029,2009-04-23
DOC_JUDG_CJ_2008_0175_20100302,2009-09-15
DOC_JUDG_CJ_2008_0175_20100302,2009-06-02
DOC_JUDG_CJ_2008_0182_20090917,2009-07-09
DOC_JUDG_CJ_2008_0182_20090917,2009-04-02
DOC_JUDG_CJ_2008_0185_20101021,2010-04-28
DOC_JUDG_CJ_2008_0185_20101021,2010-02-25
DOC_JUDG_CJ_2008_0189_20090716,2009-04-23
DOC_JUDG_CJ_2008_0192_20091112,2009-05-14
DOC_JUDG_CJ_2008_0192_20091112,2009-04-02
DOC_JUDG_CJ_2008_0194_20100701,2009-09-03
DOC_JUDG_CJ_2008_0194_20100701,2009-05-20
DOC_JUDG_CJ_2008_0195_PPU_20080711,2008-06-26
DOC_JUDG_CJ_2008_0195_PPU_20080711,2008-06-27
DOC_JUDG_CJ_2008_0196_20091015,2009-06-02
DOC_JUDG_CJ_2008_0196_20091015,2009-04-02
DOC_JUDG_CJ_2008_0197_20100304,2009-06-18
DOC_JUDG_CJ_2008_0197_20100304,2009-10-22
DOC_JUDG_CJ_2008_0198_20100304,2009-06-18
DOC_JUDG_CJ_2008_0198_20100304,2009-10-22
DOC_JUDG_CJ_2008_0199_20090910,2009-03-11
DOC_JUDG_CJ_2008_0199_20090910,2009-05-14
DOC_JUDG_CJ_2008_0201_20090910,2009-05-06
DOC_JUDG_CJ_2008_0202_P_20090716,2009-03-26
DOC_JUDG_CJ_2008_0202_P_20090716,2009-05-12
DOC_JUDG_CJ_2008_0203_20100603,2009-12-17
DOC_JUDG_CJ_2008_0203_20100603,2009-11-12
DOC_JUDG_CJ_2008_0204_20090709,2009-04-01
DOC_JUDG_CJ_2008_0205_20091210,2009-06-25
DOC_JUDG_CJ_2008_0206_20090910,2009-04-23
DOC_JUDG_CJ_2008_0211_20100615,2010-02-25
DOC_JUDG_CJ_2008_0211_20100615,2009-11-24
DOC_JUDG_CJ_2008_0212_20110630,2010-12-08
DOC_JUDG_CJ_2008_0215_20100415,2009-06-18
DOC_JUDG_CJ_2008_0215_20100415,2009-09-08
DOC_JUDG_CJ_2008_0219_20091001,2009-05-20
DOC_JUDG_CJ_2008_0221_20100304,2009-10-22
DOC_JUDG_CJ_2008_0221_20100304,2009-06-18
DOC_JUDG_CJ_2008_0222_20101006,2010-06-22
DOC_JUDG_CJ_2008_0222_20101006,2010-03-17
DOC_JUDG_CJ_2008_0226_20100114,2009-07-09
DOC_JUDG_CJ_2008_0226_20100114,2009-03-26
DOC_JUDG_CJ_2008_0227_20091217,2009-05-07
DOC_JUDG_CJ_2008_0227_20091217,2009-03-12
DOC_JUDG_CJ_2008_0229_20100112,2009-09-03
DOC_JUDG_CJ_2008_0229_20100112,2009-07-07
DOC_JUDG_CJ_2008_0230_20100429,2009-05-13
DOC_JUDG_CJ_2008_0230_20100429,2009-09-03
DOC_JUDG_CJ_2008_0233_20100114,2009-09-15
DOC_JUDG_CJ_2008_0233_20100114,2009-05-13
DOC_JUDG_CJ_2008_0236_20100323,2009-03-17
DOC_JUDG_CJ_2008_0236_20100323,2009-09-22
DOC_JUDG_CJ_2008_0241_20100304,2009-06-25
DOC_JUDG_CJ_2008_0242_20091022,2009-05-13
DOC_JUDG_CJ_2008_0243_20090604,2009-04-02
DOC_JUDG_CJ_2008_0246_20091029,2009-07-07
DOC_JUDG_CJ_2008_0247_20091001,2009-06-25
DOC_JUDG_CJ_2008_0247_20091001,2009-04-30
DOC_JUDG_CJ_2008_0248_20091217,2009-09-30
DOC_JUDG_CJ_2008_0250_20111201,2011-07-21
DOC_JUDG_CJ_2008_0250_20111201,2010-09-23
DOC_JUDG_CJ_2008_0254_20090716,2009-04-23
DOC_JUDG_CJ_2008_0258_20100603,2009-12-17
DOC_JUDG_CJ_2008_0258_20100603,2009-11-12
DOC_JUDG_CJ_2008_0260_20091210,2009-07-09
DOC_JUDG_CJ_2008_0261_20091022,2009-05-19
DOC_JUDG_CJ_2008_0262_20100610,2009-09-10
DOC_JUDG_CJ_2008_0262_20100610,2009-05-14
DOC_JUDG_CJ_2008_0263_20091015,2009-07-02
DOC_JUDG_CJ_2008_0263_20091015,2009-05-07
DOC_JUDG_CJ_2008_0265_20100420,2009-10-20
DOC_JUDG_CJ_2008_0265_20100420,2009-09-08
DOC_JUDG_CJ_2008_0267_20091006,2009-04-23
DOC_JUDG_CJ_2008_0267_20091006,2009-07-09
DOC_JUDG_CJ_2008_0271_20100715,2010-04-14
DOC_JUDG_CJ_2008_0271_20100715,2010-01-12
DOC_JUDG_CJ_2008_0274_20091029,2009-06-18
DOC_JUDG_CJ_2008_0275_20091015,2009-06-25
DOC_JUDG_CJ_2008_0278_20100325,2009-05-07
DOC_JUDG_CJ_2008_0279_P_20110908,2010-10-14
DOC_JUDG_CJ_2008_0279_P_20110908,2010-12-22
DOC_JUDG_CJ_2008_0280_P_20101014,2010-04-22
DOC_JUDG_CJ_2008_0280_P_20101014,2009-11-25
DOC_JUDG_CJ_2008_0288_20091119,2009-05-14
DOC_JUDG_CJ_2008_0296_PPU_20080812,2008-08-06
DOC_JUDG_CJ_2008_0297_20100304,2009-12-03
DOC_JUDG_CJ_2008_0299_20091210,2009-06-10
DOC_JUDG_CJ_2008_0299_20091210,2009-09-22
DOC_JUDG_CJ_2008_0301_20091022,2009-06-25
DOC_JUDG_CJ_2008_0301_20091022,2009-03-19
DOC_JUDG_CJ_2008_0303_20101222,2010-07-08
DOC_JUDG_CJ_2008_0304_20100114,2009-09-03
DOC_JUDG_CJ_2008_0304_20100114,2009-06-11
DOC_JUDG_CJ_2008_0305_20091223,2009-09-03
DOC_JUDG_CJ_2008_0306_20110526,2010-05-06
DOC_JUDG_CJ_2008_0306_20110526,2010-09-16
DOC_JUDG_CJ_2008_0310_20100223,2009-10-20
DOC_JUDG_CJ_2008_0310_20100223,2009-09-02
DOC_JUDG_CJ_2008_0311_20100121,2009-06-04
DOC_JUDG_CJ_2008_0311_20100121,2009-09-10
DOC_JUDG_CJ_2008_0317_20100318,2009-09-10
DOC_JUDG_CJ_2008_0317_20100318,2009-11-19
DOC_JUDG_CJ_2008_0323_20091210,2009-07-16
DOC_JUDG_CJ_2008_0324_20091015,2009-06-25
DOC_JUDG_CJ_2008_0325_20100316,2009-07-16
DOC_JUDG_CJ_2008_0325_20100316,2009-05-05
DOC_JUDG_CJ_2008_0333_20100128,2009-09-08
DOC_JUDG_CJ_2008_0334_20100708,2009-12-17
DOC_JUDG_CJ_2008_0334_20100708,2010-04-15
DOC_JUDG_CJ_2008_0337_20100225,2009-06-25
DOC_JUDG_CJ_2008_0337_20100225,2009-11-19
DOC_JUDG_CJ_2008_0338_20100624,2009-12-17
DOC_JUDG_CJ_2008_0341_20100112,2009-09-03
DOC_JUDG_CJ_2008_0341_20100112,2009-07-07
DOC_JUDG_CJ_2008_0343_20100114,2024-11-07
DOC_JUDG_CJ_2008_0343_20100114,2025-02-06
DOC_JUDG_CJ_2008_0345_20091210,2009-07-02
DOC_JUDG_CJ_2008_0346_20100422,2009-12-10
DOC_JUDG_CJ_2008_0347_20090917,2009-07-01
DOC_JUDG_CJ_2008_0350_20101028,2009-12-03
DOC_JUDG_CJ_2008_0350_20101028,2010-04-22
DOC_JUDG_CJ_2008_0351_20091112,2009-07-02
DOC_JUDG_CJ_2008_0352_20100520,2009-07-16
DOC_JUDG_CJ_2008_0358_20091202,2009-06-30
DOC_JUDG_CJ_2008_0358_20091202,2009-09-08
DOC_JUDG_CJ_2008_0362_P_20100126,2009-09-15
DOC_JUDG_CJ_2008_0362_P_20100126,2009-06-30
DOC_JUDG_CJ_2008_0363_20091126,2009-07-02
DOC_JUDG_CJ_2008_0365_20100520,2009-11-19
DOC_JUDG_CJ_2008_0365_20100520,2010-01-21
DOC_JUDG_CJ_2008_0366_20090910,2009-05-20
DOC_JUDG_CJ_2008_0370_20100520,2009-10-15
DOC_JUDG_CJ_2008_0371_20111208,2011-03-03
DOC_JUDG_CJ_2008_0371_20111208,2011-04-14
DOC_JUDG_CJ_2008_0373_20100211,2009-07-09
DOC_JUDG_CJ_2008_0375_20100624,2010-01-14
DOC_JUDG_CJ_2008_0378_20100309,2009-10-22
DOC_JUDG_CJ_2008_0378_20100309,2009-09-15
DOC_JUDG_CJ_2008_0381_20100225,2009-09-24
DOC_JUDG_CJ_2008_0382_20110125,2010-06-15
DOC_JUDG_CJ_2008_0382_20110125,2010-09-07
DOC_JUDG_CJ_2008_0385_20101222,2010-09-29
DOC_JUDG_CJ_2008_0386_20100225,2009-09-03
DOC_JUDG_CJ_2008_0386_20100225,2009-10-29
DOC_JUDG_CJ_2008_0388_PPU_20081201,2008-11-04
DOC_JUDG_CJ_2008_0389_20101006,2010-03-17
DOC_JUDG_CJ_2008_0389_20101006,2010-06-22
DOC_JUDG_CJ_2008_0392_20100325,2009-12-10
DOC_JUDG_CJ_2008_0393_20100701,2009-12-17
DOC_JUDG_CJ_2008_0393_20100701,2010-03-11
DOC_JUDG_CJ_2008_0395_20100610,2009-10-29
DOC_JUDG_CJ_2008_0395_20100610,2010-01-21
DOC_JUDG_CJ_2008_0398_P_20100121,2009-09-24
DOC_JUDG_CJ_2008_0399_P_20100902,2010-03-24
DOC_JUDG_CJ_2008_0400_20110324,2010-10-07
DOC_JUDG_CJ_2008_0400_20110324,2010-05-06
DOC_JUDG_CJ_2008_0403_20111004,2010-10-05
DOC_JUDG_CJ_2008_0403_20111004,2011-02-03
DOC_JUDG_CJ_2008_0405_20100211,2009-09-09
DOC_JUDG_CJ_2008_0405_20100211,2009-10-29
DOC_JUDG_CJ_2008_0406_20100128,2009-09-24
DOC_JUDG_CJ_2008_0406_20100128,2009-10-29
DOC_JUDG_CJ_2008_0407_P_20100701,2009-10-22
DOC_JUDG_CJ_2008_0407_P_20100701,2010-02-11
DOC_JUDG_CJ_2008_0408_P_20100225,2009-10-15
DOC_JUDG_CJ_2008_0408_P_20100225,2009-09-09
DOC_JUDG_CJ_2008_0410_20091217,2009-10-29
DOC_JUDG_CJ_2008_0413_P_20100617,2010-02-11
DOC_JUDG_CJ_2008_0413_P_20100617,2009-10-22
DOC_JUDG_CJ_2008_0414_P_20100325,2009-09-03
DOC_JUDG_CJ_2008_0414_P_20100325,2009-10-29
DOC_JUDG_CJ_2008_0419_P_20100318,2009-10-29
DOC_JUDG_CJ_2008_0419_P_20100318,2009-09-16
DOC_JUDG_CJ_2008_0423_20100617,2010-03-11
DOC_JUDG_CJ_2008_0425_20091015,2009-06-18
DOC_JUDG_CJ_2008_0428_20100706,2009-12-15
DOC_JUDG_CJ_2008_0428_20100706,2010-03-09
DOC_JUDG_CJ_2008_0430_20100114,2009-09-24
DOC_JUDG_CJ_2008_0433_20091203,2009-09-16
DOC_JUDG_CJ_2008_0434_20100520,2009-12-03
DOC_JUDG_CJ_2008_0434_20100520,2010-02-04
DOC_JUDG_CJ_2008_0436_20110210,2010-11-11
DOC_JUDG_CJ_2008_0436_20110210,2010-09-15
DOC_JUDG_CJ_2008_0439_20101207,2010-01-20
DOC_JUDG_CJ_2008_0439_20101207,2010-03-25
DOC_JUDG_CJ_2008_0440_20100318,2009-09-17
DOC_JUDG_CJ_2008_0440_20100318,2009-10-27
DOC_JUDG_CJ_2008_0441_20091112,2009-09-17
DOC_JUDG_CJ_2008_0442_20100701,2010-02-04
DOC_JUDG_CJ_2008_0442_20100701,2010-03-25
DOC_JUDG_CJ_2008_0446_20100429,2009-12-17
DOC_JUDG_CJ_2008_0447_20100708,2010-01-14
DOC_JUDG_CJ_2008_0447_20100708,2010-02-23
DOC_JUDG_CJ_2008_0451_20100325,2009-11-17
DOC_JUDG_CJ_2008_0451_20100325,2009-09-23
DOC_JUDG_CJ_2008_0453_20100902,2010-04-29
DOC_JUDG_CJ_2008_0453_20100902,2009-11-19
DOC_JUDG_CJ_2008_0456_20100128,2009-09-24
DOC_JUDG_CJ_2008_0456_20100128,2009-10-29
DOC_JUDG_CJ_2008_0458_20101118,2010-06-03
DOC_JUDG_CJ_2008_0460_20091210,2009-09-09
DOC_JUDG_CJ_2008_0461_20091119,2009-09-09
DOC_JUDG_CJ_2008_0462_20100121,2009-10-29
DOC_JUDG_CJ_2008_0467_20101021,2010-05-11
DOC_JUDG_CJ_2008_0467_20101021,2010-03-04
DOC_JUDG_CJ_2008_0471_20100701,2009-12-17
DOC_JUDG_CJ_2008_0471_20100701,2009-09-17
DOC_JUDG_CJ_2008_0472_20100121,2009-10-22
DOC_JUDG_CJ_2008_0476_P_20091203,2009-09-10
DOC_JUDG_CJ_2008_0480_20100223,2009-09-02
DOC_JUDG_CJ_2008_0480_20100223,2009-10-20
DOC_JUDG_CJ_2008_0482_20101026,2010-06-24
DOC_JUDG_CJ_2008_0482_20101026,2010-04-14
DOC_JUDG_CJ_2008_0484_20100603,2009-09-10
DOC_JUDG_CJ_2008_0484_20100603,2009-10-29
DOC_JUDG_CJ_2008_0486_20100422,2010-01-21
DOC_JUDG_CJ_2008_0492_20100617,2010-02-11
DOC_JUDG_CJ_2008_0499_20101012,2010-02-23
DOC_JUDG_CJ_2008_0499_20101012,2010-05-06
DOC_JUDG_CJ_2008_0506_P_20110721,2011-03-03
DOC_JUDG_CJ_2008_0506_P_20110721,2010-10-07
DOC_JUDG_CJ_2008_0507_20101222,2010-09-09
DOC_JUDG_CJ_2008_0507_20101222,2010-06-03
DOC_JUDG_CJ_2008_0508_20101028,2010-05-11
DOC_JUDG_CJ_2008_0508_20101028,2010-07-01
DOC_JUDG_CJ_2008_0510_20100422,2010-02-11
DOC_JUDG_CJ_2008_0511_20100415,2009-10-29
DOC_JUDG_CJ_2008_0511_20100415,2010-01-28
DOC_JUDG_CJ_2008_0512_20101005,2010-07-15
DOC_JUDG_CJ_2008_0512_20101005,2010-03-02
DOC_JUDG_CJ_2008_0515_20101007,2010-02-25
DOC_JUDG_CJ_2008_0515_20101007,2010-05-05
DOC_JUDG_CJ_2008_0518_20100415,2009-12-17
DOC_JUDG_CJ_2008_0518_20100415,2009-11-12
DOC_JUDG_CJ_2008_0522_20100311,2009-12-10
DOC_JUDG_CJ_2008_0526_20100629,2010-01-28
DOC_JUDG_CJ_2008_0526_20100629,2009-12-02
DOC_JUDG_CJ_2008_0533_20100504,2009-11-17
DOC_JUDG_CJ_2008_0533_20100504,2010-01-28
DOC_JUDG_CJ_2008_0536_20100422,2009-11-19
DOC_JUDG_CJ_2008_0537_P_20101216,2010-05-20
DOC_JUDG_CJ_2008_0538_20100415,2009-12-03
DOC_JUDG_CJ_2008_0538_20100415,2010-01-28
DOC_JUDG_CJ_2008_0540_20101109,2010-03-24
DOC_JUDG_CJ_2008_0540_20101109,2010-01-19
DOC_JUDG_CJ_2008_0542_20100415,2010-02-04
DOC_JUDG_CJ_2008_0543_20101111,2010-04-22
DOC_JUDG_CJ_2008_0550_20100617,2010-01-28
DOC_JUDG_CJ_2008_0554_P_20091112,2009-09-03
DOC_JUDG_CJ_2008_0558_20100708,2009-11-26
DOC_JUDG_CJ_2008_0560_20111215,2011-05-26
DOC_JUDG_CJ_2008_0562_20100225,2009-11-11
DOC_JUDG_CJ_2008_0565_20110329,2010-03-24
DOC_JUDG_CJ_2008_0565_20110329,2010-07-06
DOC_JUDG_CJ_2008_0568_20101209,2010-09-14
DOC_JUDG_CJ_2008_0569_20100603,2010-02-10
DOC_JUDG_CJ_2008_0569_20100603,2009-12-10
DOC_JUDG_CJ_2008_0570_20101021,2010-03-25
DOC_JUDG_CJ_2008_0570_20101021,2010-06-01
DOC_JUDG_CJ_2008_0573_20100715,2010-03-25
DOC_JUDG_CJ_2008_0577_20100729,2010-03-18
DOC_JUDG_CJ_2008_0578_20100304,2009-12-10
DOC_JUDG_CJ_2008_0578_20100304,2009-10-21
DOC_JUDG_CJ_2008_0581_20100930,2010-01-21
DOC_JUDG_CJ_2008_0581_20100930,2010-04-15
DOC_JUDG_CJ_2008_0582_20100715,2010-05-20
DOC_JUDG_CJ_2008_0582_20100715,2010-02-10
DOC_JUDG_CJ_2008_0583_P_20100520,2010-01-28
DOC_JUDG_CJ_2008_0583_P_20100520,2010-03-04
DOC_JUDG_CJ_2008_0585_20101207,2010-03-16
DOC_JUDG_CJ_2008_0585_20101207,2010-05-18
DOC_JUDG_CJ_2009_0001_20100311,2010-01-13
DOC_JUDG_CJ_2009_0002_20100603,2010-02-10
DOC_JUDG_CJ_2009_0003_20100318,2010-01-28
DOC_JUDG_CJ_2009_0016_20101014,2010-04-15
DOC_JUDG_CJ_2009_0016_20101014,2010-02-10
DOC_JUDG_CJ_2009_0019_20100311,2009-10-29
DOC_JUDG_CJ_2009_0019_20100311,2010-01-12
DOC_JUDG_CJ_2009_0020_20110407,2010-05-11
DOC_JUDG_CJ_2009_0020_20110407,2010-06-17
DOC_JUDG_CJ_2009_0025_20100225,2009-12-17
DOC_JUDG_CJ_2009_0027_P_20111221,2010-09-08
DOC_JUDG_CJ_2009_0027_P_20111221,2011-07-14
DOC_JUDG_CJ_2009_0028_20111221,2010-10-19
DOC_JUDG_CJ_2009_0028_20111221,2010-12-16
DOC_JUDG_CJ_2009_0031_20100617,2010-03-04
DOC_JUDG_CJ_2009_0031_20100617,2009-10-20
DOC_JUDG_CJ_2009_0034_20110308,2010-01-26
DOC_JUDG_CJ_2009_0034_20110308,2010-09-30
DOC_JUDG_CJ_2009_0035_20100701,2010-01-28
DOC_JUDG_CJ_2009_0038_P_20100415,2009-12-03
DOC_JUDG_CJ_2009_0038_P_20100415,2009-09-30
DOC_JUDG_CJ_2009_0040_20100729,2010-04-22
DOC_JUDG_CJ_2009_0040_20100729,2010-03-11
DOC_JUDG_CJ_2009_0041_20110303,2010-10-05
DOC_JUDG_CJ_2009_0041_20110303,2010-09-07
DOC_JUDG_CJ_2009_0045_20101012,2010-04-28
DOC_JUDG_CJ_2009_0045_20101012,2010-02-23
DOC_JUDG_CJ_2009_0047_20101125,2010-06-10
DOC_JUDG_CJ_2009_0048_P_20100914,2010-01-26
DOC_JUDG_CJ_2009_0048_P_20100914,2009-11-10
DOC_JUDG_CJ_2009_0049_20101028,2010-04-22
DOC_JUDG_CJ_2009_0049_20101028,2010-06-10
DOC_JUDG_CJ_2009_0050_20110303,2010-06-24
DOC_JUDG_CJ_2009_0051_P_20100624,2010-03-25
DOC_JUDG_CJ_2009_0051_P_20100624,2010-02-11
DOC_JUDG_CJ_2009_0052_20110217,2010-09-02
DOC_JUDG_CJ_2009_0052_20110217,2010-03-18
DOC_JUDG_CJ_2009_0053_20101007,2010-01-21
DOC_JUDG_CJ_2009_0054_P_20100729,2010-03-18
DOC_JUDG_CJ_2009_0056_20100520,2010-02-04
DOC_JUDG_CJ_2009_0057_20101109,2010-06-01
DOC_JUDG_CJ_2009_0057_20101109,2010-03-09
DOC_JUDG_CJ_2009_0058_20100610,2010-03-04
DOC_JUDG_CJ_2009_0058_20100610,2010-03-11
DOC_JUDG_CJ_2009_0061_20101014,2010-02-04
DOC_JUDG_CJ_2009_0061_20101014,2010-05-11
DOC_JUDG_CJ_2009_0062_20100422,2009-12-10
DOC_JUDG_CJ_2009_0062_20100422,2010-02-11
DOC_JUDG_CJ_2009_0063_20100506,2009-12-10
DOC_JUDG_CJ_2009_0063_20100506,2010-01-26
DOC_JUDG_CJ_2009_0065_20110616,2010-05-18
DOC_JUDG_CJ_2009_0065_20110616,2010-02-25
DOC_JUDG_CJ_2009_0066_20100902,2010-02-25
DOC_JUDG_CJ_2009_0066_20100902,2010-02-03
DOC_JUDG_CJ_2009_0067_P_20101014,2010-04-22
DOC_JUDG_CJ_2009_0070_20100715,2010-05-20
DOC_JUDG_CJ_2009_0070_20100715,2010-01-27
DOC_JUDG_CJ_2009_0071_P_20110609,2010-09-16
DOC_JUDG_CJ_2009_0071_P_20110609,2010-12-16
DOC_JUDG_CJ_2009_0072_20101028,2010-02-03
DOC_JUDG_CJ_2009_0072_20101028,2010-04-29
DOC_JUDG_CJ_2009_0074_20100715,2010-04-15
DOC_JUDG_CJ_2009_0074_20100715,2010-03-04
DOC_JUDG_CJ_2009_0075_20100617,2010-03-03
DOC_JUDG_CJ_2009_0077_20101222,2010-04-29
DOC_JUDG_CJ_2009_0077_20101222,2010-07-15
DOC_JUDG_CJ_2009_0081_20101021,2010-03-11
DOC_JUDG_CJ_2009_0081_20101021,2010-06-02
DOC_JUDG_CJ_2009_0082_20100422,2010-02-25
DOC_JUDG_CJ_2009_0083_P_20110524,2010-11-25
DOC_JUDG_CJ_2009_0084_20101118,2010-04-15
DOC_JUDG_CJ_2009_0084_20101118,2010-05-06
DOC_JUDG_CJ_2009_0086_20100610,2010-03-18
DOC_JUDG_CJ_2009_0088_20100211,2009-12-10
DOC_JUDG_CJ_2009_0089_20101216,2010-03-25
DOC_JUDG_CJ_2009_0089_20101216,2010-06-02
DOC_JUDG_CJ_2009_0090_P_20110120,2010-04-29
DOC_JUDG_CJ_2009_0090_P_20110120,2010-09-14
DOC_JUDG_CJ_2009_0092_20101109,2010-02-02
DOC_JUDG_CJ_2009_0092_20101109,2010-06-17
DOC_JUDG_CJ_2009_0094_20100506,2010-01-28
DOC_JUDG_CJ_2009_0096_P_20110329,2010-09-14
DOC_JUDG_CJ_2009_0096_P_20110329,2010-06-02
DOC_JUDG_CJ_2009_0097_20101026,2010-04-13
DOC_JUDG_CJ_2009_0097_20101026,2010-06-17
DOC_JUDG_CJ_2009_0098_20100624,2010-03-04
DOC_JUDG_CJ_2009_0098_20100624,2010-04-22
DOC_JUDG_CJ_2009_0099_20100701,2010-04-15
DOC_JUDG_CJ_2009_0099_20100701,2010-03-25
DOC_JUDG_CJ_2009_0102_20100429,2010-02-11
DOC_JUDG_CJ_2009_0103_20101222,2010-10-26
DOC_JUDG_CJ_2009_0103_20101222,2010-06-03
DOC_JUDG_CJ_2009_0104_20100930,2010-05-06
DOC_JUDG_CJ_2009_0105_20100617,2010-01-21
DOC_JUDG_CJ_2009_0105_20100617,2010-03-04
DOC_JUDG_CJ_2009_0106_P_20111115,2010-11-16
DOC_JUDG_CJ_2009_0106_P_20111115,2011-04-07
DOC_JUDG_CJ_2009_0108_20101202,2010-04-15
DOC_JUDG_CJ_2009_0108_20101202,2010-06-15
DOC_JUDG_CJ_2009_0109_20110310,2010-05-06
DOC_JUDG_CJ_2009_0115_20110512,2010-12-16
DOC_JUDG_CJ_2009_0115_20110512,2010-06-10
DOC_JUDG_CJ_2009_0118_20101222,2010-06-02
DOC_JUDG_CJ_2009_0119_20110405,2010-05-18
DOC_JUDG_CJ_2009_0119_20110405,2010-03-23
DOC_JUDG_CJ_2009_0122_20100422,2010-02-25
DOC_JUDG_CJ_2009_0123_20100429,2010-01-28
DOC_JUDG_CJ_2009_0124_20100429,2010-01-28
DOC_JUDG_CJ_2009_0128_20111018,2011-05-19
DOC_JUDG_CJ_2009_0128_20111018,2010-06-08
DOC_JUDG_CJ_2009_0132_20100930,2010-06-15
DOC_JUDG_CJ_2009_0133_20100930,2010-07-08
DOC_JUDG_CJ_2009_0137_20101216,2010-07-15
DOC_JUDG_CJ_2009_0137_20101216,2010-04-29
DOC_JUDG_CJ_2009_0138_20100520,2010-03-03
DOC_JUDG_CJ_2009_0140_20100610,2010-02-11
DOC_JUDG_CJ_2009_0142_20101118,2010-09-16
DOC_JUDG_CJ_2009_0145_20101123,2010-06-08
DOC_JUDG_CJ_2009_0145_20101123,2010-04-20
DOC_JUDG_CJ_2009_0148_P_20110922,2010-12-02
DOC_JUDG_CJ_2009_0148_P_20110922,2010-09-07
DOC_JUDG_CJ_2009_0151_20100729,2010-05-06
DOC_JUDG_CJ_2009_0152_20101111,2010-07-08
DOC_JUDG_CJ_2009_0153_20101202,2010-09-02
DOC_JUDG_CJ_2009_0154_20101007,2010-07-08
DOC_JUDG_CJ_2009_0155_20110120,2010-05-20
DOC_JUDG_CJ_2009_0156_20101118,2010-07-29
DOC_JUDG_CJ_2009_0159_20101118,2010-07-01
DOC_JUDG_CJ_2009_0159_20101118,2010-09-07
DOC_JUDG_CJ_2009_0160_20100520,2010-03-03
DOC_JUDG_CJ_2009_0161_20110303,2010-09-16
DOC_JUDG_CJ_2009_0161_20110303,2010-07-08
DOC_JUDG_CJ_2009_0162_20101007,2010-03-17
DOC_JUDG_CJ_2009_0162_20101007,2010-05-11
DOC_JUDG_CJ_2009_0163_20101209,2010-07-15
DOC_JUDG_CJ_2009_0163_20101209,2010-06-10
DOC_JUDG_CJ_2009_0165_20110526,2010-12-16
DOC_JUDG_CJ_2009_0165_20110526,2010-10-14
DOC_JUDG_CJ_2009_0168_20110127,2010-06-24
DOC_JUDG_CJ_2009_0168_20110127,2010-04-22
DOC_JUDG_CJ_2009_0173_20101005,2010-06-10
DOC_JUDG_CJ_2009_0175_20101028,2010-06-03
DOC_JUDG_CJ_2009_0176_20110512,2010-10-21
DOC_JUDG_CJ_2009_0176_20110512,2010-12-16
DOC_JUDG_CJ_2009_0188_20100729,2010-05-20
DOC_JUDG_CJ_2009_0191_P_20120216,2011-04-14
DOC_JUDG_CJ_2009_0191_P_20120216,2010-11-18
DOC_JUDG_CJ_2009_0194_P_20110721,2010-06-24
DOC_JUDG_CJ_2009_0194_P_20110721,2010-09-23
DOC_JUDG_CJ_2009_0195_20110728,2011-03-31
DOC_JUDG_CJ_2009_0195_20110728,2010-12-09
DOC_JUDG_CJ_2009_0196_20110614,2010-12-16
DOC_JUDG_CJ_2009_0196_20110614,2010-06-09
DOC_JUDG_CJ_2009_0203_20101028,2010-06-03
DOC_JUDG_CJ_2009_0203_20101028,2010-05-06
DOC_JUDG_CJ_2009_0204_20120214,2010-09-01
DOC_JUDG_CJ_2009_0204_20120214,2011-06-22
DOC_JUDG_CJ_2009_0205_20101021,2010-07-01
DOC_JUDG_CJ_2009_0208_20101222,2010-06-17
DOC_JUDG_CJ_2009_0208_20101222,2010-10-14
DOC_JUDG_CJ_2009_0212_20111110,2011-01-19
DOC_JUDG_CJ_2009_0213_20101125,2010-06-24
DOC_JUDG_CJ_2009_0213_20101125,2010-04-29
DOC_JUDG_CJ_2009_0214_P_20100729,2010-05-11
DOC_JUDG_CJ_2009_0215_20101222,2010-06-17
DOC_JUDG_CJ_2009_0221_20110317,2010-09-07
DOC_JUDG_CJ_2009_0221_20110317,2010-05-20
DOC_JUDG_CJ_2009_0222_20101007,2010-07-01
DOC_JUDG_CJ_2009_0224_20101007,2010-07-01
DOC_JUDG_CJ_2009_0225_20101202,2010-06-24
DOC_JUDG_CJ_2009_0226_20101118,2010-06-29
DOC_JUDG_CJ_2009_0227_20101021,2010-06-24
DOC_JUDG_CJ_2009_0228_20100520,2010-03-18
DOC_JUDG_CJ_2009_0229_20101111,2010-06-17
DOC_JUDG_CJ_2009_0229_20101111,2010-04-22
DOC_JUDG_CJ_2009_0230_20110505,2010-09-14
DOC_JUDG_CJ_2009_0230_20110505,2010-05-11
DOC_JUDG_CJ_2009_0232_20101111,2010-07-01
DOC_JUDG_CJ_2009_0232_20101111,2010-09-02
DOC_JUDG_CJ_2009_0234_20100715,2010-04-22
DOC_JUDG_CJ_2009_0235_20110412,2010-10-07
DOC_JUDG_CJ_2009_0235_20110412,2010-06-30
DOC_JUDG_CJ_2009_0240_20110308,2010-05-04
DOC_JUDG_CJ_2009_0240_20110308,2010-07-15
DOC_JUDG_CJ_2009_0241_20101209,2010-06-17
DOC_JUDG_CJ_2009_0241_20101209,2010-09-28
DOC_JUDG_CJ_2009_0242_20101021,2010-06-03
DOC_JUDG_CJ_2009_0242_20101021,2010-05-06
DOC_JUDG_CJ_2009_0245_20101222,2010-10-07
DOC_JUDG_CJ_2009_0249_20110505,2010-10-19
DOC_JUDG_CJ_2009_0249_20110505,2010-09-02
DOC_JUDG_CJ_2009_0250_20101118,2010-09-02
DOC_JUDG_CJ_2009_0251_20110217,2010-11-18
DOC_JUDG_CJ_2009_0253_20111201,2010-12-09
DOC_JUDG_CJ_2009_0253_20111201,2010-09-23
DOC_JUDG_CJ_2009_0255_20111027,2011-04-14
DOC_JUDG_CJ_2009_0255_20111027,2011-02-09
DOC_JUDG_CJ_2009_0256_20100715,2010-05-20
DOC_JUDG_CJ_2009_0256_20100715,2010-03-17
DOC_JUDG_CJ_2009_0262_20110630,2011-01-13
DOC_JUDG_CJ_2009_0262_20110630,2010-10-27
DOC_JUDG_CJ_2009_0263_P_20110705,2011-01-27
DOC_JUDG_CJ_2009_0263_P_20110705,2010-11-23
DOC_JUDG_CJ_2009_0264_20110915,2011-03-15
DOC_JUDG_CJ_2009_0265_P_20100909,2010-05-06
DOC_JUDG_CJ_2009_0266_20101216,2010-09-23
DOC_JUDG_CJ_2009_0266_20101216,2010-09-09
DOC_JUDG_CJ_2009_0269_20120712,2011-06-29
DOC_JUDG_CJ_2009_0270_20101216,2010-06-10
DOC_JUDG_CJ_2009_0270_20101216,2010-09-07
DOC_JUDG_CJ_2009_0271_20111221,2011-04-14
DOC_JUDG_CJ_2009_0271_20111221,2010-12-16
DOC_JUDG_CJ_2009_0272_P_20111208,2011-02-10
DOC_JUDG_CJ_2009_0272_P_20111208,2010-10-06
DOC_JUDG_CJ_2009_0273_20101222,2010-10-28
DOC_JUDG_CJ_2009_0274_20110310,2010-06-24
DOC_JUDG_CJ_2009_0274_20110310,2010-09-09
DOC_JUDG_CJ_2009_0275_20110317,2010-11-17
DOC_JUDG_CJ_2009_0275_20110317,2010-10-06
DOC_JUDG_CJ_2009_0276_20101202,2010-09-30
DOC_JUDG_CJ_2009_0277_20101222,2010-06-17
DOC_JUDG_CJ_2009_0277_20101222,2010-09-30
DOC_JUDG_CJ_2009_0279_20101222,2010-06-03
DOC_JUDG_CJ_2009_0279_20101222,2010-09-02
DOC_JUDG_CJ_2009_0281_20111124,2011-04-07
DOC_JUDG_CJ_2009_0283_20110217,2010-09-02
DOC_JUDG_CJ_2009_0283_20110217,2010-07-01
DOC_JUDG_CJ_2009_0284_20111020,2010-12-09
DOC_JUDG_CJ_2009_0285_20101207,2010-06-29
DOC_JUDG_CJ_2009_0285_20101207,2010-05-05
DOC_JUDG_CJ_2009_0288_20110414,2010-12-16
DOC_JUDG_CJ_2009_0291_20110407,2010-09-14
DOC_JUDG_CJ_2009_0302_20111006,2011-02-16
DOC_JUDG_CJ_2009_0303_20110714,2011-01-13
DOC_JUDG_CJ_2009_0304_20101222,2010-09-29
DOC_JUDG_CJ_2009_0305_20110505,2010-12-16
DOC_JUDG_CJ_2009_0306_20101021,2010-05-11
DOC_JUDG_CJ_2009_0306_20101021,2010-07-06
DOC_JUDG_CJ_2009_0307_20110210,2010-09-09
DOC_JUDG_CJ_2009_0307_20110210,2010-07-08
DOC_JUDG_CJ_2009_0310_20110915,2010-10-27
DOC_JUDG_CJ_2009_0310_20110915,2010-12-22
DOC_JUDG_CJ_2009_0314_20100930,2010-06-24
DOC_JUDG_CJ_2009_0316_20110505,2010-11-24
DOC_JUDG_CJ_2009_0316_20110505,2010-09-23
DOC_JUDG_CJ_2009_0317_P_20101118,2010-06-24
DOC_JUDG_CJ_2009_0318_P_20111221,2011-07-14
DOC_JUDG_CJ_2009_0319_P_20111221,2011-07-14
DOC_JUDG_CJ_2009_0320_P_20111221,2011-07-14
DOC_JUDG_CJ_2009_0321_P_20110407,2010-09-02
DOC_JUDG_CJ_2009_0322_P_20101118,2010-09-09
DOC_JUDG_CJ_2009_0323_20110922,2011-03-24
DOC_JUDG_CJ_2009_0323_20110922,2010-10-13
DOC_JUDG_CJ_2009_0324_20110712,2010-06-22
DOC_JUDG_CJ_2009_0324_20110712,2010-12-09
DOC_JUDG_CJ_2009_0325_20110721,2010-12-16
DOC_JUDG_CJ_2009_0325_20110721,2011-02-17
DOC_JUDG_CJ_2009_0327_20110414,2010-09-09
DOC_JUDG_CJ_2009_0327_20110414,2010-11-23
DOC_JUDG_CJ_2009_0329_P_20111221,2011-07-14
DOC_JUDG_CJ_2009_0335_P_20120626,2012-03-01
DOC_JUDG_CJ_2009_0336_P_20120626,2011-12-21
DOC_JUDG_CJ_2009_0337_P_20120719,2012-01-19
DOC_JUDG_CJ_2009_0337_P_20120719,2011-11-29
DOC_JUDG_CJ_2009_0338_20101222,2010-09-30
DOC_JUDG_CJ_2009_0339_20101216,2010-09-09
DOC_JUDG_CJ_2009_0343_20100708,2010-04-15
DOC_JUDG_CJ_2009_0343_20100708,2010-05-06
DOC_JUDG_CJ_2009_0345_20101014,2010-07-15
DOC_JUDG_CJ_2009_0345_20101014,2010-05-20
DOC_JUDG_CJ_2009_0346_20110622,2010-11-18
DOC_JUDG_CJ_2009_0346_20110622,2010-09-07
DOC_JUDG_CJ_2009_0347_20110915,2011-03-31
DOC_JUDG_CJ_2009_0347_20110915,2011-01-27
DOC_JUDG_CJ_2009_0348_20120522,2012-03-06
DOC_JUDG_CJ_2009_0348_20120522,2012-01-10
DOC_JUDG_CJ_2009_0351_20101222,2010-11-11
DOC_JUDG_CJ_2009_0352_P_20110329,2010-10-26
DOC_JUDG_CJ_2009_0352_P_20110329,2010-06-29
DOC_JUDG_CJ_2009_0356_20101118,2010-09-16
DOC_JUDG_CJ_2009_0356_20101118,2010-09-02
DOC_JUDG_CJ_2009_0357_PPU_20091130,2009-10-27
DOC_JUDG_CJ_2009_0359_20110203,2010-09-16
DOC_JUDG_CJ_2009_0360_20110614,2010-12-16
DOC_JUDG_CJ_2009_0360_20110614,2010-09-14
DOC_JUDG_CJ_2009_0362_P_20101216,2010-09-02
DOC_JUDG_CJ_2009_0367_20101028,2010-06-17
DOC_JUDG_CJ_2009_0367_20101028,2010-07-15
DOC_JUDG_CJ_2009_0372_20110317,2010-09-15
DOC_JUDG_CJ_2009_0375_20110503,2010-09-21
DOC_JUDG_CJ_2009_0375_20110503,2010-12-07
DOC_JUDG_CJ_2009_0376_20110519,2010-10-28
DOC_JUDG_CJ_2009_0377_20100729,2010-05-20
DOC_JUDG_CJ_2009_0379_20110310,2010-10-06
DOC_JUDG_CJ_2009_0379_20110310,2010-11-11
DOC_JUDG_CJ_2009_0380_P_20120313,2011-03-29
DOC_JUDG_CJ_2009_0380_P_20120313,2011-06-28
DOC_JUDG_CJ_2009_0383_20110609,2011-01-20
DOC_JUDG_CJ_2009_0383_20110609,2010-10-21
DOC_JUDG_CJ_2009_0384_20110505,2010-12-09
DOC_JUDG_CJ_2009_0384_20110505,2010-09-23
DOC_JUDG_CJ_2009_0385_20101021,2010-07-01
DOC_JUDG_CJ_2009_0388_20110630,2010-10-14
DOC_JUDG_CJ_2009_0388_20110630,2011-01-13
DOC_JUDG_CJ_2009_0391_20110512,2010-09-15
DOC_JUDG_CJ_2009_0391_20110512,2010-12-16
DOC_JUDG_CJ_2009_0393_20101222,2010-10-14
DOC_JUDG_CJ_2009_0393_20101222,2010-09-02
DOC_JUDG_CJ_2009_0395_20100930,2010-07-07
DOC_JUDG_CJ_2009_0396_20111020,2011-03-10
DOC_JUDG_CJ_2009_0396_20111020,2011-01-13
DOC_JUDG_CJ_2009_0397_20110721,2010-09-16
DOC_JUDG_CJ_2009_0397_20110721,2011-05-12
DOC_JUDG_CJ_2009_0398_20110906,2010-12-07
DOC_JUDG_CJ_2009_0398_20110906,2010-09-28
DOC_JUDG_CJ_2009_0399_20110622,2010-11-25
DOC_JUDG_CJ_2009_0399_20110622,2011-03-03
DOC_JUDG_CJ_2009_0400_20110728,2011-05-12
DOC_JUDG_CJ_2009_0400_20110728,2011-04-07
DOC_JUDG_CJ_2009_0401_P_20110609,2011-01-27
DOC_JUDG_CJ_2009_0402_20110407,2010-10-28
DOC_JUDG_CJ_2009_0402_20110407,2011-01-27
DOC_JUDG_CJ_2009_0403_PPU_20091223,2009-12-07
DOC_JUDG_CJ_2009_0404_20111124,2011-06-28
DOC_JUDG_CJ_2009_0407_20110331,2010-12-16
DOC_JUDG_CJ_2009_0407_20110331,2010-09-16
DOC_JUDG_CJ_2009_0409_20110609,2011-01-27
DOC_JUDG_CJ_2009_0410_20110512,2010-11-30
DOC_JUDG_CJ_2009_0422_20101202,2010-09-23
DOC_JUDG_CJ_2009_0423_20101028,2010-09-02
DOC_JUDG_CJ_2009_0424_20110405,2010-11-30
DOC_JUDG_CJ_2009_0424_20110405,2010-10-12
DOC_JUDG_CJ_2009_0427_20110728,2011-02-17
DOC_JUDG_CJ_2009_0427_20110728,2010-12-09
DOC_JUDG_CJ_2009_0429_20101125,2010-09-02
DOC_JUDG_CJ_2009_0431_20111013,2010-11-25
DOC_JUDG_CJ_2009_0431_20111013,2011-03-17
DOC_JUDG_CJ_2009_0434_20110505,2010-11-25
DOC_JUDG_CJ_2009_0434_20110505,2010-10-28
DOC_JUDG_CJ_2009_0437_20110303,2010-09-30
DOC_JUDG_CJ_2009_0437_20110303,2010-11-11
DOC_JUDG_CJ_2009_0438_20101222,2010-11-11
DOC_JUDG_CJ_2009_0439_20111013,2010-11-11
DOC_JUDG_CJ_2009_0439_20111013,2011-03-03
DOC_JUDG_CJ_2009_0440_20110303,2010-11-17
DOC_JUDG_CJ_2009_0442_20110906,2010-12-07
DOC_JUDG_CJ_2009_0442_20110906,2011-02-09
DOC_JUDG_CJ_2009_0443_20120419,2011-10-20
DOC_JUDG_CJ_2009_0443_20120419,2012-01-12
DOC_JUDG_CJ_2009_0446_20111201,2010-11-18
DOC_JUDG_CJ_2009_0446_20111201,2011-02-03
DOC_JUDG_CJ_2009_0447_20110913,2011-03-08
DOC_JUDG_CJ_2009_0447_20110913,2011-05-19
DOC_JUDG_CJ_2009_0450_20110331,2010-11-10
DOC_JUDG_CJ_2009_0450_20110331,2010-12-09
DOC_JUDG_CJ_2009_0452_20110519,2010-12-02
DOC_JUDG_CJ_2009_0454_20111013,2011-05-03
DOC_JUDG_CJ_2009_0460_P_20130228,2012-10-18
DOC_JUDG_CJ_2009_0460_P_20130228,2012-02-09
DOC_JUDG_CJ_2009_0462_20110616,2011-03-10
DOC_JUDG_CJ_2009_0462_20110616,2010-12-15
DOC_JUDG_CJ_2009_0463_20110120,2010-10-26
DOC_JUDG_CJ_2009_0464_P_20101202,2010-09-15
DOC_JUDG_CJ_2009_0465_P_20110609,2011-03-10
DOC_JUDG_CJ_2009_0471_P_20110728,2011-05-10
DOC_JUDG_CJ_2009_0474_P_20110728,2011-05-10
DOC_JUDG_CJ_2009_0477_20110310,2010-11-17
DOC_JUDG_CJ_2009_0477_20110310,2010-10-07
DOC_JUDG_CJ_2009_0482_20110922,2010-11-24
DOC_JUDG_CJ_2009_0482_20110922,2011-02-03
DOC_JUDG_CJ_2009_0483_20110915,2011-03-03
DOC_JUDG_CJ_2009_0483_20110915,2011-05-12
DOC_JUDG_CJ_2009_0484_20110317,2010-12-07
DOC_JUDG_CJ_2009_0485_20110630,2010-11-30
DOC_JUDG_CJ_2009_0490_20110127,2010-10-28
DOC_JUDG_CJ_2009_0493_20111006,2011-03-24
DOC_JUDG_CJ_2009_0493_20111006,2011-05-25
DOC_JUDG_CJ_2009_0494_20110217,2010-12-09
DOC_JUDG_CJ_2009_0496_20111117,2011-05-12
DOC_JUDG_CJ_2009_0497_20110310,2010-11-24
DOC_JUDG_CJ_2009_0503_20110721,2010-11-24
DOC_JUDG_CJ_2009_0503_20110721,2011-03-17
DOC_JUDG_CJ_2009_0509_20111025,2010-12-14
DOC_JUDG_CJ_2009_0511_P_20111027,2010-12-09
DOC_JUDG_CJ_2009_0511_P_20111027,2011-01-27
DOC_JUDG_CJ_2009_0517_20101222,2010-11-09
DOC_JUDG_CJ_2009_0518_20110721,2011-04-06
DOC_JUDG_CJ_2009_0520_P_20110929,2010-11-25
DOC_JUDG_CJ_2009_0520_P_20110929,2011-02-17
DOC_JUDG_CJ_2009_0521_P_20110929,2010-11-25
DOC_JUDG_CJ_2009_0521_P_20110929,2011-02-17
DOC_JUDG_CJ_2009_0522_20110414,2011-01-13
DOC_JUDG_CJ_2009_0524_20101222,2010-10-07
DOC_JUDG_CJ_2009_0524_20101222,2010-10-14
DOC_JUDG_CJ_2009_0529_20130124,2012-07-04
DOC_JUDG_CJ_2009_0530_20111027,2010-12-08
DOC_JUDG_CJ_2009_0530_20111027,2011-01-13
DOC_JUDG_CJ_2009_0536_20110616,2011-02-16
DOC_JUDG_CJ_2009_0537_20110505,2010-12-16
DOC_JUDG_CJ_2009_0539_20111115,2011-05-25
DOC_JUDG_CJ_2009_0539_20111115,2011-03-15
DOC_JUDG_CJ_2009_0540_20110310,2010-12-16
DOC_JUDG_CJ_2009_0540_20110310,2010-11-10
DOC_JUDG_CJ_2009_0542_20120614,2012-02-16
DOC_JUDG_CJ_2009_0542_20120614,2011-11-10
DOC_JUDG_CJ_2009_0543_20110505,2010-12-02
DOC_JUDG_CJ_2009_0543_20110505,2011-02-17
DOC_JUDG_CJ_2009_0546_20110331,2011-01-19
DOC_JUDG_CJ_2009_0548_P_20111116,2011-03-29
DOC_JUDG_CJ_2009_0548_P_20111116,2011-06-28
DOC_JUDG_CJ_2009_0550_20100629,2010-05-12
DOC_JUDG_CJ_2009_0552_P_20110324,2010-11-30
DOC_JUDG_CJ_2010_0002_20110721,2011-04-14
DOC_JUDG_CJ_2010_0002_20110721,2011-02-10
DOC_JUDG_CJ_2010_0007_20120329,2011-10-20
DOC_JUDG_CJ_2010_0007_20120329,2011-02-03
DOC_JUDG_CJ_2010_0010_20110616,2011-03-08
DOC_JUDG_CJ_2010_0014_20110721,2011-03-24
DOC_JUDG_CJ_2010_0014_20110721,2011-01-20
DOC_JUDG_CJ_2010_0015_20110721,2011-01-20
DOC_JUDG_CJ_2010_0015_20110721,2011-03-24
DOC_JUDG_CJ_2010_0016_20110217,2010-12-08
DOC_JUDG_CJ_2010_0017_20120214,2011-09-08
DOC_JUDG_CJ_2010_0017_20120214,2011-06-07
DOC_JUDG_CJ_2010_0021_20110721,2011-03-24
DOC_JUDG_CJ_2010_0025_20110210,2010-10-28
DOC_JUDG_CJ_2010_0029_20110315,2010-12-16
DOC_JUDG_CJ_2010_0029_20110315,2010-10-26
DOC_JUDG_CJ_2010_0034_20111018,2011-01-12
DOC_JUDG_CJ_2010_0034_20111018,2011-03-10
DOC_JUDG_CJ_2010_0038_20120906,2012-04-30
DOC_JUDG_CJ_2010_0038_20120906,2012-06-28
DOC_JUDG_CJ_2010_0039_20120510,2011-11-24
DOC_JUDG_CJ_2010_0039_20120510,2011-09-15
DOC_JUDG_CJ_2010_0040_20101124,2010-10-21
DOC_JUDG_CJ_2010_0042_20110414,2011-02-03
DOC_JUDG_CJ_2010_0043_20120911,2011-09-15
DOC_JUDG_CJ_2010_0043_20120911,2011-05-24
DOC_JUDG_CJ_2010_0046_20110714,2011-01-20
DOC_JUDG_CJ_2010_0046_20110714,2011-04-07
DOC_JUDG_CJ_2010_0047_P_20111027,2011-06-09
DOC_JUDG_CJ_2010_0047_P_20111027,2011-04-14
DOC_JUDG_CJ_2010_0051_P_20110310,2010-11-10
DOC_JUDG_CJ_2010_0052_20110609,2011-03-02
DOC_JUDG_CJ_2010_0053_20110915,2011-04-14
DOC_JUDG_CJ_2010_0053_20110915,2011-01-27
DOC_JUDG_CJ_2010_0058_20110908,2011-03-22
DOC_JUDG_CJ_2010_0058_20110908,2011-02-09
DOC_JUDG_CJ_2010_0069_20110728,2011-03-01
DOC_JUDG_CJ_2010_0069_20110728,2011-01-19
DOC_JUDG_CJ_2010_0070_20111124,2011-04-14
DOC_JUDG_CJ_2010_0070_20111124,2011-01-13
DOC_JUDG_CJ_2010_0071_20110728,2011-01-27
DOC_JUDG_CJ_2010_0071_20110728,2011-03-10
DOC_JUDG_CJ_2010_0072_20120216,2011-10-27
DOC_JUDG_CJ_2010_0072_20120216,2011-06-29
DOC_JUDG_CJ_2010_0078_20110217,2010-12-16
DOC_JUDG_CJ_2010_0078_20110217,2010-11-11
DOC_JUDG_CJ_2010_0079_20111201,2011-05-05
DOC_JUDG_CJ_2010_0081_P_20111208,2011-03-31
DOC_JUDG_CJ_2010_0081_P_20111208,2011-09-08
DOC_JUDG_CJ_2010_0082_20110929,2011-03-10
DOC_JUDG_CJ_2010_0083_20111013,2011-06-28
DOC_JUDG_CJ_2010_0085_20110310,2011-01-20
DOC_JUDG_CJ_2010_0087_20110609,2011-03-03
DOC_JUDG_CJ_2010_0089_20110908,2011-02-03
DOC_JUDG_CJ_2010_0089_20110908,2011-05-26
DOC_JUDG_CJ_2010_0092_P_20110113,2010-10-20
DOC_JUDG_CJ_2010_0093_20111027,2011-05-12
DOC_JUDG_CJ_2010_0093_20111027,2011-07-14
DOC_JUDG_CJ_2010_0094_20111020,2011-03-24
DOC_JUDG_CJ_2010_0094_20111020,2011-02-17
DOC_JUDG_CJ_2010_0101_20110707,2011-01-13
DOC_JUDG_CJ_2010_0101_20110707,2011-03-17
DOC_JUDG_CJ_2010_0104_20110721,2011-01-13
DOC_JUDG_CJ_2010_0106_20110728,2011-05-05
DOC_JUDG_CJ_2010_0107_20110512,2011-01-20
DOC_JUDG_CJ_2010_0108_20110906,2011-04-05
DOC_JUDG_CJ_2010_0108_20110906,2011-02-01
DOC_JUDG_CJ_2010_0109_P_20111025,2011-04-14
DOC_JUDG_CJ_2010_0109_P_20111025,2011-01-18
DOC_JUDG_CJ_2010_0110_P_20111025,2011-01-18
DOC_JUDG_CJ_2010_0110_P_20111025,2011-04-14
DOC_JUDG_CJ_2010_0111_20131204,2013-01-17
DOC_JUDG_CJ_2010_0112_20111117,2011-03-31
DOC_JUDG_CJ_2010_0113_20120927,2011-10-27
DOC_JUDG_CJ_2010_0113_20120927,2011-06-30
DOC_JUDG_CJ_2010_0115_20110609,2011-02-10
DOC_JUDG_CJ_2010_0117_20131204,2013-01-17
DOC_JUDG_CJ_2010_0118_20131204,2013-01-17
DOC_JUDG_CJ_2010_0119_20111215,2011-04-14
DOC_JUDG_CJ_2010_0119_20111215,2011-03-10
DOC_JUDG_CJ_2010_0120_20110908,2010-11-30
DOC_JUDG_CJ_2010_0120_20110908,2011-02-17
DOC_JUDG_CJ_2010_0121_20131204,2013-01-17
DOC_JUDG_CJ_2010_0122_20110512,2011-02-03
DOC_JUDG_CJ_2010_0123_20111020,2011-04-13
DOC_JUDG_CJ_2010_0123_20111020,2011-06-16
DOC_JUDG_CJ_2010_0130_20120719,2011-12-07
DOC_JUDG_CJ_2010_0130_20120719,2012-01-31
DOC_JUDG_CJ_2010_0132_20110915,2011-01-13
DOC_JUDG_CJ_2010_0135_20120315,2011-04-07
DOC_JUDG_CJ_2010_0135_20120315,2011-06-29
DOC_JUDG_CJ_2010_0137_20110505,2011-01-13
DOC_JUDG_CJ_2010_0137_20110505,2010-11-10
DOC_JUDG_CJ_2010_0138_20110915,2011-06-09
DOC_JUDG_CJ_2010_0138_20110915,2011-03-17
DOC_JUDG_CJ_2010_0139_20111013,2011-06-16
DOC_JUDG_CJ_2010_0139_20111013,2011-02-10
DOC_JUDG_CJ_2010_0140_20111020,2011-07-07
DOC_JUDG_CJ_2010_0144_20110512,2011-03-10
DOC_JUDG_CJ_2010_0145_20111201,2011-04-12
DOC_JUDG_CJ_2010_0148_20111013,2011-05-26
DOC_JUDG_CJ_2010_0148_20111013,2011-03-17
DOC_JUDG_CJ_2010_0149_20100916,2010-07-07
DOC_JUDG_CJ_2010_0150_20110721,2011-03-17
DOC_JUDG_CJ_2010_0150_20110721,2011-01-19
DOC_JUDG_CJ_2010_0152_20110616,2011-03-03
DOC_JUDG_CJ_2010_0153_20110407,2011-02-03
DOC_JUDG_CJ_2010_0155_20110915,2011-04-14
DOC_JUDG_CJ_2010_0155_20110915,2011-06-16
DOC_JUDG_CJ_2010_0159_20110721,2011-04-05
DOC_JUDG_CJ_2010_0162_20120315,2011-06-29
DOC_JUDG_CJ_2010_0162_20120315,2011-04-07
DOC_JUDG_CJ_2010_0163_20110906,2011-06-09
DOC_JUDG_CJ_2010_0163_20110906,2011-02-15
DOC_JUDG_CJ_2010_0177_20110908,2011-05-12
DOC_JUDG_CJ_2010_0180_20110915,2011-04-12
DOC_JUDG_CJ_2010_0182_20120216,2011-11-24
DOC_JUDG_CJ_2010_0184_20110519,2011-02-09
DOC_JUDG_CJ_2010_0184_20110519,2011-03-31
DOC_JUDG_CJ_2010_0185_20120329,2011-09-29
DOC_JUDG_CJ_2010_0186_20110721,2011-02-09
DOC_JUDG_CJ_2010_0186_20110721,2011-04-14
DOC_JUDG_CJ_2010_0187_20110929,2011-07-21
DOC_JUDG_CJ_2010_0188_20100622,2010-06-02
DOC_JUDG_CJ_2010_0190_20120322,2011-03-31
DOC_JUDG_CJ_2010_0196_20110714,2011-03-24
DOC_JUDG_CJ_2010_0197_20110915,2011-06-09
DOC_JUDG_CJ_2010_0197_20110915,2011-07-07
DOC_JUDG_CJ_2010_0200_P_20110505,2011-01-19
DOC_JUDG_CJ_2010_0201_20110505,2011-02-16
DOC_JUDG_CJ_2010_0209_20120327,2011-05-24
DOC_JUDG_CJ_2010_0209_20120327,2011-03-01
DOC_JUDG_CJ_2010_0211_PPU_20100701,2010-06-14
DOC_JUDG_CJ_2010_0212_20110616,2011-04-07
DOC_JUDG_CJ_2010_0214_20111122,2011-07-07
DOC_JUDG_CJ_2010_0214_20111122,2011-05-03
DOC_JUDG_CJ_2010_0215_20110728,2011-04-07
DOC_JUDG_CJ_2010_0218_20120126,2011-06-28
DOC_JUDG_CJ_2010_0218_20120126,2011-03-30
DOC_JUDG_CJ_2010_0221_P_20120419,2011-09-29
DOC_JUDG_CJ_2010_0221_P_20120419,2011-11-17
DOC_JUDG_CJ_2010_0224_20111013,2011-06-30
DOC_JUDG_CJ_2010_0225_20111020,2011-04-14
DOC_JUDG_CJ_2010_0225_20111020,2011-06-09
DOC_JUDG_CJ_2010_0240_20110915,2011-05-26
DOC_JUDG_CJ_2010_0240_20110915,2011-03-24
DOC_JUDG_CJ_2010_0242_20111221,2011-07-21
DOC_JUDG_CJ_2010_0242_20111221,2011-05-11
DOC_JUDG_CJ_2010_0247_P_20121115,2012-03-07
DOC_JUDG_CJ_2010_0249_P_20120202,2011-05-25
DOC_JUDG_CJ_2010_0249_P_20120202,2011-09-06
DOC_JUDG_CJ_2010_0250_20111221,2011-05-05
DOC_JUDG_CJ_2010_0252_P_20110721,2011-02-10
DOC_JUDG_CJ_2010_0257_20111215,2011-06-21
DOC_JUDG_CJ_2010_0257_20111215,2011-05-04
DOC_JUDG_CJ_2010_0259_20111110,2011-06-30
DOC_JUDG_CJ_2010_0262_20120906,2011-12-01
DOC_JUDG_CJ_2010_0262_20120906,2012-03-08
DOC_JUDG_CJ_2010_0262_20120906,2011-04-13
DOC_JUDG_CJ_2010_0263_20110707,2011-05-05
DOC_JUDG_CJ_2010_0271_20110630,2011-03-24
DOC_JUDG_CJ_2010_0274_20110728,2011-05-26
DOC_JUDG_CJ_2010_0274_20110728,2011-04-14
DOC_JUDG_CJ_2010_0275_20111208,2011-05-26
DOC_JUDG_CJ_2010_0275_20111208,2011-04-13
DOC_JUDG_CJ_2010_0277_20120209,2011-05-05
DOC_JUDG_CJ_2010_0277_20120209,2011-09-06
DOC_JUDG_CJ_2010_0280_20120301,2011-06-22
DOC_JUDG_CJ_2010_0280_20120301,2011-09-15
DOC_JUDG_CJ_2010_0281_P_20111020,2011-03-10
DOC_JUDG_CJ_2010_0281_P_20111020,2011-05-12
DOC_JUDG_CJ_2010_0282_20120124,2011-09-08
DOC_JUDG_CJ_2010_0282_20120124,2011-05-17
DOC_JUDG_CJ_2010_0284_20110721,2011-05-19
DOC_JUDG_CJ_2010_0285_20110609,2011-03-31
DOC_JUDG_CJ_2010_0292_20120315,2011-05-25
DOC_JUDG_CJ_2010_0295_20110922,2011-05-18
DOC_JUDG_CJ_2010_0296_20101109,2010-09-27
DOC_JUDG_CJ_2010_0297_20110908,2011-05-26
DOC_JUDG_CJ_2010_0300_20121023,2012-07-05
DOC_JUDG_CJ_2010_0300_20121023,2012-05-22
DOC_JUDG_CJ_2010_0301_20121018,2011-11-10
DOC_JUDG_CJ_2010_0301_20121018,2012-01-26
DOC_JUDG_CJ_2010_0307_20120619,2011-11-29
DOC_JUDG_CJ_2010_0307_20120619,2011-10-11
DOC_JUDG_CJ_2010_0308_P_20110519,2011-03-17
DOC_JUDG_CJ_2010_0309_20110728,2011-03-31
DOC_JUDG_CJ_2010_0310_20110707,2011-04-14
DOC_JUDG_CJ_2010_0316_20111221,2011-09-15
DOC_JUDG_CJ_2010_0317_P_20110616,2011-03-17
DOC_JUDG_CJ_2010_0318_20120705,2011-09-29
DOC_JUDG_CJ_2010_0318_20120705,2011-06-16
DOC_JUDG_CJ_2010_0319_20111110,2011-05-18
DOC_JUDG_CJ_2010_0322_20111124,2011-05-12
DOC_JUDG_CJ_2010_0322_20111124,2011-07-13
DOC_JUDG_CJ_2010_0323_20111124,2011-06-08
DOC_JUDG_CJ_2010_0327_20111117,2010-05-25
DOC_JUDG_CJ_2010_0327_20111117,2011-09-08
DOC_JUDG_CJ_2010_0334_20120719,2012-03-01
DOC_JUDG_CJ_2010_0337_20120503,2012-03-08
DOC_JUDG_CJ_2010_0338_20120322,2011-09-08
DOC_JUDG_CJ_2010_0338_20120322,2011-10-06
DOC_JUDG_CJ_2010_0342_20121108,2012-07-19
DOC_JUDG_CJ_2010_0342_20121108,2012-05-10
DOC_JUDG_CJ_2010_0344_P_20111020,2011-05-18
DOC_JUDG_CJ_2010_0347_20120117,2011-09-08
DOC_JUDG_CJ_2010_0347_20120117,2011-06-14
DOC_JUDG_CJ_2010_0348_20111110,2011-07-07
DOC_JUDG_CJ_2010_0348_20111110,2011-05-18
DOC_JUDG_CJ_2010_0350_20110728,2011-05-10
DOC_JUDG_CJ_2010_0354_20120301,2011-12-15
DOC_JUDG_CJ_2010_0355_20120905,2012-04-17
DOC_JUDG_CJ_2010_0355_20120905,2012-01-25
DOC_JUDG_CJ_2010_0357_20120510,2011-11-16
DOC_JUDG_CJ_2010_0360_20120216,2011-07-07
DOC_JUDG_CJ_2010_0364_20121016,2012-03-06
DOC_JUDG_CJ_2010_0364_20121016,2012-02-01
DOC_JUDG_CJ_2010_0366_20111221,2011-07-05
DOC_JUDG_CJ_2010_0366_20111221,2011-10-06
DOC_JUDG_CJ_2010_0368_20120510,2011-12-15
DOC_JUDG_CJ_2010_0368_20120510,2011-10-26
DOC_JUDG_CJ_2010_0371_20111129,2011-06-21
DOC_JUDG_CJ_2010_0371_20111129,2011-09-08
DOC_JUDG_CJ_2010_0372_20120216,2011-10-06
DOC_JUDG_CJ_2010_0376_P_20120313,2011-09-06
DOC_JUDG_CJ_2010_0376_P_20120313,2011-11-29
DOC_JUDG_CJ_2010_0378_20120712,2011-09-14
DOC_JUDG_CJ_2010_0378_20120712,2011-12-15
DOC_JUDG_CJ_2010_0382_20111006,2011-06-08
DOC_JUDG_CJ_2010_0384_20111215,2011-09-08
DOC_JUDG_CJ_2010_0385_20121018,2011-09-28
DOC_JUDG_CJ_2010_0386_P_20111208,2011-05-12
DOC_JUDG_CJ_2010_0389_P_20111208,2011-05-12
DOC_JUDG_CJ_2010_0393_20120301,2011-11-17
DOC_JUDG_CJ_2010_0393_20120301,2011-09-08
DOC_JUDG_CJ_2010_0399_P_20130319,2012-06-28
DOC_JUDG_CJ_2010_0399_P_20130319,2012-03-13
DOC_JUDG_CJ_2010_0400_PPU_20101005,2010-09-20
DOC_JUDG_CJ_2010_0402_20111027,2011-05-11
DOC_JUDG_CJ_2010_0403_P_20110728,2011-05-04
DOC_JUDG_CJ_2010_0405_20111110,2011-07-21
DOC_JUDG_CJ_2010_0405_20111110,2011-06-16
DOC_JUDG_CJ_2010_0406_20120502,2011-11-29
DOC_JUDG_CJ_2010_0406_20120502,2011-09-21
DOC_JUDG_CJ_2010_0409_20111215,2011-09-15
DOC_JUDG_CJ_2010_0409_20111215,2011-07-07
DOC_JUDG_CJ_2010_0411_20111221,2011-09-22
DOC_JUDG_CJ_2010_0411_20111221,2011-06-28
DOC_JUDG_CJ_2010_0412_20111117,2011-09-06
DOC_JUDG_CJ_2010_0412_20111117,2011-07-14
DOC_JUDG_CJ_2010_0414_20120329,2011-11-17
DOC_JUDG_CJ_2010_0414_20120329,2011-10-12
DOC_JUDG_CJ_2010_0415_20120419,2012-01-12
DOC_JUDG_CJ_2010_0415_20120419,2011-11-30
DOC_JUDG_CJ_2010_0416_20130115,2012-01-17
DOC_JUDG_CJ_2010_0416_20130115,2012-04-19
DOC_JUDG_CJ_2010_0417_20120329,2011-09-22
DOC_JUDG_CJ_2010_0419_20120426,2011-11-10
DOC_JUDG_CJ_2010_0419_20120426,2011-09-28
DOC_JUDG_CJ_2010_0420_20120301,2011-06-22
DOC_JUDG_CJ_2010_0420_20120301,2011-10-27
DOC_JUDG_CJ_2010_0422_20111124,2011-07-13
DOC_JUDG_CJ_2010_0422_20111124,2011-05-12
DOC_JUDG_CJ_2010_0424_20111221,2011-09-14
DOC_JUDG_CJ_2010_0424_20111221,2011-07-13
DOC_JUDG_CJ_2010_0426_P_20110922,2011-06-09
DOC_JUDG_CJ_2010_0427_20111215,2011-06-16
DOC_JUDG_CJ_2010_0427_20111215,2011-09-15
DOC_JUDG_CJ_2010_0434_20111117,2011-09-06
DOC_JUDG_CJ_2010_0435_20111117,2011-09-08
DOC_JUDG_CJ_2010_0436_20120329,2011-12-08
DOC_JUDG_CJ_2010_0442_20111201,2011-07-07
DOC_JUDG_CJ_2010_0442_20111201,2011-09-06
DOC_JUDG_CJ_2010_0443_20111006,2011-05-19
DOC_JUDG_CJ_2010_0452_P_20120621,2012-02-08
DOC_JUDG_CJ_2010_0454_20111117,2011-07-14
DOC_JUDG_CJ_2010_0456_20120426,2011-11-15
DOC_JUDG_CJ_2010_0457_P_20121206,2012-05-15
DOC_JUDG_CJ_2010_0457_P_20121206,2012-01-12
DOC_JUDG_CJ_2010_0461_20120419,2011-11-17
DOC_JUDG_CJ_2010_0461_20120419,2011-06-30
DOC_JUDG_CJ_2010_0463_P_20111013,2011-05-26
DOC_JUDG_CJ_2010_0463_P_20111013,2011-06-30
DOC_JUDG_CJ_2010_0464_20110714,2011-05-18
DOC_JUDG_CJ_2010_0465_20111221,2011-09-15
DOC_JUDG_CJ_2010_0467_20120301,2011-10-26
DOC_JUDG_CJ_2010_0468_20111124,2011-09-15
DOC_JUDG_CJ_2010_0472_20120426,2011-12-06
DOC_JUDG_CJ_2010_0473_20130228,2012-09-06
DOC_JUDG_CJ_2010_0473_20130228,2012-05-23
DOC_JUDG_CJ_2010_0474_20111020,2011-07-14
DOC_JUDG_CJ_2010_0480_20130425,2012-11-27
DOC_JUDG_CJ_2010_0480_20130425,2012-09-06
DOC_JUDG_CJ_2010_0483_20130228,2012-09-06
DOC_JUDG_CJ_2010_0483_20130228,2012-05-23
DOC_JUDG_CJ_2010_0484_20120301,2011-10-05
DOC_JUDG_CJ_2010_0488_20120216,2011-11-08
DOC_JUDG_CJ_2010_0488_20120216,2011-09-14
DOC_JUDG_CJ_2010_0489_20120605,2011-12-15
DOC_JUDG_CJ_2010_0489_20120605,2011-10-04
DOC_JUDG_CJ_2010_0490_20120906,2012-04-18
DOC_JUDG_CJ_2010_0491_PPU_20101222,2010-12-06
DOC_JUDG_CJ_2010_0492_20111201,2011-09-08
DOC_JUDG_CJ_2010_0495_20111221,2011-09-20
DOC_JUDG_CJ_2010_0495_20111221,2011-10-27
DOC_JUDG_CJ_2010_0497_PPU_20101222,2010-12-01
DOC_JUDG_CJ_2010_0498_20121018,2011-11-17
DOC_JUDG_CJ_2010_0498_20121018,2011-12-21
DOC_JUDG_CJ_2010_0499_20111221,2011-09-29
DOC_JUDG_CJ_2010_0500_20120329,2011-11-17
DOC_JUDG_CJ_2010_0500_20120329,2011-09-22
DOC_JUDG_CJ_2010_0502_20121018,2012-05-15
DOC_JUDG_CJ_2010_0503_20111221,2011-09-14
DOC_JUDG_CJ_2010_0505_20111110,2011-09-20
DOC_JUDG_CJ_2010_0505_20111110,2011-09-13
DOC_JUDG_CJ_2010_0507_20111221,2011-10-20
DOC_JUDG_CJ_2010_0508_20120426,2012-01-19
DOC_JUDG_CJ_2010_0509_20120705,2012-01-18
DOC_JUDG_CJ_2010_0509_20120705,2012-03-29
DOC_JUDG_CJ_2010_0510_20120426,2011-11-24
DOC_JUDG_CJ_2010_0510_20120426,2012-01-17
DOC_JUDG_CJ_2010_0511_20121108,2012-04-26
DOC_JUDG_CJ_2010_0512_20130530,2012-12-13
DOC_JUDG_CJ_2010_0512_20130530,2012-09-20
DOC_JUDG_CJ_2010_0514_20120621,2012-02-02
DOC_JUDG_CJ_2010_0520_20120503,2011-10-13
DOC_JUDG_CJ_2010_0520_20120503,2011-12-08
DOC_JUDG_CJ_2010_0522_20120719,2012-01-12
DOC_JUDG_CJ_2010_0522_20120719,2012-03-01
DOC_JUDG_CJ_2010_0523_20120419,2012-02-16
DOC_JUDG_CJ_2010_0524_20120308,2011-09-14
DOC_JUDG_CJ_2010_0524_20120308,2011-09-22
DOC_JUDG_CJ_2010_0527_20120705,2012-01-26
DOC_JUDG_CJ_2010_0527_20120705,2011-10-27
DOC_JUDG_CJ_2010_0533_20120614,2011-12-08
DOC_JUDG_CJ_2010_0533_20120614,2011-10-06
DOC_JUDG_CJ_2010_0534_P_20121219,2012-04-26
DOC_JUDG_CJ_2010_0534_P_20121219,2012-07-12
DOC_JUDG_CJ_2010_0539_P_20121115,2012-06-06
DOC_JUDG_CJ_2010_0543_20130207,2012-05-03
DOC_JUDG_CJ_2010_0543_20130207,2012-10-18
DOC_JUDG_CJ_2010_0544_20120906,2012-03-29
DOC_JUDG_CJ_2010_0544_20120906,2012-01-19
DOC_JUDG_CJ_2010_0545_20130711,2012-12-13
DOC_JUDG_CJ_2010_0545_20130711,2012-09-20
DOC_JUDG_CJ_2010_0547_P_20130307,2012-09-13
DOC_JUDG_CJ_2010_0547_P_20130307,2012-04-26
DOC_JUDG_CJ_2010_0549_P_20120419,2012-02-02
DOC_JUDG_CJ_2010_0549_P_20120419,2011-11-09
DOC_JUDG_CJ_2010_0551_P_20121106,2012-03-06
DOC_JUDG_CJ_2010_0551_P_20121106,2011-12-13
DOC_JUDG_CJ_2010_0552_P_20121122,2012-05-03
DOC_JUDG_CJ_2010_0553_P_20121106,2012-03-27
DOC_JUDG_CJ_2010_0553_P_20121106,2011-12-13
DOC_JUDG_CJ_2010_0555_20130228,2012-05-23
DOC_JUDG_CJ_2010_0555_20130228,2012-09-06
DOC_JUDG_CJ_2010_0556_20130228,2012-05-23
DOC_JUDG_CJ_2010_0556_20130228,2012-09-06
DOC_JUDG_CJ_2010_0557_20121025,2012-09-06
DOC_JUDG_CJ_2010_0558_20120705,2012-02-16
DOC_JUDG_CJ_2010_0558_20120705,2011-11-23
DOC_JUDG_CJ_2010_0562_20120712,2012-04-18
DOC_JUDG_CJ_2010_0564_20120329,2012-01-26
DOC_JUDG_CJ_2010_0564_20120329,2011-11-17
DOC_JUDG_CJ_2010_0566_P_20121127,2012-06-21
DOC_JUDG_CJ_2010_0566_P_20121127,2012-06-06
DOC_JUDG_CJ_2010_0567_20120322,2011-11-17
DOC_JUDG_CJ_2010_0567_20120322,2011-10-27
DOC_JUDG_CJ_2010_0569_20130627,2012-06-20
DOC_JUDG_CJ_2010_0569_20130627,2012-11-20
DOC_JUDG_CJ_2010_0571_20120424,2011-10-18
DOC_JUDG_CJ_2010_0571_20120424,2011-12-13
DOC_JUDG_CJ_2010_0574_20120315,2011-11-10
DOC_JUDG_CJ_2010_0576_20130711,2013-04-11
DOC_JUDG_CJ_2010_0576_20130711,2013-01-31
DOC_JUDG_CJ_2010_0577_20121219,2012-03-29
DOC_JUDG_CJ_2010_0577_20121219,2012-07-19
DOC_JUDG_CJ_2010_0578_20120426,2011-12-01
DOC_JUDG_CJ_2010_0581_20121023,2012-05-15
DOC_JUDG_CJ_2010_0581_20121023,2012-03-20
DOC_JUDG_CJ_2010_0583_20121018,2012-03-22
DOC_JUDG_CJ_2010_0583_20121018,2012-01-18
DOC_JUDG_CJ_2010_0585_20111215,2011-10-06
DOC_JUDG_CJ_2010_0586_20120126,2011-11-09
DOC_JUDG_CJ_2010_0587_20120927,2012-03-07
DOC_JUDG_CJ_2010_0587_20120927,2012-06-21
DOC_JUDG_CJ_2010_0588_20120126,2011-11-15
DOC_JUDG_CJ_2010_0589_20130516,2012-03-01
DOC_JUDG_CJ_2010_0589_20130516,2012-05-24
DOC_JUDG_CJ_2010_0591_20120719,2011-11-22
DOC_JUDG_CJ_2010_0591_20120719,2012-01-12
DOC_JUDG_CJ_2010_0594_20120216,2011-12-08
DOC_JUDG_CJ_2010_0594_20120216,2011-11-10
DOC_JUDG_CJ_2010_0596_20120308,2012-01-12
DOC_JUDG_CJ_2010_0599_20120329,2011-12-14
DOC_JUDG_CJ_2010_0600_20121122,2012-09-20
DOC_JUDG_CJ_2010_0602_20120712,2012-04-19
DOC_JUDG_CJ_2010_0604_20120301,2011-12-15
DOC_JUDG_CJ_2010_0604_20120301,2011-10-27
DOC_JUDG_CJ_2010_0606_20120614,2011-11-29
DOC_JUDG_CJ_2010_0606_20120614,2011-10-20
DOC_JUDG_CJ_2010_0608_20120712,2012-02-02
DOC_JUDG_CJ_2010_0610_20121211,2012-06-12
DOC_JUDG_CJ_2010_0610_20121211,2012-09-06
DOC_JUDG_CJ_2010_0611_20120612,2011-12-06
DOC_JUDG_CJ_2010_0611_20120612,2012-02-16
DOC_JUDG_CJ_2010_0614_20121016,2012-04-25
DOC_JUDG_CJ_2010_0614_20121016,2012-07-03
DOC_JUDG_CJ_2010_0615_20120607,2011-12-12
DOC_JUDG_CJ_2010_0615_20120607,2012-01-19
DOC_JUDG_CJ_2010_0616_20120712,2012-03-29
DOC_JUDG_CJ_2010_0616_20120712,2011-11-30
DOC_JUDG_CJ_2010_0617_20130226,2012-06-12
DOC_JUDG_CJ_2010_0617_20130226,2012-01-24
DOC_JUDG_CJ_2010_0618_20120614,2012-02-14
DOC_JUDG_CJ_2010_0618_20120614,2011-12-01
DOC_JUDG_CJ_2010_0619_20120906,2012-02-08
DOC_JUDG_CJ_2010_0619_20120906,2012-04-26
DOC_JUDG_CJ_2010_0620_20120503,2012-01-12
DOC_JUDG_CJ_2010_0620_20120503,2011-11-30
DOC_JUDG_CJ_2010_0621_20120426,2012-01-26
DOC_JUDG_CJ_2010_0625_20130418,2012-12-13
DOC_JUDG_CJ_2010_0625_20130418,2012-09-20
DOC_JUDG_CJ_2010_0627_20130711,2012-12-13
DOC_JUDG_CJ_2010_0627_20130711,2012-09-20
DOC_JUDG_CJ_2010_0628_P_20120719,2011-11-16
DOC_JUDG_CJ_2010_0628_P_20120719,2012-01-12
DOC_JUDG_CJ_2011_0001_20120329,2011-10-26
DOC_JUDG_CJ_2011_0001_20120329,2011-12-08
DOC_JUDG_CJ_2011_0004_20131114,2013-01-22
DOC_JUDG_CJ_2011_0004_20131114,2013-04-18
DOC_JUDG_CJ_2011_0005_20120621,2012-03-29
DOC_JUDG_CJ_2011_0005_20120621,2012-01-26
DOC_JUDG_CJ_2011_0011_20130226,2012-11-27
DOC_JUDG_CJ_2011_0012_20130131,2012-02-09
DOC_JUDG_CJ_2011_0012_20130131,2012-03-22
DOC_JUDG_CJ_2011_0015_20120621,2012-03-01
DOC_JUDG_CJ_2011_0018_20120906,2012-04-19
DOC_JUDG_CJ_2011_0018_20120906,2012-02-16
DOC_JUDG_CJ_2011_0019_20120628,2012-03-21
DOC_JUDG_CJ_2011_0019_20120628,2012-02-02
DOC_JUDG_CJ_2011_0022_20121004,2012-03-01
DOC_JUDG_CJ_2011_0022_20121004,2012-04-19
DOC_JUDG_CJ_2011_0024_P_20120503,2011-12-15
DOC_JUDG_CJ_2011_0024_P_20120503,2011-10-26
DOC_JUDG_CJ_2011_0026_20130131,2012-07-19
DOC_JUDG_CJ_2011_0026_20130131,2012-06-07
DOC_JUDG_CJ_2011_0028_20120906,2011-12-01
DOC_JUDG_CJ_2011_0028_20120906,2012-03-08
DOC_JUDG_CJ_2011_0031_20120719,2012-03-20
DOC_JUDG_CJ_2011_0032_20130314,2012-10-25
DOC_JUDG_CJ_2011_0032_20130314,2012-06-07
DOC_JUDG_CJ_2011_0033_20120719,2012-04-26
DOC_JUDG_CJ_2011_0033_20120719,2012-02-08
DOC_JUDG_CJ_2011_0034_20121115,2012-01-19
DOC_JUDG_CJ_2011_0035_20121113,2012-02-07
DOC_JUDG_CJ_2011_0035_20121113,2012-07-19
DOC_JUDG_CJ_2011_0036_20120906,2012-04-26
DOC_JUDG_CJ_2011_0036_20120906,2012-03-21
DOC_JUDG_CJ_2011_0039_20120607,2012-01-12
DOC_JUDG_CJ_2011_0040_20121108,2012-03-22
DOC_JUDG_CJ_2011_0040_20121108,2012-05-15
DOC_JUDG_CJ_2011_0041_20120228,2011-12-08
DOC_JUDG_CJ_2011_0041_20120228,2011-11-08
DOC_JUDG_CJ_2011_0042_20120905,2012-03-20
DOC_JUDG_CJ_2011_0042_20120905,2012-01-31
DOC_JUDG_CJ_2011_0044_20120719,2012-03-01
DOC_JUDG_CJ_2011_0044_20120719,2012-05-08
DOC_JUDG_CJ_2011_0046_20120315,2012-01-19
DOC_JUDG_CJ_2011_0048_20120719,2012-02-29
DOC_JUDG_CJ_2011_0049_20120705,2012-01-26
DOC_JUDG_CJ_2011_0049_20120705,2012-03-06
DOC_JUDG_CJ_2011_0053_P_20120119,2011-11-17
DOC_JUDG_CJ_2011_0055_20120712,2012-03-22
DOC_JUDG_CJ_2011_0055_20120712,2012-01-18
DOC_JUDG_CJ_2011_0056_20121115,2012-03-15
DOC_JUDG_CJ_2011_0056_20121115,2012-06-14
DOC_JUDG_CJ_2011_0059_20120712,2012-01-19
DOC_JUDG_CJ_2011_0061_PPU_20110428,2011-03-30
DOC_JUDG_CJ_2011_0062_20120719,2012-05-24
DOC_JUDG_CJ_2011_0065_20130425,2012-09-06
DOC_JUDG_CJ_2011_0071_20120905,2012-04-19
DOC_JUDG_CJ_2011_0071_20120905,2012-02-28
DOC_JUDG_CJ_2011_0072_20111221,2011-11-16
DOC_JUDG_CJ_2011_0072_20111221,2011-10-05
DOC_JUDG_CJ_2011_0073_P_20130124,2012-09-06
DOC_JUDG_CJ_2011_0073_P_20130124,2012-07-05
DOC_JUDG_CJ_2011_0074_20130425,2012-09-06
DOC_JUDG_CJ_2011_0075_20121004,2012-09-06
DOC_JUDG_CJ_2011_0077_20130917,2013-05-14
DOC_JUDG_CJ_2011_0077_20130917,2013-05-28
DOC_JUDG_CJ_2011_0078_20120621,2012-03-29
DOC_JUDG_CJ_2011_0079_20120712,2012-05-15
DOC_JUDG_CJ_2011_0079_20120712,2012-03-15
DOC_JUDG_CJ_2011_0080_20120621,2012-03-15
DOC_JUDG_CJ_2011_0083_20120905,2012-02-14
DOC_JUDG_CJ_2011_0083_20120905,2012-03-27
DOC_JUDG_CJ_2011_0084_20120621,2012-02-15
DOC_JUDG_CJ_2011_0085_20130409,2012-11-27
DOC_JUDG_CJ_2011_0085_20130409,2012-09-05
DOC_JUDG_CJ_2011_0086_20130425,2012-09-06
DOC_JUDG_CJ_2011_0089_P_20121122,2012-06-21
DOC_JUDG_CJ_2011_0089_P_20121122,2012-04-19
DOC_JUDG_CJ_2011_0090_20120315,2012-01-26
DOC_JUDG_CJ_2011_0092_20130321,2012-06-28
DOC_JUDG_CJ_2011_0092_20130321,2012-09-13
DOC_JUDG_CJ_2011_0095_20130425,2012-09-06
DOC_JUDG_CJ_2011_0096_P_20120906,2012-05-24
DOC_JUDG_CJ_2011_0098_P_20120524,2012-02-02
DOC_JUDG_CJ_2011_0100_P_20120510,2012-02-16
DOC_JUDG_CJ_2011_0100_P_20120510,2012-01-11
DOC_JUDG_CJ_2011_0106_20120607,2012-03-01
DOC_JUDG_CJ_2011_0108_20130314,2012-11-20
DOC_JUDG_CJ_2011_0109_20130425,2012-09-06
DOC_JUDG_CJ_2011_0112_20120719,2012-01-11
DOC_JUDG_CJ_2011_0112_20120719,2012-03-01
DOC_JUDG_CJ_2011_0115_20121004,2012-02-29
DOC_JUDG_CJ_2011_0115_20121004,2012-05-03
DOC_JUDG_CJ_2011_0116_20121122,2012-03-22
DOC_JUDG_CJ_2011_0116_20121122,2012-05-24
DOC_JUDG_CJ_2011_0121_20120419,2011-12-15
DOC_JUDG_CJ_2011_0123_20130221,2012-06-07
DOC_JUDG_CJ_2011_0123_20130221,2012-07-19
DOC_JUDG_CJ_2011_0124_20121206,2012-06-28
DOC_JUDG_CJ_2011_0124_20121206,2012-05-03
DOC_JUDG_CJ_2011_0128_20120703,2012-04-24
DOC_JUDG_CJ_2011_0128_20120703,2012-03-06
DOC_JUDG_CJ_2011_0130_20120719,2012-05-03
DOC_JUDG_CJ_2011_0130_20120719,2012-03-15
DOC_JUDG_CJ_2011_0131_20121115,2012-02-09
DOC_JUDG_CJ_2011_0131_20121115,2012-03-29
DOC_JUDG_CJ_2011_0133_20121025,2012-02-15
DOC_JUDG_CJ_2011_0133_20121025,2012-04-19
DOC_JUDG_CJ_2011_0135_P_20120621,2012-03-01
DOC_JUDG_CJ_2011_0136_20121122,2012-06-07
DOC_JUDG_CJ_2011_0136_20121122,2012-03-21
DOC_JUDG_CJ_2011_0137_20120927,2012-03-22
DOC_JUDG_CJ_2011_0137_20120927,2012-06-26
DOC_JUDG_CJ_2011_0138_20120712,2012-02-02
DOC_JUDG_CJ_2011_0138_20120712,2012-04-26
DOC_JUDG_CJ_2011_0145_20120719,2012-03-21
DOC_JUDG_CJ_2011_0146_20120712,2012-05-03
DOC_JUDG_CJ_2011_0147_20120906,2012-05-10
DOC_JUDG_CJ_2011_0149_20121219,2012-07-05
DOC_JUDG_CJ_2011_0149_20121219,2012-04-19
DOC_JUDG_CJ_2011_0150_20120906,2012-03-29
DOC_JUDG_CJ_2011_0152_20121206,2012-07-12
DOC_JUDG_CJ_2011_0152_20121206,2012-04-18
DOC_JUDG_CJ_2011_0154_20120719,2012-05-24
DOC_JUDG_CJ_2011_0158_20120614,2012-01-11
DOC_JUDG_CJ_2011_0159_20121219,2012-05-23
DOC_JUDG_CJ_2011_0159_20121219,2012-03-27
DOC_JUDG_CJ_2011_0160_20120719,2012-02-16
DOC_JUDG_CJ_2011_0160_20120719,2012-05-24
DOC_JUDG_CJ_2011_0164_20121025,2012-06-27
DOC_JUDG_CJ_2011_0165_20121108,2012-05-22
DOC_JUDG_CJ_2011_0168_20130228,2012-07-12
DOC_JUDG_CJ_2011_0168_20130228,2012-04-26
DOC_JUDG_CJ_2011_0170_20120906,2012-05-24
DOC_JUDG_CJ_2011_0170_20120906,2012-03-07
DOC_JUDG_CJ_2011_0171_20120712,2012-02-15
DOC_JUDG_CJ_2011_0171_20120712,2012-03-28
DOC_JUDG_CJ_2011_0172_20120628,2012-03-28
DOC_JUDG_CJ_2011_0173_20121018,2012-06-21
DOC_JUDG_CJ_2011_0173_20121018,2012-03-08
DOC_JUDG_CJ_2011_0174_20121115,2012-05-23
DOC_JUDG_CJ_2011_0174_20121115,2012-07-19
DOC_JUDG_CJ_2011_0175_20130131,2012-06-13
DOC_JUDG_CJ_2011_0175_20130131,2012-09-06
DOC_JUDG_CJ_2011_0176_20120712,2012-02-09
DOC_JUDG_CJ_2011_0176_20120712,2012-04-17
DOC_JUDG_CJ_2011_0177_20120621,2012-03-29
DOC_JUDG_CJ_2011_0179_20120927,2012-03-08
DOC_JUDG_CJ_2011_0179_20120927,2012-05-15
DOC_JUDG_CJ_2011_0181_P_20120712,2012-04-26
DOC_JUDG_CJ_2011_0182_20121129,2012-07-19
DOC_JUDG_CJ_2011_0184_20140513,2014-01-23
DOC_JUDG_CJ_2011_0184_20140513,2013-09-10
DOC_JUDG_CJ_2011_0186_20130124,2012-09-20
DOC_JUDG_CJ_2011_0186_20130124,2012-06-13
DOC_JUDG_CJ_2011_0188_20120524,2012-03-08
DOC_JUDG_CJ_2011_0189_20130926,2013-03-06
DOC_JUDG_CJ_2011_0189_20130926,2013-06-06
DOC_JUDG_CJ_2011_0190_20120906,2012-05-24
DOC_JUDG_CJ_2011_0193_20130926,2013-06-06
DOC_JUDG_CJ_2011_0193_20130926,2013-03-06
DOC_JUDG_CJ_2011_0196_P_20120524,2011-12-14
DOC_JUDG_CJ_2011_0197_20130508,2012-10-04
DOC_JUDG_CJ_2011_0197_20130508,2012-06-20
DOC_JUDG_CJ_2011_0199_20121106,2012-06-26
DOC_JUDG_CJ_2011_0199_20121106,2012-03-14
DOC_JUDG_CJ_2011_0201_P_20130718,2012-12-12
DOC_JUDG_CJ_2011_0201_P_20130718,2012-09-13
DOC_JUDG_CJ_2011_0202_20130416,2012-04-17
DOC_JUDG_CJ_2011_0202_20130416,2012-07-12
DOC_JUDG_CJ_2011_0204_P_20130718,2012-12-12
DOC_JUDG_CJ_2011_0204_P_20130718,2012-09-13
DOC_JUDG_CJ_2011_0205_P_20130718,2012-09-13
DOC_JUDG_CJ_2011_0205_P_20130718,2012-12-12
DOC_JUDG_CJ_2011_0206_20130117,2012-06-21
DOC_JUDG_CJ_2011_0206_20130117,2012-09-06
DOC_JUDG_CJ_2011_0207_20121219,2012-05-10
DOC_JUDG_CJ_2011_0207_20121219,2012-07-10
DOC_JUDG_CJ_2011_0212_20130425,2012-10-04
DOC_JUDG_CJ_2011_0212_20130425,2012-09-06
DOC_JUDG_CJ_2011_0213_20120719,2012-03-22
DOC_JUDG_CJ_2011_0215_20121213,2012-06-28
DOC_JUDG_CJ_2011_0215_20121213,2012-04-18
DOC_JUDG_CJ_2011_0216_20130314,2012-12-19
DOC_JUDG_CJ_2011_0218_20121018,2012-03-29
DOC_JUDG_CJ_2011_0219_20121122,2012-05-15
DOC_JUDG_CJ_2011_0219_20121122,2012-03-15
DOC_JUDG_CJ_2011_0221_20130924,2012-11-06
DOC_JUDG_CJ_2011_0221_20130924,2013-04-11
DOC_JUDG_CJ_2011_0224_20130117,2012-09-19
DOC_JUDG_CJ_2011_0226_20121213,2012-09-06
DOC_JUDG_CJ_2011_0226_20121213,2012-06-27
DOC_JUDG_CJ_2011_0228_20130516,2012-11-29
DOC_JUDG_CJ_2011_0228_20130516,2012-07-05
DOC_JUDG_CJ_2011_0234_20121018,2012-05-10
DOC_JUDG_CJ_2011_0234_20121018,2012-06-14
DOC_JUDG_CJ_2011_0236_20130926,2013-03-06
DOC_JUDG_CJ_2011_0236_20130926,2013-06-06
DOC_JUDG_CJ_2011_0237_20121213,2012-06-05
DOC_JUDG_CJ_2011_0237_20121213,2012-09-06
DOC_JUDG_CJ_2011_0239_P_20131219,2013-05-02
DOC_JUDG_CJ_2011_0241_20130625,2012-12-11
DOC_JUDG_CJ_2011_0241_20130625,2013-03-21
DOC_JUDG_CJ_2011_0243_20130221,2012-09-06
DOC_JUDG_CJ_2011_0243_20130221,2012-06-14
DOC_JUDG_CJ_2011_0244_20121108,2012-06-21
DOC_JUDG_CJ_2011_0245_20121106,2012-05-08
DOC_JUDG_CJ_2011_0245_20121106,2012-06-27
DOC_JUDG_CJ_2011_0247_P_20140410,2013-05-02
DOC_JUDG_CJ_2011_0247_P_20140410,2013-09-19
DOC_JUDG_CJ_2011_0249_20121004,2012-06-21
DOC_JUDG_CJ_2011_0250_20120719,2012-04-26
DOC_JUDG_CJ_2011_0254_20130321,2012-06-14
DOC_JUDG_CJ_2011_0254_20130321,2012-12-06
DOC_JUDG_CJ_2011_0256_20111115,2011-09-27
DOC_JUDG_CJ_2011_0257_20121129,2012-06-21
DOC_JUDG_CJ_2011_0258_20130411,2012-11-22
DOC_JUDG_CJ_2011_0258_20130411,2012-09-12
DOC_JUDG_CJ_2011_0260_20130411,2012-10-18
DOC_JUDG_CJ_2011_0260_20130411,2012-09-13
DOC_JUDG_CJ_2011_0261_20130718,2013-02-27
DOC_JUDG_CJ_2011_0262_20121129,2012-07-04
DOC_JUDG_CJ_2011_0263_20120719,2012-03-28
DOC_JUDG_CJ_2011_0268_20121108,2012-04-18
DOC_JUDG_CJ_2011_0268_20121108,2012-06-21
DOC_JUDG_CJ_2011_0269_20130926,2013-06-06
DOC_JUDG_CJ_2011_0269_20130926,2013-03-06
DOC_JUDG_CJ_2011_0270_20130530,2013-01-09
DOC_JUDG_CJ_2011_0271_20121108,2012-06-21
DOC_JUDG_CJ_2011_0273_20120906,2012-05-10
DOC_JUDG_CJ_2011_0274_20130416,2012-12-11
DOC_JUDG_CJ_2011_0274_20130416,2012-09-25
DOC_JUDG_CJ_2011_0275_20130307,2012-11-08
DOC_JUDG_CJ_2011_0275_20130307,2012-06-28
DOC_JUDG_CJ_2011_0276_P_20130314,2013-01-17
DOC_JUDG_CJ_2011_0277_20121122,2012-03-28
DOC_JUDG_CJ_2011_0277_20121122,2012-04-26
DOC_JUDG_CJ_2011_0280_P_20131017,2013-02-21
DOC_JUDG_CJ_2011_0280_P_20131017,2013-05-16
DOC_JUDG_CJ_2011_0282_20130221,2012-05-24
DOC_JUDG_CJ_2011_0282_20130221,2012-09-13
DOC_JUDG_CJ_2011_0283_20130122,2012-04-24
DOC_JUDG_CJ_2011_0283_20130122,2012-06-12
DOC_JUDG_CJ_2011_0284_20120712,2012-03-21
DOC_JUDG_CJ_2011_0285_20121206,2012-09-19
DOC_JUDG_CJ_2011_0288_P_20121219,2012-11-14
DOC_JUDG_CJ_2011_0293_20130926,2013-03-06
DOC_JUDG_CJ_2011_0293_20130926,2013-06-06
DOC_JUDG_CJ_2011_0296_20130926,2013-03-06
DOC_JUDG_CJ_2011_0296_20130926,2013-06-06
DOC_JUDG_CJ_2011_0299_20121108,2012-05-24
DOC_JUDG_CJ_2011_0299_20121108,2012-09-11
DOC_JUDG_CJ_2011_0300_20130604,2012-06-19
DOC_JUDG_CJ_2011_0300_20130604,2012-09-12
DOC_JUDG_CJ_2011_0302_20121018,2012-06-07
DOC_JUDG_CJ_2011_0308_20120906,2012-04-26
DOC_JUDG_CJ_2011_0309_20130926,2013-03-06
DOC_JUDG_CJ_2011_0309_20130926,2013-06-06
DOC_JUDG_CJ_2011_0310_20121219,2012-07-12
DOC_JUDG_CJ_2011_0310_20121219,2012-09-13
DOC_JUDG_CJ_2011_0311_P_20120712,2012-03-01
DOC_JUDG_CJ_2011_0318_20121025,2012-05-03
DOC_JUDG_CJ_2011_0320_20121122,2012-09-06
DOC_JUDG_CJ_2011_0322_20131107,2013-03-21
DOC_JUDG_CJ_2011_0322_20131107,2013-01-10
DOC_JUDG_CJ_2011_0325_20121219,2012-09-06
DOC_JUDG_CJ_2011_0325_20121219,2012-09-20
DOC_JUDG_CJ_2011_0326_20120712,2012-05-03
DOC_JUDG_CJ_2011_0327_P_20120906,2012-04-24
DOC_JUDG_CJ_2011_0329_20111206,2011-10-25
DOC_JUDG_CJ_2011_0332_20130221,2012-09-06
DOC_JUDG_CJ_2011_0335_20130411,2012-12-06
DOC_JUDG_CJ_2011_0335_20130411,2012-10-18
DOC_JUDG_CJ_2011_0336_20120719,2012-04-18
DOC_JUDG_CJ_2011_0338_20120510,2012-02-16
DOC_JUDG_CJ_2011_0350_20130704,2012-07-12
DOC_JUDG_CJ_2011_0350_20130704,2012-09-19
DOC_JUDG_CJ_2011_0351_20121108,2012-09-19
DOC_JUDG_CJ_2011_0356_20121206,2012-09-27
DOC_JUDG_CJ_2011_0356_20121206,2012-09-12
DOC_JUDG_CJ_2011_0358_20130307,2012-12-13
DOC_JUDG_CJ_2011_0359_20141023,2014-05-08
DOC_JUDG_CJ_2011_0359_20141023,2014-02-27
DOC_JUDG_CJ_2011_0360_20130117,2012-10-25
DOC_JUDG_CJ_2011_0361_20130117,2012-07-04
DOC_JUDG_CJ_2011_0363_20121219,2012-06-14
DOC_JUDG_CJ_2011_0363_20121219,2012-09-20
DOC_JUDG_CJ_2011_0364_20121219,2012-05-15
DOC_JUDG_CJ_2011_0364_20121219,2012-09-13
DOC_JUDG_CJ_2011_0369_20131003,2013-04-11
DOC_JUDG_CJ_2011_0373_20130919,2012-11-21
DOC_JUDG_CJ_2011_0373_20130919,2013-02-06
DOC_JUDG_CJ_2011_0374_20121219,2012-10-04
DOC_JUDG_CJ_2011_0375_20130321,2012-06-11
DOC_JUDG_CJ_2011_0375_20130321,2012-10-25
DOC_JUDG_CJ_2011_0376_20120719,2012-05-03
DOC_JUDG_CJ_2011_0376_20120719,2012-03-21
DOC_JUDG_CJ_2011_0379_20121213,2012-09-27
DOC_JUDG_CJ_2011_0379_20121213,2012-06-21
DOC_JUDG_CJ_2011_0380_20120906,2012-03-28
DOC_JUDG_CJ_2011_0385_20121122,2012-09-27
DOC_JUDG_CJ_2011_0386_20130613,2013-02-07
DOC_JUDG_CJ_2011_0388_20130912,2012-09-27
DOC_JUDG_CJ_2011_0388_20130912,2013-02-28
DOC_JUDG_CJ_2011_0390_20121004,2012-06-28
DOC_JUDG_CJ_2011_0392_20120927,2012-06-20
DOC_JUDG_CJ_2011_0395_20121213,2012-09-12
DOC_JUDG_CJ_2011_0396_20130129,2012-07-10
DOC_JUDG_CJ_2011_0396_20130129,2012-10-18
DOC_JUDG_CJ_2011_0398_20130425,2012-10-03
DOC_JUDG_CJ_2011_0399_20130226,2012-07-03
DOC_JUDG_CJ_2011_0399_20130226,2012-10-02
DOC_JUDG_CJ_2011_0401_20130411,2012-10-23
DOC_JUDG_CJ_2011_0401_20130411,2012-06-28
DOC_JUDG_CJ_2011_0402_P_20121018,2012-07-05
DOC_JUDG_CJ_2011_0402_P_20121018,2012-05-24
DOC_JUDG_CJ_2011_0409_20130711,2012-09-26
DOC_JUDG_CJ_2011_0409_20130711,2012-10-24
DOC_JUDG_CJ_2011_0410_20121122,2012-05-23
DOC_JUDG_CJ_2011_0412_20130711,2012-12-13
DOC_JUDG_CJ_2011_0414_20130718,2012-06-05
DOC_JUDG_CJ_2011_0414_20130718,2013-01-31
DOC_JUDG_CJ_2011_0415_20130314,2012-11-08
DOC_JUDG_CJ_2011_0415_20130314,2012-09-19
DOC_JUDG_CJ_2011_0417_P_20121115,2012-09-20
DOC_JUDG_CJ_2011_0418_20130926,2012-11-27
DOC_JUDG_CJ_2011_0418_20130926,2013-01-31
DOC_JUDG_CJ_2011_0419_20130314,2012-09-20
DOC_JUDG_CJ_2011_0419_20130314,2012-06-27
DOC_JUDG_CJ_2011_0420_20130314,2012-11-08
DOC_JUDG_CJ_2011_0420_20130314,2012-10-17
DOC_JUDG_CJ_2011_0424_20130307,2012-09-12
DOC_JUDG_CJ_2011_0425_20130228,2012-10-18
DOC_JUDG_CJ_2011_0425_20130228,2012-07-04
DOC_JUDG_CJ_2011_0426_20130718,2012-09-20
DOC_JUDG_CJ_2011_0426_20130718,2013-02-19
DOC_JUDG_CJ_2011_0427_20130228,2012-11-29
DOC_JUDG_CJ_2011_0427_20130228,2012-07-12
DOC_JUDG_CJ_2011_0428_20121018,2012-06-28
DOC_JUDG_CJ_2011_0429_P_20130711,2012-10-25
DOC_JUDG_CJ_2011_0430_20121206,2012-09-13
DOC_JUDG_CJ_2011_0431_20130926,2013-02-06
DOC_JUDG_CJ_2011_0431_20130926,2013-03-21
DOC_JUDG_CJ_2011_0435_20130919,2013-06-13
DOC_JUDG_CJ_2011_0438_20121108,2012-07-05
DOC_JUDG_CJ_2011_0439_P_20130711,2012-12-13
DOC_JUDG_CJ_2011_0439_P_20130711,2012-10-24
DOC_JUDG_CJ_2011_0443_20130411,2013-01-10
DOC_JUDG_CJ_2011_0443_20130411,2012-10-24
DOC_JUDG_CJ_2011_0444_P_20130711,2012-10-25
DOC_JUDG_CJ_2011_0445_P_20121219,2012-09-20
DOC_JUDG_CJ_2011_0447_P_20131205,2013-01-24
DOC_JUDG_CJ_2011_0448_P_20131205,2013-01-24
DOC_JUDG_CJ_2011_0449_P_20131205,2013-01-24
DOC_JUDG_CJ_2011_0450_20130926,2013-06-06
DOC_JUDG_CJ_2011_0450_20130926,2013-03-06
DOC_JUDG_CJ_2011_0451_20120719,2012-05-10
DOC_JUDG_CJ_2011_0451_20120719,2012-06-07
DOC_JUDG_CJ_2011_0452_P_20121219,2012-09-20
DOC_JUDG_CJ_2011_0455_P_20131205,2013-01-24
DOC_JUDG_CJ_2011_0456_20121115,2012-09-06
DOC_JUDG_CJ_2011_0456_20121115,2012-07-04
DOC_JUDG_CJ_2011_0457_20130627,2013-01-24
DOC_JUDG_CJ_2011_0457_20130627,2012-10-22
DOC_JUDG_CJ_2011_0461_20121108,2012-05-24
DOC_JUDG_CJ_2011_0461_20121108,2012-09-13
DOC_JUDG_CJ_2011_0463_20130418,2012-12-19
DOC_JUDG_CJ_2011_0463_20130418,2012-10-18
DOC_JUDG_CJ_2011_0465_20121213,2012-09-26
DOC_JUDG_CJ_2011_0469_P_20121108,2012-07-12
DOC_JUDG_CJ_2011_0472_20130221,2012-09-12
DOC_JUDG_CJ_2011_0475_20130912,2012-09-19
DOC_JUDG_CJ_2011_0475_20130912,2013-01-31
DOC_JUDG_CJ_2011_0476_20130926,2012-11-15
DOC_JUDG_CJ_2011_0476_20130926,2013-02-07
DOC_JUDG_CJ_2011_0478_P_20130423,2012-12-19
DOC_JUDG_CJ_2011_0485_20130627,2013-01-30
DOC_JUDG_CJ_2011_0492_20130627,2013-04-11
DOC_JUDG_CJ_2011_0499_P_20130718,2013-01-16
DOC_JUDG_CJ_2011_0500_20131219,2013-02-21
DOC_JUDG_CJ_2011_0500_20131219,2013-04-23
DOC_JUDG_CJ_2011_0501_P_20130718,2013-01-17
DOC_JUDG_CJ_2011_0501_P_20130718,2013-04-18
DOC_JUDG_CJ_2011_0508_P_20130508,2013-01-09
DOC_JUDG_CJ_2011_0509_20130926,2013-03-14
DOC_JUDG_CJ_2011_0509_20130926,2012-11-22
DOC_JUDG_CJ_2011_0510_P_20131024,2013-03-14
DOC_JUDG_CJ_2011_0511_P_20130613,2013-01-09
DOC_JUDG_CJ_2011_0512_20140213,2013-02-21
DOC_JUDG_CJ_2011_0512_20140213,2012-11-08
DOC_JUDG_CJ_2011_0514_P_20131114,2013-05-29
DOC_JUDG_CJ_2011_0514_P_20131114,2013-09-05
DOC_JUDG_CJ_2011_0515_20130718,2013-03-21
DOC_JUDG_CJ_2011_0515_20130718,2013-01-17
DOC_JUDG_CJ_2011_0517_20130207,2012-11-28
DOC_JUDG_CJ_2011_0518_20131107,2013-04-30
DOC_JUDG_CJ_2011_0518_20131107,2012-11-21
DOC_JUDG_CJ_2011_0521_20130711,2012-12-06
DOC_JUDG_CJ_2011_0521_20130711,2013-03-07
DOC_JUDG_CJ_2011_0523_20130718,2012-11-29
DOC_JUDG_CJ_2011_0523_20130718,2013-02-21
DOC_JUDG_CJ_2011_0525_20121018,2012-07-11
DOC_JUDG_CJ_2011_0526_20130912,2012-11-08
DOC_JUDG_CJ_2011_0526_20130912,2013-01-30
DOC_JUDG_CJ_2011_0529_20130508,2013-01-15
DOC_JUDG_CJ_2011_0529_20130508,2012-11-13
DOC_JUDG_CJ_2011_0530_20140213,2013-07-11
DOC_JUDG_CJ_2011_0530_20140213,2013-09-12
DOC_JUDG_CJ_2011_0532_20121115,2012-09-06
DOC_JUDG_CJ_2011_0533_20131017,2013-04-18
DOC_JUDG_CJ_2011_0534_20130530,2012-11-07
DOC_JUDG_CJ_2011_0534_20130530,2013-01-31
DOC_JUDG_CJ_2011_0535_20130411,2012-09-26
DOC_JUDG_CJ_2011_0535_20130411,2013-01-31
DOC_JUDG_CJ_2011_0536_20130606,2012-10-04
DOC_JUDG_CJ_2011_0536_20130606,2013-02-07
DOC_JUDG_CJ_2011_0537_20140123,2013-09-18
DOC_JUDG_CJ_2011_0539_20130926,2013-01-30
DOC_JUDG_CJ_2011_0542_20130627,2013-02-28
DOC_JUDG_CJ_2011_0542_20130627,2012-12-12
DOC_JUDG_CJ_2011_0543_20130117,2012-11-22
DOC_JUDG_CJ_2011_0544_20130228,2012-11-29
DOC_JUDG_CJ_2011_0545_20130314,2012-11-28
DOC_JUDG_CJ_2011_0546_20130926,2012-11-15
DOC_JUDG_CJ_2011_0546_20130926,2013-02-07
DOC_JUDG_CJ_2011_0555_20131017,2013-09-12
DOC_JUDG_CJ_2011_0555_20131017,2013-06-20
DOC_JUDG_CJ_2011_0561_20130221,2012-11-15
DOC_JUDG_CJ_2011_0561_20130221,2012-10-03
DOC_JUDG_CJ_2011_0562_20121206,2012-10-02
DOC_JUDG_CJ_2011_0565_20130418,2012-12-13
DOC_JUDG_CJ_2011_0565_20130418,2012-10-17
DOC_JUDG_CJ_2011_0568_20130620,2013-01-24
DOC_JUDG_CJ_2011_0568_20130620,2012-11-22
DOC_JUDG_CJ_2011_0575_20130627,2013-02-07
DOC_JUDG_CJ_2011_0576_20131128,2013-04-24
DOC_JUDG_CJ_2011_0577_20130307,2012-12-06
DOC_JUDG_CJ_2011_0578_P_20140612,2012-11-13
DOC_JUDG_CJ_2011_0578_P_20140612,2014-03-27
DOC_JUDG_CJ_2011_0579_20121219,2012-11-08
DOC_JUDG_CJ_2011_0583_P_20131003,2012-11-20
DOC_JUDG_CJ_2011_0583_P_20131003,2013-01-17
DOC_JUDG_CJ_2011_0595_20130418,2012-12-05
DOC_JUDG_CJ_2011_0604_20130530,2013-01-17
DOC_JUDG_CJ_2011_0607_20130307,2012-11-19
DOC_JUDG_CJ_2011_0609_P_20130926,2013-05-16
DOC_JUDG_CJ_2011_0609_P_20130926,2013-02-07
DOC_JUDG_CJ_2011_0610_P_20130926,2013-05-16
DOC_JUDG_CJ_2011_0610_P_20130926,2013-02-07
DOC_JUDG_CJ_2011_0614_20130912,2013-01-31
DOC_JUDG_CJ_2011_0616_20140409,2013-10-24
DOC_JUDG_CJ_2011_0616_20140409,2013-09-11
DOC_JUDG_CJ_2011_0618_20131205,2013-06-11
DOC_JUDG_CJ_2011_0618_20131205,2013-01-31
DOC_JUDG_CJ_2011_0619_20130221,2012-11-07
DOC_JUDG_CJ_2011_0619_20130221,2012-12-13
DOC_JUDG_CJ_2011_0621_P_20130718,2013-05-16
DOC_JUDG_CJ_2011_0622_20131010,2013-04-18
DOC_JUDG_CJ_2011_0622_20131010,2013-05-30
DOC_JUDG_CJ_2011_0623_20130117,2012-09-26
DOC_JUDG_CJ_2011_0625_P_20130926,2012-11-14
DOC_JUDG_CJ_2011_0625_P_20130926,2013-03-21
DOC_JUDG_CJ_2011_0626_P_20130926,2013-03-21
DOC_JUDG_CJ_2011_0626_P_20130926,2012-11-14
DOC_JUDG_CJ_2011_0628_20140318,2013-02-19
DOC_JUDG_CJ_2011_0628_20140318,2013-04-30
DOC_JUDG_CJ_2011_0630_P_20130613,2013-03-21
DOC_JUDG_CJ_2011_0630_P_20130613,2013-02-28
DOC_JUDG_CJ_2011_0636_20130411,2013-01-09
DOC_JUDG_CJ_2011_0638_P_20131114,2013-02-21
DOC_JUDG_CJ_2011_0638_P_20131114,2013-04-25
DOC_JUDG_CJ_2011_0639_20140320,2013-11-07
DOC_JUDG_CJ_2011_0645_20130411,2012-11-28
DOC_JUDG_CJ_2011_0646_P_20130124,2012-11-12
DOC_JUDG_CJ_2011_0648_20130606,2012-11-05
DOC_JUDG_CJ_2011_0648_20130606,2013-02-21
DOC_JUDG_CJ_2011_0651_20130530,2012-11-26
DOC_JUDG_CJ_2011_0652_P_20130411,2012-10-15
DOC_JUDG_CJ_2011_0653_20130620,2013-03-20
DOC_JUDG_CJ_2011_0655_P_20130221,2012-11-06
DOC_JUDG_CJ_2011_0656_20140227,2013-10-16
DOC_JUDG_CJ_2011_0657_20130711,2013-03-21
DOC_JUDG_CJ_2011_0657_20130711,2013-01-24
DOC_JUDG_CJ_2011_0658_20140624,2014-01-30
DOC_JUDG_CJ_2011_0658_20140624,2013-09-17
DOC_JUDG_CJ_2011_0660_20130912,2013-04-18
DOC_JUDG_CJ_2011_0661_20130919,2013-04-18
DOC_JUDG_CJ_2011_0661_20130919,2013-01-10
DOC_JUDG_CJ_2011_0663_20130530,2013-01-31
DOC_JUDG_CJ_2011_0667_20130606,2013-01-10
DOC_JUDG_CJ_2011_0670_20121213,2012-10-03
DOC_JUDG_CJ_2011_0671_20130613,2013-01-16
DOC_JUDG_CJ_2011_0677_20130530,2012-11-15
DOC_JUDG_CJ_2011_0677_20130530,2013-01-31
DOC_JUDG_CJ_2011_0678_20141211,2014-06-12
DOC_JUDG_CJ_2011_0679_P_20130926,2013-01-10
DOC_JUDG_CJ_2011_0681_20130618,2013-02-28
DOC_JUDG_CJ_2011_0681_20130618,2013-01-15
DOC_JUDG_CJ_2012_0001_20130228,2012-12-13
DOC_JUDG_CJ_2012_0003_20130613,2013-03-14
DOC_JUDG_CJ_2012_0005_20130919,2013-04-11
DOC_JUDG_CJ_2012_0005_20130919,2013-02-21
DOC_JUDG_CJ_2012_0006_20130718,2013-02-07
DOC_JUDG_CJ_2012_0006_20130718,2012-11-22
DOC_JUDG_CJ_2012_0009_20131219,2013-01-31
DOC_JUDG_CJ_2012_0009_20131219,2013-04-25
DOC_JUDG_CJ_2012_0012_20130418,2012-11-29
DOC_JUDG_CJ_2012_0013_P_20131128,2013-01-16
DOC_JUDG_CJ_2012_0015_P_20130919,2013-01-10
DOC_JUDG_CJ_2012_0018_20130221,2012-12-12
DOC_JUDG_CJ_2012_0020_20130620,2013-02-07
DOC_JUDG_CJ_2012_0020_20130620,2012-11-28
DOC_JUDG_CJ_2012_0022_20131024,2013-07-11
DOC_JUDG_CJ_2012_0024_20140605,2014-01-16
DOC_JUDG_CJ_2012_0024_20140605,2013-10-23
DOC_JUDG_CJ_2012_0026_20130718,2013-02-06
DOC_JUDG_CJ_2012_0026_20130718,2013-04-18
DOC_JUDG_CJ_2012_0028_20150428,2015-01-29
DOC_JUDG_CJ_2012_0028_20150428,2014-11-11
DOC_JUDG_CJ_2012_0032_20131003,2013-02-28
DOC_JUDG_CJ_2012_0032_20131003,2013-01-24
DOC_JUDG_CJ_2012_0035_P_20140522,2014-01-15
DOC_JUDG_CJ_2012_0036_P_20140522,2014-01-15
DOC_JUDG_CJ_2012_0040_P_20131126,2013-02-05
DOC_JUDG_CJ_2012_0040_P_20131126,2013-05-30
DOC_JUDG_CJ_2012_0045_20130613,2013-02-28
DOC_JUDG_CJ_2012_0046_20130221,2012-11-28
DOC_JUDG_CJ_2012_0047_20140911,2013-05-16
DOC_JUDG_CJ_2012_0047_20140911,2013-11-07
DOC_JUDG_CJ_2012_0049_20130912,2013-04-11
DOC_JUDG_CJ_2012_0049_20130912,2013-02-21
DOC_JUDG_CJ_2012_0050_P_20131126,2013-02-05
DOC_JUDG_CJ_2012_0050_P_20131126,2013-05-30
DOC_JUDG_CJ_2012_0056_P_20130919,2017-07-19
DOC_JUDG_CJ_2012_0057_20130711,2013-03-14
DOC_JUDG_CJ_2012_0057_20130711,2013-01-17
DOC_JUDG_CJ_2012_0058_P_20131126,2013-05-30
DOC_JUDG_CJ_2012_0058_P_20131126,2013-02-05
DOC_JUDG_CJ_2012_0059_20131003,2013-07-04
DOC_JUDG_CJ_2012_0060_20131114,2013-03-12
DOC_JUDG_CJ_2012_0060_20131114,2013-07-18
DOC_JUDG_CJ_2012_0061_20140320,2013-11-07
DOC_JUDG_CJ_2012_0062_20130613,2013-02-28
DOC_JUDG_CJ_2012_0063_20131119,2013-09-12
DOC_JUDG_CJ_2012_0063_20131119,2013-07-02
DOC_JUDG_CJ_2012_0064_20130912,2013-04-16
DOC_JUDG_CJ_2012_0065_20140206,2013-02-27
DOC_JUDG_CJ_2012_0065_20140206,2013-03-21
DOC_JUDG_CJ_2012_0066_20131119,2013-07-02
DOC_JUDG_CJ_2012_0066_20131119,2013-09-12
DOC_JUDG_CJ_2012_0071_20130627,2013-01-30
DOC_JUDG_CJ_2012_0072_20131107,2013-06-20
DOC_JUDG_CJ_2012_0072_20131107,2013-01-16
DOC_JUDG_CJ_2012_0077_P_20131024,2013-03-07
DOC_JUDG_CJ_2012_0080_20140401,2013-09-03
DOC_JUDG_CJ_2012_0080_20140401,2013-10-24
DOC_JUDG_CJ_2012_0081_20130425,2013-01-23
DOC_JUDG_CJ_2012_0082_20140227,2013-10-24
DOC_JUDG_CJ_2012_0082_20140227,2013-06-26
DOC_JUDG_CJ_2012_0083_PPU_20120410,2012-03-22
DOC_JUDG_CJ_2012_0084_20131219,2013-04-11
DOC_JUDG_CJ_2012_0084_20131219,2013-01-29
DOC_JUDG_CJ_2012_0085_20131024,2013-03-07
DOC_JUDG_CJ_2012_0085_20131024,2013-05-30
DOC_JUDG_CJ_2012_0086_20131010,2013-01-17
DOC_JUDG_CJ_2012_0086_20131010,2013-03-21
DOC_JUDG_CJ_2012_0087_20130508,2013-01-23
DOC_JUDG_CJ_2012_0089_20130425,2013-01-30
DOC_JUDG_CJ_2012_0092_PPU_20120426,2012-03-26
DOC_JUDG_CJ_2012_0094_20131010,2013-02-28
DOC_JUDG_CJ_2012_0095_20131022,2013-03-12
DOC_JUDG_CJ_2012_0095_20131022,2013-05-29
DOC_JUDG_CJ_2012_0097_P_20140515,2013-11-20
DOC_JUDG_CJ_2012_0100_20130704,2012-12-06
DOC_JUDG_CJ_2012_0101_20131017,2013-05-29
DOC_JUDG_CJ_2012_0101_20131017,2013-03-07
DOC_JUDG_CJ_2012_0103_20141126,2013-11-19
DOC_JUDG_CJ_2012_0103_20141126,2014-05-15
DOC_JUDG_CJ_2012_0105_20131022,2013-01-14
DOC_JUDG_CJ_2012_0105_20131022,2013-04-16
DOC_JUDG_CJ_2012_0109_20131003,2013-02-20
DOC_JUDG_CJ_2012_0109_20131003,2013-05-30
DOC_JUDG_CJ_2012_0113_20131003,2013-05-16
DOC_JUDG_CJ_2012_0113_20131003,2013-02-27
DOC_JUDG_CJ_2012_0114_20140904,2013-09-24
DOC_JUDG_CJ_2012_0114_20140904,2014-04-03
DOC_JUDG_CJ_2012_0115_P_20130926,2013-04-18
DOC_JUDG_CJ_2012_0115_P_20130926,2013-03-11
DOC_JUDG_CJ_2012_0120_P_20131003,2013-05-16
DOC_JUDG_CJ_2012_0121_P_20131003,2013-05-16
DOC_JUDG_CJ_2012_0122_P_20131003,2013-05-16
DOC_JUDG_CJ_2012_0124_20130718,2013-04-10
DOC_JUDG_CJ_2012_0127_20140903,2014-01-08
DOC_JUDG_CJ_2012_0131_20140513,2013-06-25
DOC_JUDG_CJ_2012_0132_P_20140227,2013-05-29
DOC_JUDG_CJ_2012_0132_P_20140227,2013-04-17
DOC_JUDG_CJ_2012_0133_P_20140227,2013-04-17
DOC_JUDG_CJ_2012_0133_P_20140227,2013-05-29
DOC_JUDG_CJ_2012_0137_20131022,2013-06-27
DOC_JUDG_CJ_2012_0137_20131022,2013-04-30
DOC_JUDG_CJ_2012_0139_20140320,2013-06-12
DOC_JUDG_CJ_2012_0140_20130919,2013-03-07
DOC_JUDG_CJ_2012_0140_20130919,2013-05-29
DOC_JUDG_CJ_2012_0141_20140717,2013-12-12
DOC_JUDG_CJ_2012_0141_20140717,2013-07-03
DOC_JUDG_CJ_2012_0144_20130613,2013-02-20
DOC_JUDG_CJ_2012_0144_20130613,2013-03-06
DOC_JUDG_CJ_2012_0147_20130718,2013-04-17
DOC_JUDG_CJ_2012_0149_P_20130627,2012-12-13
DOC_JUDG_CJ_2012_0151_20131024,2013-05-30
DOC_JUDG_CJ_2012_0151_20131024,2013-04-25
DOC_JUDG_CJ_2012_0155_20130627,2013-01-31
DOC_JUDG_CJ_2012_0157_20130926,2013-03-14
DOC_JUDG_CJ_2012_0157_20130926,2013-05-16
DOC_JUDG_CJ_2012_0159_20131205,2013-05-15
DOC_JUDG_CJ_2012_0159_20131205,2013-09-05
DOC_JUDG_CJ_2012_0162_20140213,2013-09-26
DOC_JUDG_CJ_2012_0162_20140213,2013-06-19
DOC_JUDG_CJ_2012_0164_20140123,2013-09-19
DOC_JUDG_CJ_2012_0166_20131205,2013-03-13
DOC_JUDG_CJ_2012_0166_20131205,2013-06-27
DOC_JUDG_CJ_2012_0167_20140318,2013-09-26
DOC_JUDG_CJ_2012_0167_20140318,2013-03-19
DOC_JUDG_CJ_2012_0170_20131003,2013-06-13
DOC_JUDG_CJ_2012_0174_20131219,2013-04-17
DOC_JUDG_CJ_2012_0174_20131219,2013-09-12
DOC_JUDG_CJ_2012_0175_20131024,2013-07-10
DOC_JUDG_CJ_2012_0176_20140115,2013-07-18
DOC_JUDG_CJ_2012_0176_20140115,2013-04-23
DOC_JUDG_CJ_2012_0180_20131024,2013-07-18
DOC_JUDG_CJ_2012_0180_20131024,2013-04-11
DOC_JUDG_CJ_2012_0181_20131017,2013-06-12
DOC_JUDG_CJ_2012_0181_20131017,2013-03-13
DOC_JUDG_CJ_2012_0184_20131017,2013-05-15
DOC_JUDG_CJ_2012_0187_20131114,2013-03-13
DOC_JUDG_CJ_2012_0190_20140410,2013-11-06
DOC_JUDG_CJ_2012_0190_20140410,2013-09-05
DOC_JUDG_CJ_2012_0192_PPU_20120628,2012-06-04
DOC_JUDG_CJ_2012_0195_20130926,2013-05-08
DOC_JUDG_CJ_2012_0195_20130926,2013-03-13
DOC_JUDG_CJ_2012_0196_20131119,2013-09-12
DOC_JUDG_CJ_2012_0198_20140605,2013-09-04
DOC_JUDG_CJ_2012_0198_20140605,2013-11-14
DOC_JUDG_CJ_2012_0199_20131107,2013-04-11
DOC_JUDG_CJ_2012_0199_20131107,2013-07-11
DOC_JUDG_CJ_2012_0203_20131017,2013-05-16
DOC_JUDG_CJ_2012_0204_20140911,2013-05-08
DOC_JUDG_CJ_2012_0204_20140911,2013-03-21
DOC_JUDG_CJ_2012_0209_20131219,2013-07-11
DOC_JUDG_CJ_2012_0209_20131219,2013-01-24
DOC_JUDG_CJ_2012_0214_P_20131024,2013-06-19
DOC_JUDG_CJ_2012_0218_20131017,2013-04-25
DOC_JUDG_CJ_2012_0218_20131017,2013-07-18
DOC_JUDG_CJ_2012_0219_20130620,2013-03-07
DOC_JUDG_CJ_2012_0220_20131024,2013-03-21
DOC_JUDG_CJ_2012_0225_20131107,2013-07-11
DOC_JUDG_CJ_2012_0225_20131107,2013-04-25
DOC_JUDG_CJ_2012_0233_20130704,2013-04-11
DOC_JUDG_CJ_2012_0234_20130718,2013-05-16
DOC_JUDG_CJ_2012_0234_20130718,2013-04-10
DOC_JUDG_CJ_2012_0237_20140904,2014-01-16
DOC_JUDG_CJ_2012_0237_20140904,2013-11-06
DOC_JUDG_CJ_2012_0238_P_20140430,2014-01-16
DOC_JUDG_CJ_2012_0239_P_20130528,2013-01-22
DOC_JUDG_CJ_2012_0239_P_20130528,2012-12-11
DOC_JUDG_CJ_2012_0241_20131212,2013-03-06
DOC_JUDG_CJ_2012_0241_20131212,2013-06-18
DOC_JUDG_CJ_2012_0243_P_20140619,2014-01-16
DOC_JUDG_CJ_2012_0251_20130919,2013-05-08
DOC_JUDG_CJ_2012_0251_20130919,2013-03-14
DOC_JUDG_CJ_2012_0252_20130718,2013-03-20
DOC_JUDG_CJ_2012_0262_20131219,2013-04-24
DOC_JUDG_CJ_2012_0262_20131219,2013-07-11
DOC_JUDG_CJ_2012_0265_20130718,2013-04-24
DOC_JUDG_CJ_2012_0270_20140122,2013-06-11
DOC_JUDG_CJ_2012_0270_20140122,2013-09-12
DOC_JUDG_CJ_2012_0273_20130711,2013-03-21
DOC_JUDG_CJ_2012_0274_P_20131219,2013-02-04
DOC_JUDG_CJ_2012_0274_P_20131219,2013-03-21
DOC_JUDG_CJ_2012_0275_20131024,2013-03-21
DOC_JUDG_CJ_2012_0276_20131022,2013-06-06
DOC_JUDG_CJ_2012_0277_20131024,2013-03-20
DOC_JUDG_CJ_2012_0277_20131024,2013-07-11
DOC_JUDG_CJ_2012_0278_PPU_20120719,2012-07-05
DOC_JUDG_CJ_2012_0279_20131219,2013-04-16
DOC_JUDG_CJ_2012_0279_20131219,2013-09-05
DOC_JUDG_CJ_2012_0280_P_20131128,2013-07-04
DOC_JUDG_CJ_2012_0281_20131219,2013-09-26
DOC_JUDG_CJ_2012_0282_20131003,2013-04-11
DOC_JUDG_CJ_2012_0284_20131121,2013-04-11
DOC_JUDG_CJ_2012_0284_20131121,2013-06-27
DOC_JUDG_CJ_2012_0286_20121106,2012-10-01
DOC_JUDG_CJ_2012_0288_20140408,2013-12-10
DOC_JUDG_CJ_2012_0288_20140408,2013-10-15
DOC_JUDG_CJ_2012_0291_20131017,2013-03-13
DOC_JUDG_CJ_2012_0291_20131017,2013-06-13
DOC_JUDG_CJ_2012_0292_20131212,2013-04-25
DOC_JUDG_CJ_2012_0293_20140408,2013-07-09
DOC_JUDG_CJ_2012_0293_20140408,2013-12-12
DOC_JUDG_CJ_2012_0295_P_20140710,2013-05-16
DOC_JUDG_CJ_2012_0295_P_20140710,2013-09-26
DOC_JUDG_CJ_2012_0297_20130919,2013-03-20
DOC_JUDG_CJ_2012_0298_20131003,2013-04-18
DOC_JUDG_CJ_2012_0298_20131003,2013-05-16
DOC_JUDG_CJ_2012_0300_20140116,2013-07-18
DOC_JUDG_CJ_2012_0300_20140116,2013-06-05
DOC_JUDG_CJ_2012_0301_20140403,2013-06-20
DOC_JUDG_CJ_2012_0301_20140403,2013-05-16
DOC_JUDG_CJ_2012_0302_20131121,2013-09-05
DOC_JUDG_CJ_2012_0303_20131212,2013-04-22
DOC_JUDG_CJ_2012_0303_20131212,2013-06-13
DOC_JUDG_CJ_2012_0306_20131010,2013-05-30
DOC_JUDG_CJ_2012_0309_20131128,2013-05-15
DOC_JUDG_CJ_2012_0309_20131128,2013-06-20
DOC_JUDG_CJ_2012_0314_20140327,2013-06-20
DOC_JUDG_CJ_2012_0314_20140327,2013-11-26
DOC_JUDG_CJ_2012_0315_20130718,2013-04-10
DOC_JUDG_CJ_2012_0319_20131128,2013-06-20
DOC_JUDG_CJ_2012_0319_20131128,2013-05-15
DOC_JUDG_CJ_2012_0321_20131010,2013-06-19
DOC_JUDG_CJ_2012_0321_20131010,2013-04-18
DOC_JUDG_CJ_2012_0323_20140206,2013-05-16
DOC_JUDG_CJ_2012_0326_20141009,2013-10-09
DOC_JUDG_CJ_2012_0326_20141009,2013-11-21
DOC_JUDG_CJ_2012_0327_20131212,2013-09-05
DOC_JUDG_CJ_2012_0327_20131212,2013-05-16
DOC_JUDG_CJ_2012_0328_20140116,2013-04-10
DOC_JUDG_CJ_2012_0328_20140116,2013-09-10
DOC_JUDG_CJ_2012_0335_20140717,2013-12-12
DOC_JUDG_CJ_2012_0335_20140717,2014-03-06
DOC_JUDG_CJ_2012_0336_20131010,2013-06-06
DOC_JUDG_CJ_2012_0347_20140508,2013-07-18
DOC_JUDG_CJ_2012_0347_20140508,2013-06-06
DOC_JUDG_CJ_2012_0348_P_20131128,2013-07-11
DOC_JUDG_CJ_2012_0348_P_20131128,2013-04-18
DOC_JUDG_CJ_2012_0350_P_20140703,2013-10-17
DOC_JUDG_CJ_2012_0350_P_20140703,2014-02-13
DOC_JUDG_CJ_2012_0351_20140227,2013-11-14
DOC_JUDG_CJ_2012_0351_20140227,2013-06-26
DOC_JUDG_CJ_2012_0355_20140123,2013-09-19
DOC_JUDG_CJ_2012_0355_20140123,2013-05-30
DOC_JUDG_CJ_2012_0356_20140522,2013-06-20
DOC_JUDG_CJ_2012_0356_20140522,2013-07-18
DOC_JUDG_CJ_2012_0358_20140710,2013-07-11
DOC_JUDG_CJ_2012_0359_20140515,2013-09-11
DOC_JUDG_CJ_2012_0359_20140515,2013-11-26
DOC_JUDG_CJ_2012_0360_20140605,2013-09-19
DOC_JUDG_CJ_2012_0360_20140605,2013-11-21
DOC_JUDG_CJ_2012_0361_20131212,2013-09-26
DOC_JUDG_CJ_2012_0361_20131212,2013-06-05
DOC_JUDG_CJ_2012_0362_20131212,2013-06-26
DOC_JUDG_CJ_2012_0362_20131212,2013-09-05
DOC_JUDG_CJ_2012_0363_20140318,2013-05-28
DOC_JUDG_CJ_2012_0363_20140318,2013-09-26
DOC_JUDG_CJ_2012_0366_20140313,2013-09-26
DOC_JUDG_CJ_2012_0366_20140313,2013-06-13
DOC_JUDG_CJ_2012_0370_20121127,2012-10-23
DOC_JUDG_CJ_2012_0371_20140123,2013-07-03
DOC_JUDG_CJ_2012_0371_20140123,2013-10-09
DOC_JUDG_CJ_2012_0374_20140918,2014-02-27
DOC_JUDG_CJ_2012_0374_20140918,2013-11-13
DOC_JUDG_CJ_2012_0377_20140611,2013-10-22
DOC_JUDG_CJ_2012_0377_20140611,2014-01-23
DOC_JUDG_CJ_2012_0378_20140116,2013-10-03
DOC_JUDG_CJ_2012_0378_20140116,2013-06-27
DOC_JUDG_CJ_2012_0380_20140123,2013-07-08
DOC_JUDG_CJ_2012_0382_P_20140911,2013-07-04
DOC_JUDG_CJ_2012_0382_P_20140911,2014-01-30
DOC_JUDG_CJ_2012_0383_P_20131114,2013-05-29
DOC_JUDG_CJ_2012_0385_20140205,2013-09-05
DOC_JUDG_CJ_2012_0385_20140205,2013-06-18
DOC_JUDG_CJ_2012_0387_20140403,2013-09-05
DOC_JUDG_CJ_2012_0388_20131114,2013-07-11
DOC_JUDG_CJ_2012_0388_20131114,2013-09-05
DOC_JUDG_CJ_2012_0390_20140430,2013-11-14
DOC_JUDG_CJ_2012_0390_20140430,2013-06-17
DOC_JUDG_CJ_2012_0391_20131017,2013-06-12
DOC_JUDG_CJ_2012_0391_20131017,2013-07-11
DOC_JUDG_CJ_2012_0394_20131210,2013-07-11
DOC_JUDG_CJ_2012_0394_20131210,2013-05-07
DOC_JUDG_CJ_2012_0396_20140227,2013-10-24
DOC_JUDG_CJ_2012_0396_20140227,2013-09-25
DOC_JUDG_CJ_2012_0398_20140605,2013-09-12
DOC_JUDG_CJ_2012_0398_20140605,2014-02-06
DOC_JUDG_CJ_2012_0399_20141007,2013-11-26
DOC_JUDG_CJ_2012_0399_20141007,2014-04-29
DOC_JUDG_CJ_2012_0400_20140116,2013-06-20
DOC_JUDG_CJ_2012_0401_P_20150113,2014-05-08
DOC_JUDG_CJ_2012_0401_P_20150113,2013-12-10
DOC_JUDG_CJ_2012_0404_P_20150113,2013-12-10
DOC_JUDG_CJ_2012_0404_P_20150113,2014-05-08
DOC_JUDG_CJ_2012_0408_P_20140904,2014-02-12
DOC_JUDG_CJ_2012_0408_P_20140904,2013-10-16
DOC_JUDG_CJ_2012_0409_20140306,2013-09-12
DOC_JUDG_CJ_2012_0409_20140306,2013-05-29
DOC_JUDG_CJ_2012_0413_20131205,2013-09-05
DOC_JUDG_CJ_2012_0414_P_20140508,2013-06-27
DOC_JUDG_CJ_2012_0417_P_20141015,2013-12-12
DOC_JUDG_CJ_2012_0417_P_20141015,2014-04-30
DOC_JUDG_CJ_2012_0419_20140213,2013-06-19
DOC_JUDG_CJ_2012_0419_20140213,2013-09-26
DOC_JUDG_CJ_2012_0421_20140710,2013-11-26
DOC_JUDG_CJ_2012_0423_20140116,2013-11-06
DOC_JUDG_CJ_2012_0423_20140116,2013-09-04
DOC_JUDG_CJ_2012_0425_20131212,2013-07-04
DOC_JUDG_CJ_2012_0426_20141002,2014-05-22
DOC_JUDG_CJ_2012_0426_20141002,2013-12-12
DOC_JUDG_CJ_2012_0427_20140318,2013-10-01
DOC_JUDG_CJ_2012_0427_20140318,2013-12-19
DOC_JUDG_CJ_2012_0429_20140116,2013-07-11
DOC_JUDG_CJ_2012_0435_20140410,2014-01-09
DOC_JUDG_CJ_2012_0435_20140410,2013-10-09
DOC_JUDG_CJ_2012_0437_20131219,2013-09-19
DOC_JUDG_CJ_2012_0438_20140403,2014-01-30
DOC_JUDG_CJ_2012_0438_20140403,2013-10-09
DOC_JUDG_CJ_2012_0441_20140917,2014-06-19
DOC_JUDG_CJ_2012_0441_20140917,2013-09-18
DOC_JUDG_CJ_2012_0442_20131107,2013-09-19
DOC_JUDG_CJ_2012_0443_20131212,2013-09-12
DOC_JUDG_CJ_2012_0445_P_20131212,2013-10-16
DOC_JUDG_CJ_2012_0446_20150416,2014-11-06
DOC_JUDG_CJ_2012_0450_20131212,2013-06-20
DOC_JUDG_CJ_2012_0452_20131219,2013-09-18
DOC_JUDG_CJ_2012_0456_20140312,2013-12-12
DOC_JUDG_CJ_2012_0456_20140312,2013-06-25
DOC_JUDG_CJ_2012_0457_20140312,2013-12-12
DOC_JUDG_CJ_2012_0457_20140312,2013-06-25
DOC_JUDG_CJ_2012_0461_20140612,2013-10-24
DOC_JUDG_CJ_2012_0463_20150305,2014-06-18
DOC_JUDG_CJ_2012_0463_20150305,2014-01-16
DOC_JUDG_CJ_2012_0464_20140313,2013-12-12
DOC_JUDG_CJ_2012_0464_20140313,2013-10-02
DOC_JUDG_CJ_2012_0466_20140213,2013-11-07
DOC_JUDG_CJ_2012_0470_20140227,2013-12-12
DOC_JUDG_CJ_2012_0472_20140717,2013-12-11
DOC_JUDG_CJ_2012_0473_20131107,2013-07-11
DOC_JUDG_CJ_2012_0475_20140430,2013-11-20
DOC_JUDG_CJ_2012_0475_20140430,2014-01-30
DOC_JUDG_CJ_2012_0476_20141105,2013-09-25
DOC_JUDG_CJ_2012_0476_20141105,2014-02-13
DOC_JUDG_CJ_2012_0480_20140515,2014-02-13
DOC_JUDG_CJ_2012_0480_20140515,2013-11-06
DOC_JUDG_CJ_2012_0484_20131212,2013-09-12
DOC_JUDG_CJ_2012_0484_20131212,2013-11-14
DOC_JUDG_CJ_2012_0487_20140918,2014-01-08
DOC_JUDG_CJ_2012_0487_20140918,2014-01-23
DOC_JUDG_CJ_2012_0493_20131212,2013-09-12
DOC_JUDG_CJ_2012_0495_20131219,2013-10-02
DOC_JUDG_CJ_2012_0497_20150702,2015-03-12
DOC_JUDG_CJ_2012_0501_20140619,2013-09-19
DOC_JUDG_CJ_2012_0501_20140619,2013-11-28
DOC_JUDG_CJ_2012_0507_20140619,2013-12-12
DOC_JUDG_CJ_2012_0507_20140619,2013-11-14
DOC_JUDG_CJ_2012_0512_20140313,2013-11-07
DOC_JUDG_CJ_2012_0512_20140313,2013-07-10
DOC_JUDG_CJ_2012_0514_20131205,2013-09-12
DOC_JUDG_CJ_2012_0515_20140403,2013-12-19
DOC_JUDG_CJ_2012_0516_20140403,2013-11-20
DOC_JUDG_CJ_2012_0516_20140403,2014-02-06
DOC_JUDG_CJ_2012_0521_20140515,2013-12-11
DOC_JUDG_CJ_2012_0521_20140515,2014-02-27
DOC_JUDG_CJ_2012_0525_20140911,2014-05-22
DOC_JUDG_CJ_2012_0525_20140911,2014-03-05
DOC_JUDG_CJ_2012_0527_20140911,2014-02-13
DOC_JUDG_CJ_2012_0527_20140911,2013-12-04
DOC_JUDG_CJ_2012_0528_20140206,2013-11-14
DOC_JUDG_CJ_2012_0530_P_20140327,2013-09-18
DOC_JUDG_CJ_2012_0530_P_20140327,2013-11-28
DOC_JUDG_CJ_2012_0531_P_20140619,2014-02-27
DOC_JUDG_CJ_2012_0533_P_20140904,2013-11-06
DOC_JUDG_CJ_2012_0533_P_20140904,2014-01-15
DOC_JUDG_CJ_2012_0539_20140522,2013-11-13
DOC_JUDG_CJ_2012_0539_20140522,2013-12-05
DOC_JUDG_CJ_2012_0546_P_20150521,2014-11-13
DOC_JUDG_CJ_2012_0546_P_20150521,2014-04-03
DOC_JUDG_CJ_2012_0548_20140313,2013-11-28
DOC_JUDG_CJ_2012_0549_P_20150624,2014-04-01
DOC_JUDG_CJ_2012_0549_P_20150624,2014-01-09
DOC_JUDG_CJ_2012_0556_20140619,2014-01-16
DOC_JUDG_CJ_2012_0557_20140605,2013-12-12
DOC_JUDG_CJ_2012_0557_20140605,2014-01-30
DOC_JUDG_CJ_2012_0559_P_20140403,2013-11-21
DOC_JUDG_CJ_2012_0559_P_20140403,2013-09-11
DOC_JUDG_CJ_2012_0562_20140917,2013-12-04
DOC_JUDG_CJ_2012_0562_20140917,2014-03-13
DOC_JUDG_CJ_2012_0563_20131219,2013-10-24
DOC_JUDG_CJ_2012_0565_20140327,2013-11-20
DOC_JUDG_CJ_2012_0571_20140227,2013-12-05
DOC_JUDG_CJ_2012_0571_20140227,2013-10-02
DOC_JUDG_CJ_2012_0573_20140701,2014-01-28
DOC_JUDG_CJ_2012_0573_20140701,2013-11-05
DOC_JUDG_CJ_2012_0574_20140619,2013-11-21
DOC_JUDG_CJ_2012_0574_20140619,2014-02-27
DOC_JUDG_CJ_2012_0575_20140904,2014-03-19
DOC_JUDG_CJ_2012_0575_20140904,2014-05-21
DOC_JUDG_CJ_2012_0580_P_20141112,2013-12-12
DOC_JUDG_CJ_2012_0580_P_20141112,2014-04-29
DOC_JUDG_CJ_2012_0583_20140409,2014-01-28
DOC_JUDG_CJ_2012_0589_20140903,2013-12-05
DOC_JUDG_CJ_2012_0591_P_20140508,2014-01-23
DOC_JUDG_CJ_2012_0591_P_20140508,2013-11-07
DOC_JUDG_CJ_2012_0600_20140717,2014-02-06
DOC_JUDG_CJ_2012_0604_20140508,2013-11-07
DOC_JUDG_CJ_2012_0604_20140508,2013-10-17
DOC_JUDG_CJ_2012_0605_20141016,2014-03-06
DOC_JUDG_CJ_2012_0605_20141016,2014-05-15
DOC_JUDG_CJ_2012_0609_20140410,2013-11-14
DOC_JUDG_CJ_2012_0609_20140410,2013-10-10
DOC_JUDG_CJ_2012_0611_P_20141014,2014-03-20
DOC_JUDG_CJ_2012_0612_P_20140327,2013-11-13
DOC_JUDG_CJ_2013_0003_20140917,2014-04-03
DOC_JUDG_CJ_2013_0004_20141106,2014-04-10
DOC_JUDG_CJ_2013_0007_20140917,2014-05-08
DOC_JUDG_CJ_2013_0007_20140917,2014-03-12
DOC_JUDG_CJ_2013_0011_20140619,2013-11-21
DOC_JUDG_CJ_2013_0011_20140619,2014-02-13
DOC_JUDG_CJ_2013_0012_P_20141014,2014-03-20
DOC_JUDG_CJ_2013_0017_20140327,2013-12-19
DOC_JUDG_CJ_2013_0017_20140327,2013-10-24
DOC_JUDG_CJ_2013_0019_20140911,2014-04-10
DOC_JUDG_CJ_2013_0019_20140911,2014-03-20
DOC_JUDG_CJ_2013_0020_20150909,2015-04-15
DOC_JUDG_CJ_2013_0021_20140904,2014-04-10
DOC_JUDG_CJ_2013_0022_20141126,2014-07-17
DOC_JUDG_CJ_2013_0022_20141126,2014-03-27
DOC_JUDG_CJ_2013_0026_20140430,2013-12-05
DOC_JUDG_CJ_2013_0026_20140430,2014-02-12
DOC_JUDG_CJ_2013_0031_P_20140213,2013-11-06
DOC_JUDG_CJ_2013_0034_20140910,2014-06-05
DOC_JUDG_CJ_2013_0035_20140508,2014-01-09
DOC_JUDG_CJ_2013_0037_P_20140625,2014-02-26
DOC_JUDG_CJ_2013_0037_P_20140625,2014-04-03
DOC_JUDG_CJ_2013_0039_20140612,2014-02-27
DOC_JUDG_CJ_2013_0039_20140612,2014-01-09
DOC_JUDG_CJ_2013_0042_20141106,2014-05-15
DOC_JUDG_CJ_2013_0043_20140403,2013-12-12
DOC_JUDG_CJ_2013_0047_20141002,2014-04-30
DOC_JUDG_CJ_2013_0047_20141002,2014-02-06
DOC_JUDG_CJ_2013_0048_20140717,2014-03-13
DOC_JUDG_CJ_2013_0051_20150429,2014-06-12
DOC_JUDG_CJ_2013_0051_20150429,2014-03-19
DOC_JUDG_CJ_2013_0053_20140619,2013-12-11
DOC_JUDG_CJ_2013_0053_20140619,2014-02-13
DOC_JUDG_CJ_2013_0058_20140717,2014-02-11
DOC_JUDG_CJ_2013_0058_20140717,2014-04-10
DOC_JUDG_CJ_2013_0065_20141015,2014-04-30
DOC_JUDG_CJ_2013_0065_20141015,2014-07-10
DOC_JUDG_CJ_2013_0066_20141126,2014-01-08
DOC_JUDG_CJ_2013_0066_20141126,2014-03-13
DOC_JUDG_CJ_2013_0067_P_20140911,2014-01-22
DOC_JUDG_CJ_2013_0067_P_20140911,2014-03-27
DOC_JUDG_CJ_2013_0069_20140213,2013-11-21
DOC_JUDG_CJ_2013_0079_20140227,2013-11-27
DOC_JUDG_CJ_2013_0081_20141218,2014-05-13
DOC_JUDG_CJ_2013_0081_20141218,2014-07-17
DOC_JUDG_CJ_2013_0083_20140708,2014-01-28
DOC_JUDG_CJ_2013_0083_20140708,2014-04-01
DOC_JUDG_CJ_2013_0085_20140410,2014-01-23
DOC_JUDG_CJ_2013_0087_20141218,2014-09-04
DOC_JUDG_CJ_2013_0088_20140911,2014-02-13
DOC_JUDG_CJ_2013_0088_20140911,2013-11-27
DOC_JUDG_CJ_2013_0091_20140911,2014-05-08
DOC_JUDG_CJ_2013_0091_20140911,2014-03-20
DOC_JUDG_CJ_2013_0092_20140910,2014-01-22
DOC_JUDG_CJ_2013_0092_20140910,2014-04-10
DOC_JUDG_CJ_2013_0093_P_20150305,2014-07-17
DOC_JUDG_CJ_2013_0093_P_20150305,2014-02-27
DOC_JUDG_CJ_2013_0100_20141016,2014-02-06
DOC_JUDG_CJ_2013_0101_20141002,2014-01-15
DOC_JUDG_CJ_2013_0101_20141002,2014-04-30
DOC_JUDG_CJ_2013_0103_20141105,2014-01-09
DOC_JUDG_CJ_2013_0103_20141105,2014-03-05
DOC_JUDG_CJ_2013_0104_20141023,2014-05-20
DOC_JUDG_CJ_2013_0104_20141023,2014-03-20
DOC_JUDG_CJ_2013_0105_20140605,2014-02-06
DOC_JUDG_CJ_2013_0107_20140313,2013-12-19
DOC_JUDG_CJ_2013_0108_20141106,2014-03-06
DOC_JUDG_CJ_2013_0108_20141106,2014-05-22
DOC_JUDG_CJ_2013_0112_20140911,2014-02-27
DOC_JUDG_CJ_2013_0112_20140911,2014-04-02
DOC_JUDG_CJ_2013_0114_20150212,2014-03-04
DOC_JUDG_CJ_2013_0119_20140904,2014-04-09
DOC_JUDG_CJ_2013_0124_20151201,2015-02-24
DOC_JUDG_CJ_2013_0124_20151201,2015-05-21
DOC_JUDG_CJ_2013_0127_P_20141002,2014-05-22
DOC_JUDG_CJ_2013_0128_20141211,2014-06-19
DOC_JUDG_CJ_2013_0129_20140703,2014-02-25
DOC_JUDG_CJ_2013_0129_20140703,2014-01-15
DOC_JUDG_CJ_2013_0131_20141218,2014-09-11
DOC_JUDG_CJ_2013_0131_20141218,2014-06-05
DOC_JUDG_CJ_2013_0132_20140313,2014-01-29
DOC_JUDG_CJ_2013_0133_20141218,2014-05-21
DOC_JUDG_CJ_2013_0133_20141218,2014-10-02
DOC_JUDG_CJ_2013_0134_20150212,2014-11-26
DOC_JUDG_CJ_2013_0135_20140515,2014-03-06
DOC_JUDG_CJ_2013_0137_20141105,2014-05-08
DOC_JUDG_CJ_2013_0137_20141105,2014-02-12
DOC_JUDG_CJ_2013_0138_20140710,2014-02-05
DOC_JUDG_CJ_2013_0138_20140710,2014-04-30
DOC_JUDG_CJ_2013_0140_20141112,2014-09-04
DOC_JUDG_CJ_2013_0140_20141112,2014-06-04
DOC_JUDG_CJ_2013_0143_20150226,2014-11-19
DOC_JUDG_CJ_2013_0144_20150226,2014-05-19
DOC_JUDG_CJ_2013_0144_20150226,2014-09-04
DOC_JUDG_CJ_2013_0146_20150505,2014-11-18
DOC_JUDG_CJ_2013_0146_20150505,2014-07-01
DOC_JUDG_CJ_2013_0147_20150505,2014-07-01
DOC_JUDG_CJ_2013_0147_20150505,2014-11-18
DOC_JUDG_CJ_2013_0148_20141202,2014-07-17
DOC_JUDG_CJ_2013_0148_20141202,2014-02-25
DOC_JUDG_CJ_2013_0151_20140327,2014-01-08
DOC_JUDG_CJ_2013_0152_20140910,2014-04-30
DOC_JUDG_CJ_2013_0156_20140612,2014-04-02
DOC_JUDG_CJ_2013_0161_20140508,2014-01-16
DOC_JUDG_CJ_2013_0162_20140904,2014-02-26
DOC_JUDG_CJ_2013_0166_20141105,2014-06-25
DOC_JUDG_CJ_2013_0166_20141105,2014-05-08
DOC_JUDG_CJ_2013_0168_PPU_20130530,2013-05-07
DOC_JUDG_CJ_2013_0170_20150716,2014-11-20
DOC_JUDG_CJ_2013_0170_20150716,2014-09-11
DOC_JUDG_CJ_2013_0171_20150114,2014-07-10
DOC_JUDG_CJ_2013_0171_20150114,2014-05-14
DOC_JUDG_CJ_2013_0172_20150203,2014-07-15
DOC_JUDG_CJ_2013_0172_20150203,2014-10-23
DOC_JUDG_CJ_2013_0173_20140717,2014-02-27
DOC_JUDG_CJ_2013_0176_P_20160218,2014-09-10
DOC_JUDG_CJ_2013_0176_P_20160218,2015-02-26
DOC_JUDG_CJ_2013_0179_20150115,2014-06-19
DOC_JUDG_CJ_2013_0179_20150115,2014-04-09
DOC_JUDG_CJ_2013_0182_20150513,2015-02-05
DOC_JUDG_CJ_2013_0182_20150513,2014-11-20
DOC_JUDG_CJ_2013_0183_20140710,2014-03-06
DOC_JUDG_CJ_2013_0184_20140904,2014-04-07
DOC_JUDG_CJ_2013_0189_20140703,2014-03-12
DOC_JUDG_CJ_2013_0192_P_20140904,2014-03-13
DOC_JUDG_CJ_2013_0196_20141202,2014-09-04
DOC_JUDG_CJ_2013_0196_20141202,2014-06-03
DOC_JUDG_CJ_2013_0197_P_20140904,2014-03-13
DOC_JUDG_CJ_2013_0198_20140710,2014-03-12
DOC_JUDG_CJ_2013_0200_P_20160421,2015-02-26
DOC_JUDG_CJ_2013_0200_P_20160421,2014-09-10
DOC_JUDG_CJ_2013_0201_20140903,2014-05-22
DOC_JUDG_CJ_2013_0201_20140903,2014-01-07
DOC_JUDG_CJ_2013_0202_20141218,2014-03-04
DOC_JUDG_CJ_2013_0202_20141218,2014-05-20
DOC_JUDG_CJ_2013_0205_20140918,2014-05-14
DOC_JUDG_CJ_2013_0205_20140918,2014-02-26
DOC_JUDG_CJ_2013_0211_20140904,2014-05-08
DOC_JUDG_CJ_2013_0212_20141211,2014-07-10
DOC_JUDG_CJ_2013_0213_20140710,2014-05-15
DOC_JUDG_CJ_2013_0213_20140710,2014-02-27
DOC_JUDG_CJ_2013_0219_20140911,2014-03-13
DOC_JUDG_CJ_2013_0219_20140911,2014-05-14
DOC_JUDG_CJ_2013_0220_P_20140710,2014-01-22
DOC_JUDG_CJ_2013_0220_P_20140710,2014-03-20
DOC_JUDG_CJ_2013_0221_20141015,2014-03-20
DOC_JUDG_CJ_2013_0221_20141015,2014-05-22
DOC_JUDG_CJ_2013_0222_20141009,2014-03-19
DOC_JUDG_CJ_2013_0222_20141009,2014-06-12
DOC_JUDG_CJ_2013_0226_20150611,2014-10-15
DOC_JUDG_CJ_2013_0226_20150611,2014-12-09
DOC_JUDG_CJ_2013_0242_20140917,2014-05-08
DOC_JUDG_CJ_2013_0242_20140917,2014-03-13
DOC_JUDG_CJ_2013_0243_20141204,2014-07-03
DOC_JUDG_CJ_2013_0244_20140710,2014-05-14
DOC_JUDG_CJ_2013_0244_20140710,2014-03-06
DOC_JUDG_CJ_2013_0249_20141211,2014-05-08
DOC_JUDG_CJ_2013_0249_20141211,2014-06-25
DOC_JUDG_CJ_2013_0255_20140605,2014-03-20
DOC_JUDG_CJ_2013_0255_20140605,2014-01-29
DOC_JUDG_CJ_2013_0256_20140904,2014-04-03
DOC_JUDG_CJ_2013_0260_20150423,2014-06-19
DOC_JUDG_CJ_2013_0260_20150423,2014-09-04
DOC_JUDG_CJ_2013_0261_P_20141209,2014-07-17
DOC_JUDG_CJ_2013_0266_20150319,2014-10-16
DOC_JUDG_CJ_2013_0266_20150319,2014-07-03
DOC_JUDG_CJ_2013_0268_20141009,2014-03-26
DOC_JUDG_CJ_2013_0268_20141009,2014-06-19
DOC_JUDG_CJ_2013_0270_20140910,2014-03-26
DOC_JUDG_CJ_2013_0270_20140910,2014-06-05
DOC_JUDG_CJ_2013_0277_20140911,2014-05-14
DOC_JUDG_CJ_2013_0282_20150122,2014-09-09
DOC_JUDG_CJ_2013_0282_20150122,2014-05-15
DOC_JUDG_CJ_2013_0286_P_20150319,2014-12-11
DOC_JUDG_CJ_2013_0286_P_20150319,2014-10-08
DOC_JUDG_CJ_2013_0293_P_20150624,2014-12-11
DOC_JUDG_CJ_2013_0293_P_20150624,2014-10-09
DOC_JUDG_CJ_2013_0297_20140515,2014-03-05
DOC_JUDG_CJ_2013_0302_20141023,2014-05-14
DOC_JUDG_CJ_2013_0302_20141023,2014-07-03
DOC_JUDG_CJ_2013_0307_20140710,2014-04-03
DOC_JUDG_CJ_2013_0310_20141120,2014-06-11
DOC_JUDG_CJ_2013_0310_20141120,2014-03-26
DOC_JUDG_CJ_2013_0311_20141105,2014-05-15
DOC_JUDG_CJ_2013_0311_20141105,2014-06-12
DOC_JUDG_CJ_2013_0316_20150326,2014-06-12
DOC_JUDG_CJ_2013_0316_20150326,2014-03-27
DOC_JUDG_CJ_2013_0317_20150416,2014-11-05
DOC_JUDG_CJ_2013_0317_20150416,2015-01-22
DOC_JUDG_CJ_2013_0318_20140903,2014-05-15
DOC_JUDG_CJ_2013_0318_20140903,2014-04-02
DOC_JUDG_CJ_2013_0323_20141015,2014-06-19
DOC_JUDG_CJ_2013_0327_20140904,2014-04-02
DOC_JUDG_CJ_2013_0328_20140911,2014-06-03
DOC_JUDG_CJ_2013_0331_20141015,2014-05-15
DOC_JUDG_CJ_2013_0331_20141015,2014-03-25
DOC_JUDG_CJ_2013_0333_20141111,2014-03-18
DOC_JUDG_CJ_2013_0333_20141111,2014-05-20
DOC_JUDG_CJ_2013_0334_20141016,2014-05-07
DOC_JUDG_CJ_2013_0335_20141106,2014-06-19
DOC_JUDG_CJ_2013_0335_20141106,2014-04-30
DOC_JUDG_CJ_2013_0338_20140717,2014-04-30
DOC_JUDG_CJ_2013_0340_20150211,2014-06-11
DOC_JUDG_CJ_2013_0340_20150211,2014-10-16
DOC_JUDG_CJ_2013_0343_20150305,2014-11-12
DOC_JUDG_CJ_2013_0343_20150305,2014-09-03
DOC_JUDG_CJ_2013_0345_20140619,2014-04-02
DOC_JUDG_CJ_2013_0346_20151006,2015-07-08
DOC_JUDG_CJ_2013_0346_20151006,2015-05-13
DOC_JUDG_CJ_2013_0349_20150212,2014-07-10
DOC_JUDG_CJ_2013_0352_20150521,2014-12-11
DOC_JUDG_CJ_2013_0354_20141218,2014-06-12
DOC_JUDG_CJ_2013_0354_20141218,2014-07-17
DOC_JUDG_CJ_2013_0357_20150422,2014-12-18
DOC_JUDG_CJ_2013_0357_20150422,2014-10-22
DOC_JUDG_CJ_2013_0358_20140710,2014-06-12
DOC_JUDG_CJ_2013_0358_20140710,2014-05-14
DOC_JUDG_CJ_2013_0359_20150226,2014-09-24
DOC_JUDG_CJ_2013_0359_20150226,2014-07-02
DOC_JUDG_CJ_2013_0362_20140703,2014-05-07
DOC_JUDG_CJ_2013_0366_20160420,2015-03-05
DOC_JUDG_CJ_2013_0366_20160420,2015-04-23
DOC_JUDG_CJ_2013_0373_20150624,2014-09-11
DOC_JUDG_CJ_2013_0373_20150624,2014-06-04
DOC_JUDG_CJ_2013_0375_20150128,2014-05-21
DOC_JUDG_CJ_2013_0375_20150128,2014-09-03
DOC_JUDG_CJ_2013_0376_20150423,2014-09-24
DOC_JUDG_CJ_2013_0377_20140612,2014-04-08
DOC_JUDG_CJ_2013_0378_20141202,2014-06-03
DOC_JUDG_CJ_2013_0378_20141202,2014-09-04
DOC_JUDG_CJ_2013_0382_20150423,2014-09-10
DOC_JUDG_CJ_2013_0382_20150423,2014-06-25
DOC_JUDG_CJ_2013_0383_PPU_20130910,2013-08-08
DOC_JUDG_CJ_2013_0388_20150416,2014-10-23
DOC_JUDG_CJ_2013_0388_20150416,2014-09-11
DOC_JUDG_CJ_2013_0392_20150513,2015-02-05
DOC_JUDG_CJ_2013_0392_20150513,2014-11-20
DOC_JUDG_CJ_2013_0393_P_20141001,2014-07-17
DOC_JUDG_CJ_2013_0395_20141106,2014-05-15
DOC_JUDG_CJ_2013_0396_20150212,2014-06-11
DOC_JUDG_CJ_2013_0396_20150212,2014-09-18
DOC_JUDG_CJ_2013_0398_P_20150903,2015-03-19
DOC_JUDG_CJ_2013_0398_P_20150903,2015-02-09
DOC_JUDG_CJ_2013_0400_20141218,2014-09-04
DOC_JUDG_CJ_2013_0401_20150122,2014-06-04
DOC_JUDG_CJ_2013_0401_20150122,2014-09-04
DOC_JUDG_CJ_2013_0404_20141119,2014-07-10
DOC_JUDG_CJ_2013_0409_20150414,2014-12-18
DOC_JUDG_CJ_2013_0409_20150414,2014-09-23
DOC_JUDG_CJ_2013_0413_20141204,2014-09-11
DOC_JUDG_CJ_2013_0413_20141204,2014-06-18
DOC_JUDG_CJ_2013_0416_20141113,2014-07-17
DOC_JUDG_CJ_2013_0417_20150128,2014-07-03
DOC_JUDG_CJ_2013_0417_20150128,2014-05-15
DOC_JUDG_CJ_2013_0419_20150122,2014-05-22
DOC_JUDG_CJ_2013_0419_20150122,2014-09-11
DOC_JUDG_CJ_2013_0420_20140710,2014-04-30
DOC_JUDG_CJ_2013_0421_20140710,2014-04-30
DOC_JUDG_CJ_2013_0422_20150702,2014-07-17
DOC_JUDG_CJ_2013_0424_20150423,2014-09-11
DOC_JUDG_CJ_2013_0424_20150423,2014-07-10
DOC_JUDG_CJ_2013_0425_20150716,2015-03-17
DOC_JUDG_CJ_2013_0425_20150716,2015-01-06
DOC_JUDG_CJ_2013_0429_P_20141022,2014-05-15
DOC_JUDG_CJ_2013_0436_20141001,2014-05-15
DOC_JUDG_CJ_2013_0437_20141023,2014-07-03
DOC_JUDG_CJ_2013_0439_P_20151112,2014-12-04
DOC_JUDG_CJ_2013_0439_P_20151112,2015-05-21
DOC_JUDG_CJ_2013_0440_20141211,2014-09-04
DOC_JUDG_CJ_2013_0441_20150122,2014-09-11
DOC_JUDG_CJ_2013_0443_20141113,2014-06-19
DOC_JUDG_CJ_2013_0446_20141002,2014-05-07
DOC_JUDG_CJ_2013_0446_20141002,2014-07-03
DOC_JUDG_CJ_2013_0447_P_20141113,2014-06-19
DOC_JUDG_CJ_2013_0447_P_20141113,2014-04-03
DOC_JUDG_CJ_2013_0449_20141218,2014-07-10
DOC_JUDG_CJ_2013_0449_20141218,2014-09-11
DOC_JUDG_CJ_2013_0452_20140904,2014-05-07
DOC_JUDG_CJ_2013_0454_20151217,2015-09-03
DOC_JUDG_CJ_2013_0455_P_20150917,2015-06-04
DOC_JUDG_CJ_2013_0456_P_20150428,2014-10-14
DOC_JUDG_CJ_2013_0456_P_20150428,2014-05-20
DOC_JUDG_CJ_2013_0461_20150701,2014-10-23
DOC_JUDG_CJ_2013_0461_20150701,2014-07-08
DOC_JUDG_CJ_2013_0463_20150122,2014-10-22
DOC_JUDG_CJ_2013_0464_20150311,2014-09-04
DOC_JUDG_CJ_2013_0464_20150311,2014-05-15
DOC_JUDG_CJ_2013_0470_20141218,2014-09-25
DOC_JUDG_CJ_2013_0472_20150226,2014-11-11
DOC_JUDG_CJ_2013_0472_20150226,2014-06-25
DOC_JUDG_CJ_2013_0473_20140717,2014-04-08
DOC_JUDG_CJ_2013_0473_20140717,2014-04-30
DOC_JUDG_CJ_2013_0474_20140717,2014-04-08
DOC_JUDG_CJ_2013_0474_20140717,2014-04-30
DOC_JUDG_CJ_2013_0477_20150416,2014-07-09
DOC_JUDG_CJ_2013_0477_20150416,2014-11-05
DOC_JUDG_CJ_2013_0482_20150121,2014-10-16
DOC_JUDG_CJ_2013_0482_20150121,2014-09-10
DOC_JUDG_CJ_2013_0491_20140910,2014-06-12
DOC_JUDG_CJ_2013_0497_20150604,2014-09-11
DOC_JUDG_CJ_2013_0497_20150604,2014-11-27
DOC_JUDG_CJ_2013_0499_20150326,2014-11-06
DOC_JUDG_CJ_2013_0499_20150326,2014-09-04
DOC_JUDG_CJ_2013_0503_20150305,2014-09-03
DOC_JUDG_CJ_2013_0503_20150305,2014-10-21
DOC_JUDG_CJ_2013_0506_P_20150909,2015-02-24
DOC_JUDG_CJ_2013_0510_20150319,2014-10-23
DOC_JUDG_CJ_2013_0512_20150224,2014-11-13
DOC_JUDG_CJ_2013_0512_20150224,2014-09-02
DOC_JUDG_CJ_2013_0515_20150226,2014-10-02
DOC_JUDG_CJ_2013_0516_20150513,2014-12-04
DOC_JUDG_CJ_2013_0516_20150513,2014-09-11
DOC_JUDG_CJ_2013_0517_20151217,2015-09-03
DOC_JUDG_CJ_2013_0518_20150114,2014-07-03
DOC_JUDG_CJ_2013_0518_20150114,2014-09-24
DOC_JUDG_CJ_2013_0519_20150916,2015-01-22
DOC_JUDG_CJ_2013_0519_20150916,2014-11-27
DOC_JUDG_CJ_2013_0523_20141218,2014-10-08
DOC_JUDG_CJ_2013_0526_20150903,2014-12-04
DOC_JUDG_CJ_2013_0526_20150903,2015-03-05
DOC_JUDG_CJ_2013_0527_20150414,2014-10-09
DOC_JUDG_CJ_2013_0527_20150414,2014-09-29
DOC_JUDG_CJ_2013_0528_20150429,2014-07-17
DOC_JUDG_CJ_2013_0531_20150211,2014-10-09
DOC_JUDG_CJ_2013_0531_20150211,2014-09-03
DOC_JUDG_CJ_2013_0533_20150317,2014-11-20
DOC_JUDG_CJ_2013_0533_20150317,2014-09-09
DOC_JUDG_CJ_2013_0534_20150304,2014-11-05
DOC_JUDG_CJ_2013_0534_20150304,2014-11-20
DOC_JUDG_CJ_2013_0536_20150513,2014-09-30
DOC_JUDG_CJ_2013_0536_20150513,2014-12-04
DOC_JUDG_CJ_2013_0537_20150115,2014-10-01
DOC_JUDG_CJ_2013_0539_20150212,2014-10-23
DOC_JUDG_CJ_2013_0539_20150212,2014-09-04
DOC_JUDG_CJ_2013_0540_20150416,2014-11-05
DOC_JUDG_CJ_2013_0540_20150416,2015-01-22
DOC_JUDG_CJ_2013_0542_20141218,2014-07-17
DOC_JUDG_CJ_2013_0542_20141218,2014-06-24
DOC_JUDG_CJ_2013_0543_20150604,2015-02-12
DOC_JUDG_CJ_2013_0544_20150716,2015-03-03
DOC_JUDG_CJ_2013_0544_20150716,2014-11-06
DOC_JUDG_CJ_2013_0547_20150304,2014-10-16
DOC_JUDG_CJ_2013_0552_20151022,2015-04-20
DOC_JUDG_CJ_2013_0552_20151022,2015-06-11
DOC_JUDG_CJ_2013_0554_20150611,2015-02-12
DOC_JUDG_CJ_2013_0554_20150611,2014-10-15
DOC_JUDG_CJ_2013_0557_20150416,2014-09-18
DOC_JUDG_CJ_2013_0557_20150416,2014-11-27
DOC_JUDG_CJ_2013_0559_20150224,2014-11-18
DOC_JUDG_CJ_2013_0559_20150224,2014-09-16
DOC_JUDG_CJ_2013_0560_20150521,2014-12-18
DOC_JUDG_CJ_2013_0560_20150521,2014-11-20
DOC_JUDG_CJ_2013_0562_20141218,2014-06-24
DOC_JUDG_CJ_2013_0562_20141218,2014-09-04
DOC_JUDG_CJ_2013_0567_20150212,2014-11-19
DOC_JUDG_CJ_2013_0568_20141218,2014-10-15
DOC_JUDG_CJ_2013_0569_20150910,2014-12-03
DOC_JUDG_CJ_2013_0569_20150910,2015-05-21
DOC_JUDG_CJ_2013_0570_20150416,2014-10-09
DOC_JUDG_CJ_2013_0570_20150416,2014-11-13
DOC_JUDG_CJ_2013_0572_20151112,2015-01-29
DOC_JUDG_CJ_2013_0572_20151112,2015-06-11
DOC_JUDG_CJ_2013_0577_20150312,2014-12-01
DOC_JUDG_CJ_2013_0579_20150604,2015-01-28
DOC_JUDG_CJ_2013_0579_20150604,2014-11-05
DOC_JUDG_CJ_2013_0580_20150716,2015-04-16
DOC_JUDG_CJ_2013_0583_P_20150618,2014-12-04
DOC_JUDG_CJ_2013_0583_P_20150618,2015-02-12
DOC_JUDG_CJ_2013_0584_20150716,2014-11-12
DOC_JUDG_CJ_2013_0584_20150716,2015-02-04
DOC_JUDG_CJ_2013_0585_P_20150305,2014-11-12
DOC_JUDG_CJ_2013_0586_20150618,2015-01-15
DOC_JUDG_CJ_2013_0586_20150618,2014-10-09
DOC_JUDG_CJ_2013_0589_20150917,2015-01-21
DOC_JUDG_CJ_2013_0591_20150416,2014-11-26
DOC_JUDG_CJ_2013_0593_20150616,2015-03-10
DOC_JUDG_CJ_2013_0593_20150616,2014-12-02
DOC_JUDG_CJ_2013_0594_20150312,2014-10-08
DOC_JUDG_CJ_2013_0595_20151209,2015-03-04
DOC_JUDG_CJ_2013_0595_20151209,2015-05-20
DOC_JUDG_CJ_2013_0596_P_20150326,2014-12-11
DOC_JUDG_CJ_2013_0597_P_20150917,2015-01-15
DOC_JUDG_CJ_2013_0597_P_20150917,2015-03-26
DOC_JUDG_CJ_2013_0601_20150326,2014-12-18
DOC_JUDG_CJ_2013_0601_20150326,2014-11-06
DOC_JUDG_CJ_2013_0603_P_20160121,2015-04-15
DOC_JUDG_CJ_2013_0603_P_20160121,2015-07-16
DOC_JUDG_CJ_2013_0604_P_20170126,2015-09-10
DOC_JUDG_CJ_2013_0605_P_20150421,2015-01-08
DOC_JUDG_CJ_2013_0605_P_20150421,2014-11-18
DOC_JUDG_CJ_2013_0609_P_20170126,2015-11-26
DOC_JUDG_CJ_2013_0609_P_20170126,2015-09-10
DOC_JUDG_CJ_2013_0611_P_20170126,2015-09-10
DOC_JUDG_CJ_2013_0612_P_20150716,2015-01-15
DOC_JUDG_CJ_2013_0612_P_20150716,2015-04-14
DOC_JUDG_CJ_2013_0614_P_20170126,2015-09-10
DOC_JUDG_CJ_2013_0615_P_20150716,2015-04-14
DOC_JUDG_CJ_2013_0615_P_20150716,2015-01-22
DOC_JUDG_CJ_2013_0617_P_20160609,2015-04-15
DOC_JUDG_CJ_2013_0617_P_20160609,2015-07-16
DOC_JUDG_CJ_2013_0618_P_20170126,2015-09-10
DOC_JUDG_CJ_2013_0619_P_20170126,2015-09-10
DOC_JUDG_CJ_2013_0623_20150226,2014-10-21
DOC_JUDG_CJ_2013_0625_P_20170126,2015-11-26
DOC_JUDG_CJ_2013_0625_P_20170126,2015-09-10
DOC_JUDG_CJ_2013_0626_P_20170126,2015-09-10
DOC_JUDG_CJ_2013_0628_20150311,2014-11-13
DOC_JUDG_CJ_2013_0628_20150311,2014-12-18
DOC_JUDG_CJ_2013_0630_P_20150421,2015-01-08
DOC_JUDG_CJ_2013_0630_P_20150421,2014-11-18
DOC_JUDG_CJ_2013_0634_P_20150917,2015-01-15
DOC_JUDG_CJ_2013_0634_P_20150917,2015-03-26
DOC_JUDG_CJ_2013_0635_20150423,2015-02-04
DOC_JUDG_CJ_2013_0636_P_20170126,2015-09-10
DOC_JUDG_CJ_2013_0636_P_20170126,2015-11-26
DOC_JUDG_CJ_2013_0637_P_20170126,2015-09-10
DOC_JUDG_CJ_2013_0638_P_20170126,2015-09-10
DOC_JUDG_CJ_2013_0642_P_20170126,2015-09-10
DOC_JUDG_CJ_2013_0644_P_20170126,2015-11-26
DOC_JUDG_CJ_2013_0644_P_20170126,2015-09-10
DOC_JUDG_CJ_2013_0647_20150204,2014-10-16
DOC_JUDG_CJ_2013_0648_20160630,2015-01-15
DOC_JUDG_CJ_2013_0649_20150611,2014-11-06
DOC_JUDG_CJ_2013_0649_20150611,2015-01-29
DOC_JUDG_CJ_2013_0650_20151006,2015-06-04
DOC_JUDG_CJ_2013_0650_20151006,2015-01-20
DOC_JUDG_CJ_2013_0653_20150716,2015-04-15
DOC_JUDG_CJ_2013_0655_20150205,2014-11-06
DOC_JUDG_CJ_2013_0657_20150521,2015-02-26
DOC_JUDG_CJ_2013_0659_20160204,2015-07-08
DOC_JUDG_CJ_2013_0659_20160204,2015-09-17
DOC_JUDG_CJ_2013_0660_20160728,2015-11-26
DOC_JUDG_CJ_2013_0660_20160728,2015-06-02
DOC_JUDG_CJ_2013_0671_20150625,2014-11-20
DOC_JUDG_CJ_2013_0671_20150625,2015-02-26
DOC_JUDG_CJ_2013_0672_20150319,2014-11-13
DOC_JUDG_CJ_2013_0674_20150506,2015-01-14
DOC_JUDG_CJ_2013_0681_20150716,2015-03-03
DOC_JUDG_CJ_2013_0681_20150716,2014-12-09
DOC_JUDG_CJ_2013_0684_20150702,2015-02-26
DOC_JUDG_CJ_2013_0686_20150610,2015-01-22
DOC_JUDG_CJ_2013_0687_20150910,2015-05-21
DOC_JUDG_CJ_2013_0687_20150910,2014-12-03
DOC_JUDG_CJ_2013_0689_20160405,2015-03-11
DOC_JUDG_CJ_2013_0689_20160405,2015-09-15
DOC_JUDG_CJ_2013_0689_20160405,2015-10-15
DOC_JUDG_CJ_2013_0689_20160405,2015-04-23
DOC_JUDG_CJ_2013_0691_20150226,2014-11-20
DOC_JUDG_CJ_2014_0001_20150611,2014-11-12
DOC_JUDG_CJ_2014_0001_20150611,2015-01-29
DOC_JUDG_CJ_2014_0003_20150416,2015-01-15
DOC_JUDG_CJ_2014_0003_20150416,2015-01-07
DOC_JUDG_CJ_2014_0004_20150909,2015-01-08
DOC_JUDG_CJ_2014_0004_20150909,2015-04-16
DOC_JUDG_CJ_2014_0005_20150604,2014-11-04
DOC_JUDG_CJ_2014_0005_20150604,2015-02-03
DOC_JUDG_CJ_2014_0006_20150226,2014-11-20
DOC_JUDG_CJ_2014_0008_20151029,2015-02-11
DOC_JUDG_CJ_2014_0008_20151029,2015-05-13
DOC_JUDG_CJ_2014_0009_20150618,2015-03-05
DOC_JUDG_CJ_2014_0010_20150917,2015-06-25
DOC_JUDG_CJ_2014_0010_20150917,2015-03-18
DOC_JUDG_CJ_2014_0012_20160303,2015-11-12
DOC_JUDG_CJ_2014_0012_20160303,2015-07-16
DOC_JUDG_CJ_2014_0020_20151022,2015-03-12
DOC_JUDG_CJ_2014_0021_P_20150716,2015-02-10
DOC_JUDG_CJ_2014_0021_P_20150716,2015-04-23
DOC_JUDG_CJ_2014_0023_20151006,2015-03-26
DOC_JUDG_CJ_2014_0023_20151006,2015-05-21
DOC_JUDG_CJ_2014_0025_20151217,2015-03-19
DOC_JUDG_CJ_2014_0025_20151217,2015-01-22
DOC_JUDG_CJ_2014_0030_20150115,2014-11-12
DOC_JUDG_CJ_2014_0032_20151001,2015-02-05
DOC_JUDG_CJ_2014_0032_20151001,2015-06-25
DOC_JUDG_CJ_2014_0033_P_20150917,2015-06-18
DOC_JUDG_CJ_2014_0033_P_20150917,2015-04-27
DOC_JUDG_CJ_2014_0037_20150212,2014-11-24
DOC_JUDG_CJ_2014_0039_20150716,2015-03-17
DOC_JUDG_CJ_2014_0039_20150716,2014-12-11
DOC_JUDG_CJ_2014_0042_20150416,2014-11-27
DOC_JUDG_CJ_2014_0043_20150226,2014-12-11
DOC_JUDG_CJ_2014_0043_20150226,2014-11-19
DOC_JUDG_CJ_2014_0044_20150908,2015-03-17
DOC_JUDG_CJ_2014_0044_20150908,2015-05-13
DOC_JUDG_CJ_2014_0047_20150910,2015-05-07
DOC_JUDG_CJ_2014_0047_20150910,2015-01-21
DOC_JUDG_CJ_2014_0049_20160218,2015-09-02
DOC_JUDG_CJ_2014_0049_20160218,2015-11-11
DOC_JUDG_CJ_2014_0051_20150611,2015-01-07
DOC_JUDG_CJ_2014_0052_20150611,2015-01-07
DOC_JUDG_CJ_2014_0059_20151006,2015-06-11
DOC_JUDG_CJ_2014_0061_20151006,2015-02-11
DOC_JUDG_CJ_2014_0061_20151006,2015-05-07
DOC_JUDG_CJ_2014_0062_20150616,2014-10-14
DOC_JUDG_CJ_2014_0063_20150709,2015-02-05
DOC_JUDG_CJ_2014_0063_20150709,2015-03-26
DOC_JUDG_CJ_2014_0065_20150521,2014-12-18
DOC_JUDG_CJ_2014_0066_20151006,2015-04-16
DOC_JUDG_CJ_2014_0067_20150915,2015-02-03
DOC_JUDG_CJ_2014_0067_20150915,2015-03-26
DOC_JUDG_CJ_2014_0069_20151006,2015-04-23
DOC_JUDG_CJ_2014_0069_20151006,2015-01-27
DOC_JUDG_CJ_2014_0071_20151006,2015-04-16
DOC_JUDG_CJ_2014_0071_20151006,2014-12-11
DOC_JUDG_CJ_2014_0072_20150909,2015-05-13
DOC_JUDG_CJ_2014_0073_20151006,2015-04-14
DOC_JUDG_CJ_2014_0073_20151006,2015-07-16
DOC_JUDG_CJ_2014_0074_20160121,2015-05-07
DOC_JUDG_CJ_2014_0074_20160121,2015-07-16
DOC_JUDG_CJ_2014_0076_20150414,2015-02-10
DOC_JUDG_CJ_2014_0080_20150430,2014-11-20
DOC_JUDG_CJ_2014_0081_20150910,2015-02-26
DOC_JUDG_CJ_2014_0081_20150910,2015-03-12
DOC_JUDG_CJ_2014_0083_20150716,2015-01-13
DOC_JUDG_CJ_2014_0083_20150716,2015-03-12
DOC_JUDG_CJ_2014_0085_20150917,2015-04-16
DOC_JUDG_CJ_2014_0085_20150917,2015-03-11
DOC_JUDG_CJ_2014_0087_20150709,2015-03-04
DOC_JUDG_CJ_2014_0087_20150709,2015-03-19
DOC_JUDG_CJ_2014_0088_20150716,2015-03-09
DOC_JUDG_CJ_2014_0088_20150716,2015-05-07
DOC_JUDG_CJ_2014_0089_20150903,2015-03-26
DOC_JUDG_CJ_2014_0094_20160310,2015-10-22
DOC_JUDG_CJ_2014_0095_20150716,2015-01-15
DOC_JUDG_CJ_2014_0095_20150716,2015-04-23
DOC_JUDG_CJ_2014_0096_20150423,2014-12-09
DOC_JUDG_CJ_2014_0098_20150611,2015-01-14
DOC_JUDG_CJ_2014_0103_20151112,2015-02-25
DOC_JUDG_CJ_2014_0103_20151112,2015-06-04
DOC_JUDG_CJ_2014_0105_20150908,2015-03-03
DOC_JUDG_CJ_2014_0105_20150908,2015-04-30
DOC_JUDG_CJ_2014_0106_20150910,2015-01-08
DOC_JUDG_CJ_2014_0106_20150910,2015-02-12
DOC_JUDG_CJ_2014_0108_20150716,2015-01-07
DOC_JUDG_CJ_2014_0108_20150716,2015-03-26
DOC_JUDG_CJ_2014_0110_20150903,2015-01-28
DOC_JUDG_CJ_2014_0110_20150903,2015-04-23
DOC_JUDG_CJ_2014_0113_20160907,2016-02-03
DOC_JUDG_CJ_2014_0113_20160907,2016-04-20
DOC_JUDG_CJ_2014_0115_20151117,2015-09-09
DOC_JUDG_CJ_2014_0115_20151117,2015-04-29
DOC_JUDG_CJ_2014_0121_20151112,2015-09-03
DOC_JUDG_CJ_2014_0125_20150903,2015-03-24
DOC_JUDG_CJ_2014_0125_20150903,2015-02-04
DOC_JUDG_CJ_2014_0126_20151022,2015-02-04
DOC_JUDG_CJ_2014_0126_20151022,2015-04-22
DOC_JUDG_CJ_2014_0127_20150902,2015-03-17
DOC_JUDG_CJ_2014_0128_20160428,2015-10-15
DOC_JUDG_CJ_2014_0128_20160428,2015-07-16
DOC_JUDG_CJ_2014_0129_PPU_20140527,2014-04-28
DOC_JUDG_CJ_2014_0131_20160414,2015-11-18
DOC_JUDG_CJ_2014_0132_20151215,2015-06-25
DOC_JUDG_CJ_2014_0132_20151215,2015-04-21
DOC_JUDG_CJ_2014_0137_20151015,2015-05-21
DOC_JUDG_CJ_2014_0137_20151015,2015-03-12
DOC_JUDG_CJ_2014_0140_20150716,2015-04-16
DOC_JUDG_CJ_2014_0141_20160114,2015-09-03
DOC_JUDG_CJ_2014_0141_20160114,2015-05-20
DOC_JUDG_CJ_2014_0143_20150416,2015-01-29
DOC_JUDG_CJ_2014_0145_20150716,2015-04-16
DOC_JUDG_CJ_2014_0146_PPU_20140605,2014-05-12
DOC_JUDG_CJ_2014_0148_20150429,2015-02-05
DOC_JUDG_CJ_2014_0153_20150709,2015-02-05
DOC_JUDG_CJ_2014_0153_20150709,2015-03-19
DOC_JUDG_CJ_2014_0154_P_20160616,2015-09-03
DOC_JUDG_CJ_2014_0154_P_20160616,2015-05-13
DOC_JUDG_CJ_2014_0155_P_20160616,2015-06-04
DOC_JUDG_CJ_2014_0155_P_20160616,2015-09-03
DOC_JUDG_CJ_2014_0157_20151217,2015-02-26
DOC_JUDG_CJ_2014_0157_20151217,2015-07-09
DOC_JUDG_CJ_2014_0158_20170314,2016-09-29
DOC_JUDG_CJ_2014_0158_20170314,2016-03-08
DOC_JUDG_CJ_2014_0160_20150909,2015-06-11
DOC_JUDG_CJ_2014_0160_20150909,2015-02-25
DOC_JUDG_CJ_2014_0161_20150604,2015-02-26
DOC_JUDG_CJ_2014_0163_20160114,2015-07-02
DOC_JUDG_CJ_2014_0163_20160114,2015-04-23
DOC_JUDG_CJ_2014_0165_20160913,2016-02-04
DOC_JUDG_CJ_2014_0165_20160913,2015-06-30
DOC_JUDG_CJ_2014_0166_20151126,2015-04-22
DOC_JUDG_CJ_2014_0166_20151126,2015-05-21
DOC_JUDG_CJ_2014_0167_20151015,2015-07-01
DOC_JUDG_CJ_2014_0168_20151015,2015-03-19
DOC_JUDG_CJ_2014_0168_20151015,2015-06-03
DOC_JUDG_CJ_2014_0169_20140717,2014-06-30
DOC_JUDG_CJ_2014_0172_20150716,2015-02-11
DOC_JUDG_CJ_2014_0172_20150716,2015-04-23
DOC_JUDG_CJ_2014_0174_20151029,2015-03-19
DOC_JUDG_CJ_2014_0174_20151029,2015-06-25
DOC_JUDG_CJ_2014_0177_20150709,2015-05-20
DOC_JUDG_CJ_2014_0179_20160223,2015-09-17
DOC_JUDG_CJ_2014_0179_20160223,2015-05-12
DOC_JUDG_CJ_2014_0180_20151223,2015-09-23
DOC_JUDG_CJ_2014_0182_P_20150319,2015-01-21
DOC_JUDG_CJ_2014_0183_20150709,2015-03-11
DOC_JUDG_CJ_2014_0184_20150716,2015-04-16
DOC_JUDG_CJ_2014_0185_20151022,2015-06-04
DOC_JUDG_CJ_2014_0186_P_20160407,2015-06-10
DOC_JUDG_CJ_2014_0186_P_20160407,2015-11-19
DOC_JUDG_CJ_2014_0191_20160428,2015-09-03
DOC_JUDG_CJ_2014_0191_20160428,2015-11-12
DOC_JUDG_CJ_2014_0194_P_20151022,2015-05-21
DOC_JUDG_CJ_2014_0194_P_20151022,2015-03-04
DOC_JUDG_CJ_2014_0200_20160630,2016-02-18
DOC_JUDG_CJ_2014_0200_20160630,2015-10-22
DOC_JUDG_CJ_2014_0201_20151001,2015-07-09
DOC_JUDG_CJ_2014_0201_20151001,2015-04-29
DOC_JUDG_CJ_2014_0203_20151006,2015-05-12
DOC_JUDG_CJ_2014_0203_20151006,2015-07-07
DOC_JUDG_CJ_2014_0205_20160602,2015-06-11
DOC_JUDG_CJ_2014_0205_20160602,2015-09-17
DOC_JUDG_CJ_2014_0207_20150624,2015-03-04
DOC_JUDG_CJ_2014_0207_20150624,2015-04-14
DOC_JUDG_CJ_2014_0215_20150916,2015-06-11
DOC_JUDG_CJ_2014_0215_20150916,2015-04-30
DOC_JUDG_CJ_2014_0216_20151015,2015-03-19
DOC_JUDG_CJ_2014_0216_20151015,2015-05-07
DOC_JUDG_CJ_2014_0218_20150716,2015-03-23
DOC_JUDG_CJ_2014_0218_20150716,2015-05-07
DOC_JUDG_CJ_2014_0219_20151111,2015-09-17
DOC_JUDG_CJ_2014_0222_20150716,2015-04-16
DOC_JUDG_CJ_2014_0223_20151111,2015-03-25
DOC_JUDG_CJ_2014_0223_20151111,2015-06-04
DOC_JUDG_CJ_2014_0226_20160602,2015-11-11
DOC_JUDG_CJ_2014_0226_20160602,2016-01-12
DOC_JUDG_CJ_2014_0227_P_20150423,2015-01-26
DOC_JUDG_CJ_2014_0230_20151001,2015-03-12
DOC_JUDG_CJ_2014_0230_20151001,2015-06-25
DOC_JUDG_CJ_2014_0231_P_20150709,2015-04-30
DOC_JUDG_CJ_2014_0231_P_20150709,2015-02-04
DOC_JUDG_CJ_2014_0232_20160317,2015-07-15
DOC_JUDG_CJ_2014_0232_20160317,2015-09-10
DOC_JUDG_CJ_2014_0233_20160602,2016-01-26
DOC_JUDG_CJ_2014_0233_20160602,2015-11-25
DOC_JUDG_CJ_2014_0234_20160114,2015-06-04
DOC_JUDG_CJ_2014_0234_20160114,2015-04-16
DOC_JUDG_CJ_2014_0235_20160310,2015-05-06
DOC_JUDG_CJ_2014_0235_20160310,2015-09-03
DOC_JUDG_CJ_2014_0239_20151217,2015-09-03
DOC_JUDG_CJ_2014_0239_20151217,2015-05-06
DOC_JUDG_CJ_2014_0240_20150909,2015-03-04
DOC_JUDG_CJ_2014_0240_20150909,2015-05-20
DOC_JUDG_CJ_2014_0241_20151119,2015-04-30
DOC_JUDG_CJ_2014_0241_20151119,2015-02-26
DOC_JUDG_CJ_2014_0242_20150625,2015-03-05
DOC_JUDG_CJ_2014_0245_20151022,2015-04-16
DOC_JUDG_CJ_2014_0245_20151022,2015-07-02
DOC_JUDG_CJ_2014_0247_P_20160310,2015-10-15
DOC_JUDG_CJ_2014_0247_P_20160310,2015-06-03
DOC_JUDG_CJ_2014_0248_P_20160310,2015-10-15
DOC_JUDG_CJ_2014_0248_P_20160310,2015-06-03
DOC_JUDG_CJ_2014_0251_20151015,2015-05-21
DOC_JUDG_CJ_2014_0251_20151015,2015-04-23
DOC_JUDG_CJ_2014_0252_20160602,2015-09-10
DOC_JUDG_CJ_2014_0252_20160602,2015-05-21
DOC_JUDG_CJ_2014_0255_20150716,2015-03-18
DOC_JUDG_CJ_2014_0255_20150716,2015-05-07
DOC_JUDG_CJ_2014_0257_20150917,2015-05-07
DOC_JUDG_CJ_2014_0258_20170613,2016-12-21
DOC_JUDG_CJ_2014_0258_20170613,2016-10-11
DOC_JUDG_CJ_2014_0260_20160526,2016-01-14
DOC_JUDG_CJ_2014_0263_20160614,2015-10-28
DOC_JUDG_CJ_2014_0263_20160614,2015-09-22
DOC_JUDG_CJ_2014_0264_20151022,2015-06-17
DOC_JUDG_CJ_2014_0264_20151022,2015-07-16
DOC_JUDG_CJ_2014_0267_P_20160310,2015-10-15
DOC_JUDG_CJ_2014_0268_P_20160310,2015-10-15
DOC_JUDG_CJ_2014_0274_20200121,2019-10-01
DOC_JUDG_CJ_2014_0274_20200121,2019-07-02
DOC_JUDG_CJ_2014_0276_20150929,2015-06-30
DOC_JUDG_CJ_2014_0276_20150929,2015-05-05
DOC_JUDG_CJ_2014_0280_P_20151203,2015-05-13
DOC_JUDG_CJ_2014_0283_20160128,2015-09-24
DOC_JUDG_CJ_2014_0283_20160128,2015-05-20
DOC_JUDG_CJ_2014_0286_20160317,2015-07-09
DOC_JUDG_CJ_2014_0286_20160317,2015-10-01
DOC_JUDG_CJ_2014_0288_20160630,2015-10-22
DOC_JUDG_CJ_2014_0288_20160630,2016-02-18
DOC_JUDG_CJ_2014_0290_20151001,2015-04-28
DOC_JUDG_CJ_2014_0292_20160225,2015-09-24
DOC_JUDG_CJ_2014_0293_20151223,2015-07-16
DOC_JUDG_CJ_2014_0293_20151223,2015-05-06
DOC_JUDG_CJ_2014_0294_20160407,2015-06-11
DOC_JUDG_CJ_2014_0294_20160407,2015-09-10
DOC_JUDG_CJ_2014_0297_20151223,2015-09-08
DOC_JUDG_CJ_2014_0298_20151006,2015-06-18
DOC_JUDG_CJ_2014_0298_20151006,2015-03-25
DOC_JUDG_CJ_2014_0300_20151217,2015-09-08
DOC_JUDG_CJ_2014_0301_20151203,2015-09-10
DOC_JUDG_CJ_2014_0301_20151203,2015-06-03
DOC_JUDG_CJ_2014_0306_20151015,2015-06-04
DOC_JUDG_CJ_2014_0306_20151015,2015-04-30
DOC_JUDG_CJ_2014_0308_20160614,2015-10-06
DOC_JUDG_CJ_2014_0308_20160614,2015-06-04
DOC_JUDG_CJ_2014_0312_20151203,2015-09-17
DOC_JUDG_CJ_2014_0314_20160217,2015-10-06
DOC_JUDG_CJ_2014_0315_20160407,2015-06-04
DOC_JUDG_CJ_2014_0315_20160407,2015-09-10
DOC_JUDG_CJ_2014_0319_20151029,2015-05-20
DOC_JUDG_CJ_2014_0319_20151029,2015-07-16
DOC_JUDG_CJ_2014_0324_20160407,2015-05-07
DOC_JUDG_CJ_2014_0324_20160407,2015-09-08
DOC_JUDG_CJ_2014_0325_20151119,2015-06-10
DOC_JUDG_CJ_2014_0330_20151217,2015-09-16
DOC_JUDG_CJ_2014_0330_20151217,2015-06-24
DOC_JUDG_CJ_2014_0332_20160609,2015-11-25
DOC_JUDG_CJ_2014_0332_20160609,2015-07-09
DOC_JUDG_CJ_2014_0333_20151223,2015-05-06
DOC_JUDG_CJ_2014_0333_20151223,2015-09-03
DOC_JUDG_CJ_2014_0335_20160121,2015-07-09
DOC_JUDG_CJ_2014_0335_20160121,2015-06-03
DOC_JUDG_CJ_2014_0336_20160204,2015-10-22
DOC_JUDG_CJ_2014_0336_20160204,2015-06-10
DOC_JUDG_CJ_2014_0338_20151203,2015-07-16
DOC_JUDG_CJ_2014_0340_20151001,2015-07-16
DOC_JUDG_CJ_2014_0342_20151217,2015-05-13
DOC_JUDG_CJ_2014_0342_20151217,2015-10-01
DOC_JUDG_CJ_2014_0345_20151126,2015-06-25
DOC_JUDG_CJ_2014_0346_20160504,2015-09-03
DOC_JUDG_CJ_2014_0347_20151021,2015-07-01
DOC_JUDG_CJ_2014_0347_20151021,2015-04-22
DOC_JUDG_CJ_2014_0350_20151210,2015-09-10
DOC_JUDG_CJ_2014_0351_20160616,2015-11-18
DOC_JUDG_CJ_2014_0351_20160616,2016-03-03
DOC_JUDG_CJ_2014_0355_20160602,2015-10-28
DOC_JUDG_CJ_2014_0357_P_20151001,2015-04-20
DOC_JUDG_CJ_2014_0357_P_20151001,2015-07-01
DOC_JUDG_CJ_2014_0358_20160504,2015-12-23
DOC_JUDG_CJ_2014_0358_20160504,2015-09-30
DOC_JUDG_CJ_2014_0359_20160121,2015-09-24
DOC_JUDG_CJ_2014_0362_20151006,2015-03-24
DOC_JUDG_CJ_2014_0362_20151006,2015-09-23
DOC_JUDG_CJ_2014_0363_20150910,2015-06-16
DOC_JUDG_CJ_2014_0367_20150917,2015-06-10
DOC_JUDG_CJ_2014_0371_20151217,2015-07-16
DOC_JUDG_CJ_2014_0371_20151217,2015-07-02
DOC_JUDG_CJ_2014_0373_P_20160120,2015-04-29
DOC_JUDG_CJ_2014_0373_P_20160120,2015-06-25
DOC_JUDG_CJ_2014_0375_20160128,2015-11-26
DOC_JUDG_CJ_2014_0375_20160128,2015-09-17
DOC_JUDG_CJ_2014_0376_PPU_20141009,2014-09-22
DOC_JUDG_CJ_2014_0377_20160421,2015-07-15
DOC_JUDG_CJ_2014_0377_20160421,2015-11-19
DOC_JUDG_CJ_2014_0378_20151022,2015-06-17
DOC_JUDG_CJ_2014_0381_20160414,2015-09-30
DOC_JUDG_CJ_2014_0381_20160414,2015-01-14
DOC_JUDG_CJ_2014_0386_20150902,2015-06-11
DOC_JUDG_CJ_2014_0386_20150902,2015-05-13
DOC_JUDG_CJ_2014_0387_20170504,2016-09-21
DOC_JUDG_CJ_2014_0387_20170504,2016-11-24
DOC_JUDG_CJ_2014_0388_20151217,2015-07-01
DOC_JUDG_CJ_2014_0388_20151217,2015-09-03
DOC_JUDG_CJ_2014_0396_20160524,2015-09-08
DOC_JUDG_CJ_2014_0396_20160524,2015-11-25
DOC_JUDG_CJ_2014_0398_20160128,2015-06-17
DOC_JUDG_CJ_2014_0398_20160128,2015-09-22
DOC_JUDG_CJ_2014_0399_20160114,2015-09-24
DOC_JUDG_CJ_2014_0399_20160114,2015-06-17
DOC_JUDG_CJ_2014_0402_20151217,2015-09-16
DOC_JUDG_CJ_2014_0404_20151006,2015-06-25
DOC_JUDG_CJ_2014_0406_20160714,2015-11-17
DOC_JUDG_CJ_2014_0407_20151217,2015-09-03
DOC_JUDG_CJ_2014_0408_20150910,2015-05-07
DOC_JUDG_CJ_2014_0408_20150910,2015-06-11
DOC_JUDG_CJ_2014_0409_20160908,2016-02-04
DOC_JUDG_CJ_2014_0409_20160908,2015-11-25
DOC_JUDG_CJ_2014_0413_P_20170906,2016-10-20
DOC_JUDG_CJ_2014_0413_P_20170906,2016-06-21
DOC_JUDG_CJ_2014_0417_RX_II_20150910,2015-02-25
DOC_JUDG_CJ_2014_0418_20160602,2015-10-28
DOC_JUDG_CJ_2014_0419_20151217,2015-09-16
DOC_JUDG_CJ_2014_0419_20151217,2015-07-13
DOC_JUDG_CJ_2014_0421_20170126,2016-02-02
DOC_JUDG_CJ_2014_0421_20170126,2015-09-24
DOC_JUDG_CJ_2014_0422_20151111,2015-09-03
DOC_JUDG_CJ_2014_0428_20160120,2015-07-09
DOC_JUDG_CJ_2014_0428_20160120,2015-09-10
DOC_JUDG_CJ_2014_0429_20160217,2015-10-15
DOC_JUDG_CJ_2014_0430_20160121,2015-10-15
DOC_JUDG_CJ_2014_0431_P_20160308,2015-10-15
DOC_JUDG_CJ_2014_0431_P_20160308,2015-10-06
DOC_JUDG_CJ_2014_0432_20151001,2015-06-03
DOC_JUDG_CJ_2014_0438_20160602,2015-11-12
DOC_JUDG_CJ_2014_0438_20160602,2016-01-14
DOC_JUDG_CJ_2014_0439_20160915,2016-01-14
DOC_JUDG_CJ_2014_0439_20160915,2016-04-28
DOC_JUDG_CJ_2014_0440_P_20160301,2015-09-03
DOC_JUDG_CJ_2014_0440_P_20160301,2015-04-28
DOC_JUDG_CJ_2014_0441_20160419,2015-11-25
DOC_JUDG_CJ_2014_0441_20160419,2015-07-07
DOC_JUDG_CJ_2014_0442_20161123,2016-04-07
DOC_JUDG_CJ_2014_0442_20161123,2016-02-04
DOC_JUDG_CJ_2014_0443_20160301,2015-10-06
DOC_JUDG_CJ_2014_0443_20160301,2015-07-14
DOC_JUDG_CJ_2014_0448_20161109,2016-01-21
DOC_JUDG_CJ_2014_0448_20161109,2015-10-29
DOC_JUDG_CJ_2014_0453_20160121,2015-11-12
DOC_JUDG_CJ_2014_0453_20160121,2015-07-16
DOC_JUDG_CJ_2014_0455_P_20160719,2016-04-07
DOC_JUDG_CJ_2014_0455_P_20160719,2016-01-18
DOC_JUDG_CJ_2014_0458_20160714,2015-12-03
DOC_JUDG_CJ_2014_0458_20160714,2016-02-25
DOC_JUDG_CJ_2014_0461_20161124,2016-02-23
DOC_JUDG_CJ_2014_0463_20150903,2015-07-02
DOC_JUDG_CJ_2014_0464_20161124,2016-01-27
DOC_JUDG_CJ_2014_0464_20161124,2015-11-18
DOC_JUDG_CJ_2014_0465_20161027,2016-02-04
DOC_JUDG_CJ_2014_0465_20161027,2015-09-16
DOC_JUDG_CJ_2014_0469_20160728,2016-01-21
DOC_JUDG_CJ_2014_0470_20160609,2016-01-19
DOC_JUDG_CJ_2014_0470_20160609,2015-10-01
DOC_JUDG_CJ_2014_0471_20151006,2015-09-10
DOC_JUDG_CJ_2014_0472_20160317,2015-09-10
DOC_JUDG_CJ_2014_0472_20160317,2015-12-10
DOC_JUDG_CJ_2014_0476_20160707,2015-09-30
DOC_JUDG_CJ_2014_0476_20160707,2015-12-16
DOC_JUDG_CJ_2014_0477_20160504,2015-10-01
DOC_JUDG_CJ_2014_0477_20160504,2015-12-23
DOC_JUDG_CJ_2014_0479_20160608,2016-02-18
DOC_JUDG_CJ_2014_0479_20160608,2015-12-16
DOC_JUDG_CJ_2014_0481_20160609,2015-11-12
DOC_JUDG_CJ_2014_0481_20160609,2016-02-04
DOC_JUDG_CJ_2014_0482_20170628,2016-03-03
DOC_JUDG_CJ_2014_0482_20170628,2016-05-26
DOC_JUDG_CJ_2014_0484_20160915,2016-03-16
DOC_JUDG_CJ_2014_0484_20160915,2015-12-09
DOC_JUDG_CJ_2014_0486_20160629,2015-09-29
DOC_JUDG_CJ_2014_0486_20160629,2015-12-15
DOC_JUDG_CJ_2014_0489_20151006,2015-06-01
DOC_JUDG_CJ_2014_0489_20151006,2015-09-08
DOC_JUDG_CJ_2014_0490_20151029,2015-09-02
DOC_JUDG_CJ_2014_0492_20160929,2016-04-14
DOC_JUDG_CJ_2014_0492_20160929,2015-11-19
DOC_JUDG_CJ_2014_0493_20160721,2016-01-21
DOC_JUDG_CJ_2014_0493_20160721,2016-03-17
DOC_JUDG_CJ_2014_0498_PPU_20150109,2014-12-11
DOC_JUDG_CJ_2014_0501_20161019,2015-10-29
DOC_JUDG_CJ_2014_0503_20161221,2016-05-12
DOC_JUDG_CJ_2014_0503_20161221,2016-03-16
DOC_JUDG_CJ_2014_0504_20161110,2016-01-13
DOC_JUDG_CJ_2014_0504_20161110,2016-02-18
DOC_JUDG_CJ_2014_0511_20160616,2016-01-14
DOC_JUDG_CJ_2014_0516_20160915,2016-02-18
DOC_JUDG_CJ_2014_0516_20160915,2016-01-14
DOC_JUDG_CJ_2014_0518_20160915,2016-02-17
DOC_JUDG_CJ_2014_0518_20160915,2016-01-14
DOC_JUDG_CJ_2014_0520_20160512,2015-11-26
DOC_JUDG_CJ_2014_0520_20160512,2015-12-23
DOC_JUDG_CJ_2014_0521_20160121,2015-09-24
DOC_JUDG_CJ_2014_0522_20160414,2015-11-26
DOC_JUDG_CJ_2014_0525_20160922,2016-02-17
DOC_JUDG_CJ_2014_0525_20160922,2016-05-03
DOC_JUDG_CJ_2014_0526_20160719,2016-02-18
DOC_JUDG_CJ_2014_0526_20160719,2015-12-01
DOC_JUDG_CJ_2014_0528_20160427,2015-12-17
DOC_JUDG_CJ_2014_0532_20160512,2016-01-19
DOC_JUDG_CJ_2014_0540_P_20160622,2016-03-08
DOC_JUDG_CJ_2014_0542_20160721,2015-12-03
DOC_JUDG_CJ_2014_0542_20160721,2015-10-21
DOC_JUDG_CJ_2014_0543_20160728,2015-12-16
DOC_JUDG_CJ_2014_0543_20160728,2016-03-10
DOC_JUDG_CJ_2014_0546_20160407,2016-01-14
DOC_JUDG_CJ_2014_0547_20160504,2015-10-01
DOC_JUDG_CJ_2014_0547_20160504,2015-12-23
DOC_JUDG_CJ_2014_0550_20160526,2015-12-17
DOC_JUDG_CJ_2014_0554_20161108,2016-01-12
DOC_JUDG_CJ_2014_0554_20161108,2016-05-03
DOC_JUDG_CJ_2014_0557_20160622,2016-01-21
DOC_JUDG_CJ_2014_0557_20160622,2016-02-25
DOC_JUDG_CJ_2014_0558_20160421,2015-12-23
DOC_JUDG_CJ_2014_0559_20160525,2016-02-25
DOC_JUDG_CJ_2014_0560_20170209,2016-05-03
DOC_JUDG_CJ_2014_0560_20170209,2016-02-18
DOC_JUDG_CJ_2014_0561_20160412,2016-01-20
DOC_JUDG_CJ_2014_0561_20160412,2015-10-20
DOC_JUDG_CJ_2014_0562_P_20170511,2016-04-21
DOC_JUDG_CJ_2014_0562_P_20170511,2016-11-17
DOC_JUDG_CJ_2014_0566_P_20160614,2015-12-08
DOC_JUDG_CJ_2014_0566_P_20160614,2016-01-19
DOC_JUDG_CJ_2014_0567_20160707,2016-01-20
DOC_JUDG_CJ_2014_0567_20160707,2016-03-17
DOC_JUDG_CJ_2014_0572_20160421,2015-11-26
DOC_JUDG_CJ_2014_0572_20160421,2016-02-17
DOC_JUDG_CJ_2014_0573_20170131,2016-05-31
DOC_JUDG_CJ_2014_0573_20170131,2016-02-16
DOC_JUDG_CJ_2014_0574_20160915,2016-01-27
DOC_JUDG_CJ_2014_0574_20160915,2016-04-14
DOC_JUDG_CJ_2014_0577_P_20170216,2016-07-19
DOC_JUDG_CJ_2014_0577_P_20170216,2016-05-11
DOC_JUDG_CJ_2014_0582_20161019,2016-02-25
DOC_JUDG_CJ_2014_0582_20161019,2016-05-12
DOC_JUDG_CJ_2014_0584_20160907,2016-02-25
DOC_JUDG_CJ_2014_0591_20170913,2016-12-08
DOC_JUDG_CJ_2014_0591_20170913,2017-03-30
DOC_JUDG_CJ_2014_0592_20160921,2016-03-17
DOC_JUDG_CJ_2014_0592_20160921,2015-12-09
DOC_JUDG_CJ_2014_0593_20161221,2016-05-12
DOC_JUDG_CJ_2014_0593_20161221,2016-03-03
DOC_JUDG_CJ_2014_0599_P_20170726,2016-05-03
DOC_JUDG_CJ_2014_0599_P_20170726,2016-09-22
DOC_JUDG_CJ_2014_0600_20171205,2016-10-25
DOC_JUDG_CJ_2014_0600_20171205,2017-04-24
DOC_JUDG_CJ_2014_0601_20161011,2016-02-29
DOC_JUDG_CJ_2014_0601_20161011,2016-04-12
DOC_JUDG_CJ_2014_0607_20160526,2015-12-16
DOC_JUDG_CJ_2014_0613_20161027,2016-01-28
DOC_JUDG_CJ_2014_0613_20161027,2015-11-19
DOC_JUDG_CJ_2014_0614_20160705,2016-01-12
DOC_JUDG_CJ_2014_0614_20160705,2016-02-23
DOC_JUDG_CJ_2015_0002_20161116,2016-03-16
DOC_JUDG_CJ_2015_0004_20160721,2016-04-07
DOC_JUDG_CJ_2015_0004_20160721,2016-01-13
DOC_JUDG_CJ_2015_0006_20160714,2016-03-10
DOC_JUDG_CJ_2015_0006_20160714,2016-01-13
DOC_JUDG_CJ_2015_0011_20160622,2016-03-17
DOC_JUDG_CJ_2015_0011_20160622,2015-12-17
DOC_JUDG_CJ_2015_0012_20160616,2015-11-25
DOC_JUDG_CJ_2015_0012_20160616,2016-03-10
DOC_JUDG_CJ_2015_0014_20160922,2016-06-07
DOC_JUDG_CJ_2015_0015_20160621,2016-01-26
DOC_JUDG_CJ_2015_0015_20160621,2016-04-21
DOC_JUDG_CJ_2015_0018_20160713,2016-03-17
DOC_JUDG_CJ_2015_0018_20160713,2016-01-13
DOC_JUDG_CJ_2015_0019_20160714,2016-02-18
DOC_JUDG_CJ_2015_0024_20161020,2016-01-20
DOC_JUDG_CJ_2015_0024_20161020,2016-04-06
DOC_JUDG_CJ_2015_0025_20160609,2015-12-09
DOC_JUDG_CJ_2015_0025_20160609,2016-01-20
DOC_JUDG_CJ_2015_0027_20160602,2016-01-21
DOC_JUDG_CJ_2015_0028_20160915,2016-04-28
DOC_JUDG_CJ_2015_0028_20160915,2016-03-16
DOC_JUDG_CJ_2015_0030_P_20161110,2016-05-25
DOC_JUDG_CJ_2015_0030_P_20161110,2016-03-02
DOC_JUDG_CJ_2015_0040_20160317,2015-12-23
DOC_JUDG_CJ_2015_0040_20160317,2015-12-02
DOC_JUDG_CJ_2015_0041_20161108,2016-06-22
DOC_JUDG_CJ_2015_0041_20161108,2016-04-19
DOC_JUDG_CJ_2015_0042_20161109,2016-06-09
DOC_JUDG_CJ_2015_0042_20161109,2016-02-24
DOC_JUDG_CJ_2015_0043_P_20161108,2015-12-14
DOC_JUDG_CJ_2015_0043_P_20161108,2016-03-01
DOC_JUDG_CJ_2015_0045_P_20170530,2016-09-08
DOC_JUDG_CJ_2015_0045_P_20170530,2016-05-02
DOC_JUDG_CJ_2015_0046_20160707,2016-03-03
DOC_JUDG_CJ_2015_0046_20160707,2016-01-28
DOC_JUDG_CJ_2015_0047_20160607,2015-11-10
DOC_JUDG_CJ_2015_0047_20160607,2016-02-02
DOC_JUDG_CJ_2015_0048_20160526,2016-01-21
DOC_JUDG_CJ_2015_0048_20160526,2015-10-28
DOC_JUDG_CJ_2015_0051_20161221,2016-06-30
DOC_JUDG_CJ_2015_0051_20161221,2016-04-20
DOC_JUDG_CJ_2015_0057_20160728,2016-04-05
DOC_JUDG_CJ_2015_0057_20160728,2016-01-14
DOC_JUDG_CJ_2015_0060_P_20170713,2016-10-19
DOC_JUDG_CJ_2015_0060_P_20170713,2016-07-06
DOC_JUDG_CJ_2015_0063_20160607,2015-12-15
DOC_JUDG_CJ_2015_0063_20160607,2016-03-17
DOC_JUDG_CJ_2015_0068_20170517,2016-11-17
DOC_JUDG_CJ_2015_0068_20170517,2016-06-22
DOC_JUDG_CJ_2015_0070_20160707,2016-04-07
DOC_JUDG_CJ_2015_0076_20161221,2016-04-06
DOC_JUDG_CJ_2015_0076_20161221,2016-06-02
DOC_JUDG_CJ_2015_0079_P_20170726,2016-09-22
DOC_JUDG_CJ_2015_0079_P_20170726,2016-05-03
DOC_JUDG_CJ_2015_0080_20160728,2016-02-18
DOC_JUDG_CJ_2015_0081_20160602,2016-01-28
DOC_JUDG_CJ_2015_0085_P_20170921,2016-10-20
DOC_JUDG_CJ_2015_0085_P_20170921,2016-12-08
DOC_JUDG_CJ_2015_0086_P_20170921,2016-12-08
DOC_JUDG_CJ_2015_0086_P_20170921,2016-10-20
DOC_JUDG_CJ_2015_0088_P_20170921,2016-10-20
DOC_JUDG_CJ_2015_0088_P_20170921,2016-12-08
DOC_JUDG_CJ_2015_0089_P_20170921,2016-12-08
DOC_JUDG_CJ_2015_0089_P_20170921,2016-10-20
DOC_JUDG_CJ_2015_0096_20160616,2015-11-11
DOC_JUDG_CJ_2015_0096_20160616,2016-01-28
DOC_JUDG_CJ_2015_0097_20160714,2016-02-18
DOC_JUDG_CJ_2015_0098_20171109,2017-03-16
DOC_JUDG_CJ_2015_0098_20171109,2016-06-15
DOC_JUDG_CJ_2015_0099_20160317,2015-11-19
DOC_JUDG_CJ_2015_0101_P_20160907,2016-03-02
DOC_JUDG_CJ_2015_0101_P_20160907,2016-04-14
DOC_JUDG_CJ_2015_0102_20160728,2016-01-14
DOC_JUDG_CJ_2015_0102_20160728,2016-04-07
DOC_JUDG_CJ_2015_0104_20160721,2016-03-17
DOC_JUDG_CJ_2015_0105_P_20160920,2016-04-21
DOC_JUDG_CJ_2015_0105_P_20160920,2016-02-02
DOC_JUDG_CJ_2015_0110_20160922,2016-02-24
DOC_JUDG_CJ_2015_0110_20160922,2016-05-04
DOC_JUDG_CJ_2015_0111_20160707,2016-01-28
DOC_JUDG_CJ_2015_0111_20160707,2016-04-20
DOC_JUDG_CJ_2015_0113_20160922,2016-04-05
DOC_JUDG_CJ_2015_0113_20160922,2016-01-28
DOC_JUDG_CJ_2015_0115_20160630,2016-04-14
DOC_JUDG_CJ_2015_0115_20160630,2016-02-18
DOC_JUDG_CJ_2015_0117_20160531,2016-02-23
DOC_JUDG_CJ_2015_0117_20160531,2016-01-19
DOC_JUDG_CJ_2015_0119_20161221,2016-06-02
DOC_JUDG_CJ_2015_0119_20161221,2016-03-09
DOC_JUDG_CJ_2015_0121_20160907,2016-04-12
DOC_JUDG_CJ_2015_0122_20160602,2016-01-28
DOC_JUDG_CJ_2015_0122_20160602,2015-12-10
DOC_JUDG_CJ_2015_0123_20160630,2016-01-27
DOC_JUDG_CJ_2015_0123_20160630,2016-03-17
DOC_JUDG_CJ_2015_0126_20170629,2016-10-27
DOC_JUDG_CJ_2015_0127_20161208,2016-07-21
DOC_JUDG_CJ_2015_0127_20161208,2016-02-25
DOC_JUDG_CJ_2015_0128_20170111,2016-05-11
DOC_JUDG_CJ_2015_0128_20170111,2016-07-21
DOC_JUDG_CJ_2015_0130_20160526,2015-12-16
DOC_JUDG_CJ_2015_0133_20170510,2016-05-10
DOC_JUDG_CJ_2015_0133_20170510,2016-09-08
DOC_JUDG_CJ_2015_0134_20160630,2016-01-13
DOC_JUDG_CJ_2015_0134_20160630,2016-03-16
DOC_JUDG_CJ_2015_0135_20161018,2016-04-20
DOC_JUDG_CJ_2015_0135_20161018,2016-02-01
DOC_JUDG_CJ_2015_0141_20170309,2016-03-03
DOC_JUDG_CJ_2015_0141_20170309,2016-09-13
DOC_JUDG_CJ_2015_0145_20160317,2016-01-14
DOC_JUDG_CJ_2015_0147_20160728,2016-04-21
DOC_JUDG_CJ_2015_0147_20160728,2016-03-10
DOC_JUDG_CJ_2015_0148_20161019,2016-06-02
DOC_JUDG_CJ_2015_0148_20161019,2016-03-17
DOC_JUDG_CJ_2015_0149_20161109,2016-04-07
DOC_JUDG_CJ_2015_0154_20161221,2016-04-26
DOC_JUDG_CJ_2015_0154_20161221,2016-07-13
DOC_JUDG_CJ_2015_0155_20160607,2016-03-17
DOC_JUDG_CJ_2015_0155_20160607,2015-12-15
DOC_JUDG_CJ_2015_0156_20161110,2016-05-11
DOC_JUDG_CJ_2015_0156_20161110,2016-07-21
DOC_JUDG_CJ_2015_0157_20170314,2016-05-31
DOC_JUDG_CJ_2015_0157_20170314,2016-03-15
DOC_JUDG_CJ_2015_0158_20160609,2016-03-03
DOC_JUDG_CJ_2015_0159_20160616,2016-02-25
DOC_JUDG_CJ_2015_0159_20160616,2016-01-28
DOC_JUDG_CJ_2015_0160_20160908,2016-02-03
DOC_JUDG_CJ_2015_0160_20160908,2016-04-07
DOC_JUDG_CJ_2015_0161_20160317,2016-01-13
DOC_JUDG_CJ_2015_0161_20160317,2015-11-19
DOC_JUDG_CJ_2015_0162_P_20170314,2016-04-04
DOC_JUDG_CJ_2015_0162_P_20170314,2016-07-21
DOC_JUDG_CJ_2015_0163_20160204,2015-12-17
DOC_JUDG_CJ_2015_0166_20161012,2016-06-01
DOC_JUDG_CJ_2015_0166_20161012,2016-03-16
DOC_JUDG_CJ_2015_0168_20160728,2016-04-14
DOC_JUDG_CJ_2015_0169_20161020,2016-05-31
DOC_JUDG_CJ_2015_0169_20161020,2016-03-10
DOC_JUDG_CJ_2015_0171_20161214,2016-06-30
DOC_JUDG_CJ_2015_0171_20161214,2016-04-27
DOC_JUDG_CJ_2015_0173_20170309,2016-07-28
DOC_JUDG_CJ_2015_0174_20161110,2016-03-09
DOC_JUDG_CJ_2015_0174_20161110,2016-06-16
DOC_JUDG_CJ_2015_0176_20160630,2016-04-12
DOC_JUDG_CJ_2015_0177_20161123,2016-06-22
DOC_JUDG_CJ_2015_0177_20161123,2016-04-06
DOC_JUDG_CJ_2015_0182_20160906,2016-05-10
DOC_JUDG_CJ_2015_0182_20160906,2016-03-01
DOC_JUDG_CJ_2015_0185_20161012,2016-06-02
DOC_JUDG_CJ_2015_0187_20160713,2016-03-17
DOC_JUDG_CJ_2015_0187_20160713,2016-01-14
DOC_JUDG_CJ_2015_0188_20170314,2016-03-15
DOC_JUDG_CJ_2015_0188_20170314,2016-07-13
DOC_JUDG_CJ_2015_0189_20170118,2016-04-21
DOC_JUDG_CJ_2015_0191_20160728,2016-06-02
DOC_JUDG_CJ_2015_0191_20160728,2016-03-02
DOC_JUDG_CJ_2015_0195_20161026,2016-05-26
DOC_JUDG_CJ_2015_0195_20161026,2016-03-10
DOC_JUDG_CJ_2015_0196_20160714,2015-12-03
DOC_JUDG_CJ_2015_0196_20160714,2015-12-23
DOC_JUDG_CJ_2015_0201_20161221,2016-06-09
DOC_JUDG_CJ_2015_0201_20161221,2016-04-25
DOC_JUDG_CJ_2015_0203_20161221,2016-07-19
DOC_JUDG_CJ_2015_0203_20161221,2016-04-12
DOC_JUDG_CJ_2015_0207_P_20160622,2016-03-17
DOC_JUDG_CJ_2015_0208_20161208,2016-07-07
DOC_JUDG_CJ_2015_0211_P_20161026,2016-02-04
DOC_JUDG_CJ_2015_0211_P_20161026,2015-12-03
DOC_JUDG_CJ_2015_0212_20161109,2016-04-14
DOC_JUDG_CJ_2015_0212_20161109,2016-06-09
DOC_JUDG_CJ_2015_0215_20151021,2015-09-09
DOC_JUDG_CJ_2015_0216_20161117,2016-04-20
DOC_JUDG_CJ_2015_0216_20161117,2016-07-06
DOC_JUDG_CJ_2015_0218_20161006,2016-05-26
DOC_JUDG_CJ_2015_0219_20170216,2016-09-15
DOC_JUDG_CJ_2015_0219_20170216,2016-05-26
DOC_JUDG_CJ_2015_0220_20161027,2016-04-27
DOC_JUDG_CJ_2015_0220_20161027,2016-07-07
DOC_JUDG_CJ_2015_0221_20160921,2016-04-21
DOC_JUDG_CJ_2015_0221_20160921,2016-02-17
DOC_JUDG_CJ_2015_0222_20160707,2016-01-21
DOC_JUDG_CJ_2015_0222_20160707,2016-04-07
DOC_JUDG_CJ_2015_0223_20160922,2016-05-25
DOC_JUDG_CJ_2015_0223_20160922,2016-03-03
DOC_JUDG_CJ_2015_0225_20160908,2016-06-16
DOC_JUDG_CJ_2015_0225_20160908,2016-04-13
DOC_JUDG_CJ_2015_0226_P_20160721,2016-02-04
DOC_JUDG_CJ_2015_0226_P_20160721,2016-04-13
DOC_JUDG_CJ_2015_0229_20160616,2016-03-03
DOC_JUDG_CJ_2015_0230_20160714,2016-05-26
DOC_JUDG_CJ_2015_0231_20161013,2016-06-14
DOC_JUDG_CJ_2015_0237_PPU_20150716,2015-07-01
DOC_JUDG_CJ_2015_0238_20161214,2016-04-14
DOC_JUDG_CJ_2015_0238_20161214,2016-06-02
DOC_JUDG_CJ_2015_0240_20160728,2016-04-28
DOC_JUDG_CJ_2015_0241_20160601,2016-03-02
DOC_JUDG_CJ_2015_0241_20160601,2016-01-20
DOC_JUDG_CJ_2015_0243_20161108,2016-04-18
DOC_JUDG_CJ_2015_0243_20161108,2016-06-30
DOC_JUDG_CJ_2015_0247_P_20170126,2016-06-02
DOC_JUDG_CJ_2015_0247_P_20170126,2016-09-22
DOC_JUDG_CJ_2015_0248_P_20170126,2016-06-02
DOC_JUDG_CJ_2015_0248_P_20170126,2016-09-22
DOC_JUDG_CJ_2015_0249_20180118,2016-07-14
DOC_JUDG_CJ_2015_0256_20161215,2016-07-28
DOC_JUDG_CJ_2015_0256_20161215,2016-05-04
DOC_JUDG_CJ_2015_0258_20161115,2016-07-21
DOC_JUDG_CJ_2015_0258_20161115,2016-05-30
DOC_JUDG_CJ_2015_0268_20161115,2016-05-24
DOC_JUDG_CJ_2015_0268_20161115,2016-06-14
DOC_JUDG_CJ_2015_0270_P_20160630,2016-04-21
DOC_JUDG_CJ_2015_0272_20161221,2016-05-04
DOC_JUDG_CJ_2015_0272_20161221,2016-07-19
DOC_JUDG_CJ_2015_0274_20170504,2016-10-06
DOC_JUDG_CJ_2015_0274_20170504,2016-06-30
DOC_JUDG_CJ_2015_0275_20170301,2016-05-25
DOC_JUDG_CJ_2015_0275_20170301,2016-09-08
DOC_JUDG_CJ_2015_0276_20161026,2016-06-30
DOC_JUDG_CJ_2015_0276_20161026,2016-04-21
DOC_JUDG_CJ_2015_0277_20161013,2016-04-06
DOC_JUDG_CJ_2015_0277_20161013,2016-06-16
DOC_JUDG_CJ_2015_0280_20160622,2016-04-21
DOC_JUDG_CJ_2015_0282_20170119,2016-07-21
DOC_JUDG_CJ_2015_0282_20170119,2016-05-12
DOC_JUDG_CJ_2015_0283_20170209,2016-06-29
DOC_JUDG_CJ_2015_0283_20170209,2016-09-07
DOC_JUDG_CJ_2015_0289_20170111,2016-07-28
DOC_JUDG_CJ_2015_0289_20170111,2016-05-25
DOC_JUDG_CJ_2015_0290_20161027,2016-04-07
DOC_JUDG_CJ_2015_0290_20161027,2016-07-14
DOC_JUDG_CJ_2015_0292_20161027,2016-06-28
DOC_JUDG_CJ_2015_0294_20161013,2016-05-26
DOC_JUDG_CJ_2015_0296_20170608,2016-09-22
DOC_JUDG_CJ_2015_0296_20170608,2016-12-01
DOC_JUDG_CJ_2015_0298_20170405,2016-12-01
DOC_JUDG_CJ_2015_0298_20170405,2016-06-01
DOC_JUDG_CJ_2015_0300_20160526,2016-02-16
DOC_JUDG_CJ_2015_0301_20161116,2016-07-07
DOC_JUDG_CJ_2015_0301_20161116,2016-05-11
DOC_JUDG_CJ_2015_0303_20161013,2016-04-20
DOC_JUDG_CJ_2015_0303_20161013,2016-07-07
DOC_JUDG_CJ_2015_0304_20160921,2016-06-28
DOC_JUDG_CJ_2015_0304_20160921,2016-04-21
DOC_JUDG_CJ_2015_0313_20161110,2016-05-04
DOC_JUDG_CJ_2015_0313_20161110,2016-07-13
DOC_JUDG_CJ_2015_0314_20161123,2016-09-28
DOC_JUDG_CJ_2015_0315_20170504,2016-07-28
DOC_JUDG_CJ_2015_0315_20170504,2016-07-13
DOC_JUDG_CJ_2015_0316_20161116,2016-06-01
DOC_JUDG_CJ_2015_0316_20161116,2016-07-28
DOC_JUDG_CJ_2015_0320_20170914,2017-01-25
DOC_JUDG_CJ_2015_0320_20170914,2017-03-30
DOC_JUDG_CJ_2015_0321_20170308,2016-07-05
DOC_JUDG_CJ_2015_0323_P_20170315,2016-09-28
DOC_JUDG_CJ_2015_0323_P_20170315,2016-06-15
DOC_JUDG_CJ_2015_0324_P_20170315,2016-06-15
DOC_JUDG_CJ_2015_0324_P_20170315,2016-09-28
DOC_JUDG_CJ_2015_0326_20170921,2017-03-01
DOC_JUDG_CJ_2015_0326_20170921,2016-06-30
DOC_JUDG_CJ_2015_0327_20161221,2016-06-01
DOC_JUDG_CJ_2015_0329_20170913,2017-01-11
DOC_JUDG_CJ_2015_0329_20170913,2017-03-22
DOC_JUDG_CJ_2015_0331_P_20170907,2017-04-06
DOC_JUDG_CJ_2015_0331_P_20170907,2017-02-08
DOC_JUDG_CJ_2015_0333_20160609,2016-03-10
DOC_JUDG_CJ_2015_0336_20170406,2017-02-01
DOC_JUDG_CJ_2015_0336_20170406,2016-11-17
DOC_JUDG_CJ_2015_0337_P_20170404,2016-10-27
DOC_JUDG_CJ_2015_0337_P_20170404,2016-09-06
DOC_JUDG_CJ_2015_0339_20170504,2016-07-07
DOC_JUDG_CJ_2015_0339_20170504,2016-09-08
DOC_JUDG_CJ_2015_0340_20161012,2016-06-30
DOC_JUDG_CJ_2015_0340_20161012,2016-04-13
DOC_JUDG_CJ_2015_0342_20170309,2016-06-08
DOC_JUDG_CJ_2015_0342_20170309,2016-09-21
DOC_JUDG_CJ_2015_0344_20170119,2016-05-25
DOC_JUDG_CJ_2015_0344_20170119,2016-09-08
DOC_JUDG_CJ_2015_0348_20161117,2016-09-08
DOC_JUDG_CJ_2015_0354_20170302,2016-07-07
DOC_JUDG_CJ_2015_0354_20170302,2016-09-08
DOC_JUDG_CJ_2015_0360_20180130,2017-05-18
DOC_JUDG_CJ_2015_0360_20180130,2017-02-14
DOC_JUDG_CJ_2015_0361_P_20170921,2016-12-14
DOC_JUDG_CJ_2015_0361_P_20170921,2017-02-01
DOC_JUDG_CJ_2015_0365_20170118,2016-05-25
DOC_JUDG_CJ_2015_0365_20170118,2016-09-08
DOC_JUDG_CJ_2015_0367_20170125,2016-07-14
DOC_JUDG_CJ_2015_0367_20170125,2016-11-24
DOC_JUDG_CJ_2015_0375_20170125,2016-06-30
DOC_JUDG_CJ_2015_0375_20170125,2016-09-15
DOC_JUDG_CJ_2015_0376_P_20170405,2016-12-07
DOC_JUDG_CJ_2015_0376_P_20170405,2016-06-22
DOC_JUDG_CJ_2015_0378_20161214,2016-04-14
DOC_JUDG_CJ_2015_0378_20161214,2016-06-29
DOC_JUDG_CJ_2015_0379_20160728,2016-02-24
DOC_JUDG_CJ_2015_0379_20160728,2016-04-28
DOC_JUDG_CJ_2015_0389_20171025,2017-07-26
DOC_JUDG_CJ_2015_0389_20171025,2017-06-12
DOC_JUDG_CJ_2015_0390_20170307,2016-09-08
DOC_JUDG_CJ_2015_0390_20170307,2016-06-14
DOC_JUDG_CJ_2015_0391_20170405,2016-09-08
DOC_JUDG_CJ_2015_0391_20170405,2016-06-29
DOC_JUDG_CJ_2015_0392_20170201,2016-09-29
DOC_JUDG_CJ_2015_0395_20161201,2016-05-26
DOC_JUDG_CJ_2015_0398_20170309,2016-09-08
DOC_JUDG_CJ_2015_0398_20170309,2016-06-15
DOC_JUDG_CJ_2015_0401_20161215,2016-06-09
DOC_JUDG_CJ_2015_0404_20160405,2016-03-03
DOC_JUDG_CJ_2015_0404_20160405,2016-02-15
DOC_JUDG_CJ_2015_0406_20170309,2016-10-27
DOC_JUDG_CJ_2015_0411_P_20170112,2016-07-28
DOC_JUDG_CJ_2015_0412_20161005,2016-04-28
DOC_JUDG_CJ_2015_0412_20161005,2016-06-02
DOC_JUDG_CJ_2015_0413_20171010,2016-07-05
DOC_JUDG_CJ_2015_0413_20171010,2017-06-22
DOC_JUDG_CJ_2015_0414_P_20170315,2016-07-07
DOC_JUDG_CJ_2015_0414_P_20170315,2016-10-27
DOC_JUDG_CJ_2015_0415_P_20170315,2016-10-27
DOC_JUDG_CJ_2015_0415_P_20170315,2016-07-07
DOC_JUDG_CJ_2015_0417_20161116,2016-07-07
DOC_JUDG_CJ_2015_0424_20161019,2016-06-30
DOC_JUDG_CJ_2015_0428_20161027,2016-05-12
DOC_JUDG_CJ_2015_0428_20161027,2016-06-16
DOC_JUDG_CJ_2015_0429_20161020,2016-06-16
DOC_JUDG_CJ_2015_0429_20161020,2016-06-29
DOC_JUDG_CJ_2015_0430_20170201,2016-06-08
DOC_JUDG_CJ_2015_0430_20170201,2016-10-05
DOC_JUDG_CJ_2015_0432_20161110,2016-06-14
DOC_JUDG_CJ_2015_0433_20180124,2017-07-13
DOC_JUDG_CJ_2015_0433_20180124,2016-09-08
DOC_JUDG_CJ_2015_0434_20171220,2016-11-29
DOC_JUDG_CJ_2015_0434_20171220,2017-05-11
DOC_JUDG_CJ_2015_0436_20170615,2016-09-07
DOC_JUDG_CJ_2015_0436_20170615,2017-01-19
DOC_JUDG_CJ_2015_0443_20161124,2016-06-30
DOC_JUDG_CJ_2015_0443_20161124,2016-04-28
DOC_JUDG_CJ_2015_0444_20161221,2016-09-08
DOC_JUDG_CJ_2015_0448_20170308,2016-10-26
DOC_JUDG_CJ_2015_0453_20161208,2016-07-13
DOC_JUDG_CJ_2015_0453_20161208,2016-09-07
DOC_JUDG_CJ_2015_0454_20161124,2016-07-04
DOC_JUDG_CJ_2015_0454_20161124,2016-09-08
DOC_JUDG_CJ_2015_0455_PPU_20151119,2015-10-27
DOC_JUDG_CJ_2015_0458_20190620,2018-09-12
DOC_JUDG_CJ_2015_0458_20190620,2019-01-24
DOC_JUDG_CJ_2015_0460_20170119,2016-11-10
DOC_JUDG_CJ_2015_0460_20170119,2016-06-30
DOC_JUDG_CJ_2015_0465_20170907,2017-01-19
DOC_JUDG_CJ_2015_0465_20170907,2016-11-17
DOC_JUDG_CJ_2015_0469_P_20170427,2016-11-17
DOC_JUDG_CJ_2015_0471_20170118,2016-09-22
DOC_JUDG_CJ_2015_0471_20170118,2016-09-08
DOC_JUDG_CJ_2015_0484_20170309,2016-07-14
DOC_JUDG_CJ_2015_0484_20170309,2016-09-08
DOC_JUDG_CJ_2015_0488_20170405,2016-11-10
DOC_JUDG_CJ_2015_0488_20170405,2016-09-29
DOC_JUDG_CJ_2015_0489_20171109,2016-11-24
DOC_JUDG_CJ_2015_0489_20171109,2016-07-13
DOC_JUDG_CJ_2015_0491_P_20170111,2016-09-21
DOC_JUDG_CJ_2015_0496_20170302,2016-07-07
DOC_JUDG_CJ_2015_0496_20170302,2016-09-07
DOC_JUDG_CJ_2015_0499_20170215,2016-11-16
DOC_JUDG_CJ_2015_0499_20170215,2016-12-01
DOC_JUDG_CJ_2015_0503_20170216,2016-09-15
DOC_JUDG_CJ_2015_0503_20170216,2016-07-13
DOC_JUDG_CJ_2015_0507_20170216,2016-10-26
DOC_JUDG_CJ_2015_0507_20170216,2016-07-13
DOC_JUDG_CJ_2015_0508_20161221,2016-09-15
DOC_JUDG_CJ_2015_0513_20170615,2017-01-12
DOC_JUDG_CJ_2015_0513_20170615,2017-02-08
DOC_JUDG_CJ_2015_0516_P_20170427,2016-12-21
DOC_JUDG_CJ_2015_0518_20180221,2017-07-26
DOC_JUDG_CJ_2015_0518_20180221,2016-12-15
DOC_JUDG_CJ_2015_0521_20171220,2017-06-01
DOC_JUDG_CJ_2015_0521_20171220,2017-04-04
DOC_JUDG_CJ_2015_0524_20180320,2016-09-08
DOC_JUDG_CJ_2015_0524_20180320,2017-05-30
DOC_JUDG_CJ_2015_0527_20170426,2016-09-29
DOC_JUDG_CJ_2015_0527_20170426,2016-12-08
DOC_JUDG_CJ_2015_0528_20170315,2016-11-10
DOC_JUDG_CJ_2015_0528_20170315,2016-07-14
DOC_JUDG_CJ_2015_0529_20170601,2017-01-10
DOC_JUDG_CJ_2015_0529_20170601,2016-10-19
DOC_JUDG_CJ_2015_0531_20171019,2016-10-19
DOC_JUDG_CJ_2015_0531_20171019,2017-04-06
DOC_JUDG_CJ_2015_0532_20161208,2016-09-15
DOC_JUDG_CJ_2015_0535_20170427,2016-09-28
DOC_JUDG_CJ_2015_0535_20170427,2016-12-21
DOC_JUDG_CJ_2015_0536_20170315,2016-10-05
DOC_JUDG_CJ_2015_0536_20170315,2016-11-09
DOC_JUDG_CJ_2015_0541_20170608,2016-09-15
DOC_JUDG_CJ_2015_0541_20170608,2016-11-24
DOC_JUDG_CJ_2015_0544_20170404,2016-09-20
DOC_JUDG_CJ_2015_0544_20170404,2016-11-29
DOC_JUDG_CJ_2015_0547_20161221,2016-07-14
DOC_JUDG_CJ_2015_0549_20170622,2017-01-18
DOC_JUDG_CJ_2015_0549_20170622,2016-10-26
DOC_JUDG_CJ_2015_0551_20170309,2016-10-27
DOC_JUDG_CJ_2015_0551_20170309,2016-07-14
DOC_JUDG_CJ_2015_0552_20170919,2016-11-22
DOC_JUDG_CJ_2015_0552_20170919,2017-03-02
DOC_JUDG_CJ_2015_0557_20180621,2017-07-26
DOC_JUDG_CJ_2015_0557_20180621,2017-02-15
DOC_JUDG_CJ_2015_0558_20161215,2016-10-19
DOC_JUDG_CJ_2015_0559_20170427,2016-09-21
DOC_JUDG_CJ_2015_0559_20170427,2016-11-09
DOC_JUDG_CJ_2015_0560_20170726,2017-02-02
DOC_JUDG_CJ_2015_0560_20170726,2017-03-30
DOC_JUDG_CJ_2015_0562_20170208,2016-10-19
DOC_JUDG_CJ_2015_0562_20170208,2016-07-06
DOC_JUDG_CJ_2015_0564_20170426,2016-09-07
DOC_JUDG_CJ_2015_0564_20170426,2016-11-10
DOC_JUDG_CJ_2015_0566_20170718,2017-01-24
DOC_JUDG_CJ_2015_0566_20170718,2017-05-04
DOC_JUDG_CJ_2015_0567_20171005,2017-04-27
DOC_JUDG_CJ_2015_0567_20171005,2017-02-09
DOC_JUDG_CJ_2015_0568_20170302,2016-11-10
DOC_JUDG_CJ_2015_0569_20170913,2016-12-14
DOC_JUDG_CJ_2015_0569_20170913,2017-03-08
DOC_JUDG_CJ_2015_0570_20170913,2017-03-08
DOC_JUDG_CJ_2015_0570_20170913,2016-12-14
DOC_JUDG_CJ_2015_0571_20170601,2016-12-13
DOC_JUDG_CJ_2015_0573_20170309,2016-10-20
DOC_JUDG_CJ_2015_0573_20170309,2016-09-19
DOC_JUDG_CJ_2015_0574_20180502,2017-03-21
DOC_JUDG_CJ_2015_0574_20180502,2017-07-13
DOC_JUDG_CJ_2015_0579_20170629,2017-02-15
DOC_JUDG_CJ_2015_0579_20170629,2016-09-28
DOC_JUDG_CJ_2015_0580_20170608,2016-09-15
DOC_JUDG_CJ_2015_0582_20170125,2016-09-14
DOC_JUDG_CJ_2015_0582_20170125,2016-10-12
DOC_JUDG_CJ_2015_0584_20170302,2016-09-08
DOC_JUDG_CJ_2015_0584_20170302,2016-06-09
DOC_JUDG_CJ_2015_0585_20170209,2016-07-14
DOC_JUDG_CJ_2015_0587_20170615,2017-03-23
DOC_JUDG_CJ_2015_0587_20170615,2016-12-14
DOC_JUDG_CJ_2015_0588_P_20170914,2017-05-18
DOC_JUDG_CJ_2015_0589_P_20170912,2017-03-07
DOC_JUDG_CJ_2015_0589_P_20170912,2016-12-13
DOC_JUDG_CJ_2015_0591_20170613,2017-01-19
DOC_JUDG_CJ_2015_0591_20170613,2016-10-04
DOC_JUDG_CJ_2015_0592_20170215,2016-09-29
DOC_JUDG_CJ_2015_0592_20170215,2016-09-07
DOC_JUDG_CJ_2015_0593_P_20171025,2017-03-23
DOC_JUDG_CJ_2015_0593_P_20171025,2017-06-08
DOC_JUDG_CJ_2015_0596_P_20171123,2017-01-19
DOC_JUDG_CJ_2015_0596_P_20171123,2017-04-25
DOC_JUDG_CJ_2015_0598_20171207,2017-06-29
DOC_JUDG_CJ_2015_0598_20171207,2017-04-26
DOC_JUDG_CJ_2015_0599_P_20171025,2017-03-23
DOC_JUDG_CJ_2015_0599_P_20171025,2017-06-08
DOC_JUDG_CJ_2015_0601_PPU_20160215,2016-01-22
DOC_JUDG_CJ_2015_0605_20170921,2017-03-01
DOC_JUDG_CJ_2015_0605_20170921,2016-12-07
DOC_JUDG_CJ_2015_0610_20170614,2016-10-27
DOC_JUDG_CJ_2015_0610_20170614,2017-02-08
DOC_JUDG_CJ_2015_0616_20170921,2017-02-15
DOC_JUDG_CJ_2015_0616_20170921,2017-04-05
DOC_JUDG_CJ_2015_0617_20170518,2016-10-06
DOC_JUDG_CJ_2015_0617_20170518,2017-01-12
DOC_JUDG_CJ_2015_0618_20161221,2016-11-09
DOC_JUDG_CJ_2015_0620_20170427,2017-01-12
DOC_JUDG_CJ_2015_0620_20170427,2016-10-05
DOC_JUDG_CJ_2015_0621_20170621,2016-11-23
DOC_JUDG_CJ_2015_0621_20170621,2017-03-07
DOC_JUDG_CJ_2015_0624_20170518,2017-01-11
DOC_JUDG_CJ_2015_0625_P_20170608,2016-11-24
DOC_JUDG_CJ_2015_0625_P_20170608,2017-01-18
DOC_JUDG_CJ_2015_0626_20181120,2018-03-13
DOC_JUDG_CJ_2015_0626_20181120,2018-05-31
DOC_JUDG_CJ_2015_0628_20170914,2016-11-09
DOC_JUDG_CJ_2015_0628_20170914,2016-12-21
DOC_JUDG_CJ_2015_0629_P_20170628,2016-12-21
DOC_JUDG_CJ_2015_0632_20170426,2016-11-24
DOC_JUDG_CJ_2015_0633_20170713,2016-10-26
DOC_JUDG_CJ_2015_0633_20170713,2016-12-21
DOC_JUDG_CJ_2015_0638_20170406,2016-12-15
DOC_JUDG_CJ_2015_0638_20170406,2016-10-26
DOC_JUDG_CJ_2015_0640_20170125,2016-07-20
DOC_JUDG_CJ_2015_0640_20170125,2016-10-27
DOC_JUDG_CJ_2015_0641_20170216,2016-10-25
DOC_JUDG_CJ_2015_0643_20170906,2017-07-26
DOC_JUDG_CJ_2015_0643_20170906,2017-05-10
DOC_JUDG_CJ_2015_0644_P_20161215,2016-06-22
DOC_JUDG_CJ_2015_0646_20170914,2016-10-20
DOC_JUDG_CJ_2015_0646_20170914,2016-12-21
DOC_JUDG_CJ_2015_0648_20170912,2017-04-27
DOC_JUDG_CJ_2015_0648_20170912,2016-12-06
DOC_JUDG_CJ_2015_0649_P_20171109,2017-05-30
DOC_JUDG_CJ_2015_0650_P_20171025,2017-01-11
DOC_JUDG_CJ_2015_0650_P_20171025,2017-07-06
DOC_JUDG_CJ_2015_0652_20170329,2016-12-15
DOC_JUDG_CJ_2015_0652_20170329,2016-10-13
DOC_JUDG_CJ_2015_0657_P_20171109,2017-05-30
DOC_JUDG_CJ_2015_0658_20171116,2017-04-26
DOC_JUDG_CJ_2015_0658_20171116,2017-02-01
DOC_JUDG_CJ_2015_0660_P_20170308,2016-11-10
DOC_JUDG_CJ_2015_0661_20171012,2017-03-30
DOC_JUDG_CJ_2015_0661_20171012,2016-11-30
DOC_JUDG_CJ_2015_0664_20171220,2017-10-12
DOC_JUDG_CJ_2015_0664_20171220,2017-03-15
DOC_JUDG_CJ_2015_0668_20170406,2016-12-01
DOC_JUDG_CJ_2015_0668_20170406,2016-10-12
DOC_JUDG_CJ_2015_0670_20170726,2017-02-01
DOC_JUDG_CJ_2015_0670_20170726,2016-11-09
DOC_JUDG_CJ_2015_0671_20171114,2017-01-31
DOC_JUDG_CJ_2015_0671_20171114,2017-04-06
DOC_JUDG_CJ_2015_0672_20170427,2016-12-15
DOC_JUDG_CJ_2015_0673_P_20170920,2017-01-25
DOC_JUDG_CJ_2015_0673_P_20170920,2017-05-31
DOC_JUDG_CJ_2015_0678_20170614,2017-02-08
DOC_JUDG_CJ_2015_0678_20170614,2016-11-16
DOC_JUDG_CJ_2015_0679_20170125,2016-10-26
DOC_JUDG_CJ_2015_0680_20170427,2016-11-23
DOC_JUDG_CJ_2015_0680_20170427,2017-01-19
DOC_JUDG_CJ_2015_0682_20170516,2016-11-08
DOC_JUDG_CJ_2015_0682_20170516,2017-01-10
DOC_JUDG_CJ_2015_0685_20170614,2017-03-09
DOC_JUDG_CJ_2015_0685_20170614,2016-11-10
DOC_JUDG_CJ_2015_0687_20171025,2017-05-02
DOC_JUDG_CJ_2015_0687_20171025,2017-09-07
DOC_JUDG_CJ_2015_0688_20180322,2017-06-15
DOC_JUDG_CJ_2015_0688_20180322,2017-03-30
DOC_JUDG_CJ_2015_0689_20170608,2016-10-19
DOC_JUDG_CJ_2015_0689_20170608,2016-12-01
DOC_JUDG_CJ_2015_0690_20170510,2016-12-06
DOC_JUDG_CJ_2015_0690_20170510,2016-10-18
DOC_JUDG_CJ_2015_0695_PPU_20160317,2016-03-08
DOC_JUDG_CJ_2015_0695_PPU_20160317,2016-02-22
DOC_JUDG_CJ_2015_0696_P_20170726,2016-12-21
DOC_JUDG_CJ_2015_0696_P_20170726,2016-10-19
DOC_JUDG_CJ_2015_0699_20170504,2016-11-10
DOC_JUDG_CJ_2015_0699_20170504,2016-12-21
DOC_JUDG_CJ_2016_0003_20170315,2016-11-23
DOC_JUDG_CJ_2016_0004_20170302,2016-11-15
DOC_JUDG_CJ_2016_0005_20180621,2017-07-11
DOC_JUDG_CJ_2016_0005_20180621,2017-11-30
DOC_JUDG_CJ_2016_0006_20170907,2017-01-19
DOC_JUDG_CJ_2016_0006_20170907,2016-11-30
DOC_JUDG_CJ_2016_0009_20170621,2016-11-17
DOC_JUDG_CJ_2016_0013_20170504,2016-11-24
DOC_JUDG_CJ_2016_0013_20170504,2017-01-26
DOC_JUDG_CJ_2016_0014_20170308,2016-10-26
DOC_JUDG_CJ_2016_0014_20170308,2016-09-07
DOC_JUDG_CJ_2016_0015_20180619,2017-12-12
DOC_JUDG_CJ_2016_0015_20180619,2017-07-04
DOC_JUDG_CJ_2016_0016_P_20180220,2017-06-26
DOC_JUDG_CJ_2016_0016_P_20180220,2017-12-12
DOC_JUDG_CJ_2016_0017_20170504,2016-12-21
DOC_JUDG_CJ_2016_0018_20170914,2017-05-04
DOC_JUDG_CJ_2016_0020_20170622,2017-02-01
DOC_JUDG_CJ_2016_0024_20170927,2017-03-01
DOC_JUDG_CJ_2016_0024_20170927,2016-12-07
DOC_JUDG_CJ_2016_0026_20170614,2017-02-01
DOC_JUDG_CJ_2016_0029_20170504,2017-01-26
DOC_JUDG_CJ_2016_0033_20170504,2016-12-07
DOC_JUDG_CJ_2016_0033_20170504,2016-10-20
DOC_JUDG_CJ_2016_0036_20170511,2017-02-16
DOC_JUDG_CJ_2016_0038_20170614,2017-03-02
DOC_JUDG_CJ_2016_0038_20170614,2016-12-08
DOC_JUDG_CJ_2016_0039_20171026,2017-04-27
DOC_JUDG_CJ_2016_0039_20171026,2017-03-30
DOC_JUDG_CJ_2016_0046_20171109,2017-03-30
DOC_JUDG_CJ_2016_0048_20170517,2017-01-12
DOC_JUDG_CJ_2016_0049_20170622,2017-04-05
DOC_JUDG_CJ_2016_0049_20170622,2016-12-15
DOC_JUDG_CJ_2016_0051_20170426,2017-01-12
DOC_JUDG_CJ_2016_0052_20180306,2017-03-07
DOC_JUDG_CJ_2016_0052_20180306,2017-05-31
DOC_JUDG_CJ_2016_0054_20170608,2017-03-02
DOC_JUDG_CJ_2016_0054_20170608,2016-12-01
DOC_JUDG_CJ_2016_0057_P_20180904,2017-11-28
DOC_JUDG_CJ_2016_0057_P_20180904,2017-07-03
DOC_JUDG_CJ_2016_0060_20170913,2017-01-25
DOC_JUDG_CJ_2016_0060_20170913,2017-03-01
DOC_JUDG_CJ_2016_0061_P_20171214,2017-03-15
DOC_JUDG_CJ_2016_0061_P_20171214,2017-07-26
DOC_JUDG_CJ_2016_0064_20180227,2017-02-13
DOC_JUDG_CJ_2016_0064_20180227,2017-05-18
DOC_JUDG_CJ_2016_0065_20171019,2017-01-19
DOC_JUDG_CJ_2016_0065_20171019,2017-04-06
DOC_JUDG_CJ_2016_0066_P_20171220,2017-09-07
DOC_JUDG_CJ_2016_0070_P_20171220,2017-09-07
DOC_JUDG_CJ_2016_0073_20170927,2017-03-30
DOC_JUDG_CJ_2016_0073_20170927,2017-02-16
DOC_JUDG_CJ_2016_0074_20170627,2017-01-10
DOC_JUDG_CJ_2016_0074_20170627,2017-02-16
DOC_JUDG_CJ_2016_0075_20170614,2016-11-24
DOC_JUDG_CJ_2016_0075_20170614,2017-02-16
DOC_JUDG_CJ_2016_0076_20170713,2017-03-21
DOC_JUDG_CJ_2016_0078_20160609,2016-05-04
DOC_JUDG_CJ_2016_0078_20160609,2016-05-12
DOC_JUDG_CJ_2016_0080_20170726,2017-01-26
DOC_JUDG_CJ_2016_0080_20170726,2017-03-09
DOC_JUDG_CJ_2016_0081_P_20171220,2017-09-07
DOC_JUDG_CJ_2016_0082_20180508,2017-02-28
DOC_JUDG_CJ_2016_0082_20180508,2017-10-26
DOC_JUDG_CJ_2016_0085_P_20180530,2017-12-07
DOC_JUDG_CJ_2016_0090_20171026,2017-06-15
DOC_JUDG_CJ_2016_0090_20171026,2017-03-02
DOC_JUDG_CJ_2016_0093_20170720,2017-01-18
DOC_JUDG_CJ_2016_0093_20170720,2017-03-29
DOC_JUDG_CJ_2016_0096_20180807,2018-01-10
DOC_JUDG_CJ_2016_0096_20180807,2018-03-22
DOC_JUDG_CJ_2016_0099_20170518,2017-01-11
DOC_JUDG_CJ_2016_0099_20170518,2017-02-09
DOC_JUDG_CJ_2016_0101_20171019,2017-05-31
DOC_JUDG_CJ_2016_0101_20171019,2017-01-26
DOC_JUDG_CJ_2016_0102_20171220,2017-02-02
DOC_JUDG_CJ_2016_0103_20180222,2017-09-14
DOC_JUDG_CJ_2016_0103_20180222,2017-01-26
DOC_JUDG_CJ_2016_0104_P_20161221,2016-09-13
DOC_JUDG_CJ_2016_0104_P_20161221,2016-07-19
DOC_JUDG_CJ_2016_0106_20171025,2017-03-06
DOC_JUDG_CJ_2016_0106_20171025,2017-05-04
DOC_JUDG_CJ_2016_0108_PPU_20160524,2016-05-11
DOC_JUDG_CJ_2016_0108_PPU_20160524,2016-04-14
DOC_JUDG_CJ_2016_0111_20170913,2017-03-30
DOC_JUDG_CJ_2016_0111_20170913,2017-02-09
DOC_JUDG_CJ_2016_0112_20170726,2017-03-30
DOC_JUDG_CJ_2016_0112_20170726,2017-02-02
DOC_JUDG_CJ_2016_0115_20190226,2017-10-10
DOC_JUDG_CJ_2016_0115_20190226,2018-03-01
DOC_JUDG_CJ_2016_0116_20190226,2018-03-01
DOC_JUDG_CJ_2016_0116_20190226,2017-10-10
DOC_JUDG_CJ_2016_0122_P_20171114,2017-05-30
DOC_JUDG_CJ_2016_0122_P_20171114,2017-02-07
DOC_JUDG_CJ_2016_0123_P_20180725,2017-11-22
DOC_JUDG_CJ_2016_0123_P_20180725,2018-02-21
DOC_JUDG_CJ_2016_0125_20170921,2017-06-01
DOC_JUDG_CJ_2016_0125_20170921,2017-03-02
DOC_JUDG_CJ_2016_0126_20170622,2017-03-29
DOC_JUDG_CJ_2016_0126_20170622,2017-01-18
DOC_JUDG_CJ_2016_0127_P_20180307,2017-07-20
DOC_JUDG_CJ_2016_0127_P_20180307,2017-03-09
DOC_JUDG_CJ_2016_0129_20170713,2017-02-16
DOC_JUDG_CJ_2016_0132_20170914,2017-04-06
DOC_JUDG_CJ_2016_0132_20170914,2016-12-01
DOC_JUDG_CJ_2016_0133_20170713,2017-04-06
DOC_JUDG_CJ_2016_0135_20180725,2018-02-27
DOC_JUDG_CJ_2016_0135_20180725,2017-12-05
DOC_JUDG_CJ_2016_0139_20170706,2017-02-16
DOC_JUDG_CJ_2016_0142_20170426,2017-01-12
DOC_JUDG_CJ_2016_0143_20170719,2017-03-23
DOC_JUDG_CJ_2016_0143_20170719,2017-01-12
DOC_JUDG_CJ_2016_0147_20180517,2017-03-09
DOC_JUDG_CJ_2016_0147_20180517,2017-11-30
DOC_JUDG_CJ_2016_0151_20170713,2017-03-02
DOC_JUDG_CJ_2016_0156_20171012,2017-03-16
DOC_JUDG_CJ_2016_0156_20171012,2017-06-15
DOC_JUDG_CJ_2016_0163_20180612,2017-04-06
DOC_JUDG_CJ_2016_0163_20180612,2017-11-14
DOC_JUDG_CJ_2016_0163_20180612,2018-02-06
DOC_JUDG_CJ_2016_0163_20180612,2017-06-22
DOC_JUDG_CJ_2016_0164_20171004,2017-01-19
DOC_JUDG_CJ_2016_0164_20171004,2017-05-31
DOC_JUDG_CJ_2016_0165_20171114,2017-05-30
DOC_JUDG_CJ_2016_0165_20171114,2017-05-15
DOC_JUDG_CJ_2016_0168_20170914,2017-02-02
DOC_JUDG_CJ_2016_0168_20170914,2017-04-27
DOC_JUDG_CJ_2016_0171_20170921,2017-05-17
DOC_JUDG_CJ_2016_0174_20170907,2017-04-26
DOC_JUDG_CJ_2016_0175_20170726,2017-03-02
DOC_JUDG_CJ_2016_0175_20170726,2017-04-06
DOC_JUDG_CJ_2016_0177_20170914,2017-02-08
DOC_JUDG_CJ_2016_0177_20170914,2017-04-06
DOC_JUDG_CJ_2016_0178_20171220,2017-04-05
DOC_JUDG_CJ_2016_0178_20171220,2017-06-21
DOC_JUDG_CJ_2016_0179_20180123,2017-09-21
DOC_JUDG_CJ_2016_0179_20180123,2017-05-03
DOC_JUDG_CJ_2016_0180_P_20170706,2017-04-26
DOC_JUDG_CJ_2016_0181_20180619,2017-03-01
DOC_JUDG_CJ_2016_0181_20180619,2017-06-15
DOC_JUDG_CJ_2016_0181_20180619,2017-12-11
DOC_JUDG_CJ_2016_0181_20180619,2018-02-22
DOC_JUDG_CJ_2016_0181_20180619,2017-10-25
DOC_JUDG_CJ_2016_0183_P_20170920,2017-05-04
DOC_JUDG_CJ_2016_0183_P_20170920,2017-03-01
DOC_JUDG_CJ_2016_0184_20170914,2017-02-02
DOC_JUDG_CJ_2016_0184_20170914,2017-04-27
DOC_JUDG_CJ_2016_0186_20170920,2017-02-09
DOC_JUDG_CJ_2016_0186_20170920,2017-04-27
DOC_JUDG_CJ_2016_0187_20180320,2017-06-07
DOC_JUDG_CJ_2016_0187_20180320,2017-07-20
DOC_JUDG_CJ_2016_0189_20171207,2017-05-03
DOC_JUDG_CJ_2016_0189_20171207,2017-03-09
DOC_JUDG_CJ_2016_0190_20170705,2017-03-21
DOC_JUDG_CJ_2016_0191_20180410,2017-11-21
DOC_JUDG_CJ_2016_0191_20180410,2017-07-12
DOC_JUDG_CJ_2016_0194_20171017,2017-03-20
DOC_JUDG_CJ_2016_0194_20171017,2017-07-13
DOC_JUDG_CJ_2016_0195_20171026,2017-05-16
DOC_JUDG_CJ_2016_0196_20170726,2017-03-08
DOC_JUDG_CJ_2016_0201_20171025,2017-03-14
DOC_JUDG_CJ_2016_0201_20171025,2017-07-20
DOC_JUDG_CJ_2016_0203_P_20180628,2017-12-20
DOC_JUDG_CJ_2016_0203_P_20180628,2017-10-19
DOC_JUDG_CJ_2016_0204_P_20171109,2017-06-01
DOC_JUDG_CJ_2016_0204_P_20171109,2017-03-09
DOC_JUDG_CJ_2016_0205_P_20171109,2017-03-09
DOC_JUDG_CJ_2016_0205_P_20171109,2017-06-01
DOC_JUDG_CJ_2016_0206_20170720,2017-03-15
DOC_JUDG_CJ_2016_0206_20170720,2017-02-01
DOC_JUDG_CJ_2016_0207_20181002,2018-05-03
DOC_JUDG_CJ_2016_0207_20181002,2018-01-29
DOC_JUDG_CJ_2016_0208_P_20180628,2017-10-19
DOC_JUDG_CJ_2016_0209_P_20180628,2017-10-19
DOC_JUDG_CJ_2016_0210_20180605,2017-06-27
DOC_JUDG_CJ_2016_0210_20180605,2017-10-24
DOC_JUDG_CJ_2016_0214_20171129,2017-03-29
DOC_JUDG_CJ_2016_0214_20171129,2017-06-08
DOC_JUDG_CJ_2016_0215_20170920,2017-06-01
DOC_JUDG_CJ_2016_0215_20170920,2017-03-29
DOC_JUDG_CJ_2016_0217_20171109,2017-05-17
DOC_JUDG_CJ_2016_0217_20171109,2017-03-08
DOC_JUDG_CJ_2016_0218_20171012,2017-03-01
DOC_JUDG_CJ_2016_0218_20171012,2017-05-17
DOC_JUDG_CJ_2016_0219_P_20180628,2017-10-19
DOC_JUDG_CJ_2016_0223_20170914,2017-03-15
DOC_JUDG_CJ_2016_0223_20170914,2017-05-11
DOC_JUDG_CJ_2016_0224_20171122,2017-07-05
DOC_JUDG_CJ_2016_0224_20171122,2017-04-26
DOC_JUDG_CJ_2016_0225_20170726,2017-03-16
DOC_JUDG_CJ_2016_0225_20170726,2017-05-18
DOC_JUDG_CJ_2016_0226_20171220,2017-07-26
DOC_JUDG_CJ_2016_0226_20171220,2017-03-16
DOC_JUDG_CJ_2016_0228_P_20170531,2017-02-16
DOC_JUDG_CJ_2016_0230_20171206,2017-03-30
DOC_JUDG_CJ_2016_0230_20171206,2017-07-26
DOC_JUDG_CJ_2016_0231_20171019,2017-05-03
DOC_JUDG_CJ_2016_0231_20171019,2017-02-15
DOC_JUDG_CJ_2016_0233_20180426,2017-11-09
DOC_JUDG_CJ_2016_0233_20180426,2017-07-06
DOC_JUDG_CJ_2016_0234_20180426,2017-07-06
DOC_JUDG_CJ_2016_0234_20180426,2017-11-09
DOC_JUDG_CJ_2016_0243_20171214,2017-07-26
DOC_JUDG_CJ_2016_0243_20171214,2017-04-26
DOC_JUDG_CJ_2016_0244_P_20180313,2017-06-06
DOC_JUDG_CJ_2016_0244_P_20180313,2017-09-06
DOC_JUDG_CJ_2016_0245_20170706,2017-04-05
DOC_JUDG_CJ_2016_0246_20171123,2017-06-08
DOC_JUDG_CJ_2016_0248_20170907,2017-03-22
DOC_JUDG_CJ_2016_0248_20170907,2017-04-27
DOC_JUDG_CJ_2016_0249_20170615,2017-04-26
DOC_JUDG_CJ_2016_0251_20171122,2017-09-07
DOC_JUDG_CJ_2016_0251_20171122,2017-04-27
DOC_JUDG_CJ_2016_0253_20170315,2016-12-21
DOC_JUDG_CJ_2016_0255_20171220,2017-07-26
DOC_JUDG_CJ_2016_0255_20171220,2017-05-11
DOC_JUDG_CJ_2016_0256_20180315,2017-05-11
DOC_JUDG_CJ_2016_0256_20180315,2017-07-20
DOC_JUDG_CJ_2016_0258_20180412,2017-12-20
DOC_JUDG_CJ_2016_0258_20180412,2017-03-23
DOC_JUDG_CJ_2016_0259_20180531,2017-11-28
DOC_JUDG_CJ_2016_0259_20180531,2017-09-20
DOC_JUDG_CJ_2016_0262_20171012,2017-06-28
DOC_JUDG_CJ_2016_0262_20171012,2017-03-15
DOC_JUDG_CJ_2016_0265_20171129,2017-03-29
DOC_JUDG_CJ_2016_0265_20171129,2017-09-07
DOC_JUDG_CJ_2016_0266_20180227,2018-01-10
DOC_JUDG_CJ_2016_0266_20180227,2017-09-06
DOC_JUDG_CJ_2016_0267_20180123,2017-05-16
DOC_JUDG_CJ_2016_0267_20180123,2017-09-12
DOC_JUDG_CJ_2016_0268_P_20171220,2017-03-29
DOC_JUDG_CJ_2016_0268_P_20171220,2017-06-08
DOC_JUDG_CJ_2016_0270_20180118,2017-03-22
DOC_JUDG_CJ_2016_0270_20180118,2017-10-19
DOC_JUDG_CJ_2016_0273_20171004,2017-05-18
DOC_JUDG_CJ_2016_0277_20171220,2017-07-26
DOC_JUDG_CJ_2016_0277_20171220,2017-05-11
DOC_JUDG_CJ_2016_0278_20171012,2017-05-11
DOC_JUDG_CJ_2016_0281_20171019,2017-05-11
DOC_JUDG_CJ_2016_0281_20171019,2017-06-15
DOC_JUDG_CJ_2016_0284_20180306,2017-06-19
DOC_JUDG_CJ_2016_0284_20180306,2017-09-19
DOC_JUDG_CJ_2016_0289_20171012,2017-06-08
DOC_JUDG_CJ_2016_0290_20170706,2017-03-15
DOC_JUDG_CJ_2016_0291_20171220,2017-05-31
DOC_JUDG_CJ_2016_0291_20171220,2017-09-12
DOC_JUDG_CJ_2016_0292_20171123,2017-07-13
DOC_JUDG_CJ_2016_0292_20171123,2017-06-08
DOC_JUDG_CJ_2016_0294_PPU_20160728,2016-07-19
DOC_JUDG_CJ_2016_0294_PPU_20160728,2016-07-04
DOC_JUDG_CJ_2016_0295_20171019,2017-06-29
DOC_JUDG_CJ_2016_0295_20171019,2017-04-06
DOC_JUDG_CJ_2016_0297_20180301,2017-06-28
DOC_JUDG_CJ_2016_0297_20180301,2017-09-21
DOC_JUDG_CJ_2016_0298_20171109,2017-09-07
DOC_JUDG_CJ_2016_0298_20171109,2017-05-04
DOC_JUDG_CJ_2016_0303_20171019,2017-06-29
DOC_JUDG_CJ_2016_0303_20171019,2017-02-09
DOC_JUDG_CJ_2016_0304_20180207,2017-07-06
DOC_JUDG_CJ_2016_0304_20180207,2017-04-27
DOC_JUDG_CJ_2016_0305_20171214,2017-05-31
DOC_JUDG_CJ_2016_0305_20171214,2017-09-07
DOC_JUDG_CJ_2016_0306_20171109,2017-04-05
DOC_JUDG_CJ_2016_0306_20171109,2017-06-21
DOC_JUDG_CJ_2016_0307_20180228,2017-09-07
DOC_JUDG_CJ_2016_0308_20171116,2017-07-04
DOC_JUDG_CJ_2016_0310_20190117,2018-07-25
DOC_JUDG_CJ_2016_0314_20180125,2017-06-01
DOC_JUDG_CJ_2016_0314_20180125,2017-09-07
DOC_JUDG_CJ_2016_0316_20180417,2017-07-17
DOC_JUDG_CJ_2016_0316_20180417,2017-10-24
DOC_JUDG_CJ_2016_0320_20180410,2017-07-04
DOC_JUDG_CJ_2016_0320_20180410,2017-04-24
DOC_JUDG_CJ_2016_0322_20171220,2017-04-06
DOC_JUDG_CJ_2016_0322_20171220,2017-06-08
DOC_JUDG_CJ_2016_0325_20180517,2017-11-09
DOC_JUDG_CJ_2016_0325_20180517,2018-02-01
DOC_JUDG_CJ_2016_0326_P_20180221,2017-05-17
DOC_JUDG_CJ_2016_0326_P_20180221,2017-07-26
DOC_JUDG_CJ_2016_0327_20180322,2017-09-13
DOC_JUDG_CJ_2016_0327_20180322,2017-11-15
DOC_JUDG_CJ_2016_0328_20180222,2017-06-22
DOC_JUDG_CJ_2016_0329_20171207,2017-04-26
DOC_JUDG_CJ_2016_0329_20171207,2017-06-28
DOC_JUDG_CJ_2016_0331_20180502,2017-07-10
DOC_JUDG_CJ_2016_0331_20180502,2017-12-14
DOC_JUDG_CJ_2016_0334_20171220,2017-06-14
DOC_JUDG_CJ_2016_0334_20171220,2017-04-05
DOC_JUDG_CJ_2016_0336_20180222,2017-09-07
DOC_JUDG_CJ_2016_0340_20170720,2017-05-18
DOC_JUDG_CJ_2016_0341_20171005,2017-07-13
DOC_JUDG_CJ_2016_0348_20170726,2017-04-06
DOC_JUDG_CJ_2016_0350_P_20170913,2017-05-31
DOC_JUDG_CJ_2016_0353_20180424,2017-10-24
DOC_JUDG_CJ_2016_0353_20180424,2017-09-12
DOC_JUDG_CJ_2016_0355_20180315,2017-02-16
DOC_JUDG_CJ_2016_0355_20180315,2017-07-26
DOC_JUDG_CJ_2016_0358_20180913,2017-07-26
DOC_JUDG_CJ_2016_0358_20180913,2017-06-01
DOC_JUDG_CJ_2016_0359_20180206,2017-06-20
DOC_JUDG_CJ_2016_0359_20180206,2017-11-09
DOC_JUDG_CJ_2016_0360_20180125,2017-09-07
DOC_JUDG_CJ_2016_0363_20180117,2017-10-10
DOC_JUDG_CJ_2016_0363_20180117,2017-06-21
DOC_JUDG_CJ_2016_0372_20171220,2017-09-14
DOC_JUDG_CJ_2016_0372_20171220,2017-05-31
DOC_JUDG_CJ_2016_0374_20171115,2017-07-05
DOC_JUDG_CJ_2016_0377_20190326,2018-07-25
DOC_JUDG_CJ_2016_0382_20180531,2017-09-27
DOC_JUDG_CJ_2016_0382_20180531,2017-12-14
DOC_JUDG_CJ_2016_0383_20171019,2017-06-29
DOC_JUDG_CJ_2016_0383_20171019,2017-05-17
DOC_JUDG_CJ_2016_0384_P_20180313,2017-09-06
DOC_JUDG_CJ_2016_0384_P_20180313,2017-06-06
DOC_JUDG_CJ_2016_0387_20180228,2017-10-05
DOC_JUDG_CJ_2016_0387_20180228,2017-06-08
DOC_JUDG_CJ_2016_0390_20180705,2017-12-06
DOC_JUDG_CJ_2016_0390_20180705,2018-02-06
DOC_JUDG_CJ_2016_0391_20190514,2018-06-21
DOC_JUDG_CJ_2016_0391_20190514,2018-03-06
DOC_JUDG_CJ_2016_0393_20171220,2017-05-18
DOC_JUDG_CJ_2016_0393_20171220,2017-07-20
DOC_JUDG_CJ_2016_0395_20180308,2017-10-19
DOC_JUDG_CJ_2016_0395_20180308,2017-06-29
DOC_JUDG_CJ_2016_0396_20180222,2017-10-12
DOC_JUDG_CJ_2016_0397_20171220,2017-06-14
DOC_JUDG_CJ_2016_0397_20171220,2017-09-28
DOC_JUDG_CJ_2016_0398_20180222,2017-10-25
DOC_JUDG_CJ_2016_0403_20171213,2017-05-17
DOC_JUDG_CJ_2016_0403_20171213,2017-09-07
DOC_JUDG_CJ_2016_0414_20180417,2017-11-09
DOC_JUDG_CJ_2016_0414_20180417,2017-07-18
DOC_JUDG_CJ_2016_0418_P_20180228,2017-11-23
DOC_JUDG_CJ_2016_0419_20171220,2017-09-13
DOC_JUDG_CJ_2016_0419_20171220,2017-06-15
DOC_JUDG_CJ_2016_0420_P_20190307,2018-10-04
DOC_JUDG_CJ_2016_0420_P_20190307,2018-05-03
DOC_JUDG_CJ_2016_0423_P_20171109,2017-06-22
DOC_JUDG_CJ_2016_0425_20171019,2017-06-20
DOC_JUDG_CJ_2016_0426_20180529,2017-11-30
DOC_JUDG_CJ_2016_0426_20180529,2017-09-18
DOC_JUDG_CJ_2016_0427_20171123,2017-06-01
DOC_JUDG_CJ_2016_0430_P_20180906,2018-05-30
DOC_JUDG_CJ_2016_0430_P_20180906,2018-01-10
DOC_JUDG_CJ_2016_0431_20180315,2017-09-13
DOC_JUDG_CJ_2016_0434_20171220,2017-07-20
DOC_JUDG_CJ_2016_0434_20171220,2017-06-22
DOC_JUDG_CJ_2016_0439_PPU_20161027,2016-09-22
DOC_JUDG_CJ_2016_0439_PPU_20161027,2016-10-11
DOC_JUDG_CJ_2016_0442_20171220,2017-06-14
DOC_JUDG_CJ_2016_0442_20171220,2017-07-26
DOC_JUDG_CJ_2016_0451_20180626,2017-12-05
DOC_JUDG_CJ_2016_0451_20180626,2017-09-26
DOC_JUDG_CJ_2016_0452_PPU_20161110,2016-10-19
DOC_JUDG_CJ_2016_0452_PPU_20161110,2016-10-05
DOC_JUDG_CJ_2016_0453_PPU_20161110,2016-10-19
DOC_JUDG_CJ_2016_0453_PPU_20161110,2016-10-05
DOC_JUDG_CJ_2016_0462_20171220,2017-07-11
DOC_JUDG_CJ_2016_0465_P_20190228,2018-10-03
DOC_JUDG_CJ_2016_0466_P_20190228,2018-10-03
DOC_JUDG_CJ_2016_0467_20171220,2017-07-05
DOC_JUDG_CJ_2016_0467_20171220,2017-10-18
DOC_JUDG_CJ_2016_0470_20180315,2017-06-29
DOC_JUDG_CJ_2016_0470_20180315,2017-10-19
DOC_JUDG_CJ_2016_0472_20180807,2017-12-06
DOC_JUDG_CJ_2016_0472_20180807,2017-09-27
DOC_JUDG_CJ_2016_0473_20180125,2017-10-05
DOC_JUDG_CJ_2016_0473_20180125,2017-07-13
DOC_JUDG_CJ_2016_0477_PPU_20161110,2016-10-19
DOC_JUDG_CJ_2016_0477_PPU_20161110,2016-10-05
DOC_JUDG_CJ_2016_0480_20180621,2017-12-20
DOC_JUDG_CJ_2016_0480_20180621,2017-10-05
DOC_JUDG_CJ_2016_0482_20180314,2017-07-05
DOC_JUDG_CJ_2016_0482_20180314,2017-11-23
DOC_JUDG_CJ_2016_0483_20180531,2017-10-24
DOC_JUDG_CJ_2016_0483_20180531,2018-01-16
DOC_JUDG_CJ_2016_0490_20170726,2017-06-08
DOC_JUDG_CJ_2016_0490_20170726,2017-03-28
DOC_JUDG_CJ_2016_0492_20171220,2017-10-11
DOC_JUDG_CJ_2016_0494_20180307,2017-07-13
DOC_JUDG_CJ_2016_0494_20180307,2017-10-26
DOC_JUDG_CJ_2016_0498_20180125,2017-07-19
DOC_JUDG_CJ_2016_0498_20180125,2017-11-14
DOC_JUDG_CJ_2016_0500_20171220,2017-10-23
DOC_JUDG_CJ_2016_0510_20180920,2017-11-30
DOC_JUDG_CJ_2016_0510_20180920,2017-09-21
DOC_JUDG_CJ_2016_0518_20180228,2017-11-29
DOC_JUDG_CJ_2016_0518_20180228,2017-10-18
DOC_JUDG_CJ_2016_0523_20180228,2017-11-15
DOC_JUDG_CJ_2016_0525_20180419,2017-10-05
DOC_JUDG_CJ_2016_0525_20180419,2017-12-20
DOC_JUDG_CJ_2016_0526_20180531,2017-12-06
DOC_JUDG_CJ_2016_0527_20180906,2017-09-28
DOC_JUDG_CJ_2016_0527_20180906,2018-01-31
DOC_JUDG_CJ_2016_0528_20180725,2017-10-03
DOC_JUDG_CJ_2016_0528_20180725,2018-01-18
DOC_JUDG_CJ_2016_0529_20171220,2017-09-07
DOC_JUDG_CJ_2016_0530_20180613,2017-10-26
DOC_JUDG_CJ_2016_0530_20180613,2018-01-23
DOC_JUDG_CJ_2016_0531_20180517,2017-11-22
DOC_JUDG_CJ_2016_0532_20180411,2017-10-04
DOC_JUDG_CJ_2016_0532_20180411,2017-12-20
DOC_JUDG_CJ_2016_0533_20180321,2017-10-26
DOC_JUDG_CJ_2016_0537_20180320,2017-09-12
DOC_JUDG_CJ_2016_0537_20180320,2017-05-30
DOC_JUDG_CJ_2016_0541_20180412,2017-11-23
DOC_JUDG_CJ_2016_0541_20180412,2017-10-11
DOC_JUDG_CJ_2016_0542_20180531,2017-11-21
DOC_JUDG_CJ_2016_0542_20180531,2017-09-14
DOC_JUDG_CJ_2016_0544_20180705,2017-12-13
DOC_JUDG_CJ_2016_0544_20180705,2018-03-07
DOC_JUDG_CJ_2016_0545_20180222,2017-09-27
DOC_JUDG_CJ_2016_0546_20180920,2018-03-06
DOC_JUDG_CJ_2016_0546_20180920,2018-06-26
DOC_JUDG_CJ_2016_0546_20180920,2018-04-16
DOC_JUDG_CJ_2016_0547_20171123,2017-09-14
DOC_JUDG_CJ_2016_0550_20180412,2017-09-14
DOC_JUDG_CJ_2016_0550_20180412,2017-10-26
DOC_JUDG_CJ_2016_0551_20180321,2017-09-20
DOC_JUDG_CJ_2016_0551_20180321,2017-11-29
DOC_JUDG_CJ_2016_0553_20180725,2018-01-17
DOC_JUDG_CJ_2016_0554_20180607,2017-12-07
DOC_JUDG_CJ_2016_0557_20180314,2017-09-20
DOC_JUDG_CJ_2016_0557_20180314,2017-12-07
DOC_JUDG_CJ_2016_0558_20180301,2017-10-04
DOC_JUDG_CJ_2016_0558_20180301,2017-12-13
DOC_JUDG_CJ_2016_0560_20180307,2017-11-16
DOC_JUDG_CJ_2016_0561_20180807,2018-03-07
DOC_JUDG_CJ_2016_0561_20180807,2018-04-12
DOC_JUDG_CJ_2016_0565_20180419,2017-12-06
DOC_JUDG_CJ_2016_0566_20180517,2017-11-23
DOC_JUDG_CJ_2016_0567_20171207,2017-09-07
DOC_JUDG_CJ_2016_0569_20181106,2018-05-29
DOC_JUDG_CJ_2016_0571_20181004,2018-06-07
DOC_JUDG_CJ_2016_0572_20180222,2017-09-14
DOC_JUDG_CJ_2016_0572_20180222,2017-11-23
DOC_JUDG_CJ_2016_0574_20180605,2017-12-20
DOC_JUDG_CJ_2016_0574_20180605,2017-11-08
DOC_JUDG_CJ_2016_0575_20180315,2017-11-09
DOC_JUDG_CJ_2016_0577_20180228,2017-09-21
DOC_JUDG_CJ_2016_0577_20180228,2017-12-14
DOC_JUDG_CJ_2016_0578_PPU_20170216,2017-02-09
DOC_JUDG_CJ_2016_0578_PPU_20170216,2017-01-23
DOC_JUDG_CJ_2016_0579_P_20180306,2017-09-19
DOC_JUDG_CJ_2016_0579_P_20180306,2017-11-28
DOC_JUDG_CJ_2016_0580_20180419,2017-10-11
DOC_JUDG_CJ_2016_0580_20180419,2017-11-30
DOC_JUDG_CJ_2016_0585_20180725,2018-05-17
DOC_JUDG_CJ_2016_0585_20180725,2018-01-23
DOC_JUDG_CJ_2016_0586_P_20210325,2019-01-24
DOC_JUDG_CJ_2016_0588_P_20210325,2019-01-24
DOC_JUDG_CJ_2016_0591_P_20210325,2019-01-24
DOC_JUDG_CJ_2016_0591_P_20210325,2020-06-04
DOC_JUDG_CJ_2016_0594_20180913,2018-03-21
DOC_JUDG_CJ_2016_0594_20180913,2018-06-12
DOC_JUDG_CJ_2016_0596_20180320,2017-09-12
DOC_JUDG_CJ_2016_0596_20180320,2017-05-30
DOC_JUDG_CJ_2016_0600_P_20181129,2018-01-24
DOC_JUDG_CJ_2016_0600_P_20181129,2018-04-11
DOC_JUDG_CJ_2016_0601_P_20210325,2019-01-24
DOC_JUDG_CJ_2016_0611_P_20210325,2019-01-24
DOC_JUDG_CJ_2016_0614_P_20210325,2019-01-24
DOC_JUDG_CJ_2016_0618_20180913,2018-01-11
DOC_JUDG_CJ_2016_0618_20180913,2018-02-28
DOC_JUDG_CJ_2016_0619_20181106,2018-05-29
DOC_JUDG_CJ_2016_0619_20181106,2018-01-09
DOC_JUDG_CJ_2016_0620_20190327,2018-07-04
DOC_JUDG_CJ_2016_0620_20190327,2019-01-09
DOC_JUDG_CJ_2016_0626_20180704,2018-01-11
DOC_JUDG_CJ_2016_0629_20180711,2018-04-26
DOC_JUDG_CJ_2016_0629_20180711,2018-01-31
DOC_JUDG_CJ_2016_0630_20171214,2017-09-27
DOC_JUDG_CJ_2016_0632_20180725,2018-02-22
DOC_JUDG_CJ_2016_0632_20180725,2017-10-26
DOC_JUDG_CJ_2016_0633_20180531,2017-11-15
DOC_JUDG_CJ_2016_0633_20180531,2018-01-18
DOC_JUDG_CJ_2016_0635_P_20180628,2018-01-23
DOC_JUDG_CJ_2016_0638_PPU_20170307,2017-01-30
DOC_JUDG_CJ_2016_0638_PPU_20170307,2017-02-07
DOC_JUDG_CJ_2016_0642_20180517,2018-01-24
DOC_JUDG_CJ_2016_0645_20180419,2017-10-25
DOC_JUDG_CJ_2016_0646_20170726,2017-06-08
DOC_JUDG_CJ_2016_0646_20170726,2017-03-28
DOC_JUDG_CJ_2016_0647_20180531,2017-12-20
DOC_JUDG_CJ_2016_0648_20181121,2018-03-22
DOC_JUDG_CJ_2016_0648_20181121,2018-01-18
DOC_JUDG_CJ_2016_0650_20180612,2018-01-17
DOC_JUDG_CJ_2016_0650_20180612,2017-10-25
DOC_JUDG_CJ_2016_0652_20181004,2018-06-28
DOC_JUDG_CJ_2016_0660_20180531,2018-01-30
DOC_JUDG_CJ_2016_0664_20181121,2018-05-30
DOC_JUDG_CJ_2016_0664_20181121,2018-01-31
DOC_JUDG_CJ_2016_0665_20180613,2018-02-22
DOC_JUDG_CJ_2016_0665_20180613,2017-12-13
DOC_JUDG_CJ_2016_0667_20180606,2017-11-07
DOC_JUDG_CJ_2016_0667_20180606,2018-02-21
DOC_JUDG_CJ_2016_0668_20181004,2018-01-11
DOC_JUDG_CJ_2016_0668_20181004,2018-04-11
DOC_JUDG_CJ_2016_0670_20170726,2017-04-25
DOC_JUDG_CJ_2016_0670_20170726,2017-06-20
DOC_JUDG_CJ_2016_0671_20180607,2017-11-30
DOC_JUDG_CJ_2016_0671_20180607,2018-01-25
DOC_JUDG_CJ_2016_0673_20180605,2018-01-11
DOC_JUDG_CJ_2016_0673_20180605,2017-11-21
DOC_JUDG_CJ_2016_0677_20180605,2017-12-20
DOC_JUDG_CJ_2016_0677_20180605,2017-11-08
DOC_JUDG_CJ_2016_0679_20180725,2018-01-31
DOC_JUDG_CJ_2016_0680_P_20190327,2018-10-04
DOC_JUDG_CJ_2016_0681_20180621,2017-11-15
DOC_JUDG_CJ_2016_0681_20180621,2018-02-07
DOC_JUDG_CJ_2016_0683_20180613,2017-11-22
DOC_JUDG_CJ_2016_0683_20180613,2018-01-25
DOC_JUDG_CJ_2016_0684_20181106,2018-05-29
DOC_JUDG_CJ_2016_0684_20181106,2018-01-09
DOC_JUDG_CJ_2016_0685_20180920,2017-11-30
DOC_JUDG_CJ_2016_0685_20180920,2018-02-07
DOC_JUDG_CJ_2017_0001_20180621,2018-03-07
DOC_JUDG_CJ_2017_0002_20180628,2017-12-14
DOC_JUDG_CJ_2017_0004_P_20180906,2018-03-01
DOC_JUDG_CJ_2017_0004_P_20180906,2018-04-12
DOC_JUDG_CJ_2017_0005_20180725,2018-01-24
DOC_JUDG_CJ_2017_0005_20180725,2018-03-21
DOC_JUDG_CJ_2017_0008_20180412,2017-11-30
DOC_JUDG_CJ_2017_0009_20180301,2017-12-13
DOC_JUDG_CJ_2017_0012_20181004,2018-03-20
DOC_JUDG_CJ_2017_0012_20181004,2018-01-15
DOC_JUDG_CJ_2017_0013_20180412,2017-12-14
DOC_JUDG_CJ_2017_0013_20180412,2017-10-19
DOC_JUDG_CJ_2017_0014_20180712,2017-12-06
DOC_JUDG_CJ_2017_0014_20180712,2018-02-28
DOC_JUDG_CJ_2017_0015_20180711,2017-12-06
DOC_JUDG_CJ_2017_0015_20180711,2018-02-28
DOC_JUDG_CJ_2017_0016_20180807,2018-05-03
DOC_JUDG_CJ_2017_0016_20180807,2018-03-19
DOC_JUDG_CJ_2017_0017_20180906,2018-03-08
DOC_JUDG_CJ_2017_0017_20180906,2018-04-26
DOC_JUDG_CJ_2017_0018_20181114,2018-04-26
DOC_JUDG_CJ_2017_0018_20181114,2018-02-28
DOC_JUDG_CJ_2017_0021_20180906,2018-05-29
DOC_JUDG_CJ_2017_0024_20190508,2018-09-12
DOC_JUDG_CJ_2017_0024_20190508,2018-12-06
DOC_JUDG_CJ_2017_0025_20180710,2018-02-01
DOC_JUDG_CJ_2017_0025_20180710,2017-11-28
DOC_JUDG_CJ_2017_0026_P_20180913,2018-06-06
DOC_JUDG_CJ_2017_0026_P_20180913,2018-03-21
DOC_JUDG_CJ_2017_0027_20180705,2017-11-16
DOC_JUDG_CJ_2017_0027_20180705,2018-02-28
DOC_JUDG_CJ_2017_0028_20180704,2017-11-29
DOC_JUDG_CJ_2017_0028_20180704,2018-02-21
DOC_JUDG_CJ_2017_0029_20181121,2018-07-25
DOC_JUDG_CJ_2017_0029_20181121,2018-04-26
DOC_JUDG_CJ_2017_0030_20180517,2018-02-01
DOC_JUDG_CJ_2017_0030_20180517,2017-12-07
DOC_JUDG_CJ_2017_0031_20180307,2017-11-22
DOC_JUDG_CJ_2017_0031_20180307,2018-02-22
DOC_JUDG_CJ_2017_0033_20181113,2018-02-26
DOC_JUDG_CJ_2017_0033_20181113,2018-05-08
DOC_JUDG_CJ_2017_0034_20180426,2018-01-18
DOC_JUDG_CJ_2017_0034_20180426,2018-03-08
DOC_JUDG_CJ_2017_0039_20180614,2017-11-15
DOC_JUDG_CJ_2017_0039_20180614,2018-01-31
DOC_JUDG_CJ_2017_0040_20190729,2018-09-06
DOC_JUDG_CJ_2017_0040_20190729,2018-12-19
DOC_JUDG_CJ_2017_0041_20180919,2018-04-26
DOC_JUDG_CJ_2017_0041_20180919,2018-02-22
DOC_JUDG_CJ_2017_0042_20171205,2017-05-29
DOC_JUDG_CJ_2017_0042_20171205,2017-07-18
DOC_JUDG_CJ_2017_0043_P_20180705,2018-01-17
DOC_JUDG_CJ_2017_0043_P_20180705,2018-04-11
DOC_JUDG_CJ_2017_0044_20180607,2018-02-22
DOC_JUDG_CJ_2017_0047_20181113,2018-01-16
DOC_JUDG_CJ_2017_0047_20181113,2018-03-22
DOC_JUDG_CJ_2017_0049_20180606,2018-01-10
DOC_JUDG_CJ_2017_0049_20180606,2018-02-22
DOC_JUDG_CJ_2017_0051_20180920,2018-02-22
DOC_JUDG_CJ_2017_0051_20180920,2018-05-03
DOC_JUDG_CJ_2017_0052_20180807,2018-03-13
DOC_JUDG_CJ_2017_0054_20180913,2018-05-31
DOC_JUDG_CJ_2017_0054_20180913,2018-03-08
DOC_JUDG_CJ_2017_0056_20181004,2018-07-25
DOC_JUDG_CJ_2017_0057_20180628,2018-01-25
DOC_JUDG_CJ_2017_0059_20180807,2017-11-07
DOC_JUDG_CJ_2017_0059_20180807,2018-02-22
DOC_JUDG_CJ_2017_0061_20180807,2018-06-21
DOC_JUDG_CJ_2017_0061_20180807,2018-04-12
DOC_JUDG_CJ_2017_0068_20180911,2018-02-27
DOC_JUDG_CJ_2017_0068_20180911,2018-05-31
DOC_JUDG_CJ_2017_0070_20190326,2018-05-15
DOC_JUDG_CJ_2017_0070_20190326,2018-09-13
DOC_JUDG_CJ_2017_0073_20181002,2018-05-02
DOC_JUDG_CJ_2017_0073_20181002,2018-06-05
DOC_JUDG_CJ_2017_0080_20180904,2018-01-30
DOC_JUDG_CJ_2017_0080_20180904,2018-04-26
DOC_JUDG_CJ_2017_0082_P_20190912,2018-10-17
DOC_JUDG_CJ_2017_0082_P_20190912,2018-06-27
DOC_JUDG_CJ_2017_0083_20180607,2018-01-30
DOC_JUDG_CJ_2017_0084_P_20180725,2018-02-22
DOC_JUDG_CJ_2017_0084_P_20180725,2018-04-19
DOC_JUDG_CJ_2017_0088_20180711,2018-04-10
DOC_JUDG_CJ_2017_0089_20180712,2018-04-10
DOC_JUDG_CJ_2017_0089_20180712,2018-01-17
DOC_JUDG_CJ_2017_0090_20180627,2018-03-07
DOC_JUDG_CJ_2017_0093_20181114,2018-05-16
DOC_JUDG_CJ_2017_0093_20181114,2018-03-15
DOC_JUDG_CJ_2017_0096_20180725,2017-12-07
DOC_JUDG_CJ_2017_0096_20180725,2018-01-25
DOC_JUDG_CJ_2017_0098_P_20180926,2018-02-28
DOC_JUDG_CJ_2017_0099_P_20180926,2018-02-28
DOC_JUDG_CJ_2017_0099_P_20180926,2018-04-12
DOC_JUDG_CJ_2017_0100_P_20181018,2018-01-25
DOC_JUDG_CJ_2017_0100_P_20181018,2018-03-22
DOC_JUDG_CJ_2017_0103_20180725,2017-12-13
DOC_JUDG_CJ_2017_0103_20180725,2018-03-07
DOC_JUDG_CJ_2017_0107_20180725,2018-04-12
DOC_JUDG_CJ_2017_0107_20180725,2018-01-18
DOC_JUDG_CJ_2017_0108_20180620,2018-01-25
DOC_JUDG_CJ_2017_0108_20180620,2018-03-22
DOC_JUDG_CJ_2017_0109_20180919,2018-03-21
DOC_JUDG_CJ_2017_0109_20180919,2018-02-07
DOC_JUDG_CJ_2017_0111_PPU_20170608,2017-05-16
DOC_JUDG_CJ_2017_0114_P_20180920,2018-05-08
DOC_JUDG_CJ_2017_0114_P_20180920,2018-03-07
DOC_JUDG_CJ_2017_0118_20190314,2018-11-15
DOC_JUDG_CJ_2017_0120_20180807,2018-01-17
DOC_JUDG_CJ_2017_0120_20180807,2018-05-30
DOC_JUDG_CJ_2017_0121_20180725,2018-02-20
DOC_JUDG_CJ_2017_0121_20180725,2018-04-25
DOC_JUDG_CJ_2017_0122_20180807,2018-02-05
DOC_JUDG_CJ_2017_0122_20180807,2018-04-10
DOC_JUDG_CJ_2017_0123_20180807,2018-04-19
DOC_JUDG_CJ_2017_0123_20180807,2018-01-18
DOC_JUDG_CJ_2017_0124_20181024,2018-05-16
DOC_JUDG_CJ_2017_0124_20181024,2018-02-21
DOC_JUDG_CJ_2017_0127_20190321,2018-09-19
DOC_JUDG_CJ_2017_0127_20190321,2018-06-20
DOC_JUDG_CJ_2017_0129_20180725,2018-02-08
DOC_JUDG_CJ_2017_0129_20180725,2018-04-26
DOC_JUDG_CJ_2017_0135_20190226,2018-06-05
DOC_JUDG_CJ_2017_0135_20190226,2018-03-05
DOC_JUDG_CJ_2017_0136_20190924,2019-01-10
DOC_JUDG_CJ_2017_0136_20190924,2018-09-11
DOC_JUDG_CJ_2017_0137_20180926,2018-04-19
DOC_JUDG_CJ_2017_0137_20180926,2018-02-21
DOC_JUDG_CJ_2017_0138_P_20181213,2018-07-25
DOC_JUDG_CJ_2017_0139_P_20180725,2018-05-03
DOC_JUDG_CJ_2017_0140_20180725,2018-01-11
DOC_JUDG_CJ_2017_0140_20180725,2018-04-19
DOC_JUDG_CJ_2017_0147_20181120,2018-05-07
DOC_JUDG_CJ_2017_0147_20181120,2018-06-28
DOC_JUDG_CJ_2017_0148_20180419,2018-01-25
DOC_JUDG_CJ_2017_0149_20181018,2018-06-06
DOC_JUDG_CJ_2017_0149_20181018,2018-03-14
DOC_JUDG_CJ_2017_0150_P_20181213,2018-07-25
DOC_JUDG_CJ_2017_0151_20181122,2018-04-12
DOC_JUDG_CJ_2017_0151_20181122,2018-01-25
DOC_JUDG_CJ_2017_0153_20181018,2018-02-08
DOC_JUDG_CJ_2017_0153_20181018,2018-05-03
DOC_JUDG_CJ_2017_0154_20180711,2018-04-10
DOC_JUDG_CJ_2017_0154_20180711,2018-01-25
DOC_JUDG_CJ_2017_0156_20200130,2019-09-05
DOC_JUDG_CJ_2017_0156_20200130,2019-05-22
DOC_JUDG_CJ_2017_0160_20180607,2017-11-30
DOC_JUDG_CJ_2017_0160_20180607,2018-01-25
DOC_JUDG_CJ_2017_0161_20180807,2018-02-07
DOC_JUDG_CJ_2017_0161_20180807,2018-04-25
DOC_JUDG_CJ_2017_0163_20190319,2018-05-08
DOC_JUDG_CJ_2017_0163_20190319,2018-07-25
DOC_JUDG_CJ_2017_0164_20180725,2018-04-19
DOC_JUDG_CJ_2017_0164_20180725,2018-02-01
DOC_JUDG_CJ_2017_0165_20190124,2018-03-01
DOC_JUDG_CJ_2017_0165_20190124,2018-10-03
DOC_JUDG_CJ_2017_0167_20181017,2018-06-05
DOC_JUDG_CJ_2017_0167_20181017,2018-02-22
DOC_JUDG_CJ_2017_0168_20190117,2018-04-23
DOC_JUDG_CJ_2017_0168_20190117,2018-10-03
DOC_JUDG_CJ_2017_0169_20180614,2018-03-22
DOC_JUDG_CJ_2017_0171_20181107,2018-03-14
DOC_JUDG_CJ_2017_0171_20181107,2018-06-14
DOC_JUDG_CJ_2017_0174_P_20181213,2018-07-25
DOC_JUDG_CJ_2017_0175_20180926,2018-01-24
DOC_JUDG_CJ_2017_0176_20180913,2018-03-01
DOC_JUDG_CJ_2017_0176_20180913,2018-04-26
DOC_JUDG_CJ_2017_0180_20180926,2018-01-24
DOC_JUDG_CJ_2017_0183_P_20190131,2018-06-13
DOC_JUDG_CJ_2017_0183_P_20190131,2018-09-27
DOC_JUDG_CJ_2017_0191_20181004,2018-06-19
DOC_JUDG_CJ_2017_0193_20190122,2018-07-25
DOC_JUDG_CJ_2017_0193_20190122,2018-04-10
DOC_JUDG_CJ_2017_0195_20180417,2018-01-25
DOC_JUDG_CJ_2017_0195_20180417,2018-04-12
DOC_JUDG_CJ_2017_0205_20180725,2018-04-19
DOC_JUDG_CJ_2017_0207_20181018,2018-03-01
DOC_JUDG_CJ_2017_0213_20180705,2018-02-01
DOC_JUDG_CJ_2017_0213_20180705,2018-06-13
DOC_JUDG_CJ_2017_0214_20180920,2018-05-02
DOC_JUDG_CJ_2017_0215_20181114,2018-06-07
DOC_JUDG_CJ_2017_0215_20181114,2018-09-05
DOC_JUDG_CJ_2017_0216_20181219,2018-07-12
DOC_JUDG_CJ_2017_0216_20181219,2018-10-03
DOC_JUDG_CJ_2017_0217_P_20180705,2018-02-22
DOC_JUDG_CJ_2017_0217_P_20180705,2018-02-07
DOC_JUDG_CJ_2017_0219_20181219,2018-04-18
DOC_JUDG_CJ_2017_0220_20190130,2018-07-04
DOC_JUDG_CJ_2017_0220_20190130,2018-03-21
DOC_JUDG_CJ_2017_0221_20190312,2018-04-24
DOC_JUDG_CJ_2017_0221_20190312,2018-07-12
DOC_JUDG_CJ_2017_0225_P_20190131,2018-09-13
DOC_JUDG_CJ_2017_0230_20180627,2018-03-07
DOC_JUDG_CJ_2017_0234_20181024,2018-06-05
DOC_JUDG_CJ_2017_0234_20181024,2018-03-20
DOC_JUDG_CJ_2017_0235_20190521,2018-11-29
DOC_JUDG_CJ_2017_0235_20190521,2018-07-09
DOC_JUDG_CJ_2017_0236_P_20190327,2018-10-03
DOC_JUDG_CJ_2017_0236_P_20190327,2018-06-20
DOC_JUDG_CJ_2017_0238_20181114,2018-05-03
DOC_JUDG_CJ_2017_0238_20181114,2018-07-12
DOC_JUDG_CJ_2017_0239_20180725,2018-03-15
DOC_JUDG_CJ_2017_0239_20180725,2018-05-17
DOC_JUDG_CJ_2017_0240_20180116,2017-11-09
DOC_JUDG_CJ_2017_0240_20180116,2017-12-13
DOC_JUDG_CJ_2017_0242_20181004,2018-05-16
DOC_JUDG_CJ_2017_0242_20181004,2018-02-28
DOC_JUDG_CJ_2017_0244_20180904,2018-05-31
DOC_JUDG_CJ_2017_0244_20180904,2018-04-17
DOC_JUDG_CJ_2017_0245_20181121,2018-04-11
DOC_JUDG_CJ_2017_0245_20181121,2018-05-31
DOC_JUDG_CJ_2017_0246_20180627,2018-03-07
DOC_JUDG_CJ_2017_0246_20180627,2018-01-11
DOC_JUDG_CJ_2017_0247_20181113,2018-07-25
DOC_JUDG_CJ_2017_0247_20181113,2018-05-14
DOC_JUDG_CJ_2017_0249_20181017,2018-03-14
DOC_JUDG_CJ_2017_0249_20181017,2018-05-03
DOC_JUDG_CJ_2017_0251_20180531,2018-02-28
DOC_JUDG_CJ_2017_0257_20181107,2018-03-19
DOC_JUDG_CJ_2017_0257_20181107,2018-06-27
DOC_JUDG_CJ_2017_0258_20190115,2018-09-05
DOC_JUDG_CJ_2017_0258_20190115,2018-05-29
DOC_JUDG_CJ_2017_0262_20181128,2018-05-31
DOC_JUDG_CJ_2017_0262_20181128,2018-09-13
DOC_JUDG_CJ_2017_0264_20181129,2018-09-13
DOC_JUDG_CJ_2017_0264_20181129,2018-06-14
DOC_JUDG_CJ_2017_0265_P_20190116,2018-07-25
DOC_JUDG_CJ_2017_0266_20190321,2018-09-13
DOC_JUDG_CJ_2017_0266_20190321,2018-05-31
DOC_JUDG_CJ_2017_0268_20180725,2018-02-28
DOC_JUDG_CJ_2017_0268_20180725,2018-05-16
DOC_JUDG_CJ_2017_0270_PPU_20170810,2017-07-11
DOC_JUDG_CJ_2017_0270_PPU_20170810,2017-07-26
DOC_JUDG_CJ_2017_0271_PPU_20170810,2017-07-26
DOC_JUDG_CJ_2017_0271_PPU_20170810,2017-07-11
DOC_JUDG_CJ_2017_0272_20190123,2018-07-11
DOC_JUDG_CJ_2017_0272_20190123,2018-05-30
DOC_JUDG_CJ_2017_0287_20180913,2018-05-29
DOC_JUDG_CJ_2017_0293_20181107,2018-07-25
DOC_JUDG_CJ_2017_0293_20181107,2018-05-03
DOC_JUDG_CJ_2017_0295_20181122,2018-06-07
DOC_JUDG_CJ_2017_0295_20181122,2018-04-26
DOC_JUDG_CJ_2017_0296_20181114,2018-06-28
DOC_JUDG_CJ_2017_0296_20181114,2018-05-03
DOC_JUDG_CJ_2017_0297_20190319,2018-05-08
DOC_JUDG_CJ_2017_0297_20190319,2018-07-25
DOC_JUDG_CJ_2017_0298_20181213,2018-07-05
DOC_JUDG_CJ_2017_0298_20181213,2018-05-30
DOC_JUDG_CJ_2017_0299_20190912,2018-12-13
DOC_JUDG_CJ_2017_0299_20190912,2018-10-24
DOC_JUDG_CJ_2017_0300_20180807,2018-06-07
DOC_JUDG_CJ_2017_0300_20180807,2018-04-30
DOC_JUDG_CJ_2017_0304_20180912,2018-05-08
DOC_JUDG_CJ_2017_0305_20181206,2018-07-05
DOC_JUDG_CJ_2017_0305_20181206,2018-04-19
DOC_JUDG_CJ_2017_0308_20181115,2018-07-04
DOC_JUDG_CJ_2017_0308_20181115,2018-04-19
DOC_JUDG_CJ_2017_0310_20181113,2018-06-04
DOC_JUDG_CJ_2017_0310_20181113,2018-07-25
DOC_JUDG_CJ_2017_0312_20180919,2018-05-29
DOC_JUDG_CJ_2017_0313_P_20190124,2018-09-20
DOC_JUDG_CJ_2017_0322_20190207,2018-06-06
DOC_JUDG_CJ_2017_0322_20190207,2018-10-04
DOC_JUDG_CJ_2017_0324_20191024,2019-04-11
DOC_JUDG_CJ_2017_0326_20190124,2018-06-07
DOC_JUDG_CJ_2017_0326_20190124,2018-09-20
DOC_JUDG_CJ_2017_0328_20181128,2018-04-26
DOC_JUDG_CJ_2017_0328_20181128,2018-07-05
DOC_JUDG_CJ_2017_0330_20181115,2018-04-19
DOC_JUDG_CJ_2017_0330_20181115,2018-06-28
DOC_JUDG_CJ_2017_0331_20181025,2018-06-14
DOC_JUDG_CJ_2017_0335_20180531,2018-04-12
DOC_JUDG_CJ_2017_0337_20181004,2018-04-11
DOC_JUDG_CJ_2017_0337_20181004,2018-06-21
DOC_JUDG_CJ_2017_0341_P_20190515,2018-12-05
DOC_JUDG_CJ_2017_0341_P_20190515,2018-09-13
DOC_JUDG_CJ_2017_0342_20181114,2018-04-16
DOC_JUDG_CJ_2017_0342_20181114,2018-06-21
DOC_JUDG_CJ_2017_0343_20180920,2018-05-03
DOC_JUDG_CJ_2017_0345_20190214,2018-09-27
DOC_JUDG_CJ_2017_0345_20190214,2018-06-21
DOC_JUDG_CJ_2017_0346_P_20180906,2018-02-08
DOC_JUDG_CJ_2017_0346_P_20180906,2018-03-21
DOC_JUDG_CJ_2017_0347_20190912,2018-10-04
DOC_JUDG_CJ_2017_0347_20190912,2018-11-29
DOC_JUDG_CJ_2017_0349_20190305,2018-09-25
DOC_JUDG_CJ_2017_0349_20190305,2018-06-18
DOC_JUDG_CJ_2017_0350_20190321,2018-10-25
DOC_JUDG_CJ_2017_0350_20190321,2018-06-21
DOC_JUDG_CJ_2017_0367_20181219,2018-05-17
DOC_JUDG_CJ_2017_0370_20200402,2019-01-29
DOC_JUDG_CJ_2017_0370_20200402,2019-07-11
DOC_JUDG_CJ_2017_0372_20180913,2018-04-26
DOC_JUDG_CJ_2017_0374_20181219,2018-06-11
DOC_JUDG_CJ_2017_0374_20181219,2018-09-19
DOC_JUDG_CJ_2017_0375_20181219,2018-09-27
DOC_JUDG_CJ_2017_0375_20181219,2018-06-06
DOC_JUDG_CJ_2017_0377_20190704,2018-11-07
DOC_JUDG_CJ_2017_0377_20190704,2019-02-28
DOC_JUDG_CJ_2017_0378_20181204,2018-09-11
DOC_JUDG_CJ_2017_0378_20181204,2018-06-05
DOC_JUDG_CJ_2017_0379_20181004,2018-06-20
DOC_JUDG_CJ_2017_0379_20181004,2018-04-11
DOC_JUDG_CJ_2017_0380_20181107,2018-06-27
DOC_JUDG_CJ_2017_0380_20181107,2018-03-19
DOC_JUDG_CJ_2017_0384_20181004,2018-06-26
DOC_JUDG_CJ_2017_0385_20181213,2018-09-05
DOC_JUDG_CJ_2017_0385_20181213,2018-06-14
DOC_JUDG_CJ_2017_0386_20190116,2018-09-06
DOC_JUDG_CJ_2017_0387_20190123,2018-06-07
DOC_JUDG_CJ_2017_0387_20190123,2018-09-13
DOC_JUDG_CJ_2017_0388_20190228,2018-06-13
DOC_JUDG_CJ_2017_0388_20190228,2018-09-19
DOC_JUDG_CJ_2017_0389_20190116,2018-10-04
DOC_JUDG_CJ_2017_0389_20190116,2018-06-27
DOC_JUDG_CJ_2017_0391_20191031,2019-02-06
DOC_JUDG_CJ_2017_0391_20191031,2018-10-02
DOC_JUDG_CJ_2017_0393_20190704,2018-11-15
DOC_JUDG_CJ_2017_0393_20190704,2018-07-11
DOC_JUDG_CJ_2017_0395_20191031,2018-10-02
DOC_JUDG_CJ_2017_0395_20191031,2019-02-06
DOC_JUDG_CJ_2017_0396_20190508,2018-09-12
DOC_JUDG_CJ_2017_0396_20190508,2018-12-06
DOC_JUDG_CJ_2017_0399_20190314,2018-09-20
DOC_JUDG_CJ_2017_0399_20190314,2018-11-15
DOC_JUDG_CJ_2017_0410_20190110,2018-07-11
DOC_JUDG_CJ_2017_0411_20190729,2018-11-29
DOC_JUDG_CJ_2017_0411_20190729,2018-09-10
DOC_JUDG_CJ_2017_0412_20181213,2018-09-06
DOC_JUDG_CJ_2017_0412_20181213,2018-06-07
DOC_JUDG_CJ_2017_0414_20181219,2018-06-13
DOC_JUDG_CJ_2017_0414_20181219,2018-07-25
DOC_JUDG_CJ_2017_0416_20181004,2018-07-25
DOC_JUDG_CJ_2017_0416_20181004,2018-06-20
DOC_JUDG_CJ_2017_0419_P_20190123,2018-06-26
DOC_JUDG_CJ_2017_0422_20181219,2018-06-07
DOC_JUDG_CJ_2017_0422_20181219,2018-09-05
DOC_JUDG_CJ_2017_0423_20190214,2018-06-14
DOC_JUDG_CJ_2017_0423_20190214,2018-10-04
DOC_JUDG_CJ_2017_0427_20190328,2018-09-19
DOC_JUDG_CJ_2017_0430_20190123,2018-09-20
DOC_JUDG_CJ_2017_0431_20190507,2018-09-18
DOC_JUDG_CJ_2017_0431_20190507,2018-12-19
DOC_JUDG_CJ_2017_0432_20181107,2018-06-13
DOC_JUDG_CJ_2017_0437_20190313,2018-05-03
DOC_JUDG_CJ_2017_0437_20190313,2018-07-25
DOC_JUDG_CJ_2017_0441_20180417,2018-02-20
DOC_JUDG_CJ_2017_0441_20180417,2017-12-12
DOC_JUDG_CJ_2017_0443_20190321,2018-06-21
DOC_JUDG_CJ_2017_0443_20190321,2018-12-13
DOC_JUDG_CJ_2017_0444_20190319,2018-10-17
DOC_JUDG_CJ_2017_0444_20190319,2018-06-12
DOC_JUDG_CJ_2017_0447_P_20190905,2019-05-16
DOC_JUDG_CJ_2017_0449_20190314,2018-06-20
DOC_JUDG_CJ_2017_0449_20190314,2018-10-03
DOC_JUDG_CJ_2017_0450_P_20190508,2018-12-05
DOC_JUDG_CJ_2017_0452_20181121,2018-05-17
DOC_JUDG_CJ_2017_0452_20181121,2018-07-25
DOC_JUDG_CJ_2017_0457_20181115,2018-09-11
DOC_JUDG_CJ_2017_0457_20181115,2018-05-30
DOC_JUDG_CJ_2017_0461_20181107,2018-05-16
DOC_JUDG_CJ_2017_0461_20181107,2018-08-07
DOC_JUDG_CJ_2017_0465_20190321,2018-11-14
DOC_JUDG_CJ_2017_0465_20190321,2018-09-05
DOC_JUDG_CJ_2017_0469_20190729,2018-07-03
DOC_JUDG_CJ_2017_0469_20190729,2018-10-25
DOC_JUDG_CJ_2017_0473_20190411,2018-09-26
DOC_JUDG_CJ_2017_0473_20190411,2018-12-05
DOC_JUDG_CJ_2017_0476_20190729,2018-07-03
DOC_JUDG_CJ_2017_0476_20190729,2018-12-12
DOC_JUDG_CJ_2017_0477_20190124,2018-07-04
DOC_JUDG_CJ_2017_0477_20190124,2018-09-27
DOC_JUDG_CJ_2017_0478_20181004,2018-07-10
DOC_JUDG_CJ_2017_0480_20181206,2018-07-12
DOC_JUDG_CJ_2017_0482_20191203,2019-04-11
DOC_JUDG_CJ_2017_0482_20191203,2019-03-05
DOC_JUDG_CJ_2017_0483_20190411,2018-09-06
DOC_JUDG_CJ_2017_0483_20190411,2018-11-15
DOC_JUDG_CJ_2017_0487_20190328,2018-11-15
DOC_JUDG_CJ_2017_0487_20190328,2018-09-06
DOC_JUDG_CJ_2017_0492_20181213,2018-09-26
DOC_JUDG_CJ_2017_0492_20181213,2018-07-04
DOC_JUDG_CJ_2017_0493_20181211,2018-07-10
DOC_JUDG_CJ_2017_0493_20181211,2018-10-04
DOC_JUDG_CJ_2017_0494_20190508,2018-12-06
DOC_JUDG_CJ_2017_0495_20181108,2018-07-12
DOC_JUDG_CJ_2017_0496_20190116,2018-07-05
DOC_JUDG_CJ_2017_0496_20190116,2018-10-17
DOC_JUDG_CJ_2017_0497_20190226,2018-09-20
DOC_JUDG_CJ_2017_0497_20190226,2018-06-19
DOC_JUDG_CJ_2017_0498_20190321,2018-11-22
DOC_JUDG_CJ_2017_0501_20190404,2018-11-22
DOC_JUDG_CJ_2017_0501_20190404,2018-09-17
DOC_JUDG_CJ_2017_0502_20181108,2018-09-06
DOC_JUDG_CJ_2017_0506_20181128,2018-09-06
DOC_JUDG_CJ_2017_0507_20190924,2019-01-10
DOC_JUDG_CJ_2017_0507_20190924,2018-09-11
DOC_JUDG_CJ_2017_0509_20190516,2019-01-23
DOC_JUDG_CJ_2017_0509_20190516,2018-10-03
DOC_JUDG_CJ_2017_0511_20200311,2019-09-19
DOC_JUDG_CJ_2017_0511_20200311,2019-12-19
DOC_JUDG_CJ_2017_0514_20181213,2018-09-06
DOC_JUDG_CJ_2017_0514_20181213,2018-06-21
DOC_JUDG_CJ_2017_0515_P_20200204,2019-06-11
DOC_JUDG_CJ_2017_0515_P_20200204,2019-09-24
DOC_JUDG_CJ_2017_0516_20190729,2019-01-10
DOC_JUDG_CJ_2017_0516_20190729,2018-07-03
DOC_JUDG_CJ_2017_0517_20200716,2020-03-19
DOC_JUDG_CJ_2017_0517_20200716,2020-01-15
DOC_JUDG_CJ_2017_0526_20190918,2019-03-21
DOC_JUDG_CJ_2017_0526_20190918,2018-12-12
DOC_JUDG_CJ_2017_0531_20190214,2018-06-27
DOC_JUDG_CJ_2017_0531_20190214,2018-09-06
DOC_JUDG_CJ_2017_0535_20190206,2018-07-05
DOC_JUDG_CJ_2017_0535_20190206,2018-10-18
DOC_JUDG_CJ_2017_0543_20190708,2019-01-22
DOC_JUDG_CJ_2017_0543_20190708,2019-04-11
DOC_JUDG_CJ_2017_0545_20190327,2018-09-18
DOC_JUDG_CJ_2017_0545_20190327,2018-11-27
DOC_JUDG_CJ_2017_0552_20181219,2018-09-05
DOC_JUDG_CJ_2017_0552_20181219,2018-07-11
DOC_JUDG_CJ_2017_0556_20190729,2019-04-30
DOC_JUDG_CJ_2017_0556_20190729,2019-01-08
DOC_JUDG_CJ_2017_0557_20190314,2018-10-04
DOC_JUDG_CJ_2017_0557_20190314,2018-07-05
DOC_JUDG_CJ_2017_0558_P_20190404,2018-09-26
DOC_JUDG_CJ_2017_0558_P_20190404,2018-11-21
DOC_JUDG_CJ_2017_0563_20190227,2018-09-13
DOC_JUDG_CJ_2017_0563_20190227,2018-11-21
DOC_JUDG_CJ_2017_0566_20190508,2018-09-20
DOC_JUDG_CJ_2017_0566_20190508,2018-12-06
DOC_JUDG_CJ_2017_0567_20190228,2018-11-28
DOC_JUDG_CJ_2017_0567_20190228,2018-09-19
DOC_JUDG_CJ_2017_0568_20190508,2018-09-19
DOC_JUDG_CJ_2017_0568_20190508,2019-02-12
DOC_JUDG_CJ_2017_0571_PPU_20171222,2017-12-20
DOC_JUDG_CJ_2017_0571_PPU_20171222,2017-11-22
DOC_JUDG_CJ_2017_0572_20181219,2018-10-03
DOC_JUDG_CJ_2017_0573_20190624,2018-10-01
DOC_JUDG_CJ_2017_0573_20190624,2018-11-27
DOC_JUDG_CJ_2017_0575_20181122,2018-08-07
DOC_JUDG_CJ_2017_0575_20181122,2018-06-25
DOC_JUDG_CJ_2017_0578_20190327,2018-11-22
DOC_JUDG_CJ_2017_0578_20190327,2018-09-06
DOC_JUDG_CJ_2017_0579_20190228,2018-10-25
DOC_JUDG_CJ_2017_0579_20190228,2018-07-12
DOC_JUDG_CJ_2017_0581_20190226,2018-07-02
DOC_JUDG_CJ_2017_0581_20190226,2018-09-27
DOC_JUDG_CJ_2017_0582_20190402,2018-11-29
DOC_JUDG_CJ_2017_0582_20190402,2018-09-04
DOC_JUDG_CJ_2017_0584_P_20200716,2019-02-27
DOC_JUDG_CJ_2017_0584_P_20200716,2019-11-07
DOC_JUDG_CJ_2017_0585_20191114,2018-11-21
DOC_JUDG_CJ_2017_0585_20191114,2019-02-14
DOC_JUDG_CJ_2017_0587_P_20190130,2018-06-27
DOC_JUDG_CJ_2017_0587_P_20190130,2018-10-04
DOC_JUDG_CJ_2017_0589_20190729,2019-02-07
DOC_JUDG_CJ_2017_0589_20190729,2018-10-25
DOC_JUDG_CJ_2017_0590_20190321,2018-11-15
DOC_JUDG_CJ_2017_0590_20190321,2018-09-12
DOC_JUDG_CJ_2017_0591_20190618,2019-02-06
DOC_JUDG_CJ_2017_0591_20190618,2018-12-11
DOC_JUDG_CJ_2017_0595_20181024,2018-07-05
DOC_JUDG_CJ_2017_0598_20190502,2018-12-19
DOC_JUDG_CJ_2017_0603_20190411,2018-09-13
DOC_JUDG_CJ_2017_0603_20190411,2019-01-24
DOC_JUDG_CJ_2017_0607_20190619,2019-01-10
DOC_JUDG_CJ_2017_0607_20190619,2018-10-24
DOC_JUDG_CJ_2017_0608_20190619,2019-01-10
DOC_JUDG_CJ_2017_0608_20190619,2018-10-24
DOC_JUDG_CJ_2017_0609_20191119,2019-02-26
DOC_JUDG_CJ_2017_0609_20191119,2019-06-04
DOC_JUDG_CJ_2017_0612_20190911,2019-02-06
DOC_JUDG_CJ_2017_0612_20190911,2019-02-28
DOC_JUDG_CJ_2017_0614_20190502,2018-10-25
DOC_JUDG_CJ_2017_0614_20190502,2019-01-10
DOC_JUDG_CJ_2017_0616_20191001,2018-11-20
DOC_JUDG_CJ_2017_0616_20191001,2019-03-12
DOC_JUDG_CJ_2017_0617_20190403,2018-11-29
DOC_JUDG_CJ_2017_0620_20190729,2018-11-21
DOC_JUDG_CJ_2017_0620_20190729,2019-04-30
DOC_JUDG_CJ_2017_0621_20191003,2019-03-14
DOC_JUDG_CJ_2017_0621_20191003,2019-05-15
DOC_JUDG_CJ_2017_0622_20190704,2019-02-28
DOC_JUDG_CJ_2017_0622_20190704,2018-11-28
DOC_JUDG_CJ_2017_0623_20201006,2019-09-10
DOC_JUDG_CJ_2017_0623_20201006,2019-09-09
DOC_JUDG_CJ_2017_0624_20190704,2019-02-28
DOC_JUDG_CJ_2017_0624_20190704,2018-12-12
DOC_JUDG_CJ_2017_0628_20190612,2019-01-30
DOC_JUDG_CJ_2017_0628_20190612,2018-11-28
DOC_JUDG_CJ_2017_0629_20181206,2018-10-17
DOC_JUDG_CJ_2017_0630_20190214,2018-09-05
DOC_JUDG_CJ_2017_0630_20190214,2018-11-14
DOC_JUDG_CJ_2017_0631_20190508,2018-11-08
DOC_JUDG_CJ_2017_0631_20190508,2019-01-10
DOC_JUDG_CJ_2017_0634_20190523,2018-10-18
DOC_JUDG_CJ_2017_0634_20190523,2019-01-24
DOC_JUDG_CJ_2017_0635_20190313,2018-10-17
DOC_JUDG_CJ_2017_0635_20190313,2018-11-29
DOC_JUDG_CJ_2017_0637_20190328,2018-11-15
DOC_JUDG_CJ_2017_0637_20190328,2019-01-17
DOC_JUDG_CJ_2017_0638_20190411,2018-11-08
DOC_JUDG_CJ_2017_0641_20191113,2019-03-20
DOC_JUDG_CJ_2017_0641_20191113,2019-06-05
DOC_JUDG_CJ_2017_0644_20190703,2019-02-28
DOC_JUDG_CJ_2017_0646_20190613,2019-02-05
DOC_JUDG_CJ_2017_0646_20190613,2018-11-14
DOC_JUDG_CJ_2017_0647_20190313,2019-01-10
DOC_JUDG_CJ_2017_0647_20190313,2018-10-18
DOC_JUDG_CJ_2017_0649_20190710,2018-11-22
DOC_JUDG_CJ_2017_0649_20190710,2019-02-28
DOC_JUDG_CJ_2017_0650_20200430,2019-06-27
DOC_JUDG_CJ_2017_0650_20200430,2019-09-11
DOC_JUDG_CJ_2017_0654_P_20190729,2019-01-23
DOC_JUDG_CJ_2017_0654_P_20190729,2019-04-03
DOC_JUDG_CJ_2017_0658_20190523,2018-11-29
DOC_JUDG_CJ_2017_0658_20190523,2019-02-28
DOC_JUDG_CJ_2017_0659_20190729,2019-04-03
DOC_JUDG_CJ_2017_0659_20190729,2019-06-06
DOC_JUDG_CJ_2017_0660_P_20190619,2019-01-24
DOC_JUDG_CJ_2017_0663_P_20191105,2019-04-11
DOC_JUDG_CJ_2017_0663_P_20191105,2019-02-11
DOC_JUDG_CJ_2017_0664_20190613,2019-02-07
DOC_JUDG_CJ_2017_0664_20190613,2018-11-15
DOC_JUDG_CJ_2017_0668_P_20190703,2019-01-09
DOC_JUDG_CJ_2017_0670_P_20190227,2018-11-08
DOC_JUDG_CJ_2017_0673_20191001,2019-03-21
DOC_JUDG_CJ_2017_0673_20191001,2018-11-13
DOC_JUDG_CJ_2017_0674_20191010,2019-05-08
DOC_JUDG_CJ_2017_0674_20191010,2019-01-09
DOC_JUDG_CJ_2017_0676_20190911,2019-02-05
DOC_JUDG_CJ_2017_0676_20190911,2018-11-28
DOC_JUDG_CJ_2017_0677_20190515,2018-10-03
DOC_JUDG_CJ_2017_0677_20190515,2019-02-28
DOC_JUDG_CJ_2017_0680_20190729,2018-12-06
DOC_JUDG_CJ_2017_0680_20190729,2019-03-28
DOC_JUDG_CJ_2017_0681_20190327,2018-12-19
DOC_JUDG_CJ_2017_0682_20190620,2018-11-14
DOC_JUDG_CJ_2017_0682_20190620,2019-02-28
DOC_JUDG_CJ_2017_0683_20190912,2018-12-12
DOC_JUDG_CJ_2017_0683_20190912,2019-05-02
DOC_JUDG_CJ_2017_0686_20190904,2019-01-23
DOC_JUDG_CJ_2017_0686_20190904,2019-04-04
DOC_JUDG_CJ_2017_0688_20190912,2019-04-11
DOC_JUDG_CJ_2017_0688_20190912,2019-01-09
DOC_JUDG_CJ_2017_0689_20190516,2018-10-25
DOC_JUDG_CJ_2017_0689_20190516,2019-01-24
DOC_JUDG_CJ_2017_0690_20190411,2019-01-17
DOC_JUDG_CJ_2017_0690_20190411,2018-11-07
DOC_JUDG_CJ_2017_0691_20190411,2019-01-09
DOC_JUDG_CJ_2017_0692_20191017,2019-05-02
DOC_JUDG_CJ_2017_0692_20191017,2019-02-07
DOC_JUDG_CJ_2017_0694_20190502,2019-01-22
DOC_JUDG_CJ_2017_0695_20190314,2018-11-22
DOC_JUDG_CJ_2017_0697_20190711,2019-01-23
DOC_JUDG_CJ_2017_0697_20190711,2018-11-15
DOC_JUDG_CJ_2017_0703_20191010,2019-05-23
DOC_JUDG_CJ_2017_0703_20191010,2019-01-23
DOC_JUDG_CJ_2017_0705_20190612,2018-12-13
DOC_JUDG_CJ_2017_0705_20190612,2019-03-06
DOC_JUDG_CJ_2017_0706_20190515,2018-11-06
DOC_JUDG_CJ_2017_0706_20190515,2019-01-17
DOC_JUDG_CJ_2017_0708_20191205,2019-04-30
DOC_JUDG_CJ_2017_0708_20191205,2018-12-12
DOC_JUDG_CJ_2017_0712_20190508,2019-01-17
DOC_JUDG_CJ_2017_0715_20200402,2019-05-15
DOC_JUDG_CJ_2017_0715_20200402,2019-10-31
DOC_JUDG_CJ_2017_0720_20190523,2019-01-24
DOC_JUDG_CJ_2017_0722_20190710,2019-01-16
DOC_JUDG_CJ_2017_0722_20190710,2019-04-03
DOC_JUDG_CJ_2017_0723_20190626,2019-02-28
DOC_JUDG_CJ_2017_0723_20190626,2019-01-10
DOC_JUDG_CJ_2017_0724_20190314,2019-02-06
DOC_JUDG_CJ_2017_0724_20190314,2019-01-16
DOC_JUDG_CJ_2017_0727_20200528,2020-02-06
DOC_JUDG_CJ_2017_0729_20190626,2019-02-28
DOC_JUDG_CJ_2017_0729_20190626,2018-12-06
DOC_JUDG_CJ_2018_0001_20190620,2018-11-29
DOC_JUDG_CJ_2018_0001_20190620,2019-01-24
DOC_JUDG_CJ_2018_0002_20191113,2019-03-07
DOC_JUDG_CJ_2018_0002_20191113,2018-12-05
DOC_JUDG_CJ_2018_0010_P_20200304,2019-09-26
DOC_JUDG_CJ_2018_0010_P_20200304,2019-05-22
DOC_JUDG_CJ_2018_0013_20200423,2019-09-11
DOC_JUDG_CJ_2018_0013_20200423,2019-06-06
DOC_JUDG_CJ_2018_0016_20191219,2019-03-12
DOC_JUDG_CJ_2018_0016_20191219,2019-07-29
DOC_JUDG_CJ_2018_0018_20191003,2019-06-04
DOC_JUDG_CJ_2018_0018_20191003,2019-02-13
DOC_JUDG_CJ_2018_0019_P_20190710,2019-04-11
DOC_JUDG_CJ_2018_0022_20190613,2019-03-07
DOC_JUDG_CJ_2018_0022_20190613,2018-12-13
DOC_JUDG_CJ_2018_0025_20190508,2019-01-31
DOC_JUDG_CJ_2018_0026_20190710,2019-02-27
DOC_JUDG_CJ_2018_0026_20190710,2018-12-05
DOC_JUDG_CJ_2018_0028_20190905,2019-05-02
DOC_JUDG_CJ_2018_0028_20190905,2019-01-30
DOC_JUDG_CJ_2018_0031_20191017,2019-02-06
DOC_JUDG_CJ_2018_0031_20191017,2019-05-16
DOC_JUDG_CJ_2018_0032_20190918,2019-03-07
DOC_JUDG_CJ_2018_0032_20190918,2019-01-30
DOC_JUDG_CJ_2018_0033_20190606,2018-12-05
DOC_JUDG_CJ_2018_0033_20190606,2019-02-26
DOC_JUDG_CJ_2018_0034_20190919,2019-01-23
DOC_JUDG_CJ_2018_0034_20190919,2019-03-21
DOC_JUDG_CJ_2018_0038_20190729,2019-03-14
DOC_JUDG_CJ_2018_0041_20190619,2018-12-13
DOC_JUDG_CJ_2018_0041_20190619,2019-03-07
DOC_JUDG_CJ_2018_0042_20191003,2019-05-02
DOC_JUDG_CJ_2018_0043_20190612,2019-01-24
DOC_JUDG_CJ_2018_0043_20190612,2018-12-13
DOC_JUDG_CJ_2018_0046_20190911,2019-03-14
DOC_JUDG_CJ_2018_0046_20190911,2019-01-17
DOC_JUDG_CJ_2018_0047_20190918,2019-04-04
DOC_JUDG_CJ_2018_0052_20190523,2019-01-15
DOC_JUDG_CJ_2018_0058_20190606,2018-11-28
DOC_JUDG_CJ_2018_0058_20190606,2019-02-14
DOC_JUDG_CJ_2018_0059_20220714,2021-10-06
DOC_JUDG_CJ_2018_0059_20220714,2021-06-08
DOC_JUDG_CJ_2018_0060_20190328,2018-11-29
DOC_JUDG_CJ_2018_0064_20190912,2019-05-06
DOC_JUDG_CJ_2018_0066_20201006,2019-06-24
DOC_JUDG_CJ_2018_0066_20201006,2020-03-05
DOC_JUDG_CJ_2018_0068_20191107,2019-01-10
DOC_JUDG_CJ_2018_0068_20191107,2019-05-16
DOC_JUDG_CJ_2018_0070_20191003,2019-01-17
DOC_JUDG_CJ_2018_0070_20191003,2019-05-02
DOC_JUDG_CJ_2018_0071_20190904,2019-01-30
DOC_JUDG_CJ_2018_0071_20190904,2019-03-19
DOC_JUDG_CJ_2018_0072_20190620,2019-01-30
DOC_JUDG_CJ_2018_0072_20190620,2019-03-12
DOC_JUDG_CJ_2018_0075_20200303,2019-06-13
DOC_JUDG_CJ_2018_0075_20200303,2019-03-18
DOC_JUDG_CJ_2018_0078_20200618,2020-01-14
DOC_JUDG_CJ_2018_0078_20200618,2019-10-22
DOC_JUDG_CJ_2018_0080_20191107,2019-02-28
DOC_JUDG_CJ_2018_0080_20191107,2019-05-08
DOC_JUDG_CJ_2018_0089_20190710,2018-12-13
DOC_JUDG_CJ_2018_0089_20190710,2019-03-14
DOC_JUDG_CJ_2018_0092_20200625,2020-01-16
DOC_JUDG_CJ_2018_0093_20191002,2019-01-24
DOC_JUDG_CJ_2018_0093_20191002,2019-06-19
DOC_JUDG_CJ_2018_0094_20190910,2019-05-21
DOC_JUDG_CJ_2018_0094_20190910,2019-01-15
DOC_JUDG_CJ_2018_0095_20190919,2019-03-26
DOC_JUDG_CJ_2018_0095_20190919,2019-01-23
DOC_JUDG_CJ_2018_0100_20190620,2019-02-28
DOC_JUDG_CJ_2018_0103_20200319,2019-10-17
DOC_JUDG_CJ_2018_0103_20200319,2019-05-15
DOC_JUDG_CJ_2018_0104_P_20190912,2019-04-04
DOC_JUDG_CJ_2018_0104_P_20190912,2018-12-06
DOC_JUDG_CJ_2018_0105_20191107,2019-02-28
DOC_JUDG_CJ_2018_0105_20191107,2019-05-08
DOC_JUDG_CJ_2018_0123_P_20190910,2018-11-26
DOC_JUDG_CJ_2018_0123_P_20190910,2019-03-05
DOC_JUDG_CJ_2018_0125_20200303,2019-02-25
DOC_JUDG_CJ_2018_0125_20200303,2019-09-10
DOC_JUDG_CJ_2018_0127_20190508,2019-01-09
DOC_JUDG_CJ_2018_0128_20191015,2019-04-30
DOC_JUDG_CJ_2018_0128_20191015,2019-02-05
DOC_JUDG_CJ_2018_0129_20190326,2019-02-26
DOC_JUDG_CJ_2018_0129_20190326,2018-12-04
DOC_JUDG_CJ_2018_0133_20190502,2019-01-17
DOC_JUDG_CJ_2018_0143_20190911,2019-03-28
DOC_JUDG_CJ_2018_0145_20190905,2018-11-21
DOC_JUDG_CJ_2018_0145_20190905,2019-03-07
DOC_JUDG_CJ_2018_0152_P_20191002,2019-06-18
DOC_JUDG_CJ_2018_0155_P_20200304,2019-06-26
DOC_JUDG_CJ_2018_0155_P_20200304,2019-04-10
DOC_JUDG_CJ_2018_0159_20190626,2018-12-19
DOC_JUDG_CJ_2018_0160_20200311,2019-03-06
DOC_JUDG_CJ_2018_0160_20200311,2019-06-13
DOC_JUDG_CJ_2018_0161_20190508,2019-01-10
DOC_JUDG_CJ_2018_0163_20190710,2019-03-28
DOC_JUDG_CJ_2018_0163_20190710,2019-01-16
DOC_JUDG_CJ_2018_0168_20191219,2019-05-08
DOC_JUDG_CJ_2018_0168_20191219,2019-02-14
DOC_JUDG_CJ_2018_0171_20191007,2019-03-28
DOC_JUDG_CJ_2018_0171_20191007,2019-02-04
DOC_JUDG_CJ_2018_0172_20190905,2019-03-28
DOC_JUDG_CJ_2018_0172_20190905,2019-01-17
DOC_JUDG_CJ_2018_0175_P_20200122,2019-09-11
DOC_JUDG_CJ_2018_0175_P_20200122,2019-05-16
DOC_JUDG_CJ_2018_0176_20191219,2019-09-18
DOC_JUDG_CJ_2018_0176_20191219,2019-05-16
DOC_JUDG_CJ_2018_0177_20200122,2019-02-28
DOC_JUDG_CJ_2018_0177_20200122,2019-10-17
DOC_JUDG_CJ_2018_0178_P_20200122,2019-09-11
DOC_JUDG_CJ_2018_0178_P_20200122,2019-05-16
DOC_JUDG_CJ_2018_0180_20190711,2019-03-14
DOC_JUDG_CJ_2018_0183_20200304,2019-11-12
DOC_JUDG_CJ_2018_0186_20211014,2021-04-22
DOC_JUDG_CJ_2018_0189_20191016,2019-03-20
DOC_JUDG_CJ_2018_0189_20191016,2019-06-05
DOC_JUDG_CJ_2018_0192_20191105,2019-04-08
DOC_JUDG_CJ_2018_0192_20191105,2019-06-20
DOC_JUDG_CJ_2018_0193_20190613,2019-03-13
DOC_JUDG_CJ_2018_0197_20191003,2019-02-06
DOC_JUDG_CJ_2018_0197_20191003,2019-03-28
DOC_JUDG_CJ_2018_0198_20191121,2019-04-30
DOC_JUDG_CJ_2018_0202_20190226,2018-12-19
DOC_JUDG_CJ_2018_0202_20190226,2018-09-25
DOC_JUDG_CJ_2018_0203_20191121,2019-03-28
DOC_JUDG_CJ_2018_0203_20191121,2019-06-13
DOC_JUDG_CJ_2018_0208_20191003,2019-01-31
DOC_JUDG_CJ_2018_0208_20191003,2019-04-11
DOC_JUDG_CJ_2018_0210_20190710,2019-01-17
DOC_JUDG_CJ_2018_0210_20190710,2019-03-28
DOC_JUDG_CJ_2018_0211_20200305,2019-06-17
DOC_JUDG_CJ_2018_0211_20200305,2019-10-10
DOC_JUDG_CJ_2018_0212_20191024,2019-06-20
DOC_JUDG_CJ_2018_0212_20191024,2019-02-13
DOC_JUDG_CJ_2018_0215_20200326,2019-11-07
DOC_JUDG_CJ_2018_0216_PPU_20180725,2018-06-28
DOC_JUDG_CJ_2018_0220_PPU_20180725,2018-06-14
DOC_JUDG_CJ_2018_0220_PPU_20180725,2018-07-04
DOC_JUDG_CJ_2018_0222_20190918,2019-02-27
DOC_JUDG_CJ_2018_0222_20190918,2019-06-12
DOC_JUDG_CJ_2018_0226_20190522,2019-03-14
DOC_JUDG_CJ_2018_0226_20190522,2019-01-31
DOC_JUDG_CJ_2018_0228_20200402,2019-06-27
DOC_JUDG_CJ_2018_0228_20200402,2019-09-05
DOC_JUDG_CJ_2018_0233_20191112,2019-06-06
DOC_JUDG_CJ_2018_0233_20191112,2019-03-11
DOC_JUDG_CJ_2018_0234_20200319,2019-06-05
DOC_JUDG_CJ_2018_0234_20200319,2019-10-31
DOC_JUDG_CJ_2018_0236_20191219,2019-03-06
DOC_JUDG_CJ_2018_0236_20191219,2019-05-22
DOC_JUDG_CJ_2018_0239_20191017,2019-05-23
DOC_JUDG_CJ_2018_0239_20191017,2019-01-31
DOC_JUDG_CJ_2018_0243_P_20190508,2019-01-29
DOC_JUDG_CJ_2018_0244_P_20200326,2019-10-24
DOC_JUDG_CJ_2018_0247_P_20190626,2019-03-20
DOC_JUDG_CJ_2018_0249_20190710,2019-02-14
DOC_JUDG_CJ_2018_0249_20190710,2019-03-26
DOC_JUDG_CJ_2018_0251_20190919,2019-04-09
DOC_JUDG_CJ_2018_0254_20190411,2019-02-28
DOC_JUDG_CJ_2018_0254_20190411,2018-11-29
DOC_JUDG_CJ_2018_0255_20191114,2019-06-26
DOC_JUDG_CJ_2018_0255_20191114,2019-04-10
DOC_JUDG_CJ_2018_0260_20191003,2019-05-14
DOC_JUDG_CJ_2018_0261_20191112,2019-04-01
DOC_JUDG_CJ_2018_0261_20191112,2019-06-13
DOC_JUDG_CJ_2018_0263_20191219,2019-09-10
DOC_JUDG_CJ_2018_0263_20191219,2019-04-02
DOC_JUDG_CJ_2018_0267_20191003,2019-02-27
DOC_JUDG_CJ_2018_0267_20191003,2019-05-08
DOC_JUDG_CJ_2018_0270_20191016,2019-03-14
DOC_JUDG_CJ_2018_0270_20191016,2019-05-23
DOC_JUDG_CJ_2018_0272_20191003,2019-09-05
DOC_JUDG_CJ_2018_0272_20191003,2019-02-27
DOC_JUDG_CJ_2018_0274_20191003,2019-03-07
DOC_JUDG_CJ_2018_0274_20191003,2019-06-27
DOC_JUDG_CJ_2018_0276_20200618,2020-02-06
DOC_JUDG_CJ_2018_0276_20200618,2019-06-20
DOC_JUDG_CJ_2018_0280_20191107,2019-05-23
DOC_JUDG_CJ_2018_0280_20191107,2019-03-27
DOC_JUDG_CJ_2018_0285_20191003,2019-05-07
DOC_JUDG_CJ_2018_0291_20190620,2019-01-31
DOC_JUDG_CJ_2018_0291_20190620,2019-04-10
DOC_JUDG_CJ_2018_0298_20200227,2019-03-21
DOC_JUDG_CJ_2018_0298_20200227,2019-07-11
DOC_JUDG_CJ_2018_0302_20191003,2019-06-06
DOC_JUDG_CJ_2018_0306_20190515,2019-02-28
DOC_JUDG_CJ_2018_0307_20200130,2020-01-22
DOC_JUDG_CJ_2018_0307_20200130,2019-09-19
DOC_JUDG_CJ_2018_0310_PPU_20180919,2018-08-07
DOC_JUDG_CJ_2018_0310_PPU_20180919,2018-07-11
DOC_JUDG_CJ_2018_0311_20200716,2019-07-09
DOC_JUDG_CJ_2018_0311_20200716,2019-12-19
DOC_JUDG_CJ_2018_0314_20200311,2019-05-16
DOC_JUDG_CJ_2018_0314_20200311,2019-03-07
DOC_JUDG_CJ_2018_0321_20190612,2018-12-13
DOC_JUDG_CJ_2018_0321_20190612,2019-01-24
DOC_JUDG_CJ_2018_0323_20200303,2019-04-29
DOC_JUDG_CJ_2018_0323_20200303,2019-07-04
DOC_JUDG_CJ_2018_0325_PPU_20180919,2018-07-13
DOC_JUDG_CJ_2018_0327_PPU_20180919,2018-08-07
DOC_JUDG_CJ_2018_0327_PPU_20180919,2018-07-12
DOC_JUDG_CJ_2018_0329_20191003,2019-03-06
DOC_JUDG_CJ_2018_0329_20191003,2019-05-22
DOC_JUDG_CJ_2018_0332_P_20191211,2019-09-05
DOC_JUDG_CJ_2018_0341_20200205,2019-06-06
DOC_JUDG_CJ_2018_0341_20200205,2019-10-17
DOC_JUDG_CJ_2018_0344_20200326,2019-11-26
DOC_JUDG_CJ_2018_0344_20200326,2019-05-08
DOC_JUDG_CJ_2018_0347_20190904,2019-05-07
DOC_JUDG_CJ_2018_0355_20191219,2019-07-11
DOC_JUDG_CJ_2018_0355_20191219,2019-04-11
DOC_JUDG_CJ_2018_0360_20191219,2019-07-29
DOC_JUDG_CJ_2018_0360_20191219,2019-05-02
DOC_JUDG_CJ_2018_0363_20191112,2019-06-13
DOC_JUDG_CJ_2018_0363_20191112,2019-04-09
DOC_JUDG_CJ_2018_0364_20191107,2019-06-13
DOC_JUDG_CJ_2018_0364_20191107,2019-04-04
DOC_JUDG_CJ_2018_0371_20200129,2019-05-20
DOC_JUDG_CJ_2018_0371_20200129,2019-10-16
DOC_JUDG_CJ_2018_0377_20190905,2019-06-13
DOC_JUDG_CJ_2018_0377_20190905,2019-03-13
DOC_JUDG_CJ_2018_0378_20191003,2019-05-15
DOC_JUDG_CJ_2018_0379_20191121,2019-04-11
DOC_JUDG_CJ_2018_0379_20191121,2019-06-27
DOC_JUDG_CJ_2018_0380_20191212,2019-07-11
DOC_JUDG_CJ_2018_0380_20191212,2019-05-02
DOC_JUDG_CJ_2018_0381_20191212,2019-05-02
DOC_JUDG_CJ_2018_0381_20191212,2019-07-11
DOC_JUDG_CJ_2018_0383_20190911,2019-05-23
DOC_JUDG_CJ_2018_0384_20200227,2019-10-10
DOC_JUDG_CJ_2018_0384_20200227,2019-05-23
DOC_JUDG_CJ_2018_0385_20191219,2019-07-29
DOC_JUDG_CJ_2018_0385_20191219,2019-05-08
DOC_JUDG_CJ_2018_0386_20191219,2019-06-26
DOC_JUDG_CJ_2018_0386_20191219,2019-04-10
DOC_JUDG_CJ_2018_0389_20191219,2019-04-04
DOC_JUDG_CJ_2018_0389_20191219,2019-07-03
DOC_JUDG_CJ_2018_0389_20191219,2019-09-05
DOC_JUDG_CJ_2018_0390_20191219,2019-04-30
DOC_JUDG_CJ_2018_0390_20191219,2019-01-14
DOC_JUDG_CJ_2018_0393_PPU_20181017,2018-09-20
DOC_JUDG_CJ_2018_0393_PPU_20181017,2018-09-07
DOC_JUDG_CJ_2018_0394_20200130,2019-06-05
DOC_JUDG_CJ_2018_0394_20200130,2019-09-26
DOC_JUDG_CJ_2018_0395_20200130,2019-05-02
DOC_JUDG_CJ_2018_0395_20200130,2019-07-11
DOC_JUDG_CJ_2018_0396_20191107,2019-06-26
DOC_JUDG_CJ_2018_0396_20191107,2019-04-11
DOC_JUDG_CJ_2018_0400_20191120,2019-07-11
DOC_JUDG_CJ_2018_0401_20200423,2019-10-03
DOC_JUDG_CJ_2018_0402_20191127,2019-05-15
DOC_JUDG_CJ_2018_0405_20200227,2019-06-12
DOC_JUDG_CJ_2018_0405_20200227,2019-10-17
DOC_JUDG_CJ_2018_0406_20200319,2019-09-11
DOC_JUDG_CJ_2018_0406_20200319,2019-12-05
DOC_JUDG_CJ_2018_0414_20191203,2019-04-30
DOC_JUDG_CJ_2018_0414_20191203,2019-07-09
DOC_JUDG_CJ_2018_0417_20190905,2019-05-02
DOC_JUDG_CJ_2018_0418_P_20191219,2019-03-25
DOC_JUDG_CJ_2018_0418_P_20191219,2019-07-29
DOC_JUDG_CJ_2018_0421_20191205,2019-07-29
DOC_JUDG_CJ_2018_0423_20191017,2019-05-16
DOC_JUDG_CJ_2018_0427_P_20200226,2019-10-16
DOC_JUDG_CJ_2018_0427_P_20200226,2019-06-26
DOC_JUDG_CJ_2018_0432_20191204,2019-07-29
DOC_JUDG_CJ_2018_0432_20191204,2019-05-23
DOC_JUDG_CJ_2018_0433_20191212,2019-05-15
DOC_JUDG_CJ_2018_0433_20191212,2019-07-29
DOC_JUDG_CJ_2018_0435_20191212,2019-05-16
DOC_JUDG_CJ_2018_0435_20191212,2019-07-29
DOC_JUDG_CJ_2018_0442_P_20191219,2019-10-02
DOC_JUDG_CJ_2018_0442_P_20191219,2019-06-12
DOC_JUDG_CJ_2018_0445_20191114,2019-06-27
DOC_JUDG_CJ_2018_0445_20191114,2019-05-13
DOC_JUDG_CJ_2018_0446_20200514,2019-12-19
DOC_JUDG_CJ_2018_0446_20200514,2019-09-11
DOC_JUDG_CJ_2018_0447_20191218,2019-05-07
DOC_JUDG_CJ_2018_0447_20191218,2019-07-11
DOC_JUDG_CJ_2018_0450_20191212,2019-09-10
DOC_JUDG_CJ_2018_0450_20191212,2019-06-13
DOC_JUDG_CJ_2018_0452_20200709,2020-01-30
DOC_JUDG_CJ_2018_0452_20200709,2019-09-11
DOC_JUDG_CJ_2018_0453_20191219,2019-10-31
DOC_JUDG_CJ_2018_0454_20200311,2019-06-20
DOC_JUDG_CJ_2018_0454_20200311,2019-11-14
DOC_JUDG_CJ_2018_0456_P_20200604,2020-01-16
DOC_JUDG_CJ_2018_0456_P_20200604,2019-09-26
DOC_JUDG_CJ_2018_0457_20200131,2019-12-11
DOC_JUDG_CJ_2018_0457_20200131,2019-07-08
DOC_JUDG_CJ_2018_0458_20200402,2019-10-24
DOC_JUDG_CJ_2018_0458_20200402,2019-09-11
DOC_JUDG_CJ_2018_0460_P_20191219,2019-05-08
DOC_JUDG_CJ_2018_0460_P_20191219,2019-07-29
DOC_JUDG_CJ_2018_0461_P_20201203,2019-10-24
DOC_JUDG_CJ_2018_0461_P_20201203,2020-04-23
DOC_JUDG_CJ_2018_0465_20191219,2019-07-03
DOC_JUDG_CJ_2018_0465_20191219,2019-10-02
DOC_JUDG_CJ_2018_0467_20190919,2019-07-10
DOC_JUDG_CJ_2018_0468_20190905,2019-07-29
DOC_JUDG_CJ_2018_0469_20191024,2019-07-11
DOC_JUDG_CJ_2018_0471_P_20210121,2020-09-24
DOC_JUDG_CJ_2018_0477_20191219,2019-07-04
DOC_JUDG_CJ_2018_0477_20191219,2019-09-18
DOC_JUDG_CJ_2018_0480_20200402,2019-11-07
DOC_JUDG_CJ_2018_0482_20200303,2019-06-04
DOC_JUDG_CJ_2018_0482_20200303,2019-09-12
DOC_JUDG_CJ_2018_0484_20191114,2019-03-21
DOC_JUDG_CJ_2018_0484_20191114,2019-05-16
DOC_JUDG_CJ_2018_0485_20201001,2020-07-09
DOC_JUDG_CJ_2018_0485_20201001,2020-06-03
DOC_JUDG_CJ_2018_0488_20201210,2019-11-07
DOC_JUDG_CJ_2018_0488_20201210,2019-09-23
DOC_JUDG_CJ_2018_0492_PPU_20190212,2018-10-04
DOC_JUDG_CJ_2018_0492_PPU_20190212,2018-11-06
DOC_JUDG_CJ_2018_0496_20200326,2019-11-21
DOC_JUDG_CJ_2018_0496_20200326,2019-09-04
DOC_JUDG_CJ_2018_0499_P_20210506,2020-06-03
DOC_JUDG_CJ_2018_0499_P_20210506,2020-09-17
DOC_JUDG_CJ_2018_0507_20200423,2019-07-15
DOC_JUDG_CJ_2018_0507_20200423,2019-10-31
DOC_JUDG_CJ_2018_0508_20190527,2019-04-30
DOC_JUDG_CJ_2018_0508_20190527,2019-03-26
DOC_JUDG_CJ_2018_0509_20190527,2019-04-30
DOC_JUDG_CJ_2018_0509_20190527,2019-03-26
DOC_JUDG_CJ_2018_0511_20201006,2019-09-09
DOC_JUDG_CJ_2018_0511_20201006,2019-09-10
DOC_JUDG_CJ_2018_0519_20191212,2019-09-05
DOC_JUDG_CJ_2018_0521_20201028,2020-01-22
DOC_JUDG_CJ_2018_0521_20201028,2020-04-23
DOC_JUDG_CJ_2018_0523_20191219,2019-09-19
DOC_JUDG_CJ_2018_0523_20191219,2019-06-13
DOC_JUDG_CJ_2018_0524_20200130,2019-06-12
DOC_JUDG_CJ_2018_0524_20200130,2019-09-12
DOC_JUDG_CJ_2018_0532_20191219,2019-06-19
DOC_JUDG_CJ_2018_0532_20191219,2019-09-26
DOC_JUDG_CJ_2018_0535_20200528,2019-09-19
DOC_JUDG_CJ_2018_0535_20200528,2019-11-12
DOC_JUDG_CJ_2018_0544_20190919,2019-06-05
DOC_JUDG_CJ_2018_0546_20210909,2021-03-18
DOC_JUDG_CJ_2018_0547_20200507,2019-09-05
DOC_JUDG_CJ_2018_0547_20200507,2019-11-14
DOC_JUDG_CJ_2018_0549_20200716,2019-12-10
DOC_JUDG_CJ_2018_0549_20200716,2020-03-05
DOC_JUDG_CJ_2018_0550_20200716,2019-12-10
DOC_JUDG_CJ_2018_0550_20200716,2020-03-05
DOC_JUDG_CJ_2018_0551_PPU_20181206,2018-10-22
DOC_JUDG_CJ_2018_0551_PPU_20181206,2018-11-08
DOC_JUDG_CJ_2018_0555_20191107,2019-07-29
DOC_JUDG_CJ_2018_0558_20200326,2019-06-18
DOC_JUDG_CJ_2018_0558_20200326,2019-09-24
DOC_JUDG_CJ_2018_0560_P_20200430,2019-12-05
DOC_JUDG_CJ_2018_0560_P_20200430,2019-09-26
DOC_JUDG_CJ_2018_0564_20200319,2019-09-11
DOC_JUDG_CJ_2018_0564_20200319,2019-12-05
DOC_JUDG_CJ_2018_0565_20200430,2019-11-28
DOC_JUDG_CJ_2018_0567_20200402,2019-09-19
DOC_JUDG_CJ_2018_0567_20200402,2019-11-28
DOC_JUDG_CJ_2018_0570_P_20200625,2020-01-29
DOC_JUDG_CJ_2018_0570_P_20200625,2019-11-13
DOC_JUDG_CJ_2018_0572_P_20210422,2020-11-26
DOC_JUDG_CJ_2018_0575_P_20200709,2020-03-12
DOC_JUDG_CJ_2018_0575_P_20200709,2019-11-11
DOC_JUDG_CJ_2018_0576_20200312,2019-10-23
DOC_JUDG_CJ_2018_0578_20200123,2019-06-19
DOC_JUDG_CJ_2018_0578_20200123,2019-10-24
DOC_JUDG_CJ_2018_0581_20200611,2019-10-08
DOC_JUDG_CJ_2018_0581_20200611,2020-02-06
DOC_JUDG_CJ_2018_0582_P_20191219,2019-07-11
DOC_JUDG_CJ_2018_0583_20200312,2019-10-24
DOC_JUDG_CJ_2018_0584_20200430,2019-11-21
DOC_JUDG_CJ_2018_0584_20200430,2019-09-12
DOC_JUDG_CJ_2018_0585_20191119,2019-05-14
DOC_JUDG_CJ_2018_0585_20191119,2019-03-19
DOC_JUDG_CJ_2018_0585_20191119,2019-06-27
DOC_JUDG_CJ_2018_0589_P_20191219,2019-07-11
DOC_JUDG_CJ_2018_0590_P_20191219,2019-07-11
DOC_JUDG_CJ_2018_0591_P_20191128,2019-07-11
DOC_JUDG_CJ_2018_0592_20191219,2019-10-17
DOC_JUDG_CJ_2018_0593_P_20191128,2019-07-11
DOC_JUDG_CJ_2018_0594_P_20200922,2020-01-28
DOC_JUDG_CJ_2018_0594_P_20200922,2020-05-07
DOC_JUDG_CJ_2018_0597_P_20201216,2020-05-28
DOC_JUDG_CJ_2018_0597_P_20201216,2020-02-25
DOC_JUDG_CJ_2018_0601_P_20200924,2019-10-23
DOC_JUDG_CJ_2018_0605_20210909,2021-03-18
DOC_JUDG_CJ_2018_0606_P_20200716,2020-03-12
DOC_JUDG_CJ_2018_0606_P_20200716,2019-10-16
DOC_JUDG_CJ_2018_0607_P_20200514,2019-09-26
DOC_JUDG_CJ_2018_0610_20200716,2019-11-26
DOC_JUDG_CJ_2018_0610_20200716,2019-09-17
DOC_JUDG_CJ_2018_0615_20200514,2020-01-16
DOC_JUDG_CJ_2018_0615_20200514,2019-10-16
DOC_JUDG_CJ_2018_0619_20190624,2019-04-11
DOC_JUDG_CJ_2018_0619_20190624,2019-02-12
DOC_JUDG_CJ_2018_0620_20201208,2020-03-03
DOC_JUDG_CJ_2018_0620_20201208,2020-05-28
DOC_JUDG_CJ_2018_0621_20181210,2018-11-27
DOC_JUDG_CJ_2018_0621_20181210,2018-12-04
DOC_JUDG_CJ_2018_0622_20200326,2019-09-18
DOC_JUDG_CJ_2018_0622_20200326,2019-06-12
DOC_JUDG_CJ_2018_0626_20201208,2020-03-03
DOC_JUDG_CJ_2018_0626_20201208,2020-05-28
DOC_JUDG_CJ_2018_0627_20200430,2019-12-12
DOC_JUDG_CJ_2018_0627_20200430,2019-09-12
DOC_JUDG_CJ_2018_0628_20210113,2020-09-09
DOC_JUDG_CJ_2018_0632_20191003,2019-05-13
DOC_JUDG_CJ_2018_0634_20200611,2020-01-22
DOC_JUDG_CJ_2018_0634_20200611,2019-10-02
DOC_JUDG_CJ_2018_0639_20200618,2019-09-04
DOC_JUDG_CJ_2018_0639_20200618,2020-03-12
DOC_JUDG_CJ_2018_0640_20200423,2019-11-27
DOC_JUDG_CJ_2018_0640_20200423,2019-09-18
DOC_JUDG_CJ_2018_0641_20200507,2020-01-14
DOC_JUDG_CJ_2018_0641_20200507,2019-09-18
DOC_JUDG_CJ_2018_0642_20191205,2019-09-05
DOC_JUDG_CJ_2018_0648_20200917,2020-01-23
DOC_JUDG_CJ_2018_0648_20200917,2020-04-02
DOC_JUDG_CJ_2018_0649_20201001,2019-10-03
DOC_JUDG_CJ_2018_0649_20201001,2020-02-27
DOC_JUDG_CJ_2018_0650_20210603,2020-12-03
DOC_JUDG_CJ_2018_0650_20210603,2020-06-29
DOC_JUDG_CJ_2018_0654_20200528,2020-01-30
DOC_JUDG_CJ_2018_0654_20200528,2019-09-18
DOC_JUDG_CJ_2018_0655_20200304,2019-11-14
DOC_JUDG_CJ_2018_0658_20200716,2019-11-28
DOC_JUDG_CJ_2018_0658_20200716,2020-01-23
DOC_JUDG_CJ_2018_0659_20200312,2019-11-07
DOC_JUDG_CJ_2018_0663_20201119,2020-05-14
DOC_JUDG_CJ_2018_0666_20191218,2019-09-12
DOC_JUDG_CJ_2018_0667_20200514,2019-10-02
DOC_JUDG_CJ_2018_0667_20200514,2019-12-11
DOC_JUDG_CJ_2018_0670_20200402,2019-11-14
DOC_JUDG_CJ_2018_0673_20200709,2019-11-05
DOC_JUDG_CJ_2018_0673_20200709,2020-01-23
DOC_JUDG_CJ_2018_0674_20200909,2020-03-05
DOC_JUDG_CJ_2018_0674_20200909,2019-12-12
DOC_JUDG_CJ_2018_0678_20191121,2019-09-18
DOC_JUDG_CJ_2018_0679_20200305,2019-09-04
DOC_JUDG_CJ_2018_0679_20200305,2019-11-14
DOC_JUDG_CJ_2018_0681_20201014,2020-04-23
DOC_JUDG_CJ_2018_0682_20210622,2020-07-16
DOC_JUDG_CJ_2018_0686_20200716,2020-02-11
DOC_JUDG_CJ_2018_0693_20201217,2019-11-07
DOC_JUDG_CJ_2018_0693_20201217,2020-04-30
DOC_JUDG_CJ_2018_0698_20200709,2019-12-12
DOC_JUDG_CJ_2018_0698_20200709,2020-03-05
DOC_JUDG_CJ_2018_0702_P_20200618,2019-11-28
DOC_JUDG_CJ_2018_0714_P_20200716,2019-12-19
DOC_JUDG_CJ_2018_0716_20200709,2020-02-06
DOC_JUDG_CJ_2018_0717_20200303,2019-11-26
DOC_JUDG_CJ_2018_0717_20200303,2019-09-16
DOC_JUDG_CJ_2018_0718_20210902,2020-10-15
DOC_JUDG_CJ_2018_0718_20210902,2021-01-14
DOC_JUDG_CJ_2018_0719_20200903,2019-10-09
DOC_JUDG_CJ_2018_0719_20200903,2019-12-18
DOC_JUDG_CJ_2018_0724_20200922,2019-11-19
DOC_JUDG_CJ_2018_0724_20200922,2020-04-02
DOC_JUDG_CJ_2018_0730_P_20200625,2019-11-06
DOC_JUDG_CJ_2018_0730_P_20200625,2020-03-05
DOC_JUDG_CJ_2018_0742_P_20200903,2020-03-12
DOC_JUDG_CJ_2018_0742_P_20200903,2020-01-29
DOC_JUDG_CJ_2018_0743_20201001,2020-04-23
DOC_JUDG_CJ_2018_0743_20201001,2019-12-11
DOC_JUDG_CJ_2018_0746_20210302,2019-10-15
DOC_JUDG_CJ_2018_0746_20210302,2020-01-21
DOC_JUDG_CJ_2018_0752_20191219,2019-11-14
DOC_JUDG_CJ_2018_0752_20191219,2019-09-03
DOC_JUDG_CJ_2018_0753_20200402,2019-11-06
DOC_JUDG_CJ_2018_0753_20200402,2020-01-15
DOC_JUDG_CJ_2018_0754_20200618,2020-02-27
DOC_JUDG_CJ_2018_0761_P_20210121,2020-07-16
DOC_JUDG_CJ_2018_0762_20200625,2020-01-29
DOC_JUDG_CJ_2018_0762_20200625,2019-12-11
DOC_JUDG_CJ_2018_0764_20210127,2020-07-16
DOC_JUDG_CJ_2018_0764_20210127,2019-12-18
DOC_JUDG_CJ_2018_0766_P_20200305,2019-10-17
DOC_JUDG_CJ_2018_0766_P_20200305,2019-09-12
DOC_JUDG_CJ_2018_0769_20200312,2019-10-24
DOC_JUDG_CJ_2018_0778_20201015,2019-12-18
DOC_JUDG_CJ_2018_0778_20201015,2020-02-27
DOC_JUDG_CJ_2018_0779_20200326,2019-11-13
DOC_JUDG_CJ_2018_0779_20200326,2019-12-19
DOC_JUDG_CJ_2018_0785_20200129,2019-09-26
DOC_JUDG_CJ_2018_0786_20200611,2020-01-30
DOC_JUDG_CJ_2018_0786_20200611,2019-11-21
DOC_JUDG_CJ_2018_0791_20200917,2020-03-03
DOC_JUDG_CJ_2018_0796_20200528,2020-01-29
DOC_JUDG_CJ_2018_0796_20200528,2019-11-06
DOC_JUDG_CJ_2018_0804_20210715,2021-02-25
DOC_JUDG_CJ_2018_0804_20210715,2020-11-24
DOC_JUDG_CJ_2018_0806_20200917,2020-04-23
DOC_JUDG_CJ_2018_0806_20200917,2020-02-06
DOC_JUDG_CJ_2018_0807_20200915,2020-03-04
DOC_JUDG_CJ_2018_0807_20200915,2019-12-17
DOC_JUDG_CJ_2018_0808_20201217,2020-02-10
DOC_JUDG_CJ_2018_0808_20201217,2020-06-25
DOC_JUDG_CJ_2018_0815_20201201,2020-04-30
DOC_JUDG_CJ_2018_0815_20201201,2020-01-14
DOC_JUDG_CJ_2018_0817_P_20200903,2020-04-02
DOC_JUDG_CJ_2018_0824_20210302,2020-12-17
DOC_JUDG_CJ_2018_0824_20210302,2020-07-06
DOC_JUDG_CJ_2018_0826_20210114,2020-01-30
DOC_JUDG_CJ_2018_0826_20210114,2020-07-02
DOC_JUDG_CJ_2018_0831_P_20200618,2019-12-19
DOC_JUDG_CJ_2018_0831_P_20200618,2019-09-05
DOC_JUDG_CJ_2018_0833_20200611,2020-02-06
DOC_JUDG_CJ_2018_0833_20200611,2019-11-14
DOC_JUDG_CJ_2018_0835_20200702,2020-02-05
DOC_JUDG_CJ_2018_0835_20200702,2020-03-26
DOC_JUDG_CJ_2018_0836_20200227,2019-11-21
DOC_JUDG_CJ_2019_0002_20200326,2020-02-06
DOC_JUDG_CJ_2019_0002_20200326,2019-11-14
DOC_JUDG_CJ_2019_0003_20200604,2020-04-02
DOC_JUDG_CJ_2019_0003_20200604,2020-01-29
DOC_JUDG_CJ_2019_0012_P_20200917,2020-04-02
DOC_JUDG_CJ_2019_0014_P_20200625,2019-12-04
DOC_JUDG_CJ_2019_0014_P_20200625,2020-03-19
DOC_JUDG_CJ_2019_0015_20200514,2020-01-16
DOC_JUDG_CJ_2019_0015_20200514,2019-11-27
DOC_JUDG_CJ_2019_0016_20210126,2020-06-18
DOC_JUDG_CJ_2019_0016_20210126,2020-03-10
DOC_JUDG_CJ_2019_0017_20200514,2020-01-23
DOC_JUDG_CJ_2019_0018_20200702,2020-02-27
DOC_JUDG_CJ_2019_0019_20200611,2020-01-14
DOC_JUDG_CJ_2019_0021_20200903,2019-12-04
DOC_JUDG_CJ_2019_0021_20200903,2020-03-19
DOC_JUDG_CJ_2019_0024_20200625,2020-03-03
DOC_JUDG_CJ_2019_0024_20200625,2019-12-09
DOC_JUDG_CJ_2019_0030_20210415,2020-05-14
DOC_JUDG_CJ_2019_0030_20210415,2020-02-11
DOC_JUDG_CJ_2019_0033_20200528,2020-01-29
DOC_JUDG_CJ_2019_0041_20200604,2019-11-27
DOC_JUDG_CJ_2019_0041_20200604,2020-02-27
DOC_JUDG_CJ_2019_0042_20201112,2020-05-14
DOC_JUDG_CJ_2019_0042_20201112,2020-02-12
DOC_JUDG_CJ_2019_0043_20200611,2020-01-30
DOC_JUDG_CJ_2019_0044_20201203,2020-03-04
DOC_JUDG_CJ_2019_0044_20201203,2020-04-23
DOC_JUDG_CJ_2019_0049_20201125,2020-05-28
DOC_JUDG_CJ_2019_0049_20201125,2020-03-11
DOC_JUDG_CJ_2019_0050_P_20211006,2020-09-07
DOC_JUDG_CJ_2019_0050_P_20211006,2021-01-21
DOC_JUDG_CJ_2019_0051_P_20211006,2021-01-21
DOC_JUDG_CJ_2019_0051_P_20211006,2020-09-07
DOC_JUDG_CJ_2019_0052_P_20211006,2021-01-21
DOC_JUDG_CJ_2019_0052_P_20211006,2020-09-07
DOC_JUDG_CJ_2019_0053_P_20211006,2020-09-07
DOC_JUDG_CJ_2019_0053_P_20211006,2021-01-21
DOC_JUDG_CJ_2019_0054_P_20211006,2020-09-07
DOC_JUDG_CJ_2019_0054_P_20211006,2021-01-21
DOC_JUDG_CJ_2019_0055_P_20211006,2021-01-21
DOC_JUDG_CJ_2019_0055_P_20211006,2020-09-07
DOC_JUDG_CJ_2019_0056_P_20210210,2020-07-09
DOC_JUDG_CJ_2019_0059_20201124,2020-01-27
DOC_JUDG_CJ_2019_0059_20201124,2020-09-10
DOC_JUDG_CJ_2019_0061_20201111,2020-03-04
DOC_JUDG_CJ_2019_0062_20201203,2020-09-10
DOC_JUDG_CJ_2019_0063_20210114,2020-07-16
DOC_JUDG_CJ_2019_0073_20200716,2020-04-23
DOC_JUDG_CJ_2019_0073_20200716,2020-01-29
DOC_JUDG_CJ_2019_0074_20200611,2020-02-27
DOC_JUDG_CJ_2019_0074_20200611,2019-12-05
DOC_JUDG_CJ_2019_0077_20201118,2020-04-23
DOC_JUDG_CJ_2019_0077_20201118,2020-01-23
DOC_JUDG_CJ_2019_0080_20200716,2020-01-16
DOC_JUDG_CJ_2019_0080_20200716,2020-03-26
DOC_JUDG_CJ_2019_0081_20200709,2020-03-19
DOC_JUDG_CJ_2019_0081_20200709,2020-02-06
DOC_JUDG_CJ_2019_0083_20210518,2020-09-23
DOC_JUDG_CJ_2019_0083_20210518,2020-01-21
DOC_JUDG_CJ_2019_0083_20210518,2020-01-20
DOC_JUDG_CJ_2019_0084_20200903,2020-04-02
DOC_JUDG_CJ_2019_0086_20200709,2020-03-11
DOC_JUDG_CJ_2019_0086_20200709,2020-01-15
DOC_JUDG_CJ_2019_0088_20200611,2020-02-13
DOC_JUDG_CJ_2019_0093_P_20201119,2020-04-23
DOC_JUDG_CJ_2019_0095_20210224,2020-10-08
DOC_JUDG_CJ_2019_0097_20200716,2020-02-25
DOC_JUDG_CJ_2019_0097_20200716,2019-12-19
DOC_JUDG_CJ_2019_0104_20200709,2020-03-04
DOC_JUDG_CJ_2019_0104_20200709,2019-12-11
DOC_JUDG_CJ_2019_0106_20220714,2021-06-08
DOC_JUDG_CJ_2019_0106_20220714,2021-10-06
DOC_JUDG_CJ_2019_0107_20210909,2020-02-13
DOC_JUDG_CJ_2019_0120_20210520,2021-01-28
DOC_JUDG_CJ_2019_0128_20210520,2020-12-17
DOC_JUDG_CJ_2019_0129_20200716,2020-05-14
DOC_JUDG_CJ_2019_0129_20200716,2020-03-02
DOC_JUDG_CJ_2019_0130_20210930,2020-09-29
DOC_JUDG_CJ_2019_0130_20210930,2020-12-17
DOC_JUDG_CJ_2019_0132_P_20201209,2020-05-07
DOC_JUDG_CJ_2019_0132_P_20201209,2020-02-06
DOC_JUDG_CJ_2019_0133_20200716,2020-03-19
DOC_JUDG_CJ_2019_0133_20200716,2020-01-30
DOC_JUDG_CJ_2019_0134_P_20201006,2020-05-28
DOC_JUDG_CJ_2019_0134_P_20201006,2020-03-09
DOC_JUDG_CJ_2019_0144_P_20240627,2021-10-21
DOC_JUDG_CJ_2019_0144_P_20240627,2021-10-20
DOC_JUDG_CJ_2019_0146_20200611,2020-02-26
DOC_JUDG_CJ_2019_0151_P_20240627,2021-10-20
DOC_JUDG_CJ_2019_0151_P_20240627,2021-10-21
DOC_JUDG_CJ_2019_0152_P_20210325,2020-09-09
DOC_JUDG_CJ_2019_0152_P_20210325,2020-06-17
DOC_JUDG_CJ_2019_0155_20210203,2020-10-01
DOC_JUDG_CJ_2019_0155_20210203,2020-07-01
DOC_JUDG_CJ_2019_0160_P_20201210,2020-06-04
DOC_JUDG_CJ_2019_0160_P_20201210,2020-07-16
DOC_JUDG_CJ_2019_0164_P_20240627,2021-10-21
DOC_JUDG_CJ_2019_0164_P_20240627,2021-10-20
DOC_JUDG_CJ_2019_0165_P_20210325,2020-09-09
DOC_JUDG_CJ_2019_0165_P_20210325,2020-06-17
DOC_JUDG_CJ_2019_0166_P_20240627,2021-10-20
DOC_JUDG_CJ_2019_0166_P_20240627,2021-10-21
DOC_JUDG_CJ_2019_0167_P_20220310,2021-07-15
DOC_JUDG_CJ_2019_0177_P_20220113,2021-06-10
DOC_JUDG_CJ_2019_0181_20201006,2020-05-14
DOC_JUDG_CJ_2019_0181_20201006,2020-02-26
DOC_JUDG_CJ_2019_0186_20200903,2020-04-02
DOC_JUDG_CJ_2019_0186_20200903,2019-12-12
DOC_JUDG_CJ_2019_0193_20210304,2020-07-16
DOC_JUDG_CJ_2019_0194_20210415,2020-11-09
DOC_JUDG_CJ_2019_0194_20210415,2021-02-02
DOC_JUDG_CJ_2019_0197_P_20240627,2021-10-21
DOC_JUDG_CJ_2019_0197_P_20240627,2021-10-20
DOC_JUDG_CJ_2019_0198_P_20240627,2021-10-20
DOC_JUDG_CJ_2019_0198_P_20240627,2021-10-21
DOC_JUDG_CJ_2019_0201_P_20240627,2021-10-21
DOC_JUDG_CJ_2019_0201_P_20240627,2021-10-20
DOC_JUDG_CJ_2019_0201_P_20240627,2022-07-14
DOC_JUDG_CJ_2019_0207_P_20240627,2021-10-20
DOC_JUDG_CJ_2019_0207_P_20240627,2021-10-21
DOC_JUDG_CJ_2019_0211_20200430,2020-01-29
DOC_JUDG_CJ_2019_0212_20200917,2020-03-05
DOC_JUDG_CJ_2019_0212_20200917,2019-11-20
DOC_JUDG_CJ_2019_0213_20220308,2020-12-08
DOC_JUDG_CJ_2019_0213_20220308,2021-09-09
DOC_JUDG_CJ_2019_0216_20201217,2020-06-25
DOC_JUDG_CJ_2019_0218_20201217,2020-09-16
DOC_JUDG_CJ_2019_0218_20201217,2020-06-17
DOC_JUDG_CJ_2019_0221_20210415,2020-10-08
DOC_JUDG_CJ_2019_0223_20200924,2020-01-22
DOC_JUDG_CJ_2019_0223_20200924,2020-05-07
DOC_JUDG_CJ_2019_0225_20201124,2020-09-09
DOC_JUDG_CJ_2019_0229_20210127,2020-09-03
DOC_JUDG_CJ_2019_0231_20200702,2019-12-18
DOC_JUDG_CJ_2019_0233_20200930,2020-05-28
DOC_JUDG_CJ_2019_0233_20200930,2020-01-22
DOC_JUDG_CJ_2019_0235_20201008,2020-05-14
DOC_JUDG_CJ_2019_0238_20201119,2020-05-28
DOC_JUDG_CJ_2019_0238_20201119,2020-03-05
DOC_JUDG_CJ_2019_0243_20201029,2020-04-30
DOC_JUDG_CJ_2019_0243_20201029,2020-02-13
DOC_JUDG_CJ_2019_0245_20201006,2020-05-26
DOC_JUDG_CJ_2019_0245_20201006,2020-07-02
DOC_JUDG_CJ_2019_0249_20200716,2020-03-26
DOC_JUDG_CJ_2019_0253_20200716,2020-04-30
DOC_JUDG_CJ_2019_0254_20200909,2020-04-30
DOC_JUDG_CJ_2019_0263_20200514,2020-02-05
DOC_JUDG_CJ_2019_0264_20200709,2020-04-02
DOC_JUDG_CJ_2019_0264_20200709,2020-02-12
DOC_JUDG_CJ_2019_0265_20200908,2020-07-02
DOC_JUDG_CJ_2019_0265_20200908,2020-02-04
DOC_JUDG_CJ_2019_0275_20201022,2020-06-18
DOC_JUDG_CJ_2019_0279_20210610,2021-01-21
DOC_JUDG_CJ_2019_0282_20220113,2021-03-18
DOC_JUDG_CJ_2019_0287_20201111,2020-04-30
DOC_JUDG_CJ_2019_0287_20201111,2020-02-13
DOC_JUDG_CJ_2019_0288_20210120,2020-09-17
DOC_JUDG_CJ_2019_0300_20201111,2020-06-11
DOC_JUDG_CJ_2019_0302_20201125,2020-06-11
DOC_JUDG_CJ_2019_0302_20201125,2020-02-27
DOC_JUDG_CJ_2019_0303_20201125,2020-02-27
DOC_JUDG_CJ_2019_0303_20201125,2020-06-11
DOC_JUDG_CJ_2019_0307_20210325,2020-11-26
DOC_JUDG_CJ_2019_0308_20210121,2020-09-03
DOC_JUDG_CJ_2019_0311_20201203,2020-03-12
DOC_JUDG_CJ_2019_0311_20201203,2020-09-03
DOC_JUDG_CJ_2019_0312_20200916,2020-04-23
DOC_JUDG_CJ_2019_0316_20201217,2020-06-22
DOC_JUDG_CJ_2019_0316_20201217,2020-09-03
DOC_JUDG_CJ_2019_0320_20201203,2020-03-12
DOC_JUDG_CJ_2019_0320_20201203,2020-06-18
DOC_JUDG_CJ_2019_0321_20201028,2020-03-04
DOC_JUDG_CJ_2019_0321_20201028,2020-06-18
DOC_JUDG_CJ_2019_0322_20210114,2020-09-03
DOC_JUDG_CJ_2019_0331_20201001,2020-02-27
DOC_JUDG_CJ_2019_0335_20201015,2020-06-04
DOC_JUDG_CJ_2019_0336_20201217,2020-09-10
DOC_JUDG_CJ_2019_0336_20201217,2020-07-08
DOC_JUDG_CJ_2019_0342_P_20201217,2020-07-09
DOC_JUDG_CJ_2019_0343_20200709,2020-04-02
DOC_JUDG_CJ_2019_0344_20210309,2020-10-06
DOC_JUDG_CJ_2019_0344_20210309,2020-06-22
DOC_JUDG_CJ_2019_0352_P_20201203,2020-07-16
DOC_JUDG_CJ_2019_0357_20211221,2021-03-04
DOC_JUDG_CJ_2019_0360_20201008,2020-03-05
DOC_JUDG_CJ_2019_0360_20201008,2020-06-04
DOC_JUDG_CJ_2019_0361_20210127,2020-11-25
DOC_JUDG_CJ_2019_0367_20200910,2020-05-28
DOC_JUDG_CJ_2019_0372_20201125,2020-07-16
DOC_JUDG_CJ_2019_0372_20201125,2020-05-27
DOC_JUDG_CJ_2019_0382_P_20201112,2007-09-20
DOC_JUDG_CJ_2019_0382_P_20201112,2007-07-05
DOC_JUDG_CJ_2019_0383_20210429,2020-12-08
DOC_JUDG_CJ_2019_0387_20210114,2020-09-17
DOC_JUDG_CJ_2019_0388_20210318,2020-10-01
DOC_JUDG_CJ_2019_0388_20210318,2020-11-19
DOC_JUDG_CJ_2019_0392_20210309,2020-05-25
DOC_JUDG_CJ_2019_0392_20210309,2020-09-10
DOC_JUDG_CJ_2019_0393_20210114,2020-06-25
DOC_JUDG_CJ_2019_0398_20201217,2020-06-16
DOC_JUDG_CJ_2019_0398_20201217,2020-09-24
DOC_JUDG_CJ_2019_0400_20210311,2020-11-12
DOC_JUDG_CJ_2019_0400_20210311,2020-09-03
DOC_JUDG_CJ_2019_0401_20220426,2020-11-10
DOC_JUDG_CJ_2019_0401_20220426,2021-07-15
DOC_JUDG_CJ_2019_0402_20200930,2020-03-04
DOC_JUDG_CJ_2019_0404_P_20201217,2020-02-27
DOC_JUDG_CJ_2019_0404_P_20201217,2020-09-03
DOC_JUDG_CJ_2019_0407_20210211,2020-09-10
DOC_JUDG_CJ_2019_0410_20210916,2020-12-17
DOC_JUDG_CJ_2019_0420_20210120,2020-09-17
DOC_JUDG_CJ_2019_0422_20210126,2020-06-15
DOC_JUDG_CJ_2019_0422_20210126,2020-09-29
DOC_JUDG_CJ_2019_0427_20201112,2020-07-16
DOC_JUDG_CJ_2019_0428_20210708,2021-05-06
DOC_JUDG_CJ_2019_0433_20201111,2020-06-18
DOC_JUDG_CJ_2019_0434_20210303,2020-09-24
DOC_JUDG_CJ_2019_0437_20211125,2021-06-03
DOC_JUDG_CJ_2019_0439_20210622,2020-12-17
DOC_JUDG_CJ_2019_0440_P_20210318,2020-10-08
DOC_JUDG_CJ_2019_0441_20210114,2020-07-02
DOC_JUDG_CJ_2019_0445_20201124,2020-09-03
DOC_JUDG_CJ_2019_0449_20201217,2020-09-10
DOC_JUDG_CJ_2019_0450_20210114,2020-09-10
DOC_JUDG_CJ_2019_0451_20220505,2022-01-13
DOC_JUDG_CJ_2019_0454_20201119,2020-06-04
DOC_JUDG_CJ_2019_0458_P_20211006,2021-02-25
DOC_JUDG_CJ_2019_0459_20210317,2020-06-25
DOC_JUDG_CJ_2019_0463_20201118,2020-07-09
DOC_JUDG_CJ_2019_0470_20210415,2020-09-16
DOC_JUDG_CJ_2019_0470_20210415,2020-12-03
DOC_JUDG_CJ_2019_0473_20210304,2020-09-10
DOC_JUDG_CJ_2019_0478_20211216,2021-02-25
DOC_JUDG_CJ_2019_0480_20210429,2020-11-19
DOC_JUDG_CJ_2019_0481_20210202,2020-07-13
DOC_JUDG_CJ_2019_0481_20210202,2020-10-27
DOC_JUDG_CJ_2019_0484_20210120,2020-07-09
DOC_JUDG_CJ_2019_0485_20210422,2020-09-03
DOC_JUDG_CJ_2019_0487_20211006,2021-04-15
DOC_JUDG_CJ_2019_0487_20211006,2020-09-22
DOC_JUDG_CJ_2019_0488_20210317,2020-09-17
DOC_JUDG_CJ_2019_0489_PPU_20191009,2019-09-17
DOC_JUDG_CJ_2019_0489_PPU_20191009,2019-09-03
DOC_JUDG_CJ_2019_0490_20201217,2020-06-18
DOC_JUDG_CJ_2019_0490_20201217,2020-09-17
DOC_JUDG_CJ_2019_0501_20210121,2020-10-01
DOC_JUDG_CJ_2019_0502_20191219,2019-10-14
DOC_JUDG_CJ_2019_0502_20191219,2019-11-12
DOC_JUDG_CJ_2019_0504_20210429,2020-11-19
DOC_JUDG_CJ_2019_0504_20210429,2020-09-30
DOC_JUDG_CJ_2019_0505_20210512,2020-11-19
DOC_JUDG_CJ_2019_0505_20210512,2020-07-14
DOC_JUDG_CJ_2019_0507_20210113,2020-06-10
DOC_JUDG_CJ_2019_0507_20210113,2020-10-01
DOC_JUDG_CJ_2019_0508_20220322,2020-09-22
DOC_JUDG_CJ_2019_0508_20220322,2021-04-15
DOC_JUDG_CJ_2019_0510_20201124,2020-06-25
DOC_JUDG_CJ_2019_0511_20210415,2020-11-19
DOC_JUDG_CJ_2019_0514_20201008,2020-06-04
DOC_JUDG_CJ_2019_0515_20210415,2020-11-12
DOC_JUDG_CJ_2019_0516_20200924,2020-06-10
DOC_JUDG_CJ_2019_0517_P_20210325,2020-10-21
DOC_JUDG_CJ_2019_0517_P_20210325,2020-07-01
DOC_JUDG_CJ_2019_0521_20210701,2021-03-04
DOC_JUDG_CJ_2019_0526_20201001,2020-07-09
DOC_JUDG_CJ_2019_0535_20210715,2021-02-11
DOC_JUDG_CJ_2019_0535_20210715,2020-09-28
DOC_JUDG_CJ_2019_0537_20210422,2020-10-22
DOC_JUDG_CJ_2019_0540_20200917,2020-06-18
DOC_JUDG_CJ_2019_0543_20201015,2020-07-09
DOC_JUDG_CJ_2019_0544_20211006,2020-11-18
DOC_JUDG_CJ_2019_0545_20220317,2021-05-06
DOC_JUDG_CJ_2019_0546_20210603,2021-02-10
DOC_JUDG_CJ_2019_0551_P_20210506,2020-10-22
DOC_JUDG_CJ_2019_0551_P_20210506,2021-01-14
DOC_JUDG_CJ_2019_0555_20210203,2020-10-15
DOC_JUDG_CJ_2019_0555_20210203,2020-07-02
DOC_JUDG_CJ_2019_0556_20201021,2020-05-28
DOC_JUDG_CJ_2019_0559_20210624,2020-09-17
DOC_JUDG_CJ_2019_0559_20210624,2020-12-03
DOC_JUDG_CJ_2019_0561_20211006,2021-04-15
DOC_JUDG_CJ_2019_0561_20211006,2020-07-15
DOC_JUDG_CJ_2019_0563_P_20210603,2020-09-03
DOC_JUDG_CJ_2019_0564_20211123,2021-04-15
DOC_JUDG_CJ_2019_0564_20211123,2021-01-18
DOC_JUDG_CJ_2019_0566_PPU_20191212,2019-11-26
DOC_JUDG_CJ_2019_0566_PPU_20191212,2019-10-24
DOC_JUDG_CJ_2019_0570_20210902,2021-03-04
DOC_JUDG_CJ_2019_0570_20210902,2020-09-09
DOC_JUDG_CJ_2019_0578_20210318,2020-11-10
DOC_JUDG_CJ_2019_0579_20210902,2021-02-11
DOC_JUDG_CJ_2019_0580_20210309,2020-10-06
DOC_JUDG_CJ_2019_0580_20210309,2020-06-22
DOC_JUDG_CJ_2019_0581_20210304,2020-10-22
DOC_JUDG_CJ_2019_0584_20201208,2020-07-16
DOC_JUDG_CJ_2019_0585_20210317,2020-11-11
DOC_JUDG_CJ_2019_0593_20210415,2020-10-22
DOC_JUDG_CJ_2019_0597_20210617,2020-09-10
DOC_JUDG_CJ_2019_0597_20210617,2020-12-17
DOC_JUDG_CJ_2019_0600_20220517,2021-07-15
DOC_JUDG_CJ_2019_0600_20220517,2021-04-26
DOC_JUDG_CJ_2019_0604_20210225,2020-09-03
DOC_JUDG_CJ_2019_0608_20201028,2020-06-25
DOC_JUDG_CJ_2019_0609_20210610,2020-10-28
DOC_JUDG_CJ_2019_0615_P_20210225,2020-09-22
DOC_JUDG_CJ_2019_0616_20201210,2020-09-03
DOC_JUDG_CJ_2019_0617_20210429,2020-12-10
DOC_JUDG_CJ_2019_0617_20210429,2020-09-17
DOC_JUDG_CJ_2019_0619_20210120,2020-07-16
DOC_JUDG_CJ_2019_0620_20201210,2020-09-03
DOC_JUDG_CJ_2019_0625_PPU_20191212,2019-10-24
DOC_JUDG_CJ_2019_0625_PPU_20191212,2019-11-26
DOC_JUDG_CJ_2019_0627_PPU_20191212,2019-10-24
DOC_JUDG_CJ_2019_0627_PPU_20191212,2019-11-26
DOC_JUDG_CJ_2019_0636_20211028,2021-04-22
DOC_JUDG_CJ_2019_0637_20201028,2020-09-03
DOC_JUDG_CJ_2019_0645_20210615,2020-10-05
DOC_JUDG_CJ_2019_0645_20210615,2021-01-13
DOC_JUDG_CJ_2019_0647_P_20210902,2021-04-29
DOC_JUDG_CJ_2019_0649_20210128,2020-09-30
DOC_JUDG_CJ_2019_0650_P_20211028,2021-02-10
DOC_JUDG_CJ_2019_0650_P_20211028,2021-04-15
DOC_JUDG_CJ_2019_0653_PPU_20191128,2019-11-07
DOC_JUDG_CJ_2019_0653_PPU_20191128,2019-11-19
DOC_JUDG_CJ_2019_0656_20201217,2020-07-16
DOC_JUDG_CJ_2019_0662_P_20211014,2021-04-15
DOC_JUDG_CJ_2019_0665_P_20210902,2021-04-29
DOC_JUDG_CJ_2019_0666_P_20220428,2021-10-06
DOC_JUDG_CJ_2019_0667_20201217,2020-07-09
DOC_JUDG_CJ_2019_0673_20210224,2020-10-20
DOC_JUDG_CJ_2019_0673_20210224,2020-07-09
DOC_JUDG_CJ_2019_0683_20211014,2021-04-15
DOC_JUDG_CJ_2019_0693_20220517,2021-07-15
DOC_JUDG_CJ_2019_0693_20220517,2021-04-27
DOC_JUDG_CJ_2019_0697_P_20220616,2021-06-03
DOC_JUDG_CJ_2019_0698_P_20220616,2021-06-03
DOC_JUDG_CJ_2019_0699_P_20220616,2021-06-03
DOC_JUDG_CJ_2019_0700_P_20220616,2021-06-03
DOC_JUDG_CJ_2019_0703_20210422,2020-11-12
DOC_JUDG_CJ_2019_0709_20210512,2020-12-17
DOC_JUDG_CJ_2019_0710_20201217,2020-09-17
DOC_JUDG_CJ_2019_0718_20210622,2021-02-10
DOC_JUDG_CJ_2019_0718_20210622,2020-11-16
DOC_JUDG_CJ_2019_0719_20210622,2021-02-10
DOC_JUDG_CJ_2019_0719_20210622,2020-11-16
DOC_JUDG_CJ_2019_0721_20210902,2021-01-21
DOC_JUDG_CJ_2019_0724_20211216,2021-05-20
DOC_JUDG_CJ_2019_0725_20220517,2021-04-27
DOC_JUDG_CJ_2019_0725_20220517,2021-07-15
DOC_JUDG_CJ_2019_0729_20210415,2020-10-14
DOC_JUDG_CJ_2019_0729_20210415,2020-11-12
DOC_JUDG_CJ_2019_0735_20201210,2020-09-10
DOC_JUDG_CJ_2019_0735_20201210,2020-07-09
DOC_JUDG_CJ_2019_0739_20210310,2020-09-23
DOC_JUDG_CJ_2019_0739_20210310,2020-12-03
DOC_JUDG_CJ_2019_0741_20210902,2021-03-03
DOC_JUDG_CJ_2019_0741_20210902,2020-11-17
DOC_JUDG_CJ_2019_0742_20210715,2020-09-21
DOC_JUDG_CJ_2019_0742_20210715,2021-01-28
DOC_JUDG_CJ_2019_0743_20220714,2021-10-06
DOC_JUDG_CJ_2019_0743_20220714,2021-06-08
DOC_JUDG_CJ_2019_0748_20211116,2021-05-20
DOC_JUDG_CJ_2019_0758_20210715,2021-02-02
DOC_JUDG_CJ_2019_0762_20210603,2021-01-14
DOC_JUDG_CJ_2019_0762_20210603,2020-10-22
DOC_JUDG_CJ_2019_0768_20210909,2021-03-25
DOC_JUDG_CJ_2019_0776_20210610,2020-10-28
DOC_JUDG_CJ_2019_0783_20210909,2021-04-29
DOC_JUDG_CJ_2019_0784_20210603,2020-12-10
DOC_JUDG_CJ_2019_0784_20210603,2020-10-13
DOC_JUDG_CJ_2019_0786_20210415,2021-01-27
DOC_JUDG_CJ_2019_0788_20220127,2021-07-15
DOC_JUDG_CJ_2019_0790_20210902,2021-01-14
DOC_JUDG_CJ_2019_0791_20210715,2021-05-06
DOC_JUDG_CJ_2019_0791_20210715,2020-12-01
DOC_JUDG_CJ_2019_0795_20210715,2020-11-25
DOC_JUDG_CJ_2019_0800_20210617,2021-02-23
DOC_JUDG_CJ_2019_0801_20201217,2020-09-17
DOC_JUDG_CJ_2019_0804_20210225,2020-10-29
DOC_JUDG_CJ_2019_0815_20210429,2020-12-09
DOC_JUDG_CJ_2019_0817_20220621,2021-07-13
DOC_JUDG_CJ_2019_0817_20220621,2022-01-27
DOC_JUDG_CJ_2019_0819_20211111,2021-01-21
DOC_JUDG_CJ_2019_0819_20211111,2021-05-06
DOC_JUDG_CJ_2019_0821_20211116,2020-11-23
DOC_JUDG_CJ_2019_0821_20211116,2021-02-25
DOC_JUDG_CJ_2019_0825_20211021,2021-06-03
DOC_JUDG_CJ_2019_0826_20210422,2020-12-03
DOC_JUDG_CJ_2019_0830_20210708,2020-11-25
DOC_JUDG_CJ_2019_0830_20210708,2021-02-04
DOC_JUDG_CJ_2019_0833_P_20211123,2021-06-03
DOC_JUDG_CJ_2019_0836_20210902,2021-05-20
DOC_JUDG_CJ_2019_0844_20210512,2021-01-21
DOC_JUDG_CJ_2019_0845_20211021,2021-03-24
DOC_JUDG_CJ_2019_0845_20211021,2021-01-13
DOC_JUDG_CJ_2019_0846_20210415,2021-01-14
DOC_JUDG_CJ_2019_0848_P_20210715,2021-03-18
DOC_JUDG_CJ_2019_0848_P_20210715,2021-01-13
DOC_JUDG_CJ_2019_0851_P_20210715,2020-11-26
DOC_JUDG_CJ_2019_0852_20211111,2021-04-29
DOC_JUDG_CJ_2019_0855_20210909,2021-03-18
DOC_JUDG_CJ_2019_0862_P_20210617,2020-10-29
DOC_JUDG_CJ_2019_0866_20211021,2021-04-15
DOC_JUDG_CJ_2019_0872_P_20210622,2022-01-19
DOC_JUDG_CJ_2019_0872_P_20210622,2022-03-31
DOC_JUDG_CJ_2019_0873_20221108,2022-03-03
DOC_JUDG_CJ_2019_0874_P_20211221,2021-07-08
DOC_JUDG_CJ_2019_0874_P_20211221,2021-04-15
DOC_JUDG_CJ_2019_0881_20220113,2021-10-06
DOC_JUDG_CJ_2019_0882_20211006,2021-04-15
DOC_JUDG_CJ_2019_0883_P_20230112,2022-05-12
DOC_JUDG_CJ_2019_0883_P_20230112,2022-01-26
DOC_JUDG_CJ_2019_0885_P_20221108,2021-12-16
DOC_JUDG_CJ_2019_0885_P_20221108,2021-05-10
DOC_JUDG_CJ_2019_0894_P_20211021,2021-06-17
DOC_JUDG_CJ_2019_0896_20210420,2020-10-27
DOC_JUDG_CJ_2019_0896_20210420,2020-12-17
DOC_JUDG_CJ_2019_0897_PPU_20200402,2020-02-27
DOC_JUDG_CJ_2019_0897_PPU_20200402,2020-01-31
DOC_JUDG_CJ_2019_0900_20210317,2020-11-19
DOC_JUDG_CJ_2019_0901_20210610,2021-02-11
DOC_JUDG_CJ_2019_0901_20210610,2020-11-19
DOC_JUDG_CJ_2019_0906_20210909,2021-03-04
DOC_JUDG_CJ_2019_0910_20210603,2021-02-11
DOC_JUDG_CJ_2019_0911_20210715,2021-04-15
DOC_JUDG_CJ_2019_0911_20210715,2020-10-20
DOC_JUDG_CJ_2019_0913_20210520,2021-01-14
DOC_JUDG_CJ_2019_0921_20210610,2021-02-11
DOC_JUDG_CJ_2019_0923_20210610,2021-02-23
DOC_JUDG_CJ_2019_0924_PPU_20200514,2020-04-23
DOC_JUDG_CJ_2019_0924_PPU_20200514,2020-03-13
DOC_JUDG_CJ_2019_0927_20210907,2021-04-15
DOC_JUDG_CJ_2019_0928_P_20210902,2020-10-26
DOC_JUDG_CJ_2019_0928_P_20210902,2021-01-20
DOC_JUDG_CJ_2019_0930_20210902,2021-03-22
DOC_JUDG_CJ_2019_0930_20210902,2020-12-07
DOC_JUDG_CJ_2019_0934_P_20211221,2021-07-08
DOC_JUDG_CJ_2019_0938_20211111,2021-06-03
DOC_JUDG_CJ_2019_0940_20210225,2020-10-01
DOC_JUDG_CJ_2019_0948_20211111,2021-07-15
DOC_JUDG_CJ_2019_0950_20210324,2020-12-10
DOC_JUDG_CJ_2020_0003_20211130,2021-04-29
DOC_JUDG_CJ_2020_0003_20211130,2021-01-26
DOC_JUDG_CJ_2020_0004_20210520,2021-01-14
DOC_JUDG_CJ_2020_0006_20210520,2021-01-28
DOC_JUDG_CJ_2020_0008_20210520,2021-03-18
DOC_JUDG_CJ_2020_0008_20210520,2020-12-03
DOC_JUDG_CJ_2020_0009_20220210,2021-09-09
DOC_JUDG_CJ_2020_0012_20210624,2021-02-25
DOC_JUDG_CJ_2020_0013_20211006,2021-03-10
DOC_JUDG_CJ_2020_0018_20210909,2021-04-15
DOC_JUDG_CJ_2020_0021_20210916,2021-03-25
DOC_JUDG_CJ_2020_0022_20210902,2021-03-25
DOC_JUDG_CJ_2020_0024_20221122,2022-02-01
DOC_JUDG_CJ_2020_0024_20221122,2022-05-19
DOC_JUDG_CJ_2020_0025_20211125,2021-05-20
DOC_JUDG_CJ_2020_0028_20210323,2020-12-16
DOC_JUDG_CJ_2020_0028_20210323,2021-03-16
DOC_JUDG_CJ_2020_0029_20211014,2021-05-20
DOC_JUDG_CJ_2020_0030_20210715,2021-04-22
DOC_JUDG_CJ_2020_0033_20210909,2021-07-15
DOC_JUDG_CJ_2020_0035_20211006,2021-06-03
DOC_JUDG_CJ_2020_0036_PPU_20200625,2020-04-30
DOC_JUDG_CJ_2020_0037_20221122,2022-01-20
DOC_JUDG_CJ_2020_0037_20221122,2021-10-19
DOC_JUDG_CJ_2020_0039_20210603,2021-02-11
DOC_JUDG_CJ_2020_0045_20211014,2021-05-20
DOC_JUDG_CJ_2020_0051_20220120,2021-07-01
DOC_JUDG_CJ_2020_0055_20220113,2021-06-17
DOC_JUDG_CJ_2020_0058_20210617,2021-02-03
DOC_JUDG_CJ_2020_0060_20210715,2021-02-25
DOC_JUDG_CJ_2020_0064_20210317,2021-01-14
DOC_JUDG_CJ_2020_0065_20210610,2021-04-15
DOC_JUDG_CJ_2020_0066_20210902,2021-03-11
DOC_JUDG_CJ_2020_0071_20210708,2021-06-10
DOC_JUDG_CJ_2020_0079_P_20220428,2021-11-11
DOC_JUDG_CJ_2020_0080_20211021,2021-04-22
DOC_JUDG_CJ_2020_0086_20220428,2021-09-02
DOC_JUDG_CJ_2020_0090_20220120,2021-06-03
DOC_JUDG_CJ_2020_0091_20211109,2021-02-22
DOC_JUDG_CJ_2020_0091_20211109,2021-05-12
DOC_JUDG_CJ_2020_0094_20210610,2021-03-02
DOC_JUDG_CJ_2020_0100_20210909,2021-05-12
DOC_JUDG_CJ_2020_0102_20211125,2021-06-24
DOC_JUDG_CJ_2020_0109_20211026,2021-03-15
DOC_JUDG_CJ_2020_0109_20211026,2021-04-22
DOC_JUDG_CJ_2020_0110_20220113,2021-06-24
DOC_JUDG_CJ_2020_0116_20220407,2021-09-02
DOC_JUDG_CJ_2020_0117_20220322,2021-03-22
DOC_JUDG_CJ_2020_0117_20220322,2021-09-02
DOC_JUDG_CJ_2020_0118_20220118,2021-07-01
DOC_JUDG_CJ_2020_0118_20220118,2021-03-01
DOC_JUDG_CJ_2020_0119_20211006,2021-06-03
DOC_JUDG_CJ_2020_0123_20211028,2021-07-15
DOC_JUDG_CJ_2020_0124_20211221,2021-05-12
DOC_JUDG_CJ_2020_0124_20211221,2021-02-23
DOC_JUDG_CJ_2020_0125_20221222,2022-02-10
DOC_JUDG_CJ_2020_0128_20220714,2021-09-23
DOC_JUDG_CJ_2020_0132_20220329,2021-07-08
DOC_JUDG_CJ_2020_0132_20220329,2021-03-02
DOC_JUDG_CJ_2020_0134_20220714,2021-09-23
DOC_JUDG_CJ_2020_0136_20211006,2021-05-20
DOC_JUDG_CJ_2020_0139_20220331,2021-09-30
DOC_JUDG_CJ_2020_0140_20220405,2021-09-13
DOC_JUDG_CJ_2020_0140_20220405,2021-11-18
DOC_JUDG_CJ_2020_0141_20221201,2022-01-13
DOC_JUDG_CJ_2020_0143_20220224,2021-09-02
DOC_JUDG_CJ_2020_0144_20210909,2021-03-25
DOC_JUDG_CJ_2020_0145_20220714,2021-09-23
DOC_JUDG_CJ_2020_0146_20211221,2021-09-23
DOC_JUDG_CJ_2020_0146_20211221,2021-06-16
DOC_JUDG_CJ_2020_0147_20221117,2022-01-13
DOC_JUDG_CJ_2020_0151_20220322,2021-03-22
DOC_JUDG_CJ_2020_0151_20220322,2021-09-02
DOC_JUDG_CJ_2020_0152_20210715,2021-04-22
DOC_JUDG_CJ_2020_0156_20220113,2021-07-08
DOC_JUDG_CJ_2020_0159_20220714,2022-03-17
DOC_JUDG_CJ_2020_0160_20220222,2021-07-15
DOC_JUDG_CJ_2020_0161_20220405,2021-11-25
DOC_JUDG_CJ_2020_0161_20220405,2021-09-07
DOC_JUDG_CJ_2020_0162_P_20220303,2021-06-03
DOC_JUDG_CJ_2020_0165_20220120,2021-09-23
DOC_JUDG_CJ_2020_0165_20220120,2021-06-10
DOC_JUDG_CJ_2020_0175_20220224,2021-09-02
DOC_JUDG_CJ_2020_0176_20220407,2021-09-02
DOC_JUDG_CJ_2020_0177_20220310,2021-06-02
DOC_JUDG_CJ_2020_0177_20220310,2021-09-16
DOC_JUDG_CJ_2020_0178_20210708,2021-02-25
DOC_JUDG_CJ_2020_0178_20210708,2021-05-20
DOC_JUDG_CJ_2020_0179_20220127,2021-09-09
DOC_JUDG_CJ_2020_0179_20220127,2021-06-02
DOC_JUDG_CJ_2020_0180_20210902,2021-06-17
DOC_JUDG_CJ_2020_0181_20220125,2021-07-15
DOC_JUDG_CJ_2020_0184_20220801,2021-12-09
DOC_JUDG_CJ_2020_0186_20210930,2021-04-21
DOC_JUDG_CJ_2020_0203_20211216,2021-06-17
DOC_JUDG_CJ_2020_0203_20211216,2021-05-06
DOC_JUDG_CJ_2020_0204_20221117,2022-01-13
DOC_JUDG_CJ_2020_0205_20220308,2021-09-23
DOC_JUDG_CJ_2020_0211_P_20221110,2022-04-07
DOC_JUDG_CJ_2020_0217_20211209,2021-07-08
DOC_JUDG_CJ_2020_0221_20211028,2021-07-01
DOC_JUDG_CJ_2020_0224_20221117,2022-01-13
DOC_JUDG_CJ_2020_0226_P_20220224,2021-09-02
DOC_JUDG_CJ_2020_0228_20220407,2021-09-23
DOC_JUDG_CJ_2020_0232_20220317,2021-09-09
DOC_JUDG_CJ_2020_0233_20211125,2021-04-15
DOC_JUDG_CJ_2020_0234_20220127,2021-09-09
DOC_JUDG_CJ_2020_0234_20220127,2021-06-03
DOC_JUDG_CJ_2020_0237_20220428,2021-12-09
DOC_JUDG_CJ_2020_0237_20220428,2021-09-30
DOC_JUDG_CJ_2020_0238_20220127,2021-06-03
DOC_JUDG_CJ_2020_0238_20220127,2021-09-09
DOC_JUDG_CJ_2020_0242_20211209,2021-09-09
DOC_JUDG_CJ_2020_0245_20220324,2021-10-06
DOC_JUDG_CJ_2020_0245_20220324,2021-07-14
DOC_JUDG_CJ_2020_0247_20220310,2021-09-30
DOC_JUDG_CJ_2020_0251_20211221,2021-09-16
DOC_JUDG_CJ_2020_0253_20221117,2022-01-13
DOC_JUDG_CJ_2020_0257_20220224,2021-09-30
DOC_JUDG_CJ_2020_0257_20220224,2021-06-30
DOC_JUDG_CJ_2020_0261_20220118,2021-05-03
DOC_JUDG_CJ_2020_0261_20220118,2021-07-15
DOC_JUDG_CJ_2020_0262_20220224,2021-09-02
DOC_JUDG_CJ_2020_0263_20211221,2021-09-23
DOC_JUDG_CJ_2020_0267_20220622,2021-10-28
DOC_JUDG_CJ_2020_0269_20221201,2022-01-27
DOC_JUDG_CJ_2020_0271_20211125,2021-05-19
DOC_JUDG_CJ_2020_0271_20211125,2021-06-24
DOC_JUDG_CJ_2020_0275_20220301,2021-10-28
DOC_JUDG_CJ_2020_0277_20210909,2021-07-01
DOC_JUDG_CJ_2020_0278_20220628,2021-12-09
DOC_JUDG_CJ_2020_0278_20220628,2021-09-28
DOC_JUDG_CJ_2020_0279_20220801,2021-12-16
DOC_JUDG_CJ_2020_0283_20220224,2021-06-16
DOC_JUDG_CJ_2020_0283_20220224,2021-09-30
DOC_JUDG_CJ_2020_0289_20211125,2021-07-08
DOC_JUDG_CJ_2020_0290_20220224,2021-10-06
DOC_JUDG_CJ_2020_0296_20210930,2021-09-09
DOC_JUDG_CJ_2020_0299_20210930,2021-05-20
DOC_JUDG_CJ_2020_0300_20220222,2021-06-07
DOC_JUDG_CJ_2020_0300_20220222,2021-09-16
DOC_JUDG_CJ_2020_0301_20210701,2021-04-29
DOC_JUDG_CJ_2020_0302_20220315,2021-09-16
DOC_JUDG_CJ_2020_0302_20220315,2021-06-22
DOC_JUDG_CJ_2020_0315_20211111,2021-06-17
DOC_JUDG_CJ_2020_0319_20220428,2021-12-02
DOC_JUDG_CJ_2020_0319_20220428,2021-09-23
DOC_JUDG_CJ_2020_0324_20211028,2021-07-01
DOC_JUDG_CJ_2020_0326_20220113,2021-09-02
DOC_JUDG_CJ_2020_0328_20220616,2022-01-20
DOC_JUDG_CJ_2020_0331_P_20221117,2022-04-07
DOC_JUDG_CJ_2020_0332_20220801,2022-02-24
DOC_JUDG_CJ_2020_0337_20210902,2021-07-08
DOC_JUDG_CJ_2020_0338_20211006,2021-09-02
DOC_JUDG_CJ_2020_0339_20220920,2021-11-18
DOC_JUDG_CJ_2020_0339_20220920,2021-09-14
DOC_JUDG_CJ_2020_0340_20211111,2021-06-17
DOC_JUDG_CJ_2020_0342_20220407,2021-10-06
DOC_JUDG_CJ_2020_0344_20221013,2022-04-28
DOC_JUDG_CJ_2020_0347_20220127,2021-09-09
DOC_JUDG_CJ_2020_0347_20220127,2021-07-14
DOC_JUDG_CJ_2020_0348_P_20220712,2021-10-06
DOC_JUDG_CJ_2020_0349_20220303,2021-10-06
DOC_JUDG_CJ_2020_0351_P_20220113,2021-07-15
DOC_JUDG_CJ_2020_0352_20220801,2021-12-16
DOC_JUDG_CJ_2020_0352_20220801,2021-10-28
DOC_JUDG_CJ_2020_0353_20220602,2022-01-13
DOC_JUDG_CJ_2020_0353_20220602,2021-10-20
DOC_JUDG_CJ_2020_0354_PPU_20201217,2020-10-12
DOC_JUDG_CJ_2020_0354_PPU_20201217,2020-11-12
DOC_JUDG_CJ_2020_0363_20220113,2021-09-15
DOC_JUDG_CJ_2020_0368_20220426,2021-06-15
DOC_JUDG_CJ_2020_0368_20220426,2021-10-06
DOC_JUDG_CJ_2020_0370_20211209,2021-07-15
DOC_JUDG_CJ_2020_0371_20210902,2021-06-24
DOC_JUDG_CJ_2020_0377_20220512,2021-09-09
DOC_JUDG_CJ_2020_0377_20220512,2021-12-09
DOC_JUDG_CJ_2020_0385_20220407,2021-10-06
DOC_JUDG_CJ_2020_0388_20211111,2021-09-02
DOC_JUDG_CJ_2020_0389_20220224,2021-06-30
DOC_JUDG_CJ_2020_0389_20220224,2021-09-30
DOC_JUDG_CJ_2020_0391_20220907,2022-03-08
DOC_JUDG_CJ_2020_0394_20211221,2021-06-09
DOC_JUDG_CJ_2020_0394_20211221,2021-09-16
DOC_JUDG_CJ_2020_0395_20211221,2021-09-23
DOC_JUDG_CJ_2020_0405_20220505,2022-01-27
DOC_JUDG_CJ_2020_0408_P_20211006,2021-07-15
DOC_JUDG_CJ_2020_0410_20220505,2021-12-02
DOC_JUDG_CJ_2020_0411_20220801,2021-12-16
DOC_JUDG_CJ_2020_0414_PPU_20210113,2020-11-11
DOC_JUDG_CJ_2020_0414_PPU_20210113,2020-12-09
DOC_JUDG_CJ_2020_0415_20220428,2022-01-13
DOC_JUDG_CJ_2020_0416_PPU_20201217,2020-12-10
DOC_JUDG_CJ_2020_0416_PPU_20201217,2020-11-19
DOC_JUDG_CJ_2020_0420_20220915,2022-03-03
DOC_JUDG_CJ_2020_0420_20220915,2021-12-08
DOC_JUDG_CJ_2020_0421_20220303,2021-07-08
DOC_JUDG_CJ_2020_0421_20220303,2021-10-28
DOC_JUDG_CJ_2020_0422_20210909,2021-07-08
DOC_JUDG_CJ_2020_0426_20220512,2021-12-09
DOC_JUDG_CJ_2020_0431_P_20211006,2021-07-15
DOC_JUDG_CJ_2020_0432_20220120,2021-07-15
DOC_JUDG_CJ_2020_0432_20220120,2021-10-21
DOC_JUDG_CJ_2020_0433_20220324,2021-07-07
DOC_JUDG_CJ_2020_0433_20220324,2021-09-23
DOC_JUDG_CJ_2020_0436_20220714,2022-02-03
DOC_JUDG_CJ_2020_0439_P_20230316,2022-04-06
DOC_JUDG_CJ_2020_0439_P_20230316,2022-07-14
DOC_JUDG_CJ_2020_0451_20220224,2021-10-06
DOC_JUDG_CJ_2020_0452_20220224,2021-10-14
DOC_JUDG_CJ_2020_0453_20220503,2021-12-16
DOC_JUDG_CJ_2020_0459_20230622,2022-02-23
DOC_JUDG_CJ_2020_0459_20230622,2022-06-16
DOC_JUDG_CJ_2020_0460_20221208,2022-01-24
DOC_JUDG_CJ_2020_0460_20221208,2022-04-07
DOC_JUDG_CJ_2020_0461_20220203,2021-09-09
DOC_JUDG_CJ_2020_0463_20220224,2021-10-21
DOC_JUDG_CJ_2020_0463_20220224,2021-09-09
DOC_JUDG_CJ_2020_0466_20220519,2022-01-13
DOC_JUDG_CJ_2020_0468_20230608,2022-12-15
DOC_JUDG_CJ_2020_0470_20221215,2022-03-16
DOC_JUDG_CJ_2020_0470_20221215,2022-06-02
DOC_JUDG_CJ_2020_0473_20221020,2022-01-26
DOC_JUDG_CJ_2020_0473_20221020,2022-03-31
DOC_JUDG_CJ_2020_0475_20220922,2022-01-27
DOC_JUDG_CJ_2020_0475_20220922,2022-04-07
DOC_JUDG_CJ_2020_0483_20220222,2021-09-30
DOC_JUDG_CJ_2020_0485_20220210,2021-11-11
DOC_JUDG_CJ_2020_0488_20211125,2021-07-07
DOC_JUDG_CJ_2020_0489_20220407,2021-10-06
DOC_JUDG_CJ_2020_0490_20211214,2021-04-15
DOC_JUDG_CJ_2020_0490_20211214,2021-02-09
DOC_JUDG_CJ_2020_0497_20211221,2021-09-09
DOC_JUDG_CJ_2020_0497_20211221,2021-07-06
DOC_JUDG_CJ_2020_0498_20220310,2021-10-28
DOC_JUDG_CJ_2020_0500_20220714,2022-02-03
DOC_JUDG_CJ_2020_0501_20220801,2021-09-16
DOC_JUDG_CJ_2020_0501_20220801,2022-02-24
DOC_JUDG_CJ_2020_0518_20220922,2022-03-17
DOC_JUDG_CJ_2020_0519_20220310,2021-11-25
DOC_JUDG_CJ_2020_0519_20220310,2021-09-16
DOC_JUDG_CJ_2020_0520_20220616,2022-01-13
DOC_JUDG_CJ_2020_0525_20220505,2021-10-28
DOC_JUDG_CJ_2020_0525_20220505,2022-01-13
DOC_JUDG_CJ_2020_0530_20221222,2022-06-09
DOC_JUDG_CJ_2020_0530_20221222,2021-12-09
DOC_JUDG_CJ_2020_0531_20220428,2021-11-11
DOC_JUDG_CJ_2020_0533_20220324,2021-12-16
DOC_JUDG_CJ_2020_0534_20220622,2021-11-18
DOC_JUDG_CJ_2020_0534_20220622,2022-01-27
DOC_JUDG_CJ_2020_0537_20230427,2022-10-20
DOC_JUDG_CJ_2020_0538_20220922,2022-03-10
DOC_JUDG_CJ_2020_0556_20220512,2021-09-08
DOC_JUDG_CJ_2020_0556_20220512,2021-10-14
DOC_JUDG_CJ_2020_0559_20220428,2021-11-11
DOC_JUDG_CJ_2020_0560_20240130,2023-05-04
DOC_JUDG_CJ_2020_0560_20240130,2023-02-14
DOC_JUDG_CJ_2020_0561_20220407,2021-12-09
DOC_JUDG_CJ_2020_0562_20221117,2022-05-12
DOC_JUDG_CJ_2020_0562_20221117,2022-02-03
DOC_JUDG_CJ_2020_0567_20220505,2022-02-03
DOC_JUDG_CJ_2020_0568_20220407,2021-12-16
DOC_JUDG_CJ_2020_0569_20220519,2022-01-13
DOC_JUDG_CJ_2020_0570_20220505,2021-12-09
DOC_JUDG_CJ_2020_0572_20220616,2022-01-20
DOC_JUDG_CJ_2020_0576_20220707,2022-02-03
DOC_JUDG_CJ_2020_0576_20220707,2021-11-11
DOC_JUDG_CJ_2020_0577_20220616,2022-03-10
DOC_JUDG_CJ_2020_0577_20220616,2021-12-02
DOC_JUDG_CJ_2020_0581_20211006,2021-09-09
DOC_JUDG_CJ_2020_0581_20211006,2021-07-15
DOC_JUDG_CJ_2020_0584_P_20210715,2021-04-27
DOC_JUDG_CJ_2020_0584_P_20210715,2021-03-23
DOC_JUDG_CJ_2020_0585_20221020,2022-04-28
DOC_JUDG_CJ_2020_0587_20220602,2022-01-13
DOC_JUDG_CJ_2020_0587_20220602,2021-10-20
DOC_JUDG_CJ_2020_0588_20220801,2021-11-17
DOC_JUDG_CJ_2020_0588_20220801,2022-02-24
DOC_JUDG_CJ_2020_0589_20220602,2022-01-20
DOC_JUDG_CJ_2020_0596_20220616,2022-02-10
DOC_JUDG_CJ_2020_0597_20220929,2022-02-02
DOC_JUDG_CJ_2020_0597_20220929,2022-04-28
DOC_JUDG_CJ_2020_0599_20220609,2021-11-17
DOC_JUDG_CJ_2020_0599_20220609,2022-01-20
DOC_JUDG_CJ_2020_0603_PPU_20210324,2021-02-04
DOC_JUDG_CJ_2020_0603_PPU_20210324,2021-02-23
DOC_JUDG_CJ_2020_0604_20221020,2022-04-28
DOC_JUDG_CJ_2020_0607_20221117,2022-01-27
DOC_JUDG_CJ_2020_0607_20221117,2021-11-24
DOC_JUDG_CJ_2020_0614_20220908,2022-03-10
DOC_JUDG_CJ_2020_0615_20230713,2022-12-15
DOC_JUDG_CJ_2020_0615_20230713,2022-06-28
DOC_JUDG_CJ_2020_0616_20221013,2022-04-07
DOC_JUDG_CJ_2020_0617_20220602,2022-01-20
DOC_JUDG_CJ_2020_0619_P_20220922,2022-03-03
DOC_JUDG_CJ_2020_0624_20220907,2022-03-17
DOC_JUDG_CJ_2020_0624_20220907,2021-12-07
DOC_JUDG_CJ_2020_0625_20220630,2022-01-12
DOC_JUDG_CJ_2020_0625_20220630,2022-02-24
DOC_JUDG_CJ_2020_0632_P_20230117,2022-06-16
DOC_JUDG_CJ_2020_0633_20220929,2022-03-24
DOC_JUDG_CJ_2020_0633_20220929,2022-01-12
DOC_JUDG_CJ_2020_0637_20220428,2022-02-24
DOC_JUDG_CJ_2020_0638_20221124,2022-04-07
DOC_JUDG_CJ_2020_0640_P_20230323,2022-09-29
DOC_JUDG_CJ_2020_0645_20220407,2021-12-02
DOC_JUDG_CJ_2020_0646_20221115,2022-05-05
DOC_JUDG_CJ_2020_0646_20221115,2022-02-08
DOC_JUDG_CJ_2020_0648_PPU_20210310,2021-01-27
DOC_JUDG_CJ_2020_0648_PPU_20210310,2021-02-11
DOC_JUDG_CJ_2020_0649_P_20230202,2022-06-15
DOC_JUDG_CJ_2020_0649_P_20230202,2022-09-29
DOC_JUDG_CJ_2020_0659_20220908,2022-03-03
DOC_JUDG_CJ_2020_0660_20231019,2022-12-01
DOC_JUDG_CJ_2020_0660_20231019,2022-09-21
DOC_JUDG_CJ_2020_0665_PPU_20210429,2021-04-15
DOC_JUDG_CJ_2020_0665_PPU_20210429,2021-03-03
DOC_JUDG_CJ_2020_0669_20220915,2022-02-24
DOC_JUDG_CJ_2020_0673_20220609,2022-02-24
DOC_JUDG_CJ_2020_0675_P_20220915,2022-04-07
DOC_JUDG_CJ_2020_0675_P_20220915,2022-02-02
DOC_JUDG_CJ_2020_0677_20221018,2022-04-28
DOC_JUDG_CJ_2020_0677_20221018,2022-02-07
DOC_JUDG_CJ_2020_0680_20230119,2022-07-14
DOC_JUDG_CJ_2020_0680_20230119,2022-03-03
DOC_JUDG_CJ_2020_0682_P_20230309,2022-07-14
DOC_JUDG_CJ_2020_0682_P_20230309,2022-02-24
DOC_JUDG_CJ_2020_0690_P_20230309,2022-02-24
DOC_JUDG_CJ_2020_0690_P_20230309,2022-07-14
DOC_JUDG_CJ_2020_0692_20230928,2022-09-28
DOC_JUDG_CJ_2020_0692_20230928,2022-12-08
DOC_JUDG_CJ_2020_0693_P_20230309,2022-02-24
DOC_JUDG_CJ_2020_0694_20221208,2022-01-25
DOC_JUDG_CJ_2020_0694_20221208,2022-04-05
DOC_JUDG_CJ_2020_0695_20230228,2022-05-03
DOC_JUDG_CJ_2020_0695_20230228,2022-09-15
DOC_JUDG_CJ_2020_0696_20220707,2022-04-07
DOC_JUDG_CJ_2020_0696_20220707,2022-01-27
DOC_JUDG_CJ_2020_0700_20220620,2022-05-05
DOC_JUDG_CJ_2020_0700_20220620,2022-01-31
DOC_JUDG_CJ_2020_0702_20230112,2022-03-29
DOC_JUDG_CJ_2020_0702_20230112,2022-06-14
DOC_JUDG_CJ_2020_0704_20221108,2022-06-21
DOC_JUDG_CJ_2020_0704_20221108,2022-03-01
DOC_JUDG_CJ_2020_0705_20220915,2022-03-10
DOC_JUDG_CJ_2020_0707_20230216,2022-09-08
DOC_JUDG_CJ_2020_0709_20210715,2021-06-24
DOC_JUDG_CJ_2020_0709_20210715,2021-05-04
DOC_JUDG_CJ_2020_0713_20221013,2022-03-17
DOC_JUDG_CJ_2020_0715_20240220,2023-03-30
DOC_JUDG_CJ_2020_0715_20240220,2022-11-22
DOC_JUDG_CJ_2020_0716_20220908,2021-12-01
DOC_JUDG_CJ_2020_0716_20220908,2022-03-10
DOC_JUDG_CJ_2020_0720_20220801,2022-03-24
DOC_JUDG_CJ_2020_0720_20220801,2021-12-14
DOC_JUDG_CJ_2020_0721_20221027,2022-04-07
DOC_JUDG_CJ_2020_0725_P_20240919,2024-01-11
DOC_JUDG_CJ_2021_0001_20221013,2022-06-02
DOC_JUDG_CJ_2021_0004_20220915,2022-01-20
DOC_JUDG_CJ_2021_0004_20220915,2022-03-24
DOC_JUDG_CJ_2021_0006_P_20230622,2022-10-12
DOC_JUDG_CJ_2021_0006_P_20230622,2023-01-12
DOC_JUDG_CJ_2021_0007_20220707,2022-03-10
DOC_JUDG_CJ_2021_0013_20220707,2022-03-10
DOC_JUDG_CJ_2021_0014_20220801,2021-11-30
DOC_JUDG_CJ_2021_0014_20220801,2022-02-22
DOC_JUDG_CJ_2021_0018_20220915,2022-03-31
DOC_JUDG_CJ_2021_0018_20220915,2022-01-19
DOC_JUDG_CJ_2021_0019_20220801,2022-01-11
DOC_JUDG_CJ_2021_0019_20220801,2022-04-07
DOC_JUDG_CJ_2021_0022_20220915,2022-03-10
DOC_JUDG_CJ_2021_0025_20230420,2022-05-19
DOC_JUDG_CJ_2021_0025_20230420,2022-09-08
DOC_JUDG_CJ_2021_0031_20230302,2022-10-13
DOC_JUDG_CJ_2021_0034_20230330,2022-06-30
DOC_JUDG_CJ_2021_0034_20230330,2022-09-22
DOC_JUDG_CJ_2021_0036_20220714,2022-02-24
DOC_JUDG_CJ_2021_0038_20231221,2023-02-16
DOC_JUDG_CJ_2021_0038_20231221,2022-09-07
DOC_JUDG_CJ_2021_0040_20230504,2022-11-10
DOC_JUDG_CJ_2021_0042_P_20230112,2022-07-07
DOC_JUDG_CJ_2021_0042_P_20230112,2022-04-27
DOC_JUDG_CJ_2021_0043_20220602,2022-01-27
DOC_JUDG_CJ_2021_0045_20220913,2022-03-31
DOC_JUDG_CJ_2021_0045_20220913,2022-01-18
DOC_JUDG_CJ_2021_0046_P_20230309,2022-09-15
DOC_JUDG_CJ_2021_0050_20230608,2022-10-05
DOC_JUDG_CJ_2021_0050_20230608,2022-12-15
DOC_JUDG_CJ_2021_0054_20221117,2022-03-16
DOC_JUDG_CJ_2021_0054_20221117,2022-05-12
DOC_JUDG_CJ_2021_0056_20220630,2022-03-24
DOC_JUDG_CJ_2021_0057_20230112,2022-02-03
DOC_JUDG_CJ_2021_0057_20230112,2022-05-05
DOC_JUDG_CJ_2021_0061_20221222,2022-03-15
DOC_JUDG_CJ_2021_0061_20221222,2022-05-05
DOC_JUDG_CJ_2021_0064_20221013,2022-06-09
DOC_JUDG_CJ_2021_0064_20221013,2022-03-23
DOC_JUDG_CJ_2021_0065_P_20220616,2022-02-03
DOC_JUDG_CJ_2021_0066_20221020,2022-06-02
DOC_JUDG_CJ_2021_0068_20221027,2022-03-10
DOC_JUDG_CJ_2021_0068_20221027,2022-05-05
DOC_JUDG_CJ_2021_0069_20221122,2022-03-07
DOC_JUDG_CJ_2021_0069_20221122,2022-06-09
DOC_JUDG_CJ_2021_0077_20221020,2022-03-31
DOC_JUDG_CJ_2021_0077_20221020,2022-01-17
DOC_JUDG_CJ_2021_0078_20230302,2022-09-29
DOC_JUDG_CJ_2021_0078_20230302,2022-04-27
DOC_JUDG_CJ_2021_0080_20220908,2022-03-17
DOC_JUDG_CJ_2021_0083_20221222,2022-04-28
DOC_JUDG_CJ_2021_0083_20221222,2022-07-07
DOC_JUDG_CJ_2021_0088_20221215,2022-07-07
DOC_JUDG_CJ_2021_0098_20220908,2022-03-03
DOC_JUDG_CJ_2021_0099_P_20220630,2022-02-24
DOC_JUDG_CJ_2021_0100_20230321,2022-06-02
DOC_JUDG_CJ_2021_0100_20230321,2022-03-08
DOC_JUDG_CJ_2021_0110_P_20220714,2022-02-24
DOC_JUDG_CJ_2021_0111_20221020,2022-03-24
DOC_JUDG_CJ_2021_0115_P_20221222,2022-06-16
DOC_JUDG_CJ_2021_0119_P_20230309,2022-09-08
DOC_JUDG_CJ_2021_0120_20220922,2022-03-24
DOC_JUDG_CJ_2021_0120_20220922,2022-05-05
DOC_JUDG_CJ_2021_0123_P_20230928,2022-09-08
DOC_JUDG_CJ_2021_0123_P_20230928,2022-11-17
DOC_JUDG_CJ_2021_0124_P_20231221,2022-07-11
DOC_JUDG_CJ_2021_0124_P_20231221,2022-12-15
DOC_JUDG_CJ_2021_0127_P_20230316,2022-07-14
DOC_JUDG_CJ_2021_0128_20240118,2022-09-15
DOC_JUDG_CJ_2021_0128_20240118,2023-01-12
DOC_JUDG_CJ_2021_0129_20221027,2022-04-28
DOC_JUDG_CJ_2021_0129_20221027,2022-02-09
DOC_JUDG_CJ_2021_0132_20230112,2022-09-08
DOC_JUDG_CJ_2021_0132_20230112,2022-05-11
DOC_JUDG_CJ_2021_0137_20230905,2022-12-15
DOC_JUDG_CJ_2021_0144_20230420,2022-10-27
DOC_JUDG_CJ_2021_0147_20230119,2022-06-02
DOC_JUDG_CJ_2021_0148_20221222,2022-02-22
DOC_JUDG_CJ_2021_0148_20221222,2022-06-02
DOC_JUDG_CJ_2021_0154_20230112,2022-06-09
DOC_JUDG_CJ_2021_0156_20220216,2021-10-12
DOC_JUDG_CJ_2021_0156_20220216,2021-12-02
DOC_JUDG_CJ_2021_0156_20220216,2021-10-11
DOC_JUDG_CJ_2021_0157_20220216,2021-12-02
DOC_JUDG_CJ_2021_0157_20220216,2021-10-12
DOC_JUDG_CJ_2021_0157_20220216,2021-10-11
DOC_JUDG_CJ_2021_0158_20230131,2022-04-05
DOC_JUDG_CJ_2021_0158_20230131,2022-07-14
DOC_JUDG_CJ_2021_0159_20220922,2022-04-28
DOC_JUDG_CJ_2021_0162_20230119,2022-09-08
DOC_JUDG_CJ_2021_0162_20230119,2022-03-17
DOC_JUDG_CJ_2021_0163_20221110,2022-04-07
DOC_JUDG_CJ_2021_0164_20221013,2022-04-28
DOC_JUDG_CJ_2021_0166_20221124,2022-05-04
DOC_JUDG_CJ_2021_0166_20221124,2022-07-07
DOC_JUDG_CJ_2021_0168_20220714,2022-01-20
DOC_JUDG_CJ_2021_0168_20220714,2022-03-31
DOC_JUDG_CJ_2021_0174_20230316,2022-09-21
DOC_JUDG_CJ_2021_0174_20230316,2022-11-17
DOC_JUDG_CJ_2021_0175_20221117,2022-06-16
DOC_JUDG_CJ_2021_0180_20221208,2022-05-19
DOC_JUDG_CJ_2021_0181_20240109,2022-06-29
DOC_JUDG_CJ_2021_0181_20240109,2022-12-15
DOC_JUDG_CJ_2021_0197_20221027,2022-05-12
DOC_JUDG_CJ_2021_0198_P_20240919,2024-01-11
DOC_JUDG_CJ_2021_0199_20221013,2022-06-02
DOC_JUDG_CJ_2021_0202_P_20220929,2022-04-28
DOC_JUDG_CJ_2021_0203_20221110,2022-06-09
DOC_JUDG_CJ_2021_0204_20230605,2022-12-15
DOC_JUDG_CJ_2021_0204_20230605,2022-06-28
DOC_JUDG_CJ_2021_0209_P_20231123,2023-03-16
DOC_JUDG_CJ_2021_0209_P_20231123,2022-10-19
DOC_JUDG_CJ_2021_0210_P_20231123,2022-10-19
DOC_JUDG_CJ_2021_0212_P_20230706,2022-10-20
DOC_JUDG_CJ_2021_0212_P_20230706,2022-12-15
DOC_JUDG_CJ_2021_0216_20230907,2023-02-16
DOC_JUDG_CJ_2021_0227_20220915,2022-05-05
DOC_JUDG_CJ_2021_0228_20231130,2022-06-08
DOC_JUDG_CJ_2021_0228_20231130,2023-04-20
DOC_JUDG_CJ_2021_0229_20220616,2022-03-31
DOC_JUDG_CJ_2021_0229_20220616,2022-01-19
DOC_JUDG_CJ_2021_0230_20221117,2022-06-16
DOC_JUDG_CJ_2021_0230_20221117,2022-03-31
DOC_JUDG_CJ_2021_0234_20240305,2022-09-19
DOC_JUDG_CJ_2021_0234_20240305,2023-09-07
DOC_JUDG_CJ_2021_0234_20240305,2022-11-24
DOC_JUDG_CJ_2021_0235_20220929,2022-05-12
DOC_JUDG_CJ_2021_0237_20221222,2022-07-14
DOC_JUDG_CJ_2021_0237_20221222,2022-04-26
DOC_JUDG_CJ_2021_0238_20221117,2022-06-22
DOC_JUDG_CJ_2021_0238_20221117,2022-03-23
DOC_JUDG_CJ_2021_0241_20221006,2022-03-17
DOC_JUDG_CJ_2021_0241_20221006,2022-06-02
DOC_JUDG_CJ_2021_0243_20221117,2022-06-09
DOC_JUDG_CJ_2021_0245_20220922,2022-03-09
DOC_JUDG_CJ_2021_0245_20220922,2022-06-02
DOC_JUDG_CJ_2021_0247_20221208,2022-07-14
DOC_JUDG_CJ_2021_0250_20221006,2022-05-12
DOC_JUDG_CJ_2021_0250_20221006,2022-03-24
DOC_JUDG_CJ_2021_0252_20230704,2022-09-20
DOC_JUDG_CJ_2021_0252_20230704,2022-05-10
DOC_JUDG_CJ_2021_0255_20240130,2023-07-13
DOC_JUDG_CJ_2021_0255_20240130,2022-09-14
DOC_JUDG_CJ_2021_0256_20221013,2022-05-05
DOC_JUDG_CJ_2021_0259_20221124,2022-06-22
DOC_JUDG_CJ_2021_0262_PPU_20210802,2021-07-14
DOC_JUDG_CJ_2021_0262_PPU_20210802,2021-06-28
DOC_JUDG_CJ_2021_0268_20230302,2022-10-06
DOC_JUDG_CJ_2021_0268_20230302,2022-06-27
DOC_JUDG_CJ_2021_0270_20230302,2022-09-08
DOC_JUDG_CJ_2021_0278_20221110,2022-03-24
DOC_JUDG_CJ_2021_0278_20221110,2022-05-12
DOC_JUDG_CJ_2021_0279_20221222,2022-09-08
DOC_JUDG_CJ_2021_0279_20221222,2022-05-18
DOC_JUDG_CJ_2021_0280_20230112,2022-06-30
DOC_JUDG_CJ_2021_0283_20240222,2023-10-05
DOC_JUDG_CJ_2021_0283_20240222,2023-05-11
DOC_JUDG_CJ_2021_0289_20221124,2022-04-06
DOC_JUDG_CJ_2021_0289_20221124,2022-06-16
DOC_JUDG_CJ_2021_0290_20230525,2022-06-08
DOC_JUDG_CJ_2021_0290_20230525,2022-09-22
DOC_JUDG_CJ_2021_0291_20230420,2022-10-20
DOC_JUDG_CJ_2021_0291_20230420,2022-06-16
DOC_JUDG_CJ_2021_0294_20220801,2022-04-07
DOC_JUDG_CJ_2021_0295_20221020,2022-02-03
DOC_JUDG_CJ_2021_0295_20221020,2022-04-28
DOC_JUDG_CJ_2021_0296_20221124,2022-07-07
DOC_JUDG_CJ_2021_0296_20221124,2022-05-18
DOC_JUDG_CJ_2021_0300_20230504,2022-10-06
DOC_JUDG_CJ_2021_0311_20221215,2022-07-14
DOC_JUDG_CJ_2021_0311_20221215,2022-05-05
DOC_JUDG_CJ_2021_0312_20230216,2022-09-22
DOC_JUDG_CJ_2021_0320_P_20230928,2022-09-14
DOC_JUDG_CJ_2021_0320_P_20230928,2023-01-26
DOC_JUDG_CJ_2021_0321_P_20230928,2022-09-14
DOC_JUDG_CJ_2021_0323_20230112,2022-05-05
DOC_JUDG_CJ_2021_0323_20230112,2022-09-08
DOC_JUDG_CJ_2021_0329_20230420,2022-10-20
DOC_JUDG_CJ_2021_0329_20230420,2022-06-01
DOC_JUDG_CJ_2021_0331_20231026,2022-11-09
DOC_JUDG_CJ_2021_0331_20231026,2023-03-02
DOC_JUDG_CJ_2021_0332_20221222,2022-07-14
DOC_JUDG_CJ_2021_0333_20231221,2022-07-11
DOC_JUDG_CJ_2021_0333_20231221,2022-07-12
DOC_JUDG_CJ_2021_0333_20231221,2022-12-15
DOC_JUDG_CJ_2021_0338_20230330,2022-07-14
DOC_JUDG_CJ_2021_0338_20230330,2022-11-17
DOC_JUDG_CJ_2021_0340_20231214,2023-04-27
DOC_JUDG_CJ_2021_0343_20230216,2022-06-09
DOC_JUDG_CJ_2021_0343_20230216,2022-09-15
DOC_JUDG_CJ_2021_0348_20221208,2022-07-07
DOC_JUDG_CJ_2021_0349_20230216,2022-10-13
DOC_JUDG_CJ_2021_0349_20230216,2022-07-06
DOC_JUDG_CJ_2021_0351_20230316,2022-07-07
DOC_JUDG_CJ_2021_0354_20230309,2022-05-04
DOC_JUDG_CJ_2021_0354_20230309,2022-07-14
DOC_JUDG_CJ_2021_0356_20230112,2022-05-31
DOC_JUDG_CJ_2021_0356_20230112,2022-09-08
DOC_JUDG_CJ_2021_0363_20230713,2023-01-12
DOC_JUDG_CJ_2021_0363_20230713,2022-10-19
DOC_JUDG_CJ_2021_0365_20230323,2022-10-20
DOC_JUDG_CJ_2021_0365_20230323,2022-07-06
DOC_JUDG_CJ_2021_0366_P_20221215,2022-07-14
DOC_JUDG_CJ_2021_0372_20230202,2022-07-07
DOC_JUDG_CJ_2021_0375_20230309,2022-09-22
DOC_JUDG_CJ_2021_0378_20221208,2022-09-08
DOC_JUDG_CJ_2021_0382_P_20240227,2023-03-13
DOC_JUDG_CJ_2021_0382_P_20240227,2023-07-13
DOC_JUDG_CJ_2021_0383_20221222,2022-03-30
DOC_JUDG_CJ_2021_0383_20221222,2022-06-09
DOC_JUDG_CJ_2021_0389_P_20230504,2022-06-15
DOC_JUDG_CJ_2021_0389_P_20230504,2022-10-27
DOC_JUDG_CJ_2021_0391_P_20240919,2024-01-11
DOC_JUDG_CJ_2021_0392_20221222,2022-07-14
DOC_JUDG_CJ_2021_0393_20230216,2022-09-08
DOC_JUDG_CJ_2021_0393_20230216,2022-10-20
DOC_JUDG_CJ_2021_0394_20230302,2022-06-22
DOC_JUDG_CJ_2021_0394_20230302,2022-09-29
DOC_JUDG_CJ_2021_0395_20230112,2022-09-22
DOC_JUDG_CJ_2021_0396_20230112,2022-06-01
DOC_JUDG_CJ_2021_0396_20230112,2022-09-15
DOC_JUDG_CJ_2021_0402_20230209,2022-09-28
DOC_JUDG_CJ_2021_0404_20221222,2022-07-07
DOC_JUDG_CJ_2021_0407_20230608,2022-09-15
DOC_JUDG_CJ_2021_0407_20230608,2022-06-01
DOC_JUDG_CJ_2021_0412_20230323,2022-10-20
DOC_JUDG_CJ_2021_0426_20230713,2022-06-21
DOC_JUDG_CJ_2021_0426_20230713,2022-12-15
DOC_JUDG_CJ_2021_0428_PPU_20211026,2021-09-08
DOC_JUDG_CJ_2021_0428_PPU_20211026,2021-10-14
DOC_JUDG_CJ_2021_0430_20220222,2022-01-20
DOC_JUDG_CJ_2021_0430_20220222,2021-11-23
DOC_JUDG_CJ_2021_0444_20230629,2023-02-09
DOC_JUDG_CJ_2021_0444_20230629,2022-11-09
DOC_JUDG_CJ_2021_0446_20241004,2024-04-25
DOC_JUDG_CJ_2021_0446_20241004,2024-02-08
DOC_JUDG_CJ_2021_0449_20230316,2022-10-13
DOC_JUDG_CJ_2021_0449_20230316,2022-07-06
DOC_JUDG_CJ_2021_0451_P_20231205,2023-05-04
DOC_JUDG_CJ_2021_0451_P_20231205,2023-01-30
DOC_JUDG_CJ_2021_0453_20230209,2022-09-26
DOC_JUDG_CJ_2021_0461_20230907,2022-11-10
DOC_JUDG_CJ_2021_0461_20230907,2023-01-19
DOC_JUDG_CJ_2021_0466_P_20230914,2022-11-30
DOC_JUDG_CJ_2021_0466_P_20230914,2023-03-09
DOC_JUDG_CJ_2021_0470_20240430,2023-05-15
DOC_JUDG_CJ_2021_0470_20240430,2023-03-23
DOC_JUDG_CJ_2021_0470_20240430,2023-09-28
DOC_JUDG_CJ_2021_0470_20240430,2022-10-27
DOC_JUDG_CJ_2021_0470_20240430,2022-07-05
DOC_JUDG_CJ_2021_0472_20230216,2022-09-08
DOC_JUDG_CJ_2021_0477_20230302,2022-10-13
DOC_JUDG_CJ_2021_0478_P_20230921,2022-10-05
DOC_JUDG_CJ_2021_0478_P_20230921,2023-02-16
DOC_JUDG_CJ_2021_0479_PPU_20211116,2021-09-27
DOC_JUDG_CJ_2021_0479_PPU_20211116,2021-11-09
DOC_JUDG_CJ_2021_0484_20240425,2023-10-19
DOC_JUDG_CJ_2021_0487_20230504,2022-12-15
DOC_JUDG_CJ_2021_0488_20231221,2023-02-16
DOC_JUDG_CJ_2021_0488_20231221,2022-10-18
DOC_JUDG_CJ_2021_0491_20240222,2023-02-08
DOC_JUDG_CJ_2021_0491_20240222,2023-04-27
DOC_JUDG_CJ_2021_0495_20230119,2022-07-13
DOC_JUDG_CJ_2021_0510_20230706,2023-01-12
DOC_JUDG_CJ_2021_0513_P_20230622,2023-01-12
DOC_JUDG_CJ_2021_0514_20230323,2022-07-13
DOC_JUDG_CJ_2021_0514_20230323,2022-10-27
DOC_JUDG_CJ_2021_0516_20230504,2022-12-08
DOC_JUDG_CJ_2021_0520_20230615,2022-10-12
DOC_JUDG_CJ_2021_0520_20230615,2023-02-16
DOC_JUDG_CJ_2021_0522_20230316,2022-07-14
DOC_JUDG_CJ_2021_0522_20230316,2022-10-27
DOC_JUDG_CJ_2021_0524_20230216,2022-09-29
DOC_JUDG_CJ_2021_0528_20230427,2022-09-21
DOC_JUDG_CJ_2021_0528_20230427,2022-11-24
DOC_JUDG_CJ_2021_0543_20230629,2022-10-19
DOC_JUDG_CJ_2021_0543_20230629,2023-02-02
DOC_JUDG_CJ_2021_0545_20230608,2022-12-15
DOC_JUDG_CJ_2021_0548_20241004,2023-04-20
DOC_JUDG_CJ_2021_0548_20241004,2023-01-16
DOC_JUDG_CJ_2021_0551_20240409,2023-07-13
DOC_JUDG_CJ_2021_0551_20240409,2023-03-08
DOC_JUDG_CJ_2021_0554_20240711,2023-06-05
DOC_JUDG_CJ_2021_0554_20240711,2023-10-26
DOC_JUDG_CJ_2021_0555_20230209,2022-07-07
DOC_JUDG_CJ_2021_0555_20230209,2022-09-29
DOC_JUDG_CJ_2021_0556_20230330,2022-11-17
DOC_JUDG_CJ_2021_0556_20230330,2022-07-14
DOC_JUDG_CJ_2021_0558_P_20231109,2023-04-20
DOC_JUDG_CJ_2021_0559_P_20231109,2023-04-20
DOC_JUDG_CJ_2021_0560_20230209,2022-09-26
DOC_JUDG_CJ_2021_0562_PPU_20220222,2021-12-16
DOC_JUDG_CJ_2021_0562_PPU_20220222,2021-11-16
DOC_JUDG_CJ_2021_0567_20230608,2023-02-16
DOC_JUDG_CJ_2021_0568_20230921,2023-03-09
DOC_JUDG_CJ_2021_0570_20230608,2022-12-15
DOC_JUDG_CJ_2021_0571_20230309,2022-10-13
DOC_JUDG_CJ_2021_0574_20230323,2022-11-24
DOC_JUDG_CJ_2021_0574_20230323,2022-09-15
DOC_JUDG_CJ_2021_0575_20230525,2022-09-14
DOC_JUDG_CJ_2021_0575_20230525,2022-11-24
DOC_JUDG_CJ_2021_0579_20230622,2022-12-15
DOC_JUDG_CJ_2021_0579_20230622,2022-10-12
DOC_JUDG_CJ_2021_0580_20230420,2022-11-17
DOC_JUDG_CJ_2021_0580_20230420,2022-09-08
DOC_JUDG_CJ_2021_0582_20240409,2023-01-24
DOC_JUDG_CJ_2021_0582_20240409,2023-09-14
DOC_JUDG_CJ_2021_0583_20231116,2023-05-25
DOC_JUDG_CJ_2021_0583_20231116,2022-11-09
DOC_JUDG_CJ_2021_0587_P_20241212,2023-12-07
DOC_JUDG_CJ_2021_0588_P_20240305,2023-03-15
DOC_JUDG_CJ_2021_0588_P_20240305,2023-06-22
DOC_JUDG_CJ_2021_0590_20230907,2023-03-23
DOC_JUDG_CJ_2021_0598_20231109,2023-01-12
DOC_JUDG_CJ_2021_0598_20231109,2022-10-26
DOC_JUDG_CJ_2021_0601_20230907,2022-12-01
DOC_JUDG_CJ_2021_0601_20230907,2023-03-02
DOC_JUDG_CJ_2021_0605_20240418,2023-09-21
DOC_JUDG_CJ_2021_0605_20240418,2023-03-20
DOC_JUDG_CJ_2021_0606_20240229,2023-07-13
DOC_JUDG_CJ_2021_0606_20240229,2023-04-19
DOC_JUDG_CJ_2021_0607_20250410,2024-09-19
DOC_JUDG_CJ_2021_0607_20250410,2024-06-13
DOC_JUDG_CJ_2021_0608_20230525,2023-01-12
DOC_JUDG_CJ_2021_0612_20230330,2022-11-10
DOC_JUDG_CJ_2021_0613_P_20230126,2022-09-22
DOC_JUDG_CJ_2021_0615_20230713,2022-11-10
DOC_JUDG_CJ_2021_0615_20230713,2023-02-02
DOC_JUDG_CJ_2021_0616_20230330,2022-11-10
DOC_JUDG_CJ_2021_0618_20230330,2022-12-15
DOC_JUDG_CJ_2021_0620_20230511,2022-12-01
DOC_JUDG_CJ_2021_0621_20240116,2023-04-20
DOC_JUDG_CJ_2021_0626_20230517,2022-09-21
DOC_JUDG_CJ_2021_0626_20230517,2022-12-01
DOC_JUDG_CJ_2021_0628_20230427,2022-11-17
DOC_JUDG_CJ_2021_0634_20231207,2023-01-26
DOC_JUDG_CJ_2021_0634_20231207,2023-03-16
DOC_JUDG_CJ_2021_0640_20230608,2023-01-26
DOC_JUDG_CJ_2021_0646_20240611,2023-04-18
DOC_JUDG_CJ_2021_0646_20240611,2023-07-13
DOC_JUDG_CJ_2021_0647_20250306,2024-01-24
DOC_JUDG_CJ_2021_0647_20250306,2024-04-11
DOC_JUDG_CJ_2021_0651_20230330,2022-11-10
DOC_JUDG_CJ_2021_0655_20231019,2023-04-27
DOC_JUDG_CJ_2021_0660_20230622,2023-01-26
DOC_JUDG_CJ_2021_0660_20230622,2022-09-20
DOC_JUDG_CJ_2021_0663_20230706,2023-02-16
DOC_JUDG_CJ_2021_0663_20230706,2022-11-10
DOC_JUDG_CJ_2021_0666_20230302,2022-11-24
DOC_JUDG_CJ_2021_0667_20231221,2023-05-25
DOC_JUDG_CJ_2021_0668_20230209,2022-10-13
DOC_JUDG_CJ_2021_0670_20231012,2022-11-17
DOC_JUDG_CJ_2021_0670_20231012,2023-02-09
DOC_JUDG_CJ_2021_0671_20230928,2023-03-16
DOC_JUDG_CJ_2021_0677_20230427,2023-01-12
DOC_JUDG_CJ_2021_0680_20231221,2023-03-09
DOC_JUDG_CJ_2021_0680_20231221,2022-11-15
DOC_JUDG_CJ_2021_0683_20231205,2023-05-04
DOC_JUDG_CJ_2021_0683_20231205,2023-01-17
DOC_JUDG_CJ_2021_0686_20230427,2022-12-08
DOC_JUDG_CJ_2021_0688_20230207,2022-10-27
DOC_JUDG_CJ_2021_0688_20230207,2022-06-20
DOC_JUDG_CJ_2021_0689_20230905,2023-01-26
DOC_JUDG_CJ_2021_0689_20230905,2022-10-04
DOC_JUDG_CJ_2021_0693_P_20231214,2023-07-13
DOC_JUDG_CJ_2021_0695_20230302,2022-11-16
DOC_JUDG_CJ_2021_0699_20230418,2022-12-01
DOC_JUDG_CJ_2021_0699_20230418,2022-09-27
DOC_JUDG_CJ_2021_0700_20230606,2022-12-15
DOC_JUDG_CJ_2021_0700_20230606,2022-10-11
DOC_JUDG_CJ_2021_0701_P_20240222,2023-09-07
DOC_JUDG_CJ_2021_0701_P_20240222,2023-04-27
DOC_JUDG_CJ_2021_0711_20230622,2023-03-02
DOC_JUDG_CJ_2021_0718_20231221,2023-03-02
DOC_JUDG_CJ_2021_0718_20231221,2022-11-08
DOC_JUDG_CJ_2021_0721_20230615,2023-01-19
DOC_JUDG_CJ_2021_0721_20230615,2022-10-27
DOC_JUDG_CJ_2021_0726_20231012,2023-03-23
DOC_JUDG_CJ_2021_0726_20231012,2023-01-11
DOC_JUDG_CJ_2021_0746_P_20231109,2023-02-01
DOC_JUDG_CJ_2021_0746_P_20231109,2023-04-27
DOC_JUDG_CJ_2021_0747_P_20230608,2023-01-12
DOC_JUDG_CJ_2021_0750_P_20240208,2023-05-25
DOC_JUDG_CJ_2021_0755_P_20240305,2023-06-15
DOC_JUDG_CJ_2021_0756_20230629,2023-02-16
DOC_JUDG_CJ_2021_0756_20230629,2022-11-16
DOC_JUDG_CJ_2021_0758_P_20231123,2023-01-18
DOC_JUDG_CJ_2021_0758_P_20231123,2023-03-30
DOC_JUDG_CJ_2021_0763_P_20230629,2023-01-18
DOC_JUDG_CJ_2021_0765_20230713,2023-01-18
DOC_JUDG_CJ_2021_0766_P_20250123,2024-06-06
DOC_JUDG_CJ_2021_0766_P_20250123,2024-01-18
DOC_JUDG_CJ_2021_0767_P_20231214,2023-02-16
DOC_JUDG_CJ_2021_0768_20240926,2024-04-11
DOC_JUDG_CJ_2021_0770_20230921,2023-04-20
DOC_JUDG_CJ_2021_0770_20230921,2023-01-25
DOC_JUDG_CJ_2021_0772_20230420,2022-10-20
DOC_JUDG_CJ_2021_0772_20230420,2022-12-15
DOC_JUDG_CJ_2021_0790_P_20240926,2023-06-28
DOC_JUDG_CJ_2021_0790_P_20240926,2023-11-09
DOC_JUDG_CJ_2021_0792_P_20240926,2023-11-09
DOC_JUDG_CJ_2021_0792_P_20240926,2023-06-28
DOC_JUDG_CJ_2021_0794_P_20240926,2023-11-09
DOC_JUDG_CJ_2021_0794_P_20240926,2023-06-28
DOC_JUDG_CJ_2021_0795_P_20240926,2023-11-09
DOC_JUDG_CJ_2021_0795_P_20240926,2023-06-28
DOC_JUDG_CJ_2021_0807_20231205,2023-01-17
DOC_JUDG_CJ_2021_0807_20231205,2023-04-27
DOC_JUDG_CJ_2021_0808_20241119,2023-09-12
DOC_JUDG_CJ_2021_0808_20241119,2024-01-11
DOC_JUDG_CJ_2021_0814_20241119,2024-01-11
DOC_JUDG_CJ_2021_0814_20241119,2023-09-12
DOC_JUDG_CJ_2021_0817_20230511,2023-01-26
DOC_JUDG_CJ_2021_0819_20231109,2023-05-04
DOC_JUDG_CJ_2021_0822_20240430,2023-09-07
DOC_JUDG_CJ_2021_0823_20230622,2023-02-09
DOC_JUDG_CJ_2021_0829_20230629,2023-03-23
DOC_JUDG_CJ_2021_0830_20231207,2023-04-20
DOC_JUDG_CJ_2021_0831_P_20230921,2023-05-25
DOC_JUDG_CJ_2021_0832_20230907,2023-03-23
DOC_JUDG_CJ_2021_0832_20230907,2023-01-12
DOC_JUDG_CJ_2021_0833_20230622,2023-02-02
DOC_JUDG_CJ_2022_0008_20230706,2022-11-10
DOC_JUDG_CJ_2022_0008_20230706,2023-02-16
DOC_JUDG_CJ_2022_0009_20230309,2022-11-23
DOC_JUDG_CJ_2022_0010_20240321,2023-05-25
DOC_JUDG_CJ_2022_0010_20240321,2023-02-09
DOC_JUDG_CJ_2022_0011_20231012,2023-01-12
DOC_JUDG_CJ_2022_0011_20231012,2023-03-23
DOC_JUDG_CJ_2022_0015_20230907,2023-02-09
DOC_JUDG_CJ_2022_0015_20230907,2022-11-23
DOC_JUDG_CJ_2022_0017_20240912,2024-02-29
DOC_JUDG_CJ_2022_0021_20231012,2023-03-23
DOC_JUDG_CJ_2022_0026_20231207,2023-03-16
DOC_JUDG_CJ_2022_0026_20231207,2023-01-26
DOC_JUDG_CJ_2022_0027_20230914,2023-03-30
DOC_JUDG_CJ_2022_0027_20230914,2023-01-19
DOC_JUDG_CJ_2022_0029_P_20240910,2023-11-23
DOC_JUDG_CJ_2022_0029_P_20240910,2023-06-27
DOC_JUDG_CJ_2022_0033_20240116,2023-03-06
DOC_JUDG_CJ_2022_0033_20240116,2023-05-11
DOC_JUDG_CJ_2022_0035_20230713,2023-01-11
DOC_JUDG_CJ_2022_0035_20230713,2023-03-02
DOC_JUDG_CJ_2022_0045_20231012,2023-04-27
DOC_JUDG_CJ_2022_0046_P_20240118,2023-03-09
DOC_JUDG_CJ_2022_0046_P_20240118,2023-05-17
DOC_JUDG_CJ_2022_0047_20230921,2023-03-16
DOC_JUDG_CJ_2022_0048_P_20240910,2023-09-19
DOC_JUDG_CJ_2022_0048_P_20240910,2024-01-11
DOC_JUDG_CJ_2022_0049_20230608,2023-03-02
DOC_JUDG_CJ_2022_0054_P_20240222,2023-10-05
DOC_JUDG_CJ_2022_0058_20240125,2023-06-08
DOC_JUDG_CJ_2022_0058_20240125,2023-03-22
DOC_JUDG_CJ_2022_0061_20240321,2023-06-29
DOC_JUDG_CJ_2022_0061_20240321,2023-03-14
DOC_JUDG_CJ_2022_0066_20231221,2023-05-11
DOC_JUDG_CJ_2022_0066_20231221,2023-03-07
DOC_JUDG_CJ_2022_0072_PPU_20220630,2022-06-02
DOC_JUDG_CJ_2022_0072_PPU_20220630,2022-04-07
DOC_JUDG_CJ_2022_0073_P_20230713,2023-03-02
DOC_JUDG_CJ_2022_0075_20240508,2023-09-14
DOC_JUDG_CJ_2022_0076_20241017,2024-02-22
DOC_JUDG_CJ_2022_0083_20230914,2023-03-23
DOC_JUDG_CJ_2022_0083_20230914,2023-01-12
DOC_JUDG_CJ_2022_0084_20231123,2023-05-17
DOC_JUDG_CJ_2022_0086_20231221,2023-05-25
DOC_JUDG_CJ_2022_0086_20231221,2023-03-22
DOC_JUDG_CJ_2022_0087_20230713,2023-03-23
DOC_JUDG_CJ_2022_0087_20230713,2023-01-12
DOC_JUDG_CJ_2022_0088_P_20231019,2023-05-04
DOC_JUDG_CJ_2022_0090_20240321,2023-03-23
DOC_JUDG_CJ_2022_0090_20240321,2023-12-14
DOC_JUDG_CJ_2022_0096_20231221,2023-06-08
DOC_JUDG_CJ_2022_0096_20231221,2023-03-22
DOC_JUDG_CJ_2022_0106_20230713,2023-03-30
DOC_JUDG_CJ_2022_0106_20230713,2022-12-08
DOC_JUDG_CJ_2022_0112_20240729,2023-10-03
DOC_JUDG_CJ_2022_0115_20240507,2023-09-14
DOC_JUDG_CJ_2022_0115_20240507,2023-05-02
DOC_JUDG_CJ_2022_0116_20230921,2023-04-20
DOC_JUDG_CJ_2022_0118_20240130,2023-02-07
DOC_JUDG_CJ_2022_0118_20240130,2023-06-15
DOC_JUDG_CJ_2022_0119_20241219,2024-06-06
DOC_JUDG_CJ_2022_0119_20241219,2023-03-08
DOC_JUDG_CJ_2022_0122_P_20240111,2023-04-20
DOC_JUDG_CJ_2022_0122_P_20240111,2023-07-06
DOC_JUDG_CJ_2022_0123_20240613,2023-11-30
DOC_JUDG_CJ_2022_0125_20231109,2023-03-23
DOC_JUDG_CJ_2022_0125_20231109,2023-06-08
DOC_JUDG_CJ_2022_0128_20231205,2023-09-07
DOC_JUDG_CJ_2022_0128_20231205,2023-01-10
DOC_JUDG_CJ_2022_0133_20230928,2023-03-09
DOC_JUDG_CJ_2022_0134_20230713,2023-03-30
DOC_JUDG_CJ_2022_0141_20230525,2023-01-19
DOC_JUDG_CJ_2022_0142_20230706,2023-03-09
DOC_JUDG_CJ_2022_0142_20230706,2022-12-14
DOC_JUDG_CJ_2022_0143_20230921,2023-01-19
DOC_JUDG_CJ_2022_0143_20230921,2023-03-30
DOC_JUDG_CJ_2022_0147_20231019,2023-07-06
DOC_JUDG_CJ_2022_0148_20231128,2023-05-04
DOC_JUDG_CJ_2022_0148_20231128,2023-01-31
DOC_JUDG_CJ_2022_0156_20230511,2023-02-09
DOC_JUDG_CJ_2022_0162_20230907,2023-03-30
DOC_JUDG_CJ_2022_0162_20230907,2023-02-02
DOC_JUDG_CJ_2022_0167_20231221,2023-05-25
DOC_JUDG_CJ_2022_0167_20231221,2023-09-07
DOC_JUDG_CJ_2022_0169_20230907,2023-03-09
DOC_JUDG_CJ_2022_0173_P_20231130,2023-07-06
DOC_JUDG_CJ_2022_0173_P_20231130,2023-05-17
DOC_JUDG_CJ_2022_0175_20231109,2023-05-25
DOC_JUDG_CJ_2022_0175_20231109,2023-03-02
DOC_JUDG_CJ_2022_0178_20240430,2023-03-21
DOC_JUDG_CJ_2022_0178_20240430,2023-06-08
DOC_JUDG_CJ_2022_0180_20230713,2023-03-23
DOC_JUDG_CJ_2022_0181_P_20241212,2023-11-30
DOC_JUDG_CJ_2022_0182_20240620,2023-10-26
DOC_JUDG_CJ_2022_0183_20230615,2023-02-09
DOC_JUDG_CJ_2022_0183_20230615,2022-11-16
DOC_JUDG_CJ_2022_0184_20240729,2023-11-16
DOC_JUDG_CJ_2022_0186_20231019,2023-03-30
DOC_JUDG_CJ_2022_0201_20231123,2023-05-11
DOC_JUDG_CJ_2022_0203_20250227,2024-09-12
DOC_JUDG_CJ_2022_0206_20231214,2023-05-04
DOC_JUDG_CJ_2022_0207_20231026,2023-06-29
DOC_JUDG_CJ_2022_0207_20231026,2023-04-19
DOC_JUDG_CJ_2022_0209_20230907,2023-03-23
DOC_JUDG_CJ_2022_0210_20230921,2023-03-09
DOC_JUDG_CJ_2022_0216_20240208,2023-09-07
DOC_JUDG_CJ_2022_0218_20240118,2023-06-08
DOC_JUDG_CJ_2022_0219_20231005,2023-04-20
DOC_JUDG_CJ_2022_0221_P_20240611,2023-11-23
DOC_JUDG_CJ_2022_0221_P_20240611,2023-07-12
DOC_JUDG_CJ_2022_0222_20240229,2023-06-15
DOC_JUDG_CJ_2022_0225_20250904,2025-01-09
DOC_JUDG_CJ_2022_0225_20250904,2025-04-10
DOC_JUDG_CJ_2022_0226_20230907,2023-03-23
DOC_JUDG_CJ_2022_0227_20240118,2023-05-03
DOC_JUDG_CJ_2022_0227_20240118,2023-07-13
DOC_JUDG_CJ_2022_0231_20240111,2023-06-08
DOC_JUDG_CJ_2022_0231_20240111,2023-03-23
DOC_JUDG_CJ_2022_0234_20240307,2023-09-14
DOC_JUDG_CJ_2022_0237_P_20241004,2024-07-11
DOC_JUDG_CJ_2022_0237_P_20241004,2023-09-20
DOC_JUDG_CJ_2022_0242_PPU_20220801,2022-06-27
DOC_JUDG_CJ_2022_0242_PPU_20220801,2022-07-14
DOC_JUDG_CJ_2022_0246_20230914,2023-04-20
DOC_JUDG_CJ_2022_0249_20231026,2023-02-15
DOC_JUDG_CJ_2022_0249_20231026,2023-05-25
DOC_JUDG_CJ_2022_0252_20240111,2023-05-04
DOC_JUDG_CJ_2022_0252_20240111,2023-07-13
DOC_JUDG_CJ_2022_0255_P_20240926,2024-06-06
DOC_JUDG_CJ_2022_0255_P_20240926,2024-02-21
DOC_JUDG_CJ_2022_0256_P_20240208,2023-05-25
DOC_JUDG_CJ_2022_0260_20231123,2023-07-13
DOC_JUDG_CJ_2022_0260_20231123,2023-03-29
DOC_JUDG_CJ_2022_0261_20231221,2023-03-28
DOC_JUDG_CJ_2022_0261_20231221,2023-07-13
DOC_JUDG_CJ_2022_0265_20230713,2023-03-16
DOC_JUDG_CJ_2022_0266_20250313,2023-05-11
DOC_JUDG_CJ_2022_0271_20231109,2023-03-23
DOC_JUDG_CJ_2022_0276_20240425,2023-10-19
DOC_JUDG_CJ_2022_0276_20240425,2023-07-11
DOC_JUDG_CJ_2022_0277_20240125,2023-09-07
DOC_JUDG_CJ_2022_0278_20231221,2023-05-11
DOC_JUDG_CJ_2022_0278_20231221,2023-03-01
DOC_JUDG_CJ_2022_0281_20231221,2023-02-27
DOC_JUDG_CJ_2022_0281_20231221,2023-06-22
DOC_JUDG_CJ_2022_0283_20231116,2023-04-26
DOC_JUDG_CJ_2022_0288_20231221,2023-07-13
DOC_JUDG_CJ_2022_0288_20231221,2023-05-17
DOC_JUDG_CJ_2022_0291_P_20240314,2023-05-11
DOC_JUDG_CJ_2022_0291_P_20240314,2023-09-07
DOC_JUDG_CJ_2022_0294_20231005,2023-05-04
DOC_JUDG_CJ_2022_0294_20231005,2023-01-26
DOC_JUDG_CJ_2022_0298_20240729,2023-10-05
DOC_JUDG_CJ_2022_0298_20240729,2023-06-22
DOC_JUDG_CJ_2022_0299_20240229,2023-09-21
DOC_JUDG_CJ_2022_0299_20240229,2023-06-07
DOC_JUDG_CJ_2022_0301_20240425,2023-09-21
DOC_JUDG_CJ_2022_0303_20240118,2023-09-07
DOC_JUDG_CJ_2022_0303_20240118,2023-05-25
DOC_JUDG_CJ_2022_0305_20250904,2024-12-12
DOC_JUDG_CJ_2022_0305_20250904,2024-10-14
DOC_JUDG_CJ_2022_0305_20250904,2024-06-13
DOC_JUDG_CJ_2022_0305_20250904,2024-03-13
DOC_JUDG_CJ_2022_0305_20250904,2024-09-13
DOC_JUDG_CJ_2022_0307_20231026,2023-04-20
DOC_JUDG_CJ_2022_0308_20240425,2023-09-28
DOC_JUDG_CJ_2022_0309_20240425,2023-09-28
DOC_JUDG_CJ_2022_0311_20240222,2023-03-09
DOC_JUDG_CJ_2022_0311_20240222,2023-06-29
DOC_JUDG_CJ_2022_0314_20240229,2023-05-12
DOC_JUDG_CJ_2022_0316_20240411,2023-09-13
DOC_JUDG_CJ_2022_0316_20240411,2023-11-16
DOC_JUDG_CJ_2022_0319_20231109,2023-05-04
DOC_JUDG_CJ_2022_0321_20231123,2023-06-22
DOC_JUDG_CJ_2022_0321_20231123,2023-03-30
DOC_JUDG_CJ_2022_0326_20231012,2023-04-19
DOC_JUDG_CJ_2022_0328_20231130,2023-07-05
DOC_JUDG_CJ_2022_0330_20240111,2023-06-15
DOC_JUDG_CJ_2022_0330_20240111,2023-03-16
DOC_JUDG_CJ_2022_0333_20231116,2023-06-15
DOC_JUDG_CJ_2022_0333_20231116,2023-03-29
DOC_JUDG_CJ_2022_0334_20240125,2023-09-21
DOC_JUDG_CJ_2022_0334_20240125,2023-06-08
DOC_JUDG_CJ_2022_0336_20240314,2023-09-28
DOC_JUDG_CJ_2022_0336_20240314,2023-06-15
DOC_JUDG_CJ_2022_0339_20250225,2023-06-22
DOC_JUDG_CJ_2022_0339_20250225,2024-09-05
DOC_JUDG_CJ_2022_0339_20250225,2024-02-22
DOC_JUDG_CJ_2022_0339_20250225,2024-05-14
DOC_JUDG_CJ_2022_0340_20231221,2023-07-13
DOC_JUDG_CJ_2022_0340_20231221,2023-04-20
DOC_JUDG_CJ_2022_0341_20240307,2023-06-14
DOC_JUDG_CJ_2022_0341_20240307,2023-09-28
DOC_JUDG_CJ_2022_0345_20240425,2023-11-16
DOC_JUDG_CJ_2022_0351_20240910,2023-06-27
DOC_JUDG_CJ_2022_0351_20240910,2023-11-23
DOC_JUDG_CJ_2022_0352_20240618,2023-06-12
DOC_JUDG_CJ_2022_0352_20240618,2023-10-19
DOC_JUDG_CJ_2022_0354_20231123,2023-05-03
DOC_JUDG_CJ_2022_0354_20231123,2023-07-06
DOC_JUDG_CJ_2022_0359_20240418,2023-09-14
DOC_JUDG_CJ_2022_0361_20240111,2023-09-07
DOC_JUDG_CJ_2022_0363_P_20240111,2023-07-13
DOC_JUDG_CJ_2022_0371_20240111,2023-09-07
DOC_JUDG_CJ_2022_0374_20231123,2023-04-20
DOC_JUDG_CJ_2022_0376_20231109,2023-06-08
DOC_JUDG_CJ_2022_0387_20240926,2023-11-09
DOC_JUDG_CJ_2022_0387_20240926,2023-07-06
DOC_JUDG_CJ_2022_0390_20240125,2023-10-05
DOC_JUDG_CJ_2022_0390_20240125,2023-06-21
DOC_JUDG_CJ_2022_0392_20240229,2023-07-13
DOC_JUDG_CJ_2022_0394_20241114,2024-04-18
DOC_JUDG_CJ_2022_0394_20241114,2024-02-01
DOC_JUDG_CJ_2022_0395_20240430,2023-07-05
DOC_JUDG_CJ_2022_0395_20240430,2023-10-19
DOC_JUDG_CJ_2022_0399_20241004,2023-10-24
DOC_JUDG_CJ_2022_0400_20240530,2023-09-27
DOC_JUDG_CJ_2022_0400_20240530,2023-11-14
DOC_JUDG_CJ_2022_0402_20230706,2023-05-17
DOC_JUDG_CJ_2022_0406_20241004,2023-06-06
DOC_JUDG_CJ_2022_0406_20241004,2024-05-30
DOC_JUDG_CJ_2022_0409_20240711,2023-11-30
DOC_JUDG_CJ_2022_0409_20240711,2023-09-28
DOC_JUDG_CJ_2022_0420_20240425,2023-11-23
DOC_JUDG_CJ_2022_0420_20240425,2023-07-05
DOC_JUDG_CJ_2022_0421_20231221,2023-09-14
DOC_JUDG_CJ_2022_0421_20231221,2023-06-08
DOC_JUDG_CJ_2022_0422_20231116,2023-06-22
DOC_JUDG_CJ_2022_0425_20240704,2024-02-08
DOC_JUDG_CJ_2022_0431_20231221,2023-07-13
DOC_JUDG_CJ_2022_0431_20231221,2023-05-04
DOC_JUDG_CJ_2022_0432_20241128,2023-12-14
DOC_JUDG_CJ_2022_0433_20240111,2023-09-07
DOC_JUDG_CJ_2022_0434_20231207,2023-07-13
DOC_JUDG_CJ_2022_0435_PPU_20221028,2022-10-13
DOC_JUDG_CJ_2022_0435_PPU_20221028,2022-09-13
DOC_JUDG_CJ_2022_0436_20240729,2024-01-25
DOC_JUDG_CJ_2022_0437_20240229,2023-10-26
DOC_JUDG_CJ_2022_0438_20240125,2023-07-06
DOC_JUDG_CJ_2022_0442_20240130,2023-09-21
DOC_JUDG_CJ_2022_0447_P_20240905,2024-01-31
DOC_JUDG_CJ_2022_0447_P_20240905,2024-04-18
DOC_JUDG_CJ_2022_0450_20240704,2023-09-28
DOC_JUDG_CJ_2022_0451_20240118,2023-03-30
DOC_JUDG_CJ_2022_0451_20240118,2023-06-15
DOC_JUDG_CJ_2022_0473_20240111,2023-09-21
DOC_JUDG_CJ_2022_0492_PPU_20221208,2022-09-21
DOC_JUDG_CJ_2022_0492_PPU_20221208,2022-10-27
DOC_JUDG_CJ_2022_0496_20231005,2023-05-24
DOC_JUDG_CJ_2022_0497_20231116,2023-06-29
DOC_JUDG_CJ_2022_0498_20240905,2023-10-26
DOC_JUDG_CJ_2022_0509_20240418,2023-06-07
DOC_JUDG_CJ_2022_0509_20240418,2023-09-28
DOC_JUDG_CJ_2022_0512_P_20240919,2024-05-16
DOC_JUDG_CJ_2022_0516_20240314,2023-11-09
DOC_JUDG_CJ_2022_0517_P_20240111,2023-07-06
DOC_JUDG_CJ_2022_0517_P_20240111,2023-09-07
DOC_JUDG_CJ_2022_0518_20231207,2023-07-13
DOC_JUDG_CJ_2022_0531_20240118,2023-09-13
DOC_JUDG_CJ_2022_0533_20240613,2024-02-01
DOC_JUDG_CJ_2022_0535_P_20241004,2024-03-14
DOC_JUDG_CJ_2022_0536_20240314,2023-09-28
DOC_JUDG_CJ_2022_0538_20240704,2023-11-30
DOC_JUDG_CJ_2022_0540_20240620,2023-09-21
DOC_JUDG_CJ_2022_0540_20240620,2023-11-30
DOC_JUDG_CJ_2022_0541_P_20241004,2024-03-14
DOC_JUDG_CJ_2022_0547_20240606,2023-09-20
DOC_JUDG_CJ_2022_0547_20240606,2023-12-07
DOC_JUDG_CJ_2022_0548_20240912,2024-02-01
DOC_JUDG_CJ_2022_0549_20240229,2023-10-12
DOC_JUDG_CJ_2022_0549_20240229,2023-06-28
DOC_JUDG_CJ_2022_0555_P_20240919,2024-04-11
DOC_JUDG_CJ_2022_0555_P_20240919,2024-01-10
DOC_JUDG_CJ_2022_0563_20240613,2024-01-11
DOC_JUDG_CJ_2022_0566_20240208,2023-10-12
DOC_JUDG_CJ_2022_0573_20241219,2024-03-14
DOC_JUDG_CJ_2022_0573_20241219,2024-09-12
DOC_JUDG_CJ_2022_0579_P_20240912,2024-04-11
DOC_JUDG_CJ_2022_0582_20240307,2023-06-15
DOC_JUDG_CJ_2022_0582_20240307,2023-09-21
DOC_JUDG_CJ_2022_0583_PPU_20230112,2022-12-08
DOC_JUDG_CJ_2022_0583_PPU_20230112,2022-11-14
DOC_JUDG_CJ_2022_0584_20240229,2023-06-07
DOC_JUDG_CJ_2022_0584_20240229,2023-09-21
DOC_JUDG_CJ_2022_0585_20241004,2024-03-14
DOC_JUDG_CJ_2022_0585_20241004,2023-11-15
DOC_JUDG_CJ_2022_0597_P_20240926,2024-01-25
DOC_JUDG_CJ_2022_0597_P_20240926,2023-09-27
DOC_JUDG_CJ_2022_0600_P_20240926,2024-04-11
DOC_JUDG_CJ_2022_0601_20240711,2024-01-18
DOC_JUDG_CJ_2022_0601_20240711,2023-10-25
DOC_JUDG_CJ_2022_0603_20240905,2024-02-22
DOC_JUDG_CJ_2022_0603_20240905,2023-11-15
DOC_JUDG_CJ_2022_0604_20240307,2023-09-21
DOC_JUDG_CJ_2022_0606_20240321,2023-11-16
DOC_JUDG_CJ_2022_0608_20241004,2023-11-09
DOC_JUDG_CJ_2022_0611_P_20240903,2023-12-12
DOC_JUDG_CJ_2022_0611_P_20240903,2024-03-21
DOC_JUDG_CJ_2022_0623_20240729,2024-02-29
DOC_JUDG_CJ_2022_0623_20240729,2023-11-30
DOC_JUDG_CJ_2022_0624_20240729,2024-01-11
DOC_JUDG_CJ_2022_0624_20240729,2023-10-25
DOC_JUDG_CJ_2022_0626_20240625,2023-11-07
DOC_JUDG_CJ_2022_0626_20240625,2023-12-14
DOC_JUDG_CJ_2022_0627_20240530,2023-11-16
DOC_JUDG_CJ_2022_0632_20240711,2024-01-11
DOC_JUDG_CJ_2022_0632_20240711,2023-10-18
DOC_JUDG_CJ_2022_0633_20241004,2024-02-08
DOC_JUDG_CJ_2022_0633_20241004,2023-10-17
DOC_JUDG_CJ_2022_0634_20240418,2023-11-23
DOC_JUDG_CJ_2022_0638_PPU_20230216,2022-12-08
DOC_JUDG_CJ_2022_0638_PPU_20230216,2023-01-12
DOC_JUDG_CJ_2022_0639_20240905,2023-10-05
DOC_JUDG_CJ_2022_0646_20241114,2024-04-25
DOC_JUDG_CJ_2022_0650_20241004,2024-04-30
DOC_JUDG_CJ_2022_0650_20241004,2024-01-18
DOC_JUDG_CJ_2022_0652_20241022,2023-11-21
DOC_JUDG_CJ_2022_0652_20241022,2024-03-07
DOC_JUDG_CJ_2022_0654_20240411,2023-10-12
DOC_JUDG_CJ_2022_0657_20240425,2023-11-09
DOC_JUDG_CJ_2022_0661_20240222,2023-10-05
DOC_JUDG_CJ_2022_0662_20240530,2024-01-11
DOC_JUDG_CJ_2022_0663_20240530,2024-01-11
DOC_JUDG_CJ_2022_0664_20240530,2024-01-11
DOC_JUDG_CJ_2022_0665_20240530,2024-01-11
DOC_JUDG_CJ_2022_0670_20240430,2023-07-04
DOC_JUDG_CJ_2022_0670_20240430,2023-10-26
DOC_JUDG_CJ_2022_0671_20240321,2023-11-16
DOC_JUDG_CJ_2022_0676_20240229,2023-10-04
DOC_JUDG_CJ_2022_0677_20250206,2024-05-30
DOC_JUDG_CJ_2022_0680_P_20241212,2023-12-07
DOC_JUDG_CJ_2022_0683_20241107,2024-02-28
DOC_JUDG_CJ_2022_0683_20241107,2024-04-30
DOC_JUDG_CJ_2022_0684_20240425,2023-12-14
DOC_JUDG_CJ_2022_0695_20240516,2023-11-14
DOC_JUDG_CJ_2022_0697_P_20240729,2024-02-22
DOC_JUDG_CJ_2022_0697_P_20240729,2024-05-16
DOC_JUDG_CJ_2022_0701_20241017,2024-03-07
DOC_JUDG_CJ_2022_0706_20240516,2023-12-07
DOC_JUDG_CJ_2022_0706_20240516,2023-09-28
DOC_JUDG_CJ_2022_0709_20240912,2024-04-11
DOC_JUDG_CJ_2022_0710_P_20240926,2024-04-11
DOC_JUDG_CJ_2022_0710_P_20240926,2024-01-17
DOC_JUDG_CJ_2022_0714_20240321,2023-11-15
DOC_JUDG_CJ_2022_0716_20240418,2023-11-16
DOC_JUDG_CJ_2022_0717_20241219,2024-05-08
DOC_JUDG_CJ_2022_0719_20241121,2024-03-07
DOC_JUDG_CJ_2022_0727_20241004,2023-11-08
DOC_JUDG_CJ_2022_0728_20250320,2024-04-24
DOC_JUDG_CJ_2022_0728_20250320,2024-07-04
DOC_JUDG_CJ_2022_0741_20240912,2024-04-25
DOC_JUDG_CJ_2022_0743_20240530,2024-01-25
DOC_JUDG_CJ_2022_0746_20240516,2023-12-14
DOC_JUDG_CJ_2022_0752_20240314,2023-10-26
DOC_JUDG_CJ_2022_0753_20240618,2024-01-25
DOC_JUDG_CJ_2022_0753_20240618,2023-09-26
DOC_JUDG_CJ_2022_0757_20240711,2024-01-25
DOC_JUDG_CJ_2022_0757_20240711,2023-11-23
DOC_JUDG_CJ_2022_0758_20241128,2024-02-29
DOC_JUDG_CJ_2022_0758_20241128,2023-12-13
DOC_JUDG_CJ_2022_0760_20240704,2024-04-18
DOC_JUDG_CJ_2022_0763_20250320,2024-09-05
DOC_JUDG_CJ_2022_0763_20250320,2023-11-28
DOC_JUDG_CJ_2022_0771_20240729,2023-12-07
DOC_JUDG_CJ_2022_0771_20240729,2024-03-07
DOC_JUDG_CJ_2022_0774_20240729,2024-03-07
DOC_JUDG_CJ_2022_0776_P_20250904,2025-02-27
DOC_JUDG_CJ_2022_0777_P_20250715,2024-06-25
DOC_JUDG_CJ_2022_0777_P_20250715,2024-11-21
DOC_JUDG_CJ_2022_0792_20240926,2024-04-11
DOC_JUDG_CJ_2022_0793_20241004,2024-01-25
DOC_JUDG_CJ_2022_0793_20241004,2024-03-21
DOC_JUDG_CJ_2023_0001_PPU_20230418,2023-03-01
DOC_JUDG_CJ_2023_0001_PPU_20230418,2023-03-09
DOC_JUDG_CJ_2023_0004_20241004,2024-01-23
DOC_JUDG_CJ_2023_0014_20240729,2023-11-16
DOC_JUDG_CJ_2023_0014_20240729,2023-10-11
DOC_JUDG_CJ_2023_0016_20241017,2024-03-14
DOC_JUDG_CJ_2023_0016_20241017,2024-01-24
DOC_JUDG_CJ_2023_0018_20250227,2024-07-11
DOC_JUDG_CJ_2023_0018_20250227,2024-05-29
DOC_JUDG_CJ_2023_0020_20240508,2024-01-11
DOC_JUDG_CJ_2023_0021_20241004,2024-04-25
DOC_JUDG_CJ_2023_0021_20241004,2024-01-09
DOC_JUDG_CJ_2023_0022_20240418,2024-01-11
DOC_JUDG_CJ_2023_0023_20240919,2024-05-30
DOC_JUDG_CJ_2023_0023_20240919,2024-03-07
DOC_JUDG_CJ_2023_0027_20240516,2024-01-25
DOC_JUDG_CJ_2023_0028_20241017,2024-04-11
DOC_JUDG_CJ_2023_0028_20241017,2024-02-01
DOC_JUDG_CJ_2023_0035_20240620,2024-02-08
DOC_JUDG_CJ_2023_0035_20240620,2023-12-07
DOC_JUDG_CJ_2023_0036_20240425,2023-11-22
DOC_JUDG_CJ_2023_0039_20240729,2024-01-11
DOC_JUDG_CJ_2023_0039_20240729,2024-03-21
DOC_JUDG_CJ_2023_0047_20241114,2024-03-06
DOC_JUDG_CJ_2023_0047_20241114,2024-09-05
DOC_JUDG_CJ_2023_0048_20250306,2024-09-05
DOC_JUDG_CJ_2023_0053_20240508,2024-02-01
DOC_JUDG_CJ_2023_0059_P_20250911,2025-02-27
DOC_JUDG_CJ_2023_0059_P_20250911,2024-11-12
DOC_JUDG_CJ_2023_0060_20241017,2024-02-07
DOC_JUDG_CJ_2023_0060_20241017,2024-04-25
DOC_JUDG_CJ_2023_0063_20240912,2024-03-07
DOC_JUDG_CJ_2023_0063_20240912,2024-01-17
DOC_JUDG_CJ_2023_0066_20240912,2024-01-18
DOC_JUDG_CJ_2023_0066_20240912,2024-02-22
DOC_JUDG_CJ_2023_0070_P_20240704,2024-02-01
DOC_JUDG_CJ_2023_0071_P_20250801,2025-02-06
DOC_JUDG_CJ_2023_0071_P_20250801,2024-11-07
DOC_JUDG_CJ_2023_0073_20240912,2024-04-25
DOC_JUDG_CJ_2023_0080_20241128,2024-06-13
DOC_JUDG_CJ_2023_0080_20241128,2024-03-20
DOC_JUDG_CJ_2023_0083_20240905,2024-01-11
DOC_JUDG_CJ_2023_0086_20240905,2024-03-14
DOC_JUDG_CJ_2023_0087_20240704,2024-03-07
DOC_JUDG_CJ_2023_0088_20240919,2024-03-13
DOC_JUDG_CJ_2023_0088_20240919,2024-06-06
DOC_JUDG_CJ_2023_0104_20240613,2024-01-18
DOC_JUDG_CJ_2023_0107_PPU_20230724,2023-05-10
DOC_JUDG_CJ_2023_0107_PPU_20230724,2023-06-29
DOC_JUDG_CJ_2023_0109_20240905,2024-04-11
DOC_JUDG_CJ_2023_0109_20240905,2024-01-25
DOC_JUDG_CJ_2023_0118_20241212,2024-03-21
DOC_JUDG_CJ_2023_0119_20240729,2024-04-18
DOC_JUDG_CJ_2023_0119_20240729,2024-01-16
DOC_JUDG_CJ_2023_0121_P_20250213,2024-07-11
DOC_JUDG_CJ_2023_0121_P_20250213,2024-05-08
DOC_JUDG_CJ_2023_0126_20241107,2024-05-08
DOC_JUDG_CJ_2023_0126_20241107,2024-02-21
DOC_JUDG_CJ_2023_0134_20241004,2024-06-13
DOC_JUDG_CJ_2023_0134_20241004,2024-03-14
DOC_JUDG_CJ_2023_0135_20240620,2024-02-22
DOC_JUDG_CJ_2023_0137_20250313,2024-09-05
DOC_JUDG_CJ_2023_0137_20250313,2024-05-16
DOC_JUDG_CJ_2023_0144_20241015,2024-06-18
DOC_JUDG_CJ_2023_0144_20241015,2024-03-05
DOC_JUDG_CJ_2023_0146_20250225,2024-06-13
DOC_JUDG_CJ_2023_0146_20250225,2024-03-12
DOC_JUDG_CJ_2023_0147_20240425,2024-03-14
DOC_JUDG_CJ_2023_0148_20240627,2024-02-07
DOC_JUDG_CJ_2023_0156_20241017,2024-03-21
DOC_JUDG_CJ_2023_0156_20241017,2024-05-16
DOC_JUDG_CJ_2023_0157_20241219,2024-04-18
DOC_JUDG_CJ_2023_0157_20241219,2024-02-08
DOC_JUDG_CJ_2023_0158_20250204,2024-02-20
DOC_JUDG_CJ_2023_0158_20250204,2024-06-06
DOC_JUDG_CJ_2023_0159_20241017,2024-04-25
DOC_JUDG_CJ_2023_0159_20241017,2024-01-25
DOC_JUDG_CJ_2023_0169_20241128,2024-06-06
DOC_JUDG_CJ_2023_0171_20241004,2024-05-16
DOC_JUDG_CJ_2023_0174_20240729,2024-02-08
DOC_JUDG_CJ_2023_0181_20250429,2024-10-04
DOC_JUDG_CJ_2023_0181_20250429,2024-06-17
DOC_JUDG_CJ_2023_0184_20240711,2024-05-16
DOC_JUDG_CJ_2023_0185_20240729,2024-05-16
DOC_JUDG_CJ_2023_0185_20240729,2024-01-30
DOC_JUDG_CJ_2023_0187_20250123,2024-04-11
DOC_JUDG_CJ_2023_0187_20250123,2024-01-31
DOC_JUDG_CJ_2023_0188_20250121,2024-02-27
DOC_JUDG_CJ_2023_0188_20250121,2024-05-16
DOC_JUDG_CJ_2023_0197_20241114,2024-03-07
DOC_JUDG_CJ_2023_0197_20241114,2024-06-20
DOC_JUDG_CJ_2023_0200_20241004,2024-03-07
DOC_JUDG_CJ_2023_0200_20241004,2024-05-30
DOC_JUDG_CJ_2023_0205_20250130,2024-07-11
DOC_JUDG_CJ_2023_0205_20250130,2024-04-24
DOC_JUDG_CJ_2023_0217_20250327,2024-09-05
DOC_JUDG_CJ_2023_0224_P_20240905,2024-03-21
DOC_JUDG_CJ_2023_0227_20241024,2024-09-05
DOC_JUDG_CJ_2023_0227_20241024,2024-03-20
DOC_JUDG_CJ_2023_0228_20241004,2024-02-21
DOC_JUDG_CJ_2023_0228_20241004,2024-04-25
DOC_JUDG_CJ_2023_0230_20241114,2024-06-06
DOC_JUDG_CJ_2023_0230_20241114,2024-03-06
DOC_JUDG_CJ_2023_0233_20250225,2024-04-23
DOC_JUDG_CJ_2023_0236_20240919,2024-06-27
DOC_JUDG_CJ_2023_0239_20241017,2024-04-25
DOC_JUDG_CJ_2023_0240_20241004,2024-06-18
DOC_JUDG_CJ_2023_0240_20241004,2024-03-18
DOC_JUDG_CJ_2023_0242_20241004,2024-04-09
DOC_JUDG_CJ_2023_0242_20241004,2024-06-13
DOC_JUDG_CJ_2023_0243_20240912,2024-06-06
DOC_JUDG_CJ_2023_0243_20240912,2024-03-13
DOC_JUDG_CJ_2023_0247_20250313,2024-06-03
DOC_JUDG_CJ_2023_0247_20250313,2024-09-12
DOC_JUDG_CJ_2023_0248_20240912,2024-06-06
DOC_JUDG_CJ_2023_0248_20240912,2024-03-19
DOC_JUDG_CJ_2023_0253_20250128,2024-05-07
DOC_JUDG_CJ_2023_0253_20250128,2024-09-19
DOC_JUDG_CJ_2023_0256_20240905,2024-06-06
DOC_JUDG_CJ_2023_0256_20240905,2024-03-20
DOC_JUDG_CJ_2023_0269_P_20241128,2024-05-16
DOC_JUDG_CJ_2023_0277_20250116,2024-07-04
DOC_JUDG_CJ_2023_0292_20250408,2024-09-10
DOC_JUDG_CJ_2023_0292_20250408,2024-10-04
DOC_JUDG_CJ_2023_0295_20241219,2024-07-04
DOC_JUDG_CJ_2023_0295_20241219,2024-04-30
DOC_JUDG_CJ_2023_0297_P_20241121,2024-05-30
DOC_JUDG_CJ_2023_0313_20250430,2024-10-04
DOC_JUDG_CJ_2023_0314_20241004,2024-03-19
DOC_JUDG_CJ_2023_0314_20241004,2024-06-06
DOC_JUDG_CJ_2023_0324_20250508,2024-12-12
DOC_JUDG_CJ_2023_0324_20250508,2024-10-17
DOC_JUDG_CJ_2023_0331_20241212,2024-09-05
DOC_JUDG_CJ_2023_0346_20250116,2024-09-05
DOC_JUDG_CJ_2023_0346_20250116,2024-05-08
DOC_JUDG_CJ_2023_0350_20240919,2024-06-06
DOC_JUDG_CJ_2023_0351_20250624,2024-11-14
DOC_JUDG_CJ_2023_0365_20250320,2024-10-04
DOC_JUDG_CJ_2023_0365_20250320,2024-06-13
DOC_JUDG_CJ_2023_0368_20240926,2024-06-13
DOC_JUDG_CJ_2023_0368_20240926,2024-04-09
DOC_JUDG_CJ_2023_0369_20241219,2024-07-11
DOC_JUDG_CJ_2023_0370_20241121,2024-07-04
DOC_JUDG_CJ_2023_0370_20241121,2024-05-15
DOC_JUDG_CJ_2023_0376_20250116,2024-07-11
DOC_JUDG_CJ_2023_0379_20241205,2024-06-13
DOC_JUDG_CJ_2023_0383_20250213,2024-09-12
DOC_JUDG_CJ_2023_0383_20250213,2024-06-19
DOC_JUDG_CJ_2023_0386_20250430,2024-10-17
DOC_JUDG_CJ_2023_0386_20250430,2024-06-20
DOC_JUDG_CJ_2023_0393_20250213,2024-06-06
DOC_JUDG_CJ_2023_0393_20250213,2024-09-26
DOC_JUDG_CJ_2023_0394_20250109,2024-07-11
DOC_JUDG_CJ_2023_0394_20250109,2024-04-29
DOC_JUDG_CJ_2023_0395_20250306,2024-11-28
DOC_JUDG_CJ_2023_0395_20250306,2024-09-12
DOC_JUDG_CJ_2023_0397_20250801,2024-11-14
DOC_JUDG_CJ_2023_0397_20250801,2025-02-13
DOC_JUDG_CJ_2023_0400_20250116,2024-07-11
DOC_JUDG_CJ_2023_0413_P_20250904,2025-02-06
DOC_JUDG_CJ_2023_0413_P_20250904,2024-11-07
DOC_JUDG_CJ_2023_0414_20250515,2024-10-17
DOC_JUDG_CJ_2023_0414_20250515,2024-12-12
DOC_JUDG_CJ_2023_0416_20250109,2024-09-05
DOC_JUDG_CJ_2023_0419_20241212,2024-07-11
DOC_JUDG_CJ_2023_0422_20250801,2025-01-08
DOC_JUDG_CJ_2023_0424_20250116,2024-09-12
DOC_JUDG_CJ_2023_0424_20250116,2024-05-30
DOC_JUDG_CJ_2023_0427_20250801,2024-10-17
DOC_JUDG_CJ_2023_0427_20250801,2024-12-19
DOC_JUDG_CJ_2023_0431_20250403,2024-10-24
DOC_JUDG_CJ_2023_0432_20240926,2024-05-30
DOC_JUDG_CJ_2023_0438_20241004,2024-09-05
DOC_JUDG_CJ_2023_0452_20250429,2024-10-17
DOC_JUDG_CJ_2023_0452_20250429,2024-07-09
DOC_JUDG_CJ_2023_0453_20250429,2024-10-17
DOC_JUDG_CJ_2023_0453_20250429,2024-07-08
DOC_JUDG_CJ_2023_0460_20250603,2024-11-07
DOC_JUDG_CJ_2023_0460_20250603,2024-06-18
DOC_JUDG_CJ_2023_0476_20241024,2024-05-28
DOC_JUDG_CJ_2023_0481_20250410,2024-11-13
DOC_JUDG_CJ_2023_0489_20250904,2025-05-15
DOC_JUDG_CJ_2023_0510_20250130,2024-09-05
DOC_JUDG_CJ_2023_0511_20250130,2024-09-05
DOC_JUDG_CJ_2023_0514_20250801,2025-02-06
DOC_JUDG_CJ_2023_0514_20250801,2024-11-07
DOC_JUDG_CJ_2023_0515_20250327,2024-11-13
DOC_JUDG_CJ_2023_0517_20250227,2024-06-27
DOC_JUDG_CJ_2023_0517_20250227,2024-10-24
DOC_JUDG_CJ_2023_0526_20241128,2024-09-05
DOC_JUDG_CJ_2023_0529_P_20250703,2025-01-30
DOC_JUDG_CJ_2023_0529_P_20250703,2024-11-28
DOC_JUDG_CJ_2023_0530_20250508,2024-11-14
DOC_JUDG_CJ_2023_0536_20250430,2025-01-09
DOC_JUDG_CJ_2023_0538_20250522,2024-11-07
DOC_JUDG_CJ_2023_0543_20250904,2025-06-05
DOC_JUDG_CJ_2023_0543_20250904,2025-03-12
DOC_JUDG_CJ_2023_0544_20250801,2025-02-04
DOC_JUDG_CJ_2023_0544_20250801,2024-09-24
DOC_JUDG_CJ_2023_0554_P_20250430,2024-11-28
DOC_JUDG_CJ_2023_0555_20250626,2025-01-30
DOC_JUDG_CJ_2023_0555_20250626,2024-10-16
DOC_JUDG_CJ_2023_0575_20250306,2024-10-24
DOC_JUDG_CJ_2023_0575_20250306,2024-06-20
DOC_JUDG_CJ_2023_0578_20250109,2024-09-26
DOC_JUDG_CJ_2023_0579_P_20241004,2024-06-27
DOC_JUDG_CJ_2023_0581_20250508,2025-01-09
DOC_JUDG_CJ_2023_0581_20250508,2024-10-16
DOC_JUDG_CJ_2023_0582_20250703,2025-03-06
DOC_JUDG_CJ_2023_0582_20250703,2024-11-14
DOC_JUDG_CJ_2023_0583_20250109,2024-10-04
DOC_JUDG_CJ_2023_0584_20250410,2024-12-12
DOC_JUDG_CJ_2023_0596_20241219,2024-09-26
DOC_JUDG_CJ_2023_0600_20250801,2025-01-16
DOC_JUDG_CJ_2023_0600_20250801,2024-10-01
DOC_JUDG_CJ_2023_0602_20250430,2024-11-07
DOC_JUDG_CJ_2023_0610_20250703,2025-02-06
DOC_JUDG_CJ_2023_0613_20241114,2024-07-11
DOC_JUDG_CJ_2023_0615_20250508,2025-02-13
DOC_JUDG_CJ_2023_0618_20250626,2024-11-27
DOC_JUDG_CJ_2023_0618_20250626,2025-01-30
DOC_JUDG_CJ_2023_0621_P_20250522,2024-11-14
DOC_JUDG_CJ_2023_0627_20250109,2024-09-05
DOC_JUDG_CJ_2023_0629_20250612,2024-12-12
DOC_JUDG_CJ_2023_0629_20250612,2024-11-06
DOC_JUDG_CJ_2023_0635_20250710,2025-02-13
DOC_JUDG_CJ_2023_0635_20250710,2024-11-13
DOC_JUDG_CJ_2023_0636_20250801,2025-01-30
DOC_JUDG_CJ_2023_0653_20250703,2025-03-13
DOC_JUDG_CJ_2023_0653_20250703,2024-12-11
DOC_JUDG_CJ_2023_0655_20250904,2025-03-20
DOC_JUDG_CJ_2023_0657_20250410,2024-12-11
DOC_JUDG_CJ_2023_0662_20250508,2024-12-12
DOC_JUDG_CJ_2023_0662_20250508,2024-10-23
DOC_JUDG_CJ_2023_0665_20250801,2025-01-09
DOC_JUDG_CJ_2023_0685_20250605,2024-11-14
DOC_JUDG_CJ_2023_0687_20250911,2025-02-13
DOC_JUDG_CJ_2023_0702_P_20250801,2025-04-10
DOC_JUDG_CJ_2023_0703_P_20250801,2025-04-10
DOC_JUDG_CJ_2023_0715_20250710,2024-12-12
DOC_JUDG_CJ_2023_0715_20250710,2025-03-13
DOC_JUDG_CJ_2023_0717_20250515,2024-10-23
DOC_JUDG_CJ_2023_0717_20250515,2025-01-23
DOC_JUDG_CJ_2023_0726_20250904,2025-04-03
DOC_JUDG_CJ_2023_0726_20250904,2025-01-16
DOC_JUDG_CJ_2023_0733_20250703,2025-02-13
DOC_JUDG_CJ_2023_0745_20250430,2024-11-28
DOC_JUDG_CJ_2023_0759_20250626,2024-11-28
DOC_JUDG_CJ_2023_0759_20250626,2025-01-30
DOC_JUDG_CJ_2023_0764_20250911,2025-03-27
DOC_JUDG_CJ_2023_0782_20250515,2024-11-06
DOC_JUDG_CJ_2023_0782_20250515,2025-01-23
DOC_JUDG_CJ_2023_0783_20250710,2025-01-30
DOC_JUDG_CJ_2023_0784_20250801,2025-02-06
DOC_JUDG_CJ_2023_0784_20250801,2024-12-11
DOC_JUDG_CJ_2023_0785_20250619,2025-01-24
DOC_JUDG_CJ_2023_0794_20250801,2024-12-19
DOC_JUDG_CJ_2023_0807_20250403,2024-11-27
DOC_JUDG_CJ_2023_0808_20250703,2025-03-06
DOC_JUDG_CJ_2023_0809_20250320,2024-09-19
DOC_JUDG_CJ_2024_0005_20250911,2025-04-03
DOC_JUDG_CJ_2024_0007_20250612,2025-03-26
DOC_JUDG_CJ_2024_0015_PPU_20240514,2024-03-11
DOC_JUDG_CJ_2024_0015_PPU_20240514,2024-04-11
DOC_JUDG_CJ_2024_0017_20250619,2024-11-13
DOC_JUDG_CJ_2024_0017_20250619,2025-02-06
DOC_JUDG_CJ_2024_0021_20250904,2025-04-03
DOC_JUDG_CJ_2024_0021_20250904,2025-01-16
DOC_JUDG_CJ_2024_0037_20250710,2024-12-11
DOC_JUDG_CJ_2024_0038_20250911,2025-03-13
DOC_JUDG_CJ_2024_0076_20250801,2025-03-27
DOC_JUDG_CJ_2024_0082_20250605,2025-02-06
DOC_JUDG_CJ_2024_0092_20250801,2025-03-27
DOC_JUDG_CJ_2024_0097_20250801,2025-04-10
DOC_JUDG_CJ_2024_0097_20250801,2025-02-06
DOC_JUDG_CJ_2024_0115_20250911,2025-02-13
DOC_JUDG_CJ_2024_0115_20250911,2025-05-08
DOC_JUDG_CJ_2024_0125_20250612,2025-03-06
DOC_JUDG_CJ_2024_0202_20240729,2024-06-27
DOC_JUDG_CJ_2024_0202_20240729,2024-06-04
DOC_JUDG_CJ_2024_0206_20250801,2025-03-06
DOC_JUDG_CJ_2024_0215_20250911,2025-03-19
DOC_JUDG_CJ_2024_0215_20250911,2025-06-05
DOC_JUDG_CJ_2024_0244_20241219,2024-09-03
DOC_JUDG_CJ_2024_0244_20241219,2024-10-22
DOC_JUDG_CJ_2024_0249_20250904,2025-03-20
DOC_JUDG_CJ_2024_0276_20250710,2025-03-05
DOC_JUDG_CJ_2024_0294_20250710,2025-03-05
DOC_JUDG_CJ_2024_0318_PPU_20240729,2024-06-24
DOC_JUDG_CJ_2024_0318_PPU_20240729,2024-07-11
DOC_JUDG_CJ_2024_0341_20250911,2025-04-03
DOC_JUDG_CJ_2024_0387_PPU_20241004,2024-07-15
DOC_JUDG_CJ_2024_0387_PPU_20241004,2024-09-05
DOC_JUDG_CJ_2024_0433_20250801,2025-06-12
DOC_JUDG_CJ_2024_0433_20250801,2025-03-20
DOC_JUDG_CJ_2024_0743_20250403,2025-01-21
DOC_JUDG_CJ_2024_0743_20250403,2025-02-13
DOC_JUDG_CJ_2024_0758_20250801,2025-04-10
DOC_JUDG_CJ_2024_0758_20250801,2025-02-25
DOC_JUDG_CJ_2025_0135_PPU_20250520,2025-04-03
DOC_JUDG_CJ_2025_0135_PPU_20250520,2025-04-30
DOC_JUDG_CJ_2025_0219_PPU_20250619,2025-05-08
DOC_JUDG_CJ_2025_0219_PPU_20250619,2025-05-22
DOC_JUDG_CJ_2025_0313_PPU_20250904,2025-07-01
DOC_JUDG_CJ_2025_0313_PPU_20250904,2025-08-01
DOC_JUDG_CST_2005_0001_20061026,2006-07-12
DOC_JUDG_CST_2005_0005_20090428,2007-07-03
DOC_JUDG_CST_2005_0012_20060711,2006-05-17
DOC_JUDG_CST_2005_0015_20080624,2007-05-22
DOC_JUDG_CST_2005_0016_20060426,2006-03-28
DOC_JUDG_CST_2005_0017_20061213,2006-09-13
DOC_JUDG_CST_2005_0018_20060712,2006-05-30
DOC_JUDG_CST_2005_0019_20060628,2006-06-01
DOC_JUDG_CST_2005_0022_20061213,2006-06-21
DOC_JUDG_CST_2005_0023_20070502,2006-07-11
DOC_JUDG_CST_2005_0025_20060615,2006-04-04
DOC_JUDG_CST_2005_0027_20060628,2006-05-16
DOC_JUDG_CST_2005_0029_20100930,2010-03-18
DOC_JUDG_CST_2005_0030_20070301,2006-06-22
DOC_JUDG_CST_2005_0031_20070329,2006-11-08
DOC_JUDG_CST_2005_0036_20100930,2010-03-18
DOC_JUDG_CST_2005_0037_20090924,2009-04-30
DOC_JUDG_CST_2005_0039_20060628,2006-05-17
DOC_JUDG_CST_2005_0040_20071108,2006-11-23
DOC_JUDG_CST_2005_0041_20100930,2010-03-17
DOC_JUDG_CST_2005_0042_20070201,2006-06-15
DOC_JUDG_CST_2005_0043_20070123,2006-09-13
DOC_JUDG_CST_2005_0044_20080925,2007-07-11
DOC_JUDG_CST_2005_0044_RENV_20121023,2012-01-19
DOC_JUDG_CST_2005_0051_20071213,2007-07-11
DOC_JUDG_CST_2005_0052_20081209,2007-06-19
DOC_JUDG_CST_2005_0056_20110929,2011-04-12
DOC_JUDG_CST_2005_0059_20061019,2006-06-22
DOC_JUDG_CST_2005_0061_20080424,2008-01-31
DOC_JUDG_CST_2005_0065_20071213,2007-07-05
DOC_JUDG_CST_2005_0067_20071122,2007-04-18
DOC_JUDG_CST_2005_0067_RENV_20101214,2010-06-30
DOC_JUDG_CST_2005_0070_20110929,2011-04-12
DOC_JUDG_CST_2005_0071_20071025,2006-11-16
DOC_JUDG_CST_2005_0072_20070301,2006-09-14
DOC_JUDG_CST_2005_0074_20061214,2006-07-06
DOC_JUDG_CST_2005_0076_20100930,2010-03-18
DOC_JUDG_CST_2005_0077_20061130,2006-06-01
DOC_JUDG_CST_2005_0083_20101209,2009-09-24
DOC_JUDG_CST_2005_0084_20070301,2006-11-16
DOC_JUDG_CST_2005_0085_20101028,2010-03-22
DOC_JUDG_CST_2005_0088_20061214,2006-10-11
DOC_JUDG_CST_2005_0092_20070116,2006-09-20
DOC_JUDG_CST_2005_0093_20110929,2011-04-12
DOC_JUDG_CST_2005_0095_20071213,2007-06-28
DOC_JUDG_CST_2005_0097_20080131,2007-09-12
DOC_JUDG_CST_2005_0098_20080131,2007-09-12
DOC_JUDG_CST_2005_0099_20080131,2007-09-12
DOC_JUDG_CST_2005_0100_20061114,2006-09-19
DOC_JUDG_CST_2005_0101_20060628,2006-04-06
DOC_JUDG_CST_2005_0103_20080423,2007-07-10
DOC_JUDG_CST_2005_0104_20080131,2007-09-12
DOC_JUDG_CST_2005_0105_20070711,2007-02-13
DOC_JUDG_CST_2005_0106_20081209,2007-06-19
DOC_JUDG_CST_2005_0107_20100930,2010-03-18
DOC_JUDG_CST_2005_0108_20070925,2007-05-02
DOC_JUDG_CST_2005_0111_20070315,2006-11-30
DOC_JUDG_CST_2005_0112_20080423,2007-07-10
DOC_JUDG_CST_2005_0113_20101028,2010-03-22
DOC_JUDG_CST_2005_0114_20061019,2006-09-13
DOC_JUDG_CST_2005_0115_20070116,2006-10-17
DOC_JUDG_CST_2005_0116_20080624,2007-05-22
DOC_JUDG_CST_2005_0119_20070116,2006-10-04
DOC_JUDG_CST_2005_0120_20071120,2007-05-02
DOC_JUDG_CST_2005_0121_20070614,2006-12-05
DOC_JUDG_CST_2005_0122_20061214,2006-09-21
DOC_JUDG_CST_2005_0124_20100113,2009-04-01
DOC_JUDG_CST_2005_0125_20070201,2006-12-07
DOC_JUDG_CST_2005_0126_20070116,2006-09-27
DOC_JUDG_CST_2005_0130_20071213,2007-06-28
DOC_JUDG_CST_2006_0001_20070214,2006-11-15
DOC_JUDG_CST_2006_0003_20070116,2006-10-24
DOC_JUDG_CST_2006_0004_20061114,2006-09-12
DOC_JUDG_CST_2006_0007_20070711,2007-03-27
DOC_JUDG_CST_2006_0010_20061214,2006-10-04
DOC_JUDG_CST_2006_0019_20080221,2007-01-11
DOC_JUDG_CST_2006_0020_20100930,2010-03-22
DOC_JUDG_CST_2006_0020_RENV_20130130,2012-09-05
DOC_JUDG_CST_2006_0021_20070628,2007-03-15
DOC_JUDG_CST_2006_0024_20070705,2007-03-22
DOC_JUDG_CST_2006_0025_20070705,2007-03-22
DOC_JUDG_CST_2006_0026_20070705,2007-03-22
DOC_JUDG_CST_2006_0028_20071213,2007-07-05
DOC_JUDG_CST_2006_0029_20110926,2011-02-08
DOC_JUDG_CST_2006_0032_20071004,2007-03-22
DOC_JUDG_CST_2006_0034_20071122,2007-04-18
DOC_JUDG_CST_2006_0038_20070628,2007-03-20
DOC_JUDG_CST_2006_0041_20081104,2007-11-27
DOC_JUDG_CST_2006_0041_RENV_20121106,2012-05-22
DOC_JUDG_CST_2006_0042_20071213,2007-03-08
DOC_JUDG_CST_2006_0043_20070919,2007-01-31
DOC_JUDG_CST_2006_0044_20070417,2007-01-23
DOC_JUDG_CST_2006_0046_20080306,2007-07-05
DOC_JUDG_CST_2006_0048_20081105,2008-05-08
DOC_JUDG_CST_2006_0049_20081009,2007-11-29
DOC_JUDG_CST_2006_0050_20070425,2007-01-17
DOC_JUDG_CST_2006_0052_20071129,2007-07-04
DOC_JUDG_CST_2006_0054_20070619,2007-03-06
DOC_JUDG_CST_2006_0055_20070125,2006-11-23
DOC_JUDG_CST_2006_0057_20071107,2007-05-22
DOC_JUDG_CST_2006_0061_20080710,2007-11-21
DOC_JUDG_CST_2006_0062_20070213,2007-01-23
DOC_JUDG_CST_2006_0064_20100708,2010-03-24
DOC_JUDG_CST_2006_0067_20100708,2010-03-23
DOC_JUDG_CST_2006_0068_20080403,2008-01-30
DOC_JUDG_CST_2006_0071_20070425,2007-01-17
DOC_JUDG_CST_2006_0072_20090428,2007-07-03
DOC_JUDG_CST_2006_0073_20071213,2007-06-14
DOC_JUDG_CST_2006_0074_20080424,2007-12-05
DOC_JUDG_CST_2006_0076_20071113,2007-06-05
DOC_JUDG_CST_2006_0077_20071113,2007-06-05
DOC_JUDG_CST_2006_0083_20081211,2008-04-24
DOC_JUDG_CST_2006_0085_20071009,2007-04-17
DOC_JUDG_CST_2006_0093_20070705,2007-04-19
DOC_JUDG_CST_2006_0095_20080514,2007-09-12
DOC_JUDG_CST_2006_0097_20070522,2007-02-27
DOC_JUDG_CST_2006_0099_20070522,2007-02-27
DOC_JUDG_CST_2006_0104_20090312,2008-05-08
DOC_JUDG_CST_2006_0107_20071010,2007-06-13
DOC_JUDG_CST_2006_0108_20071213,2007-06-28
DOC_JUDG_CST_2006_0109_20071122,2007-07-12
DOC_JUDG_CST_2006_0110_20071122,2007-07-12
DOC_JUDG_CST_2006_0111_20070920,2007-05-10
DOC_JUDG_CST_2006_0112_20071018,2007-06-21
DOC_JUDG_CST_2006_0113_20081211,2008-04-01
DOC_JUDG_CST_2006_0116_20081211,2008-04-01
DOC_JUDG_CST_2006_0119_20080508,2007-09-06
DOC_JUDG_CST_2006_0121_20080911,2008-04-02
DOC_JUDG_CST_2006_0122_20071127,2007-06-12
DOC_JUDG_CST_2006_0125_20071108,2007-06-21
DOC_JUDG_CST_2006_0126_20100708,2010-03-24
DOC_JUDG_CST_2006_0130_20100708,2010-03-24
DOC_JUDG_CST_2006_0134_20080408,2007-09-18
DOC_JUDG_CST_2006_0136_20081211,2008-04-16
DOC_JUDG_CST_2006_0138_20090518,2008-09-17
DOC_JUDG_CST_2006_0139_20100708,2010-03-23
DOC_JUDG_CST_2006_0145_20080522,2008-03-06
DOC_JUDG_CST_2006_0147_20080904,2008-04-16
DOC_JUDG_CST_2006_0148_20081211,2007-12-13
DOC_JUDG_CST_2007_0002_20100415,2008-07-10
DOC_JUDG_CST_2007_0002_20100415,2009-12-03
DOC_JUDG_CST_2007_0004_20080221,2007-10-09
DOC_JUDG_CST_2007_0006_20080508,2007-10-10
DOC_JUDG_CST_2007_0007_20110629,2009-06-30
DOC_JUDG_CST_2007_0010_20070918,2007-06-26
DOC_JUDG_CST_2007_0015_20081202,2008-03-12
DOC_JUDG_CST_2007_0016_20080430,2007-12-12
DOC_JUDG_CST_2007_0019_20071129,2007-09-06
DOC_JUDG_CST_2007_0022_20080904,2008-04-10
DOC_JUDG_CST_2007_0024_20090312,2008-05-08
DOC_JUDG_CST_2007_0025_20101214,2010-03-17
DOC_JUDG_CST_2007_0027_20071213,2007-09-13
DOC_JUDG_CST_2007_0031_20080221,2007-11-13
DOC_JUDG_CST_2007_0033_20080305,2007-11-07
DOC_JUDG_CST_2007_0034_20081215,2008-07-01
DOC_JUDG_CST_2007_0035_20081127,2008-06-24
DOC_JUDG_CST_2007_0036_20080507,2008-01-22
DOC_JUDG_CST_2007_0039_20090506,2008-06-05
DOC_JUDG_CST_2007_0044_20081008,2008-04-30
DOC_JUDG_CST_2007_0045_20100701,2009-06-09
DOC_JUDG_CST_2007_0046_20081022,2008-04-07
DOC_JUDG_CST_2007_0047_20090910,2008-12-11
DOC_JUDG_CST_2007_0050_20081125,2008-06-25
DOC_JUDG_CST_2007_0051_20080911,2008-06-05
DOC_JUDG_CST_2007_0053_20081125,2008-06-25
DOC_JUDG_CST_2007_0054_20080626,2008-04-17
DOC_JUDG_CST_2007_0058_20081211,2008-09-11
DOC_JUDG_CST_2007_0061_20091027,2009-03-11
DOC_JUDG_CST_2007_0063_20090303,2008-11-05
DOC_JUDG_CST_2007_0065_20090430,2008-11-13
DOC_JUDG_CST_2007_0066_20081211,2008-09-11
DOC_JUDG_CST_2007_0069_20090929,2009-02-10
DOC_JUDG_CST_2007_0073_20080416,2008-01-09
DOC_JUDG_CST_2007_0074_20081014,2008-04-23
DOC_JUDG_CST_2007_0076_20080708,2008-04-09
DOC_JUDG_CST_2007_0081_20081008,2008-04-30
DOC_JUDG_CST_2007_0083_20091130,2009-03-25
DOC_JUDG_CST_2007_0084_20080624,2008-04-10
DOC_JUDG_CST_2007_0089_20080709,2008-05-07
DOC_JUDG_CST_2007_0090_20081113,2008-04-17
DOC_JUDG_CST_2007_0091_20090709,2008-07-10
DOC_JUDG_CST_2007_0092_20081211,2008-09-11
DOC_JUDG_CST_2007_0093_20081211,2008-09-11
DOC_JUDG_CST_2007_0094_20090924,2009-04-02
DOC_JUDG_CST_2007_0097_20080617,2008-04-22
DOC_JUDG_CST_2007_0098_20090129,2008-11-06
DOC_JUDG_CST_2007_0098_20110714,2008-11-06
DOC_JUDG_CST_2007_0099_20090707,2009-03-10
DOC_JUDG_CST_2007_0100_20090310,2008-10-14
DOC_JUDG_CST_2007_0102_20090929,2009-05-05
DOC_JUDG_CST_2007_0103_20080904,2008-06-12
DOC_JUDG_CST_2007_0104_20090709,2009-03-19
DOC_JUDG_CST_2007_0106_20090310,2008-10-14
DOC_JUDG_CST_2007_0113_20110414,2009-09-22
DOC_JUDG_CST_2007_0113_20110414,2010-10-11
DOC_JUDG_CST_2007_0114_20090929,2009-01-20
DOC_JUDG_CST_2007_0115_20090428,2008-12-02
DOC_JUDG_CST_2007_0116_20100707,2009-09-08
DOC_JUDG_CST_2007_0119_20110217,2010-05-04
DOC_JUDG_CST_2007_0120_20110315,2010-05-05
DOC_JUDG_CST_2007_0121_20110120,2010-07-06
DOC_JUDG_CST_2007_0124_20090910,2008-12-11
DOC_JUDG_CST_2007_0126_20081104,2008-07-02
DOC_JUDG_CST_2007_0127_20080911,2008-06-11
DOC_JUDG_CST_2007_0128_20090402,2008-10-09
DOC_JUDG_CST_2007_0129_20090402,2008-10-09
DOC_JUDG_CST_2007_0130_20090916,2008-12-17
DOC_JUDG_CST_2007_0131_20081202,2008-09-09
DOC_JUDG_CST_2007_0132_20110120,2010-07-06
DOC_JUDG_CST_2007_0134_20090604,2009-01-15
DOC_JUDG_CST_2007_0135_20080911,2008-06-12
DOC_JUDG_CST_2007_0137_20090506,2008-09-25
DOC_JUDG_CST_2007_0139_20090910,2009-01-13
DOC_JUDG_CST_2007_0143_20090402,2008-10-09
DOC_JUDG_CST_2007_0144_20081209,2008-09-10
DOC_JUDG_CST_2007_0145_20081125,2008-06-10
DOC_JUDG_CST_2008_0004_20090312,2008-11-25
DOC_JUDG_CST_2008_0005_20100929,2009-03-18
DOC_JUDG_CST_2008_0006_20081204,2008-09-16
DOC_JUDG_CST_2008_0007_20090211,2008-11-04
DOC_JUDG_CST_2008_0009_20090910,2009-03-03
DOC_JUDG_CST_2008_0011_20090604,2008-09-09
DOC_JUDG_CST_2008_0012_20090609,2008-11-18
DOC_JUDG_CST_2008_0015_20100204,2009-06-04
DOC_JUDG_CST_2008_0016_20090910,2008-12-11
DOC_JUDG_CST_2008_0018_20080909,2008-07-08
DOC_JUDG_CST_2008_0019_20090702,2008-12-11
DOC_JUDG_CST_2008_0020_20090929,2009-03-12
DOC_JUDG_CST_2008_0027_20090505,2008-11-11
DOC_JUDG_CST_2008_0027_20090505,2009-01-27
DOC_JUDG_CST_2008_0029_20091007,2009-01-14
DOC_JUDG_CST_2008_0030_20100511,2009-11-18
DOC_JUDG_CST_2008_0032_20090120,2008-09-16
DOC_JUDG_CST_2008_0033_20091021,2009-06-09
DOC_JUDG_CST_2008_0035_20100615,2009-12-01
DOC_JUDG_CST_2008_0036_20090924,2009-02-19
DOC_JUDG_CST_2008_0038_20090217,2008-11-25
DOC_JUDG_CST_2008_0039_20090707,2009-02-17
DOC_JUDG_CST_2008_0041_20100929,2009-03-04
DOC_JUDG_CST_2008_0043_20090618,2009-01-14
DOC_JUDG_CST_2008_0049_20090702,2009-02-05
DOC_JUDG_CST_2008_0051_20090217,2008-11-25
DOC_JUDG_CST_2008_0051_RENV_20111213,2011-10-18
DOC_JUDG_CST_2008_0052_20090604,2009-02-12
DOC_JUDG_CST_2008_0053_20100505,2009-12-09
DOC_JUDG_CST_2008_0054_20090707,2009-03-10
DOC_JUDG_CST_2008_0055_20091130,2009-03-24
DOC_JUDG_CST_2008_0055_RENV_20141111,2013-11-05
DOC_JUDG_CST_2008_0057_20091117,2009-03-10
DOC_JUDG_CST_2008_0066_20090518,2009-01-20
DOC_JUDG_CST_2008_0071_20091110,2009-05-05
DOC_JUDG_CST_2008_0074_20091021,2009-03-25
DOC_JUDG_CST_2008_0077_20101028,2010-02-02
DOC_JUDG_CST_2008_0080_20091130,2009-06-16
DOC_JUDG_CST_2008_0083_20130919,2013-03-13
DOC_JUDG_CST_2008_0084_20101028,2009-10-27
DOC_JUDG_CST_2008_0085_20090709,2009-03-26
DOC_JUDG_CST_2008_0086_20091130,2009-07-08
DOC_JUDG_CST_2008_0087_20101209,2010-02-09
DOC_JUDG_CST_2008_0088_20101209,2010-02-09
DOC_JUDG_CST_2008_0089_20100224,2009-07-01
DOC_JUDG_CST_2008_0091_20100225,2009-06-11
DOC_JUDG_CST_2008_0093_20091110,2009-05-05
DOC_JUDG_CST_2008_0096_20101028,2009-10-27
DOC_JUDG_CST_2008_0097_20100701,2009-10-28
DOC_JUDG_CST_2008_0099_20091117,2009-05-18
DOC_JUDG_CST_2008_0100_20100504,2009-06-17
DOC_JUDG_CST_2008_0101_20091007,2009-05-12
DOC_JUDG_CST_2008_0104_20100415,2009-11-19
DOC_JUDG_CST_2009_0001_20091125,2009-09-08
DOC_JUDG_CST_2009_0002_20100224,2009-09-09
DOC_JUDG_CST_2009_0003_20091130,2009-07-07
DOC_JUDG_CST_2009_0004_20100415,2009-06-18
DOC_JUDG_CST_2009_0006_20101028,2010-02-03
DOC_JUDG_CST_2009_0007_20100223,2009-09-08
DOC_JUDG_CST_2009_0009_20101028,2010-02-02
DOC_JUDG_CST_2009_0012_20110914,2011-05-04
DOC_JUDG_CST_2009_0013_20100512,2009-12-10
DOC_JUDG_CST_2009_0014_20101215,2010-03-04
DOC_JUDG_CST_2009_0016_20091130,2009-09-15
DOC_JUDG_CST_2009_0018_20111110,2011-06-09
DOC_JUDG_CST_2009_0020_20111110,2011-06-09
DOC_JUDG_CST_2009_0023_20101028,2010-04-21
DOC_JUDG_CST_2009_0026_20100309,2009-12-01
DOC_JUDG_CST_2009_0027_20100629,2010-01-26
DOC_JUDG_CST_2009_0028_20100629,2010-01-26
DOC_JUDG_CST_2009_0029_20100930,2010-03-10
DOC_JUDG_CST_2009_0030_20110413,2010-10-04
DOC_JUDG_CST_2009_0031_20101028,2010-05-20
DOC_JUDG_CST_2009_0033_20100309,2009-11-17
DOC_JUDG_CST_2009_0034_20100629,2010-01-26
DOC_JUDG_CST_2009_0035_20100629,2010-01-26
DOC_JUDG_CST_2009_0036_20100629,2010-01-26
DOC_JUDG_CST_2009_0037_20100629,2010-01-26
DOC_JUDG_CST_2009_0038_20100629,2010-01-26
DOC_JUDG_CST_2009_0039_20100629,2010-01-26
DOC_JUDG_CST_2009_0040_20100701,2010-01-13
DOC_JUDG_CST_2009_0041_20100629,2010-01-26
DOC_JUDG_CST_2009_0042_20100629,2010-01-26
DOC_JUDG_CST_2009_0044_20100629,2010-01-26
DOC_JUDG_CST_2009_0045_20100615,2010-01-28
DOC_JUDG_CST_2009_0046_20110705,2011-03-08
DOC_JUDG_CST_2009_0047_20100504,2009-12-02
DOC_JUDG_CST_2009_0048_20100505,2010-01-14
DOC_JUDG_CST_2009_0049_20101012,2010-03-09
DOC_JUDG_CST_2009_0050_20110512,2010-12-08
DOC_JUDG_CST_2009_0050_20110512,2009-12-15
DOC_JUDG_CST_2009_0052_20100914,2010-02-23
DOC_JUDG_CST_2009_0053_20110511,2010-09-29
DOC_JUDG_CST_2009_0055_20100511,2009-11-25
DOC_JUDG_CST_2009_0056_20100609,2010-02-03
DOC_JUDG_CST_2009_0059_20110308,2010-09-21
DOC_JUDG_CST_2009_0059_RENV_20141118,2014-09-02
DOC_JUDG_CST_2009_0060_20101027,2010-03-24
DOC_JUDG_CST_2009_0063_20121213,2012-05-03
DOC_JUDG_CST_2009_0065_20101123,2010-04-14
DOC_JUDG_CST_2009_0066_20101215,2010-05-04
DOC_JUDG_CST_2009_0067_20101215,2010-04-22
DOC_JUDG_CST_2009_0068_20110215,2010-03-02
DOC_JUDG_CST_2009_0073_20110413,2010-06-17
DOC_JUDG_CST_2009_0074_20101214,2010-04-27
DOC_JUDG_CST_2009_0075_20101123,2010-04-27
DOC_JUDG_CST_2009_0076_20110215,2010-04-28
DOC_JUDG_CST_2009_0077_20110113,2010-09-30
DOC_JUDG_CST_2009_0077_20110113,2010-05-20
DOC_JUDG_CST_2009_0079_20100914,2010-05-11
DOC_JUDG_CST_2009_0080_20101214,2010-09-07
DOC_JUDG_CST_2009_0081_20110215,2010-06-09
DOC_JUDG_CST_2009_0082_20101201,2010-04-13
DOC_JUDG_CST_2009_0083_20110526,2010-10-27
DOC_JUDG_CST_2009_0084_20110607,2010-10-12
DOC_JUDG_CST_2009_0085_20100914,2010-05-18
DOC_JUDG_CST_2009_0086_20101014,2010-04-15
DOC_JUDG_CST_2009_0088_20121205,2012-05-10
DOC_JUDG_CST_2009_0088_20121205,2012-01-25
DOC_JUDG_CST_2009_0089_20101201,2010-05-11
DOC_JUDG_CST_2009_0092_20101028,2010-07-08
DOC_JUDG_CST_2009_0095_20110208,2010-06-15
DOC_JUDG_CST_2009_0097_20101130,2010-05-18
DOC_JUDG_CST_2009_0098_20110927,2011-01-12
DOC_JUDG_CST_2009_0100_20110913,2011-03-30
DOC_JUDG_CST_2009_0101_20110913,2010-06-29
DOC_JUDG_CST_2009_0102_20110915,2011-02-17
DOC_JUDG_CST_2009_0104_20110324,2010-09-14
DOC_JUDG_CST_2009_0105_20110413,2010-11-17
DOC_JUDG_CST_2010_0001_20101214,2010-09-08
DOC_JUDG_CST_2010_0004_20110913,2010-12-01
DOC_JUDG_CST_2010_0006_20110915,2011-02-08
DOC_JUDG_CST_2010_0007_20110915,2011-02-17
DOC_JUDG_CST_2010_0008_20101123,2010-07-08
DOC_JUDG_CST_2010_0009_20110928,2010-10-19
DOC_JUDG_CST_2010_0012_20120308,2011-11-17
DOC_JUDG_CST_2010_0013_20110928,2011-04-13
DOC_JUDG_CST_2010_0015_20131211,2013-05-29
DOC_JUDG_CST_2010_0019_20120328,2012-02-01
DOC_JUDG_CST_2010_0023_20110928,2011-03-29
DOC_JUDG_CST_2010_0026_20110928,2011-05-11
DOC_JUDG_CST_2010_0027_20110310,2010-10-28
DOC_JUDG_CST_2010_0028_20110315,2010-10-14
DOC_JUDG_CST_2010_0030_20111215,2011-11-08
DOC_JUDG_CST_2010_0031_20120613,2012-03-07
DOC_JUDG_CST_2010_0038_20110413,2010-11-23
DOC_JUDG_CST_2010_0040_20110526,2010-12-09
DOC_JUDG_CST_2010_0041_20120925,2012-01-31
DOC_JUDG_CST_2010_0041_RENV_20160602,2015-07-16
DOC_JUDG_CST_2010_0042_20120516,2011-11-30
DOC_JUDG_CST_2010_0043_20121212,2012-05-15
DOC_JUDG_CST_2010_0047_20110914,2011-05-18
DOC_JUDG_CST_2010_0049_20110628,2011-01-25
DOC_JUDG_CST_2010_0051_20120925,2012-01-31
DOC_JUDG_CST_2010_0055_20110628,2011-02-01
DOC_JUDG_CST_2010_0055_RENV_20141015,2014-05-22
DOC_JUDG_CST_2010_0058_20120918,2011-12-13
DOC_JUDG_CST_2010_0061_20120516,2012-02-01
DOC_JUDG_CST_2010_0062_20110915,2011-06-16
DOC_JUDG_CST_2010_0063_20120613,2012-03-07
DOC_JUDG_CST_2010_0064_20110607,2011-02-15
DOC_JUDG_CST_2010_0065_20121211,2012-06-12
DOC_JUDG_CST_2010_0066_20110512,2011-01-18
DOC_JUDG_CST_2010_0068_20110913,2011-05-03
DOC_JUDG_CST_2010_0071_20120605,2012-01-10
DOC_JUDG_CST_2010_0072_20110929,2011-03-10
DOC_JUDG_CST_2010_0074_20110929,2011-04-07
DOC_JUDG_CST_2010_0080_20110929,2011-04-07
DOC_JUDG_CST_2010_0081_20110714,2011-03-17
DOC_JUDG_CST_2010_0083_20120605,2012-03-20
DOC_JUDG_CST_2010_0084_20120605,2012-03-20
DOC_JUDG_CST_2010_0085_20120711,2012-03-22
DOC_JUDG_CST_2010_0089_20110908,2011-03-29
DOC_JUDG_CST_2010_0091_20130313,2012-06-20
DOC_JUDG_CST_2010_0100_20120229,2011-12-06
DOC_JUDG_CST_2010_0104_20130516,2012-06-21
DOC_JUDG_CST_2010_0109_20120522,2011-11-16
DOC_JUDG_CST_2010_0110_20111110,2011-07-14
DOC_JUDG_CST_2010_0111_20130711,2012-12-11
DOC_JUDG_CST_2010_0112_20121211,2011-10-26
DOC_JUDG_CST_2010_0113_20120215,2011-07-07
DOC_JUDG_CST_2010_0114_20110929,2011-05-05
DOC_JUDG_CST_2010_0116_20110720,2011-05-25
DOC_JUDG_CST_2010_0117_20110920,2011-05-12
DOC_JUDG_CST_2010_0118_20121002,2012-03-06
DOC_JUDG_CST_2010_0119_20111129,2011-06-29
DOC_JUDG_CST_2010_0121_20110929,2011-06-30
DOC_JUDG_CST_2010_0122_20121211,2011-11-22
DOC_JUDG_CST_2010_0123_20120201,2011-11-24
DOC_JUDG_CST_2010_0124_20130226,2012-07-03
DOC_JUDG_CST_2010_0128_20110628,2011-05-24
DOC_JUDG_CST_2011_0001_20121120,2012-03-13
DOC_JUDG_CST_2011_0002_20121213,2012-07-11
DOC_JUDG_CST_2011_0004_20120710,2012-02-14
DOC_JUDG_CST_2011_0007_20121213,2012-04-26
DOC_JUDG_CST_2011_0009_20111215,2011-10-25
DOC_JUDG_CST_2011_0010_20121120,2012-05-15
DOC_JUDG_CST_2011_0011_20120208,2011-11-29
DOC_JUDG_CST_2011_0014_20120605,2012-02-28
DOC_JUDG_CST_2011_0017_20130219,2012-11-15
DOC_JUDG_CST_2011_0023_20120208,2011-11-15
DOC_JUDG_CST_2011_0023_RENV_20141015,2014-05-20
DOC_JUDG_CST_2011_0024_20130123,2012-06-12
DOC_JUDG_CST_2011_0029_20121205,2012-07-10
DOC_JUDG_CST_2011_0036_20120328,2011-12-14
DOC_JUDG_CST_2011_0041_20120613,2011-12-07
DOC_JUDG_CST_2011_0042_20121213,2012-03-29
DOC_JUDG_CST_2011_0046_20130711,2012-09-06
DOC_JUDG_CST_2011_0050_20120418,2012-01-11
DOC_JUDG_CST_2011_0052_20141111,2014-02-25
DOC_JUDG_CST_2011_0054_20120717,2012-03-13
DOC_JUDG_CST_2011_0056_20130424,2012-07-10
DOC_JUDG_CST_2011_0057_20121023,2012-05-10
DOC_JUDG_CST_2011_0059_20121127,2012-01-18
DOC_JUDG_CST_2011_0063_20120613,2012-03-14
DOC_JUDG_CST_2011_0066_20120620,2012-02-29
DOC_JUDG_CST_2011_0069_20131017,2012-11-15
DOC_JUDG_CST_2011_0072_20150921,2015-06-18
DOC_JUDG_CST_2011_0073_20130424,2012-09-19
DOC_JUDG_CST_2011_0074_20130226,2012-06-26
DOC_JUDG_CST_2011_0075_20121114,2012-04-18
DOC_JUDG_CST_2011_0076_20121205,2012-05-16
DOC_JUDG_CST_2011_0077_20121212,2012-05-02
DOC_JUDG_CST_2011_0078_20130626,2012-09-26
DOC_JUDG_CST_2011_0079_20120620,2012-03-08
DOC_JUDG_CST_2011_0080_20131023,2012-09-25
DOC_JUDG_CST_2011_0081_20130619,2013-01-30
DOC_JUDG_CST_2011_0082_20131001,2013-02-05
DOC_JUDG_CST_2011_0083_20120620,2012-02-29
DOC_JUDG_CST_2011_0086_20130507,2012-10-16
DOC_JUDG_CST_2011_0087_20130130,2012-05-23
DOC_JUDG_CST_2011_0088_20130424,2012-10-09
DOC_JUDG_CST_2011_0089_20130619,2012-06-25
DOC_JUDG_CST_2011_0090_20121212,2012-06-13
DOC_JUDG_CST_2011_0092_20130916,2013-04-22
DOC_JUDG_CST_2011_0093_20130321,2012-06-28
DOC_JUDG_CST_2011_0094_20130321,2012-09-11
DOC_JUDG_CST_2011_0095_20140710,2013-11-11
DOC_JUDG_CST_2011_0097_20121211,2012-06-05
DOC_JUDG_CST_2011_0101_20121213,2012-05-24
DOC_JUDG_CST_2011_0103_20140710,2014-03-06
DOC_JUDG_CST_2011_0105_20120613,2012-03-28
DOC_JUDG_CST_2011_0106_20130626,2012-09-26
DOC_JUDG_CST_2011_0107_20121211,2012-07-05
DOC_JUDG_CST_2011_0110_20121205,2012-07-11
DOC_JUDG_CST_2011_0111_20130321,2012-11-27
DOC_JUDG_CST_2011_0112_20130321,2012-11-27
DOC_JUDG_CST_2011_0115_20140710,2014-03-06
DOC_JUDG_CST_2011_0116_20130626,2013-02-26
DOC_JUDG_CST_2011_0117_20131211,2013-04-24
DOC_JUDG_CST_2011_0120_20121114,2012-06-06
DOC_JUDG_CST_2011_0124_20130930,2013-05-08
DOC_JUDG_CST_2011_0125_20130313,2012-06-28
DOC_JUDG_CST_2011_0126_20130911,2013-02-27
DOC_JUDG_CST_2011_0127_20140212,2013-06-26
DOC_JUDG_CST_2011_0130_20131211,2013-04-24
DOC_JUDG_CST_2011_0133_20131212,2013-06-11
DOC_JUDG_CST_2011_0135_20130626,2013-03-06
DOC_JUDG_CST_2011_0142_20131212,2013-04-16
DOC_JUDG_CST_2012_0002_20141113,2013-10-17
DOC_JUDG_CST_2012_0005_20130612,2012-09-20
DOC_JUDG_CST_2012_0006_20121205,2012-06-27
DOC_JUDG_CST_2012_0008_20130619,2013-01-30
DOC_JUDG_CST_2012_0009_20130711,2012-11-21
DOC_JUDG_CST_2012_0009_RENV_20160721,2016-03-15
DOC_JUDG_CST_2012_0012_20130626,2013-01-23
DOC_JUDG_CST_2012_0013_20130319,2012-10-02
DOC_JUDG_CST_2012_0014_20131105,2013-01-29
DOC_JUDG_CST_2012_0020_20130916,2013-04-11
DOC_JUDG_CST_2012_0021_20130626,2012-10-24
DOC_JUDG_CST_2012_0022_20131212,2013-04-30
DOC_JUDG_CST_2012_0023_20130916,2013-04-23
DOC_JUDG_CST_2012_0024_20140619,2014-01-16
DOC_JUDG_CST_2012_0025_20130205,2012-09-18
DOC_JUDG_CST_2012_0026_20140918,2013-10-17
DOC_JUDG_CST_2012_0038_20130930,2013-05-02
DOC_JUDG_CST_2012_0039_20131023,2013-04-09
DOC_JUDG_CST_2012_0040_20130619,2013-01-30
DOC_JUDG_CST_2012_0041_20130306,2012-10-10
DOC_JUDG_CST_2012_0046_20130916,2013-04-18
DOC_JUDG_CST_2012_0052_20131107,2013-04-30
DOC_JUDG_CST_2012_0056_20130626,2013-01-16
DOC_JUDG_CST_2012_0059_20131017,2012-11-15
DOC_JUDG_CST_2012_0065_20140211,2012-12-11
DOC_JUDG_CST_2012_0068_20131212,2013-06-11
DOC_JUDG_CST_2012_0072_20131121,2013-07-08
DOC_JUDG_CST_2012_0073_20140212,2013-07-10
DOC_JUDG_CST_2012_0076_20130918,2013-04-18
DOC_JUDG_CST_2012_0078_20150429,2015-01-15
DOC_JUDG_CST_2012_0081_20140410,2013-07-11
DOC_JUDG_CST_2012_0083_20140212,2013-07-10
DOC_JUDG_CST_2012_0084_20130916,2013-05-02
DOC_JUDG_CST_2012_0086_20130711,2013-03-21
DOC_JUDG_CST_2012_0093_20131023,2013-06-06
DOC_JUDG_CST_2012_0096_20130424,2013-03-06
DOC_JUDG_CST_2012_0097_20131007,2013-03-19
DOC_JUDG_CST_2012_0098_20131023,2013-05-16
DOC_JUDG_CST_2012_0102_20140121,2013-09-10
DOC_JUDG_CST_2012_0103_20131105,2013-06-04
DOC_JUDG_CST_2012_0104_20131105,2013-06-04
DOC_JUDG_CST_2012_0105_20131105,2013-06-04
DOC_JUDG_CST_2012_0107_20140116,2013-09-16
DOC_JUDG_CST_2012_0111_20131002,2013-03-14
DOC_JUDG_CST_2012_0114_20140121,2013-07-09
DOC_JUDG_CST_2012_0116_20131009,2013-04-10
DOC_JUDG_CST_2012_0119_20140625,2014-03-12
DOC_JUDG_CST_2012_0120_20140625,2014-03-12
DOC_JUDG_CST_2012_0121_20140625,2014-03-12
DOC_JUDG_CST_2012_0122_20131121,2013-09-05
DOC_JUDG_CST_2012_0124_20131023,2013-06-05
DOC_JUDG_CST_2012_0125_20131211,2013-06-19
DOC_JUDG_CST_2012_0128_20140312,2013-12-12
DOC_JUDG_CST_2012_0129_20131212,2013-07-09
DOC_JUDG_CST_2012_0130_20140522,2013-11-07
DOC_JUDG_CST_2012_0135_20131212,2013-09-17
DOC_JUDG_CST_2012_0140_20140514,2013-12-04
DOC_JUDG_CST_2012_0142_20131211,2013-07-03
DOC_JUDG_CST_2012_0148_20131023,2013-06-05
DOC_JUDG_CST_2012_0151_20140130,2013-11-07
DOC_JUDG_CST_2012_0153_20140506,2013-10-01
DOC_JUDG_CST_2012_0156_20141118,2014-04-29
DOC_JUDG_CST_2012_0158_20130925,2013-06-12
DOC_JUDG_CST_2012_0159_20150429,2014-09-04
DOC_JUDG_CST_2012_0160_20140715,2014-03-04
DOC_JUDG_CST_2013_0001_20140625,2014-03-12
DOC_JUDG_CST_2013_0004_20141208,2014-05-05
DOC_JUDG_CST_2013_0005_20140702,2013-12-11
DOC_JUDG_CST_2013_0007_20140918,2014-06-12
DOC_JUDG_CST_2013_0008_20140326,2013-11-27
DOC_JUDG_CST_2013_0011_20140514,2013-11-20
DOC_JUDG_CST_2013_0012_20140917,2014-05-14
DOC_JUDG_CST_2013_0016_20140410,2014-01-23
DOC_JUDG_CST_2013_0017_20140514,2013-12-10
DOC_JUDG_CST_2013_0026_20140708,2014-01-15
DOC_JUDG_CST_2013_0027_20150618,2014-09-18
DOC_JUDG_CST_2013_0028_20140430,2014-01-30
DOC_JUDG_CST_2013_0029_20140205,2013-11-13
DOC_JUDG_CST_2013_0034_20140514,2013-12-04
DOC_JUDG_CST_2013_0036_20131203,2013-10-07
DOC_JUDG_CST_2013_0042_20140522,2014-01-21
DOC_JUDG_CST_2013_0048_20140710,2014-03-13
DOC_JUDG_CST_2013_0053_20140226,2013-12-03
DOC_JUDG_CST_2013_0054_20140918,2014-05-06
DOC_JUDG_CST_2013_0059_20140409,2014-01-08
DOC_JUDG_CST_2013_0059_RENV_20160411,2016-03-01
DOC_JUDG_CST_2013_0063_20140702,2014-03-11
DOC_JUDG_CST_2013_0064_20150630,2015-01-29
DOC_JUDG_CST_2013_0064_20150630,2014-09-30
DOC_JUDG_CST_2013_0064_20150630,2014-09-25
DOC_JUDG_CST_2013_0066_20140625,2014-03-12
DOC_JUDG_CST_2013_0067_20140625,2014-03-12
DOC_JUDG_CST_2013_0073_20150317,2014-12-02
DOC_JUDG_CST_2013_0080_20141211,2014-05-13
DOC_JUDG_CST_2013_0086_20141015,2014-04-08
DOC_JUDG_CST_2013_0091_20141001,2014-04-30
DOC_JUDG_CST_2013_0096_20150415,2014-11-19
DOC_JUDG_CST_2013_0097_20150305,2014-07-10
DOC_JUDG_CST_2013_0100_20140925,2014-05-12
DOC_JUDG_CST_2013_0101_20140925,2014-05-12
DOC_JUDG_CST_2013_0103_20141211,2014-07-02
DOC_JUDG_CST_2013_0106_20151008,2015-03-09
DOC_JUDG_CST_2013_0107_20141015,2014-09-03
DOC_JUDG_CST_2013_0109_20141203,2014-06-25
DOC_JUDG_CST_2013_0110_20141202,2014-07-08
DOC_JUDG_CST_2013_0117_20140917,2014-06-18
DOC_JUDG_CST_2013_0120_20140910,2014-06-18
DOC_JUDG_CST_2013_0124_20150326,2014-12-11
DOC_JUDG_CST_2014_0001_20150122,2014-11-13
DOC_JUDG_CST_2014_0004_20141106,2014-09-08
DOC_JUDG_CST_2014_0005_20150618,2014-09-18
DOC_JUDG_CST_2014_0006_20150323,2014-11-06
DOC_JUDG_CST_2014_0015_20141015,2014-09-18
DOC_JUDG_CST_2014_0017_20150429,2015-01-12
DOC_JUDG_CST_2014_0020_20150922,2015-05-18
DOC_JUDG_CST_2014_0024_20150318,2014-11-26
DOC_JUDG_CST_2014_0026_20150326,2014-11-04
DOC_JUDG_CST_2014_0027_20150318,2014-12-08
DOC_JUDG_CST_2014_0028_20150909,2015-04-15
DOC_JUDG_CST_2014_0031_20141211,2014-09-30
DOC_JUDG_CST_2014_0032_20150326,2014-12-04
DOC_JUDG_CST_2014_0034_20150708,2015-03-04
DOC_JUDG_CST_2014_0036_20150518,2015-01-13
DOC_JUDG_CST_2014_0038_20150326,2014-11-25
DOC_JUDG_CST_2014_0039_20151008,2015-05-06
DOC_JUDG_CST_2014_0041_20150326,2014-12-11
DOC_JUDG_CST_2014_0042_20141119,2014-09-25
DOC_JUDG_CST_2014_0044_20150518,2014-12-01
DOC_JUDG_CST_2014_0050_20150618,2015-02-26
DOC_JUDG_CST_2014_0051_20150318,2014-11-12
DOC_JUDG_CST_2014_0053_20150707,2015-02-10
DOC_JUDG_CST_2014_0055_20150625,2015-03-10
DOC_JUDG_CST_2014_0057_20151021,2015-06-30
DOC_JUDG_CST_2014_0058_20160217,2015-12-10
DOC_JUDG_CST_2014_0061_20150324,2014-12-10
DOC_JUDG_CST_2014_0065_20150609,2015-01-20
DOC_JUDG_CST_2014_0067_20150625,2015-02-24
DOC_JUDG_CST_2014_0078_20150603,2015-01-14
DOC_JUDG_CST_2014_0079_20150618,2015-04-20
DOC_JUDG_CST_2014_0081_20151027,2015-07-07
DOC_JUDG_CST_2014_0082_20150922,2015-04-14
DOC_JUDG_CST_2014_0083_20150922,2015-03-23
DOC_JUDG_CST_2014_0092_20150924,2015-06-04
DOC_JUDG_CST_2014_0094_20151217,2015-05-12
DOC_JUDG_CST_2014_0095_20151217,2015-05-12
DOC_JUDG_CST_2014_0096_20160205,2015-10-28
DOC_JUDG_CST_2014_0101_20151215,2015-09-09
DOC_JUDG_CST_2014_0112_20150716,2015-06-09
DOC_JUDG_CST_2014_0116_20150716,2015-04-28
DOC_JUDG_CST_2014_0119_20151006,2015-06-11
DOC_JUDG_CST_2014_0120_20150630,2015-04-23
DOC_JUDG_CST_2014_0124_20150630,2015-05-06
DOC_JUDG_CST_2014_0128_20150603,2015-03-24
DOC_JUDG_CST_2014_0129_20150630,2015-04-15
DOC_JUDG_CST_2014_0134_20151217,2015-10-20
DOC_JUDG_CST_2014_0135_20151216,2015-10-06
DOC_JUDG_CST_2014_0137_20160205,2015-10-27
DOC_JUDG_CST_2015_0002_20160317,2016-02-18
DOC_JUDG_CST_2015_0003_20160302,2015-10-06
DOC_JUDG_CST_2015_0017_20151210,2015-10-15
DOC_JUDG_CST_2015_0023_20160318,2015-06-04
DOC_JUDG_CST_2015_0030_20151118,2015-07-09
DOC_JUDG_CST_2015_0034_20151216,2015-09-10
DOC_JUDG_CST_2015_0037_20151119,2015-09-07
DOC_JUDG_CST_2015_0040_20160628,2016-05-12
DOC_JUDG_CST_2015_0047_20160125,2015-10-14
DOC_JUDG_CST_2015_0048_20160718,2016-03-01
DOC_JUDG_CST_2015_0049_20160411,2015-12-10
DOC_JUDG_CST_2015_0050_20160512,2016-02-17
DOC_JUDG_CST_2015_0052_20151029,2015-09-03
DOC_JUDG_CST_2015_0059_20160302,2015-12-09
DOC_JUDG_CST_2015_0060_20160302,2015-11-18
DOC_JUDG_CST_2015_0061_20160120,2015-10-21
DOC_JUDG_CST_2015_0067_20160719,2016-05-23
DOC_JUDG_CST_2015_0076_20160428,2015-11-10
DOC_JUDG_CST_2015_0077_20160411,2015-09-24
DOC_JUDG_CST_2015_0082_20160721,2016-05-03
DOC_JUDG_CST_2015_0083_20160301,2015-11-19
DOC_JUDG_CST_2015_0084_20160302,2015-10-20
DOC_JUDG_CST_2015_0088_20151215,2015-10-26
DOC_JUDG_CST_2015_0091_20160721,2016-04-05
DOC_JUDG_CST_2015_0092_20160512,2016-03-16
DOC_JUDG_CST_2015_0094_20160411,2016-03-01
DOC_JUDG_CST_2015_0098_20160412,2015-12-16
DOC_JUDG_CST_2015_0100_20160721,2016-05-03
DOC_JUDG_CST_2015_0102_20160512,2016-02-17
DOC_JUDG_CST_2015_0111_20160525,2016-01-13
DOC_JUDG_CST_2015_0112_20160720,2016-06-10
DOC_JUDG_CST_2015_0113_20160720,2016-06-10
DOC_JUDG_CST_2015_0118_20160628,2016-05-24
DOC_JUDG_CST_2015_0121_20160614,2016-04-12
DOC_JUDG_CST_2015_0123_20160720,2016-05-04
DOC_JUDG_CST_2015_0125_20160721,2016-05-31
DOC_JUDG_CST_2015_0127_20160721,2016-04-28
DOC_JUDG_CST_2015_0131_20160719,2016-05-30
DOC_JUDG_CST_2015_0132_20160720,2016-05-24
DOC_JUDG_CST_2015_0133_20160610,2016-04-12
DOC_JUDG_CST_2015_0136_20160721,2016-04-19
DOC_JUDG_CST_2015_0144_20160628,2016-04-28
DOC_JUDG_CST_2015_0149_20160719,2016-05-23
DOC_JUDG_CST_2016_0001_20160721,2016-06-02
DOC_JUDG_GC_1989_0001_19911024,1991-07-10
DOC_JUDG_GC_1989_0001_19911024,1990-12-15
DOC_JUDG_GC_1989_0002_19911024,1991-07-10
DOC_JUDG_GC_1989_0002_19911024,1990-12-15
DOC_JUDG_GC_1989_0003_19911024,1991-07-10
DOC_JUDG_GC_1989_0003_19911024,1990-12-15
DOC_JUDG_GC_1989_0004_19911217,1990-12-15
DOC_JUDG_GC_1989_0004_19911217,1991-07-10
DOC_JUDG_GC_1989_0006_19911217,1990-12-15
DOC_JUDG_GC_1989_0006_19911217,1991-07-10
DOC_JUDG_GC_1989_0007_19911217,1990-12-15
DOC_JUDG_GC_1989_0007_19911217,1991-07-10
DOC_JUDG_GC_1989_0008_19911217,1990-12-15
DOC_JUDG_GC_1989_0008_19911217,1991-07-10
DOC_JUDG_GC_1989_0009_19920310,1990-12-15
DOC_JUDG_GC_1989_0009_19920310,1991-07-10
DOC_JUDG_GC_1989_0010_19920310,1990-12-15
DOC_JUDG_GC_1989_0010_19920310,1991-07-10
DOC_JUDG_GC_1989_0011_19920310,1991-07-10
DOC_JUDG_GC_1989_0011_19920310,1990-12-15
DOC_JUDG_GC_1989_0012_19920310,1990-12-15
DOC_JUDG_GC_1989_0012_19920310,1991-07-10
DOC_JUDG_GC_1989_0013_19920310,1991-07-10
DOC_JUDG_GC_1989_0013_19920310,1990-12-15
DOC_JUDG_GC_1989_0014_19920310,1990-12-15
DOC_JUDG_GC_1989_0014_19920310,1991-07-10
DOC_JUDG_GC_1989_0015_19920310,1991-07-10
DOC_JUDG_GC_1989_0015_19920310,1990-12-15
DOC_JUDG_GC_1989_0016_19920226,1991-05-29
DOC_JUDG_GC_1989_0017_19920226,1991-05-29
DOC_JUDG_GC_1989_0018_19910207,1990-09-20
DOC_JUDG_GC_1989_0020_19901213,1990-05-08
DOC_JUDG_GC_1989_0026_19911017,1991-03-19
DOC_JUDG_GC_1989_0027_19900622,1990-03-27
DOC_JUDG_GC_1989_0029_19901213,1990-05-08
DOC_JUDG_GC_1989_0030_19911212,1991-04-24
DOC_JUDG_GC_1989_0030_19911212,1991-04-25
DOC_JUDG_GC_1989_0032_19900622,1990-05-04
DOC_JUDG_GC_1989_0032_19900622,1990-01-17
DOC_JUDG_GC_1989_0033_19930316,1992-05-20
DOC_JUDG_GC_1989_0034_19900313,1990-02-14
DOC_JUDG_GC_1989_0035_19900712,1990-06-20
DOC_JUDG_GC_1989_0036_19910925,1991-04-23
DOC_JUDG_GC_1989_0037_19900920,1990-05-08
DOC_JUDG_GC_1989_0042_19900130,1990-01-16
DOC_JUDG_GC_1989_0043_19900406,1990-03-14
DOC_JUDG_GC_1989_0044_19900606,1990-05-03
DOC_JUDG_GC_1989_0046_19901023,1990-05-22
DOC_JUDG_GC_1989_0047_19900620,1990-03-29
DOC_JUDG_GC_1989_0048_19900926,1990-07-03
DOC_JUDG_GC_1989_0050_19900522,1990-04-04
DOC_JUDG_GC_1989_0051_19900710,1989-12-14
DOC_JUDG_GC_1989_0051_19900710,1990-02-21
DOC_JUDG_GC_1989_0054_19901122,1990-07-04
DOC_JUDG_GC_1989_0056_19901108,1990-07-03
DOC_JUDG_GC_1989_0057_19900329,1990-02-15
DOC_JUDG_GC_1989_0058_19910207,1990-10-03
DOC_JUDG_GC_1989_0061_19920702,1991-10-02
DOC_JUDG_GC_1989_0062_19900327,1990-03-07
DOC_JUDG_GC_1989_0063_19910124,1990-07-10
DOC_JUDG_GC_1989_0064_19900710,1990-03-06
DOC_JUDG_GC_1989_0065_19930401,1992-01-23
DOC_JUDG_GC_1989_0066_19920709,1991-10-08
DOC_JUDG_GC_1989_0069_19910710,1991-02-21
DOC_JUDG_GC_1989_0070_19910710,1991-02-21
DOC_JUDG_GC_1989_0071_19900313,1990-01-30
DOC_JUDG_GC_1989_0073_19901108,1990-06-20
DOC_JUDG_GC_1989_0075_19901214,1990-11-27
DOC_JUDG_GC_1989_0076_19910710,1991-02-21
DOC_JUDG_GC_1989_0079_19920227,1991-11-22
DOC_JUDG_GC_1989_0079_19920227,1991-12-10
DOC_JUDG_GC_1989_0080_19950406,1992-06-16
DOC_JUDG_GC_1989_0082_19901205,1990-03-29
DOC_JUDG_GC_1989_0082_19901205,1990-09-20
DOC_JUDG_GC_1989_0108_19900712,1990-05-03
DOC_JUDG_GC_1989_0110_19910712,1991-01-30
DOC_JUDG_GC_1989_0111_19900712,1990-05-02
DOC_JUDG_GC_1989_0113_19901213,1990-06-20
DOC_JUDG_GC_1989_0115_19901213,1990-10-11
DOC_JUDG_GC_1989_0116_19901213,1990-06-20
DOC_JUDG_GC_1989_0117_19900510,1990-03-21
DOC_JUDG_GC_1989_0120_19910627,1990-09-19
DOC_JUDG_GC_1989_0121_19920918,1992-05-12
DOC_JUDG_GC_1989_0122_19900926,1990-07-04
DOC_JUDG_GC_1989_0123_19900327,1990-02-07
DOC_JUDG_GC_1989_0124_19910228,1990-10-11
DOC_JUDG_GC_1989_0129_19911017,1991-03-20
DOC_JUDG_GC_1989_0132_19901016,1990-07-12
DOC_JUDG_GC_1989_0134_19901017,1990-07-11
DOC_JUDG_GC_1989_0138_19920917,1992-01-21
DOC_JUDG_GC_1989_0140_19901127,1990-11-08
DOC_JUDG_GC_1989_0142_19950406,1993-06-18
DOC_JUDG_GC_1989_0143_19950406,1993-06-18
DOC_JUDG_GC_1989_0144_19950406,1993-06-18
DOC_JUDG_GC_1989_0145_19950406,1993-06-18
DOC_JUDG_GC_1989_0146_19911126,1990-11-28
DOC_JUDG_GC_1989_0148_19950406,1993-06-18
DOC_JUDG_GC_1989_0149_19950406,1993-06-18
DOC_JUDG_GC_1989_0150_19950406,1993-06-18
DOC_JUDG_GC_1989_0152_19950406,1993-06-18
DOC_JUDG_GC_1989_0154_19900712,1990-06-27
DOC_JUDG_GC_1989_0156_19910627,1990-12-05
DOC_JUDG_GC_1989_0158_19911128,1991-07-12
DOC_JUDG_GC_1989_0160_19901213,1990-11-21
DOC_JUDG_GC_1989_0162_19901122,1990-10-04
DOC_JUDG_GC_1989_0163_19910925,1991-01-24
DOC_JUDG_GC_1989_0165_19920227,1991-05-28
DOC_JUDG_GC_1989_0167_19910207,1991-01-17
DOC_JUDG_GC_1989_0169_19911211,1990-12-05
DOC_JUDG_GC_1989_0169_19911211,1991-10-03
DOC_JUDG_GC_1990_0001_19910320,1991-01-24
DOC_JUDG_GC_1990_0002_19910207,1991-01-16
DOC_JUDG_GC_1990_0004_19901122,1990-10-11
DOC_JUDG_GC_1990_0005_19910925,1991-06-27
DOC_JUDG_GC_1990_0007_19901127,1990-10-24
DOC_JUDG_GC_1990_0008_19920228,1991-07-11
DOC_JUDG_GC_1990_0010_19911203,1991-07-09
DOC_JUDG_GC_1990_0012_19910529,1990-12-06
DOC_JUDG_GC_1990_0016_19920211,1991-10-24
DOC_JUDG_GC_1990_0017_19930715,1993-05-18
DOC_JUDG_GC_1990_0018_19910507,1991-03-06
DOC_JUDG_GC_1990_0019_19910711,1991-03-21
DOC_JUDG_GC_1990_0021_19911127,1991-09-18
DOC_JUDG_GC_1990_0023_19910712,1991-04-17
DOC_JUDG_GC_1990_0024_19920918,1991-10-22
DOC_JUDG_GC_1990_0025_19920130,1991-07-12
DOC_JUDG_GC_1990_0026_19920605,1991-12-04
DOC_JUDG_GC_1990_0027_19910124,1990-11-29
DOC_JUDG_GC_1990_0028_19920918,1991-10-23
DOC_JUDG_GC_1990_0030_19910514,1991-02-27
DOC_JUDG_GC_1990_0033_19911106,1991-06-27
DOC_JUDG_GC_1990_0039_19911212,1991-07-03
DOC_JUDG_GC_1990_0041_19920225,1992-01-14
DOC_JUDG_GC_1990_0042_19920225,1992-01-14
DOC_JUDG_GC_1990_0043_19921218,1992-07-07
DOC_JUDG_GC_1990_0044_19920124,1991-07-02
DOC_JUDG_GC_1990_0045_19920128,1991-10-09
DOC_JUDG_GC_1990_0046_19930630,1993-03-31
DOC_JUDG_GC_1990_0048_19930701,1993-03-10
DOC_JUDG_GC_1990_0051_19920228,1991-12-05
DOC_JUDG_GC_1990_0052_19920212,1991-11-27
DOC_JUDG_GC_1990_0054_19910925,1991-06-11
DOC_JUDG_GC_1991_0001_19920716,1992-05-07
DOC_JUDG_GC_1991_0006_19920212,1991-10-16
DOC_JUDG_GC_1991_0007_19921001,1992-07-01
DOC_JUDG_GC_1991_0011_19920225,1991-12-05
DOC_JUDG_GC_1991_0015_19920410,1992-01-09
DOC_JUDG_GC_1991_0016_19921118,1992-06-05
DOC_JUDG_GC_1991_0018_19920408,1992-02-05
DOC_JUDG_GC_1991_0019_19920227,1991-12-12
DOC_JUDG_GC_1991_0020_19921217,1992-05-21
DOC_JUDG_GC_1991_0022_19930211,1992-12-09
DOC_JUDG_GC_1991_0023_19921021,1992-09-16
DOC_JUDG_GC_1991_0024_19920630,1992-01-15
DOC_JUDG_GC_1991_0025_19920630,1992-01-15
DOC_JUDG_GC_1991_0026_19920401,1992-02-12
DOC_JUDG_GC_1991_0030_19950629,1994-12-06
DOC_JUDG_GC_1991_0030_19950629,1994-12-07
DOC_JUDG_GC_1991_0032_19950629,1994-12-07
DOC_JUDG_GC_1991_0032_19950629,1994-12-06
DOC_JUDG_GC_1991_0033_19921210,1992-05-05
DOC_JUDG_GC_1991_0033_19921210,1992-06-25
DOC_JUDG_GC_1991_0036_19950629,1994-12-07
DOC_JUDG_GC_1991_0036_19950629,1994-12-06
DOC_JUDG_GC_1991_0037_19950629,1994-12-07
DOC_JUDG_GC_1991_0037_19950629,1994-12-06
DOC_JUDG_GC_1991_0040_19920410,1992-03-12
DOC_JUDG_GC_1991_0045_19930218,1992-03-18
DOC_JUDG_GC_1991_0047_19921215,1992-10-28
DOC_JUDG_GC_1991_0049_19920618,1992-06-04
DOC_JUDG_GC_1991_0050_19921009,1992-06-04
DOC_JUDG_GC_1991_0053_19920710,1992-06-11
DOC_JUDG_GC_1991_0054_19920521,1992-03-17
DOC_JUDG_GC_1991_0055_19920521,1992-03-17
DOC_JUDG_GC_1991_0057_19960924,1996-02-06
DOC_JUDG_GC_1991_0058_19930303,1992-10-28
DOC_JUDG_GC_1991_0059_19920710,1992-06-04
DOC_JUDG_GC_1991_0063_19920710,1992-05-19
DOC_JUDG_GC_1991_0065_19940112,1993-05-25
DOC_JUDG_GC_1991_0066_19920710,1992-06-24
DOC_JUDG_GC_1991_0068_19920710,1992-05-20
DOC_JUDG_GC_1991_0069_19930303,1992-11-12
DOC_JUDG_GC_1991_0070_19921001,1992-05-14
DOC_JUDG_GC_1991_0075_19921215,1992-10-28
DOC_JUDG_GC_1991_0080_19921119,1992-10-21
DOC_JUDG_GC_1991_0083_19941006,1994-03-22
DOC_JUDG_GC_1991_0084_19921008,1992-07-02
DOC_JUDG_GC_1991_0085_19921218,1992-07-07
DOC_JUDG_GC_1991_0086_19930129,1992-11-10
DOC_JUDG_GC_1991_0087_19930311,1993-01-21
DOC_JUDG_GC_1991_0088_19930114,1992-11-17
DOC_JUDG_GC_1991_0089_19931125,1993-09-15
DOC_JUDG_GC_1991_0092_19930624,1993-04-20
DOC_JUDG_GC_1992_0001_19930218,1993-01-14
DOC_JUDG_GC_1992_0001_19930218,1992-10-06
DOC_JUDG_GC_1992_0004_19930330,1993-02-11
DOC_JUDG_GC_1992_0005_19930421,1992-12-11
DOC_JUDG_GC_1992_0006_19931026,1993-05-26
DOC_JUDG_GC_1992_0007_19930629,1993-04-22
DOC_JUDG_GC_1992_0009_19930422,1992-12-16
DOC_JUDG_GC_1992_0010_19921218,1992-11-24
DOC_JUDG_GC_1992_0013_19930317,1992-12-17
DOC_JUDG_GC_1992_0018_19940223,1994-01-12
DOC_JUDG_GC_1992_0018_19940223,1993-04-27
DOC_JUDG_GC_1992_0019_19961212,1996-02-28
DOC_JUDG_GC_1992_0019_19961212,1996-02-29
DOC_JUDG_GC_1992_0020_19930713,1993-05-05
DOC_JUDG_GC_1992_0022_19931026,1993-05-05
DOC_JUDG_GC_1992_0025_19930303,1993-01-14
DOC_JUDG_GC_1992_0027_19930715,1993-05-18
DOC_JUDG_GC_1992_0029_19950221,1994-07-11
DOC_JUDG_GC_1992_0030_19930330,1992-12-15
DOC_JUDG_GC_1992_0032_19930706,1993-03-18
DOC_JUDG_GC_1992_0034_19941027,1994-03-16
DOC_JUDG_GC_1992_0035_19941027,1994-03-16
DOC_JUDG_GC_1992_0037_19940518,1993-12-08
DOC_JUDG_GC_1992_0038_19940428,1993-12-15
DOC_JUDG_GC_1992_0039_19940223,1993-09-22
DOC_JUDG_GC_1992_0043_19940707,1993-12-14
DOC_JUDG_GC_1992_0044_19930303,1993-01-20
DOC_JUDG_GC_1992_0046_19941109,1994-07-12
DOC_JUDG_GC_1992_0050_19930608,1993-03-03
DOC_JUDG_GC_1992_0057_19930928,1993-07-13
DOC_JUDG_GC_1992_0058_19931216,1993-10-28
DOC_JUDG_GC_1992_0059_19931026,1993-07-06
DOC_JUDG_GC_1992_0060_19930916,1996-02-07
DOC_JUDG_GC_1992_0060_19960328,1996-02-07
DOC_JUDG_GC_1992_0064_19941027,1994-03-24
DOC_JUDG_GC_1992_0064_19941027,1994-07-14
DOC_JUDG_GC_1992_0065_19930617,1993-03-23
DOC_JUDG_GC_1992_0066_19940714,1994-05-03
DOC_JUDG_GC_1992_0069_19930624,1993-05-19
DOC_JUDG_GC_1992_0070_19970514,1996-06-05
DOC_JUDG_GC_1992_0074_19950124,1994-06-09
DOC_JUDG_GC_1992_0076_19931130,1993-07-15
DOC_JUDG_GC_1992_0077_19940714,1994-05-03
DOC_JUDG_GC_1992_0078_19931130,1993-07-15
DOC_JUDG_GC_1992_0080_19931216,1993-07-13
DOC_JUDG_GC_1992_0082_19940303,1994-01-27
DOC_JUDG_GC_1992_0083_19931028,1993-06-24
DOC_JUDG_GC_1992_0084_19930928,1993-06-22
DOC_JUDG_GC_1992_0087_19961212,1996-02-29
DOC_JUDG_GC_1992_0087_19961212,1996-02-28
DOC_JUDG_GC_1992_0088_19961212,1996-02-29
DOC_JUDG_GC_1992_0088_19961212,1996-02-28
DOC_JUDG_GC_1992_0090_19930928,1993-06-24
DOC_JUDG_GC_1992_0091_19931216,1993-11-24
DOC_JUDG_GC_1992_0096_19950427,1994-10-05
DOC_JUDG_GC_1992_0097_19940622,1994-01-19
DOC_JUDG_GC_1992_0098_19940622,1994-01-19
DOC_JUDG_GC_1992_0100_19940315,1993-09-28
DOC_JUDG_GC_1992_0100_19940315,1993-11-25
DOC_JUDG_GC_1992_0102_19950112,1994-05-03
DOC_JUDG_GC_1992_0103_19930928,1993-07-07
DOC_JUDG_GC_1992_0107_19940210,1993-11-10
DOC_JUDG_GC_1992_0108_19940224,1993-12-09
DOC_JUDG_GC_1992_0109_19940209,1993-11-30
DOC_JUDG_GC_1992_0114_19950124,1994-05-18
DOC_JUDG_GC_1993_0002_19940519,1994-02-23
DOC_JUDG_GC_1993_0003_19940324,1993-11-23
DOC_JUDG_GC_1993_0004_19940601,1994-03-17
DOC_JUDG_GC_1993_0005_19950124,1994-05-18
DOC_JUDG_GC_1993_0007_19950608,1994-11-16
DOC_JUDG_GC_1993_0008_19940323,1993-09-14
DOC_JUDG_GC_1993_0008_19940323,1994-01-12
DOC_JUDG_GC_1993_0009_19950608,1994-11-16
DOC_JUDG_GC_1993_0010_19940414,1994-01-26
DOC_JUDG_GC_1993_0012_19950427,1994-10-07
DOC_JUDG_GC_1993_0013_19931124,1993-09-14
DOC_JUDG_GC_1993_0014_19950606,1994-11-08
DOC_JUDG_GC_1993_0015_19931130,1993-10-06
DOC_JUDG_GC_1993_0017_19940715,1994-06-28
DOC_JUDG_GC_1993_0018_19941026,1994-05-19
DOC_JUDG_GC_1993_0024_19961008,1996-03-26
DOC_JUDG_GC_1993_0032_19941027,1994-04-13
DOC_JUDG_GC_1993_0034_19950308,1994-11-09
DOC_JUDG_GC_1993_0035_19940428,1994-03-03
DOC_JUDG_GC_1993_0038_19940224,1993-12-16
DOC_JUDG_GC_1993_0046_19941201,1994-06-22
DOC_JUDG_GC_1993_0047_19941027,1994-05-20
DOC_JUDG_GC_1993_0049_19950918,1995-04-25
DOC_JUDG_GC_1993_0244_19950913,1995-01-10
DOC_JUDG_GC_1993_0246_19980204,1997-06-25
DOC_JUDG_GC_1993_0429_20000621,2000-01-28
DOC_JUDG_GC_1993_0432_19950307,1994-11-30
DOC_JUDG_GC_1993_0435_19950427,1994-11-09
DOC_JUDG_GC_1993_0442_19950427,1994-11-09
DOC_JUDG_GC_1993_0443_19950427,1994-11-09
DOC_JUDG_GC_1993_0447_19950706,1995-01-17
DOC_JUDG_GC_1993_0450_19941206,1994-07-13
DOC_JUDG_GC_1993_0451_19941116,1994-07-08
DOC_JUDG_GC_1993_0455_19970709,1996-11-21
DOC_JUDG_GC_1993_0458_19950915,1995-04-05
DOC_JUDG_GC_1993_0459_19950608,1994-11-23
DOC_JUDG_GC_1993_0461_19940923,1994-06-01
DOC_JUDG_GC_1993_0465_19940519,1994-02-03
DOC_JUDG_GC_1993_0466_19950713,1995-02-14
DOC_JUDG_GC_1993_0471_19950918,1995-01-24
DOC_JUDG_GC_1993_0472_19950221,1994-07-08
DOC_JUDG_GC_1993_0478_19950518,1994-10-25
DOC_JUDG_GC_1993_0480_19950914,1995-03-24
DOC_JUDG_GC_1993_0481_19951213,1995-07-11
DOC_JUDG_GC_1993_0482_19960710,1996-03-13
DOC_JUDG_GC_1993_0485_19960924,2000-02-23
DOC_JUDG_GC_1993_0485_20001108,2000-02-23
DOC_JUDG_GC_1993_0489_19941215,1994-09-22
DOC_JUDG_GC_1993_0491_19960924,1996-04-25
DOC_JUDG_GC_1993_0493_19950308,1994-11-30
DOC_JUDG_GC_1993_0494_19960924,1996-04-25
DOC_JUDG_GC_1993_0495_19940922,1994-03-24
DOC_JUDG_GC_1993_0497_19950329,1994-12-14
DOC_JUDG_GC_1993_0504_19970612,1996-05-08
DOC_JUDG_GC_1993_0509_19960924,1996-04-25
DOC_JUDG_GC_1993_0509_20001108,2000-02-23
DOC_JUDG_GC_1993_0512_19940510,1994-03-23
DOC_JUDG_GC_1993_0513_20000330,1999-06-17
DOC_JUDG_GC_1993_0514_19950315,1994-12-01
DOC_JUDG_GC_1993_0521_19961211,1996-06-05
DOC_JUDG_GC_1993_0527_19950126,1994-10-27
DOC_JUDG_GC_1993_0528_19960711,1996-01-17
DOC_JUDG_GC_1993_0528_19960711,1996-01-16
DOC_JUDG_GC_1993_0533_20010131,2000-05-17
DOC_JUDG_GC_1993_0534_19940714,1994-06-15
DOC_JUDG_GC_1993_0536_19941027,1994-07-14
DOC_JUDG_GC_1993_0537_20000621,2000-01-28
DOC_JUDG_GC_1993_0541_19970416,1996-05-21
DOC_JUDG_GC_1993_0547_19960229,1995-07-13
DOC_JUDG_GC_1993_0548_19950918,1995-05-11
DOC_JUDG_GC_1993_0549_19950126,1994-11-17
DOC_JUDG_GC_1993_0551_19960424,1995-11-29
DOC_JUDG_GC_1993_0554_19970416,1996-05-21
DOC_JUDG_GC_1993_0558_19941130,1994-09-28
DOC_JUDG_GC_1993_0568_19941130,1994-10-11
DOC_JUDG_GC_1993_0571_19950914,1995-05-10
DOC_JUDG_GC_1993_0572_19950706,1995-02-21
DOC_JUDG_GC_1993_0575_19960109,1995-10-25
DOC_JUDG_GC_1993_0576_19940715,1994-06-30
DOC_JUDG_GC_1993_0586_19950322,1994-11-24
DOC_JUDG_GC_1993_0588_19941130,1994-10-26
DOC_JUDG_GC_1993_0589_19960215,1995-11-09
DOC_JUDG_GC_1994_0006_19960424,1995-11-30
DOC_JUDG_GC_1994_0007_19970129,1996-06-26
DOC_JUDG_GC_1994_0010_19950517,1995-03-15
DOC_JUDG_GC_1994_0012_19971218,1997-10-15
DOC_JUDG_GC_1994_0012_19971218,1995-01-31
DOC_JUDG_GC_1994_0020_19970416,1996-05-21
DOC_JUDG_GC_1994_0036_19961016,1996-06-20
DOC_JUDG_GC_1994_0037_19961016,1996-06-20
DOC_JUDG_GC_1994_0056_19961016,1996-06-20
DOC_JUDG_GC_1994_0067_19980127,1997-03-11
DOC_JUDG_GC_1994_0070_19961211,1996-03-13
DOC_JUDG_GC_1994_0073_20010131,2000-05-17
DOC_JUDG_GC_1994_0076_20010131,2000-05-17
DOC_JUDG_GC_1994_0077_19970514,1996-06-05
DOC_JUDG_GC_1994_0085_19950112,1994-11-10
DOC_JUDG_GC_1994_0087_20060530,2005-11-29
DOC_JUDG_GC_1994_0093_19960306,1995-11-08
DOC_JUDG_GC_1994_0095_19950928,1995-04-26
DOC_JUDG_GC_1994_0108_19960116,1995-11-09
DOC_JUDG_GC_1994_0109_19951213,1995-09-20
DOC_JUDG_GC_1994_0115_19970122,1996-09-19
DOC_JUDG_GC_1994_0134_19990311,1998-03-23
DOC_JUDG_GC_1994_0134_19990311,1998-03-27
DOC_JUDG_GC_1994_0134_19990311,1998-03-25
DOC_JUDG_GC_1994_0134_19990311,1998-03-24
DOC_JUDG_GC_1994_0134_19990311,1998-03-26
DOC_JUDG_GC_1994_0136_19990311,1998-03-23
DOC_JUDG_GC_1994_0136_19990311,1998-03-27
DOC_JUDG_GC_1994_0136_19990311,1998-03-25
DOC_JUDG_GC_1994_0136_19990311,1998-03-24
DOC_JUDG_GC_1994_0136_19990311,1998-03-26
DOC_JUDG_GC_1994_0137_19990311,1998-03-26
DOC_JUDG_GC_1994_0137_19990311,1998-03-24
DOC_JUDG_GC_1994_0137_19990311,1998-03-25
DOC_JUDG_GC_1994_0137_19990311,1998-03-23
DOC_JUDG_GC_1994_0137_19990311,1998-03-27
DOC_JUDG_GC_1994_0138_19990311,1998-03-27
DOC_JUDG_GC_1994_0138_19990311,1998-03-24
DOC_JUDG_GC_1994_0138_19990311,1998-03-23
DOC_JUDG_GC_1994_0138_19990311,1998-03-25
DOC_JUDG_GC_1994_0138_19990311,1998-03-26
DOC_JUDG_GC_1994_0141_19990311,1998-03-26
DOC_JUDG_GC_1994_0141_19990311,1998-03-23
DOC_JUDG_GC_1994_0141_19990311,1998-03-24
DOC_JUDG_GC_1994_0141_19990311,1998-03-27
DOC_JUDG_GC_1994_0141_19990311,1998-03-25
DOC_JUDG_GC_1994_0145_19990311,1998-03-25
DOC_JUDG_GC_1994_0145_19990311,1998-03-27
DOC_JUDG_GC_1994_0145_19990311,1998-03-26
DOC_JUDG_GC_1994_0145_19990311,1998-03-23
DOC_JUDG_GC_1994_0145_19990311,1998-03-24
DOC_JUDG_GC_1994_0146_19960307,1995-12-05
DOC_JUDG_GC_1994_0147_19990311,1998-03-26
DOC_JUDG_GC_1994_0147_19990311,1998-03-25
DOC_JUDG_GC_1994_0147_19990311,1998-03-27
DOC_JUDG_GC_1994_0147_19990311,1998-03-23
DOC_JUDG_GC_1994_0147_19990311,1998-03-24
DOC_JUDG_GC_1994_0148_19990311,1998-03-26
DOC_JUDG_GC_1994_0148_19990311,1998-03-24
DOC_JUDG_GC_1994_0148_19990311,1998-03-23
DOC_JUDG_GC_1994_0148_19990311,1998-03-25
DOC_JUDG_GC_1994_0148_19990311,1998-03-27
DOC_JUDG_GC_1994_0149_19970225,1996-09-18
DOC_JUDG_GC_1994_0150_19960618,1996-03-13
DOC_JUDG_GC_1994_0151_19990311,1998-03-24
DOC_JUDG_GC_1994_0151_19990311,1998-03-25
DOC_JUDG_GC_1994_0151_19990311,1998-03-27
DOC_JUDG_GC_1994_0151_19990311,1998-03-26
DOC_JUDG_GC_1994_0151_19990311,1998-03-23
DOC_JUDG_GC_1994_0154_19961022,1996-07-02
DOC_JUDG_GC_1994_0155_19960918,1996-05-08
DOC_JUDG_GC_1994_0156_19990311,1998-03-24
DOC_JUDG_GC_1994_0156_19990311,1998-03-25
DOC_JUDG_GC_1994_0156_19990311,1998-03-23
DOC_JUDG_GC_1994_0156_19990311,1998-03-27
DOC_JUDG_GC_1994_0156_19990311,1998-03-26
DOC_JUDG_GC_1994_0156_20040914,2004-07-06
DOC_JUDG_GC_1994_0157_19990311,1998-03-23
DOC_JUDG_GC_1994_0157_19990311,1998-03-26
DOC_JUDG_GC_1994_0157_19990311,1998-03-24
DOC_JUDG_GC_1994_0157_19990311,1998-03-25
DOC_JUDG_GC_1994_0157_19990311,1998-03-27
DOC_JUDG_GC_1994_0158_19960919,1996-04-17
DOC_JUDG_GC_1994_0159_19971218,1997-04-17
DOC_JUDG_GC_1994_0161_19960711,1996-01-23
DOC_JUDG_GC_1994_0162_19960605,1995-12-06
DOC_JUDG_GC_1994_0164_19950928,1995-05-03
DOC_JUDG_GC_1994_0166_19950714,1995-04-05
DOC_JUDG_GC_1994_0167_19950918,1995-05-18
DOC_JUDG_GC_1994_0168_19950918,1995-05-18
DOC_JUDG_GC_1994_0169_19950627,1995-04-04
DOC_JUDG_GC_1994_0170_19970925,1997-03-11
DOC_JUDG_GC_1994_0171_19950914,1995-05-17
DOC_JUDG_GC_1994_0175_19960711,1996-05-07
DOC_JUDG_GC_1994_0177_19961212,1996-03-28
DOC_JUDG_GC_1994_0178_19971218,1997-09-30
DOC_JUDG_GC_1994_0182_19960924,1996-06-11
DOC_JUDG_GC_1994_0185_19951026,1995-06-21
DOC_JUDG_GC_1994_0186_19950627,1995-03-07
DOC_JUDG_GC_1994_0187_20020207,2001-05-03
DOC_JUDG_GC_1994_0192_19960926,1996-05-22
DOC_JUDG_GC_1994_0194_19951019,1995-07-05
DOC_JUDG_GC_1994_0195_19971209,1997-03-13
DOC_JUDG_GC_1994_0199_20020207,2001-05-03
DOC_JUDG_GC_1994_0201_20020207,2001-05-03
DOC_JUDG_GC_1994_0226_19960621,1996-03-28
DOC_JUDG_GC_1994_0229_19971021,1997-01-28
DOC_JUDG_GC_1994_0230_19960321,1995-11-23
DOC_JUDG_GC_1994_0235_19960227,1995-11-08
DOC_JUDG_GC_1994_0239_19971024,1997-02-25
DOC_JUDG_GC_1994_0243_19971024,1997-02-25
DOC_JUDG_GC_1994_0244_19971024,1997-02-25
DOC_JUDG_GC_1994_0260_19970619,1996-11-13
DOC_JUDG_GC_1994_0261_20020207,2001-04-26
DOC_JUDG_GC_1994_0262_19960606,1996-03-07
DOC_JUDG_GC_1994_0267_19970711,1997-02-04
DOC_JUDG_GC_1994_0271_19960711,1996-06-04
DOC_JUDG_GC_1994_0272_19961119,1996-07-09
DOC_JUDG_GC_1994_0273_19970515,1996-12-11
DOC_JUDG_GC_1994_0274_19960425,1995-12-07
DOC_JUDG_GC_1994_0275_19950714,1995-03-29
DOC_JUDG_GC_1994_0277_19960522,1995-12-12
DOC_JUDG_GC_1994_0280_19960229,1995-07-13
DOC_JUDG_GC_1994_0285_19951214,1995-09-15
DOC_JUDG_GC_1994_0290_19971127,1997-04-23
DOC_JUDG_GC_1994_0293_19960618,1996-03-13
DOC_JUDG_GC_1994_0295_19980514,1997-07-08
DOC_JUDG_GC_1994_0297_19970129,1996-06-26
DOC_JUDG_GC_1994_0298_19961107,1996-07-11
DOC_JUDG_GC_1994_0304_19980514,1997-07-08
DOC_JUDG_GC_1994_0305_19990420,1998-02-12
DOC_JUDG_GC_1994_0308_19980514,1997-07-08
DOC_JUDG_GC_1994_0308_20020228,2001-10-02
DOC_JUDG_GC_1994_0309_19980514,1997-07-08
DOC_JUDG_GC_1994_0310_19980514,1997-07-08
DOC_JUDG_GC_1994_0311_19980514,1997-07-08
DOC_JUDG_GC_1994_0317_19980514,1997-07-08
DOC_JUDG_GC_1994_0319_19980514,1997-07-08
DOC_JUDG_GC_1994_0327_19980514,1997-07-08
DOC_JUDG_GC_1994_0330_19961022,1996-07-02
DOC_JUDG_GC_1994_0331_19971015,2000-11-16
DOC_JUDG_GC_1994_0331_20010306,2000-11-16
DOC_JUDG_GC_1994_0334_19980514,1997-07-08
DOC_JUDG_GC_1994_0336_19961016,1996-05-14
DOC_JUDG_GC_1994_0337_19980514,1997-07-08
DOC_JUDG_GC_1994_0338_19980514,1997-07-08
DOC_JUDG_GC_1994_0339_19980514,1997-07-08
DOC_JUDG_GC_1994_0346_19951109,1995-09-27
DOC_JUDG_GC_1994_0347_19980514,1997-07-08
DOC_JUDG_GC_1994_0348_19980514,1997-07-08
DOC_JUDG_GC_1994_0352_19980514,1997-07-08
DOC_JUDG_GC_1994_0353_19960918,1995-12-14
DOC_JUDG_GC_1994_0354_19980514,1997-07-08
DOC_JUDG_GC_1994_0354_20020228,2001-10-02
DOC_JUDG_GC_1994_0356_19961002,1996-06-06
DOC_JUDG_GC_1994_0358_19961212,1996-06-26
DOC_JUDG_GC_1994_0362_19960307,1995-12-13
DOC_JUDG_GC_1994_0368_19960109,1995-10-25
DOC_JUDG_GC_1994_0369_19980219,1997-10-01
DOC_JUDG_GC_1994_0371_19980625,1997-05-07
DOC_JUDG_GC_1994_0371_19980625,1997-05-06
DOC_JUDG_GC_1994_0373_20061212,2006-04-06
DOC_JUDG_GC_1994_0374_19980915,1997-10-22
DOC_JUDG_GC_1994_0376_19960321,1995-10-24
DOC_JUDG_GC_1994_0378_19961016,1996-04-24
DOC_JUDG_GC_1994_0380_19961212,1996-07-10
DOC_JUDG_GC_1994_0382_19960606,1996-02-15
DOC_JUDG_GC_1994_0386_19960919,1996-03-28
DOC_JUDG_GC_1994_0387_19960918,1996-03-20
DOC_JUDG_GC_1994_0390_19970415,1996-11-12
DOC_JUDG_GC_1994_0391_19960606,1996-03-07
DOC_JUDG_GC_1994_0395_20020228,2000-06-08
DOC_JUDG_GC_1994_0398_19960605,1996-03-12
DOC_JUDG_GC_1995_0002_19981015,1997-12-02
DOC_JUDG_GC_1995_0008_20070927,2007-01-23
DOC_JUDG_GC_1995_0010_19960321,1996-01-25
DOC_JUDG_GC_1995_0011_19980915,1998-03-17
DOC_JUDG_GC_1995_0011_19980915,1997-09-23
DOC_JUDG_GC_1995_0013_19960418,1995-11-16
DOC_JUDG_GC_1995_0015_19960228,1995-11-23
DOC_JUDG_GC_1995_0019_19960508,1996-02-14
DOC_JUDG_GC_1995_0021_19961105,1996-07-11
DOC_JUDG_GC_1995_0023_19960109,1995-11-23
DOC_JUDG_GC_1995_0028_19980916,1997-05-13
DOC_JUDG_GC_1995_0033_19961212,1996-07-10
DOC_JUDG_GC_1995_0040_19981016,1998-04-28
DOC_JUDG_GC_1995_0047_19970409,1996-12-04
DOC_JUDG_GC_1995_0049_19961211,1996-10-22
DOC_JUDG_GC_1995_0066_19970416,1996-11-05
DOC_JUDG_GC_1995_0074_19961212,1996-07-10
DOC_JUDG_GC_1995_0075_19960605,1996-04-18
DOC_JUDG_GC_1995_0077_19970115,1996-11-14
DOC_JUDG_GC_1995_0077_20000525,2000-02-09
DOC_JUDG_GC_1995_0079_19961022,1996-06-25
DOC_JUDG_GC_1995_0081_19970714,1997-01-15
DOC_JUDG_GC_1995_0082_19960514,1996-04-23
DOC_JUDG_GC_1995_0090_19971218,1997-11-12
DOC_JUDG_GC_1995_0091_19960626,1996-03-21
DOC_JUDG_GC_1995_0093_19980204,1997-10-21
DOC_JUDG_GC_1995_0094_19980204,1997-10-21
DOC_JUDG_GC_1995_0096_19970305,1996-11-07
DOC_JUDG_GC_1995_0097_19980129,1997-09-18
DOC_JUDG_GC_1995_0099_19961212,1996-03-28
DOC_JUDG_GC_1995_0102_19960711,1996-03-28
DOC_JUDG_GC_1995_0105_19970305,1996-09-18
DOC_JUDG_GC_1995_0106_19970227,1996-10-08
DOC_JUDG_GC_1995_0110_19980916,1997-05-13
DOC_JUDG_GC_1995_0117_19970130,1996-11-05
DOC_JUDG_GC_1995_0118_19960611,1996-04-16
DOC_JUDG_GC_1995_0119_19980714,1998-03-04
DOC_JUDG_GC_1995_0121_19971217,1997-05-28
DOC_JUDG_GC_1995_0122_19960201,1995-12-12
DOC_JUDG_GC_1995_0125_19960215,1995-12-14
DOC_JUDG_GC_1995_0129_19990121,1998-07-16
DOC_JUDG_GC_1995_0130_19961212,1996-10-23
DOC_JUDG_GC_1995_0132_19961212,1996-07-10
DOC_JUDG_GC_1995_0135_19961120,1996-07-10
DOC_JUDG_GC_1995_0140_19980915,1998-05-27
DOC_JUDG_GC_1995_0141_19960306,1996-01-24
DOC_JUDG_GC_1995_0142_19971218,1997-09-11
DOC_JUDG_GC_1995_0144_19961121,1996-10-16
DOC_JUDG_GC_1995_0146_19960711,1996-06-11
DOC_JUDG_GC_1995_0147_19960611,1996-05-02
DOC_JUDG_GC_1995_0148_19960521,1996-03-07
DOC_JUDG_GC_1995_0149_19971105,1997-04-22
DOC_JUDG_GC_1995_0150_19970925,1997-03-11
DOC_JUDG_GC_1995_0152_19971217,1997-05-02
DOC_JUDG_GC_1995_0153_19960521,1996-03-26
DOC_JUDG_GC_1995_0158_19990708,1999-01-26
DOC_JUDG_GC_1995_0159_19971217,1997-07-09
DOC_JUDG_GC_1995_0165_19980514,1997-10-09
DOC_JUDG_GC_1995_0166_19971217,1997-07-09
DOC_JUDG_GC_1995_0168_19990708,1999-01-26
DOC_JUDG_GC_1995_0169_19970506,1997-03-18
DOC_JUDG_GC_1995_0169_19970506,1996-11-21
DOC_JUDG_GC_1995_0171_19980609,1997-09-18
DOC_JUDG_GC_1995_0172_19980609,1997-09-18
DOC_JUDG_GC_1995_0173_19980609,1997-09-18
DOC_JUDG_GC_1995_0174_19980617,1997-09-17
DOC_JUDG_GC_1995_0175_19990519,1998-04-02
DOC_JUDG_GC_1995_0175_19990519,1998-01-13
DOC_JUDG_GC_1995_0176_19990519,1998-04-02
DOC_JUDG_GC_1995_0176_19990519,1998-01-13
DOC_JUDG_GC_1995_0177_19961211,1996-10-24
DOC_JUDG_GC_1995_0178_19970318,1996-11-28
DOC_JUDG_GC_1995_0184_19980428,1997-06-19
DOC_JUDG_GC_1995_0185_19960924,1996-07-11
DOC_JUDG_GC_1995_0187_19970715,1997-05-27
DOC_JUDG_GC_1995_0188_19980916,1998-03-25
DOC_JUDG_GC_1995_0189_19991213,1999-03-02
DOC_JUDG_GC_1995_0190_19991213,1999-03-02
DOC_JUDG_GC_1995_0195_19970506,1996-11-20
DOC_JUDG_GC_1995_0196_19970603,1997-04-17
DOC_JUDG_GC_1995_0198_20010712,2000-10-05
DOC_JUDG_GC_1995_0203_19990519,1999-02-10
DOC_JUDG_GC_1995_0205_19980430,1998-02-05
DOC_JUDG_GC_1995_0207_19970205,1996-10-24
DOC_JUDG_GC_1995_0210_19991028,1999-03-17
DOC_JUDG_GC_1995_0211_19970205,1996-10-24
DOC_JUDG_GC_1995_0212_19970710,1997-02-04
DOC_JUDG_GC_1995_0213_19971022,1997-06-04
DOC_JUDG_GC_1995_0214_19980430,1997-09-25
DOC_JUDG_GC_1995_0216_19971217,1997-07-09
DOC_JUDG_GC_1995_0217_19971217,1997-07-09
DOC_JUDG_GC_1995_0218_19971107,1997-06-05
DOC_JUDG_GC_1995_0220_19970916,1997-04-29
DOC_JUDG_GC_1995_0221_19990428,1998-07-15
DOC_JUDG_GC_1995_0223_19971106,1997-07-03
DOC_JUDG_GC_1995_0224_19971127,1997-05-29
DOC_JUDG_GC_1995_0225_19971217,1997-07-09
DOC_JUDG_GC_1995_0227_19970710,1996-09-11
DOC_JUDG_GC_1995_0230_19990128,1998-06-16
DOC_JUDG_GC_1995_0232_19980708,1997-11-25
DOC_JUDG_GC_1995_0234_20000629,1999-03-18
DOC_JUDG_GC_1995_0237_19970612,1997-01-22
DOC_JUDG_GC_1996_0001_19990113,1998-09-24
DOC_JUDG_GC_1996_0003_19980915,1997-09-18
DOC_JUDG_GC_1996_0004_19970709,1997-03-05
DOC_JUDG_GC_1996_0006_19970529,1997-03-04
DOC_JUDG_GC_1996_0007_19970625,1997-01-29
DOC_JUDG_GC_1996_0009_19991213,1999-03-02
DOC_JUDG_GC_1996_0013_19981029,1998-06-25
DOC_JUDG_GC_1996_0014_19990128,1998-06-16
DOC_JUDG_GC_1996_0015_19971106,1997-03-18
DOC_JUDG_GC_1996_0015_19971106,1997-04-24
DOC_JUDG_GC_1996_0015_19971106,1996-12-05
DOC_JUDG_GC_1996_0016_19980430,1997-09-25
DOC_JUDG_GC_1996_0017_19990603,1998-11-24
DOC_JUDG_GC_1996_0020_19971127,1997-06-05
DOC_JUDG_GC_1996_0020_19971127,1997-03-18
DOC_JUDG_GC_1996_0020_19971127,1996-11-06
DOC_JUDG_GC_1996_0021_19970319,1996-11-26
DOC_JUDG_GC_1996_0028_19970702,1997-04-16
DOC_JUDG_GC_1996_0029_19970711,1997-04-15
DOC_JUDG_GC_1996_0034_19990519,1999-02-10
DOC_JUDG_GC_1996_0035_19970318,1996-12-05
DOC_JUDG_GC_1996_0036_19970710,1997-04-29
DOC_JUDG_GC_1996_0036_19990708,1999-04-22
DOC_JUDG_GC_1996_0038_19970710,1996-11-20
DOC_JUDG_GC_1996_0040_19970306,1996-12-10
DOC_JUDG_GC_1996_0041_20001026,1999-10-28
DOC_JUDG_GC_1996_0042_19980219,1997-11-26
DOC_JUDG_GC_1996_0048_19991012,1999-03-11
DOC_JUDG_GC_1996_0050_19980917,1998-03-31
DOC_JUDG_GC_1996_0051_20000330,1999-04-27
DOC_JUDG_GC_1996_0054_19980915,1998-06-10
DOC_JUDG_GC_1996_0056_19980217,1997-11-25
DOC_JUDG_GC_1996_0059_19970528,1997-03-06
DOC_JUDG_GC_1996_0062_19980129,1997-11-13
DOC_JUDG_GC_1996_0065_20000330,1999-04-28
DOC_JUDG_GC_1996_0069_20010321,2000-06-28
DOC_JUDG_GC_1996_0071_19971106,1997-06-12
DOC_JUDG_GC_1996_0073_19970619,1997-05-29
DOC_JUDG_GC_1996_0074_19980319,1997-11-13
DOC_JUDG_GC_1996_0078_19980528,1998-01-22
DOC_JUDG_GC_1996_0079_20000608,1999-07-07
DOC_JUDG_GC_1996_0080_19970416,1997-02-05
DOC_JUDG_GC_1996_0081_19970710,1997-05-27
DOC_JUDG_GC_1996_0082_19990617,1998-11-18
DOC_JUDG_GC_1996_0083_19980319,1997-09-25
DOC_JUDG_GC_1996_0084_19971107,1997-09-26
DOC_JUDG_GC_1996_0086_19990211,1998-10-29
DOC_JUDG_GC_1996_0087_19990304,1998-07-14
DOC_JUDG_GC_1996_0089_19990707,1998-11-25
DOC_JUDG_GC_1996_0091_19980217,1997-11-27
DOC_JUDG_GC_1996_0092_19970709,1997-04-23
DOC_JUDG_GC_1996_0095_19980915,1998-03-10
DOC_JUDG_GC_1996_0098_19980122,1997-12-16
DOC_JUDG_GC_1996_0100_19981021,1998-07-15
DOC_JUDG_GC_1996_0101_19971106,1997-07-03
DOC_JUDG_GC_1996_0102_19990325,1998-02-18
DOC_JUDG_GC_1996_0104_19970612,1997-04-16
DOC_JUDG_GC_1996_0105_19980217,1997-10-14
DOC_JUDG_GC_1996_0106_19990707,1998-11-25
DOC_JUDG_GC_1996_0107_19980217,1997-10-07
DOC_JUDG_GC_1996_0108_19970711,1997-04-22
DOC_JUDG_GC_1996_0109_19980716,1998-05-05
DOC_JUDG_GC_1996_0110_19971217,1997-05-15
DOC_JUDG_GC_1996_0111_19980717,1997-12-03
DOC_JUDG_GC_1996_0112_19990706,1999-03-09
DOC_JUDG_GC_1996_0113_19980129,1997-09-16
DOC_JUDG_GC_1996_0118_19980717,1998-01-28
DOC_JUDG_GC_1996_0120_19980625,1998-03-05
DOC_JUDG_GC_1996_0121_19970918,1997-06-05
DOC_JUDG_GC_1996_0124_19980206,1997-10-21
DOC_JUDG_GC_1996_0125_19991201,1999-05-12
DOC_JUDG_GC_1996_0126_19980915,1998-05-26
DOC_JUDG_GC_1996_0129_19980331,1998-01-13
DOC_JUDG_GC_1996_0130_19980708,1998-03-03
DOC_JUDG_GC_1996_0132_19991215,1999-06-30
DOC_JUDG_GC_1996_0135_19980617,1998-03-11
DOC_JUDG_GC_1996_0142_19980219,1997-12-11
DOC_JUDG_GC_1996_0144_19980716,1998-01-15
DOC_JUDG_GC_1996_0146_19980304,1997-11-27
DOC_JUDG_GC_1996_0148_19990422,1998-10-08
DOC_JUDG_GC_1996_0149_19980930,1998-03-10
DOC_JUDG_GC_1996_0154_19980930,1998-03-05
DOC_JUDG_GC_1996_0156_19980716,1998-03-04
DOC_JUDG_GC_1996_0158_19991216,1999-03-25
DOC_JUDG_GC_1996_0159_19980512,1997-12-11
DOC_JUDG_GC_1996_0162_19980716,1998-01-15
DOC_JUDG_GC_1996_0164_19990512,1998-11-17
DOC_JUDG_GC_1996_0168_19971021,1997-06-03
DOC_JUDG_GC_1996_0168_19971021,1997-09-19
DOC_JUDG_GC_1996_0169_19980219,1998-01-15
DOC_JUDG_GC_1996_0172_19970923,1997-07-02
DOC_JUDG_GC_1996_0176_19980113,1997-11-19
DOC_JUDG_GC_1996_0177_19980526,1998-01-20
DOC_JUDG_GC_1996_0180_19980915,1998-06-11
DOC_JUDG_GC_1996_0182_19990916,1998-12-15
DOC_JUDG_GC_1996_0185_19990121,1998-10-13
DOC_JUDG_GC_1996_0191_19991014,1999-02-10
DOC_JUDG_GC_1996_0192_19980714,1998-04-22
DOC_JUDG_GC_1996_0193_19980916,1998-06-24
DOC_JUDG_GC_1996_0199_19980716,1998-05-14
DOC_JUDG_GC_1996_0202_19980716,1998-05-05
DOC_JUDG_GC_1996_0203_19981217,1998-07-02
DOC_JUDG_GC_1996_0205_19980526,1997-12-11
DOC_JUDG_GC_1996_0214_19990519,1999-02-10
DOC_JUDG_GC_1996_0216_19991012,1999-03-11
DOC_JUDG_GC_1996_0217_19981117,1998-09-22
DOC_JUDG_GC_1996_0219_19980716,1998-01-15
DOC_JUDG_GC_1996_0220_20020424,2001-07-12
DOC_JUDG_GC_1996_0221_19980305,1997-12-18
DOC_JUDG_GC_1997_0003_19980219,1997-12-17
DOC_JUDG_GC_1997_0005_20001130,2000-04-06
DOC_JUDG_GC_1997_0010_19980609,1998-03-03
DOC_JUDG_GC_1997_0012_19971105,1997-10-23
DOC_JUDG_GC_1997_0013_19980930,1998-03-05
DOC_JUDG_GC_1997_0018_20020228,2000-06-08
DOC_JUDG_GC_1997_0019_19971216,1997-11-04
DOC_JUDG_GC_1997_0021_19980514,1998-01-20
DOC_JUDG_GC_1997_0022_19991215,1999-06-02
DOC_JUDG_GC_1997_0022_19991215,1998-11-11
DOC_JUDG_GC_1997_0028_19980717,1998-04-01
DOC_JUDG_GC_1997_0029_20000309,1999-11-22
DOC_JUDG_GC_1997_0037_19990325,1998-11-18
DOC_JUDG_GC_1997_0042_19980714,1998-04-22
DOC_JUDG_GC_1997_0043_19980930,1998-04-28
DOC_JUDG_GC_1997_0044_20001108,2000-04-05
DOC_JUDG_GC_1997_0046_20000510,1999-11-30
DOC_JUDG_GC_1997_0047_20000627,1999-12-02
DOC_JUDG_GC_1997_0048_19990928,1999-04-27
DOC_JUDG_GC_1997_0080_20000926,1999-10-12
DOC_JUDG_GC_1997_0081_19980716,1998-04-28
DOC_JUDG_GC_1997_0086_19980402,1998-01-22
DOC_JUDG_GC_1997_0110_19991006,1999-03-24
DOC_JUDG_GC_1997_0112_19990422,1998-12-16
DOC_JUDG_GC_1997_0121_19980930,1998-05-12
DOC_JUDG_GC_1997_0123_19991006,1999-03-24
DOC_JUDG_GC_1997_0125_20000322,1999-07-08
DOC_JUDG_GC_1997_0131_19981117,1998-07-08
DOC_JUDG_GC_1997_0140_19990928,1999-02-04
DOC_JUDG_GC_1997_0141_19990928,1999-02-04
DOC_JUDG_GC_1997_0142_19980915,1998-06-11
DOC_JUDG_GC_1997_0143_20010131,2000-05-17
DOC_JUDG_GC_1997_0147_19981119,1998-07-01
DOC_JUDG_GC_1997_0155_19981001,1998-05-14
DOC_JUDG_GC_1997_0161_19990504,1998-12-16
DOC_JUDG_GC_1997_0164_19980930,1998-03-05
DOC_JUDG_GC_1997_0167_19980611,1998-04-23
DOC_JUDG_GC_1997_0168_19990719,1999-02-24
DOC_JUDG_GC_1997_0171_19991020,1999-05-04
DOC_JUDG_GC_1997_0175_20001108,2000-04-05
DOC_JUDG_GC_1997_0176_19980609,1998-03-03
DOC_JUDG_GC_1997_0177_20000510,2000-01-12
DOC_JUDG_GC_1997_0183_20000217,1999-09-09
DOC_JUDG_GC_1997_0184_20000927,1999-09-15
DOC_JUDG_GC_1997_0186_20010510,2000-07-10
DOC_JUDG_GC_1997_0188_19990719,1999-01-19
DOC_JUDG_GC_1997_0194_20000127,1999-07-08
DOC_JUDG_GC_1997_0195_19980716,1998-05-12
DOC_JUDG_GC_1997_0196_19980219,1997-12-17
DOC_JUDG_GC_1997_0197_20010131,2000-02-25
DOC_JUDG_GC_1997_0200_19990211,1998-11-19
DOC_JUDG_GC_1997_0203_19990706,1999-02-25
DOC_JUDG_GC_1997_0212_19990309,1998-12-15
DOC_JUDG_GC_1997_0213_20001129,2000-01-26
DOC_JUDG_GC_1997_0220_19990520,1999-02-11
DOC_JUDG_GC_1997_0222_19981125,1998-06-24
DOC_JUDG_GC_1997_0228_19991007,1999-01-14
DOC_JUDG_GC_1997_0231_19990709,1999-03-11
DOC_JUDG_GC_1997_0233_19981215,1998-10-07
DOC_JUDG_GC_1997_0234_19980916,1998-06-24
DOC_JUDG_GC_1997_0241_20000217,1999-04-22
DOC_JUDG_GC_1997_0242_19990504,1998-11-25
DOC_JUDG_GC_1997_0244_19990211,1998-11-19
DOC_JUDG_GC_1997_0251_20000328,1999-06-24
DOC_JUDG_GC_1997_0252_20000919,1999-11-09
DOC_JUDG_GC_1997_0254_19990928,1999-04-20
DOC_JUDG_GC_1997_0256_20000127,1999-03-23
DOC_JUDG_GC_1997_0260_20050713,2005-02-24
DOC_JUDG_GC_1997_0264_19990128,1998-11-19
DOC_JUDG_GC_1997_0266_19990708,1998-11-20
DOC_JUDG_GC_1997_0273_19990309,1998-12-08
DOC_JUDG_GC_1997_0277_19990615,1999-02-11
DOC_JUDG_GC_1997_0282_19990225,1998-12-10
DOC_JUDG_GC_1997_0283_19990427,1999-01-26
DOC_JUDG_GC_1997_0288_19990615,2000-12-13
DOC_JUDG_GC_1997_0288_20010404,2000-12-13
DOC_JUDG_GC_1997_0290_20000118,1999-05-04
DOC_JUDG_GC_1997_0294_19981112,1998-07-16
DOC_JUDG_GC_1997_0296_20001212,2000-06-27
DOC_JUDG_GC_1997_0298_20000615,1999-09-15
DOC_JUDG_GC_1997_0300_19991215,1999-06-24
DOC_JUDG_GC_1997_0309_19991014,1999-02-25
DOC_JUDG_GC_1997_0597_20000620,1999-07-06
DOC_JUDG_GC_1997_0598_20020228,2001-03-07
DOC_JUDG_GC_1997_0612_19990928,1999-04-20
DOC_JUDG_GC_1997_0613_20001214,2000-06-21
DOC_JUDG_GC_1997_0613_20060607,2005-06-15
DOC_JUDG_GC_1998_0009_20011122,2001-01-25
DOC_JUDG_GC_1998_0010_19990610,1998-12-03
DOC_JUDG_GC_1998_0014_19990719,1999-03-04
DOC_JUDG_GC_1998_0020_19990719,1999-05-05
DOC_JUDG_GC_1998_0021_19990211,1998-11-19
DOC_JUDG_GC_1998_0024_20010703,2001-02-21
DOC_JUDG_GC_1998_0027_19991215,1999-06-24
DOC_JUDG_GC_1998_0028_19990928,1999-03-04
DOC_JUDG_GC_1998_0032_20000210,1999-09-21
DOC_JUDG_GC_1998_0033_19991215,1999-07-07
DOC_JUDG_GC_1998_0035_19990210,1998-11-19
DOC_JUDG_GC_1998_0043_20011206,2001-05-15
DOC_JUDG_GC_1998_0044_20011206,2001-05-15
DOC_JUDG_GC_1998_0045_20011213,2000-10-11
DOC_JUDG_GC_1998_0046_20000203,1999-06-17
DOC_JUDG_GC_1998_0048_20011213,2000-10-11
DOC_JUDG_GC_1998_0050_19990414,1999-02-11
DOC_JUDG_GC_1998_0051_19991026,1999-06-03
DOC_JUDG_GC_1998_0062_20000706,1999-10-07
DOC_JUDG_GC_1998_0063_20000201,1999-07-06
DOC_JUDG_GC_1998_0065_20031023,2002-10-03
DOC_JUDG_GC_1998_0066_19990311,1998-12-14
DOC_JUDG_GC_1998_0072_20000316,1999-10-06
DOC_JUDG_GC_1998_0073_20010315,2000-07-06
DOC_JUDG_GC_1998_0076_19990325,1999-01-14
DOC_JUDG_GC_1998_0079_19990211,1998-11-26
DOC_JUDG_GC_1998_0082_20000224,1999-10-21
DOC_JUDG_GC_1998_0087_20000929,2000-04-11
DOC_JUDG_GC_1998_0088_20021121,2002-02-28
DOC_JUDG_GC_1998_0089_20010207,2000-06-14
DOC_JUDG_GC_1998_0092_19991207,1999-05-19
DOC_JUDG_GC_1998_0094_20080626,2007-09-25
DOC_JUDG_GC_1998_0098_19990921,1999-06-03
DOC_JUDG_GC_1998_0099_20030702,2002-02-20
DOC_JUDG_GC_1998_0101_20000919,2000-06-07
DOC_JUDG_GC_1998_0102_19991109,1999-06-29
DOC_JUDG_GC_1998_0103_19991110,1999-06-30
DOC_JUDG_GC_1998_0110_19990909,1998-12-15
DOC_JUDG_GC_1998_0112_20010220,2000-05-23
DOC_JUDG_GC_1998_0119_19991007,1999-04-26
DOC_JUDG_GC_1998_0127_19990909,1999-03-09
DOC_JUDG_GC_1998_0128_20001212,2000-05-16
DOC_JUDG_GC_1998_0130_20001213,2000-04-06
DOC_JUDG_GC_1998_0133_20010213,2000-12-05
DOC_JUDG_GC_1998_0136_20001205,2000-05-25
DOC_JUDG_GC_1998_0138_20000222,1999-11-23
DOC_JUDG_GC_1998_0139_20011122,2001-03-20
DOC_JUDG_GC_1998_0143_19991216,1999-04-26
DOC_JUDG_GC_1998_0144_19991215,1999-10-27
DOC_JUDG_GC_1998_0145_20000224,1999-10-07
DOC_JUDG_GC_1998_0154_20001026,2000-05-04
DOC_JUDG_GC_1998_0155_20020228,2001-07-04
DOC_JUDG_GC_1998_0157_19990921,1999-06-15
DOC_JUDG_GC_1998_0158_20001108,2000-04-05
DOC_JUDG_GC_1998_0159_20010424,2000-11-08
DOC_JUDG_GC_1998_0160_20020129,2001-09-13
DOC_JUDG_GC_1998_0163_19990708,1999-05-20
DOC_JUDG_GC_1998_0166_20041123,2000-09-14
DOC_JUDG_GC_1998_0166_20041123,2004-02-10
DOC_JUDG_GC_1998_0171_20000222,1999-11-16
DOC_JUDG_GC_1998_0172_20000627,1999-11-25
DOC_JUDG_GC_1998_0178_20001024,2000-05-10
DOC_JUDG_GC_1998_0180_19991028,1999-09-16
DOC_JUDG_GC_1998_0183_20010208,2000-09-18
DOC_JUDG_GC_1998_0187_20001003,2000-02-08
DOC_JUDG_GC_1998_0188_20000406,1999-10-14
DOC_JUDG_GC_1998_0191_20030930,2003-03-26
DOC_JUDG_GC_1998_0191_20030930,2003-03-27
DOC_JUDG_GC_1998_0192_20050317,2004-12-01
DOC_JUDG_GC_1998_0195_20050317,2004-12-01
DOC_JUDG_GC_1998_0197_20000323,1999-11-18
DOC_JUDG_GC_1998_0198_19991216,1999-07-02
DOC_JUDG_GC_1998_0202_20010712,2000-11-29
DOC_JUDG_GC_1998_0203_20000517,1999-12-10
DOC_JUDG_GC_1998_0210_20001108,2000-05-04
DOC_JUDG_GC_1998_0211_20000615,2000-02-24
DOC_JUDG_GC_1999_0001_20010201,2000-06-27
DOC_JUDG_GC_1999_0003_20010712,2000-10-03
DOC_JUDG_GC_1999_0006_20010605,2000-12-05
DOC_JUDG_GC_1999_0007_20000629,1999-12-08
DOC_JUDG_GC_1999_0009_20020320,2000-10-20
DOC_JUDG_GC_1999_0010_20000309,1999-12-14
DOC_JUDG_GC_1999_0012_20010712,2001-02-14
DOC_JUDG_GC_1999_0013_20020911,2001-07-02
DOC_JUDG_GC_1999_0014_20010117,2000-11-13
DOC_JUDG_GC_1999_0015_20020320,2000-10-23
DOC_JUDG_GC_1999_0016_20020320,2000-10-24
DOC_JUDG_GC_1999_0017_20020320,2000-10-24
DOC_JUDG_GC_1999_0018_20010320,2000-10-04
DOC_JUDG_GC_1999_0019_20000112,1999-07-09
DOC_JUDG_GC_1999_0020_20000913,2000-04-14
DOC_JUDG_GC_1999_0021_20020320,2000-10-25
DOC_JUDG_GC_1999_0022_20000222,1999-10-26
DOC_JUDG_GC_1999_0023_20020320,2000-10-25
DOC_JUDG_GC_1999_0025_20010705,2001-02-08
DOC_JUDG_GC_1999_0026_20010214,2000-09-20
DOC_JUDG_GC_1999_0028_20020320,2000-10-26
DOC_JUDG_GC_1999_0030_20010320,2000-10-04
DOC_JUDG_GC_1999_0034_20000511,2000-02-14
DOC_JUDG_GC_1999_0035_20020130,2001-06-06
DOC_JUDG_GC_1999_0036_20041021,2003-10-23
DOC_JUDG_GC_1999_0051_20000615,2000-02-16
DOC_JUDG_GC_1999_0052_20010320,2000-10-04
DOC_JUDG_GC_1999_0054_20020130,2001-05-02
DOC_JUDG_GC_1999_0056_20031211,2002-07-02
DOC_JUDG_GC_1999_0057_20081210,2007-12-12
DOC_JUDG_GC_1999_0058_20010919,2001-05-15
DOC_JUDG_GC_1999_0059_20031211,2002-07-02
DOC_JUDG_GC_1999_0060_20000203,1999-09-29
DOC_JUDG_GC_1999_0061_20031211,2002-07-03
DOC_JUDG_GC_1999_0062_20010214,2000-09-20
DOC_JUDG_GC_1999_0065_20031211,2002-07-01
DOC_JUDG_GC_1999_0066_20031211,2002-07-01
DOC_JUDG_GC_1999_0067_20000627,2000-02-22
DOC_JUDG_GC_1999_0068_20010516,2000-11-08
DOC_JUDG_GC_1999_0069_20001213,2000-09-28
DOC_JUDG_GC_1999_0070_20020911,2001-07-03
DOC_JUDG_GC_1999_0072_20000627,2000-03-30
DOC_JUDG_GC_1999_0077_20010306,2001-01-17
DOC_JUDG_GC_1999_0082_20000714,2000-03-08
DOC_JUDG_GC_1999_0083_20001026,2000-06-29
DOC_JUDG_GC_1999_0087_20000713,1999-10-26
DOC_JUDG_GC_1999_0091_20000330,1999-12-02
DOC_JUDG_GC_1999_0095_20020307,2001-12-11
DOC_JUDG_GC_1999_0097_20010116,2000-09-26
DOC_JUDG_GC_1999_0105_20001214,2000-05-11
DOC_JUDG_GC_1999_0110_20001213,2000-09-21
DOC_JUDG_GC_1999_0111_20000705,2000-02-03
DOC_JUDG_GC_1999_0112_20010918,2001-01-18
DOC_JUDG_GC_1999_0115_20010214,2000-09-20
DOC_JUDG_GC_1999_0120_20010712,2001-01-23
DOC_JUDG_GC_1999_0122_20000216,1999-12-08
DOC_JUDG_GC_1999_0123_20001012,2000-03-29
DOC_JUDG_GC_1999_0126_20020514,2001-07-03
DOC_JUDG_GC_1999_0127_20020306,2001-06-26
DOC_JUDG_GC_1999_0128_20011115,2001-02-22
DOC_JUDG_GC_1999_0131_20020321,2001-04-26
DOC_JUDG_GC_1999_0134_20000711,2000-03-23
DOC_JUDG_GC_1999_0135_20010131,2000-07-05
DOC_JUDG_GC_1999_0136_20010131,2000-07-05
DOC_JUDG_GC_1999_0137_20020711,2002-03-19
DOC_JUDG_GC_1999_0139_20000706,2000-03-14
DOC_JUDG_GC_1999_0141_20021107,2002-02-20
DOC_JUDG_GC_1999_0143_20010614,2000-12-12
DOC_JUDG_GC_1999_0144_20010328,2000-11-09
DOC_JUDG_GC_1999_0152_20020711,2001-05-03
DOC_JUDG_GC_1999_0155_20011023,2001-02-20
DOC_JUDG_GC_1999_0157_20000713,2000-05-22
DOC_JUDG_GC_1999_0158_20040113,2003-04-01
DOC_JUDG_GC_1999_0160_20010913,2001-04-24
DOC_JUDG_GC_1999_0164_20010627,2001-03-07
DOC_JUDG_GC_1999_0166_20010627,2001-03-07
DOC_JUDG_GC_1999_0167_20010502,2000-11-29
DOC_JUDG_GC_1999_0168_20020306,2001-06-26
DOC_JUDG_GC_1999_0171_20011010,2000-11-15
DOC_JUDG_GC_1999_0173_20000525,2000-02-18
DOC_JUDG_GC_1999_0175_20020320,2001-04-25
DOC_JUDG_GC_1999_0182_20010508,2000-12-12
DOC_JUDG_GC_1999_0187_20010607,2000-11-16
DOC_JUDG_GC_1999_0188_20010620,2000-12-13
DOC_JUDG_GC_1999_0191_20011211,2001-03-14
DOC_JUDG_GC_1999_0192_20010306,2000-10-12
DOC_JUDG_GC_1999_0193_20010131,2000-09-14
DOC_JUDG_GC_1999_0194_20011115,2001-03-12
DOC_JUDG_GC_1999_0196_20011206,2001-03-20
DOC_JUDG_GC_1999_0197_20001205,2000-09-19
DOC_JUDG_GC_1999_0199_20020926,2002-03-05
DOC_JUDG_GC_1999_0202_20001005,2000-06-22
DOC_JUDG_GC_1999_0203_20000920,2000-05-04
DOC_JUDG_GC_1999_0204_20010712,2000-11-21
DOC_JUDG_GC_1999_0205_20020711,2002-03-06
DOC_JUDG_GC_1999_0206_20010321,2000-09-27
DOC_JUDG_GC_1999_0212_20020307,2001-11-06
DOC_JUDG_GC_1999_0213_20001214,2000-11-14
DOC_JUDG_GC_1999_0214_20001121,2000-09-07
DOC_JUDG_GC_1999_0217_20060913,2006-03-08
DOC_JUDG_GC_1999_0219_20031217,2003-02-26
DOC_JUDG_GC_1999_0220_20000920,2000-04-13
DOC_JUDG_GC_1999_0222_20011002,2001-02-13
DOC_JUDG_GC_1999_0223_20001212,2000-09-07
DOC_JUDG_GC_1999_0227_20020228,2001-05-02
DOC_JUDG_GC_1999_0228_20030306,2002-06-05
DOC_JUDG_GC_1999_0228_20030306,2002-06-06
DOC_JUDG_GC_1999_0230_20010614,2001-02-08
DOC_JUDG_GC_1999_0231_20020321,2001-04-26
DOC_JUDG_GC_1999_0246_20070620,2006-11-21
DOC_JUDG_GC_1999_0254_20030312,2002-07-10
DOC_JUDG_GC_1999_0261_20001115,2000-06-16
DOC_JUDG_GC_1999_0261_20001115,2000-04-05
DOC_JUDG_GC_1999_0269_20021023,2002-04-10
DOC_JUDG_GC_1999_0317_20000927,2000-05-03
DOC_JUDG_GC_1999_0319_20030304,2002-02-26
DOC_JUDG_GC_1999_0323_20020226,2001-06-07
DOC_JUDG_GC_1999_0326_20031218,2003-04-10
DOC_JUDG_GC_1999_0330_20010607,2001-02-22
DOC_JUDG_GC_1999_0331_20010131,2000-07-05
DOC_JUDG_GC_1999_0333_20011018,2001-02-20
DOC_JUDG_GC_1999_0337_20010919,2001-04-05
DOC_JUDG_GC_1999_0340_20020704,2002-01-24
DOC_JUDG_GC_1999_0342_20020606,2001-10-11
DOC_JUDG_GC_1999_0345_20001026,2000-05-04
DOC_JUDG_GC_1999_0346_20021023,2002-04-10
DOC_JUDG_GC_1999_0351_20010720,2001-03-23
DOC_JUDG_GC_1999_0352_20001214,2000-09-25
DOC_JUDG_GC_1999_0354_20060531,2005-11-22
DOC_JUDG_GC_1999_0357_20010614,2001-03-08
DOC_JUDG_GC_1999_0359_20010607,2000-11-30
DOC_JUDG_GC_1999_0360_20001026,2000-07-05
DOC_JUDG_GC_2000_0002_20010213,2000-11-07
DOC_JUDG_GC_2000_0003_20071127,2007-03-29
DOC_JUDG_GC_2000_0005_20031216,2002-05-14
DOC_JUDG_GC_2000_0011_20001212,2000-09-12
DOC_JUDG_GC_2000_0017_20020226,2001-07-10
DOC_JUDG_GC_2000_0023_20001121,2000-09-14
DOC_JUDG_GC_2000_0024_20010131,2000-09-27
DOC_JUDG_GC_2000_0026_20010919,2001-03-21
DOC_JUDG_GC_2000_0030_20010919,2001-04-05
DOC_JUDG_GC_2000_0032_20001205,2000-07-05
DOC_JUDG_GC_2000_0033_20030327,2003-01-09
DOC_JUDG_GC_2000_0034_20020227,2001-06-14
DOC_JUDG_GC_2000_0044_20040708,2003-03-20
DOC_JUDG_GC_2000_0044_20040708,2003-03-21
DOC_JUDG_GC_2000_0044_20040708,2003-03-19
DOC_JUDG_GC_2000_0046_20011211,2001-05-08
DOC_JUDG_GC_2000_0047_20020117,2001-07-05
DOC_JUDG_GC_2000_0048_20040708,2003-03-20
DOC_JUDG_GC_2000_0048_20040708,2003-03-21
DOC_JUDG_GC_2000_0048_20040708,2003-03-19
DOC_JUDG_GC_2000_0050_20040708,2003-03-19
DOC_JUDG_GC_2000_0050_20040708,2003-03-20
DOC_JUDG_GC_2000_0050_20040708,2003-03-21
DOC_JUDG_GC_2000_0052_20030617,2002-09-19
DOC_JUDG_GC_2000_0053_20030123,2002-10-01
DOC_JUDG_GC_2000_0056_20030306,2002-09-12
DOC_JUDG_GC_2000_0057_20030306,2002-09-12
DOC_JUDG_GC_2000_0060_20010503,2001-01-17
DOC_JUDG_GC_2000_0061_20030306,2002-09-11
DOC_JUDG_GC_2000_0065_20010118,2000-11-23
DOC_JUDG_GC_2000_0066_20020612,2002-03-19
DOC_JUDG_GC_2000_0067_20040708,2003-03-21
DOC_JUDG_GC_2000_0067_20040708,2003-03-20
DOC_JUDG_GC_2000_0067_20040708,2003-03-19
DOC_JUDG_GC_2000_0069_20051214,2003-03-11
DOC_JUDG_GC_2000_0069_20051214,2004-05-26
DOC_JUDG_GC_2000_0074_20021126,2002-05-08
DOC_JUDG_GC_2000_0074_20021126,2002-05-07
DOC_JUDG_GC_2000_0079_20020227,2001-07-05
DOC_JUDG_GC_2000_0080_20020514,2001-12-11
DOC_JUDG_GC_2000_0081_20020514,2001-12-11
DOC_JUDG_GC_2000_0082_20010405,2001-01-24
DOC_JUDG_GC_2000_0087_20010405,2001-01-16
DOC_JUDG_GC_2000_0088_20020207,2001-05-31
DOC_JUDG_GC_2000_0089_20020912,2002-02-07
DOC_JUDG_GC_2000_0092_20020306,2001-06-26
DOC_JUDG_GC_2000_0093_20030410,2002-10-24
DOC_JUDG_GC_2000_0094_20021114,2002-03-14
DOC_JUDG_GC_2000_0098_20021017,2002-01-31
DOC_JUDG_GC_2000_0099_20010503,2001-01-24
DOC_JUDG_GC_2000_0102_20030709,2003-01-29
DOC_JUDG_GC_2000_0104_20010502,2001-03-15
DOC_JUDG_GC_2000_0106_20020227,2001-06-20
DOC_JUDG_GC_2000_0111_20011010,2001-03-07
DOC_JUDG_GC_2000_0113_20020912,2001-12-11
DOC_JUDG_GC_2000_0114_20021205,2002-03-07
DOC_JUDG_GC_2000_0118_20010919,2001-04-05
DOC_JUDG_GC_2000_0123_20021210,2002-01-29
DOC_JUDG_GC_2000_0127_20020911,2002-04-11
DOC_JUDG_GC_2000_0129_20010919,2001-04-05
DOC_JUDG_GC_2000_0131_20010712,2001-03-06
DOC_JUDG_GC_2000_0135_20021212,2001-11-21
DOC_JUDG_GC_2000_0136_20021212,2001-11-21
DOC_JUDG_GC_2000_0138_20011211,2001-05-15
DOC_JUDG_GC_2000_0139_20020313,2001-12-04
DOC_JUDG_GC_2000_0140_20011003,2001-03-08
DOC_JUDG_GC_2000_0142_20011115,2001-03-21
DOC_JUDG_GC_2000_0144_20010222,2000-12-12
DOC_JUDG_GC_2000_0146_20010620,2001-03-14
DOC_JUDG_GC_2000_0147_20030128,2002-05-08
DOC_JUDG_GC_2000_0147_20030128,2002-05-07
DOC_JUDG_GC_2000_0148_20031016,2003-02-27
DOC_JUDG_GC_2000_0151_20051214,2004-05-26
DOC_JUDG_GC_2000_0151_20051214,2003-03-11
DOC_JUDG_GC_2000_0152_20010919,2001-06-07
DOC_JUDG_GC_2000_0158_20030930,2002-01-09
DOC_JUDG_GC_2000_0164_20021212,2001-11-21
DOC_JUDG_GC_2000_0166_20010213,2000-11-14
DOC_JUDG_GC_2000_0169_20020226,2001-09-18
DOC_JUDG_GC_2000_0170_20020220,2001-11-27
DOC_JUDG_GC_2000_0171_20010920,2001-03-22
DOC_JUDG_GC_2000_0173_20021009,2002-02-26
DOC_JUDG_GC_2000_0174_20020111,2001-11-07
DOC_JUDG_GC_2000_0177_20050317,2004-12-01
DOC_JUDG_GC_2000_0178_20021022,2002-02-19
DOC_JUDG_GC_2000_0179_20020703,2002-03-06
DOC_JUDG_GC_2000_0180_20021017,2002-05-08
DOC_JUDG_GC_2000_0181_20021212,2001-11-21
DOC_JUDG_GC_2000_0183_20030225,2002-02-07
DOC_JUDG_GC_2000_0184_20030226,2002-11-13
DOC_JUDG_GC_2000_0185_20021008,2002-03-13
DOC_JUDG_GC_2000_0185_20021008,2002-03-14
DOC_JUDG_GC_2000_0186_20030311,2002-11-12
DOC_JUDG_GC_2000_0190_20031127,2003-05-15
DOC_JUDG_GC_2000_0193_20020207,2001-10-23
DOC_JUDG_GC_2000_0195_20030410,2002-06-20
DOC_JUDG_GC_2000_0197_20020530,2002-01-17
DOC_JUDG_GC_2000_0198_20020605,2002-01-09
DOC_JUDG_GC_2000_0201_20020925,2002-04-16
DOC_JUDG_GC_2000_0206_20020131,2001-11-14
DOC_JUDG_GC_2000_0209_20020410,2001-12-06
DOC_JUDG_GC_2000_0210_20020111,2001-11-07
DOC_JUDG_GC_2000_0211_20020207,2001-07-12
DOC_JUDG_GC_2000_0213_20030319,2002-05-02
DOC_JUDG_GC_2000_0214_20010627,2001-03-28
DOC_JUDG_GC_2000_0219_20020227,2001-06-20
DOC_JUDG_GC_2000_0220_20030709,2002-04-24
DOC_JUDG_GC_2000_0223_20030709,2002-04-24
DOC_JUDG_GC_2000_0224_20030709,2002-04-25
DOC_JUDG_GC_2000_0230_20030709,2002-04-25
DOC_JUDG_GC_2000_0232_20020613,2002-01-10
DOC_JUDG_GC_2000_0233_20021015,2002-03-14
DOC_JUDG_GC_2000_0237_20020123,2001-11-14
DOC_JUDG_GC_2000_0237_20051208,2005-04-06
DOC_JUDG_GC_2000_0239_20020704,2002-02-06
DOC_JUDG_GC_2000_0241_20020305,2001-11-28
DOC_JUDG_GC_2000_0251_20021120,2002-07-09
DOC_JUDG_GC_2000_0254_20081128,2008-04-30
DOC_JUDG_GC_2000_0301_20051214,2003-03-11
DOC_JUDG_GC_2000_0301_20051214,2004-05-26
DOC_JUDG_GC_2000_0303_20030130,2002-09-12
DOC_JUDG_GC_2000_0305_20031211,2003-06-03
DOC_JUDG_GC_2000_0306_20031211,2003-06-03
DOC_JUDG_GC_2000_0307_20030130,2002-04-10
DOC_JUDG_GC_2000_0308_20040701,2003-10-16
DOC_JUDG_GC_2000_0310_20040928,2004-03-30
DOC_JUDG_GC_2000_0311_20020625,2002-03-05
DOC_JUDG_GC_2000_0311_20020625,2001-06-20
DOC_JUDG_GC_2000_0311_20020625,2001-10-25
DOC_JUDG_GC_2000_0316_20020925,2002-02-27
DOC_JUDG_GC_2000_0318_20051019,2004-05-05
DOC_JUDG_GC_2000_0319_20020926,2002-06-12
DOC_JUDG_GC_2000_0320_20051214,2004-05-26
DOC_JUDG_GC_2000_0323_20020702,2002-01-09
DOC_JUDG_GC_2000_0324_20051019,2004-05-05
DOC_JUDG_GC_2000_0329_20030227,2002-09-10
DOC_JUDG_GC_2000_0330_20021017,2002-06-04
DOC_JUDG_GC_2000_0331_20031127,2003-06-12
DOC_JUDG_GC_2000_0332_20021114,2002-05-08
DOC_JUDG_GC_2000_0333_20020709,2002-02-22
DOC_JUDG_GC_2000_0338_20021212,2001-11-21
DOC_JUDG_GC_2000_0340_20030313,2002-11-14
DOC_JUDG_GC_2000_0342_20030403,2002-04-11
DOC_JUDG_GC_2000_0344_20030226,2002-09-25
DOC_JUDG_GC_2000_0349_20011115,2001-05-16
DOC_JUDG_GC_2000_0353_20030410,2002-06-25
DOC_JUDG_GC_2000_0355_20020320,2001-11-21
DOC_JUDG_GC_2000_0356_20020320,2001-11-21
DOC_JUDG_GC_2000_0357_20020313,2001-12-04
DOC_JUDG_GC_2000_0358_20020320,2001-11-21
DOC_JUDG_GC_2000_0360_20021009,2002-05-29
DOC_JUDG_GC_2000_0366_20030410,2002-09-26
DOC_JUDG_GC_2000_0366_20070329,2006-10-25
DOC_JUDG_GC_2000_0368_20031021,2003-05-14
DOC_JUDG_GC_2000_0369_20030410,2002-09-26
DOC_JUDG_GC_2000_0369_20070329,2006-10-25
DOC_JUDG_GC_2000_0372_20020423,2002-02-06
DOC_JUDG_GC_2000_0374_20030708,2003-01-16
DOC_JUDG_GC_2000_0378_20021212,2001-11-21
DOC_JUDG_GC_2000_0383_20051214,2004-05-26
DOC_JUDG_GC_2000_0385_20030617,2003-02-11
DOC_JUDG_GC_2000_0386_20020123,2001-11-07
DOC_JUDG_GC_2000_0388_20021023,2002-02-27
DOC_JUDG_GC_2001_0004_20030225,2002-02-07
DOC_JUDG_GC_2001_0006_20021023,2002-05-16
DOC_JUDG_GC_2001_0017_20020516,2002-02-20
DOC_JUDG_GC_2001_0017_20030930,2003-04-30
DOC_JUDG_GC_2001_0019_20050203,2004-02-12
DOC_JUDG_GC_2001_0021_20020709,2002-02-21
DOC_JUDG_GC_2001_0022_20030709,2003-02-12
DOC_JUDG_GC_2001_0023_20030507,2002-10-02
DOC_JUDG_GC_2001_0024_20030305,2002-11-20
DOC_JUDG_GC_2001_0026_20030930,2003-06-04
DOC_JUDG_GC_2001_0030_20090909,2008-01-15
DOC_JUDG_GC_2001_0033_20051215,2005-07-07
DOC_JUDG_GC_2001_0035_20041028,2003-03-06
DOC_JUDG_GC_2001_0036_20021009,2002-02-27
DOC_JUDG_GC_2001_0039_20021212,2002-07-10
DOC_JUDG_GC_2001_0040_20021128,2002-05-07
DOC_JUDG_GC_2001_0044_20030403,2002-11-28
DOC_JUDG_GC_2001_0045_20041005,2003-09-23
DOC_JUDG_GC_2001_0045_20041005,2003-05-08
DOC_JUDG_GC_2001_0045_20070712,2007-03-20
DOC_JUDG_GC_2001_0047_20031016,2003-03-20
DOC_JUDG_GC_2001_0051_20020416,2002-02-05
DOC_JUDG_GC_2001_0057_20091217,2008-06-26
DOC_JUDG_GC_2001_0058_20091217,2008-06-27
DOC_JUDG_GC_2001_0059_20030226,2002-10-09
DOC_JUDG_GC_2001_0061_20030227,2002-11-07
DOC_JUDG_GC_2001_0063_20021212,2002-07-10
DOC_JUDG_GC_2001_0064_20040210,2003-05-06
DOC_JUDG_GC_2001_0066_20100625,2008-06-26
DOC_JUDG_GC_2001_0067_20040113,2003-01-22
DOC_JUDG_GC_2001_0072_20030625,2002-12-05
DOC_JUDG_GC_2001_0073_20030918,2003-05-15
DOC_JUDG_GC_2001_0074_20020613,2002-02-28
DOC_JUDG_GC_2001_0079_20021120,2002-07-10
DOC_JUDG_GC_2001_0082_20030508,2003-01-30
DOC_JUDG_GC_2001_0082_20030508,2002-09-18
DOC_JUDG_GC_2001_0088_20050414,2004-06-17
DOC_JUDG_GC_2001_0089_20020911,2002-05-14
DOC_JUDG_GC_2001_0091_20021205,2002-07-11
DOC_JUDG_GC_2001_0092_20020924,2002-04-17
DOC_JUDG_GC_2001_0093_20030611,2003-01-22
DOC_JUDG_GC_2001_0095_20010920,2001-07-10
DOC_JUDG_GC_2001_0099_20030115,2002-09-18
DOC_JUDG_GC_2001_0102_20020924,2002-04-17
DOC_JUDG_GC_2001_0103_20021126,2002-06-26
DOC_JUDG_GC_2001_0104_20021023,2002-03-12
DOC_JUDG_GC_2001_0106_20020613,2002-03-21
DOC_JUDG_GC_2001_0107_20040707,2004-02-18
DOC_JUDG_GC_2001_0109_20040114,2003-06-17
DOC_JUDG_GC_2001_0110_20021212,2002-07-10
DOC_JUDG_GC_2001_0111_20050511,2004-06-29
DOC_JUDG_GC_2001_0116_20030805,2003-02-04
DOC_JUDG_GC_2001_0117_20020220,2002-01-18
DOC_JUDG_GC_2001_0122_20030703,2003-02-25
DOC_JUDG_GC_2001_0124_20030604,2002-12-10
DOC_JUDG_GC_2001_0128_20030306,2002-10-23
DOC_JUDG_GC_2001_0129_20030703,2003-01-22
DOC_JUDG_GC_2001_0130_20021205,2002-10-01
DOC_JUDG_GC_2001_0132_20030708,2002-11-26
DOC_JUDG_GC_2001_0134_20021009,2002-04-23
DOC_JUDG_GC_2001_0135_20051214,2004-05-26
DOC_JUDG_GC_2001_0137_20030917,2003-01-09
DOC_JUDG_GC_2001_0138_20030128,2002-11-12
DOC_JUDG_GC_2001_0139_20050203,2003-11-18
DOC_JUDG_GC_2001_0141_20050118,2004-01-14
DOC_JUDG_GC_2001_0142_20040128,2003-09-18
DOC_JUDG_GC_2001_0145_20030226,2002-10-09
DOC_JUDG_GC_2001_0146_20031217,2003-03-18
DOC_JUDG_GC_2001_0151_20070524,2006-07-12
DOC_JUDG_GC_2001_0151_20070524,2006-07-11
DOC_JUDG_GC_2001_0153_20040610,2003-09-11
DOC_JUDG_GC_2001_0154_20040525,2003-12-17
DOC_JUDG_GC_2001_0156_20030709,2003-01-22
DOC_JUDG_GC_2001_0157_20040316,2003-10-21
DOC_JUDG_GC_2001_0158_20020709,2002-04-17
DOC_JUDG_GC_2001_0162_20030709,2003-01-22
DOC_JUDG_GC_2001_0163_20020711,2002-04-18
DOC_JUDG_GC_2001_0165_20030910,2003-05-21
DOC_JUDG_GC_2001_0166_20060919,2004-03-18
DOC_JUDG_GC_2001_0168_20060927,2006-06-07
DOC_JUDG_GC_2001_0171_20030115,2002-05-15
DOC_JUDG_GC_2001_0172_20040421,2003-05-14
DOC_JUDG_GC_2001_0174_20030312,2002-11-13
DOC_JUDG_GC_2001_0176_20041118,2004-01-15
DOC_JUDG_GC_2001_0177_20020503,2002-04-16
DOC_JUDG_GC_2001_0180_20040128,2003-03-25
DOC_JUDG_GC_2001_0181_20030123,2002-07-09
DOC_JUDG_GC_2001_0186_20030410,2002-11-28
DOC_JUDG_GC_2001_0187_20020612,2002-03-19
DOC_JUDG_GC_2001_0188_20030319,2003-01-15
DOC_JUDG_GC_2001_0191_20040512,2003-12-03
DOC_JUDG_GC_2001_0192_20090930,2008-07-03
DOC_JUDG_GC_2001_0192_20090930,2008-07-04
DOC_JUDG_GC_2001_0194_20030305,2002-11-13
DOC_JUDG_GC_2001_0195_20020430,2002-03-05
DOC_JUDG_GC_2001_0196_20030930,2003-07-01
DOC_JUDG_GC_2001_0198_20040708,2003-12-11
DOC_JUDG_GC_2001_0199_20021107,2002-07-09
DOC_JUDG_GC_2001_0203_20030930,2003-04-03
DOC_JUDG_GC_2001_0204_20040318,2003-07-01
DOC_JUDG_GC_2001_0205_20021105,2002-04-30
DOC_JUDG_GC_2001_0208_20031203,2003-06-18
DOC_JUDG_GC_2001_0209_20051214,2004-05-25
DOC_JUDG_GC_2001_0210_20051214,2004-05-27
DOC_JUDG_GC_2001_0212_20030226,2002-10-16
DOC_JUDG_GC_2001_0213_20060607,2004-10-21
DOC_JUDG_GC_2001_0215_20040210,2003-07-08
DOC_JUDG_GC_2001_0217_20030409,2002-12-12
DOC_JUDG_GC_2001_0224_20030409,2002-11-27
DOC_JUDG_GC_2001_0226_20060913,2006-01-10
DOC_JUDG_GC_2001_0227_20090909,2008-01-16
DOC_JUDG_GC_2001_0230_20090909,2008-01-17
DOC_JUDG_GC_2001_0233_20020709,2002-04-17
DOC_JUDG_GC_2001_0234_20030709,2003-03-19
DOC_JUDG_GC_2001_0236_20040429,2003-07-03
DOC_JUDG_GC_2001_0237_20030305,2002-11-20
DOC_JUDG_GC_2001_0240_20031105,2003-06-04
DOC_JUDG_GC_2001_0241_20050718,2004-06-24
DOC_JUDG_GC_2001_0243_20030930,2003-02-03
DOC_JUDG_GC_2001_0247_20021212,2002-09-11
DOC_JUDG_GC_2001_0255_20031023,2003-10-23
DOC_JUDG_GC_2001_0256_20050215,2004-09-21
DOC_JUDG_GC_2001_0258_20040610,2003-12-02
DOC_JUDG_GC_2001_0259_20040211,2003-04-09
DOC_JUDG_GC_2001_0271_20021112,2002-06-25
DOC_JUDG_GC_2001_0273_20030319,2002-12-11
DOC_JUDG_GC_2001_0274_20040916,2004-02-19
DOC_JUDG_GC_2001_0275_20040610,2003-09-11
DOC_JUDG_GC_2001_0276_20040610,2003-09-11
DOC_JUDG_GC_2001_0277_20021205,2002-06-27
DOC_JUDG_GC_2001_0278_20030507,2002-12-09
DOC_JUDG_GC_2001_0279_20031023,2003-04-29
DOC_JUDG_GC_2001_0281_20040706,2004-03-02
DOC_JUDG_GC_2001_0282_20040212,2003-11-11
DOC_JUDG_GC_2001_0289_20070524,2006-07-12
DOC_JUDG_GC_2001_0289_20070524,2006-07-11
DOC_JUDG_GC_2001_0292_20031014,2003-03-04
DOC_JUDG_GC_2001_0293_20030305,2002-12-11
DOC_JUDG_GC_2001_0295_20031015,2003-03-26
DOC_JUDG_GC_2001_0296_20030930,2003-03-05
DOC_JUDG_GC_2001_0297_20040219,2003-02-13
DOC_JUDG_GC_2001_0301_20080709,2006-10-24
DOC_JUDG_GC_2001_0304_20061213,2006-02-15
DOC_JUDG_GC_2001_0306_20050921,2003-10-14
DOC_JUDG_GC_2001_0307_20040610,2003-12-02
DOC_JUDG_GC_2001_0308_20030923,2003-01-15
DOC_JUDG_GC_2001_0309_20030917,2003-09-17
DOC_JUDG_GC_2001_0310_20021022,2002-07-10
DOC_JUDG_GC_2001_0311_20031022,2003-05-14
DOC_JUDG_GC_2001_0314_20060927,2004-02-17
DOC_JUDG_GC_2001_0315_20050921,2003-10-14
DOC_JUDG_GC_2001_0317_20040630,2003-12-16
DOC_JUDG_GC_2001_0318_20090611,2009-01-21
DOC_JUDG_GC_2001_0321_20030918,2003-05-07
DOC_JUDG_GC_2001_0322_20060927,2004-02-18
DOC_JUDG_GC_2001_0324_20030430,2003-01-15
DOC_JUDG_GC_2001_0325_20050915,2004-05-25
DOC_JUDG_GC_2001_0326_20031105,2003-06-19
DOC_JUDG_GC_2001_0327_20030507,2002-12-09
DOC_JUDG_GC_2001_0328_20040121,2003-10-08
DOC_JUDG_GC_2001_0329_20060927,2004-02-18
DOC_JUDG_GC_2001_0330_20060927,2004-02-17
DOC_JUDG_GC_2001_0333_20030213,2002-10-23
DOC_JUDG_GC_2001_0334_20040708,2003-11-11
DOC_JUDG_GC_2002_0001_20041014,2004-05-06
DOC_JUDG_GC_2002_0005_20021025,2002-07-03
DOC_JUDG_GC_2002_0005_20021025,2002-07-04
DOC_JUDG_GC_2002_0006_20021003,2002-07-05
DOC_JUDG_GC_2002_0010_20040331,2003-10-01
DOC_JUDG_GC_2002_0010_20060606,2005-06-22
DOC_JUDG_GC_2002_0011_20041216,2004-07-05
DOC_JUDG_GC_2002_0015_20060315,2005-01-12
DOC_JUDG_GC_2002_0016_20031203,2003-05-13
DOC_JUDG_GC_2002_0017_20050615,2004-07-13
DOC_JUDG_GC_2002_0020_20040331,2003-12-17
DOC_JUDG_GC_2002_0022_20051006,2004-11-18
DOC_JUDG_GC_2002_0024_20031023,2003-04-29
DOC_JUDG_GC_2002_0025_20031023,2003-03-10
DOC_JUDG_GC_2002_0026_20060315,2005-02-23
DOC_JUDG_GC_2002_0027_20041201,2004-07-08
DOC_JUDG_GC_2002_0029_20050315,2004-03-30
DOC_JUDG_GC_2002_0030_20030211,2002-12-05
DOC_JUDG_GC_2002_0033_20051129,2004-07-01
DOC_JUDG_GC_2002_0034_20060222,2005-09-27
DOC_JUDG_GC_2002_0038_20051025,2004-12-08
DOC_JUDG_GC_2002_0043_20060927,2004-05-24
DOC_JUDG_GC_2002_0044_OP_20060927,2006-05-31
DOC_JUDG_GC_2002_0047_20060621,2005-11-16
DOC_JUDG_GC_2002_0048_20051206,2004-12-09
DOC_JUDG_GC_2002_0049_20050727,2005-03-16
DOC_JUDG_GC_2002_0052_20051129,2004-07-02
DOC_JUDG_GC_2002_0053_20050913,2005-03-01
DOC_JUDG_GC_2002_0059_20060927,2004-06-09
DOC_JUDG_GC_2002_0062_20051129,2004-07-02
DOC_JUDG_GC_2002_0063_20031120,2003-10-08
DOC_JUDG_GC_2002_0064_20051129,2004-07-01
DOC_JUDG_GC_2002_0065_20030708,2003-05-07
DOC_JUDG_GC_2002_0067_20040318,2003-07-01
DOC_JUDG_GC_2002_0071_20030917,2003-04-30
DOC_JUDG_GC_2002_0076_20030917,2003-04-03
DOC_JUDG_GC_2002_0077_20021022,2002-07-11
DOC_JUDG_GC_2002_0080_20021025,2002-07-04
DOC_JUDG_GC_2002_0081_20030717,2003-06-05
DOC_JUDG_GC_2002_0085_20031104,2003-06-11
DOC_JUDG_GC_2002_0092_20060126,2005-03-10
DOC_JUDG_GC_2002_0093_20050118,2004-06-08
DOC_JUDG_GC_2002_0097_20040121,2003-10-08
DOC_JUDG_GC_2002_0098_20031105,2003-06-19
DOC_JUDG_GC_2002_0104_20040921,2003-12-18
DOC_JUDG_GC_2002_0107_20040630,2003-09-17
DOC_JUDG_GC_2002_0114_20030403,2002-10-09
DOC_JUDG_GC_2002_0115_20040713,2004-03-10
DOC_JUDG_GC_2002_0117_20040706,2004-03-09
DOC_JUDG_GC_2002_0119_20030403,2002-10-09
DOC_JUDG_GC_2002_0124_20040428,2003-09-16
DOC_JUDG_GC_2002_0127_20040421,2003-11-26
DOC_JUDG_GC_2002_0133_20031217,2003-09-12
DOC_JUDG_GC_2002_0134_20030409,2003-02-27
DOC_JUDG_GC_2002_0135_20051214,2005-09-20
DOC_JUDG_GC_2002_0137_20041014,2004-03-04
DOC_JUDG_GC_2002_0138_20061114,2004-11-16
DOC_JUDG_GC_2002_0140_20050913,2005-02-16
DOC_JUDG_GC_2002_0144_20041005,2003-05-08
DOC_JUDG_GC_2002_0144_20041005,2003-09-23
DOC_JUDG_GC_2002_0144_20070712,2007-03-20
DOC_JUDG_GC_2002_0145_20040325,2004-01-16
DOC_JUDG_GC_2002_0146_20040128,2003-09-23
DOC_JUDG_GC_2002_0160_20050511,2004-11-30
DOC_JUDG_GC_2002_0164_20041110,2004-06-30
DOC_JUDG_GC_2002_0166_20030313,2003-01-08
DOC_JUDG_GC_2002_0168_20041130,2004-04-01
DOC_JUDG_GC_2002_0169_20050215,2004-09-14
DOC_JUDG_GC_2002_0171_20050615,2004-07-01
DOC_JUDG_GC_2002_0173_20031210,2003-06-10
DOC_JUDG_GC_2002_0174_20031014,2003-05-20
DOC_JUDG_GC_2002_0175_20040317,2003-11-10
DOC_JUDG_GC_2002_0177_20040310,2003-11-04
DOC_JUDG_GC_2002_0180_20040715,2004-01-15
DOC_JUDG_GC_2002_0183_20040317,2003-11-05
DOC_JUDG_GC_2002_0185_20040622,2003-11-11
DOC_JUDG_GC_2002_0186_20040630,2004-02-04
DOC_JUDG_GC_2002_0189_20070718,2005-11-15
DOC_JUDG_GC_2002_0190_20040624,2004-03-04
DOC_JUDG_GC_2002_0191_20050412,2004-09-21
DOC_JUDG_GC_2002_0193_20050126,2004-04-22
DOC_JUDG_GC_2002_0196_20070912,2007-05-10
DOC_JUDG_GC_2002_0203_20040708,2003-12-03
DOC_JUDG_GC_2002_0205_20051025,2005-02-16
DOC_JUDG_GC_2002_0205_20051025,2005-02-17
DOC_JUDG_GC_2002_0210_20060913,2005-12-13
DOC_JUDG_GC_2002_0210_RENV_20120307,2011-05-16
DOC_JUDG_GC_2002_0211_20020927,2002-09-17
DOC_JUDG_GC_2002_0214_20030930,2003-05-08
DOC_JUDG_GC_2002_0216_20040331,2003-12-17
DOC_JUDG_GC_2002_0217_20061123,2006-02-21
DOC_JUDG_GC_2002_0218_20050929,2005-05-03
DOC_JUDG_GC_2002_0221_20030918,2003-05-14
DOC_JUDG_GC_2002_0222_20031126,2003-07-09
DOC_JUDG_GC_2002_0228_20061212,2006-02-07
DOC_JUDG_GC_2002_0234_20040302,2003-12-16
DOC_JUDG_GC_2002_0236_20051124,2005-05-10
DOC_JUDG_GC_2002_0236_20110914,2010-06-02
DOC_JUDG_GC_2002_0237_20061214,2006-06-15
DOC_JUDG_GC_2002_0240_20041207,2004-09-16
DOC_JUDG_GC_2002_0241_20030918,2003-04-09
DOC_JUDG_GC_2002_0242_20050713,2004-11-24
DOC_JUDG_GC_2002_0246_20040930,2004-03-25
DOC_JUDG_GC_2002_0248_20031111,2003-06-17
DOC_JUDG_GC_2002_0250_20051130,2004-10-26
DOC_JUDG_GC_2002_0251_20041213,2004-03-23
DOC_JUDG_GC_2002_0253_20060712,2005-10-25
DOC_JUDG_GC_2002_0254_20050309,2004-05-12
DOC_JUDG_GC_2002_0255_20041014,2004-05-06
DOC_JUDG_GC_2002_0256_20041014,2004-05-06
DOC_JUDG_GC_2002_0257_20041014,2004-05-06
DOC_JUDG_GC_2002_0259_20061214,2005-10-11
DOC_JUDG_GC_2002_0266_20080701,2007-06-13
DOC_JUDG_GC_2002_0269_20050421,2004-12-16
DOC_JUDG_GC_2002_0270_20040708,2004-02-03
DOC_JUDG_GC_2002_0272_20050531,2004-07-06
DOC_JUDG_GC_2002_0273_20050420,2004-11-17
DOC_JUDG_GC_2002_0274_20061024,2006-05-02
DOC_JUDG_GC_2002_0275_20050308,2004-11-23
DOC_JUDG_GC_2002_0277_20040428,2003-11-18
DOC_JUDG_GC_2002_0279_20060405,2005-04-27
DOC_JUDG_GC_2002_0281_20040630,2004-03-03
DOC_JUDG_GC_2002_0282_20060223,2005-07-06
DOC_JUDG_GC_2002_0283_20050316,2004-09-22
DOC_JUDG_GC_2002_0284_20050531,2005-01-19
DOC_JUDG_GC_2002_0285_20041109,2004-06-29
DOC_JUDG_GC_2002_0286_20031125,2003-09-23
DOC_JUDG_GC_2002_0289_20040708,2004-03-10
DOC_JUDG_GC_2002_0290_20040914,2004-05-04
DOC_JUDG_GC_2002_0292_20090611,2008-04-16
DOC_JUDG_GC_2002_0294_20041006,2004-04-01
DOC_JUDG_GC_2002_0296_20050215,2004-05-18
DOC_JUDG_GC_2002_0297_20090611,2008-04-16
DOC_JUDG_GC_2002_0298_20051025,2005-02-16
DOC_JUDG_GC_2002_0298_20051025,2005-02-17
DOC_JUDG_GC_2002_0299_20051025,2005-02-17
DOC_JUDG_GC_2002_0299_20051025,2005-02-16
DOC_JUDG_GC_2002_0300_20090611,2008-04-16
DOC_JUDG_GC_2002_0301_20090611,2008-04-16
DOC_JUDG_GC_2002_0302_20030930,2003-06-11
DOC_JUDG_GC_2002_0303_20061205,2006-04-04
DOC_JUDG_GC_2002_0304_20060704,2006-01-19
DOC_JUDG_GC_2002_0305_20031203,2003-07-10
DOC_JUDG_GC_2002_0309_20090611,2008-04-16
DOC_JUDG_GC_2002_0310_20040323,2003-12-16
DOC_JUDG_GC_2002_0311_20040720,2004-04-27
DOC_JUDG_GC_2002_0313_20040930,2004-04-21
DOC_JUDG_GC_2002_0315_20040610,2004-01-20
DOC_JUDG_GC_2002_0317_20041214,2004-09-14
DOC_JUDG_GC_2002_0323_20031211,2003-10-14
DOC_JUDG_GC_2002_0324_20031217,2003-09-10
DOC_JUDG_GC_2002_0325_20040921,2003-12-16
DOC_JUDG_GC_2002_0332_20041214,2004-06-29
DOC_JUDG_GC_2002_0336_20050405,2004-10-01
DOC_JUDG_GC_2002_0342_20040916,2004-04-28
DOC_JUDG_GC_2002_0343_20040422,2004-01-14
DOC_JUDG_GC_2002_0346_20030930,2003-06-11
DOC_JUDG_GC_2002_0348_20031127,2003-07-10
DOC_JUDG_GC_2002_0351_20060405,2005-09-21
DOC_JUDG_GC_2002_0352_20050525,2004-11-24
DOC_JUDG_GC_2002_0353_20050413,2005-01-12
DOC_JUDG_GC_2002_0355_20040303,2003-10-22
DOC_JUDG_GC_2002_0356_20041006,2004-05-05
DOC_JUDG_GC_2002_0357_20070503,2006-03-21
DOC_JUDG_GC_2002_0357_RENV_20110714,2010-06-30
DOC_JUDG_GC_2002_0359_20050504,2004-11-17
DOC_JUDG_GC_2002_0367_20050112,2004-06-17
DOC_JUDG_GC_2002_0376_20041123,2004-04-27
DOC_JUDG_GC_2002_0380_20050419,2004-12-14
DOC_JUDG_GC_2002_0384_20040715,2004-04-22
DOC_JUDG_GC_2002_0387_20050705,2004-12-14
DOC_JUDG_GC_2002_0388_20081210,2008-05-15
DOC_JUDG_GC_2002_0389_20041014,2004-05-06
DOC_JUDG_GC_2002_0390_20041014,2004-05-06
DOC_JUDG_GC_2002_0392_20031021,2003-07-17
DOC_JUDG_GC_2002_0393_20041124,2004-06-10
DOC_JUDG_GC_2002_0396_20041110,2004-06-16
DOC_JUDG_GC_2002_0399_20040429,2003-11-25
DOC_JUDG_GC_2002_0402_20041110,2004-06-16
DOC_JUDG_GC_2003_0002_20050413,2004-09-28
DOC_JUDG_GC_2003_0004_20040317,2003-11-10
DOC_JUDG_GC_2003_0008_20041213,2004-06-09
DOC_JUDG_GC_2003_0010_20040218,2003-11-20
DOC_JUDG_GC_2003_0012_20090430,2008-05-20
DOC_JUDG_GC_2003_0013_20090430,2008-05-19
DOC_JUDG_GC_2003_0014_20040302,2003-09-16
DOC_JUDG_GC_2003_0016_20040930,2004-03-25
DOC_JUDG_GC_2003_0017_20060406,2006-01-12
DOC_JUDG_GC_2003_0018_20090430,2008-05-21
DOC_JUDG_GC_2003_0019_20040219,2003-11-19
DOC_JUDG_GC_2003_0020_20080924,2006-10-19
DOC_JUDG_GC_2003_0023_20070206,2005-11-15
DOC_JUDG_GC_2003_0025_20050511,2004-12-16
DOC_JUDG_GC_2003_0026_20050927,2005-04-12
DOC_JUDG_GC_2003_0027_20071025,2006-09-19
DOC_JUDG_GC_2003_0028_20050421,2004-06-10
DOC_JUDG_GC_2003_0030_RENV_20110927,2011-01-19
DOC_JUDG_GC_2003_0031_20050511,2004-12-16
DOC_JUDG_GC_2003_0032_20050308,2004-11-24
DOC_JUDG_GC_2003_0033_20050309,2004-09-29
DOC_JUDG_GC_2003_0035_20041012,2004-07-06
DOC_JUDG_GC_2003_0040_20050713,2005-03-09
DOC_JUDG_GC_2003_0043_20080313,2007-11-07
DOC_JUDG_GC_2003_0045_20071025,2006-09-19
DOC_JUDG_GC_2003_0047_20070711,2006-05-30
DOC_JUDG_GC_2003_0050_20080708,2007-01-22
DOC_JUDG_GC_2003_0052_20080708,2007-01-23
DOC_JUDG_GC_2003_0053_20080708,2007-01-24
DOC_JUDG_GC_2003_0054_20080708,2007-01-25
DOC_JUDG_GC_2003_0055_20041026,2004-05-11
DOC_JUDG_GC_2003_0057_20050201,2004-09-28
DOC_JUDG_GC_2003_0060_20051018,2005-05-12
DOC_JUDG_GC_2003_0066_20040622,2004-01-20
DOC_JUDG_GC_2003_0068_20070912,2006-11-29
DOC_JUDG_GC_2003_0069_20040525,2004-03-12
DOC_JUDG_GC_2003_0071_20050615,2004-09-21
DOC_JUDG_GC_2003_0075_20090910,2009-01-29
DOC_JUDG_GC_2003_0076_20041028,2004-06-25
DOC_JUDG_GC_2003_0077_20071025,2006-09-19
DOC_JUDG_GC_2003_0081_20061214,2006-07-13
DOC_JUDG_GC_2003_0083_20051025,2005-02-16
DOC_JUDG_GC_2003_0083_20051025,2005-02-17
DOC_JUDG_GC_2003_0084_20041123,2004-06-24
DOC_JUDG_GC_2003_0090_20070711,2006-12-07
DOC_JUDG_GC_2003_0093_20070711,2007-03-29
DOC_JUDG_GC_2003_0094_20071025,2006-09-19
DOC_JUDG_GC_2003_0095_20061212,2005-10-18
DOC_JUDG_GC_2003_0099_20050913,2005-04-05
DOC_JUDG_GC_2003_0101_20050922,2004-11-25
DOC_JUDG_GC_2003_0102_20050622,2005-02-01
DOC_JUDG_GC_2003_0105_20050531,2005-01-19
DOC_JUDG_GC_2003_0107_20060118,2005-05-03
DOC_JUDG_GC_2003_0110_20050426,2004-11-17
DOC_JUDG_GC_2003_0112_20050316,2004-09-28
DOC_JUDG_GC_2003_0115_20040713,2004-02-04
DOC_JUDG_GC_2003_0116_20041109,2004-04-29
DOC_JUDG_GC_2003_0117_20041006,2004-04-28
DOC_JUDG_GC_2003_0125_20070917,2007-06-28
DOC_JUDG_GC_2003_0126_20050714,2004-09-30
DOC_JUDG_GC_2003_0130_20050922,2005-04-14
DOC_JUDG_GC_2003_0132_20050915,2005-02-02
DOC_JUDG_GC_2003_0134_20050927,2005-01-25
DOC_JUDG_GC_2003_0136_20040708,2004-03-31
DOC_JUDG_GC_2003_0137_20050203,2004-09-15
DOC_JUDG_GC_2003_0138_20061213,2006-02-16
DOC_JUDG_GC_2003_0141_20050414,2004-09-15
DOC_JUDG_GC_2003_0144_20050504,2004-10-28
DOC_JUDG_GC_2003_0146_20061212,2006-03-08
DOC_JUDG_GC_2003_0147_20060112,2005-06-30
DOC_JUDG_GC_2003_0153_20060613,2005-09-07
DOC_JUDG_GC_2003_0154_20051117,2005-05-04
DOC_JUDG_GC_2003_0155_20051213,2005-03-01
DOC_JUDG_GC_2003_0156_20060608,2006-02-15
DOC_JUDG_GC_2003_0158_20050628,2004-12-08
DOC_JUDG_GC_2003_0160_20050317,2004-07-06
DOC_JUDG_GC_2003_0164_20050421,2004-12-02
DOC_JUDG_GC_2003_0165_20041110,2004-07-07
DOC_JUDG_GC_2003_0169_20050301,2004-09-14
DOC_JUDG_GC_2003_0172_20050203,2004-09-23
DOC_JUDG_GC_2003_0173_20041130,2004-09-22
DOC_JUDG_GC_2003_0175_20040707,2004-03-17
DOC_JUDG_GC_2003_0178_20050908,2005-04-12
DOC_JUDG_GC_2003_0183_20040914,2004-05-13
DOC_JUDG_GC_2003_0185_20050301,2004-06-22
DOC_JUDG_GC_2003_0187_20050317,2004-09-09
DOC_JUDG_GC_2003_0188_20040629,2004-03-05
DOC_JUDG_GC_2003_0189_20090611,2008-04-16
DOC_JUDG_GC_2003_0190_20050630,2005-02-03
DOC_JUDG_GC_2003_0192_20060613,2005-11-23
DOC_JUDG_GC_2003_0193_20050510,2005-01-25
DOC_JUDG_GC_2003_0194_20060223,2005-10-26
DOC_JUDG_GC_2003_0195_20050929,2005-02-03
DOC_JUDG_GC_2003_0198_20060530,2005-11-29
DOC_JUDG_GC_2003_0200_20060221,2005-04-14
DOC_JUDG_GC_2003_0202_20060207,2005-06-07
DOC_JUDG_GC_2003_0203_20051005,2005-05-11
DOC_JUDG_GC_2003_0204_20060927,2006-03-28
DOC_JUDG_GC_2003_0211_20050420,2005-01-11
DOC_JUDG_GC_2003_0212_20080909,2008-04-29
DOC_JUDG_GC_2003_0212_20080909,2008-05-20
DOC_JUDG_GC_2003_0215_20070322,2006-11-14
DOC_JUDG_GC_2003_0216_20040928,2004-07-09
DOC_JUDG_GC_2003_0217_20061213,2006-05-17
DOC_JUDG_GC_2003_0218_20060613,2005-11-23
DOC_JUDG_GC_2003_0247_20060711,2005-12-07
DOC_JUDG_GC_2003_0251_20060131,2005-09-13
DOC_JUDG_GC_2003_0254_20040914,2004-02-05
DOC_JUDG_GC_2003_0259_20070912,2006-07-11
DOC_JUDG_GC_2003_0260_20050414,2005-01-12
DOC_JUDG_GC_2003_0263_20070711,2006-09-06
DOC_JUDG_GC_2003_0266_20070712,2007-01-18
DOC_JUDG_GC_2003_0267_20050126,2004-10-06
DOC_JUDG_GC_2003_0269_20090619,2008-07-01
DOC_JUDG_GC_2003_0271_20080410,2007-05-03
DOC_JUDG_GC_2003_0272_20050913,2005-04-26
DOC_JUDG_GC_2003_0273_20060131,2005-09-13
DOC_JUDG_GC_2003_0275_20051109,2005-05-12
DOC_JUDG_GC_2003_0276_20060125,2004-07-07
DOC_JUDG_GC_2003_0277_20050308,2005-01-20
DOC_JUDG_GC_2003_0279_20060510,2005-11-30
DOC_JUDG_GC_2003_0282_20080610,2007-06-28
DOC_JUDG_GC_2003_0283_20050913,2004-11-30
DOC_JUDG_GC_2003_0284_20050216,2004-10-20
DOC_JUDG_GC_2003_0285_20050317,2004-09-08
DOC_JUDG_GC_2003_0285_20081126,2008-04-21
DOC_JUDG_GC_2003_0286_20050413,2004-11-23
DOC_JUDG_GC_2003_0288_20050525,2004-11-30
DOC_JUDG_GC_2003_0289_20080212,2007-03-07
DOC_JUDG_GC_2003_0290_20050913,2005-03-02
DOC_JUDG_GC_2003_0291_20070912,2007-02-28
DOC_JUDG_GC_2003_0293_20060131,2005-10-25
DOC_JUDG_GC_2003_0300_20061004,2006-05-10
DOC_JUDG_GC_2003_0301_20050628,2005-02-15
DOC_JUDG_GC_2003_0302_20061010,2005-12-07
DOC_JUDG_GC_2003_0303_20050607,2004-11-30
DOC_JUDG_GC_2003_0309_20060406,2005-09-14
DOC_JUDG_GC_2003_0312_20050714,2005-03-14
DOC_JUDG_GC_2003_0315_20050608,2004-12-09
DOC_JUDG_GC_2003_0316_20050607,2005-01-13
DOC_JUDG_GC_2003_0317_20060126,2005-07-06
DOC_JUDG_GC_2003_0318_20050420,2004-11-09
DOC_JUDG_GC_2003_0320_20050915,2004-12-09
DOC_JUDG_GC_2003_0322_20060316,2005-09-14
DOC_JUDG_GC_2003_0323_20060710,2005-11-17
DOC_JUDG_GC_2003_0327_20070711,2007-01-16
DOC_JUDG_GC_2003_0328_20060502,2005-12-07
DOC_JUDG_GC_2003_0330_20040610,2004-03-31
DOC_JUDG_GC_2003_0332_20080312,2006-07-13
DOC_JUDG_GC_2003_0333_20061116,2005-10-06
DOC_JUDG_GC_2003_0334_20050112,2004-09-29
DOC_JUDG_GC_2003_0336_20051027,2005-06-02
DOC_JUDG_GC_2003_0339_20070207,2006-02-15
DOC_JUDG_GC_2003_0340_20070130,2005-04-26
DOC_JUDG_GC_2003_0344_20060405,2005-11-22
DOC_JUDG_GC_2003_0345_20080312,2006-07-13
DOC_JUDG_GC_2003_0347_20050630,2005-01-18
DOC_JUDG_GC_2003_0348_20070912,2007-01-30
DOC_JUDG_GC_2003_0349_20050615,2004-11-18
DOC_JUDG_GC_2003_0351_20070711,2007-04-25
DOC_JUDG_GC_2003_0352_20050616,2005-04-04
DOC_JUDG_GC_2003_0353_20050413,2005-01-13
DOC_JUDG_GC_2003_0354_20050216,2004-09-30
DOC_JUDG_GC_2003_0360_20041123,2004-07-08
DOC_JUDG_GC_2003_0361_20051130,2005-05-25
DOC_JUDG_GC_2003_0364_20060126,2005-09-14
DOC_JUDG_GC_2003_0366_20051005,2005-03-17
DOC_JUDG_GC_2003_0367_20060330,2005-09-08
DOC_JUDG_GC_2003_0368_20051025,2005-02-17
DOC_JUDG_GC_2003_0368_20051025,2005-02-16
DOC_JUDG_GC_2003_0370_20050705,2005-03-08
DOC_JUDG_GC_2003_0371_20050714,2005-03-02
DOC_JUDG_GC_2003_0373_20050531,2004-11-16
DOC_JUDG_GC_2003_0375_20070920,2006-03-23
DOC_JUDG_GC_2003_0376_20050405,2004-12-07
DOC_JUDG_GC_2003_0379_20051025,2005-04-20
DOC_JUDG_GC_2003_0385_20050707,2005-01-19
DOC_JUDG_GC_2003_0387_20050119,2004-09-09
DOC_JUDG_GC_2003_0388_20090210,2008-05-14
DOC_JUDG_GC_2003_0389_20080417,2007-03-13
DOC_JUDG_GC_2003_0390_20050511,2004-10-28
DOC_JUDG_GC_2003_0391_20060706,2005-09-15
DOC_JUDG_GC_2003_0394_20060411,2005-10-19
DOC_JUDG_GC_2003_0395_20050426,2005-02-25
DOC_JUDG_GC_2003_0396_20051122,2005-09-27
DOC_JUDG_GC_2003_0398_20050504,2004-12-09
DOC_JUDG_GC_2003_0400_20060608,2006-02-15
DOC_JUDG_GC_2003_0402_20070315,2006-07-13
DOC_JUDG_GC_2003_0410_20080618,2007-02-08
DOC_JUDG_GC_2003_0411_20060315,2005-11-17
DOC_JUDG_GC_2003_0413_20060713,2006-02-09
DOC_JUDG_GC_2003_0415_20051019,2005-03-17
DOC_JUDG_GC_2003_0416_20061205,2006-06-20
DOC_JUDG_GC_2003_0418_20070927,2006-11-23
DOC_JUDG_GC_2003_0419_20110322,2010-06-15
DOC_JUDG_GC_2003_0425_20071018,2006-11-07
DOC_JUDG_GC_2003_0429_20060315,2005-11-17
DOC_JUDG_GC_2003_0430_20070315,2006-07-13
DOC_JUDG_GC_2003_0431_20050426,2005-02-25
DOC_JUDG_GC_2003_0432_20061017,2006-06-19
DOC_JUDG_GC_2003_0439_20050630,2005-04-19
DOC_JUDG_GC_2003_0440_20091218,2009-06-30
DOC_JUDG_GC_2003_0442_20080626,2007-11-22
DOC_JUDG_GC_2004_0003_20051124,2005-02-22
DOC_JUDG_GC_2004_0005_20050713,2005-01-13
DOC_JUDG_GC_2004_0007_20050615,2005-01-20
DOC_JUDG_GC_2004_0007_20081112,2008-06-17
DOC_JUDG_GC_2004_0009_20050705,2005-03-02
DOC_JUDG_GC_2004_0010_20060315,2005-11-17
DOC_JUDG_GC_2004_0012_20051130,2005-02-15
DOC_JUDG_GC_2004_0016_20100302,2008-04-15
DOC_JUDG_GC_2004_0018_20080610,2007-12-04
DOC_JUDG_GC_2004_0019_20050622,2005-02-16
DOC_JUDG_GC_2004_0022_20050504,2005-01-18
DOC_JUDG_GC_2004_0025_20070912,2007-01-31
DOC_JUDG_GC_2004_0026_20060315,2005-11-17
DOC_JUDG_GC_2004_0028_20070711,2006-09-06
DOC_JUDG_GC_2004_0029_20051208,2005-07-04
DOC_JUDG_GC_2004_0030_20050504,2004-12-02
DOC_JUDG_GC_2004_0031_20060315,2005-09-13
DOC_JUDG_GC_2004_0032_20061116,2006-02-02
DOC_JUDG_GC_2004_0034_20050622,2005-02-24
DOC_JUDG_GC_2004_0035_20060315,2005-06-02
DOC_JUDG_GC_2004_0036_20070912,2007-02-28
DOC_JUDG_GC_2004_0037_20080701,2007-06-14
DOC_JUDG_GC_2004_0038_20071115,2007-05-15
DOC_JUDG_GC_2004_0039_20080214,2007-10-09
DOC_JUDG_GC_2004_0043_20051025,2005-03-15
DOC_JUDG_GC_2004_0044_20060315,2005-11-17
DOC_JUDG_GC_2004_0045_20060704,2005-10-04
DOC_JUDG_GC_2004_0047_20061128,2006-05-16
DOC_JUDG_GC_2004_0049_20060712,2005-10-25
DOC_JUDG_GC_2004_0050_20051025,2005-04-05
DOC_JUDG_GC_2004_0051_20051018,2005-05-10
DOC_JUDG_GC_2004_0053_20070612,2005-10-13
DOC_JUDG_GC_2004_0057_20070612,2005-10-13
DOC_JUDG_GC_2004_0057_20070612,2007-05-24
DOC_JUDG_GC_2004_0057_20070612,2007-05-14
DOC_JUDG_GC_2004_0060_20070612,2005-10-13
DOC_JUDG_GC_2004_0065_20070627,2006-12-14
DOC_JUDG_GC_2004_0066_20081015,2008-02-15
DOC_JUDG_GC_2004_0067_20050525,2005-01-18
DOC_JUDG_GC_2004_0068_20081008,2008-02-27
DOC_JUDG_GC_2004_0069_20081008,2008-02-27
DOC_JUDG_GC_2004_0072_20050913,2005-04-05
DOC_JUDG_GC_2004_0073_20081008,2008-02-28
DOC_JUDG_GC_2004_0074_20060222,2005-11-10
DOC_JUDG_GC_2004_0075_20110920,2010-12-15
DOC_JUDG_GC_2004_0080_20050609,2005-02-02
DOC_JUDG_GC_2004_0085_20080130,2007-01-09
DOC_JUDG_GC_2004_0086_20050420,2005-02-22
DOC_JUDG_GC_2004_0087_20061010,2006-02-22
DOC_JUDG_GC_2004_0088_20060704,2005-10-04
DOC_JUDG_GC_2004_0093_20060517,2005-10-06
DOC_JUDG_GC_2004_0095_20060517,2005-09-14
DOC_JUDG_GC_2004_0096_20051025,2005-04-05
DOC_JUDG_GC_2004_0099_20080708,2007-09-12
DOC_JUDG_GC_2004_0100_20080312,2006-11-30
DOC_JUDG_GC_2004_0107_20070314,2005-11-09
DOC_JUDG_GC_2004_0110_20070307,2005-10-27
DOC_JUDG_GC_2004_0115_20060914,2006-03-16
DOC_JUDG_GC_2004_0116_20090506,2008-03-05
DOC_JUDG_GC_2004_0117_20060927,2006-05-03
DOC_JUDG_GC_2004_0118_20070207,2006-02-16
DOC_JUDG_GC_2004_0119_20060914,2006-03-16
DOC_JUDG_GC_2004_0120_20061116,2005-11-24
DOC_JUDG_GC_2004_0122_20090506,2008-03-05
DOC_JUDG_GC_2004_0123_20050927,2005-03-09
DOC_JUDG_GC_2004_0127_20090506,2008-02-27
DOC_JUDG_GC_2004_0129_20060315,2005-07-12
DOC_JUDG_GC_2004_0135_20051124,2005-06-08
DOC_JUDG_GC_2004_0143_20070206,2006-09-20
DOC_JUDG_GC_2004_0145_20051115,2005-02-17
DOC_JUDG_GC_2004_0146_20051222,2005-09-12
DOC_JUDG_GC_2004_0148_20050706,2005-03-08
DOC_JUDG_GC_2004_0150_20070711,2006-09-06
DOC_JUDG_GC_2004_0153_20060927,2006-02-07
DOC_JUDG_GC_2004_0154_20051215,2005-09-07
DOC_JUDG_GC_2004_0155_20061212,2006-01-31
DOC_JUDG_GC_2004_0156_20091215,2008-11-25
DOC_JUDG_GC_2004_0157_20050712,2005-04-22
DOC_JUDG_GC_2004_0160_20081015,2008-06-04
DOC_JUDG_GC_2004_0161_20110707,2011-01-21
DOC_JUDG_GC_2004_0162_20061214,2006-02-20
DOC_JUDG_GC_2004_0165_20060713,2005-11-24
DOC_JUDG_GC_2004_0166_20070131,2006-05-17
DOC_JUDG_GC_2004_0167_20070711,2007-03-08
DOC_JUDG_GC_2004_0168_20060907,2006-01-12
DOC_JUDG_GC_2004_0169_20051214,2005-09-14
DOC_JUDG_GC_2004_0172_20060927,2006-03-29
DOC_JUDG_GC_2004_0173_20061025,2006-05-02
DOC_JUDG_GC_2004_0175_20070207,2006-05-31
DOC_JUDG_GC_2004_0177_20060704,2005-11-23
DOC_JUDG_GC_2004_0181_20050907,2005-03-03
DOC_JUDG_GC_2004_0182_20061010,2006-02-08
DOC_JUDG_GC_2004_0186_20050615,2005-02-01
DOC_JUDG_GC_2004_0188_20061004,2005-04-07
DOC_JUDG_GC_2004_0190_20061004,2005-04-07
DOC_JUDG_GC_2004_0191_20060913,2005-11-30
DOC_JUDG_GC_2004_0192_20070711,2006-06-14
DOC_JUDG_GC_2004_0193_20061004,2006-05-11
DOC_JUDG_GC_2004_0194_20071108,2006-09-13
DOC_JUDG_GC_2004_0196_20081217,2008-03-12
DOC_JUDG_GC_2004_0198_20051208,2005-07-07
DOC_JUDG_GC_2004_0199_20110927,2010-10-27
DOC_JUDG_GC_2004_0199_RENV_20161215,2015-11-26
DOC_JUDG_GC_2004_0200_20051214,2005-09-27
DOC_JUDG_GC_2004_0201_20070917,2006-04-27
DOC_JUDG_GC_2004_0201_20070917,2006-04-25
DOC_JUDG_GC_2004_0201_20070917,2006-04-24
DOC_JUDG_GC_2004_0201_20070917,2006-04-26
DOC_JUDG_GC_2004_0201_20070917,2006-04-28
DOC_JUDG_GC_2004_0204_20070215,2006-10-26
DOC_JUDG_GC_2004_0205_20071120,2006-09-21
DOC_JUDG_GC_2004_0206_20060201,2005-10-27
DOC_JUDG_GC_2004_0211_20081218,2007-03-14
DOC_JUDG_GC_2004_0214_20060221,2005-09-15
DOC_JUDG_GC_2004_0219_20070503,2006-11-21
DOC_JUDG_GC_2004_0220_20070328,2006-10-25
DOC_JUDG_GC_2004_0221_20060725,2006-01-17
DOC_JUDG_GC_2004_0222_20090611,2008-04-16
DOC_JUDG_GC_2004_0224_20081113,2008-04-30
DOC_JUDG_GC_2004_0226_20060315,2005-12-14
DOC_JUDG_GC_2004_0229_20070711,2006-10-03
DOC_JUDG_GC_2004_0230_20070912,2007-01-09
DOC_JUDG_GC_2004_0231_20070117,2006-05-10
DOC_JUDG_GC_2004_0232_20070606,2006-11-22
DOC_JUDG_GC_2004_0233_20080410,2006-12-05
DOC_JUDG_GC_2004_0239_20070912,2006-09-19
DOC_JUDG_GC_2004_0240_20070917,2007-05-16
DOC_JUDG_GC_2004_0242_20070201,2006-11-22
DOC_JUDG_GC_2004_0246_20070206,2006-05-31
DOC_JUDG_GC_2004_0249_20070912,2006-11-14
DOC_JUDG_GC_2004_0250_20070912,2006-11-14
DOC_JUDG_GC_2004_0251_20060620,2005-11-08
DOC_JUDG_GC_2004_0252_20060711,2005-11-08
DOC_JUDG_GC_2004_0255_20070510,2006-07-10
DOC_JUDG_GC_2004_0256_20070213,2006-01-24
DOC_JUDG_GC_2004_0257_20090610,2008-06-16
DOC_JUDG_GC_2004_0259_20060927,2006-02-01
DOC_JUDG_GC_2004_0260_20080417,2007-06-06
DOC_JUDG_GC_2004_0261_20070503,2006-11-28
DOC_JUDG_GC_2004_0262_20051215,2005-05-11
DOC_JUDG_GC_2004_0263_20051215,2005-05-11
DOC_JUDG_GC_2004_0265_20090304,2008-06-26
DOC_JUDG_GC_2004_0271_20070508,2006-05-17
DOC_JUDG_GC_2004_0274_20051208,2005-09-26
DOC_JUDG_GC_2004_0276_20080701,2007-11-20
DOC_JUDG_GC_2004_0277_20060712,2006-01-11
DOC_JUDG_GC_2004_0278_20061116,2006-01-31
DOC_JUDG_GC_2004_0279_20100913,2010-01-28
DOC_JUDG_GC_2004_0281_20061025,2006-02-08
DOC_JUDG_GC_2004_0282_20061122,2006-03-28
DOC_JUDG_GC_2004_0283_20070117,2005-10-04
DOC_JUDG_GC_2004_0285_20060713,2005-11-22
DOC_JUDG_GC_2004_0288_20070109,2006-06-13
DOC_JUDG_GC_2004_0289_20060308,2005-10-19
DOC_JUDG_GC_2004_0291_20111216,2011-05-05
DOC_JUDG_GC_2004_0301_20090909,2008-10-08
DOC_JUDG_GC_2004_0304_20060906,2006-03-14
DOC_JUDG_GC_2004_0305_20051027,2005-04-21
DOC_JUDG_GC_2004_0306_20050915,2005-06-01
DOC_JUDG_GC_2004_0307_20071212,2007-01-22
DOC_JUDG_GC_2004_0308_20071120,2006-09-21
DOC_JUDG_GC_2004_0309_20081022,2007-11-08
DOC_JUDG_GC_2004_0309_20081022,2007-11-07
DOC_JUDG_GC_2004_0310_20061215,2006-01-19
DOC_JUDG_GC_2004_0311_20061019,2005-09-29
DOC_JUDG_GC_2004_0312_20081009,2008-04-08
DOC_JUDG_GC_2004_0313_20061003,2006-02-01
DOC_JUDG_GC_2004_0314_20061214,2006-06-14
DOC_JUDG_GC_2004_0318_20070208,2006-09-20
DOC_JUDG_GC_2004_0320_20050912,2005-06-22
DOC_JUDG_GC_2004_0324_20070516,2006-09-27
DOC_JUDG_GC_2004_0328_20081009,2008-04-08
DOC_JUDG_GC_2004_0331_20060510,2006-01-13
DOC_JUDG_GC_2004_0332_20080312,2007-05-23
DOC_JUDG_GC_2004_0333_20070418,2006-11-23
DOC_JUDG_GC_2004_0339_20070308,2006-06-08
DOC_JUDG_GC_2004_0340_20070308,2006-06-08
DOC_JUDG_GC_2004_0342_20060222,2005-11-29
DOC_JUDG_GC_2004_0343_20070503,2006-07-13
DOC_JUDG_GC_2004_0344_20070719,2007-02-08
DOC_JUDG_GC_2004_0346_20051124,2005-07-06
DOC_JUDG_GC_2004_0348_20080415,2007-05-23
DOC_JUDG_GC_2004_0350_20061019,2006-01-17
DOC_JUDG_GC_2004_0353_20070213,2006-01-24
DOC_JUDG_GC_2004_0354_20070213,2006-07-12
DOC_JUDG_GC_2004_0355_20100119,2008-12-02
DOC_JUDG_GC_2004_0357_20061108,2006-04-05
DOC_JUDG_GC_2004_0358_20070912,2006-11-28
DOC_JUDG_GC_2004_0359_20100909,2009-06-03
DOC_JUDG_GC_2004_0360_20070719,2007-02-08
DOC_JUDG_GC_2004_0362_20070131,2006-09-13
DOC_JUDG_GC_2004_0363_20070912,2007-03-14
DOC_JUDG_GC_2004_0364_20080409,2007-09-25
DOC_JUDG_GC_2004_0368_20070329,2006-11-15
DOC_JUDG_GC_2004_0373_20060725,2006-02-21
DOC_JUDG_GC_2004_0374_20071107,2006-06-21
DOC_JUDG_GC_2004_0375_20091118,2009-02-12
DOC_JUDG_GC_2004_0379_20061130,2006-02-02
DOC_JUDG_GC_2004_0380_20080130,2006-03-30
DOC_JUDG_GC_2004_0381_20080910,2007-11-21
DOC_JUDG_GC_2004_0382_20061130,2006-03-16
DOC_JUDG_GC_2004_0384_20051215,2005-10-20
DOC_JUDG_GC_2004_0385_20090401,2008-09-24
DOC_JUDG_GC_2004_0388_20060405,2005-11-30
DOC_JUDG_GC_2004_0392_20061214,2005-12-01
DOC_JUDG_GC_2004_0393_20060503,2005-11-24
DOC_JUDG_GC_2004_0394_20080130,2007-01-09
DOC_JUDG_GC_2004_0395_20060510,2006-01-11
DOC_JUDG_GC_2004_0396_20051123,2005-09-13
DOC_JUDG_GC_2004_0398_20060117,2005-09-20
DOC_JUDG_GC_2004_0400_20110920,2010-12-15
DOC_JUDG_GC_2004_0405_20071023,2007-02-27
DOC_JUDG_GC_2004_0406_20061017,2006-03-22
DOC_JUDG_GC_2004_0407_20081009,2008-04-08
DOC_JUDG_GC_2004_0420_20060927,2006-06-07
DOC_JUDG_GC_2004_0422_20061123,2006-02-22
DOC_JUDG_GC_2004_0423_20051005,2005-05-11
DOC_JUDG_GC_2004_0424_20061205,2006-06-20
DOC_JUDG_GC_2004_0425_20100521,2009-04-21
DOC_JUDG_GC_2004_0425_RENV_20150702,2014-09-24
DOC_JUDG_GC_2004_0427_20091130,2008-11-18
DOC_JUDG_GC_2004_0429_20080709,2007-11-22
DOC_JUDG_GC_2004_0432_20070606,2006-09-12
DOC_JUDG_GC_2004_0433_20070606,2006-09-12
DOC_JUDG_GC_2004_0435_20070214,2006-01-25
DOC_JUDG_GC_2004_0437_20060222,2005-10-26
DOC_JUDG_GC_2004_0439_20060503,2005-10-26
DOC_JUDG_GC_2004_0442_20070606,2006-09-12
DOC_JUDG_GC_2004_0448_20070912,2007-04-18
DOC_JUDG_GC_2004_0449_20070912,2007-04-18
DOC_JUDG_GC_2004_0452_20100913,2010-01-28
DOC_JUDG_GC_2004_0457_20081015,2008-01-24
DOC_JUDG_GC_2004_0458_20070703,2006-11-29
DOC_JUDG_GC_2004_0459_20050714,2005-06-20
DOC_JUDG_GC_2004_0461_20070920,2006-09-13
DOC_JUDG_GC_2004_0462_20081217,2008-06-04
DOC_JUDG_GC_2004_0464_20060713,2005-09-22
DOC_JUDG_GC_2004_0465_20080910,2007-05-16
DOC_JUDG_GC_2004_0466_20060201,2005-10-27
DOC_JUDG_GC_2004_0471_20060223,2005-11-17
DOC_JUDG_GC_2004_0471_20081202,2008-04-15
DOC_JUDG_GC_2004_0472_20070123,2006-09-05
DOC_JUDG_GC_2004_0473_20070619,2007-01-23
DOC_JUDG_GC_2004_0474_20071012,2006-06-08
DOC_JUDG_GC_2004_0475_20070704,2007-03-14
DOC_JUDG_GC_2004_0477_20070206,2006-09-13
DOC_JUDG_GC_2004_0481_20071004,2006-09-14
DOC_JUDG_GC_2004_0483_20061017,2006-01-31
DOC_JUDG_GC_2004_0486_20080416,2007-09-11
DOC_JUDG_GC_2004_0491_20070516,2006-09-14
DOC_JUDG_GC_2004_0494_20061114,2006-05-16
DOC_JUDG_GC_2004_0495_20080521,2007-06-21
DOC_JUDG_GC_2004_0496_20080916,2008-01-30
DOC_JUDG_GC_2004_0498_20090617,2008-07-02
DOC_JUDG_GC_2004_0499_20061017,2006-03-21
DOC_JUDG_GC_2004_0500_20070522,2006-11-07
DOC_JUDG_GC_2004_0501_20070215,2006-06-15
DOC_JUDG_GC_2004_0502_20070704,2006-03-22
DOC_JUDG_GC_2004_0503_20061019,2006-03-28
DOC_JUDG_GC_2005_0006_20060906,2006-03-07
DOC_JUDG_GC_2005_0007_20061212,2006-06-21
DOC_JUDG_GC_2005_0009_20080115,2007-03-15
DOC_JUDG_GC_2005_0011_20100519,2008-11-19
DOC_JUDG_GC_2005_0013_20061025,2006-04-06
DOC_JUDG_GC_2005_0015_20060531,2005-11-30
DOC_JUDG_GC_2005_0018_20100519,2008-11-24
DOC_JUDG_GC_2005_0019_20100519,2008-11-04
DOC_JUDG_GC_2005_0020_20100519,2008-11-04
DOC_JUDG_GC_2005_0021_20100519,2008-11-06
DOC_JUDG_GC_2005_0024_20101027,2009-06-17
DOC_JUDG_GC_2005_0025_20100519,2008-11-06
DOC_JUDG_GC_2005_0027_20071025,2007-03-01
DOC_JUDG_GC_2005_0028_20071018,2006-11-09
DOC_JUDG_GC_2005_0029_20100908,2009-06-09
DOC_JUDG_GC_2005_0030_20070912,2006-11-22
DOC_JUDG_GC_2005_0033_20110203,2009-09-09
DOC_JUDG_GC_2005_0035_20061129,2006-06-07
DOC_JUDG_GC_2005_0036_20070912,2006-11-22
DOC_JUDG_GC_2005_0037_20110308,2009-09-09
DOC_JUDG_GC_2005_0038_20111012,2009-09-09
DOC_JUDG_GC_2005_0041_20111012,2009-06-17
DOC_JUDG_GC_2005_0042_20080910,2007-11-13
DOC_JUDG_GC_2005_0043_20061130,2006-05-03
DOC_JUDG_GC_2005_0047_20080918,2007-09-24
DOC_JUDG_GC_2005_0048_20080708,2007-10-03
DOC_JUDG_GC_2005_0050_20100319,2009-03-17
DOC_JUDG_GC_2005_0058_20070711,2006-12-06
DOC_JUDG_GC_2005_0059_20080910,2007-05-16
DOC_JUDG_GC_2005_0060_20070912,2007-04-26
DOC_JUDG_GC_2005_0065_20070214,2006-07-13
DOC_JUDG_GC_2005_0066_20071211,2006-12-14
DOC_JUDG_GC_2005_0068_20090310,2008-03-11
DOC_JUDG_GC_2005_0070_20100302,2009-01-20
DOC_JUDG_GC_2005_0073_20060516,2005-11-17
DOC_JUDG_GC_2005_0086_20071212,2007-06-12
DOC_JUDG_GC_2005_0087_20050921,2005-07-05
DOC_JUDG_GC_2005_0088_20070208,2006-09-20
DOC_JUDG_GC_2005_0090_20071106,2006-11-09
DOC_JUDG_GC_2005_0096_20061004,2006-02-22
DOC_JUDG_GC_2005_0097_20060712,2006-03-15
DOC_JUDG_GC_2005_0099_20070510,2006-11-15
DOC_JUDG_GC_2005_0101_20071212,2007-02-13
DOC_JUDG_GC_2005_0103_20071120,2007-01-16
DOC_JUDG_GC_2005_0105_20070612,2006-12-05
DOC_JUDG_GC_2005_0112_20071212,2007-02-13
DOC_JUDG_GC_2005_0113_20071213,2007-09-06
DOC_JUDG_GC_2005_0121_20090311,2008-04-03
DOC_JUDG_GC_2005_0128_20081113,2008-05-15
DOC_JUDG_GC_2005_0133_20060907,2005-12-08
DOC_JUDG_GC_2005_0135_20061129,2006-06-07
DOC_JUDG_GC_2005_0136_20070920,2006-11-16
DOC_JUDG_GC_2005_0137_20070516,2006-11-16
DOC_JUDG_GC_2005_0138_20071023,2007-01-30
DOC_JUDG_GC_2005_0141_20080605,2007-02-01
DOC_JUDG_GC_2005_0144_20081218,2008-02-13
DOC_JUDG_GC_2005_0151_20090507,2008-05-22
DOC_JUDG_GC_2005_0154_20071025,2006-11-30
DOC_JUDG_GC_2005_0156_20060927,2006-02-01
DOC_JUDG_GC_2005_0158_20070516,2006-09-21
DOC_JUDG_GC_2005_0161_20090930,2008-06-18
DOC_JUDG_GC_2005_0163_20100303,2008-09-09
DOC_JUDG_GC_2005_0166_20090311,2008-04-03
DOC_JUDG_GC_2005_0167_20070613,2006-11-29
DOC_JUDG_GC_2005_0168_20090930,2008-06-19
DOC_JUDG_GC_2005_0171_20061003,2006-02-01
DOC_JUDG_GC_2005_0172_20061010,2006-05-04
DOC_JUDG_GC_2005_0173_20061213,2006-06-06
DOC_JUDG_GC_2005_0174_20090930,2008-06-19
DOC_JUDG_GC_2005_0175_20090930,2008-06-18
DOC_JUDG_GC_2005_0178_20051123,2005-10-18
DOC_JUDG_GC_2005_0181_20080416,2007-11-21
DOC_JUDG_GC_2005_0181_20080416,2007-07-11
DOC_JUDG_GC_2005_0185_20081120,2008-07-03
DOC_JUDG_GC_2005_0189_20080214,2007-06-13
DOC_JUDG_GC_2005_0190_20070612,2007-01-18
DOC_JUDG_GC_2005_0195_20070418,2006-10-11
DOC_JUDG_GC_2005_0198_20070522,2006-11-28
DOC_JUDG_GC_2005_0211_20090904,2008-09-09
DOC_JUDG_GC_2005_0214_20071128,2006-12-14
DOC_JUDG_GC_2005_0216_20070522,2006-11-28
DOC_JUDG_GC_2005_0221_20080708,2007-11-14
DOC_JUDG_GC_2005_0229_20070712,2007-05-02
DOC_JUDG_GC_2005_0230_20070306,2006-09-05
DOC_JUDG_GC_2005_0236_20070131,2006-06-28
DOC_JUDG_GC_2005_0237_20100609,2009-09-09
DOC_JUDG_GC_2005_0239_20070515,2006-12-12
DOC_JUDG_GC_2005_0241_20070523,2006-12-13
DOC_JUDG_GC_2005_0243_20070912,2007-03-20
DOC_JUDG_GC_2005_0248_20080924,2007-12-11
DOC_JUDG_GC_2005_0250_20070712,2007-03-01
DOC_JUDG_GC_2005_0251_20070606,2006-10-04
DOC_JUDG_GC_2005_0254_20070920,2006-03-23
DOC_JUDG_GC_2005_0259_20090701,2008-05-21
DOC_JUDG_GC_2005_0286_20090422,2008-09-08
DOC_JUDG_GC_2005_0296_20080709,2007-12-04
DOC_JUDG_GC_2005_0297_20110415,2010-06-09
DOC_JUDG_GC_2005_0299_20090318,2008-05-20
DOC_JUDG_GC_2005_0300_20091002,2009-04-21
DOC_JUDG_GC_2005_0301_20080311,2007-10-04
DOC_JUDG_GC_2005_0303_20090908,2008-12-02
DOC_JUDG_GC_2005_0304_20070912,2007-05-15
DOC_JUDG_GC_2005_0306_20080116,2007-06-12
DOC_JUDG_GC_2005_0308_20071212,2007-04-25
DOC_JUDG_GC_2005_0312_20100908,2010-02-24
DOC_JUDG_GC_2005_0317_20070207,2006-07-10
DOC_JUDG_GC_2005_0319_20100909,2009-09-09
DOC_JUDG_GC_2005_0321_20100701,2008-11-26
DOC_JUDG_GC_2005_0321_20100701,2008-11-27
DOC_JUDG_GC_2005_0322_20070322,2006-11-14
DOC_JUDG_GC_2005_0323_20080709,2008-03-13
DOC_JUDG_GC_2005_0324_20091002,2009-04-22
DOC_JUDG_GC_2005_0328_20080701,2007-11-21
DOC_JUDG_GC_2005_0329_20120425,2012-01-31
DOC_JUDG_GC_2005_0339_20070612,2007-01-16
DOC_JUDG_GC_2005_0341_20090923,2008-11-19
DOC_JUDG_GC_2005_0342_20070523,2007-01-10
DOC_JUDG_GC_2005_0344_20110909,2010-10-25
DOC_JUDG_GC_2005_0345_20081015,2008-02-21
DOC_JUDG_GC_2005_0348_20080910,2008-01-16
DOC_JUDG_GC_2005_0351_20080214,2007-03-06
DOC_JUDG_GC_2005_0352_20110928,2011-04-11
DOC_JUDG_GC_2005_0354_20090311,2008-10-15
DOC_JUDG_GC_2005_0362_20081202,2008-06-11
DOC_JUDG_GC_2005_0364_20070322,2006-12-07
DOC_JUDG_GC_2005_0368_20090904,2008-07-02
DOC_JUDG_GC_2005_0370_20080910,2008-05-14
DOC_JUDG_GC_2005_0373_20090710,2008-12-02
DOC_JUDG_GC_2005_0376_20060214,2006-01-12
DOC_JUDG_GC_2005_0379_20090402,2008-12-16
DOC_JUDG_GC_2005_0385_20090923,2009-02-12
DOC_JUDG_GC_2005_0396_20090610,2008-09-10
DOC_JUDG_GC_2005_0403_20080909,2008-04-29
DOC_JUDG_GC_2005_0404_20081119,2008-06-05
DOC_JUDG_GC_2005_0405_20081015,2007-12-11
DOC_JUDG_GC_2005_0407_20071106,2007-03-28
DOC_JUDG_GC_2005_0411_20070712,2007-03-21
DOC_JUDG_GC_2005_0412_20080924,2008-01-31
DOC_JUDG_GC_2005_0414_20090507,2008-10-21
DOC_JUDG_GC_2005_0415_20100913,2010-06-14
DOC_JUDG_GC_2005_0417_20060714,2006-03-09
DOC_JUDG_GC_2005_0420_20091007,2008-09-25
DOC_JUDG_GC_2005_0424_20090304,2007-11-20
DOC_JUDG_GC_2005_0429_20100303,2009-09-16
DOC_JUDG_GC_2005_0432_20100512,2009-05-06
DOC_JUDG_GC_2005_0434_20071127,2007-03-13
DOC_JUDG_GC_2005_0437_20090909,2008-11-20
DOC_JUDG_GC_2005_0441_20070613,2007-01-11
DOC_JUDG_GC_2005_0443_20070711,2007-05-10
DOC_JUDG_GC_2005_0445_20090304,2007-11-20
DOC_JUDG_GC_2005_0446_20100428,2008-12-17
DOC_JUDG_GC_2005_0448_20100428,2008-12-18
DOC_JUDG_GC_2005_0450_20090709,2009-03-11
DOC_JUDG_GC_2005_0452_20100428,2008-12-18
DOC_JUDG_GC_2005_0455_20081218,2008-04-23
DOC_JUDG_GC_2005_0456_20100428,2008-12-17
DOC_JUDG_GC_2005_0458_20071120,2007-02-13
DOC_JUDG_GC_2005_0459_20071108,2007-01-16
DOC_JUDG_GC_2005_0460_20071010,2007-01-31
DOC_JUDG_GC_2005_0462_20081210,2008-03-13
DOC_JUDG_GC_2006_0004_20110929,2011-05-17
DOC_JUDG_GC_2006_0008_20091006,2009-05-20
DOC_JUDG_GC_2006_0010_20071211,2007-06-26
DOC_JUDG_GC_2006_0011_20111005,2010-12-01
DOC_JUDG_GC_2006_0012_20110909,2010-09-29
DOC_JUDG_GC_2006_0019_20111005,2010-11-29
DOC_JUDG_GC_2006_0021_20091006,2009-05-20
DOC_JUDG_GC_2006_0024_20091006,2009-05-20
DOC_JUDG_GC_2006_0025_20110909,2010-09-28
DOC_JUDG_GC_2006_0026_20100913,2010-06-30
DOC_JUDG_GC_2006_0028_20071106,2007-05-15
DOC_JUDG_GC_2006_0033_20090708,2008-09-29
DOC_JUDG_GC_2006_0036_20100303,2008-09-09
DOC_JUDG_GC_2006_0039_20111005,2010-11-30
DOC_JUDG_GC_2006_0040_20100913,2010-06-30
DOC_JUDG_GC_2006_0042_20100319,2009-01-28
DOC_JUDG_GC_2006_0044_20100707,2010-01-27
DOC_JUDG_GC_2006_0045_20080924,2007-12-13
DOC_JUDG_GC_2006_0047_20070510,2007-02-14
DOC_JUDG_GC_2006_0050_20071212,2007-06-13
DOC_JUDG_GC_2006_0050_RENV_20120321,2011-09-14
DOC_JUDG_GC_2006_0051_20111116,2011-03-09
DOC_JUDG_GC_2006_0053_20120306,2011-05-17
DOC_JUDG_GC_2006_0054_20111116,2011-03-09
DOC_JUDG_GC_2006_0055_20111116,2011-03-30
DOC_JUDG_GC_2006_0057_20071107,2007-05-22
DOC_JUDG_GC_2006_0059_20111116,2011-05-04
DOC_JUDG_GC_2006_0063_20100909,2009-11-11
DOC_JUDG_GC_2006_0064_20120306,2011-06-22
DOC_JUDG_GC_2006_0065_20120306,2011-06-22
DOC_JUDG_GC_2006_0068_20111116,2011-05-04
DOC_JUDG_GC_2006_0070_20080709,2007-12-12
DOC_JUDG_GC_2006_0071_20071115,2007-03-22
DOC_JUDG_GC_2006_0072_20111116,2011-02-02
DOC_JUDG_GC_2006_0073_20081021,2008-03-11
DOC_JUDG_GC_2006_0075_20080909,2008-02-12
DOC_JUDG_GC_2006_0076_20111116,2011-03-02
DOC_JUDG_GC_2006_0078_20111116,2011-03-02
DOC_JUDG_GC_2006_0079_20111116,2011-02-02
DOC_JUDG_GC_2006_0080_20120213,2011-09-22
DOC_JUDG_GC_2006_0085_20081218,2008-06-06
DOC_JUDG_GC_2006_0088_20080124,2007-10-18
DOC_JUDG_GC_2006_0090_20081211,2008-09-04
DOC_JUDG_GC_2006_0093_20080619,2007-12-05
DOC_JUDG_GC_2006_0095_20080131,2007-07-04
DOC_JUDG_GC_2006_0096_20080910,2007-10-18
DOC_JUDG_GC_2006_0099_20090923,2009-01-15
DOC_JUDG_GC_2006_0100_20081126,2008-06-26
DOC_JUDG_GC_2006_0101_20071114,2007-05-24
DOC_JUDG_GC_2006_0103_20100413,2009-10-27
DOC_JUDG_GC_2006_0105_20071017,2007-03-06
DOC_JUDG_GC_2006_0106_20080123,2007-06-27
DOC_JUDG_GC_2006_0111_20071121,2007-05-10
DOC_JUDG_GC_2006_0112_20080116,2007-04-18
DOC_JUDG_GC_2006_0113_20120321,2011-07-12
DOC_JUDG_GC_2006_0115_20120321,2011-07-12
DOC_JUDG_GC_2006_0116_20080924,2008-01-10
DOC_JUDG_GC_2006_0117_20071212,2007-07-11
DOC_JUDG_GC_2006_0118_20090402,2008-12-16
DOC_JUDG_GC_2006_0119_20100909,2010-03-25
DOC_JUDG_GC_2006_0122_20081008,2008-04-23
DOC_JUDG_GC_2006_0125_20090128,2008-06-24
DOC_JUDG_GC_2006_0128_20080130,2007-05-22
DOC_JUDG_GC_2006_0131_20080430,2007-10-23
DOC_JUDG_GC_2006_0133_20081023,2008-03-13
DOC_JUDG_GC_2006_0134_20071213,2007-06-07
DOC_JUDG_GC_2006_0135_20100929,2009-12-15
DOC_JUDG_GC_2006_0139_20111019,2011-05-12
DOC_JUDG_GC_2006_0140_20070912,2007-04-17
DOC_JUDG_GC_2006_0141_20070912,2007-03-06
DOC_JUDG_GC_2006_0143_20091117,2008-12-09
DOC_JUDG_GC_2006_0145_20090204,2008-04-22
DOC_JUDG_GC_2006_0146_20080213,2007-10-03
DOC_JUDG_GC_2006_0147_20081126,2008-05-13
DOC_JUDG_GC_2006_0149_20071120,2007-02-06
DOC_JUDG_GC_2006_0152_20090609,2008-07-01
DOC_JUDG_GC_2006_0154_20081217,2008-05-06
DOC_JUDG_GC_2006_0155_20100909,2010-01-14
DOC_JUDG_GC_2006_0158_20081023,2008-05-07
DOC_JUDG_GC_2006_0161_20121025,2012-04-19
DOC_JUDG_GC_2006_0162_20090114,2008-09-03
DOC_JUDG_GC_2006_0164_20070912,2007-05-02
DOC_JUDG_GC_2006_0165_20090514,2008-11-05
DOC_JUDG_GC_2006_0169_20071108,2007-04-18
DOC_JUDG_GC_2006_0170_20070711,2007-04-19
DOC_JUDG_GC_2006_0171_20090317,2008-11-28
DOC_JUDG_GC_2006_0175_20080618,2008-01-22
DOC_JUDG_GC_2006_0176_20080708,2007-11-07
DOC_JUDG_GC_2006_0179_20090603,2008-09-24
DOC_JUDG_GC_2006_0181_20080910,2008-04-08
DOC_JUDG_GC_2006_0182_20070627,2007-03-29
DOC_JUDG_GC_2006_0183_20090930,2009-05-14
DOC_JUDG_GC_2006_0185_20110616,2010-09-02
DOC_JUDG_GC_2006_0186_20110616,2010-03-03
DOC_JUDG_GC_2006_0187_20081119,2008-05-14
DOC_JUDG_GC_2006_0189_20110714,2010-09-03
DOC_JUDG_GC_2006_0190_20110714,2010-09-03
DOC_JUDG_GC_2006_0191_20110616,2010-03-04
DOC_JUDG_GC_2006_0192_20110616,2010-03-04
DOC_JUDG_GC_2006_0194_20110616,2010-05-19
DOC_JUDG_GC_2006_0195_20110616,2010-03-03
DOC_JUDG_GC_2006_0196_20110616,2010-09-02
DOC_JUDG_GC_2006_0197_20110616,2010-05-19
DOC_JUDG_GC_2006_0201_20080910,2008-05-13
DOC_JUDG_GC_2006_0204_20090610,2009-01-22
DOC_JUDG_GC_2006_0205_20080522,2007-12-10
DOC_JUDG_GC_2006_0206_20110607,2009-12-15
DOC_JUDG_GC_2006_0207_20070614,2007-03-01
DOC_JUDG_GC_2006_0208_20111130,2011-05-10
DOC_JUDG_GC_2006_0211_20090519,2008-11-25
DOC_JUDG_GC_2006_0212_20091029,2009-03-05
DOC_JUDG_GC_2006_0214_20120605,2011-11-08
DOC_JUDG_GC_2006_0215_20080228,2007-11-06
DOC_JUDG_GC_2006_0216_20110915,2010-07-07
DOC_JUDG_GC_2006_0217_20110607,2009-12-15
DOC_JUDG_GC_2006_0218_20080917,2008-02-12
DOC_JUDG_GC_2006_0221_20090916,2008-11-13
DOC_JUDG_GC_2006_0224_20080625,2007-12-05
DOC_JUDG_GC_2006_0225_20081216,2008-04-01
DOC_JUDG_GC_2006_0225_RENV_20130122,2012-09-11
DOC_JUDG_GC_2006_0228_20081210,2008-05-07
DOC_JUDG_GC_2006_0230_20081015,2008-05-07
DOC_JUDG_GC_2006_0231_20101216,2010-03-10
DOC_JUDG_GC_2006_0232_20110909,2011-01-12
DOC_JUDG_GC_2006_0233_20080422,2007-09-20
DOC_JUDG_GC_2006_0234_20091119,2009-05-05
DOC_JUDG_GC_2006_0242_20071213,2007-06-21
DOC_JUDG_GC_2006_0243_20080910,2008-03-04
DOC_JUDG_GC_2006_0246_20080506,2007-10-24
DOC_JUDG_GC_2006_0249_20090310,2008-06-10
DOC_JUDG_GC_2006_0250_P_20080522,2008-01-25
DOC_JUDG_GC_2006_0253_P_20080919,2008-01-28
DOC_JUDG_GC_2006_0254_20080522,2008-01-10
DOC_JUDG_GC_2006_0256_20081105,2008-05-05
DOC_JUDG_GC_2006_0258_20100520,2009-04-29
DOC_JUDG_GC_2006_0259_20081216,2008-02-12
DOC_JUDG_GC_2006_0263_20081126,2008-04-10
DOC_JUDG_GC_2006_0264_20080924,2008-05-22
DOC_JUDG_GC_2006_0267_20120214,2011-07-05
DOC_JUDG_GC_2006_0268_20080625,2007-12-07
DOC_JUDG_GC_2006_0270_20081112,2008-06-11
DOC_JUDG_GC_2006_0272_20080910,2008-02-19
DOC_JUDG_GC_2006_0273_20090701,2008-09-03
DOC_JUDG_GC_2006_0278_20081126,2008-02-26
DOC_JUDG_GC_2006_0281_20090430,2008-11-12
DOC_JUDG_GC_2006_0282_20070709,2007-02-27
DOC_JUDG_GC_2006_0284_20080910,2008-06-09
DOC_JUDG_GC_2006_0285_20081218,2008-01-10
DOC_JUDG_GC_2006_0287_20081218,2008-01-10
DOC_JUDG_GC_2006_0288_20090701,2008-09-04
DOC_JUDG_GC_2006_0289_20090422,2008-09-08
DOC_JUDG_GC_2006_0291_20090701,2008-09-04
DOC_JUDG_GC_2006_0294_20080417,2007-11-29
DOC_JUDG_GC_2006_0296_20090923,2009-02-19
DOC_JUDG_GC_2006_0298_20091119,2008-11-26
DOC_JUDG_GC_2006_0300_20080910,2008-03-04
DOC_JUDG_GC_2006_0302_20080709,2008-01-31
DOC_JUDG_GC_2006_0303_20100427,2009-09-15
DOC_JUDG_GC_2006_0304_20080709,2008-03-05
DOC_JUDG_GC_2006_0305_20081015,2008-07-09
DOC_JUDG_GC_2006_0308_20111116,2011-09-13
DOC_JUDG_GC_2006_0310_20071115,2007-05-22
DOC_JUDG_GC_2006_0314_20100913,2009-11-11
DOC_JUDG_GC_2006_0315_20081119,2008-03-13
DOC_JUDG_GC_2006_0316_20081119,2008-01-16
DOC_JUDG_GC_2006_0318_20090324,2008-09-16
DOC_JUDG_GC_2006_0325_20080910,2008-01-25
DOC_JUDG_GC_2006_0329_20080521,2007-10-25
DOC_JUDG_GC_2006_0330_20080610,2007-11-19
DOC_JUDG_GC_2006_0331_20100708,2009-10-08
DOC_JUDG_GC_2006_0339_20081211,2008-07-10
DOC_JUDG_GC_2006_0340_20080702,2008-01-23
DOC_JUDG_GC_2006_0341_20080312,2007-10-17
DOC_JUDG_GC_2006_0343_20120927,2012-01-26
DOC_JUDG_GC_2006_0343_20120927,2011-05-25
DOC_JUDG_GC_2006_0344_20120927,2011-06-07
DOC_JUDG_GC_2006_0347_20120927,2011-06-15
DOC_JUDG_GC_2006_0348_20120927,2011-06-07
DOC_JUDG_GC_2006_0348_20120927,2012-01-26
DOC_JUDG_GC_2006_0349_20080909,2008-02-26
DOC_JUDG_GC_2006_0349_20080909,2008-06-10
DOC_JUDG_GC_2006_0351_20120927,2011-06-08
DOC_JUDG_GC_2006_0352_20120927,2011-06-08
DOC_JUDG_GC_2006_0353_20120927,2011-06-08
DOC_JUDG_GC_2006_0354_20120927,2011-06-29
DOC_JUDG_GC_2006_0356_20120927,2011-05-26
DOC_JUDG_GC_2006_0357_20120927,2011-05-26
DOC_JUDG_GC_2006_0359_20120927,2012-01-25
DOC_JUDG_GC_2006_0359_20120927,2011-06-28
DOC_JUDG_GC_2006_0360_20120927,2012-01-25
DOC_JUDG_GC_2006_0360_20120927,2011-06-28
DOC_JUDG_GC_2006_0361_20120927,2011-06-30
DOC_JUDG_GC_2006_0362_20120927,2011-06-30
DOC_JUDG_GC_2006_0363_20080909,2008-03-11
DOC_JUDG_GC_2006_0365_20081210,2008-07-09
DOC_JUDG_GC_2006_0369_20090909,2008-11-12
DOC_JUDG_GC_2006_0370_20120927,2011-06-15
DOC_JUDG_GC_2006_0375_20110324,2010-01-20
DOC_JUDG_GC_2006_0376_20110324,2010-02-02
DOC_JUDG_GC_2006_0377_20110324,2010-02-04
DOC_JUDG_GC_2006_0378_20110324,2010-02-08
DOC_JUDG_GC_2006_0379_20110324,2010-01-25
DOC_JUDG_GC_2006_0380_20091007,2008-09-25
DOC_JUDG_GC_2006_0381_20110324,2010-02-08
DOC_JUDG_GC_2006_0384_20110324,2010-02-04
DOC_JUDG_GC_2006_0385_20110324,2010-02-02
DOC_JUDG_GC_2006_0386_20110324,2010-01-28
DOC_JUDG_GC_2006_0387_20081010,2008-03-05
DOC_JUDG_GC_2006_0391_20090923,2008-11-20
DOC_JUDG_GC_2006_0392_20100427,2009-10-16
DOC_JUDG_GC_2006_0394_20120912,2011-11-15
DOC_JUDG_GC_2006_0399_20090121,2008-09-16
DOC_JUDG_GC_2006_0400_20090916,2008-12-10
DOC_JUDG_GC_2006_0401_20100304,2009-02-11
DOC_JUDG_GC_2006_0402_20130916,2012-11-13
DOC_JUDG_GC_2006_0402_20130916,2012-11-12
DOC_JUDG_GC_2006_0405_20090331,2008-11-05
DOC_JUDG_GC_2006_0406_20081112,2008-01-30
DOC_JUDG_GC_2006_0407_20100304,2009-02-11
DOC_JUDG_GC_2006_0409_20100304,2009-02-18
DOC_JUDG_GC_2006_0410_20100304,2009-02-20
DOC_JUDG_GC_2006_0411_20081008,2008-06-18
DOC_JUDG_GC_2006_0412_20081210,2008-05-23
DOC_JUDG_GC_2007_0001_20091209,2009-02-18
DOC_JUDG_GC_2007_0002_20130916,2012-11-13
DOC_JUDG_GC_2007_0003_20130916,2012-11-13
DOC_JUDG_GC_2007_0003_20130916,2012-11-12
DOC_JUDG_GC_2007_0008_20081218,2008-01-10
DOC_JUDG_GC_2007_0009_20100318,2009-07-08
DOC_JUDG_GC_2007_0010_20080917,2008-02-14
DOC_JUDG_GC_2007_0011_20101207,2009-10-14
DOC_JUDG_GC_2007_0016_20081218,2008-01-10
DOC_JUDG_GC_2007_0019_20101216,2009-10-27
DOC_JUDG_GC_2007_0021_20090325,2008-11-06
DOC_JUDG_GC_2007_0023_20090429,2008-11-19
DOC_JUDG_GC_2007_0024_20090701,2008-12-11
DOC_JUDG_GC_2007_0025_20090211,2008-07-01
DOC_JUDG_GC_2007_0031_20130412,2012-03-27
DOC_JUDG_GC_2007_0033_20090611,2008-10-01
DOC_JUDG_GC_2007_0034_20100121,2009-09-29
DOC_JUDG_GC_2007_0035_20080423,2007-12-04
DOC_JUDG_GC_2007_0036_20080625,2008-01-11
DOC_JUDG_GC_2007_0037_20090902,2009-02-11
DOC_JUDG_GC_2007_0038_20110713,2009-10-12
DOC_JUDG_GC_2007_0042_20110713,2009-10-13
DOC_JUDG_GC_2007_0044_20110713,2009-10-14
DOC_JUDG_GC_2007_0045_20110713,2009-10-20
DOC_JUDG_GC_2007_0047_20080916,2008-03-11
DOC_JUDG_GC_2007_0048_20080916,2008-03-11
DOC_JUDG_GC_2007_0049_20101207,2009-11-10
DOC_JUDG_GC_2007_0050_20090617,2008-09-30
DOC_JUDG_GC_2007_0051_20081008,2008-04-02
DOC_JUDG_GC_2007_0053_20110713,2009-10-20
DOC_JUDG_GC_2007_0055_20090930,2009-04-23
DOC_JUDG_GC_2007_0058_20080709,2008-04-02
DOC_JUDG_GC_2007_0060_20081112,2008-05-22
DOC_JUDG_GC_2007_0063_20100317,2009-06-11
DOC_JUDG_GC_2007_0070_20081112,2008-05-14
DOC_JUDG_GC_2007_0074_20090128,2008-06-25
DOC_JUDG_GC_2007_0079_20080626,2007-12-12
DOC_JUDG_GC_2007_0080_20090916,2009-04-23
DOC_JUDG_GC_2007_0081_20090701,2008-12-10
DOC_JUDG_GC_2007_0084_20130207,2011-12-08
DOC_JUDG_GC_2007_0085_20080610,2008-01-30
DOC_JUDG_GC_2007_0086_20081216,2008-05-20
DOC_JUDG_GC_2007_0087_20081112,2008-07-04
DOC_JUDG_GC_2007_0089_20090520,2008-12-09
DOC_JUDG_GC_2007_0090_P_20081218,2008-09-19
DOC_JUDG_GC_2007_0095_20081021,2008-05-13
DOC_JUDG_GC_2007_0101_20081210,2008-06-05
DOC_JUDG_GC_2007_0102_20100303,2009-01-20
DOC_JUDG_GC_2007_0103_20090923,2009-04-23
DOC_JUDG_GC_2007_0104_20130711,2012-10-24
DOC_JUDG_GC_2007_0106_20080910,2008-05-15
DOC_JUDG_GC_2007_0108_20130711,2012-10-25
DOC_JUDG_GC_2007_0109_20090325,2008-11-06
DOC_JUDG_GC_2007_0110_20110303,2009-12-16
DOC_JUDG_GC_2007_0111_20100707,2009-09-23
DOC_JUDG_GC_2007_0112_20110712,2009-12-08
DOC_JUDG_GC_2007_0113_20110712,2009-12-11
DOC_JUDG_GC_2007_0114_20090611,2008-11-05
DOC_JUDG_GC_2007_0117_20110303,2009-03-24
DOC_JUDG_GC_2007_0118_20110218,2010-09-10
DOC_JUDG_GC_2007_0119_20190917,2019-03-26
DOC_JUDG_GC_2007_0122_20110303,2010-03-16
DOC_JUDG_GC_2007_0128_20080312,2007-11-21
DOC_JUDG_GC_2007_0129_20190917,2019-04-02
DOC_JUDG_GC_2007_0132_20110712,2010-02-09
DOC_JUDG_GC_2007_0133_20110712,2009-12-11
DOC_JUDG_GC_2007_0135_20120117,2010-05-19
DOC_JUDG_GC_2007_0136_20081209,2008-06-06
DOC_JUDG_GC_2007_0138_20110713,2009-09-17
DOC_JUDG_GC_2007_0141_20110713,2009-10-06
DOC_JUDG_GC_2007_0141_20110713,2009-10-07
DOC_JUDG_GC_2007_0141_20110713,2009-10-01
DOC_JUDG_GC_2007_0144_20110713,2009-09-03
DOC_JUDG_GC_2007_0144_20110713,2009-09-07
DOC_JUDG_GC_2007_0144_20110713,2009-09-10
DOC_JUDG_GC_2007_0151_20110713,2009-10-16
DOC_JUDG_GC_2007_0152_20090914,2008-12-17
DOC_JUDG_GC_2007_0156_20100913,2009-12-09
DOC_JUDG_GC_2007_0158_20091210,2009-07-09
DOC_JUDG_GC_2007_0159_20091210,2009-07-09
DOC_JUDG_GC_2007_0160_20080708,2008-02-19
DOC_JUDG_GC_2007_0161_20081104,2008-06-04
DOC_JUDG_GC_2007_0162_20090916,2009-06-05
DOC_JUDG_GC_2007_0166_20100913,2009-12-09
DOC_JUDG_GC_2007_0167_20110413,2010-06-01
DOC_JUDG_GC_2007_0168_20090304,2008-11-14
DOC_JUDG_GC_2007_0174_20090128,2008-06-24
DOC_JUDG_GC_2007_0177_20100615,2009-06-03
DOC_JUDG_GC_2007_0179_20080924,2008-04-10
DOC_JUDG_GC_2007_0180_20090916,2008-11-13
DOC_JUDG_GC_2007_0181_20080402,2007-11-21
DOC_JUDG_GC_2007_0183_20090923,2009-02-10
DOC_JUDG_GC_2007_0184_20081126,2008-06-17
DOC_JUDG_GC_2007_0185_20090507,2008-07-08
DOC_JUDG_GC_2007_0186_20080702,2008-03-13
DOC_JUDG_GC_2007_0189_20090603,2009-01-15
DOC_JUDG_GC_2007_0190_20100318,2009-09-03
DOC_JUDG_GC_2007_0191_20090325,2008-09-30
DOC_JUDG_GC_2007_0192_20120309,2012-01-12
DOC_JUDG_GC_2007_0205_20110203,2010-07-01
DOC_JUDG_GC_2007_0206_20080129,2007-12-13
DOC_JUDG_GC_2007_0211_20080701,2008-01-29
DOC_JUDG_GC_2007_0212_20081202,2008-06-24
DOC_JUDG_GC_2007_0214_20110331,2010-09-07
DOC_JUDG_GC_2007_0219_20090708,2009-01-21
DOC_JUDG_GC_2007_0224_20081010,2008-06-18
DOC_JUDG_GC_2007_0225_20090929,2009-05-19
DOC_JUDG_GC_2007_0226_20080917,2008-04-24
DOC_JUDG_GC_2007_0227_20101028,2010-04-15
DOC_JUDG_GC_2007_0230_20090708,2008-11-26
DOC_JUDG_GC_2007_0234_20110915,2010-03-24
DOC_JUDG_GC_2007_0235_20110616,2010-03-24
DOC_JUDG_GC_2007_0236_20101026,2010-05-19
DOC_JUDG_GC_2007_0238_20090709,2008-11-19
DOC_JUDG_GC_2007_0240_20110616,2010-03-25
DOC_JUDG_GC_2007_0242_20081112,2008-06-17
DOC_JUDG_GC_2007_0243_20120329,2011-04-13
DOC_JUDG_GC_2007_0247_20120329,2011-04-14
DOC_JUDG_GC_2007_0248_20120329,2011-04-14
DOC_JUDG_GC_2007_0252_20100120,2009-04-22
DOC_JUDG_GC_2007_0256_20081023,2008-03-06
DOC_JUDG_GC_2007_0257_20110909,2010-07-06
DOC_JUDG_GC_2007_0262_20120329,2011-04-13
DOC_JUDG_GC_2007_0263_20090923,2009-02-11
DOC_JUDG_GC_2007_0264_20100909,2009-09-16
DOC_JUDG_GC_2007_0267_20130607,2012-04-18
DOC_JUDG_GC_2007_0274_20111108,2011-04-05
DOC_JUDG_GC_2007_0275_20081202,2008-07-08
DOC_JUDG_GC_2007_0276_20101216,2010-06-24
DOC_JUDG_GC_2007_0276_20101216,2008-10-01
DOC_JUDG_GC_2007_0281_20081112,2008-07-09
DOC_JUDG_GC_2007_0290_20081210,2008-07-03
DOC_JUDG_GC_2007_0291_20090923,2009-04-29
DOC_JUDG_GC_2007_0295_20081210,2008-05-23
DOC_JUDG_GC_2007_0296_20090121,2008-09-23
DOC_JUDG_GC_2007_0297_20081015,2008-06-05
DOC_JUDG_GC_2007_0300_20100909,2010-01-27
DOC_JUDG_GC_2007_0305_20090916,2009-03-25
DOC_JUDG_GC_2007_0307_20090121,2008-09-23
DOC_JUDG_GC_2007_0308_20110914,2010-12-09
DOC_JUDG_GC_2007_0312_20111012,2011-05-25
DOC_JUDG_GC_2007_0316_20090122,2008-09-18
DOC_JUDG_GC_2007_0317_20081119,2008-07-02
DOC_JUDG_GC_2007_0321_20100303,2009-06-17
DOC_JUDG_GC_2007_0325_20081125,2008-06-03
DOC_JUDG_GC_2007_0326_20090903,2009-01-15
DOC_JUDG_GC_2007_0333_20080704,2008-05-23
DOC_JUDG_GC_2007_0334_20091119,2009-03-03
DOC_JUDG_GC_2007_0335_20081216,2008-09-09
DOC_JUDG_GC_2007_0336_20120329,2011-05-23
DOC_JUDG_GC_2007_0338_P_20100319,2009-06-08
DOC_JUDG_GC_2007_0339_20091028,2009-06-10
DOC_JUDG_GC_2007_0340_20100209,2009-03-11
DOC_JUDG_GC_2007_0340_RENV_20141002,2014-02-07
DOC_JUDG_GC_2007_0341_20090930,2009-04-30
DOC_JUDG_GC_2007_0341_20111123,2011-03-30
DOC_JUDG_GC_2007_0342_20100706,2009-07-06
DOC_JUDG_GC_2007_0343_20090325,2008-10-17
DOC_JUDG_GC_2007_0344_20100210,2008-12-18
DOC_JUDG_GC_2007_0346_20081113,2008-06-12
DOC_JUDG_GC_2007_0348_20100909,2009-11-25
DOC_JUDG_GC_2007_0351_20081217,2008-09-09
DOC_JUDG_GC_2007_0353_20091130,2009-07-08
DOC_JUDG_GC_2007_0357_20081216,2008-10-15
DOC_JUDG_GC_2007_0359_P_20090220,2008-09-19
DOC_JUDG_GC_2007_0366_20100913,2009-04-29
DOC_JUDG_GC_2007_0369_20110322,2010-09-21
DOC_JUDG_GC_2007_0373_20081112,2008-06-18
DOC_JUDG_GC_2007_0376_20091125,2009-06-25
DOC_JUDG_GC_2007_0377_20111213,2011-06-15
DOC_JUDG_GC_2007_0378_20100929,2010-03-17
DOC_JUDG_GC_2007_0385_20110217,2010-02-24
DOC_JUDG_GC_2007_0386_20091029,2009-04-30
DOC_JUDG_GC_2007_0387_20110303,2010-06-18
DOC_JUDG_GC_2007_0388_20100506,2009-06-18
DOC_JUDG_GC_2007_0392_20130115,2012-05-15
DOC_JUDG_GC_2007_0396_20090923,2009-05-13
DOC_JUDG_GC_2007_0398_20120329,2011-06-08
DOC_JUDG_GC_2007_0400_20081112,2008-06-25
DOC_JUDG_GC_2007_0401_20110303,2010-06-18
DOC_JUDG_GC_2007_0402_20090325,2008-11-20
DOC_JUDG_GC_2007_0405_20090520,2008-12-03
DOC_JUDG_GC_2007_0407_20110915,2010-12-08
DOC_JUDG_GC_2007_0409_20090923,2009-04-01
DOC_JUDG_GC_2007_0410_20090512,2008-12-17
DOC_JUDG_GC_2007_0411_20100706,2009-07-07
DOC_JUDG_GC_2007_0413_20090211,2008-11-11
DOC_JUDG_GC_2007_0414_20090702,2008-10-10
DOC_JUDG_GC_2007_0418_20090618,2009-01-16
DOC_JUDG_GC_2007_0419_20090701,2009-01-13
DOC_JUDG_GC_2007_0421_20111208,2011-06-09
DOC_JUDG_GC_2007_0421_RENV_20150918,2015-01-09
DOC_JUDG_GC_2007_0422_20120118,2011-01-25
DOC_JUDG_GC_2007_0423_20110519,2010-12-09
DOC_JUDG_GC_2007_0424_20090120,2008-10-21
DOC_JUDG_GC_2007_0427_20100319,2009-06-12
DOC_JUDG_GC_2007_0428_20100617,2009-12-17
DOC_JUDG_GC_2007_0430_20090429,2008-12-02
DOC_JUDG_GC_2007_0432_20090930,2009-06-04
DOC_JUDG_GC_2007_0434_20091202,2009-06-04
DOC_JUDG_GC_2007_0435_20081126,2008-09-17
DOC_JUDG_GC_2007_0436_P_20091211,2009-09-14
DOC_JUDG_GC_2007_0439_20120627,2011-07-07
DOC_JUDG_GC_2007_0442_20110929,2011-02-17
DOC_JUDG_GC_2007_0444_20090630,2008-12-16
DOC_JUDG_GC_2007_0445_20120627,2011-07-06
DOC_JUDG_GC_2007_0446_20090915,2009-04-29
DOC_JUDG_GC_2007_0448_20120627,2011-07-05
DOC_JUDG_GC_2007_0449_20090505,2009-01-14
DOC_JUDG_GC_2007_0450_20090612,2009-03-04
DOC_JUDG_GC_2007_0457_20121212,2011-07-11
DOC_JUDG_GC_2007_0458_20090916,2009-05-13
DOC_JUDG_GC_2007_0459_20130711,2012-09-05
DOC_JUDG_GC_2007_0461_20110414,2010-05-20
DOC_JUDG_GC_2007_0462_20130916,2013-01-24
DOC_JUDG_GC_2007_0463_20140715,2013-07-03
DOC_JUDG_GC_2007_0464_20090617,2009-01-14
DOC_JUDG_GC_2007_0471_20090915,2009-02-17
DOC_JUDG_GC_2007_0472_20100203,2009-10-14
DOC_JUDG_GC_2007_0475_20110909,2010-12-16
DOC_JUDG_GC_2007_0476_20120712,2011-10-20
DOC_JUDG_GC_2007_0482_20130916,2013-01-25
DOC_JUDG_GC_2007_0485_20110914,2011-02-17
DOC_JUDG_GC_2007_0486_20110322,2010-09-10
DOC_JUDG_GC_2007_0488_20100415,2009-12-02
DOC_JUDG_GC_2007_0490_20091217,2009-05-20
DOC_JUDG_GC_2007_0491_20121129,2012-05-16
DOC_JUDG_GC_2007_0491_RENV_20160630,2015-10-28
DOC_JUDG_GC_2007_0493_20090923,2009-01-21
DOC_JUDG_GC_2007_0495_20130916,2013-01-16
DOC_JUDG_GC_2007_0496_20130916,2013-01-14
DOC_JUDG_GC_2007_0497_20130916,2013-01-18
DOC_JUDG_GC_2007_0498_P_20090608,2009-01-23
DOC_JUDG_GC_2007_0502_20110518,2009-12-16
DOC_JUDG_GC_2008_0001_20110517,2010-09-07
DOC_JUDG_GC_2008_0005_20100325,2009-04-30
DOC_JUDG_GC_2008_0008_20090310,2008-12-09
DOC_JUDG_GC_2008_0010_20110909,2011-02-02
DOC_JUDG_GC_2008_0011_20110909,2011-02-02
DOC_JUDG_GC_2008_0012_P_20090506,2009-01-23
DOC_JUDG_GC_2008_0016_20090701,2009-03-12
DOC_JUDG_GC_2008_0020_20090923,2009-06-03
DOC_JUDG_GC_2008_0024_20100304,2009-10-29
DOC_JUDG_GC_2008_0028_20090708,2009-01-27
DOC_JUDG_GC_2008_0029_20110909,2010-10-05
DOC_JUDG_GC_2008_0032_20130424,2012-12-12
DOC_JUDG_GC_2008_0033_20090611,2009-03-04
DOC_JUDG_GC_2008_0034_20110921,2009-09-23
DOC_JUDG_GC_2008_0035_20101123,2010-04-13
DOC_JUDG_GC_2008_0037_20111108,2011-03-23
DOC_JUDG_GC_2008_0039_20111208,2011-03-24
DOC_JUDG_GC_2008_0053_20100701,2009-07-02
DOC_JUDG_GC_2008_0055_20110217,2010-02-24
DOC_JUDG_GC_2008_0063_20100701,2009-07-01
DOC_JUDG_GC_2008_0064_20100701,2009-07-01
DOC_JUDG_GC_2008_0067_20090611,2009-02-04
DOC_JUDG_GC_2008_0068_20110217,2010-02-24
DOC_JUDG_GC_2008_0069_20101209,2009-10-28
DOC_JUDG_GC_2008_0070_20100909,2010-04-29
DOC_JUDG_GC_2008_0071_20090708,2009-01-28
DOC_JUDG_GC_2008_0072_20100913,2009-10-28
DOC_JUDG_GC_2008_0073_20130913,2012-11-27
DOC_JUDG_GC_2008_0074_20100909,2010-04-28
DOC_JUDG_GC_2008_0075_20090930,2009-06-04
DOC_JUDG_GC_2008_0076_20120202,2011-02-09
DOC_JUDG_GC_2008_0078_20090611,2009-02-05
DOC_JUDG_GC_2008_0080_20091028,2009-05-06
DOC_JUDG_GC_2008_0081_20090429,2008-12-17
DOC_JUDG_GC_2008_0082_20120927,2012-02-13
DOC_JUDG_GC_2008_0083_20120202,2011-02-16
DOC_JUDG_GC_2008_0084_20110407,2010-09-21
DOC_JUDG_GC_2008_0085_20100709,2010-03-02
DOC_JUDG_GC_2008_0086_20120705,2011-06-22
DOC_JUDG_GC_2008_0094_20100318,2009-07-02
DOC_JUDG_GC_2008_0095_20101112,2010-02-24
DOC_JUDG_GC_2008_0097_20100913,2010-06-17
DOC_JUDG_GC_2008_0102_P_20091006,2009-03-02
DOC_JUDG_GC_2008_0104_20090505,2008-12-09
DOC_JUDG_GC_2008_0108_20110715,2011-03-02
DOC_JUDG_GC_2008_0109_20100427,2009-10-30
DOC_JUDG_GC_2008_0110_20100427,2009-10-30
DOC_JUDG_GC_2008_0111_20120524,2011-07-08
DOC_JUDG_GC_2008_0113_20101112,2010-02-25
DOC_JUDG_GC_2008_0117_20110331,2010-04-14
DOC_JUDG_GC_2008_0118_20100615,2009-11-18
DOC_JUDG_GC_2008_0121_20100511,2009-07-07
DOC_JUDG_GC_2008_0130_20090916,2009-03-25
DOC_JUDG_GC_2008_0132_20090611,2008-12-18
DOC_JUDG_GC_2008_0133_20120918,2012-02-28
DOC_JUDG_GC_2008_0135_20100913,2010-03-17
DOC_JUDG_GC_2008_0136_20090513,2009-01-21
DOC_JUDG_GC_2008_0137_20091028,2009-03-11
DOC_JUDG_GC_2008_0139_20090929,2009-06-10
DOC_JUDG_GC_2008_0140_20091014,2009-03-11
DOC_JUDG_GC_2008_0141_20101215,2010-04-14
DOC_JUDG_GC_2008_0142_20130912,2013-04-10
DOC_JUDG_GC_2008_0145_20110516,2010-10-19
DOC_JUDG_GC_2008_0148_20100512,2009-11-18
DOC_JUDG_GC_2008_0149_20100913,2009-10-28
DOC_JUDG_GC_2008_0153_20100622,2010-01-19
DOC_JUDG_GC_2008_0163_20100519,2010-02-03
DOC_JUDG_GC_2008_0164_20130912,2013-04-10
DOC_JUDG_GC_2008_0167_20120627,2011-05-24
DOC_JUDG_GC_2008_0169_20120920,2011-04-06
DOC_JUDG_GC_2008_0169_20120920,2012-02-02
DOC_JUDG_GC_2008_0170_20140911,2013-12-10
DOC_JUDG_GC_2008_0171_20131212,2013-03-19
DOC_JUDG_GC_2008_0181_20100519,2009-07-08
DOC_JUDG_GC_2008_0187_20100420,2009-09-16
DOC_JUDG_GC_2008_0190_20111025,2010-05-18
DOC_JUDG_GC_2008_0191_20090930,2009-06-04
DOC_JUDG_GC_2008_0193_P_20090930,2009-03-20
DOC_JUDG_GC_2008_0195_20091210,2009-06-10
DOC_JUDG_GC_2008_0199_20110616,2010-04-27
DOC_JUDG_GC_2008_0204_20110616,2010-04-28
DOC_JUDG_GC_2008_0206_20120131,2011-05-17
DOC_JUDG_GC_2008_0207_20110518,2011-01-18
DOC_JUDG_GC_2008_0208_20110616,2010-04-29
DOC_JUDG_GC_2008_0210_20110616,2010-05-05
DOC_JUDG_GC_2008_0211_20110616,2010-05-06
DOC_JUDG_GC_2008_0214_20120328,2011-11-24
DOC_JUDG_GC_2008_0221_20160426,2014-10-21
DOC_JUDG_GC_2008_0232_20111215,2011-05-24
DOC_JUDG_GC_2008_0235_20130207,2012-01-19
DOC_JUDG_GC_2008_0237_20100511,2009-11-24
DOC_JUDG_GC_2008_0238_20101207,2010-06-30
DOC_JUDG_GC_2008_0240_20090708,2009-04-29
DOC_JUDG_GC_2008_0243_20100519,2009-12-10
DOC_JUDG_GC_2008_0244_20111213,2011-06-07
DOC_JUDG_GC_2008_0246_20090709,2009-01-20
DOC_JUDG_GC_2008_0247_20100928,2009-12-08
DOC_JUDG_GC_2008_0248_P_20100302,2009-06-15
DOC_JUDG_GC_2008_0249_20100421,2009-11-24
DOC_JUDG_GC_2008_0250_20110524,2010-11-24
DOC_JUDG_GC_2008_0251_20110923,2011-04-07
DOC_JUDG_GC_2008_0260_20120124,2011-10-11
DOC_JUDG_GC_2008_0265_20120919,2011-09-27
DOC_JUDG_GC_2008_0267_20110512,2010-11-11
DOC_JUDG_GC_2008_0268_20120228,2011-05-18
DOC_JUDG_GC_2008_0270_20121121,2011-09-27
DOC_JUDG_GC_2008_0271_P_20090916,2009-04-24
DOC_JUDG_GC_2008_0274_20100422,2009-11-25
DOC_JUDG_GC_2008_0283_P_20110707,2010-12-13
DOC_JUDG_GC_2008_0284_20081204,2008-12-03
DOC_JUDG_GC_2008_0286_20101216,2010-09-15
DOC_JUDG_GC_2008_0288_20120315,2011-09-15
DOC_JUDG_GC_2008_0289_20100211,2009-09-10
DOC_JUDG_GC_2008_0292_20100913,2010-02-12
DOC_JUDG_GC_2008_0296_20120328,2009-10-13
DOC_JUDG_GC_2008_0299_20110517,2010-06-02
DOC_JUDG_GC_2008_0304_20120710,2011-11-28
DOC_JUDG_GC_2008_0307_20091020,2009-05-12
DOC_JUDG_GC_2008_0308_20090915,2009-07-08
DOC_JUDG_GC_2008_0310_20110121,2010-10-26
DOC_JUDG_GC_2008_0335_20100701,2010-01-21
DOC_JUDG_GC_2008_0336_20101217,2010-07-07
DOC_JUDG_GC_2008_0338_20120614,2011-09-13
DOC_JUDG_GC_2008_0343_20110517,2010-06-02
DOC_JUDG_GC_2008_0344_20120522,2011-11-29
DOC_JUDG_GC_2008_0345_20101216,2010-06-08
DOC_JUDG_GC_2008_0346_20101217,2010-07-07
DOC_JUDG_GC_2008_0348_20111025,2010-09-10
DOC_JUDG_GC_2008_0349_20111025,2010-09-10
DOC_JUDG_GC_2008_0351_20100630,2010-02-25
DOC_JUDG_GC_2008_0355_P_20100119,2009-06-12
DOC_JUDG_GC_2008_0356_20120912,2011-09-12
DOC_JUDG_GC_2008_0358_20130711,2012-11-28
DOC_JUDG_GC_2008_0362_20110113,2010-04-16
DOC_JUDG_GC_2008_0369_20101217,2010-03-18
DOC_JUDG_GC_2008_0374_20110712,2011-03-01
DOC_JUDG_GC_2008_0380_20130913,2012-12-14
DOC_JUDG_GC_2008_0382_20110118,2010-05-18
DOC_JUDG_GC_2008_0384_20111110,2011-06-16
DOC_JUDG_GC_2008_0387_20100909,2010-03-18
DOC_JUDG_GC_2008_0390_20091014,2009-06-03
DOC_JUDG_GC_2008_0391_20120315,2011-10-20
DOC_JUDG_GC_2008_0392_20130412,2011-10-13
DOC_JUDG_GC_2008_0392_20130412,2012-06-28
DOC_JUDG_GC_2008_0395_20101217,2010-07-07
DOC_JUDG_GC_2008_0396_20100708,2010-01-13
DOC_JUDG_GC_2008_0398_20130412,2012-06-18
DOC_JUDG_GC_2008_0398_20130412,2011-10-03
DOC_JUDG_GC_2008_0401_20130412,2011-10-04
DOC_JUDG_GC_2008_0401_20130412,2012-06-29
DOC_JUDG_GC_2008_0404_20130618,2012-06-14
DOC_JUDG_GC_2008_0405_20130607,2012-03-01
DOC_JUDG_GC_2008_0406_20130618,2012-06-15
DOC_JUDG_GC_2008_0410_20130412,2011-09-29
DOC_JUDG_GC_2008_0410_20130412,2012-06-18
DOC_JUDG_GC_2008_0411_20130412,2012-06-27
DOC_JUDG_GC_2008_0411_20130412,2011-10-24
DOC_JUDG_GC_2008_0413_20130412,2011-10-20
DOC_JUDG_GC_2008_0413_20130412,2012-06-04
DOC_JUDG_GC_2008_0414_20130412,2011-10-20
DOC_JUDG_GC_2008_0414_20130412,2012-06-04
DOC_JUDG_GC_2008_0415_20130412,2011-10-20
DOC_JUDG_GC_2008_0415_20130412,2012-06-04
DOC_JUDG_GC_2008_0416_20130412,2011-10-20
DOC_JUDG_GC_2008_0416_20130412,2012-06-04
DOC_JUDG_GC_2008_0417_20130412,2011-10-20
DOC_JUDG_GC_2008_0417_20130412,2012-06-04
DOC_JUDG_GC_2008_0418_20130412,2012-06-04
DOC_JUDG_GC_2008_0418_20130412,2011-10-20
DOC_JUDG_GC_2008_0419_20130412,2012-06-04
DOC_JUDG_GC_2008_0419_20130412,2011-10-20
DOC_JUDG_GC_2008_0420_20130412,2012-06-04
DOC_JUDG_GC_2008_0420_20130412,2011-10-20
DOC_JUDG_GC_2008_0421_20130412,2011-10-26
DOC_JUDG_GC_2008_0421_20130412,2012-06-06
DOC_JUDG_GC_2008_0422_20130412,2011-09-28
DOC_JUDG_GC_2008_0422_20130412,2012-06-08
DOC_JUDG_GC_2008_0423_20100324,2009-10-28
DOC_JUDG_GC_2008_0424_20100519,2010-01-11
DOC_JUDG_GC_2008_0425_20130412,2011-10-05
DOC_JUDG_GC_2008_0425_20130412,2012-06-13
DOC_JUDG_GC_2008_0426_20121009,2011-10-24
DOC_JUDG_GC_2008_0427_20101215,2010-02-03
DOC_JUDG_GC_2008_0428_20130412,2011-10-18
DOC_JUDG_GC_2008_0428_20130412,2012-06-25
DOC_JUDG_GC_2008_0432_20130412,2012-06-28
DOC_JUDG_GC_2008_0432_20130412,2011-10-06
DOC_JUDG_GC_2008_0433_20130412,2011-09-30
DOC_JUDG_GC_2008_0433_20130412,2012-06-11
DOC_JUDG_GC_2008_0437_20111215,2011-06-14
DOC_JUDG_GC_2008_0439_20101021,2010-03-11
DOC_JUDG_GC_2008_0442_20130412,2012-06-04
DOC_JUDG_GC_2008_0442_20130412,2011-10-19
DOC_JUDG_GC_2008_0443_20110324,2010-07-02
DOC_JUDG_GC_2008_0450_20120309,2012-01-11
DOC_JUDG_GC_2008_0451_20130412,2012-06-27
DOC_JUDG_GC_2008_0451_20130412,2011-10-12
DOC_JUDG_GC_2008_0452_20101007,2010-05-07
DOC_JUDG_GC_2008_0458_20100908,2009-12-02
DOC_JUDG_GC_2008_0459_20130207,2012-01-19
DOC_JUDG_GC_2008_0460_20101217,2010-02-11
DOC_JUDG_GC_2008_0461_20110920,2010-11-17
DOC_JUDG_GC_2008_0464_20100519,2009-12-03
DOC_JUDG_GC_2008_0465_20110415,2010-09-17
DOC_JUDG_GC_2008_0466_20110414,2010-11-17
DOC_JUDG_GC_2008_0468_20140430,2013-05-16
DOC_JUDG_GC_2008_0471_20110607,2010-12-07
DOC_JUDG_GC_2008_0474_20101021,2010-04-27
DOC_JUDG_GC_2008_0477_20100304,2009-12-03
DOC_JUDG_GC_2008_0482_20100610,2009-11-12
DOC_JUDG_GC_2008_0488_20111006,2011-05-05
DOC_JUDG_GC_2008_0494_20101210,2010-07-07
DOC_JUDG_GC_2008_0508_20111006,2011-04-07
DOC_JUDG_GC_2008_0525_20130913,2012-10-25
DOC_JUDG_GC_2008_0536_20130913,2013-04-15
DOC_JUDG_GC_2008_0537_20130913,2013-04-15
DOC_JUDG_GC_2008_0540_20140711,2011-03-21
DOC_JUDG_GC_2008_0541_20140711,2013-07-03
DOC_JUDG_GC_2008_0543_20140711,2012-03-20
DOC_JUDG_GC_2008_0544_20141212,2012-11-21
DOC_JUDG_GC_2008_0546_20100921,2010-02-23
DOC_JUDG_GC_2008_0547_20100615,2010-01-26
DOC_JUDG_GC_2008_0548_20130913,2010-06-15
DOC_JUDG_GC_2008_0549_20100618,2010-03-04
DOC_JUDG_GC_2008_0550_20141212,2012-04-24
DOC_JUDG_GC_2008_0551_20141212,2012-07-10
DOC_JUDG_GC_2008_0554_20120424,2012-01-19
DOC_JUDG_GC_2008_0556_20150325,2014-03-26
DOC_JUDG_GC_2008_0557_20100707,2010-02-09
DOC_JUDG_GC_2008_0558_20141212,2013-03-19
DOC_JUDG_GC_2008_0561_20111018,2011-05-17
DOC_JUDG_GC_2008_0562_20141212,2012-12-12
DOC_JUDG_GC_2008_0565_20120911,2011-12-07
DOC_JUDG_GC_2008_0566_20130913,2010-10-20
DOC_JUDG_GC_2008_0568_20100701,2010-03-10
DOC_JUDG_GC_2008_0570_RENV_20131112,2013-04-23
DOC_JUDG_GC_2008_0572_P_20090618,2009-05-08
DOC_JUDG_GC_2008_0574_20121107,2012-05-03
DOC_JUDG_GC_2008_0576_20110413,2010-09-09
DOC_JUDG_GC_2008_0577_20100326,2009-11-25
DOC_JUDG_GC_2008_0579_20111020,2011-05-10
DOC_JUDG_GC_2008_0582_20100909,2010-03-24
DOC_JUDG_GC_2008_0584_20110203,2010-06-16
DOC_JUDG_GC_2008_0586_20100429,2010-01-20
DOC_JUDG_GC_2008_0587_20130314,2012-02-01
DOC_JUDG_GC_2008_0588_20130314,2012-01-25
DOC_JUDG_GC_2008_0589_20110303,2010-06-30
DOC_JUDG_GC_2008_0591_20121005,2011-09-29
DOC_JUDG_GC_2009_0003_20110203,2010-06-16
DOC_JUDG_GC_2009_0007_20100421,2009-12-09
DOC_JUDG_GC_2009_0008_20110913,2010-12-15
DOC_JUDG_GC_2009_0009_P_20101124,2010-07-02
DOC_JUDG_GC_2009_0010_20110217,2010-06-10
DOC_JUDG_GC_2009_0010_RENV_20141211,2014-07-03
DOC_JUDG_GC_2009_0013_20101217,2010-07-07
DOC_JUDG_GC_2009_0014_20121023,2012-07-10
DOC_JUDG_GC_2009_0017_20120522,2011-05-17
DOC_JUDG_GC_2009_0023_20101026,2010-02-23
DOC_JUDG_GC_2009_0033_20110329,2010-10-26
DOC_JUDG_GC_2009_0041_20120328,2011-12-07
DOC_JUDG_GC_2009_0042_20121207,2012-06-13
DOC_JUDG_GC_2009_0046_20130122,2012-06-05
DOC_JUDG_GC_2009_0047_20101007,2010-04-21
DOC_JUDG_GC_2009_0049_20120419,2011-07-07
DOC_JUDG_GC_2009_0051_20100707,2010-02-25
DOC_JUDG_GC_2009_0052_20111214,2011-07-12
DOC_JUDG_GC_2009_0056_20140327,2012-12-11
DOC_JUDG_GC_2009_0057_20111020,2011-04-13
DOC_JUDG_GC_2009_0059_20120214,2011-09-13
DOC_JUDG_GC_2009_0061_20111213,2011-09-07
DOC_JUDG_GC_2009_0068_20141010,2013-11-12
DOC_JUDG_GC_2009_0072_20141217,2013-11-05
DOC_JUDG_GC_2009_0081_20110713,2011-01-20
DOC_JUDG_GC_2009_0082_20111123,2011-06-28
DOC_JUDG_GC_2009_0084_20120926,2012-03-28
DOC_JUDG_GC_2009_0086_20110922,2011-02-03
DOC_JUDG_GC_2009_0088_20111108,2011-02-08
DOC_JUDG_GC_2009_0089_20150317,2014-03-18
DOC_JUDG_GC_2009_0092_20101005,2010-04-28
DOC_JUDG_GC_2009_0099_20130419,2012-09-12
DOC_JUDG_GC_2009_0108_20100519,2009-12-10
DOC_JUDG_GC_2009_0115_20120214,2011-06-29
DOC_JUDG_GC_2009_0119_20120913,2011-12-01
DOC_JUDG_GC_2009_0122_20110217,2010-09-09
DOC_JUDG_GC_2009_0123_20120328,2011-06-30
DOC_JUDG_GC_2009_0126_20130912,2013-04-10
DOC_JUDG_GC_2009_0127_RENV_20150114,2014-02-04
DOC_JUDG_GC_2009_0135_20121114,2011-10-19
DOC_JUDG_GC_2009_0137_RENV_20140612,2014-02-26
DOC_JUDG_GC_2009_0139_20120927,2012-04-23
DOC_JUDG_GC_2009_0140_20121114,2011-10-19
DOC_JUDG_GC_2009_0146_20130517,2012-04-27
DOC_JUDG_GC_2009_0146_RENV_20160714,2016-02-24
DOC_JUDG_GC_2009_0147_20130517,2012-04-26
DOC_JUDG_GC_2009_0149_20110324,2010-05-11
DOC_JUDG_GC_2009_0150_20121010,2011-12-13
DOC_JUDG_GC_2009_0154_20130517,2012-04-26
DOC_JUDG_GC_2009_0158_20121010,2012-04-17
DOC_JUDG_GC_2009_0159_20120618,2012-03-15
DOC_JUDG_GC_2009_0161_20101216,2010-06-22
DOC_JUDG_GC_2009_0162_20120419,2011-12-14
DOC_JUDG_GC_2009_0169_20101125,2010-06-15
DOC_JUDG_GC_2009_0170_20121010,2011-12-15
DOC_JUDG_GC_2009_0172_20121010,2011-12-16
DOC_JUDG_GC_2009_0179_20140430,2013-05-15
DOC_JUDG_GC_2009_0184_20110324,2010-11-18
DOC_JUDG_GC_2009_0189_20111020,2011-07-06
DOC_JUDG_GC_2009_0191_20101216,2010-07-01
DOC_JUDG_GC_2009_0197_20110712,2011-02-01
DOC_JUDG_GC_2009_0201_20110921,2011-03-09
DOC_JUDG_GC_2009_0203_20110505,2010-12-02
DOC_JUDG_GC_2009_0204_20110505,2010-12-02
DOC_JUDG_GC_2009_0209_20110413,2010-09-09
DOC_JUDG_GC_2009_0212_20120703,2011-09-27
DOC_JUDG_GC_2009_0216_20121025,2012-04-30
DOC_JUDG_GC_2009_0218_20130912,2013-04-10
DOC_JUDG_GC_2009_0225_20100428,2010-02-11
DOC_JUDG_GC_2009_0226_20130916,2013-05-06
DOC_JUDG_GC_2009_0227_20120321,2011-10-18
DOC_JUDG_GC_2009_0228_20110413,2010-12-01
DOC_JUDG_GC_2009_0233_20110322,2010-10-06
DOC_JUDG_GC_2009_0236_20120315,2011-11-10
DOC_JUDG_GC_2009_0237_20120201,2011-09-20
DOC_JUDG_GC_2009_0238_20111130,2010-12-17
DOC_JUDG_GC_2009_0241_20130220,2012-09-19
DOC_JUDG_GC_2009_0243_20120927,2012-04-23
DOC_JUDG_GC_2009_0244_20101007,2010-06-24
DOC_JUDG_GC_2009_0246_20120613,2011-10-05
DOC_JUDG_GC_2009_0247_20121010,2012-03-01
DOC_JUDG_GC_2009_0255_20120713,2012-03-02
DOC_JUDG_GC_2009_0258_20110706,2010-11-30
DOC_JUDG_GC_2009_0259_20101216,2010-09-08
DOC_JUDG_GC_2009_0262_20110413,2010-09-22
DOC_JUDG_GC_2009_0265_20120926,2012-05-16
DOC_JUDG_GC_2009_0276_20120621,2012-03-29
DOC_JUDG_GC_2009_0279_20120712,2012-03-15
DOC_JUDG_GC_2009_0280_20130530,2012-11-15
DOC_JUDG_GC_2009_0285_20110915,2011-05-04
DOC_JUDG_GC_2009_0286_20140612,2012-07-06
DOC_JUDG_GC_2009_0286_RENV_20220126,2020-03-12
DOC_JUDG_GC_2009_0289_20110909,2011-05-10
DOC_JUDG_GC_2009_0290_20110909,2011-05-10
DOC_JUDG_GC_2009_0291_20120201,2011-06-22
DOC_JUDG_GC_2009_0296_20111124,2011-03-17
DOC_JUDG_GC_2009_0297_20150325,2014-05-15
DOC_JUDG_GC_2009_0298_20110920,2011-01-26
DOC_JUDG_GC_2009_0299_20110203,2010-06-25
DOC_JUDG_GC_2009_0301_20120926,2012-05-16
DOC_JUDG_GC_2009_0304_20120118,2011-09-07
DOC_JUDG_GC_2009_0315_20100609,2010-03-04
DOC_JUDG_GC_2009_0318_20110706,2010-12-08
DOC_JUDG_GC_2009_0325_P_20110921,2011-02-18
DOC_JUDG_GC_2009_0328_20120927,2012-04-23
DOC_JUDG_GC_2009_0331_20101215,2010-06-15
DOC_JUDG_GC_2009_0332_20121212,2011-11-30
DOC_JUDG_GC_2009_0333_20120920,2012-03-29
DOC_JUDG_GC_2009_0336_20110119,2010-09-08
DOC_JUDG_GC_2009_0338_20130916,2013-04-16
DOC_JUDG_GC_2009_0340_20140410,2013-05-28
DOC_JUDG_GC_2009_0341_20110517,2010-10-26
DOC_JUDG_GC_2009_0347_20130912,2013-01-17
DOC_JUDG_GC_2009_0352_20121212,2012-04-25
DOC_JUDG_GC_2009_0355_20130117,2012-11-07
DOC_JUDG_GC_2009_0358_20110413,2010-11-10
DOC_JUDG_GC_2009_0360_20120629,2011-09-23
DOC_JUDG_GC_2009_0366_20120613,2011-11-29
DOC_JUDG_GC_2009_0370_20120629,2011-09-21
DOC_JUDG_GC_2009_0371_20120522,2012-02-07
DOC_JUDG_GC_2009_0374_20131128,2013-09-05
DOC_JUDG_GC_2009_0376_20110518,2010-12-01
DOC_JUDG_GC_2009_0378_20120131,2011-06-15
DOC_JUDG_GC_2009_0379_20120913,2012-03-23
DOC_JUDG_GC_2009_0380_20101215,2010-09-15
DOC_JUDG_GC_2009_0384_20140123,2013-04-16
DOC_JUDG_GC_2009_0387_20120927,2012-06-12
DOC_JUDG_GC_2009_0391_20140123,2013-04-16
DOC_JUDG_GC_2009_0392_20121212,2012-04-25
DOC_JUDG_GC_2009_0395_20140123,2013-05-28
DOC_JUDG_GC_2009_0396_20120614,2011-09-13
DOC_JUDG_GC_2009_0397_20110525,2011-02-09
DOC_JUDG_GC_2009_0399_20131213,2013-07-10
DOC_JUDG_GC_2009_0400_20121212,2012-06-27
DOC_JUDG_GC_2009_0406_20140514,2013-10-16
DOC_JUDG_GC_2009_0410_20121212,2012-06-13
DOC_JUDG_GC_2009_0415_20110929,2011-04-13
DOC_JUDG_GC_2009_0419_20110324,2010-11-17
DOC_JUDG_GC_2009_0421_20120920,2011-07-13
DOC_JUDG_GC_2009_0421_20120920,2012-02-02
DOC_JUDG_GC_2009_0421_RENV_20161215,2016-03-08
DOC_JUDG_GC_2009_0422_20110525,2010-11-24
DOC_JUDG_GC_2009_0423_20111216,2011-06-14
DOC_JUDG_GC_2009_0426_20111026,2011-07-05
DOC_JUDG_GC_2009_0427_20110915,2011-05-05
DOC_JUDG_GC_2009_0433_20110414,2011-01-18
DOC_JUDG_GC_2009_0434_20110915,2011-05-05
DOC_JUDG_GC_2009_0435_20130916,2012-12-13
DOC_JUDG_GC_2009_0436_20111026,2011-06-07
DOC_JUDG_GC_2009_0439_20111018,2011-03-29
DOC_JUDG_GC_2009_0450_20141125,2013-12-05
DOC_JUDG_GC_2009_0457_20140717,2013-12-06
DOC_JUDG_GC_2009_0458_20120322,2011-09-15
DOC_JUDG_GC_2009_0460_20110505,2010-11-24
DOC_JUDG_GC_2009_0461_20110505,2010-11-24
DOC_JUDG_GC_2009_0465_20121003,2012-04-25
DOC_JUDG_GC_2009_0469_20120202,2011-06-09
DOC_JUDG_GC_2009_0470_20120712,2012-05-02
DOC_JUDG_GC_2009_0471_20110628,2011-02-08
DOC_JUDG_GC_2009_0472_20141209,2013-01-29
DOC_JUDG_GC_2009_0486_20130916,2013-05-16
DOC_JUDG_GC_2009_0489_20141209,2013-02-01
DOC_JUDG_GC_2009_0491_20121017,2012-03-22
DOC_JUDG_GC_2009_0492_20120607,2012-01-12
DOC_JUDG_GC_2009_0497_20101216,2010-09-29
DOC_JUDG_GC_2009_0499_20110713,2011-05-05
DOC_JUDG_GC_2009_0500_20110922,2011-06-16
DOC_JUDG_GC_2009_0503_20110324,2010-11-17
DOC_JUDG_GC_2009_0504_20111214,2011-07-14
DOC_JUDG_GC_2009_0509_20130618,2012-11-27
DOC_JUDG_GC_2009_0511_20150513,2014-06-25
DOC_JUDG_GC_2009_0512_20131105,2012-10-03
DOC_JUDG_GC_2009_0512_RENV_20170125,2016-06-01
DOC_JUDG_GC_2009_0514_20111123,2011-06-21
DOC_JUDG_GC_2009_0517_20141127,2012-07-09
DOC_JUDG_GC_2009_0518_20130916,2012-06-07
DOC_JUDG_GC_2009_0519_20140521,2013-04-10
DOC_JUDG_GC_2009_0520_20120710,2012-02-14
DOC_JUDG_GC_2009_0521_20141127,2014-05-21
DOC_JUDG_GC_2009_0523_20110413,2010-12-01
DOC_JUDG_GC_2009_0525_20110908,2011-02-17
DOC_JUDG_GC_2009_0527_RENV_20150414,2014-11-07
DOC_JUDG_GC_2009_0528_20140129,2013-04-17
DOC_JUDG_GC_2009_0529_20120504,2011-09-07
DOC_JUDG_GC_2010_0006_20120522,2011-09-21
DOC_JUDG_GC_2010_0009_20130221,2012-09-20
DOC_JUDG_GC_2010_0022_20111110,2011-06-15
DOC_JUDG_GC_2010_0023_20140206,2012-05-22
DOC_JUDG_GC_2010_0027_20140206,2012-09-18
DOC_JUDG_GC_2010_0029_20120302,2011-07-12
DOC_JUDG_GC_2010_0030_20140514,2012-09-19
DOC_JUDG_GC_2010_0032_20120309,2012-01-13
DOC_JUDG_GC_2010_0035_20130906,2013-04-17
DOC_JUDG_GC_2010_0037_P_20120427,2011-09-14
DOC_JUDG_GC_2010_0040_20140206,2012-05-22
DOC_JUDG_GC_2010_0041_20110505,2011-01-13
DOC_JUDG_GC_2010_0045_20150715,2014-09-24
DOC_JUDG_GC_2010_0046_20140320,2012-09-18
DOC_JUDG_GC_2010_0047_20150715,2014-09-23
DOC_JUDG_GC_2010_0053_20111018,2011-04-06
DOC_JUDG_GC_2010_0060_20120706,2012-04-24
DOC_JUDG_GC_2010_0063_20121003,2012-04-25
DOC_JUDG_GC_2010_0065_20130226,2012-06-19
DOC_JUDG_GC_2010_0067_20110922,2011-06-16
DOC_JUDG_GC_2010_0068_20110614,2011-01-18
DOC_JUDG_GC_2010_0069_20141209,2014-02-11
DOC_JUDG_GC_2010_0070_20141209,2014-03-25
DOC_JUDG_GC_2010_0071_20120119,2011-07-13
DOC_JUDG_GC_2010_0079_20130916,2013-05-08
DOC_JUDG_GC_2010_0080_20130425,2012-11-09
DOC_JUDG_GC_2010_0083_20141209,2014-04-08
DOC_JUDG_GC_2010_0085_20141209,2013-11-27
DOC_JUDG_GC_2010_0087_20111011,2011-04-12
DOC_JUDG_GC_2010_0088_20110713,2011-01-19
DOC_JUDG_GC_2010_0089_20120920,2012-04-18
DOC_JUDG_GC_2010_0090_20141209,2013-06-12
DOC_JUDG_GC_2010_0091_20141209,2013-02-07
DOC_JUDG_GC_2010_0092_20141209,2013-11-28
DOC_JUDG_GC_2010_0093_20130307,2012-09-13
DOC_JUDG_GC_2010_0094_20130307,2012-09-13
DOC_JUDG_GC_2010_0095_20130307,2012-09-13
DOC_JUDG_GC_2010_0096_20130307,2012-09-13
DOC_JUDG_GC_2010_0099_20110920,2011-03-15
DOC_JUDG_GC_2010_0106_20111214,2011-09-14
DOC_JUDG_GC_2010_0110_20120613,2011-11-29
DOC_JUDG_GC_2010_0111_20120329,2012-01-11
DOC_JUDG_GC_2010_0117_20140328,2013-09-24
DOC_JUDG_GC_2010_0118_20130207,2011-12-08
DOC_JUDG_GC_2010_0123_20111130,2011-07-13
DOC_JUDG_GC_2010_0131_20111124,2011-07-14
DOC_JUDG_GC_2010_0137_20121107,2011-12-06
DOC_JUDG_GC_2010_0154_20120920,2012-03-19
DOC_JUDG_GC_2010_0158_20120508,2011-09-20
DOC_JUDG_GC_2010_0160_20120927,2012-05-24
DOC_JUDG_GC_2010_0162_20150513,2014-06-26
DOC_JUDG_GC_2010_0164_20130926,2012-06-20
DOC_JUDG_GC_2010_0166_20120424,2012-01-31
DOC_JUDG_GC_2010_0167_20121206,2012-06-26
DOC_JUDG_GC_2010_0168_20120919,2012-02-29
DOC_JUDG_GC_2010_0170_20111115,2011-09-14
DOC_JUDG_GC_2010_0172_20120309,2012-01-11
DOC_JUDG_GC_2010_0174_20110922,2011-06-29
DOC_JUDG_GC_2010_0176_20111006,2011-07-11
DOC_JUDG_GC_2010_0177_20141016,2013-12-12
DOC_JUDG_GC_2010_0178_20120621,2011-10-26
DOC_JUDG_GC_2010_0181_20140320,2013-01-15
DOC_JUDG_GC_2010_0183_20121010,2012-05-02
DOC_JUDG_GC_2010_0189_20150715,2014-09-24
DOC_JUDG_GC_2010_0190_20120328,2011-11-09
DOC_JUDG_GC_2010_0194_20121108,2012-02-02
DOC_JUDG_GC_2010_0204_20121005,2012-04-26
DOC_JUDG_GC_2010_0205_20120131,2011-11-08
DOC_JUDG_GC_2010_0207_20181115,2017-11-16
DOC_JUDG_GC_2010_0208_20110707,2011-03-10
DOC_JUDG_GC_2010_0214_20130530,2013-01-24
DOC_JUDG_GC_2010_0215_20121004,2012-04-18
DOC_JUDG_GC_2010_0216_20111123,2011-07-12
DOC_JUDG_GC_2010_0218_20130530,2013-02-20
DOC_JUDG_GC_2010_0219_20141107,2014-04-11
DOC_JUDG_GC_2010_0219_RENV_20181115,2018-01-31
DOC_JUDG_GC_2010_0221_20120308,2011-10-24
DOC_JUDG_GC_2010_0227_20181115,2018-02-01
DOC_JUDG_GC_2010_0229_20110615,2011-03-31
DOC_JUDG_GC_2010_0230_20120306,2011-11-22
DOC_JUDG_GC_2010_0235_20110706,2011-03-29
DOC_JUDG_GC_2010_0240_20131213,2013-04-18
DOC_JUDG_GC_2010_0241_20130227,2012-09-18
DOC_JUDG_GC_2010_0246_20111006,2011-07-14
DOC_JUDG_GC_2010_0248_20131016,2013-06-05
DOC_JUDG_GC_2010_0257_20120927,2012-03-28
DOC_JUDG_GC_2010_0258_20130916,2013-05-15
DOC_JUDG_GC_2010_0262_20111025,2011-09-28
DOC_JUDG_GC_2010_0264_20120621,2011-10-26
DOC_JUDG_GC_2010_0268_RENV_20150925,2015-04-15
DOC_JUDG_GC_2010_0269_20120926,2012-06-14
DOC_JUDG_GC_2010_0271_RENV_20180411,2017-09-13
DOC_JUDG_GC_2010_0275_20111122,2011-07-13
DOC_JUDG_GC_2010_0278_20120921,2012-06-27
DOC_JUDG_GC_2010_0278_RENV_20151124,2015-04-15
DOC_JUDG_GC_2010_0279_20110914,2011-07-06
DOC_JUDG_GC_2010_0286_20121017,2012-04-26
DOC_JUDG_GC_2010_0290_20111122,2011-07-06
DOC_JUDG_GC_2010_0294_20130411,2013-02-21
DOC_JUDG_GC_2010_0300_20120522,2011-09-20
DOC_JUDG_GC_2010_0301_20130319,2012-10-10
DOC_JUDG_GC_2010_0303_20120927,2012-03-28
DOC_JUDG_GC_2010_0305_20120207,2011-12-02
DOC_JUDG_GC_2010_0309_20140121,2013-06-18
DOC_JUDG_GC_2010_0312_20121002,2012-05-08
DOC_JUDG_GC_2010_0314_20120628,2012-04-19
DOC_JUDG_GC_2010_0317_P_20130911,2013-03-19
DOC_JUDG_GC_2010_0320_20130913,2012-11-08
DOC_JUDG_GC_2010_0321_20130711,2013-04-19
DOC_JUDG_GC_2010_0324_20130319,2012-11-07
DOC_JUDG_GC_2010_0325_20130916,2013-05-17
DOC_JUDG_GC_2010_0326_20120919,2012-04-17
DOC_JUDG_GC_2010_0327_20120919,2012-04-17
DOC_JUDG_GC_2010_0328_20120919,2012-04-17
DOC_JUDG_GC_2010_0329_20120919,2012-04-17
DOC_JUDG_GC_2010_0331_RENV_20150521,2015-01-29
DOC_JUDG_GC_2010_0332_20120125,2011-11-10
DOC_JUDG_GC_2010_0333_20130916,2012-11-20
DOC_JUDG_GC_2010_0339_20130129,2012-05-08
DOC_JUDG_GC_2010_0345_20120522,2011-12-15
DOC_JUDG_GC_2010_0347_20130419,2013-01-11
DOC_JUDG_GC_2010_0357_20120620,2012-03-29
DOC_JUDG_GC_2010_0362_20141105,2014-07-03
DOC_JUDG_GC_2010_0364_20130916,2013-03-20
DOC_JUDG_GC_2010_0367_20130227,2012-11-14
DOC_JUDG_GC_2010_0368_20130916,2012-10-16
DOC_JUDG_GC_2010_0369_20120329,2011-10-27
DOC_JUDG_GC_2010_0372_20120627,2012-02-01
DOC_JUDG_GC_2010_0373_20130916,2013-03-20
DOC_JUDG_GC_2010_0375_20130916,2013-02-27
DOC_JUDG_GC_2010_0376_20130916,2012-09-11
DOC_JUDG_GC_2010_0378_20130916,2012-02-28
DOC_JUDG_GC_2010_0379_20130916,2012-05-22
DOC_JUDG_GC_2010_0379_RENV_20180703,2018-02-27
DOC_JUDG_GC_2010_0380_20130916,2012-03-27
DOC_JUDG_GC_2010_0384_20130529,2012-11-12
DOC_JUDG_GC_2010_0389_20150715,2014-06-30
DOC_JUDG_GC_2010_0391_20150715,2014-06-27
DOC_JUDG_GC_2010_0393_20150715,2014-07-10
DOC_JUDG_GC_2010_0394_20131205,2013-04-22
DOC_JUDG_GC_2010_0396_20130916,2012-06-12
DOC_JUDG_GC_2010_0398_20150715,2014-10-16
DOC_JUDG_GC_2010_0400_20141217,2014-04-09
DOC_JUDG_GC_2010_0400_20141217,2014-02-28
DOC_JUDG_GC_2010_0400_20141217,2014-11-20
DOC_JUDG_GC_2010_0400_RENV_20181214,2018-07-11
DOC_JUDG_GC_2010_0404_20120913,2012-05-03
DOC_JUDG_GC_2010_0404_RENV_20150630,2015-03-04
DOC_JUDG_GC_2010_0406_20150715,2014-06-26
DOC_JUDG_GC_2010_0407_20120920,2012-04-18
DOC_JUDG_GC_2010_0408_20130916,2013-03-06
DOC_JUDG_GC_2010_0411_20130916,2013-03-06
DOC_JUDG_GC_2010_0412_20130916,2013-03-06
DOC_JUDG_GC_2010_0413_20150715,2014-11-17
DOC_JUDG_GC_2010_0415_20130320,2012-11-27
DOC_JUDG_GC_2010_0417_20120309,2012-02-07
DOC_JUDG_GC_2010_0418_20150715,2014-10-02
DOC_JUDG_GC_2010_0422_20150715,2014-07-02
DOC_JUDG_GC_2010_0423_20150715,2014-07-09
DOC_JUDG_GC_2010_0425_20111214,2011-10-11
DOC_JUDG_GC_2010_0426_20160602,2015-07-09
DOC_JUDG_GC_2010_0431_20130604,2012-04-18
DOC_JUDG_GC_2010_0432_20131016,2013-02-20
DOC_JUDG_GC_2010_0433_P_20111214,2011-07-11
DOC_JUDG_GC_2010_0436_20150715,2014-06-27
DOC_JUDG_GC_2010_0437_20130516,2012-12-13
DOC_JUDG_GC_2010_0439_20120321,2011-11-23
DOC_JUDG_GC_2010_0441_P_20120320,2011-11-29
DOC_JUDG_GC_2010_0444_20130221,2012-10-24
DOC_JUDG_GC_2010_0445_20120920,2012-05-10
DOC_JUDG_GC_2010_0446_20150910,2015-03-25
DOC_JUDG_GC_2010_0447_20121017,2012-01-25
DOC_JUDG_GC_2010_0454_20130530,2012-11-13
DOC_JUDG_GC_2010_0456_20150520,2014-07-11
DOC_JUDG_GC_2010_0457_20131015,2012-03-14
DOC_JUDG_GC_2010_0458_20140513,2014-01-09
DOC_JUDG_GC_2010_0474_20131015,2012-03-14
DOC_JUDG_GC_2010_0485_20121017,2012-07-11
DOC_JUDG_GC_2010_0488_20111216,2011-09-22
DOC_JUDG_GC_2010_0489_20130916,2013-04-23
DOC_JUDG_GC_2010_0492_20130220,2012-07-03
DOC_JUDG_GC_2010_0493_20130906,2012-07-03
DOC_JUDG_GC_2010_0494_20130205,2012-05-23
DOC_JUDG_GC_2010_0495_20130320,2012-07-03
DOC_JUDG_GC_2010_0496_20130129,2012-05-23
DOC_JUDG_GC_2010_0498_20130308,2012-09-10
DOC_JUDG_GC_2010_0499_20131112,2013-01-22
DOC_JUDG_GC_2010_0503_20121025,2012-03-27
DOC_JUDG_GC_2010_0508_20130516,2013-04-18
DOC_JUDG_GC_2010_0509_20120425,2012-01-11
DOC_JUDG_GC_2010_0513_20120117,2011-10-19
DOC_JUDG_GC_2010_0514_20120621,2012-04-18
DOC_JUDG_GC_2010_0517_20120712,2012-04-26
DOC_JUDG_GC_2010_0525_20120229,2011-12-06
DOC_JUDG_GC_2010_0526_20130425,2012-10-11
DOC_JUDG_GC_2010_0530_20130516,2013-04-11
DOC_JUDG_GC_2010_0531_20111214,2011-10-11
DOC_JUDG_GC_2010_0533_20140711,2013-10-15
DOC_JUDG_GC_2010_0534_20120613,2011-11-16
DOC_JUDG_GC_2010_0535_20120613,2011-11-16
DOC_JUDG_GC_2010_0536_20131108,2013-06-04
DOC_JUDG_GC_2010_0539_20130307,2012-11-08
DOC_JUDG_GC_2010_0540_20130131,2012-05-10
DOC_JUDG_GC_2010_0546_20120522,2012-01-18
DOC_JUDG_GC_2010_0547_20120329,2011-11-09
DOC_JUDG_GC_2010_0551_20130913,2013-03-07
DOC_JUDG_GC_2010_0552_20121025,2012-07-12
DOC_JUDG_GC_2010_0554_20150422,2014-07-16
DOC_JUDG_GC_2010_0555_20120524,2012-01-20
DOC_JUDG_GC_2010_0556_20121011,2012-03-21
DOC_JUDG_GC_2010_0557_20120619,2012-03-13
DOC_JUDG_GC_2010_0559_20120711,2012-04-16
DOC_JUDG_GC_2010_0564_20140626,2013-12-06
DOC_JUDG_GC_2010_0564_RENV_20170926,2017-03-21
DOC_JUDG_GC_2010_0566_20120912,2012-06-21
DOC_JUDG_GC_2010_0570_20120522,2012-01-17
DOC_JUDG_GC_2010_0570_RENV_20150205,2014-10-02
DOC_JUDG_GC_2010_0579_20130507,2013-02-05
DOC_JUDG_GC_2010_0580_20120516,2012-03-15
DOC_JUDG_GC_2010_0587_20120710,2012-02-28
DOC_JUDG_GC_2010_0588_20121213,2012-06-26
DOC_JUDG_GC_2010_0590_20121129,2012-06-14
DOC_JUDG_GC_2010_0595_20140618,2014-03-26
DOC_JUDG_GC_2010_0599_20130906,2013-05-27
DOC_JUDG_GC_2011_0002_20130607,2012-09-12
DOC_JUDG_GC_2011_0003_20150616,2014-12-09
DOC_JUDG_GC_2011_0004_20130906,2013-03-12
DOC_JUDG_GC_2011_0008_20130916,2013-04-17
DOC_JUDG_GC_2011_0009_20151216,2015-05-20
DOC_JUDG_GC_2011_0012_20130906,2013-02-26
DOC_JUDG_GC_2011_0013_20130906,2013-03-05
DOC_JUDG_GC_2011_0015_20121211,2012-06-26
DOC_JUDG_GC_2011_0016_20140703,2014-03-20
DOC_JUDG_GC_2011_0024_20130906,2013-03-12
DOC_JUDG_GC_2011_0026_20120919,2012-04-17
DOC_JUDG_GC_2011_0028_20151216,2015-05-11
DOC_JUDG_GC_2011_0031_20120919,2012-04-17
DOC_JUDG_GC_2011_0032_20120210,2011-11-18
DOC_JUDG_GC_2011_0036_20151216,2015-05-12
DOC_JUDG_GC_2011_0038_20151216,2015-05-13
DOC_JUDG_GC_2011_0039_20151216,2015-05-12
DOC_JUDG_GC_2011_0040_20151216,2015-05-11
DOC_JUDG_GC_2011_0043_20151216,2015-05-19
DOC_JUDG_GC_2011_0044_20150706,2014-10-09
DOC_JUDG_GC_2011_0046_20151216,2015-05-19
DOC_JUDG_GC_2011_0048_20151216,2015-05-18
DOC_JUDG_GC_2011_0050_20120919,2012-04-17
DOC_JUDG_GC_2011_0051_20130419,2012-06-21
DOC_JUDG_GC_2011_0052_20130419,2012-06-21
DOC_JUDG_GC_2011_0053_20130419,2012-06-21
DOC_JUDG_GC_2011_0054_20130115,2012-06-26
DOC_JUDG_GC_2011_0056_20151216,2015-05-21
DOC_JUDG_GC_2011_0057_20141203,2014-09-30
DOC_JUDG_GC_2011_0058_P_20111115,2011-10-25
DOC_JUDG_GC_2011_0059_20140716,2013-07-04
DOC_JUDG_GC_2011_0061_20120712,2012-04-25
DOC_JUDG_GC_2011_0062_20151216,2015-03-19
DOC_JUDG_GC_2011_0063_20151216,2015-03-19
DOC_JUDG_GC_2011_0065_20130605,2012-12-06
DOC_JUDG_GC_2011_0067_20151216,2015-05-21
DOC_JUDG_GC_2011_0068_20130606,2012-11-08
DOC_JUDG_GC_2011_0072_20120913,2012-02-03
DOC_JUDG_GC_2011_0074_20130530,2013-01-16
DOC_JUDG_GC_2011_0076_20121121,2012-04-23
DOC_JUDG_GC_2011_0086_20110608,2011-05-24
DOC_JUDG_GC_2011_0087_20130410,2012-12-12
DOC_JUDG_GC_2011_0089_20150709,2015-03-26
DOC_JUDG_GC_2011_0090_20141210,2014-02-06
DOC_JUDG_GC_2011_0091_20140227,2013-04-24
DOC_JUDG_GC_2011_0092_20130320,2012-12-13
DOC_JUDG_GC_2011_0092_RENV_20170118,2016-10-11
DOC_JUDG_GC_2011_0093_20130607,2013-01-11
DOC_JUDG_GC_2011_0101_20120508,2012-01-24
DOC_JUDG_GC_2011_0102_20140312,2013-11-21
DOC_JUDG_GC_2011_0104_20130201,2012-11-29
DOC_JUDG_GC_2011_0107_P_20131204,2013-03-14
DOC_JUDG_GC_2011_0108_P_20131204,2013-03-14
DOC_JUDG_GC_2011_0109_20130423,2012-10-16
DOC_JUDG_GC_2011_0110_20120522,2011-12-14
DOC_JUDG_GC_2011_0111_20130913,2013-04-10
DOC_JUDG_GC_2011_0114_20121107,2012-07-11
DOC_JUDG_GC_2011_0116_20131211,2013-02-27
DOC_JUDG_GC_2011_0119_20130425,2013-03-06
DOC_JUDG_GC_2011_0128_20140227,2013-04-26
DOC_JUDG_GC_2011_0130_20130425,2013-03-06
DOC_JUDG_GC_2011_0134_20151028,2015-04-23
DOC_JUDG_GC_2011_0135_20120710,2012-04-25
DOC_JUDG_GC_2011_0151_20140711,2013-10-15
DOC_JUDG_GC_2011_0153_20141127,2014-09-25
DOC_JUDG_GC_2011_0154_20141127,2014-09-25
DOC_JUDG_GC_2011_0156_20120918,2012-05-02
DOC_JUDG_GC_2011_0159_20130204,2012-11-09
DOC_JUDG_GC_2011_0164_20120919,2012-03-21
DOC_JUDG_GC_2011_0166_20111214,2011-10-11
DOC_JUDG_GC_2011_0170_20120712,2012-05-03
DOC_JUDG_GC_2011_0178_20130528,2013-03-05
DOC_JUDG_GC_2011_0186_20130307,2012-11-14
DOC_JUDG_GC_2011_0187_20130528,2012-11-07
DOC_JUDG_GC_2011_0188_20130528,2013-01-22
DOC_JUDG_GC_2011_0191_20121025,2012-07-12
DOC_JUDG_GC_2011_0195_20150318,2014-09-23
DOC_JUDG_GC_2011_0196_20140923,2014-02-04
DOC_JUDG_GC_2011_0199_P_20121213,2012-07-11
DOC_JUDG_GC_2011_0200_20130528,2012-11-20
DOC_JUDG_GC_2011_0201_20141217,2014-07-09
DOC_JUDG_GC_2011_0204_20150211,2014-03-19
DOC_JUDG_GC_2011_0208_20141016,2014-02-26
DOC_JUDG_GC_2011_0209_20130703,2012-10-17
DOC_JUDG_GC_2011_0214_20130913,2013-04-10
DOC_JUDG_GC_2011_0217_20150429,2014-04-09
DOC_JUDG_GC_2011_0223_20140715,2013-09-25
DOC_JUDG_GC_2011_0224_20130220,2012-12-13
DOC_JUDG_GC_2011_0225_20130220,2012-12-13
DOC_JUDG_GC_2011_0227_20120712,2012-05-02
DOC_JUDG_GC_2011_0229_20130313,2012-11-07
DOC_JUDG_GC_2011_0231_20120919,2012-04-17
DOC_JUDG_GC_2011_0233_20151209,2015-01-28
DOC_JUDG_GC_2011_0235_20130131,2012-05-10
DOC_JUDG_GC_2011_0237_20130115,2012-07-10
DOC_JUDG_GC_2011_0239_20181115,2018-02-01
DOC_JUDG_GC_2011_0245_20150923,2015-01-30
DOC_JUDG_GC_2011_0248_20130627,2013-04-18
DOC_JUDG_GC_2011_0251_20141211,2014-02-27
DOC_JUDG_GC_2011_0256_20140227,2013-03-12
DOC_JUDG_GC_2011_0257_20150226,2014-06-12
DOC_JUDG_GC_2011_0260_20140618,2013-12-11
DOC_JUDG_GC_2011_0263_20130206,2012-09-26
DOC_JUDG_GC_2011_0264_P_20130916,2013-03-12
DOC_JUDG_GC_2011_0267_20120919,2012-03-06
DOC_JUDG_GC_2011_0269_20141212,2014-09-18
DOC_JUDG_GC_2011_0272_20130201,2012-10-17
DOC_JUDG_GC_2011_0275_20131016,2013-04-19
DOC_JUDG_GC_2011_0279_20130606,2013-01-17
DOC_JUDG_GC_2011_0279_20161129,2016-04-06
DOC_JUDG_GC_2011_0283_20130129,2012-11-20
DOC_JUDG_GC_2011_0284_20130425,2012-12-14
DOC_JUDG_GC_2011_0287_20160204,2015-07-08
DOC_JUDG_GC_2011_0288_20130506,2013-01-24
DOC_JUDG_GC_2011_0289_20130906,2013-04-09
DOC_JUDG_GC_2011_0291_20141016,2013-12-13
DOC_JUDG_GC_2011_0292_20140314,2013-02-06
DOC_JUDG_GC_2011_0293_20140314,2013-04-24
DOC_JUDG_GC_2011_0294_20130517,2012-12-06
DOC_JUDG_GC_2011_0296_20140314,2013-02-06
DOC_JUDG_GC_2011_0297_20140314,2013-04-26
DOC_JUDG_GC_2011_0299_20151007,2015-01-21
DOC_JUDG_GC_2011_0302_20140314,2013-02-07
DOC_JUDG_GC_2011_0304_20130430,2013-01-15
DOC_JUDG_GC_2011_0305_20140314,2013-04-25
DOC_JUDG_GC_2011_0306_20140314,2013-02-08
DOC_JUDG_GC_2011_0308_20141016,2013-12-13
DOC_JUDG_GC_2011_0312_20120613,2012-03-23
DOC_JUDG_GC_2011_0316_20110916,2011-09-07
DOC_JUDG_GC_2011_0317_P_20120522,2012-02-09
DOC_JUDG_GC_2011_0319_20140408,2013-06-04
DOC_JUDG_GC_2011_0331_20130912,2013-04-16
DOC_JUDG_GC_2011_0335_20130517,2012-10-10
DOC_JUDG_GC_2011_0336_20130409,2012-10-16
DOC_JUDG_GC_2011_0337_20130409,2012-10-16
DOC_JUDG_GC_2011_0342_20140206,2013-04-29
DOC_JUDG_GC_2011_0343_20130916,2013-04-10
DOC_JUDG_GC_2011_0346_20130117,2012-07-10
DOC_JUDG_GC_2011_0353_20130321,2013-01-10
DOC_JUDG_GC_2011_0358_20150619,2015-01-20
DOC_JUDG_GC_2011_0361_20120712,2012-03-23
DOC_JUDG_GC_2011_0368_20130201,2012-11-22
DOC_JUDG_GC_2011_0370_20130307,2012-11-28
DOC_JUDG_GC_2011_0372_20140626,2014-02-12
DOC_JUDG_GC_2011_0378_20130220,2012-10-17
DOC_JUDG_GC_2011_0380_20130912,2013-01-23
DOC_JUDG_GC_2011_0383_20130913,2013-02-08
DOC_JUDG_GC_2011_0385_20140116,2013-05-14
DOC_JUDG_GC_2011_0387_20130227,2012-11-15
DOC_JUDG_GC_2011_0388_20190410,2018-02-07
DOC_JUDG_GC_2011_0392_20130516,2013-01-09
DOC_JUDG_GC_2011_0393_20130514,2013-02-20
DOC_JUDG_GC_2011_0396_20130530,2013-01-29
DOC_JUDG_GC_2011_0399_20141107,2014-04-11
DOC_JUDG_GC_2011_0399_RENV_20181115,2018-01-31
DOC_JUDG_GC_2011_0401_P_20140710,2013-12-12
DOC_JUDG_GC_2011_0404_20130417,2012-11-06
DOC_JUDG_GC_2011_0405_20181115,2018-02-01
DOC_JUDG_GC_2011_0406_20181115,2018-02-01
DOC_JUDG_GC_2011_0415_20121108,2012-09-12
DOC_JUDG_GC_2011_0416_20131025,2013-07-11
DOC_JUDG_GC_2011_0420_20150122,2014-04-29
DOC_JUDG_GC_2011_0421_20121205,2012-06-19
DOC_JUDG_GC_2011_0422_20141105,2014-06-25
DOC_JUDG_GC_2011_0425_20140911,2013-12-10
DOC_JUDG_GC_2011_0434_20130906,2013-02-20
DOC_JUDG_GC_2011_0437_20130916,2013-04-30
DOC_JUDG_GC_2011_0438_20141209,2014-01-28
DOC_JUDG_GC_2011_0439_20141209,2014-01-28
DOC_JUDG_GC_2011_0440_20141209,2014-01-28
DOC_JUDG_GC_2011_0441_20141209,2014-01-28
DOC_JUDG_GC_2011_0443_20140911,2013-11-12
DOC_JUDG_GC_2011_0444_20140911,2013-11-12
DOC_JUDG_GC_2011_0447_20140521,2014-01-16
DOC_JUDG_GC_2011_0448_20130916,2013-04-30
DOC_JUDG_GC_2011_0453_20141021,2014-02-11
DOC_JUDG_GC_2011_0454_20130419,2013-01-17
DOC_JUDG_GC_2011_0455_P_20131114,2013-06-25
DOC_JUDG_GC_2011_0456_20131114,2013-06-27
DOC_JUDG_GC_2011_0457_20130912,2013-01-23
DOC_JUDG_GC_2011_0465_20130906,2013-04-23
DOC_JUDG_GC_2011_0467_20131210,2013-07-08
DOC_JUDG_GC_2011_0471_20140905,2014-05-06
DOC_JUDG_GC_2011_0479_20160526,2015-10-08
DOC_JUDG_GC_2011_0479_RENV_20201005,2019-11-28
DOC_JUDG_GC_2011_0480_20150512,2014-05-14
DOC_JUDG_GC_2011_0481_20141113,2014-06-18
DOC_JUDG_GC_2011_0483_20130906,2013-03-13
DOC_JUDG_GC_2011_0485_20150715,2014-09-23
DOC_JUDG_GC_2011_0486_20151217,2015-06-26
DOC_JUDG_GC_2011_0487_20141212,2014-03-14
DOC_JUDG_GC_2011_0489_20130320,2012-12-05
DOC_JUDG_GC_2011_0495_20140130,2013-11-14
DOC_JUDG_GC_2011_0496_20150304,2014-07-09
DOC_JUDG_GC_2011_0498_20140926,2014-03-18
DOC_JUDG_GC_2011_0506_20130418,2013-02-27
DOC_JUDG_GC_2011_0507_20130418,2013-02-27
DOC_JUDG_GC_2011_0509_20150121,2014-05-15
DOC_JUDG_GC_2011_0512_20141125,2014-04-30
DOC_JUDG_GC_2011_0516_20140909,2014-02-04
DOC_JUDG_GC_2011_0524_20141112,2014-04-02
DOC_JUDG_GC_2011_0525_20141112,2014-04-02
DOC_JUDG_GC_2011_0534_20141007,2014-03-21
DOC_JUDG_GC_2011_0536_20150708,2014-09-25
DOC_JUDG_GC_2011_0537_20130419,2012-12-13
DOC_JUDG_GC_2011_0538_20150325,2014-09-05
DOC_JUDG_GC_2011_0539_20140325,2014-01-14
DOC_JUDG_GC_2011_0542_20141008,2014-06-04
DOC_JUDG_GC_2011_0542_RENV_20180313,2017-07-13
DOC_JUDG_GC_2011_0544_20130116,2012-10-16
DOC_JUDG_GC_2011_0545_20131008,2013-02-26
DOC_JUDG_GC_2011_0545_RENV_20181121,2018-03-23
DOC_JUDG_GC_2011_0552_20130709,2013-04-24
DOC_JUDG_GC_2011_0553_20140523,2013-06-26
DOC_JUDG_GC_2011_0555_20121113,2012-09-11
DOC_JUDG_GC_2011_0556_20160427,2015-07-10
DOC_JUDG_GC_2011_0563_20130913,2013-03-20
DOC_JUDG_GC_2011_0570_20140212,2013-11-27
DOC_JUDG_GC_2011_0571_20130320,2012-12-11
DOC_JUDG_GC_2011_0572_20140716,2014-02-28
DOC_JUDG_GC_2011_0573_20131203,2013-07-09
DOC_JUDG_GC_2011_0576_20150416,2014-11-19
DOC_JUDG_GC_2011_0579_20150212,2014-05-21
DOC_JUDG_GC_2011_0580_20130606,2012-11-28
DOC_JUDG_GC_2011_0582_20130117,2012-10-25
DOC_JUDG_GC_2011_0591_20131211,2013-10-08
DOC_JUDG_GC_2011_0592_20130913,2013-03-20
DOC_JUDG_GC_2011_0593_20150430,2014-06-12
DOC_JUDG_GC_2011_0601_20140926,2014-04-30
DOC_JUDG_GC_2011_0604_20140204,2013-10-22
DOC_JUDG_GC_2011_0605_20141210,2014-04-28
DOC_JUDG_GC_2011_0608_20130627,2013-02-21
DOC_JUDG_GC_2011_0615_20140926,2014-04-30
DOC_JUDG_GC_2011_0620_20160204,2015-07-09
DOC_JUDG_GC_2011_0623_20140409,2013-10-15
DOC_JUDG_GC_2011_0624_20130319,2013-01-09
DOC_JUDG_GC_2011_0625_20130115,2012-11-13
DOC_JUDG_GC_2011_0630_P_20121206,2012-09-18
DOC_JUDG_GC_2011_0631_20130220,2012-12-13
DOC_JUDG_GC_2011_0632_20141106,2014-03-13
DOC_JUDG_GC_2011_0633_20140522,2013-10-16
DOC_JUDG_GC_2011_0636_20130613,2013-05-06
DOC_JUDG_GC_2011_0637_20140430,2013-11-28
DOC_JUDG_GC_2011_0638_20131015,2013-04-30
DOC_JUDG_GC_2011_0640_20130430,2013-02-04
DOC_JUDG_GC_2011_0643_20141212,2014-02-12
DOC_JUDG_GC_2011_0645_P_20130618,2012-10-11
DOC_JUDG_GC_2011_0646_20140923,2014-02-11
DOC_JUDG_GC_2011_0652_20150226,2014-05-16
DOC_JUDG_GC_2011_0653_20141113,2014-06-11
DOC_JUDG_GC_2011_0654_20141113,2014-06-11
DOC_JUDG_GC_2011_0655_20150616,2014-11-04
DOC_JUDG_GC_2011_0660_20150616,2014-11-04
DOC_JUDG_GC_2011_0661_20141202,2014-04-01
DOC_JUDG_GC_2011_0666_20131107,2013-06-05
DOC_JUDG_GC_2011_0667_20150114,2014-07-08
DOC_JUDG_GC_2011_0668_20130606,2013-03-07
DOC_JUDG_GC_2011_0669_20140925,2014-03-06
DOC_JUDG_GC_2011_0671_20130410,2012-11-28
DOC_JUDG_GC_2011_0674_20150924,2015-01-15
DOC_JUDG_GC_2012_0001_20150115,2014-06-19
DOC_JUDG_GC_2012_0005_20140714,2014-02-28
DOC_JUDG_GC_2012_0006_20130906,2013-04-24
DOC_JUDG_GC_2012_0012_20120704,2012-04-24
DOC_JUDG_GC_2012_0017_20140430,2014-01-15
DOC_JUDG_GC_2012_0026_20150625,2014-12-11
DOC_JUDG_GC_2012_0030_20150318,2014-09-12
DOC_JUDG_GC_2012_0034_20131128,2013-09-11
DOC_JUDG_GC_2012_0040_20141119,2014-03-27
DOC_JUDG_GC_2012_0042_20130906,2013-01-22
DOC_JUDG_GC_2012_0043_20141113,2014-06-11
DOC_JUDG_GC_2012_0047_20140327,2013-11-20
DOC_JUDG_GC_2012_0048_20140716,2014-01-30
DOC_JUDG_GC_2012_0051_20140930,2014-04-04
DOC_JUDG_GC_2012_0052_20140716,2014-01-23
DOC_JUDG_GC_2012_0053_20121026,2012-07-11
DOC_JUDG_GC_2012_0057_20130906,2013-03-13
DOC_JUDG_GC_2012_0058_20131212,2013-05-30
DOC_JUDG_GC_2012_0061_20130430,2013-02-19
DOC_JUDG_GC_2012_0063_20121026,2012-07-11
DOC_JUDG_GC_2012_0066_20140604,2014-01-07
DOC_JUDG_GC_2012_0067_20140604,2013-12-10
DOC_JUDG_GC_2012_0068_20140604,2013-12-10
DOC_JUDG_GC_2012_0073_20151118,2014-12-12
DOC_JUDG_GC_2012_0074_20151118,2014-12-12
DOC_JUDG_GC_2012_0075_20151118,2014-12-12
DOC_JUDG_GC_2012_0076_20151118,2014-12-12
DOC_JUDG_GC_2012_0078_20130703,2013-04-09
DOC_JUDG_GC_2012_0079_20131211,2013-05-29
DOC_JUDG_GC_2012_0081_20140212,2013-06-05
DOC_JUDG_GC_2012_0089_20130627,2013-04-19
DOC_JUDG_GC_2012_0103_20161129,2016-04-07
DOC_JUDG_GC_2012_0106_20130703,2013-02-19
DOC_JUDG_GC_2012_0109_20150120,2014-06-11
DOC_JUDG_GC_2012_0110_20130906,2013-03-05
DOC_JUDG_GC_2012_0111_20150120,2014-06-11
DOC_JUDG_GC_2012_0117_20131212,2013-07-03
DOC_JUDG_GC_2012_0118_20131212,2013-07-03
DOC_JUDG_GC_2012_0123_20131211,2013-09-04
DOC_JUDG_GC_2012_0125_20150924,2015-01-15
DOC_JUDG_GC_2012_0126_20130606,2013-03-22
DOC_JUDG_GC_2012_0127_20140204,2013-10-15
DOC_JUDG_GC_2012_0128_20130612,2013-01-22
DOC_JUDG_GC_2012_0131_20150505,2014-07-08
DOC_JUDG_GC_2012_0132_20140930,2014-04-04
DOC_JUDG_GC_2012_0133_20140402,2013-10-09
DOC_JUDG_GC_2012_0135_20150226,2014-09-11
DOC_JUDG_GC_2012_0140_20150122,2014-09-11
DOC_JUDG_GC_2012_0143_20160714,2015-12-10
DOC_JUDG_GC_2012_0147_20131112,2013-04-10
DOC_JUDG_GC_2012_0150_20140409,2013-09-12
DOC_JUDG_GC_2012_0158_20140129,2013-07-09
DOC_JUDG_GC_2012_0160_20140514,2013-12-05
DOC_JUDG_GC_2012_0161_20140604,2014-01-15
DOC_JUDG_GC_2012_0163_20150512,2014-07-15
DOC_JUDG_GC_2012_0163_20150512,2014-01-14
DOC_JUDG_GC_2012_0165_20131213,2013-06-11
DOC_JUDG_GC_2012_0168_20140918,2014-04-03
DOC_JUDG_GC_2012_0169_20150428,2014-03-28
DOC_JUDG_GC_2012_0170_20140430,2013-12-04
DOC_JUDG_GC_2012_0171_20140925,2014-06-05
DOC_JUDG_GC_2012_0174_20140204,2013-09-12
DOC_JUDG_GC_2012_0175_20150309,2014-06-04
DOC_JUDG_GC_2012_0176_20150122,2014-06-17
DOC_JUDG_GC_2012_0177_20141002,2014-05-14
DOC_JUDG_GC_2012_0188_20150227,2014-09-05
DOC_JUDG_GC_2012_0190_20150422,2014-06-10
DOC_JUDG_GC_2012_0193_20150122,2014-09-10
DOC_JUDG_GC_2012_0195_20140923,2014-04-30
DOC_JUDG_GC_2012_0197_20130711,2013-04-17
DOC_JUDG_GC_2012_0198_20140514,2013-09-19
DOC_JUDG_GC_2012_0199_20141002,2014-03-13
DOC_JUDG_GC_2012_0202_20140312,2013-09-12
DOC_JUDG_GC_2012_0203_20140703,2014-01-16
DOC_JUDG_GC_2012_0204_20140714,2014-03-12
DOC_JUDG_GC_2012_0205_20130703,2013-04-09
DOC_JUDG_GC_2012_0206_20130703,2013-04-09
DOC_JUDG_GC_2012_0216_20151006,2015-04-29
DOC_JUDG_GC_2012_0221_20140123,2013-06-11
DOC_JUDG_GC_2012_0223_20141119,2014-07-10
DOC_JUDG_GC_2012_0225_20140227,2013-12-11
DOC_JUDG_GC_2012_0226_20140227,2013-12-11
DOC_JUDG_GC_2012_0234_20150908,2014-10-07
DOC_JUDG_GC_2012_0236_20130703,2013-03-12
DOC_JUDG_GC_2012_0242_20151217,2015-02-12
DOC_JUDG_GC_2012_0245_20131112,2013-06-12
DOC_JUDG_GC_2012_0249_20150312,2014-11-12
DOC_JUDG_GC_2012_0250_20151006,2014-11-07
DOC_JUDG_GC_2012_0251_20160229,2014-09-17
DOC_JUDG_GC_2012_0253_20151028,2015-03-26
DOC_JUDG_GC_2012_0254_20160229,2014-11-05
DOC_JUDG_GC_2012_0262_20140918,2013-12-10
DOC_JUDG_GC_2012_0264_20160229,2014-10-08
DOC_JUDG_GC_2012_0265_20160229,2014-09-24
DOC_JUDG_GC_2012_0267_20160229,2014-09-24
DOC_JUDG_GC_2012_0270_20160229,2014-10-01
DOC_JUDG_GC_2012_0272_20141126,2014-03-06
DOC_JUDG_GC_2012_0275_20151006,2014-04-11
DOC_JUDG_GC_2012_0276_20151006,2014-04-11
DOC_JUDG_GC_2012_0279_20140115,2013-10-02
DOC_JUDG_GC_2012_0282_20131016,2013-04-23
DOC_JUDG_GC_2012_0288_20140409,2014-01-15
DOC_JUDG_GC_2012_0290_20150422,2014-09-17
DOC_JUDG_GC_2012_0291_20140325,2014-01-14
DOC_JUDG_GC_2012_0292_RENV_20160601,2016-02-16
DOC_JUDG_GC_2012_0292_RENV_20160601,2013-10-22
DOC_JUDG_GC_2012_0293_20140611,2014-01-23
DOC_JUDG_GC_2012_0295_20140716,2014-02-06
DOC_JUDG_GC_2012_0296_20150612,2014-10-22
DOC_JUDG_GC_2012_0297_20141016,2014-03-27
DOC_JUDG_GC_2012_0300_20141008,2014-06-11
DOC_JUDG_GC_2012_0301_20130704,2013-04-12
DOC_JUDG_GC_2012_0306_20140925,2014-03-06
DOC_JUDG_GC_2012_0307_20141105,2014-04-03
DOC_JUDG_GC_2012_0309_20140716,2014-02-06
DOC_JUDG_GC_2012_0310_20150520,2014-07-15
DOC_JUDG_GC_2012_0315_20140312,2013-10-22
DOC_JUDG_GC_2012_0317_20140918,2014-02-27
DOC_JUDG_GC_2012_0319_20140703,2013-12-11
DOC_JUDG_GC_2012_0323_20150715,2015-02-11
DOC_JUDG_GC_2012_0324_20150715,2015-02-11
DOC_JUDG_GC_2012_0328_20131016,2013-05-29
DOC_JUDG_GC_2012_0329_20140709,2014-03-12
DOC_JUDG_GC_2012_0330_20140624,2014-01-21
DOC_JUDG_GC_2012_0334_20150612,2014-10-23
DOC_JUDG_GC_2012_0341_20150128,2014-04-09
DOC_JUDG_GC_2012_0342_20141008,2014-06-04
DOC_JUDG_GC_2012_0345_20150128,2014-04-09
DOC_JUDG_GC_2012_0346_20150915,2017-04-27
DOC_JUDG_GC_2012_0347_P_20140521,2013-10-08
DOC_JUDG_GC_2012_0348_20140312,2013-10-22
DOC_JUDG_GC_2012_0359_20150421,2014-03-04
DOC_JUDG_GC_2012_0360_20150421,2014-03-04
DOC_JUDG_GC_2012_0366_20140515,2014-03-05
DOC_JUDG_GC_2012_0376_20140710,2014-01-09
DOC_JUDG_GC_2012_0378_20131105,2013-09-11
DOC_JUDG_GC_2012_0380_20140213,2013-11-28
DOC_JUDG_GC_2012_0382_20140619,2014-03-05
DOC_JUDG_GC_2012_0385_20150226,2014-09-11
DOC_JUDG_GC_2012_0386_20140409,2013-12-03
DOC_JUDG_GC_2012_0387_20150205,2014-09-18
DOC_JUDG_GC_2012_0394_20141125,2014-03-07
DOC_JUDG_GC_2012_0397_20150519,2014-10-24
DOC_JUDG_GC_2012_0401_20140611,2014-03-12
DOC_JUDG_GC_2012_0402_20150416,2014-01-15
DOC_JUDG_GC_2012_0403_20151013,2015-01-27
DOC_JUDG_GC_2012_0404_20160119,2015-04-21
DOC_JUDG_GC_2012_0409_20160119,2015-04-21
DOC_JUDG_GC_2012_0410_20131128,2013-09-24
DOC_JUDG_GC_2012_0423_20150505,2014-11-18
DOC_JUDG_GC_2012_0424_20131128,2013-09-05
DOC_JUDG_GC_2012_0427_20160128,2015-05-13
DOC_JUDG_GC_2012_0430_20140313,2013-11-14
DOC_JUDG_GC_2012_0431_20180503,2017-10-17
DOC_JUDG_GC_2012_0432_20150430,2014-10-16
DOC_JUDG_GC_2012_0436_20150708,2014-11-06
DOC_JUDG_GC_2012_0442_20170601,2016-12-15
DOC_JUDG_GC_2012_0444_20141016,2014-06-26
DOC_JUDG_GC_2012_0450_20150930,2015-05-05
DOC_JUDG_GC_2012_0461_20140909,2014-03-12
DOC_JUDG_GC_2012_0462_20150715,2015-01-28
DOC_JUDG_GC_2012_0463_20141106,2014-05-22
DOC_JUDG_GC_2012_0465_20150715,2015-03-02
DOC_JUDG_GC_2012_0466_20150317,2014-09-17
DOC_JUDG_GC_2012_0472_20150915,2015-01-13
DOC_JUDG_GC_2012_0473_20150205,2014-06-04
DOC_JUDG_GC_2012_0476_20141211,2014-06-19
DOC_JUDG_GC_2012_0480_20141211,2014-07-09
DOC_JUDG_GC_2012_0488_20140409,2014-01-22
DOC_JUDG_GC_2012_0493_20140924,2014-06-10
DOC_JUDG_GC_2012_0494_20140909,2014-04-02
DOC_JUDG_GC_2012_0495_20140605,2014-03-05
DOC_JUDG_GC_2012_0499_20151112,2015-04-22
DOC_JUDG_GC_2012_0500_20150205,2014-06-05
DOC_JUDG_GC_2012_0501_20140409,2013-11-28
DOC_JUDG_GC_2012_0502_20140409,2013-11-28
DOC_JUDG_GC_2012_0503_20150904,2014-12-02
DOC_JUDG_GC_2012_0505_20150212,2014-03-27
DOC_JUDG_GC_2012_0506_P_20151203,2015-07-14
DOC_JUDG_GC_2012_0507_20160128,2015-07-15
DOC_JUDG_GC_2012_0510_20141118,2014-07-08
DOC_JUDG_GC_2012_0512_20151210,2015-06-16
DOC_JUDG_GC_2012_0515_20141015,2014-07-11
DOC_JUDG_GC_2012_0515_RENV_20161027,2016-09-13
DOC_JUDG_GC_2012_0517_20141016,2014-04-03
DOC_JUDG_GC_2012_0529_P_20141008,2014-02-25
DOC_JUDG_GC_2012_0530_P_20141008,2014-02-25
DOC_JUDG_GC_2012_0531_20141007,2014-05-06
DOC_JUDG_GC_2012_0537_20160128,2015-09-03
DOC_JUDG_GC_2012_0539_20150115,2014-09-08
DOC_JUDG_GC_2012_0544_20150603,2014-11-18
DOC_JUDG_GC_2012_0548_20150708,2014-11-12
DOC_JUDG_GC_2012_0552_20131112,2013-06-27
DOC_JUDG_GC_2012_0553_20140521,2014-02-12
DOC_JUDG_GC_2012_0554_20140327,2013-12-05
DOC_JUDG_GC_2012_0558_20150429,2014-06-11
DOC_JUDG_GC_2012_0561_20131025,2013-06-19
DOC_JUDG_GC_2012_0562_20150512,2014-07-08
DOC_JUDG_GC_2012_0563_20150325,2014-09-30
DOC_JUDG_GC_2012_0565_20140703,2014-01-31
DOC_JUDG_GC_2012_0567_20141107,2014-07-11
DOC_JUDG_GC_2012_0575_20140508,2014-01-16
DOC_JUDG_GC_2012_0576_20140715,2014-01-13
DOC_JUDG_GC_2012_0577_20150904,2015-01-08
DOC_JUDG_GC_2012_0578_20140716,2014-03-06
DOC_JUDG_GC_2013_0001_20140704,2014-03-26
DOC_JUDG_GC_2013_0004_20140611,2014-01-08
DOC_JUDG_GC_2013_0009_20150429,2014-09-12
DOC_JUDG_GC_2013_0010_20150429,2014-09-12
DOC_JUDG_GC_2013_0018_20140715,2014-03-11
DOC_JUDG_GC_2013_0020_P_20140626,2014-01-29
DOC_JUDG_GC_2013_0022_20150521,2014-11-27
DOC_JUDG_GC_2013_0025_20140227,2013-12-05
DOC_JUDG_GC_2013_0026_20140212,2013-12-04
DOC_JUDG_GC_2013_0036_20140716,2014-03-05
DOC_JUDG_GC_2013_0038_20140508,2014-01-23
DOC_JUDG_GC_2013_0039_20141003,2014-04-02
DOC_JUDG_GC_2013_0045_20150305,2014-07-10
DOC_JUDG_GC_2013_0045_RENV_20180308,2017-07-13
DOC_JUDG_GC_2013_0046_20150121,2014-09-08
DOC_JUDG_GC_2013_0047_20140129,2013-12-04
DOC_JUDG_GC_2013_0055_20150521,2015-01-22
DOC_JUDG_GC_2013_0058_20150108,2014-07-03
DOC_JUDG_GC_2013_0061_20140521,2014-01-09
DOC_JUDG_GC_2013_0066_20140716,2014-03-10
DOC_JUDG_GC_2013_0067_20150915,2015-01-13
DOC_JUDG_GC_2013_0075_20141202,2014-09-08
DOC_JUDG_GC_2013_0076_20150212,2014-05-21
DOC_JUDG_GC_2013_0078_20150205,2014-11-06
DOC_JUDG_GC_2013_0079_20151007,2015-02-25
DOC_JUDG_GC_2013_0081_20140321,2014-01-08
DOC_JUDG_GC_2013_0082_20150909,2014-11-11
DOC_JUDG_GC_2013_0084_20150909,2014-11-13
DOC_JUDG_GC_2013_0086_P_20140925,2014-06-10
DOC_JUDG_GC_2013_0091_20150909,2014-11-12
DOC_JUDG_GC_2013_0092_20150909,2014-11-12
DOC_JUDG_GC_2013_0095_20140522,2014-03-27
DOC_JUDG_GC_2013_0096_20151028,2015-03-20
DOC_JUDG_GC_2013_0098_20150709,2015-01-28
DOC_JUDG_GC_2013_0102_20141211,2014-07-10
DOC_JUDG_GC_2013_0104_20150909,2014-11-11
DOC_JUDG_GC_2013_0105_20141212,2014-06-26
DOC_JUDG_GC_2013_0106_20151118,2015-04-29
DOC_JUDG_GC_2013_0108_20151216,2015-03-26
DOC_JUDG_GC_2013_0110_20151029,2015-06-03
DOC_JUDG_GC_2013_0112_20161215,2016-05-04
DOC_JUDG_GC_2013_0115_20150715,2014-11-19
DOC_JUDG_GC_2013_0118_20160622,2015-11-24
DOC_JUDG_GC_2013_0124_20150924,2015-02-26
DOC_JUDG_GC_2013_0124_20150924,2015-03-04
DOC_JUDG_GC_2013_0126_20151029,2015-04-23
DOC_JUDG_GC_2013_0129_20141016,2014-05-22
DOC_JUDG_GC_2013_0134_20150430,2014-11-20
DOC_JUDG_GC_2013_0135_20150430,2014-11-20
DOC_JUDG_GC_2013_0157_20140703,2014-01-16
DOC_JUDG_GC_2013_0158_20150915,2015-02-10
DOC_JUDG_GC_2013_0159_20151126,2015-06-17
DOC_JUDG_GC_2013_0160_20160602,2015-07-07
DOC_JUDG_GC_2013_0161_20150922,2014-12-10
DOC_JUDG_GC_2013_0162_20160609,2015-10-14
DOC_JUDG_GC_2013_0167_20181213,2018-02-28
DOC_JUDG_GC_2013_0169_20160202,2015-07-07
DOC_JUDG_GC_2013_0170_20160202,2015-07-07
DOC_JUDG_GC_2013_0171_20160202,2015-07-07
DOC_JUDG_GC_2013_0176_20141209,2014-09-09
DOC_JUDG_GC_2013_0177_20161215,2016-05-12
DOC_JUDG_GC_2013_0181_20140703,2014-01-30
DOC_JUDG_GC_2013_0182_20140710,2014-02-27
DOC_JUDG_GC_2013_0183_20150505,2014-11-18
DOC_JUDG_GC_2013_0184_20150505,2014-11-18
DOC_JUDG_GC_2013_0186_20150630,2014-10-08
DOC_JUDG_GC_2013_0189_20141211,2014-07-02
DOC_JUDG_GC_2013_0194_20170307,2016-04-06
DOC_JUDG_GC_2013_0195_20150114,2014-10-20
DOC_JUDG_GC_2013_0196_20140716,2014-04-02
DOC_JUDG_GC_2013_0199_20140910,2014-05-08
DOC_JUDG_GC_2013_0200_P_20140520,2014-01-20
DOC_JUDG_GC_2013_0201_20150521,2014-11-06
DOC_JUDG_GC_2013_0208_20160628,2015-05-22
DOC_JUDG_GC_2013_0214_20150702,2015-02-04
DOC_JUDG_GC_2013_0216_20160628,2015-05-19
DOC_JUDG_GC_2013_0219_20160915,2015-12-17
DOC_JUDG_GC_2013_0220_20160915,2015-12-17
DOC_JUDG_GC_2013_0222_20140926,2014-05-07
DOC_JUDG_GC_2013_0227_20150227,2014-12-04
DOC_JUDG_GC_2013_0241_20151216,2015-07-14
DOC_JUDG_GC_2013_0245_20150904,2014-12-03
DOC_JUDG_GC_2013_0248_20161213,2016-02-17
DOC_JUDG_GC_2013_0249_20140409,2014-01-29
DOC_JUDG_GC_2013_0250_20150318,2014-09-17
DOC_JUDG_GC_2013_0255_20151112,2015-04-16
DOC_JUDG_GC_2013_0256_20141001,2014-05-22
DOC_JUDG_GC_2013_0257_20150225,2014-06-13
DOC_JUDG_GC_2013_0259_RENV_20180626,2018-02-20
DOC_JUDG_GC_2013_0262_20141015,2014-07-04
DOC_JUDG_GC_2013_0268_20141021,2014-05-07
DOC_JUDG_GC_2013_0272_20141203,2014-09-05
DOC_JUDG_GC_2013_0273_20151204,2015-05-05
DOC_JUDG_GC_2013_0274_20151204,2015-05-05
DOC_JUDG_GC_2013_0275_20151217,2015-07-02
DOC_JUDG_GC_2013_0276_20160609,2015-05-21
DOC_JUDG_GC_2013_0276_20160609,2015-05-20
DOC_JUDG_GC_2013_0277_20160609,2015-05-21
DOC_JUDG_GC_2013_0282_20150423,2014-11-27
DOC_JUDG_GC_2013_0295_20151217,2015-07-02
DOC_JUDG_GC_2013_0304_P_20141211,2014-06-13
DOC_JUDG_GC_2013_0305_20150625,2014-12-09
DOC_JUDG_GC_2013_0306_20150616,2015-03-04
DOC_JUDG_GC_2013_0308_20141118,2014-09-03
DOC_JUDG_GC_2013_0309_20151022,2015-06-10
DOC_JUDG_GC_2013_0314_20150715,2015-03-25
DOC_JUDG_GC_2013_0324_20140716,2014-04-10
DOC_JUDG_GC_2013_0326_20160712,2016-01-19
DOC_JUDG_GC_2013_0333_20150715,2015-01-07
DOC_JUDG_GC_2013_0337_20150715,2015-04-28
DOC_JUDG_GC_2013_0340_20141016,2014-06-25
DOC_JUDG_GC_2013_0341_20140923,2014-06-24
DOC_JUDG_GC_2013_0343_20151203,2015-03-24
DOC_JUDG_GC_2013_0346_20150910,2015-04-15
DOC_JUDG_GC_2013_0348_20140924,2014-07-03
DOC_JUDG_GC_2013_0349_20160704,2015-09-23
DOC_JUDG_GC_2013_0351_20161018,2015-09-11
DOC_JUDG_GC_2013_0355_20150121,2014-09-26
DOC_JUDG_GC_2013_0358_20151008,2015-04-16
DOC_JUDG_GC_2013_0360_20150925,2015-02-12
DOC_JUDG_GC_2013_0361_20151118,2015-01-21
DOC_JUDG_GC_2013_0365_20150226,2014-09-11
DOC_JUDG_GC_2013_0366_20170301,2016-06-14
DOC_JUDG_GC_2013_0367_20151203,2015-07-09
DOC_JUDG_GC_2013_0368_20150210,2014-11-19
DOC_JUDG_GC_2013_0374_20150204,2014-11-07
DOC_JUDG_GC_2013_0376_20150604,2014-12-10
DOC_JUDG_GC_2013_0377_20150309,2014-11-14
DOC_JUDG_GC_2013_0378_20150325,2014-07-16
DOC_JUDG_GC_2013_0381_20151216,2015-04-30
DOC_JUDG_GC_2013_0384_20150318,2014-11-26
DOC_JUDG_GC_2013_0387_20150918,2015-03-06
DOC_JUDG_GC_2013_0388_20150226,2014-11-06
DOC_JUDG_GC_2013_0392_20160915,2015-11-12
DOC_JUDG_GC_2013_0394_20141118,2014-06-24
DOC_JUDG_GC_2013_0395_20150918,2014-10-22
DOC_JUDG_GC_2013_0397_20160114,2015-04-22
DOC_JUDG_GC_2013_0398_20150715,2015-03-03
DOC_JUDG_GC_2013_0400_20150923,2015-03-19
DOC_JUDG_GC_2013_0402_20141125,2014-06-18
DOC_JUDG_GC_2013_0406_20150114,2014-10-21
DOC_JUDG_GC_2013_0412_20150319,2014-09-03
DOC_JUDG_GC_2013_0413_20150319,2014-09-03
DOC_JUDG_GC_2013_0420_20150914,2015-01-29
DOC_JUDG_GC_2013_0422_20170405,2016-06-28
DOC_JUDG_GC_2013_0423_20160524,2016-01-13
DOC_JUDG_GC_2013_0424_20160630,2015-10-22
DOC_JUDG_GC_2013_0425_20151126,2015-05-21
DOC_JUDG_GC_2013_0429_20180517,2017-02-16
DOC_JUDG_GC_2013_0429_20180517,2017-02-15
DOC_JUDG_GC_2013_0433_20150505,2014-11-19
DOC_JUDG_GC_2013_0434_20160114,2015-04-23
DOC_JUDG_GC_2013_0444_P_20141010,2014-07-10
DOC_JUDG_GC_2013_0448_20150603,2015-01-14
DOC_JUDG_GC_2013_0449_20151112,2015-03-25
DOC_JUDG_GC_2013_0450_20151112,2015-03-25
DOC_JUDG_GC_2013_0454_20170301,2016-06-14
DOC_JUDG_GC_2013_0456_20150325,2014-06-06
DOC_JUDG_GC_2013_0460_20160908,2015-10-22
DOC_JUDG_GC_2013_0461_20151126,2015-03-11
DOC_JUDG_GC_2013_0462_20151126,2015-03-12
DOC_JUDG_GC_2013_0463_20151126,2015-03-13
DOC_JUDG_GC_2013_0465_20151126,2015-03-18
DOC_JUDG_GC_2013_0467_20160908,2015-10-15
DOC_JUDG_GC_2013_0469_20160908,2015-10-08
DOC_JUDG_GC_2013_0470_20160908,2015-10-08
DOC_JUDG_GC_2013_0471_20160908,2015-10-14
DOC_JUDG_GC_2013_0472_20160908,2015-11-26
DOC_JUDG_GC_2013_0479_20141010,2014-07-01
DOC_JUDG_GC_2013_0483_20160720,2015-06-10
DOC_JUDG_GC_2013_0487_20151126,2015-03-17
DOC_JUDG_GC_2013_0489_20150630,2015-01-14
DOC_JUDG_GC_2013_0491_20151216,2015-09-03
DOC_JUDG_GC_2013_0494_20141204,2014-09-18
DOC_JUDG_GC_2013_0496_20150611,2015-01-14
DOC_JUDG_GC_2013_0498_20141211,2014-10-16
DOC_JUDG_GC_2013_0501_20160318,2015-09-30
DOC_JUDG_GC_2013_0508_20151118,2015-02-06
DOC_JUDG_GC_2013_0510_20151217,2015-07-02
DOC_JUDG_GC_2013_0512_P_20141212,2014-09-16
DOC_JUDG_GC_2013_0513_20150306,2014-11-13
DOC_JUDG_GC_2013_0514_20150610,2014-12-10
DOC_JUDG_GC_2013_0515_20151217,2015-06-09
DOC_JUDG_GC_2013_0515_20151217,2015-06-10
DOC_JUDG_GC_2013_0515_RENV_20200923,2019-10-24
DOC_JUDG_GC_2013_0516_20160630,2015-09-09
DOC_JUDG_GC_2013_0521_20150707,2015-04-14
DOC_JUDG_GC_2013_0527_20150624,2015-01-20
DOC_JUDG_GC_2013_0529_20160510,2015-12-15
DOC_JUDG_GC_2013_0534_20151007,2015-06-03
DOC_JUDG_GC_2013_0541_20151126,2015-03-19
DOC_JUDG_GC_2013_0543_20150304,2014-10-15
DOC_JUDG_GC_2013_0544_20151111,2015-02-04
DOC_JUDG_GC_2013_0544_RENV_20181108,2018-03-13
DOC_JUDG_GC_2013_0545_20160630,2015-11-19
DOC_JUDG_GC_2013_0546_20160226,2015-09-15
DOC_JUDG_GC_2013_0547_20151008,2015-05-21
DOC_JUDG_GC_2013_0549_20160114,2015-04-24
DOC_JUDG_GC_2013_0550_20151111,2015-06-09
DOC_JUDG_GC_2013_0552_20151023,2015-03-11
DOC_JUDG_GC_2013_0553_20151202,2015-04-16
DOC_JUDG_GC_2013_0556_20141125,2014-10-10
DOC_JUDG_GC_2013_0557_20150924,2015-04-22
DOC_JUDG_GC_2013_0558_20150304,2014-11-25
DOC_JUDG_GC_2013_0559_20150603,2014-11-12
DOC_JUDG_GC_2013_0562_20160204,2015-06-18
DOC_JUDG_GC_2013_0563_20151210,2015-03-05
DOC_JUDG_GC_2013_0570_20160128,2015-07-07
DOC_JUDG_GC_2013_0578_20150603,2014-09-23
DOC_JUDG_GC_2013_0584_20180517,2017-02-17
DOC_JUDG_GC_2013_0591_20141212,2014-10-17
DOC_JUDG_GC_2013_0595_20141204,2014-09-04
DOC_JUDG_GC_2013_0597_20151023,2015-05-12
DOC_JUDG_GC_2013_0599_20150507,2015-01-22
DOC_JUDG_GC_2013_0604_20150603,2015-02-25
DOC_JUDG_GC_2013_0606_20151118,2015-07-08
DOC_JUDG_GC_2013_0608_20150513,2015-02-05
DOC_JUDG_GC_2013_0611_20150715,2015-02-27
DOC_JUDG_GC_2013_0614_20140926,2014-05-14
DOC_JUDG_GC_2013_0619_P_20141211,2014-09-25
DOC_JUDG_GC_2013_0620_20160915,2015-12-16
DOC_JUDG_GC_2013_0623_20150512,2014-11-14
DOC_JUDG_GC_2013_0624_20151002,2015-02-11
DOC_JUDG_GC_2013_0625_20151002,2015-02-11
DOC_JUDG_GC_2013_0626_20151002,2015-02-11
DOC_JUDG_GC_2013_0627_20151002,2015-02-11
DOC_JUDG_GC_2013_0629_20140926,2014-05-14
DOC_JUDG_GC_2013_0630_20140926,2014-05-15
DOC_JUDG_GC_2013_0631_20140926,2014-05-16
DOC_JUDG_GC_2013_0633_20150923,2015-03-03
DOC_JUDG_GC_2013_0634_20140926,2014-05-15
DOC_JUDG_GC_2013_0636_20151023,2015-06-30
DOC_JUDG_GC_2013_0640_20160128,2015-07-16
DOC_JUDG_GC_2013_0642_20151015,2015-04-22
DOC_JUDG_GC_2013_0643_20180711,2017-07-20
DOC_JUDG_GC_2013_0645_20160315,2015-09-18
DOC_JUDG_GC_2013_0646_20170203,2016-09-16
DOC_JUDG_GC_2013_0649_20151023,2015-06-30
DOC_JUDG_GC_2013_0655_20150128,2014-10-15
DOC_JUDG_GC_2013_0656_20151007,2015-03-05
DOC_JUDG_GC_2013_0657_20150702,2015-03-10
DOC_JUDG_GC_2013_0659_20151008,2015-07-01
DOC_JUDG_GC_2013_0663_P_20141015,2014-07-09
DOC_JUDG_GC_2013_0664_20151021,2015-04-14
DOC_JUDG_GC_2013_0674_20160128,2015-09-17
DOC_JUDG_GC_2013_0675_20160915,2016-01-20
DOC_JUDG_GC_2013_0676_20160204,2015-09-10
DOC_JUDG_GC_2013_0680_20180713,2017-09-11
DOC_JUDG_GC_2013_0683_20160202,2015-10-27
DOC_JUDG_GC_2013_0684_20150925,2015-03-24
DOC_JUDG_GC_2013_0689_20151007,2015-06-10
DOC_JUDG_GC_2013_0691_20150917,2015-04-16
DOC_JUDG_GC_2013_0693_20160510,2015-11-12
DOC_JUDG_GC_2013_0694_20161123,2016-03-18
DOC_JUDG_GC_2013_0710_20150918,2015-03-18
DOC_JUDG_GC_2013_0714_20150908,2015-03-03
DOC_JUDG_GC_2013_0715_20150505,2015-01-21
DOC_JUDG_GC_2013_0720_20150930,2015-05-07
DOC_JUDG_GC_2014_0007_P_20150206,2014-11-05
DOC_JUDG_GC_2014_0015_20160303,2015-07-14
DOC_JUDG_GC_2014_0017_20160915,2016-02-04
DOC_JUDG_GC_2014_0044_20160419,2015-10-28
DOC_JUDG_GC_2014_0049_20151007,2014-12-03
DOC_JUDG_GC_2014_0050_20151126,2015-03-26
DOC_JUDG_GC_2014_0051_20150512,2015-01-16
DOC_JUDG_GC_2014_0053_20160219,2015-06-02
DOC_JUDG_GC_2014_0054_20160908,2015-12-10
DOC_JUDG_GC_2014_0063_20160503,2015-07-10
DOC_JUDG_GC_2014_0065_20161130,2016-06-21
DOC_JUDG_GC_2014_0066_20160721,2016-02-24
DOC_JUDG_GC_2014_0067_20170711,2017-01-13
DOC_JUDG_GC_2014_0068_20160503,2015-07-14
DOC_JUDG_GC_2014_0072_20150326,2015-01-22
DOC_JUDG_GC_2014_0074_20170706,2016-12-01
DOC_JUDG_GC_2014_0075_20171116,2017-06-13
DOC_JUDG_GC_2014_0076_20160915,2016-03-03
DOC_JUDG_GC_2014_0078_20151008,2015-05-20
DOC_JUDG_GC_2014_0079_20160301,2015-09-08
DOC_JUDG_GC_2014_0080_20160915,2016-04-20
DOC_JUDG_GC_2014_0089_20161130,2016-06-21
DOC_JUDG_GC_2014_0090_20151008,2015-06-04
DOC_JUDG_GC_2014_0091_20150910,2015-05-13
DOC_JUDG_GC_2014_0095_20150625,2015-01-22
DOC_JUDG_GC_2014_0096_20151023,2015-07-08
DOC_JUDG_GC_2014_0100_20150430,2015-01-15
DOC_JUDG_GC_2014_0102_20150513,2015-02-12
DOC_JUDG_GC_2014_0103_20160316,2015-09-08
DOC_JUDG_GC_2014_0105_20151203,2015-09-14
DOC_JUDG_GC_2014_0111_20160915,2015-10-28
DOC_JUDG_GC_2014_0112_20160915,2015-10-28
DOC_JUDG_GC_2014_0117_20160915,2015-10-28
DOC_JUDG_GC_2014_0118_20160915,2015-10-28
DOC_JUDG_GC_2014_0120_20160915,2016-04-14
DOC_JUDG_GC_2014_0121_20160915,2016-04-14
DOC_JUDG_GC_2014_0122_20160609,2016-01-27
DOC_JUDG_GC_2014_0124_20151211,2015-06-12
DOC_JUDG_GC_2014_0129_P_20160504,2015-10-13
DOC_JUDG_GC_2014_0131_P_20151013,2015-05-06
DOC_JUDG_GC_2014_0136_20150930,2015-04-21
DOC_JUDG_GC_2014_0137_20151023,2015-03-04
DOC_JUDG_GC_2014_0138_20151216,2015-07-02
DOC_JUDG_GC_2014_0139_20160915,2016-04-28
DOC_JUDG_GC_2014_0145_20150521,2015-01-28
DOC_JUDG_GC_2014_0154_20160427,2015-11-30
DOC_JUDG_GC_2014_0155_20160427,2015-11-30
DOC_JUDG_GC_2014_0157_20170228,2016-06-09
DOC_JUDG_GC_2014_0158_20170228,2016-06-09
DOC_JUDG_GC_2014_0160_20170228,2016-06-09
DOC_JUDG_GC_2014_0162_20170228,2016-06-09
DOC_JUDG_GC_2014_0164_20160218,2015-07-16
DOC_JUDG_GC_2014_0167_20161011,2016-03-15
DOC_JUDG_GC_2014_0168_20150909,2015-03-18
DOC_JUDG_GC_2014_0169_20150513,2015-02-10
DOC_JUDG_GC_2014_0189_20170113,2016-06-29
DOC_JUDG_GC_2014_0191_20170216,2016-11-10
DOC_JUDG_GC_2014_0193_20150923,2015-06-18
DOC_JUDG_GC_2014_0194_20160128,2015-09-10
DOC_JUDG_GC_2014_0195_20150924,2015-05-20
DOC_JUDG_GC_2014_0198_20160419,2015-11-18
DOC_JUDG_GC_2014_0199_20151029,2015-06-03
DOC_JUDG_GC_2014_0200_20160414,2015-07-03
DOC_JUDG_GC_2014_0201_20160316,2015-12-08
DOC_JUDG_GC_2014_0203_20150521,2015-03-03
DOC_JUDG_GC_2014_0204_20160907,2016-04-26
DOC_JUDG_GC_2014_0205_20150923,2015-03-17
DOC_JUDG_GC_2014_0206_20150923,2015-03-17
DOC_JUDG_GC_2014_0209_20150925,2015-04-29
DOC_JUDG_GC_2014_0210_20160226,2015-11-10
DOC_JUDG_GC_2014_0211_20150924,2015-05-05
DOC_JUDG_GC_2014_0220_20170406,2016-07-20
DOC_JUDG_GC_2014_0222_RENV_20180704,2018-03-08
DOC_JUDG_GC_2014_0223_20151125,2015-05-19
DOC_JUDG_GC_2014_0224_20160630,2015-09-09
DOC_JUDG_GC_2014_0227_20151007,2015-04-30
DOC_JUDG_GC_2014_0228_20151007,2015-04-30
DOC_JUDG_GC_2014_0231_P_20150916,2015-04-14
DOC_JUDG_GC_2014_0240_P_20160226,2015-10-23
DOC_JUDG_GC_2014_0241_P_20160226,2015-10-23
DOC_JUDG_GC_2014_0242_20151007,2015-03-05
DOC_JUDG_GC_2014_0243_20151007,2015-03-05
DOC_JUDG_GC_2014_0244_20151007,2015-03-05
DOC_JUDG_GC_2014_0266_20160718,2016-04-12
DOC_JUDG_GC_2014_0267_20160428,2016-01-28
DOC_JUDG_GC_2014_0273_20150603,2015-03-04
DOC_JUDG_GC_2014_0278_20150909,2015-04-15
DOC_JUDG_GC_2014_0290_20151026,2015-05-21
DOC_JUDG_GC_2014_0292_20151007,2015-05-20
DOC_JUDG_GC_2014_0312_20150707,2015-02-06
DOC_JUDG_GC_2014_0316_20181115,2018-04-16
DOC_JUDG_GC_2014_0317_20150924,2015-05-05
DOC_JUDG_GC_2014_0327_20151203,2015-09-09
DOC_JUDG_GC_2014_0331_20160128,2015-09-30
DOC_JUDG_GC_2014_0332_20160128,2015-09-30
DOC_JUDG_GC_2014_0340_20160915,2016-04-27
DOC_JUDG_GC_2014_0341_20160128,2015-09-24
DOC_JUDG_GC_2014_0343_20170629,2017-01-23
DOC_JUDG_GC_2014_0346_20160915,2016-04-29
DOC_JUDG_GC_2014_0348_20160915,2016-04-29
DOC_JUDG_GC_2014_0351_20170217,2016-07-05
DOC_JUDG_GC_2014_0352_20150715,2015-03-10
DOC_JUDG_GC_2014_0353_20160915,2016-03-17
DOC_JUDG_GC_2014_0359_20150918,2015-03-06
DOC_JUDG_GC_2014_0361_20170405,2016-09-27
DOC_JUDG_GC_2014_0363_20160921,2016-06-30
DOC_JUDG_GC_2014_0364_20160218,2015-10-29
DOC_JUDG_GC_2014_0365_20151007,2015-04-30
DOC_JUDG_GC_2014_0366_20150925,2015-04-28
DOC_JUDG_GC_2014_0367_20161018,2016-01-20
DOC_JUDG_GC_2014_0371_20151126,2015-06-11
DOC_JUDG_GC_2014_0384_20160512,2015-12-10
DOC_JUDG_GC_2014_0386_20160915,2016-02-25
DOC_JUDG_GC_2014_0386_RENV_20190919,2019-03-21
DOC_JUDG_GC_2014_0390_20151126,2015-07-02
DOC_JUDG_GC_2014_0402_20160225,2015-10-29
DOC_JUDG_GC_2014_0411_20160224,2015-09-16
DOC_JUDG_GC_2014_0412_20180201,2017-01-26
DOC_JUDG_GC_2014_0418_20161018,2016-04-08
DOC_JUDG_GC_2014_0419_20180712,2017-03-28
DOC_JUDG_GC_2014_0422_20180712,2017-05-05
DOC_JUDG_GC_2014_0423_20180201,2017-01-26
DOC_JUDG_GC_2014_0424_20151113,2015-06-16
DOC_JUDG_GC_2014_0434_20160128,2015-09-23
DOC_JUDG_GC_2014_0435_20160922,2016-01-26
DOC_JUDG_GC_2014_0436_20170307,2016-09-22
DOC_JUDG_GC_2014_0437_20160928,2015-11-11
DOC_JUDG_GC_2014_0438_20180712,2017-06-09
DOC_JUDG_GC_2014_0439_20180712,2017-06-07
DOC_JUDG_GC_2014_0441_20180712,2017-06-01
DOC_JUDG_GC_2014_0444_20180712,2017-05-03
DOC_JUDG_GC_2014_0445_20180712,2017-03-16
DOC_JUDG_GC_2014_0446_20180712,2017-06-08
DOC_JUDG_GC_2014_0447_20180712,2017-05-31
DOC_JUDG_GC_2014_0448_20180712,2017-03-31
DOC_JUDG_GC_2014_0449_20180712,2017-03-21
DOC_JUDG_GC_2014_0450_20180712,2017-03-30
DOC_JUDG_GC_2014_0451_20180712,2017-05-02
DOC_JUDG_GC_2014_0452_20150611,2015-02-04
DOC_JUDG_GC_2014_0454_20160531,2015-12-15
DOC_JUDG_GC_2014_0455_20180712,2017-03-22
DOC_JUDG_GC_2014_0456_20160915,2016-03-18
DOC_JUDG_GC_2014_0457_P_20150715,2015-03-24
DOC_JUDG_GC_2014_0460_20171214,2017-06-29
DOC_JUDG_GC_2014_0463_20160427,2015-10-29
DOC_JUDG_GC_2014_0468_20160512,2016-01-14
DOC_JUDG_GC_2014_0475_20180712,2017-03-20
DOC_JUDG_GC_2014_0479_20170201,2016-07-20
DOC_JUDG_GC_2014_0481_20160915,2016-03-17
DOC_JUDG_GC_2014_0486_20160128,2015-09-24
DOC_JUDG_GC_2014_0487_20181115,2017-12-14
DOC_JUDG_GC_2014_0493_20170217,2016-07-06
DOC_JUDG_GC_2014_0507_20160226,2015-09-15
DOC_JUDG_GC_2014_0509_20240529,2023-11-16
DOC_JUDG_GC_2014_0510_20160602,2016-01-21
DOC_JUDG_GC_2014_0512_20170504,2016-11-24
DOC_JUDG_GC_2014_0514_20240424,2023-11-16
DOC_JUDG_GC_2014_0519_20240320,2023-11-16
DOC_JUDG_GC_2014_0521_20151216,2015-11-17
DOC_JUDG_GC_2014_0527_20170713,2016-01-14
DOC_JUDG_GC_2014_0539_20151119,2015-07-08
DOC_JUDG_GC_2014_0541_20160202,2015-10-21
DOC_JUDG_GC_2014_0548_20161215,2016-04-06
DOC_JUDG_GC_2014_0549_20161004,2016-06-28
DOC_JUDG_GC_2014_0554_20180426,2018-01-22
DOC_JUDG_GC_2014_0558_20151118,2015-07-15
DOC_JUDG_GC_2014_0561_20180423,2017-05-16
DOC_JUDG_GC_2014_0567_20160629,2016-01-15
DOC_JUDG_GC_2014_0574_20180926,2017-04-04
DOC_JUDG_GC_2014_0577_20170110,2016-06-28
DOC_JUDG_GC_2014_0579_20161109,2015-12-16
DOC_JUDG_GC_2014_0584_20150909,2015-06-16
DOC_JUDG_GC_2014_0586_20160316,2015-09-09
DOC_JUDG_GC_2014_0586_RENV_20190924,2019-01-16
DOC_JUDG_GC_2014_0587_20160915,2015-12-16
DOC_JUDG_GC_2014_0589_20160225,2015-11-11
DOC_JUDG_GC_2014_0590_20160512,2015-12-03
DOC_JUDG_GC_2014_0613_20160407,2016-02-19
DOC_JUDG_GC_2014_0624_20151217,2015-10-20
DOC_JUDG_GC_2014_0639_RENV_20210922,2020-10-08
DOC_JUDG_GC_2014_0641_20150924,2015-07-01
DOC_JUDG_GC_2014_0644_20170720,2016-11-23
DOC_JUDG_GC_2014_0647_20151203,2015-09-03
DOC_JUDG_GC_2014_0648_20151203,2015-09-03
DOC_JUDG_GC_2014_0652_20160628,2016-02-16
DOC_JUDG_GC_2014_0654_20160602,2016-03-01
DOC_JUDG_GC_2014_0656_20160628,2016-02-23
DOC_JUDG_GC_2014_0658_20151007,2015-06-11
DOC_JUDG_GC_2014_0660_20150909,2015-06-29
DOC_JUDG_GC_2014_0661_20160714,2016-01-27
DOC_JUDG_GC_2014_0662_20160601,2015-12-02
DOC_JUDG_GC_2014_0664_20181207,2017-11-22
DOC_JUDG_GC_2014_0667_20160128,2015-10-21
DOC_JUDG_GC_2014_0669_20160512,2015-11-19
DOC_JUDG_GC_2014_0671_20170912,2016-09-08
DOC_JUDG_GC_2014_0672_20161020,2016-04-13
DOC_JUDG_GC_2014_0675_20160303,2015-11-25
DOC_JUDG_GC_2014_0677_20181212,2017-10-05
DOC_JUDG_GC_2014_0679_20181212,2017-06-22
DOC_JUDG_GC_2014_0680_20181212,2017-07-04
DOC_JUDG_GC_2014_0681_20170328,2016-11-08
DOC_JUDG_GC_2014_0682_20181212,2017-06-27
DOC_JUDG_GC_2014_0684_20181212,2017-06-20
DOC_JUDG_GC_2014_0686_20160204,2015-10-29
DOC_JUDG_GC_2014_0690_20151210,2015-09-16
DOC_JUDG_GC_2014_0691_20181212,2017-06-09
DOC_JUDG_GC_2014_0692_20160225,2015-11-25
DOC_JUDG_GC_2014_0698_20160915,2016-04-14
DOC_JUDG_GC_2014_0699_20170111,2016-06-10
DOC_JUDG_GC_2014_0700_20170126,2016-09-14
DOC_JUDG_GC_2014_0701_20181212,2017-06-15
DOC_JUDG_GC_2014_0703_20170126,2016-09-07
DOC_JUDG_GC_2014_0704_20171026,2016-09-15
DOC_JUDG_GC_2014_0705_20181212,2017-06-15
DOC_JUDG_GC_2014_0706_20170216,2016-02-25
DOC_JUDG_GC_2014_0710_20160915,2016-01-22
DOC_JUDG_GC_2014_0712_20171023,2017-02-10
DOC_JUDG_GC_2014_0713_20161213,2016-06-02
DOC_JUDG_GC_2014_0715_20180913,2017-12-13
DOC_JUDG_GC_2014_0716_20190307,2018-09-13
DOC_JUDG_GC_2014_0720_20161130,2016-06-29
DOC_JUDG_GC_2014_0723_20160602,2015-12-08
DOC_JUDG_GC_2014_0725_20170201,2016-07-19
DOC_JUDG_GC_2014_0726_20170217,2016-09-30
DOC_JUDG_GC_2014_0727_20160629,2016-01-15
DOC_JUDG_GC_2014_0732_20180913,2017-11-08
DOC_JUDG_GC_2014_0734_20180913,2017-11-08
DOC_JUDG_GC_2014_0735_20180913,2017-12-14
DOC_JUDG_GC_2014_0737_20180913,2017-11-15
DOC_JUDG_GC_2014_0739_20180913,2017-11-15
DOC_JUDG_GC_2014_0741_20170314,2017-01-24
DOC_JUDG_GC_2014_0744_20170504,2016-09-08
DOC_JUDG_GC_2014_0745_20160720,2016-04-27
DOC_JUDG_GC_2014_0749_20160512,2016-02-29
DOC_JUDG_GC_2014_0752_20170719,2016-12-06
DOC_JUDG_GC_2014_0753_20160525,2016-02-03
DOC_JUDG_GC_2014_0754_20170510,2016-09-13
DOC_JUDG_GC_2014_0758_20161215,2016-04-28
DOC_JUDG_GC_2014_0758_RENV_20200708,2019-11-14
DOC_JUDG_GC_2014_0761_20160223,2015-12-15
DOC_JUDG_GC_2014_0762_20161215,2016-04-27
DOC_JUDG_GC_2014_0764_20161213,2016-02-19
DOC_JUDG_GC_2014_0767_20170713,2017-01-12
DOC_JUDG_GC_2014_0768_20170125,2016-05-13
DOC_JUDG_GC_2014_0771_20170125,2016-05-13
DOC_JUDG_GC_2014_0777_20160428,2016-01-21
DOC_JUDG_GC_2014_0781_20160128,2015-11-18
DOC_JUDG_GC_2014_0783_20170216,2016-11-09
DOC_JUDG_GC_2014_0786_20180713,2017-09-11
DOC_JUDG_GC_2014_0789_20160614,2016-02-16
DOC_JUDG_GC_2014_0790_20160721,2016-04-21
DOC_JUDG_GC_2014_0792_P_20160317,2015-11-12
DOC_JUDG_GC_2014_0793_20181115,2017-07-11
DOC_JUDG_GC_2014_0796_20160915,2016-01-21
DOC_JUDG_GC_2014_0798_20180913,2017-11-16
DOC_JUDG_GC_2014_0800_20160915,2016-01-21
DOC_JUDG_GC_2014_0804_20160721,2016-04-21
DOC_JUDG_GC_2014_0808_20161215,2016-05-25
DOC_JUDG_GC_2014_0811_20170217,2016-09-23
DOC_JUDG_GC_2014_0813_20151118,2015-09-03
DOC_JUDG_GC_2014_0816_20160224,2015-12-02
DOC_JUDG_GC_2014_0818_20180125,2017-07-06
DOC_JUDG_GC_2014_0824_20161018,2016-06-08
DOC_JUDG_GC_2014_0827_20181213,2018-04-19
DOC_JUDG_GC_2014_0828_20170216,2016-10-04
DOC_JUDG_GC_2014_0830_20160909,2016-02-25
DOC_JUDG_GC_2014_0832_20160721,2016-05-11
DOC_JUDG_GC_2014_0842_20160205,2015-11-12
DOC_JUDG_GC_2014_0844_20160512,2016-01-28
DOC_JUDG_GC_2014_0847_20150624,2015-05-08
DOC_JUDG_GC_2014_0851_20181213,2018-04-26
DOC_JUDG_GC_2015_0001_20170706,2016-12-01
DOC_JUDG_GC_2015_0004_20160907,2016-04-19
DOC_JUDG_GC_2015_0005_20160525,2016-02-03
DOC_JUDG_GC_2015_0006_20160525,2016-02-03
DOC_JUDG_GC_2015_0013_20170627,2017-01-25
DOC_JUDG_GC_2015_0014_20161020,2016-07-07
DOC_JUDG_GC_2015_0015_20170512,2016-12-14
DOC_JUDG_GC_2015_0018_20160915,2016-01-21
DOC_JUDG_GC_2015_0019_20170201,2016-11-08
DOC_JUDG_GC_2015_0020_20160414,2016-01-28
DOC_JUDG_GC_2015_0030_20160219,2015-12-09
DOC_JUDG_GC_2015_0032_20160512,2016-01-28
DOC_JUDG_GC_2015_0034_20160601,2016-02-26
DOC_JUDG_GC_2015_0035_20170406,2017-01-18
DOC_JUDG_GC_2015_0037_20161215,2016-05-26
DOC_JUDG_GC_2015_0040_20170217,2016-11-24
DOC_JUDG_GC_2015_0043_20180423,2017-09-12
DOC_JUDG_GC_2015_0047_20160510,2016-01-21
DOC_JUDG_GC_2015_0051_20160920,2016-05-03
DOC_JUDG_GC_2015_0055_20170714,2016-12-07
DOC_JUDG_GC_2015_0067_20161110,2016-07-14
DOC_JUDG_GC_2015_0068_20180919,2017-10-04
DOC_JUDG_GC_2015_0071_20170216,2016-04-07
DOC_JUDG_GC_2015_0074_20170202,2016-09-22
DOC_JUDG_GC_2015_0079_20151217,2015-10-26
DOC_JUDG_GC_2015_0089_20160427,2016-02-23
DOC_JUDG_GC_2015_0094_RENV_20190712,2019-01-24
DOC_JUDG_GC_2015_0095_20161213,2016-07-04
DOC_JUDG_GC_2015_0096_20160706,2016-03-15
DOC_JUDG_GC_2015_0097_20160706,2016-03-15
DOC_JUDG_GC_2015_0098_20170216,2016-10-04
DOC_JUDG_GC_2015_0099_20160526,2016-03-03
DOC_JUDG_GC_2015_0100_20160316,2015-11-25
DOC_JUDG_GC_2015_0107_20170918,2016-11-30
DOC_JUDG_GC_2015_0111_20181213,2017-10-25
DOC_JUDG_GC_2015_0112_20170330,2016-09-15
DOC_JUDG_GC_2015_0113_20181115,2018-01-11
DOC_JUDG_GC_2015_0115_20170511,2016-12-15
DOC_JUDG_GC_2015_0117_20170324,2016-09-07
DOC_JUDG_GC_2015_0122_20170516,2016-09-28
DOC_JUDG_GC_2015_0129_20160928,2016-05-25
DOC_JUDG_GC_2015_0132_20170314,2016-11-18
DOC_JUDG_GC_2015_0134_20160628,2016-03-15
DOC_JUDG_GC_2015_0135_20190312,2017-09-12
DOC_JUDG_GC_2015_0136_20171214,2017-01-31
DOC_JUDG_GC_2015_0138_20170928,2017-04-05
DOC_JUDG_GC_2015_0139_20190312,2017-05-08
DOC_JUDG_GC_2015_0141_20161020,2016-06-02
DOC_JUDG_GC_2015_0143_20170720,2017-03-09
DOC_JUDG_GC_2015_0145_20170216,2016-07-14
DOC_JUDG_GC_2015_0146_20160913,2016-03-17
DOC_JUDG_GC_2015_0149_20171005,2016-12-07
DOC_JUDG_GC_2015_0156_20190312,2018-03-16
DOC_JUDG_GC_2015_0157_20170712,2017-01-10
DOC_JUDG_GC_2015_0159_20160909,2016-04-12
DOC_JUDG_GC_2015_0164_20171214,2017-05-04
DOC_JUDG_GC_2015_0165_20181213,2017-10-25
DOC_JUDG_GC_2015_0175_20171005,2016-12-14
DOC_JUDG_GC_2015_0180_20171110,2017-01-10
DOC_JUDG_GC_2015_0182_20190409,2017-10-03
DOC_JUDG_GC_2015_0184_20161109,2016-07-14
DOC_JUDG_GC_2015_0185_20180711,2017-09-15
DOC_JUDG_GC_2015_0186_20180711,2017-09-15
DOC_JUDG_GC_2015_0207_20160914,2016-03-10
DOC_JUDG_GC_2015_0208_20170301,2016-07-19
DOC_JUDG_GC_2015_0209_20211221,2021-05-12
DOC_JUDG_GC_2015_0210_20170328,2016-10-27
DOC_JUDG_GC_2015_0212_20161215,2016-09-15
DOC_JUDG_GC_2015_0214_20170921,2017-01-12
DOC_JUDG_GC_2015_0215_20170707,2016-12-15
DOC_JUDG_GC_2015_0216_20180205,2017-04-03
DOC_JUDG_GC_2015_0217_20161130,2016-09-13
DOC_JUDG_GC_2015_0221_20170707,2016-12-15
DOC_JUDG_GC_2015_0223_20170515,2017-01-19
DOC_JUDG_GC_2015_0227_20161215,2016-09-14
DOC_JUDG_GC_2015_0229_20171116,2017-05-15
DOC_JUDG_GC_2015_0231_20170322,2016-11-15
DOC_JUDG_GC_2015_0235_20180205,2017-02-14
DOC_JUDG_GC_2015_0238_20170921,2017-01-12
DOC_JUDG_GC_2015_0239_20170323,2017-01-19
DOC_JUDG_GC_2015_0245_20171108,2017-04-06
DOC_JUDG_GC_2015_0249_20171211,2017-04-25
DOC_JUDG_GC_2015_0250_20161124,2016-07-15
DOC_JUDG_GC_2015_0251_20180426,2017-03-30
DOC_JUDG_GC_2015_0255_20170125,2016-09-13
DOC_JUDG_GC_2015_0259_20190409,2018-09-26
DOC_JUDG_GC_2015_0261_20160419,2016-02-26
DOC_JUDG_GC_2015_0262_20170615,2016-09-28
DOC_JUDG_GC_2015_0263_20171117,2017-04-27
DOC_JUDG_GC_2015_0263_RENV_20211221,2021-05-11
DOC_JUDG_GC_2015_0264_20170428,2016-11-30
DOC_JUDG_GC_2015_0270_20161129,2016-09-07
DOC_JUDG_GC_2015_0274_20180410,2017-12-07
DOC_JUDG_GC_2015_0276_20170314,2016-11-29
DOC_JUDG_GC_2015_0279_20160223,2015-12-16
DOC_JUDG_GC_2015_0283_20180508,2017-09-19
DOC_JUDG_GC_2015_0284_20181213,2018-04-11
DOC_JUDG_GC_2015_0286_20181025,2017-10-26
DOC_JUDG_GC_2015_0287_20170628,2017-03-06
DOC_JUDG_GC_2015_0288_20180927,2017-07-04
DOC_JUDG_GC_2015_0289_20190306,2018-07-12
DOC_JUDG_GC_2015_0290_20161109,2016-06-02
DOC_JUDG_GC_2015_0292_20180228,2017-01-10
DOC_JUDG_GC_2015_0292_20190212,2018-12-12
DOC_JUDG_GC_2015_0299_20181024,2017-09-08
DOC_JUDG_GC_2015_0303_20170511,2016-11-10
DOC_JUDG_GC_2015_0304_20170511,2016-11-10
DOC_JUDG_GC_2015_0314_20171213,2017-04-25
DOC_JUDG_GC_2015_0315_20161117,2016-09-16
DOC_JUDG_GC_2015_0321_20151110,2015-10-14
DOC_JUDG_GC_2015_0327_20170919,2017-03-14
DOC_JUDG_GC_2015_0328_P_20161123,2016-06-21
DOC_JUDG_GC_2015_0330_20161215,2016-10-07
DOC_JUDG_GC_2015_0332_20200708,2019-11-29
DOC_JUDG_GC_2015_0335_20160929,2016-07-18
DOC_JUDG_GC_2015_0336_20170322,2016-12-06
DOC_JUDG_GC_2015_0339_20180416,2017-09-25
DOC_JUDG_GC_2015_0344_20170405,2016-12-14
DOC_JUDG_GC_2015_0350_20161011,2016-06-29
DOC_JUDG_GC_2015_0353_20190619,2018-01-30
DOC_JUDG_GC_2015_0355_20160930,2016-06-16
DOC_JUDG_GC_2015_0356_20180712,2017-10-05
DOC_JUDG_GC_2015_0367_20170405,2016-11-28
DOC_JUDG_GC_2015_0369_20170217,2016-10-26
DOC_JUDG_GC_2015_0371_20160714,2016-04-28
DOC_JUDG_GC_2015_0373_20190619,2018-04-25
DOC_JUDG_GC_2015_0374_20170907,2017-03-08
DOC_JUDG_GC_2015_0375_20170427,2016-12-06
DOC_JUDG_GC_2015_0376_20170511,2017-03-01
DOC_JUDG_GC_2015_0381_20170202,2016-10-20
DOC_JUDG_GC_2015_0381_RENV_20200909,2020-03-12
DOC_JUDG_GC_2015_0386_20170920,2016-12-15
DOC_JUDG_GC_2015_0393_20170914,2017-04-03
DOC_JUDG_GC_2015_0397_20161214,2016-10-05
DOC_JUDG_GC_2015_0403_20170504,2016-11-24
DOC_JUDG_GC_2015_0405_20190702,2018-12-11
DOC_JUDG_GC_2015_0406_20190702,2018-12-11
DOC_JUDG_GC_2015_0408_20160913,2016-03-15
DOC_JUDG_GC_2015_0411_20171004,2017-01-25
DOC_JUDG_GC_2015_0419_20170117,2016-10-04
DOC_JUDG_GC_2015_0422_20160525,2016-03-16
DOC_JUDG_GC_2015_0425_20170504,2016-12-16
DOC_JUDG_GC_2015_0433_20190605,2018-12-10
DOC_JUDG_GC_2015_0434_20190508,2019-01-23
DOC_JUDG_GC_2015_0435_20171010,2017-05-17
DOC_JUDG_GC_2015_0451_20170907,2017-05-03
DOC_JUDG_GC_2015_0452_20171120,2017-01-24
DOC_JUDG_GC_2015_0456_20161005,2016-07-07
DOC_JUDG_GC_2015_0462_20180419,2017-11-09
DOC_JUDG_GC_2015_0474_20170126,2016-09-21
DOC_JUDG_GC_2015_0477_20180201,2017-05-31
DOC_JUDG_GC_2015_0480_20170516,2017-02-28
DOC_JUDG_GC_2015_0485_20160920,2016-04-05
DOC_JUDG_GC_2015_0492_20190412,2018-07-09
DOC_JUDG_GC_2015_0502_20171019,2016-12-01
DOC_JUDG_GC_2015_0505_20171214,2017-07-12
DOC_JUDG_GC_2015_0507_20180315,2017-10-18
DOC_JUDG_GC_2015_0508_20181122,2017-06-06
DOC_JUDG_GC_2015_0509_20170203,2016-11-08
DOC_JUDG_GC_2015_0513_20170216,2016-10-27
DOC_JUDG_GC_2015_0516_20170216,2016-10-27
DOC_JUDG_GC_2015_0517_20170216,2016-10-27
DOC_JUDG_GC_2015_0518_20180201,2017-06-29
DOC_JUDG_GC_2015_0521_20170720,2017-04-26
DOC_JUDG_GC_2015_0522_20190711,2017-10-10
DOC_JUDG_GC_2015_0523_20190711,2017-10-11
DOC_JUDG_GC_2015_0529_20161215,2016-07-01
DOC_JUDG_GC_2015_0530_20190711,2017-10-13
DOC_JUDG_GC_2015_0533_20180314,2017-05-04
DOC_JUDG_GC_2015_0537_20180626,2017-10-13
DOC_JUDG_GC_2015_0538_20170328,2017-01-18
DOC_JUDG_GC_2015_0539_20160928,2016-06-16
DOC_JUDG_GC_2015_0540_20180322,2017-09-20
DOC_JUDG_GC_2015_0541_20170620,2017-03-09
DOC_JUDG_GC_2015_0554_20180425,2017-10-12
DOC_JUDG_GC_2015_0558_20181213,2018-03-20
DOC_JUDG_GC_2015_0559_20181213,2018-03-20
DOC_JUDG_GC_2015_0561_20161201,2016-09-16
DOC_JUDG_GC_2015_0564_RENV_20200610,2020-02-13
DOC_JUDG_GC_2015_0572_20170908,2017-05-10
DOC_JUDG_GC_2015_0577_20180529,2017-11-28
DOC_JUDG_GC_2015_0578_20161124,2016-07-19
DOC_JUDG_GC_2015_0582_20190711,2017-10-09
DOC_JUDG_GC_2015_0586_20170922,2017-05-30
DOC_JUDG_GC_2015_0591_20181213,2017-10-26
DOC_JUDG_GC_2015_0602_RENV_20211110,2020-07-08
DOC_JUDG_GC_2015_0604_20190522,2017-10-04
DOC_JUDG_GC_2015_0607_20191203,2019-06-18
DOC_JUDG_GC_2015_0609_20170921,2017-05-18
DOC_JUDG_GC_2015_0612_20170720,2017-01-18
DOC_JUDG_GC_2015_0614_20161124,2016-07-19
DOC_JUDG_GC_2015_0616_20180703,2017-11-17
DOC_JUDG_GC_2015_0618_20171120,2017-01-24
DOC_JUDG_GC_2015_0619_20170720,2017-04-03
DOC_JUDG_GC_2015_0621_20170405,2017-01-24
DOC_JUDG_GC_2015_0622_20170427,2017-01-11
DOC_JUDG_GC_2015_0623_20170711,2017-03-29
DOC_JUDG_GC_2015_0624_20190618,2018-03-20
DOC_JUDG_GC_2015_0624_RENV_20241002,2024-03-04
DOC_JUDG_GC_2015_0624_RENV_20241002,2024-03-05
DOC_JUDG_GC_2015_0625_20161027,2016-09-13
DOC_JUDG_GC_2015_0627_20171107,2017-02-28
DOC_JUDG_GC_2015_0628_20171107,2017-02-28
DOC_JUDG_GC_2015_0630_20181213,2018-04-26
DOC_JUDG_GC_2015_0631_20181213,2018-04-26
DOC_JUDG_GC_2015_0632_20170621,2017-01-26
DOC_JUDG_GC_2015_0635_20161206,2016-09-15
DOC_JUDG_GC_2015_0637_20170531,2017-01-11
DOC_JUDG_GC_2015_0638_20170329,2017-01-10
DOC_JUDG_GC_2015_0639_20180925,2017-10-19
DOC_JUDG_GC_2015_0668_20171110,2017-05-10
DOC_JUDG_GC_2015_0673_20170607,2017-01-11
DOC_JUDG_GC_2015_0678_20161215,2016-09-29
DOC_JUDG_GC_2015_0681_20170503,2017-01-13
DOC_JUDG_GC_2015_0683_20181212,2018-02-27
DOC_JUDG_GC_2015_0685_20171026,2017-05-31
DOC_JUDG_GC_2015_0692_RENV_20210707,2020-11-20
DOC_JUDG_GC_2015_0695_20171003,2017-03-28
DOC_JUDG_GC_2015_0712_20171213,2017-06-06
DOC_JUDG_GC_2015_0718_20180205,2017-07-14
DOC_JUDG_GC_2015_0721_20170427,2017-01-19
DOC_JUDG_GC_2015_0722_20181212,2018-02-26
DOC_JUDG_GC_2015_0725_20181214,2017-11-29
DOC_JUDG_GC_2015_0729_20180205,2017-05-16
DOC_JUDG_GC_2015_0731_20180221,2017-06-28
DOC_JUDG_GC_2015_0733_20170328,2017-01-17
DOC_JUDG_GC_2015_0752_20180426,2017-11-13
DOC_JUDG_GC_2015_0755_20190924,2018-06-21
DOC_JUDG_GC_2015_0760_20190924,2018-07-02
DOC_JUDG_GC_2015_0762_20190712,2018-05-02
DOC_JUDG_GC_2015_0763_20190712,2018-05-02
DOC_JUDG_GC_2015_0765_20170927,2017-04-28
DOC_JUDG_GC_2015_0768_20170919,2017-04-26
DOC_JUDG_GC_2015_0771_20171212,2017-09-19
DOC_JUDG_GC_2015_0772_20190712,2018-05-02
DOC_JUDG_GC_2016_0001_20190712,2018-05-03
DOC_JUDG_GC_2016_0002_20161130,2016-09-28
DOC_JUDG_GC_2016_0003_20170705,2017-02-07
DOC_JUDG_GC_2016_0006_20170608,2017-03-20
DOC_JUDG_GC_2016_0008_20190712,2018-05-03
DOC_JUDG_GC_2016_0010_20180925,2017-12-13
DOC_JUDG_GC_2016_0014_20180911,2017-11-10
DOC_JUDG_GC_2016_0015_20170214,2016-10-27
DOC_JUDG_GC_2016_0018_20170216,2016-11-30
DOC_JUDG_GC_2016_0020_20170621,2017-01-12
DOC_JUDG_GC_2016_0025_20170504,2017-01-11
DOC_JUDG_GC_2016_0026_20171025,2017-02-16
DOC_JUDG_GC_2016_0028_20170403,2016-12-13
DOC_JUDG_GC_2016_0033_20180314,2017-09-22
DOC_JUDG_GC_2016_0034_20181108,2018-01-25
DOC_JUDG_GC_2016_0036_20170503,2017-01-12
DOC_JUDG_GC_2016_0043_20181009,2017-12-12
DOC_JUDG_GC_2016_0044_20180131,2017-07-05
DOC_JUDG_GC_2016_0048_20180503,2017-06-27
DOC_JUDG_GC_2016_0052_20171213,2017-06-06
DOC_JUDG_GC_2016_0053_20181213,2017-10-25
DOC_JUDG_GC_2016_0057_20170718,2017-03-07
DOC_JUDG_GC_2016_0061_20171207,2017-06-15
DOC_JUDG_GC_2016_0062_20180926,2017-09-20
DOC_JUDG_GC_2016_0068_20180117,2017-06-27
DOC_JUDG_GC_2016_0069_20190228,2018-04-11
DOC_JUDG_GC_2016_0077_20181213,2018-07-04
DOC_JUDG_GC_2016_0081_20170704,2017-02-15
DOC_JUDG_GC_2016_0083_20170926,2017-06-30
DOC_JUDG_GC_2016_0084_20170926,2017-06-30
DOC_JUDG_GC_2016_0085_20180301,2017-02-02
DOC_JUDG_GC_2016_0090_20170704,2017-03-09
DOC_JUDG_GC_2016_0091_20180125,2017-06-08
DOC_JUDG_GC_2016_0093_20181010,2017-07-18
DOC_JUDG_GC_2016_0098_20190319,2018-03-22
DOC_JUDG_GC_2016_0103_20170914,2017-04-27
DOC_JUDG_GC_2016_0104_20170309,2017-01-12
DOC_JUDG_GC_2016_0105_20180201,2017-05-12
DOC_JUDG_GC_2016_0107_20170516,2017-01-25
DOC_JUDG_GC_2016_0108_20180315,2017-09-21
DOC_JUDG_GC_2016_0111_20180605,2017-03-07
DOC_JUDG_GC_2016_0114_20171213,2017-03-07
DOC_JUDG_GC_2016_0118_20180220,2017-10-06
DOC_JUDG_GC_2016_0120_20171206,2017-04-28
DOC_JUDG_GC_2016_0121_20171206,2017-04-28
DOC_JUDG_GC_2016_0122_20171206,2017-04-28
DOC_JUDG_GC_2016_0123_20171206,2017-04-28
DOC_JUDG_GC_2016_0125_20171211,2017-07-04
DOC_JUDG_GC_2016_0131_20190214,2018-06-28
DOC_JUDG_GC_2016_0131_RENV_20230920,2023-02-08
DOC_JUDG_GC_2016_0132_20170505,2017-02-09
DOC_JUDG_GC_2016_0133_20180424,2017-10-23
DOC_JUDG_GC_2016_0140_20180307,2017-11-23
DOC_JUDG_GC_2016_0144_20171107,2017-05-03
DOC_JUDG_GC_2016_0148_P_20170720,2017-05-03
DOC_JUDG_GC_2016_0150_20170713,2017-03-16
DOC_JUDG_GC_2016_0151_20170627,2017-03-02
DOC_JUDG_GC_2016_0160_20180531,2017-09-07
DOC_JUDG_GC_2016_0163_20170518,2017-01-26
DOC_JUDG_GC_2016_0165_20181213,2018-07-04
DOC_JUDG_GC_2016_0166_20170518,2017-02-01
DOC_JUDG_GC_2016_0168_20180503,2017-11-14
DOC_JUDG_GC_2016_0177_20190205,2018-09-25
DOC_JUDG_GC_2016_0179_RENV_20190619,2019-01-15
DOC_JUDG_GC_2016_0180_RENV_20190619,2019-01-15
DOC_JUDG_GC_2016_0181_RENV_20190619,2019-01-15
DOC_JUDG_GC_2016_0182_RENV_20190619,2019-01-15
DOC_JUDG_GC_2016_0183_RENV_20190619,2019-01-15
DOC_JUDG_GC_2016_0190_20180426,2017-09-18
DOC_JUDG_GC_2016_0194_20170714,2017-03-01
DOC_JUDG_GC_2016_0200_20170503,2017-03-15
DOC_JUDG_GC_2016_0204_20180116,2017-07-04
DOC_JUDG_GC_2016_0205_20180517,2017-10-10
DOC_JUDG_GC_2016_0210_20180606,2017-10-19
DOC_JUDG_GC_2016_0215_20170403,2017-01-16
DOC_JUDG_GC_2016_0216_20170323,2017-02-02
DOC_JUDG_GC_2016_0218_20170516,2017-01-17
DOC_JUDG_GC_2016_0219_20170406,2017-01-19
DOC_JUDG_GC_2016_0222_20180227,2017-10-11
DOC_JUDG_GC_2016_0227_20180621,2018-03-01
DOC_JUDG_GC_2016_0228_20180621,2018-03-01
DOC_JUDG_GC_2016_0236_20170622,2017-02-09
DOC_JUDG_GC_2016_0240_20180711,2018-02-28
DOC_JUDG_GC_2016_0242_20180322,2017-09-20
DOC_JUDG_GC_2016_0243_20170718,2017-05-17
DOC_JUDG_GC_2016_0244_20190711,2018-10-03
DOC_JUDG_GC_2016_0245_20190711,2018-10-03
DOC_JUDG_GC_2016_0248_20180425,2017-09-08
DOC_JUDG_GC_2016_0260_20180925,2018-02-23
DOC_JUDG_GC_2016_0261_20170921,2017-04-28
DOC_JUDG_GC_2016_0263_RENV_20230920,2023-02-09
DOC_JUDG_GC_2016_0272_20181004,2018-01-23
DOC_JUDG_GC_2016_0273_20180116,2017-07-04
DOC_JUDG_GC_2016_0274_20181122,2018-01-25
DOC_JUDG_GC_2016_0276_20170915,2017-05-17
DOC_JUDG_GC_2016_0282_20190319,2018-04-24
DOC_JUDG_GC_2016_0288_20180426,2017-10-02
DOC_JUDG_GC_2016_0290_20181213,2018-02-20
DOC_JUDG_GC_2016_0298_20181214,2018-05-02
DOC_JUDG_GC_2016_0300_20190410,2018-07-04
DOC_JUDG_GC_2016_0301_20190410,2018-07-03
DOC_JUDG_GC_2016_0303_20220126,2021-07-02
DOC_JUDG_GC_2016_0304_20171214,2017-05-17
DOC_JUDG_GC_2016_0305_20170915,2017-05-30
DOC_JUDG_GC_2016_0310_20190320,2018-07-10
DOC_JUDG_GC_2016_0312_20180425,2017-09-08
DOC_JUDG_GC_2016_0314_20181127,2018-03-06
DOC_JUDG_GC_2016_0315_20170919,2017-05-16
DOC_JUDG_GC_2016_0316_20171012,2017-05-11
DOC_JUDG_GC_2016_0317_20171012,2017-05-11
DOC_JUDG_GC_2016_0318_20171012,2017-05-11
DOC_JUDG_GC_2016_0323_20191128,2019-02-27
DOC_JUDG_GC_2016_0325_20180620,2017-10-26
DOC_JUDG_GC_2016_0326_20170608,2017-03-22
DOC_JUDG_GC_2016_0327_20170627,2017-05-05
DOC_JUDG_GC_2016_0328_20181004,2018-03-16
DOC_JUDG_GC_2016_0329_20181205,2018-05-29
DOC_JUDG_GC_2016_0332_20171207,2017-07-04
DOC_JUDG_GC_2016_0333_20171207,2017-07-04
DOC_JUDG_GC_2016_0334_P_20181025,2018-01-16
DOC_JUDG_GC_2016_0338_P_20180227,2017-06-20
DOC_JUDG_GC_2016_0339_20181213,2018-05-17
DOC_JUDG_GC_2016_0344_20181004,2018-03-16
DOC_JUDG_GC_2016_0345_20181004,2018-03-16
DOC_JUDG_GC_2016_0348_OP_20190117,2018-05-16
DOC_JUDG_GC_2016_0362_20180619,2018-02-21
DOC_JUDG_GC_2016_0364_20181018,2018-01-18
DOC_JUDG_GC_2016_0365_20191128,2019-02-14
DOC_JUDG_GC_2016_0377_20191128,2019-02-13
DOC_JUDG_GC_2016_0382_20171010,2017-07-18
DOC_JUDG_GC_2016_0398_20180116,2017-09-12
DOC_JUDG_GC_2016_0399_20200528,2019-05-02
DOC_JUDG_GC_2016_0399_20200528,2019-05-03
DOC_JUDG_GC_2016_0401_20200909,2019-12-05
DOC_JUDG_GC_2016_0403_20171120,2017-09-22
DOC_JUDG_GC_2016_0408_20180619,2018-01-11
DOC_JUDG_GC_2016_0412_20190116,2018-09-13
DOC_JUDG_GC_2016_0413_20190116,2018-09-13
DOC_JUDG_GC_2016_0416_20181212,2018-05-31
DOC_JUDG_GC_2016_0417_20190912,2019-03-20
DOC_JUDG_GC_2016_0419_20171116,2017-06-22
DOC_JUDG_GC_2016_0420_20230920,2023-02-13
DOC_JUDG_GC_2016_0424_20180314,2017-10-25
DOC_JUDG_GC_2016_0426_20180425,2017-09-15
DOC_JUDG_GC_2016_0427_20170629,2017-05-04
DOC_JUDG_GC_2016_0433_20190328,2018-05-31
DOC_JUDG_GC_2016_0437_20200909,2019-12-05
DOC_JUDG_GC_2016_0438_20180301,2017-11-15
DOC_JUDG_GC_2016_0445_20180223,2017-06-14
DOC_JUDG_GC_2016_0447_20181024,2017-11-17
DOC_JUDG_GC_2016_0453_20171003,2017-05-11
DOC_JUDG_GC_2016_0457_20180201,2017-10-19
DOC_JUDG_GC_2016_0461_20180531,2017-11-16
DOC_JUDG_GC_2016_0462_20180309,2017-10-10
DOC_JUDG_GC_2016_0463_20180926,2017-12-11
DOC_JUDG_GC_2016_0465_20171120,2017-09-26
DOC_JUDG_GC_2016_0466_20190626,2019-02-28
DOC_JUDG_GC_2016_0466_RENV_20240221,2023-03-09
DOC_JUDG_GC_2016_0475_20171130,2017-07-19
DOC_JUDG_GC_2016_0477_20181024,2018-03-13
DOC_JUDG_GC_2016_0478_20190611,2019-01-31
DOC_JUDG_GC_2016_0479_20170628,2017-04-24
DOC_JUDG_GC_2016_0482_RENV_20171213,2017-05-05
DOC_JUDG_GC_2016_0502_20191120,2019-04-11
DOC_JUDG_GC_2016_0504_20170914,2017-05-04
DOC_JUDG_GC_2016_0510_20170719,2017-04-04
DOC_JUDG_GC_2016_0516_20190430,2018-11-27
DOC_JUDG_GC_2016_0517_20181204,2017-11-20
DOC_JUDG_GC_2016_0518_20181204,2017-11-21
DOC_JUDG_GC_2016_0519_20170517,2017-03-22
DOC_JUDG_GC_2016_0523_20190430,2018-11-27
DOC_JUDG_GC_2016_0525_20181214,2018-10-17
DOC_JUDG_GC_2016_0526_20181214,2018-10-17
DOC_JUDG_GC_2016_0527_20191212,2019-03-28
DOC_JUDG_GC_2016_0530_20181213,2018-02-21
DOC_JUDG_GC_2016_0532_20220615,2021-12-13
DOC_JUDG_GC_2016_0533_20220615,2021-12-13
DOC_JUDG_GC_2016_0540_20181214,2018-10-17
DOC_JUDG_GC_2016_0543_20181213,2018-02-21
DOC_JUDG_GC_2016_0545_20220615,2021-12-13
DOC_JUDG_GC_2016_0546_20181004,2018-01-31
DOC_JUDG_GC_2016_0551_20171025,2017-03-02
DOC_JUDG_GC_2016_0555_20171117,2017-01-19
DOC_JUDG_GC_2016_0558_20171122,2017-05-04
DOC_JUDG_GC_2016_0560_20181204,2018-04-18
DOC_JUDG_GC_2016_0563_20170926,2017-03-08
DOC_JUDG_GC_2016_0566_20180517,2017-11-09
DOC_JUDG_GC_2016_0567_20181023,2017-12-13
DOC_JUDG_GC_2016_0568_20180614,2017-11-09
DOC_JUDG_GC_2016_0571_20190508,2018-01-22
DOC_JUDG_GC_2016_0572_20171013,2017-04-27
DOC_JUDG_GC_2016_0573_20190703,2018-01-23
DOC_JUDG_GC_2016_0574_20180503,2017-10-19
DOC_JUDG_GC_2016_0575_20171214,2017-04-27
DOC_JUDG_GC_2016_0577_20171214,2017-04-27
DOC_JUDG_GC_2016_0578_20170908,2017-03-22
DOC_JUDG_GC_2016_0579_20180322,2017-06-15
DOC_JUDG_GC_2016_0581_20180322,2017-09-21
DOC_JUDG_GC_2016_0585_20170915,2017-05-03
DOC_JUDG_GC_2016_0586_20171114,2017-05-05
DOC_JUDG_GC_2016_0603_20181122,2017-11-13
DOC_JUDG_GC_2016_0604_20180919,2018-03-22
DOC_JUDG_GC_2016_0605_20181016,2017-06-13
DOC_JUDG_GC_2016_0606_20180713,2018-03-08
DOC_JUDG_GC_2016_0612_20180713,2018-01-23
DOC_JUDG_GC_2016_0613_20180912,2017-12-05
DOC_JUDG_GC_2016_0619_20180626,2017-09-22
DOC_JUDG_GC_2016_0620_20170921,2017-05-10
DOC_JUDG_GC_2016_0623_20180919,2018-05-31
DOC_JUDG_GC_2016_0626_20180516,2018-02-01
DOC_JUDG_GC_2016_0627_20180913,2018-01-31
DOC_JUDG_GC_2016_0627_RENV_20211215,2021-09-10
DOC_JUDG_GC_2016_0629_20180301,2017-07-06
DOC_JUDG_GC_2016_0631_20190523,2018-05-16
DOC_JUDG_GC_2016_0632_20181213,2018-02-22
DOC_JUDG_GC_2016_0637_20230920,2023-02-13
DOC_JUDG_GC_2016_0638_20181206,2018-05-16
DOC_JUDG_GC_2016_0640_20181018,2018-02-01
DOC_JUDG_GC_2016_0643_20190410,2018-11-06
DOC_JUDG_GC_2016_0644_20180711,2018-02-01
DOC_JUDG_GC_2016_0649_20171019,2017-06-21
DOC_JUDG_GC_2016_0651_20180314,2017-10-25
DOC_JUDG_GC_2016_0654_20180911,2017-11-28
DOC_JUDG_GC_2016_0662_20180503,2017-11-27
DOC_JUDG_GC_2016_0665_20180308,2017-11-30
DOC_JUDG_GC_2016_0671_20180905,2017-11-08
DOC_JUDG_GC_2016_0672_20181213,2018-05-04
DOC_JUDG_GC_2016_0679_20190226,2018-04-16
DOC_JUDG_GC_2016_0688_20181122,2018-07-11
DOC_JUDG_GC_2016_0689_20181213,2018-09-13
DOC_JUDG_GC_2016_0693_P_20180719,2017-11-16
DOC_JUDG_GC_2016_0698_20221130,2022-03-30
DOC_JUDG_GC_2016_0704_20171017,2017-06-27
DOC_JUDG_GC_2016_0712_20180516,2017-09-14
DOC_JUDG_GC_2016_0718_20181108,2018-03-15
DOC_JUDG_GC_2016_0720_20181129,2018-05-02
DOC_JUDG_GC_2016_0721_20180508,2017-11-17
DOC_JUDG_GC_2016_0724_P_20181108,2018-04-24
DOC_JUDG_GC_2016_0728_20171205,2017-10-03
DOC_JUDG_GC_2016_0729_20181025,2018-05-30
DOC_JUDG_GC_2016_0730_20190313,2018-05-17
DOC_JUDG_GC_2016_0732_20200312,2019-03-12
DOC_JUDG_GC_2016_0733_20180713,2018-02-20
DOC_JUDG_GC_2016_0739_20180626,2018-04-10
DOC_JUDG_GC_2016_0741_20190628,2019-01-15
DOC_JUDG_GC_2016_0743_RENV_20181213,2018-05-03
DOC_JUDG_GC_2016_0745_20180713,2018-04-23
DOC_JUDG_GC_2016_0747_20180423,2017-12-07
DOC_JUDG_GC_2016_0748_20190502,2018-09-20
DOC_JUDG_GC_2016_0749_20190508,2018-10-23
DOC_JUDG_GC_2016_0750_20181214,2018-07-10
DOC_JUDG_GC_2016_0751_20180713,2018-04-24
DOC_JUDG_GC_2016_0752_20210922,2020-10-01
DOC_JUDG_GC_2016_0753_20210922,2020-10-01
DOC_JUDG_GC_2016_0757_20180713,2018-04-23
DOC_JUDG_GC_2016_0758_20180713,2018-04-24
DOC_JUDG_GC_2016_0760_20180517,2017-12-07
DOC_JUDG_GC_2016_0763_20180412,2017-10-26
DOC_JUDG_GC_2016_0766_20190320,2018-09-14
DOC_JUDG_GC_2016_0767_20171116,2017-07-20
DOC_JUDG_GC_2016_0768_20180713,2018-04-24
DOC_JUDG_GC_2016_0769_20210324,2020-09-14
DOC_JUDG_GC_2016_0770_20180531,2017-11-29
DOC_JUDG_GC_2016_0774_20180712,2018-03-13
DOC_JUDG_GC_2016_0775_20180207,2017-11-21
DOC_JUDG_GC_2016_0778_20200715,2019-09-17
DOC_JUDG_GC_2016_0778_20200715,2019-09-18
DOC_JUDG_GC_2016_0781_20210609,2020-11-20
DOC_JUDG_GC_2016_0788_20180912,2018-02-07
DOC_JUDG_GC_2016_0791_20190522,2018-09-05
DOC_JUDG_GC_2016_0795_20180207,2017-11-21
DOC_JUDG_GC_2016_0796_20200923,2020-02-06
DOC_JUDG_GC_2016_0801_RENV_20180529,2017-10-25
DOC_JUDG_GC_2016_0803_20180606,2018-01-24
DOC_JUDG_GC_2016_0807_20180607,2018-01-24
DOC_JUDG_GC_2016_0808_20180130,2017-10-05
DOC_JUDG_GC_2016_0811_20181129,2018-03-08
DOC_JUDG_GC_2016_0817_20181206,2018-05-16
DOC_JUDG_GC_2016_0818_20180516,2017-11-09
DOC_JUDG_GC_2016_0825_20180713,2018-02-05
DOC_JUDG_GC_2016_0829_20181127,2018-06-26
DOC_JUDG_GC_2016_0830_20181213,2018-04-17
DOC_JUDG_GC_2016_0831_20180424,2018-01-09
DOC_JUDG_GC_2016_0836_20190516,2018-09-26
DOC_JUDG_GC_2016_0837_20190307,2018-09-27
DOC_JUDG_GC_2016_0842_20210428,2020-10-02
DOC_JUDG_GC_2016_0843_20180228,2017-12-06
DOC_JUDG_GC_2016_0847_20180713,2018-02-05
DOC_JUDG_GC_2016_0848_20181206,2018-05-16
DOC_JUDG_GC_2016_0851_20180207,2017-11-08
DOC_JUDG_GC_2016_0852_20180207,2017-11-08
DOC_JUDG_GC_2016_0854_20181120,2018-03-05
DOC_JUDG_GC_2016_0859_20180619,2017-12-07
DOC_JUDG_GC_2016_0865_20190226,2018-06-26
DOC_JUDG_GC_2016_0868_20220209,2018-09-12
DOC_JUDG_GC_2016_0872_20210428,2020-10-02
DOC_JUDG_GC_2016_0873_20181212,2018-09-14
DOC_JUDG_GC_2016_0874_20181108,2018-03-13
DOC_JUDG_GC_2016_0875_20181205,2018-05-30
DOC_JUDG_GC_2016_0879_20180208,2017-11-10
DOC_JUDG_GC_2016_0883_20190910,2018-10-23
DOC_JUDG_GC_2016_0884_20181009,2017-12-12
DOC_JUDG_GC_2016_0885_20181009,2017-12-12
DOC_JUDG_GC_2016_0894_20190711,2019-01-10
DOC_JUDG_GC_2016_0900_20180601,2018-01-12
DOC_JUDG_GC_2016_0901_20200312,2019-01-15
DOC_JUDG_GC_2016_0903_20190214,2018-09-20
DOC_JUDG_GC_2016_0905_20180912,2018-04-13
DOC_JUDG_GC_2016_0913_20220511,2021-09-16
DOC_JUDG_GC_2017_0001_20180315,2017-11-22
DOC_JUDG_GC_2017_0002_20180503,2018-01-10
DOC_JUDG_GC_2017_0005_20190404,2018-09-07
DOC_JUDG_GC_2017_0006_20180307,2018-01-11
DOC_JUDG_GC_2017_0007_20181015,2018-02-05
DOC_JUDG_GC_2017_0008_20181017,2018-04-18
DOC_JUDG_GC_2017_0009_20180712,2018-02-23
DOC_JUDG_GC_2017_0011_20190207,2018-06-01
DOC_JUDG_GC_2017_0017_20181004,2018-03-08
DOC_JUDG_GC_2017_0020_20190627,2019-01-10
DOC_JUDG_GC_2017_0022_20181206,2018-07-12
DOC_JUDG_GC_2017_0023_20180516,2017-11-30
DOC_JUDG_GC_2017_0026_20181017,2018-05-07
DOC_JUDG_GC_2017_0027_20181017,2018-05-07
DOC_JUDG_GC_2017_0029_20181024,2018-04-12
DOC_JUDG_GC_2017_0031_20181122,2018-05-03
DOC_JUDG_GC_2017_0033_20180925,2018-03-08
DOC_JUDG_GC_2017_0037_20190516,2018-12-05
DOC_JUDG_GC_2017_0039_20180919,2018-03-01
DOC_JUDG_GC_2017_0041_20180712,2018-03-14
DOC_JUDG_GC_2017_0044_20181113,2018-06-19
DOC_JUDG_GC_2017_0045_20180220,2017-11-14
DOC_JUDG_GC_2017_0048_20191107,2019-05-08
DOC_JUDG_GC_2017_0049_20190507,2018-06-11
DOC_JUDG_GC_2017_0051_20190410,2018-09-19
DOC_JUDG_GC_2017_0055_20180912,2018-01-18
DOC_JUDG_GC_2017_0063_20181024,2018-04-17
DOC_JUDG_GC_2017_0067_20180518,2018-02-08
DOC_JUDG_GC_2017_0068_20180518,2018-02-08
DOC_JUDG_GC_2017_0069_20180124,2017-11-20
DOC_JUDG_GC_2017_0072_20180607,2018-01-25
DOC_JUDG_GC_2017_0073_20180912,2018-01-18
DOC_JUDG_GC_2017_0078_20180626,2018-02-02
DOC_JUDG_GC_2017_0079_20180912,2018-01-19
DOC_JUDG_GC_2017_0082_20181121,2017-11-17
DOC_JUDG_GC_2017_0086_20180619,2018-02-01
DOC_JUDG_GC_2017_0093_20180918,2018-03-15
DOC_JUDG_GC_2017_0094_20180913,2018-04-25
DOC_JUDG_GC_2017_0098_20180530,2018-02-08
DOC_JUDG_GC_2017_0100_20181211,2018-06-05
DOC_JUDG_GC_2017_0104_20180913,2018-04-12
DOC_JUDG_GC_2017_0105_20190924,2019-03-19
DOC_JUDG_GC_2017_0107_20190523,2018-05-29
DOC_JUDG_GC_2017_0108_20190404,2018-09-06
DOC_JUDG_GC_2017_0109_20181018,2018-03-07
DOC_JUDG_GC_2017_0110_20200708,2019-01-30
DOC_JUDG_GC_2017_0112_20180912,2018-05-16
DOC_JUDG_GC_2017_0113_20231220,2022-03-17
DOC_JUDG_GC_2017_0117_20190117,2018-05-02
DOC_JUDG_GC_2017_0119_20180413,2017-12-12
DOC_JUDG_GC_2017_0119_RENV_20210512,2020-11-11
DOC_JUDG_GC_2017_0122_20181025,2018-03-14
DOC_JUDG_GC_2017_0125_20190920,2018-12-12
DOC_JUDG_GC_2017_0128_20181214,2018-10-16
DOC_JUDG_GC_2017_0134_20190212,2018-09-14
DOC_JUDG_GC_2017_0135_20190506,2019-01-10
DOC_JUDG_GC_2017_0136_20180612,2018-04-10
DOC_JUDG_GC_2017_0147_20211117,2018-09-26
DOC_JUDG_GC_2017_0150_20181004,2018-04-12
DOC_JUDG_GC_2017_0152_20181205,2018-05-17
DOC_JUDG_GC_2017_0160_20190110,2018-09-12
DOC_JUDG_GC_2017_0161_20181128,2018-02-01
DOC_JUDG_GC_2017_0162_RENV_20181024,2018-03-19
DOC_JUDG_GC_2017_0163_20180531,2018-01-16
DOC_JUDG_GC_2017_0164_20181015,2018-02-20
DOC_JUDG_GC_2017_0167_20190612,2019-01-18
DOC_JUDG_GC_2017_0169_20190305,2018-03-09
DOC_JUDG_GC_2017_0170_20190508,2018-12-11
DOC_JUDG_GC_2017_0180_20180925,2018-05-02
DOC_JUDG_GC_2017_0182_20180925,2018-04-17
DOC_JUDG_GC_2017_0184_20180913,2018-05-17
DOC_JUDG_GC_2017_0185_20190711,2018-12-11
DOC_JUDG_GC_2017_0186_20181003,2018-05-03
DOC_JUDG_GC_2017_0193_20180503,2018-01-17
DOC_JUDG_GC_2017_0198_20190122,2018-05-15
DOC_JUDG_GC_2017_0201_20190212,2018-07-03
DOC_JUDG_GC_2017_0202_20210609,2020-10-06
DOC_JUDG_GC_2017_0214_20181129,2018-07-13
DOC_JUDG_GC_2017_0215_20190131,2018-09-25
DOC_JUDG_GC_2017_0217_20190920,2019-05-06
DOC_JUDG_GC_2017_0218_20180629,2018-02-23
DOC_JUDG_GC_2017_0219_20180927,2018-04-23
DOC_JUDG_GC_2017_0220_20180426,2018-02-08
DOC_JUDG_GC_2017_0222_20190523,2018-11-15
DOC_JUDG_GC_2017_0223_20190411,2018-09-17
DOC_JUDG_GC_2017_0224_20190411,2018-09-17
DOC_JUDG_GC_2017_0225_20190411,2018-09-17
DOC_JUDG_GC_2017_0226_20190411,2018-09-17
DOC_JUDG_GC_2017_0228_20190919,2019-01-22
DOC_JUDG_GC_2017_0229_20190410,2018-09-18
DOC_JUDG_GC_2017_0230_20180307,2018-01-09
DOC_JUDG_GC_2017_0231_20180116,2017-11-15
DOC_JUDG_GC_2017_0233_20180925,2018-02-23
DOC_JUDG_GC_2017_0236_20201216,2020-07-08
DOC_JUDG_GC_2017_0237_20190320,2018-09-06
DOC_JUDG_GC_2017_0238_20180925,2018-03-15
DOC_JUDG_GC_2017_0239_20190507,2018-11-13
DOC_JUDG_GC_2017_0240_20191107,2018-11-21
DOC_JUDG_GC_2017_0241_20181113,2018-07-10
DOC_JUDG_GC_2017_0245_20210310,2020-06-26
DOC_JUDG_GC_2017_0247_20181213,2018-06-20
DOC_JUDG_GC_2017_0249_20201005,2020-01-29
DOC_JUDG_GC_2017_0253_20181212,2018-06-12
DOC_JUDG_GC_2017_0254_20201005,2020-01-29
DOC_JUDG_GC_2017_0255_20201005,2020-01-30
DOC_JUDG_GC_2017_0261_20181024,2018-04-19
DOC_JUDG_GC_2017_0273_20180713,2018-04-10
DOC_JUDG_GC_2017_0275_20180713,2018-05-03
DOC_JUDG_GC_2017_0276_20190712,2018-09-11
DOC_JUDG_GC_2017_0283_20181212,2018-04-13
DOC_JUDG_GC_2017_0290_20190130,2018-09-12
DOC_JUDG_GC_2017_0291_20190712,2018-09-25
DOC_JUDG_GC_2017_0292_20190712,2018-10-09
DOC_JUDG_GC_2017_0307_20190619,2019-01-24
DOC_JUDG_GC_2017_0312_20181205,2018-05-17
DOC_JUDG_GC_2017_0313_20181003,2018-03-14
DOC_JUDG_GC_2017_0315_20181127,2018-05-15
DOC_JUDG_GC_2017_0323_20220330,2019-07-02
DOC_JUDG_GC_2017_0324_20220330,2019-07-11
DOC_JUDG_GC_2017_0325_20220330,2019-07-02
DOC_JUDG_GC_2017_0326_20220330,2019-06-19
DOC_JUDG_GC_2017_0328_20180925,2018-05-15
DOC_JUDG_GC_2017_0328_RENV_20210120,2020-09-29
DOC_JUDG_GC_2017_0329_20190307,2018-09-13
DOC_JUDG_GC_2017_0331_20190712,2019-04-10
DOC_JUDG_GC_2017_0334_20220330,2019-06-28
DOC_JUDG_GC_2017_0337_20220330,2019-06-12
DOC_JUDG_GC_2017_0338_20220330,2019-06-13
DOC_JUDG_GC_2017_0340_20220330,2019-07-03
DOC_JUDG_GC_2017_0341_20220330,2019-09-13
DOC_JUDG_GC_2017_0342_20220330,2019-07-09
DOC_JUDG_GC_2017_0343_20220330,2019-07-05
DOC_JUDG_GC_2017_0344_20220330,2019-07-12
DOC_JUDG_GC_2017_0350_20220330,2019-06-26
DOC_JUDG_GC_2017_0352_20180531,2017-11-29
DOC_JUDG_GC_2017_0358_20181212,2018-09-18
DOC_JUDG_GC_2017_0359_20181025,2018-06-07
DOC_JUDG_GC_2017_0362_20180627,2018-04-18
DOC_JUDG_GC_2017_0367_20181018,2018-04-23
DOC_JUDG_GC_2017_0368_20181018,2018-04-23
DOC_JUDG_GC_2017_0370_20190523,2018-11-29
DOC_JUDG_GC_2017_0371_20190409,2018-09-11
DOC_JUDG_GC_2017_0372_20181129,2018-06-06
DOC_JUDG_GC_2017_0373_20181129,2018-06-06
DOC_JUDG_GC_2017_0378_20181207,2018-09-19
DOC_JUDG_GC_2017_0380_20201005,2019-10-17
DOC_JUDG_GC_2017_0383_20200402,2019-09-05
DOC_JUDG_GC_2017_0384_20180925,2018-05-15
DOC_JUDG_GC_2017_0391_20190924,2019-04-09
DOC_JUDG_GC_2017_0399_20190606,2018-12-13
DOC_JUDG_GC_2017_0411_20200923,2019-12-12
DOC_JUDG_GC_2017_0413_20180619,2018-03-07
DOC_JUDG_GC_2017_0414_20200923,2020-01-29
DOC_JUDG_GC_2017_0416_20181123,2018-07-10
DOC_JUDG_GC_2017_0417_20181123,2018-07-10
DOC_JUDG_GC_2017_0420_20200923,2020-01-30
DOC_JUDG_GC_2017_0424_20181122,2018-06-19
DOC_JUDG_GC_2017_0433_20190920,2019-01-11
DOC_JUDG_GC_2017_0439_20190305,2018-07-13
DOC_JUDG_GC_2017_0446_20190312,2018-10-16
DOC_JUDG_GC_2017_0448_20180927,2018-04-20
DOC_JUDG_GC_2017_0449_20180927,2018-04-20
DOC_JUDG_GC_2017_0450_20190305,2018-07-13
DOC_JUDG_GC_2017_0453_20190212,2018-11-06
DOC_JUDG_GC_2017_0455_20210707,2020-11-20
DOC_JUDG_GC_2017_0457_20180925,2018-04-13
DOC_JUDG_GC_2017_0458_20181126,2018-07-05
DOC_JUDG_GC_2017_0459_20181206,2018-07-09
DOC_JUDG_GC_2017_0460_20181121,2018-05-29
DOC_JUDG_GC_2017_0463_20180503,2018-02-28
DOC_JUDG_GC_2017_0464_20181214,2018-07-05
DOC_JUDG_GC_2017_0466_20190924,2019-04-03
DOC_JUDG_GC_2017_0467_20190920,2019-04-11
DOC_JUDG_GC_2017_0471_20181207,2018-06-27
DOC_JUDG_GC_2017_0472_20180927,2018-05-18
DOC_JUDG_GC_2017_0474_20190626,2018-11-13
DOC_JUDG_GC_2017_0476_20190919,2019-02-12
DOC_JUDG_GC_2017_0480_20190326,2018-09-25
DOC_JUDG_GC_2017_0481_20220601,2021-06-14
DOC_JUDG_GC_2017_0486_20181114,2018-05-31
DOC_JUDG_GC_2017_0489_20190116,2018-07-09
DOC_JUDG_GC_2017_0492_20190402,2018-12-04
DOC_JUDG_GC_2017_0500_20190924,2019-03-27
DOC_JUDG_GC_2017_0500_RENV_20230329,2022-11-18
DOC_JUDG_GC_2017_0510_20220601,2021-06-21
DOC_JUDG_GC_2017_0523_20220601,2021-06-16
DOC_JUDG_GC_2017_0533_20181018,2018-05-17
DOC_JUDG_GC_2017_0537_20181213,2018-09-19
DOC_JUDG_GC_2017_0546_20181115,2018-07-11
DOC_JUDG_GC_2017_0548_20181016,2018-04-24
DOC_JUDG_GC_2017_0550_20181108,2018-06-14
DOC_JUDG_GC_2017_0559_20190131,2018-09-20
DOC_JUDG_GC_2017_0562_20190328,2018-12-07
DOC_JUDG_GC_2017_0570_20220601,2021-06-24
DOC_JUDG_GC_2017_0571_20200402,2019-04-09
DOC_JUDG_GC_2017_0572_20181214,2018-09-13
DOC_JUDG_GC_2017_0576_20190117,2018-09-06
DOC_JUDG_GC_2017_0578_20190620,2019-01-17
DOC_JUDG_GC_2017_0582_20190326,2018-12-13
DOC_JUDG_GC_2017_0595_20180927,2018-07-11
DOC_JUDG_GC_2017_0601_20191024,2019-01-23
DOC_JUDG_GC_2017_0602_20190703,2019-01-17
DOC_JUDG_GC_2017_0603_20190904,2018-11-27
DOC_JUDG_GC_2017_0607_20200513,2019-10-02
DOC_JUDG_GC_2017_0610_20190920,2019-02-14
DOC_JUDG_GC_2017_0611_20190329,2018-10-15
DOC_JUDG_GC_2017_0612_20211110,2020-02-12
DOC_JUDG_GC_2017_0612_20211110,2020-02-13
DOC_JUDG_GC_2017_0612_20211110,2020-02-14
DOC_JUDG_GC_2017_0616_RENV_20190605,2019-03-05
DOC_JUDG_GC_2017_0617_20190626,2019-01-08
DOC_JUDG_GC_2017_0617_RENV_20221221,2022-05-19
DOC_JUDG_GC_2017_0626_20200909,2019-12-03
DOC_JUDG_GC_2017_0628_20220601,2021-06-17
DOC_JUDG_GC_2017_0629_20190912,2019-02-14
DOC_JUDG_GC_2017_0636_20190920,2019-04-11
DOC_JUDG_GC_2017_0650_20190920,2019-03-07
DOC_JUDG_GC_2017_0651_20181129,2018-07-12
DOC_JUDG_GC_2017_0652_20180919,2018-05-28
DOC_JUDG_GC_2017_0655_20190411,2018-11-22
DOC_JUDG_GC_2017_0665_20181206,2018-06-28
DOC_JUDG_GC_2017_0667_20190131,2018-09-20
DOC_JUDG_GC_2017_0672_20181023,2018-06-26
DOC_JUDG_GC_2017_0673_20190920,2019-01-30
DOC_JUDG_GC_2017_0674_20190920,2019-01-30
DOC_JUDG_GC_2017_0681_20181129,2018-09-11
DOC_JUDG_GC_2017_0682_20181129,2018-09-11
DOC_JUDG_GC_2017_0683_20181129,2018-09-11
DOC_JUDG_GC_2017_0695_20210616,2020-11-19
DOC_JUDG_GC_2017_0696_20190920,2019-02-04
DOC_JUDG_GC_2017_0698_20190712,2019-02-05
DOC_JUDG_GC_2017_0699_20210127,2020-09-17
DOC_JUDG_GC_2017_0702_20181123,2018-07-10
DOC_JUDG_GC_2017_0703_20181123,2018-07-10
DOC_JUDG_GC_2017_0716_20200513,2019-10-03
DOC_JUDG_GC_2017_0719_20210317,2020-06-30
DOC_JUDG_GC_2017_0721_20190911,2019-03-06
DOC_JUDG_GC_2017_0728_20190514,2019-01-29
DOC_JUDG_GC_2017_0733_20190516,2018-12-13
DOC_JUDG_GC_2017_0736_20181004,2018-06-14
DOC_JUDG_GC_2017_0741_20190910,2019-04-11
DOC_JUDG_GC_2017_0743_20181212,2018-10-10
DOC_JUDG_GC_2017_0745_20200909,2020-01-21
DOC_JUDG_GC_2017_0747_20190430,2018-11-28
DOC_JUDG_GC_2017_0751_20190514,2019-01-24
DOC_JUDG_GC_2017_0754_20190430,2018-11-28
DOC_JUDG_GC_2017_0758_20181108,2018-06-28
DOC_JUDG_GC_2017_0759_20181108,2018-06-28
DOC_JUDG_GC_2017_0761_20181214,2018-07-11
DOC_JUDG_GC_2017_0762_20190320,2018-11-14
DOC_JUDG_GC_2017_0763_20181129,2018-07-11
DOC_JUDG_GC_2017_0765_20190411,2018-12-12
DOC_JUDG_GC_2017_0766_20190207,2018-11-08
DOC_JUDG_GC_2017_0767_20190207,2018-11-08
DOC_JUDG_GC_2017_0779_20190404,2018-12-06
DOC_JUDG_GC_2017_0783_20190919,2019-01-29
DOC_JUDG_GC_2017_0786_20190919,2019-03-12
DOC_JUDG_GC_2017_0787_20190326,2018-11-23
DOC_JUDG_GC_2017_0792_20190712,2019-02-05
DOC_JUDG_GC_2017_0795_20190514,2019-03-05
DOC_JUDG_GC_2017_0799_20220202,2020-06-18
DOC_JUDG_GC_2017_0800_20190124,2018-11-08
DOC_JUDG_GC_2017_0801_20181214,2018-10-24
DOC_JUDG_GC_2017_0802_20181214,2018-10-24
DOC_JUDG_GC_2017_0803_20181214,2018-10-24
DOC_JUDG_GC_2017_0804_20190404,2018-12-06
DOC_JUDG_GC_2017_0813_20190516,2018-11-29
DOC_JUDG_GC_2017_0814_20201118,2020-02-05
DOC_JUDG_GC_2017_0816_20210512,2020-03-06
DOC_JUDG_GC_2017_0816_20210512,2020-03-05
DOC_JUDG_GC_2017_0821_20181212,2018-10-04
DOC_JUDG_GC_2017_0824_20181127,2018-10-04
DOC_JUDG_GC_2017_0827_20211006,2021-03-04
DOC_JUDG_GC_2017_0828_20190618,2019-05-08
DOC_JUDG_GC_2017_0829_20190328,2019-01-10
DOC_JUDG_GC_2017_0832_20190110,2018-09-27
DOC_JUDG_GC_2017_0834_20220223,2020-10-28
DOC_JUDG_GC_2017_0835_20200312,2019-11-07
DOC_JUDG_GC_2017_0837_20190523,2019-03-20
DOC_JUDG_GC_2017_0837_20190523,2018-10-17
DOC_JUDG_GC_2018_0003_20190523,2018-11-22
DOC_JUDG_GC_2018_0008_20200513,2019-10-02
DOC_JUDG_GC_2018_0012_20190514,2019-01-09
DOC_JUDG_GC_2018_0013_20190924,2019-02-26
DOC_JUDG_GC_2018_0014_20191219,2019-06-05
DOC_JUDG_GC_2018_0015_20211006,2021-02-11
DOC_JUDG_GC_2018_0019_20200122,2019-06-25
DOC_JUDG_GC_2018_0021_20191217,2019-06-26
DOC_JUDG_GC_2018_0022_20191219,2019-07-09
DOC_JUDG_GC_2018_0027_RENV_20190919,2019-05-07
DOC_JUDG_GC_2018_0028_20190619,2019-02-26
DOC_JUDG_GC_2018_0031_20191127,2019-07-02
DOC_JUDG_GC_2018_0040_20190117,2018-09-20
DOC_JUDG_GC_2018_0043_20190606,2019-01-24
DOC_JUDG_GC_2018_0047_20190920,2019-04-09
DOC_JUDG_GC_2018_0053_20190709,2019-03-28
DOC_JUDG_GC_2018_0054_20190712,2019-02-28
DOC_JUDG_GC_2018_0055_20190508,2018-12-10
DOC_JUDG_GC_2018_0056_20190508,2018-12-10
DOC_JUDG_GC_2018_0057_20190508,2018-12-10
DOC_JUDG_GC_2018_0061_20190404,2019-01-17
DOC_JUDG_GC_2018_0065_20190920,2019-02-08
DOC_JUDG_GC_2018_0065_RENV_20230913,2023-03-03
DOC_JUDG_GC_2018_0067_20191219,2019-06-21
DOC_JUDG_GC_2018_0068_20190924,2019-03-20
DOC_JUDG_GC_2018_0074_20190613,2019-02-07
DOC_JUDG_GC_2018_0075_20190613,2019-03-06
DOC_JUDG_GC_2018_0076_20181213,2018-10-25
DOC_JUDG_GC_2018_0077_20200923,2019-12-04
DOC_JUDG_GC_2018_0081_20200402,2019-09-17
DOC_JUDG_GC_2018_0083_20181213,2018-10-25
DOC_JUDG_GC_2018_0088_20190205,2018-11-27
DOC_JUDG_GC_2018_0093_20201216,2020-06-12
DOC_JUDG_GC_2018_0094_20181213,2018-09-13
DOC_JUDG_GC_2018_0095_20190711,2019-04-03
DOC_JUDG_GC_2018_0098_20181213,2018-09-13
DOC_JUDG_GC_2018_0100_20191219,2019-05-14
DOC_JUDG_GC_2018_0101_20221130,2022-03-10
DOC_JUDG_GC_2018_0108_20210224,2020-09-16
DOC_JUDG_GC_2018_0112_20190924,2019-05-14
DOC_JUDG_GC_2018_0113_20190712,2019-04-09
DOC_JUDG_GC_2018_0114_20190712,2019-04-09
DOC_JUDG_GC_2018_0117_20190626,2018-12-05
DOC_JUDG_GC_2018_0132_20210609,2020-11-20
DOC_JUDG_GC_2018_0135_20190627,2019-03-07
DOC_JUDG_GC_2018_0136_20190430,2019-01-17
DOC_JUDG_GC_2018_0143_20200909,2019-09-09
DOC_JUDG_GC_2018_0144_20200909,2019-09-09
DOC_JUDG_GC_2018_0145_20200909,2019-09-10
DOC_JUDG_GC_2018_0146_20200909,2019-09-10
DOC_JUDG_GC_2018_0149_20200909,2019-09-11
DOC_JUDG_GC_2018_0150_20200909,2019-09-11
DOC_JUDG_GC_2018_0151_20201028,2020-06-22
DOC_JUDG_GC_2018_0152_20190507,2019-01-17
DOC_JUDG_GC_2018_0161_20210224,2020-07-09
DOC_JUDG_GC_2018_0163_20200212,2019-07-04
DOC_JUDG_GC_2018_0164_20200212,2019-07-04
DOC_JUDG_GC_2018_0165_20200212,2019-07-04
DOC_JUDG_GC_2018_0166_20200212,2019-07-04
DOC_JUDG_GC_2018_0167_20200212,2019-07-04
DOC_JUDG_GC_2018_0168_20200212,2019-07-04
DOC_JUDG_GC_2018_0169_20200212,2019-07-04
DOC_JUDG_GC_2018_0170_20200212,2019-07-04
DOC_JUDG_GC_2018_0171_20200212,2019-07-04
DOC_JUDG_GC_2018_0172_20200212,2019-07-04
DOC_JUDG_GC_2018_0173_20200212,2019-07-04
DOC_JUDG_GC_2018_0174_20200212,2019-07-04
DOC_JUDG_GC_2018_0175_20200212,2019-07-04
DOC_JUDG_GC_2018_0176_20200212,2019-07-04
DOC_JUDG_GC_2018_0181_20190124,2018-11-21
DOC_JUDG_GC_2018_0191_20190606,2019-01-24
DOC_JUDG_GC_2018_0192_20190606,2019-01-24
DOC_JUDG_GC_2018_0193_20210324,2020-09-18
DOC_JUDG_GC_2018_0195_20200513,2019-10-09
DOC_JUDG_GC_2018_0211_20191219,2019-07-08
DOC_JUDG_GC_2018_0214_20190430,2019-02-27
DOC_JUDG_GC_2018_0216_20190228,2018-12-06
DOC_JUDG_GC_2018_0217_20190910,2019-03-13
DOC_JUDG_GC_2018_0218_20210519,2020-07-03
DOC_JUDG_GC_2018_0218_RENV_20250430,2024-12-10
DOC_JUDG_GC_2018_0219_20190924,2019-02-27
DOC_JUDG_GC_2018_0223_20210602,2020-09-10
DOC_JUDG_GC_2018_0225_20190912,2019-06-13
DOC_JUDG_GC_2018_0226_20210630,2020-09-29
DOC_JUDG_GC_2018_0228_20190516,2019-02-13
DOC_JUDG_GC_2018_0235_20220615,2021-05-06
DOC_JUDG_GC_2018_0235_20220615,2021-05-05
DOC_JUDG_GC_2018_0235_20220615,2021-05-04
DOC_JUDG_GC_2018_0240_20211020,2020-09-11
DOC_JUDG_GC_2018_0241_20191121,2019-07-05
DOC_JUDG_GC_2018_0243_20201216,2020-10-12
DOC_JUDG_GC_2018_0245_20210714,2020-09-03
DOC_JUDG_GC_2018_0246_20210714,2020-09-03
DOC_JUDG_GC_2018_0247_20210714,2020-09-03
DOC_JUDG_GC_2018_0248_20210714,2020-09-03
DOC_JUDG_GC_2018_0249_20210714,2020-09-03
DOC_JUDG_GC_2018_0251_20200310,2019-10-16
DOC_JUDG_GC_2018_0253_20190709,2019-04-09
DOC_JUDG_GC_2018_0254_20210519,2020-06-29
DOC_JUDG_GC_2018_0261_20190924,2019-03-29
DOC_JUDG_GC_2018_0268_20190627,2019-02-28
DOC_JUDG_GC_2018_0269_20190508,2019-02-14
DOC_JUDG_GC_2018_0272_20190605,2019-01-14
DOC_JUDG_GC_2018_0273_20190605,2019-03-12
DOC_JUDG_GC_2018_0279_20191017,2019-03-28
DOC_JUDG_GC_2018_0286_20190911,2019-05-20
DOC_JUDG_GC_2018_0287_20190920,2019-05-07
DOC_JUDG_GC_2018_0288_20190920,2019-05-07
DOC_JUDG_GC_2018_0291_20190612,2019-02-26
DOC_JUDG_GC_2018_0292_20200130,2019-12-10
DOC_JUDG_GC_2018_0295_20191219,2019-07-09
DOC_JUDG_GC_2018_0296_20211020,2020-09-10
DOC_JUDG_GC_2018_0300_20190924,2019-06-06
DOC_JUDG_GC_2018_0301_20190924,2019-06-06
DOC_JUDG_GC_2018_0303_RENV_20190410,2018-12-13
DOC_JUDG_GC_2018_0307_20201015,2020-01-30
DOC_JUDG_GC_2018_0310_20191024,2019-05-23
DOC_JUDG_GC_2018_0316_20201015,2020-01-23
DOC_JUDG_GC_2018_0320_20200212,2019-10-11
DOC_JUDG_GC_2018_0328_20210908,2021-01-20
DOC_JUDG_GC_2018_0334_20190627,2019-03-13
DOC_JUDG_GC_2018_0335_20220406,2021-09-30
DOC_JUDG_GC_2018_0337_20210915,2020-09-24
DOC_JUDG_GC_2018_0340_20190628,2019-04-11
DOC_JUDG_GC_2018_0341_20210929,2020-10-12
DOC_JUDG_GC_2018_0342_20210929,2020-10-22
DOC_JUDG_GC_2018_0343_20210929,2020-10-12
DOC_JUDG_GC_2018_0344_20210929,2020-10-21
DOC_JUDG_GC_2018_0349_20190711,2019-03-01
DOC_JUDG_GC_2018_0351_20211006,2020-09-25
DOC_JUDG_GC_2018_0354_20190516,2019-02-13
DOC_JUDG_GC_2018_0355_20210908,2020-12-03
DOC_JUDG_GC_2018_0356_20190924,2019-05-16
DOC_JUDG_GC_2018_0357_20190613,2019-04-04
DOC_JUDG_GC_2018_0361_20191105,2019-06-28
DOC_JUDG_GC_2018_0363_20210929,2020-10-23
DOC_JUDG_GC_2018_0364_20190523,2019-03-06
DOC_JUDG_GC_2018_0366_20190613,2019-03-07
DOC_JUDG_GC_2018_0372_20191010,2019-07-12
DOC_JUDG_GC_2018_0377_20190628,2019-02-12
DOC_JUDG_GC_2018_0378_20190919,2019-04-10
DOC_JUDG_GC_2018_0380_20191107,2019-05-08
DOC_JUDG_GC_2018_0385_20190627,2019-04-30
DOC_JUDG_GC_2018_0399_20190917,2019-05-14
DOC_JUDG_GC_2018_0402_20200129,2019-10-09
DOC_JUDG_GC_2018_0404_20190924,2019-06-11
DOC_JUDG_GC_2018_0406_20250212,2024-07-09
DOC_JUDG_GC_2018_0408_20200923,2020-03-12
DOC_JUDG_GC_2018_0411_20211027,2021-04-28
DOC_JUDG_GC_2018_0412_20190712,2019-04-03
DOC_JUDG_GC_2018_0417_20191024,2019-05-22
DOC_JUDG_GC_2018_0425_20210922,2020-09-24
DOC_JUDG_GC_2018_0428_20191010,2019-06-20
DOC_JUDG_GC_2018_0429_20200708,2020-01-21
DOC_JUDG_GC_2018_0432_20191016,2019-05-06
DOC_JUDG_GC_2018_0433_20200923,2019-11-27
DOC_JUDG_GC_2018_0434_20191015,2019-06-18
DOC_JUDG_GC_2018_0437_20200429,2020-02-05
DOC_JUDG_GC_2018_0438_20201216,2020-09-17
DOC_JUDG_GC_2018_0439_20190523,2019-03-19
DOC_JUDG_GC_2018_0443_20200513,2019-09-04
DOC_JUDG_GC_2018_0444_20200513,2019-12-10
DOC_JUDG_GC_2018_0445_20200513,2019-12-10
DOC_JUDG_GC_2018_0446_20200513,2019-12-10
DOC_JUDG_GC_2018_0447_20210929,2020-09-29
DOC_JUDG_GC_2018_0448_20210929,2020-09-29
DOC_JUDG_GC_2018_0449_20190606,2019-03-21
DOC_JUDG_GC_2018_0454_20191010,2019-06-13
DOC_JUDG_GC_2018_0458_20190920,2019-04-11
DOC_JUDG_GC_2018_0464_20190917,2019-03-26
DOC_JUDG_GC_2018_0474_20200402,2019-12-18
DOC_JUDG_GC_2018_0478_20210113,2020-06-22
DOC_JUDG_GC_2018_0479_20190619,2019-04-04
DOC_JUDG_GC_2018_0482_20190709,2019-04-10
DOC_JUDG_GC_2018_0484_20200312,2019-10-01
DOC_JUDG_GC_2018_0486_RENV_20240410,2023-09-26
DOC_JUDG_GC_2018_0487_20200211,2019-10-01
DOC_JUDG_GC_2018_0490_20200708,2020-02-06
DOC_JUDG_GC_2018_0492_20190924,2019-06-11
DOC_JUDG_GC_2018_0498_20191024,2019-07-04
DOC_JUDG_GC_2018_0500_20191003,2019-06-13
DOC_JUDG_GC_2018_0501_20191219,2019-05-07
DOC_JUDG_GC_2018_0504_20191219,2019-10-08
DOC_JUDG_GC_2018_0505_20200212,2019-09-05
DOC_JUDG_GC_2018_0506_20200625,2020-02-12
DOC_JUDG_GC_2018_0509_20191219,2019-10-03
DOC_JUDG_GC_2018_0510_20200923,2020-03-05
DOC_JUDG_GC_2018_0511_20200625,2019-12-19
DOC_JUDG_GC_2018_0515_20201216,2020-07-07
DOC_JUDG_GC_2018_0516_20210512,2020-09-15
DOC_JUDG_GC_2018_0519_20210630,2020-09-30
DOC_JUDG_GC_2018_0524_20191204,2019-09-11
DOC_JUDG_GC_2018_0527_20191121,2019-09-10
DOC_JUDG_GC_2018_0528_20190912,2019-05-15
DOC_JUDG_GC_2018_0534_20200513,2019-12-10
DOC_JUDG_GC_2018_0535_20200513,2019-12-10
DOC_JUDG_GC_2018_0536_20191010,2019-05-16
DOC_JUDG_GC_2018_0537_20221221,2022-05-19
DOC_JUDG_GC_2018_0540_20220223,2020-10-29
DOC_JUDG_GC_2018_0541_20201216,2020-07-02
DOC_JUDG_GC_2018_0545_20190911,2019-07-03
DOC_JUDG_GC_2018_0547_20200326,2019-07-09
DOC_JUDG_GC_2018_0548_20210113,2020-07-02
DOC_JUDG_GC_2018_0550_20210714,2020-09-04
DOC_JUDG_GC_2018_0551_20210714,2020-09-04
DOC_JUDG_GC_2018_0553_20210714,2020-09-04
DOC_JUDG_GC_2018_0554_20210714,2020-09-04
DOC_JUDG_GC_2018_0559_20191024,2019-07-11
DOC_JUDG_GC_2018_0560_20191024,2019-07-11
DOC_JUDG_GC_2018_0561_20210505,2020-10-22
DOC_JUDG_GC_2018_0565_20200909,2020-02-25
DOC_JUDG_GC_2018_0568_20191107,2019-09-06
DOC_JUDG_GC_2018_0573_20200205,2019-09-11
DOC_JUDG_GC_2018_0576_20200708,2020-01-21
DOC_JUDG_GC_2018_0577_20200708,2020-01-21
DOC_JUDG_GC_2018_0578_20200708,2020-01-21
DOC_JUDG_GC_2018_0585_20210210,2020-09-24
DOC_JUDG_GC_2018_0592_20191128,2019-07-09
DOC_JUDG_GC_2018_0594_20201028,2020-03-12
DOC_JUDG_GC_2018_0597_20201005,2020-06-16
DOC_JUDG_GC_2018_0598_20200130,2019-11-06
DOC_JUDG_GC_2018_0604_20220914,2021-10-01
DOC_JUDG_GC_2018_0605_20200212,2019-11-07
DOC_JUDG_GC_2018_0608_20200610,2020-01-28
DOC_JUDG_GC_2018_0610_20210113,2020-07-02
DOC_JUDG_GC_2018_0611_20210505,2020-07-13
DOC_JUDG_GC_2018_0615_20200528,2019-12-11
DOC_JUDG_GC_2018_0616_20220202,2021-05-18
DOC_JUDG_GC_2018_0616_20220202,2021-05-19
DOC_JUDG_GC_2018_0619_20210929,2020-09-29
DOC_JUDG_GC_2018_0624_20191218,2019-09-17
DOC_JUDG_GC_2018_0647_20191219,2019-10-22
DOC_JUDG_GC_2018_0653_20200326,2019-10-15
DOC_JUDG_GC_2018_0654_20200326,2019-10-15
DOC_JUDG_GC_2018_0655_20211013,2021-04-22
DOC_JUDG_GC_2018_0656_20210120,2020-09-09
DOC_JUDG_GC_2018_0658_20191203,2019-09-24
DOC_JUDG_GC_2018_0669_20191114,2019-09-17
DOC_JUDG_GC_2018_0671_20211020,2021-01-14
DOC_JUDG_GC_2018_0677_20200528,2019-11-21
DOC_JUDG_GC_2018_0683_20191212,2019-09-24
DOC_JUDG_GC_2018_0688_20200305,2019-11-26
DOC_JUDG_GC_2018_0689_20190909,2019-06-26
DOC_JUDG_GC_2018_0691_20210127,2020-09-15
DOC_JUDG_GC_2018_0695_20191120,2019-09-18
DOC_JUDG_GC_2018_0696_20200528,2020-02-05
DOC_JUDG_GC_2018_0697_20200129,2019-09-10
DOC_JUDG_GC_2018_0700_20191010,2019-06-27
DOC_JUDG_GC_2018_0701_20200528,2019-12-17
DOC_JUDG_GC_2018_0707_20200429,2020-02-05
DOC_JUDG_GC_2018_0711_20191126,2019-09-19
DOC_JUDG_GC_2018_0716_20190920,2019-05-15
DOC_JUDG_GC_2018_0718_20200610,2020-01-30
DOC_JUDG_GC_2018_0721_20211221,2021-05-20
DOC_JUDG_GC_2018_0722_20201209,2020-07-03
DOC_JUDG_GC_2018_0723_20210303,2020-07-01
DOC_JUDG_GC_2018_0724_20200528,2020-01-22
DOC_JUDG_GC_2018_0726_20191128,2019-10-10
DOC_JUDG_GC_2018_0735_20201118,2020-06-30
DOC_JUDG_GC_2018_0737_20200625,2020-01-23
DOC_JUDG_GC_2018_0740_20220209,2020-09-17
DOC_JUDG_GC_2018_0743_20191219,2019-10-24
DOC_JUDG_GC_2018_0745_20211006,2020-10-29
DOC_JUDG_GC_2018_0752_20200326,2020-01-16
DOC_JUDG_GC_2018_0758_20210120,2020-07-06
DOC_JUDG_GC_2019_0005_20200513,2019-11-06
DOC_JUDG_GC_2019_0008_20200213,2019-12-04
DOC_JUDG_GC_2019_0009_20210127,2020-06-24
DOC_JUDG_GC_2019_0017_20210203,2020-07-10
DOC_JUDG_GC_2019_0018_20201005,2020-02-27
DOC_JUDG_GC_2019_0020_20200708,2020-01-15
DOC_JUDG_GC_2019_0021_20200708,2012-06-27
DOC_JUDG_GC_2019_0024_20210915,2020-11-24
DOC_JUDG_GC_2019_0025_20201111,2020-06-16
DOC_JUDG_GC_2019_0027_20220202,2021-02-26
DOC_JUDG_GC_2019_0029_20191205,2019-10-16
DOC_JUDG_GC_2019_0030_20220504,2021-07-09
DOC_JUDG_GC_2019_0032_20210714,2020-09-04
DOC_JUDG_GC_2019_0035_20210714,2020-09-03
DOC_JUDG_GC_2019_0036_20200923,2019-12-03
DOC_JUDG_GC_2019_0037_20200429,2019-12-05
DOC_JUDG_GC_2019_0038_20200708,2020-03-05
DOC_JUDG_GC_2019_0042_20200129,2019-11-05
DOC_JUDG_GC_2019_0045_20210505,2020-10-14
DOC_JUDG_GC_2019_0046_20200909,2020-03-04
DOC_JUDG_GC_2019_0047_20210609,2020-11-19
DOC_JUDG_GC_2019_0048_20201015,2020-06-11
DOC_JUDG_GC_2019_0049_20200513,2020-02-27
DOC_JUDG_GC_2019_0052_20210908,2020-12-08
DOC_JUDG_GC_2019_0063_20200513,2019-11-28
DOC_JUDG_GC_2019_0065_20210714,2020-10-01
DOC_JUDG_GC_2019_0069_20191219,2019-10-17
DOC_JUDG_GC_2019_0071_20201125,2020-09-02
DOC_JUDG_GC_2019_0073_20200429,2020-01-14
DOC_JUDG_GC_2019_0078_20200429,2020-01-16
DOC_JUDG_GC_2019_0083_20200610,2020-03-10
DOC_JUDG_GC_2019_0085_20200312,2019-12-12
DOC_JUDG_GC_2019_0087_20201005,2020-06-24
DOC_JUDG_GC_2019_0100_20200610,2020-01-16
DOC_JUDG_GC_2019_0105_20200610,2020-01-22
DOC_JUDG_GC_2019_0107_20201125,2020-06-25
DOC_JUDG_GC_2019_0108_20200429,2019-12-10
DOC_JUDG_GC_2019_0109_20200429,2019-12-10
DOC_JUDG_GC_2019_0110_20210203,2020-06-29
DOC_JUDG_GC_2019_0111_20210203,2020-06-29
DOC_JUDG_GC_2019_0113_20210203,2020-06-29
DOC_JUDG_GC_2019_0116_20210203,2020-06-29
DOC_JUDG_GC_2019_0118_20210203,2020-06-29
DOC_JUDG_GC_2019_0119_20210203,2020-06-29
DOC_JUDG_GC_2019_0120_20210203,2020-06-29
DOC_JUDG_GC_2019_0121_20210203,2020-06-29
DOC_JUDG_GC_2019_0122_20210203,2020-06-29
DOC_JUDG_GC_2019_0123_20210203,2020-06-29
DOC_JUDG_GC_2019_0124_20210203,2020-06-29
DOC_JUDG_GC_2019_0127_20211208,2021-01-25
DOC_JUDG_GC_2019_0133_20200625,2020-01-23
DOC_JUDG_GC_2019_0134_20210310,2020-10-14
DOC_JUDG_GC_2019_0135_20200206,2019-11-07
DOC_JUDG_GC_2019_0136_20231025,2022-09-29
DOC_JUDG_GC_2019_0144_20200909,2020-02-06
DOC_JUDG_GC_2019_0152_20210908,2020-10-06
DOC_JUDG_GC_2019_0153_20211013,2020-10-27
DOC_JUDG_GC_2019_0156_20200513,2019-12-12
DOC_JUDG_GC_2019_0157_20210210,2020-09-24
DOC_JUDG_GC_2019_0158_20211215,2021-02-05
DOC_JUDG_GC_2019_0160_20211124,2020-10-14
DOC_JUDG_GC_2019_0164_20210714,2021-02-01
DOC_JUDG_GC_2019_0166_20201125,2020-07-15
DOC_JUDG_GC_2019_0172_20200513,2020-01-23
DOC_JUDG_GC_2019_0173_20201111,2020-06-17
DOC_JUDG_GC_2019_0177_20210609,2020-11-10
DOC_JUDG_GC_2019_0178_20201202,2020-06-24
DOC_JUDG_GC_2019_0185_20210714,2020-11-10
DOC_JUDG_GC_2019_0187_20200909,2020-02-27
DOC_JUDG_GC_2019_0193_20210908,2021-02-10
DOC_JUDG_GC_2019_0196_20211006,2020-10-30
DOC_JUDG_GC_2019_0213_20200528,2020-02-26
DOC_JUDG_GC_2019_0233_20211006,2020-10-29
DOC_JUDG_GC_2019_0238_20211006,2020-10-30
DOC_JUDG_GC_2019_0242_20220427,2021-09-28
DOC_JUDG_GC_2019_0243_20220427,2021-04-27
DOC_JUDG_GC_2019_0246_20221109,2022-03-30
DOC_JUDG_GC_2019_0247_20201202,2020-07-06
DOC_JUDG_GC_2019_0252_20210421,2020-11-16
DOC_JUDG_GC_2019_0253_20210714,2020-10-13
DOC_JUDG_GC_2019_0256_20211124,2020-10-22
DOC_JUDG_GC_2019_0257_20211124,2020-10-21
DOC_JUDG_GC_2019_0259_20211124,2020-10-21
DOC_JUDG_GC_2019_0260_20210414,2020-09-23
DOC_JUDG_GC_2019_0262_20200211,2019-12-12
DOC_JUDG_GC_2019_0273_20201028,2020-06-26
DOC_JUDG_GC_2019_0277_20210324,2020-10-05
DOC_JUDG_GC_2019_0279_20210929,2021-03-02
DOC_JUDG_GC_2019_0281_20210616,2021-03-15
DOC_JUDG_GC_2019_0282_20210324,2020-11-30
DOC_JUDG_GC_2019_0286_20201216,2020-09-16
DOC_JUDG_GC_2019_0300_20210414,2020-10-09
DOC_JUDG_GC_2019_0302_20210609,2020-12-08
DOC_JUDG_GC_2019_0303_20210609,2020-12-08
DOC_JUDG_GC_2019_0309_20201125,2020-06-18
DOC_JUDG_GC_2019_0310_20201125,2020-06-18
DOC_JUDG_GC_2019_0312_20200326,2020-01-15
DOC_JUDG_GC_2019_0315_20201216,2020-10-15
DOC_JUDG_GC_2019_0317_20220209,2020-11-19
DOC_JUDG_GC_2019_0318_20201202,2020-07-06
DOC_JUDG_GC_2019_0321_20200312,2020-01-16
DOC_JUDG_GC_2019_0322_20210421,2020-10-20
DOC_JUDG_GC_2019_0331_20200205,2019-12-03
DOC_JUDG_GC_2019_0332_20200205,2019-12-03
DOC_JUDG_GC_2019_0334_20240918,2022-05-04
DOC_JUDG_GC_2019_0336_20200130,2019-12-18
DOC_JUDG_GC_2019_0344_20210929,2021-03-03
DOC_JUDG_GC_2019_0345_20210210,2020-07-07
DOC_JUDG_GC_2019_0355_20210616,2020-12-10
DOC_JUDG_GC_2019_0359_20210915,2021-02-01
DOC_JUDG_GC_2019_0363_20220608,2021-10-18
DOC_JUDG_GC_2019_0377_20201118,2020-06-18
DOC_JUDG_GC_2019_0378_20201118,2020-06-18
DOC_JUDG_GC_2019_0386_20240911,2023-05-04
DOC_JUDG_GC_2019_0387_20210512,2020-10-08
DOC_JUDG_GC_2019_0388_20220706,2022-01-21
DOC_JUDG_GC_2019_0389_20201015,2020-07-07
DOC_JUDG_GC_2019_0399_20220202,2021-05-20
DOC_JUDG_GC_2019_0434_20211020,2021-01-27
DOC_JUDG_GC_2019_0495_20211110,2021-05-21
DOC_JUDG_GC_2019_0498_20250122,2024-07-09
DOC_JUDG_GC_2019_0501_20220629,2022-01-20
DOC_JUDG_GC_2019_0504_20210414,2020-12-07
DOC_JUDG_GC_2019_0508_20220406,2021-06-28
DOC_JUDG_GC_2019_0509_20210428,2020-10-08
DOC_JUDG_GC_2019_0510_20210519,2020-09-18
DOC_JUDG_GC_2019_0514_20210609,2020-10-09
DOC_JUDG_GC_2019_0515_20210324,2020-09-23
DOC_JUDG_GC_2019_0518_20211006,2021-04-28
DOC_JUDG_GC_2019_0519_20210210,2020-07-07
DOC_JUDG_GC_2019_0526_RENV_20241127,2024-04-11
DOC_JUDG_GC_2019_0535_20201216,2020-10-15
DOC_JUDG_GC_2019_0540_20210428,2020-10-28
DOC_JUDG_GC_2019_0543_20210414,2020-09-18
DOC_JUDG_GC_2019_0552_OP_20220928,2022-04-27
DOC_JUDG_GC_2019_0565_20211215,2021-05-07
DOC_JUDG_GC_2019_0569_20210929,2021-03-23
DOC_JUDG_GC_2019_0574_20201118,2020-07-10
DOC_JUDG_GC_2019_0575_20210609,2020-11-16
DOC_JUDG_GC_2019_0580_20210609,2020-12-03
DOC_JUDG_GC_2019_0584_20220622,2021-04-22
DOC_JUDG_GC_2019_0585_20210317,2020-10-07
DOC_JUDG_GC_2019_0586_20210616,2020-11-26
DOC_JUDG_GC_2019_0588_20210324,2020-09-25
DOC_JUDG_GC_2019_0591_20210922,2021-04-13
DOC_JUDG_GC_2019_0597_20220914,2022-03-24
DOC_JUDG_GC_2019_0602_20201005,2020-07-07
DOC_JUDG_GC_2019_0603_20220914,2022-03-24
DOC_JUDG_GC_2019_0608_20200923,2020-06-17
DOC_JUDG_GC_2019_0609_20220518,2021-07-08
DOC_JUDG_GC_2019_0610_20220119,2021-06-30
DOC_JUDG_GC_2019_0611_20210609,2020-12-10
DOC_JUDG_GC_2019_0615_20210428,2020-09-30
DOC_JUDG_GC_2019_0630_20210908,2020-12-08
DOC_JUDG_GC_2019_0631_20220907,2021-11-17
DOC_JUDG_GC_2019_0634_20220406,2021-04-26
DOC_JUDG_GC_2019_0635_20210630,2021-01-21
DOC_JUDG_GC_2019_0636_20220223,2021-09-14
DOC_JUDG_GC_2019_0637_20210512,2020-10-28
DOC_JUDG_GC_2019_0638_20210512,2020-10-28
DOC_JUDG_GC_2019_0641_20210630,2021-01-13
DOC_JUDG_GC_2019_0642_20220907,2022-03-02
DOC_JUDG_GC_2019_0643_20201118,2020-07-10
DOC_JUDG_GC_2019_0644_20210428,2020-12-07
DOC_JUDG_GC_2019_0648_20210714,2021-01-25
DOC_JUDG_GC_2019_0652_20220209,2021-06-22
DOC_JUDG_GC_2019_0655_20221109,2021-06-02
DOC_JUDG_GC_2019_0656_20221109,2021-06-02
DOC_JUDG_GC_2019_0657_20221109,2021-06-03
DOC_JUDG_GC_2019_0661_20211110,2021-04-20
DOC_JUDG_GC_2019_0663_20210421,2020-10-09
DOC_JUDG_GC_2019_0664_20201118,2020-07-10
DOC_JUDG_GC_2019_0665_20201216,2020-09-23
DOC_JUDG_GC_2019_0667_20221109,2021-06-04
DOC_JUDG_GC_2019_0668_20210707,2021-02-10
DOC_JUDG_GC_2019_0670_20210714,2021-03-04
DOC_JUDG_GC_2019_0671_20240918,2023-03-15
DOC_JUDG_GC_2019_0672_20220209,2021-06-22
DOC_JUDG_GC_2019_0678_20210616,2020-11-17
DOC_JUDG_GC_2019_0680_20210707,2021-01-26
DOC_JUDG_GC_2019_0684_20220316,2021-10-27
DOC_JUDG_GC_2019_0688_20220302,2021-07-01
DOC_JUDG_GC_2019_0693_20210310,2020-11-18
DOC_JUDG_GC_2019_0695_20210505,2020-07-07
DOC_JUDG_GC_2019_0700_20210915,2021-01-11
DOC_JUDG_GC_2019_0716_20210714,2020-12-17
DOC_JUDG_GC_2019_0720_20210915,2021-05-03
DOC_JUDG_GC_2019_0744_20220914,2022-01-18
DOC_JUDG_GC_2019_0757_20211215,2021-07-05
DOC_JUDG_GC_2019_0777_20210915,2021-06-07
DOC_JUDG_GC_2019_0789_20210512,2021-01-14
DOC_JUDG_GC_2019_0791_20220209,2021-09-17
DOC_JUDG_GC_2019_0795_20211221,2021-07-12
DOC_JUDG_GC_2019_0796_20211221,2021-07-12
DOC_JUDG_GC_2019_0798_20210324,2021-01-12
DOC_JUDG_GC_2019_0799_20210324,2021-01-12
DOC_JUDG_GC_2019_0804_20211201,2021-07-07
DOC_JUDG_GC_2019_0806_20220223,2021-02-25
DOC_JUDG_GC_2019_0809_20210224,2020-10-27
DOC_JUDG_GC_2019_0819_20201209,2020-09-30
DOC_JUDG_GC_2019_0823_20211020,2021-01-15
DOC_JUDG_GC_2019_0824_20210113,2020-10-29
DOC_JUDG_GC_2019_0825_20230322,2022-05-10
DOC_JUDG_GC_2019_0843_20210428,2021-01-13
DOC_JUDG_GC_2019_0849_20220126,2021-06-11
DOC_JUDG_GC_2019_0850_20221019,2022-02-08
DOC_JUDG_GC_2019_0852_20210915,2021-04-29
DOC_JUDG_GC_2019_0853_20210317,2020-11-13
DOC_JUDG_GC_2019_0854_20210602,2020-11-26
DOC_JUDG_GC_2019_0856_20210602,2020-11-26
DOC_JUDG_GC_2019_0862_20201125,2020-09-10
DOC_JUDG_GC_2019_0863_20201216,2020-10-29
DOC_JUDG_GC_2019_0864_20220713,2021-10-14
DOC_JUDG_GC_2019_0865_20220914,2022-01-17
DOC_JUDG_GC_2019_0867_20210616,2021-02-23
DOC_JUDG_GC_2019_0868_20230329,2022-09-15
DOC_JUDG_GC_2019_0883_20201216,2020-10-14
DOC_JUDG_GC_2019_0886_20220713,2022-04-26
DOC_JUDG_GC_2020_0001_20211013,2021-03-19
DOC_JUDG_GC_2020_0004_20220427,2021-10-05
DOC_JUDG_GC_2020_0006_20211221,2021-09-07
DOC_JUDG_GC_2020_0012_20211013,2021-04-26
DOC_JUDG_GC_2020_0015_20210630,2020-11-11
DOC_JUDG_GC_2020_0022_20211013,2021-03-09
DOC_JUDG_GC_2020_0023_20210901,2021-05-18
DOC_JUDG_GC_2020_0030_20201209,2020-10-01
DOC_JUDG_GC_2020_0031_20210428,2021-02-10
DOC_JUDG_GC_2020_0033_20220209,2021-09-17
DOC_JUDG_GC_2020_0041_20211110,2021-05-17
DOC_JUDG_GC_2020_0043_20211006,2021-05-04
DOC_JUDG_GC_2020_0051_20210630,2021-03-17
DOC_JUDG_GC_2020_0056_20210224,2020-11-12
DOC_JUDG_GC_2020_0058_20241113,2023-09-22
DOC_JUDG_GC_2020_0060_20210929,2021-06-18
DOC_JUDG_GC_2020_0064_20241113,2023-09-21
DOC_JUDG_GC_2020_0069_20241113,2023-09-22
DOC_JUDG_GC_2020_0070_20210512,2020-11-30
DOC_JUDG_GC_2020_0071_20210310,2020-10-21
DOC_JUDG_GC_2020_0072_20230322,2022-06-07
DOC_JUDG_GC_2020_0075_20210714,2019-01-09
DOC_JUDG_GC_2020_0077_20231004,2022-09-08
DOC_JUDG_GC_2020_0084_20210908,2021-01-29
DOC_JUDG_GC_2020_0085_20210908,2021-01-29
DOC_JUDG_GC_2020_0086_20210908,2021-01-29
DOC_JUDG_GC_2020_0091_20220907,2022-03-10
DOC_JUDG_GC_2020_0093_20210324,2020-11-18
DOC_JUDG_GC_2020_0094_20230308,2022-11-18
DOC_JUDG_GC_2020_0096_20210901,2021-03-16
DOC_JUDG_GC_2020_0111_20221214,2022-01-13
DOC_JUDG_GC_2020_0113_20220316,2021-11-10
DOC_JUDG_GC_2020_0115_20230705,2022-11-24
DOC_JUDG_GC_2020_0116_20210929,2021-06-09
DOC_JUDG_GC_2020_0121_20211006,2021-05-10
DOC_JUDG_GC_2020_0124_20211006,2021-07-01
DOC_JUDG_GC_2020_0126_20221214,2021-09-15
DOC_JUDG_GC_2020_0128_20210922,2021-03-11
DOC_JUDG_GC_2020_0130_20210609,2021-03-12
DOC_JUDG_GC_2020_0134_20220302,2021-07-12
DOC_JUDG_GC_2020_0138_20221214,2022-01-14
DOC_JUDG_GC_2020_0143_20221214,2022-01-14
DOC_JUDG_GC_2020_0144_20220608,2021-10-14
DOC_JUDG_GC_2020_0150_20220713,2022-01-13
DOC_JUDG_GC_2020_0151_20220511,2021-11-12
DOC_JUDG_GC_2020_0154_20210908,2021-04-13
DOC_JUDG_GC_2020_0155_20210908,2021-04-13
DOC_JUDG_GC_2020_0156_20210908,2021-04-13
DOC_JUDG_GC_2020_0159_20211221,2021-07-14
DOC_JUDG_GC_2020_0159_RENV_20250507,2024-11-07
DOC_JUDG_GC_2020_0164_20230201,2022-09-07
DOC_JUDG_GC_2020_0165_20220713,2022-01-19
DOC_JUDG_GC_2020_0169_20210922,2021-05-05
DOC_JUDG_GC_2020_0170_20210714,2021-03-22
DOC_JUDG_GC_2020_0171_20210714,2021-03-22
DOC_JUDG_GC_2020_0172_20210714,2021-03-22
DOC_JUDG_GC_2020_0173_20210922,2021-05-05
DOC_JUDG_GC_2020_0178_20210512,2020-12-02
DOC_JUDG_GC_2020_0179_20220706,2022-02-08
DOC_JUDG_GC_2020_0187_20210616,2021-01-27
DOC_JUDG_GC_2020_0193_20211110,2021-04-21
DOC_JUDG_GC_2020_0194_20220713,2021-12-09
DOC_JUDG_GC_2020_0195_20210922,2021-03-15
DOC_JUDG_GC_2020_0196_20210616,2021-04-20
DOC_JUDG_GC_2020_0204_20210630,2021-04-19
DOC_JUDG_GC_2020_0205_20210707,2021-04-15
DOC_JUDG_GC_2020_0210_20211020,2021-06-16
DOC_JUDG_GC_2020_0211_20211020,2021-06-16
DOC_JUDG_GC_2020_0215_20210616,2021-03-11
DOC_JUDG_GC_2020_0217_20220907,2022-05-04
DOC_JUDG_GC_2020_0218_20211110,2021-07-02
DOC_JUDG_GC_2020_0219_20211013,2021-04-20
DOC_JUDG_GC_2020_0220_20211020,2021-04-22
DOC_JUDG_GC_2020_0223_20241113,2024-02-27
DOC_JUDG_GC_2020_0224_20211215,2021-09-21
DOC_JUDG_GC_2020_0225_20211215,2021-09-21
DOC_JUDG_GC_2020_0238_20210217,2020-09-22
DOC_JUDG_GC_2020_0239_20211110,2021-05-19
DOC_JUDG_GC_2020_0240_20210915,2021-05-03
DOC_JUDG_GC_2020_0247_20211208,2021-07-06
DOC_JUDG_GC_2020_0248_20211110,2021-05-19
DOC_JUDG_GC_2020_0249_20220316,2021-09-16
DOC_JUDG_GC_2020_0250_20210922,2021-05-31
DOC_JUDG_GC_2020_0254_20211006,2021-07-06
DOC_JUDG_GC_2020_0259_20210217,2020-09-23
DOC_JUDG_GC_2020_0270_20221019,2021-06-21
DOC_JUDG_GC_2020_0271_20221019,2021-09-23
DOC_JUDG_GC_2020_0274_20210915,2021-04-27
DOC_JUDG_GC_2020_0278_20220706,2021-12-14
DOC_JUDG_GC_2020_0279_20221123,2022-05-12
DOC_JUDG_GC_2020_0279_20221123,2022-05-18
DOC_JUDG_GC_2020_0290_20210630,2021-03-17
DOC_JUDG_GC_2020_0291_20220330,2021-10-12
DOC_JUDG_GC_2020_0292_20220330,2021-10-12
DOC_JUDG_GC_2020_0293_20211201,2021-06-10
DOC_JUDG_GC_2020_0295_20230208,2022-09-06
DOC_JUDG_GC_2020_0296_20220518,2021-12-02
DOC_JUDG_GC_2020_0298_20221026,2021-11-10
DOC_JUDG_GC_2020_0299_20220330,2021-09-14
DOC_JUDG_GC_2020_0301_20230301,2022-03-23
DOC_JUDG_GC_2020_0302_20231122,2022-09-07
DOC_JUDG_GC_2020_0304_20231122,2022-09-08
DOC_JUDG_GC_2020_0306_20220629,2022-02-03
DOC_JUDG_GC_2020_0311_20210428,2021-02-09
DOC_JUDG_GC_2020_0312_20230517,2022-06-15
DOC_JUDG_GC_2020_0312_20230517,2022-06-16
DOC_JUDG_GC_2020_0313_20230517,2022-06-15
DOC_JUDG_GC_2020_0313_20230517,2022-06-16
DOC_JUDG_GC_2020_0314_20230517,2022-06-16
DOC_JUDG_GC_2020_0314_20230517,2022-06-15
DOC_JUDG_GC_2020_0315_20230517,2022-06-15
DOC_JUDG_GC_2020_0315_20230517,2022-06-16
DOC_JUDG_GC_2020_0316_20230517,2022-06-16
DOC_JUDG_GC_2020_0316_20230517,2022-06-15
DOC_JUDG_GC_2020_0317_20230517,2022-06-15
DOC_JUDG_GC_2020_0317_20230517,2022-06-16
DOC_JUDG_GC_2020_0319_20230517,2022-06-15
DOC_JUDG_GC_2020_0319_20230517,2022-06-16
DOC_JUDG_GC_2020_0320_20230517,2022-06-17
DOC_JUDG_GC_2020_0321_20230517,2022-06-17
DOC_JUDG_GC_2020_0322_20230517,2022-06-17
DOC_JUDG_GC_2020_0325_20220126,2021-10-20
DOC_JUDG_GC_2020_0327_20220427,2021-10-13
DOC_JUDG_GC_2020_0330_20231122,2022-09-09
DOC_JUDG_GC_2020_0333_20220302,2021-09-22
DOC_JUDG_GC_2020_0336_20250409,2024-06-27
DOC_JUDG_GC_2020_0342_20211006,2021-06-29
DOC_JUDG_GC_2020_0355_20220601,2021-12-09
DOC_JUDG_GC_2020_0359_20211201,2021-06-14
DOC_JUDG_GC_2020_0363_20220601,2021-12-09
DOC_JUDG_GC_2020_0364_20240228,2022-11-08
DOC_JUDG_GC_2020_0369_20211221,2021-07-14
DOC_JUDG_GC_2020_0370_20211124,2021-06-24
DOC_JUDG_GC_2020_0371_20220914,2022-05-06
DOC_JUDG_GC_2020_0372_20211006,2021-06-01
DOC_JUDG_GC_2020_0373_20210630,2021-03-24
DOC_JUDG_GC_2020_0378_20210414,2020-11-27
DOC_JUDG_GC_2020_0379_20210414,2020-11-27
DOC_JUDG_GC_2020_0380_20220615,2022-02-24
DOC_JUDG_GC_2020_0384_20220504,2021-11-12
DOC_JUDG_GC_2020_0386_20210707,2021-03-24
DOC_JUDG_GC_2020_0388_20210414,2020-12-04
DOC_JUDG_GC_2020_0390_20240228,2023-01-24
DOC_JUDG_GC_2020_0397_20211006,2021-06-01
DOC_JUDG_GC_2020_0402_20231018,2022-09-29
DOC_JUDG_GC_2020_0408_20211117,2021-09-08
DOC_JUDG_GC_2020_0409_20211221,2021-09-07
DOC_JUDG_GC_2020_0425_20220406,2021-11-09
DOC_JUDG_GC_2020_0429_20211013,2021-07-01
DOC_JUDG_GC_2020_0430_20211117,2021-06-10
DOC_JUDG_GC_2020_0433_20211201,2021-09-20
DOC_JUDG_GC_2020_0434_20211124,2021-07-05
DOC_JUDG_GC_2020_0436_20211013,2021-07-01
DOC_JUDG_GC_2020_0440_20220601,2021-11-30
DOC_JUDG_GC_2020_0441_20220601,2021-11-30
DOC_JUDG_GC_2020_0451_20230524,2022-06-01
DOC_JUDG_GC_2020_0452_20230524,2022-06-01
DOC_JUDG_GC_2020_0456_20220309,2021-09-30
DOC_JUDG_GC_2020_0457_20220713,2022-01-13
DOC_JUDG_GC_2020_0458_20210908,2021-03-10
DOC_JUDG_GC_2020_0459_20210908,2021-03-10
DOC_JUDG_GC_2020_0460_20210908,2021-03-10
DOC_JUDG_GC_2020_0461_20210908,2021-03-10
DOC_JUDG_GC_2020_0463_20210901,2021-05-19
DOC_JUDG_GC_2020_0465_20210519,2020-12-09
DOC_JUDG_GC_2020_0466_20210915,2021-04-23
DOC_JUDG_GC_2020_0467_20211201,2021-06-29
DOC_JUDG_GC_2020_0470_20220907,2022-01-27
DOC_JUDG_GC_2020_0474_20220309,2021-10-07
DOC_JUDG_GC_2020_0475_20221026,2022-05-31
DOC_JUDG_GC_2020_0479_20220518,2022-01-19
DOC_JUDG_GC_2020_0480_20230301,2022-03-22
DOC_JUDG_GC_2020_0483_20220119,2021-09-13
DOC_JUDG_GC_2020_0486_20221019,2022-04-28
DOC_JUDG_GC_2020_0488_20210714,2021-04-21
DOC_JUDG_GC_2020_0489_20210908,2021-06-09
DOC_JUDG_GC_2020_0499_20250430,2024-06-27
DOC_JUDG_GC_2020_0504_20211117,2021-07-12
DOC_JUDG_GC_2020_0505_20211006,2021-07-13
DOC_JUDG_GC_2020_0511_20220309,2021-10-07
DOC_JUDG_GC_2020_0513_20231129,2023-03-23
DOC_JUDG_GC_2020_0514_20231129,2023-03-23
DOC_JUDG_GC_2020_0516_20220406,2021-11-18
DOC_JUDG_GC_2020_0517_20211110,2021-06-25
DOC_JUDG_GC_2020_0518_20211110,2021-06-25
DOC_JUDG_GC_2020_0522_20230208,2022-09-12
DOC_JUDG_GC_2020_0525_20230913,2023-02-02
DOC_JUDG_GC_2020_0527_20210714,2021-06-08
DOC_JUDG_GC_2020_0528_20210929,2021-06-30
DOC_JUDG_GC_2020_0529_20220907,2022-02-24
DOC_JUDG_GC_2020_0531_20210630,2021-03-09
DOC_JUDG_GC_2020_0532_20211110,2021-06-25
DOC_JUDG_GC_2020_0533_20221214,2022-06-30
DOC_JUDG_GC_2020_0538_20211117,2021-09-15
DOC_JUDG_GC_2020_0540_20230301,2022-03-22
DOC_JUDG_GC_2020_0542_20211110,2021-05-19
DOC_JUDG_GC_2020_0546_20211201,2021-10-05
DOC_JUDG_GC_2020_0549_20211221,2021-10-01
DOC_JUDG_GC_2020_0556_20220302,2021-12-01
DOC_JUDG_GC_2020_0557_20230426,2022-12-01
DOC_JUDG_GC_2020_0568_20220406,2021-12-02
DOC_JUDG_GC_2020_0570_20220126,2021-09-08
DOC_JUDG_GC_2020_0572_20211110,2021-07-09
DOC_JUDG_GC_2020_0573_20211221,2021-09-13
DOC_JUDG_GC_2020_0575_20220914,2022-02-22
DOC_JUDG_GC_2020_0577_20220518,2021-12-07
DOC_JUDG_GC_2020_0581_20211124,2021-06-30
DOC_JUDG_GC_2020_0585_20230614,2023-01-11
DOC_JUDG_GC_2020_0586_20220126,2021-09-16
DOC_JUDG_GC_2020_0589_20220209,2021-10-21
DOC_JUDG_GC_2020_0590_20231018,2022-11-24
DOC_JUDG_GC_2020_0596_20211020,2021-06-10
DOC_JUDG_GC_2020_0597_20211020,2021-06-10
DOC_JUDG_GC_2020_0598_20211221,2021-09-07
DOC_JUDG_GC_2020_0606_20230215,2022-06-07
DOC_JUDG_GC_2020_0607_20230215,2022-06-07
DOC_JUDG_GC_2020_0616_20211117,2021-09-23
DOC_JUDG_GC_2020_0617_20211020,2021-06-15
DOC_JUDG_GC_2020_0618_20211215,2021-09-21
DOC_JUDG_GC_2020_0619_20211215,2021-09-21
DOC_JUDG_GC_2020_0621_20220608,2022-01-17
DOC_JUDG_GC_2020_0626_20221221,2022-06-02
DOC_JUDG_GC_2020_0627_20220928,2022-01-26
DOC_JUDG_GC_2020_0628_20210519,2021-02-24
DOC_JUDG_GC_2020_0629_20220713,2022-02-23
DOC_JUDG_GC_2020_0631_20220706,2022-03-01
DOC_JUDG_GC_2020_0643_20210519,2021-02-25
DOC_JUDG_GC_2020_0650_20230607,2022-03-15
DOC_JUDG_GC_2020_0654_20241016,2023-02-15
DOC_JUDG_GC_2020_0657_20220622,2021-12-08
DOC_JUDG_GC_2020_0658_20211117,2021-09-10
DOC_JUDG_GC_2020_0659_20230201,2022-10-25
DOC_JUDG_GC_2020_0665_20210609,2021-03-18
DOC_JUDG_GC_2020_0668_20211006,2021-06-29
DOC_JUDG_GC_2020_0677_20210714,2021-04-23
DOC_JUDG_GC_2020_0679_20250430,2022-11-08
DOC_JUDG_GC_2020_0679_20250430,2024-11-25
DOC_JUDG_GC_2020_0681_20220706,2021-11-25
DOC_JUDG_GC_2020_0687_20221214,2022-03-28
DOC_JUDG_GC_2020_0692_20241113,2024-03-14
DOC_JUDG_GC_2020_0697_20210901,2021-06-29
DOC_JUDG_GC_2020_0699_20211221,2021-09-15
DOC_JUDG_GC_2020_0700_20211201,2021-09-08
DOC_JUDG_GC_2020_0702_20210915,2021-07-13
DOC_JUDG_GC_2020_0711_20221005,2022-03-09
DOC_JUDG_GC_2020_0714_20221026,2022-05-04
DOC_JUDG_GC_2020_0715_20220302,2021-10-25
DOC_JUDG_GC_2020_0717_20221019,2022-06-29
DOC_JUDG_GC_2020_0718_20220504,2021-12-06
DOC_JUDG_GC_2020_0720_20220330,2021-11-24
DOC_JUDG_GC_2020_0723_20220601,2022-02-01
DOC_JUDG_GC_2020_0727_RENV_20240925,2024-02-23
DOC_JUDG_GC_2020_0730_20220323,2021-12-08
DOC_JUDG_GC_2020_0735_20220406,2021-12-03
DOC_JUDG_GC_2020_0735_RENV_20250716,2025-02-13
DOC_JUDG_GC_2020_0738_20220608,2022-02-09
DOC_JUDG_GC_2020_0742_20230215,2022-06-30
DOC_JUDG_GC_2020_0745_20240131,2023-03-20
DOC_JUDG_GC_2020_0746_20221221,2022-06-09
DOC_JUDG_GC_2020_0747_20221221,2022-06-09
DOC_JUDG_GC_2020_0748_20230906,2022-11-11
DOC_JUDG_GC_2020_0752_20230628,2022-06-20
DOC_JUDG_GC_2020_0753_20221214,2022-06-30
DOC_JUDG_GC_2020_0754_20220601,2021-12-01
DOC_JUDG_GC_2020_0757_20220323,2021-11-26
DOC_JUDG_GC_2020_0762_20240221,2022-12-14
DOC_JUDG_GC_2020_0762_20240221,2022-12-15
DOC_JUDG_GC_2020_0763_20240221,2022-12-14
DOC_JUDG_GC_2020_0763_20240221,2022-12-15
DOC_JUDG_GC_2020_0764_20240221,2022-12-14
DOC_JUDG_GC_2020_0764_20240221,2022-12-15
DOC_JUDG_GC_2020_0766_20220309,2021-11-17
DOC_JUDG_GC_2020_0768_20220713,2021-11-17
DOC_JUDG_GC_2020_0776_20230726,2022-11-17
DOC_JUDG_GC_2021_0001_20220302,2021-11-09
DOC_JUDG_GC_2021_0002_20230524,2022-09-14
DOC_JUDG_GC_2021_0004_20220504,2022-01-20
DOC_JUDG_GC_2021_0014_20231018,2022-10-21
DOC_JUDG_GC_2021_0020_20220706,2022-03-01
DOC_JUDG_GC_2021_0026_20220608,2022-02-10
DOC_JUDG_GC_2021_0030_20220330,2022-01-12
DOC_JUDG_GC_2021_0033_20230118,2022-07-14
DOC_JUDG_GC_2021_0034_20230510,2022-07-11
DOC_JUDG_GC_2021_0038_20240221,2023-02-28
DOC_JUDG_GC_2021_0039_20230419,2022-07-14
DOC_JUDG_GC_2021_0040_20220907,2022-03-02
DOC_JUDG_GC_2021_0053_20231220,2023-04-18
DOC_JUDG_GC_2021_0054_20230426,2022-11-17
DOC_JUDG_GC_2021_0055_20231220,2023-04-18
DOC_JUDG_GC_2021_0056_20231220,2023-04-18
DOC_JUDG_GC_2021_0057_20220406,2021-12-09
DOC_JUDG_GC_2021_0058_20231220,2023-04-18
DOC_JUDG_GC_2021_0060_20231220,2023-04-18
DOC_JUDG_GC_2021_0061_20231220,2023-04-18
DOC_JUDG_GC_2021_0062_20231220,2023-04-18
DOC_JUDG_GC_2021_0063_20231220,2023-04-19
DOC_JUDG_GC_2021_0064_20231220,2023-04-19
DOC_JUDG_GC_2021_0065_20231220,2023-04-19
DOC_JUDG_GC_2021_0068_20220427,2022-01-31
DOC_JUDG_GC_2021_0072_20221123,2022-03-29
DOC_JUDG_GC_2021_0074_20231018,2022-12-14
DOC_JUDG_GC_2021_0079_20230614,2022-10-20
DOC_JUDG_GC_2021_0081_20221019,2022-04-27
DOC_JUDG_GC_2021_0083_20221012,2022-06-09
DOC_JUDG_GC_2021_0088_20221012,2022-04-07
DOC_JUDG_GC_2021_0095_20220921,2022-05-17
DOC_JUDG_GC_2021_0097_20230913,2023-01-17
DOC_JUDG_GC_2021_0100_20230308,2022-09-22
DOC_JUDG_GC_2021_0113_20220323,2021-11-29
DOC_JUDG_GC_2021_0116_20220202,2021-11-11
DOC_JUDG_GC_2021_0117_20220504,2022-02-23
DOC_JUDG_GC_2021_0122_20220615,2022-01-27
DOC_JUDG_GC_2021_0126_20230705,2022-11-30
DOC_JUDG_GC_2021_0129_20220706,2022-02-23
DOC_JUDG_GC_2021_0130_20221207,2022-06-16
DOC_JUDG_GC_2021_0132_20220309,2021-11-18
DOC_JUDG_GC_2021_0134_20240605,2023-09-26
DOC_JUDG_GC_2021_0141_20230607,2022-11-08
DOC_JUDG_GC_2021_0142_20230329,2022-07-12
DOC_JUDG_GC_2021_0147_20220713,2022-05-10
DOC_JUDG_GC_2021_0155_20220907,2022-01-19
DOC_JUDG_GC_2021_0156_20220907,2022-01-19
DOC_JUDG_GC_2021_0163_20230125,2022-09-22
DOC_JUDG_GC_2021_0164_20221109,2022-06-22
DOC_JUDG_GC_2021_0166_20231220,2023-04-19
DOC_JUDG_GC_2021_0167_20231115,2023-03-01
DOC_JUDG_GC_2021_0172_20230927,2023-01-18
DOC_JUDG_GC_2021_0175_20230215,2022-07-14
DOC_JUDG_GC_2021_0176_20220713,2022-02-02
DOC_JUDG_GC_2021_0179_20220914,2022-03-30
DOC_JUDG_GC_2021_0182_20221214,2022-06-22
DOC_JUDG_GC_2021_0189_20241113,2023-06-26
DOC_JUDG_GC_2021_0204_20220309,2021-11-29
DOC_JUDG_GC_2021_0207_20230628,2023-01-19
DOC_JUDG_GC_2021_0216_20231220,2023-05-22
DOC_JUDG_GC_2021_0217_20220907,2022-04-06
DOC_JUDG_GC_2021_0222_20221012,2022-03-17
DOC_JUDG_GC_2021_0223_20230705,2023-01-19
DOC_JUDG_GC_2021_0225_20231018,2022-11-10
DOC_JUDG_GC_2021_0227_20220713,2021-12-16
DOC_JUDG_GC_2021_0231_20221019,2022-06-22
DOC_JUDG_GC_2021_0235_20230308,2022-09-27
DOC_JUDG_GC_2021_0237_20220504,2022-01-24
DOC_JUDG_GC_2021_0238_20230510,2022-11-17
DOC_JUDG_GC_2021_0239_20230628,2022-12-13
DOC_JUDG_GC_2021_0244_20230726,2023-01-26
DOC_JUDG_GC_2021_0245_20231108,2023-03-07
DOC_JUDG_GC_2021_0249_20230503,2022-11-16
DOC_JUDG_GC_2021_0251_20220713,2022-03-02
DOC_JUDG_GC_2021_0253_20220601,2022-03-09
DOC_JUDG_GC_2021_0256_20220518,2022-01-24
DOC_JUDG_GC_2021_0268_20230524,2022-11-24
DOC_JUDG_GC_2021_0269_20230726,2023-02-02
DOC_JUDG_GC_2021_0271_20241113,2023-06-27
DOC_JUDG_GC_2021_0272_20230705,2022-11-25
DOC_JUDG_GC_2021_0273_20221026,2022-05-31
DOC_JUDG_GC_2021_0274_20241113,2023-06-27
DOC_JUDG_GC_2021_0275_20221019,2022-03-24
DOC_JUDG_GC_2021_0296_20221214,2022-09-08
DOC_JUDG_GC_2021_0297_20240117,2023-02-08
DOC_JUDG_GC_2021_0302_20241113,2023-07-07
DOC_JUDG_GC_2021_0306_20221221,2022-09-14
DOC_JUDG_GC_2021_0309_20230607,2022-11-30
DOC_JUDG_GC_2021_0323_20221019,2022-07-06
DOC_JUDG_GC_2021_0324_20230301,2022-09-21
DOC_JUDG_GC_2021_0326_20230621,2023-01-16
DOC_JUDG_GC_2021_0330_20221221,2022-09-08
DOC_JUDG_GC_2021_0332_20231018,2022-10-27
DOC_JUDG_GC_2021_0333_20231018,2022-11-11
DOC_JUDG_GC_2021_0341_20220907,2022-05-05
DOC_JUDG_GC_2021_0344_20230329,2022-05-31
DOC_JUDG_GC_2021_0346_20230111,2022-07-13
DOC_JUDG_GC_2021_0347_20240124,2023-03-02
DOC_JUDG_GC_2021_0348_20240124,2023-03-02
DOC_JUDG_GC_2021_0349_20230913,2023-01-17
DOC_JUDG_GC_2021_0354_20230201,2022-10-21
DOC_JUDG_GC_2021_0360_20240529,2023-03-01
DOC_JUDG_GC_2021_0361_20240221,2023-06-06
DOC_JUDG_GC_2021_0365_20230201,2022-07-11
DOC_JUDG_GC_2021_0367_20220914,2022-06-29
DOC_JUDG_GC_2021_0371_20240124,2023-07-04
DOC_JUDG_GC_2021_0376_20230614,2022-12-13
DOC_JUDG_GC_2021_0383_20231220,2023-03-10
DOC_JUDG_GC_2021_0384_20231220,2023-03-10
DOC_JUDG_GC_2021_0385_20231220,2023-03-10
DOC_JUDG_GC_2021_0386_20241106,2023-06-16
DOC_JUDG_GC_2021_0386_20241106,2023-06-15
DOC_JUDG_GC_2021_0387_20231220,2023-03-10
DOC_JUDG_GC_2021_0388_20231220,2023-03-10
DOC_JUDG_GC_2021_0389_20231220,2023-03-07
DOC_JUDG_GC_2021_0390_20240320,2023-03-07
DOC_JUDG_GC_2021_0391_20240320,2023-03-07
DOC_JUDG_GC_2021_0392_20240320,2023-03-07
DOC_JUDG_GC_2021_0393_20240508,2023-03-09
DOC_JUDG_GC_2021_0394_20240320,2023-03-07
DOC_JUDG_GC_2021_0395_20240320,2023-03-07
DOC_JUDG_GC_2021_0396_20240717,2023-03-07
DOC_JUDG_GC_2021_0397_20231220,2023-03-10
DOC_JUDG_GC_2021_0398_20250402,2024-03-14
DOC_JUDG_GC_2021_0400_20230329,2022-10-19
DOC_JUDG_GC_2021_0401_20221130,2022-09-14
DOC_JUDG_GC_2021_0402_20240717,2023-03-02
DOC_JUDG_GC_2021_0403_20240717,2023-03-08
DOC_JUDG_GC_2021_0404_20240320,2023-03-07
DOC_JUDG_GC_2021_0405_20240124,2023-03-01
DOC_JUDG_GC_2021_0409_20240124,2023-05-04
DOC_JUDG_GC_2021_0412_20240717,2023-03-08
DOC_JUDG_GC_2021_0426_20230308,2022-09-22
DOC_JUDG_GC_2021_0435_20220518,2022-03-29
DOC_JUDG_GC_2021_0438_20220713,2022-04-26
DOC_JUDG_GC_2021_0440_20221214,2022-07-12
DOC_JUDG_GC_2021_0441_20250326,2023-06-08
DOC_JUDG_GC_2021_0441_20250326,2023-06-12
DOC_JUDG_GC_2021_0441_20250326,2023-06-13
DOC_JUDG_GC_2021_0441_20250326,2023-06-09
DOC_JUDG_GC_2021_0441_20250326,2023-06-14
DOC_JUDG_GC_2021_0441_20250326,2023-06-07
DOC_JUDG_GC_2021_0441_20250326,2023-06-06
DOC_JUDG_GC_2021_0443_20230118,2022-09-14
DOC_JUDG_GC_2021_0446_20240925,2023-06-13
DOC_JUDG_GC_2021_0446_20240925,2023-06-12
DOC_JUDG_GC_2021_0448_20220907,2022-05-18
DOC_JUDG_GC_2021_0450_20230920,2023-03-28
DOC_JUDG_GC_2021_0460_20221012,2022-06-22
DOC_JUDG_GC_2021_0461_20221012,2022-06-22
DOC_JUDG_GC_2021_0472_20240925,2023-06-13
DOC_JUDG_GC_2021_0472_20240925,2023-06-12
DOC_JUDG_GC_2021_0476_20240925,2023-06-13
DOC_JUDG_GC_2021_0477_20230524,2022-12-02
DOC_JUDG_GC_2021_0482_20240925,2023-06-13
DOC_JUDG_GC_2021_0482_20240925,2023-06-12
DOC_JUDG_GC_2021_0483_20240925,2023-06-14
DOC_JUDG_GC_2021_0484_20240925,2023-06-12
DOC_JUDG_GC_2021_0484_20240925,2023-06-13
DOC_JUDG_GC_2021_0485_20240925,2023-06-12
DOC_JUDG_GC_2021_0485_20240925,2023-06-13
DOC_JUDG_GC_2021_0487_20221207,2022-05-12
DOC_JUDG_GC_2021_0490_20221214,2022-07-06
DOC_JUDG_GC_2021_0491_20230712,2023-01-23
DOC_JUDG_GC_2021_0492_20230215,2022-10-24
DOC_JUDG_GC_2021_0494_20231220,2023-05-22
DOC_JUDG_GC_2021_0498_20220914,2022-03-21
DOC_JUDG_GC_2021_0500_20221005,2022-06-09
DOC_JUDG_GC_2021_0501_20221005,2022-06-09
DOC_JUDG_GC_2021_0505_20230329,2022-07-08
DOC_JUDG_GC_2021_0509_20240904,2023-11-22
DOC_JUDG_GC_2021_0512_20221116,2022-07-11
DOC_JUDG_GC_2021_0513_20230510,2022-09-21
DOC_JUDG_GC_2021_0516_20230920,2023-03-28
DOC_JUDG_GC_2021_0517_20220928,2022-07-07
DOC_JUDG_GC_2021_0523_20230913,2023-01-17
DOC_JUDG_GC_2021_0524_20221012,2022-07-12
DOC_JUDG_GC_2021_0526_20230906,2023-01-31
DOC_JUDG_GC_2021_0530_20221214,2022-09-09
DOC_JUDG_GC_2021_0532_20231018,2023-02-01
DOC_JUDG_GC_2021_0535_20230329,2022-07-08
DOC_JUDG_GC_2021_0536_20230215,2022-11-30
DOC_JUDG_GC_2021_0539_20221005,2022-06-15
DOC_JUDG_GC_2021_0545_20230329,2022-07-08
DOC_JUDG_GC_2021_0549_20230426,2022-10-05
DOC_JUDG_GC_2021_0552_20230301,2022-09-20
DOC_JUDG_GC_2021_0553_20221214,2022-07-14
DOC_JUDG_GC_2021_0555_20230329,2022-07-08
DOC_JUDG_GC_2021_0556_20230524,2023-01-13
DOC_JUDG_GC_2021_0557_20230524,2023-01-13
DOC_JUDG_GC_2021_0558_20230201,2022-09-21
DOC_JUDG_GC_2021_0560_20241218,2023-11-08
DOC_JUDG_GC_2021_0561_20241127,2024-01-25
DOC_JUDG_GC_2021_0562_20230726,2023-02-15
DOC_JUDG_GC_2021_0563_20231108,2023-02-14
DOC_JUDG_GC_2021_0565_20230201,2022-09-21
DOC_JUDG_GC_2021_0569_20230201,2022-09-15
DOC_JUDG_GC_2021_0575_20230329,2022-07-08
DOC_JUDG_GC_2021_0576_20230329,2022-07-08
DOC_JUDG_GC_2021_0577_20230329,2022-07-08
DOC_JUDG_GC_2021_0578_20230329,2022-07-08
DOC_JUDG_GC_2021_0579_20230524,2023-01-11
DOC_JUDG_GC_2021_0580_20230524,2023-01-11
DOC_JUDG_GC_2021_0581_20230607,2022-12-09
DOC_JUDG_GC_2021_0582_20230607,2022-12-09
DOC_JUDG_GC_2021_0583_20230607,2022-12-09
DOC_JUDG_GC_2021_0588_20230329,2022-07-08
DOC_JUDG_GC_2021_0598_20231004,2023-03-07
DOC_JUDG_GC_2021_0600_20230906,2023-03-09
DOC_JUDG_GC_2021_0604_20221109,2022-07-15
DOC_JUDG_GC_2021_0610_20221109,2022-07-07
DOC_JUDG_GC_2021_0611_20221130,2022-07-11
DOC_JUDG_GC_2021_0612_20221130,2022-07-11
DOC_JUDG_GC_2021_0613_20231122,2023-06-16
DOC_JUDG_GC_2021_0617_20230322,2022-09-22
DOC_JUDG_GC_2021_0618_20221005,2022-07-07
DOC_JUDG_GC_2021_0621_20221026,2022-07-07
DOC_JUDG_GC_2021_0623_20221207,2022-09-08
DOC_JUDG_GC_2021_0629_20240508,2023-03-27
DOC_JUDG_GC_2021_0630_20240508,2023-03-28
DOC_JUDG_GC_2021_0648_20230920,2023-03-09
DOC_JUDG_GC_2021_0650_20230322,2022-11-24
DOC_JUDG_GC_2021_0651_20220907,2022-05-18
DOC_JUDG_GC_2021_0662_20230726,2023-02-09
DOC_JUDG_GC_2021_0664_20220706,2022-05-10
DOC_JUDG_GC_2021_0666_20230125,2022-10-25
DOC_JUDG_GC_2021_0667_20240228,2023-03-28
DOC_JUDG_GC_2021_0677_20220713,2022-04-26
DOC_JUDG_GC_2021_0681_20230426,2023-01-11
DOC_JUDG_GC_2021_0682_20240313,2023-01-18
DOC_JUDG_GC_2021_0684_20230215,2022-09-12
DOC_JUDG_GC_2021_0685_20230517,2022-12-01
DOC_JUDG_GC_2021_0688_20231025,2023-04-20
DOC_JUDG_GC_2021_0689_20240717,2023-10-17
DOC_JUDG_GC_2021_0694_20230712,2022-11-22
DOC_JUDG_GC_2021_0698_20240626,2023-10-04
DOC_JUDG_GC_2021_0703_20230125,2022-11-10
DOC_JUDG_GC_2021_0710_20220427,2022-03-15
DOC_JUDG_GC_2021_0715_20250702,2023-10-05
DOC_JUDG_GC_2021_0726_20230118,2022-11-15
DOC_JUDG_GC_2021_0727_20230315,2022-11-23
DOC_JUDG_GC_2021_0733_20240221,2023-06-27
DOC_JUDG_GC_2021_0735_20230607,2023-01-13
DOC_JUDG_GC_2021_0738_20221207,2022-09-13
DOC_JUDG_GC_2021_0741_20230215,2022-11-23
DOC_JUDG_GC_2021_0743_20250205,2024-04-18
DOC_JUDG_GC_2021_0745_20230726,2023-03-16
DOC_JUDG_GC_2021_0749_20230419,2022-10-27
DOC_JUDG_GC_2021_0757_20230426,2022-11-23
DOC_JUDG_GC_2021_0759_20230308,2022-12-12
DOC_JUDG_GC_2021_0760_20231011,2023-03-22
DOC_JUDG_GC_2021_0761_20240717,2023-10-18
DOC_JUDG_GC_2021_0770_20230705,2023-01-25
DOC_JUDG_GC_2021_0777_20221221,2022-10-26
DOC_JUDG_GC_2021_0790_20231115,2023-03-15
DOC_JUDG_GC_2021_0794_20230426,2023-01-25
DOC_JUDG_GC_2021_0805_20230125,2022-11-16
DOC_JUDG_GC_2022_0004_20221221,2022-10-24
DOC_JUDG_GC_2022_0005_20230322,2022-11-08
DOC_JUDG_GC_2022_0007_20230503,2023-01-12
DOC_JUDG_GC_2022_0008_20230215,2022-10-18
DOC_JUDG_GC_2022_0010_20230705,2023-02-10
DOC_JUDG_GC_2022_0019_20231129,2023-05-24
DOC_JUDG_GC_2022_0021_20230322,2023-01-26
DOC_JUDG_GC_2022_0022_20240410,2023-09-14
DOC_JUDG_GC_2022_0024_20230208,2022-12-07
DOC_JUDG_GC_2022_0027_20230712,2022-12-12
DOC_JUDG_GC_2022_0028_20240508,2023-09-22
DOC_JUDG_GC_2022_0029_20240911,2023-10-24
DOC_JUDG_GC_2022_0032_20240911,2023-10-19
DOC_JUDG_GC_2022_0033_20230607,2023-02-02
DOC_JUDG_GC_2022_0035_20230426,2023-01-16
DOC_JUDG_GC_2022_0039_20231108,2023-04-26
DOC_JUDG_GC_2022_0043_20221221,2022-10-26
DOC_JUDG_GC_2022_0045_20230906,2023-03-23
DOC_JUDG_GC_2022_0048_20231206,2023-05-24
DOC_JUDG_GC_2022_0049_20240417,2023-10-11
DOC_JUDG_GC_2022_0050_20240410,2023-09-14
DOC_JUDG_GC_2022_0056_20240131,2023-09-13
DOC_JUDG_GC_2022_0057_20230913,2023-03-22
DOC_JUDG_GC_2022_0061_20230419,2023-01-24
DOC_JUDG_GC_2022_0063_20230607,2023-02-01
DOC_JUDG_GC_2022_0065_20230308,2022-12-13
DOC_JUDG_GC_2022_0067_20230726,2023-01-26
DOC_JUDG_GC_2022_0072_20250521,2024-03-22
DOC_JUDG_GC_2022_0074_20230419,2022-12-13
DOC_JUDG_GC_2022_0084_20250723,2024-03-07
DOC_JUDG_GC_2022_0104_20240710,2023-10-11
DOC_JUDG_GC_2022_0106_20230503,2023-01-25
DOC_JUDG_GC_2022_0107_20230906,2023-05-22
DOC_JUDG_GC_2022_0108_20230906,2023-06-07
DOC_JUDG_GC_2022_0109_20230726,2023-03-29
DOC_JUDG_GC_2022_0112_20240417,2023-11-09
DOC_JUDG_GC_2022_0113_20230322,2023-01-18
DOC_JUDG_GC_2022_0115_20240320,2023-06-21
DOC_JUDG_GC_2022_0116_20240529,2023-10-25
DOC_JUDG_GC_2022_0117_20240221,2023-10-18
DOC_JUDG_GC_2022_0118_20221221,2022-11-29
DOC_JUDG_GC_2022_0123_20240710,2023-06-30
DOC_JUDG_GC_2022_0125_20220727,2022-06-10
DOC_JUDG_GC_2022_0126_20240417,2023-09-14
DOC_JUDG_GC_2022_0133_20230315,2022-12-14
DOC_JUDG_GC_2022_0137_20230913,2023-04-26
DOC_JUDG_GC_2022_0142_20240717,2023-03-07
DOC_JUDG_GC_2022_0145_20230628,2023-01-19
DOC_JUDG_GC_2022_0146_20240207,2023-07-07
DOC_JUDG_GC_2022_0147_20230426,2023-01-24
DOC_JUDG_GC_2022_0148_20230426,2023-01-24
DOC_JUDG_GC_2022_0153_20230426,2023-01-12
DOC_JUDG_GC_2022_0154_20230426,2023-01-12
DOC_JUDG_GC_2022_0162_20230419,2023-01-17
DOC_JUDG_GC_2022_0168_20230503,2023-01-25
DOC_JUDG_GC_2022_0171_20230906,2023-05-11
DOC_JUDG_GC_2022_0177_20230517,2023-02-16
DOC_JUDG_GC_2022_0178_20230315,2023-01-11
DOC_JUDG_GC_2022_0181_20241002,2023-09-28
DOC_JUDG_GC_2022_0182_20240605,2023-06-21
DOC_JUDG_GC_2022_0186_20240605,2023-06-20
DOC_JUDG_GC_2022_0187_20240605,2023-06-20
DOC_JUDG_GC_2022_0188_20240605,2023-06-20
DOC_JUDG_GC_2022_0189_20240605,2023-06-20
DOC_JUDG_GC_2022_0190_20240605,2023-06-20
DOC_JUDG_GC_2022_0191_20240605,2023-06-20
DOC_JUDG_GC_2022_0192_20240911,2023-10-24
DOC_JUDG_GC_2022_0197_20230621,2023-02-01
DOC_JUDG_GC_2022_0201_20240124,2023-06-15
DOC_JUDG_GC_2022_0202_20240124,2023-06-15
DOC_JUDG_GC_2022_0205_20240424,2023-10-11
DOC_JUDG_GC_2022_0206_20240717,2023-06-16
DOC_JUDG_GC_2022_0207_20240717,2023-06-16
DOC_JUDG_GC_2022_0208_20240717,2023-06-16
DOC_JUDG_GC_2022_0209_20240717,2023-06-16
DOC_JUDG_GC_2022_0210_20230920,2023-04-26
DOC_JUDG_GC_2022_0211_20250319,2023-09-20
DOC_JUDG_GC_2022_0218_20230607,2023-02-16
DOC_JUDG_GC_2022_0221_20231220,2023-05-25
DOC_JUDG_GC_2022_0234_20240508,2023-06-26
DOC_JUDG_GC_2022_0235_20240515,2023-09-26
DOC_JUDG_GC_2022_0237_20240207,2023-06-06
DOC_JUDG_GC_2022_0239_20230607,2023-02-01
DOC_JUDG_GC_2022_0245_20241204,2024-01-16
DOC_JUDG_GC_2022_0246_20241204,2024-01-16
DOC_JUDG_GC_2022_0248_20230920,2023-06-28
DOC_JUDG_GC_2022_0249_20250305,2024-05-29
DOC_JUDG_GC_2022_0252_20230906,2023-05-03
DOC_JUDG_GC_2022_0259_20240306,2023-10-10
DOC_JUDG_GC_2022_0261_20230712,2023-03-23
DOC_JUDG_GC_2022_0263_20241002,2024-02-07
DOC_JUDG_GC_2022_0267_20230517,2023-03-08
DOC_JUDG_GC_2022_0270_20230906,2023-04-25
DOC_JUDG_GC_2022_0271_20250122,2024-07-09
DOC_JUDG_GC_2022_0272_20230906,2023-04-25
DOC_JUDG_GC_2022_0276_20230906,2023-02-14
DOC_JUDG_GC_2022_0277_20230906,2023-02-14
DOC_JUDG_GC_2022_0281_20241023,2024-02-22
DOC_JUDG_GC_2022_0282_20231108,2023-09-11
DOC_JUDG_GC_2022_0283_20231220,2023-06-27
DOC_JUDG_GC_2022_0288_20240612,2024-01-17
DOC_JUDG_GC_2022_0289_20240207,2023-09-12
DOC_JUDG_GC_2022_0290_20240904,2024-01-22
DOC_JUDG_GC_2022_0291_20230906,2023-04-25
DOC_JUDG_GC_2022_0293_20230920,2023-03-28
DOC_JUDG_GC_2022_0296_20231011,2023-05-03
DOC_JUDG_GC_2022_0297_20231206,2023-03-16
DOC_JUDG_GC_2022_0298_20231206,2023-03-16
DOC_JUDG_GC_2022_0301_20240410,2023-07-04
DOC_JUDG_GC_2022_0302_20240529,2023-11-07
DOC_JUDG_GC_2022_0303_20230503,2023-02-15
DOC_JUDG_GC_2022_0304_20240410,2023-07-04
DOC_JUDG_GC_2022_0305_20230913,2023-06-12
DOC_JUDG_GC_2022_0307_20250326,2024-07-10
DOC_JUDG_GC_2022_0308_20230329,2023-02-07
DOC_JUDG_GC_2022_0309_20240710,2023-12-12
DOC_JUDG_GC_2022_0312_20230906,2023-05-05
DOC_JUDG_GC_2022_0313_20231220,2023-07-12
DOC_JUDG_GC_2022_0315_20230726,2023-03-22
DOC_JUDG_GC_2022_0316_20230906,2023-05-05
DOC_JUDG_GC_2022_0321_20231115,2023-06-27
DOC_JUDG_GC_2022_0324_20230913,2023-04-24
DOC_JUDG_GC_2022_0325_20230712,2023-03-15
DOC_JUDG_GC_2022_0326_20241211,2024-06-10
DOC_JUDG_GC_2022_0328_20230913,2023-06-21
DOC_JUDG_GC_2022_0333_20231129,2023-06-13
DOC_JUDG_GC_2022_0334_20250129,2024-09-20
DOC_JUDG_GC_2022_0335_20230906,2023-05-02
DOC_JUDG_GC_2022_0339_20230607,2023-03-24
DOC_JUDG_GC_2022_0354_20250108,2023-10-17
DOC_JUDG_GC_2022_0356_20250319,2024-04-11
DOC_JUDG_GC_2022_0359_20231206,2023-06-13
DOC_JUDG_GC_2022_0361_20230906,2023-05-03
DOC_JUDG_GC_2022_0362_20240911,2024-01-30
DOC_JUDG_GC_2022_0363_20240529,2024-01-09
DOC_JUDG_GC_2022_0364_20230906,2023-05-15
DOC_JUDG_GC_2022_0366_20250625,2024-11-13
DOC_JUDG_GC_2022_0367_20240925,2024-02-06
DOC_JUDG_GC_2022_0371_20240717,2023-11-29
DOC_JUDG_GC_2022_0375_20240508,2023-10-05
DOC_JUDG_GC_2022_0377_20230906,2023-05-23
DOC_JUDG_GC_2022_0381_20231213,2023-06-28
DOC_JUDG_GC_2022_0382_20231213,2023-06-28
DOC_JUDG_GC_2022_0383_20231213,2023-06-28
DOC_JUDG_GC_2022_0384_20231025,2023-06-14
DOC_JUDG_GC_2022_0388_20241016,2024-02-07
DOC_JUDG_GC_2022_0390_20231220,2023-07-11
DOC_JUDG_GC_2022_0391_20240717,2024-02-08
DOC_JUDG_GC_2022_0392_20240717,2024-02-08
DOC_JUDG_GC_2022_0393_20240717,2024-02-08
DOC_JUDG_GC_2022_0394_20240717,2024-02-08
DOC_JUDG_GC_2022_0395_20240529,2024-02-08
DOC_JUDG_GC_2022_0396_20241023,2024-02-07
DOC_JUDG_GC_2022_0397_20241023,2024-02-07
DOC_JUDG_GC_2022_0398_20241023,2024-02-07
DOC_JUDG_GC_2022_0399_20241023,2024-02-07
DOC_JUDG_GC_2022_0400_20241023,2024-02-07
DOC_JUDG_GC_2022_0401_20241023,2024-02-07
DOC_JUDG_GC_2022_0402_20241023,2024-02-07
DOC_JUDG_GC_2022_0403_20241023,2024-02-07
DOC_JUDG_GC_2022_0404_20241023,2024-02-07
DOC_JUDG_GC_2022_0405_20250122,2024-02-07
DOC_JUDG_GC_2022_0406_20240703,2024-02-08
DOC_JUDG_GC_2022_0407_20250122,2024-02-07
DOC_JUDG_GC_2022_0410_20240717,2024-02-08
DOC_JUDG_GC_2022_0411_20240410,2024-02-08
DOC_JUDG_GC_2022_0415_20231011,2023-04-19
DOC_JUDG_GC_2022_0416_20240515,2023-11-14
DOC_JUDG_GC_2022_0420_20240717,2024-02-08
DOC_JUDG_GC_2022_0430_20241023,2024-02-07
DOC_JUDG_GC_2022_0435_20231011,2023-06-20
DOC_JUDG_GC_2022_0440_20241211,2024-03-06
DOC_JUDG_GC_2022_0442_20240228,2023-09-19
DOC_JUDG_GC_2022_0449_20241127,2024-02-08
DOC_JUDG_GC_2022_0450_20250618,2024-11-28
DOC_JUDG_GC_2022_0453_20241127,2024-02-02
DOC_JUDG_GC_2022_0471_20240515,2023-11-29
DOC_JUDG_GC_2022_0473_20230913,2023-04-26
DOC_JUDG_GC_2022_0483_20250924,2024-09-10
DOC_JUDG_GC_2022_0484_20231122,2023-06-14
DOC_JUDG_GC_2022_0485_20250312,2024-05-29
DOC_JUDG_GC_2022_0490_20231011,2023-06-28
DOC_JUDG_GC_2022_0494_20240911,2024-01-23
DOC_JUDG_GC_2022_0497_20240911,2023-11-28
DOC_JUDG_GC_2022_0498_20250226,2024-07-09
DOC_JUDG_GC_2022_0499_20241009,2023-11-14
DOC_JUDG_GC_2022_0501_20240207,2023-07-11
DOC_JUDG_GC_2022_0504_20240110,2023-06-29
DOC_JUDG_GC_2022_0505_20240110,2023-06-29
DOC_JUDG_GC_2022_0508_20241120,2024-02-20
DOC_JUDG_GC_2022_0511_20231025,2023-05-10
DOC_JUDG_GC_2022_0512_20240410,2023-10-04
DOC_JUDG_GC_2022_0520_20241106,2024-02-06
DOC_JUDG_GC_2022_0528_20240918,2024-04-10
DOC_JUDG_GC_2022_0529_20231011,2023-06-20
DOC_JUDG_GC_2022_0535_20231018,2023-07-11
DOC_JUDG_GC_2022_0536_20240221,2023-10-12
DOC_JUDG_GC_2022_0537_20240124,2023-10-11
DOC_JUDG_GC_2022_0540_20240710,2023-11-14
DOC_JUDG_GC_2022_0541_20230607,2023-03-23
DOC_JUDG_GC_2022_0555_20240508,2023-11-23
DOC_JUDG_GC_2022_0556_20240228,2023-09-13
DOC_JUDG_GC_2022_0560_20240911,2024-02-06
DOC_JUDG_GC_2022_0562_20240124,2023-09-08
DOC_JUDG_GC_2022_0563_20240207,2023-09-12
DOC_JUDG_GC_2022_0564_20231220,2023-07-04
DOC_JUDG_GC_2022_0565_20250409,2024-04-24
DOC_JUDG_GC_2022_0566_20231018,2023-04-20
DOC_JUDG_GC_2022_0570_20240925,2024-04-25
DOC_JUDG_GC_2022_0577_20250625,2024-09-25
DOC_JUDG_GC_2022_0579_20250910,2024-11-21
DOC_JUDG_GC_2022_0581_20240131,2023-09-20
DOC_JUDG_GC_2022_0583_20250910,2024-11-28
DOC_JUDG_GC_2022_0587_20241002,2024-03-20
DOC_JUDG_GC_2022_0589_20241002,2024-03-20
DOC_JUDG_GC_2022_0591_20240207,2023-09-27
DOC_JUDG_GC_2022_0596_20250312,2024-09-17
DOC_JUDG_GC_2022_0597_20240703,2024-01-16
DOC_JUDG_GC_2022_0599_20240904,2024-02-08
DOC_JUDG_GC_2022_0603_20240124,2023-07-06
DOC_JUDG_GC_2022_0604_20240612,2023-10-25
DOC_JUDG_GC_2022_0607_20240918,2024-04-30
DOC_JUDG_GC_2022_0608_20231213,2023-09-13
DOC_JUDG_GC_2022_0616_20230920,2023-06-07
DOC_JUDG_GC_2022_0617_20240918,2024-02-20
DOC_JUDG_GC_2022_0621_20231213,2023-09-13
DOC_JUDG_GC_2022_0622_20231213,2023-10-19
DOC_JUDG_GC_2022_0625_20250910,2024-10-22
DOC_JUDG_GC_2022_0625_20250910,2024-10-21
DOC_JUDG_GC_2022_0627_20231206,2023-09-14
DOC_JUDG_GC_2022_0632_20241106,2024-04-25
DOC_JUDG_GC_2022_0635_20240911,2024-01-11
DOC_JUDG_GC_2022_0636_20240124,2023-07-04
DOC_JUDG_GC_2022_0639_20240306,2023-06-07
DOC_JUDG_GC_2022_0641_20241106,2024-02-08
DOC_JUDG_GC_2022_0642_20250910,2024-09-18
DOC_JUDG_GC_2022_0643_20250910,2024-09-17
DOC_JUDG_GC_2022_0644_20240911,2024-01-11
DOC_JUDG_GC_2022_0647_20240306,2023-11-07
DOC_JUDG_GC_2022_0648_20250625,2024-09-25
DOC_JUDG_GC_2022_0649_20240612,2024-01-10
DOC_JUDG_GC_2022_0651_20240904,2024-01-24
DOC_JUDG_GC_2022_0652_20240306,2023-09-20
DOC_JUDG_GC_2022_0654_20240410,2023-10-12
DOC_JUDG_GC_2022_0673_20240424,2023-11-30
DOC_JUDG_GC_2022_0674_20240424,2023-11-30
DOC_JUDG_GC_2022_0676_20240710,2024-01-19
DOC_JUDG_GC_2022_0681_20250611,2024-07-04
DOC_JUDG_GC_2022_0689_20241023,2024-02-01
DOC_JUDG_GC_2022_0694_20240904,2023-10-25
DOC_JUDG_GC_2022_0713_20241106,2024-02-21
DOC_JUDG_GC_2022_0732_20241218,2024-06-04
DOC_JUDG_GC_2022_0734_20231129,2023-10-23
DOC_JUDG_GC_2022_0736_20231220,2023-09-20
DOC_JUDG_GC_2022_0738_20240619,2024-02-07
DOC_JUDG_GC_2022_0740_20240626,2024-02-21
DOC_JUDG_GC_2022_0741_20240911,2024-01-23
DOC_JUDG_GC_2022_0742_20240703,2024-02-06
DOC_JUDG_GC_2022_0743_20240320,2023-12-05
DOC_JUDG_GC_2022_0744_20240911,2024-02-27
DOC_JUDG_GC_2022_0748_20250115,2024-06-19
DOC_JUDG_GC_2022_0749_20240410,2023-11-30
DOC_JUDG_GC_2022_0755_20240508,2023-11-15
DOC_JUDG_GC_2022_0756_20240221,2023-10-18
DOC_JUDG_GC_2022_0757_20240508,2023-10-18
DOC_JUDG_GC_2022_0758_20240508,2023-10-18
DOC_JUDG_GC_2022_0764_20231206,2023-09-15
DOC_JUDG_GC_2022_0765_20240221,2023-10-27
DOC_JUDG_GC_2022_0776_20241218,2024-05-29
DOC_JUDG_GC_2022_0777_20240529,2024-01-11
DOC_JUDG_GC_2022_0781_20250611,2024-07-04
DOC_JUDG_GC_2022_0784_20250903,2025-02-26
DOC_JUDG_GC_2022_0787_20241218,2024-05-08
DOC_JUDG_GC_2022_0789_20240626,2024-01-30
DOC_JUDG_GC_2022_0790_20241106,2024-04-25
DOC_JUDG_GC_2022_0792_20240207,2023-09-13
DOC_JUDG_GC_2022_0827_20241106,2024-04-17
DOC_JUDG_GC_2022_0828_20241002,2024-03-12
DOC_JUDG_GC_2022_0831_20240619,2024-01-10
DOC_JUDG_GC_2023_0003_20240626,2023-12-07
DOC_JUDG_GC_2023_0007_20241009,2024-04-11
DOC_JUDG_GC_2023_0014_20241023,2024-03-20
DOC_JUDG_GC_2023_0018_20250910,2024-05-30
DOC_JUDG_GC_2023_0024_20240508,2023-11-30
DOC_JUDG_GC_2023_0025_20241023,2024-01-17
DOC_JUDG_GC_2023_0026_20240131,2023-10-11
DOC_JUDG_GC_2023_0033_20241120,2024-01-17
DOC_JUDG_GC_2023_0036_20250514,2024-11-15
DOC_JUDG_GC_2023_0038_20240410,2024-01-16
DOC_JUDG_GC_2023_0041_20231108,2023-09-12
DOC_JUDG_GC_2023_0042_20240410,2023-11-08
DOC_JUDG_GC_2023_0045_20250205,2024-07-10
DOC_JUDG_GC_2023_0049_20240529,2024-01-24
DOC_JUDG_GC_2023_0050_20240717,2024-01-29
DOC_JUDG_GC_2023_0051_20240904,2024-03-19
DOC_JUDG_GC_2023_0054_20240717,2024-01-29
DOC_JUDG_GC_2023_0058_20240605,2023-12-14
DOC_JUDG_GC_2023_0059_20240306,2023-11-23
DOC_JUDG_GC_2023_0062_20240410,2023-11-23
DOC_JUDG_GC_2023_0063_20240410,2023-11-23
DOC_JUDG_GC_2023_0064_20241113,2024-04-26
DOC_JUDG_GC_2023_0070_20250129,2024-04-16
DOC_JUDG_GC_2023_0073_20240904,2024-03-19
DOC_JUDG_GC_2023_0076_20240417,2023-11-29
DOC_JUDG_GC_2023_0078_20240612,2024-01-18
DOC_JUDG_GC_2023_0079_20240529,2024-01-15
DOC_JUDG_GC_2023_0088_20240710,2024-04-17
DOC_JUDG_GC_2023_0089_20240710,2024-04-17
DOC_JUDG_GC_2023_0092_20240221,2023-11-10
DOC_JUDG_GC_2023_0095_20250625,2024-09-09
DOC_JUDG_GC_2023_0096_20250625,2024-09-09
DOC_JUDG_GC_2023_0098_20240228,2023-11-21
DOC_JUDG_GC_2023_0102_20250430,2024-11-06
DOC_JUDG_GC_2023_0105_20250716,2024-10-16
DOC_JUDG_GC_2023_0106_20250716,2024-10-16
DOC_JUDG_GC_2023_0110_20241113,2024-04-24
DOC_JUDG_GC_2023_0117_20240313,2023-12-12
DOC_JUDG_GC_2023_0118_20241106,2024-01-25
DOC_JUDG_GC_2023_0120_20240710,2024-02-22
DOC_JUDG_GC_2023_0122_20250205,2024-07-04
DOC_JUDG_GC_2023_0123_20240605,2024-01-23
DOC_JUDG_GC_2023_0127_20250122,2024-07-10
DOC_JUDG_GC_2023_0130_20240612,2024-03-13
DOC_JUDG_GC_2023_0134_20241218,2024-07-03
DOC_JUDG_GC_2023_0141_20241113,2024-05-15
DOC_JUDG_GC_2023_0145_20240911,2024-03-12
DOC_JUDG_GC_2023_0147_20240515,2024-01-17
DOC_JUDG_GC_2023_0148_20241009,2024-03-05
DOC_JUDG_GC_2023_0158_20241204,2024-05-02
DOC_JUDG_GC_2023_0160_20241106,2024-03-06
DOC_JUDG_GC_2023_0163_20250709,2024-10-02
DOC_JUDG_GC_2023_0165_20250702,2024-11-13
DOC_JUDG_GC_2023_0166_20240904,2024-02-22
DOC_JUDG_GC_2023_0167_20250709,2024-10-02
DOC_JUDG_GC_2023_0170_20240612,2024-01-24
DOC_JUDG_GC_2023_0176_20250702,2024-11-12
DOC_JUDG_GC_2023_0179_20241211,2024-07-12
DOC_JUDG_GC_2023_0184_20240228,2023-11-22
DOC_JUDG_GC_2023_0187_20250702,2024-11-13
DOC_JUDG_GC_2023_0193_20250115,2024-07-03
DOC_JUDG_GC_2023_0200_20241106,2024-07-11
DOC_JUDG_GC_2023_0202_20250430,2024-09-18
DOC_JUDG_GC_2023_0208_20240424,2024-01-22
DOC_JUDG_GC_2023_0210_20240710,2024-02-20
DOC_JUDG_GC_2023_0216_20240710,2024-02-22
DOC_JUDG_GC_2023_0220_20240207,2023-11-29
DOC_JUDG_GC_2023_0222_20250618,2025-02-06
DOC_JUDG_GC_2023_0230_20250611,2024-10-02
DOC_JUDG_GC_2023_0231_20250611,2024-10-02
DOC_JUDG_GC_2023_0239_20250625,2024-09-18
DOC_JUDG_GC_2023_0263_20250430,2024-10-02
DOC_JUDG_GC_2023_0270_20241218,2024-07-01
DOC_JUDG_GC_2023_0281_20250319,2024-09-25
DOC_JUDG_GC_2023_0282_20241009,2024-03-05
DOC_JUDG_GC_2023_0286_20240911,2024-04-09
DOC_JUDG_GC_2023_0289_20250604,2024-11-13
DOC_JUDG_GC_2023_0297_20250402,2024-06-11
DOC_JUDG_GC_2023_0298_20250402,2024-06-11
DOC_JUDG_GC_2023_0304_20240619,2024-02-29
DOC_JUDG_GC_2023_0307_20241023,2024-04-30
DOC_JUDG_GC_2023_0311_20240925,2024-04-25
DOC_JUDG_GC_2023_0329_20250409,2024-09-24
DOC_JUDG_GC_2023_0333_20241120,2024-05-15
DOC_JUDG_GC_2023_0340_20250924,2025-01-09
DOC_JUDG_GC_2023_0342_20250611,2025-01-15
DOC_JUDG_GC_2023_0343_20240612,2024-03-13
DOC_JUDG_GC_2023_0344_20241016,2024-04-18
DOC_JUDG_GC_2023_0348_20250903,2025-03-06
DOC_JUDG_GC_2023_0349_20250312,2024-10-08
DOC_JUDG_GC_2023_0350_20250319,2024-11-06
DOC_JUDG_GC_2023_0359_20241106,2024-04-17
DOC_JUDG_GC_2023_0376_20241120,2024-06-26
DOC_JUDG_GC_2023_0390_20250924,2025-01-09
DOC_JUDG_GC_2023_0391_20241120,2024-07-03
DOC_JUDG_GC_2023_0396_20241106,2024-07-01
DOC_JUDG_GC_2023_0420_20241211,2024-09-11
DOC_JUDG_GC_2023_0426_20241113,2024-05-08
DOC_JUDG_GC_2023_0435_20250910,2025-04-10
DOC_JUDG_GC_2023_0437_20250709,2025-01-15
DOC_JUDG_GC_2023_0442_20250402,2024-10-08
DOC_JUDG_GC_2023_0447_20241211,2024-06-20
DOC_JUDG_GC_2023_0462_20241023,2024-06-12
DOC_JUDG_GC_2023_0463_20241023,2024-06-12
DOC_JUDG_GC_2023_0464_20241120,2024-05-07
DOC_JUDG_GC_2023_0471_20241120,2024-05-07
DOC_JUDG_GC_2023_0476_20250521,2024-11-15
DOC_JUDG_GC_2023_0482_20241120,2024-09-24
DOC_JUDG_GC_2023_0489_20241218,2024-10-01
DOC_JUDG_GC_2023_0493_20241218,2024-10-01
DOC_JUDG_GC_2023_0502_20250507,2025-01-07
DOC_JUDG_GC_2023_0503_20240904,2024-04-16
DOC_JUDG_GC_2023_0506_20241016,2024-06-27
DOC_JUDG_GC_2023_0508_20241016,2024-04-25
DOC_JUDG_GC_2023_0509_20241127,2024-06-28
DOC_JUDG_GC_2023_0520_20241218,2024-09-10
DOC_JUDG_GC_2023_0524_20241113,2024-05-30
DOC_JUDG_GC_2023_0525_20250319,2024-10-09
DOC_JUDG_GC_2023_0538_20241204,2024-07-11
DOC_JUDG_GC_2023_0544_20241106,2024-05-16
DOC_JUDG_GC_2023_0551_20250604,2024-12-03
DOC_JUDG_GC_2023_0553_20250903,2025-04-01
DOC_JUDG_GC_2023_0554_20241009,2024-07-03
DOC_JUDG_GC_2023_0559_20241113,2024-07-10
DOC_JUDG_GC_2023_0560_20250326,2024-11-07
DOC_JUDG_GC_2023_0563_20250723,2025-04-09
DOC_JUDG_GC_2023_0569_20250122,2024-09-24
DOC_JUDG_GC_2023_0573_20250910,2025-02-26
DOC_JUDG_GC_2023_0581_20250115,2024-09-10
DOC_JUDG_GC_2023_0592_20250326,2024-09-12
DOC_JUDG_GC_2023_0597_20250910,2025-01-23
DOC_JUDG_GC_2023_0605_20241023,2024-06-19
DOC_JUDG_GC_2023_0608_20250326,2024-09-12
DOC_JUDG_GC_2023_0610_20250326,2024-09-12
DOC_JUDG_GC_2023_0613_20250723,2025-01-09
DOC_JUDG_GC_2023_1024_20250903,2025-03-10
DOC_JUDG_GC_2023_1031_20250709,2025-02-27
DOC_JUDG_GC_2023_1032_20250521,2024-11-19
DOC_JUDG_GC_2023_1049_20250723,2025-02-13
DOC_JUDG_GC_2023_1054_20250521,2025-01-30
DOC_JUDG_GC_2023_1060_20250604,2024-09-12
DOC_JUDG_GC_2023_1061_20250604,2024-09-12
DOC_JUDG_GC_2023_1064_20250115,2024-10-01
DOC_JUDG_GC_2023_1065_20250115,2024-10-01
DOC_JUDG_GC_2023_1075_20250319,2024-11-19
DOC_JUDG_GC_2023_1076_20250226,2024-09-11
DOC_JUDG_GC_2023_1077_20240717,2024-04-29
DOC_JUDG_GC_2023_1081_20250723,2025-02-27
DOC_JUDG_GC_2023_1082_20250108,2024-09-11
DOC_JUDG_GC_2023_1085_20250521,2025-01-15
DOC_JUDG_GC_2023_1088_20250507,2024-10-24
DOC_JUDG_GC_2023_1089_20250507,2024-10-24
DOC_JUDG_GC_2023_1090_20250326,2024-10-08
DOC_JUDG_GC_2023_1093_20250122,2024-09-25
DOC_JUDG_GC_2023_1095_20250723,2025-03-26
DOC_JUDG_GC_2023_1096_20250326,2024-09-10
DOC_JUDG_GC_2023_1101_20250924,2025-03-17
DOC_JUDG_GC_2023_1102_20250903,2025-04-29
DOC_JUDG_GC_2023_1103_20250702,2024-12-12
DOC_JUDG_GC_2023_1104_20250702,2024-12-12
DOC_JUDG_GC_2023_1116_20250910,2025-01-28
DOC_JUDG_GC_2023_1117_20250903,2025-03-12
DOC_JUDG_GC_2023_1121_20250305,2024-11-08
DOC_JUDG_GC_2023_1123_20250129,2024-10-16
DOC_JUDG_GC_2023_1135_20250305,2024-10-14
DOC_JUDG_GC_2023_1154_20250514,2024-11-28
DOC_JUDG_GC_2023_1158_20250312,2024-12-03
DOC_JUDG_GC_2023_1159_20241120,2024-07-11
DOC_JUDG_GC_2023_1163_20241211,2024-09-17
DOC_JUDG_GC_2023_1170_20250709,2024-11-15
DOC_JUDG_GC_2023_1171_20250709,2024-11-15
DOC_JUDG_GC_2023_1172_20250709,2024-11-15
DOC_JUDG_GC_2023_1173_20250709,2024-11-15
DOC_JUDG_GC_2023_1186_20250326,2024-10-17
DOC_JUDG_GC_2023_1187_20250305,2024-10-14
DOC_JUDG_GC_2023_1189_20250910,2025-05-14
DOC_JUDG_GC_2024_0001_20250903,2024-12-05
DOC_JUDG_GC_2024_0011_20241204,2024-09-18
DOC_JUDG_GC_2024_0013_20241120,2024-09-10
DOC_JUDG_GC_2024_0017_20250212,2024-10-15
DOC_JUDG_GC_2024_0020_20250108,2024-10-17
DOC_JUDG_GC_2024_0026_20250305,2024-10-14
DOC_JUDG_GC_2024_0030_20241204,2024-09-18
DOC_JUDG_GC_2024_0031_20250924,2025-01-09
DOC_JUDG_GC_2024_0032_20250924,2025-01-09
DOC_JUDG_GC_2024_0046_20250611,2025-01-16
DOC_JUDG_GC_2024_0054_20250723,2025-04-11
DOC_JUDG_GC_2024_0055_20250910,2025-06-11
DOC_JUDG_GC_2024_0058_20250910,2025-06-11
DOC_JUDG_GC_2024_0066_20250312,2024-11-21
DOC_JUDG_GC_2024_0074_20250709,2025-02-05
DOC_JUDG_GC_2024_0086_20250910,2025-04-02
DOC_JUDG_GC_2024_0094_20250521,2024-11-19
DOC_JUDG_GC_2024_0095_20250430,2025-01-28
DOC_JUDG_GC_2024_0109_20250409,2024-12-04
DOC_JUDG_GC_2024_0113_20250723,2025-01-15
DOC_JUDG_GC_2024_0121_20250709,2025-01-29
DOC_JUDG_GC_2024_0128_20250709,2025-01-29
DOC_JUDG_GC_2024_0131_20250702,2025-01-14
DOC_JUDG_GC_2024_0133_20250521,2025-02-06
DOC_JUDG_GC_2024_0135_20250521,2025-01-16
DOC_JUDG_GC_2024_0140_20250326,2024-11-14
DOC_JUDG_GC_2024_0144_20250709,2025-01-09
DOC_JUDG_GC_2024_0152_20250702,2025-01-14
DOC_JUDG_GC_2024_0153_20250903,2025-04-08
DOC_JUDG_GC_2024_0159_20250924,2025-03-19
DOC_JUDG_GC_2024_0163_20250108,2024-10-17
DOC_JUDG_GC_2024_0172_20250319,2024-12-11
DOC_JUDG_GC_2024_0180_20250723,2025-01-29
DOC_JUDG_GC_2024_0188_20250709,2025-03-05
DOC_JUDG_GC_2024_0196_20250924,2025-03-19
DOC_JUDG_GC_2024_0198_20250910,2025-06-16
DOC_JUDG_GC_2024_0199_20250604,2025-01-29
DOC_JUDG_GC_2024_0209_20250409,2025-01-23
DOC_JUDG_GC_2024_0215_20250716,2025-01-17
DOC_JUDG_GC_2024_0222_20250924,2025-03-27
DOC_JUDG_GC_2024_0225_20250903,2025-05-20
DOC_JUDG_GC_2024_0228_20250702,2025-01-14
DOC_JUDG_GC_2024_0238_20250924,2025-03-25
DOC_JUDG_GC_2024_0241_20250430,2025-02-11
DOC_JUDG_GC_2024_0253_20250702,2025-01-14
DOC_JUDG_GC_2024_0273_20250625,2025-04-02
DOC_JUDG_GC_2024_0288_20250910,2025-03-28
DOC_JUDG_GC_2024_0297_20250604,2025-04-29
DOC_JUDG_GC_2024_0299_20250910,2025-04-07
DOC_JUDG_GC_2024_0300_20250910,2025-04-09
DOC_JUDG_GC_2024_0301_20250924,2025-06-19
DOC_JUDG_GC_2024_0304_20250709,2025-04-03
DOC_JUDG_GC_2024_0305_20250709,2025-04-03
DOC_JUDG_GC_2024_0306_20250709,2025-04-03
DOC_JUDG_GC_2024_0321_20250618,2025-03-18
DOC_JUDG_GC_2024_0331_20250903,2025-05-08
DOC_JUDG_GC_2024_0344_20250716,2025-05-13
DOC_JUDG_GC_2024_0347_20250709,2025-04-30
DOC_JUDG_GC_2024_0368_20250611,2025-03-04
DOC_JUDG_GC_2024_0372_20250625,2025-03-20
DOC_JUDG_GC_2024_0407_20250709,2025-04-29
DOC_JUDG_GC_2024_0410_20250903,2025-05-14
DOC_JUDG_GC_2024_0413_20250924,2025-06-24
DOC_JUDG_GC_2024_0415_20250924,2025-06-24
DOC_JUDG_GC_2024_0417_20250716,2025-04-08
DOC_JUDG_GC_2024_0425_20250910,2025-05-08
DOC_JUDG_GC_2024_0444_20250910,2025-06-05
DOC_JUDG_GC_2024_0461_20250611,2025-03-26
DOC_JUDG_GC_2024_0462_20250611,2025-03-26
DOC_JUDG_GC_2024_0466_20250903,2025-06-18
DOC_JUDG_GC_2024_0472_20250723,2025-04-30
DOC_JUDG_GC_2024_0497_20250910,2025-06-11
DOC_JUDG_GC_2024_0541_20250910,2025-06-17
