joined_proceeding_id,lead_proceeding_id
PROC_CJ_1954_0009,PROC_CJ_1954_0007
PROC_CJ_1954_0010,PROC_CJ_1954_0008
PROC_CJ_1957_0003,PROC_CJ_1956_0007
PROC_CJ_1957_0004,PROC_CJ_1956_0007
PROC_CJ_1957_0005,PROC_CJ_1956_0007
PROC_CJ_1957_0006,PROC_CJ_1956_0007
PROC_CJ_1957_0007,PROC_CJ_1956_0007
PROC_CJ_1957_0014,PROC_CJ_1957_0001
PROC_CJ_1958_0004,PROC_CJ_1958_0003
PROC_CJ_1958_0005,PROC_CJ_1958_0003
PROC_CJ_1958_0006,PROC_CJ_1958_0003
PROC_CJ_1958_0007,PROC_CJ_1958_0003
PROC_CJ_1958_0008,PROC_CJ_1958_0003
PROC_CJ_1958_0009,PROC_CJ_1958_0003
PROC_CJ_1958_0010,PROC_CJ_1958_0003
PROC_CJ_1958_0011,PROC_CJ_1958_0003
PROC_CJ_1958_0012,PROC_CJ_1958_0003
PROC_CJ_1958_0013,PROC_CJ_1958_0003
PROC_CJ_1958_0014,PROC_CJ_1958_0003
PROC_CJ_1958_0015,PROC_CJ_1958_0003
PROC_CJ_1958_0016,PROC_CJ_1958_0003
PROC_CJ_1958_0017,PROC_CJ_1958_0003
PROC_CJ_1958_0018,PROC_CJ_1958_0003
PROC_CJ_1958_0025,PROC_CJ_1958_0003
PROC_CJ_1958_0026,PROC_CJ_1958_0003
PROC_CJ_1958_0028,PROC_CJ_1958_0027
PROC_CJ_1958_0029,PROC_CJ_1958_0027
PROC_CJ_1958_0033,PROC_CJ_1958_0032
PROC_CJ_1958_0034,PROC_CJ_1958_0024
PROC_CJ_1958_0037,PROC_CJ_1958_0036
PROC_CJ_1958_0038,PROC_CJ_1958_0036
PROC_CJ_1958_0040,PROC_CJ_1958_0036
PROC_CJ_1958_0041,PROC_CJ_1958_0036
PROC_CJ_1959_0005,PROC_CJ_1959_0004
PROC_CJ_1959_0006,PROC_CJ_1959_0004
PROC_CJ_1959_0007,PROC_CJ_1959_0004
PROC_CJ_1959_0008,PROC_CJ_1959_0004
PROC_CJ_1959_0009,PROC_CJ_1959_0004
PROC_CJ_1959_0010,PROC_CJ_1959_0004
PROC_CJ_1959_0011,PROC_CJ_1959_0004
PROC_CJ_1959_0012,PROC_CJ_1959_0004
PROC_CJ_1959_0013,PROC_CJ_1959_0004
PROC_CJ_1959_0017,PROC_CJ_1959_0016
PROC_CJ_1959_0018,PROC_CJ_1959_0016
PROC_CJ_1959_0029,PROC_CJ_1959_0015
PROC_CJ_1959_0037,PROC_CJ_1959_0036
PROC_CJ_1959_0038,PROC_CJ_1959_0036
PROC_CJ_1959_0039,PROC_CJ_1959_0027
PROC_CJ_1959_0040,PROC_CJ_1959_0036
PROC_CJ_1959_0045,PROC_CJ_1959_0043
PROC_CJ_1959_0046,PROC_CJ_1959_0033
PROC_CJ_1959_0047,PROC_CJ_1959_0033
PROC_CJ_1959_0048,PROC_CJ_1959_0043
PROC_CJ_1959_0049,PROC_CJ_1959_0042
PROC_CJ_1959_0049_TO,PROC_CJ_1959_0042_TO
PROC_CJ_1959_0050,PROC_CJ_1959_0041
PROC_CJ_1960_0003,PROC_CJ_1960_0002
PROC_CJ_1960_0007,PROC_CJ_1960_0005
PROC_CJ_1960_0008,PROC_CJ_1960_0005
PROC_CJ_1960_0012,PROC_CJ_1960_0009
PROC_CJ_1960_0012_TO,PROC_CJ_1960_0009_TO
PROC_CJ_1960_0016,PROC_CJ_1960_0014
PROC_CJ_1960_0017,PROC_CJ_1960_0014
PROC_CJ_1960_0020,PROC_CJ_1960_0014
PROC_CJ_1960_0021,PROC_CJ_1960_0019
PROC_CJ_1960_0023,PROC_CJ_1960_0022
PROC_CJ_1960_0024,PROC_CJ_1960_0014
PROC_CJ_1960_0026,PROC_CJ_1960_0014
PROC_CJ_1960_0027,PROC_CJ_1960_0014
PROC_CJ_1961_0001,PROC_CJ_1960_0014
PROC_CJ_1961_0002,PROC_CJ_1960_0019
PROC_CJ_1961_0003,PROC_CJ_1960_0019
PROC_CJ_1961_0020,PROC_CJ_1961_0017
PROC_CJ_1961_0022,PROC_CJ_1961_0021
PROC_CJ_1961_0023,PROC_CJ_1961_0021
PROC_CJ_1961_0024,PROC_CJ_1961_0021
PROC_CJ_1961_0025,PROC_CJ_1961_0021
PROC_CJ_1961_0026,PROC_CJ_1961_0021
PROC_CJ_1962_0003,PROC_CJ_1962_0002
PROC_CJ_1962_0006,PROC_CJ_1962_0005
PROC_CJ_1962_0007,PROC_CJ_1962_0005
PROC_CJ_1962_0008,PROC_CJ_1962_0005
PROC_CJ_1962_0009,PROC_CJ_1962_0005
PROC_CJ_1962_0010,PROC_CJ_1962_0005
PROC_CJ_1962_0011,PROC_CJ_1962_0005
PROC_CJ_1962_0013,PROC_CJ_1962_0005
PROC_CJ_1962_0014,PROC_CJ_1962_0005
PROC_CJ_1962_0015,PROC_CJ_1962_0005
PROC_CJ_1962_0017,PROC_CJ_1962_0016
PROC_CJ_1962_0020,PROC_CJ_1962_0019
PROC_CJ_1962_0021,PROC_CJ_1962_0019
PROC_CJ_1962_0022,PROC_CJ_1962_0019
PROC_CJ_1962_0029,PROC_CJ_1962_0028
PROC_CJ_1962_0030,PROC_CJ_1962_0028
PROC_CJ_1962_0033,PROC_CJ_1962_0031
PROC_CJ_1963_0003,PROC_CJ_1963_0002
PROC_CJ_1963_0004,PROC_CJ_1963_0002
PROC_CJ_1963_0005,PROC_CJ_1963_0002
PROC_CJ_1963_0006,PROC_CJ_1963_0002
PROC_CJ_1963_0007,PROC_CJ_1963_0002
PROC_CJ_1963_0008,PROC_CJ_1963_0002
PROC_CJ_1963_0009,PROC_CJ_1963_0002
PROC_CJ_1963_0010,PROC_CJ_1963_0002
PROC_CJ_1963_0016,PROC_CJ_1962_0035
PROC_CJ_1963_0021,PROC_CJ_1963_0020
PROC_CJ_1963_0024,PROC_CJ_1963_0023
PROC_CJ_1963_0031,PROC_CJ_1963_0029
PROC_CJ_1963_0036,PROC_CJ_1963_0029
PROC_CJ_1963_0039,PROC_CJ_1963_0029
PROC_CJ_1963_0040,PROC_CJ_1963_0029
PROC_CJ_1963_0041,PROC_CJ_1963_0029
PROC_CJ_1963_0042,PROC_CJ_1963_0029
PROC_CJ_1963_0043,PROC_CJ_1963_0029
PROC_CJ_1963_0044,PROC_CJ_1963_0029
PROC_CJ_1963_0045,PROC_CJ_1963_0029
PROC_CJ_1963_0046,PROC_CJ_1963_0029
PROC_CJ_1963_0047,PROC_CJ_1963_0029
PROC_CJ_1963_0050,PROC_CJ_1963_0029
PROC_CJ_1963_0051,PROC_CJ_1963_0029
PROC_CJ_1963_0052,PROC_CJ_1963_0023
PROC_CJ_1963_0054,PROC_CJ_1963_0053
PROC_CJ_1963_0056,PROC_CJ_1963_0055
PROC_CJ_1963_0057,PROC_CJ_1963_0055
PROC_CJ_1963_0058,PROC_CJ_1963_0055
PROC_CJ_1963_0059,PROC_CJ_1963_0055
PROC_CJ_1963_0061,PROC_CJ_1963_0055
PROC_CJ_1963_0062,PROC_CJ_1963_0055
PROC_CJ_1963_0063,PROC_CJ_1963_0055
PROC_CJ_1963_0065,PROC_CJ_1963_0019
PROC_CJ_1963_0074,PROC_CJ_1963_0073
PROC_CJ_1963_0082,PROC_CJ_1963_0079
PROC_CJ_1963_0091,PROC_CJ_1963_0090
PROC_CJ_1963_0096,PROC_CJ_1963_0094
PROC_CJ_1963_0099_R,PROC_CJ_1963_0098_R
PROC_CJ_1963_0107,PROC_CJ_1963_0106
PROC_CJ_1964_0004,PROC_CJ_1964_0003
PROC_CJ_1964_0013,PROC_CJ_1963_0109
PROC_CJ_1964_0019,PROC_CJ_1964_0018
PROC_CJ_1964_0025,PROC_CJ_1964_0009
PROC_CJ_1964_0029,PROC_CJ_1964_0012
PROC_CJ_1964_0030,PROC_CJ_1964_0027
PROC_CJ_1964_0051,PROC_CJ_1964_0050
PROC_CJ_1964_0053,PROC_CJ_1964_0050
PROC_CJ_1964_0054,PROC_CJ_1964_0050
PROC_CJ_1964_0057,PROC_CJ_1964_0050
PROC_CJ_1964_0058,PROC_CJ_1964_0056
PROC_CJ_1965_0001,PROC_CJ_1964_0048
PROC_CJ_1965_0026,PROC_CJ_1965_0025
PROC_CJ_1965_0035,PROC_CJ_1965_0018
PROC_CJ_1965_0055,PROC_CJ_1965_0052
PROC_CJ_1965_0058,PROC_CJ_1965_0009
PROC_CJ_1965_0060,PROC_CJ_1964_0015
PROC_CJ_1966_0007,PROC_CJ_1966_0005
PROC_CJ_1966_0009,PROC_CJ_1966_0008
PROC_CJ_1966_0010,PROC_CJ_1966_0008
PROC_CJ_1966_0011,PROC_CJ_1966_0008
PROC_CJ_1966_0013,PROC_CJ_1966_0005
PROC_CJ_1966_0014,PROC_CJ_1966_0005
PROC_CJ_1966_0015,PROC_CJ_1966_0005
PROC_CJ_1966_0016,PROC_CJ_1966_0005
PROC_CJ_1966_0017,PROC_CJ_1966_0005
PROC_CJ_1966_0018,PROC_CJ_1966_0005
PROC_CJ_1966_0019,PROC_CJ_1966_0005
PROC_CJ_1966_0020,PROC_CJ_1966_0005
PROC_CJ_1966_0021,PROC_CJ_1966_0005
PROC_CJ_1966_0022,PROC_CJ_1966_0005
PROC_CJ_1966_0023,PROC_CJ_1966_0005
PROC_CJ_1966_0024,PROC_CJ_1966_0005
PROC_CJ_1968_0018,PROC_CJ_1968_0010
PROC_CJ_1969_0003,PROC_CJ_1969_0002
PROC_CJ_1969_0011,PROC_CJ_1969_0006
PROC_CJ_1969_0020,PROC_CJ_1969_0019
PROC_CJ_1969_0025,PROC_CJ_1969_0019
PROC_CJ_1969_0030,PROC_CJ_1969_0019
PROC_CJ_1969_0061,PROC_CJ_1969_0060
PROC_CJ_1969_0062,PROC_CJ_1969_0060
PROC_CJ_1969_0071,PROC_CJ_1969_0059
PROC_CJ_1970_0042,PROC_CJ_1970_0041
PROC_CJ_1970_0043,PROC_CJ_1970_0041
PROC_CJ_1970_0044,PROC_CJ_1970_0041
PROC_CJ_1970_0049,PROC_CJ_1970_0045
PROC_CJ_1970_0064,PROC_CJ_1970_0063
PROC_CJ_1970_0065,PROC_CJ_1970_0063
PROC_CJ_1970_0066,PROC_CJ_1970_0063
PROC_CJ_1970_0067,PROC_CJ_1970_0063
PROC_CJ_1970_0068,PROC_CJ_1970_0063
PROC_CJ_1970_0069,PROC_CJ_1970_0063
PROC_CJ_1970_0070,PROC_CJ_1970_0063
PROC_CJ_1970_0071,PROC_CJ_1970_0063
PROC_CJ_1970_0072,PROC_CJ_1970_0063
PROC_CJ_1970_0073,PROC_CJ_1970_0063
PROC_CJ_1970_0074,PROC_CJ_1970_0063
PROC_CJ_1970_0075,PROC_CJ_1970_0063
PROC_CJ_1971_0011,PROC_CJ_1971_0009
PROC_CJ_1971_0039,PROC_CJ_1971_0038
PROC_CJ_1971_0052,PROC_CJ_1971_0051
PROC_CJ_1971_0053,PROC_CJ_1971_0051
PROC_CJ_1971_0054,PROC_CJ_1971_0051
PROC_CJ_1971_0056,PROC_CJ_1971_0055
PROC_CJ_1971_0057,PROC_CJ_1971_0055
PROC_CJ_1971_0058,PROC_CJ_1971_0055
PROC_CJ_1971_0059,PROC_CJ_1971_0055
PROC_CJ_1971_0060,PROC_CJ_1971_0055
PROC_CJ_1971_0061,PROC_CJ_1971_0055
PROC_CJ_1971_0062,PROC_CJ_1971_0055
PROC_CJ_1971_0063,PROC_CJ_1971_0055
PROC_CJ_1971_0064,PROC_CJ_1971_0055
PROC_CJ_1971_0065,PROC_CJ_1971_0055
PROC_CJ_1971_0066,PROC_CJ_1971_0055
PROC_CJ_1971_0067,PROC_CJ_1971_0055
PROC_CJ_1971_0068,PROC_CJ_1971_0055
PROC_CJ_1971_0069,PROC_CJ_1971_0055
PROC_CJ_1971_0070,PROC_CJ_1971_0055
PROC_CJ_1971_0071,PROC_CJ_1971_0055
PROC_CJ_1971_0072,PROC_CJ_1971_0055
PROC_CJ_1971_0073,PROC_CJ_1971_0055
PROC_CJ_1971_0074,PROC_CJ_1971_0055
PROC_CJ_1971_0075,PROC_CJ_1971_0055
PROC_CJ_1971_0076,PROC_CJ_1971_0055
PROC_CJ_1971_0086,PROC_CJ_1971_0055
PROC_CJ_1971_0087,PROC_CJ_1971_0055
PROC_CJ_1971_0095,PROC_CJ_1971_0055
PROC_CJ_1972_0022,PROC_CJ_1972_0021
PROC_CJ_1972_0023,PROC_CJ_1972_0021
PROC_CJ_1972_0024,PROC_CJ_1972_0021
PROC_CJ_1972_0047,PROC_CJ_1972_0010
PROC_CJ_1972_0064,PROC_CJ_1972_0063
PROC_CJ_1972_0065,PROC_CJ_1972_0063
PROC_CJ_1972_0066,PROC_CJ_1972_0063
PROC_CJ_1972_0067,PROC_CJ_1972_0063
PROC_CJ_1972_0068,PROC_CJ_1972_0063
PROC_CJ_1972_0069,PROC_CJ_1972_0063
PROC_CJ_1972_0075,PROC_CJ_1972_0058
PROC_CJ_1973_0007,PROC_CJ_1973_0006
PROC_CJ_1973_0016,PROC_CJ_1973_0015
PROC_CJ_1973_0017,PROC_CJ_1973_0015
PROC_CJ_1973_0018,PROC_CJ_1973_0015
PROC_CJ_1973_0019,PROC_CJ_1973_0015
PROC_CJ_1973_0020,PROC_CJ_1973_0015
PROC_CJ_1973_0021,PROC_CJ_1973_0015
PROC_CJ_1973_0022,PROC_CJ_1973_0015
PROC_CJ_1973_0023,PROC_CJ_1973_0015
PROC_CJ_1973_0024,PROC_CJ_1973_0015
PROC_CJ_1973_0025,PROC_CJ_1973_0015
PROC_CJ_1973_0026,PROC_CJ_1973_0015
PROC_CJ_1973_0027,PROC_CJ_1973_0015
PROC_CJ_1973_0028,PROC_CJ_1973_0015
PROC_CJ_1973_0029,PROC_CJ_1973_0015
PROC_CJ_1973_0030,PROC_CJ_1973_0015
PROC_CJ_1973_0031,PROC_CJ_1973_0015
PROC_CJ_1973_0032,PROC_CJ_1973_0015
PROC_CJ_1973_0033,PROC_CJ_1973_0015
PROC_CJ_1973_0038,PROC_CJ_1973_0037
PROC_CJ_1973_0041,PROC_CJ_1973_0040
PROC_CJ_1973_0042,PROC_CJ_1973_0040
PROC_CJ_1973_0043,PROC_CJ_1973_0040
PROC_CJ_1973_0043_INTP,PROC_CJ_1973_0041_INTP
PROC_CJ_1973_0044,PROC_CJ_1973_0040
PROC_CJ_1973_0044_INTP,PROC_CJ_1973_0041_INTP
PROC_CJ_1973_0045,PROC_CJ_1973_0040
PROC_CJ_1973_0046,PROC_CJ_1973_0040
PROC_CJ_1973_0047,PROC_CJ_1973_0040
PROC_CJ_1973_0048,PROC_CJ_1973_0040
PROC_CJ_1973_0050,PROC_CJ_1973_0040
PROC_CJ_1973_0052,PROC_CJ_1973_0015
PROC_CJ_1973_0053,PROC_CJ_1973_0015
PROC_CJ_1973_0054,PROC_CJ_1973_0040
PROC_CJ_1973_0055,PROC_CJ_1973_0040
PROC_CJ_1973_0056,PROC_CJ_1973_0040
PROC_CJ_1973_0057,PROC_CJ_1973_0015
PROC_CJ_1973_0058,PROC_CJ_1973_0015
PROC_CJ_1973_0059,PROC_CJ_1973_0015
PROC_CJ_1973_0060,PROC_CJ_1973_0015
PROC_CJ_1973_0061,PROC_CJ_1973_0015
PROC_CJ_1973_0062,PROC_CJ_1973_0015
PROC_CJ_1973_0063,PROC_CJ_1973_0015
PROC_CJ_1973_0064,PROC_CJ_1973_0015
PROC_CJ_1973_0065,PROC_CJ_1973_0015
PROC_CJ_1973_0066,PROC_CJ_1973_0015
PROC_CJ_1973_0067,PROC_CJ_1973_0015
PROC_CJ_1973_0068,PROC_CJ_1973_0015
PROC_CJ_1973_0069,PROC_CJ_1973_0015
PROC_CJ_1973_0070,PROC_CJ_1973_0015
PROC_CJ_1973_0071,PROC_CJ_1973_0015
PROC_CJ_1973_0072,PROC_CJ_1973_0015
PROC_CJ_1973_0073,PROC_CJ_1973_0015
PROC_CJ_1973_0074,PROC_CJ_1973_0015
PROC_CJ_1973_0075,PROC_CJ_1973_0015
PROC_CJ_1973_0076,PROC_CJ_1973_0015
PROC_CJ_1973_0077,PROC_CJ_1973_0015
PROC_CJ_1973_0078,PROC_CJ_1973_0015
PROC_CJ_1973_0079,PROC_CJ_1973_0015
PROC_CJ_1973_0080,PROC_CJ_1973_0015
PROC_CJ_1973_0081,PROC_CJ_1973_0015
PROC_CJ_1973_0082,PROC_CJ_1973_0015
PROC_CJ_1973_0083,PROC_CJ_1973_0015
PROC_CJ_1973_0084,PROC_CJ_1973_0015
PROC_CJ_1973_0085,PROC_CJ_1973_0015
PROC_CJ_1973_0086,PROC_CJ_1973_0015
PROC_CJ_1973_0087,PROC_CJ_1973_0015
PROC_CJ_1973_0088,PROC_CJ_1973_0015
PROC_CJ_1973_0089,PROC_CJ_1973_0015
PROC_CJ_1973_0090,PROC_CJ_1973_0015
PROC_CJ_1973_0091,PROC_CJ_1973_0015
PROC_CJ_1973_0092,PROC_CJ_1973_0015
PROC_CJ_1973_0093,PROC_CJ_1973_0015
PROC_CJ_1973_0094,PROC_CJ_1973_0015
PROC_CJ_1973_0095,PROC_CJ_1973_0015
PROC_CJ_1973_0096,PROC_CJ_1973_0015
PROC_CJ_1973_0097,PROC_CJ_1973_0015
PROC_CJ_1973_0098,PROC_CJ_1973_0015
PROC_CJ_1973_0099,PROC_CJ_1973_0015
PROC_CJ_1973_0100,PROC_CJ_1973_0015
PROC_CJ_1973_0101,PROC_CJ_1973_0015
PROC_CJ_1973_0102,PROC_CJ_1973_0015
PROC_CJ_1973_0103,PROC_CJ_1973_0015
PROC_CJ_1973_0104,PROC_CJ_1973_0015
PROC_CJ_1973_0105,PROC_CJ_1973_0015
PROC_CJ_1973_0106,PROC_CJ_1973_0015
PROC_CJ_1973_0107,PROC_CJ_1973_0015
PROC_CJ_1973_0108,PROC_CJ_1973_0015
PROC_CJ_1973_0109,PROC_CJ_1973_0015
PROC_CJ_1973_0111,PROC_CJ_1973_0040
PROC_CJ_1973_0113,PROC_CJ_1973_0040
PROC_CJ_1973_0114,PROC_CJ_1973_0040
PROC_CJ_1973_0116,PROC_CJ_1973_0015
PROC_CJ_1973_0117,PROC_CJ_1973_0015
PROC_CJ_1973_0123,PROC_CJ_1973_0015
PROC_CJ_1973_0132,PROC_CJ_1973_0015
PROC_CJ_1973_0135,PROC_CJ_1973_0015
PROC_CJ_1973_0136,PROC_CJ_1973_0015
PROC_CJ_1973_0137,PROC_CJ_1973_0015
PROC_CJ_1973_0144,PROC_CJ_1973_0112
PROC_CJ_1973_0145,PROC_CJ_1973_0112
PROC_CJ_1973_0161,PROC_CJ_1973_0160
PROC_CJ_1973_0170,PROC_CJ_1973_0160
PROC_CJ_1973_0179,PROC_CJ_1973_0178
PROC_CJ_1973_0180,PROC_CJ_1973_0178
PROC_CJ_1974_0005,PROC_CJ_1973_0177
PROC_CJ_1974_0020,PROC_CJ_1974_0019
PROC_CJ_1974_0030,PROC_CJ_1974_0004
PROC_CJ_1974_0046,PROC_CJ_1974_0044
PROC_CJ_1974_0049,PROC_CJ_1974_0044
PROC_CJ_1974_0057,PROC_CJ_1974_0056
PROC_CJ_1974_0058,PROC_CJ_1974_0056
PROC_CJ_1974_0059,PROC_CJ_1974_0056
PROC_CJ_1974_0060,PROC_CJ_1974_0056
PROC_CJ_1974_0062,PROC_CJ_1974_0042
PROC_CJ_1974_0082,PROC_CJ_1974_0081
PROC_CJ_1974_0083,PROC_CJ_1974_0081
PROC_CJ_1974_0084,PROC_CJ_1974_0081
PROC_CJ_1974_0085,PROC_CJ_1974_0081
PROC_CJ_1974_0086,PROC_CJ_1974_0081
PROC_CJ_1974_0087,PROC_CJ_1974_0081
PROC_CJ_1974_0088,PROC_CJ_1974_0081
PROC_CJ_1974_0096,PROC_CJ_1974_0095
PROC_CJ_1974_0097,PROC_CJ_1974_0095
PROC_CJ_1974_0098,PROC_CJ_1974_0095
PROC_CJ_1975_0011,PROC_CJ_1975_0010
PROC_CJ_1975_0012,PROC_CJ_1975_0010
PROC_CJ_1975_0013,PROC_CJ_1975_0010
PROC_CJ_1975_0014,PROC_CJ_1975_0010
PROC_CJ_1975_0015,PROC_CJ_1974_0095
PROC_CJ_1975_0018,PROC_CJ_1974_0089
PROC_CJ_1975_0019,PROC_CJ_1974_0089
PROC_CJ_1975_0068,PROC_CJ_1975_0067
PROC_CJ_1975_0069,PROC_CJ_1975_0067
PROC_CJ_1975_0070,PROC_CJ_1975_0067
PROC_CJ_1975_0071,PROC_CJ_1975_0067
PROC_CJ_1975_0072,PROC_CJ_1975_0067
PROC_CJ_1975_0073,PROC_CJ_1975_0067
PROC_CJ_1975_0074,PROC_CJ_1975_0067
PROC_CJ_1975_0075,PROC_CJ_1975_0067
PROC_CJ_1975_0076,PROC_CJ_1975_0067
PROC_CJ_1975_0077,PROC_CJ_1975_0067
PROC_CJ_1975_0078,PROC_CJ_1975_0067
PROC_CJ_1975_0079,PROC_CJ_1975_0067
PROC_CJ_1975_0080,PROC_CJ_1975_0067
PROC_CJ_1975_0081,PROC_CJ_1975_0067
PROC_CJ_1975_0082,PROC_CJ_1975_0067
PROC_CJ_1975_0083,PROC_CJ_1975_0067
PROC_CJ_1975_0084,PROC_CJ_1975_0067
PROC_CJ_1975_0085,PROC_CJ_1975_0067
PROC_CJ_1975_0089,PROC_CJ_1975_0088
PROC_CJ_1975_0090,PROC_CJ_1975_0088
PROC_CJ_1975_0099,PROC_CJ_1975_0098
PROC_CJ_1975_0100,PROC_CJ_1974_0095
PROC_CJ_1975_0114,PROC_CJ_1975_0109
PROC_CJ_1976_0004,PROC_CJ_1976_0003
PROC_CJ_1976_0006,PROC_CJ_1976_0003
PROC_CJ_1976_0016,PROC_CJ_1976_0015
PROC_CJ_1976_0034,PROC_CJ_1975_0126
PROC_CJ_1976_0037,PROC_CJ_1976_0036
PROC_CJ_1976_0055,PROC_CJ_1976_0054
PROC_CJ_1976_0056,PROC_CJ_1976_0054
PROC_CJ_1976_0057,PROC_CJ_1976_0054
PROC_CJ_1976_0058,PROC_CJ_1976_0054
PROC_CJ_1976_0059,PROC_CJ_1976_0054
PROC_CJ_1976_0060,PROC_CJ_1976_0054
PROC_CJ_1976_0070,PROC_CJ_1976_0069
PROC_CJ_1976_0092,PROC_CJ_1975_0126
PROC_CJ_1976_0094,PROC_CJ_1976_0083
PROC_CJ_1976_0100,PROC_CJ_1976_0099
PROC_CJ_1976_0113,PROC_CJ_1976_0064
PROC_CJ_1976_0120,PROC_CJ_1976_0119
PROC_CJ_1977_0004,PROC_CJ_1976_0083
PROC_CJ_1977_0010,PROC_CJ_1977_0009
PROC_CJ_1977_0015,PROC_CJ_1976_0083
PROC_CJ_1977_0016,PROC_CJ_1976_0117
PROC_CJ_1977_0018,PROC_CJ_1977_0012
PROC_CJ_1977_0020,PROC_CJ_1976_0124
PROC_CJ_1977_0021,PROC_CJ_1977_0012
PROC_CJ_1977_0040,PROC_CJ_1976_0083
PROC_CJ_1977_0045,PROC_CJ_1977_0044
PROC_CJ_1977_0046,PROC_CJ_1977_0044
PROC_CJ_1977_0047,PROC_CJ_1977_0044
PROC_CJ_1977_0048,PROC_CJ_1977_0044
PROC_CJ_1977_0049,PROC_CJ_1977_0044
PROC_CJ_1977_0050,PROC_CJ_1977_0044
PROC_CJ_1977_0051,PROC_CJ_1977_0044
PROC_CJ_1977_0053_R,PROC_CJ_1977_0031_R
PROC_CJ_1977_0081,PROC_CJ_1977_0080
PROC_CJ_1977_0124,PROC_CJ_1977_0116
PROC_CJ_1977_0130,PROC_CJ_1977_0087
PROC_CJ_1977_0143,PROC_CJ_1977_0116
PROC_CJ_1977_0145,PROC_CJ_1977_0103
PROC_CJ_1978_0019,PROC_CJ_1978_0004
PROC_CJ_1978_0028,PROC_CJ_1978_0004
PROC_CJ_1978_0036,PROC_CJ_1978_0032
PROC_CJ_1978_0037,PROC_CJ_1978_0032
PROC_CJ_1978_0038,PROC_CJ_1978_0032
PROC_CJ_1978_0039,PROC_CJ_1978_0032
PROC_CJ_1978_0040,PROC_CJ_1978_0032
PROC_CJ_1978_0041,PROC_CJ_1978_0032
PROC_CJ_1978_0042,PROC_CJ_1978_0032
PROC_CJ_1978_0043,PROC_CJ_1978_0032
PROC_CJ_1978_0044,PROC_CJ_1978_0032
PROC_CJ_1978_0045,PROC_CJ_1978_0032
PROC_CJ_1978_0046,PROC_CJ_1978_0032
PROC_CJ_1978_0047,PROC_CJ_1978_0032
PROC_CJ_1978_0048,PROC_CJ_1978_0032
PROC_CJ_1978_0049,PROC_CJ_1978_0032
PROC_CJ_1978_0050,PROC_CJ_1978_0032
PROC_CJ_1978_0051,PROC_CJ_1978_0032
PROC_CJ_1978_0052,PROC_CJ_1978_0032
PROC_CJ_1978_0053,PROC_CJ_1978_0032
PROC_CJ_1978_0054,PROC_CJ_1978_0032
PROC_CJ_1978_0055,PROC_CJ_1978_0032
PROC_CJ_1978_0056,PROC_CJ_1978_0032
PROC_CJ_1978_0057,PROC_CJ_1978_0032
PROC_CJ_1978_0058,PROC_CJ_1978_0032
PROC_CJ_1978_0059,PROC_CJ_1978_0032
PROC_CJ_1978_0060,PROC_CJ_1978_0032
PROC_CJ_1978_0061,PROC_CJ_1978_0032
PROC_CJ_1978_0062,PROC_CJ_1978_0032
PROC_CJ_1978_0063,PROC_CJ_1978_0032
PROC_CJ_1978_0064,PROC_CJ_1978_0032
PROC_CJ_1978_0065,PROC_CJ_1978_0032
PROC_CJ_1978_0066,PROC_CJ_1978_0032
PROC_CJ_1978_0067,PROC_CJ_1978_0032
PROC_CJ_1978_0068,PROC_CJ_1978_0032
PROC_CJ_1978_0069,PROC_CJ_1978_0032
PROC_CJ_1978_0070,PROC_CJ_1978_0032
PROC_CJ_1978_0071,PROC_CJ_1978_0032
PROC_CJ_1978_0072,PROC_CJ_1978_0032
PROC_CJ_1978_0073,PROC_CJ_1978_0032
PROC_CJ_1978_0074,PROC_CJ_1978_0032
PROC_CJ_1978_0075,PROC_CJ_1978_0032
PROC_CJ_1978_0076,PROC_CJ_1978_0032
PROC_CJ_1978_0077,PROC_CJ_1978_0032
PROC_CJ_1978_0078,PROC_CJ_1978_0032
PROC_CJ_1978_0079,PROC_CJ_1978_0032
PROC_CJ_1978_0080,PROC_CJ_1978_0032
PROC_CJ_1978_0081,PROC_CJ_1978_0032
PROC_CJ_1978_0082,PROC_CJ_1978_0032
PROC_CJ_1978_0104,PROC_CJ_1978_0103
PROC_CJ_1978_0105,PROC_CJ_1978_0103
PROC_CJ_1978_0106,PROC_CJ_1978_0103
PROC_CJ_1978_0107,PROC_CJ_1978_0103
PROC_CJ_1978_0108,PROC_CJ_1978_0103
PROC_CJ_1978_0109,PROC_CJ_1978_0103
PROC_CJ_1978_0111,PROC_CJ_1978_0110
PROC_CJ_1978_0150,PROC_CJ_1978_0131
PROC_CJ_1978_0167,PROC_CJ_1976_0064
PROC_CJ_1978_0174,PROC_CJ_1978_0173
PROC_CJ_1978_0186,PROC_CJ_1978_0185
PROC_CJ_1978_0187,PROC_CJ_1978_0185
PROC_CJ_1978_0188,PROC_CJ_1978_0185
PROC_CJ_1978_0189,PROC_CJ_1978_0185
PROC_CJ_1978_0190,PROC_CJ_1978_0185
PROC_CJ_1978_0191,PROC_CJ_1978_0185
PROC_CJ_1978_0192,PROC_CJ_1978_0185
PROC_CJ_1978_0193,PROC_CJ_1978_0185
PROC_CJ_1978_0194,PROC_CJ_1978_0185
PROC_CJ_1978_0195,PROC_CJ_1978_0185
PROC_CJ_1978_0196,PROC_CJ_1978_0185
PROC_CJ_1978_0197,PROC_CJ_1978_0185
PROC_CJ_1978_0198,PROC_CJ_1978_0185
PROC_CJ_1978_0199,PROC_CJ_1978_0185
PROC_CJ_1978_0200,PROC_CJ_1978_0185
PROC_CJ_1978_0201,PROC_CJ_1978_0185
PROC_CJ_1978_0202,PROC_CJ_1978_0185
PROC_CJ_1978_0203,PROC_CJ_1978_0185
PROC_CJ_1978_0204,PROC_CJ_1978_0185
PROC_CJ_1978_0205,PROC_CJ_1978_0154
PROC_CJ_1978_0206,PROC_CJ_1978_0154
PROC_CJ_1978_0210,PROC_CJ_1978_0209
PROC_CJ_1978_0211,PROC_CJ_1978_0209
PROC_CJ_1978_0212,PROC_CJ_1978_0209
PROC_CJ_1978_0213,PROC_CJ_1978_0209
PROC_CJ_1978_0214,PROC_CJ_1978_0209
PROC_CJ_1978_0215,PROC_CJ_1978_0209
PROC_CJ_1978_0218,PROC_CJ_1978_0209
PROC_CJ_1978_0221,PROC_CJ_1978_0220
PROC_CJ_1978_0226,PROC_CJ_1978_0154
PROC_CJ_1978_0227,PROC_CJ_1978_0154
PROC_CJ_1978_0228,PROC_CJ_1978_0154
PROC_CJ_1978_0229,PROC_CJ_1978_0181
PROC_CJ_1978_0234,PROC_CJ_1978_0233
PROC_CJ_1978_0235,PROC_CJ_1978_0233
PROC_CJ_1978_0239,PROC_CJ_1976_0064
PROC_CJ_1978_0242,PROC_CJ_1978_0241
PROC_CJ_1978_0245,PROC_CJ_1978_0241
PROC_CJ_1978_0246,PROC_CJ_1978_0241
PROC_CJ_1978_0247,PROC_CJ_1978_0241
PROC_CJ_1978_0248,PROC_CJ_1978_0241
PROC_CJ_1978_0249,PROC_CJ_1978_0241
PROC_CJ_1978_0250,PROC_CJ_1978_0241
PROC_CJ_1978_0262,PROC_CJ_1978_0261
PROC_CJ_1978_0263,PROC_CJ_1978_0154
PROC_CJ_1978_0264,PROC_CJ_1978_0154
PROC_CJ_1979_0001,PROC_CJ_1978_0253
PROC_CJ_1979_0002,PROC_CJ_1978_0253
PROC_CJ_1979_0003,PROC_CJ_1978_0253
PROC_CJ_1979_0017,PROC_CJ_1979_0016
PROC_CJ_1979_0018,PROC_CJ_1979_0016
PROC_CJ_1979_0019,PROC_CJ_1979_0016
PROC_CJ_1979_0020,PROC_CJ_1979_0016
PROC_CJ_1979_0027,PROC_CJ_1976_0064
PROC_CJ_1979_0028,PROC_CJ_1976_0064
PROC_CJ_1979_0031,PROC_CJ_1978_0154
PROC_CJ_1979_0039,PROC_CJ_1978_0154
PROC_CJ_1979_0045,PROC_CJ_1976_0064
PROC_CJ_1979_0064,PROC_CJ_1979_0063
PROC_CJ_1979_0075,PROC_CJ_1979_0033
PROC_CJ_1979_0082,PROC_CJ_1979_0081
PROC_CJ_1979_0083,PROC_CJ_1978_0154
PROC_CJ_1979_0085,PROC_CJ_1978_0154
PROC_CJ_1979_0086,PROC_CJ_1979_0026
PROC_CJ_1979_0096,PROC_CJ_1979_0095
PROC_CJ_1979_0097,PROC_CJ_1979_0006
PROC_CJ_1979_0112,PROC_CJ_1979_0087
PROC_CJ_1979_0113,PROC_CJ_1979_0087
PROC_CJ_1979_0115,PROC_CJ_1979_0114
PROC_CJ_1979_0116,PROC_CJ_1979_0114
PROC_CJ_1979_0117,PROC_CJ_1979_0114
PROC_CJ_1979_0121,PROC_CJ_1979_0041
PROC_CJ_1979_0123,PROC_CJ_1979_0122
PROC_CJ_1979_0126,PROC_CJ_1979_0119
PROC_CJ_1979_0127,PROC_CJ_1979_0066
PROC_CJ_1979_0128,PROC_CJ_1979_0066
PROC_CJ_1979_0146,PROC_CJ_1979_0081
PROC_CJ_1979_0160,PROC_CJ_1979_0159
PROC_CJ_1979_0531,PROC_CJ_1979_0530
PROC_CJ_1979_0534,PROC_CJ_1979_0532
PROC_CJ_1979_0543,PROC_CJ_1979_0532
PROC_CJ_1979_0567,PROC_CJ_1979_0532
PROC_CJ_1979_0600,PROC_CJ_1979_0532
PROC_CJ_1979_0618,PROC_CJ_1979_0532
PROC_CJ_1979_0660,PROC_CJ_1979_0532
PROC_CJ_1979_0734,PROC_CJ_1979_0159
PROC_CJ_1979_0738,PROC_CJ_1979_0736
PROC_CJ_1979_0780,PROC_CJ_1979_0736
PROC_CJ_1979_0781,PROC_CJ_1979_0530
PROC_CJ_1979_0786,PROC_CJ_1979_0783
PROC_CJ_1979_0790,PROC_CJ_1979_0789
PROC_CJ_1979_0796,PROC_CJ_1979_0041
PROC_CJ_1979_0801,PROC_CJ_1979_0800
PROC_CJ_1979_0802,PROC_CJ_1979_0800
PROC_CJ_1979_0825,PROC_CJ_1979_0824
PROC_CJ_1979_1206,PROC_CJ_1979_1205
PROC_CJ_1979_1207,PROC_CJ_1979_1205
PROC_CJ_1979_1208,PROC_CJ_1979_1205
PROC_CJ_1979_1209,PROC_CJ_1979_1205
PROC_CJ_1979_1210,PROC_CJ_1979_1205
PROC_CJ_1979_1211,PROC_CJ_1979_1205
PROC_CJ_1979_1212,PROC_CJ_1979_1205
PROC_CJ_1979_1213,PROC_CJ_1979_1205
PROC_CJ_1979_1214,PROC_CJ_1979_1205
PROC_CJ_1979_1215,PROC_CJ_1979_1205
PROC_CJ_1979_1216,PROC_CJ_1979_1205
PROC_CJ_1979_1217,PROC_CJ_1979_1205
PROC_CJ_1979_1218,PROC_CJ_1979_1205
PROC_CJ_1979_1219,PROC_CJ_1979_1205
PROC_CJ_1979_1220,PROC_CJ_1979_1205
PROC_CJ_1979_1221,PROC_CJ_1979_1205
PROC_CJ_1979_1222,PROC_CJ_1979_1205
PROC_CJ_1979_1223,PROC_CJ_1979_1205
PROC_CJ_1979_1224,PROC_CJ_1979_1205
PROC_CJ_1979_1225,PROC_CJ_1979_1205
PROC_CJ_1979_1226,PROC_CJ_1979_1205
PROC_CJ_1979_1227,PROC_CJ_1979_1205
PROC_CJ_1979_1228,PROC_CJ_1979_1205
PROC_CJ_1979_1229,PROC_CJ_1979_1205
PROC_CJ_1979_1230,PROC_CJ_1979_1205
PROC_CJ_1979_1231,PROC_CJ_1979_1205
PROC_CJ_1979_1232,PROC_CJ_1979_1205
PROC_CJ_1979_1233,PROC_CJ_1979_1205
PROC_CJ_1979_1234,PROC_CJ_1979_1205
PROC_CJ_1979_1235,PROC_CJ_1979_1205
PROC_CJ_1979_1236,PROC_CJ_1979_1205
PROC_CJ_1979_1237,PROC_CJ_1979_1205
PROC_CJ_1979_1238,PROC_CJ_1979_1205
PROC_CJ_1979_1239,PROC_CJ_1979_1205
PROC_CJ_1979_1240,PROC_CJ_1979_1205
PROC_CJ_1979_1241,PROC_CJ_1979_1205
PROC_CJ_1979_1242,PROC_CJ_1979_1205
PROC_CJ_1979_1243,PROC_CJ_1979_1205
PROC_CJ_1979_1244,PROC_CJ_1979_1205
PROC_CJ_1979_1245,PROC_CJ_1979_1205
PROC_CJ_1979_1246,PROC_CJ_1979_1205
PROC_CJ_1979_1247,PROC_CJ_1979_1205
PROC_CJ_1979_1248,PROC_CJ_1979_1205
PROC_CJ_1980_0007,PROC_CJ_1980_0006
PROC_CJ_1980_0008,PROC_CJ_1980_0006
PROC_CJ_1980_0009,PROC_CJ_1980_0006
PROC_CJ_1980_0010,PROC_CJ_1980_0006
PROC_CJ_1980_0011,PROC_CJ_1980_0006
PROC_CJ_1980_0012,PROC_CJ_1980_0006
PROC_CJ_1980_0013,PROC_CJ_1980_0006
PROC_CJ_1980_0014,PROC_CJ_1980_0006
PROC_CJ_1980_0015,PROC_CJ_1980_0006
PROC_CJ_1980_0016,PROC_CJ_1980_0006
PROC_CJ_1980_0017,PROC_CJ_1980_0006
PROC_CJ_1980_0018,PROC_CJ_1980_0005
PROC_CJ_1980_0019,PROC_CJ_1980_0006
PROC_CJ_1980_0020,PROC_CJ_1980_0006
PROC_CJ_1980_0021,PROC_CJ_1980_0006
PROC_CJ_1980_0051,PROC_CJ_1979_0156
PROC_CJ_1980_0057,PROC_CJ_1980_0055
PROC_CJ_1980_0071,PROC_CJ_1980_0036
PROC_CJ_1980_0097,PROC_CJ_1980_0024
PROC_CJ_1980_0101,PROC_CJ_1980_0100
PROC_CJ_1980_0102,PROC_CJ_1980_0100
PROC_CJ_1980_0103,PROC_CJ_1980_0100
PROC_CJ_1980_0117,PROC_CJ_1980_0116
PROC_CJ_1980_0119,PROC_CJ_1980_0116
PROC_CJ_1980_0120,PROC_CJ_1980_0116
PROC_CJ_1980_0121,PROC_CJ_1980_0116
PROC_CJ_1980_0129,PROC_CJ_1980_0059
PROC_CJ_1980_0143,PROC_CJ_1980_0142
PROC_CJ_1980_0149,PROC_CJ_1980_0148
PROC_CJ_1980_0162,PROC_CJ_1980_0161
PROC_CJ_1980_0165,PROC_CJ_1980_0028
PROC_CJ_1980_0189,PROC_CJ_1980_0188
PROC_CJ_1980_0190,PROC_CJ_1980_0188
PROC_CJ_1980_0198,PROC_CJ_1980_0197
PROC_CJ_1980_0199,PROC_CJ_1980_0197
PROC_CJ_1980_0200,PROC_CJ_1980_0197
PROC_CJ_1980_0207,PROC_CJ_1980_0206
PROC_CJ_1980_0209,PROC_CJ_1980_0206
PROC_CJ_1980_0210,PROC_CJ_1980_0206
PROC_CJ_1980_0213,PROC_CJ_1980_0212
PROC_CJ_1980_0214,PROC_CJ_1980_0212
PROC_CJ_1980_0215,PROC_CJ_1980_0212
PROC_CJ_1980_0216,PROC_CJ_1980_0212
PROC_CJ_1980_0217,PROC_CJ_1980_0212
PROC_CJ_1980_0220,PROC_CJ_1980_0219
PROC_CJ_1980_0221,PROC_CJ_1980_0219
PROC_CJ_1980_0222,PROC_CJ_1980_0219
PROC_CJ_1980_0223,PROC_CJ_1980_0219
PROC_CJ_1980_0224,PROC_CJ_1980_0219
PROC_CJ_1980_0225,PROC_CJ_1980_0219
PROC_CJ_1980_0226,PROC_CJ_1980_0219
PROC_CJ_1980_0227,PROC_CJ_1980_0219
PROC_CJ_1980_0228,PROC_CJ_1980_0219
PROC_CJ_1980_0230,PROC_CJ_1980_0219
PROC_CJ_1980_0231,PROC_CJ_1980_0219
PROC_CJ_1980_0232,PROC_CJ_1980_0219
PROC_CJ_1980_0233,PROC_CJ_1980_0219
PROC_CJ_1980_0234,PROC_CJ_1980_0219
PROC_CJ_1980_0235,PROC_CJ_1980_0219
PROC_CJ_1980_0237,PROC_CJ_1980_0219
PROC_CJ_1980_0238,PROC_CJ_1980_0219
PROC_CJ_1980_0240,PROC_CJ_1980_0219
PROC_CJ_1980_0241,PROC_CJ_1980_0219
PROC_CJ_1980_0242,PROC_CJ_1980_0219
PROC_CJ_1980_0243,PROC_CJ_1980_0197
PROC_CJ_1980_0245,PROC_CJ_1980_0197
PROC_CJ_1980_0247,PROC_CJ_1980_0197
PROC_CJ_1980_0257,PROC_CJ_1980_0256
PROC_CJ_1980_0265,PROC_CJ_1980_0256
PROC_CJ_1980_0266,PROC_CJ_1980_0180
PROC_CJ_1980_0267,PROC_CJ_1980_0256
PROC_CJ_1981_0005,PROC_CJ_1980_0256
PROC_CJ_1981_0024,PROC_CJ_1980_0275
PROC_CJ_1981_0031,PROC_CJ_1981_0030
PROC_CJ_1981_0032,PROC_CJ_1981_0030
PROC_CJ_1981_0033,PROC_CJ_1981_0030
PROC_CJ_1981_0034,PROC_CJ_1981_0030
PROC_CJ_1981_0037,PROC_CJ_1981_0036
PROC_CJ_1981_0043,PROC_CJ_1981_0039
PROC_CJ_1981_0063,PROC_CJ_1981_0062
PROC_CJ_1981_0081,PROC_CJ_1981_0080
PROC_CJ_1981_0082,PROC_CJ_1981_0080
PROC_CJ_1981_0083,PROC_CJ_1981_0080
PROC_CJ_1981_0085,PROC_CJ_1981_0039
PROC_CJ_1981_0088,PROC_CJ_1981_0039
PROC_CJ_1981_0099,PROC_CJ_1981_0066
PROC_CJ_1981_0116,PROC_CJ_1981_0115
PROC_CJ_1981_0139,PROC_CJ_1981_0138
PROC_CJ_1981_0140,PROC_CJ_1981_0137
PROC_CJ_1981_0142,PROC_CJ_1981_0141
PROC_CJ_1981_0143,PROC_CJ_1981_0141
PROC_CJ_1981_0154,PROC_CJ_1981_0153
PROC_CJ_1981_0155,PROC_CJ_1981_0153
PROC_CJ_1981_0156,PROC_CJ_1981_0153
PROC_CJ_1981_0157,PROC_CJ_1981_0153
PROC_CJ_1981_0158,PROC_CJ_1981_0152
PROC_CJ_1981_0159,PROC_CJ_1981_0153
PROC_CJ_1981_0160,PROC_CJ_1981_0153
PROC_CJ_1981_0161,PROC_CJ_1981_0153
PROC_CJ_1981_0162,PROC_CJ_1981_0152
PROC_CJ_1981_0163,PROC_CJ_1981_0153
PROC_CJ_1981_0164,PROC_CJ_1981_0153
PROC_CJ_1981_0165,PROC_CJ_1981_0153
PROC_CJ_1981_0166,PROC_CJ_1981_0152
PROC_CJ_1981_0167,PROC_CJ_1981_0153
PROC_CJ_1981_0168,PROC_CJ_1981_0153
PROC_CJ_1981_0169,PROC_CJ_1981_0153
PROC_CJ_1981_0170,PROC_CJ_1981_0152
PROC_CJ_1981_0171,PROC_CJ_1981_0153
PROC_CJ_1981_0172,PROC_CJ_1981_0153
PROC_CJ_1981_0173,PROC_CJ_1981_0152
PROC_CJ_1981_0174,PROC_CJ_1981_0153
PROC_CJ_1981_0175,PROC_CJ_1981_0152
PROC_CJ_1981_0176,PROC_CJ_1981_0153
PROC_CJ_1981_0177,PROC_CJ_1981_0152
PROC_CJ_1981_0178,PROC_CJ_1981_0152
PROC_CJ_1981_0179,PROC_CJ_1981_0152
PROC_CJ_1981_0180,PROC_CJ_1981_0153
PROC_CJ_1981_0181,PROC_CJ_1981_0153
PROC_CJ_1981_0182,PROC_CJ_1981_0152
PROC_CJ_1981_0183,PROC_CJ_1981_0153
PROC_CJ_1981_0184,PROC_CJ_1981_0153
PROC_CJ_1981_0185,PROC_CJ_1981_0153
PROC_CJ_1981_0186,PROC_CJ_1981_0152
PROC_CJ_1981_0190_R,PROC_CJ_1981_0060_R
PROC_CJ_1981_0192,PROC_CJ_1981_0146
PROC_CJ_1981_0193,PROC_CJ_1981_0146
PROC_CJ_1981_0199,PROC_CJ_1981_0198
PROC_CJ_1981_0200,PROC_CJ_1981_0198
PROC_CJ_1981_0201,PROC_CJ_1981_0198
PROC_CJ_1981_0202,PROC_CJ_1981_0198
PROC_CJ_1981_0203,PROC_CJ_1981_0153
PROC_CJ_1981_0204,PROC_CJ_1981_0153
PROC_CJ_1981_0205,PROC_CJ_1979_0080
PROC_CJ_1981_0209,PROC_CJ_1981_0208
PROC_CJ_1981_0214,PROC_CJ_1981_0213
PROC_CJ_1981_0215,PROC_CJ_1981_0213
PROC_CJ_1981_0218,PROC_CJ_1981_0036
PROC_CJ_1981_0219,PROC_CJ_1981_0153
PROC_CJ_1981_0241,PROC_CJ_1981_0225
PROC_CJ_1981_0254,PROC_CJ_1981_0248
PROC_CJ_1981_0268,PROC_CJ_1981_0267
PROC_CJ_1981_0269,PROC_CJ_1981_0267
PROC_CJ_1981_0291,PROC_CJ_1981_0290
PROC_CJ_1981_0293,PROC_CJ_1981_0292
PROC_CJ_1981_0304,PROC_CJ_1981_0153
PROC_CJ_1981_0305,PROC_CJ_1981_0153
PROC_CJ_1981_0312,PROC_CJ_1981_0303
PROC_CJ_1981_0315,PROC_CJ_1981_0314
PROC_CJ_1981_0316,PROC_CJ_1981_0314
PROC_CJ_1982_0003,PROC_CJ_1982_0002
PROC_CJ_1982_0004,PROC_CJ_1982_0002
PROC_CJ_1982_0006,PROC_CJ_1981_0296
PROC_CJ_1982_0014,PROC_CJ_1982_0013
PROC_CJ_1982_0015,PROC_CJ_1982_0013
PROC_CJ_1982_0016,PROC_CJ_1982_0013
PROC_CJ_1982_0017,PROC_CJ_1982_0013
PROC_CJ_1982_0018,PROC_CJ_1982_0013
PROC_CJ_1982_0019,PROC_CJ_1982_0013
PROC_CJ_1982_0020,PROC_CJ_1982_0013
PROC_CJ_1982_0021,PROC_CJ_1982_0013
PROC_CJ_1982_0022,PROC_CJ_1982_0013
PROC_CJ_1982_0023,PROC_CJ_1982_0013
PROC_CJ_1982_0024,PROC_CJ_1982_0013
PROC_CJ_1982_0025,PROC_CJ_1982_0013
PROC_CJ_1982_0026,PROC_CJ_1982_0013
PROC_CJ_1982_0027,PROC_CJ_1982_0013
PROC_CJ_1982_0028,PROC_CJ_1982_0013
PROC_CJ_1982_0030,PROC_CJ_1981_0311
PROC_CJ_1982_0036,PROC_CJ_1982_0035
PROC_CJ_1982_0051,PROC_CJ_1982_0050
PROC_CJ_1982_0052,PROC_CJ_1982_0050
PROC_CJ_1982_0053,PROC_CJ_1982_0050
PROC_CJ_1982_0054,PROC_CJ_1982_0050
PROC_CJ_1982_0055,PROC_CJ_1982_0050
PROC_CJ_1982_0056,PROC_CJ_1982_0050
PROC_CJ_1982_0057,PROC_CJ_1982_0050
PROC_CJ_1982_0058,PROC_CJ_1982_0050
PROC_CJ_1982_0063,PROC_CJ_1982_0043
PROC_CJ_1982_0083,PROC_CJ_1981_0314
PROC_CJ_1982_0097,PROC_CJ_1982_0096
PROC_CJ_1982_0098,PROC_CJ_1982_0096
PROC_CJ_1982_0099,PROC_CJ_1982_0096
PROC_CJ_1982_0100,PROC_CJ_1982_0096
PROC_CJ_1982_0101,PROC_CJ_1982_0096
PROC_CJ_1982_0102,PROC_CJ_1982_0096
PROC_CJ_1982_0104,PROC_CJ_1982_0096
PROC_CJ_1982_0105,PROC_CJ_1982_0096
PROC_CJ_1982_0108,PROC_CJ_1982_0096
PROC_CJ_1982_0110,PROC_CJ_1982_0096
PROC_CJ_1982_0111,PROC_CJ_1981_0109
PROC_CJ_1982_0112,PROC_CJ_1981_0109
PROC_CJ_1982_0117,PROC_CJ_1982_0075
PROC_CJ_1982_0119,PROC_CJ_1982_0118
PROC_CJ_1982_0120,PROC_CJ_1982_0118
PROC_CJ_1982_0121,PROC_CJ_1982_0118
PROC_CJ_1982_0122,PROC_CJ_1982_0118
PROC_CJ_1982_0123,PROC_CJ_1982_0118
PROC_CJ_1982_0138,PROC_CJ_1982_0031
PROC_CJ_1982_0146,PROC_CJ_1982_0140
PROC_CJ_1982_0178,PROC_CJ_1982_0177
PROC_CJ_1982_0182,PROC_CJ_1981_0080
PROC_CJ_1982_0183,PROC_CJ_1981_0080
PROC_CJ_1982_0184,PROC_CJ_1981_0080
PROC_CJ_1982_0185,PROC_CJ_1981_0080
PROC_CJ_1982_0187,PROC_CJ_1982_0186
PROC_CJ_1982_0194,PROC_CJ_1982_0193
PROC_CJ_1982_0195,PROC_CJ_1982_0193
PROC_CJ_1982_0196,PROC_CJ_1982_0193
PROC_CJ_1982_0197,PROC_CJ_1982_0193
PROC_CJ_1982_0198,PROC_CJ_1982_0193
PROC_CJ_1982_0200,PROC_CJ_1982_0091
PROC_CJ_1982_0204,PROC_CJ_1982_0031
PROC_CJ_1982_0206,PROC_CJ_1982_0205
PROC_CJ_1982_0207,PROC_CJ_1982_0205
PROC_CJ_1982_0208,PROC_CJ_1982_0205
PROC_CJ_1982_0209,PROC_CJ_1982_0205
PROC_CJ_1982_0210,PROC_CJ_1982_0205
PROC_CJ_1982_0211,PROC_CJ_1982_0205
PROC_CJ_1982_0212,PROC_CJ_1982_0205
PROC_CJ_1982_0213,PROC_CJ_1982_0205
PROC_CJ_1982_0214,PROC_CJ_1982_0205
PROC_CJ_1982_0215,PROC_CJ_1982_0205
PROC_CJ_1982_0221,PROC_CJ_1982_0140
PROC_CJ_1982_0226,PROC_CJ_1982_0140
PROC_CJ_1982_0229,PROC_CJ_1982_0228
PROC_CJ_1982_0241,PROC_CJ_1982_0240
PROC_CJ_1982_0242,PROC_CJ_1982_0240
PROC_CJ_1982_0244,PROC_CJ_1982_0243
PROC_CJ_1982_0245,PROC_CJ_1982_0243
PROC_CJ_1982_0246,PROC_CJ_1982_0243
PROC_CJ_1982_0247,PROC_CJ_1982_0243
PROC_CJ_1982_0248,PROC_CJ_1982_0243
PROC_CJ_1982_0249,PROC_CJ_1982_0243
PROC_CJ_1982_0250,PROC_CJ_1982_0243
PROC_CJ_1982_0251,PROC_CJ_1982_0243
PROC_CJ_1982_0252,PROC_CJ_1982_0243
PROC_CJ_1982_0253,PROC_CJ_1982_0243
PROC_CJ_1982_0254,PROC_CJ_1982_0243
PROC_CJ_1982_0255,PROC_CJ_1982_0243
PROC_CJ_1982_0256,PROC_CJ_1982_0243
PROC_CJ_1982_0257,PROC_CJ_1982_0243
PROC_CJ_1982_0258,PROC_CJ_1982_0243
PROC_CJ_1982_0259,PROC_CJ_1982_0243
PROC_CJ_1982_0261,PROC_CJ_1982_0240
PROC_CJ_1982_0262,PROC_CJ_1982_0240
PROC_CJ_1982_0268,PROC_CJ_1982_0240
PROC_CJ_1982_0269,PROC_CJ_1982_0240
PROC_CJ_1982_0274,PROC_CJ_1982_0129
PROC_CJ_1982_0275,PROC_CJ_1982_0239
PROC_CJ_1982_0282,PROC_CJ_1980_0256
PROC_CJ_1982_0305,PROC_CJ_1982_0304
PROC_CJ_1982_0306,PROC_CJ_1982_0304
PROC_CJ_1982_0307,PROC_CJ_1982_0304
PROC_CJ_1982_0308,PROC_CJ_1982_0304
PROC_CJ_1982_0309,PROC_CJ_1982_0304
PROC_CJ_1982_0310,PROC_CJ_1982_0304
PROC_CJ_1982_0318,PROC_CJ_1982_0296
PROC_CJ_1982_0329,PROC_CJ_1982_0328
PROC_CJ_1982_0330,PROC_CJ_1982_0328
PROC_CJ_1982_0331,PROC_CJ_1982_0328
PROC_CJ_1982_0332,PROC_CJ_1982_0328
PROC_CJ_1982_0333,PROC_CJ_1982_0328
PROC_CJ_1982_0334,PROC_CJ_1982_0328
PROC_CJ_1982_0335,PROC_CJ_1982_0328
PROC_CJ_1982_0336,PROC_CJ_1982_0328
PROC_CJ_1983_0021,PROC_CJ_1983_0020
PROC_CJ_1983_0022,PROC_CJ_1977_0087
PROC_CJ_1983_0026,PROC_CJ_1982_0286
PROC_CJ_1983_0030,PROC_CJ_1983_0029
PROC_CJ_1983_0040,PROC_CJ_1982_0316
PROC_CJ_1983_0048,PROC_CJ_1983_0047
PROC_CJ_1983_0067,PROC_CJ_1983_0066
PROC_CJ_1983_0068,PROC_CJ_1983_0066
PROC_CJ_1983_0102,PROC_CJ_1983_0085
PROC_CJ_1983_0127,PROC_CJ_1983_0091
PROC_CJ_1983_0136,PROC_CJ_1983_0066
PROC_CJ_1983_0137,PROC_CJ_1983_0066
PROC_CJ_1983_0138,PROC_CJ_1983_0066
PROC_CJ_1983_0139,PROC_CJ_1983_0066
PROC_CJ_1983_0140,PROC_CJ_1983_0066
PROC_CJ_1983_0144,PROC_CJ_1983_0004
PROC_CJ_1983_0155,PROC_CJ_1983_0154
PROC_CJ_1983_0157,PROC_CJ_1982_0173
PROC_CJ_1983_0159,PROC_CJ_1983_0158
PROC_CJ_1983_0160,PROC_CJ_1983_0158
PROC_CJ_1983_0161,PROC_CJ_1983_0158
PROC_CJ_1983_0162,PROC_CJ_1983_0158
PROC_CJ_1983_0163,PROC_CJ_1983_0158
PROC_CJ_1983_0164,PROC_CJ_1983_0158
PROC_CJ_1983_0165,PROC_CJ_1983_0158
PROC_CJ_1983_0166,PROC_CJ_1983_0158
PROC_CJ_1983_0167,PROC_CJ_1983_0158
PROC_CJ_1983_0189,PROC_CJ_1982_0341
PROC_CJ_1983_0190,PROC_CJ_1983_0187
PROC_CJ_1983_0195,PROC_CJ_1983_0194
PROC_CJ_1983_0196,PROC_CJ_1983_0194
PROC_CJ_1983_0197,PROC_CJ_1983_0194
PROC_CJ_1983_0198,PROC_CJ_1983_0194
PROC_CJ_1983_0199,PROC_CJ_1983_0194
PROC_CJ_1983_0200,PROC_CJ_1983_0194
PROC_CJ_1983_0201,PROC_CJ_1983_0194
PROC_CJ_1983_0202,PROC_CJ_1983_0194
PROC_CJ_1983_0203,PROC_CJ_1983_0194
PROC_CJ_1983_0204,PROC_CJ_1983_0194
PROC_CJ_1983_0205,PROC_CJ_1983_0194
PROC_CJ_1983_0206,PROC_CJ_1983_0194
PROC_CJ_1983_0212,PROC_CJ_1983_0211
PROC_CJ_1983_0226,PROC_CJ_1983_0172
PROC_CJ_1983_0230,PROC_CJ_1983_0098
PROC_CJ_1983_0256,PROC_CJ_1983_0255
PROC_CJ_1983_0259,PROC_CJ_1983_0210
PROC_CJ_1984_0009,PROC_CJ_1977_0087
PROC_CJ_1984_0010,PROC_CJ_1977_0087
PROC_CJ_1984_0015,PROC_CJ_1983_0271
PROC_CJ_1984_0026,PROC_CJ_1984_0025
PROC_CJ_1984_0036,PROC_CJ_1983_0271
PROC_CJ_1984_0061,PROC_CJ_1984_0060
PROC_CJ_1984_0072,PROC_CJ_1984_0071
PROC_CJ_1984_0077,PROC_CJ_1983_0211
PROC_CJ_1984_0078,PROC_CJ_1983_0211
PROC_CJ_1984_0080,PROC_CJ_1984_0079
PROC_CJ_1984_0084,PROC_CJ_1984_0083
PROC_CJ_1984_0087,PROC_CJ_1984_0086
PROC_CJ_1984_0092,PROC_CJ_1984_0091
PROC_CJ_1984_0113,PROC_CJ_1983_0271
PROC_CJ_1984_0115,PROC_CJ_1984_0114
PROC_CJ_1984_0120,PROC_CJ_1983_0285
PROC_CJ_1984_0132,PROC_CJ_1983_0210
PROC_CJ_1984_0136,PROC_CJ_1983_0169
PROC_CJ_1984_0147,PROC_CJ_1984_0063
PROC_CJ_1984_0156,PROC_CJ_1984_0142
PROC_CJ_1984_0158,PROC_CJ_1983_0271
PROC_CJ_1984_0177,PROC_CJ_1984_0085
PROC_CJ_1984_0185,PROC_CJ_1984_0184
PROC_CJ_1984_0186,PROC_CJ_1982_0173
PROC_CJ_1984_0203,PROC_CJ_1983_0271
PROC_CJ_1984_0210,PROC_CJ_1984_0209
PROC_CJ_1984_0211,PROC_CJ_1984_0209
PROC_CJ_1984_0212,PROC_CJ_1984_0209
PROC_CJ_1984_0213,PROC_CJ_1984_0209
PROC_CJ_1984_0225,PROC_CJ_1983_0210
PROC_CJ_1984_0263,PROC_CJ_1984_0224
PROC_CJ_1984_0267,PROC_CJ_1984_0159
PROC_CJ_1984_0272,PROC_CJ_1984_0271
PROC_CJ_1984_0273,PROC_CJ_1984_0271
PROC_CJ_1984_0274,PROC_CJ_1984_0271
PROC_CJ_1984_0280,PROC_CJ_1984_0279
PROC_CJ_1984_0285,PROC_CJ_1984_0279
PROC_CJ_1984_0286,PROC_CJ_1984_0279
PROC_CJ_1984_0288,PROC_CJ_1984_0287
PROC_CJ_1984_0292,PROC_CJ_1984_0269
PROC_CJ_1985_0006,PROC_CJ_1984_0271
PROC_CJ_1985_0007,PROC_CJ_1984_0271
PROC_CJ_1985_0012,PROC_CJ_1984_0159
PROC_CJ_1985_0013,PROC_CJ_1983_0271
PROC_CJ_1985_0068,PROC_CJ_1985_0067
PROC_CJ_1985_0070,PROC_CJ_1985_0067
PROC_CJ_1985_0077,PROC_CJ_1985_0044
PROC_CJ_1985_0088,PROC_CJ_1985_0087
PROC_CJ_1985_0095,PROC_CJ_1985_0094
PROC_CJ_1985_0104,PROC_CJ_1985_0089
PROC_CJ_1985_0106,PROC_CJ_1985_0105
PROC_CJ_1985_0107,PROC_CJ_1985_0105
PROC_CJ_1985_0108,PROC_CJ_1985_0105
PROC_CJ_1985_0109,PROC_CJ_1985_0105
PROC_CJ_1985_0110,PROC_CJ_1985_0105
PROC_CJ_1985_0111,PROC_CJ_1985_0105
PROC_CJ_1985_0112,PROC_CJ_1985_0105
PROC_CJ_1985_0113,PROC_CJ_1985_0105
PROC_CJ_1985_0114,PROC_CJ_1985_0089
PROC_CJ_1985_0116,PROC_CJ_1985_0089
PROC_CJ_1985_0117,PROC_CJ_1985_0089
PROC_CJ_1985_0119,PROC_CJ_1985_0081
PROC_CJ_1985_0125,PROC_CJ_1985_0089
PROC_CJ_1985_0126,PROC_CJ_1985_0089
PROC_CJ_1985_0127,PROC_CJ_1985_0089
PROC_CJ_1985_0128,PROC_CJ_1985_0089
PROC_CJ_1985_0129,PROC_CJ_1985_0089
PROC_CJ_1985_0134,PROC_CJ_1985_0133
PROC_CJ_1985_0135,PROC_CJ_1985_0133
PROC_CJ_1985_0136,PROC_CJ_1985_0133
PROC_CJ_1985_0159,PROC_CJ_1985_0080
PROC_CJ_1985_0162,PROC_CJ_1985_0098
PROC_CJ_1985_0170,PROC_CJ_1985_0169
PROC_CJ_1985_0171,PROC_CJ_1985_0169
PROC_CJ_1985_0172,PROC_CJ_1985_0169
PROC_CJ_1985_0173,PROC_CJ_1985_0169
PROC_CJ_1985_0174,PROC_CJ_1985_0169
PROC_CJ_1985_0175,PROC_CJ_1985_0169
PROC_CJ_1985_0176,PROC_CJ_1985_0169
PROC_CJ_1985_0177,PROC_CJ_1985_0169
PROC_CJ_1985_0178,PROC_CJ_1985_0169
PROC_CJ_1985_0202,PROC_CJ_1985_0201
PROC_CJ_1985_0212,PROC_CJ_1985_0167
PROC_CJ_1985_0228,PROC_CJ_1985_0227
PROC_CJ_1985_0229,PROC_CJ_1985_0227
PROC_CJ_1985_0230,PROC_CJ_1985_0227
PROC_CJ_1985_0241,PROC_CJ_1985_0194
PROC_CJ_1985_0245,PROC_CJ_1985_0244
PROC_CJ_1985_0258,PROC_CJ_1985_0098
PROC_CJ_1985_0264,PROC_CJ_1984_0159
PROC_CJ_1985_0283,PROC_CJ_1985_0281
PROC_CJ_1985_0284,PROC_CJ_1985_0281
PROC_CJ_1985_0285,PROC_CJ_1985_0281
PROC_CJ_1985_0287,PROC_CJ_1985_0281
PROC_CJ_1985_0294,PROC_CJ_1985_0044
PROC_CJ_1985_0295,PROC_CJ_1985_0044
PROC_CJ_1985_0296,PROC_CJ_1985_0051
PROC_CJ_1985_0300,PROC_CJ_1985_0277
PROC_CJ_1985_0323,PROC_CJ_1985_0322
PROC_CJ_1985_0360,PROC_CJ_1985_0351
PROC_CJ_1985_0373,PROC_CJ_1985_0372
PROC_CJ_1985_0374,PROC_CJ_1985_0372
PROC_CJ_1985_0376,PROC_CJ_1985_0331
PROC_CJ_1985_0378,PROC_CJ_1985_0331
PROC_CJ_1985_0380,PROC_CJ_1985_0379
PROC_CJ_1985_0381,PROC_CJ_1985_0379
PROC_CJ_1985_0425,PROC_CJ_1985_0424
PROC_CJ_1985_0431,PROC_CJ_1985_0146
PROC_CJ_1986_0028,PROC_CJ_1986_0027
PROC_CJ_1986_0029,PROC_CJ_1986_0027
PROC_CJ_1986_0035,PROC_CJ_1986_0031
PROC_CJ_1986_0044,PROC_CJ_1986_0033
PROC_CJ_1986_0051,PROC_CJ_1985_0358
PROC_CJ_1986_0071,PROC_CJ_1986_0064
PROC_CJ_1986_0072,PROC_CJ_1986_0064
PROC_CJ_1986_0073,PROC_CJ_1986_0064
PROC_CJ_1986_0078,PROC_CJ_1986_0064
PROC_CJ_1986_0091,PROC_CJ_1986_0089
PROC_CJ_1986_0093,PROC_CJ_1985_0379
PROC_CJ_1986_0099,PROC_CJ_1986_0097
PROC_CJ_1986_0103,PROC_CJ_1986_0082
PROC_CJ_1986_0106,PROC_CJ_1985_0260
PROC_CJ_1986_0107,PROC_CJ_1985_0273
PROC_CJ_1986_0110,PROC_CJ_1986_0033
PROC_CJ_1986_0122,PROC_CJ_1986_0121
PROC_CJ_1986_0139,PROC_CJ_1986_0138
PROC_CJ_1986_0142,PROC_CJ_1985_0305
PROC_CJ_1986_0152,PROC_CJ_1986_0151
PROC_CJ_1986_0153,PROC_CJ_1986_0151
PROC_CJ_1986_0154,PROC_CJ_1986_0151
PROC_CJ_1986_0177,PROC_CJ_1986_0176
PROC_CJ_1986_0182,PROC_CJ_1986_0181
PROC_CJ_1986_0183,PROC_CJ_1986_0181
PROC_CJ_1986_0184,PROC_CJ_1986_0181
PROC_CJ_1986_0193,PROC_CJ_1986_0097
PROC_CJ_1986_0209,PROC_CJ_1986_0175
PROC_CJ_1986_0215,PROC_CJ_1986_0097
PROC_CJ_1986_0220,PROC_CJ_1986_0166
PROC_CJ_1986_0224,PROC_CJ_1986_0174
PROC_CJ_1986_0226,PROC_CJ_1986_0033
PROC_CJ_1986_0227,PROC_CJ_1986_0172
PROC_CJ_1986_0230,PROC_CJ_1986_0174
PROC_CJ_1986_0234,PROC_CJ_1986_0233
PROC_CJ_1986_0235,PROC_CJ_1986_0233
PROC_CJ_1986_0244,PROC_CJ_1986_0172
PROC_CJ_1986_0251,PROC_CJ_1985_0341
PROC_CJ_1986_0258,PROC_CJ_1985_0341
PROC_CJ_1986_0259,PROC_CJ_1985_0341
PROC_CJ_1986_0262,PROC_CJ_1985_0341
PROC_CJ_1986_0266,PROC_CJ_1985_0341
PROC_CJ_1986_0280,PROC_CJ_1986_0174
PROC_CJ_1986_0281,PROC_CJ_1986_0172
PROC_CJ_1986_0285,PROC_CJ_1986_0033
PROC_CJ_1986_0315,PROC_CJ_1986_0314
PROC_CJ_1986_0329,PROC_CJ_1986_0174
PROC_CJ_1987_0004,PROC_CJ_1986_0172
PROC_CJ_1987_0011,PROC_CJ_1986_0250
PROC_CJ_1987_0024,PROC_CJ_1987_0023
PROC_CJ_1987_0036,PROC_CJ_1987_0034
PROC_CJ_1987_0039,PROC_CJ_1987_0034
PROC_CJ_1987_0040,PROC_CJ_1987_0034
PROC_CJ_1987_0041,PROC_CJ_1986_0274
PROC_CJ_1987_0048,PROC_CJ_1986_0317
PROC_CJ_1987_0049,PROC_CJ_1986_0317
PROC_CJ_1987_0052,PROC_CJ_1987_0032
PROC_CJ_1987_0057,PROC_CJ_1987_0032
PROC_CJ_1987_0060,PROC_CJ_1986_0275
PROC_CJ_1987_0072,PROC_CJ_1987_0062
PROC_CJ_1987_0077,PROC_CJ_1986_0294
PROC_CJ_1987_0086,PROC_CJ_1987_0076
PROC_CJ_1987_0087,PROC_CJ_1987_0076
PROC_CJ_1987_0088,PROC_CJ_1987_0076
PROC_CJ_1987_0089,PROC_CJ_1987_0076
PROC_CJ_1987_0093,PROC_CJ_1987_0092
PROC_CJ_1987_0098,PROC_CJ_1987_0097
PROC_CJ_1987_0099,PROC_CJ_1987_0097
PROC_CJ_1987_0107,PROC_CJ_1987_0106
PROC_CJ_1987_0108,PROC_CJ_1987_0106
PROC_CJ_1987_0109,PROC_CJ_1987_0106
PROC_CJ_1987_0110,PROC_CJ_1987_0106
PROC_CJ_1987_0111,PROC_CJ_1987_0106
PROC_CJ_1987_0112,PROC_CJ_1987_0106
PROC_CJ_1987_0113,PROC_CJ_1987_0106
PROC_CJ_1987_0114,PROC_CJ_1987_0106
PROC_CJ_1987_0115,PROC_CJ_1987_0106
PROC_CJ_1987_0116,PROC_CJ_1987_0106
PROC_CJ_1987_0117,PROC_CJ_1987_0106
PROC_CJ_1987_0118,PROC_CJ_1987_0106
PROC_CJ_1987_0119,PROC_CJ_1987_0106
PROC_CJ_1987_0120,PROC_CJ_1987_0106
PROC_CJ_1987_0145,PROC_CJ_1987_0144
PROC_CJ_1987_0146,PROC_CJ_1987_0100
PROC_CJ_1987_0149,PROC_CJ_1987_0076
PROC_CJ_1987_0150,PROC_CJ_1987_0133
PROC_CJ_1987_0153,PROC_CJ_1987_0100
PROC_CJ_1987_0155,PROC_CJ_1987_0154
PROC_CJ_1987_0160,PROC_CJ_1986_0305
PROC_CJ_1987_0168,PROC_CJ_1987_0167
PROC_CJ_1987_0173,PROC_CJ_1987_0166
PROC_CJ_1987_0185,PROC_CJ_1986_0304
PROC_CJ_1987_0188,PROC_CJ_1986_0320
PROC_CJ_1987_0194,PROC_CJ_1987_0193
PROC_CJ_1987_0197,PROC_CJ_1987_0137
PROC_CJ_1987_0220,PROC_CJ_1987_0078
PROC_CJ_1987_0222,PROC_CJ_1985_0341
PROC_CJ_1987_0223,PROC_CJ_1987_0218
PROC_CJ_1987_0232,PROC_CJ_1985_0341
PROC_CJ_1987_0250,PROC_CJ_1987_0137
PROC_CJ_1987_0267,PROC_CJ_1987_0266
PROC_CJ_1987_0278,PROC_CJ_1987_0273
PROC_CJ_1987_0285,PROC_CJ_1986_0317
PROC_CJ_1987_0330,PROC_CJ_1987_0123
PROC_CJ_1987_0337,PROC_CJ_1987_0258
PROC_CJ_1987_0338,PROC_CJ_1987_0258
PROC_CJ_1987_0362,PROC_CJ_1987_0361
PROC_CJ_1987_0363,PROC_CJ_1986_0317
PROC_CJ_1987_0364,PROC_CJ_1986_0317
PROC_CJ_1987_0365,PROC_CJ_1986_0317
PROC_CJ_1987_0366,PROC_CJ_1986_0317
PROC_CJ_1987_0367,PROC_CJ_1986_0317
PROC_CJ_1987_0390,PROC_CJ_1987_0389
PROC_CJ_1987_0392,PROC_CJ_1987_0391
PROC_CJ_1987_0393,PROC_CJ_1987_0391
PROC_CJ_1987_0394,PROC_CJ_1987_0391
PROC_CJ_1988_0007,PROC_CJ_1988_0006
PROC_CJ_1988_0028,PROC_CJ_1987_0167
PROC_CJ_1988_0065,PROC_CJ_1986_0317
PROC_CJ_1988_0066,PROC_CJ_1986_0326
PROC_CJ_1988_0072,PROC_CJ_1987_0218
PROC_CJ_1988_0078,PROC_CJ_1986_0317
PROC_CJ_1988_0079,PROC_CJ_1986_0317
PROC_CJ_1988_0080,PROC_CJ_1986_0317
PROC_CJ_1988_0091,PROC_CJ_1988_0054
PROC_CJ_1988_0092,PROC_CJ_1987_0218
PROC_CJ_1988_0094,PROC_CJ_1988_0093
PROC_CJ_1988_0106,PROC_CJ_1988_0048
PROC_CJ_1988_0107,PROC_CJ_1988_0048
PROC_CJ_1988_0112,PROC_CJ_1988_0111
PROC_CJ_1988_0123,PROC_CJ_1987_0167
PROC_CJ_1988_0129,PROC_CJ_1987_0231
PROC_CJ_1988_0146,PROC_CJ_1988_0075
PROC_CJ_1988_0147,PROC_CJ_1988_0075
PROC_CJ_1988_0149,PROC_CJ_1988_0116
PROC_CJ_1988_0154,PROC_CJ_1988_0153
PROC_CJ_1988_0155,PROC_CJ_1988_0153
PROC_CJ_1988_0156,PROC_CJ_1988_0153
PROC_CJ_1988_0157,PROC_CJ_1988_0153
PROC_CJ_1988_0178,PROC_CJ_1988_0041
PROC_CJ_1988_0182,PROC_CJ_1988_0181
PROC_CJ_1988_0197,PROC_CJ_1988_0196
PROC_CJ_1988_0198,PROC_CJ_1988_0196
PROC_CJ_1988_0207,PROC_CJ_1988_0206
PROC_CJ_1988_0218,PROC_CJ_1988_0181
PROC_CJ_1988_0227,PROC_CJ_1987_0046
PROC_CJ_1988_0241,PROC_CJ_1988_0110
PROC_CJ_1988_0242,PROC_CJ_1988_0110
PROC_CJ_1988_0254,PROC_CJ_1988_0248
PROC_CJ_1988_0255,PROC_CJ_1988_0248
PROC_CJ_1988_0256,PROC_CJ_1988_0248
PROC_CJ_1988_0257,PROC_CJ_1988_0248
PROC_CJ_1988_0258,PROC_CJ_1988_0248
PROC_CJ_1988_0268,PROC_CJ_1988_0267
PROC_CJ_1988_0269,PROC_CJ_1988_0267
PROC_CJ_1988_0270,PROC_CJ_1988_0267
PROC_CJ_1988_0271,PROC_CJ_1988_0267
PROC_CJ_1988_0272,PROC_CJ_1988_0267
PROC_CJ_1988_0273,PROC_CJ_1988_0267
PROC_CJ_1988_0274,PROC_CJ_1988_0267
PROC_CJ_1988_0275,PROC_CJ_1988_0267
PROC_CJ_1988_0276,PROC_CJ_1988_0267
PROC_CJ_1988_0277,PROC_CJ_1988_0267
PROC_CJ_1988_0278,PROC_CJ_1988_0267
PROC_CJ_1988_0279,PROC_CJ_1988_0267
PROC_CJ_1988_0280,PROC_CJ_1988_0267
PROC_CJ_1988_0281,PROC_CJ_1988_0267
PROC_CJ_1988_0282,PROC_CJ_1988_0267
PROC_CJ_1988_0283,PROC_CJ_1988_0267
PROC_CJ_1988_0284,PROC_CJ_1988_0267
PROC_CJ_1988_0285,PROC_CJ_1988_0267
PROC_CJ_1988_0294,PROC_CJ_1988_0162
PROC_CJ_1988_0309,PROC_CJ_1988_0248
PROC_CJ_1988_0316,PROC_CJ_1988_0248
PROC_CJ_1988_0355,PROC_CJ_1988_0354
PROC_CJ_1988_0356,PROC_CJ_1988_0354
PROC_CJ_1988_0364,PROC_CJ_1988_0363
PROC_CJ_1989_0014,PROC_CJ_1988_0054
PROC_CJ_1989_0020,PROC_CJ_1988_0111
PROC_CJ_1989_0039,PROC_CJ_1988_0213
PROC_CJ_1989_0072,PROC_CJ_1989_0071
PROC_CJ_1989_0077_R,PROC_CJ_1989_0076_R
PROC_CJ_1989_0090,PROC_CJ_1989_0051
PROC_CJ_1989_0091_R,PROC_CJ_1989_0076_R
PROC_CJ_1989_0092,PROC_CJ_1988_0143
PROC_CJ_1989_0094,PROC_CJ_1989_0051
PROC_CJ_1989_0101,PROC_CJ_1989_0100
PROC_CJ_1989_0197,PROC_CJ_1988_0297
PROC_CJ_1989_0379,PROC_CJ_1989_0378
PROC_CJ_1990_0009,PROC_CJ_1990_0006
PROC_CJ_1990_0020,PROC_CJ_1990_0019
PROC_CJ_1990_0037,PROC_CJ_1989_0104
PROC_CJ_1990_0059,PROC_CJ_1990_0051
PROC_CJ_1990_0066,PROC_CJ_1990_0048
PROC_CJ_1990_0067,PROC_CJ_1990_0063
PROC_CJ_1990_0079,PROC_CJ_1990_0078
PROC_CJ_1990_0080,PROC_CJ_1990_0078
PROC_CJ_1990_0081,PROC_CJ_1990_0078
PROC_CJ_1990_0082,PROC_CJ_1990_0078
PROC_CJ_1990_0083,PROC_CJ_1990_0078
PROC_CJ_1990_0088,PROC_CJ_1990_0087
PROC_CJ_1990_0089,PROC_CJ_1990_0087
PROC_CJ_1990_0091,PROC_CJ_1990_0090
PROC_CJ_1990_0138,PROC_CJ_1989_0183
PROC_CJ_1990_0151,PROC_CJ_1990_0038
PROC_CJ_1990_0162,PROC_CJ_1990_0161
PROC_CJ_1990_0176,PROC_CJ_1990_0001
PROC_CJ_1990_0206,PROC_CJ_1990_0005
PROC_CJ_1990_0229,PROC_CJ_1990_0228
PROC_CJ_1990_0230,PROC_CJ_1990_0228
PROC_CJ_1990_0231,PROC_CJ_1990_0228
PROC_CJ_1990_0232,PROC_CJ_1990_0228
PROC_CJ_1990_0233,PROC_CJ_1990_0228
PROC_CJ_1990_0234,PROC_CJ_1990_0228
PROC_CJ_1990_0252,PROC_CJ_1990_0251
PROC_CJ_1990_0259,PROC_CJ_1990_0258
PROC_CJ_1990_0281,PROC_CJ_1990_0271
PROC_CJ_1990_0289,PROC_CJ_1990_0271
PROC_CJ_1990_0317,PROC_CJ_1990_0106
PROC_CJ_1990_0321,PROC_CJ_1990_0320
PROC_CJ_1990_0322,PROC_CJ_1990_0320
PROC_CJ_1990_0331,PROC_CJ_1990_0330
PROC_CJ_1990_0339,PROC_CJ_1990_0228
PROC_CJ_1990_0342,PROC_CJ_1990_0324
PROC_CJ_1990_0353,PROC_CJ_1990_0228
PROC_CJ_1991_0022_P,PROC_CJ_1990_0372_P
PROC_CJ_1991_0032,PROC_CJ_1991_0031
PROC_CJ_1991_0033,PROC_CJ_1991_0031
PROC_CJ_1991_0034,PROC_CJ_1991_0031
PROC_CJ_1991_0035,PROC_CJ_1991_0031
PROC_CJ_1991_0036,PROC_CJ_1991_0031
PROC_CJ_1991_0037,PROC_CJ_1991_0031
PROC_CJ_1991_0038,PROC_CJ_1991_0031
PROC_CJ_1991_0039,PROC_CJ_1991_0031
PROC_CJ_1991_0040,PROC_CJ_1991_0031
PROC_CJ_1991_0041,PROC_CJ_1991_0031
PROC_CJ_1991_0042,PROC_CJ_1991_0031
PROC_CJ_1991_0043,PROC_CJ_1991_0031
PROC_CJ_1991_0044,PROC_CJ_1991_0031
PROC_CJ_1991_0064,PROC_CJ_1991_0063
PROC_CJ_1991_0073,PROC_CJ_1991_0072
PROC_CJ_1991_0091,PROC_CJ_1991_0090
PROC_CJ_1991_0093,PROC_CJ_1990_0046
PROC_CJ_1991_0108,PROC_CJ_1991_0015
PROC_CJ_1991_0113,PROC_CJ_1991_0013
PROC_CJ_1991_0122,PROC_CJ_1991_0121
PROC_CJ_1991_0129,PROC_CJ_1990_0106
PROC_CJ_1991_0135,PROC_CJ_1991_0134
PROC_CJ_1991_0138,PROC_CJ_1991_0132
PROC_CJ_1991_0139,PROC_CJ_1991_0132
PROC_CJ_1991_0141,PROC_CJ_1991_0140
PROC_CJ_1991_0145,PROC_CJ_1991_0144
PROC_CJ_1991_0150,PROC_CJ_1991_0149
PROC_CJ_1991_0160,PROC_CJ_1991_0159
PROC_CJ_1991_0178,PROC_CJ_1991_0071
PROC_CJ_1991_0180,PROC_CJ_1990_0356
PROC_CJ_1991_0221,PROC_CJ_1991_0184
PROC_CJ_1991_0233,PROC_CJ_1991_0232
PROC_CJ_1991_0239,PROC_CJ_1991_0238
PROC_CJ_1991_0240,PROC_CJ_1991_0238
PROC_CJ_1991_0242_P,PROC_CJ_1991_0241_P
PROC_CJ_1991_0248,PROC_CJ_1991_0181
PROC_CJ_1991_0258,PROC_CJ_1991_0257
PROC_CJ_1991_0261,PROC_CJ_1991_0260
PROC_CJ_1991_0268,PROC_CJ_1991_0267
PROC_CJ_1991_0278,PROC_CJ_1991_0140
PROC_CJ_1991_0279,PROC_CJ_1991_0140
PROC_CJ_1991_0318,PROC_CJ_1991_0277
PROC_CJ_1991_0319,PROC_CJ_1991_0277
PROC_CJ_1991_0331,PROC_CJ_1991_0259
PROC_CJ_1991_0332,PROC_CJ_1991_0259
PROC_CJ_1992_0014,PROC_CJ_1992_0013
PROC_CJ_1992_0015,PROC_CJ_1992_0013
PROC_CJ_1992_0016,PROC_CJ_1992_0013
PROC_CJ_1992_0046,PROC_CJ_1992_0045
PROC_CJ_1992_0085,PROC_CJ_1992_0084
PROC_CJ_1992_0094,PROC_CJ_1992_0084
PROC_CJ_1992_0114,PROC_CJ_1992_0113
PROC_CJ_1992_0156,PROC_CJ_1992_0113
PROC_CJ_1992_0279,PROC_CJ_1992_0278
PROC_CJ_1992_0280,PROC_CJ_1992_0278
PROC_CJ_1992_0326,PROC_CJ_1992_0092
PROC_CJ_1992_0333,PROC_CJ_1992_0332
PROC_CJ_1992_0335,PROC_CJ_1992_0332
PROC_CJ_1992_0402,PROC_CJ_1992_0401
PROC_CJ_1992_0409,PROC_CJ_1992_0399
PROC_CJ_1992_0425,PROC_CJ_1992_0399
PROC_CJ_1992_0434,PROC_CJ_1992_0433
PROC_CJ_1993_0021,PROC_CJ_1993_0020
PROC_CJ_1993_0025,PROC_CJ_1992_0429
PROC_CJ_1993_0034,PROC_CJ_1992_0399
PROC_CJ_1993_0048,PROC_CJ_1993_0046
PROC_CJ_1993_0050,PROC_CJ_1992_0399
PROC_CJ_1993_0073,PROC_CJ_1993_0072
PROC_CJ_1993_0075,PROC_CJ_1993_0074
PROC_CJ_1993_0078,PROC_CJ_1992_0399
PROC_CJ_1993_0258,PROC_CJ_1993_0069
PROC_CJ_1993_0300,PROC_CJ_1993_0133
PROC_CJ_1993_0307,PROC_CJ_1993_0296
PROC_CJ_1993_0352,PROC_CJ_1993_0351
PROC_CJ_1993_0353,PROC_CJ_1993_0351
PROC_CJ_1993_0362,PROC_CJ_1993_0133
PROC_CJ_1993_0368,PROC_CJ_1993_0367
PROC_CJ_1993_0369,PROC_CJ_1993_0367
PROC_CJ_1993_0370,PROC_CJ_1993_0367
PROC_CJ_1993_0371,PROC_CJ_1993_0367
PROC_CJ_1993_0372,PROC_CJ_1993_0367
PROC_CJ_1993_0373,PROC_CJ_1993_0367
PROC_CJ_1993_0374,PROC_CJ_1993_0367
PROC_CJ_1993_0375,PROC_CJ_1993_0367
PROC_CJ_1993_0376,PROC_CJ_1993_0367
PROC_CJ_1993_0377,PROC_CJ_1993_0367
PROC_CJ_1993_0407,PROC_CJ_1993_0363
PROC_CJ_1993_0408,PROC_CJ_1993_0363
PROC_CJ_1993_0409,PROC_CJ_1993_0363
PROC_CJ_1993_0410,PROC_CJ_1993_0363
PROC_CJ_1993_0411,PROC_CJ_1993_0363
PROC_CJ_1993_0416,PROC_CJ_1993_0358
PROC_CJ_1993_0419,PROC_CJ_1993_0418
PROC_CJ_1993_0420,PROC_CJ_1993_0418
PROC_CJ_1993_0421,PROC_CJ_1993_0418
PROC_CJ_1993_0423,PROC_CJ_1993_0422
PROC_CJ_1993_0424,PROC_CJ_1993_0422
PROC_CJ_1993_0429,PROC_CJ_1993_0427
PROC_CJ_1993_0431,PROC_CJ_1993_0430
PROC_CJ_1993_0436,PROC_CJ_1993_0427
PROC_CJ_1993_0460,PROC_CJ_1993_0418
PROC_CJ_1993_0461,PROC_CJ_1993_0418
PROC_CJ_1993_0462,PROC_CJ_1993_0418
PROC_CJ_1993_0464,PROC_CJ_1993_0418
PROC_CJ_1993_0486,PROC_CJ_1993_0485
PROC_CJ_1994_0009,PROC_CJ_1993_0418
PROC_CJ_1994_0010,PROC_CJ_1993_0418
PROC_CJ_1994_0011,PROC_CJ_1993_0418
PROC_CJ_1994_0014,PROC_CJ_1993_0418
PROC_CJ_1994_0015,PROC_CJ_1993_0418
PROC_CJ_1994_0023,PROC_CJ_1993_0418
PROC_CJ_1994_0024,PROC_CJ_1993_0418
PROC_CJ_1994_0030,PROC_CJ_1994_0029
PROC_CJ_1994_0031,PROC_CJ_1994_0029
PROC_CJ_1994_0032,PROC_CJ_1994_0029
PROC_CJ_1994_0033,PROC_CJ_1994_0029
PROC_CJ_1994_0034,PROC_CJ_1994_0029
PROC_CJ_1994_0035,PROC_CJ_1994_0029
PROC_CJ_1994_0040,PROC_CJ_1993_0319
PROC_CJ_1994_0047,PROC_CJ_1993_0471
PROC_CJ_1994_0064,PROC_CJ_1994_0059
PROC_CJ_1994_0072,PROC_CJ_1994_0071
PROC_CJ_1994_0073,PROC_CJ_1994_0071
PROC_CJ_1994_0074,PROC_CJ_1994_0054
PROC_CJ_1994_0139,PROC_CJ_1994_0106
PROC_CJ_1994_0141,PROC_CJ_1994_0140
PROC_CJ_1994_0142,PROC_CJ_1994_0140
PROC_CJ_1994_0165,PROC_CJ_1994_0163
PROC_CJ_1994_0172,PROC_CJ_1994_0171
PROC_CJ_1994_0179,PROC_CJ_1994_0178
PROC_CJ_1994_0188,PROC_CJ_1994_0178
PROC_CJ_1994_0189,PROC_CJ_1994_0178
PROC_CJ_1994_0190,PROC_CJ_1994_0178
PROC_CJ_1994_0200_P,PROC_CJ_1994_0199_P
PROC_CJ_1994_0204,PROC_CJ_1994_0153
PROC_CJ_1994_0207,PROC_CJ_1994_0109
PROC_CJ_1994_0224,PROC_CJ_1993_0319
PROC_CJ_1994_0225,PROC_CJ_1994_0109
PROC_CJ_1994_0247,PROC_CJ_1994_0246
PROC_CJ_1994_0248,PROC_CJ_1994_0246
PROC_CJ_1994_0249,PROC_CJ_1994_0246
PROC_CJ_1994_0250,PROC_CJ_1994_0163
PROC_CJ_1994_0252,PROC_CJ_1994_0197
PROC_CJ_1994_0255,PROC_CJ_1994_0254
PROC_CJ_1994_0262,PROC_CJ_1994_0261
PROC_CJ_1994_0269,PROC_CJ_1994_0254
PROC_CJ_1994_0291,PROC_CJ_1994_0283
PROC_CJ_1994_0292,PROC_CJ_1994_0283
PROC_CJ_1994_0312,PROC_CJ_1994_0245
PROC_CJ_1994_0322,PROC_CJ_1994_0321
PROC_CJ_1994_0323,PROC_CJ_1994_0321
PROC_CJ_1994_0324,PROC_CJ_1994_0321
PROC_CJ_1994_0328,PROC_CJ_1994_0320
PROC_CJ_1994_0329,PROC_CJ_1994_0320
PROC_CJ_1994_0330,PROC_CJ_1994_0304
PROC_CJ_1994_0332,PROC_CJ_1993_0418
PROC_CJ_1994_0337,PROC_CJ_1994_0320
PROC_CJ_1994_0338,PROC_CJ_1994_0320
PROC_CJ_1994_0339,PROC_CJ_1994_0320
PROC_CJ_1994_0342,PROC_CJ_1994_0304
PROC_CJ_1995_0005,PROC_CJ_1995_0004
PROC_CJ_1995_0023,PROC_CJ_1995_0009
PROC_CJ_1995_0030,PROC_CJ_1994_0068
PROC_CJ_1995_0035,PROC_CJ_1995_0034
PROC_CJ_1995_0036,PROC_CJ_1995_0034
PROC_CJ_1995_0048,PROC_CJ_1995_0047
PROC_CJ_1995_0049,PROC_CJ_1995_0047
PROC_CJ_1995_0050,PROC_CJ_1995_0047
PROC_CJ_1995_0060,PROC_CJ_1995_0047
PROC_CJ_1995_0062,PROC_CJ_1993_0329
PROC_CJ_1995_0063,PROC_CJ_1993_0329
PROC_CJ_1995_0075,PROC_CJ_1995_0058
PROC_CJ_1995_0081,PROC_CJ_1995_0047
PROC_CJ_1995_0092,PROC_CJ_1995_0047
PROC_CJ_1995_0095,PROC_CJ_1995_0094
PROC_CJ_1995_0102,PROC_CJ_1995_0088
PROC_CJ_1995_0103,PROC_CJ_1995_0088
PROC_CJ_1995_0111,PROC_CJ_1995_0065
PROC_CJ_1995_0112,PROC_CJ_1995_0058
PROC_CJ_1995_0115,PROC_CJ_1995_0114
PROC_CJ_1995_0119,PROC_CJ_1995_0058
PROC_CJ_1995_0123,PROC_CJ_1995_0058
PROC_CJ_1995_0129,PROC_CJ_1995_0074
PROC_CJ_1995_0135,PROC_CJ_1995_0058
PROC_CJ_1995_0140,PROC_CJ_1995_0058
PROC_CJ_1995_0141,PROC_CJ_1995_0058
PROC_CJ_1995_0148,PROC_CJ_1995_0047
PROC_CJ_1995_0154,PROC_CJ_1995_0058
PROC_CJ_1995_0155,PROC_CJ_1995_0071
PROC_CJ_1995_0156,PROC_CJ_1995_0009
PROC_CJ_1995_0157,PROC_CJ_1995_0058
PROC_CJ_1995_0193,PROC_CJ_1995_0192
PROC_CJ_1995_0194,PROC_CJ_1995_0192
PROC_CJ_1995_0195,PROC_CJ_1995_0192
PROC_CJ_1995_0196,PROC_CJ_1995_0192
PROC_CJ_1995_0197,PROC_CJ_1995_0192
PROC_CJ_1995_0198,PROC_CJ_1995_0192
PROC_CJ_1995_0199,PROC_CJ_1995_0192
PROC_CJ_1995_0200,PROC_CJ_1995_0192
PROC_CJ_1995_0201,PROC_CJ_1995_0192
PROC_CJ_1995_0202,PROC_CJ_1995_0192
PROC_CJ_1995_0203,PROC_CJ_1995_0192
PROC_CJ_1995_0204,PROC_CJ_1995_0192
PROC_CJ_1995_0205,PROC_CJ_1995_0192
PROC_CJ_1995_0206,PROC_CJ_1995_0192
PROC_CJ_1995_0207,PROC_CJ_1995_0192
PROC_CJ_1995_0208,PROC_CJ_1995_0192
PROC_CJ_1995_0209,PROC_CJ_1995_0192
PROC_CJ_1995_0210,PROC_CJ_1995_0192
PROC_CJ_1995_0211,PROC_CJ_1995_0192
PROC_CJ_1995_0212,PROC_CJ_1995_0192
PROC_CJ_1995_0213,PROC_CJ_1995_0192
PROC_CJ_1995_0214,PROC_CJ_1995_0192
PROC_CJ_1995_0215,PROC_CJ_1995_0192
PROC_CJ_1995_0216,PROC_CJ_1995_0192
PROC_CJ_1995_0217,PROC_CJ_1995_0192
PROC_CJ_1995_0218,PROC_CJ_1995_0192
PROC_CJ_1995_0224,PROC_CJ_1994_0304
PROC_CJ_1995_0226,PROC_CJ_1995_0225
PROC_CJ_1995_0227,PROC_CJ_1995_0225
PROC_CJ_1995_0233,PROC_CJ_1995_0232
PROC_CJ_1995_0249,PROC_CJ_1995_0248
PROC_CJ_1995_0268,PROC_CJ_1995_0267
PROC_CJ_1995_0271,PROC_CJ_1995_0071
PROC_CJ_1995_0275,PROC_CJ_1995_0274
PROC_CJ_1995_0276,PROC_CJ_1995_0274
PROC_CJ_1995_0288_P,PROC_CJ_1995_0287_P
PROC_CJ_1995_0340,PROC_CJ_1994_0286
PROC_CJ_1995_0365,PROC_CJ_1995_0364
PROC_CJ_1995_0371,PROC_CJ_1995_0370
PROC_CJ_1995_0372,PROC_CJ_1995_0370
PROC_CJ_1995_0379_P,PROC_CJ_1995_0359_P
PROC_CJ_1995_0401,PROC_CJ_1994_0286
PROC_CJ_1996_0032,PROC_CJ_1996_0031
PROC_CJ_1996_0033,PROC_CJ_1996_0031
PROC_CJ_1996_0038,PROC_CJ_1996_0037
PROC_CJ_1996_0047,PROC_CJ_1994_0286
PROC_CJ_1996_0065,PROC_CJ_1996_0064
PROC_CJ_1996_0070,PROC_CJ_1996_0069
PROC_CJ_1996_0071,PROC_CJ_1996_0069
PROC_CJ_1996_0072,PROC_CJ_1996_0069
PROC_CJ_1996_0073,PROC_CJ_1996_0069
PROC_CJ_1996_0074,PROC_CJ_1996_0069
PROC_CJ_1996_0075,PROC_CJ_1996_0069
PROC_CJ_1996_0076,PROC_CJ_1996_0069
PROC_CJ_1996_0077,PROC_CJ_1996_0069
PROC_CJ_1996_0078,PROC_CJ_1996_0069
PROC_CJ_1996_0079,PROC_CJ_1996_0069
PROC_CJ_1996_0110,PROC_CJ_1996_0109
PROC_CJ_1996_0111,PROC_CJ_1996_0109
PROC_CJ_1996_0112,PROC_CJ_1996_0109
PROC_CJ_1996_0166,PROC_CJ_1996_0165
PROC_CJ_1996_0167,PROC_CJ_1996_0165
PROC_CJ_1996_0168,PROC_CJ_1996_0165
PROC_CJ_1996_0169,PROC_CJ_1996_0165
PROC_CJ_1996_0216,PROC_CJ_1996_0215
PROC_CJ_1996_0219,PROC_CJ_1996_0218
PROC_CJ_1996_0220,PROC_CJ_1996_0218
PROC_CJ_1996_0221,PROC_CJ_1996_0218
PROC_CJ_1996_0222,PROC_CJ_1996_0218
PROC_CJ_1996_0229,PROC_CJ_1996_0127
PROC_CJ_1996_0235,PROC_CJ_1996_0234
PROC_CJ_1996_0240_R,PROC_CJ_1996_0239_R
PROC_CJ_1996_0240,PROC_CJ_1996_0239
PROC_CJ_1996_0247,PROC_CJ_1996_0173
PROC_CJ_1996_0254,PROC_CJ_1996_0253
PROC_CJ_1996_0255,PROC_CJ_1996_0253
PROC_CJ_1996_0256,PROC_CJ_1996_0253
PROC_CJ_1996_0257,PROC_CJ_1996_0253
PROC_CJ_1996_0258,PROC_CJ_1996_0253
PROC_CJ_1996_0280,PROC_CJ_1996_0279
PROC_CJ_1996_0281,PROC_CJ_1996_0279
PROC_CJ_1996_0283,PROC_CJ_1996_0282
PROC_CJ_1996_0293,PROC_CJ_1996_0289
PROC_CJ_1996_0299,PROC_CJ_1996_0289
PROC_CJ_1996_0333,PROC_CJ_1996_0332
PROC_CJ_1996_0356,PROC_CJ_1996_0313
PROC_CJ_1996_0358,PROC_CJ_1996_0313
PROC_CJ_1996_0376,PROC_CJ_1996_0369
PROC_CJ_1996_0378,PROC_CJ_1996_0377
PROC_CJ_1996_0379,PROC_CJ_1996_0377
PROC_CJ_1996_0380,PROC_CJ_1996_0377
PROC_CJ_1996_0381,PROC_CJ_1996_0377
PROC_CJ_1996_0382,PROC_CJ_1996_0377
PROC_CJ_1996_0383,PROC_CJ_1996_0377
PROC_CJ_1996_0384,PROC_CJ_1996_0377
PROC_CJ_1996_0396_P,PROC_CJ_1996_0395_P
PROC_CJ_1996_0406,PROC_CJ_1996_0405
PROC_CJ_1996_0407,PROC_CJ_1996_0405
PROC_CJ_1996_0408,PROC_CJ_1996_0405
PROC_CJ_1997_0011,PROC_CJ_1997_0010
PROC_CJ_1997_0012,PROC_CJ_1997_0010
PROC_CJ_1997_0013,PROC_CJ_1997_0010
PROC_CJ_1997_0014,PROC_CJ_1997_0010
PROC_CJ_1997_0015,PROC_CJ_1997_0010
PROC_CJ_1997_0016,PROC_CJ_1997_0010
PROC_CJ_1997_0017,PROC_CJ_1997_0010
PROC_CJ_1997_0018,PROC_CJ_1997_0010
PROC_CJ_1997_0019,PROC_CJ_1997_0010
PROC_CJ_1997_0020,PROC_CJ_1997_0010
PROC_CJ_1997_0021,PROC_CJ_1997_0010
PROC_CJ_1997_0022,PROC_CJ_1997_0010
PROC_CJ_1997_0032,PROC_CJ_1997_0031
PROC_CJ_1997_0037,PROC_CJ_1997_0036
PROC_CJ_1997_0053,PROC_CJ_1997_0052
PROC_CJ_1997_0054,PROC_CJ_1997_0052
PROC_CJ_1997_0074,PROC_CJ_1996_0127
PROC_CJ_1997_0094,PROC_CJ_1996_0308
PROC_CJ_1997_0109,PROC_CJ_1997_0108
PROC_CJ_1997_0116,PROC_CJ_1997_0115
PROC_CJ_1997_0117,PROC_CJ_1997_0115
PROC_CJ_1997_0118,PROC_CJ_1997_0009
PROC_CJ_1997_0130,PROC_CJ_1997_0129
PROC_CJ_1997_0132,PROC_CJ_1996_0061
PROC_CJ_1997_0137,PROC_CJ_1997_0128
PROC_CJ_1997_0148,PROC_CJ_1997_0147
PROC_CJ_1997_0157_P_I,PROC_CJ_1997_0151_P_I
PROC_CJ_1997_0165,PROC_CJ_1997_0164
PROC_CJ_1997_0177,PROC_CJ_1997_0176
PROC_CJ_1997_0191,PROC_CJ_1996_0051
PROC_CJ_1997_0194,PROC_CJ_1997_0193
PROC_CJ_1997_0271,PROC_CJ_1997_0270
PROC_CJ_1997_0344,PROC_CJ_1997_0338
PROC_CJ_1997_0389,PROC_CJ_1997_0388
PROC_CJ_1997_0390,PROC_CJ_1997_0338
PROC_CJ_1997_0401,PROC_CJ_1997_0400
PROC_CJ_1997_0402,PROC_CJ_1997_0400
PROC_CJ_1997_0419,PROC_CJ_1997_0418
PROC_CJ_1997_0426,PROC_CJ_1997_0425
PROC_CJ_1997_0427,PROC_CJ_1997_0425
PROC_CJ_1998_0029,PROC_CJ_1998_0028
PROC_CJ_1998_0045,PROC_CJ_1996_0061
PROC_CJ_1998_0050,PROC_CJ_1998_0049
PROC_CJ_1998_0052,PROC_CJ_1998_0049
PROC_CJ_1998_0053,PROC_CJ_1998_0049
PROC_CJ_1998_0054,PROC_CJ_1998_0049
PROC_CJ_1998_0068,PROC_CJ_1998_0049
PROC_CJ_1998_0069,PROC_CJ_1998_0049
PROC_CJ_1998_0070,PROC_CJ_1998_0049
PROC_CJ_1998_0071,PROC_CJ_1998_0049
PROC_CJ_1998_0077_P,PROC_CJ_1998_0076_P
PROC_CJ_1998_0111,PROC_CJ_1998_0110
PROC_CJ_1998_0112,PROC_CJ_1998_0110
PROC_CJ_1998_0113,PROC_CJ_1998_0110
PROC_CJ_1998_0114,PROC_CJ_1998_0110
PROC_CJ_1998_0115,PROC_CJ_1998_0110
PROC_CJ_1998_0116,PROC_CJ_1998_0110
PROC_CJ_1998_0117,PROC_CJ_1998_0110
PROC_CJ_1998_0118,PROC_CJ_1998_0110
PROC_CJ_1998_0119,PROC_CJ_1998_0110
PROC_CJ_1998_0120,PROC_CJ_1998_0110
PROC_CJ_1998_0121,PROC_CJ_1998_0110
PROC_CJ_1998_0122,PROC_CJ_1998_0110
PROC_CJ_1998_0123,PROC_CJ_1998_0110
PROC_CJ_1998_0124,PROC_CJ_1998_0110
PROC_CJ_1998_0125,PROC_CJ_1998_0110
PROC_CJ_1998_0126,PROC_CJ_1998_0110
PROC_CJ_1998_0127,PROC_CJ_1998_0110
PROC_CJ_1998_0128,PROC_CJ_1998_0110
PROC_CJ_1998_0129,PROC_CJ_1998_0110
PROC_CJ_1998_0130,PROC_CJ_1998_0110
PROC_CJ_1998_0131,PROC_CJ_1998_0110
PROC_CJ_1998_0132,PROC_CJ_1998_0110
PROC_CJ_1998_0133,PROC_CJ_1998_0110
PROC_CJ_1998_0134,PROC_CJ_1998_0110
PROC_CJ_1998_0135,PROC_CJ_1998_0110
PROC_CJ_1998_0136,PROC_CJ_1998_0110
PROC_CJ_1998_0137,PROC_CJ_1998_0110
PROC_CJ_1998_0138,PROC_CJ_1998_0110
PROC_CJ_1998_0139,PROC_CJ_1998_0110
PROC_CJ_1998_0140,PROC_CJ_1998_0110
PROC_CJ_1998_0141,PROC_CJ_1998_0110
PROC_CJ_1998_0142,PROC_CJ_1998_0110
PROC_CJ_1998_0143,PROC_CJ_1998_0110
PROC_CJ_1998_0144,PROC_CJ_1998_0110
PROC_CJ_1998_0145,PROC_CJ_1998_0110
PROC_CJ_1998_0146,PROC_CJ_1998_0110
PROC_CJ_1998_0147,PROC_CJ_1998_0110
PROC_CJ_1998_0177,PROC_CJ_1998_0175
PROC_CJ_1998_0181,PROC_CJ_1998_0180
PROC_CJ_1998_0182,PROC_CJ_1998_0180
PROC_CJ_1998_0183,PROC_CJ_1998_0180
PROC_CJ_1998_0184,PROC_CJ_1998_0180
PROC_CJ_1998_0189_P,PROC_CJ_1998_0174_P
PROC_CJ_1998_0201,PROC_CJ_1998_0171
PROC_CJ_1998_0202,PROC_CJ_1998_0171
PROC_CJ_1998_0211,PROC_CJ_1998_0102
PROC_CJ_1998_0232,PROC_CJ_1998_0231
PROC_CJ_1998_0241,PROC_CJ_1998_0240
PROC_CJ_1998_0242,PROC_CJ_1998_0240
PROC_CJ_1998_0243,PROC_CJ_1998_0240
PROC_CJ_1998_0244,PROC_CJ_1998_0240
PROC_CJ_1998_0392,PROC_CJ_1998_0300
PROC_CJ_1998_0406,PROC_CJ_1998_0310
PROC_CJ_1998_0410,PROC_CJ_1998_0397
PROC_CJ_1998_0433_P,PROC_CJ_1998_0432_P
PROC_CJ_1998_0442,PROC_CJ_1998_0441
PROC_CJ_1999_0027,PROC_CJ_1996_0061
PROC_CJ_1999_0053,PROC_CJ_1999_0052
PROC_CJ_1999_0081,PROC_CJ_1999_0080
PROC_CJ_1999_0082,PROC_CJ_1999_0080
PROC_CJ_1999_0096,PROC_CJ_1999_0095
PROC_CJ_1999_0097,PROC_CJ_1999_0095
PROC_CJ_1999_0098,PROC_CJ_1999_0095
PROC_CJ_1999_0105,PROC_CJ_1998_0015
PROC_CJ_1999_0125_P,PROC_CJ_1999_0122_P
PROC_CJ_1999_0180,PROC_CJ_1999_0095
PROC_CJ_1999_0181,PROC_CJ_1999_0177
PROC_CJ_1999_0222,PROC_CJ_1999_0216
PROC_CJ_1999_0244_P,PROC_CJ_1999_0238_P
PROC_CJ_1999_0245_P,PROC_CJ_1999_0238_P
PROC_CJ_1999_0247_P,PROC_CJ_1999_0238_P
PROC_CJ_1999_0250_P,PROC_CJ_1999_0238_P
PROC_CJ_1999_0251_P,PROC_CJ_1999_0238_P
PROC_CJ_1999_0252_P,PROC_CJ_1999_0238_P
PROC_CJ_1999_0254_P,PROC_CJ_1999_0238_P
PROC_CJ_1999_0260,PROC_CJ_1999_0223
PROC_CJ_1999_0281_P,PROC_CJ_1999_0280_P
PROC_CJ_1999_0282_P,PROC_CJ_1999_0280_P
PROC_CJ_1999_0286,PROC_CJ_1999_0285
PROC_CJ_1999_0293,PROC_CJ_1999_0279
PROC_CJ_1999_0296,PROC_CJ_1999_0279
PROC_CJ_1999_0308_P,PROC_CJ_1999_0302_P
PROC_CJ_1999_0323,PROC_CJ_1999_0322
PROC_CJ_1999_0330,PROC_CJ_1999_0279
PROC_CJ_1999_0336,PROC_CJ_1999_0279
PROC_CJ_1999_0388_P,PROC_CJ_1999_0300_P
PROC_CJ_1999_0394,PROC_CJ_1999_0393
PROC_CJ_1999_0397,PROC_CJ_1999_0396
PROC_CJ_1999_0415,PROC_CJ_1999_0414
PROC_CJ_1999_0416,PROC_CJ_1999_0414
PROC_CJ_1999_0431,PROC_CJ_1999_0430
PROC_CJ_1999_0519,PROC_CJ_1999_0515
PROC_CJ_1999_0520,PROC_CJ_1999_0515
PROC_CJ_1999_0521,PROC_CJ_1999_0515
PROC_CJ_1999_0522,PROC_CJ_1999_0515
PROC_CJ_1999_0523,PROC_CJ_1999_0515
PROC_CJ_1999_0524,PROC_CJ_1999_0515
PROC_CJ_1999_0526,PROC_CJ_1999_0515
PROC_CJ_1999_0527,PROC_CJ_1999_0515
PROC_CJ_1999_0528,PROC_CJ_1999_0515
PROC_CJ_1999_0529,PROC_CJ_1999_0515
PROC_CJ_1999_0530,PROC_CJ_1999_0515
PROC_CJ_1999_0531,PROC_CJ_1999_0515
PROC_CJ_1999_0532,PROC_CJ_1999_0515
PROC_CJ_1999_0533,PROC_CJ_1999_0515
PROC_CJ_1999_0534,PROC_CJ_1999_0515
PROC_CJ_1999_0535,PROC_CJ_1999_0515
PROC_CJ_1999_0536,PROC_CJ_1999_0515
PROC_CJ_1999_0537,PROC_CJ_1999_0515
PROC_CJ_1999_0538,PROC_CJ_1999_0515
PROC_CJ_1999_0539,PROC_CJ_1999_0515
PROC_CJ_1999_0540,PROC_CJ_1999_0515
PROC_CJ_1999_0542,PROC_CJ_1999_0541
PROC_CJ_2000_0061_P,PROC_CJ_2000_0057_P
PROC_CJ_2000_0064,PROC_CJ_2000_0020
PROC_CJ_2000_0075_P,PROC_CJ_2000_0074_P
PROC_CJ_2000_0081,PROC_CJ_1996_0061
PROC_CJ_2000_0122,PROC_CJ_2000_0027
PROC_CJ_2000_0205_P,PROC_CJ_2000_0204_P
PROC_CJ_2000_0211_P,PROC_CJ_2000_0204_P
PROC_CJ_2000_0213_P,PROC_CJ_2000_0204_P
PROC_CJ_2000_0217_P,PROC_CJ_2000_0204_P
PROC_CJ_2000_0219_P,PROC_CJ_2000_0204_P
PROC_CJ_2000_0261,PROC_CJ_2000_0260
PROC_CJ_2000_0262,PROC_CJ_2000_0260
PROC_CJ_2000_0263,PROC_CJ_2000_0260
PROC_CJ_2000_0288,PROC_CJ_2000_0284
PROC_CJ_2000_0303,PROC_CJ_2000_0231
PROC_CJ_2000_0308,PROC_CJ_2000_0307
PROC_CJ_2000_0309,PROC_CJ_2000_0307
PROC_CJ_2000_0310,PROC_CJ_2000_0307
PROC_CJ_2000_0311,PROC_CJ_2000_0307
PROC_CJ_2000_0371_P,PROC_CJ_1999_0427_P
PROC_CJ_2000_0399,PROC_CJ_1999_0328
PROC_CJ_2000_0415,PROC_CJ_2000_0073
PROC_CJ_2000_0419,PROC_CJ_2000_0418
PROC_CJ_2000_0420,PROC_CJ_2000_0073
PROC_CJ_2000_0426,PROC_CJ_2000_0421
PROC_CJ_2000_0429,PROC_CJ_2000_0388
PROC_CJ_2000_0451,PROC_CJ_2000_0231
PROC_CJ_2000_0481,PROC_CJ_2000_0480
PROC_CJ_2000_0482,PROC_CJ_2000_0480
PROC_CJ_2000_0484,PROC_CJ_2000_0480
PROC_CJ_2000_0485,PROC_CJ_2000_0483
PROC_CJ_2000_0486,PROC_CJ_2000_0483
PROC_CJ_2000_0487,PROC_CJ_2000_0483
PROC_CJ_2000_0488,PROC_CJ_2000_0483
PROC_CJ_2000_0489,PROC_CJ_2000_0480
PROC_CJ_2000_0490,PROC_CJ_2000_0480
PROC_CJ_2000_0491,PROC_CJ_2000_0480
PROC_CJ_2000_0492,PROC_CJ_2000_0483
PROC_CJ_2000_0493,PROC_CJ_2000_0483
PROC_CJ_2000_0494,PROC_CJ_2000_0483
PROC_CJ_2000_0496,PROC_CJ_2000_0483
PROC_CJ_2000_0497,PROC_CJ_2000_0480
PROC_CJ_2000_0498,PROC_CJ_2000_0480
PROC_CJ_2000_0499,PROC_CJ_2000_0480
PROC_CJ_2000_0500,PROC_CJ_2000_0483
PROC_CJ_2001_0003_P,PROC_CJ_2001_0002_P
PROC_CJ_2001_0010,PROC_CJ_2001_0009
PROC_CJ_2001_0011,PROC_CJ_2001_0009
PROC_CJ_2001_0012,PROC_CJ_2001_0009
PROC_CJ_2001_0016,PROC_CJ_2000_0421
PROC_CJ_2001_0021,PROC_CJ_2000_0483
PROC_CJ_2001_0022,PROC_CJ_1996_0061
PROC_CJ_2001_0025_P,PROC_CJ_2001_0024_P
PROC_CJ_2001_0028,PROC_CJ_2001_0020
PROC_CJ_2001_0035,PROC_CJ_2001_0034
PROC_CJ_2001_0036,PROC_CJ_2001_0034
PROC_CJ_2001_0037,PROC_CJ_2001_0034
PROC_CJ_2001_0038,PROC_CJ_2001_0034
PROC_CJ_2001_0050,PROC_CJ_2001_0019
PROC_CJ_2001_0052,PROC_CJ_2001_0051
PROC_CJ_2001_0054,PROC_CJ_2001_0053
PROC_CJ_2001_0055,PROC_CJ_2001_0053
PROC_CJ_2001_0067,PROC_CJ_2001_0066
PROC_CJ_2001_0068,PROC_CJ_2001_0066
PROC_CJ_2001_0069,PROC_CJ_2001_0066
PROC_CJ_2001_0070,PROC_CJ_2001_0066
PROC_CJ_2001_0071,PROC_CJ_2001_0066
PROC_CJ_2001_0072,PROC_CJ_2001_0066
PROC_CJ_2001_0073,PROC_CJ_2001_0066
PROC_CJ_2001_0074,PROC_CJ_2001_0066
PROC_CJ_2001_0084,PROC_CJ_2001_0019
PROC_CJ_2001_0093_P,PROC_CJ_2001_0083_P
PROC_CJ_2001_0094_P,PROC_CJ_2001_0083_P
PROC_CJ_2001_0123,PROC_CJ_2000_0073
PROC_CJ_2001_0138,PROC_CJ_2000_0465
PROC_CJ_2001_0139,PROC_CJ_2000_0465
PROC_CJ_2001_0163_P,PROC_CJ_2001_0162_P
PROC_CJ_2001_0169_P,PROC_CJ_2001_0157_P
PROC_CJ_2001_0175_P,PROC_CJ_2001_0172_P
PROC_CJ_2001_0176_P,PROC_CJ_2001_0172_P
PROC_CJ_2001_0180_P,PROC_CJ_2001_0172_P
PROC_CJ_2001_0200_P,PROC_CJ_2001_0199_P
PROC_CJ_2001_0237,PROC_CJ_2000_0073
PROC_CJ_2001_0238,PROC_CJ_2000_0073
PROC_CJ_2001_0251_P,PROC_CJ_2001_0250_P
PROC_CJ_2001_0262,PROC_CJ_2001_0261
PROC_CJ_2001_0270,PROC_CJ_2001_0269
PROC_CJ_2001_0289,PROC_CJ_2001_0228
PROC_CJ_2001_0293,PROC_CJ_2001_0292
PROC_CJ_2001_0306,PROC_CJ_2001_0264
PROC_CJ_2001_0354,PROC_CJ_2001_0264
PROC_CJ_2001_0355,PROC_CJ_2001_0264
PROC_CJ_2001_0369,PROC_CJ_2001_0317
PROC_CJ_2001_0385,PROC_CJ_2001_0187
PROC_CJ_2001_0398,PROC_CJ_2001_0397
PROC_CJ_2001_0399,PROC_CJ_2001_0397
PROC_CJ_2001_0400,PROC_CJ_2001_0397
PROC_CJ_2001_0401,PROC_CJ_2001_0397
PROC_CJ_2001_0402,PROC_CJ_2001_0397
PROC_CJ_2001_0403,PROC_CJ_2001_0397
PROC_CJ_2003_0039_P_DEP,PROC_CJ_2001_0440_P_R_DEP
PROC_CJ_2001_0457_P,PROC_CJ_2001_0456_P
PROC_CJ_2001_0469_P,PROC_CJ_2001_0468_P
PROC_CJ_2001_0470_P,PROC_CJ_2001_0468_P
PROC_CJ_2001_0471_P,PROC_CJ_2001_0468_P
PROC_CJ_2001_0472_P,PROC_CJ_2001_0468_P
PROC_CJ_2001_0474_P,PROC_CJ_2001_0473_P
PROC_CJ_2001_0488_P_R,PROC_CJ_2001_0486_P_R
PROC_CJ_2001_0493,PROC_CJ_2001_0482
PROC_CJ_2002_0005,PROC_CJ_2002_0004
PROC_CJ_2002_0007,PROC_CJ_2001_0487
PROC_CJ_2002_0011,PROC_CJ_2002_0010
PROC_CJ_2002_0015,PROC_CJ_2000_0073
PROC_CJ_2002_0031,PROC_CJ_2001_0502
PROC_CJ_2002_0038,PROC_CJ_2002_0037
PROC_CJ_2002_0073_P,PROC_CJ_2002_0065_P
PROC_CJ_2002_0079,PROC_CJ_2002_0078
PROC_CJ_2002_0080,PROC_CJ_2002_0078
PROC_CJ_2002_0134,PROC_CJ_2002_0133
PROC_CJ_2002_0178,PROC_CJ_2002_0177
PROC_CJ_2002_0179,PROC_CJ_2002_0177
PROC_CJ_2002_0180,PROC_CJ_2002_0177
PROC_CJ_2002_0187_P,PROC_CJ_2002_0183_P
PROC_CJ_2002_0188_P,PROC_CJ_2002_0186_P
PROC_CJ_2002_0202_P,PROC_CJ_2002_0189_P
PROC_CJ_2002_0205_P,PROC_CJ_2002_0189_P
PROC_CJ_2002_0206_P,PROC_CJ_2002_0189_P
PROC_CJ_2002_0207_P,PROC_CJ_2002_0189_P
PROC_CJ_2002_0208_P,PROC_CJ_2002_0189_P
PROC_CJ_2002_0213_P,PROC_CJ_2002_0189_P
PROC_CJ_2002_0217,PROC_CJ_2002_0053
PROC_CJ_2002_0223,PROC_CJ_2002_0184
PROC_CJ_2002_0243,PROC_CJ_2002_0242
PROC_CJ_2002_0246,PROC_CJ_2002_0238
PROC_CJ_2002_0251,PROC_CJ_2002_0250
PROC_CJ_2002_0252,PROC_CJ_2002_0250
PROC_CJ_2002_0253,PROC_CJ_2002_0250
PROC_CJ_2002_0256,PROC_CJ_2002_0250
PROC_CJ_2002_0362,PROC_CJ_2002_0361
PROC_CJ_2002_0391,PROC_CJ_2002_0387
PROC_CJ_2002_0403,PROC_CJ_2002_0387
PROC_CJ_2002_0452,PROC_CJ_2002_0451
PROC_CJ_2002_0462,PROC_CJ_2002_0453
PROC_CJ_2002_0466,PROC_CJ_2002_0465
PROC_CJ_2003_0013_P_DEP,PROC_CJ_2003_0012_P_DEP
PROC_CJ_2003_0034,PROC_CJ_2003_0021
PROC_CJ_2003_0052,PROC_CJ_2003_0023
PROC_CJ_2003_0097,PROC_CJ_2003_0096
PROC_CJ_2003_0100,PROC_CJ_2003_0087
PROC_CJ_2003_0103,PROC_CJ_2002_0435
PROC_CJ_2003_0129,PROC_CJ_2003_0128
PROC_CJ_2003_0133,PROC_CJ_2003_0023
PROC_CJ_2003_0185,PROC_CJ_2003_0162
PROC_CJ_2003_0217,PROC_CJ_2003_0182
PROC_CJ_2003_0217_R,PROC_CJ_2003_0182_R
PROC_CJ_2003_0252,PROC_CJ_2003_0207
PROC_CJ_2003_0260,PROC_CJ_2003_0259
PROC_CJ_2003_0262,PROC_CJ_2003_0261
PROC_CJ_2003_0282,PROC_CJ_2003_0281
PROC_CJ_2003_0299,PROC_CJ_2003_0211
PROC_CJ_2003_0316,PROC_CJ_2003_0211
PROC_CJ_2003_0317,PROC_CJ_2003_0211
PROC_CJ_2003_0318,PROC_CJ_2003_0211
PROC_CJ_2003_0324,PROC_CJ_2003_0138
PROC_CJ_2003_0328,PROC_CJ_2003_0327
PROC_CJ_2003_0337,PROC_CJ_2003_0023
PROC_CJ_2003_0343,PROC_CJ_2003_0259
PROC_CJ_2003_0355,PROC_CJ_2003_0354
PROC_CJ_2003_0367_P,PROC_CJ_2003_0366_P
PROC_CJ_2003_0368_P,PROC_CJ_2003_0366_P
PROC_CJ_2003_0390_P,PROC_CJ_2003_0366_P
PROC_CJ_2003_0391_P,PROC_CJ_2003_0366_P
PROC_CJ_2003_0394_P,PROC_CJ_2003_0366_P
PROC_CJ_2003_0427,PROC_CJ_2003_0426
PROC_CJ_2003_0428,PROC_CJ_2003_0426
PROC_CJ_2003_0429,PROC_CJ_2003_0426
PROC_CJ_2003_0431,PROC_CJ_2003_0138
PROC_CJ_2003_0439,PROC_CJ_2003_0438
PROC_CJ_2003_0463,PROC_CJ_2003_0462
PROC_CJ_2003_0471_P,PROC_CJ_2003_0442_P
PROC_CJ_2003_0473,PROC_CJ_2003_0023
PROC_CJ_2003_0484,PROC_CJ_2003_0354
PROC_CJ_2003_0486,PROC_CJ_2003_0485
PROC_CJ_2003_0487,PROC_CJ_2003_0485
PROC_CJ_2003_0488,PROC_CJ_2003_0485
PROC_CJ_2003_0489,PROC_CJ_2003_0485
PROC_CJ_2003_0490,PROC_CJ_2003_0485
PROC_CJ_2003_0509,PROC_CJ_2003_0438
PROC_CJ_2003_0529,PROC_CJ_2003_0346
PROC_CJ_2003_0545,PROC_CJ_2003_0544
PROC_CJ_2004_0002,PROC_CJ_2003_0438
PROC_CJ_2004_0011,PROC_CJ_2003_0453
PROC_CJ_2004_0012,PROC_CJ_2003_0453
PROC_CJ_2004_0024,PROC_CJ_2004_0023
PROC_CJ_2004_0025,PROC_CJ_2004_0023
PROC_CJ_2004_0044,PROC_CJ_2003_0162
PROC_CJ_2004_0045,PROC_CJ_2003_0162
PROC_CJ_2004_0113_P_DEP,PROC_CJ_2004_0105_P_DEP
PROC_CJ_2004_0124,PROC_CJ_2004_0123
PROC_CJ_2004_0152,PROC_CJ_2004_0151
PROC_CJ_2004_0155,PROC_CJ_2004_0154
PROC_CJ_2004_0159,PROC_CJ_2004_0158
PROC_CJ_2004_0182,PROC_CJ_2004_0181
PROC_CJ_2004_0183,PROC_CJ_2004_0181
PROC_CJ_2004_0188,PROC_CJ_2004_0187
PROC_CJ_2004_0194,PROC_CJ_2003_0453
PROC_CJ_2004_0202,PROC_CJ_2004_0094
PROC_CJ_2004_0223,PROC_CJ_2003_0162
PROC_CJ_2004_0224,PROC_CJ_2003_0162
PROC_CJ_2004_0228,PROC_CJ_2004_0226
PROC_CJ_2004_0233,PROC_CJ_2004_0232
PROC_CJ_2004_0242,PROC_CJ_2004_0241
PROC_CJ_2004_0257,PROC_CJ_2004_0131
PROC_CJ_2004_0267,PROC_CJ_2004_0266
PROC_CJ_2004_0268,PROC_CJ_2004_0266
PROC_CJ_2004_0269,PROC_CJ_2004_0266
PROC_CJ_2004_0270,PROC_CJ_2004_0266
PROC_CJ_2004_0271,PROC_CJ_2003_0162
PROC_CJ_2004_0272,PROC_CJ_2003_0162
PROC_CJ_2004_0276,PROC_CJ_2004_0266
PROC_CJ_2004_0283,PROC_CJ_2004_0282
PROC_CJ_2004_0296,PROC_CJ_2004_0295
PROC_CJ_2004_0297,PROC_CJ_2004_0295
PROC_CJ_2004_0298,PROC_CJ_2004_0295
PROC_CJ_2004_0305,PROC_CJ_2004_0304
PROC_CJ_2004_0318,PROC_CJ_2004_0317
PROC_CJ_2004_0321,PROC_CJ_2004_0266
PROC_CJ_2004_0322,PROC_CJ_2004_0266
PROC_CJ_2004_0323,PROC_CJ_2004_0266
PROC_CJ_2004_0324,PROC_CJ_2004_0266
PROC_CJ_2004_0325,PROC_CJ_2004_0266
PROC_CJ_2004_0359,PROC_CJ_2004_0338
PROC_CJ_2004_0360,PROC_CJ_2004_0338
PROC_CJ_2004_0363,PROC_CJ_2004_0362
PROC_CJ_2004_0364,PROC_CJ_2004_0362
PROC_CJ_2004_0365,PROC_CJ_2004_0362
PROC_CJ_2004_0395,PROC_CJ_2004_0394
PROC_CJ_2004_0405_P,PROC_CJ_2004_0403_P
PROC_CJ_2004_0422,PROC_CJ_2004_0392
PROC_CJ_2004_0440,PROC_CJ_2004_0439
PROC_CJ_2004_0444,PROC_CJ_2004_0443
PROC_CJ_2004_0464,PROC_CJ_2004_0463
PROC_CJ_2005_0008,PROC_CJ_2005_0007
PROC_CJ_2005_0009,PROC_CJ_2005_0007
PROC_CJ_2005_0041,PROC_CJ_2004_0393
PROC_CJ_2005_0052_P,PROC_CJ_2005_0039_P
PROC_CJ_2005_0080_P,PROC_CJ_2005_0075_P
PROC_CJ_2005_0130,PROC_CJ_2005_0129
PROC_CJ_2005_0155,PROC_CJ_2005_0018
PROC_CJ_2005_0188,PROC_CJ_2005_0187
PROC_CJ_2005_0189,PROC_CJ_2005_0187
PROC_CJ_2005_0190,PROC_CJ_2005_0187
PROC_CJ_2005_0223,PROC_CJ_2005_0222
PROC_CJ_2005_0224,PROC_CJ_2005_0222
PROC_CJ_2005_0225,PROC_CJ_2005_0222
PROC_CJ_2005_0333,PROC_CJ_2005_0290
PROC_CJ_2005_0377,PROC_CJ_2005_0376
PROC_CJ_2005_0415_P,PROC_CJ_2005_0402_P
PROC_CJ_2005_0419,PROC_CJ_2005_0396
PROC_CJ_2005_0448,PROC_CJ_2005_0447
PROC_CJ_2005_0450,PROC_CJ_2005_0396
PROC_CJ_2005_0454_P,PROC_CJ_2005_0439_P
PROC_CJ_2006_0012,PROC_CJ_2006_0011
PROC_CJ_2006_0023,PROC_CJ_2006_0005
PROC_CJ_2006_0024,PROC_CJ_2006_0005
PROC_CJ_2006_0025,PROC_CJ_2006_0005
PROC_CJ_2006_0026,PROC_CJ_2006_0005
PROC_CJ_2006_0027,PROC_CJ_2006_0005
PROC_CJ_2006_0028,PROC_CJ_2006_0005
PROC_CJ_2006_0029,PROC_CJ_2006_0005
PROC_CJ_2006_0030,PROC_CJ_2006_0005
PROC_CJ_2006_0031,PROC_CJ_2006_0005
PROC_CJ_2006_0032,PROC_CJ_2006_0005
PROC_CJ_2006_0033,PROC_CJ_2006_0005
PROC_CJ_2006_0034,PROC_CJ_2006_0023
PROC_CJ_2006_0035,PROC_CJ_2006_0005
PROC_CJ_2006_0036,PROC_CJ_2006_0005
PROC_CJ_2006_0058,PROC_CJ_2006_0037
PROC_CJ_2006_0121_P,PROC_CJ_2006_0120_P
PROC_CJ_2006_0146,PROC_CJ_2006_0145
PROC_CJ_2006_0148,PROC_CJ_2006_0147
PROC_CJ_2006_0209,PROC_CJ_2006_0208
PROC_CJ_2006_0232,PROC_CJ_2006_0231
PROC_CJ_2006_0233,PROC_CJ_2006_0231
PROC_CJ_2006_0261,PROC_CJ_2006_0260
PROC_CJ_2006_0288,PROC_CJ_2006_0287
PROC_CJ_2006_0289,PROC_CJ_2006_0287
PROC_CJ_2006_0290,PROC_CJ_2006_0287
PROC_CJ_2006_0291,PROC_CJ_2006_0287
PROC_CJ_2006_0292,PROC_CJ_2006_0287
PROC_CJ_2006_0295,PROC_CJ_2006_0014
PROC_CJ_2006_0312,PROC_CJ_2006_0283
PROC_CJ_2006_0335,PROC_CJ_2006_0334
PROC_CJ_2006_0336,PROC_CJ_2006_0334
PROC_CJ_2006_0342_P,PROC_CJ_2006_0341_P
PROC_CJ_2006_0343,PROC_CJ_2006_0329
PROC_CJ_2006_0379_P,PROC_CJ_2006_0373_P
PROC_CJ_2006_0382_P,PROC_CJ_2006_0373_P
PROC_CJ_2006_0384,PROC_CJ_2006_0383
PROC_CJ_2006_0385,PROC_CJ_2006_0383
PROC_CJ_2006_0403_P,PROC_CJ_2006_0399_P
PROC_CJ_2006_0429,PROC_CJ_2006_0428
PROC_CJ_2006_0430,PROC_CJ_2006_0428
PROC_CJ_2006_0431,PROC_CJ_2006_0428
PROC_CJ_2006_0432,PROC_CJ_2006_0428
PROC_CJ_2006_0433,PROC_CJ_2006_0428
PROC_CJ_2006_0434,PROC_CJ_2006_0428
PROC_CJ_2006_0469,PROC_CJ_2006_0468
PROC_CJ_2006_0470,PROC_CJ_2006_0468
PROC_CJ_2006_0471,PROC_CJ_2006_0468
PROC_CJ_2006_0472,PROC_CJ_2006_0468
PROC_CJ_2006_0473,PROC_CJ_2006_0468
PROC_CJ_2006_0474,PROC_CJ_2006_0468
PROC_CJ_2006_0475,PROC_CJ_2006_0468
PROC_CJ_2006_0476,PROC_CJ_2006_0468
PROC_CJ_2006_0477,PROC_CJ_2006_0468
PROC_CJ_2006_0478,PROC_CJ_2006_0468
PROC_CJ_2006_0513_P,PROC_CJ_2006_0501_P
PROC_CJ_2006_0515_P,PROC_CJ_2006_0501_P
PROC_CJ_2006_0519_P,PROC_CJ_2006_0501_P
PROC_CJ_2006_0520,PROC_CJ_2006_0350
PROC_CJ_2007_0024,PROC_CJ_2007_0023
PROC_CJ_2007_0056,PROC_CJ_2007_0055
PROC_CJ_2007_0096,PROC_CJ_2007_0095
PROC_CJ_2007_0110_P,PROC_CJ_2007_0101_P
PROC_CJ_2007_0111,PROC_CJ_2007_0072
PROC_CJ_2007_0129,PROC_CJ_2007_0128
PROC_CJ_2007_0130,PROC_CJ_2007_0128
PROC_CJ_2007_0131,PROC_CJ_2007_0128
PROC_CJ_2007_0133_P,PROC_CJ_2007_0125_P
PROC_CJ_2007_0135_P,PROC_CJ_2007_0125_P
PROC_CJ_2007_0137_P,PROC_CJ_2007_0125_P
PROC_CJ_2007_0153,PROC_CJ_2007_0152
PROC_CJ_2007_0154,PROC_CJ_2007_0152
PROC_CJ_2007_0172,PROC_CJ_2007_0171
PROC_CJ_2007_0176,PROC_CJ_2007_0175
PROC_CJ_2007_0177,PROC_CJ_2007_0175
PROC_CJ_2007_0178,PROC_CJ_2007_0175
PROC_CJ_2007_0179,PROC_CJ_2007_0175
PROC_CJ_2007_0180,PROC_CJ_2007_0175
PROC_CJ_2007_0181,PROC_CJ_2007_0175
PROC_CJ_2007_0182,PROC_CJ_2007_0175
PROC_CJ_2007_0183,PROC_CJ_2007_0175
PROC_CJ_2007_0184,PROC_CJ_2007_0175
PROC_CJ_2007_0201,PROC_CJ_2007_0200
PROC_CJ_2007_0232,PROC_CJ_2007_0231
PROC_CJ_2007_0279,PROC_CJ_2007_0278
PROC_CJ_2007_0280,PROC_CJ_2007_0278
PROC_CJ_2007_0299,PROC_CJ_2007_0261
PROC_CJ_2007_0327_P,PROC_CJ_2007_0322_P
PROC_CJ_2007_0338_P,PROC_CJ_2007_0322_P
PROC_CJ_2007_0353,PROC_CJ_2007_0352
PROC_CJ_2007_0354,PROC_CJ_2007_0352
PROC_CJ_2007_0355,PROC_CJ_2007_0352
PROC_CJ_2007_0356,PROC_CJ_2007_0352
PROC_CJ_2007_0358,PROC_CJ_2007_0316
PROC_CJ_2007_0359,PROC_CJ_2007_0316
PROC_CJ_2007_0360,PROC_CJ_2007_0316
PROC_CJ_2007_0363,PROC_CJ_2007_0362
PROC_CJ_2007_0365,PROC_CJ_2007_0352
PROC_CJ_2007_0366,PROC_CJ_2007_0352
PROC_CJ_2007_0367,PROC_CJ_2007_0352
PROC_CJ_2007_0379,PROC_CJ_2007_0378
PROC_CJ_2007_0380,PROC_CJ_2007_0378
PROC_CJ_2007_0400,PROC_CJ_2007_0352
PROC_CJ_2007_0409,PROC_CJ_2007_0316
PROC_CJ_2007_0410,PROC_CJ_2007_0316
PROC_CJ_2007_0432,PROC_CJ_2007_0402
PROC_CJ_2007_0451,PROC_CJ_2007_0450
PROC_CJ_2007_0455_P,PROC_CJ_2007_0445_P
PROC_CJ_2007_0472,PROC_CJ_2007_0471
PROC_CJ_2007_0499,PROC_CJ_2007_0439
PROC_CJ_2007_0528_P,PROC_CJ_2007_0514_P
PROC_CJ_2007_0532_P,PROC_CJ_2007_0514_P
PROC_CJ_2007_0571,PROC_CJ_2007_0570
PROC_CJ_2008_0009,PROC_CJ_2007_0393
PROC_CJ_2008_0015_P_R,PROC_CJ_2007_0512_P_R
PROC_CJ_2008_0023,PROC_CJ_2008_0022
PROC_CJ_2008_0043,PROC_CJ_2008_0039
PROC_CJ_2008_0065,PROC_CJ_2007_0522
PROC_CJ_2008_0079,PROC_CJ_2008_0078
PROC_CJ_2008_0080,PROC_CJ_2008_0078
PROC_CJ_2008_0125,PROC_CJ_2008_0124
PROC_CJ_2008_0149,PROC_CJ_2008_0145
PROC_CJ_2008_0157,PROC_CJ_2008_0155
PROC_CJ_2008_0163,PROC_CJ_2008_0162
PROC_CJ_2008_0164,PROC_CJ_2008_0162
PROC_CJ_2008_0176,PROC_CJ_2008_0175
PROC_CJ_2008_0178,PROC_CJ_2008_0175
PROC_CJ_2008_0179,PROC_CJ_2008_0175
PROC_CJ_2008_0186,PROC_CJ_2008_0180
PROC_CJ_2008_0208_P,PROC_CJ_2008_0202_P
PROC_CJ_2008_0237,PROC_CJ_2008_0236
PROC_CJ_2008_0238,PROC_CJ_2008_0236
PROC_CJ_2008_0318,PROC_CJ_2008_0317
PROC_CJ_2008_0319,PROC_CJ_2008_0317
PROC_CJ_2008_0320,PROC_CJ_2008_0317
PROC_CJ_2008_0339,PROC_CJ_2008_0338
PROC_CJ_2008_0348,PROC_CJ_2008_0261
PROC_CJ_2008_0360,PROC_CJ_2008_0359
PROC_CJ_2008_0361,PROC_CJ_2008_0359
PROC_CJ_2008_0380,PROC_CJ_2008_0379
PROC_CJ_2008_0396,PROC_CJ_2008_0395
PROC_CJ_2008_0409,PROC_CJ_2008_0404
PROC_CJ_2008_0411,PROC_CJ_2008_0410
PROC_CJ_2008_0412,PROC_CJ_2008_0410
PROC_CJ_2008_0429,PROC_CJ_2008_0403
PROC_CJ_2008_0431,PROC_CJ_2008_0430
PROC_CJ_2008_0437,PROC_CJ_2008_0436
PROC_CJ_2008_0448,PROC_CJ_2008_0447
PROC_CJ_2008_0479,PROC_CJ_2008_0478
PROC_CJ_2008_0489_P,PROC_CJ_2008_0488_P
PROC_CJ_2008_0539,PROC_CJ_2008_0536
PROC_CJ_2009_0004_P,PROC_CJ_2008_0561_P
PROC_CJ_2009_0033,PROC_CJ_2008_0538
PROC_CJ_2009_0055,PROC_CJ_2009_0053
PROC_CJ_2009_0073_P,PROC_CJ_2009_0071_P
PROC_CJ_2009_0076_P,PROC_CJ_2009_0071_P
PROC_CJ_2009_0087,PROC_CJ_2009_0065
PROC_CJ_2009_0093,PROC_CJ_2009_0092
PROC_CJ_2009_0101,PROC_CJ_2009_0057
PROC_CJ_2009_0107_P,PROC_CJ_2009_0106_P
PROC_CJ_2009_0110,PROC_CJ_2009_0105
PROC_CJ_2009_0129,PROC_CJ_2009_0128
PROC_CJ_2009_0130,PROC_CJ_2009_0128
PROC_CJ_2009_0131,PROC_CJ_2009_0128
PROC_CJ_2009_0134,PROC_CJ_2009_0128
PROC_CJ_2009_0135,PROC_CJ_2009_0128
PROC_CJ_2009_0144,PROC_CJ_2008_0585
PROC_CJ_2009_0166,PROC_CJ_2009_0165
PROC_CJ_2009_0167,PROC_CJ_2009_0165
PROC_CJ_2009_0178,PROC_CJ_2009_0177
PROC_CJ_2009_0179,PROC_CJ_2009_0177
PROC_CJ_2009_0200_P,PROC_CJ_2009_0191_P
PROC_CJ_2009_0216_P,PROC_CJ_2009_0201_P
PROC_CJ_2009_0231,PROC_CJ_2009_0230
PROC_CJ_2009_0268,PROC_CJ_2009_0250
PROC_CJ_2009_0287,PROC_CJ_2009_0286
PROC_CJ_2009_0289,PROC_CJ_2009_0288
PROC_CJ_2009_0293,PROC_CJ_2010_0292
PROC_CJ_2009_0301,PROC_CJ_2009_0300
PROC_CJ_2009_0308,PROC_CJ_2009_0307
PROC_CJ_2009_0309,PROC_CJ_2009_0307
PROC_CJ_2009_0365_P,PROC_CJ_2009_0364_P
PROC_CJ_2009_0373,PROC_CJ_2009_0372
PROC_CJ_2009_0412,PROC_CJ_2009_0411
PROC_CJ_2009_0413,PROC_CJ_2009_0411
PROC_CJ_2009_0414,PROC_CJ_2009_0411
PROC_CJ_2009_0415,PROC_CJ_2009_0411
PROC_CJ_2009_0416,PROC_CJ_2009_0411
PROC_CJ_2009_0417,PROC_CJ_2009_0411
PROC_CJ_2009_0418,PROC_CJ_2009_0411
PROC_CJ_2009_0419,PROC_CJ_2009_0411
PROC_CJ_2009_0420,PROC_CJ_2009_0411
PROC_CJ_2009_0425,PROC_CJ_2009_0422
PROC_CJ_2009_0426,PROC_CJ_2009_0422
PROC_CJ_2009_0432,PROC_CJ_2009_0431
PROC_CJ_2009_0456,PROC_CJ_2009_0444
PROC_CJ_2009_0466_P,PROC_CJ_2009_0465_P
PROC_CJ_2009_0467_P,PROC_CJ_2009_0466_P
PROC_CJ_2009_0468_P,PROC_CJ_2009_0465_P
PROC_CJ_2009_0469_P,PROC_CJ_2009_0465_P
PROC_CJ_2009_0470_P,PROC_CJ_2009_0465_P
PROC_CJ_2009_0472_P,PROC_CJ_2009_0471_P
PROC_CJ_2009_0473_P,PROC_CJ_2009_0471_P
PROC_CJ_2009_0475_P,PROC_CJ_2009_0474_P
PROC_CJ_2009_0476_P,PROC_CJ_2009_0474_P
PROC_CJ_2009_0495,PROC_CJ_2009_0446
PROC_CJ_2009_0499,PROC_CJ_2009_0497
PROC_CJ_2009_0501,PROC_CJ_2009_0497
PROC_CJ_2009_0502,PROC_CJ_2009_0497
PROC_CJ_2010_0001,PROC_CJ_2009_0483
PROC_CJ_2010_0009,PROC_CJ_2010_0007
PROC_CJ_2010_0027,PROC_CJ_2010_0004
PROC_CJ_2010_0037,PROC_CJ_2010_0018
PROC_CJ_2010_0045,PROC_CJ_2010_0042
PROC_CJ_2010_0055_P,PROC_CJ_2010_0054_P
PROC_CJ_2010_0057,PROC_CJ_2010_0042
PROC_CJ_2010_0059,PROC_CJ_2010_0058
PROC_CJ_2010_0060,PROC_CJ_2010_0058
PROC_CJ_2010_0061,PROC_CJ_2010_0058
PROC_CJ_2010_0062,PROC_CJ_2010_0058
PROC_CJ_2010_0063,PROC_CJ_2010_0058
PROC_CJ_2010_0064,PROC_CJ_2010_0058
PROC_CJ_2010_0065,PROC_CJ_2010_0058
PROC_CJ_2010_0066,PROC_CJ_2010_0058
PROC_CJ_2010_0067,PROC_CJ_2010_0058
PROC_CJ_2010_0068,PROC_CJ_2010_0058
PROC_CJ_2010_0075_P,PROC_CJ_2010_0074_P
PROC_CJ_2010_0077,PROC_CJ_2010_0072
PROC_CJ_2010_0096,PROC_CJ_2010_0089
PROC_CJ_2010_0098,PROC_CJ_2010_0097
PROC_CJ_2010_0099,PROC_CJ_2010_0097
PROC_CJ_2010_0129,PROC_CJ_2010_0128
PROC_CJ_2010_0147,PROC_CJ_2010_0113
PROC_CJ_2010_0160,PROC_CJ_2010_0159
PROC_CJ_2010_0161,PROC_CJ_2009_0509
PROC_CJ_2010_0165,PROC_CJ_2010_0164
PROC_CJ_2010_0166,PROC_CJ_2010_0164
PROC_CJ_2010_0167,PROC_CJ_2010_0164
PROC_CJ_2010_0168,PROC_CJ_2010_0164
PROC_CJ_2010_0169,PROC_CJ_2010_0164
PROC_CJ_2010_0170,PROC_CJ_2010_0164
PROC_CJ_2010_0171,PROC_CJ_2010_0164
PROC_CJ_2010_0172,PROC_CJ_2010_0164
PROC_CJ_2010_0173,PROC_CJ_2010_0164
PROC_CJ_2010_0174,PROC_CJ_2010_0164
PROC_CJ_2010_0175,PROC_CJ_2010_0164
PROC_CJ_2010_0176,PROC_CJ_2010_0164
PROC_CJ_2010_0178,PROC_CJ_2010_0136
PROC_CJ_2010_0181,PROC_CJ_2010_0180
PROC_CJ_2010_0189,PROC_CJ_2010_0188
PROC_CJ_2010_0202,PROC_CJ_2010_0201
PROC_CJ_2010_0207,PROC_CJ_2009_0400
PROC_CJ_2010_0217_P,PROC_CJ_2010_0205_P
PROC_CJ_2010_0222_P,PROC_CJ_2010_0205_P
PROC_CJ_2010_0236,PROC_CJ_2010_0235
PROC_CJ_2010_0237,PROC_CJ_2010_0235
PROC_CJ_2010_0238,PROC_CJ_2010_0235
PROC_CJ_2010_0239,PROC_CJ_2010_0235
PROC_CJ_2010_0245,PROC_CJ_2010_0244
PROC_CJ_2010_0260,PROC_CJ_2010_0259
PROC_CJ_2010_0261,PROC_CJ_2010_0256
PROC_CJ_2010_0268,PROC_CJ_2010_0267
PROC_CJ_2010_0298,PROC_CJ_2010_0297
PROC_CJ_2010_0320,PROC_CJ_2010_0319
PROC_CJ_2010_0324,PROC_CJ_2010_0323
PROC_CJ_2010_0325,PROC_CJ_2010_0323
PROC_CJ_2010_0326,PROC_CJ_2010_0323
PROC_CJ_2010_0329,PROC_CJ_2010_0328
PROC_CJ_2010_0330,PROC_CJ_2010_0328
PROC_CJ_2010_0331,PROC_CJ_2010_0328
PROC_CJ_2010_0332,PROC_CJ_2010_0328
PROC_CJ_2010_0333,PROC_CJ_2010_0328
PROC_CJ_2010_0345_P,PROC_CJ_2010_0344_P
PROC_CJ_2010_0358,PROC_CJ_2010_0357
PROC_CJ_2010_0359,PROC_CJ_2010_0357
PROC_CJ_2010_0401_P,PROC_CJ_2010_0399_P
PROC_CJ_2010_0425,PROC_CJ_2010_0424
PROC_CJ_2010_0449_P,PROC_CJ_2010_0448_P
PROC_CJ_2010_0450_P,PROC_CJ_2010_0448_P
PROC_CJ_2010_0469,PROC_CJ_2010_0468
PROC_CJ_2010_0475_P,PROC_CJ_2010_0463_P
PROC_CJ_2010_0493,PROC_CJ_2010_0411
PROC_CJ_2010_0550_P,PROC_CJ_2010_0539_P
PROC_CJ_2010_0554_P,PROC_CJ_2010_0553_P
PROC_CJ_2010_0579,PROC_CJ_2010_0578
PROC_CJ_2010_0580,PROC_CJ_2010_0579
PROC_CJ_2010_0593_P,PROC_CJ_2010_0584_P
PROC_CJ_2010_0595_P,PROC_CJ_2010_0584_P
PROC_CJ_2010_0612,PROC_CJ_2010_0611
PROC_CJ_2010_0623,PROC_CJ_2010_0622
PROC_CJ_2010_0629,PROC_CJ_2010_0581
PROC_CJ_2011_0010,PROC_CJ_2010_0608
PROC_CJ_2011_0014_P,PROC_CJ_2010_0628_P
PROC_CJ_2011_0023,PROC_CJ_2010_0608
PROC_CJ_2011_0030,PROC_CJ_2011_0029
PROC_CJ_2011_0057,PROC_CJ_2011_0055
PROC_CJ_2011_0058,PROC_CJ_2011_0055
PROC_CJ_2011_0091,PROC_CJ_2011_0090
PROC_CJ_2011_0099,PROC_CJ_2011_0071
PROC_CJ_2011_0102_P,PROC_CJ_2011_0101_P
PROC_CJ_2011_0105_P,PROC_CJ_2011_0104_P
PROC_CJ_2011_0125,PROC_CJ_2011_0124
PROC_CJ_2011_0129,PROC_CJ_2010_0621
PROC_CJ_2011_0142,PROC_CJ_2011_0080
PROC_CJ_2011_0143,PROC_CJ_2011_0124
PROC_CJ_2011_0148,PROC_CJ_2011_0147
PROC_CJ_2011_0183,PROC_CJ_2011_0182
PROC_CJ_2011_0203,PROC_CJ_2011_0197
PROC_CJ_2011_0209,PROC_CJ_2011_0186
PROC_CJ_2011_0211,PROC_CJ_2011_0210
PROC_CJ_2011_0214,PROC_CJ_2011_0213
PROC_CJ_2011_0217,PROC_CJ_2011_0213
PROC_CJ_2011_0230,PROC_CJ_2011_0229
PROC_CJ_2011_0232_P,PROC_CJ_2011_0231_P
PROC_CJ_2011_0233_P,PROC_CJ_2011_0231_P
PROC_CJ_2011_0238,PROC_CJ_2011_0237
PROC_CJ_2011_0253_P,PROC_CJ_2011_0247_P
PROC_CJ_2011_0295,PROC_CJ_2011_0274
PROC_CJ_2011_0303,PROC_CJ_2011_0302
PROC_CJ_2011_0304,PROC_CJ_2011_0302
PROC_CJ_2011_0305,PROC_CJ_2011_0302
PROC_CJ_2011_0319,PROC_CJ_2011_0318
PROC_CJ_2011_0330,PROC_CJ_2011_0320
PROC_CJ_2011_0337,PROC_CJ_2011_0335
PROC_CJ_2011_0339,PROC_CJ_2011_0338
PROC_CJ_2011_0340,PROC_CJ_2011_0338
PROC_CJ_2011_0341,PROC_CJ_2011_0338
PROC_CJ_2011_0342,PROC_CJ_2011_0338
PROC_CJ_2011_0343,PROC_CJ_2011_0338
PROC_CJ_2011_0344,PROC_CJ_2011_0338
PROC_CJ_2011_0345,PROC_CJ_2011_0338
PROC_CJ_2011_0346,PROC_CJ_2011_0338
PROC_CJ_2011_0347,PROC_CJ_2011_0338
PROC_CJ_2011_0357,PROC_CJ_2011_0356
PROC_CJ_2011_0382,PROC_CJ_2011_0320
PROC_CJ_2011_0383,PROC_CJ_2011_0320
PROC_CJ_2011_0400,PROC_CJ_2011_0359
PROC_CJ_2011_0423_P,PROC_CJ_2011_0422_P
PROC_CJ_2011_0437,PROC_CJ_2011_0436
PROC_CJ_2011_0458,PROC_CJ_2011_0457
PROC_CJ_2011_0459,PROC_CJ_2011_0457
PROC_CJ_2011_0460,PROC_CJ_2011_0457
PROC_CJ_2011_0479_P,PROC_CJ_2011_0478_P
PROC_CJ_2011_0480_P,PROC_CJ_2011_0478_P
PROC_CJ_2011_0481_P,PROC_CJ_2011_0478_P
PROC_CJ_2011_0482_P,PROC_CJ_2011_0478_P
PROC_CJ_2011_0484,PROC_CJ_2011_0483
PROC_CJ_2011_0489_P,PROC_CJ_2011_0239_P
PROC_CJ_2011_0498_P,PROC_CJ_2011_0239_P
PROC_CJ_2011_0513,PROC_CJ_2011_0512
PROC_CJ_2011_0567,PROC_CJ_2011_0566
PROC_CJ_2011_0580,PROC_CJ_2011_0566
PROC_CJ_2011_0585,PROC_CJ_2011_0523
PROC_CJ_2011_0588_P_R,PROC_CJ_2011_0587_P_R
PROC_CJ_2011_0591,PROC_CJ_2011_0566
PROC_CJ_2011_0605_P,PROC_CJ_2011_0514_P
PROC_CJ_2011_0620,PROC_CJ_2011_0566
PROC_CJ_2011_0631_P,PROC_CJ_2011_0630_P
PROC_CJ_2011_0632_P,PROC_CJ_2011_0630_P
PROC_CJ_2011_0633_P,PROC_CJ_2011_0630_P
PROC_CJ_2011_0637,PROC_CJ_2011_0618
PROC_CJ_2011_0640,PROC_CJ_2011_0566
PROC_CJ_2011_0659,PROC_CJ_2011_0618
PROC_CJ_2011_0665,PROC_CJ_2011_0664
PROC_CJ_2011_0672,PROC_CJ_2011_0671
PROC_CJ_2011_0673,PROC_CJ_2011_0671
PROC_CJ_2011_0674,PROC_CJ_2011_0671
PROC_CJ_2011_0675,PROC_CJ_2011_0671
PROC_CJ_2011_0676,PROC_CJ_2011_0671
PROC_CJ_2012_0008,PROC_CJ_2011_0660
PROC_CJ_2012_0027,PROC_CJ_2012_0024
PROC_CJ_2012_0038,PROC_CJ_2012_0033
PROC_CJ_2012_0052,PROC_CJ_2012_0051
PROC_CJ_2012_0053,PROC_CJ_2012_0051
PROC_CJ_2012_0054,PROC_CJ_2012_0051
PROC_CJ_2012_0106,PROC_CJ_2012_0105
PROC_CJ_2012_0107,PROC_CJ_2012_0105
PROC_CJ_2012_0160,PROC_CJ_2012_0159
PROC_CJ_2012_0161,PROC_CJ_2012_0159
PROC_CJ_2012_0163,PROC_CJ_2013_0162
PROC_CJ_2012_0165,PROC_CJ_2012_0103
PROC_CJ_2012_0188,PROC_CJ_2012_0187
PROC_CJ_2012_0189,PROC_CJ_2012_0187
PROC_CJ_2012_0200,PROC_CJ_2012_0199
PROC_CJ_2012_0201,PROC_CJ_2012_0199
PROC_CJ_2012_0205,PROC_CJ_2012_0204
PROC_CJ_2012_0206,PROC_CJ_2012_0204
PROC_CJ_2012_0207,PROC_CJ_2012_0204
PROC_CJ_2012_0208,PROC_CJ_2012_0204
PROC_CJ_2012_0215_P,PROC_CJ_2012_0214_P
PROC_CJ_2012_0217,PROC_CJ_2012_0216
PROC_CJ_2012_0223_P,PROC_CJ_2012_0214_P
PROC_CJ_2012_0229,PROC_CJ_2012_0228
PROC_CJ_2012_0230,PROC_CJ_2012_0228
PROC_CJ_2012_0231,PROC_CJ_2012_0228
PROC_CJ_2012_0232,PROC_CJ_2012_0228
PROC_CJ_2012_0242,PROC_CJ_2012_0241
PROC_CJ_2012_0250,PROC_CJ_2012_0249
PROC_CJ_2012_0254,PROC_CJ_2012_0228
PROC_CJ_2012_0255,PROC_CJ_2012_0228
PROC_CJ_2012_0256,PROC_CJ_2012_0228
PROC_CJ_2012_0257,PROC_CJ_2012_0228
PROC_CJ_2012_0258,PROC_CJ_2012_0228
PROC_CJ_2012_0338_P,PROC_CJ_2012_0337_P
PROC_CJ_2012_0339_P,PROC_CJ_2012_0337_P
PROC_CJ_2012_0340_P,PROC_CJ_2012_0337_P
PROC_CJ_2012_0372,PROC_CJ_2012_0141
PROC_CJ_2012_0402_P,PROC_CJ_2012_0401_P
PROC_CJ_2012_0403_P,PROC_CJ_2012_0401_P
PROC_CJ_2012_0405_P,PROC_CJ_2012_0404_P
PROC_CJ_2012_0420,PROC_CJ_2012_0419
PROC_CJ_2012_0447,PROC_CJ_2012_0446
PROC_CJ_2012_0448,PROC_CJ_2012_0446
PROC_CJ_2012_0449,PROC_CJ_2012_0446
PROC_CJ_2012_0455,PROC_CJ_2012_0454
PROC_CJ_2012_0489,PROC_CJ_2012_0488
PROC_CJ_2012_0490,PROC_CJ_2012_0488
PROC_CJ_2012_0491,PROC_CJ_2012_0488
PROC_CJ_2012_0502,PROC_CJ_2012_0501
PROC_CJ_2012_0503,PROC_CJ_2012_0501
PROC_CJ_2012_0504,PROC_CJ_2012_0501
PROC_CJ_2012_0505,PROC_CJ_2012_0501
PROC_CJ_2012_0506,PROC_CJ_2012_0501
PROC_CJ_2012_0517,PROC_CJ_2012_0516
PROC_CJ_2012_0518,PROC_CJ_2012_0516
PROC_CJ_2012_0526,PROC_CJ_2012_0488
PROC_CJ_2012_0536_P,PROC_CJ_2012_0533_P
PROC_CJ_2012_0540,PROC_CJ_2012_0501
PROC_CJ_2012_0541,PROC_CJ_2012_0501
PROC_CJ_2012_0594,PROC_CJ_2012_0293
PROC_CJ_2012_0607,PROC_CJ_2012_0606
PROC_CJ_2013_0010,PROC_CJ_2012_0614
PROC_CJ_2013_0013_P,PROC_CJ_2013_0012_P
PROC_CJ_2013_0030,PROC_CJ_2013_0029
PROC_CJ_2013_0040,PROC_CJ_2013_0039
PROC_CJ_2013_0041,PROC_CJ_2013_0039
PROC_CJ_2013_0044,PROC_CJ_2013_0043
PROC_CJ_2013_0054_P,PROC_CJ_2012_0549_P
PROC_CJ_2013_0059,PROC_CJ_2013_0058
PROC_CJ_2013_0061,PROC_CJ_2013_0022
PROC_CJ_2013_0062,PROC_CJ_2013_0022
PROC_CJ_2013_0063,PROC_CJ_2013_0022
PROC_CJ_2013_0080,PROC_CJ_2013_0053
PROC_CJ_2013_0095_P,PROC_CJ_2013_0094_P
PROC_CJ_2013_0116,PROC_CJ_2012_0537
PROC_CJ_2013_0120,PROC_CJ_2013_0119
PROC_CJ_2013_0123_P,PROC_CJ_2013_0093_P
PROC_CJ_2013_0125,PROC_CJ_2013_0124
PROC_CJ_2013_0130,PROC_CJ_2013_0129
PROC_CJ_2013_0136_P,PROC_CJ_2013_0094_P
PROC_CJ_2013_0149,PROC_CJ_2013_0148
PROC_CJ_2013_0150,PROC_CJ_2013_0148
PROC_CJ_2013_0154,PROC_CJ_2013_0144
PROC_CJ_2013_0160,PROC_CJ_2013_0144
PROC_CJ_2013_0163,PROC_CJ_2013_0131
PROC_CJ_2013_0164,PROC_CJ_2013_0131
PROC_CJ_2013_0174_P,PROC_CJ_2013_0094_P
PROC_CJ_2013_0180_P,PROC_CJ_2013_0094_P
PROC_CJ_2013_0185,PROC_CJ_2013_0184
PROC_CJ_2013_0186,PROC_CJ_2013_0184
PROC_CJ_2013_0187,PROC_CJ_2013_0184
PROC_CJ_2013_0191_P,PROC_CJ_2013_0094_P
PROC_CJ_2013_0194,PROC_CJ_2013_0184
PROC_CJ_2013_0195,PROC_CJ_2013_0184
PROC_CJ_2013_0208,PROC_CJ_2013_0184
PROC_CJ_2013_0214,PROC_CJ_2013_0097
PROC_CJ_2013_0218,PROC_CJ_2013_0217
PROC_CJ_2013_0228_P,PROC_CJ_2013_0227_P
PROC_CJ_2013_0229_P,PROC_CJ_2013_0227_P
PROC_CJ_2013_0230_P,PROC_CJ_2013_0227_P
PROC_CJ_2013_0231_P,PROC_CJ_2013_0227_P
PROC_CJ_2013_0232_P,PROC_CJ_2013_0227_P
PROC_CJ_2013_0233_P,PROC_CJ_2013_0227_P
PROC_CJ_2013_0234_P,PROC_CJ_2013_0227_P
PROC_CJ_2013_0235_P,PROC_CJ_2013_0227_P
PROC_CJ_2013_0236_P,PROC_CJ_2013_0227_P
PROC_CJ_2013_0237_P,PROC_CJ_2013_0227_P
PROC_CJ_2013_0238_P,PROC_CJ_2013_0227_P
PROC_CJ_2013_0239_P,PROC_CJ_2013_0227_P
PROC_CJ_2013_0245,PROC_CJ_2013_0226
PROC_CJ_2013_0246_P,PROC_CJ_2013_0094_P
PROC_CJ_2013_0247,PROC_CJ_2013_0226
PROC_CJ_2013_0264,PROC_CJ_2013_0256
PROC_CJ_2013_0294_P,PROC_CJ_2013_0293_P
PROC_CJ_2013_0309_P,PROC_CJ_2013_0308_P
PROC_CJ_2013_0326_P,PROC_CJ_2013_0325_P
PROC_CJ_2013_0326_P_DEP,PROC_CJ_2013_0325_P_DEP
PROC_CJ_2013_0363,PROC_CJ_2013_0362
PROC_CJ_2013_0367,PROC_CJ_2013_0344
PROC_CJ_2013_0380_P,PROC_CJ_2013_0379_P
PROC_CJ_2013_0381_P,PROC_CJ_2013_0379_P
PROC_CJ_2013_0407,PROC_CJ_2013_0362
PROC_CJ_2013_0408,PROC_CJ_2013_0400
PROC_CJ_2013_0418,PROC_CJ_2013_0022
PROC_CJ_2013_0432,PROC_CJ_2013_0401
PROC_CJ_2013_0457_P,PROC_CJ_2013_0455_P
PROC_CJ_2013_0460_P,PROC_CJ_2013_0455_P
PROC_CJ_2013_0465,PROC_CJ_2013_0464
PROC_CJ_2013_0476,PROC_CJ_2013_0475
PROC_CJ_2013_0484,PROC_CJ_2013_0482
PROC_CJ_2013_0485,PROC_CJ_2013_0482
PROC_CJ_2013_0487,PROC_CJ_2013_0482
PROC_CJ_2013_0504,PROC_CJ_2013_0503
PROC_CJ_2013_0514,PROC_CJ_2013_0473
PROC_CJ_2013_0545,PROC_CJ_2013_0544
PROC_CJ_2013_0578,PROC_CJ_2013_0226
PROC_CJ_2013_0582_P,PROC_CJ_2013_0581_P
PROC_CJ_2013_0588_P,PROC_CJ_2013_0587_P
PROC_CJ_2013_0679,PROC_CJ_2013_0317
PROC_CJ_2014_0002,PROC_CJ_2013_0627
PROC_CJ_2014_0014,PROC_CJ_2014_0010
PROC_CJ_2014_0017,PROC_CJ_2014_0010
PROC_CJ_2014_0026,PROC_CJ_2014_0025
PROC_CJ_2014_0034,PROC_CJ_2013_0659
PROC_CJ_2014_0109,PROC_CJ_2014_0108
PROC_CJ_2014_0133,PROC_CJ_2014_0132
PROC_CJ_2014_0134,PROC_CJ_2014_0132
PROC_CJ_2014_0135,PROC_CJ_2014_0132
PROC_CJ_2014_0136,PROC_CJ_2014_0132
PROC_CJ_2014_0181,PROC_CJ_2013_0358
PROC_CJ_2014_0192,PROC_CJ_2014_0191
PROC_CJ_2014_0193_P,PROC_CJ_2014_0186_P
PROC_CJ_2014_0197,PROC_CJ_2014_0072
PROC_CJ_2014_0211,PROC_CJ_2014_0210
PROC_CJ_2014_0212,PROC_CJ_2014_0210
PROC_CJ_2014_0213,PROC_CJ_2014_0210
PROC_CJ_2014_0214,PROC_CJ_2014_0210
PROC_CJ_2014_0228,PROC_CJ_2014_0226
PROC_CJ_2014_0261,PROC_CJ_2014_0260
PROC_CJ_2014_0273,PROC_CJ_2014_0271
PROC_CJ_2014_0284,PROC_CJ_2014_0283
PROC_CJ_2014_0289,PROC_CJ_2014_0250
PROC_CJ_2014_0295,PROC_CJ_2014_0191
PROC_CJ_2014_0341,PROC_CJ_2014_0340
PROC_CJ_2014_0353,PROC_CJ_2014_0352
PROC_CJ_2014_0385,PROC_CJ_2014_0381
PROC_CJ_2014_0385_REC,PROC_CJ_2014_0381_REC
PROC_CJ_2014_0389,PROC_CJ_2014_0191
PROC_CJ_2014_0391,PROC_CJ_2014_0191
PROC_CJ_2014_0392,PROC_CJ_2014_0191
PROC_CJ_2014_0393,PROC_CJ_2014_0191
PROC_CJ_2014_0444,PROC_CJ_2014_0443
PROC_CJ_2014_0488,PROC_CJ_2014_0439
PROC_CJ_2014_0513_P,PROC_CJ_2014_0512_P
PROC_CJ_2014_0533,PROC_CJ_2014_0532
PROC_CJ_2014_0569,PROC_CJ_2014_0568
PROC_CJ_2014_0570,PROC_CJ_2014_0586
PROC_CJ_2014_0587,PROC_CJ_2014_0585
PROC_CJ_2014_0588,PROC_CJ_2014_0585
PROC_CJ_2015_0009_P,PROC_CJ_2015_0008_P
PROC_CJ_2015_0010_P,PROC_CJ_2015_0008_P
PROC_CJ_2015_0021_P,PROC_CJ_2015_0020_P
PROC_CJ_2015_0054_P,PROC_CJ_2015_0053_P
PROC_CJ_2015_0055_P,PROC_CJ_2015_0053_P
PROC_CJ_2015_0056_P,PROC_CJ_2015_0053_P
PROC_CJ_2015_0067,PROC_CJ_2014_0458
PROC_CJ_2015_0087_P,PROC_CJ_2015_0086_P
PROC_CJ_2015_0106_P,PROC_CJ_2015_0105_P
PROC_CJ_2015_0107_P,PROC_CJ_2015_0105_P
PROC_CJ_2015_0108_P,PROC_CJ_2015_0105_P
PROC_CJ_2015_0109_P,PROC_CJ_2015_0105_P
PROC_CJ_2015_0116,PROC_CJ_2015_0014
PROC_CJ_2015_0146,PROC_CJ_2015_0145
PROC_CJ_2015_0165_P,PROC_CJ_2015_0164_P
PROC_CJ_2015_0197,PROC_CJ_2015_0184
PROC_CJ_2015_0253_P,PROC_CJ_2015_0247_P
PROC_CJ_2015_0254_P,PROC_CJ_2015_0248_P
PROC_CJ_2015_0259_P,PROC_CJ_2015_0247_P
PROC_CJ_2015_0260_P,PROC_CJ_2015_0248_P
PROC_CJ_2015_0265_P,PROC_CJ_2015_0264_P
PROC_CJ_2015_0307,PROC_CJ_2015_0154
PROC_CJ_2015_0308,PROC_CJ_2015_0154
PROC_CJ_2015_0334,PROC_CJ_2015_0333
PROC_CJ_2015_0350,PROC_CJ_2015_0217
PROC_CJ_2015_0370,PROC_CJ_2015_0369
PROC_CJ_2015_0371,PROC_CJ_2015_0369
PROC_CJ_2015_0372,PROC_CJ_2015_0369
PROC_CJ_2015_0377_P,PROC_CJ_2015_0376_P
PROC_CJ_2015_0388,PROC_CJ_2015_0387
PROC_CJ_2015_0402,PROC_CJ_2015_0401
PROC_CJ_2015_0403,PROC_CJ_2015_0401
PROC_CJ_2015_0405_P,PROC_CJ_2015_0361_P
PROC_CJ_2015_0409_P,PROC_CJ_2015_0408_P
PROC_CJ_2015_0498,PROC_CJ_2015_0497
PROC_CJ_2015_0505_P,PROC_CJ_2015_0490_P
PROC_CJ_2015_0509,PROC_CJ_2015_0508
PROC_CJ_2015_0512,PROC_CJ_2015_0511
PROC_CJ_2015_0530,PROC_CJ_2015_0313
PROC_CJ_2015_0538,PROC_CJ_2015_0532
PROC_CJ_2015_0594_P,PROC_CJ_2015_0593_P
PROC_CJ_2015_0597_P,PROC_CJ_2015_0596_P
PROC_CJ_2015_0622_P,PROC_CJ_2015_0588_P
PROC_CJ_2015_0630_P,PROC_CJ_2015_0629_P
PROC_CJ_2015_0647,PROC_CJ_2015_0643
PROC_CJ_2015_0659_PPU,PROC_CJ_2015_0404
PROC_CJ_2015_0666,PROC_CJ_2015_0435
PROC_CJ_2015_0674_P,PROC_CJ_2015_0673_P
PROC_CJ_2015_0675_P,PROC_CJ_2015_0673_P
PROC_CJ_2015_0676_P,PROC_CJ_2015_0673_P
PROC_CJ_2015_0681,PROC_CJ_2015_0680
PROC_CJ_2015_0693,PROC_CJ_2015_0692
PROC_CJ_2015_0698,PROC_CJ_2015_0203
PROC_CJ_2016_0011,PROC_CJ_2016_0010
PROC_CJ_2016_0012,PROC_CJ_2016_0010
PROC_CJ_2016_0022,PROC_CJ_2015_0556
PROC_CJ_2016_0025,PROC_CJ_2016_0024
PROC_CJ_2016_0031,PROC_CJ_2015_0360
PROC_CJ_2016_0067_P,PROC_CJ_2016_0066_P
PROC_CJ_2016_0068_P,PROC_CJ_2016_0066_P
PROC_CJ_2016_0069_P,PROC_CJ_2016_0066_P
PROC_CJ_2016_0079,PROC_CJ_2016_0078
PROC_CJ_2016_0086_P,PROC_CJ_2016_0085_P
PROC_CJ_2016_0109,PROC_CJ_2015_0688
PROC_CJ_2016_0113,PROC_CJ_2016_0052
PROC_CJ_2016_0117,PROC_CJ_2016_0116
PROC_CJ_2016_0118,PROC_CJ_2016_0115
PROC_CJ_2016_0119,PROC_CJ_2016_0115
PROC_CJ_2016_0120,PROC_CJ_2016_0091
PROC_CJ_2016_0169,PROC_CJ_2016_0168
PROC_CJ_2016_0188,PROC_CJ_2016_0124
PROC_CJ_2016_0197,PROC_CJ_2016_0196
PROC_CJ_2016_0213,PROC_CJ_2016_0124
PROC_CJ_2016_0216,PROC_CJ_2016_0215
PROC_CJ_2016_0220,PROC_CJ_2016_0215
PROC_CJ_2016_0221,PROC_CJ_2016_0215
PROC_CJ_2016_0235,PROC_CJ_2016_0234
PROC_CJ_2016_0237,PROC_CJ_2016_0236
PROC_CJ_2016_0260,PROC_CJ_2016_0259
PROC_CJ_2016_0299,PROC_CJ_2016_0115
PROC_CJ_2016_0366,PROC_CJ_2016_0331
PROC_CJ_2016_0375,PROC_CJ_2016_0374
PROC_CJ_2016_0399,PROC_CJ_2016_0398
PROC_CJ_2016_0413_P,PROC_CJ_2016_0412_P
PROC_CJ_2016_0424,PROC_CJ_2016_0316
PROC_CJ_2016_0428,PROC_CJ_2016_0427
PROC_CJ_2016_0435,PROC_CJ_2016_0397
PROC_CJ_2016_0445,PROC_CJ_2016_0444
PROC_CJ_2016_0447,PROC_CJ_2016_0274
PROC_CJ_2016_0448,PROC_CJ_2016_0274
PROC_CJ_2016_0455_P,PROC_CJ_2016_0454_P
PROC_CJ_2016_0456_P,PROC_CJ_2016_0454_P
PROC_CJ_2016_0458_P,PROC_CJ_2016_0454_P
PROC_CJ_2016_0459_P,PROC_CJ_2016_0457_P
PROC_CJ_2016_0460_P,PROC_CJ_2016_0457_P
PROC_CJ_2016_0461_P,PROC_CJ_2016_0457_P
PROC_CJ_2016_0536,PROC_CJ_2016_0523
PROC_CJ_2016_0539,PROC_CJ_2016_0538
PROC_CJ_2016_0570,PROC_CJ_2016_0569
PROC_CJ_2016_0584,PROC_CJ_2016_0583
PROC_CJ_2016_0597,PROC_CJ_2016_0596
PROC_CJ_2016_0607_P,PROC_CJ_2016_0602_P
PROC_CJ_2016_0608_P,PROC_CJ_2016_0602_P
PROC_CJ_2016_0609_P,PROC_CJ_2016_0602_P
PROC_CJ_2016_0613,PROC_CJ_2016_0504
PROC_CJ_2016_0617,PROC_CJ_2016_0616
PROC_CJ_2016_0623_P,PROC_CJ_2016_0622_P
PROC_CJ_2016_0624_P,PROC_CJ_2016_0622_P
PROC_CJ_2016_0656,PROC_CJ_2016_0655
PROC_CJ_2016_0657,PROC_CJ_2016_0654
PROC_CJ_2016_0658,PROC_CJ_2016_0654
PROC_CJ_2016_0659,PROC_CJ_2015_0626
PROC_CJ_2016_0661,PROC_CJ_2016_0660
PROC_CJ_2017_0048,PROC_CJ_2017_0047
PROC_CJ_2017_0055,PROC_CJ_2017_0054
PROC_CJ_2017_0062,PROC_CJ_2017_0061
PROC_CJ_2017_0072,PROC_CJ_2017_0061
PROC_CJ_2017_0077,PROC_CJ_2016_0391
PROC_CJ_2017_0078,PROC_CJ_2016_0391
PROC_CJ_2017_0085_P,PROC_CJ_2017_0084_P
PROC_CJ_2017_0092_P,PROC_CJ_2017_0091_P
PROC_CJ_2017_0094,PROC_CJ_2016_0096
PROC_CJ_2017_0095_P,PROC_CJ_2017_0084_P
PROC_CJ_2017_0134,PROC_CJ_2017_0133
PROC_CJ_2017_0143,PROC_CJ_2017_0142
PROC_CJ_2017_0146_P,PROC_CJ_2017_0138_P
PROC_CJ_2017_0178,PROC_CJ_2017_0177
PROC_CJ_2017_0179,PROC_CJ_2017_0070
PROC_CJ_2017_0184_P,PROC_CJ_2017_0183_P
PROC_CJ_2017_0197,PROC_CJ_2017_0195
PROC_CJ_2017_0198,PROC_CJ_2017_0195
PROC_CJ_2017_0199,PROC_CJ_2017_0195
PROC_CJ_2017_0200,PROC_CJ_2017_0195
PROC_CJ_2017_0201,PROC_CJ_2017_0195
PROC_CJ_2017_0202,PROC_CJ_2017_0195
PROC_CJ_2017_0203,PROC_CJ_2017_0195
PROC_CJ_2017_0209_P,PROC_CJ_2017_0208_P
PROC_CJ_2017_0210_P,PROC_CJ_2017_0208_P
PROC_CJ_2017_0222_P,PROC_CJ_2017_0174_P
PROC_CJ_2017_0226,PROC_CJ_2017_0195
PROC_CJ_2017_0228,PROC_CJ_2017_0195
PROC_CJ_2017_0254,PROC_CJ_2017_0195
PROC_CJ_2017_0263,PROC_CJ_2017_0262
PROC_CJ_2017_0267,PROC_CJ_2017_0266
PROC_CJ_2017_0273,PROC_CJ_2017_0262
PROC_CJ_2017_0274,PROC_CJ_2017_0195
PROC_CJ_2017_0275,PROC_CJ_2017_0195
PROC_CJ_2017_0278,PROC_CJ_2017_0195
PROC_CJ_2017_0279,PROC_CJ_2017_0195
PROC_CJ_2017_0280,PROC_CJ_2017_0195
PROC_CJ_2017_0281,PROC_CJ_2017_0195
PROC_CJ_2017_0282,PROC_CJ_2017_0195
PROC_CJ_2017_0283,PROC_CJ_2017_0195
PROC_CJ_2017_0284,PROC_CJ_2017_0195
PROC_CJ_2017_0285,PROC_CJ_2017_0195
PROC_CJ_2017_0286,PROC_CJ_2017_0195
PROC_CJ_2017_0290,PROC_CJ_2017_0195
PROC_CJ_2017_0291,PROC_CJ_2017_0195
PROC_CJ_2017_0292,PROC_CJ_2017_0195
PROC_CJ_2017_0294,PROC_CJ_2017_0293
PROC_CJ_2017_0318,PROC_CJ_2017_0297
PROC_CJ_2017_0319,PROC_CJ_2017_0297
PROC_CJ_2017_0351,PROC_CJ_2017_0350
PROC_CJ_2017_0398,PROC_CJ_2017_0397
PROC_CJ_2017_0407,PROC_CJ_2017_0406
PROC_CJ_2017_0408,PROC_CJ_2017_0406
PROC_CJ_2017_0417,PROC_CJ_2017_0406
PROC_CJ_2017_0438,PROC_CJ_2017_0297
PROC_CJ_2017_0460,PROC_CJ_2017_0459
PROC_CJ_2017_0474,PROC_CJ_2017_0412
PROC_CJ_2017_0479_P,PROC_CJ_2017_0447_P
PROC_CJ_2017_0488,PROC_CJ_2017_0487
PROC_CJ_2017_0489,PROC_CJ_2017_0487
PROC_CJ_2017_0522_P,PROC_CJ_2017_0519_P
PROC_CJ_2017_0523_P,PROC_CJ_2017_0519_P
PROC_CJ_2017_0524_P,PROC_CJ_2017_0519_P
PROC_CJ_2017_0525_P,PROC_CJ_2017_0519_P
PROC_CJ_2017_0541,PROC_CJ_2017_0540
PROC_CJ_2017_0546,PROC_CJ_2017_0473
PROC_CJ_2017_0561_P,PROC_CJ_2017_0515_P
PROC_CJ_2017_0583,PROC_CJ_2017_0582
PROC_CJ_2017_0610,PROC_CJ_2017_0609
PROC_CJ_2017_0613,PROC_CJ_2017_0612
PROC_CJ_2017_0665_P,PROC_CJ_2017_0663_P
PROC_CJ_2017_0669_P,PROC_CJ_2017_0663_P
PROC_CJ_2017_0718,PROC_CJ_2017_0715
PROC_CJ_2017_0719,PROC_CJ_2017_0715
PROC_CJ_2017_0725,PROC_CJ_2017_0708
PROC_CJ_2018_0005,PROC_CJ_2018_0004
PROC_CJ_2018_0030,PROC_CJ_2018_0029
PROC_CJ_2018_0037,PROC_CJ_2017_0370
PROC_CJ_2018_0044,PROC_CJ_2018_0029
PROC_CJ_2018_0081,PROC_CJ_2018_0080
PROC_CJ_2018_0082,PROC_CJ_2018_0080
PROC_CJ_2018_0083,PROC_CJ_2018_0080
PROC_CJ_2018_0096,PROC_CJ_2018_0095
PROC_CJ_2018_0106,PROC_CJ_2018_0105
PROC_CJ_2018_0107,PROC_CJ_2018_0105
PROC_CJ_2018_0108,PROC_CJ_2018_0105
PROC_CJ_2018_0109,PROC_CJ_2018_0105
PROC_CJ_2018_0110,PROC_CJ_2018_0105
PROC_CJ_2018_0111,PROC_CJ_2018_0105
PROC_CJ_2018_0112,PROC_CJ_2018_0105
PROC_CJ_2018_0113,PROC_CJ_2018_0105
PROC_CJ_2018_0120,PROC_CJ_2018_0119
PROC_CJ_2018_0121,PROC_CJ_2018_0119
PROC_CJ_2018_0126,PROC_CJ_2018_0013
PROC_CJ_2018_0140,PROC_CJ_2018_0064
PROC_CJ_2018_0146,PROC_CJ_2018_0064
PROC_CJ_2018_0148,PROC_CJ_2018_0064
PROC_CJ_2018_0153_P,PROC_CJ_2018_0152_P
PROC_CJ_2018_0156_P,PROC_CJ_2018_0155_P
PROC_CJ_2018_0157_P,PROC_CJ_2018_0155_P
PROC_CJ_2018_0158_P,PROC_CJ_2018_0155_P
PROC_CJ_2018_0182,PROC_CJ_2018_0059
PROC_CJ_2018_0200,PROC_CJ_2018_0199
PROC_CJ_2018_0238,PROC_CJ_2018_0202
PROC_CJ_2018_0238_REC,PROC_CJ_2018_0202
PROC_CJ_2018_0271_P,PROC_CJ_2018_0262_P
PROC_CJ_2018_0286,PROC_CJ_2018_0180
PROC_CJ_2018_0287,PROC_CJ_2018_0180
PROC_CJ_2018_0336,PROC_CJ_2018_0335
PROC_CJ_2018_0343,PROC_CJ_2018_0199
PROC_CJ_2018_0350,PROC_CJ_2018_0349
PROC_CJ_2018_0351,PROC_CJ_2018_0349
PROC_CJ_2018_0356,PROC_CJ_2018_0355
PROC_CJ_2018_0357,PROC_CJ_2018_0355
PROC_CJ_2018_0365,PROC_CJ_2018_0364
PROC_CJ_2018_0374,PROC_CJ_2018_0203
PROC_CJ_2018_0375_PPU,PROC_CJ_2018_0325_PPU
PROC_CJ_2018_0382,PROC_CJ_2018_0381
PROC_CJ_2018_0428,PROC_CJ_2018_0398
PROC_CJ_2018_0429,PROC_CJ_2018_0103
PROC_CJ_2018_0470,PROC_CJ_2018_0469
PROC_CJ_2018_0472,PROC_CJ_2018_0439
PROC_CJ_2018_0474_P,PROC_CJ_2018_0449_P
PROC_CJ_2018_0478,PROC_CJ_2018_0477
PROC_CJ_2018_0479,PROC_CJ_2018_0355
PROC_CJ_2018_0483,PROC_CJ_2018_0419
PROC_CJ_2018_0494,PROC_CJ_2018_0453
PROC_CJ_2018_0497,PROC_CJ_2018_0496
PROC_CJ_2018_0512,PROC_CJ_2018_0511
PROC_CJ_2018_0520,PROC_CJ_2018_0511
PROC_CJ_2018_0531_P,PROC_CJ_2018_0529_P
PROC_CJ_2018_0539_P,PROC_CJ_2018_0538_P
PROC_CJ_2018_0543_RX_II,PROC_CJ_2018_0542_RX_II
PROC_CJ_2018_0563,PROC_CJ_2018_0558
PROC_CJ_2018_0574,PROC_CJ_2018_0573
PROC_CJ_2018_0598_P,PROC_CJ_2018_0597_P
PROC_CJ_2018_0603_P,PROC_CJ_2018_0597_P
PROC_CJ_2018_0604_P,PROC_CJ_2018_0597_P
PROC_CJ_2018_0609_P,PROC_CJ_2018_0608_P
PROC_CJ_2018_0624,PROC_CJ_2018_0585
PROC_CJ_2018_0625,PROC_CJ_2018_0585
PROC_CJ_2018_0672,PROC_CJ_2018_0662
PROC_CJ_2018_0675,PROC_CJ_2018_0674
PROC_CJ_2018_0683,PROC_CJ_2018_0682
PROC_CJ_2018_0691,PROC_CJ_2018_0690
PROC_CJ_2018_0692,PROC_CJ_2018_0690
PROC_CJ_2018_0695,PROC_CJ_2018_0694
PROC_CJ_2018_0696,PROC_CJ_2018_0694
PROC_CJ_2018_0697,PROC_CJ_2018_0694
PROC_CJ_2018_0699,PROC_CJ_2018_0698
PROC_CJ_2018_0721,PROC_CJ_2018_0720
PROC_CJ_2018_0727,PROC_CJ_2018_0724
PROC_CJ_2018_0767_P,PROC_CJ_2018_0608_P
PROC_CJ_2018_0774,PROC_CJ_2018_0773
PROC_CJ_2018_0775,PROC_CJ_2018_0773
PROC_CJ_2018_0790,PROC_CJ_2018_0789
PROC_CJ_2018_0793_P,PROC_CJ_2018_0792_P
PROC_CJ_2018_0799,PROC_CJ_2018_0798
PROC_CJ_2019_0006_P,PROC_CJ_2018_0818_P
PROC_CJ_2019_0022,PROC_CJ_2019_0021
PROC_CJ_2019_0023,PROC_CJ_2019_0021
PROC_CJ_2019_0037,PROC_CJ_2018_0762
PROC_CJ_2019_0039,PROC_CJ_2018_0807
PROC_CJ_2019_0064_P,PROC_CJ_2019_0051_P
PROC_CJ_2019_0065_P,PROC_CJ_2019_0053_P
PROC_CJ_2019_0082_PPU,PROC_CJ_2018_0508
PROC_CJ_2019_0090,PROC_CJ_2019_0089
PROC_CJ_2019_0091,PROC_CJ_2019_0089
PROC_CJ_2019_0102,PROC_CJ_2019_0101
PROC_CJ_2019_0125_P,PROC_CJ_2019_0123_P
PROC_CJ_2019_0126_P,PROC_CJ_2019_0119_P
PROC_CJ_2019_0127,PROC_CJ_2019_0083
PROC_CJ_2019_0136,PROC_CJ_2019_0133
PROC_CJ_2019_0137,PROC_CJ_2019_0133
PROC_CJ_2019_0141,PROC_CJ_2019_0140
PROC_CJ_2019_0145_P,PROC_CJ_2019_0072_P
PROC_CJ_2019_0156,PROC_CJ_2019_0155
PROC_CJ_2019_0169,PROC_CJ_2019_0168
PROC_CJ_2019_0171_P,PROC_CJ_2019_0167_P
PROC_CJ_2019_0175_P,PROC_CJ_2019_0174_P
PROC_CJ_2019_0178_P,PROC_CJ_2019_0177_P
PROC_CJ_2019_0179_P,PROC_CJ_2019_0177_P
PROC_CJ_2019_0195,PROC_CJ_2019_0083
PROC_CJ_2019_0222,PROC_CJ_2019_0084
PROC_CJ_2019_0226,PROC_CJ_2019_0225
PROC_CJ_2019_0232,PROC_CJ_2019_0106
PROC_CJ_2019_0246,PROC_CJ_2019_0245
PROC_CJ_2019_0252,PROC_CJ_2019_0222
PROC_CJ_2019_0259,PROC_CJ_2019_0224
PROC_CJ_2019_0289,PROC_CJ_2019_0229
PROC_CJ_2019_0291,PROC_CJ_2019_0083
PROC_CJ_2019_0304,PROC_CJ_2019_0294
PROC_CJ_2019_0323,PROC_CJ_2019_0267
PROC_CJ_2019_0341,PROC_CJ_2018_0804
PROC_CJ_2019_0355,PROC_CJ_2019_0083
PROC_CJ_2019_0379,PROC_CJ_2019_0357
PROC_CJ_2019_0385,PROC_CJ_2019_0322
PROC_CJ_2019_0397,PROC_CJ_2019_0083
PROC_CJ_2019_0416,PROC_CJ_2019_0415
PROC_CJ_2019_0417,PROC_CJ_2019_0415
PROC_CJ_2019_0423,PROC_CJ_2019_0422
PROC_CJ_2019_0432_P,PROC_CJ_2019_0431_P
PROC_CJ_2019_0435,PROC_CJ_2019_0434
PROC_CJ_2019_0471,PROC_CJ_2019_0407
PROC_CJ_2019_0474,PROC_CJ_2019_0473
PROC_CJ_2019_0479,PROC_CJ_2019_0478
PROC_CJ_2019_0492,PROC_CJ_2019_0140
PROC_CJ_2019_0493,PROC_CJ_2019_0140
PROC_CJ_2019_0494,PROC_CJ_2019_0140
PROC_CJ_2019_0512,PROC_CJ_2019_0306
PROC_CJ_2019_0518_P,PROC_CJ_2019_0517_P
PROC_CJ_2019_0532,PROC_CJ_2019_0451
PROC_CJ_2019_0547,PROC_CJ_2019_0357
PROC_CJ_2019_0552_P,PROC_CJ_2019_0551_P
PROC_CJ_2019_0592,PROC_CJ_2019_0503
PROC_CJ_2019_0595,PROC_CJ_2019_0306
PROC_CJ_2019_0626_PPU,PROC_CJ_2019_0566_PPU
PROC_CJ_2019_0633,PROC_CJ_2019_0632
PROC_CJ_2019_0688_P,PROC_CJ_2019_0475_P
PROC_CJ_2019_0722,PROC_CJ_2019_0721
PROC_CJ_2019_0749,PROC_CJ_2019_0748
PROC_CJ_2019_0750,PROC_CJ_2019_0748
PROC_CJ_2019_0751,PROC_CJ_2019_0748
PROC_CJ_2019_0752,PROC_CJ_2019_0748
PROC_CJ_2019_0753,PROC_CJ_2019_0748
PROC_CJ_2019_0754,PROC_CJ_2019_0748
PROC_CJ_2019_0764,PROC_CJ_2019_0763
PROC_CJ_2019_0765,PROC_CJ_2019_0763
PROC_CJ_2019_0777,PROC_CJ_2019_0776
PROC_CJ_2019_0778,PROC_CJ_2019_0776
PROC_CJ_2019_0779,PROC_CJ_2019_0776
PROC_CJ_2019_0780,PROC_CJ_2019_0776
PROC_CJ_2019_0781,PROC_CJ_2019_0776
PROC_CJ_2019_0782,PROC_CJ_2019_0776
PROC_CJ_2019_0794,PROC_CJ_2019_0793
PROC_CJ_2019_0794_REC,PROC_CJ_2019_0793_REC
PROC_CJ_2019_0811,PROC_CJ_2019_0357
PROC_CJ_2019_0831,PROC_CJ_2019_0693
PROC_CJ_2019_0863,PROC_CJ_2019_0845
PROC_CJ_2019_0871,PROC_CJ_2019_0870
PROC_CJ_2019_0878,PROC_CJ_2019_0818
PROC_CJ_2019_0888_P,PROC_CJ_2019_0884_P
PROC_CJ_2019_0898_P,PROC_CJ_2019_0885_P
PROC_CJ_2019_0916,PROC_CJ_2019_0915
PROC_CJ_2019_0917,PROC_CJ_2019_0915
PROC_CJ_2019_0925_PPU,PROC_CJ_2019_0924_PPU
PROC_CJ_2019_0926,PROC_CJ_2019_0859
PROC_CJ_2019_0929,PROC_CJ_2019_0859
PROC_CJ_2020_0042,PROC_CJ_2020_0041
PROC_CJ_2020_0043,PROC_CJ_2020_0041
PROC_CJ_2020_0046,PROC_CJ_2020_0045
PROC_CJ_2020_0059,PROC_CJ_2020_0058
PROC_CJ_2020_0068,PROC_CJ_2020_0067
PROC_CJ_2020_0069,PROC_CJ_2020_0067
PROC_CJ_2020_0149,PROC_CJ_2020_0148
PROC_CJ_2020_0150,PROC_CJ_2020_0148
PROC_CJ_2020_0155,PROC_CJ_2020_0033
PROC_CJ_2020_0173,PROC_CJ_2020_0040
PROC_CJ_2020_0187,PROC_CJ_2020_0033
PROC_CJ_2020_0188,PROC_CJ_2020_0146
PROC_CJ_2020_0196,PROC_CJ_2020_0146
PROC_CJ_2020_0213,PROC_CJ_2020_0143
PROC_CJ_2020_0216,PROC_CJ_2020_0197
PROC_CJ_2020_0218,PROC_CJ_2020_0152
PROC_CJ_2020_0222,PROC_CJ_2020_0215
PROC_CJ_2020_0223,PROC_CJ_2020_0221
PROC_CJ_2020_0254,PROC_CJ_2020_0253
PROC_CJ_2020_0256,PROC_CJ_2020_0208
PROC_CJ_2020_0270,PROC_CJ_2020_0146
PROC_CJ_2020_0343_P,PROC_CJ_2020_0331_P
PROC_CJ_2020_0355,PROC_CJ_2020_0273
PROC_CJ_2020_0369,PROC_CJ_2020_0368
PROC_CJ_2020_0381,PROC_CJ_2020_0380
PROC_CJ_2020_0382,PROC_CJ_2020_0380
PROC_CJ_2020_0383,PROC_CJ_2020_0380
PROC_CJ_2020_0384,PROC_CJ_2020_0380
PROC_CJ_2020_0397,PROC_CJ_2020_0339
PROC_CJ_2020_0412_PPU,PROC_CJ_2020_0354_PPU
PROC_CJ_2020_0419,PROC_CJ_2020_0415
PROC_CJ_2020_0427,PROC_CJ_2020_0415
PROC_CJ_2020_0441_P,PROC_CJ_2020_0439_P
PROC_CJ_2020_0443,PROC_CJ_2020_0442
PROC_CJ_2020_0444,PROC_CJ_2020_0442
PROC_CJ_2020_0445,PROC_CJ_2020_0442
PROC_CJ_2020_0448,PROC_CJ_2020_0447
PROC_CJ_2020_0457_P,PROC_CJ_2020_0456_P
PROC_CJ_2020_0458_P,PROC_CJ_2020_0456_P
PROC_CJ_2020_0476,PROC_CJ_2020_0475
PROC_CJ_2020_0477,PROC_CJ_2020_0475
PROC_CJ_2020_0478,PROC_CJ_2020_0475
PROC_CJ_2020_0479,PROC_CJ_2020_0475
PROC_CJ_2020_0480,PROC_CJ_2020_0475
PROC_CJ_2020_0481,PROC_CJ_2020_0475
PROC_CJ_2020_0482,PROC_CJ_2020_0475
PROC_CJ_2020_0492,PROC_CJ_2020_0491
PROC_CJ_2020_0493,PROC_CJ_2020_0491
PROC_CJ_2020_0494,PROC_CJ_2020_0491
PROC_CJ_2020_0495,PROC_CJ_2020_0491
PROC_CJ_2020_0496,PROC_CJ_2020_0491
PROC_CJ_2020_0506,PROC_CJ_2020_0491
PROC_CJ_2020_0511,PROC_CJ_2020_0491
PROC_CJ_2020_0542,PROC_CJ_2020_0541
PROC_CJ_2020_0543,PROC_CJ_2020_0541
PROC_CJ_2020_0544,PROC_CJ_2020_0541
PROC_CJ_2020_0545,PROC_CJ_2020_0541
PROC_CJ_2020_0546,PROC_CJ_2020_0541
PROC_CJ_2020_0547,PROC_CJ_2020_0541
PROC_CJ_2020_0548,PROC_CJ_2020_0541
PROC_CJ_2020_0549,PROC_CJ_2020_0541
PROC_CJ_2020_0550,PROC_CJ_2020_0541
PROC_CJ_2020_0551,PROC_CJ_2020_0541
PROC_CJ_2020_0552,PROC_CJ_2020_0541
PROC_CJ_2020_0553,PROC_CJ_2020_0541
PROC_CJ_2020_0554,PROC_CJ_2020_0541
PROC_CJ_2020_0555,PROC_CJ_2020_0541
PROC_CJ_2020_0601,PROC_CJ_2020_0037
PROC_CJ_2020_0608,PROC_CJ_2019_0306
PROC_CJ_2020_0609,PROC_CJ_2019_0306
PROC_CJ_2020_0610,PROC_CJ_2019_0306
PROC_CJ_2020_0611,PROC_CJ_2019_0306
PROC_CJ_2020_0620_P,PROC_CJ_2020_0619_P
PROC_CJ_2020_0621_P,PROC_CJ_2020_0584_P
PROC_CJ_2020_0651,PROC_CJ_2021_0650
PROC_CJ_2020_0658_P,PROC_CJ_2020_0649_P
PROC_CJ_2020_0662_P,PROC_CJ_2020_0649_P
PROC_CJ_2020_0671,PROC_CJ_2020_0615
PROC_CJ_2020_0727,PROC_CJ_2020_0518
PROC_CJ_2021_0015,PROC_CJ_2021_0014
PROC_CJ_2021_0016_P,PROC_CJ_2021_0006_P
PROC_CJ_2021_0017,PROC_CJ_2020_0702
PROC_CJ_2021_0039_PPU,PROC_CJ_2020_0704
PROC_CJ_2021_0047,PROC_CJ_2021_0038
PROC_CJ_2021_0053,PROC_CJ_2021_0052
PROC_CJ_2021_0073_P,PROC_CJ_2021_0065_P
PROC_CJ_2021_0074_P,PROC_CJ_2021_0065_P
PROC_CJ_2021_0075_P,PROC_CJ_2021_0065_P
PROC_CJ_2021_0081,PROC_CJ_2021_0080
PROC_CJ_2021_0082,PROC_CJ_2021_0080
PROC_CJ_2021_0084,PROC_CJ_2021_0068
PROC_CJ_2021_0103,PROC_CJ_2021_0102
PROC_CJ_2021_0117_P,PROC_CJ_2021_0116_P
PROC_CJ_2021_0118_P,PROC_CJ_2021_0116_P
PROC_CJ_2021_0138_P,PROC_CJ_2021_0116_P
PROC_CJ_2021_0139_P,PROC_CJ_2021_0116_P
PROC_CJ_2021_0184,PROC_CJ_2021_0148
PROC_CJ_2021_0214,PROC_CJ_2021_0213
PROC_CJ_2021_0217,PROC_CJ_2021_0160
PROC_CJ_2021_0222,PROC_CJ_2021_0221
PROC_CJ_2021_0223_P,PROC_CJ_2021_0212_P
PROC_CJ_2021_0232,PROC_CJ_2021_0038
PROC_CJ_2021_0240,PROC_CJ_2021_0178
PROC_CJ_2021_0248,PROC_CJ_2021_0245
PROC_CJ_2021_0254,PROC_CJ_2021_0228
PROC_CJ_2021_0258,PROC_CJ_2021_0257
PROC_CJ_2021_0269,PROC_CJ_2021_0181
PROC_CJ_2021_0275,PROC_CJ_2021_0274
PROC_CJ_2021_0297,PROC_CJ_2021_0228
PROC_CJ_2021_0314_P,PROC_CJ_2021_0313_P
PROC_CJ_2021_0315,PROC_CJ_2021_0228
PROC_CJ_2021_0318,PROC_CJ_2021_0164
PROC_CJ_2021_0324,PROC_CJ_2021_0323
PROC_CJ_2021_0325,PROC_CJ_2021_0323
PROC_CJ_2021_0328,PROC_CJ_2021_0228
PROC_CJ_2021_0357_P,PROC_CJ_2021_0341_P
PROC_CJ_2021_0364,PROC_CJ_2021_0363
PROC_CJ_2021_0384,PROC_CJ_2021_0383
PROC_CJ_2021_0429_PPU,PROC_CJ_2021_0428_PPU
PROC_CJ_2021_0434,PROC_CJ_2021_0433
PROC_CJ_2021_0439_P,PROC_CJ_2021_0438_P
PROC_CJ_2021_0440_P,PROC_CJ_2021_0438_P
PROC_CJ_2021_0454_P,PROC_CJ_2021_0451_P
PROC_CJ_2021_0496,PROC_CJ_2021_0495
PROC_CJ_2021_0509_P,PROC_CJ_2021_0508_P
PROC_CJ_2021_0515,PROC_CJ_2021_0514
PROC_CJ_2021_0525,PROC_CJ_2021_0524
PROC_CJ_2021_0530,PROC_CJ_2021_0529
PROC_CJ_2021_0531,PROC_CJ_2021_0529
PROC_CJ_2021_0532,PROC_CJ_2021_0529
PROC_CJ_2021_0533,PROC_CJ_2021_0529
PROC_CJ_2021_0534,PROC_CJ_2021_0529
PROC_CJ_2021_0535,PROC_CJ_2021_0529
PROC_CJ_2021_0536,PROC_CJ_2021_0529
PROC_CJ_2021_0563_PPU,PROC_CJ_2021_0562_PPU
PROC_CJ_2021_0584,PROC_CJ_2021_0583
PROC_CJ_2021_0585,PROC_CJ_2021_0583
PROC_CJ_2021_0586,PROC_CJ_2021_0583
PROC_CJ_2021_0622,PROC_CJ_2021_0554
PROC_CJ_2021_0648,PROC_CJ_2021_0647
PROC_CJ_2021_0661,PROC_CJ_2021_0410
PROC_CJ_2021_0698_P,PROC_CJ_2021_0693_P
PROC_CJ_2021_0712,PROC_CJ_2021_0711
PROC_CJ_2021_0716_P,PROC_CJ_2021_0715_P
PROC_CJ_2021_0727,PROC_CJ_2021_0554
PROC_CJ_2021_0732,PROC_CJ_2021_0529
PROC_CJ_2021_0733,PROC_CJ_2021_0529
PROC_CJ_2021_0734,PROC_CJ_2021_0529
PROC_CJ_2021_0735,PROC_CJ_2021_0529
PROC_CJ_2021_0736,PROC_CJ_2021_0529
PROC_CJ_2021_0737,PROC_CJ_2021_0529
PROC_CJ_2021_0738,PROC_CJ_2021_0529
PROC_CJ_2021_0739_P,PROC_CJ_2021_0701_P
PROC_CJ_2021_0748_P,PROC_CJ_2021_0747_P
PROC_CJ_2021_0754,PROC_CJ_2021_0753
PROC_CJ_2021_0791_P,PROC_CJ_2021_0790_P
PROC_CJ_2021_0793_P,PROC_CJ_2021_0792_P
PROC_CJ_2021_0796_P,PROC_CJ_2021_0795_P
PROC_CJ_2021_0798_P,PROC_CJ_2021_0778_P
PROC_CJ_2021_0799_P,PROC_CJ_2021_0779_P
PROC_CJ_2021_0800_P,PROC_CJ_2021_0794_P
PROC_CJ_2021_0811,PROC_CJ_2021_0810
PROC_CJ_2021_0812,PROC_CJ_2021_0810
PROC_CJ_2021_0813,PROC_CJ_2021_0810
PROC_CJ_2021_0826,PROC_CJ_2021_0775
PROC_CJ_2022_0018,PROC_CJ_2022_0017
PROC_CJ_2022_0044_P,PROC_CJ_2022_0029_P
PROC_CJ_2022_0064,PROC_CJ_2022_0026
PROC_CJ_2022_0077_P,PROC_CJ_2022_0073_P
PROC_CJ_2022_0110,PROC_CJ_2022_0059
PROC_CJ_2022_0129,PROC_CJ_2021_0829
PROC_CJ_2022_0149,PROC_CJ_2022_0119
PROC_CJ_2022_0157,PROC_CJ_2022_0156
PROC_CJ_2022_0158,PROC_CJ_2022_0156
PROC_CJ_2022_0159,PROC_CJ_2022_0059
PROC_CJ_2022_0161_P,PROC_CJ_2022_0160_P
PROC_CJ_2022_0185,PROC_CJ_2022_0184
PROC_CJ_2022_0189,PROC_CJ_2022_0182
PROC_CJ_2022_0199,PROC_CJ_2022_0198
PROC_CJ_2022_0223,PROC_CJ_2022_0112
PROC_CJ_2022_0267,PROC_CJ_2022_0207
PROC_CJ_2022_0272,PROC_CJ_2022_0271
PROC_CJ_2022_0273,PROC_CJ_2022_0271
PROC_CJ_2022_0274,PROC_CJ_2022_0271
PROC_CJ_2022_0275,PROC_CJ_2022_0271
PROC_CJ_2022_0290,PROC_CJ_2022_0207
PROC_CJ_2022_0310,PROC_CJ_2022_0309
PROC_CJ_2022_0332,PROC_CJ_2022_0331
PROC_CJ_2022_0346,PROC_CJ_2022_0345
PROC_CJ_2022_0347,PROC_CJ_2022_0345
PROC_CJ_2022_0408,PROC_CJ_2022_0407
PROC_CJ_2022_0428,PROC_CJ_2022_0395
PROC_CJ_2022_0443,PROC_CJ_2022_0441
PROC_CJ_2022_0468,PROC_CJ_2022_0430
PROC_CJ_2022_0499,PROC_CJ_2022_0498
PROC_CJ_2022_0500,PROC_CJ_2022_0498
PROC_CJ_2022_0502,PROC_CJ_2022_0501
PROC_CJ_2022_0503,PROC_CJ_2022_0501
PROC_CJ_2022_0504,PROC_CJ_2022_0501
PROC_CJ_2022_0513_P,PROC_CJ_2022_0512_P
PROC_CJ_2022_0528,PROC_CJ_2022_0420
PROC_CJ_2022_0556_P,PROC_CJ_2022_0555_P
PROC_CJ_2022_0564_P,PROC_CJ_2022_0555_P
PROC_CJ_2022_0568_P,PROC_CJ_2022_0567_P
PROC_CJ_2022_0569_P,PROC_CJ_2022_0567_P
PROC_CJ_2022_0570_P,PROC_CJ_2022_0567_P
PROC_CJ_2022_0609,PROC_CJ_2022_0608
PROC_CJ_2022_0625_P,PROC_CJ_2022_0611_P
PROC_CJ_2022_0640,PROC_CJ_2022_0639
PROC_CJ_2022_0641,PROC_CJ_2022_0639
PROC_CJ_2022_0642,PROC_CJ_2022_0639
PROC_CJ_2022_0643,PROC_CJ_2022_0639
PROC_CJ_2022_0644,PROC_CJ_2022_0639
PROC_CJ_2022_0666,PROC_CJ_2022_0664
PROC_CJ_2022_0667,PROC_CJ_2022_0662
PROC_CJ_2022_0685,PROC_CJ_2022_0684
PROC_CJ_2022_0686,PROC_CJ_2022_0684
PROC_CJ_2022_0692,PROC_CJ_2022_0691
PROC_CJ_2022_0729,PROC_CJ_2022_0728
PROC_CJ_2022_0730,PROC_CJ_2022_0728
PROC_CJ_2022_0759,PROC_CJ_2022_0758
PROC_CJ_2022_0772,PROC_CJ_2022_0765
PROC_CJ_2022_0779,PROC_CJ_2022_0775
PROC_CJ_2022_0789_P,PROC_CJ_2022_0777_P
PROC_CJ_2022_0794,PROC_CJ_2022_0775
PROC_CJ_2023_0030_P,PROC_CJ_2023_0029_P
PROC_CJ_2023_0045,PROC_CJ_2022_0771
PROC_CJ_2023_0049,PROC_CJ_2022_0767
PROC_CJ_2023_0082_P,PROC_CJ_2023_0071_P
PROC_CJ_2023_0115,PROC_CJ_2023_0114
PROC_CJ_2023_0132,PROC_CJ_2023_0114
PROC_CJ_2023_0160,PROC_CJ_2023_0114
PROC_CJ_2023_0161,PROC_CJ_2022_0767
PROC_CJ_2023_0202,PROC_CJ_2023_0123
PROC_CJ_2023_0226,PROC_CJ_2023_0189
PROC_CJ_2023_0235,PROC_CJ_2023_0189
PROC_CJ_2023_0245_P,PROC_CJ_2023_0244_P
PROC_CJ_2023_0246_P,PROC_CJ_2023_0244_P
PROC_CJ_2023_0272_P,PROC_CJ_2023_0269_P
PROC_CJ_2023_0285,PROC_CJ_2023_0255
PROC_CJ_2023_0290,PROC_CJ_2023_0256
PROC_CJ_2023_0305,PROC_CJ_2023_0289
PROC_CJ_2023_0308,PROC_CJ_2023_0251
PROC_CJ_2023_0316,PROC_CJ_2023_0313
PROC_CJ_2023_0332,PROC_CJ_2023_0313
PROC_CJ_2023_0372,PROC_CJ_2022_0717
PROC_CJ_2023_0374,PROC_CJ_2023_0146
PROC_CJ_2023_0378,PROC_CJ_2023_0189
PROC_CJ_2023_0404,PROC_CJ_2023_0403
PROC_CJ_2023_0437,PROC_CJ_2023_0396
PROC_CJ_2023_0450,PROC_CJ_2023_0449
PROC_CJ_2023_0455,PROC_CJ_2023_0422
PROC_CJ_2023_0459,PROC_CJ_2023_0422
PROC_CJ_2023_0465_P,PROC_CJ_2023_0464_P
PROC_CJ_2023_0467_P,PROC_CJ_2023_0464_P
PROC_CJ_2023_0468_P,PROC_CJ_2023_0464_P
PROC_CJ_2023_0470_P,PROC_CJ_2023_0464_P
PROC_CJ_2023_0477,PROC_CJ_2023_0471
PROC_CJ_2023_0486,PROC_CJ_2023_0422
PROC_CJ_2023_0493,PROC_CJ_2023_0422
PROC_CJ_2023_0539_P,PROC_CJ_2023_0534_P
PROC_CJ_2023_0556,PROC_CJ_2023_0555
PROC_CJ_2023_0567,PROC_CJ_2023_0129
PROC_CJ_2023_0568_P,PROC_CJ_2023_0554_P
PROC_CJ_2023_0626,PROC_CJ_2023_0623
PROC_CJ_2023_0637,PROC_CJ_2023_0636
PROC_CJ_2023_0661,PROC_CJ_2023_0646
PROC_CJ_2023_0705,PROC_CJ_2023_0650
PROC_CJ_2023_0719,PROC_CJ_2023_0718
PROC_CJ_2023_0720,PROC_CJ_2023_0718
PROC_CJ_2023_0721,PROC_CJ_2023_0718
PROC_CJ_2023_0747,PROC_CJ_2023_0746
PROC_CJ_2023_0765,PROC_CJ_2023_0764
PROC_CJ_2023_0766,PROC_CJ_2023_0764
PROC_CJ_2023_0777_P,PROC_CJ_2023_0776_P
PROC_CJ_2023_0778_P,PROC_CJ_2023_0776_P
PROC_CJ_2023_0779_P,PROC_CJ_2023_0776_P
PROC_CJ_2023_0780_P,PROC_CJ_2023_0776_P
PROC_CJ_2023_0805_P,PROC_CJ_2023_0804_P
PROC_CJ_2024_0025,PROC_CJ_2024_0024
PROC_CJ_2024_0026,PROC_CJ_2024_0024
PROC_CJ_2024_0027,PROC_CJ_2024_0024
PROC_CJ_2024_0029,PROC_CJ_2024_0028
PROC_CJ_2024_0030,PROC_CJ_2024_0028
PROC_CJ_2024_0031,PROC_CJ_2024_0028
PROC_CJ_2024_0051,PROC_CJ_2024_0050
PROC_CJ_2024_0052,PROC_CJ_2024_0050
PROC_CJ_2024_0053,PROC_CJ_2024_0050
PROC_CJ_2024_0054,PROC_CJ_2024_0050
PROC_CJ_2024_0055,PROC_CJ_2024_0050
PROC_CJ_2024_0060,PROC_CJ_2023_0718
PROC_CJ_2024_0073,PROC_CJ_2024_0072
PROC_CJ_2024_0093,PROC_CJ_2024_0092
PROC_CJ_2024_0094,PROC_CJ_2024_0092
PROC_CJ_2024_0103,PROC_CJ_2024_0096
PROC_CJ_2024_0105,PROC_CJ_2024_0104
PROC_CJ_2024_0112,PROC_CJ_2024_0096
PROC_CJ_2024_0157,PROC_CJ_2024_0156
PROC_CJ_2024_0183,PROC_CJ_2024_0156
PROC_CJ_2024_0189,PROC_CJ_2024_0185
PROC_CJ_2024_0226,PROC_CJ_2024_0212
PROC_CJ_2024_0227,PROC_CJ_2024_0212
PROC_CJ_2024_0231,PROC_CJ_2024_0006
PROC_CJ_2024_0290,PROC_CJ_2024_0244
PROC_CJ_2024_0389,PROC_CJ_2024_0388
PROC_CJ_2024_0393,PROC_CJ_2024_0364
PROC_CJ_2024_0417,PROC_CJ_2024_0416
PROC_CJ_2024_0425,PROC_CJ_2024_0424
PROC_CJ_2024_0442,PROC_CJ_2024_0340
PROC_CJ_2024_0449,PROC_CJ_2024_0448
PROC_CJ_2024_0476,PROC_CJ_2024_0428
PROC_CJ_2024_0605,PROC_CJ_2024_0586
PROC_CJ_2024_0624,PROC_CJ_2024_0609
PROC_CJ_2024_0688,PROC_CJ_2024_0687
PROC_CJ_2024_0759,PROC_CJ_2024_0758
PROC_CJ_2024_0833,PROC_CJ_2024_0832
PROC_CJ_2024_0834,PROC_CJ_2024_0832
PROC_CJ_2025_0053,PROC_CJ_2025_0052
PROC_CJ_2025_0072,PROC_CJ_2025_0071
PROC_CJ_2025_0073,PROC_CJ_2025_0071
PROC_CJ_2025_0074,PROC_CJ_2025_0071
PROC_CJ_2025_0075,PROC_CJ_2025_0071
PROC_CJ_2025_0076,PROC_CJ_2025_0071
PROC_CJ_2025_0077,PROC_CJ_2025_0071
PROC_CJ_2025_0078,PROC_CJ_2025_0071
PROC_CJ_2025_0079,PROC_CJ_2025_0071
PROC_CJ_2025_0081,PROC_CJ_2025_0080
PROC_CJ_2025_0082,PROC_CJ_2025_0080
PROC_CJ_2025_0083,PROC_CJ_2025_0080
PROC_CJ_2025_0084,PROC_CJ_2025_0080
PROC_CJ_2025_0085,PROC_CJ_2025_0080
PROC_CJ_2025_0086,PROC_CJ_2025_0080
PROC_CJ_2025_0087,PROC_CJ_2025_0080
PROC_CJ_2025_0089,PROC_CJ_2025_0088
PROC_CJ_2025_0090,PROC_CJ_2025_0088
PROC_CJ_2025_0091,PROC_CJ_2025_0088
PROC_CJ_2025_0092,PROC_CJ_2025_0088
PROC_CJ_2025_0093,PROC_CJ_2025_0088
PROC_CJ_2025_0094,PROC_CJ_2025_0088
PROC_CJ_2025_0095,PROC_CJ_2025_0088
PROC_CJ_2025_0096,PROC_CJ_2025_0088
PROC_CJ_2025_0097,PROC_CJ_2025_0088
PROC_CJ_2025_0098,PROC_CJ_2025_0088
PROC_CJ_2025_0099,PROC_CJ_2025_0088
PROC_CJ_2025_0100,PROC_CJ_2025_0088
PROC_CJ_2025_0101,PROC_CJ_2025_0088
PROC_CJ_2025_0102,PROC_CJ_2025_0088
PROC_CJ_2025_0103,PROC_CJ_2025_0088
PROC_CJ_2025_0104,PROC_CJ_2025_0088
PROC_CJ_2025_0105,PROC_CJ_2025_0088
PROC_CJ_2025_0106,PROC_CJ_2025_0088
PROC_CJ_2025_0107,PROC_CJ_2025_0088
PROC_CJ_2025_0108,PROC_CJ_2025_0088
PROC_CJ_2025_0109,PROC_CJ_2025_0088
PROC_CJ_2025_0110,PROC_CJ_2025_0088
PROC_CJ_2025_0111,PROC_CJ_2025_0088
PROC_CJ_2025_0112,PROC_CJ_2025_0088
PROC_CJ_2025_0113,PROC_CJ_2025_0088
PROC_CJ_2025_0126,PROC_CJ_2025_0125
PROC_CJ_2025_0127,PROC_CJ_2025_0125
PROC_CJ_2025_0128,PROC_CJ_2025_0125
PROC_CJ_2025_0129,PROC_CJ_2025_0125
PROC_CJ_2025_0130,PROC_CJ_2025_0125
PROC_CJ_2025_0211_P,PROC_CJ_2025_0206_P
PROC_CJ_2025_0253,PROC_CJ_2025_0201
PROC_CJ_2025_0288,PROC_CJ_2025_0287
PROC_CJ_2025_0289,PROC_CJ_2025_0287
PROC_GC_1989_0002,PROC_GC_1989_0001
PROC_GC_1989_0003,PROC_GC_1989_0001
PROC_GC_1989_0004,PROC_GC_1989_0001
PROC_GC_1989_0006,PROC_GC_1989_0001
PROC_GC_1989_0007,PROC_GC_1989_0001
PROC_GC_1989_0008,PROC_GC_1989_0001
PROC_GC_1989_0009,PROC_GC_1989_0001
PROC_GC_1989_0010,PROC_GC_1989_0001
PROC_GC_1989_0011,PROC_GC_1989_0001
PROC_GC_1989_0012,PROC_GC_1989_0001
PROC_GC_1989_0013,PROC_GC_1989_0001
PROC_GC_1989_0014,PROC_GC_1989_0001
PROC_GC_1989_0015,PROC_GC_1989_0001
PROC_GC_1989_0021,PROC_GC_1989_0017
PROC_GC_1989_0024,PROC_GC_1989_0018
PROC_GC_1989_0025,PROC_GC_1989_0017
PROC_GC_1989_0039,PROC_GC_1989_0032
PROC_GC_1989_0067,PROC_GC_1989_0034
PROC_GC_1989_0074,PROC_GC_1989_0033
PROC_GC_1989_0074_DEP,PROC_GC_1989_0033_DEP
PROC_GC_1989_0077,PROC_GC_1989_0068
PROC_GC_1989_0078,PROC_GC_1989_0068
PROC_GC_1989_0081,PROC_GC_1989_0080
PROC_GC_1989_0082,PROC_GC_1989_0047
PROC_GC_1989_0083,PROC_GC_1989_0080
PROC_GC_1989_0084,PROC_GC_1989_0079
PROC_GC_1989_0085,PROC_GC_1989_0079
PROC_GC_1989_0086,PROC_GC_1989_0079
PROC_GC_1989_0087,PROC_GC_1989_0080
PROC_GC_1989_0088,PROC_GC_1989_0080
PROC_GC_1989_0089,PROC_GC_1989_0079
PROC_GC_1989_0090,PROC_GC_1989_0080
PROC_GC_1989_0091,PROC_GC_1989_0079
PROC_GC_1989_0092,PROC_GC_1989_0079
PROC_GC_1989_0093,PROC_GC_1989_0080
PROC_GC_1989_0094,PROC_GC_1989_0079
PROC_GC_1989_0095,PROC_GC_1989_0080
PROC_GC_1989_0096,PROC_GC_1989_0079
PROC_GC_1989_0097,PROC_GC_1989_0080
PROC_GC_1989_0098,PROC_GC_1989_0079
PROC_GC_1989_0099,PROC_GC_1989_0080
PROC_GC_1989_0100,PROC_GC_1989_0080
PROC_GC_1989_0101,PROC_GC_1989_0080
PROC_GC_1989_0102,PROC_GC_1989_0079
PROC_GC_1989_0103,PROC_GC_1989_0080
PROC_GC_1989_0104,PROC_GC_1989_0079
PROC_GC_1989_0105,PROC_GC_1989_0080
PROC_GC_1989_0107,PROC_GC_1989_0080
PROC_GC_1989_0112,PROC_GC_1989_0080
PROC_GC_1989_0126,PROC_GC_1989_0060
PROC_GC_1989_0161,PROC_GC_1989_0160
PROC_GC_1989_0164,PROC_GC_1989_0053
PROC_GC_1989_0168,PROC_GC_1989_0157
PROC_GC_1990_0013,PROC_GC_1989_0121
PROC_GC_1990_0031,PROC_GC_1990_0010
PROC_GC_1990_0036,PROC_GC_1990_0029
PROC_GC_1991_0028,PROC_GC_1990_0017
PROC_GC_1991_0037_DEP,PROC_GC_1991_0036_DEP
PROC_GC_1991_0044_DEP,PROC_GC_1991_0043_DEP
PROC_GC_1991_0051_DEP,PROC_GC_1991_0043_DEP
PROC_GC_1991_0052_DEP,PROC_GC_1991_0043_DEP
PROC_GC_1991_0079,PROC_GC_1991_0059
PROC_GC_1992_0011,PROC_GC_1992_0010
PROC_GC_1992_0011_R,PROC_GC_1992_0010_R
PROC_GC_1992_0012,PROC_GC_1992_0010
PROC_GC_1992_0012_R,PROC_GC_1992_0010_R
PROC_GC_1992_0014_R,PROC_GC_1992_0010_R
PROC_GC_1992_0015,PROC_GC_1992_0010
PROC_GC_1992_0015_R,PROC_GC_1992_0010_R
PROC_GC_1992_0017,PROC_GC_1990_0017
PROC_GC_1992_0021,PROC_GC_1991_0089
PROC_GC_1992_0028_R,PROC_GC_1992_0024_R
PROC_GC_1992_0040,PROC_GC_1992_0039
PROC_GC_1992_0052,PROC_GC_1992_0006
PROC_GC_1992_0062,PROC_GC_1991_0090
PROC_GC_1992_0068,PROC_GC_1992_0018
PROC_GC_1992_0071,PROC_GC_1992_0070
PROC_GC_1992_0075,PROC_GC_1992_0057
PROC_GC_1992_0089,PROC_GC_1991_0089
PROC_GC_1992_0099,PROC_GC_1992_0098
PROC_GC_1992_0104,PROC_GC_1992_0103
PROC_GC_1992_0105,PROC_GC_1992_0103
PROC_GC_1992_0111,PROC_GC_1992_0097
PROC_GC_1993_0009_R,PROC_GC_1993_0007_R
PROC_GC_1993_0025,PROC_GC_1993_0024
PROC_GC_1993_0026,PROC_GC_1994_0023
PROC_GC_1993_0028,PROC_GC_1993_0024
PROC_GC_1993_0087,PROC_GC_1993_0085
PROC_GC_1993_0091,PROC_GC_1993_0082
PROC_GC_1993_0109,PROC_GC_1993_0107
PROC_GC_1993_0126,PROC_GC_1993_0085
PROC_GC_1993_0130,PROC_GC_1993_0085
PROC_GC_1993_0130_R,PROC_GC_1993_0087_R
PROC_GC_1993_0132,PROC_GC_1993_0082
PROC_GC_1993_0136,PROC_GC_1993_0107
PROC_GC_1993_0145,PROC_GC_1993_0144
PROC_GC_1993_0153,PROC_GC_1993_0107
PROC_GC_1993_0156,PROC_GC_1993_0082
PROC_GC_1993_0157,PROC_GC_1993_0082
PROC_GC_1993_0160,PROC_GC_1993_0159
PROC_GC_1993_0161,PROC_GC_1993_0158
PROC_GC_1993_0162,PROC_GC_1993_0159
PROC_GC_1993_0163,PROC_GC_1993_0158
PROC_GC_1993_0169,PROC_GC_1993_0082
PROC_GC_1993_0171,PROC_GC_1993_0159
PROC_GC_1993_0175,PROC_GC_1993_0158
PROC_GC_1993_0176,PROC_GC_1993_0158
PROC_GC_1993_0177,PROC_GC_1993_0158
PROC_GC_1993_0178,PROC_GC_1993_0107
PROC_GC_1993_0179,PROC_GC_1993_0159
PROC_GC_1993_0180,PROC_GC_1993_0107
PROC_GC_1993_0182,PROC_GC_1993_0107
PROC_GC_1993_0186,PROC_GC_1993_0158
PROC_GC_1993_0192,PROC_GC_1993_0107
PROC_GC_1993_0193,PROC_GC_1993_0107
PROC_GC_1993_0194,PROC_GC_1993_0107
PROC_GC_1993_0199,PROC_GC_1993_0198
PROC_GC_1993_0200,PROC_GC_1993_0198
PROC_GC_1993_0201,PROC_GC_1993_0159
PROC_GC_1993_0202,PROC_GC_1993_0159
PROC_GC_1993_0203,PROC_GC_1993_0158
PROC_GC_1993_0204,PROC_GC_1993_0198
PROC_GC_1993_0206,PROC_GC_1993_0158
PROC_GC_1993_0208,PROC_GC_1993_0158
PROC_GC_1993_0209,PROC_GC_1993_0158
PROC_GC_1993_0212,PROC_GC_1993_0107
PROC_GC_1993_0216,PROC_GC_1993_0158
PROC_GC_1993_0217,PROC_GC_1993_0159
PROC_GC_1993_0219,PROC_GC_1993_0107
PROC_GC_1993_0224,PROC_GC_1993_0207
PROC_GC_1993_0225,PROC_GC_1993_0159
PROC_GC_1993_0226,PROC_GC_1993_0107
PROC_GC_1993_0227,PROC_GC_1993_0107
PROC_GC_1993_0228,PROC_GC_1993_0107
PROC_GC_1993_0229,PROC_GC_1993_0107
PROC_GC_1993_0230,PROC_GC_1993_0107
PROC_GC_1993_0232,PROC_GC_1993_0107
PROC_GC_1993_0236,PROC_GC_1993_0107
PROC_GC_1993_0239,PROC_GC_1993_0107
PROC_GC_1993_0240,PROC_GC_1993_0107
PROC_GC_1993_0280_R,PROC_GC_1993_0278_R
PROC_GC_1993_0282,PROC_GC_1993_0281
PROC_GC_1993_0283,PROC_GC_1993_0281
PROC_GC_1993_0284,PROC_GC_1993_0281
PROC_GC_1993_0286,PROC_GC_1993_0281
PROC_GC_1993_0287,PROC_GC_1993_0281
PROC_GC_1993_0288,PROC_GC_1993_0281
PROC_GC_1993_0289,PROC_GC_1993_0281
PROC_GC_1993_0290,PROC_GC_1993_0281
PROC_GC_1993_0291,PROC_GC_1993_0281
PROC_GC_1993_0292,PROC_GC_1993_0281
PROC_GC_1993_0293,PROC_GC_1993_0281
PROC_GC_1993_0295,PROC_GC_1993_0281
PROC_GC_1993_0296,PROC_GC_1993_0281
PROC_GC_1993_0297,PROC_GC_1993_0281
PROC_GC_1993_0298,PROC_GC_1993_0281
PROC_GC_1993_0299,PROC_GC_1993_0281
PROC_GC_1993_0300,PROC_GC_1993_0281
PROC_GC_1993_0301,PROC_GC_1993_0281
PROC_GC_1993_0302,PROC_GC_1993_0281
PROC_GC_1993_0303,PROC_GC_1993_0281
PROC_GC_1993_0304,PROC_GC_1993_0281
PROC_GC_1993_0305,PROC_GC_1993_0281
PROC_GC_1993_0306,PROC_GC_1993_0281
PROC_GC_1993_0307,PROC_GC_1993_0281
PROC_GC_1993_0308,PROC_GC_1993_0281
PROC_GC_1993_0309,PROC_GC_1993_0281
PROC_GC_1993_0310,PROC_GC_1993_0281
PROC_GC_1993_0311,PROC_GC_1993_0281
PROC_GC_1993_0312,PROC_GC_1993_0281
PROC_GC_1993_0313,PROC_GC_1993_0281
PROC_GC_1993_0314,PROC_GC_1993_0281
PROC_GC_1993_0315,PROC_GC_1993_0281
PROC_GC_1993_0317,PROC_GC_1993_0281
PROC_GC_1993_0318,PROC_GC_1993_0281
PROC_GC_1993_0319,PROC_GC_1993_0281
PROC_GC_1993_0320,PROC_GC_1993_0281
PROC_GC_1993_0321,PROC_GC_1993_0281
PROC_GC_1993_0322,PROC_GC_1993_0281
PROC_GC_1993_0323,PROC_GC_1993_0281
PROC_GC_1993_0324,PROC_GC_1993_0281
PROC_GC_1993_0325,PROC_GC_1993_0281
PROC_GC_1993_0326,PROC_GC_1993_0281
PROC_GC_1993_0327,PROC_GC_1993_0281
PROC_GC_1993_0330,PROC_GC_1993_0281
PROC_GC_1993_0331,PROC_GC_1993_0281
PROC_GC_1993_0332,PROC_GC_1993_0281
PROC_GC_1993_0333,PROC_GC_1993_0281
PROC_GC_1993_0334,PROC_GC_1993_0281
PROC_GC_1993_0335,PROC_GC_1993_0281
PROC_GC_1993_0336,PROC_GC_1993_0281
PROC_GC_1993_0337,PROC_GC_1993_0281
PROC_GC_1993_0338,PROC_GC_1993_0281
PROC_GC_1993_0339,PROC_GC_1993_0281
PROC_GC_1993_0340,PROC_GC_1993_0281
PROC_GC_1993_0341,PROC_GC_1993_0281
PROC_GC_1993_0342,PROC_GC_1993_0281
PROC_GC_1993_0344,PROC_GC_1993_0343
PROC_GC_1993_0345,PROC_GC_1993_0281
PROC_GC_1993_0346,PROC_GC_1993_0281
PROC_GC_1993_0347,PROC_GC_1993_0343
PROC_GC_1993_0348,PROC_GC_1993_0281
PROC_GC_1993_0349,PROC_GC_1993_0281
PROC_GC_1993_0350,PROC_GC_1993_0281
PROC_GC_1993_0351,PROC_GC_1993_0343
PROC_GC_1993_0352,PROC_GC_1993_0281
PROC_GC_1993_0353,PROC_GC_1993_0281
PROC_GC_1993_0354,PROC_GC_1993_0281
PROC_GC_1993_0356,PROC_GC_1993_0343
PROC_GC_1993_0358,PROC_GC_1993_0281
PROC_GC_1993_0359,PROC_GC_1993_0281
PROC_GC_1993_0360,PROC_GC_1993_0281
PROC_GC_1993_0361,PROC_GC_1993_0343
PROC_GC_1993_0362,PROC_GC_1993_0281
PROC_GC_1993_0363,PROC_GC_1993_0343
PROC_GC_1993_0364,PROC_GC_1993_0281
PROC_GC_1993_0365,PROC_GC_1993_0343
PROC_GC_1993_0366,PROC_GC_1993_0343
PROC_GC_1993_0367,PROC_GC_1993_0343
PROC_GC_1993_0368,PROC_GC_1993_0343
PROC_GC_1993_0369,PROC_GC_1993_0281
PROC_GC_1993_0370,PROC_GC_1993_0281
PROC_GC_1993_0371,PROC_GC_1993_0281
PROC_GC_1993_0372,PROC_GC_1993_0281
PROC_GC_1993_0373,PROC_GC_1993_0281
PROC_GC_1993_0374,PROC_GC_1993_0281
PROC_GC_1993_0375,PROC_GC_1993_0343
PROC_GC_1993_0376,PROC_GC_1993_0343
PROC_GC_1993_0377,PROC_GC_1993_0281
PROC_GC_1993_0378,PROC_GC_1993_0281
PROC_GC_1993_0379,PROC_GC_1993_0343
PROC_GC_1993_0380,PROC_GC_1993_0281
PROC_GC_1993_0381,PROC_GC_1993_0281
PROC_GC_1993_0382,PROC_GC_1993_0281
PROC_GC_1993_0383,PROC_GC_1993_0281
PROC_GC_1993_0385,PROC_GC_1993_0281
PROC_GC_1993_0386,PROC_GC_1993_0281
PROC_GC_1993_0387,PROC_GC_1993_0343
PROC_GC_1993_0388,PROC_GC_1993_0343
PROC_GC_1993_0389,PROC_GC_1993_0343
PROC_GC_1993_0391,PROC_GC_1993_0343
PROC_GC_1993_0393,PROC_GC_1993_0343
PROC_GC_1993_0394,PROC_GC_1993_0343
PROC_GC_1993_0395,PROC_GC_1993_0343
PROC_GC_1993_0396,PROC_GC_1993_0281
PROC_GC_1993_0397,PROC_GC_1993_0281
PROC_GC_1993_0398,PROC_GC_1993_0281
PROC_GC_1993_0399,PROC_GC_1993_0281
PROC_GC_1993_0400,PROC_GC_1993_0281
PROC_GC_1993_0401,PROC_GC_1993_0343
PROC_GC_1993_0402,PROC_GC_1993_0281
PROC_GC_1993_0403,PROC_GC_1993_0281
PROC_GC_1993_0404,PROC_GC_1993_0281
PROC_GC_1993_0405,PROC_GC_1993_0343
PROC_GC_1993_0406,PROC_GC_1993_0343
PROC_GC_1993_0407,PROC_GC_1993_0281
PROC_GC_1993_0408,PROC_GC_1993_0281
PROC_GC_1993_0409,PROC_GC_1993_0281
PROC_GC_1993_0410,PROC_GC_1993_0343
PROC_GC_1993_0411,PROC_GC_1993_0343
PROC_GC_1993_0412,PROC_GC_1993_0343
PROC_GC_1993_0413,PROC_GC_1993_0294
PROC_GC_1993_0414,PROC_GC_1993_0281
PROC_GC_1993_0415,PROC_GC_1993_0343
PROC_GC_1993_0417,PROC_GC_1993_0281
PROC_GC_1993_0418,PROC_GC_1993_0343
PROC_GC_1993_0419,PROC_GC_1993_0281
PROC_GC_1993_0420,PROC_GC_1993_0281
PROC_GC_1993_0421,PROC_GC_1993_0343
PROC_GC_1993_0422,PROC_GC_1993_0281
PROC_GC_1993_0423,PROC_GC_1993_0281
PROC_GC_1993_0424,PROC_GC_1993_0281
PROC_GC_1993_0433,PROC_GC_1993_0432
PROC_GC_1993_0434,PROC_GC_1993_0432
PROC_GC_1993_0437,PROC_GC_1993_0436
PROC_GC_1993_0438,PROC_GC_1993_0436
PROC_GC_1993_0439,PROC_GC_1993_0436
PROC_GC_1993_0440,PROC_GC_1993_0436
PROC_GC_1993_0441,PROC_GC_1993_0436
PROC_GC_1993_0448,PROC_GC_1993_0447
PROC_GC_1993_0449,PROC_GC_1993_0447
PROC_GC_1993_0453,PROC_GC_1993_0452
PROC_GC_1993_0456,PROC_GC_1993_0454
PROC_GC_1993_0457,PROC_GC_1993_0454
PROC_GC_1993_0464,PROC_GC_1993_0462
PROC_GC_1993_0469,PROC_GC_1993_0466
PROC_GC_1993_0470,PROC_GC_1993_0462
PROC_GC_1993_0473,PROC_GC_1993_0466
PROC_GC_1993_0474,PROC_GC_1993_0466
PROC_GC_1993_0477,PROC_GC_1993_0466
PROC_GC_1993_0483,PROC_GC_1993_0480
PROC_GC_1993_0484,PROC_GC_1993_0481
PROC_GC_1993_0486,PROC_GC_1993_0244
PROC_GC_1993_0491,PROC_GC_1993_0485
PROC_GC_1993_0494,PROC_GC_1993_0485
PROC_GC_1993_0523,PROC_GC_1993_0458
PROC_GC_1993_0531,PROC_GC_1993_0530
PROC_GC_1993_0541_R,PROC_GC_1993_0278_R
PROC_GC_1993_0542,PROC_GC_1993_0528
PROC_GC_1993_0543,PROC_GC_1993_0528
PROC_GC_1993_0546,PROC_GC_1993_0528
PROC_GC_1993_0553,PROC_GC_1993_0039
PROC_GC_1993_0555_R,PROC_GC_1993_0278_R
PROC_GC_1993_0559,PROC_GC_1993_0479
PROC_GC_1993_0566,PROC_GC_1993_0544
PROC_GC_1993_0577,PROC_GC_1993_0576
PROC_GC_1993_0578,PROC_GC_1993_0576
PROC_GC_1993_0579,PROC_GC_1993_0576
PROC_GC_1993_0580,PROC_GC_1993_0576
PROC_GC_1993_0581,PROC_GC_1993_0576
PROC_GC_1993_0582,PROC_GC_1993_0576
PROC_GC_1994_0001,PROC_GC_1993_0530
PROC_GC_1994_0003,PROC_GC_1993_0530
PROC_GC_1994_0011,PROC_GC_1993_0530
PROC_GC_1994_0022,PROC_GC_1994_0021
PROC_GC_1994_0022_R,PROC_GC_1994_0021_R
PROC_GC_1994_0023,PROC_GC_1994_0021
PROC_GC_1994_0023_R,PROC_GC_1994_0021_R
PROC_GC_1994_0024,PROC_GC_1994_0021
PROC_GC_1994_0024_R,PROC_GC_1994_0021_R
PROC_GC_1994_0025_R,PROC_GC_1994_0021_R
PROC_GC_1994_0026,PROC_GC_1994_0021
PROC_GC_1994_0026_R,PROC_GC_1994_0021_R
PROC_GC_1994_0027,PROC_GC_1994_0021
PROC_GC_1994_0027_R,PROC_GC_1994_0021_R
PROC_GC_1994_0028,PROC_GC_1994_0021
PROC_GC_1994_0028_R,PROC_GC_1994_0021_R
PROC_GC_1994_0029,PROC_GC_1994_0021
PROC_GC_1994_0029_R,PROC_GC_1994_0021_R
PROC_GC_1994_0030,PROC_GC_1994_0021
PROC_GC_1994_0030_R,PROC_GC_1994_0021_R
PROC_GC_1994_0031,PROC_GC_1994_0021
PROC_GC_1994_0031_R,PROC_GC_1994_0021_R
PROC_GC_1994_0032,PROC_GC_1994_0021
PROC_GC_1994_0032_R,PROC_GC_1994_0021_R
PROC_GC_1994_0033,PROC_GC_1994_0021
PROC_GC_1994_0034,PROC_GC_1993_0085
PROC_GC_1994_0034_R,PROC_GC_1994_0033_R
PROC_GC_1994_0035,PROC_GC_1993_0085
PROC_GC_1994_0035_R,PROC_GC_1994_0033_R
PROC_GC_1994_0038_R,PROC_GC_1994_0033_R
PROC_GC_1994_0039,PROC_GC_1994_0021
PROC_GC_1994_0039_R,PROC_GC_1994_0033_R
PROC_GC_1994_0040,PROC_GC_1993_0085
PROC_GC_1994_0040_R,PROC_GC_1994_0033_R
PROC_GC_1994_0041,PROC_GC_1994_0021
PROC_GC_1994_0041_R,PROC_GC_1994_0033_R
PROC_GC_1994_0042_R,PROC_GC_1994_0033_R
PROC_GC_1994_0043,PROC_GC_1994_0021
PROC_GC_1994_0043_R,PROC_GC_1994_0033_R
PROC_GC_1994_0044,PROC_GC_1994_0021
PROC_GC_1994_0044_R,PROC_GC_1994_0033_R
PROC_GC_1994_0045,PROC_GC_1994_0021
PROC_GC_1994_0045_R,PROC_GC_1994_0033_R
PROC_GC_1994_0046,PROC_GC_1994_0021
PROC_GC_1994_0046_R,PROC_GC_1994_0033_R
PROC_GC_1994_0047,PROC_GC_1994_0021
PROC_GC_1994_0047_R,PROC_GC_1994_0033_R
PROC_GC_1994_0048,PROC_GC_1994_0021
PROC_GC_1994_0048_R,PROC_GC_1994_0033_R
PROC_GC_1994_0049,PROC_GC_1994_0021
PROC_GC_1994_0049_R,PROC_GC_1994_0033_R
PROC_GC_1994_0050,PROC_GC_1994_0021
PROC_GC_1994_0050_R,PROC_GC_1994_0033_R
PROC_GC_1994_0051,PROC_GC_1994_0021
PROC_GC_1994_0051_R,PROC_GC_1994_0033_R
PROC_GC_1994_0052,PROC_GC_1994_0021
PROC_GC_1994_0052_R,PROC_GC_1994_0033_R
PROC_GC_1994_0053,PROC_GC_1993_0530
PROC_GC_1994_0054,PROC_GC_1994_0021
PROC_GC_1994_0057,PROC_GC_1994_0021
PROC_GC_1994_0058,PROC_GC_1994_0021
PROC_GC_1994_0059,PROC_GC_1994_0021
PROC_GC_1994_0061,PROC_GC_1994_0021
PROC_GC_1994_0062,PROC_GC_1994_0021
PROC_GC_1994_0063,PROC_GC_1994_0021
PROC_GC_1994_0071,PROC_GC_1993_0530
PROC_GC_1994_0073,PROC_GC_1994_0004
PROC_GC_1994_0080,PROC_GC_1994_0021
PROC_GC_1994_0087,PROC_GC_1993_0530
PROC_GC_1994_0091,PROC_GC_1993_0530
PROC_GC_1994_0102,PROC_GC_1993_0530
PROC_GC_1994_0103,PROC_GC_1993_0530
PROC_GC_1994_0106,PROC_GC_1993_0530
PROC_GC_1994_0120,PROC_GC_1993_0530
PROC_GC_1994_0121,PROC_GC_1993_0530
PROC_GC_1994_0123,PROC_GC_1993_0530
PROC_GC_1994_0124,PROC_GC_1993_0530
PROC_GC_1994_0126,PROC_GC_1994_0125
PROC_GC_1994_0127,PROC_GC_1994_0125
PROC_GC_1994_0128,PROC_GC_1994_0125
PROC_GC_1994_0129,PROC_GC_1994_0125
PROC_GC_1994_0131,PROC_GC_1994_0125
PROC_GC_1994_0136,PROC_GC_1994_0134
PROC_GC_1994_0137,PROC_GC_1994_0134
PROC_GC_1994_0138,PROC_GC_1994_0134
PROC_GC_1994_0143,PROC_GC_1994_0142
PROC_GC_1994_0145,PROC_GC_1994_0134
PROC_GC_1994_0147,PROC_GC_1994_0134
PROC_GC_1994_0148,PROC_GC_1994_0134
PROC_GC_1994_0151,PROC_GC_1994_0134
PROC_GC_1994_0152,PROC_GC_1994_0021
PROC_GC_1994_0156,PROC_GC_1994_0134
PROC_GC_1994_0157,PROC_GC_1994_0134
PROC_GC_1994_0160,PROC_GC_1994_0159
PROC_GC_1994_0165,PROC_GC_1994_0163
PROC_GC_1994_0165_DEP,PROC_GC_1994_0163_DEP
PROC_GC_1994_0181,PROC_GC_1994_0149
PROC_GC_1994_0190,PROC_GC_1994_0189
PROC_GC_1994_0191,PROC_GC_1994_0189
PROC_GC_1994_0196,PROC_GC_1994_0125
PROC_GC_1994_0198,PROC_GC_1993_0085
PROC_GC_1994_0202,PROC_GC_1994_0195
PROC_GC_1994_0212,PROC_GC_1993_0085
PROC_GC_1994_0227,PROC_GC_1993_0085
PROC_GC_1994_0231,PROC_GC_1993_0551
PROC_GC_1994_0232,PROC_GC_1993_0551
PROC_GC_1994_0232_R,PROC_GC_1994_0231_R
PROC_GC_1994_0233,PROC_GC_1993_0551
PROC_GC_1994_0234,PROC_GC_1993_0551
PROC_GC_1994_0234_R,PROC_GC_1994_0231_R
PROC_GC_1994_0236,PROC_GC_1993_0085
PROC_GC_1994_0237,PROC_GC_1993_0085
PROC_GC_1994_0238,PROC_GC_1993_0085
PROC_GC_1994_0253,PROC_GC_1993_0530
PROC_GC_1994_0278,PROC_GC_1993_0085
PROC_GC_1994_0279,PROC_GC_1993_0085
PROC_GC_1994_0281,PROC_GC_1993_0085
PROC_GC_1994_0283,PROC_GC_1993_0085
PROC_GC_1994_0284,PROC_GC_1993_0085
PROC_GC_1994_0306,PROC_GC_1994_0305
PROC_GC_1994_0307,PROC_GC_1994_0305
PROC_GC_1994_0313,PROC_GC_1994_0305
PROC_GC_1994_0314,PROC_GC_1994_0305
PROC_GC_1994_0315,PROC_GC_1994_0305
PROC_GC_1994_0316,PROC_GC_1994_0305
PROC_GC_1994_0318,PROC_GC_1994_0305
PROC_GC_1994_0325,PROC_GC_1994_0305
PROC_GC_1994_0328,PROC_GC_1994_0305
PROC_GC_1994_0329,PROC_GC_1994_0305
PROC_GC_1994_0335,PROC_GC_1994_0305
PROC_GC_1994_0340,PROC_GC_1994_0339
PROC_GC_1994_0341,PROC_GC_1994_0339
PROC_GC_1994_0342,PROC_GC_1994_0339
PROC_GC_1994_0343,PROC_GC_1994_0321
PROC_GC_1994_0349,PROC_GC_1993_0085
PROC_GC_1994_0350,PROC_GC_1993_0085
PROC_GC_1994_0357,PROC_GC_1993_0085
PROC_GC_1994_0360,PROC_GC_1993_0085
PROC_GC_1994_0364,PROC_GC_1994_0363
PROC_GC_1994_0365,PROC_GC_1994_0363
PROC_GC_1994_0372,PROC_GC_1994_0004
PROC_GC_1994_0375,PROC_GC_1994_0374
PROC_GC_1994_0377,PROC_GC_1994_0177
PROC_GC_1994_0377_DEP,PROC_GC_1994_0177_DEP
PROC_GC_1994_0383,PROC_GC_1994_0363
PROC_GC_1994_0384,PROC_GC_1994_0374
PROC_GC_1994_0388,PROC_GC_1994_0374
PROC_GC_1994_0394,PROC_GC_1994_0371
PROC_GC_1995_0001,PROC_GC_1994_0363
PROC_GC_1995_0009,PROC_GC_1995_0008
PROC_GC_1995_0022,PROC_GC_1995_0007
PROC_GC_1995_0024,PROC_GC_1994_0363
PROC_GC_1995_0026,PROC_GC_1995_0025
PROC_GC_1995_0029,PROC_GC_1995_0027
PROC_GC_1995_0030,PROC_GC_1995_0025
PROC_GC_1995_0031,PROC_GC_1995_0025
PROC_GC_1995_0032,PROC_GC_1995_0025
PROC_GC_1995_0034,PROC_GC_1995_0025
PROC_GC_1995_0035,PROC_GC_1995_0025
PROC_GC_1995_0036,PROC_GC_1995_0025
PROC_GC_1995_0037,PROC_GC_1995_0025
PROC_GC_1995_0038,PROC_GC_1995_0025
PROC_GC_1995_0039,PROC_GC_1995_0025
PROC_GC_1995_0042,PROC_GC_1995_0025
PROC_GC_1995_0043,PROC_GC_1995_0025
PROC_GC_1995_0044,PROC_GC_1995_0025
PROC_GC_1995_0045,PROC_GC_1995_0025
PROC_GC_1995_0046,PROC_GC_1995_0025
PROC_GC_1995_0048,PROC_GC_1995_0025
PROC_GC_1995_0050,PROC_GC_1995_0025
PROC_GC_1995_0051,PROC_GC_1995_0025
PROC_GC_1995_0052,PROC_GC_1995_0025
PROC_GC_1995_0053,PROC_GC_1995_0025
PROC_GC_1995_0054,PROC_GC_1995_0025
PROC_GC_1995_0055,PROC_GC_1995_0025
PROC_GC_1995_0056,PROC_GC_1995_0025
PROC_GC_1995_0057,PROC_GC_1995_0025
PROC_GC_1995_0058,PROC_GC_1995_0025
PROC_GC_1995_0059,PROC_GC_1995_0025
PROC_GC_1995_0060,PROC_GC_1995_0025
PROC_GC_1995_0061,PROC_GC_1995_0025
PROC_GC_1995_0062,PROC_GC_1995_0025
PROC_GC_1995_0063,PROC_GC_1995_0025
PROC_GC_1995_0064,PROC_GC_1995_0025
PROC_GC_1995_0065,PROC_GC_1995_0025
PROC_GC_1995_0067,PROC_GC_1994_0363
PROC_GC_1995_0068,PROC_GC_1995_0025
PROC_GC_1995_0069,PROC_GC_1995_0025
PROC_GC_1995_0070,PROC_GC_1995_0025
PROC_GC_1995_0071,PROC_GC_1995_0025
PROC_GC_1995_0076,PROC_GC_1994_0363
PROC_GC_1995_0080_R,PROC_GC_1995_0079_R
PROC_GC_1995_0080,PROC_GC_1995_0079
PROC_GC_1995_0085,PROC_GC_1994_0369
PROC_GC_1995_0087,PROC_GC_1995_0025
PROC_GC_1995_0088,PROC_GC_1995_0025
PROC_GC_1995_0099_DEP,PROC_GC_1994_0177_DEP
PROC_GC_1995_0100,PROC_GC_1995_0016
PROC_GC_1995_0103,PROC_GC_1995_0025
PROC_GC_1995_0104,PROC_GC_1995_0025
PROC_GC_1995_0179,PROC_GC_1995_0178
PROC_GC_1995_0186,PROC_GC_1995_0021
PROC_GC_1995_0191,PROC_GC_1995_0171
PROC_GC_1995_0204,PROC_GC_1995_0133
PROC_GC_1995_0239,PROC_GC_1995_0238
PROC_GC_1995_0240,PROC_GC_1995_0238
PROC_GC_1995_0241,PROC_GC_1995_0238
PROC_GC_1995_0242,PROC_GC_1995_0238
PROC_GC_1996_0002,PROC_GC_1995_0129
PROC_GC_1996_0018,PROC_GC_1995_0213
PROC_GC_1996_0039,PROC_GC_1995_0189
PROC_GC_1996_0045,PROC_GC_1995_0190
PROC_GC_1996_0055,PROC_GC_1996_0040
PROC_GC_1996_0097,PROC_GC_1995_0129
PROC_GC_1996_0115,PROC_GC_1996_0112
PROC_GC_1996_0123,PROC_GC_1995_0189
PROC_GC_1996_0127,PROC_GC_1996_0126
PROC_GC_1996_0143,PROC_GC_1996_0132
PROC_GC_1996_0151,PROC_GC_1996_0121
PROC_GC_1996_0152,PROC_GC_1996_0125
PROC_GC_1996_0163,PROC_GC_1996_0034
PROC_GC_1996_0165,PROC_GC_1996_0164
PROC_GC_1996_0166,PROC_GC_1996_0164
PROC_GC_1996_0167,PROC_GC_1996_0164
PROC_GC_1996_0170,PROC_GC_1996_0078
PROC_GC_1996_0171,PROC_GC_1995_0198
PROC_GC_1996_0174,PROC_GC_1996_0148
PROC_GC_1996_0181,PROC_GC_1996_0180
PROC_GC_1996_0189,PROC_GC_1996_0185
PROC_GC_1996_0190,PROC_GC_1996_0185
PROC_GC_1996_0204,PROC_GC_1996_0202
PROC_GC_1996_0211,PROC_GC_1996_0009
PROC_GC_1996_0212,PROC_GC_1996_0116
PROC_GC_1996_0215,PROC_GC_1996_0116
PROC_GC_1997_0011,PROC_GC_1997_0010
PROC_GC_1997_0015,PROC_GC_1997_0014
PROC_GC_1997_0032,PROC_GC_1997_0031
PROC_GC_1997_0033,PROC_GC_1997_0031
PROC_GC_1997_0034,PROC_GC_1997_0031
PROC_GC_1997_0035,PROC_GC_1997_0031
PROC_GC_1997_0036,PROC_GC_1997_0031
PROC_GC_1997_0045,PROC_GC_1997_0031
PROC_GC_1997_0052,PROC_GC_1994_0004
PROC_GC_1997_0060,PROC_GC_1994_0004
PROC_GC_1997_0061,PROC_GC_1997_0020
PROC_GC_1997_0064,PROC_GC_1994_0004
PROC_GC_1997_0075,PROC_GC_1997_0074
PROC_GC_1997_0076,PROC_GC_1997_0020
PROC_GC_1997_0078,PROC_GC_1997_0031
PROC_GC_1997_0079,PROC_GC_1997_0031
PROC_GC_1997_0082,PROC_GC_1997_0031
PROC_GC_1997_0088,PROC_GC_1997_0031
PROC_GC_1997_0089,PROC_GC_1997_0031
PROC_GC_1997_0090,PROC_GC_1997_0031
PROC_GC_1997_0091,PROC_GC_1997_0031
PROC_GC_1997_0092,PROC_GC_1997_0031
PROC_GC_1997_0093,PROC_GC_1997_0031
PROC_GC_1997_0094,PROC_GC_1997_0031
PROC_GC_1997_0095,PROC_GC_1997_0031
PROC_GC_1997_0096,PROC_GC_1997_0031
PROC_GC_1997_0097,PROC_GC_1997_0031
PROC_GC_1997_0098,PROC_GC_1997_0031
PROC_GC_1997_0100,PROC_GC_1997_0031
PROC_GC_1997_0101,PROC_GC_1997_0031
PROC_GC_1997_0102,PROC_GC_1997_0031
PROC_GC_1997_0103,PROC_GC_1997_0031
PROC_GC_1997_0104,PROC_GC_1997_0031
PROC_GC_1997_0105,PROC_GC_1997_0031
PROC_GC_1997_0106,PROC_GC_1996_0191
PROC_GC_1997_0114,PROC_GC_1997_0031
PROC_GC_1997_0115,PROC_GC_1997_0031
PROC_GC_1997_0116,PROC_GC_1997_0031
PROC_GC_1997_0117,PROC_GC_1997_0031
PROC_GC_1997_0118,PROC_GC_1997_0031
PROC_GC_1997_0119,PROC_GC_1997_0031
PROC_GC_1997_0120,PROC_GC_1997_0031
PROC_GC_1997_0122,PROC_GC_1996_0164
PROC_GC_1997_0127,PROC_GC_1997_0125
PROC_GC_1997_0129,PROC_GC_1997_0031
PROC_GC_1997_0130,PROC_GC_1996_0164
PROC_GC_1997_0133,PROC_GC_1997_0031
PROC_GC_1997_0135,PROC_GC_1997_0031
PROC_GC_1997_0136,PROC_GC_1997_0031
PROC_GC_1997_0137,PROC_GC_1997_0031
PROC_GC_1997_0138,PROC_GC_1997_0031
PROC_GC_1997_0144,PROC_GC_1994_0004
PROC_GC_1997_0150,PROC_GC_1997_0031
PROC_GC_1997_0151,PROC_GC_1997_0031
PROC_GC_1997_0152,PROC_GC_1997_0031
PROC_GC_1997_0153,PROC_GC_1997_0031
PROC_GC_1997_0157,PROC_GC_1997_0031
PROC_GC_1997_0158,PROC_GC_1997_0031
PROC_GC_1997_0174,PROC_GC_1997_0031
PROC_GC_1997_0179,PROC_GC_1997_0163
PROC_GC_1997_0180,PROC_GC_1997_0031
PROC_GC_1997_0187,PROC_GC_1997_0186
PROC_GC_1997_0190,PROC_GC_1997_0186
PROC_GC_1997_0191,PROC_GC_1997_0186
PROC_GC_1997_0192,PROC_GC_1997_0186
PROC_GC_1997_0198,PROC_GC_1997_0197
PROC_GC_1997_0208,PROC_GC_1997_0031
PROC_GC_1997_0209,PROC_GC_1997_0031
PROC_GC_1997_0210,PROC_GC_1997_0186
PROC_GC_1997_0211,PROC_GC_1997_0186
PROC_GC_1997_0216,PROC_GC_1997_0186
PROC_GC_1997_0217,PROC_GC_1997_0186
PROC_GC_1997_0218,PROC_GC_1997_0186
PROC_GC_1997_0221,PROC_GC_1996_0066
PROC_GC_1997_0230,PROC_GC_1995_0198
PROC_GC_1997_0260,PROC_GC_1996_0079
PROC_GC_1997_0260_DEP,PROC_GC_1996_0079_DEP
PROC_GC_1997_0270,PROC_GC_1997_0204
PROC_GC_1997_0279,PROC_GC_1997_0186
PROC_GC_1997_0280,PROC_GC_1997_0186
PROC_GC_1997_0293,PROC_GC_1997_0186
PROC_GC_1997_0297,PROC_GC_1997_0159
PROC_GC_1997_0303,PROC_GC_1997_0302
PROC_GC_1997_0312,PROC_GC_1997_0298
PROC_GC_1997_0313,PROC_GC_1997_0298
PROC_GC_1997_0315,PROC_GC_1997_0298
PROC_GC_1997_0318,PROC_GC_1997_0317
PROC_GC_1997_0319,PROC_GC_1997_0317
PROC_GC_1997_0320,PROC_GC_1997_0317
PROC_GC_1997_0321,PROC_GC_1997_0317
PROC_GC_1997_0322,PROC_GC_1997_0317
PROC_GC_1997_0323,PROC_GC_1997_0317
PROC_GC_1997_0324,PROC_GC_1997_0317
PROC_GC_1997_0325,PROC_GC_1997_0317
PROC_GC_1997_0326,PROC_GC_1997_0317
PROC_GC_1997_0327,PROC_GC_1997_0317
PROC_GC_1997_0328,PROC_GC_1997_0317
PROC_GC_1997_0329,PROC_GC_1997_0317
PROC_GC_1997_0330,PROC_GC_1997_0317
PROC_GC_1997_0331,PROC_GC_1997_0317
PROC_GC_1997_0332,PROC_GC_1997_0317
PROC_GC_1997_0333,PROC_GC_1997_0317
PROC_GC_1997_0334,PROC_GC_1997_0317
PROC_GC_1997_0335,PROC_GC_1997_0317
PROC_GC_1997_0336,PROC_GC_1997_0317
PROC_GC_1997_0337,PROC_GC_1997_0317
PROC_GC_1997_0338,PROC_GC_1997_0317
PROC_GC_1997_0339,PROC_GC_1997_0317
PROC_GC_1997_0340,PROC_GC_1997_0317
PROC_GC_1997_0341,PROC_GC_1997_0317
PROC_GC_1997_0342,PROC_GC_1997_0317
PROC_GC_1997_0343,PROC_GC_1997_0317
PROC_GC_1997_0344,PROC_GC_1997_0317
PROC_GC_1997_0345,PROC_GC_1997_0317
PROC_GC_1997_0346,PROC_GC_1997_0317
PROC_GC_1997_0347,PROC_GC_1997_0317
PROC_GC_1997_0348,PROC_GC_1997_0317
PROC_GC_1997_0349,PROC_GC_1997_0317
PROC_GC_1997_0350,PROC_GC_1997_0317
PROC_GC_1997_0351,PROC_GC_1997_0317
PROC_GC_1997_0352,PROC_GC_1997_0317
PROC_GC_1997_0353,PROC_GC_1997_0317
PROC_GC_1997_0354,PROC_GC_1997_0317
PROC_GC_1997_0355,PROC_GC_1997_0317
PROC_GC_1997_0356,PROC_GC_1997_0317
PROC_GC_1997_0357,PROC_GC_1997_0317
PROC_GC_1997_0358,PROC_GC_1997_0317
PROC_GC_1997_0359,PROC_GC_1997_0317
PROC_GC_1997_0360,PROC_GC_1997_0317
PROC_GC_1997_0361,PROC_GC_1997_0317
PROC_GC_1997_0362,PROC_GC_1997_0317
PROC_GC_1997_0363,PROC_GC_1997_0317
PROC_GC_1997_0364,PROC_GC_1997_0317
PROC_GC_1997_0365,PROC_GC_1997_0317
PROC_GC_1997_0366,PROC_GC_1997_0317
PROC_GC_1997_0367,PROC_GC_1997_0317
PROC_GC_1997_0368,PROC_GC_1997_0317
PROC_GC_1997_0369,PROC_GC_1997_0317
PROC_GC_1997_0370,PROC_GC_1997_0317
PROC_GC_1997_0371,PROC_GC_1997_0317
PROC_GC_1997_0372,PROC_GC_1997_0317
PROC_GC_1997_0373,PROC_GC_1997_0317
PROC_GC_1997_0374,PROC_GC_1997_0317
PROC_GC_1997_0375,PROC_GC_1997_0317
PROC_GC_1997_0376,PROC_GC_1997_0317
PROC_GC_1997_0377,PROC_GC_1997_0317
PROC_GC_1997_0378,PROC_GC_1997_0317
PROC_GC_1997_0379,PROC_GC_1997_0317
PROC_GC_1997_0380,PROC_GC_1997_0317
PROC_GC_1997_0381,PROC_GC_1997_0317
PROC_GC_1997_0382,PROC_GC_1997_0317
PROC_GC_1997_0383,PROC_GC_1997_0317
PROC_GC_1997_0384,PROC_GC_1997_0317
PROC_GC_1997_0385,PROC_GC_1997_0317
PROC_GC_1997_0386,PROC_GC_1997_0317
PROC_GC_1997_0387,PROC_GC_1997_0317
PROC_GC_1997_0388,PROC_GC_1997_0317
PROC_GC_1997_0389,PROC_GC_1997_0317
PROC_GC_1997_0390,PROC_GC_1997_0317
PROC_GC_1997_0391,PROC_GC_1997_0317
PROC_GC_1997_0392,PROC_GC_1997_0317
PROC_GC_1997_0393,PROC_GC_1997_0317
PROC_GC_1997_0394,PROC_GC_1997_0317
PROC_GC_1997_0395,PROC_GC_1997_0317
PROC_GC_1997_0396,PROC_GC_1997_0317
PROC_GC_1997_0397,PROC_GC_1997_0317
PROC_GC_1997_0398,PROC_GC_1997_0317
PROC_GC_1997_0399,PROC_GC_1997_0317
PROC_GC_1997_0400,PROC_GC_1997_0317
PROC_GC_1997_0401,PROC_GC_1997_0317
PROC_GC_1997_0402,PROC_GC_1997_0317
PROC_GC_1997_0403,PROC_GC_1997_0317
PROC_GC_1997_0404,PROC_GC_1997_0317
PROC_GC_1997_0405,PROC_GC_1997_0317
PROC_GC_1997_0406,PROC_GC_1997_0317
PROC_GC_1997_0407,PROC_GC_1997_0317
PROC_GC_1997_0408,PROC_GC_1997_0317
PROC_GC_1997_0409,PROC_GC_1997_0317
PROC_GC_1997_0410,PROC_GC_1997_0317
PROC_GC_1997_0411,PROC_GC_1997_0317
PROC_GC_1997_0412,PROC_GC_1997_0317
PROC_GC_1997_0413,PROC_GC_1997_0317
PROC_GC_1997_0414,PROC_GC_1997_0317
PROC_GC_1997_0415,PROC_GC_1997_0317
PROC_GC_1997_0416,PROC_GC_1997_0317
PROC_GC_1997_0417,PROC_GC_1997_0317
PROC_GC_1997_0418,PROC_GC_1997_0317
PROC_GC_1997_0419,PROC_GC_1997_0317
PROC_GC_1997_0420,PROC_GC_1997_0317
PROC_GC_1997_0421,PROC_GC_1997_0317
PROC_GC_1997_0422,PROC_GC_1997_0317
PROC_GC_1997_0423,PROC_GC_1997_0317
PROC_GC_1997_0424,PROC_GC_1997_0317
PROC_GC_1997_0425,PROC_GC_1997_0317
PROC_GC_1997_0426,PROC_GC_1997_0317
PROC_GC_1997_0427,PROC_GC_1997_0317
PROC_GC_1997_0428,PROC_GC_1997_0317
PROC_GC_1997_0429,PROC_GC_1997_0317
PROC_GC_1997_0430,PROC_GC_1997_0317
PROC_GC_1997_0431,PROC_GC_1997_0317
PROC_GC_1997_0432,PROC_GC_1997_0317
PROC_GC_1997_0433,PROC_GC_1997_0317
PROC_GC_1997_0434,PROC_GC_1997_0317
PROC_GC_1997_0435,PROC_GC_1997_0317
PROC_GC_1997_0436,PROC_GC_1997_0317
PROC_GC_1997_0437,PROC_GC_1997_0317
PROC_GC_1997_0438,PROC_GC_1997_0317
PROC_GC_1997_0439,PROC_GC_1997_0317
PROC_GC_1997_0440,PROC_GC_1997_0317
PROC_GC_1997_0441,PROC_GC_1997_0317
PROC_GC_1997_0442,PROC_GC_1997_0317
PROC_GC_1997_0443,PROC_GC_1997_0317
PROC_GC_1997_0444,PROC_GC_1997_0317
PROC_GC_1997_0445,PROC_GC_1997_0317
PROC_GC_1997_0446,PROC_GC_1997_0317
PROC_GC_1997_0447,PROC_GC_1997_0317
PROC_GC_1997_0448,PROC_GC_1997_0317
PROC_GC_1997_0449,PROC_GC_1997_0317
PROC_GC_1997_0450,PROC_GC_1997_0317
PROC_GC_1997_0451,PROC_GC_1997_0317
PROC_GC_1997_0452,PROC_GC_1997_0317
PROC_GC_1997_0453,PROC_GC_1997_0317
PROC_GC_1997_0454,PROC_GC_1997_0317
PROC_GC_1997_0455,PROC_GC_1997_0317
PROC_GC_1997_0456,PROC_GC_1997_0317
PROC_GC_1997_0457,PROC_GC_1997_0317
PROC_GC_1997_0458,PROC_GC_1997_0317
PROC_GC_1997_0459,PROC_GC_1997_0317
PROC_GC_1997_0460,PROC_GC_1997_0317
PROC_GC_1997_0461,PROC_GC_1997_0317
PROC_GC_1997_0462,PROC_GC_1997_0317
PROC_GC_1997_0463,PROC_GC_1997_0317
PROC_GC_1997_0464,PROC_GC_1997_0317
PROC_GC_1997_0465,PROC_GC_1997_0317
PROC_GC_1997_0466,PROC_GC_1997_0317
PROC_GC_1997_0467,PROC_GC_1997_0317
PROC_GC_1997_0468,PROC_GC_1997_0317
PROC_GC_1997_0469,PROC_GC_1997_0317
PROC_GC_1997_0470,PROC_GC_1997_0317
PROC_GC_1997_0471,PROC_GC_1997_0317
PROC_GC_1997_0472,PROC_GC_1997_0317
PROC_GC_1997_0473,PROC_GC_1997_0317
PROC_GC_1997_0474,PROC_GC_1997_0317
PROC_GC_1997_0475,PROC_GC_1997_0317
PROC_GC_1997_0476,PROC_GC_1997_0317
PROC_GC_1997_0477,PROC_GC_1997_0317
PROC_GC_1997_0478,PROC_GC_1997_0317
PROC_GC_1997_0479,PROC_GC_1997_0317
PROC_GC_1997_0480,PROC_GC_1997_0317
PROC_GC_1997_0481,PROC_GC_1997_0317
PROC_GC_1997_0482,PROC_GC_1997_0317
PROC_GC_1997_0483,PROC_GC_1997_0317
PROC_GC_1997_0484,PROC_GC_1997_0317
PROC_GC_1997_0485,PROC_GC_1997_0317
PROC_GC_1997_0486,PROC_GC_1997_0317
PROC_GC_1997_0487,PROC_GC_1997_0317
PROC_GC_1997_0488,PROC_GC_1997_0317
PROC_GC_1997_0489,PROC_GC_1997_0317
PROC_GC_1997_0490,PROC_GC_1997_0317
PROC_GC_1997_0491,PROC_GC_1997_0317
PROC_GC_1997_0492,PROC_GC_1997_0317
PROC_GC_1997_0493,PROC_GC_1997_0317
PROC_GC_1997_0494,PROC_GC_1997_0317
PROC_GC_1997_0495,PROC_GC_1997_0317
PROC_GC_1997_0496,PROC_GC_1997_0317
PROC_GC_1997_0497,PROC_GC_1997_0317
PROC_GC_1997_0498,PROC_GC_1997_0317
PROC_GC_1997_0499,PROC_GC_1997_0317
PROC_GC_1997_0500,PROC_GC_1997_0317
PROC_GC_1997_0501,PROC_GC_1997_0317
PROC_GC_1997_0502,PROC_GC_1997_0317
PROC_GC_1997_0503,PROC_GC_1997_0317
PROC_GC_1997_0504,PROC_GC_1997_0317
PROC_GC_1997_0505,PROC_GC_1997_0317
PROC_GC_1997_0506,PROC_GC_1997_0317
PROC_GC_1997_0507,PROC_GC_1997_0317
PROC_GC_1997_0508,PROC_GC_1997_0317
PROC_GC_1997_0510,PROC_GC_1997_0509
PROC_GC_1997_0511,PROC_GC_1997_0509
PROC_GC_1997_0512,PROC_GC_1997_0509
PROC_GC_1997_0513,PROC_GC_1997_0509
PROC_GC_1997_0514,PROC_GC_1997_0509
PROC_GC_1997_0515,PROC_GC_1997_0509
PROC_GC_1997_0516,PROC_GC_1997_0509
PROC_GC_1997_0517,PROC_GC_1997_0509
PROC_GC_1997_0519,PROC_GC_1997_0518
PROC_GC_1997_0520,PROC_GC_1997_0518
PROC_GC_1997_0521,PROC_GC_1997_0518
PROC_GC_1997_0522,PROC_GC_1997_0518
PROC_GC_1997_0523,PROC_GC_1997_0518
PROC_GC_1997_0524,PROC_GC_1997_0518
PROC_GC_1997_0525,PROC_GC_1997_0518
PROC_GC_1997_0526,PROC_GC_1997_0518
PROC_GC_1997_0527,PROC_GC_1997_0518
PROC_GC_1997_0528,PROC_GC_1997_0518
PROC_GC_1997_0529,PROC_GC_1997_0518
PROC_GC_1997_0530,PROC_GC_1997_0518
PROC_GC_1997_0531,PROC_GC_1997_0518
PROC_GC_1997_0532,PROC_GC_1997_0518
PROC_GC_1997_0533,PROC_GC_1997_0518
PROC_GC_1997_0534,PROC_GC_1997_0518
PROC_GC_1997_0535,PROC_GC_1997_0518
PROC_GC_1997_0536,PROC_GC_1997_0518
PROC_GC_1997_0537,PROC_GC_1997_0518
PROC_GC_1997_0538,PROC_GC_1997_0518
PROC_GC_1997_0539,PROC_GC_1997_0518
PROC_GC_1997_0540,PROC_GC_1997_0518
PROC_GC_1997_0541,PROC_GC_1997_0518
PROC_GC_1997_0542,PROC_GC_1997_0518
PROC_GC_1997_0543,PROC_GC_1997_0518
PROC_GC_1997_0544,PROC_GC_1997_0518
PROC_GC_1997_0545,PROC_GC_1997_0518
PROC_GC_1997_0546,PROC_GC_1997_0518
PROC_GC_1997_0547,PROC_GC_1997_0518
PROC_GC_1997_0548,PROC_GC_1997_0518
PROC_GC_1997_0549,PROC_GC_1997_0518
PROC_GC_1997_0550,PROC_GC_1997_0518
PROC_GC_1997_0551,PROC_GC_1997_0518
PROC_GC_1997_0552,PROC_GC_1997_0518
PROC_GC_1997_0553,PROC_GC_1997_0518
PROC_GC_1997_0554,PROC_GC_1997_0518
PROC_GC_1997_0555,PROC_GC_1997_0518
PROC_GC_1997_0556,PROC_GC_1997_0518
PROC_GC_1997_0557,PROC_GC_1997_0518
PROC_GC_1997_0558,PROC_GC_1997_0518
PROC_GC_1997_0559,PROC_GC_1997_0518
PROC_GC_1997_0560,PROC_GC_1997_0518
PROC_GC_1997_0561,PROC_GC_1997_0518
PROC_GC_1997_0562,PROC_GC_1997_0518
PROC_GC_1997_0563,PROC_GC_1997_0518
PROC_GC_1997_0564,PROC_GC_1997_0518
PROC_GC_1997_0566,PROC_GC_1997_0565
PROC_GC_1997_0567,PROC_GC_1997_0565
PROC_GC_1997_0568,PROC_GC_1997_0565
PROC_GC_1997_0569,PROC_GC_1997_0565
PROC_GC_1997_0570,PROC_GC_1997_0565
PROC_GC_1997_0571,PROC_GC_1997_0565
PROC_GC_1997_0572,PROC_GC_1997_0565
PROC_GC_1997_0573,PROC_GC_1997_0565
PROC_GC_1997_0574,PROC_GC_1997_0565
PROC_GC_1997_0575,PROC_GC_1997_0565
PROC_GC_1997_0576,PROC_GC_1997_0565
PROC_GC_1997_0577,PROC_GC_1997_0565
PROC_GC_1997_0578,PROC_GC_1997_0565
PROC_GC_1997_0579,PROC_GC_1997_0565
PROC_GC_1997_0580,PROC_GC_1997_0565
PROC_GC_1997_0581,PROC_GC_1997_0565
PROC_GC_1997_0582,PROC_GC_1997_0565
PROC_GC_1997_0583,PROC_GC_1997_0565
PROC_GC_1997_0584,PROC_GC_1997_0565
PROC_GC_1997_0585,PROC_GC_1997_0565
PROC_GC_1997_0586,PROC_GC_1997_0565
PROC_GC_1997_0587,PROC_GC_1997_0565
PROC_GC_1997_0588,PROC_GC_1997_0565
PROC_GC_1997_0589,PROC_GC_1997_0565
PROC_GC_1997_0590,PROC_GC_1997_0565
PROC_GC_1997_0591,PROC_GC_1997_0565
PROC_GC_1997_0592,PROC_GC_1997_0565
PROC_GC_1997_0593,PROC_GC_1997_0565
PROC_GC_1997_0594,PROC_GC_1997_0565
PROC_GC_1997_0595,PROC_GC_1997_0565
PROC_GC_1997_0600,PROC_GC_1997_0298
PROC_GC_1997_0601,PROC_GC_1997_0298
PROC_GC_1997_0602,PROC_GC_1997_0298
PROC_GC_1997_0603,PROC_GC_1997_0298
PROC_GC_1997_0604,PROC_GC_1997_0298
PROC_GC_1997_0605,PROC_GC_1997_0298
PROC_GC_1997_0606,PROC_GC_1997_0298
PROC_GC_1997_0607,PROC_GC_1997_0298
PROC_GC_1997_0619,PROC_GC_1997_0611
PROC_GC_1997_0620,PROC_GC_1997_0611
PROC_GC_1997_0621,PROC_GC_1997_0611
PROC_GC_1997_0622,PROC_GC_1997_0611
PROC_GC_1997_0623,PROC_GC_1997_0611
PROC_GC_1997_0624,PROC_GC_1997_0611
PROC_GC_1997_0625,PROC_GC_1997_0611
PROC_GC_1997_0626,PROC_GC_1997_0611
PROC_GC_1997_0627,PROC_GC_1997_0611
PROC_GC_1998_0001,PROC_GC_1997_0298
PROC_GC_1998_0003,PROC_GC_1997_0298
PROC_GC_1998_0004,PROC_GC_1997_0298
PROC_GC_1998_0005,PROC_GC_1997_0298
PROC_GC_1998_0006,PROC_GC_1997_0298
PROC_GC_1998_0013,PROC_GC_1998_0012
PROC_GC_1998_0017,PROC_GC_1997_0223
PROC_GC_1998_0023,PROC_GC_1997_0298
PROC_GC_1998_0034,PROC_GC_1998_0033
PROC_GC_1998_0041,PROC_GC_1998_0032
PROC_GC_1998_0047,PROC_GC_1998_0045
PROC_GC_1998_0057,PROC_GC_1997_0282
PROC_GC_1998_0061,PROC_GC_1993_0485
PROC_GC_1998_0083,PROC_GC_1997_0194
PROC_GC_1998_0104,PROC_GC_1998_0103
PROC_GC_1998_0107,PROC_GC_1998_0103
PROC_GC_1998_0113,PROC_GC_1998_0103
PROC_GC_1998_0115,PROC_GC_1998_0114
PROC_GC_1998_0117,PROC_GC_1996_0079
PROC_GC_1998_0118,PROC_GC_1998_0103
PROC_GC_1998_0131,PROC_GC_1998_0130
PROC_GC_1998_0134,PROC_GC_1998_0133
PROC_GC_1998_0151,PROC_GC_1998_0046
PROC_GC_1998_0162,PROC_GC_1998_0148
PROC_GC_1998_0170,PROC_GC_1998_0169
PROC_GC_1998_0174,PROC_GC_1995_0198
PROC_GC_1998_0175,PROC_GC_1998_0172
PROC_GC_1998_0176,PROC_GC_1998_0172
PROC_GC_1998_0177,PROC_GC_1998_0172
PROC_GC_1998_0200,PROC_GC_1998_0101
PROC_GC_1998_0204,PROC_GC_1998_0202
PROC_GC_1998_0207,PROC_GC_1998_0202
PROC_GC_1998_0208,PROC_GC_1998_0007
PROC_GC_1998_0208_DEP,PROC_GC_1998_0007_DEP
PROC_GC_1998_0212,PROC_GC_1998_0191
PROC_GC_1998_0213,PROC_GC_1998_0191
PROC_GC_1998_0214,PROC_GC_1998_0191
PROC_GC_1999_0039,PROC_GC_1999_0038
PROC_GC_1999_0039_R,PROC_GC_1999_0038_R
PROC_GC_1999_0040,PROC_GC_1999_0038
PROC_GC_1999_0040_R,PROC_GC_1999_0038_R
PROC_GC_1999_0041,PROC_GC_1999_0038
PROC_GC_1999_0041_R,PROC_GC_1999_0038_R
PROC_GC_1999_0042,PROC_GC_1999_0038
PROC_GC_1999_0042_R,PROC_GC_1999_0038_R
PROC_GC_1999_0043,PROC_GC_1999_0038
PROC_GC_1999_0044,PROC_GC_1999_0038
PROC_GC_1999_0045,PROC_GC_1999_0038
PROC_GC_1999_0045_R,PROC_GC_1999_0038_R
PROC_GC_1999_0046,PROC_GC_1999_0038
PROC_GC_1999_0047,PROC_GC_1999_0038
PROC_GC_1999_0048,PROC_GC_1999_0038
PROC_GC_1999_0048_R,PROC_GC_1999_0038_R
PROC_GC_1999_0049,PROC_GC_1999_0038
PROC_GC_1999_0050,PROC_GC_1999_0038
PROC_GC_1999_0063,PROC_GC_1999_0012
PROC_GC_1999_0084,PROC_GC_1999_0083
PROC_GC_1999_0084_DEP,PROC_GC_1999_0083_DEP
PROC_GC_1999_0085,PROC_GC_1999_0083
PROC_GC_1999_0099,PROC_GC_1999_0097
PROC_GC_1999_0109,PROC_GC_1998_0007
PROC_GC_1999_0109_DEP,PROC_GC_1998_0007_DEP
PROC_GC_1999_0129,PROC_GC_1999_0127
PROC_GC_1999_0142,PROC_GC_1999_0141
PROC_GC_1999_0147,PROC_GC_1997_0186
PROC_GC_1999_0148,PROC_GC_1999_0127
PROC_GC_1999_0150,PROC_GC_1999_0141
PROC_GC_1999_0151,PROC_GC_1999_0141
PROC_GC_1999_0174,PROC_GC_1999_0167
PROC_GC_1999_0225,PROC_GC_1995_0198
PROC_GC_1999_0233,PROC_GC_1999_0228
PROC_GC_1999_0241,PROC_GC_1998_0024
PROC_GC_1999_0260,PROC_GC_1999_0110
PROC_GC_1999_0271,PROC_GC_1999_0269
PROC_GC_1999_0272,PROC_GC_1999_0269
PROC_GC_1999_0327,PROC_GC_1999_0222
PROC_GC_1999_0329,PROC_GC_1999_0222
PROC_GC_1999_0347,PROC_GC_1999_0346
PROC_GC_1999_0348,PROC_GC_1999_0346
PROC_GC_1999_0358,PROC_GC_1999_0357
PROC_GC_2000_0006,PROC_GC_2000_0005
PROC_GC_2000_0006_DEP,PROC_GC_2000_0005_DEP
PROC_GC_2000_0018,PROC_GC_1999_0137
PROC_GC_2000_0037,PROC_GC_1999_0164
PROC_GC_2000_0038,PROC_GC_1999_0164
PROC_GC_2000_0062,PROC_GC_2000_0061
PROC_GC_2000_0068,PROC_GC_2000_0067
PROC_GC_2000_0071,PROC_GC_2000_0067
PROC_GC_2000_0073,PROC_GC_2000_0054
PROC_GC_2000_0076,PROC_GC_2000_0074
PROC_GC_2000_0078,PROC_GC_2000_0067
PROC_GC_2000_0083,PROC_GC_2000_0074
PROC_GC_2000_0084,PROC_GC_2000_0074
PROC_GC_2000_0085,PROC_GC_2000_0074
PROC_GC_2000_0090,PROC_GC_2000_0063
PROC_GC_2000_0096,PROC_GC_2000_0095
PROC_GC_2000_0103,PROC_GC_2000_0092
PROC_GC_2000_0110_R,PROC_GC_2000_0094_R
PROC_GC_2000_0110,PROC_GC_2000_0094
PROC_GC_2000_0122,PROC_GC_2000_0112
PROC_GC_2000_0132,PROC_GC_2000_0074
PROC_GC_2000_0134,PROC_GC_1999_0227
PROC_GC_2000_0137,PROC_GC_2000_0074
PROC_GC_2000_0141,PROC_GC_2000_0074
PROC_GC_2000_0159,PROC_GC_2000_0094
PROC_GC_2000_0216,PROC_GC_2000_0185
PROC_GC_2000_0227_DEP,PROC_GC_2000_0226_DEP
PROC_GC_2000_0229,PROC_GC_2000_0228
PROC_GC_2000_0235_R,PROC_GC_2000_0234_R
PROC_GC_2000_0242,PROC_GC_2000_0228
PROC_GC_2000_0243,PROC_GC_2000_0228
PROC_GC_2000_0245,PROC_GC_2000_0228
PROC_GC_2000_0246,PROC_GC_2000_0228
PROC_GC_2000_0247,PROC_GC_2000_0228
PROC_GC_2000_0248,PROC_GC_2000_0228
PROC_GC_2000_0250,PROC_GC_2000_0228
PROC_GC_2000_0252,PROC_GC_2000_0228
PROC_GC_2000_0256,PROC_GC_2000_0228
PROC_GC_2000_0257,PROC_GC_2000_0228
PROC_GC_2000_0258,PROC_GC_2000_0228
PROC_GC_2000_0259,PROC_GC_2000_0228
PROC_GC_2000_0267,PROC_GC_2000_0228
PROC_GC_2000_0268,PROC_GC_2000_0228
PROC_GC_2000_0270,PROC_GC_2000_0254
PROC_GC_2000_0271,PROC_GC_2000_0228
PROC_GC_2000_0275,PROC_GC_2000_0228
PROC_GC_2000_0276,PROC_GC_2000_0228
PROC_GC_2000_0277,PROC_GC_2000_0254
PROC_GC_2000_0277_R,PROC_GC_2000_0254_R
PROC_GC_2000_0278_R,PROC_GC_2000_0277_R
PROC_GC_2000_0279_R,PROC_GC_2000_0277_R
PROC_GC_2000_0279,PROC_GC_2000_0278
PROC_GC_2000_0280_R,PROC_GC_2000_0277_R
PROC_GC_2000_0280,PROC_GC_2000_0278
PROC_GC_2000_0281,PROC_GC_2000_0228
PROC_GC_2000_0282_R,PROC_GC_2000_0277_R
PROC_GC_2000_0282,PROC_GC_2000_0278
PROC_GC_2000_0283_R,PROC_GC_2000_0234_R
PROC_GC_2000_0283,PROC_GC_2000_0278
PROC_GC_2000_0284,PROC_GC_2000_0278
PROC_GC_2000_0285_R,PROC_GC_2000_0277_R
PROC_GC_2000_0285,PROC_GC_2000_0278
PROC_GC_2000_0286_R,PROC_GC_2000_0277_R
PROC_GC_2000_0286,PROC_GC_2000_0278
PROC_GC_2000_0287,PROC_GC_2000_0228
PROC_GC_2000_0288_R,PROC_GC_2000_0277_R
PROC_GC_2000_0288,PROC_GC_2000_0278
PROC_GC_2000_0289_R,PROC_GC_2000_0277_R
PROC_GC_2000_0289,PROC_GC_2000_0278
PROC_GC_2000_0290_R,PROC_GC_2000_0277_R
PROC_GC_2000_0290,PROC_GC_2000_0278
PROC_GC_2000_0291_R,PROC_GC_2000_0277_R
PROC_GC_2000_0291,PROC_GC_2000_0278
PROC_GC_2000_0292_R,PROC_GC_2000_0277_R
PROC_GC_2000_0292,PROC_GC_2000_0278
PROC_GC_2000_0293_R,PROC_GC_2000_0277_R
PROC_GC_2000_0293,PROC_GC_2000_0278
PROC_GC_2000_0294_R,PROC_GC_2000_0277_R
PROC_GC_2000_0294,PROC_GC_2000_0278
PROC_GC_2000_0295_R,PROC_GC_2000_0277_R
PROC_GC_2000_0295,PROC_GC_2000_0278
PROC_GC_2000_0296,PROC_GC_2000_0228
PROC_GC_2000_0299,PROC_GC_2000_0185
PROC_GC_2000_0300,PROC_GC_2000_0185
PROC_GC_2000_0304,PROC_GC_2000_0303
PROC_GC_2000_0321,PROC_GC_1999_0217
PROC_GC_2000_0322,PROC_GC_2000_0303
PROC_GC_2000_0341,PROC_GC_2000_0178
PROC_GC_2000_0345,PROC_GC_2000_0344
PROC_GC_2000_0350,PROC_GC_2000_0332
PROC_GC_2000_0361,PROC_GC_2000_0357
PROC_GC_2000_0363,PROC_GC_2000_0357
PROC_GC_2000_0364,PROC_GC_2000_0357
PROC_GC_2000_0376,PROC_GC_2000_0338
PROC_GC_2000_0379,PROC_GC_2000_0377
PROC_GC_2000_0380,PROC_GC_2000_0377
PROC_GC_2000_0384,PROC_GC_2000_0201
PROC_GC_2001_0027,PROC_GC_2000_0373
PROC_GC_2001_0031,PROC_GC_2001_0030
PROC_GC_2001_0032,PROC_GC_2001_0030
PROC_GC_2001_0046,PROC_GC_2000_0093
PROC_GC_2001_0056,PROC_GC_2000_0373
PROC_GC_2001_0065,PROC_GC_2001_0064
PROC_GC_2001_0069,PROC_GC_2000_0373
PROC_GC_2001_0086,PROC_GC_2001_0079
PROC_GC_2001_0114,PROC_GC_2000_0330
PROC_GC_2001_0115,PROC_GC_2000_0331
PROC_GC_2001_0118,PROC_GC_2001_0116
PROC_GC_2001_0119,PROC_GC_2001_0044
PROC_GC_2001_0126,PROC_GC_2001_0044
PROC_GC_2001_0133,PROC_GC_2001_0111
PROC_GC_2001_0152,PROC_GC_2001_0094
PROC_GC_2001_0161,PROC_GC_2001_0143
PROC_GC_2001_0175,PROC_GC_2001_0107
PROC_GC_2001_0175_R,PROC_GC_2001_0107_R
PROC_GC_2001_0189,PROC_GC_2001_0188
PROC_GC_2001_0190,PROC_GC_2001_0188
PROC_GC_2001_0207,PROC_GC_2001_0195
PROC_GC_2001_0214,PROC_GC_2001_0213
PROC_GC_2001_0220,PROC_GC_2001_0215
PROC_GC_2001_0221,PROC_GC_2001_0215
PROC_GC_2001_0222,PROC_GC_1999_0217
PROC_GC_2001_0228,PROC_GC_2001_0227
PROC_GC_2001_0228_DEP,PROC_GC_2001_0227_DEP
PROC_GC_2001_0229,PROC_GC_2001_0227
PROC_GC_2001_0229_DEP,PROC_GC_2001_0227_DEP
PROC_GC_2001_0231,PROC_GC_2001_0230
PROC_GC_2001_0231_DEP,PROC_GC_2001_0230_DEP
PROC_GC_2001_0232,PROC_GC_2001_0230
PROC_GC_2001_0232_DEP,PROC_GC_2001_0230_DEP
PROC_GC_2001_0239,PROC_GC_2001_0236
PROC_GC_2001_0244,PROC_GC_2001_0236
PROC_GC_2001_0245,PROC_GC_2001_0236
PROC_GC_2001_0246,PROC_GC_2001_0236
PROC_GC_2001_0251,PROC_GC_2001_0236
PROC_GC_2001_0252,PROC_GC_2001_0236
PROC_GC_2001_0260,PROC_GC_2000_0377
PROC_GC_2001_0264,PROC_GC_2001_0160
PROC_GC_2001_0265,PROC_GC_2001_0227
PROC_GC_2001_0266,PROC_GC_2001_0227
PROC_GC_2001_0267,PROC_GC_2001_0230
PROC_GC_2001_0268,PROC_GC_2001_0230
PROC_GC_2001_0269,PROC_GC_2001_0230
PROC_GC_2001_0270,PROC_GC_2001_0227
PROC_GC_2001_0272,PROC_GC_2000_0377
PROC_GC_2001_0283,PROC_GC_2001_0142
PROC_GC_2001_0286,PROC_GC_2001_0094
PROC_GC_2001_0298,PROC_GC_2001_0297
PROC_GC_2001_0300,PROC_GC_2001_0120
PROC_GC_2001_0320,PROC_GC_2001_0124
PROC_GC_2001_0323,PROC_GC_2001_0153
PROC_GC_2002_0023,PROC_GC_2002_0022
PROC_GC_2002_0050,PROC_GC_2002_0049
PROC_GC_2002_0051,PROC_GC_2002_0049
PROC_GC_2002_0054_OP,PROC_GC_2002_0044_OP
PROC_GC_2002_0056_OP,PROC_GC_2002_0044_OP
PROC_GC_2002_0060_OP,PROC_GC_2002_0044_OP
PROC_GC_2002_0061_OP,PROC_GC_2002_0044_OP
PROC_GC_2002_0080_DEP,PROC_GC_2002_0005_DEP
PROC_GC_2002_0086,PROC_GC_2001_0030
PROC_GC_2002_0087,PROC_GC_2001_0030
PROC_GC_2002_0088,PROC_GC_2001_0030
PROC_GC_2002_0101,PROC_GC_2002_0099
PROC_GC_2002_0102,PROC_GC_2002_0100
PROC_GC_2002_0110,PROC_GC_2001_0324
PROC_GC_2002_0118,PROC_GC_2002_0109
PROC_GC_2002_0122,PROC_GC_2002_0109
PROC_GC_2002_0125,PROC_GC_2002_0109
PROC_GC_2002_0126,PROC_GC_2002_0109
PROC_GC_2002_0128,PROC_GC_2002_0109
PROC_GC_2002_0129,PROC_GC_2002_0109
PROC_GC_2002_0132,PROC_GC_2002_0109
PROC_GC_2002_0136,PROC_GC_2002_0109
PROC_GC_2002_0147,PROC_GC_2002_0146
PROC_GC_2002_0148,PROC_GC_2002_0146
PROC_GC_2002_0149,PROC_GC_2002_0146
PROC_GC_2002_0150,PROC_GC_2002_0146
PROC_GC_2002_0151,PROC_GC_2002_0146
PROC_GC_2002_0152,PROC_GC_2002_0146
PROC_GC_2002_0153,PROC_GC_2002_0146
PROC_GC_2002_0156,PROC_GC_2002_0124
PROC_GC_2002_0161,PROC_GC_2002_0160
PROC_GC_2002_0162,PROC_GC_2002_0160
PROC_GC_2002_0184,PROC_GC_2002_0183
PROC_GC_2002_0187,PROC_GC_2002_0181
PROC_GC_2002_0239,PROC_GC_2001_0309
PROC_GC_2002_0260,PROC_GC_2002_0259
PROC_GC_2002_0261,PROC_GC_2002_0259
PROC_GC_2002_0262,PROC_GC_2002_0259
PROC_GC_2002_0263,PROC_GC_2002_0259
PROC_GC_2002_0264,PROC_GC_2002_0259
PROC_GC_2002_0271,PROC_GC_2002_0259
PROC_GC_2002_0337,PROC_GC_2002_0219
PROC_GC_2002_0347,PROC_GC_2002_0346
PROC_GC_2002_0363,PROC_GC_2002_0362
PROC_GC_2002_0364,PROC_GC_2002_0362
PROC_GC_2002_0365,PROC_GC_2002_0362
PROC_GC_2002_0366,PROC_GC_2002_0362
PROC_GC_2002_0368,PROC_GC_2002_0367
PROC_GC_2002_0369,PROC_GC_2002_0367
PROC_GC_2002_0395,PROC_GC_2002_0285
PROC_GC_2003_0006,PROC_GC_2002_0031
PROC_GC_2003_0046,PROC_GC_2003_0027
PROC_GC_2003_0058,PROC_GC_2003_0027
PROC_GC_2003_0074,PROC_GC_2003_0071
PROC_GC_2003_0079,PROC_GC_2003_0027
PROC_GC_2003_0080,PROC_GC_2003_0027
PROC_GC_2003_0082,PROC_GC_2003_0081
PROC_GC_2003_0087,PROC_GC_2003_0071
PROC_GC_2003_0091,PROC_GC_2003_0071
PROC_GC_2003_0097,PROC_GC_2003_0027
PROC_GC_2003_0098,PROC_GC_2003_0027
PROC_GC_2003_0103,PROC_GC_2003_0081
PROC_GC_2003_0113,PROC_GC_2002_0180
PROC_GC_2003_0118,PROC_GC_2003_0117
PROC_GC_2003_0119,PROC_GC_2003_0117
PROC_GC_2003_0128,PROC_GC_2002_0380
PROC_GC_2003_0135,PROC_GC_2003_0134
PROC_GC_2003_0150,PROC_GC_2003_0110
PROC_GC_2003_0157,PROC_GC_2003_0155
PROC_GC_2003_0167,PROC_GC_2003_0166
PROC_GC_2003_0168,PROC_GC_2003_0166
PROC_GC_2003_0171,PROC_GC_2003_0117
PROC_GC_2003_0179,PROC_GC_2003_0178
PROC_GC_2003_0182,PROC_GC_2003_0166
PROC_GC_2003_0206,PROC_GC_2003_0205
PROC_GC_2003_0207,PROC_GC_2003_0205
PROC_GC_2003_0208,PROC_GC_2003_0205
PROC_GC_2003_0209,PROC_GC_2003_0205
PROC_GC_2003_0210,PROC_GC_2003_0205
PROC_GC_2003_0219,PROC_GC_2003_0218
PROC_GC_2003_0220,PROC_GC_2003_0218
PROC_GC_2003_0221,PROC_GC_2003_0218
PROC_GC_2003_0222,PROC_GC_2003_0218
PROC_GC_2003_0223,PROC_GC_2003_0219
PROC_GC_2003_0224,PROC_GC_2003_0218
PROC_GC_2003_0225,PROC_GC_2003_0218
PROC_GC_2003_0226,PROC_GC_2003_0218
PROC_GC_2003_0227,PROC_GC_2003_0218
PROC_GC_2003_0228,PROC_GC_2003_0218
PROC_GC_2003_0229,PROC_GC_2003_0218
PROC_GC_2003_0230,PROC_GC_2003_0218
PROC_GC_2003_0231,PROC_GC_2003_0218
PROC_GC_2003_0232,PROC_GC_2003_0218
PROC_GC_2003_0233,PROC_GC_2003_0218
PROC_GC_2003_0234,PROC_GC_2003_0218
PROC_GC_2003_0235,PROC_GC_2003_0218
PROC_GC_2003_0236,PROC_GC_2003_0218
PROC_GC_2003_0237,PROC_GC_2003_0218
PROC_GC_2003_0238,PROC_GC_2003_0219
PROC_GC_2003_0239,PROC_GC_2003_0218
PROC_GC_2003_0240,PROC_GC_2003_0218
PROC_GC_2003_0245,PROC_GC_2005_0217
PROC_GC_2003_0253_R,PROC_GC_2003_0125_R
PROC_GC_2003_0253,PROC_GC_2003_0125
PROC_GC_2003_0313,PROC_GC_2003_0200
PROC_GC_2003_0331,PROC_GC_2003_0155
PROC_GC_2003_0378,PROC_GC_2003_0314
PROC_GC_2003_0405,PROC_GC_2003_0110
PROC_GC_2003_0408,PROC_GC_2003_0392
PROC_GC_2003_0414,PROC_GC_2003_0392
PROC_GC_2003_0434,PROC_GC_2003_0433
PROC_GC_2003_0435,PROC_GC_2003_0392
PROC_GC_2004_0054,PROC_GC_2004_0053
PROC_GC_2004_0055,PROC_GC_2004_0053
PROC_GC_2004_0056,PROC_GC_2004_0053
PROC_GC_2004_0058,PROC_GC_2004_0053
PROC_GC_2004_0059,PROC_GC_2004_0053
PROC_GC_2004_0061,PROC_GC_2004_0060
PROC_GC_2004_0062,PROC_GC_2004_0060
PROC_GC_2004_0063,PROC_GC_2004_0060
PROC_GC_2004_0064,PROC_GC_2004_0060
PROC_GC_2004_0070,PROC_GC_2003_0391
PROC_GC_2004_0071,PROC_GC_2004_0057
PROC_GC_2004_0077,PROC_GC_2004_0075
PROC_GC_2004_0078,PROC_GC_2004_0075
PROC_GC_2004_0079,PROC_GC_2004_0075
PROC_GC_2004_0121,PROC_GC_2003_0440
PROC_GC_2004_0134,PROC_GC_2004_0118
PROC_GC_2004_0171,PROC_GC_2003_0440
PROC_GC_2004_0208,PROC_GC_2003_0440
PROC_GC_2004_0210,PROC_GC_2002_0209
PROC_GC_2004_0215,PROC_GC_2004_0211
PROC_GC_2004_0235,PROC_GC_2003_0366
PROC_GC_2004_0241,PROC_GC_2004_0236
PROC_GC_2004_0245,PROC_GC_2001_0192
PROC_GC_2004_0292,PROC_GC_2004_0265
PROC_GC_2004_0296,PROC_GC_2004_0295
PROC_GC_2004_0297,PROC_GC_2004_0295
PROC_GC_2004_0316,PROC_GC_2004_0304
PROC_GC_2004_0317,PROC_GC_2004_0309
PROC_GC_2004_0323,PROC_GC_2004_0239
PROC_GC_2004_0329,PROC_GC_2004_0309
PROC_GC_2004_0334,PROC_GC_2004_0333
PROC_GC_2004_0336,PROC_GC_2004_0309
PROC_GC_2004_0337,PROC_GC_2000_0003
PROC_GC_2004_0351,PROC_GC_2004_0350
PROC_GC_2004_0352,PROC_GC_2004_0350
PROC_GC_2004_0365,PROC_GC_2003_0440
PROC_GC_2004_0367,PROC_GC_2003_0433
PROC_GC_2004_0402,PROC_GC_2004_0400
PROC_GC_2004_0403,PROC_GC_2004_0400
PROC_GC_2004_0404,PROC_GC_2004_0403
PROC_GC_2004_0414,PROC_GC_2004_0314
PROC_GC_2004_0441,PROC_GC_2004_0437
PROC_GC_2004_0444,PROC_GC_2004_0425
PROC_GC_2004_0444_RENV,PROC_GC_2004_0425_RENV
PROC_GC_2004_0446,PROC_GC_2004_0355
PROC_GC_2004_0450,PROC_GC_2004_0425
PROC_GC_2004_0456,PROC_GC_2004_0425
PROC_GC_2004_0467,PROC_GC_2004_0466
PROC_GC_2004_0484,PROC_GC_2003_0440
PROC_GC_2004_0493,PROC_GC_2004_0490
PROC_GC_2004_0504,PROC_GC_2004_0292
PROC_GC_2005_0003,PROC_GC_2005_0002
PROC_GC_2005_0017,PROC_GC_2004_0427
PROC_GC_2005_0049,PROC_GC_2005_0002
PROC_GC_2005_0061,PROC_GC_2005_0035
PROC_GC_2005_0071,PROC_GC_2004_0246
PROC_GC_2005_0084,PROC_GC_2005_0022
PROC_GC_2005_0095,PROC_GC_2003_0432
PROC_GC_2005_0107,PROC_GC_2005_0035
PROC_GC_2005_0108,PROC_GC_2005_0035
PROC_GC_2005_0111,PROC_GC_2005_0101
PROC_GC_2005_0118,PROC_GC_2005_0002
PROC_GC_2005_0119,PROC_GC_2005_0002
PROC_GC_2005_0120,PROC_GC_2005_0114
PROC_GC_2005_0139,PROC_GC_2005_0035
PROC_GC_2005_0160,PROC_GC_2005_0130
PROC_GC_2005_0163_DEP_II,PROC_GC_2005_0163_DEP
PROC_GC_2005_0223,PROC_GC_2004_0457
PROC_GC_2005_0240,PROC_GC_2005_0239
PROC_GC_2005_0244,PROC_GC_2003_0433
PROC_GC_2005_0245,PROC_GC_2005_0239
PROC_GC_2005_0246,PROC_GC_2005_0239
PROC_GC_2005_0247,PROC_GC_2005_0239
PROC_GC_2005_0255,PROC_GC_2005_0239
PROC_GC_2005_0262,PROC_GC_2005_0241
PROC_GC_2005_0263,PROC_GC_2005_0241
PROC_GC_2005_0264,PROC_GC_2005_0241
PROC_GC_2005_0274,PROC_GC_2005_0239
PROC_GC_2005_0275,PROC_GC_2005_0239
PROC_GC_2005_0276,PROC_GC_2005_0239
PROC_GC_2005_0277,PROC_GC_2005_0239
PROC_GC_2005_0278,PROC_GC_2005_0239
PROC_GC_2005_0279,PROC_GC_2005_0239
PROC_GC_2005_0280,PROC_GC_2005_0239
PROC_GC_2005_0316,PROC_GC_2005_0300
PROC_GC_2005_0346,PROC_GC_2005_0241
PROC_GC_2005_0347,PROC_GC_2005_0241
PROC_GC_2005_0363,PROC_GC_2005_0362
PROC_GC_2005_0383,PROC_GC_2005_0376
PROC_GC_2005_0397,PROC_GC_2005_0396
PROC_GC_2005_0408,PROC_GC_2005_0296
PROC_GC_2005_0416,PROC_GC_2005_0415
PROC_GC_2005_0423,PROC_GC_2005_0415
PROC_GC_2005_0425,PROC_GC_2005_0251
PROC_GC_2005_0444,PROC_GC_2005_0109
PROC_GC_2005_0457,PROC_GC_2005_0456
PROC_GC_2006_0029,PROC_GC_2005_0241
PROC_GC_2006_0030,PROC_GC_2005_0241
PROC_GC_2006_0031,PROC_GC_2005_0241
PROC_GC_2006_0036_DEP,PROC_GC_2005_0163_DEP
PROC_GC_2006_0036_DEP_II,PROC_GC_2005_0163_DEP
PROC_GC_2006_0056,PROC_GC_2006_0050
PROC_GC_2006_0060,PROC_GC_2006_0050
PROC_GC_2006_0062,PROC_GC_2006_0050
PROC_GC_2006_0062_RENV_II,PROC_GC_2006_0060_RENV_II
PROC_GC_2006_0066,PROC_GC_2006_0055
PROC_GC_2006_0069,PROC_GC_2006_0050_RENV_II
PROC_GC_2006_0136,PROC_GC_2006_0135
PROC_GC_2006_0137,PROC_GC_2006_0135
PROC_GC_2006_0138,PROC_GC_2006_0135
PROC_GC_2006_0213,PROC_GC_2006_0211
PROC_GC_2006_0237,PROC_GC_2006_0231
PROC_GC_2006_0245,PROC_GC_2006_0211
PROC_GC_2006_0255,PROC_GC_2006_0225
PROC_GC_2006_0255_RENV,PROC_GC_2006_0225_RENV
PROC_GC_2006_0257,PROC_GC_2006_0225
PROC_GC_2006_0257_RENV,PROC_GC_2006_0225_RENV
PROC_GC_2006_0297,PROC_GC_2006_0273
PROC_GC_2006_0306,PROC_GC_2006_0305
PROC_GC_2006_0307,PROC_GC_2006_0305
PROC_GC_2006_0309,PROC_GC_2006_0225
PROC_GC_2006_0309_RENV,PROC_GC_2006_0225_RENV
PROC_GC_2006_0312_R,PROC_GC_2006_0311_R
PROC_GC_2006_0313_R,PROC_GC_2006_0311_R
PROC_GC_2006_0319,PROC_GC_2006_0318
PROC_GC_2006_0320,PROC_GC_2006_0318
PROC_GC_2006_0321,PROC_GC_2006_0318
PROC_GC_2006_0337,PROC_GC_2006_0303
PROC_GC_2006_0337_RENV,PROC_GC_2006_0303_RENV
PROC_GC_2006_0371,PROC_GC_2006_0349
PROC_GC_2006_0388,PROC_GC_2006_0387
PROC_GC_2006_0389,PROC_GC_2006_0387
PROC_GC_2006_0390,PROC_GC_2006_0387
PROC_GC_2006_0393_R_II,PROC_GC_2006_0393_R
PROC_GC_2006_0393_R_III,PROC_GC_2006_0393_R
PROC_GC_2006_0408,PROC_GC_2006_0407
PROC_GC_2007_0014,PROC_GC_2006_0349
PROC_GC_2007_0015,PROC_GC_2006_0349
PROC_GC_2007_0062_P,PROC_GC_2007_0040_P
PROC_GC_2007_0065,PROC_GC_2007_0064
PROC_GC_2007_0066,PROC_GC_2007_0064
PROC_GC_2007_0071,PROC_GC_2006_0383
PROC_GC_2007_0082,PROC_GC_2007_0081
PROC_GC_2007_0083,PROC_GC_2007_0081
PROC_GC_2007_0099_P,PROC_GC_2007_0090_P
PROC_GC_2007_0115,PROC_GC_2007_0114
PROC_GC_2007_0120,PROC_GC_2007_0102
PROC_GC_2007_0121,PROC_GC_2007_0117
PROC_GC_2007_0123,PROC_GC_2007_0122
PROC_GC_2007_0124,PROC_GC_2007_0122
PROC_GC_2007_0130,PROC_GC_2007_0129
PROC_GC_2007_0142,PROC_GC_2007_0141
PROC_GC_2007_0145,PROC_GC_2007_0141
PROC_GC_2007_0146,PROC_GC_2007_0141
PROC_GC_2007_0147,PROC_GC_2007_0144
PROC_GC_2007_0148,PROC_GC_2007_0144
PROC_GC_2007_0149,PROC_GC_2007_0144
PROC_GC_2007_0150,PROC_GC_2007_0144
PROC_GC_2007_0154,PROC_GC_2007_0144
PROC_GC_2007_0155,PROC_GC_2006_0211
PROC_GC_2007_0178,PROC_GC_2006_0211
PROC_GC_2007_0201,PROC_GC_2007_0200
PROC_GC_2007_0202,PROC_GC_2007_0200
PROC_GC_2007_0207,PROC_GC_2007_0119
PROC_GC_2007_0218,PROC_GC_2007_0217
PROC_GC_2007_0232,PROC_GC_2007_0156
PROC_GC_2007_0244,PROC_GC_2007_0217
PROC_GC_2007_0245,PROC_GC_2007_0217
PROC_GC_2007_0246,PROC_GC_2007_0217
PROC_GC_2007_0253,PROC_GC_2007_0217
PROC_GC_2007_0254,PROC_GC_2007_0217
PROC_GC_2007_0255,PROC_GC_2007_0217
PROC_GC_2007_0258,PROC_GC_2007_0217
PROC_GC_2007_0259,PROC_GC_2007_0217
PROC_GC_2007_0260,PROC_GC_2007_0217
PROC_GC_2007_0268,PROC_GC_2007_0217
PROC_GC_2007_0269,PROC_GC_2007_0217
PROC_GC_2007_0270,PROC_GC_2007_0217
PROC_GC_2007_0271,PROC_GC_2007_0252
PROC_GC_2007_0272,PROC_GC_2007_0252
PROC_GC_2007_0285,PROC_GC_2007_0166
PROC_GC_2007_0306,PROC_GC_2006_0305
PROC_GC_2007_0323,PROC_GC_2007_0037
PROC_GC_2007_0332,PROC_GC_2006_0349
PROC_GC_2007_0350,PROC_GC_2007_0349
PROC_GC_2007_0355,PROC_GC_2007_0354
PROC_GC_2007_0356,PROC_GC_2007_0354
PROC_GC_2007_0360_P,PROC_GC_2007_0359_P
PROC_GC_2007_0361_P,PROC_GC_2007_0359_P
PROC_GC_2007_0362,PROC_GC_2007_0076
PROC_GC_2007_0363,PROC_GC_2007_0075
PROC_GC_2007_0364,PROC_GC_2007_0225
PROC_GC_2007_0394,PROC_GC_2007_0217
PROC_GC_2007_0406,PROC_GC_2007_0405
PROC_GC_2007_0416,PROC_GC_2007_0415
PROC_GC_2007_0426,PROC_GC_2007_0425
PROC_GC_2007_0455,PROC_GC_2007_0428
PROC_GC_2008_0006,PROC_GC_2008_0005
PROC_GC_2008_0007,PROC_GC_2008_0005
PROC_GC_2008_0021,PROC_GC_2008_0020
PROC_GC_2008_0026,PROC_GC_2007_0493
PROC_GC_2008_0027,PROC_GC_2007_0493
PROC_GC_2008_0087_R,PROC_GC_2008_0054_R
PROC_GC_2008_0088_R,PROC_GC_2008_0054_R
PROC_GC_2008_0091_R,PROC_GC_2008_0054_R
PROC_GC_2008_0092_R,PROC_GC_2008_0054_R
PROC_GC_2008_0093_R,PROC_GC_2008_0054_R
PROC_GC_2008_0134,PROC_GC_2008_0133
PROC_GC_2008_0177,PROC_GC_2008_0133
PROC_GC_2008_0209,PROC_GC_2008_0208
PROC_GC_2008_0212,PROC_GC_2008_0204
PROC_GC_2008_0231,PROC_GC_2008_0230
PROC_GC_2008_0241,PROC_GC_2008_0128
PROC_GC_2008_0275,PROC_GC_2008_0274
PROC_GC_2008_0279,PROC_GC_2008_0267
PROC_GC_2008_0281,PROC_GC_2008_0268
PROC_GC_2008_0314,PROC_GC_2008_0313
PROC_GC_2008_0315,PROC_GC_2008_0313
PROC_GC_2008_0316,PROC_GC_2008_0313
PROC_GC_2008_0317,PROC_GC_2008_0313
PROC_GC_2008_0318,PROC_GC_2008_0313
PROC_GC_2008_0320,PROC_GC_2008_0313
PROC_GC_2008_0321,PROC_GC_2008_0313
PROC_GC_2008_0322,PROC_GC_2008_0313
PROC_GC_2008_0323,PROC_GC_2008_0313
PROC_GC_2008_0324,PROC_GC_2008_0313
PROC_GC_2008_0325,PROC_GC_2008_0313
PROC_GC_2008_0326,PROC_GC_2008_0313
PROC_GC_2008_0327,PROC_GC_2008_0313
PROC_GC_2008_0328,PROC_GC_2008_0313
PROC_GC_2008_0332,PROC_GC_2008_0246
PROC_GC_2008_0339,PROC_GC_2007_0104
PROC_GC_2008_0354,PROC_GC_2007_0108
PROC_GC_2008_0357,PROC_GC_2008_0345
PROC_GC_2008_0408,PROC_GC_2008_0394
PROC_GC_2008_0409,PROC_GC_2007_0076
PROC_GC_2008_0415_DEP,PROC_GC_2008_0414_DEP
PROC_GC_2008_0416_DEP,PROC_GC_2008_0414_DEP
PROC_GC_2008_0417_DEP,PROC_GC_2008_0414_DEP
PROC_GC_2008_0418_DEP,PROC_GC_2008_0414_DEP
PROC_GC_2008_0419_DEP,PROC_GC_2008_0414_DEP
PROC_GC_2008_0420_DEP,PROC_GC_2008_0414_DEP
PROC_GC_2008_0442_DEP,PROC_GC_2008_0414_DEP
PROC_GC_2008_0445,PROC_GC_2008_0444
PROC_GC_2008_0446,PROC_GC_2008_0444
PROC_GC_2008_0447,PROC_GC_2008_0444
PROC_GC_2008_0448,PROC_GC_2008_0444
PROC_GC_2008_0453,PROC_GC_2008_0394
PROC_GC_2008_0454,PROC_GC_2008_0394
PROC_GC_2008_0455,PROC_GC_2008_0443
PROC_GC_2008_0495,PROC_GC_2008_0494
PROC_GC_2008_0496,PROC_GC_2008_0494
PROC_GC_2008_0497,PROC_GC_2008_0494
PROC_GC_2008_0498,PROC_GC_2008_0494
PROC_GC_2008_0499,PROC_GC_2008_0494
PROC_GC_2008_0500,PROC_GC_2008_0494
PROC_GC_2008_0509,PROC_GC_2008_0494
PROC_GC_2008_0530,PROC_GC_2008_0529
PROC_GC_2008_0531,PROC_GC_2008_0529
PROC_GC_2008_0573,PROC_GC_2008_0568
PROC_GC_2009_0073,PROC_GC_2009_0056
PROC_GC_2009_0116,PROC_GC_2009_0115
PROC_GC_2009_0148,PROC_GC_2009_0147
PROC_GC_2009_0153,PROC_GC_2008_0467
PROC_GC_2009_0182,PROC_GC_2006_0080
PROC_GC_2009_0230,PROC_GC_2009_0226
PROC_GC_2009_0242,PROC_GC_2008_0133
PROC_GC_2009_0254,PROC_GC_2009_0253
PROC_GC_2009_0300,PROC_GC_2009_0299
PROC_GC_2009_0308,PROC_GC_2009_0099
PROC_GC_2009_0326,PROC_GC_2009_0219
PROC_GC_2009_0383,PROC_GC_2009_0310
PROC_GC_2009_0448,PROC_GC_2009_0445
PROC_GC_2009_0449,PROC_GC_2009_0447
PROC_GC_2009_0490,PROC_GC_2009_0489
PROC_GC_2010_0024,PROC_GC_2010_0023
PROC_GC_2010_0033,PROC_GC_2010_0029
PROC_GC_2010_0055,PROC_GC_2009_0472
PROC_GC_2010_0056,PROC_GC_2009_0489
PROC_GC_2010_0078,PROC_GC_2010_0077
PROC_GC_2010_0113,PROC_GC_2010_0065
PROC_GC_2010_0138,PROC_GC_2010_0065
PROC_GC_2010_0147,PROC_GC_2009_0492
PROC_GC_2010_0149,PROC_GC_2010_0148
PROC_GC_2010_0171,PROC_GC_2009_0458
PROC_GC_2010_0203_RENV,PROC_GC_2010_0202_RENV_II
PROC_GC_2010_0223_R,PROC_GC_2010_0084_R
PROC_GC_2010_0263,PROC_GC_2010_0178
PROC_GC_2010_0265,PROC_GC_2010_0178
PROC_GC_2010_0266,PROC_GC_2010_0264
PROC_GC_2010_0280,PROC_GC_2010_0139
PROC_GC_2010_0281,PROC_GC_2010_0139
PROC_GC_2010_0282,PROC_GC_2010_0139
PROC_GC_2010_0283,PROC_GC_2010_0139
PROC_GC_2010_0284,PROC_GC_2010_0139
PROC_GC_2010_0285,PROC_GC_2010_0139
PROC_GC_2010_0340,PROC_GC_2010_0170
PROC_GC_2010_0349,PROC_GC_2010_0139
PROC_GC_2010_0350,PROC_GC_2010_0139
PROC_GC_2010_0351,PROC_GC_2010_0139
PROC_GC_2010_0352,PROC_GC_2010_0139
PROC_GC_2010_0374,PROC_GC_2010_0373
PROC_GC_2010_0381,PROC_GC_2010_0379
PROC_GC_2010_0381_RENV,PROC_GC_2010_0379_RENV
PROC_GC_2010_0382,PROC_GC_2010_0373
PROC_GC_2010_0402,PROC_GC_2010_0373
PROC_GC_2010_0414,PROC_GC_2010_0413
PROC_GC_2010_0414_DEP,PROC_GC_2010_0413_DEP
PROC_GC_2010_0416_RENV,PROC_GC_2010_0331_RENV
PROC_GC_2010_0419,PROC_GC_2010_0389
PROC_GC_2010_0419_REC,PROC_GC_2010_0389_REC
PROC_GC_2010_0427,PROC_GC_2010_0426
PROC_GC_2010_0428,PROC_GC_2010_0426
PROC_GC_2010_0429,PROC_GC_2010_0426
PROC_GC_2010_0440,PROC_GC_2010_0439
PROC_GC_2010_0442_P,PROC_GC_2010_0441_P
PROC_GC_2010_0443_P,PROC_GC_2010_0441_P
PROC_GC_2010_0459,PROC_GC_2010_0458
PROC_GC_2010_0460,PROC_GC_2010_0458
PROC_GC_2010_0461,PROC_GC_2010_0458
PROC_GC_2010_0462,PROC_GC_2010_0458
PROC_GC_2010_0463,PROC_GC_2010_0458
PROC_GC_2010_0464,PROC_GC_2010_0458
PROC_GC_2010_0465,PROC_GC_2010_0458
PROC_GC_2010_0466,PROC_GC_2010_0458
PROC_GC_2010_0467,PROC_GC_2010_0458
PROC_GC_2010_0471,PROC_GC_2010_0459
PROC_GC_2010_0532,PROC_GC_2010_0339
PROC_GC_2010_0538,PROC_GC_2010_0537
PROC_GC_2010_0560,PROC_GC_2010_0431
PROC_GC_2010_0572,PROC_GC_2010_0168
PROC_GC_2010_0575,PROC_GC_2010_0426
PROC_GC_2010_0576,PROC_GC_2010_0427
PROC_GC_2010_0577,PROC_GC_2010_0428
PROC_GC_2010_0578,PROC_GC_2010_0429
PROC_GC_2011_0005,PROC_GC_2011_0004
PROC_GC_2011_0007,PROC_GC_2010_0035
PROC_GC_2011_0069,PROC_GC_2010_0528
PROC_GC_2011_0077,PROC_GC_2010_0528
PROC_GC_2011_0084,PROC_GC_2011_0083
PROC_GC_2011_0123,PROC_GC_2011_0118
PROC_GC_2011_0124,PROC_GC_2011_0118
PROC_GC_2011_0132,PROC_GC_2011_0130
PROC_GC_2011_0137,PROC_GC_2011_0130
PROC_GC_2011_0139,PROC_GC_2011_0130
PROC_GC_2011_0140,PROC_GC_2011_0130
PROC_GC_2011_0141,PROC_GC_2011_0130
PROC_GC_2011_0144,PROC_GC_2011_0130
PROC_GC_2011_0145,PROC_GC_2011_0130
PROC_GC_2011_0146,PROC_GC_2011_0130
PROC_GC_2011_0147,PROC_GC_2011_0130
PROC_GC_2011_0148,PROC_GC_2011_0130
PROC_GC_2011_0163,PROC_GC_2011_0162
PROC_GC_2011_0182,PROC_GC_2011_0130
PROC_GC_2011_0198_P,PROC_GC_2011_0197_P
PROC_GC_2011_0262,PROC_GC_2011_0233
PROC_GC_2011_0276,PROC_GC_2011_0229
PROC_GC_2011_0290,PROC_GC_2011_0289
PROC_GC_2011_0322,PROC_GC_2011_0321
PROC_GC_2011_0347,PROC_GC_2011_0346
PROC_GC_2011_0458,PROC_GC_2011_0195
PROC_GC_2011_0482,PROC_GC_2010_0454
PROC_GC_2011_0490,PROC_GC_2011_0432
PROC_GC_2011_0508,PROC_GC_2011_0208
PROC_GC_2011_0521,PROC_GC_2011_0289
PROC_GC_2011_0567,PROC_GC_2011_0566
PROC_GC_2011_0567_DEP,PROC_GC_2011_0566_DEP
PROC_GC_2011_0583,PROC_GC_2011_0582
PROC_GC_2011_0649,PROC_GC_2011_0432
PROC_GC_2011_0651,PROC_GC_2011_0432
PROC_GC_2012_0016,PROC_GC_2012_0015
PROC_GC_2012_0056,PROC_GC_2011_0420
PROC_GC_2012_0088,PROC_GC_2011_0445
PROC_GC_2012_0097,PROC_GC_2011_0432
PROC_GC_2012_0098,PROC_GC_2011_0433
PROC_GC_2012_0099,PROC_GC_2011_0432
PROC_GC_2012_0100,PROC_GC_2011_0432
PROC_GC_2012_0101,PROC_GC_2011_0432
PROC_GC_2012_0102,PROC_GC_2011_0432
PROC_GC_2012_0157,PROC_GC_2011_0479
PROC_GC_2012_0157_REC,PROC_GC_2011_0479_REC
PROC_GC_2012_0157_RENV,PROC_GC_2011_0479_RENV
PROC_GC_2012_0181,PROC_GC_2012_0042
PROC_GC_2012_0182,PROC_GC_2012_0128
PROC_GC_2012_0183,PROC_GC_2012_0040
PROC_GC_2012_0269,PROC_GC_2012_0249
PROC_GC_2012_0280,PROC_GC_2012_0091
PROC_GC_2012_0292,PROC_GC_2011_0604
PROC_GC_2012_0321,PROC_GC_2012_0319
PROC_GC_2012_0332,PROC_GC_2012_0325
PROC_GC_2012_0369,PROC_GC_2011_0102
PROC_GC_2012_0370,PROC_GC_2011_0102
PROC_GC_2012_0371,PROC_GC_2011_0102
PROC_GC_2012_0438,PROC_GC_2010_0426
PROC_GC_2012_0439,PROC_GC_2010_0426
PROC_GC_2012_0440,PROC_GC_2010_0426
PROC_GC_2012_0441,PROC_GC_2010_0428
PROC_GC_2012_0446,PROC_GC_2011_0432
PROC_GC_2012_0448,PROC_GC_2011_0195
PROC_GC_2012_0496,PROC_GC_2012_0495
PROC_GC_2012_0497,PROC_GC_2012_0495
PROC_GC_2012_0535,PROC_GC_2012_0534
PROC_GC_2012_0542,PROC_GC_2011_0196
PROC_GC_2012_0546,PROC_GC_2012_0544
PROC_GC_2012_0559,PROC_GC_2012_0558
PROC_GC_2013_0023,PROC_GC_2013_0022
PROC_GC_2013_0035,PROC_GC_2013_0034
PROC_GC_2013_0041,PROC_GC_2011_0195
PROC_GC_2013_0074,PROC_GC_2012_0329
PROC_GC_2013_0080,PROC_GC_2012_0174
PROC_GC_2013_0099,PROC_GC_2013_0098
PROC_GC_2013_0117_P,PROC_GC_2013_0116_P
PROC_GC_2013_0117_P_DEP,PROC_GC_2013_0116_P_DEP
PROC_GC_2013_0123,PROC_GC_2013_0122
PROC_GC_2013_0150,PROC_GC_2012_0539
PROC_GC_2013_0152,PROC_GC_2013_0125
PROC_GC_2013_0190,PROC_GC_2013_0186
PROC_GC_2013_0191,PROC_GC_2013_0124
PROC_GC_2013_0193,PROC_GC_2013_0186
PROC_GC_2013_0210,PROC_GC_2012_0241
PROC_GC_2013_0211,PROC_GC_2012_0240
PROC_GC_2013_0382,PROC_GC_2013_0381
PROC_GC_2013_0408,PROC_GC_2012_0307
PROC_GC_2013_0409_DEP,PROC_GC_2010_0413_DEP
PROC_GC_2013_0451,PROC_GC_2013_0429
PROC_GC_2013_0451_REC,PROC_GC_2013_0429_REC
PROC_GC_2013_0464,PROC_GC_2013_0463
PROC_GC_2013_0493,PROC_GC_2013_0492
PROC_GC_2013_0495,PROC_GC_2013_0494
PROC_GC_2013_0660,PROC_GC_2013_0659
PROC_GC_2013_0701,PROC_GC_2013_0700
PROC_GC_2013_0702,PROC_GC_2013_0700
PROC_GC_2013_0703,PROC_GC_2013_0700
PROC_GC_2013_0704,PROC_GC_2013_0700
PROC_GC_2013_0705,PROC_GC_2013_0700
PROC_GC_2013_0709,PROC_GC_2013_0707
PROC_GC_2013_0716,PROC_GC_2013_0711
PROC_GC_2013_0719,PROC_GC_2013_0515
PROC_GC_2013_0719_RENV,PROC_GC_2013_0515_RENV
PROC_GC_2014_0002,PROC_GC_2013_0700
PROC_GC_2014_0004,PROC_GC_2014_0003
PROC_GC_2014_0005,PROC_GC_2014_0003
PROC_GC_2014_0006,PROC_GC_2013_0700
PROC_GC_2014_0010,PROC_GC_2013_0700
PROC_GC_2014_0016,PROC_GC_2013_0700
PROC_GC_2014_0018,PROC_GC_2013_0700
PROC_GC_2014_0024,PROC_GC_2013_0700
PROC_GC_2014_0031,PROC_GC_2014_0029
PROC_GC_2014_0064,PROC_GC_2013_0423
PROC_GC_2014_0086,PROC_GC_2013_0261
PROC_GC_2014_0087,PROC_GC_2014_0014
PROC_GC_2014_0092,PROC_GC_2014_0091
PROC_GC_2014_0097,PROC_GC_2014_0084
PROC_GC_2014_0108,PROC_GC_2013_0546
PROC_GC_2014_0109,PROC_GC_2013_0546
PROC_GC_2014_0112_DEP,PROC_GC_2014_0111_DEP
PROC_GC_2014_0113,PROC_GC_2014_0112
PROC_GC_2014_0113_DEP,PROC_GC_2014_0111_DEP
PROC_GC_2014_0114,PROC_GC_2014_0112
PROC_GC_2014_0114_DEP,PROC_GC_2014_0111_DEP
PROC_GC_2014_0115,PROC_GC_2014_0112
PROC_GC_2014_0115_DEP,PROC_GC_2014_0111_DEP
PROC_GC_2014_0116,PROC_GC_2014_0112
PROC_GC_2014_0116_DEP,PROC_GC_2014_0111_DEP
PROC_GC_2014_0117_DEP,PROC_GC_2014_0111_DEP
PROC_GC_2014_0118_DEP,PROC_GC_2014_0111_DEP
PROC_GC_2014_0119,PROC_GC_2014_0112
PROC_GC_2014_0161,PROC_GC_2014_0158
PROC_GC_2014_0163,PROC_GC_2014_0158
PROC_GC_2014_0293,PROC_GC_2014_0292
PROC_GC_2014_0325,PROC_GC_2014_0322
PROC_GC_2014_0372,PROC_GC_2013_0159
PROC_GC_2014_0373,PROC_GC_2013_0156
PROC_GC_2014_0393,PROC_GC_2014_0392
PROC_GC_2014_0394,PROC_GC_2014_0392
PROC_GC_2014_0397,PROC_GC_2014_0392
PROC_GC_2014_0406,PROC_GC_2014_0401
PROC_GC_2014_0407,PROC_GC_2014_0401
PROC_GC_2014_0408,PROC_GC_2014_0401
PROC_GC_2014_0415,PROC_GC_2014_0401
PROC_GC_2014_0416,PROC_GC_2014_0401
PROC_GC_2014_0417,PROC_GC_2014_0401
PROC_GC_2014_0425,PROC_GC_2014_0424
PROC_GC_2014_0426,PROC_GC_2014_0392
PROC_GC_2014_0427,PROC_GC_2014_0392
PROC_GC_2014_0428,PROC_GC_2014_0392
PROC_GC_2014_0429,PROC_GC_2014_0392
PROC_GC_2014_0433,PROC_GC_2014_0401
PROC_GC_2014_0442,PROC_GC_2014_0401
PROC_GC_2014_0443,PROC_GC_2014_0401
PROC_GC_2014_0461,PROC_GC_2014_0392
PROC_GC_2014_0465,PROC_GC_2013_0700
PROC_GC_2014_0467,PROC_GC_2014_0465
PROC_GC_2014_0469,PROC_GC_2014_0465
PROC_GC_2014_0471,PROC_GC_2014_0465
PROC_GC_2014_0472,PROC_GC_2014_0465
PROC_GC_2014_0473,PROC_GC_2014_0465
PROC_GC_2014_0474,PROC_GC_2014_0465
PROC_GC_2014_0476,PROC_GC_2014_0465
PROC_GC_2014_0477,PROC_GC_2014_0465
PROC_GC_2014_0478,PROC_GC_2014_0465
PROC_GC_2014_0482,PROC_GC_2014_0465
PROC_GC_2014_0483,PROC_GC_2014_0465
PROC_GC_2014_0489,PROC_GC_2014_0488
PROC_GC_2014_0491,PROC_GC_2014_0465
PROC_GC_2014_0501,PROC_GC_2014_0500
PROC_GC_2014_0502,PROC_GC_2014_0500
PROC_GC_2014_0503,PROC_GC_2014_0500
PROC_GC_2014_0504,PROC_GC_2014_0500
PROC_GC_2014_0516_P,PROC_GC_2014_0515_P
PROC_GC_2014_0536,PROC_GC_2014_0510
PROC_GC_2014_0596,PROC_GC_2014_0593
PROC_GC_2014_0601,PROC_GC_2014_0593
PROC_GC_2014_0602,PROC_GC_2014_0593
PROC_GC_2014_0604,PROC_GC_2014_0593
PROC_GC_2014_0605,PROC_GC_2014_0593
PROC_GC_2014_0606,PROC_GC_2014_0593
PROC_GC_2014_0612,PROC_GC_2014_0593
PROC_GC_2014_0728,PROC_GC_2014_0727
PROC_GC_2014_0772,PROC_GC_2014_0589
PROC_GC_2014_0799,PROC_GC_2014_0735
PROC_GC_2014_0829,PROC_GC_2014_0828
PROC_GC_2015_0002,PROC_GC_2013_0694
PROC_GC_2015_0017,PROC_GC_2014_0353
PROC_GC_2015_0038,PROC_GC_2015_0037
PROC_GC_2015_0097_DEP,PROC_GC_2015_0096_DEP
PROC_GC_2015_0102,PROC_GC_2015_0101
PROC_GC_2015_0130,PROC_GC_2015_0129
PROC_GC_2015_0158,PROC_GC_2015_0012
PROC_GC_2015_0197,PROC_GC_2015_0015
PROC_GC_2015_0257,PROC_GC_2015_0252
PROC_GC_2015_0258,PROC_GC_2015_0012
PROC_GC_2015_0260,PROC_GC_2015_0256
PROC_GC_2015_0272,PROC_GC_2015_0268
PROC_GC_2015_0280,PROC_GC_2015_0279
PROC_GC_2015_0281,PROC_GC_2015_0279
PROC_GC_2015_0282,PROC_GC_2015_0279
PROC_GC_2015_0317,PROC_GC_2015_0313
PROC_GC_2015_0340,PROC_GC_2015_0339
PROC_GC_2015_0341,PROC_GC_2015_0339
PROC_GC_2015_0342,PROC_GC_2015_0339
PROC_GC_2015_0343,PROC_GC_2015_0339
PROC_GC_2015_0347,PROC_GC_2015_0107
PROC_GC_2015_0352,PROC_GC_2014_0639_RENV
PROC_GC_2015_0421,PROC_GC_2013_0481
PROC_GC_2015_0423,PROC_GC_2015_0422
PROC_GC_2015_0426,PROC_GC_2015_0425
PROC_GC_2015_0426_DEP,PROC_GC_2015_0425_DEP
PROC_GC_2015_0426_DEP_II,PROC_GC_2015_0425_DEP_II
PROC_GC_2015_0428,PROC_GC_2015_0425
PROC_GC_2015_0428_DEP,PROC_GC_2015_0425_DEP
PROC_GC_2015_0428_DEP_II,PROC_GC_2015_0425_DEP_II
PROC_GC_2015_0484,PROC_GC_2015_0306
PROC_GC_2015_0555,PROC_GC_2015_0554
PROC_GC_2015_0587,PROC_GC_2013_0045_RENV
PROC_GC_2015_0610,PROC_GC_2014_0101
PROC_GC_2015_0640,PROC_GC_2015_0639
PROC_GC_2015_0641,PROC_GC_2015_0639
PROC_GC_2015_0642,PROC_GC_2015_0639
PROC_GC_2015_0643,PROC_GC_2015_0639
PROC_GC_2015_0644,PROC_GC_2015_0639
PROC_GC_2015_0645,PROC_GC_2015_0639
PROC_GC_2015_0646,PROC_GC_2015_0639
PROC_GC_2015_0647,PROC_GC_2015_0639
PROC_GC_2015_0648,PROC_GC_2015_0639
PROC_GC_2015_0649,PROC_GC_2015_0639
PROC_GC_2015_0650,PROC_GC_2015_0639
PROC_GC_2015_0651,PROC_GC_2015_0639
PROC_GC_2015_0652,PROC_GC_2015_0639
PROC_GC_2015_0653,PROC_GC_2015_0639
PROC_GC_2015_0654,PROC_GC_2015_0639
PROC_GC_2015_0655,PROC_GC_2015_0639
PROC_GC_2015_0656,PROC_GC_2015_0639
PROC_GC_2015_0657,PROC_GC_2015_0639
PROC_GC_2015_0658,PROC_GC_2015_0639
PROC_GC_2015_0659,PROC_GC_2015_0639
PROC_GC_2015_0660,PROC_GC_2015_0639
PROC_GC_2015_0661,PROC_GC_2015_0639
PROC_GC_2015_0662,PROC_GC_2015_0639
PROC_GC_2015_0663,PROC_GC_2015_0639
PROC_GC_2015_0664,PROC_GC_2015_0639
PROC_GC_2015_0665,PROC_GC_2015_0639
PROC_GC_2015_0666,PROC_GC_2015_0639
PROC_GC_2015_0679,PROC_GC_2015_0678
PROC_GC_2015_0694,PROC_GC_2015_0624_RENV
PROC_GC_2015_0694_RENV,PROC_GC_2015_0624_RENV
PROC_GC_2015_0704,PROC_GC_2015_0624_RENV
PROC_GC_2015_0704_RENV,PROC_GC_2015_0624_RENV
PROC_GC_2015_0723,PROC_GC_2015_0722
PROC_GC_2015_0724,PROC_GC_2015_0722
PROC_GC_2015_0759,PROC_GC_2015_0755
PROC_GC_2016_0094,PROC_GC_2015_0639
PROC_GC_2016_0134,PROC_GC_2016_0133
PROC_GC_2016_0135,PROC_GC_2016_0133
PROC_GC_2016_0136,PROC_GC_2016_0133
PROC_GC_2016_0196,PROC_GC_2016_0098
PROC_GC_2016_0198,PROC_GC_2016_0098
PROC_GC_2016_0263,PROC_GC_2016_0131
PROC_GC_2016_0264,PROC_GC_2015_0533
PROC_GC_2016_0265,PROC_GC_2016_0263_RENV
PROC_GC_2016_0275,PROC_GC_2016_0274
PROC_GC_2016_0283,PROC_GC_2016_0282
PROC_GC_2016_0311,PROC_GC_2016_0263_RENV
PROC_GC_2016_0319,PROC_GC_2016_0263_RENV
PROC_GC_2016_0321,PROC_GC_2016_0263_RENV
PROC_GC_2016_0324,PROC_GC_2016_0266
PROC_GC_2016_0335,PROC_GC_2016_0201
PROC_GC_2016_0343,PROC_GC_2016_0263_RENV
PROC_GC_2016_0350,PROC_GC_2016_0263_RENV
PROC_GC_2016_0351,PROC_GC_2016_0266
PROC_GC_2016_0352,PROC_GC_2016_0339
PROC_GC_2016_0357,PROC_GC_2016_0201
PROC_GC_2016_0363,PROC_GC_2016_0266
PROC_GC_2016_0369,PROC_GC_2016_0201
PROC_GC_2016_0370,PROC_GC_2016_0278
PROC_GC_2016_0371,PROC_GC_2016_0266
PROC_GC_2016_0388,PROC_GC_2016_0266
PROC_GC_2016_0391,PROC_GC_2016_0339
PROC_GC_2016_0428,PROC_GC_2016_0427
PROC_GC_2016_0429,PROC_GC_2016_0427
PROC_GC_2016_0435,PROC_GC_2016_0314
PROC_GC_2016_0443,PROC_GC_2016_0401
PROC_GC_2016_0444,PROC_GC_2016_0263_RENV
PROC_GC_2016_0495_RENV_II,PROC_GC_2016_0495_RENV
PROC_GC_2016_0505,PROC_GC_2016_0504
PROC_GC_2016_0536,PROC_GC_2016_0516
PROC_GC_2016_0542,PROC_GC_2016_0523
PROC_GC_2016_0544,PROC_GC_2016_0543
PROC_GC_2016_0599,PROC_GC_2016_0568
PROC_GC_2016_0636,PROC_GC_2015_0760
PROC_GC_2016_0645,PROC_GC_2016_0377
PROC_GC_2016_0681,PROC_GC_2016_0467
PROC_GC_2016_0697_REV,PROC_GC_2016_0696_REV
PROC_GC_2016_0790,PROC_GC_2016_0861
PROC_GC_2016_0800,PROC_GC_2016_0263_RENV
PROC_GC_2016_0809,PROC_GC_2016_0377
PROC_GC_2016_0832,PROC_GC_2016_0263_RENV
PROC_GC_2016_0861,PROC_GC_2016_0790
PROC_GC_2016_0867,PROC_GC_2016_0858
PROC_GC_2016_0892,PROC_GC_2016_0778
PROC_GC_2016_0911,PROC_GC_2016_0910
PROC_GC_2017_0010_DEP,PROC_GC_2016_0914_DEP
PROC_GC_2017_0137,PROC_GC_2016_0641_RENV
PROC_GC_2017_0194,PROC_GC_2017_0193
PROC_GC_2017_0195,PROC_GC_2017_0193
PROC_GC_2017_0224_DEP,PROC_GC_2017_0223_DEP
PROC_GC_2017_0225_DEP,PROC_GC_2017_0223_DEP
PROC_GC_2017_0226_DEP,PROC_GC_2017_0223_DEP
PROC_GC_2017_0252,PROC_GC_2017_0251
PROC_GC_2017_0285,PROC_GC_2016_0244
PROC_GC_2017_0286,PROC_GC_2016_0245
PROC_GC_2017_0403,PROC_GC_2017_0402
PROC_GC_2017_0496,PROC_GC_2017_0495
PROC_GC_2017_0596,PROC_GC_2017_0236
PROC_GC_2017_0624,PROC_GC_2016_0836
PROC_GC_2017_0682_DEP,PROC_GC_2017_0681_DEP
PROC_GC_2017_0683_DEP,PROC_GC_2017_0681_DEP
PROC_GC_2017_0704,PROC_GC_2017_0695
PROC_GC_2017_0722,PROC_GC_2017_0721
PROC_GC_2017_0740,PROC_GC_2014_0639_RENV
PROC_GC_2017_0740_RENV,PROC_GC_2014_0639_RENV_II
PROC_GC_2017_0770,PROC_GC_2017_0748
PROC_GC_2018_0004,PROC_GC_2018_0003
PROC_GC_2018_0090,PROC_GC_2018_0089
PROC_GC_2018_0118,PROC_GC_2018_0117
PROC_GC_2018_0119,PROC_GC_2018_0117
PROC_GC_2018_0120,PROC_GC_2018_0117
PROC_GC_2018_0121,PROC_GC_2018_0117
PROC_GC_2018_0153,PROC_GC_2018_0152
PROC_GC_2018_0154,PROC_GC_2018_0152
PROC_GC_2018_0155,PROC_GC_2018_0152
PROC_GC_2018_0224,PROC_GC_2016_0786
PROC_GC_2018_0318,PROC_GC_2017_0816
PROC_GC_2018_0338,PROC_GC_2018_0335
PROC_GC_2018_0345,PROC_GC_2018_0150
PROC_GC_2018_0347_R,PROC_GC_2018_0337_R
PROC_GC_2018_0347,PROC_GC_2018_0337
PROC_GC_2018_0454_DEP,PROC_GC_2018_0453_DEP
PROC_GC_2018_0525,PROC_GC_2018_0516
PROC_GC_2018_0567,PROC_GC_2018_0077
PROC_GC_2018_0584,PROC_GC_2018_0351
PROC_GC_2018_0584_REC,PROC_GC_2018_0351_REC
PROC_GC_2019_0072,PROC_GC_2019_0030
PROC_GC_2019_0081,PROC_GC_2018_0721
PROC_GC_2019_0088,PROC_GC_2019_0084
PROC_GC_2019_0089,PROC_GC_2019_0084
PROC_GC_2019_0090,PROC_GC_2019_0084
PROC_GC_2019_0091,PROC_GC_2019_0084
PROC_GC_2019_0092,PROC_GC_2019_0084
PROC_GC_2019_0093,PROC_GC_2019_0084
PROC_GC_2019_0094,PROC_GC_2019_0084
PROC_GC_2019_0095,PROC_GC_2019_0084
PROC_GC_2019_0096,PROC_GC_2019_0084
PROC_GC_2019_0097,PROC_GC_2019_0084
PROC_GC_2019_0098,PROC_GC_2019_0084
PROC_GC_2019_0112,PROC_GC_2019_0103
PROC_GC_2019_0132,PROC_GC_2019_0102
PROC_GC_2019_0140,PROC_GC_2018_0671
PROC_GC_2019_0148,PROC_GC_2014_0316_RENV
PROC_GC_2019_0184,PROC_GC_2018_0724
PROC_GC_2019_0234,PROC_GC_2019_0233
PROC_GC_2019_0327,PROC_GC_2018_0335
PROC_GC_2019_0346,PROC_GC_2019_0345
PROC_GC_2019_0348,PROC_GC_2019_0347
PROC_GC_2019_0351,PROC_GC_2019_0281
PROC_GC_2019_0356,PROC_GC_2019_0344
PROC_GC_2019_0364,PROC_GC_2019_0345
PROC_GC_2019_0365,PROC_GC_2019_0345
PROC_GC_2019_0373,PROC_GC_2019_0345
PROC_GC_2019_0374,PROC_GC_2019_0345
PROC_GC_2019_0375,PROC_GC_2019_0345
PROC_GC_2019_0385,PROC_GC_2019_0345
PROC_GC_2019_0390,PROC_GC_2019_0389
PROC_GC_2019_0391,PROC_GC_2019_0389
PROC_GC_2019_0392,PROC_GC_2019_0389
PROC_GC_2019_0393,PROC_GC_2019_0389
PROC_GC_2019_0394,PROC_GC_2019_0389
PROC_GC_2019_0396,PROC_GC_2019_0395
PROC_GC_2019_0397,PROC_GC_2019_0389
PROC_GC_2019_0398,PROC_GC_2019_0389
PROC_GC_2019_0400,PROC_GC_2018_0386
PROC_GC_2019_0403,PROC_GC_2019_0389
PROC_GC_2019_0404,PROC_GC_2019_0389
PROC_GC_2019_0405,PROC_GC_2019_0395
PROC_GC_2019_0406,PROC_GC_2019_0389
PROC_GC_2019_0407,PROC_GC_2019_0389
PROC_GC_2019_0408,PROC_GC_2019_0395
PROC_GC_2019_0409,PROC_GC_2019_0389
PROC_GC_2019_0410,PROC_GC_2019_0389
PROC_GC_2019_0411,PROC_GC_2019_0389
PROC_GC_2019_0412,PROC_GC_2019_0389
PROC_GC_2019_0413,PROC_GC_2019_0389
PROC_GC_2019_0414,PROC_GC_2019_0389
PROC_GC_2019_0416,PROC_GC_2019_0389
PROC_GC_2019_0417,PROC_GC_2019_0389
PROC_GC_2019_0418,PROC_GC_2019_0389
PROC_GC_2019_0419,PROC_GC_2019_0395
PROC_GC_2019_0420,PROC_GC_2019_0389
PROC_GC_2019_0421,PROC_GC_2019_0389
PROC_GC_2019_0422,PROC_GC_2019_0389
PROC_GC_2019_0423,PROC_GC_2019_0395
PROC_GC_2019_0424,PROC_GC_2019_0395
PROC_GC_2019_0425,PROC_GC_2019_0389
PROC_GC_2019_0426,PROC_GC_2019_0389
PROC_GC_2019_0427,PROC_GC_2019_0389
PROC_GC_2019_0428,PROC_GC_2019_0395
PROC_GC_2019_0429,PROC_GC_2019_0389
PROC_GC_2019_0430,PROC_GC_2019_0389
PROC_GC_2019_0431,PROC_GC_2019_0389
PROC_GC_2019_0432,PROC_GC_2019_0389
PROC_GC_2019_0433,PROC_GC_2019_0395
PROC_GC_2019_0435,PROC_GC_2019_0389
PROC_GC_2019_0436,PROC_GC_2019_0389
PROC_GC_2019_0437,PROC_GC_2019_0395
PROC_GC_2019_0438,PROC_GC_2019_0389
PROC_GC_2019_0439,PROC_GC_2019_0389
PROC_GC_2019_0440,PROC_GC_2019_0389
PROC_GC_2019_0441,PROC_GC_2019_0389
PROC_GC_2019_0442,PROC_GC_2019_0389
PROC_GC_2019_0443,PROC_GC_2019_0395
PROC_GC_2019_0444,PROC_GC_2019_0389
PROC_GC_2019_0445,PROC_GC_2019_0389
PROC_GC_2019_0446,PROC_GC_2019_0389
PROC_GC_2019_0448,PROC_GC_2019_0389
PROC_GC_2019_0450,PROC_GC_2019_0389
PROC_GC_2019_0451,PROC_GC_2019_0389
PROC_GC_2019_0452,PROC_GC_2019_0389
PROC_GC_2019_0453,PROC_GC_2019_0389
PROC_GC_2019_0454,PROC_GC_2019_0389
PROC_GC_2019_0455,PROC_GC_2019_0395
PROC_GC_2019_0456,PROC_GC_2019_0363
PROC_GC_2019_0458,PROC_GC_2019_0395
PROC_GC_2019_0459,PROC_GC_2019_0395
PROC_GC_2019_0460,PROC_GC_2019_0395
PROC_GC_2019_0461,PROC_GC_2019_0395
PROC_GC_2019_0462,PROC_GC_2019_0395
PROC_GC_2019_0463,PROC_GC_2019_0389
PROC_GC_2019_0464,PROC_GC_2019_0395
PROC_GC_2019_0465,PROC_GC_2019_0389
PROC_GC_2019_0469,PROC_GC_2019_0395
PROC_GC_2019_0477,PROC_GC_2019_0395
PROC_GC_2019_0704,PROC_GC_2019_0684
PROC_GC_2019_0721,PROC_GC_2019_0720
PROC_GC_2019_0722,PROC_GC_2019_0720
PROC_GC_2019_0723,PROC_GC_2019_0720
PROC_GC_2019_0724,PROC_GC_2019_0720
PROC_GC_2019_0725,PROC_GC_2019_0720
PROC_GC_2020_0123,PROC_GC_2020_0122
PROC_GC_2020_0129,PROC_GC_2020_0128
PROC_GC_2020_0232_DEP,PROC_GC_2020_0227_DEP
PROC_GC_2020_0241,PROC_GC_2020_0240
PROC_GC_2020_0242,PROC_GC_2020_0240
PROC_GC_2020_0243,PROC_GC_2020_0240
PROC_GC_2020_0244,PROC_GC_2020_0240
PROC_GC_2020_0245,PROC_GC_2020_0240
PROC_GC_2020_0283,PROC_GC_2020_0279
PROC_GC_2020_0288,PROC_GC_2020_0279
PROC_GC_2020_0303,PROC_GC_2020_0302
PROC_GC_2020_0307,PROC_GC_2020_0302
PROC_GC_2020_0554,PROC_GC_2020_0371
PROC_GC_2020_0683_DEP,PROC_GC_2020_0682_DEP
PROC_GC_2020_0684_DEP,PROC_GC_2020_0682_DEP
PROC_GC_2020_0686_DEP,PROC_GC_2020_0685_DEP
PROC_GC_2020_0721,PROC_GC_2020_0649
PROC_GC_2020_0759,PROC_GC_2020_0758
PROC_GC_2020_0767,PROC_GC_2020_0649
PROC_GC_2021_0027,PROC_GC_2021_0026
PROC_GC_2021_0028,PROC_GC_2021_0026
PROC_GC_2021_0050,PROC_GC_2021_0023
PROC_GC_2021_0051,PROC_GC_2021_0023
PROC_GC_2021_0087,PROC_GC_2021_0034
PROC_GC_2021_0213,PROC_GC_2021_0101
PROC_GC_2021_0363,PROC_GC_2021_0362
PROC_GC_2021_0406,PROC_GC_2021_0386
PROC_GC_2021_0432,PROC_GC_2021_0367
PROC_GC_2021_0449,PROC_GC_2021_0441
PROC_GC_2021_0453,PROC_GC_2021_0441
PROC_GC_2021_0455,PROC_GC_2021_0441
PROC_GC_2021_0456,PROC_GC_2021_0441
PROC_GC_2021_0462,PROC_GC_2021_0441
PROC_GC_2021_0564,PROC_GC_2021_0563
PROC_GC_2021_0590,PROC_GC_2021_0562
PROC_GC_2021_0683,PROC_GC_2021_0682
PROC_GC_2021_0722,PROC_GC_2021_0710
PROC_GC_2021_0723,PROC_GC_2021_0710
PROC_GC_2022_0069,PROC_GC_2021_0739
PROC_GC_2022_0099,PROC_GC_2021_0647
PROC_GC_2022_0099_DEP,PROC_GC_2021_0647
PROC_GC_2022_0132,PROC_GC_2022_0131
PROC_GC_2022_0167_DEP,PROC_GC_2022_0163_DEP
PROC_GC_2022_0198,PROC_GC_2022_0197
PROC_GC_2022_0215,PROC_GC_2021_0097
PROC_GC_2022_0216,PROC_GC_2021_0523
PROC_GC_2022_0219,PROC_GC_2022_0218
PROC_GC_2022_0242,PROC_GC_2022_0221
PROC_GC_2022_0256,PROC_GC_2021_0262
PROC_GC_2022_0257,PROC_GC_2021_0263
PROC_GC_2022_0298_DEP,PROC_GC_2022_0297_DEP
PROC_GC_2022_0314,PROC_GC_2022_0200
PROC_GC_2022_0417,PROC_GC_2022_0236
PROC_GC_2022_0461,PROC_GC_2022_0460
PROC_GC_2022_0464,PROC_GC_2022_0460
PROC_GC_2022_0531,PROC_GC_2022_0530
PROC_GC_2022_0532,PROC_GC_2022_0530
PROC_GC_2022_0533,PROC_GC_2022_0530
PROC_GC_2022_0550,PROC_GC_2022_0460
PROC_GC_2022_0551,PROC_GC_2022_0460
PROC_GC_2022_0553,PROC_GC_2022_0460
PROC_GC_2022_0660,PROC_GC_2022_0588
PROC_GC_2022_0684,PROC_GC_2022_0683
PROC_GC_2022_0685,PROC_GC_2022_0683
PROC_GC_2022_0686,PROC_GC_2022_0683
PROC_GC_2022_0687,PROC_GC_2022_0683
PROC_GC_2022_0688,PROC_GC_2022_0683
PROC_GC_2022_0690,PROC_GC_2022_0683
PROC_GC_2022_0691,PROC_GC_2022_0683
PROC_GC_2022_0692,PROC_GC_2022_0683
PROC_GC_2022_0693,PROC_GC_2022_0683
PROC_GC_2022_0695,PROC_GC_2022_0683
PROC_GC_2022_0696,PROC_GC_2022_0683
PROC_GC_2022_0697,PROC_GC_2022_0683
PROC_GC_2022_0698,PROC_GC_2022_0683
PROC_GC_2022_0699,PROC_GC_2022_0683
PROC_GC_2022_0700,PROC_GC_2022_0683
PROC_GC_2022_0701,PROC_GC_2022_0683
PROC_GC_2022_0704,PROC_GC_2022_0702
PROC_GC_2022_0705,PROC_GC_2022_0702
PROC_GC_2022_0707,PROC_GC_2022_0683
PROC_GC_2022_0708,PROC_GC_2022_0683
PROC_GC_2022_0710,PROC_GC_2022_0702
PROC_GC_2022_0711,PROC_GC_2022_0702
PROC_GC_2022_0712,PROC_GC_2022_0702
PROC_GC_2022_0715,PROC_GC_2022_0714
PROC_GC_2022_0720,PROC_GC_2022_0713
PROC_GC_2022_0723,PROC_GC_2022_0718
PROC_GC_2022_0725,PROC_GC_2022_0724
PROC_GC_2022_0731,PROC_GC_2022_0607
PROC_GC_2022_0739,PROC_GC_2022_0309
PROC_GC_2022_0752,PROC_GC_2022_0751
PROC_GC_2022_0761,PROC_GC_2022_0751
PROC_GC_2022_0763,PROC_GC_2022_0290
PROC_GC_2022_0805,PROC_GC_2022_0804
PROC_GC_2022_0806,PROC_GC_2022_0804
PROC_GC_2022_0807,PROC_GC_2022_0804
PROC_GC_2022_0808,PROC_GC_2022_0804
PROC_GC_2022_0809,PROC_GC_2022_0804
PROC_GC_2022_0811,PROC_GC_2022_0804
PROC_GC_2022_0812,PROC_GC_2022_0804
PROC_GC_2022_0813,PROC_GC_2022_0804
PROC_GC_2022_0814,PROC_GC_2022_0804
PROC_GC_2022_0815,PROC_GC_2022_0804
PROC_GC_2022_0816,PROC_GC_2022_0804
PROC_GC_2022_0817,PROC_GC_2022_0804
PROC_GC_2022_0818,PROC_GC_2022_0804
PROC_GC_2022_0819,PROC_GC_2022_0804
PROC_GC_2022_0820,PROC_GC_2022_0804
PROC_GC_2022_0821,PROC_GC_2022_0804
PROC_GC_2022_0822,PROC_GC_2022_0804
PROC_GC_2022_0823,PROC_GC_2022_0804
PROC_GC_2022_0824,PROC_GC_2022_0804
PROC_GC_2022_0825,PROC_GC_2022_0804
PROC_GC_2022_0826,PROC_GC_2022_0804
PROC_GC_2023_0065,PROC_GC_2023_0064
PROC_GC_2023_0066,PROC_GC_2023_0064
PROC_GC_2023_0068,PROC_GC_2023_0059
PROC_GC_2023_0084,PROC_GC_2023_0070
PROC_GC_2023_0111,PROC_GC_2023_0070
PROC_GC_2023_0156,PROC_GC_2022_0830
PROC_GC_2023_0335,PROC_GC_2023_0334
PROC_GC_2023_0336,PROC_GC_2023_0334
PROC_GC_2023_0337,PROC_GC_2023_0334
PROC_GC_2023_0362,PROC_GC_2023_0361
PROC_GC_2023_0363,PROC_GC_2023_0361
PROC_GC_2023_0364,PROC_GC_2023_0361
PROC_GC_2023_0609,PROC_GC_2023_0608
PROC_GC_2023_0611,PROC_GC_2023_0608
PROC_GC_2023_0612,PROC_GC_2023_0600
PROC_GC_2023_1067,PROC_GC_2023_1066
PROC_GC_2023_1068,PROC_GC_2023_1066
PROC_GC_2023_1069,PROC_GC_2023_1066
PROC_GC_2023_1176,PROC_GC_2023_0295
PROC_GC_2024_0122,PROC_GC_2024_0121
PROC_GC_2024_0123,PROC_GC_2024_0121
PROC_GC_2024_0124,PROC_GC_2024_0121
PROC_GC_2024_0125,PROC_GC_2024_0121
PROC_GC_2024_0126,PROC_GC_2024_0121
PROC_GC_2024_0127,PROC_GC_2024_0121
PROC_GC_2024_0129,PROC_GC_2024_0121
PROC_GC_2024_0136,PROC_GC_2024_0135
PROC_GC_2024_0137,PROC_GC_2024_0135
PROC_GC_2024_0192,PROC_GC_2024_0191
PROC_GC_2024_0193,PROC_GC_2024_0191
PROC_GC_2024_0224,PROC_GC_2023_0435
PROC_GC_2025_0163,PROC_GC_2025_0156
PROC_CST_2005_0007,PROC_CST_2005_0005
PROC_CST_2005_0010,PROC_CST_2005_0008
PROC_CST_2005_0020,PROC_CST_2005_0014
PROC_CST_2006_0018,PROC_CST_2005_0051
PROC_CST_2006_0075,PROC_CST_2006_0027
PROC_CST_2006_0094,PROC_CST_2006_0044
PROC_CST_2006_0096,PROC_CST_2005_0124
PROC_CST_2008_0008,PROC_CST_2007_0134
PROC_CST_2008_0034,PROC_CST_2008_0020
PROC_CST_2008_0037,PROC_CST_2006_0138
PROC_CST_2008_0045,PROC_CST_2007_0099
PROC_CST_2008_0060,PROC_CST_2007_0069
PROC_CST_2008_0075,PROC_CST_2008_0020
PROC_CST_2010_0005,PROC_CST_2009_0099
PROC_CST_2010_0017,PROC_CST_2009_0072
PROC_CST_2010_0048,PROC_CST_2009_0088
PROC_CST_2010_0105_R,PROC_CST_2010_0095_R
PROC_CST_2011_0060,PROC_CST_2011_0007
PROC_CST_2012_0030,PROC_CST_2012_0023
PROC_CST_2012_0036,PROC_CST_2011_0095
PROC_CST_2012_0043,PROC_CST_2012_0020
PROC_CST_2012_0051,PROC_CST_2011_0135
PROC_CST_2012_0110,PROC_CST_2011_0135
PROC_CST_2012_0138,PROC_CST_2012_0137
PROC_CST_2012_0139,PROC_CST_2012_0137
PROC_CST_2012_0141,PROC_CST_2012_0137
PROC_CST_2012_0161,PROC_CST_2012_0159
PROC_CST_2013_0010,PROC_CST_2012_0072
PROC_CST_2014_0025,PROC_CST_2013_0106
PROC_CST_2014_0025_DEP,PROC_CST_2013_0106_DEP
PROC_CST_2014_0048,PROC_CST_2014_0001
PROC_CST_2014_0102,PROC_CST_2014_0101
PROC_CST_2014_0103,PROC_CST_2014_0101
PROC_CJ_1958_0010_R,PROC_CJ_1958_0003_R
PROC_CJ_1958_0011_R,PROC_CJ_1958_0003_R
PROC_CJ_1958_0012_R,PROC_CJ_1958_0003_R
PROC_CJ_1958_0013_R,PROC_CJ_1958_0003_R
PROC_CJ_1958_0014_R,PROC_CJ_1958_0003_R
PROC_CJ_1958_0015_R,PROC_CJ_1958_0003_R
PROC_CJ_1958_0016_R,PROC_CJ_1958_0003_R
PROC_CJ_1958_0017_R,PROC_CJ_1958_0003_R
PROC_CJ_1958_0018_R,PROC_CJ_1958_0003_R
PROC_CJ_1958_0025_R,PROC_CJ_1958_0003_R
PROC_CJ_1958_0026_R,PROC_CJ_1958_0003_R
PROC_CJ_1958_0003,PROC_CJ_1958_0003_R
PROC_CJ_1958_0004_R,PROC_CJ_1958_0003_R
PROC_CJ_1958_0005_R,PROC_CJ_1958_0003_R
PROC_CJ_1958_0006_R,PROC_CJ_1958_0003_R
PROC_CJ_1958_0007_R,PROC_CJ_1958_0003_R
PROC_CJ_1958_0008_R,PROC_CJ_1958_0003_R
PROC_CJ_1958_0009_R,PROC_CJ_1958_0003_R
PROC_CJ_1959_0010_R,PROC_CJ_1959_0002_R
PROC_CJ_1959_0011_R,PROC_CJ_1959_0002_R
PROC_CJ_1959_0012_R,PROC_CJ_1959_0002_R
PROC_CJ_1959_0013_R,PROC_CJ_1959_0002_R
PROC_CJ_1959_0004_R,PROC_CJ_1959_0002_R
PROC_CJ_1959_0005_R,PROC_CJ_1959_0002_R
PROC_CJ_1959_0006_R,PROC_CJ_1959_0002_R
PROC_CJ_1959_0007_R,PROC_CJ_1959_0002_R
PROC_CJ_1959_0008_R,PROC_CJ_1959_0002_R
PROC_CJ_1959_0009_R,PROC_CJ_1959_0002_R
PROC_CJ_1959_0049_R,PROC_CJ_1959_0042
PROC_CJ_1959_0049_TO_R,PROC_CJ_1959_0042
PROC_CJ_1959_0043,PROC_CJ_1959_0043_R
PROC_CJ_1959_0044,PROC_CJ_1959_0043_R
PROC_CJ_1959_0044_R,PROC_CJ_1959_0043_R
PROC_CJ_1959_0045_R,PROC_CJ_1959_0043_R
PROC_CJ_1963_0016_R,PROC_CJ_1962_0035_R
PROC_CJ_1962_0035,PROC_CJ_1962_0035_R
PROC_CJ_1960_0010,PROC_CJ_1960_0002
PROC_CJ_1960_0004,PROC_CJ_1960_0002
PROC_CJ_1960_0005,PROC_CJ_1960_0002
PROC_CJ_1960_0006,PROC_CJ_1960_0002
PROC_CJ_1960_0009,PROC_CJ_1960_0002
PROC_CJ_1963_0070,PROC_CJ_1963_0070_INTP
PROC_CJ_1963_0098,PROC_CJ_1963_0098_R
PROC_CJ_1963_0110,PROC_CJ_1963_0110_INTP
PROC_CJ_1964_0028,PROC_CJ_1964_0028_REV
PROC_CJ_1968_0017,PROC_CJ_1968_0017_DEP
PROC_CJ_1971_0037,PROC_CJ_1971_0037_REV
PROC_CJ_1973_0004,PROC_CJ_1973_0004_EX
PROC_CJ_1973_0007_R,PROC_CJ_1973_0006_R
PROC_CJ_1973_0115,PROC_CJ_1973_0115_REV
PROC_CJ_1973_0161_R,PROC_CJ_1973_0160_R
PROC_CJ_1973_0161_R_II,PROC_CJ_1973_0160_R_II
PROC_CJ_1973_0170_R_II,PROC_CJ_1973_0160_R_II
PROC_CJ_1975_0056,PROC_CJ_1975_0056_REV
PROC_CJ_1976_0061_R_I,PROC_CJ_1976_0061_R
PROC_CJ_1976_0126,PROC_CJ_1976_0126_DEP
PROC_CJ_1977_0061_R,PROC_CJ_1977_0061_R_II
PROC_CJ_1977_0113_R_INTP,PROC_CJ_1977_0113_R
PROC_CJ_1978_0116,PROC_CJ_1978_0116_REV
PROC_CJ_1978_0210_R,PROC_CJ_1978_0209_R
PROC_CJ_1978_0211_R,PROC_CJ_1978_0209_R
PROC_CJ_1978_0212_R,PROC_CJ_1978_0209_R
PROC_CJ_1978_0213_R,PROC_CJ_1978_0209_R
PROC_CJ_1978_0214_R,PROC_CJ_1978_0209_R
PROC_CJ_1978_0215_R,PROC_CJ_1978_0209_R
PROC_CJ_1978_0218_R,PROC_CJ_1978_0209_R
PROC_CJ_1979_0024,PROC_CJ_1979_0024_DEP
PROC_CJ_1979_0107,PROC_CJ_1979_0107_REV
PROC_CJ_1979_0161,PROC_CJ_1979_0159
PROC_CJ_1979_0162,PROC_CJ_1979_0159
PROC_CJ_1979_0163,PROC_CJ_1979_0159
PROC_CJ_1979_0164,PROC_CJ_1979_0159
PROC_CJ_1979_0165,PROC_CJ_1979_0159
PROC_CJ_1979_0166,PROC_CJ_1979_0159
PROC_CJ_1979_0167,PROC_CJ_1979_0159
PROC_CJ_1979_0168,PROC_CJ_1979_0159
PROC_CJ_1979_0169,PROC_CJ_1979_0159
PROC_CJ_1979_0170,PROC_CJ_1979_0159
PROC_CJ_1979_0171,PROC_CJ_1979_0159
PROC_CJ_1979_0172,PROC_CJ_1979_0159
PROC_CJ_1979_0173,PROC_CJ_1979_0159
PROC_CJ_1979_0174,PROC_CJ_1979_0159
PROC_CJ_1979_0175,PROC_CJ_1979_0159
PROC_CJ_1979_0176,PROC_CJ_1979_0159
PROC_CJ_1979_0177,PROC_CJ_1979_0159
PROC_CJ_1979_0178,PROC_CJ_1979_0159
PROC_CJ_1979_0179,PROC_CJ_1979_0159
PROC_CJ_1979_0180,PROC_CJ_1979_0159
PROC_CJ_1979_0181,PROC_CJ_1979_0159
PROC_CJ_1979_0182,PROC_CJ_1979_0159
PROC_CJ_1979_0183,PROC_CJ_1979_0159
PROC_CJ_1979_0184,PROC_CJ_1979_0159
PROC_CJ_1979_0185,PROC_CJ_1979_0159
PROC_CJ_1979_0186,PROC_CJ_1979_0159
PROC_CJ_1979_0187,PROC_CJ_1979_0159
PROC_CJ_1979_0188,PROC_CJ_1979_0159
PROC_CJ_1979_0189,PROC_CJ_1979_0159
PROC_CJ_1979_0190,PROC_CJ_1979_0159
PROC_CJ_1979_0191,PROC_CJ_1979_0159
PROC_CJ_1979_0192,PROC_CJ_1979_0159
PROC_CJ_1979_0193,PROC_CJ_1979_0159
PROC_CJ_1979_0194,PROC_CJ_1979_0159
PROC_CJ_1979_0195,PROC_CJ_1979_0159
PROC_CJ_1979_0196,PROC_CJ_1979_0159
PROC_CJ_1979_0197,PROC_CJ_1979_0159
PROC_CJ_1979_0198,PROC_CJ_1979_0159
PROC_CJ_1979_0199,PROC_CJ_1979_0159
PROC_CJ_1979_0200,PROC_CJ_1979_0159
PROC_CJ_1979_0201,PROC_CJ_1979_0159
PROC_CJ_1979_0202,PROC_CJ_1979_0159
PROC_CJ_1979_0203,PROC_CJ_1979_0159
PROC_CJ_1979_0204,PROC_CJ_1979_0159
PROC_CJ_1979_0205,PROC_CJ_1979_0159
PROC_CJ_1979_0206,PROC_CJ_1979_0159
PROC_CJ_1979_0207,PROC_CJ_1979_0159
PROC_CJ_1979_0208,PROC_CJ_1979_0159
PROC_CJ_1979_0209,PROC_CJ_1979_0159
PROC_CJ_1979_0210,PROC_CJ_1979_0159
PROC_CJ_1979_0211,PROC_CJ_1979_0159
PROC_CJ_1979_0212,PROC_CJ_1979_0159
PROC_CJ_1979_0213,PROC_CJ_1979_0159
PROC_CJ_1979_0214,PROC_CJ_1979_0159
PROC_CJ_1979_0215,PROC_CJ_1979_0159
PROC_CJ_1979_0216,PROC_CJ_1979_0159
PROC_CJ_1979_0217,PROC_CJ_1979_0159
PROC_CJ_1979_0218,PROC_CJ_1979_0159
PROC_CJ_1979_0219,PROC_CJ_1979_0159
PROC_CJ_1979_0220,PROC_CJ_1979_0159
PROC_CJ_1979_0221,PROC_CJ_1979_0159
PROC_CJ_1979_0222,PROC_CJ_1979_0159
PROC_CJ_1979_0223,PROC_CJ_1979_0159
PROC_CJ_1979_0224,PROC_CJ_1979_0159
PROC_CJ_1979_0225,PROC_CJ_1979_0159
PROC_CJ_1979_0226,PROC_CJ_1979_0159
PROC_CJ_1979_0227,PROC_CJ_1979_0159
PROC_CJ_1979_0228,PROC_CJ_1979_0159
PROC_CJ_1979_0229,PROC_CJ_1979_0159
PROC_CJ_1979_0230,PROC_CJ_1979_0159
PROC_CJ_1979_0231,PROC_CJ_1979_0159
PROC_CJ_1979_0232,PROC_CJ_1979_0159
PROC_CJ_1979_0233,PROC_CJ_1979_0159
PROC_CJ_1979_0234,PROC_CJ_1979_0159
PROC_CJ_1979_0235,PROC_CJ_1979_0159
PROC_CJ_1979_0236,PROC_CJ_1979_0159
PROC_CJ_1979_0237,PROC_CJ_1979_0159
PROC_CJ_1979_0238,PROC_CJ_1979_0159
PROC_CJ_1979_0239,PROC_CJ_1979_0159
PROC_CJ_1979_0240,PROC_CJ_1979_0159
PROC_CJ_1979_0241,PROC_CJ_1979_0159
PROC_CJ_1979_0242,PROC_CJ_1979_0159
PROC_CJ_1979_0243,PROC_CJ_1979_0159
PROC_CJ_1979_0244,PROC_CJ_1979_0159
PROC_CJ_1979_0245,PROC_CJ_1979_0159
PROC_CJ_1979_0246,PROC_CJ_1979_0159
PROC_CJ_1979_0247,PROC_CJ_1979_0159
PROC_CJ_1979_0248,PROC_CJ_1979_0159
PROC_CJ_1979_0249,PROC_CJ_1979_0159
PROC_CJ_1979_0250,PROC_CJ_1979_0159
PROC_CJ_1979_0251,PROC_CJ_1979_0159
PROC_CJ_1979_0252,PROC_CJ_1979_0159
PROC_CJ_1979_0253,PROC_CJ_1979_0159
PROC_CJ_1979_0254,PROC_CJ_1979_0159
PROC_CJ_1979_0255,PROC_CJ_1979_0159
PROC_CJ_1979_0256,PROC_CJ_1979_0159
PROC_CJ_1979_0257,PROC_CJ_1979_0159
PROC_CJ_1979_0258,PROC_CJ_1979_0159
PROC_CJ_1979_0259,PROC_CJ_1979_0159
PROC_CJ_1979_0260,PROC_CJ_1979_0159
PROC_CJ_1979_0261,PROC_CJ_1979_0159
PROC_CJ_1979_0262,PROC_CJ_1979_0159
PROC_CJ_1979_0263,PROC_CJ_1979_0159
PROC_CJ_1979_0264,PROC_CJ_1979_0159
PROC_CJ_1979_0265,PROC_CJ_1979_0159
PROC_CJ_1979_0266,PROC_CJ_1979_0159
PROC_CJ_1979_0267,PROC_CJ_1979_0159
PROC_CJ_1979_0268,PROC_CJ_1979_0159
PROC_CJ_1979_0269,PROC_CJ_1979_0159
PROC_CJ_1979_0270,PROC_CJ_1979_0159
PROC_CJ_1979_0271,PROC_CJ_1979_0159
PROC_CJ_1979_0272,PROC_CJ_1979_0159
PROC_CJ_1979_0273,PROC_CJ_1979_0159
PROC_CJ_1979_0274,PROC_CJ_1979_0159
PROC_CJ_1979_0275,PROC_CJ_1979_0159
PROC_CJ_1979_0276,PROC_CJ_1979_0159
PROC_CJ_1979_0277,PROC_CJ_1979_0159
PROC_CJ_1979_0278,PROC_CJ_1979_0159
PROC_CJ_1979_0279,PROC_CJ_1979_0159
PROC_CJ_1979_0280,PROC_CJ_1979_0159
PROC_CJ_1979_0281,PROC_CJ_1979_0159
PROC_CJ_1979_0282,PROC_CJ_1979_0159
PROC_CJ_1979_0283,PROC_CJ_1979_0159
PROC_CJ_1979_0284,PROC_CJ_1979_0159
PROC_CJ_1979_0285,PROC_CJ_1979_0159
PROC_CJ_1979_0286,PROC_CJ_1979_0159
PROC_CJ_1979_0287,PROC_CJ_1979_0159
PROC_CJ_1979_0288,PROC_CJ_1979_0159
PROC_CJ_1979_0289,PROC_CJ_1979_0159
PROC_CJ_1979_0290,PROC_CJ_1979_0159
PROC_CJ_1979_0291,PROC_CJ_1979_0159
PROC_CJ_1979_0292,PROC_CJ_1979_0159
PROC_CJ_1979_0293,PROC_CJ_1979_0159
PROC_CJ_1979_0294,PROC_CJ_1979_0159
PROC_CJ_1979_0295,PROC_CJ_1979_0159
PROC_CJ_1979_0296,PROC_CJ_1979_0159
PROC_CJ_1979_0297,PROC_CJ_1979_0159
PROC_CJ_1979_0298,PROC_CJ_1979_0159
PROC_CJ_1979_0299,PROC_CJ_1979_0159
PROC_CJ_1979_0300,PROC_CJ_1979_0159
PROC_CJ_1979_0301,PROC_CJ_1979_0159
PROC_CJ_1979_0302,PROC_CJ_1979_0159
PROC_CJ_1979_0303,PROC_CJ_1979_0159
PROC_CJ_1979_0304,PROC_CJ_1979_0159
PROC_CJ_1979_0305,PROC_CJ_1979_0159
PROC_CJ_1979_0306,PROC_CJ_1979_0159
PROC_CJ_1979_0307,PROC_CJ_1979_0159
PROC_CJ_1979_0308,PROC_CJ_1979_0159
PROC_CJ_1979_0309,PROC_CJ_1979_0159
PROC_CJ_1979_0310,PROC_CJ_1979_0159
PROC_CJ_1979_0311,PROC_CJ_1979_0159
PROC_CJ_1979_0312,PROC_CJ_1979_0159
PROC_CJ_1979_0313,PROC_CJ_1979_0159
PROC_CJ_1979_0314,PROC_CJ_1979_0159
PROC_CJ_1979_0315,PROC_CJ_1979_0159
PROC_CJ_1979_0316,PROC_CJ_1979_0159
PROC_CJ_1979_0317,PROC_CJ_1979_0159
PROC_CJ_1979_0318,PROC_CJ_1979_0159
PROC_CJ_1979_0319,PROC_CJ_1979_0159
PROC_CJ_1979_0320,PROC_CJ_1979_0159
PROC_CJ_1979_0321,PROC_CJ_1979_0159
PROC_CJ_1979_0322,PROC_CJ_1979_0159
PROC_CJ_1979_0323,PROC_CJ_1979_0159
PROC_CJ_1979_0324,PROC_CJ_1979_0159
PROC_CJ_1979_0325,PROC_CJ_1979_0159
PROC_CJ_1979_0326,PROC_CJ_1979_0159
PROC_CJ_1979_0327,PROC_CJ_1979_0159
PROC_CJ_1979_0328,PROC_CJ_1979_0159
PROC_CJ_1979_0329,PROC_CJ_1979_0159
PROC_CJ_1979_0330,PROC_CJ_1979_0159
PROC_CJ_1979_0331,PROC_CJ_1979_0159
PROC_CJ_1979_0332,PROC_CJ_1979_0159
PROC_CJ_1979_0333,PROC_CJ_1979_0159
PROC_CJ_1979_0334,PROC_CJ_1979_0159
PROC_CJ_1979_0335,PROC_CJ_1979_0159
PROC_CJ_1979_0336,PROC_CJ_1979_0159
PROC_CJ_1979_0337,PROC_CJ_1979_0159
PROC_CJ_1979_0338,PROC_CJ_1979_0159
PROC_CJ_1979_0339,PROC_CJ_1979_0159
PROC_CJ_1979_0340,PROC_CJ_1979_0159
PROC_CJ_1979_0341,PROC_CJ_1979_0159
PROC_CJ_1979_0342,PROC_CJ_1979_0159
PROC_CJ_1979_0343,PROC_CJ_1979_0159
PROC_CJ_1979_0344,PROC_CJ_1979_0159
PROC_CJ_1979_0345,PROC_CJ_1979_0159
PROC_CJ_1979_0346,PROC_CJ_1979_0159
PROC_CJ_1979_0347,PROC_CJ_1979_0159
PROC_CJ_1979_0348,PROC_CJ_1979_0159
PROC_CJ_1979_0349,PROC_CJ_1979_0159
PROC_CJ_1979_0350,PROC_CJ_1979_0159
PROC_CJ_1979_0351,PROC_CJ_1979_0159
PROC_CJ_1979_0352,PROC_CJ_1979_0159
PROC_CJ_1979_0353,PROC_CJ_1979_0159
PROC_CJ_1979_0354,PROC_CJ_1979_0159
PROC_CJ_1979_0355,PROC_CJ_1979_0159
PROC_CJ_1979_0356,PROC_CJ_1979_0159
PROC_CJ_1979_0357,PROC_CJ_1979_0159
PROC_CJ_1979_0358,PROC_CJ_1979_0159
PROC_CJ_1979_0359,PROC_CJ_1979_0159
PROC_CJ_1979_0360,PROC_CJ_1979_0159
PROC_CJ_1979_0361,PROC_CJ_1979_0159
PROC_CJ_1979_0362,PROC_CJ_1979_0159
PROC_CJ_1979_0363,PROC_CJ_1979_0159
PROC_CJ_1979_0364,PROC_CJ_1979_0159
PROC_CJ_1979_0365,PROC_CJ_1979_0159
PROC_CJ_1979_0366,PROC_CJ_1979_0159
PROC_CJ_1979_0367,PROC_CJ_1979_0159
PROC_CJ_1979_0368,PROC_CJ_1979_0159
PROC_CJ_1979_0369,PROC_CJ_1979_0159
PROC_CJ_1979_0370,PROC_CJ_1979_0159
PROC_CJ_1979_0371,PROC_CJ_1979_0159
PROC_CJ_1979_0372,PROC_CJ_1979_0159
PROC_CJ_1979_0373,PROC_CJ_1979_0159
PROC_CJ_1979_0374,PROC_CJ_1979_0159
PROC_CJ_1979_0375,PROC_CJ_1979_0159
PROC_CJ_1979_0376,PROC_CJ_1979_0159
PROC_CJ_1979_0377,PROC_CJ_1979_0159
PROC_CJ_1979_0378,PROC_CJ_1979_0159
PROC_CJ_1979_0379,PROC_CJ_1979_0159
PROC_CJ_1979_0380,PROC_CJ_1979_0159
PROC_CJ_1979_0381,PROC_CJ_1979_0159
PROC_CJ_1979_0382,PROC_CJ_1979_0159
PROC_CJ_1979_0383,PROC_CJ_1979_0159
PROC_CJ_1979_0384,PROC_CJ_1979_0159
PROC_CJ_1979_0385,PROC_CJ_1979_0159
PROC_CJ_1979_0386,PROC_CJ_1979_0159
PROC_CJ_1979_0387,PROC_CJ_1979_0159
PROC_CJ_1979_0388,PROC_CJ_1979_0159
PROC_CJ_1979_0389,PROC_CJ_1979_0159
PROC_CJ_1979_0390,PROC_CJ_1979_0159
PROC_CJ_1979_0391,PROC_CJ_1979_0159
PROC_CJ_1979_0392,PROC_CJ_1979_0159
PROC_CJ_1979_0393,PROC_CJ_1979_0159
PROC_CJ_1979_0394,PROC_CJ_1979_0159
PROC_CJ_1979_0395,PROC_CJ_1979_0159
PROC_CJ_1979_0396,PROC_CJ_1979_0159
PROC_CJ_1979_0397,PROC_CJ_1979_0159
PROC_CJ_1979_0398,PROC_CJ_1979_0159
PROC_CJ_1979_0399,PROC_CJ_1979_0159
PROC_CJ_1979_0400,PROC_CJ_1979_0159
PROC_CJ_1979_0401,PROC_CJ_1979_0159
PROC_CJ_1979_0402,PROC_CJ_1979_0159
PROC_CJ_1979_0403,PROC_CJ_1979_0159
PROC_CJ_1979_0404,PROC_CJ_1979_0159
PROC_CJ_1979_0405,PROC_CJ_1979_0159
PROC_CJ_1979_0406,PROC_CJ_1979_0159
PROC_CJ_1979_0407,PROC_CJ_1979_0159
PROC_CJ_1979_0408,PROC_CJ_1979_0159
PROC_CJ_1979_0409,PROC_CJ_1979_0159
PROC_CJ_1979_0410,PROC_CJ_1979_0159
PROC_CJ_1979_0411,PROC_CJ_1979_0159
PROC_CJ_1979_0412,PROC_CJ_1979_0159
PROC_CJ_1979_0413,PROC_CJ_1979_0159
PROC_CJ_1979_0414,PROC_CJ_1979_0159
PROC_CJ_1979_0415,PROC_CJ_1979_0159
PROC_CJ_1979_0416,PROC_CJ_1979_0159
PROC_CJ_1979_0417,PROC_CJ_1979_0159
PROC_CJ_1979_0418,PROC_CJ_1979_0159
PROC_CJ_1979_0419,PROC_CJ_1979_0159
PROC_CJ_1979_0420,PROC_CJ_1979_0159
PROC_CJ_1979_0421,PROC_CJ_1979_0159
PROC_CJ_1979_0422,PROC_CJ_1979_0159
PROC_CJ_1979_0423,PROC_CJ_1979_0159
PROC_CJ_1979_0424,PROC_CJ_1979_0159
PROC_CJ_1979_0425,PROC_CJ_1979_0159
PROC_CJ_1979_0426,PROC_CJ_1979_0159
PROC_CJ_1979_0427,PROC_CJ_1979_0159
PROC_CJ_1979_0428,PROC_CJ_1979_0159
PROC_CJ_1979_0429,PROC_CJ_1979_0159
PROC_CJ_1979_0430,PROC_CJ_1979_0159
PROC_CJ_1979_0431,PROC_CJ_1979_0159
PROC_CJ_1979_0432,PROC_CJ_1979_0159
PROC_CJ_1979_0433,PROC_CJ_1979_0159
PROC_CJ_1979_0434,PROC_CJ_1979_0159
PROC_CJ_1979_0435,PROC_CJ_1979_0159
PROC_CJ_1979_0436,PROC_CJ_1979_0159
PROC_CJ_1979_0437,PROC_CJ_1979_0159
PROC_CJ_1979_0438,PROC_CJ_1979_0159
PROC_CJ_1979_0439,PROC_CJ_1979_0159
PROC_CJ_1979_0440,PROC_CJ_1979_0159
PROC_CJ_1979_0441,PROC_CJ_1979_0159
PROC_CJ_1979_0442,PROC_CJ_1979_0159
PROC_CJ_1979_0443,PROC_CJ_1979_0159
PROC_CJ_1979_0444,PROC_CJ_1979_0159
PROC_CJ_1979_0445,PROC_CJ_1979_0159
PROC_CJ_1979_0446,PROC_CJ_1979_0159
PROC_CJ_1979_0447,PROC_CJ_1979_0159
PROC_CJ_1979_0448,PROC_CJ_1979_0159
PROC_CJ_1979_0449,PROC_CJ_1979_0159
PROC_CJ_1979_0450,PROC_CJ_1979_0159
PROC_CJ_1979_0451,PROC_CJ_1979_0159
PROC_CJ_1979_0452,PROC_CJ_1979_0159
PROC_CJ_1979_0453,PROC_CJ_1979_0159
PROC_CJ_1979_0454,PROC_CJ_1979_0159
PROC_CJ_1979_0455,PROC_CJ_1979_0159
PROC_CJ_1979_0456,PROC_CJ_1979_0159
PROC_CJ_1979_0457,PROC_CJ_1979_0159
PROC_CJ_1979_0458,PROC_CJ_1979_0159
PROC_CJ_1979_0459,PROC_CJ_1979_0159
PROC_CJ_1979_0460,PROC_CJ_1979_0159
PROC_CJ_1979_0461,PROC_CJ_1979_0159
PROC_CJ_1979_0462,PROC_CJ_1979_0159
PROC_CJ_1979_0463,PROC_CJ_1979_0159
PROC_CJ_1979_0464,PROC_CJ_1979_0159
PROC_CJ_1979_0465,PROC_CJ_1979_0159
PROC_CJ_1979_0466,PROC_CJ_1979_0159
PROC_CJ_1979_0467,PROC_CJ_1979_0159
PROC_CJ_1979_0468,PROC_CJ_1979_0159
PROC_CJ_1979_0469,PROC_CJ_1979_0159
PROC_CJ_1979_0470,PROC_CJ_1979_0159
PROC_CJ_1979_0471,PROC_CJ_1979_0159
PROC_CJ_1979_0472,PROC_CJ_1979_0159
PROC_CJ_1979_0473,PROC_CJ_1979_0159
PROC_CJ_1979_0474,PROC_CJ_1979_0159
PROC_CJ_1979_0475,PROC_CJ_1979_0159
PROC_CJ_1979_0476,PROC_CJ_1979_0159
PROC_CJ_1979_0477,PROC_CJ_1979_0159
PROC_CJ_1979_0478,PROC_CJ_1979_0159
PROC_CJ_1979_0479,PROC_CJ_1979_0159
PROC_CJ_1979_0480,PROC_CJ_1979_0159
PROC_CJ_1979_0481,PROC_CJ_1979_0159
PROC_CJ_1979_0482,PROC_CJ_1979_0159
PROC_CJ_1979_0483,PROC_CJ_1979_0159
PROC_CJ_1979_0484,PROC_CJ_1979_0159
PROC_CJ_1979_0485,PROC_CJ_1979_0159
PROC_CJ_1979_0486,PROC_CJ_1979_0159
PROC_CJ_1979_0487,PROC_CJ_1979_0159
PROC_CJ_1979_0488,PROC_CJ_1979_0159
PROC_CJ_1979_0489,PROC_CJ_1979_0159
PROC_CJ_1979_0490,PROC_CJ_1979_0159
PROC_CJ_1979_0491,PROC_CJ_1979_0159
PROC_CJ_1979_0492,PROC_CJ_1979_0159
PROC_CJ_1979_0493,PROC_CJ_1979_0159
PROC_CJ_1979_0494,PROC_CJ_1979_0159
PROC_CJ_1979_0495,PROC_CJ_1979_0159
PROC_CJ_1979_0496,PROC_CJ_1979_0159
PROC_CJ_1979_0497,PROC_CJ_1979_0159
PROC_CJ_1979_0498,PROC_CJ_1979_0159
PROC_CJ_1979_0499,PROC_CJ_1979_0159
PROC_CJ_1979_0500,PROC_CJ_1979_0159
PROC_CJ_1979_0501,PROC_CJ_1979_0159
PROC_CJ_1979_0502,PROC_CJ_1979_0159
PROC_CJ_1979_0503,PROC_CJ_1979_0159
PROC_CJ_1979_0504,PROC_CJ_1979_0159
PROC_CJ_1979_0505,PROC_CJ_1979_0159
PROC_CJ_1979_0506,PROC_CJ_1979_0159
PROC_CJ_1979_0507,PROC_CJ_1979_0159
PROC_CJ_1979_0508,PROC_CJ_1979_0159
PROC_CJ_1979_0509,PROC_CJ_1979_0159
PROC_CJ_1979_0510,PROC_CJ_1979_0159
PROC_CJ_1979_0511,PROC_CJ_1979_0159
PROC_CJ_1979_0512,PROC_CJ_1979_0159
PROC_CJ_1979_0513,PROC_CJ_1979_0159
PROC_CJ_1979_0514,PROC_CJ_1979_0159
PROC_CJ_1979_0515,PROC_CJ_1979_0159
PROC_CJ_1979_0516,PROC_CJ_1979_0159
PROC_CJ_1979_0517,PROC_CJ_1979_0159
PROC_CJ_1979_0518,PROC_CJ_1979_0159
PROC_CJ_1979_0519,PROC_CJ_1979_0159
PROC_CJ_1979_0520,PROC_CJ_1979_0159
PROC_CJ_1979_0521,PROC_CJ_1979_0159
PROC_CJ_1979_0522,PROC_CJ_1979_0159
PROC_CJ_1979_0523,PROC_CJ_1979_0159
PROC_CJ_1979_0524,PROC_CJ_1979_0159
PROC_CJ_1979_0525,PROC_CJ_1979_0159
PROC_CJ_1979_0526,PROC_CJ_1979_0159
PROC_CJ_1979_0527,PROC_CJ_1979_0159
PROC_CJ_1979_0528,PROC_CJ_1979_0159
PROC_CJ_1979_0529,PROC_CJ_1979_0159
PROC_CJ_1979_0533,PROC_CJ_1979_0530
PROC_CJ_1979_0535,PROC_CJ_1979_0530
PROC_CJ_1979_0536,PROC_CJ_1979_0530
PROC_CJ_1979_0537,PROC_CJ_1979_0530
PROC_CJ_1979_0538,PROC_CJ_1979_0530
PROC_CJ_1979_0539,PROC_CJ_1979_0530
PROC_CJ_1979_0540,PROC_CJ_1979_0530
PROC_CJ_1979_0541,PROC_CJ_1979_0530
PROC_CJ_1979_0542,PROC_CJ_1979_0530
PROC_CJ_1979_0544,PROC_CJ_1979_0530
PROC_CJ_1979_0545,PROC_CJ_1979_0530
PROC_CJ_1979_0546,PROC_CJ_1979_0530
PROC_CJ_1979_0547,PROC_CJ_1979_0530
PROC_CJ_1979_0548,PROC_CJ_1979_0530
PROC_CJ_1979_0549,PROC_CJ_1979_0530
PROC_CJ_1979_0550,PROC_CJ_1979_0530
PROC_CJ_1979_0551,PROC_CJ_1979_0530
PROC_CJ_1979_0552,PROC_CJ_1979_0530
PROC_CJ_1979_0553,PROC_CJ_1979_0530
PROC_CJ_1979_0554,PROC_CJ_1979_0530
PROC_CJ_1979_0555,PROC_CJ_1979_0530
PROC_CJ_1979_0556,PROC_CJ_1979_0530
PROC_CJ_1979_0557,PROC_CJ_1979_0530
PROC_CJ_1979_0558,PROC_CJ_1979_0530
PROC_CJ_1979_0559,PROC_CJ_1979_0530
PROC_CJ_1979_0560,PROC_CJ_1979_0530
PROC_CJ_1979_0561,PROC_CJ_1979_0530
PROC_CJ_1979_0562,PROC_CJ_1979_0530
PROC_CJ_1979_0563,PROC_CJ_1979_0530
PROC_CJ_1979_0564,PROC_CJ_1979_0530
PROC_CJ_1979_0565,PROC_CJ_1979_0530
PROC_CJ_1979_0566,PROC_CJ_1979_0530
PROC_CJ_1979_0568,PROC_CJ_1979_0530
PROC_CJ_1979_0569,PROC_CJ_1979_0530
PROC_CJ_1979_0570,PROC_CJ_1979_0530
PROC_CJ_1979_0571,PROC_CJ_1979_0530
PROC_CJ_1979_0572,PROC_CJ_1979_0530
PROC_CJ_1979_0573,PROC_CJ_1979_0530
PROC_CJ_1979_0574,PROC_CJ_1979_0530
PROC_CJ_1979_0575,PROC_CJ_1979_0530
PROC_CJ_1979_0576,PROC_CJ_1979_0530
PROC_CJ_1979_0577,PROC_CJ_1979_0530
PROC_CJ_1979_0578,PROC_CJ_1979_0530
PROC_CJ_1979_0579,PROC_CJ_1979_0530
PROC_CJ_1979_0580,PROC_CJ_1979_0530
PROC_CJ_1979_0581,PROC_CJ_1979_0530
PROC_CJ_1979_0582,PROC_CJ_1979_0530
PROC_CJ_1979_0583,PROC_CJ_1979_0530
PROC_CJ_1979_0584,PROC_CJ_1979_0530
PROC_CJ_1979_0585,PROC_CJ_1979_0530
PROC_CJ_1979_0586,PROC_CJ_1979_0530
PROC_CJ_1979_0587,PROC_CJ_1979_0530
PROC_CJ_1979_0588,PROC_CJ_1979_0530
PROC_CJ_1979_0589,PROC_CJ_1979_0530
PROC_CJ_1979_0590,PROC_CJ_1979_0530
PROC_CJ_1979_0591,PROC_CJ_1979_0530
PROC_CJ_1979_0592,PROC_CJ_1979_0530
PROC_CJ_1979_0593,PROC_CJ_1979_0530
PROC_CJ_1979_0594,PROC_CJ_1979_0530
PROC_CJ_1979_0595,PROC_CJ_1979_0530
PROC_CJ_1979_0596,PROC_CJ_1979_0530
PROC_CJ_1979_0597,PROC_CJ_1979_0530
PROC_CJ_1979_0598,PROC_CJ_1979_0530
PROC_CJ_1979_0599,PROC_CJ_1979_0530
PROC_CJ_1979_0601,PROC_CJ_1979_0530
PROC_CJ_1979_0602,PROC_CJ_1979_0530
PROC_CJ_1979_0603,PROC_CJ_1979_0530
PROC_CJ_1979_0604,PROC_CJ_1979_0530
PROC_CJ_1979_0605,PROC_CJ_1979_0530
PROC_CJ_1979_0606,PROC_CJ_1979_0530
PROC_CJ_1979_0607,PROC_CJ_1979_0530
PROC_CJ_1979_0608,PROC_CJ_1979_0530
PROC_CJ_1979_0609,PROC_CJ_1979_0530
PROC_CJ_1979_0610,PROC_CJ_1979_0530
PROC_CJ_1979_0611,PROC_CJ_1979_0530
PROC_CJ_1979_0612,PROC_CJ_1979_0530
PROC_CJ_1979_0613,PROC_CJ_1979_0530
PROC_CJ_1979_0614,PROC_CJ_1979_0530
PROC_CJ_1979_0615,PROC_CJ_1979_0530
PROC_CJ_1979_0616,PROC_CJ_1979_0530
PROC_CJ_1979_0617,PROC_CJ_1979_0530
PROC_CJ_1979_0619,PROC_CJ_1979_0530
PROC_CJ_1979_0620,PROC_CJ_1979_0530
PROC_CJ_1979_0621,PROC_CJ_1979_0530
PROC_CJ_1979_0622,PROC_CJ_1979_0530
PROC_CJ_1979_0623,PROC_CJ_1979_0530
PROC_CJ_1979_0624,PROC_CJ_1979_0530
PROC_CJ_1979_0625,PROC_CJ_1979_0530
PROC_CJ_1979_0626,PROC_CJ_1979_0530
PROC_CJ_1979_0627,PROC_CJ_1979_0530
PROC_CJ_1979_0628,PROC_CJ_1979_0530
PROC_CJ_1979_0629,PROC_CJ_1979_0530
PROC_CJ_1979_0630,PROC_CJ_1979_0530
PROC_CJ_1979_0631,PROC_CJ_1979_0530
PROC_CJ_1979_0632,PROC_CJ_1979_0530
PROC_CJ_1979_0633,PROC_CJ_1979_0530
PROC_CJ_1979_0634,PROC_CJ_1979_0530
PROC_CJ_1979_0635,PROC_CJ_1979_0530
PROC_CJ_1979_0636,PROC_CJ_1979_0530
PROC_CJ_1979_0637,PROC_CJ_1979_0530
PROC_CJ_1979_0638,PROC_CJ_1979_0530
PROC_CJ_1979_0639,PROC_CJ_1979_0530
PROC_CJ_1979_0640,PROC_CJ_1979_0530
PROC_CJ_1979_0641,PROC_CJ_1979_0530
PROC_CJ_1979_0642,PROC_CJ_1979_0530
PROC_CJ_1979_0643,PROC_CJ_1979_0530
PROC_CJ_1979_0644,PROC_CJ_1979_0530
PROC_CJ_1979_0645,PROC_CJ_1979_0530
PROC_CJ_1979_0646,PROC_CJ_1979_0530
PROC_CJ_1979_0647,PROC_CJ_1979_0530
PROC_CJ_1979_0648,PROC_CJ_1979_0530
PROC_CJ_1979_0649,PROC_CJ_1979_0530
PROC_CJ_1979_0650,PROC_CJ_1979_0530
PROC_CJ_1979_0651,PROC_CJ_1979_0530
PROC_CJ_1979_0652,PROC_CJ_1979_0530
PROC_CJ_1979_0653,PROC_CJ_1979_0530
PROC_CJ_1979_0654,PROC_CJ_1979_0530
PROC_CJ_1979_0655,PROC_CJ_1979_0530
PROC_CJ_1979_0656,PROC_CJ_1979_0530
PROC_CJ_1979_0657,PROC_CJ_1979_0530
PROC_CJ_1979_0658,PROC_CJ_1979_0530
PROC_CJ_1979_0659,PROC_CJ_1979_0530
PROC_CJ_1979_0661,PROC_CJ_1979_0530
PROC_CJ_1979_0662,PROC_CJ_1979_0530
PROC_CJ_1979_0663,PROC_CJ_1979_0530
PROC_CJ_1979_0664,PROC_CJ_1979_0530
PROC_CJ_1979_0665,PROC_CJ_1979_0530
PROC_CJ_1979_0666,PROC_CJ_1979_0530
PROC_CJ_1979_0667,PROC_CJ_1979_0530
PROC_CJ_1979_0668,PROC_CJ_1979_0530
PROC_CJ_1979_0669,PROC_CJ_1979_0530
PROC_CJ_1979_0670,PROC_CJ_1979_0530
PROC_CJ_1979_0671,PROC_CJ_1979_0530
PROC_CJ_1979_0672,PROC_CJ_1979_0530
PROC_CJ_1979_0673,PROC_CJ_1979_0530
PROC_CJ_1979_0674,PROC_CJ_1979_0530
PROC_CJ_1979_0675,PROC_CJ_1979_0530
PROC_CJ_1979_0676,PROC_CJ_1979_0530
PROC_CJ_1979_0677,PROC_CJ_1979_0530
PROC_CJ_1979_0678,PROC_CJ_1979_0530
PROC_CJ_1979_0679,PROC_CJ_1979_0530
PROC_CJ_1979_0680,PROC_CJ_1979_0530
PROC_CJ_1979_0681,PROC_CJ_1979_0530
PROC_CJ_1979_0682,PROC_CJ_1979_0530
PROC_CJ_1979_0683,PROC_CJ_1979_0530
PROC_CJ_1979_0684,PROC_CJ_1979_0530
PROC_CJ_1979_0685,PROC_CJ_1979_0530
PROC_CJ_1979_0686,PROC_CJ_1979_0530
PROC_CJ_1979_0687,PROC_CJ_1979_0530
PROC_CJ_1979_0688,PROC_CJ_1979_0530
PROC_CJ_1979_0689,PROC_CJ_1979_0530
PROC_CJ_1979_0690,PROC_CJ_1979_0530
PROC_CJ_1979_0691,PROC_CJ_1979_0530
PROC_CJ_1979_0692,PROC_CJ_1979_0530
PROC_CJ_1979_0693,PROC_CJ_1979_0530
PROC_CJ_1979_0694,PROC_CJ_1979_0530
PROC_CJ_1979_0695,PROC_CJ_1979_0530
PROC_CJ_1979_0696,PROC_CJ_1979_0530
PROC_CJ_1979_0697,PROC_CJ_1979_0530
PROC_CJ_1979_0698,PROC_CJ_1979_0530
PROC_CJ_1979_0699,PROC_CJ_1979_0530
PROC_CJ_1979_0700,PROC_CJ_1979_0530
PROC_CJ_1979_0701,PROC_CJ_1979_0530
PROC_CJ_1979_0702,PROC_CJ_1979_0530
PROC_CJ_1979_0703,PROC_CJ_1979_0530
PROC_CJ_1979_0704,PROC_CJ_1979_0530
PROC_CJ_1979_0705,PROC_CJ_1979_0530
PROC_CJ_1979_0706,PROC_CJ_1979_0530
PROC_CJ_1979_0707,PROC_CJ_1979_0530
PROC_CJ_1979_0708,PROC_CJ_1979_0530
PROC_CJ_1979_0709,PROC_CJ_1979_0530
PROC_CJ_1979_0710,PROC_CJ_1979_0530
PROC_CJ_1979_0711,PROC_CJ_1979_0530
PROC_CJ_1979_0712,PROC_CJ_1979_0530
PROC_CJ_1979_0713,PROC_CJ_1979_0530
PROC_CJ_1979_0714,PROC_CJ_1979_0530
PROC_CJ_1979_0715,PROC_CJ_1979_0530
PROC_CJ_1979_0716,PROC_CJ_1979_0530
PROC_CJ_1979_0717,PROC_CJ_1979_0530
PROC_CJ_1979_0718,PROC_CJ_1979_0530
PROC_CJ_1979_0719,PROC_CJ_1979_0530
PROC_CJ_1979_0720,PROC_CJ_1979_0530
PROC_CJ_1979_0721,PROC_CJ_1979_0530
PROC_CJ_1979_0722,PROC_CJ_1979_0530
PROC_CJ_1979_0723,PROC_CJ_1979_0530
PROC_CJ_1979_0724,PROC_CJ_1979_0530
PROC_CJ_1979_0725,PROC_CJ_1979_0530
PROC_CJ_1979_0726,PROC_CJ_1979_0530
PROC_CJ_1979_0727,PROC_CJ_1979_0530
PROC_CJ_1979_0728,PROC_CJ_1979_0530
PROC_CJ_1979_0729,PROC_CJ_1979_0530
PROC_CJ_1980_0097_R,PROC_CJ_1980_0024_R
PROC_CJ_1980_0161,PROC_CJ_1980_0161_R
PROC_CJ_1980_0162_R,PROC_CJ_1980_0161_R
PROC_CJ_1980_0162_R_II,PROC_CJ_1980_0161_R_II
PROC_CJ_1981_0051,PROC_CJ_1980_0256
PROC_CJ_1981_0009,PROC_CJ_1981_0009_INTP
PROC_CJ_1981_0010_R,PROC_CJ_1981_0010
PROC_CJ_1981_0078_R,PROC_CJ_1981_0078
PROC_CJ_1981_0123_R,PROC_CJ_1981_0123
PROC_CJ_1981_0206,PROC_CJ_1981_0206_INTP
PROC_CJ_1982_0063_R,PROC_CJ_1982_0043_R
PROC_CJ_1982_0116,PROC_CJ_1982_0116_R
PROC_CJ_1982_0229_R,PROC_CJ_1982_0228_R
PROC_CJ_1982_0235,PROC_CJ_1982_0235_REV
PROC_CJ_1983_0043,PROC_CJ_1983_0043_DEP
PROC_CJ_1984_0014,PROC_CJ_1984_0014_REV
PROC_CJ_1984_0259_R,PROC_CJ_1984_0259
PROC_CJ_1985_0068_R,PROC_CJ_1985_0067_R
PROC_CJ_1985_0070_R,PROC_CJ_1985_0067_R
PROC_CJ_1985_0083_R,PROC_CJ_1985_0082_R
PROC_CJ_1985_0300_R,PROC_CJ_1985_0277_R
PROC_CJ_1985_0403_REV,PROC_CJ_1985_0403
PROC_CJ_1986_0122_R,PROC_CJ_1986_0121_R
PROC_CJ_1986_0147_TO,PROC_CJ_1986_0147_TO_II
PROC_CJ_1988_0111,PROC_CJ_1989_0020
PROC_CJ_1988_0143,PROC_CJ_1989_0092
PROC_CJ_1988_0262,PROC_CJ_1988_0262_INTP
PROC_CJ_1988_0264_R,PROC_CJ_1988_0264
PROC_CJ_1988_0297,PROC_CJ_1989_0197
PROC_CJ_1990_0059_R,PROC_CJ_1990_0051_R
PROC_CJ_1990_0185_P,PROC_CJ_1990_0185_P_REV
PROC_CJ_1990_0372_P_R,PROC_CJ_1990_0372_P
PROC_CJ_1991_0066_R,PROC_CJ_1991_0066
PROC_CJ_1994_0200_P_REV,PROC_CJ_1994_0199_P
PROC_CJ_1995_0245_P,PROC_CJ_1995_0245_P_INTP
PROC_CJ_1996_0140,PROC_CJ_1996_0140_P
PROC_CJ_1996_0393_P,PROC_CJ_1996_0393_P_R
PROC_CJ_1997_0248_P,PROC_CJ_1997_0248_P_R
PROC_CJ_1998_0043_P,PROC_CJ_1998_0043_P_R
PROC_CJ_1998_0159_P,PROC_CJ_1998_0159_P_R
PROC_CJ_1998_0363_P,PROC_CJ_1998_0363_P_R
PROC_CJ_1998_0364_P,PROC_CJ_1998_0364_P_R
PROC_CJ_1999_0329_P,PROC_CJ_1999_0329_P_R
PROC_CJ_1999_0335_P,PROC_CJ_1999_0335_P_R
PROC_CJ_1999_0364_P,PROC_CJ_1999_0364_P_R
PROC_CJ_2000_0459_P,PROC_CJ_2000_0459_P_R
PROC_CJ_2000_0471_P,PROC_CJ_2000_0471_P_R
PROC_CJ_2000_0474_P,PROC_CJ_2000_0474_P_R
PROC_CJ_2000_0475_P,PROC_CJ_2000_0475_P_R
PROC_CJ_2000_0476_P,PROC_CJ_2000_0476_P_R
PROC_CJ_2000_0477_P,PROC_CJ_2000_0477_P_R
PROC_CJ_2000_0478_P,PROC_CJ_2000_0478_P_R
PROC_CJ_2000_0479_P,PROC_CJ_2000_0479_P_R
PROC_CJ_2001_0007_P,PROC_CJ_2001_0007_P_R
PROC_CJ_2001_0175_P_R,PROC_CJ_2001_0172_P_R
PROC_CJ_2001_0176_P_R,PROC_CJ_2001_0172_P_R
PROC_CJ_2001_0180_P_R,PROC_CJ_2001_0172_P_R
PROC_CJ_2001_0404_P,PROC_CJ_2001_0404_P_R
PROC_CJ_2001_0477_P,PROC_CJ_2001_0477_P_R
PROC_CJ_2001_0480_P,PROC_CJ_2001_0480_P_R
PROC_CJ_2001_0481_P,PROC_CJ_2001_0481_P_R
PROC_CJ_2002_0186_P_DEP,PROC_CJ_2002_0186
PROC_CJ_2002_0471_P,PROC_CJ_2002_0471_P_R
PROC_CJ_2005_0080_P_DEP,PROC_CJ_2005_0075_P_DEP
PROC_CJ_2006_0502_P,PROC_CJ_2006_0502_P_INTP
PROC_CJ_2008_0114_P_R,PROC_CJ_2008_0114_P_R_INTP
PROC_CJ_2008_0300_P_DEP,PROC_CJ_2008_0300
PROC_CJ_2008_0444,PROC_CJ_2008_0444_P
PROC_CJ_2009_0197_RX,PROC_CJ_2009_0197_RX_II
PROC_CJ_2009_0472_P_DEP,PROC_CJ_2009_0471_P_DEP
PROC_CJ_2009_0473_P_DEP,PROC_CJ_2009_0471_P_DEP
PROC_CJ_2009_0475_P_DEP,PROC_CJ_2009_0474_P_DEP
PROC_CJ_2009_0476_P_DEP,PROC_CJ_2009_0474_P_DEP
PROC_CJ_2009_0496,PROC_CJ_2009_0496_INTP
PROC_CJ_2010_0234,PROC_CJ_2010_0113
PROC_CJ_2010_0145,PROC_CJ_2010_0145_REC
PROC_CJ_2010_0554_P_DEP,PROC_CJ_2010_0553_P_DEP
PROC_CJ_2010_0617,PROC_CJ_2010_0617_REC
PROC_CJ_2011_0172,PROC_CJ_2011_0172_REC
PROC_CJ_2012_0334_RX,PROC_CJ_2012_0334_RX_II
PROC_CJ_2012_0579_RX,PROC_CJ_2012_0579_RX_II
PROC_CJ_2012_0617,PROC_CJ_2012_0617_REC
PROC_CJ_2013_0216_P,PROC_CJ_2013_0215_P
PROC_CJ_2013_0242,PROC_CJ_2013_0242_REC
PROC_CJ_2013_0353,PROC_CJ_2013_0347
PROC_CJ_2013_0585_P,PROC_CJ_2013_0585_P_REC
PROC_CJ_2014_0085,PROC_CJ_2014_0085_REC
PROC_CJ_2014_0475,PROC_CJ_2014_0359
PROC_CJ_2014_0381,PROC_CJ_2014_0381_REC
PROC_CJ_2014_0417_RX,PROC_CJ_2014_0417_RX_II
PROC_CJ_2014_0526,PROC_CJ_2014_0526_REC
PROC_CJ_2015_0030_P_DEP,PROC_CJ_2015_0030_P_DEP_II
PROC_CJ_2015_0061_P,PROC_CJ_2015_0061_P_REC
PROC_CJ_2015_0364_P,PROC_CJ_2015_0363_P
PROC_CJ_2015_0500_P,PROC_CJ_2015_0500_P_REC
PROC_CJ_2015_0691_P_R,PROC_CJ_2015_0691_P
PROC_CJ_2015_0694,PROC_CJ_2015_0692
PROC_CJ_2016_0421,PROC_CJ_2016_0327
PROC_GC_2011_0556,PROC_CJ_2016_0376_P
PROC_CJ_2016_0607_P_DEP,PROC_CJ_2016_0602_P_DEP
PROC_CJ_2016_0608_P_DEP,PROC_CJ_2016_0602_P_DEP
PROC_CJ_2016_0609_P_DEP,PROC_CJ_2016_0602_P_DEP
PROC_CJ_2016_0611_P,PROC_CJ_2016_0611_P_REC
PROC_CJ_2017_0183_P,PROC_CJ_2017_0183_P_INTP
PROC_CJ_2017_0233_P_REV,PROC_CJ_2017_0233_P_REV_OST
PROC_CJ_2017_0395,PROC_CJ_2017_0395_INTP
PROC_CJ_2018_0065_P_R_R,PROC_CJ_2018_0065_P_R
PROC_CJ_2018_0091,PROC_CJ_2018_0091_INTP
PROC_CJ_2018_0118_P,PROC_CJ_2018_0118_P_INTP
PROC_CJ_2018_0315_P_R_R,PROC_CJ_2018_0315_P_R
PROC_CJ_2018_0334_P_R_R,PROC_CJ_2018_0334_P_R
PROC_CJ_2018_0392_P,PROC_CJ_2018_0392_P_INTP
PROC_CJ_2018_0514_P_DEP,PROC_CJ_2018_0514_DEP
PROC_CJ_2019_0163_P_R_R,PROC_CJ_2019_0163_P_R
PROC_CJ_2019_0284_P,PROC_CJ_2019_0284_OST
PROC_CJ_2019_0284_P_OST,PROC_CJ_2019_0284_OST
PROC_CJ_2019_0840,PROC_CJ_2019_0357
PROC_CJ_2019_0453_P,PROC_CJ_2019_0453
PROC_CJ_2019_0605_P_R_R,PROC_CJ_2019_0605_P_R
PROC_CJ_2019_0809,PROC_CJ_2019_0808
PROC_CJ_2020_0100_REC,PROC_CJ_2020_0100
PROC_CJ_2020_0298_P_R,PROC_CJ_2020_0298_P
PROC_CJ_2020_0491_REC,PROC_CJ_2020_0491
PROC_CJ_2020_0492_REC,PROC_CJ_2020_0491
PROC_CJ_2020_0493_REC,PROC_CJ_2020_0491
PROC_CJ_2020_0494_REC,PROC_CJ_2020_0491
PROC_CJ_2020_0495_REC,PROC_CJ_2020_0491
PROC_CJ_2020_0496_REC,PROC_CJ_2020_0491
PROC_CJ_2020_0506_REC,PROC_CJ_2020_0491
PROC_CJ_2020_0509,PROC_CJ_2020_0491
PROC_CJ_2020_0509_REC,PROC_CJ_2020_0491
PROC_CJ_2020_0511_REC,PROC_CJ_2020_0491
PROC_CJ_2020_0682_P,PROC_CJ_2020_0682_P_REC
PROC_CJ_2021_0039,PROC_CJ_2020_0704
PROC_CJ_2021_0021_P,PROC_CJ_2021_0021_P_REC
PROC_CJ_2021_0204_R,PROC_CJ_2021_0204_R_RAP
PROC_CJ_2021_0276_P_R_R,PROC_CJ_2021_0276_P_R
PROC_CJ_2022_0529,PROC_CJ_2022_0511
PROC_CJ_2022_0560,PROC_CJ_2022_0560_P
PROC_CJ_2022_0767,PROC_CJ_2023_0049
PROC_CJ_2022_0785_P,PROC_CJ_2022_0785_P_REC
PROC_CJ_2023_0179,PROC_CJ_2007_0004
PROC_CJ_2023_0458_P,PROC_CJ_2023_0458
PROC_CJ_2023_0522_P,PROC_CJ_2023_0522_P_REC
PROC_CJ_2023_0668,PROC_CJ_2023_0667
PROC_GC_1989_0020,PROC_GC_1989_0020_RENV
PROC_GC_1989_0026,PROC_GC_1989_0026_REV
PROC_GC_1989_0033,PROC_GC_1989_0033_DEP
PROC_GC_1989_0035_TO_I,PROC_GC_1989_0035_TO
PROC_GC_1989_0042,PROC_GC_1989_0042_OP
PROC_GC_1989_0043,PROC_GC_1989_0043_RENV
PROC_GC_1989_0106,PROC_GC_1989_0106_REV
PROC_GC_1989_0120,PROC_GC_1989_0120_DEP
PROC_GC_1990_0023,PROC_GC_1990_0023_DEP
PROC_GC_1992_0009_DEP,PROC_GC_1990_0023_DEP
PROC_GC_1991_0016,PROC_GC_1991_0016_RENV
PROC_GC_1991_0022,PROC_GC_1991_0022_INTP
PROC_GC_1991_0084_DEP,PROC_GC_1991_0084
PROC_GC_1993_0492_R,PROC_GC_1993_0492
PROC_GC_1993_0497_R,PROC_GC_1993_0497_R_II
PROC_GC_1993_0573,PROC_GC_1993_0573_INTP
PROC_GC_1994_0089,PROC_GC_1994_0021
PROC_GC_1994_0085,PROC_GC_1994_0085_DEP
PROC_GC_1994_0085_OP_DEP,PROC_GC_1994_0085_DEP
PROC_GC_1994_0115,PROC_GC_1994_0115_DEP
PROC_GC_1994_0141,PROC_GC_1994_0134
PROC_GC_1994_0167,PROC_GC_1994_0167_DEP
PROC_GC_1994_0175,PROC_GC_1994_0175_DEP
PROC_GC_1994_0177,PROC_GC_1994_0177_DEP
PROC_GC_1994_0271,PROC_GC_1994_0271_DEP
PROC_GC_1994_0290,PROC_GC_1994_0290_DEP
PROC_GC_1994_0337,PROC_GC_1994_0337_DEP
PROC_GC_1984_0369,PROC_GC_1994_0369
PROC_GC_1995_0002,PROC_GC_1995_0002_DEP
PROC_GC_1995_0097,PROC_GC_1995_0097_DEP
PROC_GC_1996_0023,PROC_GC_1996_0023_R
PROC_GC_1996_0091,PROC_GC_1996_0091_REV
PROC_CJ_1996_0127,PROC_GC_1996_0126
PROC_GC_1999_0078,PROC_GC_1999_0078_DEP
PROC_GC_2000_0265,PROC_GC_2000_0228
PROC_GC_2000_0274,PROC_GC_2000_0228
PROC_CJ_2000_0278,PROC_GC_2000_0278
PROC_CJ_2000_0279,PROC_GC_2000_0278
PROC_CJ_2000_0280,PROC_GC_2000_0278
PROC_GC_2001_0018_R_I,PROC_GC_2001_0018_R
PROC_CJ_2001_0030,PROC_GC_2001_0030
PROC_CJ_2001_0031,PROC_GC_2001_0030
PROC_CJ_2001_0032,PROC_GC_2001_0030
PROC_GC_2001_0207_R,PROC_GC_2001_0195_R
PROC_CJ_2001_0227,PROC_GC_2001_0227
PROC_CJ_2001_0228,PROC_GC_2001_0227
PROC_CJ_2001_0229,PROC_GC_2001_0227
PROC_CJ_2001_0230,PROC_GC_2001_0230
PROC_CJ_2001_0231,PROC_GC_2001_0230
PROC_CJ_2001_0232,PROC_GC_2001_0230
PROC_GC_2003_0059,PROC_GC_2003_0027
PROC_GC_2004_0054_DEP,PROC_GC_2004_0053_DEP
PROC_GC_2004_0055_DEP,PROC_GC_2004_0053_DEP
PROC_GC_2004_0056_DEP,PROC_GC_2004_0053_DEP
PROC_GC_2004_0058_DEP,PROC_GC_2004_0053_DEP
PROC_GC_2004_0059_DEP,PROC_GC_2004_0053_DEP
PROC_GC_2004_0071_DEP,PROC_GC_2004_0057_DEP
PROC_GC_2004_0061_DEP,PROC_GC_2004_0060_DEP
PROC_GC_2004_0062_DEP,PROC_GC_2004_0060_DEP
PROC_GC_2004_0063_DEP,PROC_GC_2004_0060_DEP
PROC_GC_2004_0064_DEP,PROC_GC_2004_0060_DEP
PROC_GC_2006_0056_RENV,PROC_GC_2006_0050_RENV
PROC_GC_2006_0060_RENV,PROC_GC_2006_0050_RENV
PROC_GC_2006_0062_RENV,PROC_GC_2006_0050_RENV
PROC_GC_2006_0069_RENV,PROC_GC_2006_0050_RENV
PROC_GC_2006_0069_RENV_II,PROC_GC_2006_0050_RENV_II
PROC_CJ_2006_0135,PROC_GC_2006_0135
PROC_CJ_2006_0136,PROC_GC_2006_0135
PROC_CJ_2006_0137,PROC_GC_2006_0135
PROC_CJ_2006_0138,PROC_GC_2006_0135
PROC_GC_2006_0303_RENV,PROC_GC_2006_0337_RENV
PROC_GC_2006_0311_R_I,PROC_GC_2006_0311_R
PROC_GC_2006_0311_R_II,PROC_GC_2006_0311_R
PROC_GC_2007_0062_P_REV,PROC_GC_2007_0040_P_REV
PROC_GC_2007_0252,PROC_GC_2007_0217
PROC_GC_2008_0001,PROC_GC_2007_0440
PROC_CJ_2008_0494,PROC_GC_2008_0494
PROC_CJ_2008_0495,PROC_GC_2008_0494
PROC_CJ_2008_0496,PROC_GC_2008_0494
PROC_CJ_2008_0497,PROC_GC_2008_0494
PROC_CJ_2008_0498,PROC_GC_2008_0494
PROC_CJ_2008_0499,PROC_GC_2008_0494
PROC_CJ_2008_0500,PROC_GC_2008_0494
PROC_GC_2010_0203_RENV_II,PROC_GC_2010_0202_RENV_II
PROC_CJ_2010_0426,PROC_GC_2010_0426
PROC_CJ_2010_0427,PROC_GC_2010_0426
PROC_CJ_2010_0428,PROC_GC_2010_0426
PROC_CJ_2010_0429,PROC_GC_2010_0426
PROC_GC_2011_0368_R,PROC_GC_2011_0368
PROC_GC_2012_0110_R,PROC_GC_2012_0110
PROC_GC_2012_0341_R,PROC_GC_2012_0341
PROC_GC_2013_0167,PROC_GC_2013_0125
PROC_GC_2013_0366_R,PROC_GC_2013_0366
PROC_GC_2013_0397_R,PROC_GC_2013_0397
PROC_GC_2013_0505_R,PROC_GC_2013_0505
PROC_CJ_2013_0700,PROC_GC_2013_0700
PROC_CJ_2013_0701,PROC_GC_2013_0700
PROC_CJ_2013_0702,PROC_GC_2013_0700
PROC_CJ_2013_0703,PROC_GC_2013_0700
PROC_CJ_2013_0704,PROC_GC_2013_0700
PROC_CJ_2013_0705,PROC_GC_2013_0700
PROC_CJ_2015_0339,PROC_GC_2015_0339
PROC_CJ_2015_0340,PROC_GC_2015_0339
PROC_CJ_2015_0341,PROC_GC_2015_0339
PROC_CJ_2015_0342,PROC_GC_2015_0339
PROC_CJ_2015_0343,PROC_GC_2015_0339
PROC_CJ_2015_0639,PROC_GC_2015_0639
PROC_CJ_2015_0640,PROC_GC_2015_0639
PROC_CJ_2015_0641,PROC_GC_2015_0639
PROC_CJ_2015_0642,PROC_GC_2015_0639
PROC_CJ_2015_0643,PROC_GC_2015_0639
PROC_CJ_2015_0644,PROC_GC_2015_0639
PROC_CJ_2015_0645,PROC_GC_2015_0639
PROC_CJ_2015_0646,PROC_GC_2015_0639
PROC_CJ_2015_0648,PROC_GC_2015_0639
PROC_CJ_2015_0649,PROC_GC_2015_0639
PROC_CJ_2015_0650,PROC_GC_2015_0639
PROC_CJ_2015_0651,PROC_GC_2015_0639
PROC_CJ_2015_0652,PROC_GC_2015_0639
PROC_CJ_2015_0653,PROC_GC_2015_0639
PROC_CJ_2015_0654,PROC_GC_2015_0639
PROC_CJ_2015_0655,PROC_GC_2015_0639
PROC_CJ_2015_0656,PROC_GC_2015_0639
PROC_CJ_2015_0657,PROC_GC_2015_0639
PROC_CJ_2015_0658,PROC_GC_2015_0639
PROC_CJ_2015_0659,PROC_GC_2015_0639
PROC_CJ_2015_0660,PROC_GC_2015_0639
PROC_CJ_2015_0661,PROC_GC_2015_0639
PROC_CJ_2015_0662,PROC_GC_2015_0639
PROC_CJ_2015_0663,PROC_GC_2015_0639
PROC_CJ_2015_0664,PROC_GC_2015_0639
PROC_CJ_2015_0665,PROC_GC_2015_0639
PROC_GC_2016_0317,PROC_GC_2016_0316
PROC_GC_2016_0318,PROC_GC_2016_0316
PROC_GC_2016_0645_R_DEP,PROC_GC_2016_0645_DEP
PROC_GC_2016_0766_R_RENV,PROC_GC_2016_0766_R
PROC_GC_2016_0883_R,PROC_GC_2016_0883
PROC_GC_2017_0784,PROC_GC_2017_0784_R_II
PROC_CJ_2018_0152,PROC_GC_2018_0152
PROC_CJ_2018_0153,PROC_GC_2018_0152
PROC_CJ_2018_0154,PROC_GC_2018_0152
PROC_CJ_2018_0155,PROC_GC_2018_0152
PROC_GC_2018_0337,PROC_GC_2018_0337_R_II
PROC_GC_2018_0762_R,PROC_GC_2018_0762
PROC_GC_2019_0366,PROC_GC_2019_0345
PROC_GC_2019_0372,PROC_GC_2019_0345
PROC_CJ_2019_0720,PROC_GC_2019_0720
PROC_CJ_2019_0721,PROC_GC_2019_0720
PROC_CJ_2019_0723,PROC_GC_2019_0720
PROC_CJ_2019_0724,PROC_GC_2019_0720
PROC_CJ_2019_0725,PROC_GC_2019_0720
PROC_GC_2019_0826,PROC_GC_2019_0825
PROC_GC_2019_0849,PROC_GC_2019_0849_R_II
PROC_GC_2020_0077,PROC_GC_2020_0077_R_II
PROC_GC_2020_0163,PROC_GC_2020_0163_R
PROC_GC_2020_0163_R_I,PROC_GC_2020_0163_R
PROC_GC_2020_0163_R_II,PROC_GC_2020_0163_R
PROC_CJ_2020_0240,PROC_GC_2020_0240
PROC_CJ_2020_0241,PROC_GC_2020_0240
PROC_CJ_2020_0242,PROC_GC_2020_0240
PROC_CJ_2020_0243,PROC_GC_2020_0240
PROC_CJ_2020_0244,PROC_GC_2020_0240
PROC_CJ_2020_0245,PROC_GC_2020_0240
PROC_GC_2020_0472_AJ_II,PROC_GC_2020_0472
PROC_GC_2020_0597,PROC_GC_2020_0596
PROC_CJ_2021_0026,PROC_GC_2021_0026
PROC_CJ_2021_0027,PROC_GC_2021_0026
PROC_CJ_2021_0028,PROC_GC_2021_0026
PROC_GC_2021_0289,PROC_GC_2021_0102
PROC_GC_2021_0513,PROC_GC_2021_0102
PROC_GC_2021_0187,PROC_GC_2021_0187_R_II
PROC_GC_2021_0272,PROC_GC_2021_0272_R_II
PROC_GC_2021_0710_R_I,PROC_GC_2021_0710_R_INTP
PROC_GC_2021_0711_R_I,PROC_GC_2021_0711_R_INTP
PROC_CJ_2022_0683,PROC_GC_2022_0683
PROC_CJ_2022_0684,PROC_GC_2022_0683
PROC_CJ_2022_0687,PROC_GC_2022_0683
PROC_CJ_2022_0688,PROC_GC_2022_0683
PROC_GC_2022_0743,PROC_GC_2022_0743_R_II
PROC_GC_2022_0776_R,PROC_GC_2022_0776
PROC_GC_2023_0256,PROC_GC_2023_0256_R
PROC_CJ_2023_0334,PROC_GC_2023_0334
PROC_CJ_2023_0335,PROC_GC_2023_0334
PROC_CJ_2023_0336,PROC_GC_2023_0334
PROC_CJ_2023_0337,PROC_GC_2023_0334
PROC_CST_2005_0001,PROC_CST_2005_0001_INTP
PROC_CST_2006_0142_AJ,PROC_CST_2006_0142
PROC_CST_2008_0048_AJ,PROC_CST_2008_0048
PROC_CST_2011_0015_R,PROC_CST_2011_0005_R
PROC_CST_2015_0041_DISS_I,PROC_CST_2015_0041_DISS
PROC_CST_2008_0013,PROC_CST_2007_0116
PROC_CST_2008_0031,PROC_CST_2007_0116
PROC_GC_2015_0352_RENV,PROC_GC_2014_0639_RENV_II
PROC_CJ_2015_0698_REC,PROC_CJ_2015_0203_REC
PROC_CJ_2023_0282_P,PROC_CJ_2023_0281_P
PROC_CJ_2023_0795,PROC_CJ_2023_0580
PROC_GC_2023_1000,PROC_GC_2023_0620
PROC_GC_2023_1001,PROC_GC_2023_0620
PROC_GC_2023_1002,PROC_GC_2023_0620
PROC_GC_2023_1003,PROC_GC_2023_0620
PROC_GC_2023_1004,PROC_GC_2023_0620
PROC_GC_2023_1005,PROC_GC_2023_0620
PROC_GC_2023_1006,PROC_GC_2023_0620
PROC_GC_2023_1007,PROC_GC_2023_0620
PROC_GC_2023_1008,PROC_GC_2023_0620
PROC_GC_2023_1009,PROC_GC_2023_0620
PROC_GC_2023_1010,PROC_GC_2023_0620
PROC_GC_2023_1011,PROC_GC_2023_0620
PROC_GC_2023_1012,PROC_GC_2023_0620
PROC_GC_2023_1013,PROC_GC_2023_0620
PROC_GC_2023_1014,PROC_GC_2023_0620
PROC_GC_2023_1015,PROC_GC_2023_0620
PROC_GC_2023_1016,PROC_GC_2023_0620
PROC_GC_2023_1017,PROC_GC_2023_0620
PROC_GC_2023_1018,PROC_GC_2023_0620
PROC_GC_2023_1019,PROC_GC_2023_0620
PROC_GC_2023_1020,PROC_GC_2023_0620
PROC_GC_2023_1021,PROC_GC_2023_0620
PROC_GC_2023_1022,PROC_GC_2023_0620
PROC_GC_2023_1023,PROC_GC_2023_0620
PROC_GC_2023_0621,PROC_GC_2023_0620
PROC_GC_2023_0622,PROC_GC_2023_0620
PROC_GC_2023_0623,PROC_GC_2023_0620
PROC_GC_2023_0624,PROC_GC_2023_0620
PROC_GC_2023_0625,PROC_GC_2023_0620
PROC_GC_2023_0626,PROC_GC_2023_0620
PROC_GC_2023_0627,PROC_GC_2023_0620
PROC_GC_2023_0628,PROC_GC_2023_0620
PROC_GC_2023_0629,PROC_GC_2023_0620
PROC_GC_2023_0630,PROC_GC_2023_0620
PROC_GC_2023_0631,PROC_GC_2023_0620
PROC_GC_2023_0632,PROC_GC_2023_0620
PROC_GC_2023_0633,PROC_GC_2023_0620
PROC_GC_2023_0634,PROC_GC_2023_0620
PROC_GC_2023_0635,PROC_GC_2023_0620
PROC_GC_2023_0636,PROC_GC_2023_0620
PROC_GC_2023_0637,PROC_GC_2023_0620
PROC_GC_2023_0638,PROC_GC_2023_0620
PROC_GC_2023_0639,PROC_GC_2023_0620
PROC_GC_2023_0640,PROC_GC_2023_0620
PROC_GC_2023_0641,PROC_GC_2023_0620
PROC_GC_2023_0642,PROC_GC_2023_0620
PROC_GC_2023_0643,PROC_GC_2023_0620
PROC_GC_2023_0644,PROC_GC_2023_0620
PROC_GC_2023_0645,PROC_GC_2023_0620
PROC_GC_2023_0646,PROC_GC_2023_0620
PROC_GC_2023_0647,PROC_GC_2023_0620
PROC_GC_2023_0648,PROC_GC_2023_0620
PROC_GC_2023_0649,PROC_GC_2023_0620
PROC_GC_2023_0650,PROC_GC_2023_0620
PROC_GC_2023_0651,PROC_GC_2023_0620
PROC_GC_2023_0652,PROC_GC_2023_0620
PROC_GC_2023_0653,PROC_GC_2023_0620
PROC_GC_2023_0654,PROC_GC_2023_0620
PROC_GC_2023_0655,PROC_GC_2023_0620
PROC_GC_2023_0656,PROC_GC_2023_0620
PROC_GC_2023_0657,PROC_GC_2023_0620
PROC_GC_2023_0658,PROC_GC_2023_0620
PROC_GC_2023_0659,PROC_GC_2023_0620
PROC_GC_2023_0660,PROC_GC_2023_0620
PROC_GC_2023_0661,PROC_GC_2023_0620
PROC_GC_2023_0662,PROC_GC_2023_0620
PROC_GC_2023_0663,PROC_GC_2023_0620
PROC_GC_2023_0664,PROC_GC_2023_0620
PROC_GC_2023_0665,PROC_GC_2023_0620
PROC_GC_2023_0666,PROC_GC_2023_0620
PROC_GC_2023_0667,PROC_GC_2023_0620
PROC_GC_2023_0668,PROC_GC_2023_0620
PROC_GC_2023_0669,PROC_GC_2023_0620
PROC_GC_2023_0670,PROC_GC_2023_0620
PROC_GC_2023_0671,PROC_GC_2023_0620
PROC_GC_2023_0672,PROC_GC_2023_0620
PROC_GC_2023_0673,PROC_GC_2023_0620
PROC_GC_2023_0674,PROC_GC_2023_0620
PROC_GC_2023_0675,PROC_GC_2023_0620
PROC_GC_2023_0676,PROC_GC_2023_0620
PROC_GC_2023_0677,PROC_GC_2023_0620
PROC_GC_2023_0678,PROC_GC_2023_0620
PROC_GC_2023_0679,PROC_GC_2023_0620
PROC_GC_2023_0680,PROC_GC_2023_0620
PROC_GC_2023_0681,PROC_GC_2023_0620
PROC_GC_2023_0682,PROC_GC_2023_0620
PROC_GC_2023_0683,PROC_GC_2023_0620
PROC_GC_2023_0684,PROC_GC_2023_0620
PROC_GC_2023_0685,PROC_GC_2023_0620
PROC_GC_2023_0686,PROC_GC_2023_0620
PROC_GC_2023_0687,PROC_GC_2023_0620
PROC_GC_2023_0688,PROC_GC_2023_0620
PROC_GC_2023_0689,PROC_GC_2023_0620
PROC_GC_2023_0690,PROC_GC_2023_0620
PROC_GC_2023_0691,PROC_GC_2023_0620
PROC_GC_2023_0692,PROC_GC_2023_0620
PROC_GC_2023_0693,PROC_GC_2023_0620
PROC_GC_2023_0694,PROC_GC_2023_0620
PROC_GC_2023_0695,PROC_GC_2023_0620
PROC_GC_2023_0696,PROC_GC_2023_0620
PROC_GC_2023_0697,PROC_GC_2023_0620
PROC_GC_2023_0698,PROC_GC_2023_0620
PROC_GC_2023_0699,PROC_GC_2023_0620
PROC_GC_2023_0700,PROC_GC_2023_0620
PROC_GC_2023_0701,PROC_GC_2023_0620
PROC_GC_2023_0702,PROC_GC_2023_0620
PROC_GC_2023_0703,PROC_GC_2023_0620
PROC_GC_2023_0704,PROC_GC_2023_0620
PROC_GC_2023_0705,PROC_GC_2023_0620
PROC_GC_2023_0706,PROC_GC_2023_0620
PROC_GC_2023_0707,PROC_GC_2023_0620
PROC_GC_2023_0708,PROC_GC_2023_0620
PROC_GC_2023_0709,PROC_GC_2023_0620
PROC_GC_2023_0710,PROC_GC_2023_0620
PROC_GC_2023_0711,PROC_GC_2023_0620
PROC_GC_2023_0712,PROC_GC_2023_0620
PROC_GC_2023_0713,PROC_GC_2023_0620
PROC_GC_2023_0714,PROC_GC_2023_0620
PROC_GC_2023_0715,PROC_GC_2023_0620
PROC_GC_2023_0716,PROC_GC_2023_0620
PROC_GC_2023_0717,PROC_GC_2023_0620
PROC_GC_2023_0718,PROC_GC_2023_0620
PROC_GC_2023_0719,PROC_GC_2023_0620
PROC_GC_2023_0720,PROC_GC_2023_0620
PROC_GC_2023_0721,PROC_GC_2023_0620
PROC_GC_2023_0722,PROC_GC_2023_0620
PROC_GC_2023_0723,PROC_GC_2023_0620
PROC_GC_2023_0724,PROC_GC_2023_0620
PROC_GC_2023_0725,PROC_GC_2023_0620
PROC_GC_2023_0726,PROC_GC_2023_0620
PROC_GC_2023_0727,PROC_GC_2023_0620
PROC_GC_2023_0728,PROC_GC_2023_0620
PROC_GC_2023_0729,PROC_GC_2023_0620
PROC_GC_2023_0730,PROC_GC_2023_0620
PROC_GC_2023_0731,PROC_GC_2023_0620
PROC_GC_2023_0732,PROC_GC_2023_0620
PROC_GC_2023_0733,PROC_GC_2023_0620
PROC_GC_2023_0734,PROC_GC_2023_0620
PROC_GC_2023_0735,PROC_GC_2023_0620
PROC_GC_2023_0736,PROC_GC_2023_0620
PROC_GC_2023_0737,PROC_GC_2023_0620
PROC_GC_2023_0738,PROC_GC_2023_0620
PROC_GC_2023_0739,PROC_GC_2023_0620
PROC_GC_2023_0740,PROC_GC_2023_0620
PROC_GC_2023_0741,PROC_GC_2023_0620
PROC_GC_2023_0742,PROC_GC_2023_0620
PROC_GC_2023_0743,PROC_GC_2023_0620
PROC_GC_2023_0744,PROC_GC_2023_0620
PROC_GC_2023_0745,PROC_GC_2023_0620
PROC_GC_2023_0746,PROC_GC_2023_0620
PROC_GC_2023_0747,PROC_GC_2023_0620
PROC_GC_2023_0748,PROC_GC_2023_0620
PROC_GC_2023_0749,PROC_GC_2023_0620
PROC_GC_2023_0750,PROC_GC_2023_0620
PROC_GC_2023_0751,PROC_GC_2023_0620
PROC_GC_2023_0752,PROC_GC_2023_0620
PROC_GC_2023_0753,PROC_GC_2023_0620
PROC_GC_2023_0754,PROC_GC_2023_0620
PROC_GC_2023_0755,PROC_GC_2023_0620
PROC_GC_2023_0756,PROC_GC_2023_0620
PROC_GC_2023_0757,PROC_GC_2023_0620
PROC_GC_2023_0758,PROC_GC_2023_0620
PROC_GC_2023_0759,PROC_GC_2023_0620
PROC_GC_2023_0760,PROC_GC_2023_0620
PROC_GC_2023_0761,PROC_GC_2023_0620
PROC_GC_2023_0762,PROC_GC_2023_0620
PROC_GC_2023_0763,PROC_GC_2023_0620
PROC_GC_2023_0764,PROC_GC_2023_0620
PROC_GC_2023_0765,PROC_GC_2023_0620
PROC_GC_2023_0766,PROC_GC_2023_0620
PROC_GC_2023_0767,PROC_GC_2023_0620
PROC_GC_2023_0768,PROC_GC_2023_0620
PROC_GC_2023_0769,PROC_GC_2023_0620
PROC_GC_2023_0770,PROC_GC_2023_0620
PROC_GC_2023_0771,PROC_GC_2023_0620
PROC_GC_2023_0772,PROC_GC_2023_0620
PROC_GC_2023_0773,PROC_GC_2023_0620
PROC_GC_2023_0774,PROC_GC_2023_0620
PROC_GC_2023_0775,PROC_GC_2023_0620
PROC_GC_2023_0776,PROC_GC_2023_0620
PROC_GC_2023_0777,PROC_GC_2023_0620
PROC_GC_2023_0778,PROC_GC_2023_0620
PROC_GC_2023_0779,PROC_GC_2023_0620
PROC_GC_2023_0780,PROC_GC_2023_0620
PROC_GC_2023_0781,PROC_GC_2023_0620
PROC_GC_2023_0782,PROC_GC_2023_0620
PROC_GC_2023_0783,PROC_GC_2023_0620
PROC_GC_2023_0784,PROC_GC_2023_0620
PROC_GC_2023_0785,PROC_GC_2023_0620
PROC_GC_2023_0786,PROC_GC_2023_0620
PROC_GC_2023_0787,PROC_GC_2023_0620
PROC_GC_2023_0788,PROC_GC_2023_0620
PROC_GC_2023_0789,PROC_GC_2023_0620
PROC_GC_2023_0790,PROC_GC_2023_0620
PROC_GC_2023_0791,PROC_GC_2023_0620
PROC_GC_2023_0792,PROC_GC_2023_0620
PROC_GC_2023_0793,PROC_GC_2023_0620
PROC_GC_2023_0794,PROC_GC_2023_0620
PROC_GC_2023_0795,PROC_GC_2023_0620
PROC_GC_2023_0796,PROC_GC_2023_0620
PROC_GC_2023_0797,PROC_GC_2023_0620
PROC_GC_2023_0798,PROC_GC_2023_0620
PROC_GC_2023_0799,PROC_GC_2023_0620
PROC_GC_2023_0800,PROC_GC_2023_0620
PROC_GC_2023_0801,PROC_GC_2023_0620
PROC_GC_2023_0802,PROC_GC_2023_0620
PROC_GC_2023_0803,PROC_GC_2023_0620
PROC_GC_2023_0804,PROC_GC_2023_0620
PROC_GC_2023_0805,PROC_GC_2023_0620
PROC_GC_2023_0806,PROC_GC_2023_0620
PROC_GC_2023_0807,PROC_GC_2023_0620
PROC_GC_2023_0808,PROC_GC_2023_0620
PROC_GC_2023_0809,PROC_GC_2023_0620
PROC_GC_2023_0810,PROC_GC_2023_0620
PROC_GC_2023_0811,PROC_GC_2023_0620
PROC_GC_2023_0812,PROC_GC_2023_0620
PROC_GC_2023_0813,PROC_GC_2023_0620
PROC_GC_2023_0814,PROC_GC_2023_0620
PROC_GC_2023_0815,PROC_GC_2023_0620
PROC_GC_2023_0816,PROC_GC_2023_0620
PROC_GC_2023_0817,PROC_GC_2023_0620
PROC_GC_2023_0818,PROC_GC_2023_0620
PROC_GC_2023_0819,PROC_GC_2023_0620
PROC_GC_2023_0820,PROC_GC_2023_0620
PROC_GC_2023_0821,PROC_GC_2023_0620
PROC_GC_2023_0822,PROC_GC_2023_0620
PROC_GC_2023_0823,PROC_GC_2023_0620
PROC_GC_2023_0824,PROC_GC_2023_0620
PROC_GC_2023_0825,PROC_GC_2023_0620
PROC_GC_2023_0826,PROC_GC_2023_0620
PROC_GC_2023_0827,PROC_GC_2023_0620
PROC_GC_2023_0828,PROC_GC_2023_0620
PROC_GC_2023_0829,PROC_GC_2023_0620
PROC_GC_2023_0830,PROC_GC_2023_0620
PROC_GC_2023_0831,PROC_GC_2023_0620
PROC_GC_2023_0832,PROC_GC_2023_0620
PROC_GC_2023_0833,PROC_GC_2023_0620
PROC_GC_2023_0834,PROC_GC_2023_0620
PROC_GC_2023_0835,PROC_GC_2023_0620
PROC_GC_2023_0836,PROC_GC_2023_0620
PROC_GC_2023_0837,PROC_GC_2023_0620
PROC_GC_2023_0838,PROC_GC_2023_0620
PROC_GC_2023_0839,PROC_GC_2023_0620
PROC_GC_2023_0840,PROC_GC_2023_0620
PROC_GC_2023_0841,PROC_GC_2023_0620
PROC_GC_2023_0842,PROC_GC_2023_0620
PROC_GC_2023_0843,PROC_GC_2023_0620
PROC_GC_2023_0844,PROC_GC_2023_0620
PROC_GC_2023_0845,PROC_GC_2023_0620
PROC_GC_2023_0846,PROC_GC_2023_0620
PROC_GC_2023_0847,PROC_GC_2023_0620
PROC_GC_2023_0848,PROC_GC_2023_0620
PROC_GC_2023_0849,PROC_GC_2023_0620
PROC_GC_2023_0850,PROC_GC_2023_0620
PROC_GC_2023_0851,PROC_GC_2023_0620
PROC_GC_2023_0852,PROC_GC_2023_0620
PROC_GC_2023_0853,PROC_GC_2023_0620
PROC_GC_2023_0854,PROC_GC_2023_0620
PROC_GC_2023_0855,PROC_GC_2023_0620
PROC_GC_2023_0856,PROC_GC_2023_0620
PROC_GC_2023_0857,PROC_GC_2023_0620
PROC_GC_2023_0858,PROC_GC_2023_0620
PROC_GC_2023_0859,PROC_GC_2023_0620
PROC_GC_2023_0860,PROC_GC_2023_0620
PROC_GC_2023_0861,PROC_GC_2023_0620
PROC_GC_2023_0862,PROC_GC_2023_0620
PROC_GC_2023_0863,PROC_GC_2023_0620
PROC_GC_2023_0864,PROC_GC_2023_0620
PROC_GC_2023_0865,PROC_GC_2023_0620
PROC_GC_2023_0866,PROC_GC_2023_0620
PROC_GC_2023_0867,PROC_GC_2023_0620
PROC_GC_2023_0868,PROC_GC_2023_0620
PROC_GC_2023_0869,PROC_GC_2023_0620
PROC_GC_2023_0870,PROC_GC_2023_0620
PROC_GC_2023_0871,PROC_GC_2023_0620
PROC_GC_2023_0872,PROC_GC_2023_0620
PROC_GC_2023_0873,PROC_GC_2023_0620
PROC_GC_2023_0874,PROC_GC_2023_0620
PROC_GC_2023_0875,PROC_GC_2023_0620
PROC_GC_2023_0876,PROC_GC_2023_0620
PROC_GC_2023_0877,PROC_GC_2023_0620
PROC_GC_2023_0878,PROC_GC_2023_0620
PROC_GC_2023_0879,PROC_GC_2023_0620
PROC_GC_2023_0880,PROC_GC_2023_0620
PROC_GC_2023_0881,PROC_GC_2023_0620
PROC_GC_2023_0882,PROC_GC_2023_0620
PROC_GC_2023_0883,PROC_GC_2023_0620
PROC_GC_2023_0884,PROC_GC_2023_0620
PROC_GC_2023_0885,PROC_GC_2023_0620
PROC_GC_2023_0886,PROC_GC_2023_0620
PROC_GC_2023_0887,PROC_GC_2023_0620
PROC_GC_2023_0888,PROC_GC_2023_0620
PROC_GC_2023_0889,PROC_GC_2023_0620
PROC_GC_2023_0890,PROC_GC_2023_0620
PROC_GC_2023_0891,PROC_GC_2023_0620
PROC_GC_2023_0892,PROC_GC_2023_0620
PROC_GC_2023_0893,PROC_GC_2023_0620
PROC_GC_2023_0894,PROC_GC_2023_0620
PROC_GC_2023_0895,PROC_GC_2023_0620
PROC_GC_2023_0896,PROC_GC_2023_0620
PROC_GC_2023_0897,PROC_GC_2023_0620
PROC_GC_2023_0898,PROC_GC_2023_0620
PROC_GC_2023_0899,PROC_GC_2023_0620
PROC_GC_2023_0900,PROC_GC_2023_0620
PROC_GC_2023_0901,PROC_GC_2023_0620
PROC_GC_2023_0902,PROC_GC_2023_0620
PROC_GC_2023_0903,PROC_GC_2023_0620
PROC_GC_2023_0904,PROC_GC_2023_0620
PROC_GC_2023_0905,PROC_GC_2023_0620
PROC_GC_2023_0906,PROC_GC_2023_0620
PROC_GC_2023_0907,PROC_GC_2023_0620
PROC_GC_2023_0908,PROC_GC_2023_0620
PROC_GC_2023_0909,PROC_GC_2023_0620
PROC_GC_2023_0910,PROC_GC_2023_0620
PROC_GC_2023_0911,PROC_GC_2023_0620
PROC_GC_2023_0912,PROC_GC_2023_0620
PROC_GC_2023_0913,PROC_GC_2023_0620
PROC_GC_2023_0914,PROC_GC_2023_0620
PROC_GC_2023_0915,PROC_GC_2023_0620
PROC_GC_2023_0916,PROC_GC_2023_0620
PROC_GC_2023_0917,PROC_GC_2023_0620
PROC_GC_2023_0918,PROC_GC_2023_0620
PROC_GC_2023_0919,PROC_GC_2023_0620
PROC_GC_2023_0920,PROC_GC_2023_0620
PROC_GC_2023_0921,PROC_GC_2023_0620
PROC_GC_2023_0922,PROC_GC_2023_0620
PROC_GC_2023_0923,PROC_GC_2023_0620
PROC_GC_2023_0924,PROC_GC_2023_0620
PROC_GC_2023_0925,PROC_GC_2023_0620
PROC_GC_2023_0926,PROC_GC_2023_0620
PROC_GC_2023_0927,PROC_GC_2023_0620
PROC_GC_2023_0928,PROC_GC_2023_0620
PROC_GC_2023_0929,PROC_GC_2023_0620
PROC_GC_2023_0930,PROC_GC_2023_0620
PROC_GC_2023_0931,PROC_GC_2023_0620
PROC_GC_2023_0932,PROC_GC_2023_0620
PROC_GC_2023_0933,PROC_GC_2023_0620
PROC_GC_2023_0934,PROC_GC_2023_0620
PROC_GC_2023_0935,PROC_GC_2023_0620
PROC_GC_2023_0936,PROC_GC_2023_0620
PROC_GC_2023_0937,PROC_GC_2023_0620
PROC_GC_2023_0938,PROC_GC_2023_0620
PROC_GC_2023_0939,PROC_GC_2023_0620
PROC_GC_2023_0940,PROC_GC_2023_0620
PROC_GC_2023_0941,PROC_GC_2023_0620
PROC_GC_2023_0942,PROC_GC_2023_0620
PROC_GC_2023_0943,PROC_GC_2023_0620
PROC_GC_2023_0944,PROC_GC_2023_0620
PROC_GC_2023_0945,PROC_GC_2023_0620
PROC_GC_2023_0946,PROC_GC_2023_0620
PROC_GC_2023_0947,PROC_GC_2023_0620
PROC_GC_2023_0948,PROC_GC_2023_0620
PROC_GC_2023_0949,PROC_GC_2023_0620
PROC_GC_2023_0950,PROC_GC_2023_0620
PROC_GC_2023_0951,PROC_GC_2023_0620
PROC_GC_2023_0952,PROC_GC_2023_0620
PROC_GC_2023_0953,PROC_GC_2023_0620
PROC_GC_2023_0954,PROC_GC_2023_0620
PROC_GC_2023_0955,PROC_GC_2023_0620
PROC_GC_2023_0956,PROC_GC_2023_0620
PROC_GC_2023_0957,PROC_GC_2023_0620
PROC_GC_2023_0958,PROC_GC_2023_0620
PROC_GC_2023_0959,PROC_GC_2023_0620
PROC_GC_2023_0960,PROC_GC_2023_0620
PROC_GC_2023_0961,PROC_GC_2023_0620
PROC_GC_2023_0962,PROC_GC_2023_0620
PROC_GC_2023_0963,PROC_GC_2023_0620
PROC_GC_2023_0964,PROC_GC_2023_0620
PROC_GC_2023_0965,PROC_GC_2023_0620
PROC_GC_2023_0966,PROC_GC_2023_0620
PROC_GC_2023_0967,PROC_GC_2023_0620
PROC_GC_2023_0968,PROC_GC_2023_0620
PROC_GC_2023_0969,PROC_GC_2023_0620
PROC_GC_2023_0970,PROC_GC_2023_0620
PROC_GC_2023_0971,PROC_GC_2023_0620
PROC_GC_2023_0972,PROC_GC_2023_0620
PROC_GC_2023_0973,PROC_GC_2023_0620
PROC_GC_2023_0974,PROC_GC_2023_0620
PROC_GC_2023_0975,PROC_GC_2023_0620
PROC_GC_2023_0976,PROC_GC_2023_0620
PROC_GC_2023_0977,PROC_GC_2023_0620
PROC_GC_2023_0978,PROC_GC_2023_0620
PROC_GC_2023_0979,PROC_GC_2023_0620
PROC_GC_2023_0980,PROC_GC_2023_0620
PROC_GC_2023_0981,PROC_GC_2023_0620
PROC_GC_2023_0982,PROC_GC_2023_0620
PROC_GC_2023_0983,PROC_GC_2023_0620
PROC_GC_2023_0984,PROC_GC_2023_0620
PROC_GC_2023_0985,PROC_GC_2023_0620
PROC_GC_2023_0986,PROC_GC_2023_0620
PROC_GC_2023_0987,PROC_GC_2023_0620
PROC_GC_2023_0988,PROC_GC_2023_0620
PROC_GC_2023_0989,PROC_GC_2023_0620
PROC_GC_2023_0990,PROC_GC_2023_0620
PROC_GC_2023_0991,PROC_GC_2023_0620
PROC_GC_2023_0992,PROC_GC_2023_0620
PROC_GC_2023_0993,PROC_GC_2023_0620
PROC_GC_2023_0994,PROC_GC_2023_0620
PROC_GC_2023_0995,PROC_GC_2023_0620
PROC_GC_2023_0996,PROC_GC_2023_0620
PROC_GC_2023_0997,PROC_GC_2023_0620
PROC_GC_2023_0998,PROC_GC_2023_0620
PROC_GC_2023_0999,PROC_GC_2023_0620
PROC_CJ_2024_0222,PROC_CJ_2024_0221
PROC_CJ_2024_0297,PROC_CJ_2024_0296
PROC_CJ_2024_0298,PROC_CJ_2024_0296
PROC_CJ_2024_0299,PROC_CJ_2024_0296
PROC_CJ_2024_0300,PROC_CJ_2024_0296
PROC_CJ_2024_0301,PROC_CJ_2024_0296
PROC_CJ_2024_0302,PROC_CJ_2024_0296
PROC_CJ_2024_0303,PROC_CJ_2024_0296
PROC_CJ_2024_0304,PROC_CJ_2024_0296
PROC_CJ_2024_0305,PROC_CJ_2024_0296
PROC_CJ_2024_0306,PROC_CJ_2024_0296
PROC_CJ_2024_0307,PROC_CJ_2024_0296
PROC_CJ_2024_0380,PROC_CJ_2024_0379
PROC_GC_2024_0362,PROC_GC_2024_0318
PROC_GC_2025_0157,PROC_GC_2025_0156
