key_id,iuropa_national_court_id,national_court,iuropa_member_state_id,member_state,court_location,english_translation,in_hierarchy,court_level,court_prestige,court_collegiality,court_competence,court_competence_detailed
1,NAT_COURT_AT_ASW,Arbeits- und Sozialgericht Wien,ACT_EU_MS_AT,Austria,Vienna,Labor and Social Court,1,lower court,not applicable,panel,specialized,labor law; social law
2,NAT_COURT_AT_A,Asylgerichtshof,ACT_EU_MS_AT,Austria,Vienna,Asylum Court,1,higher court,not applicable,panel,specialized,immigration law
3,NAT_COURT_AT_BS_1_REG_LIN_FD_OBE,Berufungssenat I der Region Linz bei der Finanzlandesdirektion für Oberösterreich,ACT_EU_MS_AT,Austria,Linz,Appeals Senate I of the Linz Region at the State Financial Directorate for Upper Austria,0,not applicable,lower court,panel,specialized,tax law
4,NAT_COURT_AT_BS_5_FD_WIE_NIE_BUR,"Berufungssenat V der Finanzlandesdirektion für Wien, Niederösterreich und Burgenland",ACT_EU_MS_AT,Austria,Vienna,"Appeals Senate V of the State Financial Directorate for Vienna, Lower Austria and Burgenland",0,not applicable,lower court,panel,specialized,tax law
5,NAT_COURT_AT_BG_BLE,Bezirksgericht Bleiburg,ACT_EU_MS_AT,Austria,Bleiburg,District Court of Bleiburg,1,lower court,not applicable,single judge,general,not applicable
6,NAT_COURT_AT_BG_BRE,Bezirksgericht Bregenz,ACT_EU_MS_AT,Austria,Bregenz,District Court of Bregenz,1,lower court,not applicable,single judge,general,not applicable
7,NAT_COURT_AT_BGH_WIE,Bezirksgericht für Handelssachen Wien,ACT_EU_MS_AT,Austria,Vienna,District Court for Commercial Matters,1,lower court,not applicable,single judge,specialized,commercial law
8,NAT_COURT_AT_BGIS_WIE,Bezirksgericht Innere Stadt Wien,ACT_EU_MS_AT,Austria,Vienna,District Court of the Inner City of Vienna,1,lower court,not applicable,single judge,general,not applicable
9,NAT_COURT_AT_BG_LIN,Bezirksgericht Linz,ACT_EU_MS_AT,Austria,Linz,District Court of Linz,1,lower court,not applicable,single judge,general,not applicable
10,NAT_COURT_AT_BG_VIL,Bezirksgericht Villach,ACT_EU_MS_AT,Austria,Villach,District Court of Villach,1,lower court,not applicable,single judge,general,not applicable
11,NAT_COURT_AT_BFG,Bundesfinanzgericht,ACT_EU_MS_AT,Austria,not available,Federal Finance Court,1,lower court,not applicable,single judge,specialized,tax law
12,NAT_COURT_AT_BKS,Bundeskommunikationssenat,ACT_EU_MS_AT,Austria,Vienna,Federal Communications Court,0,not applicable,lower court,panel,specialized,communications policy
13,NAT_COURT_AT_BVB,Bundesvergabeamt,ACT_EU_MS_AT,Austria,Vienna,Federal Procurement Office,1,lower court,not applicable,panel,specialized,public procurement law
14,NAT_COURT_AT_BVWG,Bundesverwaltungsgericht,ACT_EU_MS_AT,Austria,Vienna,Federal Administrative Court,1,lower court,not applicable,single judge,administrative,not applicable
15,NAT_COURT_AT_HG_WIE,Handelsgericht Wien,ACT_EU_MS_AT,Austria,Vienna,Vienna Commercial Court,1,mid-level court,not applicable,mixed,specialized,commercial law
16,NAT_COURT_AT_LG_EIS,Landesgericht Eisenstadt,ACT_EU_MS_AT,Austria,Eisenstadt,Regional Court of Eisenstadt,1,lower court,not applicable,single judge,general,not applicable
17,NAT_COURT_AT_LG_FEL,Landesgericht Feldkirch,ACT_EU_MS_AT,Austria,Feldkirch,Regional Court of Feldkirch,1,lower court,not applicable,single judge,general,not applicable
18,NAT_COURT_AT_LGS_WIE,Landesgericht für Strafsachen Wien,ACT_EU_MS_AT,Austria,Vienna,Criminal Regional Court of Vienna,1,lower court,not applicable,panel,specialized,criminal law
19,NAT_COURT_AT_LGZ_GRA,Landesgericht für Zivilrechtssachen Graz,ACT_EU_MS_AT,Austria,Graz,Civil Regional Court of Graz,1,lower court,not applicable,single judge,general,not applicable
20,NAT_COURT_AT_LGZ_WIE,Landesgericht für Zivilrechtssachen Wien,ACT_EU_MS_AT,Austria,Vienna,Civil Regional Court of Vienna,1,lower court,not applicable,single judge,general,not applicable
21,NAT_COURT_AT_LG_INN,Landesgericht Innsbruck,ACT_EU_MS_AT,Austria,Innsbruck,Regional Court,1,lower court,not applicable,single judge,general,not applicable
22,NAT_COURT_AT_LG_KLA,Landesgericht Klagenfurt,ACT_EU_MS_AT,Austria,Klagenfurt,Regional Court of Klagenfurt,1,lower court,not applicable,single judge,general,not applicable
23,NAT_COURT_AT_LG_KOR,Landesgericht Korneuburg,ACT_EU_MS_AT,Austria,Korneuburg,Regional Court of Komeuburg,1,lower court,not applicable,single judge,general,not applicable
24,NAT_COURT_AT_LG_LIN,Landesgericht Linz,ACT_EU_MS_AT,Austria,Linz,Regional Court of Linz,1,lower court,not applicable,single judge,general,not applicable
25,NAT_COURT_AT_LG_SAL,Landesgericht Salzburg,ACT_EU_MS_AT,Austria,Salzburg,Regional Court of Salzburg,1,lower court,not applicable,single judge,general,not applicable
26,NAT_COURT_AT_LG_ST_POL,Landesgericht St. Pölten,ACT_EU_MS_AT,Austria,St. Pölten,Regional Court of St. Pölten,1,lower court,not applicable,single judge,general,not applicable
27,NAT_COURT_AT_LG_WEL,Landesgericht Wels,ACT_EU_MS_AT,Austria,Wels,Regional Court of Wels,1,lower court,not applicable,single judge,general,not applicable
28,NAT_COURT_AT_LG_WIE_NEU,Landesgericht Wiener Neustadt,ACT_EU_MS_AT,Austria,Wiener Neustadt,Regional Court of Wiener Neustadt,1,lower court,not applicable,single judge,general,not applicable
29,NAT_COURT_AT_LVWG_NIE,Landesverwaltungsgericht Niederösterreich,ACT_EU_MS_AT,Austria,St. Pölten,Regional Administrative Court of Lower Austria,1,lower court,not applicable,single judge,administrative,not applicable
30,NAT_COURT_AT_LVWG_OBE,Landesverwaltungsgericht Oberösterreich,ACT_EU_MS_AT,Austria,Linz,Regional Administrative Court of Upper Austria,1,lower court,not applicable,single judge,administrative,not applicable
31,NAT_COURT_AT_LVWG_STE,Landesverwaltungsgericht Steiermark,ACT_EU_MS_AT,Austria,Graz,Regional Administrative Court of Styria,1,lower court,not applicable,single judge,administrative,not applicable
32,NAT_COURT_AT_LVWG_TIR,Landesverwaltungsgericht Tirol,ACT_EU_MS_AT,Austria,Innsbruck,Regional Administrative Court of Tyrol,1,lower court,not applicable,single judge,administrative,not applicable
33,NAT_COURT_AT_LVWG_VOR,Landesverwaltungsgericht Vorarlberg,ACT_EU_MS_AT,Austria,Bregenz,Regional Administrative Court of Vorarlberg,1,lower court,not applicable,single judge,administrative,not applicable
34,NAT_COURT_AT_OLG_GRA,Oberlandesgericht Graz,ACT_EU_MS_AT,Austria,Graz,Higher Regional Court of Graz,1,mid-level court,not applicable,panel,general,not applicable
35,NAT_COURT_AT_OLG_INN,Oberlandesgericht Innsbruck,ACT_EU_MS_AT,Austria,Innsbruck,Higher Regional Court of Innsbruck,1,mid-level court,not applicable,panel,general,not applicable
36,NAT_COURT_AT_OLG_LIN,Oberlandesgericht Linz,ACT_EU_MS_AT,Austria,Linz,Higher Regional Court of Linz,1,mid-level court,not applicable,panel,general,not applicable
37,NAT_COURT_AT_OLG_WIE,Oberlandesgericht Wien,ACT_EU_MS_AT,Austria,Vienna,Higher Regional Court of Vienna,1,mid-level court,not applicable,panel,general,not applicable
38,NAT_COURT_AT_OBDK,Oberste Berufungs- und Disziplinarkommission,ACT_EU_MS_AT,Austria,Vienna,Supreme Appeals and Disciplinary Commission,0,not applicable,higher court,panel,specialized,disciplinary law
39,NAT_COURT_AT_OGS,Oberster Gerichtshof,ACT_EU_MS_AT,Austria,Vienna,Supreme Court,1,higher court,not applicable,panel,general,not applicable
40,NAT_COURT_AT_OPM,Oberster Patent- und Markensenat,ACT_EU_MS_AT,Austria,Vienna,Supreme Patent and Trademark Court,1,higher court,not applicable,panel,specialized,intellectual property law
41,NAT_COURT_AT_SCK,Schienen-Control Kommission,ACT_EU_MS_AT,Austria,Vienna,Rail Control Commission,0,not applicable,lower court,panel,specialized,transport policy
42,NAT_COURT_AT_TLVB,Tiroler Landesvergabeamt,ACT_EU_MS_AT,Austria,Innsbruck,State Procurement Office of Tyrol,1,lower court,not applicable,panel,specialized,public procurement law
43,NAT_COURT_AT_US,Umweltsenat,ACT_EU_MS_AT,Austria,Vienna,Environmental Tribunal,1,lower court,not applicable,panel,specialized,environmental law
44,NAT_COURT_AT_UF_GRA,"Unabhängiger Finanzsenat, Außenstelle Graz",ACT_EU_MS_AT,Austria,Graz,"Federal Finance Court, Graz Branch",1,lower court,not applicable,single judge,specialized,tax law
45,NAT_COURT_AT_UF_KLA,"Unabhängiger Finanzsenat, Außenstelle Klagenfurt",ACT_EU_MS_AT,Austria,Klagenfurt,"Federal Finance Court, Klagenfurt Branch",1,lower court,not applicable,single judge,specialized,tax law
46,NAT_COURT_AT_UF_LIN,"Unabhängiger Finanzsenat, Außenstelle Linz",ACT_EU_MS_AT,Austria,Linz,"Federal Finance Court, Linz Branch",1,lower court,not applicable,single judge,specialized,tax law
47,NAT_COURT_AT_UF_SAL,"Unabhängiger Finanzsenat, Außenstelle Salzburg-Aigen",ACT_EU_MS_AT,Austria,Salzburg,"Federal Finance Court, Salzburg Branch",1,lower court,not applicable,single judge,specialized,tax law
48,NAT_COURT_AT_UF_WIE,"Unabhängiger Finanzsenat, Außenstelle Wien",ACT_EU_MS_AT,Austria,Vienna,"Federal Finance Court, Vienna Branch",1,lower court,not applicable,single judge,specialized,tax law
49,NAT_COURT_AT_UVWS_OBE,Unabhängiger Verwaltungssenat des Landes Oberösterreich,ACT_EU_MS_AT,Austria,Linz,Regional Administrative Court of Upper Austria,1,lower court,not applicable,single judge,administrative,not applicable
50,NAT_COURT_AT_UVWS_VOR,Unabhängiger Verwaltungssenat des Landes Vorarlberg,ACT_EU_MS_AT,Austria,Bregenz,Regional Administrative Court of the State of Vorarlberg,1,lower court,not applicable,single judge,administrative,not applicable
51,NAT_COURT_AT_UVWS_KAR,Unabhängiger Verwaltungssenat für Kärnten,ACT_EU_MS_AT,Austria,Klagenfurt,Regional Administrative Court for Carinthia,1,lower court,not applicable,single judge,administrative,not applicable
52,NAT_COURT_AT_UVWS_NIE,Unabhängiger Verwaltungssenat im Land Niederösterreich,ACT_EU_MS_AT,Austria,St. Pölten,Regional Administrative Court of Lower Austria,1,lower court,not applicable,single judge,administrative,not applicable
53,NAT_COURT_AT_UVWS_TIR,Unabhängiger Verwaltungssenat in Tirol,ACT_EU_MS_AT,Austria,Innsbruck,Regional Administrative Court of Tyrol,1,lower court,not applicable,single judge,administrative,not applicable
54,NAT_COURT_AT_UVWS_SAL,Unabhängiger Verwaltungssenat Salzburg,ACT_EU_MS_AT,Austria,Salzburg,Regional Administrative Court of the State of Salzburg,1,lower court,not applicable,single judge,administrative,not applicable
55,NAT_COURT_AT_UVWS_WIE,Unabhängiger Verwaltungssenat Wien,ACT_EU_MS_AT,Austria,Vienna,Regional Administrative Court of Vienna,1,lower court,not applicable,single judge,administrative,not applicable
56,NAT_COURT_AT_VFGH,Verfassungsgerichtshof,ACT_EU_MS_AT,Austria,Vienna,Constitutional Court,0,not applicable,higher court,panel,constitutional,not applicable
57,NAT_COURT_AT_VKS_WIE,Vergabekontrollsenat des Landes Wien,ACT_EU_MS_AT,Austria,Vienna,Procurement Control Senate of the Vienna Province,1,lower court,not applicable,panel,specialized,public procurement law
58,NAT_COURT_AT_VWS_WIE,Verwaltungsgericht Wien,ACT_EU_MS_AT,Austria,Vienna,Regional Administrative Court of Vienna,1,lower court,not applicable,single judge,administrative,not applicable
59,NAT_COURT_AT_VWGH,Verwaltungsgerichtshof,ACT_EU_MS_AT,Austria,Vienna,High Court of Administration,1,higher court,not applicable,panel,administrative,not applicable
60,NAT_COURT_BE_AH,Arbeidshof,ACT_EU_MS_BE,Belgium,not available,Labor Court of Appeal,1,mid-level court,not applicable,panel,specialized,labor law
61,NAT_COURT_BE_AH_ANT,Arbeidshof Antwerpen,ACT_EU_MS_BE,Belgium,Antwerp,Labor Court of Appeal of Antwerp,1,mid-level court,not applicable,panel,specialized,labor law
62,NAT_COURT_BE_AH_BRU,Arbeidshof Brussel,ACT_EU_MS_BE,Belgium,Brussels,Labor Court of Appeal of Brussels,1,mid-level court,not applicable,panel,specialized,labor law
63,NAT_COURT_BE_AH_GEN,Arbeidshof Gent,ACT_EU_MS_BE,Belgium,Ghent,Labor Court of Appeal of Ghent,1,mid-level court,not applicable,panel,specialized,labor law
64,NAT_COURT_BE_AR_ANT,Arbeidsrechtbank Antwerpen,ACT_EU_MS_BE,Belgium,Antwerp,Labor Court of Antwerp,1,lower court,not applicable,panel,specialized,labor law
65,NAT_COURT_BE_AR_BRU,Arbeidsrechtbank Brugge,ACT_EU_MS_BE,Belgium,Bruges,Labor Court of Bruges,1,lower court,not applicable,panel,specialized,labor law
66,NAT_COURT_BE_AR_GEN,Arbeidsrechtbank Gent,ACT_EU_MS_BE,Belgium,Ghent,Labor Court of Ghent,1,lower court,not applicable,panel,specialized,labor law
67,NAT_COURT_BE_AR_HAS,Arbeidsrechtbank Hasselt,ACT_EU_MS_BE,Belgium,Hasselt,Labor Court of Hasselt,1,lower court,not applicable,panel,specialized,labor law
68,NAT_COURT_BE_AR_TON,Arbeidsrechtbank Tongeren,ACT_EU_MS_BE,Belgium,Tongeren,Labor Court of Tongeren,1,lower court,not applicable,panel,specialized,labor law
69,NAT_COURT_BE_BDPB,Bestendige deputatie van de provincieraad van Brabant,ACT_EU_MS_BE,Belgium,not available,Permanent Deputation of the Provincial Council of Brabant,0,not applicable,mid-level court,panel,administrative,not applicable
70,NAT_COURT_BE_CREE,Chambre de recours des écoles européennes,ACT_EU_MS_BE,Belgium,Brussels,Complaints Board of European Schools,0,not applicable,not available,not available,specialized,education policy
71,NAT_COURT_BE_CACLV,Collège d'arbitrage de la Commission de Litiges Voyages,ACT_EU_MS_BE,Belgium,Brussels,Arbitration College of the Travel Litigation Commission,0,not applicable,not available,panel,specialized,transport policy
72,NAT_COURT_BE_CACCSA,Collège d'autorisation et de contrôle du Conseil supérieur de l'audiovisuel,ACT_EU_MS_BE,Belgium,Brussels,Authorization and Control College of the Superior Audiovisual Council,0,not applicable,not available,panel,specialized,communications policy
73,NAT_COURT_BE_CJ_REG_BRU_CAP,Collège juridictionnel de la Région de Bruxelles-Capitale,ACT_EU_MS_BE,Belgium,Brussels,Jurisdictional College of the Brussels Region,0,not applicable,lower court,panel,specialized,election law
74,NAT_COURT_BE_CRLMAOMI,Commission de réclamation de Liège en matière d'assurance obligatoire contre la maladie et l'invalidité,ACT_EU_MS_BE,Belgium,Liège,Complaints Comission of Liège for Compulsory Health and Disability Insurance,0,not applicable,lower court,panel,specialized,health policy
75,NAT_COURT_BE_CAEFOA,Conseil d'appel d'expression française de l'ordre des architectes,ACT_EU_MS_BE,Belgium,Liège,French-Speaking Appeals Council of the Order of Architects,0,not applicable,mid-level court,panel,specialized,professional board
76,NAT_COURT_BE_CE,Conseil d'État,ACT_EU_MS_BE,Belgium,Brussels,Council of State,1,higher court,not applicable,panel,administrative,not applicable
77,NAT_COURT_BE_CPA_MON,Conseil de prud'hommes d'appel de Mons,ACT_EU_MS_BE,Belgium,Mons,Labor Court of Appeal of Mons,1,mid-level court,not applicable,panel,specialized,labor law
78,NAT_COURT_BE_CCE,Conseil du contentieux des étrangers,ACT_EU_MS_BE,Belgium,Brussels,Foreigners Litigation Council,1,lower court,not applicable,single judge,specialized,immigration law
79,NAT_COURT_BE_CCON,Cour constitutionnelle,ACT_EU_MS_BE,Belgium,Brussels,Constitutional Court,0,not applicable,higher court,panel,constitutional,not applicable
80,NAT_COURT_BE_CA_BRU,Cour d'appel de Bruxelles,ACT_EU_MS_BE,Belgium,Brussels,Court of Appeal of Brussels,1,mid-level court,not applicable,single judge,general,not applicable
81,NAT_COURT_BE_CA_LIE,Cour d'appel de Liège,ACT_EU_MS_BE,Belgium,Liège,Court of Appeal of Liège,1,mid-level court,not applicable,single judge,general,not applicable
82,NAT_COURT_BE_CA_MON,Cour d'appel de Mons,ACT_EU_MS_BE,Belgium,Mons,Court of Appeal of Mons,1,mid-level court,not applicable,single judge,general,not applicable
83,NAT_COURT_BE_CA,Cour d'arbitrage,ACT_EU_MS_BE,Belgium,Brussels,Constitutional Court,0,not applicable,higher court,panel,constitutional,not applicable
84,NAT_COURT_BE_CCAS,Cour de cassation,ACT_EU_MS_BE,Belgium,Brussels,Court of Cassation,1,higher court,not applicable,panel,general,not applicable
85,NAT_COURT_BE_CT_BRU,Cour du travail de Bruxelles,ACT_EU_MS_BE,Belgium,Brussels,Labor Court of Appeal of Brussels,1,mid-level court,not applicable,panel,specialized,labor law
86,NAT_COURT_BE_CT_LIE,Cour du travail de Liège,ACT_EU_MS_BE,Belgium,Liège,Labor Court of Appeal of Liège,1,mid-level court,not applicable,panel,specialized,labor law
87,NAT_COURT_BE_CT_MON,Cour du travail de Mons,ACT_EU_MS_BE,Belgium,Mons,Labor Court of Appeal of Mons,1,mid-level court,not applicable,panel,specialized,labor law
88,NAT_COURT_BE_HB_ANT,Hof van beroep Antwerpen,ACT_EU_MS_BE,Belgium,Antwerp,Court of Appeal of Antwerp,1,mid-level court,not applicable,single judge,general,not applicable
89,NAT_COURT_BE_HB_GEN,Hof van beroep Gent,ACT_EU_MS_BE,Belgium,Ghent,Court of Appeal of Ghent,1,mid-level court,not applicable,single judge,general,not applicable
90,NAT_COURT_BE_JP_BRU,Justice de paix de Bruxelles,ACT_EU_MS_BE,Belgium,Brussels,Justice of the Peace of Brussels,1,lower court,not applicable,single judge,general,not applicable
91,NAT_COURT_BE_JP_NEU,Justice de paix de Neufchâteau,ACT_EU_MS_BE,Belgium,Neufchâteau,Justice of the Peace of Neufchâteau,1,lower court,not applicable,single judge,general,not applicable
92,NAT_COURT_BE_JP_SCH,Justice de paix de Schaerbeek,ACT_EU_MS_BE,Belgium,Schaerbeek,Justice of the Peace of Schaerbeek,1,lower court,not applicable,single judge,general,not applicable
93,NAT_COURT_BE_JP_CAN_FOR,Justice de paix du canton de Forest,ACT_EU_MS_BE,Belgium,Forest,Justice of the Peace of the Canton of Forest,1,lower court,not applicable,single judge,general,not applicable
94,NAT_COURT_BE_JP_CAN_VIS,Justice de paix du canton de Visé,ACT_EU_MS_BE,Belgium,Visé,Justice of the Peace of the Canton of Visé,1,lower court,not applicable,single judge,general,not applicable
95,NAT_COURT_BE_JP_CAN_CHA_3,Justice de paix du troisième canton de Charleroi,ACT_EU_MS_BE,Belgium,Charleroi,Justice of the Peace of the Third Canton of Charleroi,1,lower court,not applicable,single judge,general,not applicable
96,NAT_COURT_BE_NOR_ANT,Nederlandstalige Ondernemingsrechtbank Antwerpen,ACT_EU_MS_BE,Belgium,Antwerp,Commercial Court of Antwerp,1,lower court,not applicable,panel,specialized,commercial law
97,NAT_COURT_BE_NOT_BRU,Nederlandstalige Ondernemingsrechtbank Brussel,ACT_EU_MS_BE,Belgium,Brussels,Commercial Court of Brussels,1,lower court,not applicable,panel,specialized,commercial law
98,NAT_COURT_BE_PR_HAR,Politierechtbank Harelbeke,ACT_EU_MS_BE,Belgium,Harelbeke,Police Court of Harelbeke,1,lower court,not applicable,single judge,specialized,criminal law
99,NAT_COURT_BE_PR_HAS,Politierechtbank Hasselt,ACT_EU_MS_BE,Belgium,Hasselt,Police Court of Hasselt,1,lower court,not applicable,single judge,specialized,criminal law
100,NAT_COURT_BE_PR_MEC,Politierechtbank Mechelen,ACT_EU_MS_BE,Belgium,Mechelen,Police Court of Mechelen,1,lower court,not applicable,single judge,specialized,criminal law
101,NAT_COURT_BE_RVEB,Raad voor Vergunningsbetwistingen,ACT_EU_MS_BE,Belgium,Brussels,Council for Permit Disputes,0,not applicable,mid-level court,panel,specialized,commercial law
102,NAT_COURT_BE_RVRB,Raad voor Vreemdelingenbetwistingen,ACT_EU_MS_BE,Belgium,Brussels,Council for Immigration Disputes,0,not applicable,not available,panel,specialized,immigration law
103,NAT_COURT_BE_REA_ANT,Rechtbank van eerste aanleg Antwerpen,ACT_EU_MS_BE,Belgium,Antwerp,Court of First Instance of Antwerp,1,lower court,not applicable,single judge,general,not applicable
104,NAT_COURT_BE_REA_BRUG,Rechtbank van eerste aanleg Brugge,ACT_EU_MS_BE,Belgium,Bruges,Court of First Instance of Bruges,1,lower court,not applicable,single judge,general,not applicable
105,NAT_COURT_BE_REA_BRUS,Rechtbank van eerste aanleg Brussel,ACT_EU_MS_BE,Belgium,Brussels,Dutch-speaking Court of First Instance of Brussels,1,lower court,not applicable,single judge,general,not applicable
106,NAT_COURT_BE_REA_DEN,Rechtbank van eerste aanleg Dendermonde,ACT_EU_MS_BE,Belgium,Dendermonde,Court of First Instance of Dendemonde,1,lower court,not applicable,single judge,general,not applicable
107,NAT_COURT_BE_REA_GEN,Rechtbank van eerste aanleg Gent,ACT_EU_MS_BE,Belgium,Ghent,Court of First Instance of Ghent,1,lower court,not applicable,single judge,general,not applicable
108,NAT_COURT_BE_REA_HAS,Rechtbank van eerste aanleg Hasselt,ACT_EU_MS_BE,Belgium,Hasselt,Court of First Instance of Hasselt,1,lower court,not applicable,single judge,general,not applicable
109,NAT_COURT_BE_REA_IEP,Rechtbank van eerste aanleg Ieper,ACT_EU_MS_BE,Belgium,Ypres,Court of First Instance of Ypres,1,lower court,not applicable,single judge,general,not applicable
110,NAT_COURT_BE_REA_LEU,Rechtbank van eerste aanleg Leuven,ACT_EU_MS_BE,Belgium,Leuven,Court of First Instance of Leuven,1,lower court,not applicable,single judge,general,not applicable
111,NAT_COURT_BE_REA_MEC,Rechtbank van eerste aanleg Mechelen,ACT_EU_MS_BE,Belgium,Mechelen,Court of First Instance of Mechelen,1,lower court,not applicable,single judge,general,not applicable
112,NAT_COURT_BE_REA_OOS_VLA,Rechtbank van eerste aanleg Oost-Vlaanderen,ACT_EU_MS_BE,Belgium,Gent,Court of First Instance of East Flanders,1,lower court,not applicable,single judge,general,not applicable
113,NAT_COURT_BE_REA_OUD,Rechtbank van eerste aanleg Oudenaarde,ACT_EU_MS_BE,Belgium,Oudenaarde,Court of First Instance of Oudenaarde,1,lower court,not applicable,single judge,general,not applicable
114,NAT_COURT_BE_REA_TUR,Rechtbank van eerste aanleg Turnhout,ACT_EU_MS_BE,Belgium,Turnhout,Court of First Instance of Tumhout,1,lower court,not applicable,single judge,general,not applicable
115,NAT_COURT_BE_REA_VEU,Rechtbank van eerste aanleg Veurne,ACT_EU_MS_BE,Belgium,Veurne,Court of First Instance of Veume,1,lower court,not applicable,single judge,general,not applicable
116,NAT_COURT_BE_REA_WES_VLA,Rechtbank van eerste aanleg West-Vlaanderen,ACT_EU_MS_BE,Belgium,Bruges,Court of First Instance of West Flanders,1,lower court,not applicable,single judge,general,not applicable
117,NAT_COURT_BE_RK_ANT,Rechtbank van koophandel Antwerpen,ACT_EU_MS_BE,Belgium,Antwerp,Business Court of Antwerp,1,lower court,not applicable,panel,specialized,commercial law
118,NAT_COURT_BE_RK_HAS,Rechtbank van koophandel Hasselt,ACT_EU_MS_BE,Belgium,Hasselt,Business Court of Hasselt,1,lower court,not applicable,panel,specialized,commercial law
119,NAT_COURT_BE_TCOR_ARL,Tribunal correctionnel d'Arlon,ACT_EU_MS_BE,Belgium,Arlon,Court of First Instance of Arlon,1,lower court,not applicable,single judge,specialized,criminal law
120,NAT_COURT_BE_TCOR_CA,Tribunal correctionnel de Charleroi,ACT_EU_MS_BE,Belgium,Charleroi,Court of First Instance of Charleroi,1,lower court,not applicable,single judge,specialized,criminal law
121,NAT_COURT_BE_TCOR_HUY,Tribunal correctionnel de Huy,ACT_EU_MS_BE,Belgium,Huy,Court of First Instance of Huy,1,lower court,not applicable,single judge,specialized,criminal law
122,NAT_COURT_BE_TCOR_LIE,Tribunal correctionnel de Liège,ACT_EU_MS_BE,Belgium,Liège,Court of First Instance of Liège,1,lower court,not applicable,single judge,specialized,criminal law
123,NAT_COURT_BE_TCOM_BRU,Tribunal de commerce de Bruxelles,ACT_EU_MS_BE,Belgium,Brussels,Business Court of Brussels,1,lower court,not applicable,panel,specialized,commercial law
124,NAT_COURT_BE_TCOM_HUY,Tribunal de commerce de Huy,ACT_EU_MS_BE,Belgium,Huy,Business Court of Huy,1,lower court,not applicable,panel,specialized,commercial law
125,NAT_COURT_BE_TCOM_LIE,Tribunal de commerce de Liège,ACT_EU_MS_BE,Belgium,Liège,Business Court of Liège,1,lower court,not applicable,panel,specialized,commercial law
126,NAT_COURT_BE_TCOM_MON,Tribunal de commerce de Mons,ACT_EU_MS_BE,Belgium,Mons,Business Court of Mons,1,lower court,not applicable,panel,specialized,commercial law
127,NAT_COURT_BE_TCOM_MIV,Tribunal de commerce de Nivelles,ACT_EU_MS_BE,Belgium,Nivelles,Business Court of Nivelles,1,lower court,not applicable,panel,specialized,commercial law
128,NAT_COURT_BE_TCOM_TOU,Tribunal de commerce de Tournai,ACT_EU_MS_BE,Belgium,Tournai,Business Court of Tournai,1,lower court,not applicable,panel,specialized,commercial law
129,NAT_COURT_BE_TCOM_VER,Tribunal de commerce de Verviers,ACT_EU_MS_BE,Belgium,Verviers,Business Court of Verviers,1,lower court,not applicable,panel,specialized,commercial law
130,NAT_COURT_BE_TE_LIE,Tribunal de l'entreprise de Liège,ACT_EU_MS_BE,Belgium,Liège,Business Court of Liège,1,lower court,not applicable,panel,specialized,commercial law
131,NAT_COURT_BE_TE_HAI,Tribunal de l'entreprise du Hainaut,ACT_EU_MS_BE,Belgium,Hainaut,Business Court of Hainaut,1,lower court,not applicable,panel,specialized,commercial law
132,NAT_COURT_BE_TEF_BRU,Tribunal de l'entreprise francophone de Bruxelles,ACT_EU_MS_BE,Belgium,Brussels,French-Speaking Business Court of Brussels,1,lower court,not applicable,panel,specialized,commercial law
133,NAT_COURT_BE_TP_MON,Tribunal de police de Mons,ACT_EU_MS_BE,Belgium,Mons,Police Court of Mons,1,lower court,not applicable,single judge,specialized,criminal law
134,NAT_COURT_BE_TP_NEU,Tribunal de police de Neufchâteau,ACT_EU_MS_BE,Belgium,Neufchâteau,Police Court of Neufchâteau,1,lower court,not applicable,single judge,specialized,criminal law
135,NAT_COURT_BE_TP_VER,Tribunal de police de Verviers (1er canton),ACT_EU_MS_BE,Belgium,Verviers,Police Court of Verviers (First Canton),1,lower court,not applicable,single judge,specialized,criminal law
136,NAT_COURT_BE_TPI_BRU,Tribunal de première instance de Bruxelles,ACT_EU_MS_BE,Belgium,Brussels,Court of First Instance of Brussels,1,lower court,not applicable,single judge,general,not applicable
137,NAT_COURT_BE_TPI_CHA,Tribunal de première instance de Charleroi,ACT_EU_MS_BE,Belgium,Charleroi,Court of First Instance of Charleroi,1,lower court,not applicable,single judge,general,not applicable
138,NAT_COURT_BE_TPI_DIN,Tribunal de première instance de Dinant,ACT_EU_MS_BE,Belgium,Dinant,Court of First Instance of Dinant,1,lower court,not applicable,single judge,general,not applicable
139,NAT_COURT_BE_TPI_LIE,Tribunal de première instance de Liège,ACT_EU_MS_BE,Belgium,Liège,Court of First Instance of Liège,1,lower court,not applicable,single judge,general,not applicable
140,NAT_COURT_BE_TPI_MON,Tribunal de première instance de Mons,ACT_EU_MS_BE,Belgium,Mons,Court of First Instance of Mons,1,lower court,not applicable,single judge,general,not applicable
141,NAT_COURT_BE_TPI_NAM,Tribunal de première instance de Namur,ACT_EU_MS_BE,Belgium,Namur,Court of First Instance of Namur,1,lower court,not applicable,single judge,general,not applicable
142,NAT_COURT_BE_TPI_NEU,Tribunal de première instance de Neufchâteau,ACT_EU_MS_BE,Belgium,Neufchâteau,Court of First Instance of Neufchâteau,1,lower court,not applicable,single judge,general,not applicable
143,NAT_COURT_BE_TPI_NIV,Tribunal de première instance de Nivelles,ACT_EU_MS_BE,Belgium,Nivelles,Court of First Instance of Nivelles,1,lower court,not applicable,single judge,general,not applicable
144,NAT_COURT_BE_TPI_TOU,Tribunal de première instance de Tournai,ACT_EU_MS_BE,Belgium,Tournai,Court of First Instance of Tournai,1,lower court,not applicable,single judge,general,not applicable
145,NAT_COURT_BE_TPI_VER,Tribunal de première instance de Verviers,ACT_EU_MS_BE,Belgium,Verviers,Court of First Instance of Verviers,1,lower court,not applicable,single judge,general,not applicable
146,NAT_COURT_BE_TPI_LUX,Tribunal de première instance du Luxembourg,ACT_EU_MS_BE,Belgium,Luxembourg,Court of First Instance of Luxembourg,1,lower court,not applicable,single judge,general,not applicable
147,NAT_COURT_BE_TPIF_BRU,Tribunal de première instance francophone de Bruxelles,ACT_EU_MS_BE,Belgium,Brussels,French-Speaking Court of First Instance of Brussels,1,lower court,not applicable,single judge,general,not applicable
148,NAT_COURT_BE_TT_BRU,Tribunal du travail de Bruxelles,ACT_EU_MS_BE,Belgium,Brussels,Labor Court of Brussels,1,lower court,not applicable,panel,specialized,labor law
149,NAT_COURT_BE_TT_CHA,Tribunal du travail de Charleroi,ACT_EU_MS_BE,Belgium,Charleroi,Labor Court of  Charleroi,1,lower court,not applicable,panel,specialized,labor law
150,NAT_COURT_BE_TT_DIN,Tribunal du travail de Dinant,ACT_EU_MS_BE,Belgium,Dinant,Labor Court of Dinant,1,lower court,not applicable,panel,specialized,labor law
151,NAT_COURT_BE_TT_LIE,Tribunal du travail de Liège,ACT_EU_MS_BE,Belgium,Liège,Labor Court of Liège,1,lower court,not applicable,panel,specialized,labor law
152,NAT_COURT_BE_TT_MON,Tribunal du travail de Mons,ACT_EU_MS_BE,Belgium,Mons,Labor Court of Mons,1,lower court,not applicable,panel,specialized,labor law
153,NAT_COURT_BE_TT_NAM,Tribunal du travail de Namur,ACT_EU_MS_BE,Belgium,Namur,Labor Court of Namur,1,lower court,not applicable,panel,specialized,labor law
154,NAT_COURT_BE_TT_NEU,Tribunal du travail de Neufchâteau,ACT_EU_MS_BE,Belgium,Neufchâteau,Labor Court of Neufchâteau,1,lower court,not applicable,panel,specialized,labor law
155,NAT_COURT_BE_TT_NIV,Tribunal du travail de Nivelles,ACT_EU_MS_BE,Belgium,Nivelles,Labor Court of Nivelles,1,lower court,not applicable,panel,specialized,labor law
156,NAT_COURT_BE_TT_TOU,Tribunal du travail de Tournai,ACT_EU_MS_BE,Belgium,Tournai,Labor Court of Tournai,1,lower court,not applicable,panel,specialized,labor law
157,NAT_COURT_BE_TTF_BRU,Tribunal du travail francophone de Bruxelles,ACT_EU_MS_BE,Belgium,Brussels,French-Speaking Labor Court of Brussels,1,lower court,not applicable,panel,specialized,labor law
158,NAT_COURT_BE_VG_ANT,Vredegerecht Antwerpen,ACT_EU_MS_BE,Belgium,Antwerp,Justice of the Peace of Antwerp,1,lower court,not applicable,single judge,general,not applicable
159,NAT_COURT_BE_VG_BEV,Vredegerecht Beveren,ACT_EU_MS_BE,Belgium,Beveren,Justice of the Peace of Beveren,1,lower court,not applicable,single judge,general,not applicable
160,NAT_COURT_BE_VG_BRA,Vredegerecht Brasschaat,ACT_EU_MS_BE,Belgium,Brasschaat,Justice of the Peace of Brasschaat,1,lower court,not applicable,single judge,general,not applicable
161,NAT_COURT_BE_VG_IEP,Vredegerecht Ieper,ACT_EU_MS_BE,Belgium,Ypres,Justice of the Peace of Ypres,1,lower court,not applicable,single judge,general,not applicable
162,NAT_COURT_BG_ADS_BLA,Administrativen sad Blagoevgrad,ACT_EU_MS_BG,Bulgaria,Blagoevgrad,Administrative Court of Blagoevgrad,1,lower court,not applicable,not available,administrative,not applicable
163,NAT_COURT_BG_ADS_BUR,Administrativen sad Burgas,ACT_EU_MS_BG,Bulgaria,Burgas,Administrative Court of Burgas,1,lower court,not applicable,not available,administrative,not applicable
164,NAT_COURT_BG_ADS_HAS,Administrativen sad Haskovo,ACT_EU_MS_BG,Bulgaria,Haskovo,Administrative Court of Haskovo,1,lower court,not applicable,not available,administrative,not applicable
165,NAT_COURT_BG_ADS_PLE,Administrativen sad Pleven,ACT_EU_MS_BG,Bulgaria,Pleven,Administrative Court of Pleven,1,lower court,not applicable,not available,administrative,not applicable
166,NAT_COURT_BG_ADS_PLO,Administrativen sad Plovdiv,ACT_EU_MS_BG,Bulgaria,Plovdiv,Administrative Court of Plovdiv,1,lower court,not applicable,not available,administrative,not applicable
167,NAT_COURT_BG_ADS_SIL,Administrativen sad Silistra,ACT_EU_MS_BG,Bulgaria,Silistra,Administrative Court of Silistra,1,lower court,not applicable,not available,administrative,not applicable
168,NAT_COURT_BG_ADS_SOF,Administrativen sad Sofia-grad,ACT_EU_MS_BG,Bulgaria,Sofia,Administrative Court of Sofia,1,lower court,not applicable,not available,administrative,not applicable
169,NAT_COURT_BG_ADS_VAR,Administrativen sad Varna,ACT_EU_MS_BG,Bulgaria,Varna,Administrative Court of Vama,1,lower court,not applicable,not available,administrative,not applicable
170,NAT_COURT_BG_ADS_VEL_TAR,Administrativen sad Veliko Tarnovo,ACT_EU_MS_BG,Bulgaria,Veliko Tarnovo,Administrative Court of Veliko Tarnovo,1,lower court,not applicable,not available,administrative,not applicable
171,NAT_COURT_BG_APS_PLO,Apelativen sad Plovdiv,ACT_EU_MS_BG,Bulgaria,Plovdiv,Court of Appeals of Plovdiv,1,mid-level court,not applicable,not available,general,not applicable
172,NAT_COURT_BG_APS_VAR,Apelativen sad Varna,ACT_EU_MS_BG,Bulgaria,Varna,Court of Appeals of Varna,1,mid-level court,not applicable,not available,general,not applicable
173,NAT_COURT_BG_KZD,Komisia za zashtita ot diskriminatsia,ACT_EU_MS_BG,Bulgaria,not available,Commission for Protection against Discrimination,0,not applicable,not available,not available,specialized,labor law
174,NAT_COURT_BG_OS_BLA,Okrazhen sad Blagoevgrad,ACT_EU_MS_BG,Bulgaria,Blagoevgrad,Provincial Court of Blagoevgrad,1,lower court,not applicable,not available,general,not applicable
175,NAT_COURT_BG_OS_BUR,Okrazhen sad Burgas,ACT_EU_MS_BG,Bulgaria,Burgas,Provincial Court of Burgas,1,lower court,not applicable,not available,general,not applicable
176,NAT_COURT_BG_RS_ASE,Rayonen sad Asenovgrad,ACT_EU_MS_BG,Bulgaria,Asenovgrad,District Court of Asenovgrad,1,lower court,not applicable,not available,general,not applicable
177,NAT_COURT_BG_RS_HAS,Rayonen sad Haskovo,ACT_EU_MS_BG,Bulgaria,Haskovo,District Court of Haskovo,1,lower court,not applicable,not available,general,not applicable
178,NAT_COURT_BG_RS_KUL,Rayonen sad Kula,ACT_EU_MS_BG,Bulgaria,Kula,District Court of Kula,1,lower court,not applicable,not available,general,not applicable
179,NAT_COURT_BG_RS_LUK,Rayonen sad Lukovit,ACT_EU_MS_BG,Bulgaria,Lukovit,District Court of Lukovit,1,lower court,not applicable,not available,general,not applicable
180,NAT_COURT_BG_RS_NES,Rayonen sad Nesebar,ACT_EU_MS_BG,Bulgaria,Nesebar,District Court of Nesebar,1,lower court,not applicable,not available,general,not applicable
181,NAT_COURT_BG_RS_PLO,Rayonen sad Plovdiv,ACT_EU_MS_BG,Bulgaria,Plovdiv,District Court of Plovdiv,1,lower court,not applicable,not available,general,not applicable
182,NAT_COURT_BG_GS_SOF,Sofiyski gradski sad,ACT_EU_MS_BG,Bulgaria,Sofia,Sofia City Court,1,lower court,not applicable,not available,general,not applicable
183,NAT_COURT_BG_RS_SOF,Sofiyski rayonen sad,ACT_EU_MS_BG,Bulgaria,Sofia,District Court of Sofia,1,lower court,not applicable,not available,general,not applicable
184,NAT_COURT_BG_SNS,Spetsializiran nakazatelen sad,ACT_EU_MS_BG,Bulgaria,Sofia,Specialized Criminal Court,1,lower court,not applicable,not available,specialized,criminal law
185,NAT_COURT_BG_VAS,Varhoven administrativen sad,ACT_EU_MS_BG,Bulgaria,Sofia,Supreme Administrative Court,1,higher court,not applicable,not available,administrative,not applicable
186,NAT_COURT_BG_VKS,Varhoven kasatsionen sad,ACT_EU_MS_BG,Bulgaria,Sofia,Supreme Court of Cassation,1,higher court,not applicable,not available,general,not applicable
187,NAT_COURT_CY_ADK,Anotato Dikastirio Kyprou,ACT_EU_MS_CY,Cyprus,Nicosia,Supreme Court,1,higher court,not applicable,panel,general,not applicable
188,NAT_COURT_CY_ED_LAR,Eparchiako Dikastirio Larnakas,ACT_EU_MS_CY,Cyprus,Larnaca,Larnaca District Court,1,lower court,not applicable,single judge,general,not applicable
189,NAT_COURT_CY_ED_LEF,Eparchiako Dikastirio Lefkosias,ACT_EU_MS_CY,Cyprus,Nicosia,Nicosia District Court,1,lower court,not applicable,single judge,general,not applicable
190,NAT_COURT_CZ_KS_BRN,Krajský soud v Brně,ACT_EU_MS_CZ,Czechia,Brno,Regional Court of Brno,1,mid-level court,not applicable,mixed,general,not applicable
191,NAT_COURT_CZ_KS_OST,Krajský soud v Ostravě,ACT_EU_MS_CZ,Czechia,Ostrava,Regional Court of Ostrava,1,mid-level court,not applicable,mixed,general,not applicable
192,NAT_COURT_CZ_KS_PLZ,Krajský soud v Plzni,ACT_EU_MS_CZ,Czechia,Pizen,Regional Court of Pilzen,1,mid-level court,not applicable,mixed,general,not applicable
193,NAT_COURT_CZ_KS_PRA,Krajský soud v Praze,ACT_EU_MS_CZ,Czechia,Prague,Regional Court of Prague,1,mid-level court,not applicable,mixed,general,not applicable
194,NAT_COURT_CZ_KS_UST_LAB,Krajský soud v Ústí nad Labem,ACT_EU_MS_CZ,Czechia,Ústí nad Labem,Regional Court of Ústí nad Labem,1,mid-level court,not applicable,mixed,general,not applicable
195,NAT_COURT_CZ_MS_PRA,Městský soud v Praze,ACT_EU_MS_CZ,Czechia,Prague,Municipal Court of Prague,1,lower court,not applicable,mixed,general,not applicable
196,NAT_COURT_CZ_NS,Nejvyšší soud,ACT_EU_MS_CZ,Czechia,Brno,Supreme Court,1,higher court,not applicable,panel,general,not applicable
197,NAT_COURT_CZ_NSS,Nejvyšší správní soud,ACT_EU_MS_CZ,Czechia,Brno,Supreme Administrative Court,1,higher court,not applicable,panel,administrative,not applicable
198,NAT_COURT_CZ_OS_PRA_1,Obvodní soud pro Prahu 1,ACT_EU_MS_CZ,Czechia,Prague,District Court of Prague 1,1,lower court,not applicable,mixed,general,not applicable
199,NAT_COURT_CZ_OS_PRA_3,Obvodní soud pro Prahu 3,ACT_EU_MS_CZ,Czechia,Prague,District Court of Prague 3,1,lower court,not applicable,mixed,general,not applicable
200,NAT_COURT_CZ_OS_PRA_6,Obvodní soud pro Prahu 6,ACT_EU_MS_CZ,Czechia,Prague,District Court of Prague 6,1,lower court,not applicable,mixed,general,not applicable
201,NAT_COURT_CZ_OS_PRA_8,Obvodní soud pro Prahu 8,ACT_EU_MS_CZ,Czechia,Prague,District Court of Prague 8,1,lower court,not applicable,mixed,general,not applicable
202,NAT_COURT_CZ_OS_PRA_9,Obvodní soud pro Prahu 9,ACT_EU_MS_CZ,Czechia,Prague,District Court of Prague 9,1,lower court,not applicable,mixed,general,not applicable
203,NAT_COURT_CZ_OS_CES_BUD,Okresní soud v Českých Budějovicích,ACT_EU_MS_CZ,Czechia,České Budějovice,District Court of České Budějovice,1,lower court,not applicable,mixed,general,not applicable
204,NAT_COURT_CZ_OS_CHE,Okresní soud v Chebu,ACT_EU_MS_CZ,Czechia,Cheb,District Court of Cheb,1,lower court,not applicable,mixed,general,not applicable
205,NAT_COURT_CZ_OS_OST,Okresní soud v Ostravě,ACT_EU_MS_CZ,Czechia,Ostrava,District Court of Ostrava,1,lower court,not applicable,mixed,general,not applicable
206,NAT_COURT_CZ_UPDI,Úřad pro přístup k dopravní infrastruktuře,ACT_EU_MS_CZ,Czechia,Prague,Transport Infrastructure Access Authority,0,not applicable,not available,not available,specialized,transport policy
207,NAT_COURT_CZ_VS_PRA,Vrchní soud v Praze,ACT_EU_MS_CZ,Czechia,Prague,High Court of Prague,1,mid-level court,not applicable,panel,general,not applicable
208,NAT_COURT_DE_AMG_AAC,Amtsgericht Aachen,ACT_EU_MS_DE,Germany,Aachen,District Court of Aachen,1,lower court,not applicable,single judge,general,not applicable
209,NAT_COURT_DE_AMG_AUG,Amtsgericht Augsburg,ACT_EU_MS_DE,Germany,Augsburg,District Court of Augsburg,1,lower court,not applicable,single judge,general,not applicable
210,NAT_COURT_DE_AMG_BER_SCH,Amtsgericht Berlin-Schöneberg,ACT_EU_MS_DE,Germany,Berlin,District Court of Berlin-Schöneberg,1,lower court,not applicable,single judge,general,not applicable
211,NAT_COURT_DE_AMG_BER_TIE,Amtsgericht Berlin-Tiergarten,ACT_EU_MS_DE,Germany,Berlin,District Court of Berlin-Tiergarten,1,lower court,not applicable,single judge,general,not applicable
212,NAT_COURT_DE_AMG_BON,Amtsgericht Bonn,ACT_EU_MS_DE,Germany,Bonn,District Court of Bonn,1,lower court,not applicable,single judge,general,not applicable
213,NAT_COURT_DE_AMG_BOT,Amtsgericht Bottrop,ACT_EU_MS_DE,Germany,Bottrop,District Court of Bottrop,1,lower court,not applicable,single judge,general,not applicable
214,NAT_COURT_DE_AMG_BRE,Amtsgericht Breisach,ACT_EU_MS_DE,Germany,Breisach,District Court of Breisach,1,lower court,not applicable,single judge,general,not applicable
215,NAT_COURT_DE_AMG_BREMEN,Amtsgericht Bremen,ACT_EU_MS_DE,Germany,Bremen,District Court of Bremen,1,lower court,not applicable,single judge,general,not applicable
216,NAT_COURT_DE_AMG_BREMER,Amtsgericht Bremerhaven,ACT_EU_MS_DE,Germany,Bremerhaven,District Court of Bremerhaven,1,lower court,not applicable,single judge,general,not applicable
217,NAT_COURT_DE_AMG_BRU,Amtsgericht Bruchsal,ACT_EU_MS_DE,Germany,Bruchsal,District Court of Bruchsal,1,lower court,not applicable,single judge,general,not applicable
218,NAT_COURT_DE_AMG_DAR,Amtsgericht Darmstadt,ACT_EU_MS_DE,Germany,Darmstadt,District Court of Darmstadt,1,lower court,not applicable,single judge,general,not applicable
219,NAT_COURT_DE_AMG_DUS,Amtsgericht Düsseldorf,ACT_EU_MS_DE,Germany,Düsseldorf,District Court of Düsseldorf,1,lower court,not applicable,single judge,general,not applicable
220,NAT_COURT_DE_AMG_EMD,Amtsgericht Emden,ACT_EU_MS_DE,Germany,Emden,District Court of Emden,1,lower court,not applicable,single judge,general,not applicable
221,NAT_COURT_DE_AMG_ESS,Amtsgericht Essen,ACT_EU_MS_DE,Germany,Essen,District Court of Essen,1,lower court,not applicable,single judge,general,not applicable
222,NAT_COURT_DE_AMG_FLE,Amtsgericht Flensburg,ACT_EU_MS_DE,Germany,Flensburg,District Court of Flensburg,1,lower court,not applicable,single judge,general,not applicable
223,NAT_COURT_DE_AMG_FRA,Amtsgericht Frankenthal,ACT_EU_MS_DE,Germany,Frankenthal,District Court of Frankenthal,1,lower court,not applicable,single judge,general,not applicable
224,NAT_COURT_DE_AMG_FRE,Amtsgericht Freiburg,ACT_EU_MS_DE,Germany,Freiburg,District Court of Freiburg,1,lower court,not applicable,single judge,general,not applicable
225,NAT_COURT_DE_AMG_HAM,Amtsgericht Hamburg,ACT_EU_MS_DE,Germany,Hamburg,District Court of Hamburg,1,lower court,not applicable,single judge,general,not applicable
226,NAT_COURT_DE_AMG_HAN,Amtsgericht Hannover,ACT_EU_MS_DE,Germany,Hannover,District Court of Hannover,1,lower court,not applicable,single judge,general,not applicable
227,NAT_COURT_DE_AMG_HEIL,Amtsgericht Heilbronn,ACT_EU_MS_DE,Germany,Heilbronn,District Court of Heilbronn,1,lower court,not applicable,single judge,general,not applicable
228,NAT_COURT_DE_AMG_HEIN,Amtsgericht Heinsberg,ACT_EU_MS_DE,Germany,Heinsberg,District Court of Heinsberg,1,lower court,not applicable,single judge,general,not applicable
229,NAT_COURT_DE_AMG_KAR,Amtsgericht Karlsruhe,ACT_EU_MS_DE,Germany,Karlsruhe,District Court of Karlsruhe,1,lower court,not applicable,single judge,general,not applicable
230,NAT_COURT_DE_AMG_KEH,Amtsgericht Kehl,ACT_EU_MS_DE,Germany,Kehl,District Court of Kehl,1,lower court,not applicable,single judge,general,not applicable
231,NAT_COURT_DE_AMG_KOL,Amtsgericht Köln,ACT_EU_MS_DE,Germany,Cologne,District Court of Cologne,1,lower court,not applicable,single judge,general,not applicable
232,NAT_COURT_DE_AMG_LAH,Amtsgericht Lahr,ACT_EU_MS_DE,Germany,Lahr,District Court of Larh,1,lower court,not applicable,single judge,general,not applicable
233,NAT_COURT_DE_AMG_LAU,Amtsgericht Laufen,ACT_EU_MS_DE,Germany,Laufen,District Court of Laufen,1,lower court,not applicable,single judge,general,not applicable
234,NAT_COURT_DE_AMG_MUN,Amtsgericht München,ACT_EU_MS_DE,Germany,Munich,District Court of Munich,1,lower court,not applicable,single judge,general,not applicable
235,NAT_COURT_DE_AMG_NIE,Amtsgericht Niebüll,ACT_EU_MS_DE,Germany,Niebüll,District Court of Niebüll,1,lower court,not applicable,single judge,general,not applicable
236,NAT_COURT_DE_AMG_NORDE,Amtsgericht Norderstedt,ACT_EU_MS_DE,Germany,Norderstedt,District Court of Norderstedt,1,lower court,not applicable,single judge,general,not applicable
237,NAT_COURT_DE_AMG_NORDH,Amtsgericht Nordhorn,ACT_EU_MS_DE,Germany,Nordhorn,District Court of Nordhom,1,lower court,not applicable,single judge,general,not applicable
238,NAT_COURT_DE_AMG_NUR,Amtsgericht Nürtingen,ACT_EU_MS_DE,Germany,Nürtingen,District Court of Nürtingen,1,lower court,not applicable,single judge,general,not applicable
239,NAT_COURT_DE_AMG_POT,Amtsgericht Potsdam,ACT_EU_MS_DE,Germany,Potsdam,District Court of Potsdam,1,lower court,not applicable,single judge,general,not applicable
240,NAT_COURT_DE_AMG_REC,Amtsgericht Recklinghausen,ACT_EU_MS_DE,Germany,Recklinghausen,District Court of Recklinghausen,1,lower court,not applicable,single judge,general,not applicable
241,NAT_COURT_DE_AMG_REU,Amtsgericht Reutlingen,ACT_EU_MS_DE,Germany,Reutlingen,District Court of Reutlingen,1,lower court,not applicable,single judge,general,not applicable
242,NAT_COURT_DE_AMG_ROS,Amtsgericht Rosenheim,ACT_EU_MS_DE,Germany,Rosenheim,District Court of Rosenheim,1,lower court,not applicable,single judge,general,not applicable
243,NAT_COURT_DE_AMG_SCHL,Amtsgericht Schleswig,ACT_EU_MS_DE,Germany,Schleswig,District Court of Schleswig,1,lower court,not applicable,single judge,general,not applicable
244,NAT_COURT_DE_AMG_SCHO,Amtsgericht Schorndorf,ACT_EU_MS_DE,Germany,Schorndorf,District Court of Schomdorf,1,lower court,not applicable,single judge,general,not applicable
245,NAT_COURT_DE_AMG_SON,Amtsgericht Sonthofen,ACT_EU_MS_DE,Germany,Sonthofen,District Court of Sonthofen,1,lower court,not applicable,single judge,general,not applicable
246,NAT_COURT_DE_AMG_STU,Amtsgericht Stuttgart,ACT_EU_MS_DE,Germany,Stuttgart,District Court of Stuttgart,1,lower court,not applicable,single judge,general,not applicable
247,NAT_COURT_DE_AMG_TAU,Amtsgericht Tauberbischofsheim,ACT_EU_MS_DE,Germany,Tauberbischofsheim,District Court of Tauberbischofsheim,1,lower court,not applicable,single judge,general,not applicable
248,NAT_COURT_DE_AMG_TUB,Amtsgericht Tübingen,ACT_EU_MS_DE,Germany,Tübingen,District Court of Tübingen,1,lower court,not applicable,single judge,general,not applicable
249,NAT_COURT_DE_AMG_WAL_TIE,Amtsgericht Waldshut-Tiengen,ACT_EU_MS_DE,Germany,Waldshut-Tiengen,District Court of Waldshut-Tiengen,1,lower court,not applicable,single judge,general,not applicable
250,NAT_COURT_DE_AMG_WED,Amtsgericht Wedding,ACT_EU_MS_DE,Germany,Wedding,District Court of Wedding,1,lower court,not applicable,single judge,general,not applicable
251,NAT_COURT_DE_AMG_WIE,Amtsgericht Wiesbaden,ACT_EU_MS_DE,Germany,Wiesbaden,District Court of Wiesbaden,1,lower court,not applicable,single judge,general,not applicable
252,NAT_COURT_DE_AMG_WUP,Amtsgericht Wuppertal,ACT_EU_MS_DE,Germany,Wuppertal,District Court of Wuppertal,1,lower court,not applicable,single judge,general,not applicable
253,NAT_COURT_DE_ABG_BAM,Arbeitsgericht Bamberg,ACT_EU_MS_DE,Germany,Bamberg,Labor Court of Bamberg,1,lower court,not applicable,panel,specialized,labor law
254,NAT_COURT_DE_ABG_BER,Arbeitsgericht Berlin,ACT_EU_MS_DE,Germany,Berlin,Labor Court of Berlin,1,lower court,not applicable,panel,specialized,labor law
255,NAT_COURT_DE_ABG_BIE,Arbeitsgericht Bielefeld,ACT_EU_MS_DE,Germany,Bielefeld,Labor Court of Bielefeld,1,lower court,not applicable,panel,specialized,labor law
256,NAT_COURT_DE_ABG_BOC,Arbeitsgericht Bochum,ACT_EU_MS_DE,Germany,Bochum,Labor Court of Bochum,1,lower court,not applicable,panel,specialized,labor law
257,NAT_COURT_DE_ABG_BON,Arbeitsgericht Bonn,ACT_EU_MS_DE,Germany,Bonn,Labor Court of Bonn,1,lower court,not applicable,panel,specialized,labor law
258,NAT_COURT_DE_ABG_BRE,Arbeitsgericht Bremen,ACT_EU_MS_DE,Germany,Bremen,Labor Court of Bremen,1,lower court,not applicable,panel,specialized,labor law
259,NAT_COURT_DE_ABG_COT,Arbeitsgericht Cottbus,ACT_EU_MS_DE,Germany,Cottbus,Labor Court of Cottbus,1,lower court,not applicable,panel,specialized,labor law
260,NAT_COURT_DE_ABG_DUS,Arbeitsgericht Düsseldorf,ACT_EU_MS_DE,Germany,Düsseldorf,Labor Court of Düsseldorf,1,lower court,not applicable,panel,specialized,labor law
261,NAT_COURT_DE_ABG_ELM,Arbeitsgericht Elmshorn,ACT_EU_MS_DE,Germany,Elmshorn,Labor Court of Elmshom,1,lower court,not applicable,panel,specialized,labor law
262,NAT_COURT_DE_ABG_FRA_MAI,Arbeitsgericht Frankfurt am Main,ACT_EU_MS_DE,Germany,Frankfurt,Labor Court of Frankfurt,1,lower court,not applicable,panel,specialized,labor law
263,NAT_COURT_DE_ABG_GEL,Arbeitsgericht Gelsenkirchen,ACT_EU_MS_DE,Germany,Gelsenkirchen,Labor Court of Gelsenkirchen,1,lower court,not applicable,panel,specialized,labor law
264,NAT_COURT_DE_ABG_HAL,Arbeitsgericht Halberstadt,ACT_EU_MS_DE,Germany,Halberstadt,Labor Court of Halberstadt,1,lower court,not applicable,panel,specialized,labor law
265,NAT_COURT_DE_ABG_HAMB,Arbeitsgericht Hamburg,ACT_EU_MS_DE,Germany,Hamburg,Labor Court of Hamburg,1,lower court,not applicable,panel,specialized,labor law
266,NAT_COURT_DE_ABG_HAMM,Arbeitsgericht Hamm,ACT_EU_MS_DE,Germany,Hamm,Labor Court of Hamm,1,lower court,not applicable,panel,specialized,labor law
267,NAT_COURT_DE_ABG_LOR,Arbeitsgericht Lörrach,ACT_EU_MS_DE,Germany,Lörrach,Labor Court of Lörrach,1,lower court,not applicable,panel,specialized,labor law
268,NAT_COURT_DE_ABG_LUB,Arbeitsgericht Lübeck,ACT_EU_MS_DE,Germany,Lübeck,Labor Court of Lübeck,1,lower court,not applicable,panel,specialized,labor law
269,NAT_COURT_DE_ABG_LUD_RHE,Arbeitsgericht Ludwigshafen am Rhein,ACT_EU_MS_DE,Germany,Ludwigshafen,Labor Court of Ludwigshafen,1,lower court,not applicable,panel,specialized,labor law
270,NAT_COURT_DE_ABG_MUN,Arbeitsgericht München,ACT_EU_MS_DE,Germany,Munich,Labor Court of Munich,1,lower court,not applicable,panel,specialized,labor law
271,NAT_COURT_DE_ABG_NEU,Arbeitsgericht Neumünster,ACT_EU_MS_DE,Germany,Neumünster,Labor Court of Neumünster,1,lower court,not applicable,panel,specialized,labor law
272,NAT_COURT_DE_ABG_OLD,Arbeitsgericht Oldenburg,ACT_EU_MS_DE,Germany,Oldenburg,Labor Court of Oldenburg,1,lower court,not applicable,panel,specialized,labor law
273,NAT_COURT_DE_ABG_PAS,Arbeitsgericht Passau,ACT_EU_MS_DE,Germany,Passau,Labor Court of Passau,1,lower court,not applicable,panel,specialized,labor law
274,NAT_COURT_DE_ABG_REG,Arbeitsgericht Regensburg,ACT_EU_MS_DE,Germany,Regensburg,Labor Court of Regensburg,1,lower court,not applicable,panel,specialized,labor law
275,NAT_COURT_DE_ABG_REU,Arbeitsgericht Reutlingen,ACT_EU_MS_DE,Germany,Reutlingen,Labor Court of Reutlingen,1,lower court,not applicable,panel,specialized,labor law
276,NAT_COURT_DE_ABG_RHE,Arbeitsgericht Rheine,ACT_EU_MS_DE,Germany,Rheine,Labor Court of Rheine,1,lower court,not applicable,panel,specialized,labor law
277,NAT_COURT_DE_ABG_SIE,Arbeitsgericht Siegen,ACT_EU_MS_DE,Germany,Siegen,Labor Court of Siegen,1,lower court,not applicable,panel,specialized,labor law
278,NAT_COURT_DE_ABG_VER,Arbeitsgericht Verden,ACT_EU_MS_DE,Germany,Verden,Labor Court of Verden,1,lower court,not applicable,panel,specialized,labor law
279,NAT_COURT_DE_ABG_WIE,Arbeitsgericht Wiesbaden,ACT_EU_MS_DE,Germany,Wiesbaden,Labor Court of Wiesbaden,1,lower court,not applicable,panel,specialized,labor law
280,NAT_COURT_DE_VWGH_BAY,Bayerischer Verwaltungsgerichtshof,ACT_EU_MS_DE,Germany,Munich,Bavarian Administrative Court,1,mid-level court,not applicable,panel,administrative,not applicable
281,NAT_COURT_DE_LSG_BAY,Bayerisches Landessozialgericht,ACT_EU_MS_DE,Germany,Munich,Bavarian Higher Social Court,1,mid-level court,not applicable,panel,specialized,social law
282,NAT_COURT_DE_OLG_BAY,Bayerisches Oberstes Landesgericht,ACT_EU_MS_DE,Germany,Munich,Bavarian Supreme Court,1,higher court,not applicable,panel,general,not applicable
283,NAT_COURT_DE_VWG_ANS,Bayerisches Verwaltungsgericht Ansbach,ACT_EU_MS_DE,Germany,Ansbach,Bavarian Administrative Court of Ansbach,1,lower court,not applicable,panel,administrative,not applicable
284,NAT_COURT_DE_BAY_VWG_MUN,Bayerisches Verwaltungsgericht München,ACT_EU_MS_DE,Germany,Munich,Bavarian Administrative Court of Munich,1,lower court,not applicable,panel,administrative,not applicable
285,NAT_COURT_DE_VWG_REG,Bayerisches Verwaltungsgericht Regensburg,ACT_EU_MS_DE,Germany,Regensburg,Bavarian Administrative Court of Regensburg,1,lower court,not applicable,panel,administrative,not applicable
286,NAT_COURT_DE_BGHVWG_GIE,Berufsgericht für Heilberufe bei dem Verwaltungsgericht Gießen,ACT_EU_MS_DE,Germany,Giessen,Professional Court for Medical Professions at the Administrative Court of Giessen,1,lower court,not applicable,panel,administrative,not applicable
287,NAT_COURT_DE_BAG,Bundesarbeitsgericht,ACT_EU_MS_DE,Germany,Erfurt,Federal Labor Court,1,higher court,not applicable,panel,specialized,labor law
288,NAT_COURT_DE_BFH,Bundesfinanzhof,ACT_EU_MS_DE,Germany,Munich,Federal Fiscal Court,1,higher court,not applicable,panel,specialized,tax law
289,NAT_COURT_DE_BGH,Bundesgerichtshof,ACT_EU_MS_DE,Germany,Karlsruhe,Federal Court of Justice,1,higher court,not applicable,panel,general,not applicable
290,NAT_COURT_DE_BPG,Bundespatentgericht,ACT_EU_MS_DE,Germany,Munich,Federal Patent Court,1,lower court,not applicable,panel,specialized,intellectual property law
291,NAT_COURT_DE_BSG,Bundessozialgericht,ACT_EU_MS_DE,Germany,Kassel,Federal Social Court,1,higher court,not applicable,panel,specialized,social law
292,NAT_COURT_DE_BVFG,Bundesverfassungsgericht,ACT_EU_MS_DE,Germany,Karlsruhe,Federal Constitutional Court,1,higher court,not applicable,panel,constitutional,not applicable
293,NAT_COURT_DE_BVWG,Bundesverwaltungsgericht,ACT_EU_MS_DE,Germany,Leipzig,Federal Administrative Court,1,higher court,not applicable,panel,administrative,not applicable
294,NAT_COURT_DE_FG_BAD_WUR,Finanzgericht Baden-Württemberg,ACT_EU_MS_DE,Germany,Freiburg,Finance Court of Baden-Württemberg,1,lower court,not applicable,panel,specialized,tax law
295,NAT_COURT_DE_FG_BER,Finanzgericht Berlin,ACT_EU_MS_DE,Germany,Berlin,Finance Court of Berlin,1,lower court,not applicable,panel,specialized,tax law
296,NAT_COURT_DE_FG_BER_BRA,Finanzgericht Berlin-Brandenburg,ACT_EU_MS_DE,Germany,Cottbus,Finance Court of Berlin-Brandenburg,1,lower court,not applicable,panel,specialized,tax law
297,NAT_COURT_DE_FG_BRE,Finanzgericht Bremen,ACT_EU_MS_DE,Germany,Bremen,Finance Court of Bremen,1,lower court,not applicable,panel,specialized,tax law
298,NAT_COURT_DE_FG_LAN_BRA,Finanzgericht des Landes Brandenburg,ACT_EU_MS_DE,Germany,Cottbus,Finance Court of the State of Brandenburg,1,lower court,not applicable,panel,specialized,tax law
299,NAT_COURT_DE_FG_LAN_SAC_ANH,Finanzgericht des Landes Sachsen-Anhalt,ACT_EU_MS_DE,Germany,Dessau-Roßlau,Finance Court of the State of Saxony-Anhalt,1,lower court,not applicable,panel,specialized,tax law
300,NAT_COURT_DE_FG_SAA,Finanzgericht des Saarlandes,ACT_EU_MS_DE,Germany,Saarbrücken,Finance Court of Saarland,1,lower court,not applicable,panel,specialized,tax law
301,NAT_COURT_DE_FG_DUS,Finanzgericht Düsseldorf,ACT_EU_MS_DE,Germany,Düsseldorf,Finance Court of Düsseldorf,1,lower court,not applicable,panel,specialized,tax law
302,NAT_COURT_DE_FG_HAM,Finanzgericht Hamburg,ACT_EU_MS_DE,Germany,Hamburg,Finance Court of Hamburg,1,lower court,not applicable,panel,specialized,tax law
303,NAT_COURT_DE_FG_KOL,Finanzgericht Köln,ACT_EU_MS_DE,Germany,Cologne,Finance Court of Cologne,1,lower court,not applicable,panel,specialized,tax law
304,NAT_COURT_DE_FG_MUNC,Finanzgericht München,ACT_EU_MS_DE,Germany,Munich,Finance Court of Munich,1,lower court,not applicable,panel,specialized,tax law
305,NAT_COURT_DE_FG_MUNS,Finanzgericht Münster,ACT_EU_MS_DE,Germany,Münster,Finance Court of Münster,1,lower court,not applicable,panel,specialized,tax law
306,NAT_COURT_DE_FG_NIE,Finanzgericht Niedersachsen,ACT_EU_MS_DE,Germany,Hanover,Finance Court of Lower Saxony,1,lower court,not applicable,panel,specialized,tax law
307,NAT_COURT_DE_FG_NUR,Finanzgericht Nürnberg,ACT_EU_MS_DE,Germany,Nuremberg,Finance Court of Nuremberg,1,lower court,not applicable,panel,specialized,tax law
308,NAT_COURT_DE_FG_RHE_PFA,Finanzgericht Rheinland-Pfalz,ACT_EU_MS_DE,Germany,Neustadt an der Weinstraße,Finance Court of Rhineland-Palatinate,1,lower court,not applicable,panel,specialized,tax law
309,NAT_COURT_DE_OVWG_HAM,Hamburgisches Oberverwaltungsgericht,ACT_EU_MS_DE,Germany,Hamburg,Hamburg Higher Administrative Court,1,mid-level court,not applicable,panel,administrative,not applicable
310,NAT_COURT_DE_OLG_HAMB,Hanseatisches Oberlandesgericht Hamburg,ACT_EU_MS_DE,Germany,Hamburg,Hanseatic Higher Regional Court in Hamburg,1,mid-level court,not applicable,panel,general,not applicable
311,NAT_COURT_DE_OLG_BRE,Hanseatisches Oberlandesgericht in Bremen,ACT_EU_MS_DE,Germany,Bremen,Hanseatic Higher Regional Court in Bremen,1,mid-level court,not applicable,panel,general,not applicable
312,NAT_COURT_DE_VWGH_HES,Hessischer Verwaltungsgerichtshof,ACT_EU_MS_DE,Germany,Kassel,Hessian Administrative Court,1,lower court,not applicable,panel,administrative,not applicable
313,NAT_COURT_DE_FG_HES,Hessisches Finanzgericht,ACT_EU_MS_DE,Germany,Kassel,Hessian Finance Court,1,lower court,not applicable,panel,specialized,tax law
314,NAT_COURT_DE_LAG_HES,Hessisches Landesarbeitsgericht,ACT_EU_MS_DE,Germany,Frankfurt,Hessian Regional Labor Court,1,mid-level court,not applicable,panel,specialized,labor law
315,NAT_COURT_DE_LSG_HES,Hessisches Landessozialgericht,ACT_EU_MS_DE,Germany,Darmstadt,Hessian Higher Social Court,1,mid-level court,not applicable,panel,specialized,social law
316,NAT_COURT_DE_KG,Kammergericht,ACT_EU_MS_DE,Germany,Berlin,Higher Regional Court of Berlin,1,mid-level court,not applicable,panel,general,not applicable
317,NAT_COURT_DE_LAG_BER,Landesarbeitsgericht Berlin,ACT_EU_MS_DE,Germany,Berlin,Higher Labor Court of Berlin,1,mid-level court,not applicable,panel,specialized,labor law
318,NAT_COURT_DE_LAG_BER_BRA,Landesarbeitsgericht Berlin-Brandenburg,ACT_EU_MS_DE,Germany,Berlin,Higher Labor Court of Berlin-Brandenburg,1,mid-level court,not applicable,panel,specialized,labor law
319,NAT_COURT_DE_LAG_BRE,Landesarbeitsgericht Bremen,ACT_EU_MS_DE,Germany,Bremen,Higher Labor Court of Bremen,1,mid-level court,not applicable,panel,specialized,labor law
320,NAT_COURT_DE_LAG_DUS,Landesarbeitsgericht Düsseldorf,ACT_EU_MS_DE,Germany,Düsseldorf,Higher Labor Court of Düsseldorf,1,mid-level court,not applicable,panel,specialized,labor law
321,NAT_COURT_DE_LAG_HAMB,Landesarbeitsgericht Hamburg,ACT_EU_MS_DE,Germany,Hamburg,Higher Labor Court of Hamburg,1,mid-level court,not applicable,panel,specialized,labor law
322,NAT_COURT_DE_LAG_HAMM,Landesarbeitsgericht Hamm,ACT_EU_MS_DE,Germany,Hamm,Higher Labor Court of Hamm,1,mid-level court,not applicable,panel,specialized,labor law
323,NAT_COURT_DE_LAG_MEC_VOR,Landesarbeitsgericht Mecklenburg-Vorpommern,ACT_EU_MS_DE,Germany,Rostock,Higher Labor Court of Mecklenburg-Western Pomerania,1,mid-level court,not applicable,panel,specialized,labor law
324,NAT_COURT_DE_LAG_MUN,Landesarbeitsgericht München,ACT_EU_MS_DE,Germany,Munich,Higher Labor Court of Munich,1,mid-level court,not applicable,panel,specialized,labor law
325,NAT_COURT_DE_LAG_NIE,Landesarbeitsgericht Niedersachsen,ACT_EU_MS_DE,Germany,Hanover,Higher Labor Court of Lower Saxony,1,mid-level court,not applicable,panel,specialized,labor law
326,NAT_COURT_DE_LAG_SCH_HOL,Landesarbeitsgericht Schleswig-Holstein,ACT_EU_MS_DE,Germany,Kiel,Higher Labor Court of Schleswig-Holstein,1,mid-level court,not applicable,panel,specialized,labor law
327,NAT_COURT_DE_LAG_BAD_WUR,Landessozialgericht Baden-Württemberg,ACT_EU_MS_DE,Germany,Stuttgart,Higher Social Court of Baden-Württemberg,1,mid-level court,not applicable,panel,specialized,social law
328,NAT_COURT_DE_LSG_BER,Landessozialgericht Berlin,ACT_EU_MS_DE,Germany,Berlin,Higher Social Court of Berlin,1,mid-level court,not applicable,panel,specialized,social law
329,NAT_COURT_DE_LSG_BER_BRA,Landessozialgericht Berlin-Brandenburg,ACT_EU_MS_DE,Germany,Potsdam,Higher Social Court of Berlin-Brandenburg,1,mid-level court,not applicable,panel,specialized,social law
330,NAT_COURT_DE_LSG_SAA,Landessozialgericht für das Saarland,ACT_EU_MS_DE,Germany,Saarbrücken,Higher Social Court for Saarland,1,mid-level court,not applicable,panel,specialized,social law
331,NAT_COURT_DE_LSG_HAM,Landessozialgericht Hamburg,ACT_EU_MS_DE,Germany,Hamburg,Higher Social Court of Hamburg,1,mid-level court,not applicable,panel,specialized,social law
332,NAT_COURT_DE_LSG_NIE,Landessozialgericht Niedersachsen,ACT_EU_MS_DE,Germany,Celle,Higher Social Court of Lower Saxony,1,mid-level court,not applicable,panel,specialized,social law
333,NAT_COURT_DE_LSG_NOR_WES,Landessozialgericht Nordrhein-Westfalen,ACT_EU_MS_DE,Germany,Essen,Higher Social Court of North Rhine-Westphalia,1,mid-level court,not applicable,panel,specialized,social law
334,NAT_COURT_DE_LSG_RHE_PFA,Landessozialgericht Rheinland-Pfalz,ACT_EU_MS_DE,Germany,Mainz,Higher Social Court of Rhineland-Palatinate,1,mid-level court,not applicable,panel,specialized,social law
335,NAT_COURT_DE_LG_AAC,Landgericht Aachen,ACT_EU_MS_DE,Germany,Aachen,Regional Court of Aachen,1,lower court,not applicable,single judge,general,not applicable
336,NAT_COURT_DE_LG_AUG,Landgericht Augsburg,ACT_EU_MS_DE,Germany,Augsburg,Regional Court of Augsburg,1,lower court,not applicable,single judge,general,not applicable
337,NAT_COURT_DE_LG_BAD_BAD,Landgericht Baden-Baden,ACT_EU_MS_DE,Germany,Baden-Baden,Regional Court of Baden-Baden,1,lower court,not applicable,single judge,general,not applicable
338,NAT_COURT_DE_LG_BER,Landgericht Berlin,ACT_EU_MS_DE,Germany,Berlin,Regional Court of Berlin,1,lower court,not applicable,single judge,general,not applicable
339,NAT_COURT_DE_LG_BOC,Landgericht Bochum,ACT_EU_MS_DE,Germany,Bochum,Regional Court of Bochum,1,lower court,not applicable,single judge,general,not applicable
340,NAT_COURT_DE_LG_BON,Landgericht Bonn,ACT_EU_MS_DE,Germany,Bonn,Regional Court of Bonn,1,lower court,not applicable,single judge,general,not applicable
341,NAT_COURT_DE_LG_BRA,Landgericht Braunschweig,ACT_EU_MS_DE,Germany,Braunschweig,Regional Court of Braunschweig,1,lower court,not applicable,single judge,general,not applicable
342,NAT_COURT_DE_LG_BRE,Landgericht Bremen,ACT_EU_MS_DE,Germany,Bremen,Regional Court of Bremen,1,lower court,not applicable,single judge,general,not applicable
343,NAT_COURT_DE_LG_DAR,Landgericht Darmstadt,ACT_EU_MS_DE,Germany,Darmstadt,Regional Court of Darmstadt,1,lower court,not applicable,single judge,general,not applicable
344,NAT_COURT_DE_LG_DOR,Landgericht Dortmund,ACT_EU_MS_DE,Germany,Dortmund,Regional Court of Dortmund,1,lower court,not applicable,single judge,general,not applicable
345,NAT_COURT_DE_LG_DUI,Landgericht Duisburg,ACT_EU_MS_DE,Germany,Duisburg,Regional Court of Duisburg,1,lower court,not applicable,single judge,general,not applicable
346,NAT_COURT_DE_LG_DUS,Landgericht Düsseldorf,ACT_EU_MS_DE,Germany,Düsseldorf,Regional Court of Düsseldorf,1,lower court,not applicable,single judge,general,not applicable
347,NAT_COURT_DE_LG_ERF,Landgericht Erfurt,ACT_EU_MS_DE,Germany,Erfurt,Regional Court of Erfurt,1,lower court,not applicable,single judge,general,not applicable
348,NAT_COURT_DE_LG_ESS,Landgericht Essen,ACT_EU_MS_DE,Germany,Essen,Regional Court of Essen,1,lower court,not applicable,single judge,general,not applicable
349,NAT_COURT_DE_LG_FRA_MAI,Landgericht Frankfurt am Main,ACT_EU_MS_DE,Germany,Frankfurt,Regional Court of Frankfurt,1,lower court,not applicable,single judge,general,not applicable
350,NAT_COURT_DE_LG_FRE,Landgericht Freiburg,ACT_EU_MS_DE,Germany,Freiburg,Regional Court of Freiburg,1,lower court,not applicable,single judge,general,not applicable
351,NAT_COURT_DE_LG_GIE,Landgericht Gießen,ACT_EU_MS_DE,Germany,Gießen,Regional Court of Gießen,1,lower court,not applicable,single judge,general,not applicable
352,NAT_COURT_DE_LG_HAM,Landgericht Hamburg,ACT_EU_MS_DE,Germany,Hamburg,Regional Court of Hamburg,1,lower court,not applicable,single judge,general,not applicable
353,NAT_COURT_DE_LG_HAN,Landgericht Hannover,ACT_EU_MS_DE,Germany,Hannover,Regional Court of Hannover,1,lower court,not applicable,single judge,general,not applicable
354,NAT_COURT_DE_LG_HEI,Landgericht Heilbronn,ACT_EU_MS_DE,Germany,Heilbronn,Regional Court of Heilbronn,1,lower court,not applicable,single judge,general,not applicable
355,NAT_COURT_DE_LG_KAI,Landgericht Kaiserslautern,ACT_EU_MS_DE,Germany,Kaiserslautern,Regional Court of Kaiserslautem,1,lower court,not applicable,single judge,general,not applicable
356,NAT_COURT_DE_LG_KIE,Landgericht Kiel,ACT_EU_MS_DE,Germany,Kiel,Regional Court of Kiel,1,lower court,not applicable,single judge,general,not applicable
357,NAT_COURT_DE_LG_KOB,Landgericht Koblenz,ACT_EU_MS_DE,Germany,Koblenz,Regional Court of Koblenz,1,lower court,not applicable,single judge,general,not applicable
358,NAT_COURT_DE_LG_KOL,Landgericht Köln,ACT_EU_MS_DE,Germany,Cologne,Regional Court of Cologne,1,lower court,not applicable,single judge,general,not applicable
359,NAT_COURT_DE_LG_KRE,Landgericht Krefeld,ACT_EU_MS_DE,Germany,Krefeld,Regional Court of Krefeld,1,lower court,not applicable,single judge,general,not applicable
360,NAT_COURT_DE_LG_MAI,Landgericht Mainz,ACT_EU_MS_DE,Germany,Mainz,Regional Court of Mainz,1,lower court,not applicable,single judge,general,not applicable
361,NAT_COURT_DE_LG_MAN,Landgericht Mannheim,ACT_EU_MS_DE,Germany,Mannheim,Regional Court of Mannheim,1,lower court,not applicable,single judge,general,not applicable
362,NAT_COURT_DE_LG_MUNC_1,Landgericht München I,ACT_EU_MS_DE,Germany,Munich,Regional Court of Munich I,1,lower court,not applicable,single judge,general,not applicable
363,NAT_COURT_DE_LG_MUNC_2,Landgericht München II,ACT_EU_MS_DE,Germany,Munich,Regional Court of Munich II,1,lower court,not applicable,single judge,general,not applicable
364,NAT_COURT_DE_LG_MUNS,Landgericht Münster,ACT_EU_MS_DE,Germany,Münster,Regional Court of Münster,1,lower court,not applicable,single judge,general,not applicable
365,NAT_COURT_DE_LG_NUR_FUR,Landgericht Nürnberg-Fürth,ACT_EU_MS_DE,Germany,Nuremberg,Regional Court of Nuremberg-Fürth,1,lower court,not applicable,single judge,general,not applicable
366,NAT_COURT_DE_LG_OLD,Landgericht Oldenburg,ACT_EU_MS_DE,Germany,Oldenburg,Regional Court of Oldenburg,1,lower court,not applicable,single judge,general,not applicable
367,NAT_COURT_DE_LG_PAD,Landgericht Paderborn,ACT_EU_MS_DE,Germany,Paderborn,Regional Court of Paderbom,1,lower court,not applicable,single judge,general,not applicable
368,NAT_COURT_DE_LG_POT,Landgericht Potsdam,ACT_EU_MS_DE,Germany,Potsdam,Regional Court of Potsdam,1,lower court,not applicable,single judge,general,not applicable
369,NAT_COURT_DE_LG_RAV,Landgericht Ravensburg,ACT_EU_MS_DE,Germany,Ravensburg,Regional Court of Ravensburg,1,lower court,not applicable,single judge,general,not applicable
370,NAT_COURT_DE_LG_REG,Landgericht Regensburg,ACT_EU_MS_DE,Germany,Regensburg,Regional Court of Revensburg,1,lower court,not applicable,single judge,general,not applicable
371,NAT_COURT_DE_LG_SAA,Landgericht Saarbrücken,ACT_EU_MS_DE,Germany,Saarbrücken,Regional Court of Saarbrücken,1,lower court,not applicable,single judge,general,not applicable
372,NAT_COURT_DE_LG_SIE,Landgericht Siegen,ACT_EU_MS_DE,Germany,Siegen,Regional Court of Siegen,1,lower court,not applicable,single judge,general,not applicable
373,NAT_COURT_DE_LG_STR,Landgericht Stralsund,ACT_EU_MS_DE,Germany,Stralsund,Regional Court of Stralsund,1,lower court,not applicable,single judge,general,not applicable
374,NAT_COURT_DE_LG_STU,Landgericht Stuttgart,ACT_EU_MS_DE,Germany,Stuttgart,Regional Court of Stuttgart,1,lower court,not applicable,single judge,general,not applicable
375,NAT_COURT_DE_LG_TRI,Landgericht Trier,ACT_EU_MS_DE,Germany,Trier,Regional Court of Trier,1,lower court,not applicable,single judge,general,not applicable
376,NAT_COURT_DE_LG_TUB,Landgericht Tübingen,ACT_EU_MS_DE,Germany,Tübingen,Regional Court of Tübingen,1,lower court,not applicable,single judge,general,not applicable
377,NAT_COURT_DE_LG_WIE,Landgericht Wiesbaden,ACT_EU_MS_DE,Germany,Wiesbaden,Regional Court of Wiesbaden,1,lower court,not applicable,single judge,general,not applicable
378,NAT_COURT_DE_LG_WUR,Landgericht Würzburg,ACT_EU_MS_DE,Germany,Würzburg,Regional Court of Würzburg,1,lower court,not applicable,single judge,general,not applicable
379,NAT_COURT_DE_FG_NS,Niedersächsisches Finanzgericht,ACT_EU_MS_DE,Germany,Hannover,Lower Saxony Finance Court,1,lower court,not applicable,panel,specialized,tax law
380,NAT_COURT_DE_OVWG_NS,Niedersächsisches Oberverwaltungsgericht,ACT_EU_MS_DE,Germany,Lüneburg,Lower Saxony Higher Administrative Court,1,mid-level court,not applicable,panel,administrative,not applicable
381,NAT_COURT_DE_OLG_BAM,Oberlandesgericht Bamberg,ACT_EU_MS_DE,Germany,Bamberg,Higher Regional Court of Bamberg,1,mid-level court,not applicable,panel,general,not applicable
382,NAT_COURT_DE_OLG_BRA,Oberlandesgericht Braunschweig,ACT_EU_MS_DE,Germany,Braunschweig,Higher Regional Court of Braunschweig,1,mid-level court,not applicable,panel,general,not applicable
383,NAT_COURT_DE_OLG_CEL,Oberlandesgericht Celle,ACT_EU_MS_DE,Germany,Celle,Higher Regional Court of Celle,1,mid-level court,not applicable,panel,general,not applicable
384,NAT_COURT_DE_OLG_DRE,Oberlandesgericht Dresden,ACT_EU_MS_DE,Germany,Dresden,Higher Regional Court of Dresden,1,mid-level court,not applicable,panel,general,not applicable
385,NAT_COURT_DE_OLG_DUS,Oberlandesgericht Düsseldorf,ACT_EU_MS_DE,Germany,Düsseldorf,Higher Regional Court of Düsseldorf,1,mid-level court,not applicable,panel,general,not applicable
386,NAT_COURT_DE_OLG_FRA_MAI,Oberlandesgericht Frankfurt am Main,ACT_EU_MS_DE,Germany,Frankfurt,Higher Regional Court of Frankfurt,1,mid-level court,not applicable,panel,general,not applicable
387,NAT_COURT_DE_OLG_HAMM,Oberlandesgericht Hamm,ACT_EU_MS_DE,Germany,Hamm,Higher Regional Court of Hamm,1,mid-level court,not applicable,panel,general,not applicable
388,NAT_COURT_DE_OLG_KAR,Oberlandesgericht Karlsruhe,ACT_EU_MS_DE,Germany,Karlsruhe,Higher Regional Court of Karlsruhe,1,mid-level court,not applicable,panel,general,not applicable
389,NAT_COURT_DE_OLG_KOB,Oberlandesgericht Koblenz,ACT_EU_MS_DE,Germany,Koblenz,Higher Regional Court of Koblenz,1,mid-level court,not applicable,panel,general,not applicable
390,NAT_COURT_DE_OLG_KOL,Oberlandesgericht Köln,ACT_EU_MS_DE,Germany,Cologne,Higher Regional Court of Cologne,1,mid-level court,not applicable,panel,general,not applicable
391,NAT_COURT_DE_OLG_MUN,Oberlandesgericht München,ACT_EU_MS_DE,Germany,Munich,Higher Regional Court of Munich,1,mid-level court,not applicable,panel,general,not applicable
392,NAT_COURT_DE_OLG_MAU,Oberlandesgericht Naumburg,ACT_EU_MS_DE,Germany,Naumburg,Higher Regional Court of Naumburg,1,mid-level court,not applicable,panel,general,not applicable
393,NAT_COURT_DE_OLG_NUR,Oberlandesgericht Nürnberg,ACT_EU_MS_DE,Germany,Nuremberg,Higher Regional Court of Nuremberg,1,mid-level court,not applicable,panel,general,not applicable
394,NAT_COURT_DE_OLG_OLD,Oberlandesgericht Oldenburg,ACT_EU_MS_DE,Germany,Oldenburg,Higher Regional Court of Oldenburg,1,mid-level court,not applicable,panel,general,not applicable
395,NAT_COURT_DE_OLG_STU,Oberlandesgericht Stuttgart,ACT_EU_MS_DE,Germany,Stuttgart,Higher Regional Court of Stuttgart,1,mid-level court,not applicable,panel,general,not applicable
396,NAT_COURT_DE_OVWG_BER,Oberverwaltungsgericht Berlin,ACT_EU_MS_DE,Germany,Berlin,Higher Administrative Court of Berlin,1,mid-level court,not applicable,panel,administrative,not applicable
397,NAT_COURT_DE_OVWG_BER_BRA,Oberverwaltungsgericht Berlin-Brandenburg,ACT_EU_MS_DE,Germany,Berlin,Higher Administrative Court of Berlin-Brandenburg,1,mid-level court,not applicable,panel,administrative,not applicable
398,NAT_COURT_DE_OVWG_BRE,Oberverwaltungsgericht Bremen,ACT_EU_MS_DE,Germany,Bremen,Higher Administrative Court of Bremen,1,mid-level court,not applicable,panel,administrative,not applicable
399,NAT_COURT_DE_OVWG_LAN_SAC_ANH,Oberverwaltungsgericht des Landes Sachsen-Anhalt,ACT_EU_MS_DE,Germany,Magdeburg,Higher Administrative Court of the State of Saxony-Anhalt,1,mid-level court,not applicable,panel,administrative,not applicable
400,NAT_COURT_DE_OVWG_LAN_NOR_WES,Oberverwaltungsgericht für das Land Nordrhein-Westfalen,ACT_EU_MS_DE,Germany,Münster,Higher Administrative Court for the State of North Rhine-Westphalia,1,mid-level court,not applicable,panel,administrative,not applicable
401,NAT_COURT_DE_OVWG_RHE_PFA,Oberverwaltungsgericht Rheinland-Pfalz,ACT_EU_MS_DE,Germany,Koblenz,Higher Administrative Court of Rhineland-Palatinate,1,mid-level court,not applicable,panel,administrative,not applicable
402,NAT_COURT_DE_OLG_ZWE,Pfälzisches Oberlandesgericht Zweibrücken,ACT_EU_MS_DE,Germany,Zweibrücken,Palatinate Higher Regional Court of Zweibrücken,1,mid-level court,not applicable,panel,general,not applicable
403,NAT_COURT_DE_OLG_SAA,Saarländisches Oberlandesgericht,ACT_EU_MS_DE,Germany,Saarbrücken,Saarland Higher Regional Court,1,mid-level court,not applicable,panel,general,not applicable
404,NAT_COURT_DE_FG_SAC,Sächsisches Finanzgericht,ACT_EU_MS_DE,Germany,Leipzig,Saxon Finance Court,1,lower court,not applicable,panel,specialized,tax law
405,NAT_COURT_DE_LSG_SAC,Sächsisches Landessozialgericht,ACT_EU_MS_DE,Germany,Chemnitz,Saxon Higher Social Court,1,mid-level court,not applicable,panel,specialized,social law
406,NAT_COURT_DE_OVWG_SAC,Sächsisches Oberverwaltungsgericht,ACT_EU_MS_DE,Germany,Bautzen,Saxon Higher Administrative Court,1,mid-level court,not applicable,panel,administrative,not applicable
407,NAT_COURT_DE_LSG_SCH_HOL,Schleswig-Holsteinisches Landessozialgericht,ACT_EU_MS_DE,Germany,Schleswig,Schleswig-Holstein Higher Social Court,1,mid-level court,not applicable,panel,specialized,social law
408,NAT_COURT_DE_OVWG_SCH_HOL,Schleswig-Holsteinisches Oberverwaltungsgericht,ACT_EU_MS_DE,Germany,Schleswig,Schleswig-Holstein Higher Administrative Court,1,mid-level court,not applicable,panel,administrative,not applicable
409,NAT_COURT_DE_VWG_SCH_HOL,Schleswig-Holsteinisches Verwaltungsgericht,ACT_EU_MS_DE,Germany,Schleswig,Schleswig-Holstein Administrative Court,1,lower court,not applicable,panel,administrative,not applicable
410,NAT_COURT_DE_SG_AAC,Sozialgericht Aachen,ACT_EU_MS_DE,Germany,Aachen,Social Court of Aachen,1,lower court,not applicable,panel,specialized,social law
411,NAT_COURT_DE_SG_AUG,Sozialgericht Augsburg,ACT_EU_MS_DE,Germany,Augsburg,Social Court of Augsburg,1,lower court,not applicable,panel,specialized,social law
412,NAT_COURT_DE_SG_BER,Sozialgericht Berlin,ACT_EU_MS_DE,Germany,Berlin,Social Court of Berlin,1,lower court,not applicable,panel,specialized,social law
413,NAT_COURT_DE_SG_DOR,Sozialgericht Dortmund,ACT_EU_MS_DE,Germany,Dortmund,Social Court of Dortmund,1,lower court,not applicable,panel,specialized,social law
414,NAT_COURT_DE_SG_FRA_MAI,Sozialgericht Frankfurt am Main,ACT_EU_MS_DE,Germany,Frankfurt,Social Court of Frankfurt,1,lower court,not applicable,panel,specialized,social law
415,NAT_COURT_DE_SG_FRE,Sozialgericht Freiburg,ACT_EU_MS_DE,Germany,Freiburg,Social Court of Freiburg,1,lower court,not applicable,panel,specialized,social law
416,NAT_COURT_DE_SG_GEL,Sozialgericht Gelsenkirchen,ACT_EU_MS_DE,Germany,Gelsenkirchen,Social Court of Gelsenkirchen,1,lower court,not applicable,panel,specialized,social law
417,NAT_COURT_DE_SG_HAM,Sozialgericht Hamburg,ACT_EU_MS_DE,Germany,Hamburg,Social Court of Hamburg,1,lower court,not applicable,panel,specialized,social law
418,NAT_COURT_DE_SG_HAN,Sozialgericht Hannover,ACT_EU_MS_DE,Germany,Hannover,Social Court of Hannover,1,lower court,not applicable,panel,specialized,social law
419,NAT_COURT_DE_SG_HIL,Sozialgericht Hildesheim,ACT_EU_MS_DE,Germany,Hildesheim,Social Court of Hildesheim,1,lower court,not applicable,panel,specialized,social law
420,NAT_COURT_DE_SG_KAR,Sozialgericht Karlsruhe,ACT_EU_MS_DE,Germany,Karlsruhe,Social Court of Karlsruhe,1,lower court,not applicable,panel,specialized,social law
421,NAT_COURT_DE_SG_KOL,Sozialgericht Köln,ACT_EU_MS_DE,Germany,Cologne,Social Court of Cologne,1,lower court,not applicable,panel,specialized,social law
422,NAT_COURT_DE_SG_LEI,Sozialgericht Leipzig,ACT_EU_MS_DE,Germany,Leipzig,Social Court of Leipzig,1,lower court,not applicable,panel,specialized,social law
423,NAT_COURT_DE_SG_MUNC,Sozialgericht München,ACT_EU_MS_DE,Germany,Munich,Social Court of Munich,1,lower court,not applicable,panel,specialized,social law
424,NAT_COURT_DE_SG_MUNS,Sozialgericht Münster,ACT_EU_MS_DE,Germany,Münster,Social Court of Münster,1,lower court,not applicable,panel,specialized,social law
425,NAT_COURT_DE_SG_NUR,Sozialgericht Nürnberg,ACT_EU_MS_DE,Germany,Nuremberg,Social Court of Nuremberg,1,lower court,not applicable,panel,specialized,social law
426,NAT_COURT_DE_SG_REU,Sozialgericht Reutlingen,ACT_EU_MS_DE,Germany,Reutlingen,Social Court of Reutlingen,1,lower court,not applicable,panel,specialized,social law
427,NAT_COURT_DE_SG_SCH,Sozialgericht Schleswig,ACT_EU_MS_DE,Germany,Schleswig,Social Court of Schleswig,1,lower court,not applicable,panel,specialized,social law
428,NAT_COURT_DE_SG_SPE,Sozialgericht Speyer,ACT_EU_MS_DE,Germany,Speyer,Social Court of Speyer,1,lower court,not applicable,panel,specialized,social law
429,NAT_COURT_DE_SG_STU,Sozialgericht Stuttgart,ACT_EU_MS_DE,Germany,Stuttgart,Social Court of Stuttgart,1,lower court,not applicable,panel,specialized,social law
430,NAT_COURT_DE_SG_TRI,Sozialgericht Trier,ACT_EU_MS_DE,Germany,Trier,Social Court of Trier,1,lower court,not applicable,panel,specialized,social law
431,NAT_COURT_DE_SG_WUR,Sozialgericht Würzburg,ACT_EU_MS_DE,Germany,Würzburg,Social Court of Würzburg,1,lower court,not applicable,panel,specialized,social law
432,NAT_COURT_DE_SG_LAN_HES,Staatsgerichtshof des Landes Hessen,ACT_EU_MS_DE,Germany,Wiesbaden,Constitutional Court of Hesse,1,higher court,not applicable,panel,constitutional,not applicable
433,NAT_COURT_DE_FG_THU,Thüringer Finanzgericht,ACT_EU_MS_DE,Germany,Gotha,Thuringian Finance Court,1,lower court,not applicable,panel,specialized,tax law
434,NAT_COURT_DE_OLG_THU,Thüringer Oberlandesgericht,ACT_EU_MS_DE,Germany,Jena,Thuringian Higher Regional Court,1,mid-level court,not applicable,panel,general,not applicable
435,NAT_COURT_DE_VKBR_ARN,Vergabekammer bei der Bezirksregierung Arnsberg,ACT_EU_MS_DE,Germany,Arnsberg,Procurement Chamber at the Arnsberg District Government,1,lower court,not applicable,panel,specialized,public procurement law
436,NAT_COURT_DE_VKBR_SUD,Vergabekammer Südbayern,ACT_EU_MS_DE,Germany,Munich,Procurement Chamber of Southern Bavaria,1,lower court,not applicable,panel,specialized,public procurement law
437,NAT_COURT_DE_VUAB,Vergabeüberwachungsausschuß des Bundes,ACT_EU_MS_DE,Germany,Bonn,Federal Procurement Monitoring Committee,1,lower court,not applicable,panel,specialized,public procurement law
438,NAT_COURT_DE_VWG_AAC,Verwaltungsgericht Aachen,ACT_EU_MS_DE,Germany,Aachen,Administrative Court of Aachen,1,lower court,not applicable,panel,administrative,not applicable
439,NAT_COURT_DE_VWG_BER,Verwaltungsgericht Berlin,ACT_EU_MS_DE,Germany,Berlin,Administrative Court of Berlin,1,lower court,not applicable,panel,administrative,not applicable
440,NAT_COURT_DE_VWG_BRA,Verwaltungsgericht Braunschweig,ACT_EU_MS_DE,Germany,Braunschweig,Administrative Court of Braunschweig,1,lower court,not applicable,panel,administrative,not applicable
441,NAT_COURT_DE_VWG_CHE,Verwaltungsgericht Chemnitz,ACT_EU_MS_DE,Germany,Chemnitz,Administrative Court of Chemnitz,1,lower court,not applicable,panel,administrative,not applicable
442,NAT_COURT_DE_VWG_COT,Verwaltungsgericht Cottbus,ACT_EU_MS_DE,Germany,Cottbus,Administrative Court of Cottbus,1,lower court,not applicable,panel,administrative,not applicable
443,NAT_COURT_DE_VWG_DAR,Verwaltungsgericht Darmstadt,ACT_EU_MS_DE,Germany,Darmstadt,Administrative Court of Darmstadt,1,lower court,not applicable,panel,administrative,not applicable
444,NAT_COURT_DE_VWG_BRE,Verwaltungsgericht der Freien Hansestadt Bremen,ACT_EU_MS_DE,Germany,Bremen,Administrative Court of the Free Hanseatic City of Bremen,1,lower court,not applicable,panel,administrative,not applicable
445,NAT_COURT_DE_VWG_SAA,Verwaltungsgericht des Saarlandes,ACT_EU_MS_DE,Germany,Saarlouis,Administrative Court of Saarland,1,lower court,not applicable,panel,administrative,not applicable
446,NAT_COURT_DE_VWG_DUS,Verwaltungsgericht Düsseldorf,ACT_EU_MS_DE,Germany,Düsseldorf,Administrative Court of Düsseldorf,1,lower court,not applicable,panel,administrative,not applicable
447,NAT_COURT_DE_VWG_FRA,Verwaltungsgericht Frankfurt,ACT_EU_MS_DE,Germany,Frankfurt,Administrative Court of Frankfurt,1,lower court,not applicable,panel,administrative,not applicable
448,NAT_COURT_DE_VWG_FRA_MAI,Verwaltungsgericht Frankfurt am Main,ACT_EU_MS_DE,Germany,Frankfurt am Main,Administrative Court of Frankfurt am Main,1,lower court,not applicable,panel,administrative,not applicable
449,NAT_COURT_DE_VWG_FRE,Verwaltungsgericht Freiburg,ACT_EU_MS_DE,Germany,Freiburg,Administrative Court of Freiburg,1,lower court,not applicable,panel,administrative,not applicable
450,NAT_COURT_DE_VWG_GEL,Verwaltungsgericht Gelsenkirchen,ACT_EU_MS_DE,Germany,Gelsenkirchen,Administrative Court of Gelsenkirchen,1,lower court,not applicable,panel,administrative,not applicable
451,NAT_COURT_DE_VWG_GER,Verwaltungsgericht Gera,ACT_EU_MS_DE,Germany,Gera,Administrative Court of Gera,1,lower court,not applicable,panel,administrative,not applicable
452,NAT_COURT_DE_VWG_GIE,Verwaltungsgericht Gießen,ACT_EU_MS_DE,Germany,Gießen,Administrative Court of Gießen,1,lower court,not applicable,panel,administrative,not applicable
453,NAT_COURT_DE_VWG_HAL,Verwaltungsgericht Halle,ACT_EU_MS_DE,Germany,Halle,Administrative Court of Halle,1,lower court,not applicable,panel,administrative,not applicable
454,NAT_COURT_DE_VWG_HAM,Verwaltungsgericht Hamburg,ACT_EU_MS_DE,Germany,Hamburg,Administrative Court of Hamburg,1,lower court,not applicable,panel,administrative,not applicable
455,NAT_COURT_DE_VWG_HAN,Verwaltungsgericht Hannover,ACT_EU_MS_DE,Germany,Hannover,Administrative Court of Hannover,1,lower court,not applicable,panel,administrative,not applicable
456,NAT_COURT_DE_VWG_KAR,Verwaltungsgericht Karlsruhe,ACT_EU_MS_DE,Germany,Karlsruhe,Administrative Court of Karlsruhe,1,lower court,not applicable,panel,administrative,not applicable
457,NAT_COURT_DE_VWG_KAS,Verwaltungsgericht Kassel,ACT_EU_MS_DE,Germany,Kassel,Administrative Court of Kassel,1,lower court,not applicable,panel,administrative,not applicable
458,NAT_COURT_DE_VWG_KOB,Verwaltungsgericht Koblenz,ACT_EU_MS_DE,Germany,Koblenz,Administrative Court of Koblenz,1,lower court,not applicable,panel,administrative,not applicable
459,NAT_COURT_DE_VWG_KOL,Verwaltungsgericht Köln,ACT_EU_MS_DE,Germany,Cologne,Administrative Court of Cologne,1,lower court,not applicable,panel,administrative,not applicable
460,NAT_COURT_DE_VWG_MAI,Verwaltungsgericht Mainz,ACT_EU_MS_DE,Germany,Mainz,Administrative Court of Mainz,1,lower court,not applicable,panel,administrative,not applicable
461,NAT_COURT_DE_VWG_MIN,Verwaltungsgericht Minden,ACT_EU_MS_DE,Germany,Minden,Administrative Court of Minden,1,lower court,not applicable,panel,administrative,not applicable
462,NAT_COURT_DE_VWG_MUN,Verwaltungsgericht Münster,ACT_EU_MS_DE,Germany,Münster,Administrative Court of Münster,1,lower court,not applicable,panel,administrative,not applicable
463,NAT_COURT_DE_VWG_NEU_WEI,Verwaltungsgericht Neustadt an der Weinstraße,ACT_EU_MS_DE,Germany,Neustadt an der Weinstraße,Administrative Court of Neustadt an der Weinstraße,1,lower court,not applicable,panel,administrative,not applicable
464,NAT_COURT_DE_VWG_OLD,Verwaltungsgericht Oldenburg,ACT_EU_MS_DE,Germany,Oldenburg,Administrative Court of Oldenburg,1,lower court,not applicable,panel,administrative,not applicable
465,NAT_COURT_DE_VWG_SCH,Verwaltungsgericht Schwerin,ACT_EU_MS_DE,Germany,Schwerin,Administrative Court of Schwerin,1,lower court,not applicable,panel,administrative,not applicable
466,NAT_COURT_DE_VWG_SIG,Verwaltungsgericht Sigmaringen,ACT_EU_MS_DE,Germany,Sigmaringen,Administrative Court of Sigmaringen,1,lower court,not applicable,panel,administrative,not applicable
467,NAT_COURT_DE_VWG_STU,Verwaltungsgericht Stuttgart,ACT_EU_MS_DE,Germany,Stuttgart,Administrative Court of Stuttgart,1,lower court,not applicable,panel,administrative,not applicable
468,NAT_COURT_DE_VWG_TRI,Verwaltungsgericht Trier,ACT_EU_MS_DE,Germany,Trier,Administrative Court of Trier,1,lower court,not applicable,panel,administrative,not applicable
469,NAT_COURT_DE_VWG_WEI,Verwaltungsgericht Weimar,ACT_EU_MS_DE,Germany,Weimar,Administrative Court of Weimar,1,lower court,not applicable,panel,administrative,not applicable
470,NAT_COURT_DE_VWG_WIE,Verwaltungsgericht Wiesbaden,ACT_EU_MS_DE,Germany,Wiesbaden,Administrative Court of Wiesbaden,1,lower court,not applicable,panel,administrative,not applicable
471,NAT_COURT_DE_VWGH_BAD_WUR,Verwaltungsgerichtshof Baden-Württemberg,ACT_EU_MS_DE,Germany,Mannheim,Administrative Court of Baden-Württemberg,1,mid-level court,not applicable,panel,administrative,not applicable
472,NAT_COURT_DK_ASU,Ankenævnet for Statens Uddannelsesstøtte,ACT_EU_MS_DK,Denmark,Copenhagen,Board of Appeal for State Educational Support,0,not applicable,lower court,panel,specialized,education policy
473,NAT_COURT_DK_AR,Arbejdsretten,ACT_EU_MS_DK,Denmark,Copenhagen,Labor Court,0,not applicable,higher court,panel,specialized,labor law
474,NAT_COURT_DK_FV,Faglige Voldgiftsret,ACT_EU_MS_DK,Denmark,Copenhagen,Industrial Arbitration Tribunal,0,not applicable,lower court,panel,specialized,labor law
475,NAT_COURT_DK_HR,Højesteret,ACT_EU_MS_DK,Denmark,Copenhagen,Supreme Court,1,higher court,not applicable,panel,general,not applicable
476,NAT_COURT_DK_KU,Klagenævnet for Udbud,ACT_EU_MS_DK,Denmark,Copenhagen,Tender Appeals Board,0,not applicable,not available,panel,specialized,public procurement law
477,NAT_COURT_DK_B_KOB,Københavns Byret,ACT_EU_MS_DK,Denmark,Copenhagen,Copenhagen District Court,1,lower court,not applicable,single judge,general,not applicable
478,NAT_COURT_DK_KSF,Kriminal- og Skifteretten i Frederikshavn,ACT_EU_MS_DK,Denmark,Frederikshavn,Criminal and Probate Court in Frederikshavn,1,lower court,not applicable,single judge,specialized,criminal law
479,NAT_COURT_DK_KSH,Kriminal- og Skifteretten i Hjørring,ACT_EU_MS_DK,Denmark,Hjørring,Criminal and Probate Court in Hjørring,1,lower court,not applicable,single judge,specialized,criminal law
480,NAT_COURT_DK_KR_FRE,Kriminalretten i Frederikshavn,ACT_EU_MS_DK,Denmark,Frederikshavn,Criminal Court in Frederikshavn,1,lower court,not applicable,single judge,specialized,criminal law
481,NAT_COURT_DK_OLR,Østre Landsret,ACT_EU_MS_DK,Denmark,Copenhagen,Eastern High Court,1,mid-level court,not applicable,panel,general,not applicable
482,NAT_COURT_DK_R_ALB,Retten i Ålborg,ACT_EU_MS_DK,Denmark,Aalborg,District Court in Aalborg,1,lower court,not applicable,single judge,general,not applicable
483,NAT_COURT_DK_R_ESB,Retten i Esbjerg,ACT_EU_MS_DK,Denmark,Esbjerg,District Court in Esbjerg,1,lower court,not applicable,single judge,general,not applicable
484,NAT_COURT_DK_R_GLO,Retten i Glostrup,ACT_EU_MS_DK,Denmark,Glostrup,District Court in Glostrup,1,lower court,not applicable,single judge,general,not applicable
485,NAT_COURT_DK_R_HIL,Retten i Hillerød,ACT_EU_MS_DK,Denmark,Hillerød,District Court in Hillerød,1,lower court,not applicable,single judge,general,not applicable
486,NAT_COURT_DK_R_KOL,Retten i Kolding,ACT_EU_MS_DK,Denmark,Kolding,District Court in Kolding,1,lower court,not applicable,single judge,general,not applicable
487,NAT_COURT_DK_SHR,Sø- og Handelsretten,ACT_EU_MS_DK,Denmark,Copenhagen,Maritime and Commercial Court,1,mid-level court,not applicable,panel,specialized,commercial law
488,NAT_COURT_DK_TK,Teleklagenævnet,ACT_EU_MS_DK,Denmark,Viborg,Telecommunications Complaints Board,0,not applicable,lower court,panel,specialized,communications policy
489,NAT_COURT_DK_VLR,Vestre Landsret,ACT_EU_MS_DK,Denmark,Viborg,Western High Court,1,mid-level court,not applicable,panel,general,not applicable
490,NAT_COURT_EE_MK_HAR,Harju Maakohus,ACT_EU_MS_EE,Estonia,Tallinn,Harju County Court,1,lower court,not applicable,not available,general,not applicable
491,NAT_COURT_EE_RK,Riigikohus,ACT_EU_MS_EE,Estonia,Tartu,Supreme Court,1,higher court,not applicable,panel,general,not applicable
492,NAT_COURT_EE_HK_TAL,Tallinna Halduskohus,ACT_EU_MS_EE,Estonia,Tallinn,Tallinn Administrative Court,1,lower court,not applicable,not available,administrative,not applicable
493,NAT_COURT_EE_RK_TAL,Tallinna Ringkonnakohus,ACT_EU_MS_EE,Estonia,Tallinn,Tallinn District Court,1,mid-level court,not applicable,panel,general,not applicable
494,NAT_COURT_EE_HK_TAR,Tartu Halduskohus,ACT_EU_MS_EE,Estonia,Tartu,Tartu Administrative Court,1,lower court,not applicable,not available,administrative,not applicable
495,NAT_COURT_EE_MK_TAR,Tartu Maakohus,ACT_EU_MS_EE,Estonia,Tartu,Tartu County Court,1,lower court,not applicable,not available,general,not applicable
496,NAT_COURT_EE_RK_TAR,Tartu Ringkonnakohus,ACT_EU_MS_EE,Estonia,Tartu,Tartu District Court,1,mid-level court,not applicable,panel,general,not applicable
497,NAT_COURT_EL_AP,Areios Pagos,ACT_EU_MS_EL,Greece,Athens,Supreme Court,1,higher court,not applicable,panel,general,not applicable
498,NAT_COURT_EL_DE_ATH,Dioikitiko Efeteio Athinon,ACT_EU_MS_EL,Greece,Athens,Administrative Court of Appeal of Athens,1,mid-level court,not applicable,panel,administrative,not applicable
499,NAT_COURT_EL_DE_PEI,Dioikitiko Efeteio Peiraios,ACT_EU_MS_EL,Greece,Piraeus,Administrative Court of Appeal of Piraeus,1,mid-level court,not applicable,panel,administrative,not applicable
500,NAT_COURT_EL_DE_THE,Dioikitiko Efeteio Thessalonikis,ACT_EU_MS_EL,Greece,Thessaloniki,Administrative Court of Appeal of Thessaloniki,1,mid-level court,not applicable,panel,administrative,not applicable
501,NAT_COURT_EL_DP_ATH,Dioikitiko Protodikeio Athinon,ACT_EU_MS_EL,Greece,Athens,Administrative Court of First Instance of Athens,1,lower court,not applicable,panel,administrative,not applicable
502,NAT_COURT_EL_DP_IOA,Dioikitiko Protodikeio Ioanninon,ACT_EU_MS_EL,Greece,Ioannina,Administrative Court of First Instance of Ioannina,1,lower court,not applicable,panel,administrative,not applicable
503,NAT_COURT_EL_DP_PEI,Dioikitiko Protodikeio Peiraios,ACT_EU_MS_EL,Greece,Peiraios,Administrative Court of First Instance of Peiraios,1,lower court,not applicable,panel,administrative,not applicable
504,NAT_COURT_EL_DP_ROD,Dioikitiko Protodikeio Rodou,ACT_EU_MS_EL,Greece,Rhodes,Administrative Court of First Instance of Rhodes,1,lower court,not applicable,panel,administrative,not applicable
505,NAT_COURT_EL_DP_SER,Dioikitiko Protodikeio Serron,ACT_EU_MS_EL,Greece,Serres,Administrative Court of First Instance of Serres,1,lower court,not applicable,panel,administrative,not applicable
506,NAT_COURT_EL_DP_THE,Dioikitiko Protodikeio Thessalonikis,ACT_EU_MS_EL,Greece,Thessaloniki,Administrative Court of First Instance of Thessaloniki,1,lower court,not applicable,panel,administrative,not applicable
507,NAT_COURT_EL_EF_ATH,Efeteio Athinon,ACT_EU_MS_EL,Greece,Athens,Court of Appeal of Athens,1,mid-level court,not applicable,not available,general,not applicable
508,NAT_COURT_EL_EF_PAT,Efeteio Patron,ACT_EU_MS_EL,Greece,Patras,Court of Appeal of Patras,1,mid-level court,not applicable,not available,general,not applicable
509,NAT_COURT_EL_EI_ATH,Eirinodikeio Athinon,ACT_EU_MS_EL,Greece,Athens,District Court of Athens,1,lower court,not applicable,not available,general,not applicable
510,NAT_COURT_EL_EI_ECH,Eirinodikeio Echinou,ACT_EU_MS_EL,Greece,Echinos,District Court of Echinos,1,lower court,not applicable,not available,general,not applicable
511,NAT_COURT_EL_EI_LER,Eirinodikeio Lerou,ACT_EU_MS_EL,Greece,Leros,District Court of Leros,1,lower court,not applicable,not available,general,not applicable
512,NAT_COURT_EL_ES,Elegktiko Synedrio,ACT_EU_MS_EL,Greece,Athens,Court of Audit,1,higher court,not applicable,panel,specialized,audit law
513,NAT_COURT_EL_EA,Epitropi Antagonismou,ACT_EU_MS_EL,Greece,Athens,Competition Commission,0,not applicable,not available,not available,specialized,competition law
514,NAT_COURT_EL_MDP_IRA,Monomeles Dioikitiko Protodikeio Irakleiou,ACT_EU_MS_EL,Greece,Heraklion,Single Member Administrative Court of First Instance of Heraklion,1,lower court,not applicable,single judge,administrative,not applicable
515,NAT_COURT_EL_ME_THR,Monomeles Efeteio Thrakis,ACT_EU_MS_EL,Greece,Thrace,Single Member Court of Appeal of Thrace,1,mid-level court,not applicable,single judge,general,not applicable
516,NAT_COURT_EL_MP_ATH,Monomeles Protodikeio Athinon,ACT_EU_MS_EL,Greece,Athens,Single Member Court of First Instance of Athens,1,lower court,not applicable,single judge,general,not applicable
517,NAT_COURT_EL_MP_LAS,Monomeles Protodikeio Lasithiou,ACT_EU_MS_EL,Greece,Lassithi,Single Member Court of First Instance of Lassithi,1,lower court,not applicable,single judge,general,not applicable
518,NAT_COURT_EL_MP_RET,Monomeles Protodikeio Rethymnis,ACT_EU_MS_EL,Greece,Rethymno,Single Member Court of First Instance of Rethymno,1,lower court,not applicable,single judge,general,not applicable
519,NAT_COURT_EL_MP_THE,Monomeles Protodikeio Thessalonikis,ACT_EU_MS_EL,Greece,Thessaloniki,Single Member Court of First Instance of Thessaloniki,1,lower court,not applicable,single judge,general,not applicable
520,NAT_COURT_EL_PP_ATH,Polymeles Protodikeio Athinon,ACT_EU_MS_EL,Greece,Athens,Multi-Member Court of First Instance of Athens,1,lower court,not applicable,panel,general,not applicable
521,NAT_COURT_EL_SE,Symvoulio tis Epikrateias,ACT_EU_MS_EL,Greece,Athens,Council of State,1,higher court,not applicable,panel,administrative,not applicable
522,NAT_COURT_EL_TDP_IRA,Trimeles Dioikitiko Protodikeio Irakleiou,ACT_EU_MS_EL,Greece,Heraklion,Three-member Administrative Court of First Instance of Heraklion,1,lower court,not applicable,panel,general,not applicable
523,NAT_COURT_ES_AN,Audiencia Nacional,ACT_EU_MS_ES,Spain,Madrid,National High Court,1,mid-level court,not applicable,panel,general,not applicable
524,NAT_COURT_ES_AP_ALB,Audiencia Provincial de Albacete,ACT_EU_MS_ES,Spain,Albacete,Provincial Court of Albacete,1,mid-level court,not applicable,panel,general,not applicable
525,NAT_COURT_ES_AP_ALI,Audiencia Provincial de Alicante,ACT_EU_MS_ES,Spain,Alicante,Provincial Court of Alicante,1,mid-level court,not applicable,panel,general,not applicable
526,NAT_COURT_ES_AP_BAR,Audiencia Provincial de Barcelona,ACT_EU_MS_ES,Spain,Barcelona,Provincial Court of Barcelona,1,mid-level court,not applicable,panel,general,not applicable
527,NAT_COURT_ES_AP_BUR,Audiencia Provincial de Burgos,ACT_EU_MS_ES,Spain,Burgos,Provincial Court of Burgos,1,mid-level court,not applicable,panel,general,not applicable
528,NAT_COURT_ES_AP_CAS,Audiencia Provincial de Castellón,ACT_EU_MS_ES,Spain,Castellón,Provincial Court of Castellón,1,mid-level court,not applicable,panel,general,not applicable
529,NAT_COURT_ES_AP_COR,Audiencia Provincial de La Coruña,ACT_EU_MS_ES,Spain,La Coruña,Provincial Court of La Coruña,1,mid-level court,not applicable,panel,general,not applicable
530,NAT_COURT_ES_AP_LEO,Audiencia Provincial de León,ACT_EU_MS_ES,Spain,León,Provincial Court of León,1,mid-level court,not applicable,panel,general,not applicable
531,NAT_COURT_ES_AP_MAD,Audiencia Provincial de Madrid,ACT_EU_MS_ES,Spain,Madrid,Provincial Court of Madrid,1,mid-level court,not applicable,panel,general,not applicable
532,NAT_COURT_ES_AP_MAL,Audiencia Provincial de Málaga,ACT_EU_MS_ES,Spain,Málaga,Provincial Court of Málaga,1,mid-level court,not applicable,panel,general,not applicable
533,NAT_COURT_ES_AP_OVI,Audiencia Provincial de Oviedo,ACT_EU_MS_ES,Spain,Oviedo,Provincial Court of Oviedo,1,mid-level court,not applicable,panel,general,not applicable
534,NAT_COURT_ES_AP_PAL_MAL,Audiencia Provincial de Palma de Mallorca,ACT_EU_MS_ES,Spain,Palma de Mallorca,Provincial Court of Palma de Mallorca,1,mid-level court,not applicable,panel,general,not applicable
535,NAT_COURT_ES_AP_SAL,Audiencia Provincial de Salamanca,ACT_EU_MS_ES,Spain,Salamanca,Provincial Court of Salamanca,1,mid-level court,not applicable,panel,general,not applicable
536,NAT_COURT_ES_AP_SEV,Audiencia Provincial de Sevilla,ACT_EU_MS_ES,Spain,Sevilla,Provincial Court of Sevilla,1,mid-level court,not applicable,panel,general,not applicable
537,NAT_COURT_ES_AP_TAR,Audiencia Provincial de Tarragona,ACT_EU_MS_ES,Spain,Tarragona,Provincial Court of Tarragona,1,mid-level court,not applicable,panel,general,not applicable
538,NAT_COURT_ES_AP_ZAR,Audiencia Provincial de Zaragoza,ACT_EU_MS_ES,Spain,Zaragoza,Provincial Court of Zaragoza,1,mid-level court,not applicable,panel,general,not applicable
539,NAT_COURT_ES_AT_VAL,Audiencia Territorial de Valencia,ACT_EU_MS_ES,Spain,Valencia,Territorial Court of Valencia,1,mid-level court,not applicable,panel,general,not applicable
540,NAT_COURT_ES_CNMC,Comisión Nacional de los Mercados y la Competencia,ACT_EU_MS_ES,Spain,Madrid,National Commission for Markets and Competition,0,not applicable,not available,panel,specialized,competition law
541,NAT_COURT_ES_JCPAN,Juzgado Central de lo Penal de la Audiencia Nacional,ACT_EU_MS_ES,Spain,Madrid,Central Criminal Court of the National High Court,1,mid-level court,not applicable,panel,specialized,criminal law
542,NAT_COURT_ES_JI_MAD_20,Juzgado de Instrucción no 20 de Madrid,ACT_EU_MS_ES,Spain,Madrid,Trial Court no 20 of Madrid,1,lower court,not applicable,single judge,specialized,criminal law
543,NAT_COURT_ES_JI_SAN_BAR_TIR_3,Juzgado de Instrucción no 3 de San Bartolomé de Tirajana,ACT_EU_MS_ES,Spain,San Bartolomé de Tirajana,Trial Court of San Bartolomé de Tirajana,1,lower court,not applicable,single judge,specialized,criminal law
544,NAT_COURT_ES_BAD_4,Juzgado de Instrucción no 4 de Badalona,ACT_EU_MS_ES,Spain,Badalona,Trial Court of Badalona,1,lower court,not applicable,single judge,specialized,criminal law
545,NAT_COURT_ES_JCA_FER_1,Juzgado de lo Contencioso-Administrativo no 1 de Ferrol,ACT_EU_MS_ES,Spain,Ferrol,Court for Contentious Administrative Proceedings no 1 of Ferrol,1,lower court,not applicable,single judge,administrative,not applicable
546,NAT_COURT_ES_JCA_OUR_1,Juzgado de lo Contencioso-Administrativo no 1 de Ourense,ACT_EU_MS_ES,Spain,Ourense,Court for Contentious Administrative Proceedings no 1 of Orense,1,lower court,not applicable,single judge,administrative,not applicable
547,NAT_COURT_ES_JCA_OVI_1,Juzgado de lo Contencioso-Administrativo no 1 de Oviedo,ACT_EU_MS_ES,Spain,Oviedo,Court for Contentious Administrative Proceedings no 1 of Oviedo,1,lower court,not applicable,single judge,administrative,not applicable
548,NAT_COURT_ES_JCA_PAM_1,Juzgado de lo Contencioso-Administrativo no 1 de Pamplona,ACT_EU_MS_ES,Spain,Pamplona,Court for Contentious Administrative Proceedings no 1 of Pamplona,1,lower court,not applicable,single judge,administrative,not applicable
549,NAT_COURT_ES_JCA_PON_1,Juzgado de lo Contencioso-Administrativo no 1 de Pontevedra,ACT_EU_MS_ES,Spain,Pontevedra,Court for Contentious Administrative Proceedings no 1 of Pontevedra,1,lower court,not applicable,single judge,administrative,not applicable
550,NAT_COURT_ES_JCA_SEV_12,Juzgado de lo Contencioso-Administrativo no 12 de Sevilla,ACT_EU_MS_ES,Spain,Sevilla,Court for Contentious Administrative Proceedings no 1 of Sevilla,1,lower court,not applicable,single judge,administrative,not applicable
551,NAT_COURT_ES_JCA_MAD_14,Juzgado de lo Contencioso-Administrativo no 14 de Madrid,ACT_EU_MS_ES,Spain,Madrid,Court for Contentious Administrative Proceedings no 1 of Madrid,1,lower court,not applicable,single judge,administrative,not applicable
552,NAT_COURT_ES_JCA_BAR_17,Juzgado de lo Contencioso-Administrativo no 17 de Barcelona,ACT_EU_MS_ES,Spain,Barcelona,Court for Contentious Administrative Proceedings no 1 of Barcelona,1,lower court,not applicable,single judge,administrative,not applicable
553,NAT_COURT_ES_JCA_COR_2,Juzgado de lo Contencioso-Administrativo no 2 de La Coruña,ACT_EU_MS_ES,Spain,La Coruña,Court for Contentious Administrative Proceedings no 2 of La Coruña,1,lower court,not applicable,single judge,administrative,not applicable
554,NAT_COURT_ES_JCA_VAL_2,Juzgado de lo Contencioso-Administrativo no 2 de Valladolid,ACT_EU_MS_ES,Spain,Valladolid,Court for Contentious Administrative Proceedings no 2 of Valladolid,1,lower court,not applicable,single judge,administrative,not applicable
555,NAT_COURT_ES_JCA_VIG_2,Juzgado de lo Contencioso-Administrativo no 2 de Vigo,ACT_EU_MS_ES,Spain,Vigo,Court for Contentious Administrative Proceedings no 2 of Vigo,1,lower court,not applicable,single judge,administrative,not applicable
556,NAT_COURT_ES_JCA_MAD_22,Juzgado de lo Contencioso-Administrativo no 22 de Madrid,ACT_EU_MS_ES,Spain,Madrid,Court for Contentious Administrative Proceedings no 22 of Madrid,1,lower court,not applicable,single judge,administrative,not applicable
557,NAT_COURT_ES_JCA_COR_3,Juzgado de lo Contencioso-Administrativo no 3 de La Coruña,ACT_EU_MS_ES,Spain,La Coruña,Court for Contentious Administrative Proceedings no 3 of La Coruña,1,lower court,not applicable,single judge,administrative,not applicable
558,NAT_COURT_ES_JCA_PON_3,Juzgado de lo Contencioso-Administrativo no 3 de Pontevedra,ACT_EU_MS_ES,Spain,Pontevedra,Court for Contentious Administrative Proceedings no 3 of Pontevedra,1,lower court,not applicable,single judge,administrative,not applicable
559,NAT_COURT_ES_JCA_MAD_4,Juzgado de lo Contencioso-Administrativo no 4 de Madrid,ACT_EU_MS_ES,Spain,Madrid,Court for Contentious Administrative Proceedings no 4 of Madrid,1,lower court,not applicable,single judge,administrative,not applicable
560,NAT_COURT_ES_JCA_MUR_4,Juzgado de lo Contencioso-Administrativo no 4 de Murcia,ACT_EU_MS_ES,Spain,Murcia,Court for Contentious Administrative Proceedings no 4 of Murcia,1,lower court,not applicable,single judge,administrative,not applicable
561,NAT_COURT_ES_JCA_OVI_4,Juzgado de lo Contencioso-Administrativo no 4 de Oviedo,ACT_EU_MS_ES,Spain,Oviedo,Court for Contentious Administrative Proceedings no 4 of Oviedo,1,lower court,not applicable,single judge,administrative,not applicable
562,NAT_COURT_ES_JCA_BAR_5,Juzgado de lo Contencioso-Administrativo no 5 de Barcelona,ACT_EU_MS_ES,Spain,Barcelona,Court for Contentious Administrative Proceedings no 5 of Barcelona,1,lower court,not applicable,single judge,administrative,not applicable
563,NAT_COURT_ES_JCA_BIL_5,Juzgado de lo Contencioso-Administrativo no 6 de Bilbao,ACT_EU_MS_ES,Spain,Bilbao,Court for Contentious Administrative Proceedings no 6 of Bilbao,1,lower court,not applicable,single judge,administrative,not applicable
564,NAT_COURT_ES_JCA_MUR_6,Juzgado de lo Contencioso-Administrativo no 6 de Murcia,ACT_EU_MS_ES,Spain,Murcia,Court for Contentious Administrative Proceedings no 6 of Murcia,1,lower court,not applicable,single judge,administrative,not applicable
565,NAT_COURT_ES_JCA_MAD_8,Juzgado de lo Contencioso-Administrativo no 8 de Madrid,ACT_EU_MS_ES,Spain,Madrid,Court for Contentious Administrative Proceedings no 8 of Madrid,1,lower court,not applicable,single judge,administrative,not applicable
566,NAT_COURT_ES_JM_MAD,Juzgado de lo Mercantil de Madrid,ACT_EU_MS_ES,Spain,Madrid,Commercial Court of Madrid,1,lower court,not applicable,single judge,specialized,commercial law
567,NAT_COURT_ES_JM_ALI_1,Juzgado de lo Mercantil no 1 de Alicante y no 1 de Marca Comunitaria,ACT_EU_MS_ES,Spain,Alicante,Commercial Court no 1 of Alicante and No. 1 of Community Trade Mark,1,lower court,not applicable,single judge,specialized,commercial law; intellectual property law
568,NAT_COURT_ES_JM_GER_1,Juzgado de lo Mercantil no 1 de Gerona,ACT_EU_MS_ES,Spain,Girona,Commercial Court of Gerona,1,lower court,not applicable,single judge,specialized,commercial law
569,NAT_COURT_ES_JM_GRA_1,Juzgado de lo Mercantil no 1 de Granada,ACT_EU_MS_ES,Spain,Granada,Commercial Court no 1 of Granada,1,lower court,not applicable,single judge,specialized,commercial law
570,NAT_COURT_ES_JM_PON_1,Juzgado de lo Mercantil no 1 de Pontevedra,ACT_EU_MS_ES,Spain,Pontevedra,Commercial Court no 1 of Pontevedra,1,lower court,not applicable,single judge,specialized,commercial law
571,NAT_COURT_ES_JM_COR_2,Juzgado de lo Mercantil no 2 de La Coruña,ACT_EU_MS_ES,Spain,La Coruña,Commercial Court no 2 of La Coruña,1,lower court,not applicable,single judge,specialized,commercial law
572,NAT_COURT_ES_JM_MAD_2,Juzgado de lo Mercantil no 2 de Madrid,ACT_EU_MS_ES,Spain,Madrid,Commercial Court no 2 of Madrid,1,lower court,not applicable,single judge,specialized,commercial law
573,NAT_COURT_ES_JM_BAR_3,Juzgado de lo Mercantil no 3 de Barcelona,ACT_EU_MS_ES,Spain,Barcelona,Commercial Court no 3 of Barcelona,1,lower court,not applicable,single judge,specialized,commercial law
574,NAT_COURT_ES_JM_MAD_3,Juzgado de lo Mercantil no 3 de Madrid,ACT_EU_MS_ES,Spain,Madrid,Commercial Court no 3 of Madrid,1,lower court,not applicable,single judge,specialized,commercial law
575,NAT_COURT_ES_JM_VAL_3,Juzgado de lo Mercantil no 3 de Valencia,ACT_EU_MS_ES,Spain,Valencia,Commercial Court of Valencia,1,lower court,not applicable,single judge,specialized,commercial law
576,NAT_COURT_ES_JM_BAR_4,Juzgado de lo Mercantil no 4 de Barcelona,ACT_EU_MS_ES,Spain,Barcelona,Commercial Court no 4 of Barcelona,1,lower court,not applicable,single judge,specialized,commercial law
577,NAT_COURT_ES_JM_MAD_5,Juzgado de lo Mercantil no 5 de Madrid,ACT_EU_MS_ES,Spain,Madrid,Commercial Court no 5 of Madrid,1,lower court,not applicable,single judge,specialized,commercial law
578,NAT_COURT_ES_JM_BAR_7,Juzgado de lo Mercantil no 7 de Barcelona,ACT_EU_MS_ES,Spain,Barcelona,Commercial Court no 7 of Barcelona,1,lower court,not applicable,single judge,specialized,commercial law
579,NAT_COURT_ES_JM_BAR_8,Juzgado de lo Mercantil no 8 de Barcelona,ACT_EU_MS_ES,Spain,Barcelona,Commercial Court no 8 of Barcelona,1,lower court,not applicable,single judge,specialized,commercial law
580,NAT_COURT_ES_JM_BAR_9,Juzgado de lo Mercantil no 9 de Barcelona,ACT_EU_MS_ES,Spain,Barcelona,Commercial Court no 9 of Barcelona,1,lower court,not applicable,single judge,specialized,commercial law
581,NAT_COURT_ES_JP_ALI_4,Juzgado de lo Penal no 4 de Alicante,ACT_EU_MS_ES,Spain,Alicante,Criminal Court no 4 of Alicante,1,lower court,not applicable,single judge,specialized,criminal law
582,NAT_COURT_ES_JS_BAR,Juzgado de lo Social de Barcelona,ACT_EU_MS_ES,Spain,Barcelona,Social Court of Barcelona,1,lower court,not applicable,single judge,specialized,social law
583,NAT_COURT_ES_JS_BEN_1,Juzgado de lo Social no 1 de Benidorm,ACT_EU_MS_ES,Spain,Benidorm,Social Court no 1 of Benidorm,1,lower court,not applicable,single judge,specialized,social law
584,NAT_COURT_ES_JS_COR_1,Juzgado de lo Social no 1 de Córdoba,ACT_EU_MS_ES,Spain,Córdoba,Social Court no 1 of Córdoba,1,lower court,not applicable,single judge,specialized,social law
585,NAT_COURT_ES_JS_CUE_1,Juzgado de lo Social no 1 de Cuenca,ACT_EU_MS_ES,Spain,Cuenca,Social Court no 1 of Cuenca,1,lower court,not applicable,single judge,specialized,social law
586,NAT_COURT_ES_JS_LLE_1,Juzgado de lo Social no 1 de Lleida,ACT_EU_MS_ES,Spain,Lleida,Social Court no 1 of Lérida,1,lower court,not applicable,single judge,specialized,social law
587,NAT_COURT_ES_JS_MAD_1,Juzgado de lo Social no 1 de Madrid,ACT_EU_MS_ES,Spain,Madrid,Social Court no 1 of Madrid,1,lower court,not applicable,single judge,specialized,social law
588,NAT_COURT_ES_JS_PON_1,Juzgado de lo Social no 1 de Pontevedra,ACT_EU_MS_ES,Spain,Pontevedra,Social Court no 1 of Pontevedra,1,lower court,not applicable,single judge,specialized,social law
589,NAT_COURT_ES_JS_SAN_SEB_1,Juzgado de lo Social no 1 de San Sebastián,ACT_EU_MS_ES,Spain,San Sebastián,Social Court no 1 of San Sebastián,1,lower court,not applicable,single judge,specialized,social law
590,NAT_COURT_ES_JS_SAN_COM_1,Juzgado de lo Social no 1 de Santiago de Compostela,ACT_EU_MS_ES,Spain,Santiago de Compostela,Social Court no 1 of Santiago de Compostela,1,lower court,not applicable,single judge,specialized,social law
591,NAT_COURT_ES_JS_MAD_14,Juzgado de lo Social no 14 de Madrid,ACT_EU_MS_ES,Spain,Madrid,Social Court no 14 of Madrid,1,lower court,not applicable,single judge,specialized,social law
592,NAT_COURT_ES_JS_BAR_16,Juzgado de lo Social no 16 de Barcelona,ACT_EU_MS_ES,Spain,Barcelona,Social Court no 16 of Barcelona,1,lower court,not applicable,single judge,specialized,social law
593,NAT_COURT_ES_JS_SAN_COM_2,Juzgado de lo Social no 2 de Santiago de Compostela,ACT_EU_MS_ES,Spain,Santiago de Compostela,Social Court no 2 of Santiago de Compostela,1,lower court,not applicable,single judge,specialized,social law
594,NAT_COURT_ES_JS_TER_2,Juzgado de lo Social no 2 de Terrassa,ACT_EU_MS_ES,Spain,Terrassa,Social Court no 2 of Terrassa,1,lower court,not applicable,single judge,specialized,social law
595,NAT_COURT_ES_JS_MAD_20,Juzgado de lo Social no 20 de Madrid,ACT_EU_MS_ES,Spain,Madrid,Social Court no 20 of Madrid,1,lower court,not applicable,single judge,specialized,social law
596,NAT_COURT_ES_JS_MAD_23,Juzgado de lo Social no 23 de Madrid,ACT_EU_MS_ES,Spain,Madrid,Social Court no 23 of Madrid,1,lower court,not applicable,single judge,specialized,social law
597,NAT_COURT_ES_JS_BAR_26,Juzgado de lo Social no 26 de Barcelona,ACT_EU_MS_ES,Spain,Barcelona,Social Court no 26 of Barcelona,1,lower court,not applicable,single judge,specialized,social law
598,NAT_COURT_ES_JS_BAR_3,Juzgado de lo Social no 3 de Barcelona,ACT_EU_MS_ES,Spain,Barcelona,Social Court no 3 of Barcelona,1,lower court,not applicable,single judge,specialized,social law
599,NAT_COURT_ES_JS_GER_3,Juzgado de lo Social no 3 de Gerona,ACT_EU_MS_ES,Spain,Gerona,Social Court no 3 of Gerona,1,lower court,not applicable,single judge,specialized,social law
600,NAT_COURT_ES_JS_ORE_3,Juzgado de lo Social no 3 de Orense,ACT_EU_MS_ES,Spain,Ourense,Social Court no 3 of Orense,1,lower court,not applicable,single judge,specialized,social law
601,NAT_COURT_ES_JS_BAR_30,Juzgado de lo Social no 30 de Barcelona,ACT_EU_MS_ES,Spain,Barcelona,Social Court no 30 of Barcelona,1,lower court,not applicable,single judge,specialized,social law
602,NAT_COURT_ES_JS_MAD_30,Juzgado de lo Social no 30 de Madrid,ACT_EU_MS_ES,Spain,Madrid,Social Court no 30 of Madrid,1,lower court,not applicable,single judge,specialized,social law
603,NAT_COURT_ES_JS_BAR_33,Juzgado de lo Social no 33 de Barcelona,ACT_EU_MS_ES,Spain,Barcelona,Social Court no 33 of Barcelona,1,lower court,not applicable,single judge,specialized,social law
604,NAT_COURT_ES_JS_MAD_33,Juzgado de lo Social no 33 de Madrid,ACT_EU_MS_ES,Spain,Madrid,Social Court no 33 of Madrid,1,lower court,not applicable,single judge,specialized,social law
605,NAT_COURT_ES_JS_MAD_4,Juzgado de lo Social no 4 de Madrid,ACT_EU_MS_ES,Spain,Madrid,Social Court no 4 of Madrid,1,lower court,not applicable,single judge,specialized,social law
606,NAT_COURT_ES_JS_ALG,Juzgado de lo Social Único de Algeciras,ACT_EU_MS_ES,Spain,Algeciras,Social Court of Algeciras,1,lower court,not applicable,single judge,specialized,social law
607,NAT_COURT_ES_JPI_CAS_PLA,Juzgado de Primera Instancia de Castellón de la Plana,ACT_EU_MS_ES,Spain,Castellón de la Plana,Court of First Instance of Castellón de la Plana,1,lower court,not applicable,single judge,general,not applicable
608,NAT_COURT_ES_JPI_JER_FRO,Juzgado de Primera Instancia de Jerez de la Frontera,ACT_EU_MS_ES,Spain,Jerez de la Frontera,Court of First Instance no 1 of Jerez de la Frontera,1,lower court,not applicable,single judge,general,not applicable
609,NAT_COURT_ES_JPI_OLO,Juzgado de Primera Instancia de Olot,ACT_EU_MS_ES,Spain,Olot,Court of First Instance of Olot,1,lower court,not applicable,single judge,general,not applicable
610,NAT_COURT_ES_JPI_PAL_MAL,Juzgado de Primera Instancia de Palma de Mallorca,ACT_EU_MS_ES,Spain,Palma de Mallorca,Court of First Instance of Palma de Mallorca,1,lower court,not applicable,single judge,general,not applicable
611,NAT_COURT_ES_JPI_VAL,Juzgado de Primera Instancia de Valencia,ACT_EU_MS_ES,Spain,Valencia,Court of First Instance of Valencia,1,lower court,not applicable,single judge,general,not applicable
612,NAT_COURT_ES_JPII_CEU,Juzgado de Primera Instancia e Instrucción de Ceuta,ACT_EU_MS_ES,Spain,Ceuta,Court of First Instance and Instruction of Ceuta,1,lower court,not applicable,single judge,general,not applicable
613,NAT_COURT_ES_JPII_MAR,Juzgado de Primera Instancia e Instrucción de Marchena,ACT_EU_MS_ES,Spain,Marchena,Court of First Instance and Instruction of Marchena,1,lower court,not applicable,single judge,general,not applicable
614,NAT_COURT_ES_JPII_OVI,Juzgado de Primera Instancia e Instrucción de Oviedo,ACT_EU_MS_ES,Spain,Oviedo,Court of First Instance and Instruction of Oviedo,1,lower court,not applicable,single judge,general,not applicable
615,NAT_COURT_ES_JPII_OVI_1,Juzgado de Primera Instancia e Instrucción no 1 de Oviedo,ACT_EU_MS_ES,Spain,Oviedo,Court of First Instance and Instruction no 1 of Oviedo,1,lower court,not applicable,single judge,general,not applicable
616,NAT_COURT_ES_JPII_GRA_ABO_2,Juzgado de Primera Instancia e Instrucción no 2 de Granadilla de Abona,ACT_EU_MS_ES,Spain,Granadilla de Abona,Court of First Instance and Instruction no 2 of Granadilla de Abona,1,lower court,not applicable,single judge,general,not applicable
617,NAT_COURT_ES_JPII_TER_3,Juzgado de Primera Instancia e Instrucción no 3 de Teruel,ACT_EU_MS_ES,Spain,Teruel,Court of First Instance and Instruction no 3 of Teruel,1,lower court,not applicable,single judge,general,not applicable
618,NAT_COURT_ES_JPII_OVI_5,Juzgado de Primera Instancia e Instrucción no 5 de Oviedo,ACT_EU_MS_ES,Spain,Oviedo,Court of First Instance and Instruction no 5 of Oviedo,1,lower court,not applicable,single judge,general,not applicable
619,NAT_COURT_ES_JPII_SAN_JAV_5,Juzgado de Primera Instancia e Instrucción no 5 de San Javier,ACT_EU_MS_ES,Spain,San Javier,Court of First Instance and Instruction no 5 of San Javier,1,lower court,not applicable,single judge,general,not applicable
620,NAT_COURT_ES_JPI_BAR_1,Juzgado de Primera Instancia no 1 de Barcelona,ACT_EU_MS_ES,Spain,Barcelona,Court of First Instance no 1 of Barcelona,1,lower court,not applicable,single judge,general,not applicable
621,NAT_COURT_ES_JPI_SEV_10,Juzgado de Primera Instancia no 10 de Sevilla,ACT_EU_MS_ES,Spain,Sevilla,Court of First Instance no 10 of Sevilla,1,lower court,not applicable,single judge,general,not applicable
622,NAT_COURT_ES_JPI_VIG_11,Juzgado de Primera Instancia no 11 de Vigo,ACT_EU_MS_ES,Spain,Vigo,Court of First Instance no 11 of Vigo,1,lower court,not applicable,single judge,general,not applicable
623,NAT_COURT_ES_JPI_MAD_12,Juzgado de Primera Instancia no 12 de Madrid,ACT_EU_MS_ES,Spain,Madrid,Court of First Instance no 12 of Madrid,1,lower court,not applicable,single judge,general,not applicable
624,NAT_COURT_ES_JPI_PAL_MAL_17,Juzgado de Primera Instancia no 17 de Palma de Mallorca,ACT_EU_MS_ES,Spain,Palma de Mallorca,Court of First Instance no 17 of Palma de Mallorca,1,lower court,not applicable,single judge,general,not applicable
625,NAT_COURT_ES_JPI_BAD_2,Juzgado de Primera Instancia no 2 de Badajoz,ACT_EU_MS_ES,Spain,Badajoz,Court of First Instance no 2 of Badajoz,1,lower court,not applicable,single judge,general,not applicable
626,NAT_COURT_ES_JPI_FUE_2,Juzgado de Primera Instancia no 2 de Fuengirola,ACT_EU_MS_ES,Spain,Fuengirola,Court of First Instance no 2 of Fuengirola,1,lower court,not applicable,single judge,general,not applicable
627,NAT_COURT_ES_JPI_PLA_GRA_CAN_2,Juzgado de Primera Instancia no 2 de las Palmas de Gran Canaria,ACT_EU_MS_ES,Spain,Las Palmas,Court of First Instance no 2 of Las Palmas of the Grand Canaries,1,lower court,not applicable,single judge,general,not applicable
628,NAT_COURT_ES_JPI_SAN_2,Juzgado de Primera Instancia no 2 de Santander,ACT_EU_MS_ES,Spain,Santander,Court of First Instance no 2 of Santander,1,lower court,not applicable,single judge,general,not applicable
629,NAT_COURT_ES_JPI_BAR_20,Juzgado de Primera Instancia no 20 de Barcelona,ACT_EU_MS_ES,Spain,Barcelona,Court of First Instance no 20 of Barcelona,1,lower court,not applicable,single judge,general,not applicable
630,NAT_COURT_ES_JPI_BAR_35,Juzgado de Primera Instancia no 35 de Barcelona,ACT_EU_MS_ES,Spain,Barcelona,Court of First Instance no 35 of Barcelona,1,lower court,not applicable,single judge,general,not applicable
631,NAT_COURT_ES_JPI_BAR_38,Juzgado de Primera Instancia no 38 de Barcelona,ACT_EU_MS_ES,Spain,Barcelona,Court of First Instance no 38 of Barcelona,1,lower court,not applicable,single judge,general,not applicable
632,NAT_COURT_ES_JPI_BIL_4,Juzgado de Primera Instancia no 4 de Bilbao,ACT_EU_MS_ES,Spain,Bilbao,Court of First Instance no 4 of Bilbao,1,lower court,not applicable,single judge,general,not applicable
633,NAT_COURT_ES_JPI_MAR_4,Juzgado de Primera Instancia no 4 de Martorell,ACT_EU_MS_ES,Spain,Martorell,Court of First Instance no 4 of Martorell,1,lower court,not applicable,single judge,general,not applicable
634,NAT_COURT_ES_JPI_BAR_49,Juzgado de Primera Instancia no 49 de Barcelona,ACT_EU_MS_ES,Spain,Barcelona,Court of First Instance no 49 of Barcelona,1,lower court,not applicable,single judge,general,not applicable
635,NAT_COURT_ES_JPI_CAR_5,Juzgado de Primera Instancia no 5 de Cartagena,ACT_EU_MS_ES,Spain,Cartagena,Court of First Instance no 5 of Cartagena,1,lower court,not applicable,single judge,general,not applicable
636,NAT_COURT_ES_JPI_PAL_GRA_CAN_7,Juzgado de Primera Instancia no 7 de Las Palmas de Gran Canaria,ACT_EU_MS_ES,Spain,Las Palmas de Gran Canaria,Court of First Instance no 7 of Las Palmas de Gran Canaría,1,lower court,not applicable,single judge,general,not applicable
637,NAT_COURT_ES_OARCCA_EUS,Órgano Administrativo de Recursos Contractuales de la Comunidad Autónoma de Euskadi,ACT_EU_MS_ES,Spain,Vitoria-Gasteiz,Administrative Body of Contractual Appeals of the Autonomous Community of the Basque Country,0,not applicable,not available,single judge,specialized,public procurement law
638,NAT_COURT_ES_SJJVMU_TER,Secretario Judicial del Juzgado de Violencia sobre la Mujer Único de Terrassa,ACT_EU_MS_ES,Spain,Terrassa,Judicial Secretary of the Single Court of Violence against Women of Terrassa,0,not applicable,not available,single judge,specialized,gender violence law
639,NAT_COURT_ES_TCCSP,Tribunal Català de Contractes del Sector Públic,ACT_EU_MS_ES,Spain,Barcelona,Catalan Court of Public Sector Contracts,1,lower court,not applicable,single judge,specialized,public procurement law
640,NAT_COURT_ES_TCT,Tribunal Central de Trabajo,ACT_EU_MS_ES,Spain,Madrid,Central Labor Court,1,mid-level court,not applicable,panel,specialized,social law
641,NAT_COURT_ES_TC,Tribunal Constitucional,ACT_EU_MS_ES,Spain,Madrid,Constitutional Court,0,not applicable,higher court,panel,constitutional,not applicable
642,NAT_COURT_ES_TDC,Tribunal de Defensa de la Competencia,ACT_EU_MS_ES,Spain,Madrid,Competition Defense Tribunal,0,not applicable,higher court,panel,specialized,competition law
643,NAT_COURT_ES_TEAC,Tribunal Económico-Administrativo Central,ACT_EU_MS_ES,Spain,Madrid,Central Economic-Administrative Court,1,lower court,not applicable,panel,specialized,administrative law
644,NAT_COURT_ES_TEARC,Tribunal Económico-Administrativo Regional de Cataluña,ACT_EU_MS_ES,Spain,Barcelona,Regional Economic-Administrative Court of Catalonia,1,lower court,not applicable,panel,specialized,administrative law
645,NAT_COURT_ES_TSJ_AND,Tribunal Superior de Justicia de Andalucía,ACT_EU_MS_ES,Spain,Granada,"High Court of Justice of Andalusia, Ceuta and Melilla",1,mid-level court,not applicable,panel,general,not applicable
646,NAT_COURT_ES_TSJ_ARA,Tribunal Superior de Justicia de Aragón,ACT_EU_MS_ES,Spain,Zaragoza,High Court of Justice of Aragón,1,mid-level court,not applicable,panel,general,not applicable
647,NAT_COURT_ES_TSJ_AST,Tribunal Superior de Justicia de Asturias,ACT_EU_MS_ES,Spain,Oviedo,High Court of Justice of Asturias,1,mid-level court,not applicable,panel,general,not applicable
648,NAT_COURT_ES_TSJ_CANA,Tribunal Superior de Justicia de Canarias,ACT_EU_MS_ES,Spain,Las Palmas de Gran Canaria,High Court of Justice of the Canary Islands,1,mid-level court,not applicable,panel,general,not applicable
649,NAT_COURT_ES_TSJ_CANT,Tribunal Superior de Justicia de Cantabria,ACT_EU_MS_ES,Spain,Santander,High Court of Justice of Cantabria,1,mid-level court,not applicable,panel,general,not applicable
650,NAT_COURT_ES_TSJ_CAS_LEO,Tribunal Superior de Justicia de Castilla y León,ACT_EU_MS_ES,Spain,Burgos,High Court of Justice of Castilla y León,1,mid-level court,not applicable,panel,general,not applicable
651,NAT_COURT_ES_TSJ_CAS_MAN,Tribunal Superior de Justicia de Castilla-La Mancha,ACT_EU_MS_ES,Spain,Albacete,High Court of Justice of Castilla-La Mancha,1,mid-level court,not applicable,panel,general,not applicable
652,NAT_COURT_ES_TSJ_CAT,Tribunal Superior de Justicia de Cataluña,ACT_EU_MS_ES,Spain,Barcelona,High Court of Justice of Catalonia,1,mid-level court,not applicable,panel,general,not applicable
653,NAT_COURT_ES_TSJ_GAL,Tribunal Superior de Justicia de Galicia,ACT_EU_MS_ES,Spain,La Coruña,High Court of Justice of Galicia,1,mid-level court,not applicable,panel,general,not applicable
654,NAT_COURT_ES_TSJ_PAI_VAS,Tribunal Superior de Justicia de la Comunidad Autónoma del País Vasco,ACT_EU_MS_ES,Spain,Bilbao,High Court of Justice of the Basque Country,1,mid-level court,not applicable,panel,general,not applicable
655,NAT_COURT_ES_TSJ_EXT,Tribunal Superior de Justicia de la Comunidad de Extremadura,ACT_EU_MS_ES,Spain,Cáceres,High Court of Justice of Extremadura,1,mid-level court,not applicable,panel,general,not applicable
656,NAT_COURT_ES_TSJ_VAL,Tribunal Superior de Justicia de la Comunidad Valenciana,ACT_EU_MS_ES,Spain,Valencia,High Court of Justice of the Valencian Community,1,mid-level court,not applicable,panel,general,not applicable
657,NAT_COURT_ES_TSJ_MAD,Tribunal Superior de Justicia de Madrid,ACT_EU_MS_ES,Spain,Madrid,High Court of Justice of Madrid,1,mid-level court,not applicable,panel,general,not applicable
658,NAT_COURT_ES_TSJ_MUR,Tribunal Superior de Justicia de Murcia,ACT_EU_MS_ES,Spain,Murcia,High Court of Justice of the Region of Murcia,1,mid-level court,not applicable,panel,general,not applicable
659,NAT_COURT_ES_TS,Tribunal Supremo,ACT_EU_MS_ES,Spain,Madrid,Supreme Court,1,higher court,not applicable,panel,general,not applicable
660,NAT_COURT_FI_FD_ALA,Ålands förvaltningsdomstol,ACT_EU_MS_FI,Finland,Mariehamn,Administrative Court of the Åland Autonomous Region,1,lower court,not applicable,panel,administrative,not applicable
661,NAT_COURT_FI_HLO_HEL,Helsingin hallinto-oikeus,ACT_EU_MS_FI,Finland,Helsinki,Administrative Court of Helsinki,1,lower court,not applicable,panel,administrative,not applicable
662,NAT_COURT_FI_HVO_HEL,Helsingin hovioikeus,ACT_EU_MS_FI,Finland,Helsinki,Court of Appeal of Helsinki,1,mid-level court,not applicable,panel,general,not applicable
663,NAT_COURT_FI_KO_HEL,Helsingin käräjäoikeus,ACT_EU_MS_FI,Finland,Helsinki,District Court of Helsinki,1,lower court,not applicable,mixed,general,not applicable
664,NAT_COURT_FI_HO_ITA_SOU,Itä-Suomen hallinto-oikeus,ACT_EU_MS_FI,Finland,Kuopio,Administrative Court of Eastern Finland,1,lower court,not applicable,panel,administrative,not applicable
665,NAT_COURT_FI_KN,Kilpailuneuvosto,ACT_EU_MS_FI,Finland,Helsinki,Competition Authority,1,lower court,not applicable,panel,specialized,competition law
666,NAT_COURT_FI_KHO,Korkein hallinto-oikeus,ACT_EU_MS_FI,Finland,Helsinki,Supreme Administrative Court,1,higher court,not applicable,panel,administrative,not applicable
667,NAT_COURT_FI_KO,Korkein oikeus,ACT_EU_MS_FI,Finland,Helsinki,Supreme Court,1,higher court,not applicable,panel,general,not applicable
668,NAT_COURT_FI_HO_KUO,Kuopion hallinto-oikeus,ACT_EU_MS_FI,Finland,Kuopio,Administrative Court of Kuopio,1,lower court,not applicable,panel,administrative,not applicable
669,NAT_COURT_FI_MVL,Maaseutuelinkeinojen valituslautakunta,ACT_EU_MS_FI,Finland,Helsinki,Rural Business Appeals Board,1,lower court,not applicable,panel,specialized,agricultural law
670,NAT_COURT_FI_MO,Markkinaoikeus,ACT_EU_MS_FI,Finland,Helsinki,Market Court,1,lower court,not applicable,panel,specialized,commercial law; intellectual property law
671,NAT_COURT_FI_TR_PAR,Pargas tingsrätt,ACT_EU_MS_FI,Finland,Pargas,District Court of Pargas,1,lower court,not applicable,mixed,general,not applicable
672,NAT_COURT_FI_HO_ROV,Rovaniemen hallinto-oikeus,ACT_EU_MS_FI,Finland,Rovaniemi,Administrative Court of Rovaniemi,1,lower court,not applicable,panel,administrative,not applicable
673,NAT_COURT_FI_KO_SAT,Satakunnan käräjäoikeus,ACT_EU_MS_FI,Finland,Satakunta,District Court of Satakunta,1,lower court,not applicable,mixed,general,not applicable
674,NAT_COURT_FI_KO_TAM,Tampereen käräjäoikeus,ACT_EU_MS_FI,Finland,Tampere,District Court of Tampere,1,lower court,not applicable,mixed,general,not applicable
675,NAT_COURT_FI_TL,Tarkastuslautakunta,ACT_EU_MS_FI,Finland,Helsinki,Audit Board - Social Security Appeals Commission,1,lower court,not applicable,panel,specialized,social security law
676,NAT_COURT_FI_TT,Työtuomioistuin,ACT_EU_MS_FI,Finland,Helsinki,Labour Court,0,not applicable,lower court,panel,specialized,labor law
677,NAT_COURT_FI_ULO,Uudenmaan lääninoikeus,ACT_EU_MS_FI,Finland,Helsinki,County Court of Uusimaa,1,lower court,not applicable,panel,administrative,not applicable
678,NAT_COURT_FI_HO_VAA,Vaasan hovioikeus,ACT_EU_MS_FI,Finland,Vaasa,Court of Appeal of Vaasa,1,mid-level court,not applicable,panel,general,not applicable
679,NAT_COURT_FI_VO,Vakuutusoikeus,ACT_EU_MS_FI,Finland,Helsinki,Insurance Court,1,higher court,not applicable,panel,specialized,social security law
680,NAT_COURT_FI_KO_VAN,Vantaan käräjäoikeus,ACT_EU_MS_FI,Finland,Vantaa,District Court of Vantaa,1,lower court,not applicable,mixed,general,not applicable
681,NAT_COURT_FR_CPICSS_ALP_MAR,Commission de première instance du contentieux de la sécurité sociale des Alpes-Maritimes,ACT_EU_MS_FR,France,not available,Social Security Litigation First Instance Commission of the Alpes Maritimes,1,lower court,not applicable,panel,specialized,social security law
682,NAT_COURT_FR_CPICSS_HAU_SEI,Commission de première instance du contentieux de la sécurité sociale des Hauts-de-Seine,ACT_EU_MS_FR,France,not available,Social Security Litigation First Instance Commission of the Hauts-de-Seine,1,lower court,not applicable,panel,specialized,social security law
683,NAT_COURT_FR_CPICSSMSA_PAR,Commission de première instance du contentieux de la sécurité sociale et de la mutualité sociale agricole de Paris,ACT_EU_MS_FR,France,Paris,Social Security and Agricultural Social Mutuality Litigation First Instance Commission of Paris,1,lower court,not applicable,panel,specialized,social security law
684,NAT_COURT_FR_CPICSSMSA_BAS_RHI,Commission de première instance du contentieux de la sécurité sociale et de la mutualité sociale agricole du Bas-Rhin,ACT_EU_MS_FR,France,not available,Social Security and Agricultural Social Mutuality Litigation First Instance Commission of Bas-Rhin,1,lower court,not applicable,panel,specialized,social security law
685,NAT_COURT_FR_CCON,Conseil constitutionnel,ACT_EU_MS_FR,France,Paris,Constitutional Council,0,not applicable,higher court,panel,constitutional,not applicable
686,NAT_COURT_FR_CE,Conseil d'État,ACT_EU_MS_FR,France,Paris,Council of State,1,higher court,not applicable,panel,administrative,not applicable
687,NAT_COURT_FR_CP_AGE,Conseil de prud'hommes d'Agen,ACT_EU_MS_FR,France,Agen,Employment Tribunal of Agen,1,lower court,not applicable,panel,specialized,labor law
688,NAT_COURT_FR_CP_MET,Conseil de prud'hommes de Metz,ACT_EU_MS_FR,France,Metz,Employment Tribunal of Metz,1,lower court,not applicable,panel,specialized,labor law
689,NAT_COURT_FR_CP_PAR,Conseil de prud'hommes de Paris,ACT_EU_MS_FR,France,Paris,Employment Tribunal of Paris,1,lower court,not applicable,panel,specialized,labor law
690,NAT_COURT_FR_CP_HAV,Conseil de prud'hommes du Havre,ACT_EU_MS_FR,France,Le Havre,Employment Tribunal of Le Havre,1,lower court,not applicable,panel,specialized,labor law
691,NAT_COURT_FR_CAA_DOU,Cour administrative d'appel de Douai,ACT_EU_MS_FR,France,Douai,Administrative Court of Appeal of Douai,1,mid-level court,not applicable,panel,administrative,not applicable
692,NAT_COURT_FR_CAA_LYO,Cour administrative d'appel de Lyon,ACT_EU_MS_FR,France,Lyon,Administrative Court of Appeal of Lyon,1,mid-level court,not applicable,panel,administrative,not applicable
693,NAT_COURT_FR_CAA_NANC,Cour administrative d'appel de Nancy,ACT_EU_MS_FR,France,Nancy,Administrative Court of Appeal of Nancy,1,mid-level court,not applicable,panel,administrative,not applicable
694,NAT_COURT_FR_CAA_NANT,Cour administrative d'appel de Nantes,ACT_EU_MS_FR,France,Nantes,Administrative Court of Appeal of Nantes,1,mid-level court,not applicable,panel,administrative,not applicable
695,NAT_COURT_FR_CAA_VER,Cour administrative d'appel de Versailles,ACT_EU_MS_FR,France,Versailles,Administrative Court of Appeal of Versailles,1,mid-level court,not applicable,panel,administrative,not applicable
696,NAT_COURT_FR_CA_AIX_PRO,Cour d'appel d'Aix-en-Provence,ACT_EU_MS_FR,France,Aix-en-Provence,Court of Appeal of Aix-en-Provence,1,mid-level court,not applicable,panel,general,not applicable
697,NAT_COURT_FR_CA_AMI,Cour d'appel d'Amiens,ACT_EU_MS_FR,France,Amiens,Court of Appeal of Amiens,1,mid-level court,not applicable,panel,general,not applicable
698,NAT_COURT_FR_CA_ORL,Cour d'appel d'Orléans,ACT_EU_MS_FR,France,Orléans,Court of Appeal of Orléans,1,mid-level court,not applicable,panel,general,not applicable
699,NAT_COURT_FR_CA_BOR,Cour d'appel de Bordeaux,ACT_EU_MS_FR,France,Bordeaux,Court of Appeal of Bordeaux,1,mid-level court,not applicable,panel,general,not applicable
700,NAT_COURT_FR_CA_BOU,Cour d'appel de Bourges,ACT_EU_MS_FR,France,Bourges,Court of Appeal of Bourges,1,mid-level court,not applicable,panel,general,not applicable
701,NAT_COURT_FR_CA_CHA,Cour d'appel de Chambéry,ACT_EU_MS_FR,France,Chambéry,Court of Appeal of Chambéry,1,mid-level court,not applicable,panel,general,not applicable
702,NAT_COURT_FR_CA_COL,Cour d'appel de Colmar,ACT_EU_MS_FR,France,Colmar,Court of Appeal of Colmar,1,mid-level court,not applicable,panel,general,not applicable
703,NAT_COURT_FR_CA_DOU,Cour d'appel de Douai,ACT_EU_MS_FR,France,Douai,Court of Appeal of Douai,1,mid-level court,not applicable,panel,general,not applicable
704,NAT_COURT_FR_CA_GRE,Cour d'appel de Grenoble,ACT_EU_MS_FR,France,Grenoble,Court of Appeal of Grenoble,1,mid-level court,not applicable,panel,general,not applicable
705,NAT_COURT_FR_CA_LYO,Cour d'appel de Lyon,ACT_EU_MS_FR,France,Lyon,Court of Appeal of Lyon,1,mid-level court,not applicable,panel,general,not applicable
706,NAT_COURT_FR_CA_MET,Cour d'appel de Metz,ACT_EU_MS_FR,France,Metz,Court of Appeal of Metz,1,mid-level court,not applicable,panel,general,not applicable
707,NAT_COURT_FR_CA_MON,Cour d'appel de Montpellier,ACT_EU_MS_FR,France,Montpellier,Court of Appeal of Montpellier,1,mid-level court,not applicable,panel,general,not applicable
708,NAT_COURT_FR_CA_NAN,Cour d'appel de Nancy,ACT_EU_MS_FR,France,Nancy,Court of Appeal of Nancy,1,mid-level court,not applicable,panel,general,not applicable
709,NAT_COURT_FR_CA_PAR,Cour d'appel de Paris,ACT_EU_MS_FR,France,Paris,Court of Appeal of Paris,1,mid-level court,not applicable,panel,general,not applicable
710,NAT_COURT_FR_CA_PAU,Cour d'appel de Pau,ACT_EU_MS_FR,France,Pau,Court of Appeal of Pau,1,mid-level court,not applicable,panel,general,not applicable
711,NAT_COURT_FR_CA_POI,Cour d'appel de Poitiers,ACT_EU_MS_FR,France,Poitiers,Court of Appeal of Poitiers,1,mid-level court,not applicable,panel,general,not applicable
712,NAT_COURT_FR_CA_REN,Cour d'appel de Rennes,ACT_EU_MS_FR,France,Rennes,Court of Appeal of Rennes,1,mid-level court,not applicable,panel,general,not applicable
713,NAT_COURT_FR_CA_ROU,Cour d'appel de Rouen,ACT_EU_MS_FR,France,Rouen,Court of Appeal of Rouen,1,mid-level court,not applicable,panel,general,not applicable
714,NAT_COURT_FR_CA_SDLR,Cour d'appel de Saint-Denis de La Réunion,ACT_EU_MS_FR,France,Saint-Denis,Court of Appeal of Saint-Denis,1,mid-level court,not applicable,panel,general,not applicable
715,NAT_COURT_FR_CA_TOU,Cour d'appel de Toulouse,ACT_EU_MS_FR,France,Toulouse,Court of Appeal of Toulouse,1,mid-level court,not applicable,panel,general,not applicable
716,NAT_COURT_FR_CA_VER,Cour d'appel de Versailles,ACT_EU_MS_FR,France,Versailles,Court of Appeal of Versailles,1,mid-level court,not applicable,panel,general,not applicable
717,NAT_COURT_FR_CCASS,Cour de cassation,ACT_EU_MS_FR,France,Paris,Court of Cassation,1,higher court,not applicable,panel,general,not applicable
718,NAT_COURT_FR_TA_AMI,Tribunal administratif d'Amiens,ACT_EU_MS_FR,France,Amiens,Administrative Court of Amiens,1,lower court,not applicable,panel,administrative,not applicable
719,NAT_COURT_FR_TA_ORL,Tribunal administratif d'Orléans,ACT_EU_MS_FR,France,Orléans,Administrative Court of Orléans,1,lower court,not applicable,panel,administrative,not applicable
720,NAT_COURT_FR_TA_CHA_CHA,Tribunal administratif de Châlons-en-Champagne,ACT_EU_MS_FR,France,Châlons-en-Champagne,Administrative Court of Châlons-en-Champagne,1,lower court,not applicable,panel,administrative,not applicable
721,NAT_COURT_FR_TA_CHA_MAR,Tribunal administratif de Châlons-sur-Marne,ACT_EU_MS_FR,France,Châlons-sur-Marne,Administrative Court of Châlons-sur-Marne,1,lower court,not applicable,panel,administrative,not applicable
722,NAT_COURT_FR_TA_DIJ,Tribunal administratif de Dijon,ACT_EU_MS_FR,France,Dijon,Administrative Court of Dijon,1,lower court,not applicable,panel,administrative,not applicable
723,NAT_COURT_FR_TA_GRE,Tribunal administratif de Grenoble,ACT_EU_MS_FR,France,Grenoble,Administrative Court of Grenoble,1,lower court,not applicable,panel,administrative,not applicable
724,NAT_COURT_FR_TA_LIL,Tribunal administratif de Lille,ACT_EU_MS_FR,France,Lille,Administrative Court of Lille,1,lower court,not applicable,panel,administrative,not applicable
725,NAT_COURT_FR_TA_LIM,Tribunal administratif de Limoges,ACT_EU_MS_FR,France,Limoges,Administrative Court of Limoges,1,lower court,not applicable,panel,administrative,not applicable
726,NAT_COURT_FR_TA_LYO,Tribunal administratif de Lyon,ACT_EU_MS_FR,France,Lyon,Administrative Court of Lyon,1,lower court,not applicable,panel,administrative,not applicable
727,NAT_COURT_FR_TA_MEL,Tribunal administratif de Melun,ACT_EU_MS_FR,France,Melun,Administrative Court of Melun,1,lower court,not applicable,panel,administrative,not applicable
728,NAT_COURT_FR_TA_MON,Tribunal administratif de Montreuil,ACT_EU_MS_FR,France,Montreuil,Administrative Court of Montreuil,1,lower court,not applicable,panel,administrative,not applicable
729,NAT_COURT_FR_TA_NANC,Tribunal administratif de Nancy,ACT_EU_MS_FR,France,Nancy,Administrative Court of Nancy,1,lower court,not applicable,panel,administrative,not applicable
730,NAT_COURT_FR_TA_NANT,Tribunal administratif de Nantes,ACT_EU_MS_FR,France,Nantes,Administrative Court of Nantes,1,lower court,not applicable,panel,administrative,not applicable
731,NAT_COURT_FR_TA_PAP,Tribunal administratif de Papeete,ACT_EU_MS_FR,France,Papeete,Administrative Court of Papeete,1,lower court,not applicable,panel,administrative,not applicable
732,NAT_COURT_FR_TA_PAR,Tribunal administratif de Paris,ACT_EU_MS_FR,France,Paris,Administrative Court of Paris,1,lower court,not applicable,panel,administrative,not applicable
733,NAT_COURT_FR_TA_PAU,Tribunal administratif de Pau,ACT_EU_MS_FR,France,Pau,Administrative Court of Pau,1,lower court,not applicable,panel,administrative,not applicable
734,NAT_COURT_FR_TA_REN,Tribunal administratif de Rennes,ACT_EU_MS_FR,France,Rennes,Administrative Court of Rennes,1,lower court,not applicable,panel,administrative,not applicable
735,NAT_COURT_FR_TA_ROU,Tribunal administratif de Rouen,ACT_EU_MS_FR,France,Rouen,Administrative Court of Rouen,1,lower court,not applicable,panel,administrative,not applicable
736,NAT_COURT_FR_TA_SDLR,Tribunal administratif de Saint-Denis de La Réunion,ACT_EU_MS_FR,France,Saint-Denis,Administrative Court of Saint-Denis,1,lower court,not applicable,panel,administrative,not applicable
737,NAT_COURT_FR_TA_STR,Tribunal administratif de Strasbourg,ACT_EU_MS_FR,France,Strasbourg,Administrative Court of Strasbourg,1,lower court,not applicable,panel,administrative,not applicable
738,NAT_COURT_FR_TA_VER,Tribunal administratif de Versailles,ACT_EU_MS_FR,France,Versailles,Administrative Court of Versailles,1,lower court,not applicable,panel,administrative,not applicable
739,NAT_COURT_FR_TCR_BES,Tribunal correctionnel de Besançon,ACT_EU_MS_FR,France,Besançon,Criminal Court of Besançon,1,lower court,not applicable,panel,specialized,criminal law
740,NAT_COURT_FR_TCR_CAR,Tribunal correctionnel de Carcassonne,ACT_EU_MS_FR,France,Carcassonne,Criminal Court of Carcassonne,1,lower court,not applicable,panel,specialized,criminal law
741,NAT_COURT_FR_TCR_FOI,Tribunal correctionnel de Foix,ACT_EU_MS_FR,France,Foix,Criminal Court of Foix,1,lower court,not applicable,panel,specialized,criminal law
742,NAT_COURT_FR_TCR_MON,Tribunal correctionnel de Montpellier,ACT_EU_MS_FR,France,Montpellier,Criminal Court of Montpellier,1,lower court,not applicable,panel,specialized,criminal law
743,NAT_COURT_FR_TCR_VIL,Tribunal correctionnel de Villefranche-sur-Saône,ACT_EU_MS_FR,France,Villefranche-sur-Saône,Criminal Court of Villefranche-sur-Saône,1,lower court,not applicable,panel,specialized,criminal law
744,NAT_COURT_FR_TI_AUL_BOI,Tribunal d'instance d'Aulnay-sous-Bois,ACT_EU_MS_FR,France,Aulnay-sous-Bois,District Court of Aulany-sous-Bois,1,lower court,not applicable,single judge,general,not applicable
745,NAT_COURT_FR_TI_ORL,Tribunal d'instance d'Orléans,ACT_EU_MS_FR,France,Orléans,District Court of Orléans,1,lower court,not applicable,single judge,general,not applicable
746,NAT_COURT_FR_TI_BET,Tribunal d'instance de Béthune,ACT_EU_MS_FR,France,Béthune,District Court of Béthune,1,lower court,not applicable,single judge,general,not applicable
747,NAT_COURT_FR_TI_BEZ,Tribunal d'instance de Béziers,ACT_EU_MS_FR,France,Béziers,District Court of Béziers,1,lower court,not applicable,single judge,general,not applicable
748,NAT_COURT_FR_TI_BOR,Tribunal d'instance de Bordeaux,ACT_EU_MS_FR,France,Bordeaux,District Court of Bordeaux,1,lower court,not applicable,single judge,general,not applicable
749,NAT_COURT_FR_TI_BOU,Tribunal d'instance de Bourg-en-Bresse,ACT_EU_MS_FR,France,Bourg-en-Bresse,District Court of Bourg-en-Bresse,1,lower court,not applicable,single judge,general,not applicable
750,NAT_COURT_FR_TI_BRE,Tribunal d'instance de Bressuire,ACT_EU_MS_FR,France,Bressuire,District Court of Bressuire,1,lower court,not applicable,single judge,general,not applicable
751,NAT_COURT_FR_TI_LAG_MAR,Tribunal d'instance de Lagny-sur-Marne,ACT_EU_MS_FR,France,Lagny-sur-Marne,District Court of Lagny-sur-Marne,1,lower court,not applicable,single judge,general,not applicable
752,NAT_COURT_FR_TI_LIL,Tribunal d'instance de Lille,ACT_EU_MS_FR,France,Lille,District Court of Lille,1,lower court,not applicable,single judge,general,not applicable
753,NAT_COURT_FR_TI_MET,Tribunal d'instance de Metz,ACT_EU_MS_FR,France,Metz,District Court of Metz,1,lower court,not applicable,single judge,general,not applicable
754,NAT_COURT_FR_TI_PAR,Tribunal d'instance de Paris,ACT_EU_MS_FR,France,Paris,District Court of Paris,1,lower court,not applicable,single judge,general,not applicable
755,NAT_COURT_FR_TI_PAR_11,Tribunal d'instance de Paris (11ème arrondissement),ACT_EU_MS_FR,France,Paris,District Court of Paris (11th District),1,lower court,not applicable,single judge,general,not applicable
756,NAT_COURT_FR_TI_PAR_12,Tribunal d'instance de Paris (12ème arrondissement),ACT_EU_MS_FR,France,Paris,District Court of Paris (12th District),1,lower court,not applicable,single judge,general,not applicable
757,NAT_COURT_FR_TI_PAR_1,Tribunal d'instance de Paris (1er arrondissement),ACT_EU_MS_FR,France,Paris,District Court of Paris (1st District),1,lower court,not applicable,single judge,general,not applicable
758,NAT_COURT_FR_TI_PAR_5,Tribunal d'instance de Paris (5ème arrondissement),ACT_EU_MS_FR,France,Paris,District Court of Paris (5th District),1,lower court,not applicable,single judge,general,not applicable
759,NAT_COURT_FR_TI_PAR_7,Tribunal d'instance de Paris (7ème arrondissement),ACT_EU_MS_FR,France,Paris,District Court of Paris (7th District),1,lower court,not applicable,single judge,general,not applicable
760,NAT_COURT_FR_TI_ROU,Tribunal d'instance de Roubaix,ACT_EU_MS_FR,France,Roubaix,District Court of Roubaix,1,lower court,not applicable,single judge,general,not applicable
761,NAT_COURT_FR_TI_SDLR,Tribunal d'instance de Saint-Denis de La Réunion,ACT_EU_MS_FR,France,Saint-Denis,District Court of Saint-Denis,1,lower court,not applicable,single judge,general,not applicable
762,NAT_COURT_FR_TI_SAI,Tribunal d'instance de Saintes,ACT_EU_MS_FR,France,Saintes,District Court of Saintes,1,lower court,not applicable,single judge,general,not applicable
763,NAT_COURT_FR_TI_VAL,Tribunal d'instance de Valenciennes,ACT_EU_MS_FR,France,Valenciennes,District Court of Valenciennes,1,lower court,not applicable,single judge,general,not applicable
764,NAT_COURT_FR_TI_VIE,Tribunal d'instance de Vienne,ACT_EU_MS_FR,France,Vienne,District Court of Vienne,1,lower court,not applicable,single judge,general,not applicable
765,NAT_COURT_FR_TI_MAN,Tribunal d'instance du Mans,ACT_EU_MS_FR,France,Le Mans,District Court of Le Mans,1,lower court,not applicable,single judge,general,not applicable
766,NAT_COURT_FR_TCM_ALB,Tribunal de commerce d'Albi,ACT_EU_MS_FR,France,Albi,Commercial Court of Albi,1,lower court,not applicable,panel,specialized,commercial law
767,NAT_COURT_FR_TCM_BOU_BRE,Tribunal de commerce de Bourg-en-Bresse,ACT_EU_MS_FR,France,Bourg-en-Bresse,Commercial Court of Bourg-en-Bresse,1,lower court,not applicable,panel,specialized,commercial law
768,NAT_COURT_FR_TCM_BOU,Tribunal de commerce de Bourges,ACT_EU_MS_FR,France,Bourges,Commercial Court of Bourges,1,lower court,not applicable,panel,specialized,commercial law
769,NAT_COURT_FR_TCM_AIG,Tribunal de commerce de L'Aigle,ACT_EU_MS_FR,France,L'Aigle,Commercial Court of L'Aigle,1,lower court,not applicable,panel,specialized,commercial law
770,NAT_COURT_FR_TCM_ROC_YON,Tribunal de commerce de La Roche-sur-Yon,ACT_EU_MS_FR,France,La Roche-sur-Yon,Commercial Court of La Roche-sur-Yon,1,lower court,not applicable,panel,specialized,commercial law
771,NAT_COURT_FR_TCM_LYO,Tribunal de commerce de Lyon,ACT_EU_MS_FR,France,Lyon,Commercial Court of Lyon,1,lower court,not applicable,panel,specialized,commercial law
772,NAT_COURT_FR_TCM_MEL,Tribunal de commerce de Melun,ACT_EU_MS_FR,France,Melun,Commercial Court of Melun,1,lower court,not applicable,panel,specialized,commercial law
773,NAT_COURT_FR_TCM_NIC,Tribunal de commerce de Nice,ACT_EU_MS_FR,France,Nice,Commercial Court of Nice,1,lower court,not applicable,panel,specialized,commercial law
774,NAT_COURT_FR_TCM_PAR,Tribunal de commerce de Paris,ACT_EU_MS_FR,France,Paris,Commercial Court of Paris,1,lower court,not applicable,panel,specialized,commercial law
775,NAT_COURT_FR_TCM_PON,Tribunal de commerce de Pontoise,ACT_EU_MS_FR,France,Pontoise,Commercial Court of Pontoise,1,lower court,not applicable,panel,specialized,commercial law
776,NAT_COURT_FR_TCM_QUI,Tribunal de commerce de Quimper,ACT_EU_MS_FR,France,Quimper,Commercial Court of Quimper,1,lower court,not applicable,panel,specialized,commercial law
777,NAT_COURT_FR_TCM_TOU,Tribunal de commerce de Toulouse,ACT_EU_MS_FR,France,Toulouse,Commercial Court of Toulouse,1,lower court,not applicable,panel,specialized,commercial law
778,NAT_COURT_FR_TCM_VER,Tribunal de commerce de Versailles,ACT_EU_MS_FR,France,Versailles,Commercial Court of Versailles,1,lower court,not applicable,panel,specialized,commercial law
779,NAT_COURT_FR_TGI_AGE,Tribunal de grande instance d'Agen,ACT_EU_MS_FR,France,Agen,Regional Court of Agen,1,lower court,not applicable,panel,general,not applicable
780,NAT_COURT_FR_TGI_ALE,Tribunal de grande instance d'Alençon,ACT_EU_MS_FR,France,Alençon,Regional Court of Alençon,1,lower court,not applicable,panel,general,not applicable
781,NAT_COURT_FR_TGI_ARG,Tribunal de grande instance d'Argentan,ACT_EU_MS_FR,France,Argentan,Regional Court of Argentan,1,lower court,not applicable,panel,general,not applicable
782,NAT_COURT_FR_TGI_AVI,Tribunal de grande instance d'Avignon,ACT_EU_MS_FR,France,Avignon,Regional Court of Avignon,1,lower court,not applicable,panel,general,not applicable
783,NAT_COURT_FR_TGI_ORL,Tribunal de grande instance d'Orléans,ACT_EU_MS_FR,France,Orléans,Regional Court of Orléans,1,lower court,not applicable,panel,general,not applicable
784,NAT_COURT_FR_TGI_BAY,Tribunal de grande instance de Bayonne,ACT_EU_MS_FR,France,Bayonne,Regional Court of Bayonne,1,lower court,not applicable,panel,general,not applicable
785,NAT_COURT_FR_TGI_BEL,Tribunal de grande instance de Belfort,ACT_EU_MS_FR,France,Belfort,Regional Court of Belfort,1,lower court,not applicable,panel,general,not applicable
786,NAT_COURT_FR_TGI_BER,Tribunal de grande instance de Bergerac,ACT_EU_MS_FR,France,Bergerac,Regional Court of Bergerac,1,lower court,not applicable,panel,general,not applicable
787,NAT_COURT_FR_TGI_BET,Tribunal de grande instance de Béthune,ACT_EU_MS_FR,France,Béthune,Regional Court of Béthune,1,lower court,not applicable,panel,general,not applicable
788,NAT_COURT_FR_TGI_BOB,Tribunal de grande instance de Bobigny,ACT_EU_MS_FR,France,Bobigny,Regional Court of Bobigny,1,lower court,not applicable,panel,general,not applicable
789,NAT_COURT_FR_TGI_BRI,Tribunal de grande instance de Briey,ACT_EU_MS_FR,France,Briey,Regional Court of Briey,1,lower court,not applicable,panel,general,not applicable
790,NAT_COURT_FR_TGI_BRI_GAI,Tribunal de grande instance de Brive-la-Gaillarde,ACT_EU_MS_FR,France,Brive-la-Gaillarde,Regional Court of Brive-la-Gaillarde,1,lower court,not applicable,panel,general,not applicable
791,NAT_COURT_FR_TGI_CAE,Tribunal de grande instance de Caen,ACT_EU_MS_FR,France,Caen,Regional Court of Caen,1,lower court,not applicable,panel,general,not applicable
792,NAT_COURT_FR_TGI_CHA_MEZ,Tribunal de grande instance de Charleville-Mézières,ACT_EU_MS_FR,France,Charleville-Mézières,Regional Court of Charleville-Mézières,1,lower court,not applicable,panel,general,not applicable
793,NAT_COURT_FR_TGI_CHA,Tribunal de grande instance de Chartres,ACT_EU_MS_FR,France,Chartres,Regional Court of Chartres,1,lower court,not applicable,panel,general,not applicable
794,NAT_COURT_FR_TGI_COL,Tribunal de grande instance de Colmar,ACT_EU_MS_FR,France,Colmar,Regional Court of Colmar,1,lower court,not applicable,panel,general,not applicable
795,NAT_COURT_FR_TGI_COU,Tribunal de grande instance de Coutances,ACT_EU_MS_FR,France,Coutances,Regional Court of Coutances,1,lower court,not applicable,panel,general,not applicable
796,NAT_COURT_FR_TGI_CRE,Tribunal de grande instance de Créteil,ACT_EU_MS_FR,France,Créteil,Regional Court of Créteil,1,lower court,not applicable,panel,general,not applicable
797,NAT_COURT_FR_TGI_DAX,Tribunal de grande instance de Dax,ACT_EU_MS_FR,France,Dax,Regional Court of Dax,1,lower court,not applicable,panel,general,not applicable
798,NAT_COURT_FR_TGI_DIJ,Tribunal de grande instance de Dijon,ACT_EU_MS_FR,France,Dijon,Regional Court of Dijon,1,lower court,not applicable,panel,general,not applicable
799,NAT_COURT_FR_TGI_DIN,Tribunal de grande instance de Dinan,ACT_EU_MS_FR,France,Dinan,Regional Court of Dinan,1,lower court,not applicable,panel,general,not applicable
800,NAT_COURT_FR_TGI_FOI,Tribunal de grande instance de Foix,ACT_EU_MS_FR,France,Foix,Regional Court of Foix,1,lower court,not applicable,panel,general,not applicable
801,NAT_COURT_FR_TGI_GRA,Tribunal de grande instance de Grasse,ACT_EU_MS_FR,France,Grasse,Regional Court of Grasse,1,lower court,not applicable,panel,general,not applicable
802,NAT_COURT_FR_TGI_GRE,Tribunal de grande instance de Grenoble,ACT_EU_MS_FR,France,Grenoble,Regional Court of Grenoble,1,lower court,not applicable,panel,general,not applicable
803,NAT_COURT_FR_TGI_ROC_YON,Tribunal de grande instance de La Roche-sur-Yon,ACT_EU_MS_FR,France,La Roche-sur-Yon,Regional Court of La Roche-sur-Yon,1,lower court,not applicable,panel,general,not applicable
804,NAT_COURT_FR_TGI_LIB,Tribunal de grande instance de Libourne,ACT_EU_MS_FR,France,Libourne,Regional Court of Liboume,1,lower court,not applicable,panel,general,not applicable
805,NAT_COURT_FR_TGI_LIL,Tribunal de grande instance de Lille,ACT_EU_MS_FR,France,Lille,Regional Court of Lille,1,lower court,not applicable,panel,general,not applicable
806,NAT_COURT_FR_TGI_LUR,Tribunal de grande instance de Lure,ACT_EU_MS_FR,France,Lure,Regional Court of Lure,1,lower court,not applicable,panel,general,not applicable
807,NAT_COURT_FR_TGI_LYO,Tribunal de grande instance de Lyon,ACT_EU_MS_FR,France,Lyon,Regional Court of Lyon,1,lower court,not applicable,panel,general,not applicable
808,NAT_COURT_FR_TGI_MAC,Tribunal de grande instance de Mâcon,ACT_EU_MS_FR,France,Mâcon,Regional Court of Mâcon,1,lower court,not applicable,panel,general,not applicable
809,NAT_COURT_FR_TGI_MAR,Tribunal de grande instance de Marseille,ACT_EU_MS_FR,France,Marseille,Regional Court of Marseille,1,lower court,not applicable,panel,general,not applicable
810,NAT_COURT_FR_TGI_MEA,Tribunal de grande instance de Meaux,ACT_EU_MS_FR,France,Meaux,Regional Court of Meaux,1,lower court,not applicable,panel,general,not applicable
811,NAT_COURT_FR_TGI_MET,Tribunal de grande instance de Metz,ACT_EU_MS_FR,France,Metz,Regional Court of Metz,1,lower court,not applicable,panel,general,not applicable
812,NAT_COURT_FR_TGI_MON,Tribunal de grande instance de Montpellier,ACT_EU_MS_FR,France,Montpellier,Regional Court of Montpellier,1,lower court,not applicable,panel,general,not applicable
813,NAT_COURT_FR_TGI_MOR,Tribunal de grande instance de Morlaix,ACT_EU_MS_FR,France,Morlaix,Regional Court of Morlaix,1,lower court,not applicable,panel,general,not applicable
814,NAT_COURT_FR_TGI_MUL,Tribunal de grande instance de Mulhouse,ACT_EU_MS_FR,France,Mulhouse,Regional Court of Mulhouse,1,lower court,not applicable,panel,general,not applicable
815,NAT_COURT_FR_TGI_NANCY,Tribunal de grande instance de Nancy,ACT_EU_MS_FR,France,Nancy,Regional Court of Nancy,1,lower court,not applicable,panel,general,not applicable
816,NAT_COURT_FR_TGI_NANTER,Tribunal de grande instance de Nanterre,ACT_EU_MS_FR,France,Nanterre,Regional Court of Nanterre,1,lower court,not applicable,panel,general,not applicable
817,NAT_COURT_FR_TGI_NANTES,Tribunal de grande instance de Nantes,ACT_EU_MS_FR,France,Nantes,Regional Court of Nantes,1,lower court,not applicable,panel,general,not applicable
818,NAT_COURT_FR_TGI_NIC,Tribunal de grande instance de Nice,ACT_EU_MS_FR,France,Nice,Regional Court of Nice,1,lower court,not applicable,panel,general,not applicable
819,NAT_COURT_FR_TGI_NIM,Tribunal de grande instance de Nîmes,ACT_EU_MS_FR,France,Nîmes,Regional Court of Nîmes,1,lower court,not applicable,panel,general,not applicable
820,NAT_COURT_FR_TGI_PAR,Tribunal de grande instance de Paris,ACT_EU_MS_FR,France,Paris,Regional Court of Paris,1,lower court,not applicable,panel,general,not applicable
821,NAT_COURT_FR_TGI_PAU,Tribunal de grande instance de Pau,ACT_EU_MS_FR,France,Pau,Regional Court of Pau,1,lower court,not applicable,panel,general,not applicable
822,NAT_COURT_FR_TGI_PERI,Tribunal de grande instance de Périgueux,ACT_EU_MS_FR,France,Périgueux,Regional Court of Périgueux,1,lower court,not applicable,panel,general,not applicable
823,NAT_COURT_FR_TGI_PERP,Tribunal de grande instance de Perpignan,ACT_EU_MS_FR,France,Perpignan,Regional Court of Perpignan,1,lower court,not applicable,panel,general,not applicable
824,NAT_COURT_FR_TGI_POI,Tribunal de grande instance de Poitiers,ACT_EU_MS_FR,France,Poitiers,Regional Court of Poitiers,1,lower court,not applicable,panel,general,not applicable
825,NAT_COURT_FR_TGI_QUI,Tribunal de grande instance de Quimper,ACT_EU_MS_FR,France,Quimper,Regional Court of Quimper,1,lower court,not applicable,panel,general,not applicable
826,NAT_COURT_FR_TGI_REI,Tribunal de grande instance de Reims,ACT_EU_MS_FR,France,Reims,Regional Court of Reims,1,lower court,not applicable,panel,general,not applicable
827,NAT_COURT_FR_TGI_REN,Tribunal de grande instance de Rennes,ACT_EU_MS_FR,France,rennes,Regional Court of Rennes,1,lower court,not applicable,panel,general,not applicable
828,NAT_COURT_FR_TGI_SAI_BRI,Tribunal de grande instance de Saint-Brieuc,ACT_EU_MS_FR,France,Saint-Brieuc,Regional Court of Saint-Brieuc,1,lower court,not applicable,panel,general,not applicable
829,NAT_COURT_FR_TGI_SAI_NAZ,Tribunal de grande instance de Saint-Nazaire,ACT_EU_MS_FR,France,Saint-Nazaire,Regional Court of Saint-Nazaire,1,lower court,not applicable,panel,general,not applicable
830,NAT_COURT_FR_TGI_SAI_QUE,Tribunal de grande instance de Saint-Quentin,ACT_EU_MS_FR,France,Saint-Quentin,Regional Court of Saint-Quentin,1,lower court,not applicable,panel,general,not applicable
831,NAT_COURT_FR_TGI_SAI,Tribunal de grande instance de Saintes,ACT_EU_MS_FR,France,Saintes,Regional Court of Saintes,1,lower court,not applicable,panel,general,not applicable
832,NAT_COURT_FR_TGI_STR,Tribunal de grande instance de Strasbourg,ACT_EU_MS_FR,France,Strasbourg,Regional Court of Strasbourg,1,lower court,not applicable,panel,general,not applicable
833,NAT_COURT_FR_TGI_TOUL,Tribunal de grande instance de Toulon,ACT_EU_MS_FR,France,Toulon,Regional Court of Toulon,1,lower court,not applicable,panel,general,not applicable
834,NAT_COURT_FR_TGI_TOUR,Tribunal de grande instance de Tours,ACT_EU_MS_FR,France,Tours,Regional Court of Tours,1,lower court,not applicable,panel,general,not applicable
835,NAT_COURT_FR_TGI_VAL,Tribunal de grande instance de Valence,ACT_EU_MS_FR,France,Valence,Regional Court of Valence,1,lower court,not applicable,panel,general,not applicable
836,NAT_COURT_FR_TGI_VERD,Tribunal de grande instance de Verdun,ACT_EU_MS_FR,France,Verdun,Regional Court of Verdun,1,lower court,not applicable,panel,general,not applicable
837,NAT_COURT_FR_TGI_VERS,Tribunal de grande instance de Versailles,ACT_EU_MS_FR,France,Versailles,Regional Court of Versailles,1,lower court,not applicable,panel,general,not applicable
838,NAT_COURT_FR_TGI_MAN,Tribunal de grande instance du Mans,ACT_EU_MS_FR,France,Le Mans,Regional Court of Le Mans,1,lower court,not applicable,panel,general,not applicable
839,NAT_COURT_FR_TP_PAP,Tribunal de paix de Papeete (Polynésie),ACT_EU_MS_FR,France,Papeete,Peace Court of Papeete,1,lower court,not applicable,not available,general,not applicable
840,NAT_COURT_FR_TP_AIX_BAI,Tribunal de police d'Aix-les-Bains,ACT_EU_MS_FR,France,Aix les Bains,Police Court of Aix-les-Bains,1,lower court,not applicable,single judge,specialized,criminal law
841,NAT_COURT_FR_TP_ILL,Tribunal de police d'Illkirch,ACT_EU_MS_FR,France,Illkirch,Police Court of Illkirch,1,lower court,not applicable,single judge,specialized,criminal law
842,NAT_COURT_FR_TP_BEL,Tribunal de police de Belley,ACT_EU_MS_FR,France,Belley,Police Court of Belley,1,lower court,not applicable,single judge,specialized,criminal law
843,NAT_COURT_FR_TP_BOR,Tribunal de police de Bordeaux,ACT_EU_MS_FR,France,Bordeaux,Police Court of Bordeaux,1,lower court,not applicable,single judge,specialized,criminal law
844,NAT_COURT_FR_TP_CHA,Tribunal de police de Chaumont,ACT_EU_MS_FR,France,Chaumont,Police Court of Chaumont,1,lower court,not applicable,single judge,specialized,criminal law
845,NAT_COURT_FR_TP_DIJ,Tribunal de police de Dijon,ACT_EU_MS_FR,France,Dijon,Police Court of Dijon,1,lower court,not applicable,single judge,specialized,criminal law
846,NAT_COURT_FR_TP_FAL,Tribunal de police de Falaise,ACT_EU_MS_FR,France,Falaise,Police Court of Falaise,1,lower court,not applicable,single judge,specialized,criminal law
847,NAT_COURT_FR_TP_ROC,Tribunal de police de La Rochelle,ACT_EU_MS_FR,France,La Rochelle,Police Court of La Rochelle,1,lower court,not applicable,single judge,specialized,criminal law
848,NAT_COURT_FR_TP_MAR,Tribunal de police de Martigues,ACT_EU_MS_FR,France,Martigues,Police Court of Martigues,1,lower court,not applicable,single judge,specialized,criminal law
849,NAT_COURT_FR_TP_MET,Tribunal de police de Metz,ACT_EU_MS_FR,France,Metz,Police Court of Metz,1,lower court,not applicable,single judge,specialized,criminal law
850,NAT_COURT_FR_TP_PAR,Tribunal de police de Paris,ACT_EU_MS_FR,France,Paris,Police Court of Paris,1,lower court,not applicable,single judge,specialized,criminal law
851,NAT_COURT_FR_TP_REI,Tribunal de police de Reims,ACT_EU_MS_FR,France,Reims,Police Court of Reims,1,lower court,not applicable,single judge,specialized,criminal law
852,NAT_COURT_FR_TP_RET,Tribunal de police de Rethel,ACT_EU_MS_FR,France,Rethel,Police Court of Rethel,1,lower court,not applicable,single judge,specialized,criminal law
853,NAT_COURT_FR_TP_STR,Tribunal de police de Strasbourg,ACT_EU_MS_FR,France,Strasbourg,Police Court of Strasbourg,1,lower court,not applicable,single judge,specialized,criminal law
854,NAT_COURT_FR_TP_TOU,Tribunal de police de Toulouse,ACT_EU_MS_FR,France,Toulouse,Police Court of Toulouse,1,lower court,not applicable,single judge,specialized,criminal law
855,NAT_COURT_FR_TP_VIC,Tribunal de police de Vichy,ACT_EU_MS_FR,France,Vichy,Police Court of Vichy,1,lower court,not applicable,single judge,specialized,criminal law
856,NAT_COURT_FR_TASS_,Tribunal des affaires de sécurité sociale d'Évry,ACT_EU_MS_FR,France,Évry,Social Security Tribunal of Évry,1,lower court,not applicable,panel,specialized,social security law
857,NAT_COURT_FR_TASS_BOB,Tribunal des affaires de sécurité sociale de Bobigny,ACT_EU_MS_FR,France,Bobigny,Social Security Tribunal of Bobigny,1,lower court,not applicable,panel,specialized,social security law
858,NAT_COURT_FR_TASS_CRE,Tribunal des affaires de sécurité sociale de Créteil,ACT_EU_MS_FR,France,Créteil,Social Security Tribunal of Créteil,1,lower court,not applicable,panel,specialized,social security law
859,NAT_COURT_FR_TASS_HER,Tribunal des affaires de sécurité sociale de l'Hérault,ACT_EU_MS_FR,France,Montpellier,Social Security Tribunal of Hérault,1,lower court,not applicable,panel,specialized,social security law
860,NAT_COURT_FR_TASS_LIL,Tribunal des affaires de sécurité sociale de Lille,ACT_EU_MS_FR,France,Lille,Social Security Tribunal of Lille,1,lower court,not applicable,panel,specialized,social security law
861,NAT_COURT_FR_TASS_LON,Tribunal des affaires de sécurité sociale de Longwy,ACT_EU_MS_FR,France,Longwy,Social Security Tribunal of Longwy,1,lower court,not applicable,panel,specialized,social security law
862,NAT_COURT_FR_TASS_NAN,Tribunal des affaires de sécurité sociale de Nanterre,ACT_EU_MS_FR,France,Nanterre,Social Security Tribunal of Nanterre,1,lower court,not applicable,panel,specialized,social security law
863,NAT_COURT_FR_TASS_PAR,Tribunal des affaires de sécurité sociale de Paris,ACT_EU_MS_FR,France,Paris,Social Security Tribunal of Paris,1,lower court,not applicable,panel,specialized,social security law
864,NAT_COURT_FR_TASS_SAI_ETI,Tribunal des affaires de sécurité sociale de Saint-Étienne,ACT_EU_MS_FR,France,Saint-Étienne,Social Security Tribunal of Saint-Étienne,1,lower court,not applicable,panel,specialized,social security law
865,NAT_COURT_FR_TASS_TAR_GAR,Tribunal des affaires de sécurité sociale du Tarn-et-Garonne,ACT_EU_MS_FR,France,Montauban,Social Security Tribunal of Tarn-et-Garonne,1,lower court,not applicable,panel,specialized,social security law
866,NAT_COURT_FR_TJ_AUC,Tribunal judiciaire d'Auch,ACT_EU_MS_FR,France,Auch,Judicial Court of Auch,1,lower court,not applicable,not available,general,not applicable
867,NAT_COURT_HR_OGS_ZAG,Općinski građanski sud u Zagrebu,ACT_EU_MS_HR,Croatia,Zagreb,Municipal Civil Court in Zagreb,1,lower court,not applicable,single judge,general,not applicable
868,NAT_COURT_HR_OS_NOV_ZAG,Općinski sud u Novom Zagrebu,ACT_EU_MS_HR,Croatia,Zagreb,Municipal Court in Novi Zagreb,1,lower court,not applicable,single judge,general,not applicable
869,NAT_COURT_HR_OS_PUL_POL,Općinski sud u Puli-Pola,ACT_EU_MS_HR,Croatia,Pula,Municipal Court in Pula-Pola,1,lower court,not applicable,single judge,general,not applicable
870,NAT_COURT_HR_OS_RIJ,Općinski sud u Rijeci,ACT_EU_MS_HR,Croatia,Rijeka,Municipal Court in Rijeka,1,lower court,not applicable,single judge,general,not applicable
871,NAT_COURT_HR_OS_VEL_GOR,Općinski sud u Velikoj Gorici,ACT_EU_MS_HR,Croatia,Velika-Gorica,Municipal Court in Velika-Gorica,1,lower court,not applicable,single judge,general,not applicable
872,NAT_COURT_HR_TS_ZAG,Trgovački sud u Zagrebu,ACT_EU_MS_HR,Croatia,Zagreb,Commercial Court in Zagreb,1,lower court,not applicable,single judge,specialized,commercial law
873,NAT_COURT_HR_US_ZAG,Upravni sud u Zagrebu,ACT_EU_MS_HR,Croatia,Zagreb,Administrative Court in Zagreb,1,lower court,not applicable,single judge,administrative,not applicable
874,NAT_COURT_HR_VTS,Visoki trgovački sud,ACT_EU_MS_HR,Croatia,Zagreb,High Commercial Court,1,mid-level court,not applicable,panel,specialized,commercial law
875,NAT_COURT_HR_VS,Vrhovni sud,ACT_EU_MS_HR,Croatia,Zagreb,Supreme Court,1,higher court,not applicable,panel,general,not applicable
876,NAT_COURT_HR_ZS_PUL_POL,Županijski sud u Puli-Pola,ACT_EU_MS_HR,Croatia,Pula,County Court in Pula,1,mid-level court,not applicable,panel,general,not applicable
877,NAT_COURT_HR_ZS_ZAG,Županijski sud u Zagrebu,ACT_EU_MS_HR,Croatia,Zagreb,County Court in Zagreb,1,mid-level court,not applicable,panel,general,not applicable
878,NAT_COURT_HU_MB_BAC_KIS,Bács-Kiskun Megyei Bíróság,ACT_EU_MS_HU,Hungary,Kecskemét,Regional Court of Bács-Kiskun,1,lower court,not applicable,not available,general,not applicable
879,NAT_COURT_HU_MB_BAR,Baranya Megyei Bíróság,ACT_EU_MS_HU,Hungary,Pécs,Regional Court of Baranya,1,lower court,not applicable,not available,general,not applicable
880,NAT_COURT_HU_KKB_BUD,Budai Központi Kerületi Bíróság,ACT_EU_MS_HU,Hungary,Budapest,Central District Court of Buda,1,lower court,not applicable,not available,general,not applicable
881,NAT_COURT_HU_VB_BUD,Budaörsi Városi Bíróság,ACT_EU_MS_HU,Hungary,Budaörs,Local Court of Budaörs,1,lower court,not applicable,not available,general,not applicable
882,NAT_COURT_HU_KKMB_BUD,Budapest Környéki Közigazgatási és Munkaügyi Bíróság,ACT_EU_MS_HU,Hungary,Budapest,Budapest Regional Administrative and Labor Court,1,lower court,not applicable,not available,specialized,administrative law; labor law
883,NAT_COURT_HU_KT_BUD,Budapest Környéki Törvényszék,ACT_EU_MS_HU,Hungary,Budapest,Budapest Regional Court,1,lower court,not applicable,not available,general,not applicable
884,NAT_COURT_HU_KB_BUD_2_3,Budapesti II. és III. Kerületi Bíróság,ACT_EU_MS_HU,Hungary,Budapest,District Court of Budapest II and III,1,lower court,not applicable,not available,general,not applicable
885,NAT_COURT_HU_KMB_DEB,Debreceni Közigazgatási és Munkaügyi Bíróság,ACT_EU_MS_HU,Hungary,Debrecen,Debrecen Administrative and Labor Court,1,lower court,not applicable,not available,specialized,administrative law; labor law
886,NAT_COURT_HU_B_FOV,Fővárosi Bíróság,ACT_EU_MS_HU,Hungary,Budapest,General Court of Budapest-Capital,1,lower court,not applicable,not available,general,not applicable
887,NAT_COURT_HU_I_FOV,Fővárosi Ítélőtábla,ACT_EU_MS_HU,Hungary,Budapest,High Court of Appeal of Budapest-Capital,1,mid-level court,not applicable,panel,general,not applicable
888,NAT_COURT_HU_KMB_FOV,Fővárosi Közigazgatási és Munkaügyi Bíróság,ACT_EU_MS_HU,Hungary,Budapest,Administrative and Labor Court of Budapest-Capital,1,lower court,not applicable,not available,specialized,administrative law; labor law
889,NAT_COURT_HU_T_FOV,Fővárosi Törvényszék,ACT_EU_MS_HU,Hungary,Budapest,Budapest-Capital Regional Court,1,lower court,not applicable,not available,general,not applicable
890,NAT_COURT_HU_I_GYO,Győri Ítélőtábla,ACT_EU_MS_HU,Hungary,Győr,High Court of Appeal of Győr,1,mid-level court,not applicable,panel,general,not applicable
891,NAT_COURT_HU_KMB_GYO,Győri Közigazgatási és Munkaügyi Bíróság,ACT_EU_MS_HU,Hungary,Győr,Győr Administrative and Labor Court,1,lower court,not applicable,not available,specialized,administrative law; labor law
892,NAT_COURT_HU_KMB_GYU,Gyulai Közigazgatási és Munkaügyi Bíróság,ACT_EU_MS_HU,Hungary,Gyula,Gyula Administrative and Labor Court,1,lower court,not applicable,not available,specialized,administrative law; labor law
893,NAT_COURT_HU_T_GYU,Gyulai Törvényszék,ACT_EU_MS_HU,Hungary,Gyula,Gyula Regional Court,1,lower court,not applicable,not available,general,not applicable
894,NAT_COURT_HU_MB_HAJ_BIH,Hajdú-Bihar Megyei Bíróság,ACT_EU_MS_HU,Hungary,Debrecen,Regional Court of Hajdú-Bihar,1,lower court,not applicable,not available,general,not applicable
895,NAT_COURT_HU_MB_JAS_NAG_SZO,Jász-Nagykun-Szolnok Megyei Bíróság,ACT_EU_MS_HU,Hungary,Szolnok,Regional Court of Jász-Nagykun-Szolnok,1,lower court,not applicable,not available,general,not applicable
896,NAT_COURT_HU_KMB_KEC,Kecskeméti Közigazgatási és Munkaügyi Bíróság,ACT_EU_MS_HU,Hungary,Kecskemét,Administrative and Labor Court of Kecskemét,1,lower court,not applicable,not available,specialized,administrative law; labor law
897,NAT_COURT_HU_K,Kúria,ACT_EU_MS_HU,Hungary,Budapest,Supreme Court,1,higher court,not applicable,panel,general,not applicable
898,NAT_COURT_HU_LB,Legfelsőbb Bíróság,ACT_EU_MS_HU,Hungary,Budapest,Supreme Court,1,higher court,not applicable,panel,general,not applicable
899,NAT_COURT_HU_KMB_MIS,Miskolci Közigazgatási és Munkaügyi Bíróság,ACT_EU_MS_HU,Hungary,Miskolc,Administrative and Labor Court of Miskolc,1,lower court,not applicable,not available,specialized,administrative law; labor law
900,NAT_COURT_HU_T_MIS,Miskolci Törvényszék,ACT_EU_MS_HU,Hungary,Miskolc,Regional Court of Miskolc,1,lower court,not applicable,not available,general,not applicable
901,NAT_COURT_HU_MB_NOG,Nógrád Megyei Bíróság,ACT_EU_MS_HU,Hungary,Balassagyarmat,Regional of Nógrád,1,lower court,not applicable,not available,general,not applicable
902,NAT_COURT_HU_KMB_NYI,Nyíregyházi Közigazgatási és Munkaügyi Bíróság,ACT_EU_MS_HU,Hungary,Nyíregyháza,Administrative and Labor Court of Nyíregyháza,1,lower court,not applicable,not available,specialized,administrative law; labor law
903,NAT_COURT_HU_KMB_PEC,Pécsi Közigazgatási és Munkaügyi Bíróság,ACT_EU_MS_HU,Hungary,Pécs,Administrative and Labor Court of Pécs,1,lower court,not applicable,not available,specialized,administrative law; labor law
904,NAT_COURT_HU_T_PEC,Pécsi Törvényszék,ACT_EU_MS_HU,Hungary,Pécs,Regional Court of Pécs,1,lower court,not applicable,not available,general,not applicable
905,NAT_COURT_HU_MB_PES,Pest Megyei Bíróság,ACT_EU_MS_HU,Hungary,Budapest,Regional Court of Pest,1,lower court,not applicable,not available,general,not applicable
906,NAT_COURT_HU_KKB_PES,Pesti Központi Kerületi Bíróság,ACT_EU_MS_HU,Hungary,Budapest,Central District Court of Pest,1,lower court,not applicable,not available,general,not applicable
907,NAT_COURT_HU_J_RAC,Ráckevei Járásbíróság,ACT_EU_MS_HU,Hungary,Ráckeve,Local Court of Ráckeve,1,lower court,not applicable,not available,general,not applicable
908,NAT_COURT_HU_I_SZEG,Szegedi Ítélőtábla,ACT_EU_MS_HU,Hungary,Szeged,High Court of Appeal of Szeged,1,mid-level court,not applicable,not available,general,not applicable
909,NAT_COURT_HU_KMB_SZEG,Szegedi Közigazgatási és Munkaügyi Bíróság,ACT_EU_MS_HU,Hungary,Szeged,Szeged Administrative and Labor Court,1,lower court,not applicable,not available,specialized,administrative law; labor law
910,NAT_COURT_HU_T_SZEG,Szegedi Törvényszék,ACT_EU_MS_HU,Hungary,Szeged,Regional Court of Szeged,1,lower court,not applicable,not available,general,not applicable
911,NAT_COURT_HU_T_SZEK,Székesfehérvári Törvényszék,ACT_EU_MS_HU,Hungary,Székesfehérvár,Regional Court of Székesfehérvár,1,lower court,not applicable,not available,general,not applicable
912,NAT_COURT_HU_J_SZEK,Szekszárdi Járásbíróság,ACT_EU_MS_HU,Hungary,Szekszárd,Local Court of Szekszárd,1,lower court,not applicable,not available,general,not applicable
913,NAT_COURT_HU_KMB_SZEK,Szekszárdi Közigazgatási és Munkaügyi Bíróság,ACT_EU_MS_HU,Hungary,Szekszárd,Administrative and Labor Court of Szekszárd,1,lower court,not applicable,not available,specialized,administrative law; labor law
914,NAT_COURT_HU_KMB_SZOL,Szolnoki Közigazgatási és Munkaügyi Bíróság,ACT_EU_MS_HU,Hungary,Szolnok,Administrative and Labor Court of Szolnok,1,lower court,not applicable,not available,specialized,administrative law; labor law
915,NAT_COURT_HU_KMB_SZOM,Szombathelyi Közigazgatási és Munkaügyi Bíróság,ACT_EU_MS_HU,Hungary,Szombathely,Administrative and Labor Court of Szombathely,1,lower court,not applicable,not available,specialized,administrative law; labor law
916,NAT_COURT_HU_T_SZOM,Szombathelyi Törvényszék,ACT_EU_MS_HU,Hungary,Szombathely,Regional Court of Szombathely,1,lower court,not applicable,not available,general,not applicable
917,NAT_COURT_HU_VB_SZOM,Szombathelyi Városi Bíróság,ACT_EU_MS_HU,Hungary,Szombathely,Local Court of Szombathely,1,lower court,not applicable,not available,general,not applicable
918,NAT_COURT_HU_T_TAT,Tatabányai Törvényszék,ACT_EU_MS_HU,Hungary,Tatabánya,Regional Court of Tatabánya,1,lower court,not applicable,not available,general,not applicable
919,NAT_COURT_HU_T_VES,Veszprémi Törvényszék,ACT_EU_MS_HU,Hungary,Veszprém,Regional Court of Veszprém,1,lower court,not applicable,not available,general,not applicable
920,NAT_COURT_HU_MB_ZAL,Zala Megyei Bíróság,ACT_EU_MS_HU,Hungary,Zalaegerszeg,Regional Court of Zala,1,lower court,not applicable,not available,general,not applicable
921,NAT_COURT_HU_J_ZAL,Zalaegerszegi Járásbíróság,ACT_EU_MS_HU,Hungary,Zalaegerszeg,Local Court of Zalaegerszeg,1,lower court,not applicable,not available,general,not applicable
922,NAT_COURT_HU_KMB_ZAL,Zalaegerszegi Közigazgatási és Munkaügyi Bíróság,ACT_EU_MS_HU,Hungary,Zalaegerszeg,Administrative and Labor Court of Zalaegerszeg,1,lower court,not applicable,not available,specialized,administrative law; labor law
923,NAT_COURT_IE_ACO,Appeal Commissioners,ACT_EU_MS_IE,Ireland,Dublin,Appeal Commissioners,0,not applicable,lower court,single judge,specialized,tax law
924,NAT_COURT_IE_ACJ,Ard-Chúirt,ACT_EU_MS_IE,Ireland,Dublin,High Court,1,mid-level court,not applicable,panel,general,not applicable
925,NAT_COURT_IE_CC_CAV,"Circuit Court, County of Cavan",ACT_EU_MS_IE,Ireland,Cavan,"Circuit Court, County of Cavan",1,lower court,not applicable,single judge,general,not applicable
926,NAT_COURT_IE_CC_COR,"Circuit Court, County of Cork",ACT_EU_MS_IE,Ireland,Cork,"Circuit Court, County of Cork",1,lower court,not applicable,single judge,general,not applicable
927,NAT_COURT_IE_CC_DUB,"Circuit Court, County of Dublin",ACT_EU_MS_IE,Ireland,Dublin,"Circuit Court, County of Dublin",1,lower court,not applicable,single judge,general,not applicable
928,NAT_COURT_IE_CA,Court of Appeal,ACT_EU_MS_IE,Ireland,Dublin,Court of Appeal,1,mid-level court,not applicable,panel,general,not applicable
929,NAT_COURT_IE_DC_COR,"District Court, Cork City Area",ACT_EU_MS_IE,Ireland,Cork,"District Court, Cork City Area",1,lower court,not applicable,single judge,general,not applicable
930,NAT_COURT_IE_DC_DUB,Dublin Metropolitan District Court,ACT_EU_MS_IE,Ireland,Dublin,Dublin Metropolitan District Court,1,lower court,not applicable,single judge,general,not applicable
931,NAT_COURT_IE_ET,Equality Tribunal,ACT_EU_MS_IE,Ireland,Dublin,The Equality Tribunal,0,not applicable,lower court,single judge,specialized,labor law
932,NAT_COURT_IE_IPAT,International Protection Appeals Tribunal,ACT_EU_MS_IE,Ireland,Dublin,International Protection Appeals Tribunal,0,not applicable,lower court,single judge,specialized,immigration law
933,NAT_COURT_IE_LC,Labour Court,ACT_EU_MS_IE,Ireland,Dublin,Labour Court,0,not applicable,mid-level court,panel,specialized,labor law
934,NAT_COURT_IE_SC,Supreme Court,ACT_EU_MS_IE,Ireland,Dublin,Supreme Court,1,higher court,not applicable,panel,general,not applicable
935,NAT_COURT_IT_CFT_MES_VEN,Commission Fiscale Régionale de Mestre-Vénétie,ACT_EU_MS_IT,Italy,Mestre-Veneto,Regional Tax Commission of Mestre-Veneto,0,not applicable,not available,not available,specialized,tax law
936,NAT_COURT_IT_CTC,Commissione tributaria centrale,ACT_EU_MS_IT,Italy,Rome,Central Tax Court,1,higher court,not applicable,panel,specialized,tax law
937,NAT_COURT_IT_CTC_BOLO,"Commissione tributaria centrale, sezione di Bologna",ACT_EU_MS_IT,Italy,Bologna,"Central Tax Court, Bologna section",1,higher court,not applicable,panel,specialized,tax law
938,NAT_COURT_IT_CTPG_BOLZ,Commissione tributaria di primo grado di Bolzano,ACT_EU_MS_IT,Italy,Bolzano,First Instance Tax Court of Bolzano,1,lower court,not applicable,panel,specialized,tax law
939,NAT_COURT_IT_CTPG_PIA,Commissione tributaria di primo grado di Piacenza,ACT_EU_MS_IT,Italy,Piacenza,First Instance Tax Court of Piacenza,1,lower court,not applicable,panel,specialized,tax law
940,NAT_COURT_IT_CTPG_TRE,Commissione tributaria di primo grado di Trento,ACT_EU_MS_IT,Italy,Trento,First Instance Tax Court of Trento,1,lower court,not applicable,panel,specialized,tax law
941,NAT_COURT_IT_CTPG_VOG,Commissione tributaria di primo grado di Voghera,ACT_EU_MS_IT,Italy,Voghera,First Instance Tax Court of Voghera,1,lower court,not applicable,panel,specialized,tax law
942,NAT_COURT_IT_CTSG_BOL,Commissione tributaria di secondo grado di Bolzano,ACT_EU_MS_IT,Italy,Bolzano,Second Degree Tax Court of Bolzano,1,mid-level court,not applicable,panel,specialized,tax law
943,NAT_COURT_IT_CTSG_PIA,Commissione tributaria di secondo grado di Piacenza,ACT_EU_MS_IT,Italy,Piacenza,Second Degree Tax Court of Piacenza,1,mid-level court,not applicable,panel,specialized,tax law
944,NAT_COURT_IT_CTSG_SAS,Commissione tributaria di secondo grado di Sassari,ACT_EU_MS_IT,Italy,Sassari,Second Degree Tax Court of Sassari,1,mid-level court,not applicable,panel,specialized,tax law
945,NAT_COURT_IT_CTSG_TRE,Commissione tributaria di secondo grado di Trento,ACT_EU_MS_IT,Italy,Trento,Second Degree Tax Court of Trento,1,mid-level court,not applicable,panel,specialized,tax law
946,NAT_COURT_IT_CTP_ALE,Commissione tributaria provinciale di Alessandria,ACT_EU_MS_IT,Italy,Alessandria,Provincial Tax Court of Alessandria,1,lower court,not applicable,panel,specialized,tax law
947,NAT_COURT_IT_CTP_CAG,Commissione tributaria provinciale di Cagliari,ACT_EU_MS_IT,Italy,Cagliari,Provincial Tax Court of Cagliari,1,lower court,not applicable,panel,specialized,tax law
948,NAT_COURT_IT_CTP_CRE,Commissione tributaria provinciale di Cremona,ACT_EU_MS_IT,Italy,Cremona,Provincial Tax Court of Cremona,1,lower court,not applicable,panel,specialized,tax law
949,NAT_COURT_IT_CTP_FIR,Commissione tributaria provinciale di Firenze,ACT_EU_MS_IT,Italy,Florence,Provincial Tax Court of Florence,1,lower court,not applicable,panel,specialized,tax law
950,NAT_COURT_IT_CTP_GEN,Commissione tributaria provinciale di Genova,ACT_EU_MS_IT,Italy,Genoa,Provincial Tax Court of Genoa,1,lower court,not applicable,panel,specialized,tax law
951,NAT_COURT_IT_CTP_MAS_CAR,Commissione tributaria provinciale di Massa Carrara,ACT_EU_MS_IT,Italy,Massa Carrara,Provincial Tax Court of Massa Carrara,1,lower court,not applicable,panel,specialized,tax law
952,NAT_COURT_IT_CTP_MIL,Commissione tributaria provinciale di Milano,ACT_EU_MS_IT,Italy,Milan,Provincial Tax Court of Milan,1,lower court,not applicable,panel,specialized,tax law
953,NAT_COURT_IT_CTP_NOV,Commissione tributaria provinciale di Novara,ACT_EU_MS_IT,Italy,Novara,Provincial Tax Court of Novara,1,lower court,not applicable,panel,specialized,tax law
954,NAT_COURT_IT_CTP_PAL,Commissione tributaria provinciale di Palermo,ACT_EU_MS_IT,Italy,Palermo,Provincial Tax Court of Palermo,1,lower court,not applicable,panel,specialized,tax law
955,NAT_COURT_IT_CTP_PAR,Commissione tributaria provinciale di Parma,ACT_EU_MS_IT,Italy,Parma,Provincial Tax Court of Parma,1,lower court,not applicable,panel,specialized,tax law
956,NAT_COURT_IT_CTP_REG_CAL,Commissione tributaria provinciale di Reggio Calabria,ACT_EU_MS_IT,Italy,Reggio Calabria,Provincial Tax Court of Reggio Calabria,1,lower court,not applicable,panel,specialized,tax law
957,NAT_COURT_IT_CTP_ROM,Commissione tributaria provinciale di Roma,ACT_EU_MS_IT,Italy,Rome,Provincial Tax Court of Rome,1,lower court,not applicable,panel,specialized,tax law
958,NAT_COURT_IT_CTP_SIR,Commissione tributaria provinciale di Siracusa,ACT_EU_MS_IT,Italy,Syracuse,Provincial Tax Court of Syracuse,1,lower court,not applicable,panel,specialized,tax law
959,NAT_COURT_IT_CTP_TOR,Commissione tributaria provinciale di Torino,ACT_EU_MS_IT,Italy,Turin,Provincial Tax Court of Turin,1,lower court,not applicable,panel,specialized,tax law
960,NAT_COURT_IT_CTP_VEN,Commissione tributaria provinciale di Venezia,ACT_EU_MS_IT,Italy,Venice,Provincial Tax Court of Venice,1,lower court,not applicable,panel,specialized,tax law
961,NAT_COURT_IT_CTR_LAZ,Commissione tributaria regionale del Lazio,ACT_EU_MS_IT,Italy,Rome,Regional Tax Court of Lazio,1,mid-level court,not applicable,panel,specialized,tax law
962,NAT_COURT_IT_CTR_CAM,Commissione tributaria regionale della Campania,ACT_EU_MS_IT,Italy,Salerno,Regional Tax Court for Campania,1,mid-level court,not applicable,panel,specialized,tax law
963,NAT_COURT_IT_CTR_GEN,Commissione tributaria regionale di Genova,ACT_EU_MS_IT,Italy,Genoa,Regional Tax Court of Genoa,1,mid-level court,not applicable,panel,specialized,tax law
964,NAT_COURT_IT_CTR_LOM,Commissione tributaria regionale di Lombardia,ACT_EU_MS_IT,Italy,Milan,Regional Tax Court for Lombardy,1,mid-level court,not applicable,panel,specialized,tax law
965,NAT_COURT_IT_CTR_MIL,Commissione tributaria regionale di Milano,ACT_EU_MS_IT,Italy,Milan,Regional Tax Court of Milan,1,mid-level court,not applicable,panel,specialized,tax law
966,NAT_COURT_IT_CTR_ROM,Commissione tributaria regionale di Roma,ACT_EU_MS_IT,Italy,Rome,Regional Tax Court of Rome,1,mid-level court,not applicable,panel,specialized,tax law
967,NAT_COURT_IT_CTR_TOR,Commissione tributaria regionale di Torino,ACT_EU_MS_IT,Italy,Turin,Regional Tax Court of Turin,1,mid-level court,not applicable,panel,specialized,tax law
968,NAT_COURT_IT_CTR_TOS,Commissione tributaria regionale di Toscana,ACT_EU_MS_IT,Italy,Florence,Regional Tax Court for Tuscany,1,mid-level court,not applicable,panel,specialized,tax law
969,NAT_COURT_IT_CTR_TRI,Commissione tributaria regionale di Trieste,ACT_EU_MS_IT,Italy,Trieste,Regional Tax Court of Trieste,1,mid-level court,not applicable,panel,specialized,tax law
970,NAT_COURT_IT_CTR_VEN_MES,Commissione tributaria regionale di Venezia-Mestre,ACT_EU_MS_IT,Italy,Venice,Regional Tax Court of Venice-Mestre,1,mid-level court,not applicable,panel,specialized,tax law
971,NAT_COURT_IT_C_VER,Conciliatura di Vercelli,ACT_EU_MS_IT,Italy,Vercelli,Vercelli Conciliation,1,lower court,not applicable,single judge,general,not applicable
972,NAT_COURT_IT_CGA_REG_SIC,Consiglio di Giustizia amministrativa per la Regione Siciliana,ACT_EU_MS_IT,Italy,Palermo,Council of Administrative Justice for the Sicilian Region,1,higher court,not applicable,panel,administrative,not applicable
973,NAT_COURT_IT_CS,Consiglio di Stato,ACT_EU_MS_IT,Italy,Rome,Council of State,1,higher court,not applicable,panel,administrative,not applicable
974,NAT_COURT_IT_CNF,Consiglio Nazionale Forense,ACT_EU_MS_IT,Italy,Rome,National Bar Council,0,not applicable,not available,panel,specialized,professional board
975,NAT_COURT_IT_CCOS,Corte costituzionale,ACT_EU_MS_IT,Italy,Rome,Constitutional Court,0,not applicable,higher court,panel,constitutional,not applicable
976,NAT_COURT_IT_CA_ANC,Corte d'appello di Ancona,ACT_EU_MS_IT,Italy,Ancona,Court of Appeal of Ancona,1,mid-level court,not applicable,panel,general,not applicable
977,NAT_COURT_IT_CA_BRE,Corte d'appello di Brescia,ACT_EU_MS_IT,Italy,Brescia,Court of Appeal of Brescia,1,mid-level court,not applicable,panel,general,not applicable
978,NAT_COURT_IT_CA_CAG,Corte d'appello di Cagliari,ACT_EU_MS_IT,Italy,Cagliari,Court of Appeal of Cagliari,1,mid-level court,not applicable,panel,general,not applicable
979,NAT_COURT_IT_CA_CAT,Corte d'appello di Catania,ACT_EU_MS_IT,Italy,Catania,Court of Appeal of Catania,1,mid-level court,not applicable,panel,general,not applicable
980,NAT_COURT_IT_CA_FIR,Corte d'appello di Firenze,ACT_EU_MS_IT,Italy,Florence,Court of Appeal of Florence,1,mid-level court,not applicable,panel,general,not applicable
981,NAT_COURT_IT_CA_GEN,Corte d'appello di Genova,ACT_EU_MS_IT,Italy,Genoa,Court of Appeal of Genoa,1,mid-level court,not applicable,panel,general,not applicable
982,NAT_COURT_IT_CA_LEC,Corte d'appello di Lecce,ACT_EU_MS_IT,Italy,Lecce,Court of Appeal of Lecce,1,mid-level court,not applicable,panel,general,not applicable
983,NAT_COURT_IT_CA_MIL,Corte d'appello di Milano,ACT_EU_MS_IT,Italy,Milan,Court of Appeal of Milan,1,mid-level court,not applicable,panel,general,not applicable
984,NAT_COURT_IT_CA_NAP,Corte d'appello di Napoli,ACT_EU_MS_IT,Italy,Naples,Court of Appeal of Naples,1,mid-level court,not applicable,panel,general,not applicable
985,NAT_COURT_IT_CA_ROM,Corte d'appello di Roma,ACT_EU_MS_IT,Italy,Rome,Court of Appeal of Rome,1,mid-level court,not applicable,panel,general,not applicable
986,NAT_COURT_IT_CA_SAL,Corte d'appello di Salerno,ACT_EU_MS_IT,Italy,Salerno,Court of Appeal of Salerno,1,mid-level court,not applicable,panel,general,not applicable
987,NAT_COURT_IT_CA_TOR,Corte d'appello di Torino,ACT_EU_MS_IT,Italy,Turin,Court of Appeal of Turin,1,mid-level court,not applicable,panel,general,not applicable
988,NAT_COURT_IT_CA_TRE,Corte d'appello di Trento,ACT_EU_MS_IT,Italy,Trento,Court of Appeal of Trento,1,mid-level court,not applicable,panel,general,not applicable
989,NAT_COURT_IT_CA_VEN,Corte d'appello di Venezia,ACT_EU_MS_IT,Italy,Venice,Court of Appeal of Venice,1,mid-level court,not applicable,panel,general,not applicable
990,NAT_COURT_IT_CCON,Corte dei conti,ACT_EU_MS_IT,Italy,Roma,Court of Auditors,1,higher court,not applicable,panel,specialized,audit law
991,NAT_COURT_IT_CCON_SG_REG_PUG,"Corte dei conti, sezione giurisdizionale per la Regione Puglia",ACT_EU_MS_IT,Italy,Bari,Court of Auditors - Division for the Puglia Region,1,lower court,not applicable,panel,specialized,audit law
992,NAT_COURT_IT_CCON_SG_REG_SIC,"Corte dei conti, sezione giurisdizionale per la Regione Siciliana",ACT_EU_MS_IT,Italy,Palermo,Court of Auditors - Division for the Sicilian Region,1,lower court,not applicable,panel,specialized,audit law
993,NAT_COURT_IT_CSC,Corte suprema di cassazione,ACT_EU_MS_IT,Italy,Rome,Supreme Court of Cassation,1,higher court,not applicable,panel,general,not applicable
994,NAT_COURT_IT_GC_FIR,Giudice conciliatore di Firenze,ACT_EU_MS_IT,Italy,Firenze,Judge of Conciliation of Florence,1,lower court,not applicable,single judge,general,not applicable
995,NAT_COURT_IT_GC_MIL,Giudice conciliatore di Milano,ACT_EU_MS_IT,Italy,Milan,Judge of Conciliation of Milan,1,lower court,not applicable,single judge,general,not applicable
996,NAT_COURT_IT_GC_ROV,Giudice conciliatore di Rovigo,ACT_EU_MS_IT,Italy,Rovigo,Judge of Conciliation of Rovigo,1,lower court,not applicable,single judge,general,not applicable
997,NAT_COURT_IT_GP_BIT,Giudice di pace di Bitonto,ACT_EU_MS_IT,Italy,Bitonto,Justice of the Peace of Bitonto,1,lower court,not applicable,single judge,general,not applicable
998,NAT_COURT_IT_GP_BOL,Giudice di pace di Bologna,ACT_EU_MS_IT,Italy,Bologna,Justice of the Peace of Bologna,1,lower court,not applicable,single judge,general,not applicable
999,NAT_COURT_IT_GP_COR,Giudice di pace di Cortona,ACT_EU_MS_IT,Italy,Cortona,Justice of the Peace of Cortona,1,lower court,not applicable,single judge,general,not applicable
1000,NAT_COURT_IT_GP_GEN,Giudice di pace di Genova,ACT_EU_MS_IT,Italy,Genoa,Justice of the Peace of Genoa,1,lower court,not applicable,single judge,general,not applicable
1001,NAT_COURT_IT_GP_GEN_VOL,Giudice di pace di Genova-Voltri,ACT_EU_MS_IT,Italy,Voltri,Justice of the Peace of Genoa-Voltri,1,lower court,not applicable,single judge,general,not applicable
1002,NAT_COURT_IT_GP_ISC,Giudice di pace di Ischia,ACT_EU_MS_IT,Italy,Ischia,Justice of the Peace of Ischia,1,lower court,not applicable,single judge,general,not applicable
1003,NAT_COURT_IT_GP_MAS,Giudice di pace di Massa,ACT_EU_MS_IT,Italy,Massa,Justice of the Peace of Massa,1,lower court,not applicable,single judge,general,not applicable
1004,NAT_COURT_IT_GP_MER_SAN_SEV,Giudice di pace di Mercato San Severino,ACT_EU_MS_IT,Italy,Mercato San Severino,Justice of the Peace of Mercato San Severino,1,lower court,not applicable,single judge,general,not applicable
1005,NAT_COURT_IT_GP_MON,Giudice di pace di Monselice,ACT_EU_MS_IT,Italy,Monselice,Justice of the Peace of Monselice,1,lower court,not applicable,single judge,general,not applicable
1006,NAT_COURT_IT_GP_VIA,Giudice di pace di Viadana,ACT_EU_MS_IT,Italy,Viadana,Justice of the Peace of Viadana,1,lower court,not applicable,single judge,general,not applicable
1007,NAT_COURT_IT_LG_BOZ,Landesgericht Bozen,ACT_EU_MS_IT,Italy,Bolzano,Court of First Instance of Bolzano,1,lower court,not applicable,single judge,general,not applicable
1008,NAT_COURT_IT_P_ABB,Pretura di Abbiategrasso,ACT_EU_MS_IT,Italy,Abbiategrasso,District Court of Abbiategrasso,1,lower court,not applicable,single judge,general,not applicable
1009,NAT_COURT_IT_P_ALE,Pretura di Alessandria,ACT_EU_MS_IT,Italy,Alessandria,District Court of Alessandria,1,lower court,not applicable,single judge,general,not applicable
1010,NAT_COURT_IT_P_AST,Pretura di Asti,ACT_EU_MS_IT,Italy,Asti,District Court of Asti,1,lower court,not applicable,single judge,general,not applicable
1011,NAT_COURT_IT_P_AVE,Pretura di Avezzano,ACT_EU_MS_IT,Italy,Avezzano,District Court of Avezzano,1,lower court,not applicable,single judge,general,not applicable
1012,NAT_COURT_IT_P_BAR,Pretura di Bari,ACT_EU_MS_IT,Italy,Bari,District Court of Bari,1,lower court,not applicable,single judge,general,not applicable
1013,NAT_COURT_IT_P_BAS_GRA,Pretura di Bassano del Grappa,ACT_EU_MS_IT,Italy,Bassano del Grappa,District Court of Bassano del Grappa,1,lower court,not applicable,single judge,general,not applicable
1014,NAT_COURT_IT_P_BIE,Pretura di Biella,ACT_EU_MS_IT,Italy,Biella,District Court of Biella,1,lower court,not applicable,single judge,general,not applicable
1015,NAT_COURT_IT_P_BOLO,Pretura di Bologna,ACT_EU_MS_IT,Italy,Bologna,District Court of Bologna,1,lower court,not applicable,single judge,general,not applicable
1016,NAT_COURT_IT_P_BOLZ,Pretura di Bolzano,ACT_EU_MS_IT,Italy,Bolzano,District Court of Bolzano,1,lower court,not applicable,single judge,general,not applicable
1017,NAT_COURT_IT_P_BOLZ_SD_SIL,"Pretura di Bolzano, sezione distaccata di Silandro",ACT_EU_MS_IT,Italy,Silandro,"District Court of Bolzano, Silandro branch",1,lower court,not applicable,single judge,general,not applicable
1018,NAT_COURT_IT_P_BOLZ_SD_VIP,"Pretura di Bolzano, sezione distaccata di Vipiteno",ACT_EU_MS_IT,Italy,Vipiteno,"District Court of Bolzano, Vipiteno branch",1,lower court,not applicable,single judge,general,not applicable
1019,NAT_COURT_IT_P_BOV,Pretura di Bovino,ACT_EU_MS_IT,Italy,Bovino,District Court of Bovino,1,lower court,not applicable,single judge,general,not applicable
1020,NAT_COURT_IT_P_BRA,Pretura di Bra,ACT_EU_MS_IT,Italy,Bra,District Court of Bra,1,lower court,not applicable,single judge,general,not applicable
1021,NAT_COURT_IT_P_BRE,Pretura di Brescia,ACT_EU_MS_IT,Italy,Brescia,District Court of Brescia,1,lower court,not applicable,single judge,general,not applicable
1022,NAT_COURT_IT_P_CASE,Pretura di Caserta,ACT_EU_MS_IT,Italy,Caserta,District Court of Caserta,1,lower court,not applicable,single judge,general,not applicable
1023,NAT_COURT_IT_P_CAST,Pretura di Casteggio,ACT_EU_MS_IT,Italy,Casteggio,District Court of Casteggio,1,lower court,not applicable,single judge,general,not applicable
1024,NAT_COURT_IT_P_CAS_ARQ,Pretura di Castell'Arquato,ACT_EU_MS_IT,Italy,Castell'Arquato,District Court of Castell'Arquato,1,lower court,not applicable,single judge,general,not applicable
1025,NAT_COURT_IT_P_CEC,Pretura di Cecina,ACT_EU_MS_IT,Italy,Cecina,District Court of Cecina,1,lower court,not applicable,single judge,general,not applicable
1026,NAT_COURT_IT_P_CEN,Pretura di Cento,ACT_EU_MS_IT,Italy,Cento,District Court of Cento,1,lower court,not applicable,single judge,general,not applicable
1027,NAT_COURT_IT_P_CIT,Pretura di Cittadella,ACT_EU_MS_IT,Italy,Cittadella,District Court of Cittadella,1,lower court,not applicable,single judge,general,not applicable
1028,NAT_COURT_IT_P_COM,Pretura di Como,ACT_EU_MS_IT,Italy,Como,District Court of Como,1,lower court,not applicable,single judge,general,not applicable
1029,NAT_COURT_IT_P_CON,Pretura di Conegliano,ACT_EU_MS_IT,Italy,Conegliano,District Court of Conegliano,1,lower court,not applicable,single judge,general,not applicable
1030,NAT_COURT_IT_P_COP,Pretura di Copparo,ACT_EU_MS_IT,Italy,Copparo,District Court of Copparo,1,lower court,not applicable,single judge,general,not applicable
1031,NAT_COURT_IT_P_CUN,Pretura di Cuneo,ACT_EU_MS_IT,Italy,Cuneo,District Court of Cuneo,1,lower court,not applicable,single judge,general,not applicable
1032,NAT_COURT_IT_P_ENN,Pretura di Enna,ACT_EU_MS_IT,Italy,Enna,District Court of Enna,1,lower court,not applicable,single judge,general,not applicable
1033,NAT_COURT_IT_P_FIR,Pretura di Firenze,ACT_EU_MS_IT,Italy,Florence,District Court of Florence,1,lower court,not applicable,single judge,general,not applicable
1034,NAT_COURT_IT_P_FRA,Pretura di Frascati,ACT_EU_MS_IT,Italy,Frascati,District Court of Frascati,1,lower court,not applicable,single judge,general,not applicable
1035,NAT_COURT_IT_P_FRO,Pretura di Frosinone,ACT_EU_MS_IT,Italy,Frosinone,District Court of Frosinone,1,lower court,not applicable,single judge,general,not applicable
1036,NAT_COURT_IT_P_GEN,Pretura di Genova,ACT_EU_MS_IT,Italy,Genoa,District Court of Genoa,1,lower court,not applicable,single judge,general,not applicable
1037,NAT_COURT_IT_P_SPE,Pretura di La Spezia,ACT_EU_MS_IT,Italy,La Spezia,District Court of La Spezia,1,lower court,not applicable,single judge,general,not applicable
1038,NAT_COURT_IT_P_LAT,Pretura di Latina,ACT_EU_MS_IT,Italy,Latina,District Court of Latina,1,lower court,not applicable,single judge,general,not applicable
1039,NAT_COURT_IT_P_LEC,Pretura di Lecce,ACT_EU_MS_IT,Italy,Lecce,District Court of Lecce,1,lower court,not applicable,single judge,general,not applicable
1040,NAT_COURT_IT_P_LOD,Pretura di Lodi,ACT_EU_MS_IT,Italy,Lodi,District Court of Lodi,1,lower court,not applicable,single judge,general,not applicable
1041,NAT_COURT_IT_P_LON,Pretura di Lonato,ACT_EU_MS_IT,Italy,Lonato,District Court of Lonato,1,lower court,not applicable,single judge,general,not applicable
1042,NAT_COURT_IT_P_LUC,Pretura di Lucca,ACT_EU_MS_IT,Italy,Lucca,District Court of Lucca,1,lower court,not applicable,single judge,general,not applicable
1043,NAT_COURT_IT_P_MAC,Pretura di Macerata,ACT_EU_MS_IT,Italy,Macerata,District Court of Macerata,1,lower court,not applicable,single judge,general,not applicable
1044,NAT_COURT_IT_P_MIL,Pretura di Milano,ACT_EU_MS_IT,Italy,Milan,District Court of Milan,1,lower court,not applicable,single judge,general,not applicable
1045,NAT_COURT_IT_P_MON,Pretura di Montagnana,ACT_EU_MS_IT,Italy,Montagnana,District Court of Montagnana,1,lower court,not applicable,single judge,general,not applicable
1046,NAT_COURT_IT_P_PAD,Pretura di Padova,ACT_EU_MS_IT,Italy,Padua,District Court of Padova,1,lower court,not applicable,single judge,general,not applicable
1047,NAT_COURT_IT_P_PAR,Pretura di Parma,ACT_EU_MS_IT,Italy,Parma,District Court of Parma,1,lower court,not applicable,single judge,general,not applicable
1048,NAT_COURT_IT_P_PER,Pretura di Perugia,ACT_EU_MS_IT,Italy,Perugia,District Court of Perugia,1,lower court,not applicable,single judge,general,not applicable
1049,NAT_COURT_IT_P_PIN,Pretura di Pinerolo,ACT_EU_MS_IT,Italy,Pinerolo,District Court of Pinerolo,1,lower court,not applicable,single judge,general,not applicable
1050,NAT_COURT_IT_P_PIS,Pretura di Pisa,ACT_EU_MS_IT,Italy,Pisa,District Court of Pisa,1,lower court,not applicable,single judge,general,not applicable
1051,NAT_COURT_IT_P_POR,Pretura di Pordenone,ACT_EU_MS_IT,Italy,Pordenone,District Court of Pordenone,1,lower court,not applicable,single judge,general,not applicable
1052,NAT_COURT_IT_P_PRA,Pretura di Prato,ACT_EU_MS_IT,Italy,Prato,District Court of Prato,1,lower court,not applicable,single judge,general,not applicable
1053,NAT_COURT_IT_P_RAV,Pretura di Ravenna,ACT_EU_MS_IT,Italy,Ravenna,District Court of Ravenna,1,lower court,not applicable,single judge,general,not applicable
1054,NAT_COURT_IT_P_REC,Pretura di Recco,ACT_EU_MS_IT,Italy,Recco,District Court of Recco,1,lower court,not applicable,single judge,general,not applicable
1055,NAT_COURT_IT_P_REG_EMI,Pretura di Reggio Emilia,ACT_EU_MS_IT,Italy,Reggio Emilia,District Court of Reggio Emilia,1,lower court,not applicable,single judge,general,not applicable
1056,NAT_COURT_IT_P_ROM,Pretura di Roma,ACT_EU_MS_IT,Italy,Rome,District Court of Rome,1,lower court,not applicable,single judge,general,not applicable
1057,NAT_COURT_IT_P_SALE,Pretura di Salerno,ACT_EU_MS_IT,Italy,Salerno,District Court of Salerno,1,lower court,not applicable,single judge,general,not applicable
1058,NAT_COURT_IT_P_SALO,Pretura di Salò,ACT_EU_MS_IT,Italy,Salò,District Court of Salò,1,lower court,not applicable,single judge,general,not applicable
1059,NAT_COURT_IT_P_SAN_VIT_TAG,Pretura di San Vito al Tagliamento,ACT_EU_MS_IT,Italy,San Vito al Tagliamento,District Court of San Vito al Tagliamento,1,lower court,not applicable,single judge,general,not applicable
1060,NAT_COURT_IT_P_SAV,Pretura di Savona,ACT_EU_MS_IT,Italy,Savona,District Court of Savona,1,lower court,not applicable,single judge,general,not applicable
1061,NAT_COURT_IT_P_SUS,Pretura di Susa,ACT_EU_MS_IT,Italy,Susa,District Court of Susa,1,lower court,not applicable,single judge,general,not applicable
1062,NAT_COURT_IT_P_TER,Pretura di Terni,ACT_EU_MS_IT,Italy,Terni,District Court of Terni,1,lower court,not applicable,single judge,general,not applicable
1063,NAT_COURT_IT_P_TOR,Pretura di Torino,ACT_EU_MS_IT,Italy,Turin,District Court of Turin,1,lower court,not applicable,single judge,general,not applicable
1064,NAT_COURT_IT_P_TREN,Pretura di Trento,ACT_EU_MS_IT,Italy,Trento,District Court of Trento,1,lower court,not applicable,single judge,general,not applicable
1065,NAT_COURT_IT_P_TREV,Pretura di Treviso,ACT_EU_MS_IT,Italy,Treviso,District Court of Treviso,1,lower court,not applicable,single judge,general,not applicable
1066,NAT_COURT_IT_P_TRI,Pretura di Trieste,ACT_EU_MS_IT,Italy,Trieste,District Court of Trieste,1,lower court,not applicable,single judge,general,not applicable
1067,NAT_COURT_IT_P_UDI,Pretura di Udine,ACT_EU_MS_IT,Italy,Udine,District Court of Udine,1,lower court,not applicable,single judge,general,not applicable
1068,NAT_COURT_IT_P_VENA,Pretura di Venasca,ACT_EU_MS_IT,Italy,Venasca,District Court of Venasca,1,lower court,not applicable,single judge,general,not applicable
1069,NAT_COURT_IT_P_VENE,Pretura di Venezia,ACT_EU_MS_IT,Italy,Venice,District Court of Venice,1,lower court,not applicable,single judge,general,not applicable
1070,NAT_COURT_IT_P_VERC,Pretura di Vercelli,ACT_EU_MS_IT,Italy,Vercelli,District Court of Vercelli,1,lower court,not applicable,single judge,general,not applicable
1071,NAT_COURT_IT_P_VERO,Pretura di Verona,ACT_EU_MS_IT,Italy,Verona,District Court of Verona,1,lower court,not applicable,single judge,general,not applicable
1072,NAT_COURT_IT_P_VIC,Pretura di Vicenza,ACT_EU_MS_IT,Italy,Vicenza,District Court of Vicenza,1,lower court,not applicable,single judge,general,not applicable
1073,NAT_COURT_IT_P_VIG,Pretura di Vigevano,ACT_EU_MS_IT,Italy,Vigevano,District Court of Vigevano,1,lower court,not applicable,single judge,general,not applicable
1074,NAT_COURT_IT_P_VOL,Pretura di Volterra,ACT_EU_MS_IT,Italy,Volterra,District Court of Volterra,1,lower court,not applicable,single judge,general,not applicable
1075,NAT_COURT_IT_PU_CRE,Pretura unificata di Cremona,ACT_EU_MS_IT,Italy,Cremona,District Court of Cremona,1,lower court,not applicable,single judge,general,not applicable
1076,NAT_COURT_IT_PU_TOR,Pretura unificata di Torino,ACT_EU_MS_IT,Italy,Turin,District Court of Turin,1,lower court,not applicable,single judge,general,not applicable
1077,NAT_COURT_IT_PU_VEN,Pretura unificata di Venezia,ACT_EU_MS_IT,Italy,Venice,District Court of Venice,1,lower court,not applicable,single judge,general,not applicable
1078,NAT_COURT_IT_PR_TRE,Procura della Repubblica di Trento,ACT_EU_MS_IT,Italy,Trento,Prosecutor's Office of Trento,1,lower court,not applicable,single judge,specialized,criminal law
1079,NAT_COURT_IT_PR_TOR,Procura della Repubblica presso la Pretura di Torino,ACT_EU_MS_IT,Italy,Turin,Public Prosecutor's Office at the Turin District Court,1,lower court,not applicable,single judge,specialized,criminal law
1080,NAT_COURT_IT_TAR_FRI_VEN_GIU,Tribunale amministrativo regionale per il Friuli-Venezia Giulia,ACT_EU_MS_IT,Italy,Trieste,Regional Administrative Court for Friuli-Venezia Giulia,1,lower court,not applicable,panel,administrative,not applicable
1081,NAT_COURT_IT_TAR_LAZ,Tribunale amministrativo regionale per il Lazio,ACT_EU_MS_IT,Italy,Rome,Regional Administrative Court for Lazio,1,lower court,not applicable,panel,administrative,not applicable
1082,NAT_COURT_IT_TAR_PIE,Tribunale amministrativo regionale per il Piemonte,ACT_EU_MS_IT,Italy,Turin,Regional Administrative Court for Piemonte,1,lower court,not applicable,panel,administrative,not applicable
1083,NAT_COURT_IT_TAR_VEN,Tribunale amministrativo regionale per il Veneto,ACT_EU_MS_IT,Italy,Venice,Regional Administrative Court for Veneto,1,lower court,not applicable,panel,administrative,not applicable
1084,NAT_COURT_IT_TAR_EMI_ROM,Tribunale amministrativo regionale per l'Emilia-Romagna,ACT_EU_MS_IT,Italy,Bologna,Regional Administrative Court for Emilia-Romagna,1,lower court,not applicable,panel,administrative,not applicable
1085,NAT_COURT_IT_TAR_CAL,Tribunale amministrativo regionale per la Calabria,ACT_EU_MS_IT,Italy,Reggio Emilia,Regional Administrative Court for Calabria,1,lower court,not applicable,panel,administrative,not applicable
1086,NAT_COURT_IT_TAR_CAM,Tribunale amministrativo regionale per la Campania,ACT_EU_MS_IT,Italy,Naples,Regional Administrative Court for Campania,1,lower court,not applicable,panel,administrative,not applicable
1087,NAT_COURT_IT_TAR_LIG,Tribunale amministrativo regionale per la Liguria,ACT_EU_MS_IT,Italy,Genoa,Regional Administrative Court for Liguria,1,lower court,not applicable,panel,administrative,not applicable
1088,NAT_COURT_IT_TAR_LOM,Tribunale amministrativo regionale per la Lombardia,ACT_EU_MS_IT,Italy,Milan,Regional Administrative Court for Lombardy,1,lower court,not applicable,panel,administrative,not applicable
1089,NAT_COURT_IT_TAR_PUG,Tribunale amministrativo regionale per la Puglia,ACT_EU_MS_IT,Italy,Bari,Regional Administrative Court for Puglia,1,lower court,not applicable,panel,administrative,not applicable
1090,NAT_COURT_IT_TAR_SAR,Tribunale amministrativo regionale per la Sardegna,ACT_EU_MS_IT,Italy,Cagliari,Regional Administrative Court for Sardegna,1,lower court,not applicable,panel,administrative,not applicable
1091,NAT_COURT_IT_TAR_SIC,Tribunale amministrativo regionale per la Sicilia,ACT_EU_MS_IT,Italy,Palermo,Regional Administrative Court for Sicily,1,lower court,not applicable,panel,administrative,not applicable
1092,NAT_COURT_IT_TAR_TOS,Tribunale amministrativo regionale per la Toscana,ACT_EU_MS_IT,Italy,Florence,Regional Administrative Court for Tuscany,1,lower court,not applicable,panel,administrative,not applicable
1093,NAT_COURT_IT_TAR_MAR,Tribunale amministrativo regionale per le Marche,ACT_EU_MS_IT,Italy,Ancona,Regional Administrative Court the Marche,1,lower court,not applicable,panel,administrative,not applicable
1094,NAT_COURT_IT_TC_MOD,Tribunale civile di Modena,ACT_EU_MS_IT,Italy,Modena,Civil Court of First Instance of Modena,1,lower court,not applicable,not available,general,not applicable
1095,NAT_COURT_IT_TC_ROM,Tribunale civile di Roma,ACT_EU_MS_IT,Italy,Rome,Civil Court of First Instance of Rome,1,lower court,not applicable,not available,general,not applicable
1096,NAT_COURT_IT_TC_FOR,Tribunale civile e penale di Forlì,ACT_EU_MS_IT,Italy,Forlì,Civil and Criminal Court of First Instance of Forlì,1,lower court,not applicable,not available,general,not applicable
1097,NAT_COURT_IT_TC_GEN,Tribunale civile e penale di Genova,ACT_EU_MS_IT,Italy,Genoa,Civil and Criminal Court of First Insance of Genoa,1,lower court,not applicable,not available,general,not applicable
1098,NAT_COURT_IT_TCP_ROM,Tribunale civile e penale di Roma,ACT_EU_MS_IT,Italy,Rome,Civil and Criminal Court of First Insance of Rome,1,lower court,not applicable,not available,general,not applicable
1099,NAT_COURT_IT_TC_VEN,Tribunale civile e penale di Venezia,ACT_EU_MS_IT,Italy,Venice,Civil and Criminal Court of First Insance of Venice,1,lower court,not applicable,not available,general,not applicable
1100,NAT_COURT_IT_T_ANC,Tribunale di Ancona,ACT_EU_MS_IT,Italy,Ancona,Court of First Instance of Ancona,1,lower court,not applicable,single judge,general,not applicable
1101,NAT_COURT_IT_T_ASC_PIC,Tribunale di Ascoli Piceno,ACT_EU_MS_IT,Italy,Ascoli Piceno,Court of First Instance of Ascoli Piceno,1,lower court,not applicable,single judge,general,not applicable
1102,NAT_COURT_IT_T_AST,Tribunale di Asti,ACT_EU_MS_IT,Italy,Asti,Court of First Instance of Asti,1,lower court,not applicable,single judge,general,not applicable
1103,NAT_COURT_IT_T_BAR,Tribunale di Bari,ACT_EU_MS_IT,Italy,Bari,Court of First Instance of Bari,1,lower court,not applicable,single judge,general,not applicable
1104,NAT_COURT_IT_T_BER,Tribunale di Bergamo,ACT_EU_MS_IT,Italy,Bergamo,Court of First Instance of Bergamo,1,lower court,not applicable,single judge,general,not applicable
1105,NAT_COURT_IT_T_BIE,Tribunale di Biella,ACT_EU_MS_IT,Italy,Biella,Court of First Instance of Biella,1,lower court,not applicable,single judge,general,not applicable
1106,NAT_COURT_IT_T_BOLO,Tribunale di Bologna,ACT_EU_MS_IT,Italy,Bologna,Court of First Instance of Bologna,1,lower court,not applicable,single judge,general,not applicable
1107,NAT_COURT_IT_T_BOLZ,Tribunale di Bolzano,ACT_EU_MS_IT,Italy,Bolzano,Court of First Instance of Bolzano,1,lower court,not applicable,single judge,general,not applicable
1108,NAT_COURT_IT_T_BRE,Tribunale di Brescia,ACT_EU_MS_IT,Italy,Brescia,Court of First Instance of Brescia,1,lower court,not applicable,single judge,general,not applicable
1109,NAT_COURT_IT_T_BRI,Tribunale di Brindisi,ACT_EU_MS_IT,Italy,Brindisi,Court of First Instance of Brindisi,1,lower court,not applicable,single judge,general,not applicable
1110,NAT_COURT_IT_T_CAG,Tribunale di Cagliari,ACT_EU_MS_IT,Italy,Cagliari,Court of First Instance of Cagliari,1,lower court,not applicable,single judge,general,not applicable
1111,NAT_COURT_IT_T_CAM,Tribunale di Campobasso,ACT_EU_MS_IT,Italy,Campobasso,Court of First Instance of Campobasso,1,lower court,not applicable,single judge,general,not applicable
1112,NAT_COURT_IT_T_CHI,Tribunale di Chiavari,ACT_EU_MS_IT,Italy,Chiavari,Court of First Instance of Chiavari,1,lower court,not applicable,single judge,general,not applicable
1113,NAT_COURT_IT_T_COM,Tribunale di Como,ACT_EU_MS_IT,Italy,Como,Court of First Instance of Como,1,lower court,not applicable,single judge,general,not applicable
1114,NAT_COURT_IT_T_COS,Tribunale di Cosenza,ACT_EU_MS_IT,Italy,Cosenza,Court of First Instance of Cosenza,1,lower court,not applicable,single judge,general,not applicable
1115,NAT_COURT_IT_T_CUN,Tribunale di Cuneo,ACT_EU_MS_IT,Italy,Cuneo,Court of First Instance of Cuneo,1,lower court,not applicable,single judge,general,not applicable
1116,NAT_COURT_IT_T_FER,Tribunale di Fermo,ACT_EU_MS_IT,Italy,Fermo,Court of First Instance of Fermo,1,lower court,not applicable,single judge,general,not applicable
1117,NAT_COURT_IT_T_FIR,Tribunale di Firenze,ACT_EU_MS_IT,Italy,Florence,Court of First Instance of Florence,1,lower court,not applicable,single judge,general,not applicable
1118,NAT_COURT_IT_T_FRO,Tribunale di Frosinone,ACT_EU_MS_IT,Italy,Frosinone,Court of First Instance of Frosinone,1,lower court,not applicable,single judge,general,not applicable
1119,NAT_COURT_IT_T_GEN,Tribunale di Genova,ACT_EU_MS_IT,Italy,Genoa,Court of First Instance of Genoa,1,lower court,not applicable,single judge,general,not applicable
1120,NAT_COURT_IT_T_ISE,Tribunale di Isernia,ACT_EU_MS_IT,Italy,Isernia,Court of First Instance of Isernia,1,lower court,not applicable,single judge,general,not applicable
1121,NAT_COURT_IT_T_SPE,Tribunale di La Spezia,ACT_EU_MS_IT,Italy,La Spezia,Court of First Instance of La Spezia,1,lower court,not applicable,single judge,general,not applicable
1122,NAT_COURT_IT_T_LAR,Tribunale di Larino,ACT_EU_MS_IT,Italy,Larino,Court of First Instance of Larino,1,lower court,not applicable,single judge,general,not applicable
1123,NAT_COURT_IT_T_LUC,Tribunale di Lucca,ACT_EU_MS_IT,Italy,Lucca,Court of First Instance of Lucca,1,lower court,not applicable,single judge,general,not applicable
1124,NAT_COURT_IT_T_MIL,Tribunale di Milano,ACT_EU_MS_IT,Italy,Milan,Court of First Instance of Milan,1,lower court,not applicable,single judge,general,not applicable
1125,NAT_COURT_IT_T_NAP,Tribunale di Napoli,ACT_EU_MS_IT,Italy,Naples,Court of First Instance of Naples,1,lower court,not applicable,single judge,general,not applicable
1126,NAT_COURT_IT_T_NOC_INF,Tribunale di Nocera Inferiore,ACT_EU_MS_IT,Italy,Nocera Inferiore,Court of First Instance of Nocera Inferiore,1,lower court,not applicable,single judge,general,not applicable
1127,NAT_COURT_IT_T_NOV,Tribunale di Novara,ACT_EU_MS_IT,Italy,Novara,Court of First Instance of Novara,1,lower court,not applicable,single judge,general,not applicable
1128,NAT_COURT_IT_T_PAD,Tribunale di Padova,ACT_EU_MS_IT,Italy,Padua,Court of First Instance of Padua,1,lower court,not applicable,single judge,general,not applicable
1129,NAT_COURT_IT_T_PAL,Tribunale di Palermo,ACT_EU_MS_IT,Italy,Palermo,Court of First Instance of Palermo,1,lower court,not applicable,single judge,general,not applicable
1130,NAT_COURT_IT_T_PAR,Tribunale di Parma,ACT_EU_MS_IT,Italy,Parma,Court of First Instance of Parma,1,lower court,not applicable,single judge,general,not applicable
1131,NAT_COURT_IT_T_PAV,Tribunale di Pavia,ACT_EU_MS_IT,Italy,Pavia,Court of First Instance of Pavia,1,lower court,not applicable,single judge,general,not applicable
1132,NAT_COURT_IT_T_PIA,Tribunale di Piacenza,ACT_EU_MS_IT,Italy,Piacenza,Court of First Instance of Piacenza,1,lower court,not applicable,single judge,general,not applicable
1133,NAT_COURT_IT_T_PISA,Tribunale di Pisa,ACT_EU_MS_IT,Italy,Pisa,Court of First Instance of Pisa,1,lower court,not applicable,single judge,general,not applicable
1134,NAT_COURT_IT_T_PIST,Tribunale di Pistoia,ACT_EU_MS_IT,Italy,Pistoia,Court of First Instance of Pistoia,1,lower court,not applicable,single judge,general,not applicable
1135,NAT_COURT_IT_T_POR,Tribunale di Pordenone,ACT_EU_MS_IT,Italy,Pordenone,Court of First Instance of Pordenone,1,lower court,not applicable,single judge,general,not applicable
1136,NAT_COURT_IT_T_RAG,Tribunale di Ragusa,ACT_EU_MS_IT,Italy,Ragusa,Court of First Instance of Ragusa,1,lower court,not applicable,single judge,general,not applicable
1137,NAT_COURT_IT_T_RAV,Tribunale di Ravenna,ACT_EU_MS_IT,Italy,Ravenna,Court of First Instance of Ravenna,1,lower court,not applicable,single judge,general,not applicable
1138,NAT_COURT_IT_T_RAG_CAL,Tribunale di Reggio Calabria,ACT_EU_MS_IT,Italy,Reggio Calabria,Court of First Instance of Reggio Calabria,1,lower court,not applicable,single judge,general,not applicable
1139,NAT_COURT_IT_T_ROM,Tribunale di Roma,ACT_EU_MS_IT,Italy,Rome,Court of First Instance of Rome,1,lower court,not applicable,single judge,general,not applicable
1140,NAT_COURT_IT_T_ROV,Tribunale di Rovigo,ACT_EU_MS_IT,Italy,Rovigo,Court of First Instance of Rovigo,1,lower court,not applicable,single judge,general,not applicable
1141,NAT_COURT_IT_T_SALE,Tribunale di Salerno,ACT_EU_MS_IT,Italy,Salerno,Court of First Instance of Salerno,1,lower court,not applicable,single judge,general,not applicable
1142,NAT_COURT_IT_T_SALU,Tribunale di Saluzzo,ACT_EU_MS_IT,Italy,Saluzzo,Court of First Instance of Saluzzo,1,lower court,not applicable,single judge,general,not applicable
1143,NAT_COURT_IT_T_SAN_MAR_CAP_VET,Tribunale di Santa Maria Capua Vetere,ACT_EU_MS_IT,Italy,Santa Maria Capua Vetere,Court of First Instance of Santa Maria Capua Vetere,1,lower court,not applicable,single judge,general,not applicable
1144,NAT_COURT_IT_T_SIE,Tribunale di Siena,ACT_EU_MS_IT,Italy,Siena,Court of First Instance of Siena,1,lower court,not applicable,single judge,general,not applicable
1145,NAT_COURT_IT_T_TERA,Tribunale di Teramo,ACT_EU_MS_IT,Italy,Teramo,Court of First Instance of Teramo,1,lower court,not applicable,single judge,general,not applicable
1146,NAT_COURT_IT_T_TERN,Tribunale di Terni,ACT_EU_MS_IT,Italy,Terni,Court of First Instance of Terni,1,lower court,not applicable,single judge,general,not applicable
1147,NAT_COURT_IT_T_TIV,Tribunale di Tivoli,ACT_EU_MS_IT,Italy,Tivoli,Court of First Instance of Tivoli,1,lower court,not applicable,single judge,general,not applicable
1148,NAT_COURT_IT_T_TOR,Tribunale di Torino,ACT_EU_MS_IT,Italy,Turin,Court of First Instance of Turin,1,lower court,not applicable,single judge,general,not applicable
1149,NAT_COURT_IT_T_TRAN,Tribunale di Trani,ACT_EU_MS_IT,Italy,Trani,Court of First Instance of Trani,1,lower court,not applicable,single judge,general,not applicable
1150,NAT_COURT_IT_T_TRAP,Tribunale di Trapani,ACT_EU_MS_IT,Italy,Trapani,Court of First Instance of Trapani,1,lower court,not applicable,single judge,general,not applicable
1151,NAT_COURT_IT_T_TREN,Tribunale di Trento,ACT_EU_MS_IT,Italy,Trento,Court of First Instance of Trento,1,lower court,not applicable,single judge,general,not applicable
1152,NAT_COURT_IT_T_TREV,Tribunale di Treviso,ACT_EU_MS_IT,Italy,Treviso,Court of First Instance of Treviso,1,lower court,not applicable,single judge,general,not applicable
1153,NAT_COURT_IT_T_TRIE,Tribunale di Trieste,ACT_EU_MS_IT,Italy,Trieste,Court of First Instance of Trieste,1,lower court,not applicable,single judge,general,not applicable
1154,NAT_COURT_IT_T_UDI,Tribunale di Udine,ACT_EU_MS_IT,Italy,Udine,Court of First Instance of Udine,1,lower court,not applicable,single judge,general,not applicable
1155,NAT_COURT_IT_T_VAR,Tribunale di Varese,ACT_EU_MS_IT,Italy,Varese,Court of First Instance of Varese,1,lower court,not applicable,single judge,general,not applicable
1156,NAT_COURT_IT_T_VEN,Tribunale di Venezia,ACT_EU_MS_IT,Italy,Venice,Court of First Instance of Venezia,1,lower court,not applicable,single judge,general,not applicable
1157,NAT_COURT_IT_T_VER,Tribunale di Verona,ACT_EU_MS_IT,Italy,Verona,Court of First Instance of Verona,1,lower court,not applicable,single judge,general,not applicable
1158,NAT_COURT_IT_T_VIC,Tribunale di Vicenza,ACT_EU_MS_IT,Italy,Vicenza,Court of First Instance of Vicenza,1,lower court,not applicable,single judge,general,not applicable
1159,NAT_COURT_IT_T_VOG,Tribunale di Voghera,ACT_EU_MS_IT,Italy,Voghera,Court of First Instance of Voghera,1,lower court,not applicable,single judge,general,not applicable
1160,NAT_COURT_IT_TO_NOV,Tribunale ordinario di novara,ACT_EU_MS_IT,Italy,Novara,Ordinary Court of Novara,1,lower court,not applicable,not available,general,not applicable
1161,NAT_COURT_IT_TRGA_TRE,Tribunale regionale di giustizia amministrativa di Trento,ACT_EU_MS_IT,Italy,Trento,Regional Administrative Court of Trento,1,lower court,not applicable,panel,administrative,not applicable
1162,NAT_COURT_IT_UC_ROM,Ufficio di conciliazione di Roma,ACT_EU_MS_IT,Italy,Rome,Justice of the Peace of Rome,1,lower court,not applicable,single judge,general,not applicable
1163,NAT_COURT_IT_VWG_AS_PRO_BOZ,"Verwaltungsgericht, Autonome Sektion für die Provinz Bozen",ACT_EU_MS_IT,Italy,Bolzano,"Administrative Court, Autonomous Section for the Province of Bolzano",1,lower court,not applicable,panel,administrative,not applicable
1164,NAT_COURT_LI_LAPT,Lietuvos apeliacinis teismas,ACT_EU_MS_LT,Lithuania,Vilnius,Court of Appeal of Lithuania,1,mid-level court,not applicable,panel,general,not applicable
1165,NAT_COURT_LI_LAUT,Lietuvos Aukščiausiasis Teismas,ACT_EU_MS_LT,Lithuania,Vilnius,Supreme Court of Lithuania,1,higher court,not applicable,panel,general,not applicable
1166,NAT_COURT_LI_LRKT,Lietuvos Respublikos Konstitucinis Teismas,ACT_EU_MS_LT,Lithuania,Vilnius,Constitutional Court of Lithuania,0,not applicable,not available,panel,constitutional,not applicable
1167,NAT_COURT_LI_LVAT,Lietuvos vyriausiasis administracinis teismas,ACT_EU_MS_LT,Lithuania,Vilnius,Supreme Administrative Court of Lithuania,1,higher court,not applicable,panel,administrative,not applicable
1168,NAT_COURT_LI_MGKLRV,Mokestinių ginčų komisija prie Lietuvos Respublikos vyriausybės,ACT_EU_MS_LT,Lithuania,not available,Tax Disputes Commission under the Government of the Republic of Lithuania,0,not applicable,not available,not available,specialized,tax law
1169,NAT_COURT_LI_AAT_VIL,Vilniaus apygardos administracinis teismas,ACT_EU_MS_LT,Lithuania,Vilnius,Regional Administrative Court of Vilnius,1,lower court,not applicable,not available,administrative,not applicable
1170,NAT_COURT_LI_AT_VIL,Vilniaus apygardos teismas,ACT_EU_MS_LT,Lithuania,Vilnius,Vilnius Regional Court,1,lower court,not applicable,not available,general,not applicable
1171,NAT_COURT_LI_MAT_VIL,Vilniaus miesto apylinkės teismas,ACT_EU_MS_LT,Lithuania,Vilnius,City District Court of Vilnius,1,lower court,not applicable,not available,general,not applicable
1172,NAT_COURT_LU_BGH,Benelux Gerechtshof,ACT_EU_MS_LU,Luxembourg,Luxembourg,Benelux Court of Justice,0,not applicable,higher court,panel,general,not applicable
1173,NAT_COURT_LU_CAAS,Conseil arbitral des assurances sociales,ACT_EU_MS_LU,Luxembourg,Luxembourg,Social Insurance Arbitration Board,1,lower court,not applicable,panel,specialized,social security law
1174,NAT_COURT_LU_CE,Conseil d'État,ACT_EU_MS_LU,Luxembourg,Luxembourg,Council of State,1,higher court,not applicable,panel,administrative,not applicable
1175,NAT_COURT_LU_CSSS,Conseil supérieur de la sécurité sociale,ACT_EU_MS_LU,Luxembourg,Luxembourg,Social Insurance Appeals Board,1,mid-level court,not applicable,panel,specialized,social security law
1176,NAT_COURT_LU_CSAS,Conseil supérieur des assurances sociales,ACT_EU_MS_LU,Luxembourg,Luxembourg,Social Insurance Appeals Board,1,mid-level court,not applicable,panel,specialized,social security law
1177,NAT_COURT_LU_CAD,Cour administrative,ACT_EU_MS_LU,Luxembourg,Luxembourg,Administrative Court of Luxembourg,1,higher court,not applicable,panel,administrative,not applicable
1178,NAT_COURT_LU_CCON,Cour constitutionnelle,ACT_EU_MS_LU,Luxembourg,Luxembourg,Constitutional Court,0,not applicable,higher court,panel,constitutional,not applicable
1179,NAT_COURT_LU_CAP,Cour d'appel,ACT_EU_MS_LU,Luxembourg,Luxembourg,Court of Appeal,1,mid-level court,not applicable,panel,general,not applicable
1180,NAT_COURT_LU_CCAS,Cour de cassation,ACT_EU_MS_LU,Luxembourg,Luxembourg,Court of Cassation,1,higher court,not applicable,panel,general,not applicable
1181,NAT_COURT_LU_CSJ,Cour supérieure de justice,ACT_EU_MS_LU,Luxembourg,Luxembourg,Supreme Court of Justice,1,higher court,not applicable,panel,general,not applicable
1182,NAT_COURT_LU_DCDA,Directeur des contributions directes et des accises,ACT_EU_MS_LU,Luxembourg,not available,Director of Direct Taxes and Excise,0,not applicable,not available,not available,specialized,tax law
1183,NAT_COURT_LU_TAD,Tribunal administratif,ACT_EU_MS_LU,Luxembourg,Luxembourg,Administrative Court of First Instance,1,lower court,not applicable,panel,administrative,not applicable
1184,NAT_COURT_LU_TAR,Tribunal d'arrondissement,ACT_EU_MS_LU,Luxembourg,Luxembourg,District Court of Luxembourg,1,lower court,not applicable,panel,general,not applicable
1185,NAT_COURT_LU_TPA,Tribunal de paix,ACT_EU_MS_LU,Luxembourg,Luxembourg,Peace Court of Luxembourg,1,lower court,not applicable,single judge,general,not applicable
1186,NAT_COURT_LU_TPO,Tribunal de police,ACT_EU_MS_LU,Luxembourg,Luxembourg,Luxembourg Police Court,1,lower court,not applicable,single judge,specialized,criminal law
1187,NAT_COURT_LU_TT_ESC_ALZ,Tribunal du travail d'Esch-sur-Alzette,ACT_EU_MS_LU,Luxembourg,Esch-sur-Alzette,Labor Court of Esch-sur-Alzette,1,lower court,not applicable,panel,specialized,labor law
1188,NAT_COURT_LT_AA,Administratīvā apgabaltiesa,ACT_EU_MS_LV,Latvia,Riga,Regional Administrative Court,1,mid-level court,not applicable,panel,administrative,not applicable
1189,NAT_COURT_LT_ART,Administratīvā rajona tiesa,ACT_EU_MS_LV,Latvia,Riga,District Administrative Court of Riga,1,lower court,not applicable,single judge,administrative,not applicable
1190,NAT_COURT_LT_AT,Augstākā tiesa,ACT_EU_MS_LV,Latvia,Riga,Supreme Court,1,higher court,not applicable,panel,general,not applicable
1191,NAT_COURT_LT_AT_ALD,"Augstākās tiesas, Administratīvo lietu departaments",ACT_EU_MS_LV,Latvia,Riga,Supreme Court - Administrative Section,1,higher court,not applicable,panel,administrative,not applicable
1192,NAT_COURT_LT_AT_CD,"Augstākās tiesas, Civillietu departaments",ACT_EU_MS_LV,Latvia,Riga,Supreme Court - Civil Section,1,higher court,not applicable,panel,general,not applicable
1193,NAT_COURT_LT_T_REZ,Rēzeknes tiesa,ACT_EU_MS_LV,Latvia,Rēzekne,Rēzekne City Court,1,lower court,not applicable,single judge,general,not applicable
1194,NAT_COURT_LT_AT_RIG_CTK,"Rīgas apgabaltiesas, Civillietu tiesas kolēģija",ACT_EU_MS_LV,Latvia,Riga,Riga Regional Court - Civil Chamber,1,mid-level court,not applicable,panel,general,not applicable
1195,NAT_COURT_LT_AT_RIG_KTK,"Rīgas apgabaltiesas, Krimināllietu tiesu kolēģija",ACT_EU_MS_LV,Latvia,Riga,Riga Regional Court - Criminal Chamber,1,mid-level court,not applicable,panel,specialized,criminal law
1196,NAT_COURT_LT_RT_RIG,Rīgas rajona tiesa,ACT_EU_MS_LV,Latvia,Riga,Riga District Court,1,lower court,not applicable,single judge,general,not applicable
1197,NAT_COURT_LT_ST,Satversmes tiesa,ACT_EU_MS_LV,Latvia,Riga,Constitutional Court of Latvia,0,not applicable,not available,panel,constitutional,not applicable
1198,NAT_COURT_ML_PAQC,Prim'Awla tal-Qorti Ċivili,ACT_EU_MS_MT,Malta,Valletta,First Hall of the Civil Court,1,lower court,not applicable,not available,general,not applicable
1199,NAT_COURT_ML_QK,Qorti Kostituzzjonali,ACT_EU_MS_MT,Malta,Valletta,Constitutional Court of Malta,1,higher court,not applicable,panel,constitutional,not applicable
1200,NAT_COURT_NE_AR_GRA,Arrondissementsrechtbank 's-Gravenhage,ACT_EU_MS_NL,Netherlands,The Hague,District Court of The Hague,1,lower court,not applicable,single judge,general,not applicable
1201,NAT_COURT_NE_AR_HER,Arrondissementsrechtbank 's-Hertogenbosch,ACT_EU_MS_NL,Netherlands,'s-Hertogenbosch,District Court of 's-Hertogenbosch,1,lower court,not applicable,single judge,general,not applicable
1202,NAT_COURT_NE_AR_ALK,Arrondissementsrechtbank Alkmaar,ACT_EU_MS_NL,Netherlands,Alkmaar,District Court of Alkmaar,1,lower court,not applicable,single judge,general,not applicable
1203,NAT_COURT_NE_AR_ALM,Arrondissementsrechtbank Almelo,ACT_EU_MS_NL,Netherlands,Almelo,District Court of Almelo,1,lower court,not applicable,single judge,general,not applicable
1204,NAT_COURT_NE_AR_AMS,Arrondissementsrechtbank Amsterdam,ACT_EU_MS_NL,Netherlands,Amsterdam,District Court of Amsterdam,1,lower court,not applicable,single judge,general,not applicable
1205,NAT_COURT_NE_AR_ARN,Arrondissementsrechtbank Arnhem,ACT_EU_MS_NL,Netherlands,Arnhem,District Court of Arnhem,1,lower court,not applicable,single judge,general,not applicable
1206,NAT_COURT_NE_AR_ASS,Arrondissementsrechtbank Assen,ACT_EU_MS_NL,Netherlands,Assen,District Court of Assen,1,lower court,not applicable,single judge,general,not applicable
1207,NAT_COURT_NE_AR_BRE,Arrondissementsrechtbank Breda,ACT_EU_MS_NL,Netherlands,Breda,District Court of Breda,1,lower court,not applicable,single judge,general,not applicable
1208,NAT_COURT_NE_AR_HAA,Arrondissementsrechtbank Haarlem,ACT_EU_MS_NL,Netherlands,Haarlem,District Court of Haarlem,1,lower court,not applicable,single judge,general,not applicable
1209,NAT_COURT_NE_AR_LEE,Arrondissementsrechtbank Leeuwarden,ACT_EU_MS_NL,Netherlands,Leeuwarden,District Court of Leeuwarden,1,lower court,not applicable,single judge,general,not applicable
1210,NAT_COURT_NE_AR_MAA,Arrondissementsrechtbank Maastricht,ACT_EU_MS_NL,Netherlands,Maastricht,District Court of Maastricht,1,lower court,not applicable,single judge,general,not applicable
1211,NAT_COURT_NE_AR_MID,Arrondissementsrechtbank Middelburg,ACT_EU_MS_NL,Netherlands,Middelburg,District Court of Middelburg,1,lower court,not applicable,single judge,general,not applicable
1212,NAT_COURT_NE_AR_ROE,Arrondissementsrechtbank Roermond,ACT_EU_MS_NL,Netherlands,Roermond,District Court of Roermond,1,lower court,not applicable,single judge,general,not applicable
1213,NAT_COURT_NE_AR_ROT,Arrondissementsrechtbank Rotterdam,ACT_EU_MS_NL,Netherlands,Rotterdam,District Court of Rotterdam,1,lower court,not applicable,single judge,general,not applicable
1214,NAT_COURT_NE_AR_UTR,Arrondissementsrechtbank Utrecht,ACT_EU_MS_NL,Netherlands,Utrecht,District Court of Utrecht,1,lower court,not applicable,single judge,general,not applicable
1215,NAT_COURT_NE_AR_ZUT,Arrondissementsrechtbank Zutphen,ACT_EU_MS_NL,Netherlands,Zutphen,District Court of Zutphen,1,lower court,not applicable,single judge,general,not applicable
1216,NAT_COURT_NE_AR_ZWO,Arrondissementsrechtbank Zwolle,ACT_EU_MS_NL,Netherlands,Zwolle,District Court of Zwolle,1,lower court,not applicable,single judge,general,not applicable
1217,NAT_COURT_NE_CRB,Centrale Raad van Beroep,ACT_EU_MS_NL,Netherlands,Utrecht,Central Appeals Tribunal,1,higher court,not applicable,not available,specialized,social security law
1218,NAT_COURT_NE_COLBS,College van Beroep Studiefinanciering,ACT_EU_MS_NL,Netherlands,Groningen,Student Finance Appeals Board,0,not applicable,not available,not available,specialized,education policy
1219,NAT_COURT_NE_CBB,College van Beroep voor het Bedrijfsleven,ACT_EU_MS_NL,Netherlands,The Hague,Trade and Industry Appeals Tribunal,1,higher court,not applicable,not available,specialized,social law
1220,NAT_COURT_NE_CBH_GRA,Commissie van Beroep Huisartsgeneeskunde 's-Gravenhage,ACT_EU_MS_NL,Netherlands,The Hague,Committee of the Profession of General Practice in The Hague,0,not applicable,not available,not available,specialized,professional board
1221,NAT_COURT_NE_COMBS,Commissie van Beroep Studiefinanciering,ACT_EU_MS_NL,Netherlands,Groningen,Appeals Committee for Student Finance,0,not applicable,not available,not available,specialized,education policy
1222,NAT_COURT_NE_GH_GRA,Gerechtshof 's-Gravenhage,ACT_EU_MS_NL,Netherlands,The Hague,Court of Appeal of The Hague,1,mid-level court,not applicable,panel,general,not applicable
1223,NAT_COURT_NE_GH_HER,Gerechtshof 's-Hertogenbosch,ACT_EU_MS_NL,Netherlands,s-Hertogenbosch,Court of Appeal of 's-Hertogenbosch,1,mid-level court,not applicable,panel,general,not applicable
1224,NAT_COURT_NE_GH_AMS,Gerechtshof Amsterdam,ACT_EU_MS_NL,Netherlands,Amsterdam,Court of Appeal of Amsterdam,1,mid-level court,not applicable,panel,general,not applicable
1225,NAT_COURT_NE_GH_ARN,Gerechtshof Arnhem,ACT_EU_MS_NL,Netherlands,Arnhem,Court of Appeal of Arnhem,1,mid-level court,not applicable,panel,general,not applicable
1226,NAT_COURT_NE_GH_ARN_LEE,Gerechtshof Arnhem-Leeuwarden,ACT_EU_MS_NL,Netherlands,Arnhem,Court of Appeal of Arnhem-Leeuwarden,1,mid-level court,not applicable,panel,general,not applicable
1227,NAT_COURT_NE_GH_HAA,Gerechtshof Den Haag,ACT_EU_MS_NL,Netherlands,The Hague,Court of Appeal of The Hague,1,mid-level court,not applicable,panel,general,not applicable
1228,NAT_COURT_NE_GH_LEE,Gerechtshof Leeuwarden,ACT_EU_MS_NL,Netherlands,Leeuwarden,Court of Appeal of Leeuwarden,1,mid-level court,not applicable,panel,general,not applicable
1229,NAT_COURT_NE_HRN,Hoge Raad der Nederlanden,ACT_EU_MS_NL,Netherlands,The Hague,Supreme Court of the Netherlands,1,higher court,not applicable,panel,general,not applicable
1230,NAT_COURT_NE_KG_GRA,Kantongerecht 's-Gravenhage,ACT_EU_MS_NL,Netherlands,The Hague,Sub-district Court of The Hague,1,lower court,not applicable,single judge,general,not applicable
1231,NAT_COURT_NE_KG_AMS,Kantongerecht Amsterdam,ACT_EU_MS_NL,Netherlands,Amsterdam,Sub-district Court of Amsterdam,1,lower court,not applicable,single judge,general,not applicable
1232,NAT_COURT_NE_KG_APE,Kantongerecht Apeldoorn,ACT_EU_MS_NL,Netherlands,Apeldoorn,Sub-district Court of Apeldoorn,1,lower court,not applicable,single judge,general,not applicable
1233,NAT_COURT_NE_KG_ARN,Kantongerecht Arnhem,ACT_EU_MS_NL,Netherlands,Arnhem,Sub-district Court of Arnhem,1,lower court,not applicable,single judge,general,not applicable
1234,NAT_COURT_NE_KG_BEE,Kantongerecht Beetsterzwaag,ACT_EU_MS_NL,Netherlands,Beetsterzwaag,Sub-district Court of Beetsterzwaag,1,lower court,not applicable,single judge,general,not applicable
1235,NAT_COURT_NE_KG_GRO,Kantongerecht Groningen,ACT_EU_MS_NL,Netherlands,Groningen,Sub-district Court of Groningen,1,lower court,not applicable,single judge,general,not applicable
1236,NAT_COURT_NE_KG_NIJ,Kantongerecht Nijmegen,ACT_EU_MS_NL,Netherlands,Nijmegen,Sub-district Court of Nijmegen,1,lower court,not applicable,single judge,general,not applicable
1237,NAT_COURT_NE_KG_ROE,Kantongerecht Roermond,ACT_EU_MS_NL,Netherlands,Roermond,Sub-district Court of Roermond,1,lower court,not applicable,single judge,general,not applicable
1238,NAT_COURT_NE_KG_ROT,Kantongerecht Rotterdam,ACT_EU_MS_NL,Netherlands,Rotterdam,Sub-district Court of Rotterdam,1,lower court,not applicable,single judge,general,not applicable
1239,NAT_COURT_NE_KG_UTR,Kantongerecht Utrecht,ACT_EU_MS_NL,Netherlands,Utrecht,Sub-district Court of Utrecht,1,lower court,not applicable,single judge,general,not applicable
1240,NAT_COURT_NE_RB_GRA,Raad van Beroep 's-Gravenhage,ACT_EU_MS_NL,Netherlands,The Hague,Court of Appeal of The Hague,1,mid-level court,not applicable,not available,general,not applicable
1241,NAT_COURT_NE_RB_HER,Raad van Beroep 's-Hertogenbosch,ACT_EU_MS_NL,Netherlands,s-Hertogenbosch,Court of Appeal of s-Hertogenbosch,1,mid-level court,not applicable,not available,general,not applicable
1242,NAT_COURT_NE_RB_AMS,Raad van Beroep Amsterdam,ACT_EU_MS_NL,Netherlands,Amsterdam,Court of Appeal of Amsterdam,1,mid-level court,not applicable,not available,general,not applicable
1243,NAT_COURT_NE_RB_ARN,Raad van Beroep Arnhem,ACT_EU_MS_NL,Netherlands,Arnhem,Court of Appeal of Arnhem,1,mid-level court,not applicable,not available,general,not applicable
1244,NAT_COURT_NE_RB_GRO,Raad van Beroep Groningen,ACT_EU_MS_NL,Netherlands,Groningen,Court of Appeal of Groningen,1,mid-level court,not applicable,not available,general,not applicable
1245,NAT_COURT_NE_RB_UTR,Raad van Beroep Utrecht,ACT_EU_MS_NL,Netherlands,Utrecht,Court of Appeal of Utrecht,1,mid-level court,not applicable,not available,general,not applicable
1246,NAT_COURT_NE_RB_ZWO,Raad van Beroep Zwolle,ACT_EU_MS_NL,Netherlands,Zwolle,Court of Appeal of Zwolle,1,mid-level court,not applicable,not available,general,not applicable
1247,NAT_COURT_NE_RS,Raad van State,ACT_EU_MS_NL,Netherlands,The Hague,Council of State,1,higher court,not applicable,panel,general,not applicable
1248,NAT_COURT_NE_R_GRA,Rechtbank 's-Gravenhage,ACT_EU_MS_NL,Netherlands,The Hague,District Court of The Hague,1,lower court,not applicable,single judge,general,not applicable
1249,NAT_COURT_NE_R_HER,Rechtbank 's-Hertogenbosch,ACT_EU_MS_NL,Netherlands,s-Hertogenbosch,District Court of s-Hertogenbosch,1,lower court,not applicable,single judge,general,not applicable
1250,NAT_COURT_NE_R_AMS,Rechtbank Amsterdam,ACT_EU_MS_NL,Netherlands,Amsterdam,District Court of Amsterdam,1,lower court,not applicable,single judge,general,not applicable
1251,NAT_COURT_NE_R_ASS,Rechtbank Assen,ACT_EU_MS_NL,Netherlands,Assen,District Court of Assen,1,lower court,not applicable,single judge,general,not applicable
1252,NAT_COURT_NE_R_HAA,Rechtbank Den Haag,ACT_EU_MS_NL,Netherlands,The Hague,District Court of The Hague,1,lower court,not applicable,single judge,general,not applicable
1253,NAT_COURT_NE_R_HAA_HER,"Rechtbank Den Haag, zittingsplaats 's-Hertogenbosch",ACT_EU_MS_NL,Netherlands,s-Hertogenbosch,"District Court of The Hague, s-Hertogenbosch branch",1,lower court,not applicable,single judge,general,not applicable
1254,NAT_COURT_NE_R_HAA_AMS,"Rechtbank Den Haag, zittingsplaats Amsterdam",ACT_EU_MS_NL,Netherlands,Amsterdam,"District Court of The Hague, Amsterdam branch",1,lower court,not applicable,single judge,general,not applicable
1255,NAT_COURT_NE_R_HAA_HAA,"Rechtbank Den Haag, zittingsplaats Haarlem",ACT_EU_MS_NL,Netherlands,Haarlem,"District Court of The Hague, Haarlem branch",1,lower court,not applicable,single judge,general,not applicable
1256,NAT_COURT_NE_R_HAA_MID,"Rechtbank Den Haag, zittingsplaats Middelburg",ACT_EU_MS_NL,Netherlands,Middelburg,"District Court of The Hague, Middelburg branch",1,lower court,not applicable,single judge,general,not applicable
1257,NAT_COURT_NE_R_HAA_UTR,"Rechtbank Den Haag, zittingsplaats Utrecht",ACT_EU_MS_NL,Netherlands,Utrecht,"District Court of The Hague, Utrecht branch",1,lower court,not applicable,single judge,general,not applicable
1258,NAT_COURT_NE_R_GEL,Rechtbank Gelderland,ACT_EU_MS_NL,Netherlands,Gelderland,District Court of Gelderland,1,lower court,not applicable,single judge,general,not applicable
1259,NAT_COURT_NE_R_GRO,Rechtbank Groningen,ACT_EU_MS_NL,Netherlands,Groningen,District Court of Groningen,1,lower court,not applicable,single judge,general,not applicable
1260,NAT_COURT_NE_R_HAAR,Rechtbank Haarlem,ACT_EU_MS_NL,Netherlands,Haarlem,District Court of Haarlem,1,lower court,not applicable,single judge,general,not applicable
1261,NAT_COURT_NE_R_LIM,Rechtbank Limburg,ACT_EU_MS_NL,Netherlands,Limburg,District Court of Limburg,1,lower court,not applicable,single judge,general,not applicable
1262,NAT_COURT_NE_R_MID,Rechtbank Middelburg,ACT_EU_MS_NL,Netherlands,Middelburg,District Court of Middelburg,1,lower court,not applicable,single judge,general,not applicable
1263,NAT_COURT_NE_R_MID_NED,Rechtbank Midden-Nederland,ACT_EU_MS_NL,Netherlands,Lelystad,District Court of Central Netherlands,1,lower court,not applicable,single judge,general,not applicable
1264,NAT_COURT_NE_R_NOO_HOL,Rechtbank Noord-Holland,ACT_EU_MS_NL,Netherlands,not available,District Court of North Holland,1,lower court,not applicable,single judge,general,not applicable
1265,NAT_COURT_NE_R_NOO_NED,Rechtbank Noord-Nederland,ACT_EU_MS_NL,Netherlands,Groningen,District Court of the Northern Netherlands,1,lower court,not applicable,single judge,general,not applicable
1266,NAT_COURT_NE_R_OOS_BRA_HER,Rechtbank Oost-Brabant 's-Hertogenbosch,ACT_EU_MS_NL,Netherlands,s-Hertogenbosch,District Court of East Brabant 's-Hertogenbosch,1,lower court,not applicable,single judge,general,not applicable
1267,NAT_COURT_NE_R_OVE,Rechtbank Overijssel,ACT_EU_MS_NL,Netherlands,Zwolle,District Court of Overijssel,1,lower court,not applicable,single judge,general,not applicable
1268,NAT_COURT_NE_R_ROT,Rechtbank Rotterdam,ACT_EU_MS_NL,Netherlands,Rotterdam,District Court of Rotterdam,1,lower court,not applicable,single judge,general,not applicable
1269,NAT_COURT_NE_R_UTR,Rechtbank Utrecht,ACT_EU_MS_NL,Netherlands,Utrecht,District Court of Utrecht,1,lower court,not applicable,single judge,general,not applicable
1270,NAT_COURT_NE_R_ZUT,Rechtbank Zutphen,ACT_EU_MS_NL,Netherlands,Zutphen,District Court of Zutphen,1,lower court,not applicable,single judge,general,not applicable
1271,NAT_COURT_NE_SBM_HEE,"Scheidsgerecht van het Beambtenfonds voor het Mijnbedrijf, Heerlen",ACT_EU_MS_NL,Netherlands,Heerlen,"Arbitration Court of the Employee's Fund for the Mining Company, Heerlen",1,lower court,not applicable,not available,general,not applicable
1272,NAT_COURT_NE_TC,Tariefcommissie,ACT_EU_MS_NL,Netherlands,Amsterdam,Tariff Commission,0,not applicable,not available,not available,specialized,tax law
1273,NAT_COURT_PL_KIO,Krajowa Izba Odwoławcza,ACT_EU_MS_PL,Poland,Warsaw,National Board of Appeal,0,not applicable,lower court,mixed,specialized,public procurement law
1274,NAT_COURT_PL_NSA,Naczelny Sąd Administracyjny,ACT_EU_MS_PL,Poland,Warsaw,Supreme Administrative Court,1,higher court,not applicable,panel,administrative,not applicable
1275,NAT_COURT_PL_SA_BIA_SPUS,Sąd Apelacyjny w Białymstoku - Sąd Pracy i Ubezpieczeń Społecznych,ACT_EU_MS_PL,Poland,Białystok,Court of Appeal in Białystok - Labor and Social Insurance Court,1,mid-level court,not applicable,panel,specialized,labor law
1276,NAT_COURT_PL_SA_WAR,Sąd Apelacyjny w Warszawie,ACT_EU_MS_PL,Poland,Warsaw,Court of Appeal of Warsaw,1,mid-level court,not applicable,panel,general,not applicable
1277,NAT_COURT_PL_SA_WAR_SPUS,Sąd Apelacyjny w Warszawie  - Sąd Pracy i Ubezpieczeń Społecznych,ACT_EU_MS_PL,Poland,Warsaw,Court of Appeal of Warsaw - Labor and Social Insurance Court,1,mid-level court,not applicable,panel,specialized,labor law
1278,NAT_COURT_PL_SDIA_WAR,Sąd Dyscyplinarny Izby Adwokackiej w Warszawie,ACT_EU_MS_PL,Poland,Warsaw,Disciplinary Court of the Bar Association of Warsaw,0,not applicable,lower court,panel,specialized,professional board
1279,NAT_COURT_PL_SN,Sąd Najwyższy,ACT_EU_MS_PL,Poland,Warsaw,Supreme Court,1,higher court,not applicable,panel,general,not applicable
1280,NAT_COURT_PL_SO_GDA,Sąd Okręgowy w Gdańsku,ACT_EU_MS_PL,Poland,Gdańsk,Regional Court of Gdańsk,1,lower court,not applicable,mixed,general,not applicable
1281,NAT_COURT_PL_SO_GDA_WPUS_3,Sąd Okręgowy w Gdańsku III Wydział Pracy i Ubezpieczeń Społecznych,ACT_EU_MS_PL,Poland,Gdańsk,Regional Court of Gdańsk - 3rd Department of Labor and Social Insurance,1,lower court,not applicable,mixed,specialized,labor law
1282,NAT_COURT_PL_SO_GDA_WC_15,Sąd Okręgowy w Gdańsku XV Wydział Cywilny,ACT_EU_MS_PL,Poland,Gdańsk,Regional Court of Gdańsk - 15th Civil Division,1,lower court,not applicable,mixed,general,not applicable
1283,NAT_COURT_PL_SO_GOR_WIE,Sąd Okręgowy w Gorzowie Wielkopolskim,ACT_EU_MS_PL,Poland,Gorzów,Regional Court of Gorzów,1,lower court,not applicable,mixed,general,not applicable
1284,NAT_COURT_PL_SO_KOS,Sąd Okręgowy w Koszalinie,ACT_EU_MS_PL,Poland,Koszalin,Regional Court of Koszalin,1,lower court,not applicable,mixed,general,not applicable
1285,NAT_COURT_PL_SO_KRA,Sąd Okręgowy w Krakowie,ACT_EU_MS_PL,Poland,Kraków,Regional Court of Kraków,1,lower court,not applicable,mixed,general,not applicable
1286,NAT_COURT_PL_SO_LOD,Sąd Okręgowy w Łodzi,ACT_EU_MS_PL,Poland,Łódź,Regional Court of Łódź,1,lower court,not applicable,mixed,general,not applicable
1287,NAT_COURT_PL_SO_LOD_WPUS_7,Sąd Okręgowy w Łodzi VII Wydział Pracy i Ubezpieczeń Społecznych,ACT_EU_MS_PL,Poland,Łódź,Regional Court in Łódź - 7th Department of Labor and Social Insurance,1,lower court,not applicable,mixed,specialized,labor law
1288,NAT_COURT_PL_SO_OPO,Sąd Okręgowy w Opolu,ACT_EU_MS_PL,Poland,Opole,Regional Court of Opole,1,lower court,not applicable,mixed,general,not applicable
1289,NAT_COURT_PL_SO_OPO_WCO_2,Sąd Okręgowy w Opolu II Wydział Cywilny Odwoławczy,ACT_EU_MS_PL,Poland,Opole,Regional Court of Opole - 2nd Civil Division of Appeal,1,lower court,not applicable,mixed,general,not applicable
1290,NAT_COURT_PL_SO_PIO,Sąd Okręgowy w Piotrkowie Trybunalskim,ACT_EU_MS_PL,Poland,Piotrków,Regional Court of Piotrków,1,lower court,not applicable,mixed,general,not applicable
1291,NAT_COURT_PL_SO_POZ,Sąd Okręgowy w Poznaniu,ACT_EU_MS_PL,Poland,Poznań,Regional Court of Poznań,1,lower court,not applicable,mixed,general,not applicable
1292,NAT_COURT_PL_SO_SZC,Sąd Okręgowy w Szczecinie,ACT_EU_MS_PL,Poland,Szczecin,Regional Court of Szczecin,1,lower court,not applicable,mixed,general,not applicable
1293,NAT_COURT_PL_SO_WAR,Sąd Okręgowy w Warszawie,ACT_EU_MS_PL,Poland,Warsaw,Regional Court of Warsaw,1,lower court,not applicable,mixed,general,not applicable
1294,NAT_COURT_PL_SO_WAR_WGO_23,Sąd Okręgowy w Warszawie XXIII Wydział Gospodarczy Odwoławczy,ACT_EU_MS_PL,Poland,Warsaw,Regional Court in Warsaw - 23rd Commercial Division of Appeal,1,lower court,not applicable,mixed,specialized,commercial law
1295,NAT_COURT_PL_SO_WAR_WC_28,Sąd Okręgowy w Warszawie XXVIII Wydział Cywilny,ACT_EU_MS_PL,Poland,Warsaw,Regional Court in Warsaw - 28th Civil Division,1,lower court,not applicable,mixed,general,not applicable
1296,NAT_COURT_PL_SO_WRO,Sąd Okręgowy we Wrocławiu,ACT_EU_MS_PL,Poland,Wrocław,Regional Court of Wrocław,1,lower court,not applicable,mixed,general,not applicable
1297,NAT_COURT_PL_SR_KRA_SRO_KRA,Sąd Rejonowy dla Krakowa-Śródmieścia w Krakowie,ACT_EU_MS_PL,Poland,Kraków,District Court for Kraków-Śródmieście in Kraków,1,lower court,not applicable,single judge,general,not applicable
1298,NAT_COURT_PL_SR_LOD_STO,Sąd Rejonowy dla Łodzi-Śródmieścia w Łodzi,ACT_EU_MS_PL,Poland,Łódź,District Court for Łódź-Śródmieście in Łódź,1,lower court,not applicable,single judge,general,not applicable
1299,NAT_COURT_PL_SR_WAR,Sąd Rejonowy dla m.st. Warszawy w Warszawie,ACT_EU_MS_PL,Poland,Warsaw,District Court for the Capital City of Warsaw in Warsaw,1,lower court,not applicable,single judge,general,not applicable
1300,NAT_COURT_PL_SR_WAR_WG_15,Sąd Rejonowy dla m.st. Warszawy w Warszawie XV Wydział Gospodarczy,ACT_EU_MS_PL,Poland,Warsaw,District Court for the Capital City of Warsaw in Warsaw - 15th Commercial Division,1,lower court,not applicable,single judge,specialized,commercial law
1301,NAT_COURT_PL_SR_WAR_PRA_POL,Sąd Rejonowy dla Warszawy Pragi-Południe w Warszawie,ACT_EU_MS_PL,Poland,Warsaw,District Court for Warsaw Praga-Południe in Warsaw,1,lower court,not applicable,single judge,general,not applicable
1302,NAT_COURT_PL_SR_WAR_SRO,Sąd Rejonowy dla Warszawy-Śródmieścia w Warszawie,ACT_EU_MS_PL,Poland,Warsaw,District Court for Warszawy Śródmieścia in Warsaw,1,lower court,not applicable,single judge,general,not applicable
1303,NAT_COURT_PL_SR_WAR_WOL,Sąd Rejonowy dla Warszawy-Woli w Warszawie,ACT_EU_MS_PL,Poland,Warsaw,District Court for Warszawa-Wola in Warsaw,1,lower court,not applicable,single judge,general,not applicable
1304,NAT_COURT_PL_SR_WAR_WOL_WC_1,Sąd Rejonowy dla Warszawy-Woli w Warszawie I Wydział Cywilny,ACT_EU_MS_PL,Poland,Warsaw,District Court for Warszawa-Wola in Warsaw - 1st Civil Division,1,lower court,not applicable,single judge,general,not applicable
1305,NAT_COURT_PL_SR_WAR_WOL_WC_2,Sąd Rejonowy dla Warszawy-Woli w Warszawie II Wydział Cywilny,ACT_EU_MS_PL,Poland,Warsaw,District Court for Warszawa-Wola in Warsaw - 2nd Civil Division,1,lower court,not applicable,single judge,specialized,labor law
1306,NAT_COURT_PL_SR_WRO_SRO,Sąd Rejonowy dla Wrocławia-Śródmieścia we Wrocławiu,ACT_EU_MS_PL,Poland,Wrocław,District Court for Wrocław-Śródmieście in Wrocław,1,lower court,not applicable,single judge,general,not applicable
1307,NAT_COURT_PL_SR_WRO_SRO_WPUS_10,Sąd Rejonowy dla Wrocławia-Śródmieścia we Wrocławiu X Wydział Pracy i Ubezpieczeń Społecznych,ACT_EU_MS_PL,Poland,Wrocław,District Court for Wrocław-Śródmieście in Wrocław - 10th Department of Labor and Social Insurance,1,lower court,not applicable,single judge,specialized,labor law
1308,NAT_COURT_PL_SR_GDA_POLN,Sąd Rejonowy Gdańsk-Północ w Gdańsku,ACT_EU_MS_PL,Poland,Gdańsk,District Court of Gdańsk-Północ in Gdańsk,1,lower court,not applicable,single judge,general,not applicable
1309,NAT_COURT_PL_SR_GDA_POLU,Sąd Rejonowy Gdańsk-Południe w Gdańsku,ACT_EU_MS_PL,Poland,Gdańsk,District Court of Gdańsk-Południe in Gdańsk,1,lower court,not applicable,single judge,general,not applicable
1310,NAT_COURT_PL_SR_LUB_WSC,Sąd Rejonowy Lublin-Wschód w Lublinie z siedzibą w Świdniku,ACT_EU_MS_PL,Poland,Świdnik,"District Court of Lublin-East in Lublin, Świdnik Seat",1,lower court,not applicable,single judge,general,not applicable
1311,NAT_COURT_PL_SR_POZ_GRU_JEZ,Sąd Rejonowy Poznań-Grunwald i Jeżyce w Poznaniu,ACT_EU_MS_PL,Poland,Poznań,District Court of Poznań - Grunwald and Jeżyce in Poznań,1,lower court,not applicable,single judge,general,not applicable
1312,NAT_COURT_PL_SR_POZ_STA_MIA,Sąd Rejonowy Poznań-Stare Miasto w Poznaniu,ACT_EU_MS_PL,Poland,Poznań,District Court of Poznań,1,lower court,not applicable,single judge,general,not applicable
1313,NAT_COURT_PL_SR_SZC,Sąd Rejonowy Szczecin - Prawobrzeże i Zachód w Szczecinie,ACT_EU_MS_PL,Poland,Szczecin,District Court of Szczecin - Prawobrzeże and Zachód in Szczecin,1,lower court,not applicable,single judge,general,not applicable
1314,NAT_COURT_PL_SR_BIA,Sąd Rejonowy w Białymstoku,ACT_EU_MS_PL,Poland,Białystok,District Court of Białystok,1,lower court,not applicable,single judge,general,not applicable
1315,NAT_COURT_PL_SR_CHE,Sąd Rejonowy w Chełmnie,ACT_EU_MS_PL,Poland,Chełmno,District Court of Chełmno,1,lower court,not applicable,single judge,general,not applicable
1316,NAT_COURT_PL_SR_KOSC,Sąd Rejonowy w Kościanie,ACT_EU_MS_PL,Poland,Kościan,District Court of Kościan,1,lower court,not applicable,single judge,general,not applicable
1317,NAT_COURT_PL_SR_KOSZ,Sąd Rejonowy w Koszalinie,ACT_EU_MS_PL,Poland,Koszalin,District Court of Koszalin,1,lower court,not applicable,single judge,general,not applicable
1318,NAT_COURT_PL_SR_OPA,Sąd Rejonowy w Opatowie,ACT_EU_MS_PL,Poland,Opatów,District Court of Opatów,1,lower court,not applicable,single judge,general,not applicable
1319,NAT_COURT_PL_SR_OPA_WC_1,Sąd Rejonowy w Opatowie I Wydział Cywilny,ACT_EU_MS_PL,Poland,Opatów,District Court of Opatów - 1st Civil Department,1,lower court,not applicable,single judge,general,not applicable
1320,NAT_COURT_PL_SR_OST_WIE,Sąd Rejonowy w Ostrowie Wielkopolskim,ACT_EU_MS_PL,Poland,Ostrów Wielkopolski,District Court of Ostrów Wielkopolski,1,lower court,not applicable,single judge,general,not applicable
1321,NAT_COURT_PL_SR_SIE_SLA,Sąd Rejonowy w Siemianowicach Śląskich,ACT_EU_MS_PL,Poland,Siemianowice Śląskie,District Court of Siemianowice Śląskie,1,lower court,not applicable,single judge,general,not applicable
1322,NAT_COURT_PL_SR_SIE_SLA_WC_1,Sąd Rejonowy w Siemianowicach Śląskich I Wydział Cywilny,ACT_EU_MS_PL,Poland,Siemianowice Śląskie,District Court of Siemianowice Śląskie - 1st Civil Department,1,lower court,not applicable,single judge,general,not applicable
1323,NAT_COURT_PL_SR_SLU,Sąd Rejonowy w Słupsku,ACT_EU_MS_PL,Poland,Słupsku,District Court of Słupsku,1,lower court,not applicable,single judge,general,not applicable
1324,NAT_COURT_PL_SR_SOP_WC_1,Sąd Rejonowy w Sopocie I Wydział Cywilny,ACT_EU_MS_PL,Poland,Sopot,District Court in Sopot - 1st Civil Department,1,lower court,not applicable,single judge,general,not applicable
1325,NAT_COURT_PL_TK,Trybunał Konstytucyjny,ACT_EU_MS_PL,Poland,Warsaw,Constitutional Tribunal,0,not applicable,higher court,panel,constitutional,not applicable
1326,NAT_COURT_PL_WSA_BIA,Wojewódzki Sąd Administracyjny w Białymstoku,ACT_EU_MS_PL,Poland,Białystok,Regional Administrative Court of Białystok,1,lower court,not applicable,panel,administrative,not applicable
1327,NAT_COURT_PL_WSA_BYD,Wojewódzki Sąd Administracyjny w Bydgoszczy,ACT_EU_MS_PL,Poland,Bydgoszcz,Regional Administrative Court of Bydgoszcz,1,lower court,not applicable,panel,administrative,not applicable
1328,NAT_COURT_PL_WSA_GDA,Wojewódzki Sąd Administracyjny w Gdańsku,ACT_EU_MS_PL,Poland,Gdańsk,Regional Administrative Court of Gdańsk,1,lower court,not applicable,panel,administrative,not applicable
1329,NAT_COURT_PL_WSA_GLI,Wojewódzki Sąd Administracyjny w Gliwicach,ACT_EU_MS_PL,Poland,Gliwice,Regional Administrative Court of Gliwice,1,lower court,not applicable,panel,administrative,not applicable
1330,NAT_COURT_PL_WSA_KIE,Wojewódzki Sąd Administracyjny w Kielcach,ACT_EU_MS_PL,Poland,Kielce,Regional Administrative Court of Kielce,1,lower court,not applicable,panel,administrative,not applicable
1331,NAT_COURT_PL_WSA_KRA,Wojewódzki Sąd Administracyjny w Krakowie,ACT_EU_MS_PL,Poland,Kraków,Regional Administrative Court of Kraków,1,lower court,not applicable,panel,administrative,not applicable
1332,NAT_COURT_PL_WSA_POZ,Wojewódzki Sąd Administracyjny w Poznaniu,ACT_EU_MS_PL,Poland,Poznań,Regional Administrative Court of Poznań,1,lower court,not applicable,panel,administrative,not applicable
1333,NAT_COURT_PL_WSA_SZC,Wojewódzki Sąd Administracyjny w Szczecinie,ACT_EU_MS_PL,Poland,Szczecin,Regional Administrative Court of Szczecin,1,lower court,not applicable,panel,administrative,not applicable
1334,NAT_COURT_PL_WSA_WAR,Wojewódzki Sąd Administracyjny w Warszawie,ACT_EU_MS_PL,Poland,Warsaw,Regional Administrative Court of Warsaw,1,lower court,not applicable,panel,administrative,not applicable
1335,NAT_COURT_PL_WSA_WRO,Wojewódzki Sąd Administracyjny we Wrocławiu,ACT_EU_MS_PL,Poland,Wrocław,Regional Administrative Court of Wroclaw,1,lower court,not applicable,panel,administrative,not applicable
1336,NAT_COURT_PT_STA,Supremo Tribunal Administrativo,ACT_EU_MS_PT,Portugal,Lisbon,Supreme Administrative Court,1,higher court,not applicable,panel,administrative,not applicable
1337,NAT_COURT_PT_STJ,Supremo Tribunal de Justiça,ACT_EU_MS_PT,Portugal,Lisbon,Supreme Court of Justice,1,higher court,not applicable,panel,general,not applicable
1338,NAT_COURT_PT_TAF_BRA,Tribunal Administrativo e Fiscal de Braga,ACT_EU_MS_PT,Portugal,Braga,Administrative and Fiscal Court of Braga,1,lower court,not applicable,single judge,administrative,not applicable
1339,NAT_COURT_PT_TAF_COI,Tribunal Administrativo e Fiscal de Coimbra,ACT_EU_MS_PT,Portugal,Coimbra,Administrative and Fiscal Court of Coimbra,1,lower court,not applicable,single judge,administrative,not applicable
1340,NAT_COURT_PT_TAF_POR,Tribunal Administrativo e Fiscal do Porto,ACT_EU_MS_PT,Portugal,Porto,Administrative and Fiscal Courto of Porto,1,lower court,not applicable,single judge,administrative,not applicable
1341,NAT_COURT_PT_TAT,Tribunal Arbitral Tributário,ACT_EU_MS_PT,Portugal,Lisbon,Tax Arbitral Tribunal,0,not applicable,not available,panel,specialized,tax law
1342,NAT_COURT_PT_TCA,Tribunal Central Administrativo,ACT_EU_MS_PT,Portugal,not available,Central Administrative Court,1,mid-level court,not applicable,panel,administrative,not applicable
1343,NAT_COURT_PT_TCA_NOR,Tribunal Central Administrativo Norte,ACT_EU_MS_PT,Portugal,Porto,North Central Administrative Court,1,mid-level court,not applicable,panel,administrative,not applicable
1344,NAT_COURT_PT_TCA_SUL,Tribunal Central Administrativo Sul,ACT_EU_MS_PT,Portugal,Lisbon,South Central Administrative Court,1,mid-level court,not applicable,panel,administrative,not applicable
1345,NAT_COURT_PT_TCC_LIS,Tribunal Cível da Comarca de Lisboa,ACT_EU_MS_PT,Portugal,Lisbon,District Court of Lisbon,1,lower court,not applicable,single judge,general,not applicable
1346,NAT_COURT_PT_TCRS,"Tribunal da Concorrência, Regulação e Supervisão",ACT_EU_MS_PT,Portugal,Santarém,"Competition, Regulation and Supervision Court",1,lower court,not applicable,single judge,specialized,competition law
1347,NAT_COURT_PT_TR_EVO,Tribunal da Relação de Évora,ACT_EU_MS_PT,Portugal,Evora,Court of Appeal of Évora,1,mid-level court,not applicable,panel,general,not applicable
1348,NAT_COURT_PT_TR_GUI,Tribunal da Relação de Guimarães,ACT_EU_MS_PT,Portugal,Guimarães,Court of Appeal of Guimarães,1,mid-level court,not applicable,panel,general,not applicable
1349,NAT_COURT_PT_TR_LIS,Tribunal da Relação de Lisboa,ACT_EU_MS_PT,Portugal,Lisbon,Court of Appeal of Lisbon,1,mid-level court,not applicable,panel,general,not applicable
1350,NAT_COURT_PT_TR_POR,Tribunal da Relação do Porto,ACT_EU_MS_PT,Portugal,Porto,Court of Appeal of Porto,1,mid-level court,not applicable,panel,general,not applicable
1351,NAT_COURT_PT_TC_POR,Tribunal de Círculo do Porto,ACT_EU_MS_PT,Portugal,Porto,Porto Administrative and Fiscal Court,1,lower court,not applicable,single judge,administrative,not applicable
1352,NAT_COURT_PT_TPIC_POR,Tribunal de Pequena Instância Criminal do Porto,ACT_EU_MS_PT,Portugal,Porto,"""Small Instance Criminal Court"" of Porto",1,lower court,not applicable,single judge,specialized,criminal law
1353,NAT_COURT_PT_TC_LIS,Tribunal do Comércio de Lisboa,ACT_EU_MS_PT,Portugal,Lisbon,Commercial Court of Lisbon,1,lower court,not applicable,single judge,specialized,commercial law
1354,NAT_COURT_PT_TT_LEI,Tribunal do Trabalho de Leiria,ACT_EU_MS_PT,Portugal,Leiria,Employment Court of Leiria,1,lower court,not applicable,single judge,specialized,labor law
1355,NAT_COURT_PT_TT_VIS,Tribunal do Trabalho de Viseu,ACT_EU_MS_PT,Portugal,Viseu,Employment Court of Viseu,1,lower court,not applicable,single judge,specialized,labor law
1356,NAT_COURT_PT_TFA_LIS,Tribunal Fiscal Aduaneiro de Lisboa,ACT_EU_MS_PT,Portugal,Lisbon,Customs Tax Court of Lisbon,1,lower court,not applicable,single judge,specialized,tax law
1357,NAT_COURT_PT_TFA_POR,Tribunal Fiscal Aduaneiro do Porto,ACT_EU_MS_PT,Portugal,Porto,Customs Tax Court of Porto,1,lower court,not applicable,single judge,specialized,tax law
1358,NAT_COURT_PT_TJC_BRA,Tribunal Judicial da Comarca de Braga,ACT_EU_MS_PT,Portugal,Braga,District Court of Braga,1,lower court,not applicable,single judge,general,not applicable
1359,NAT_COURT_PT_TJC_FAR,Tribunal Judicial da Comarca de Faro,ACT_EU_MS_PT,Portugal,Faro,District Court of Faro,1,lower court,not applicable,single judge,general,not applicable
1360,NAT_COURT_PT_TJC_LIS,Tribunal Judicial da Comarca de Lisboa,ACT_EU_MS_PT,Portugal,Lisbon,District Court of Lisbon,1,lower court,not applicable,single judge,general,not applicable
1361,NAT_COURT_PT_TJC_PON_DEL,Tribunal Judicial da Comarca de Ponta Delgada,ACT_EU_MS_PT,Portugal,Ponta Delgada (Açores),District Court of Ponta Delgada,1,lower court,not applicable,single judge,general,not applicable
1362,NAT_COURT_PT_TJC_SET,Tribunal Judicial da Comarca de Setúbal,ACT_EU_MS_PT,Portugal,Setúbal,District Court of Setúbal,1,lower court,not applicable,single judge,general,not applicable
1363,NAT_COURT_PT_TJC_POR,Tribunal Judicial da Comarca do Porto,ACT_EU_MS_PT,Portugal,Porto,District Court of Porto,1,lower court,not applicable,single judge,general,not applicable
1364,NAT_COURT_PT_TJC_ACO,Tribunal Judicial da Comarca dos Açores,ACT_EU_MS_PT,Portugal,Ponta Delgada (Açores),District Court of the Azores,1,lower court,not applicable,single judge,general,not applicable
1365,NAT_COURT_PT_TJ_BRA,Tribunal Judicial de Braga,ACT_EU_MS_PT,Portugal,Braga,Judicial Court of Braga,1,lower court,not applicable,single judge,general,not applicable
1366,NAT_COURT_PT_TT_LIS,Tribunal Tributário de Lisboa,ACT_EU_MS_PT,Portugal,Lisbon,Tax Court of Lisbon,1,lower court,not applicable,single judge,specialized,tax law
1367,NAT_COURT_PT_TTPI_LIS,Tribunal Tributário de Primeira Instância de Lisboa,ACT_EU_MS_PT,Portugal,Lisbon,First Instance Tax Court of Lisbon,1,lower court,not applicable,single judge,specialized,tax law
1368,NAT_COURT_PT_TTPI_POR,Tribunal Tributário de Primeira Instância do Porto,ACT_EU_MS_PT,Portugal,Porto,First Instance Tax Court of Porto,1,lower court,not applicable,single judge,specialized,tax law
1369,NAT_COURT_PT_TTSI,Tribunal Tributário de Segunda Instância,ACT_EU_MS_PT,Portugal,Lisbon,Appeals Tax Court,1,mid-level court,not applicable,panel,specialized,tax law
1370,NAT_COURT_PT_VC_LIS,Varas Cíveis de Lisboa,ACT_EU_MS_PT,Portugal,Lisbon,Lisbon Civil Courts,1,lower court,not applicable,single judge,general,not applicable
1371,NAT_COURT_RO_CNSC,Consiliul Naţional de Soluţionare a Contestaţiilor,ACT_EU_MS_RO,Romania,Bucharest,National Council for Solving Complaints,0,not applicable,not available,panel,specialized,public procurement law
1372,NAT_COURT_RO_CC,Curtea Constituţională,ACT_EU_MS_RO,Romania,Bucharest,Constitutional Court,0,not applicable,higher court,panel,constitutional,not applicable
1373,NAT_COURT_RO_CA_ALB_IUL,Curtea de Apel Alba Iulia,ACT_EU_MS_RO,Romania,Alba Iulia,Court of Appeal of Alba Iulia,1,mid-level court,not applicable,panel,general,not applicable
1374,NAT_COURT_RO_CA_BAC,Curtea de Apel Bacău,ACT_EU_MS_RO,Romania,Bacău,Court of Appeal of Bacău,1,mid-level court,not applicable,panel,general,not applicable
1375,NAT_COURT_RO_CA_BRA,Curtea de Apel Braşov,ACT_EU_MS_RO,Romania,Brașov,Court of Appeal of Brașov,1,mid-level court,not applicable,panel,general,not applicable
1376,NAT_COURT_RO_CA_BUC,Curtea de Apel Bucureşti,ACT_EU_MS_RO,Romania,Bucharest,Court of Appeal of Bucharest,1,mid-level court,not applicable,panel,general,not applicable
1377,NAT_COURT_RO_CA_CLU,Curtea de Apel Cluj,ACT_EU_MS_RO,Romania,Cluj-Napoca,Court of Appeal of Cluj,1,mid-level court,not applicable,panel,general,not applicable
1378,NAT_COURT_RO_CA_CON,Curtea de Apel Constanţa,ACT_EU_MS_RO,Romania,Constanța,Court of Appeal of Constanța,1,mid-level court,not applicable,panel,general,not applicable
1379,NAT_COURT_RO_CA_CRA,Curtea de Apel Craiova,ACT_EU_MS_RO,Romania,Craiova ,Court of Appeal of Craiova,1,mid-level court,not applicable,panel,general,not applicable
1380,NAT_COURT_RO_CA_IAS,Curtea de Apel Iaşi,ACT_EU_MS_RO,Romania,Iași,Court of Appeal of Iași,1,mid-level court,not applicable,panel,general,not applicable
1381,NAT_COURT_RO_CA_ORA,Curtea de Apel Oradea,ACT_EU_MS_RO,Romania,Oradea,Court of Appeal of Oradea,1,mid-level court,not applicable,panel,general,not applicable
1382,NAT_COURT_RO_CA_PIT,Curtea de Apel Piteşti,ACT_EU_MS_RO,Romania,Pitești,Court of Appeal of Pitești,1,mid-level court,not applicable,panel,general,not applicable
1383,NAT_COURT_RO_CA_PLO,Curtea de Apel Ploieşti,ACT_EU_MS_RO,Romania,Ploiești,Court of Appeal of Ploiești,1,mid-level court,not applicable,panel,general,not applicable
1384,NAT_COURT_RO_CA_SUC,Curtea de Apel Suceava,ACT_EU_MS_RO,Romania,Suceava ,Court of Appeal of Suceava ,1,mid-level court,not applicable,panel,general,not applicable
1385,NAT_COURT_RO_CA_TIM,Curtea de Apel Timişoara,ACT_EU_MS_RO,Romania,Timișoara,Court of Appeal of Timișoara,1,mid-level court,not applicable,panel,general,not applicable
1386,NAT_COURT_RO_ICCJ,Înalta Curte de Casaţie şi Justiţie,ACT_EU_MS_RO,Romania,Bucharest,High Court of Cassation and Justice,1,higher court,not applicable,panel,general,not applicable
1387,NAT_COURT_RO_J_BAL,Judecătoria Balş,ACT_EU_MS_RO,Romania,Balș,Local Court of Balș,1,lower court,not applicable,single judge,general,not applicable
1388,NAT_COURT_RO_J_CAL,Judecătoria Călăraşi,ACT_EU_MS_RO,Romania,Călărași,Local Court of Călărași,1,lower court,not applicable,single judge,general,not applicable
1389,NAT_COURT_RO_J_CAM,Judecătoria Câmpulung,ACT_EU_MS_RO,Romania,Câmpulung ,Local Court of Câmpulung ,1,lower court,not applicable,single judge,general,not applicable
1390,NAT_COURT_RO_J_CON,Judecǎtoria Constanţa,ACT_EU_MS_RO,Romania,Constanța,Local Court of Constanța,1,lower court,not applicable,single judge,general,not applicable
1391,NAT_COURT_RO_J_MIE_CIU,Judecătoria Miercurea Ciuc,ACT_EU_MS_RO,Romania,Miercurea Ciuc,Local Court of Miercurea Ciuc,1,lower court,not applicable,single judge,general,not applicable
1392,NAT_COURT_RO_J_ORA,Judecătoria Oradea,ACT_EU_MS_RO,Romania,Oradea,Local Court of Oradea,1,lower court,not applicable,single judge,general,not applicable
1393,NAT_COURT_RO_J_BUC_2,Judecătoria Sectorului 2 Bucureşti,ACT_EU_MS_RO,Romania,Bucharest,Local Court of Bucharest,1,lower court,not applicable,single judge,general,not applicable
1394,NAT_COURT_RO_J_SIB,Judecătoria Sibiu,ACT_EU_MS_RO,Romania,Sibiu,Local Court of Sibiu,1,lower court,not applicable,single judge,general,not applicable
1395,NAT_COURT_RO_J_ZAR,Judecătoria Zărnești,ACT_EU_MS_RO,Romania,Zărnești,Local Court of Zărnești,1,lower court,not applicable,single judge,general,not applicable
1396,NAT_COURT_RO_T_ARG,Tribunalul Argeş,ACT_EU_MS_RO,Romania,Pitești,County Court of Argeş,1,lower court,not applicable,single judge,general,not applicable
1397,NAT_COURT_RO_T_BAC,Tribunalul Bacău,ACT_EU_MS_RO,Romania,Bacău,County Court of Bacău,1,lower court,not applicable,single judge,general,not applicable
1398,NAT_COURT_RO_T_BIH,Tribunalul Bihor,ACT_EU_MS_RO,Romania,Oradea,County Court of Bihor,1,lower court,not applicable,single judge,general,not applicable
1399,NAT_COURT_RO_T_BUC,Tribunalul Bucureşti,ACT_EU_MS_RO,Romania,Bucharest,County Court of Bucharest,1,lower court,not applicable,single judge,general,not applicable
1400,NAT_COURT_RO_T_CLU,Tribunalul Cluj,ACT_EU_MS_RO,Romania,Cluj-Napoca,County Court of Cluj,1,lower court,not applicable,single judge,general,not applicable
1401,NAT_COURT_RO_T_DAM,Tribunalul Dâmboviţa,ACT_EU_MS_RO,Romania,Târgoviște,County Court of Dâmboviţa,1,lower court,not applicable,single judge,general,not applicable
1402,NAT_COURT_RO_T_GOR,Tribunalul Gorj,ACT_EU_MS_RO,Romania,Târgu Jiu,County Court of Gorj,1,lower court,not applicable,single judge,general,not applicable
1403,NAT_COURT_RO_T_ILF,Tribunalul Ilfov,ACT_EU_MS_RO,Romania,Buftea,County Court of Ilfov,1,lower court,not applicable,single judge,general,not applicable
1404,NAT_COURT_RO_T_MAR,Tribunalul Maramureş,ACT_EU_MS_RO,Romania,Baia Mare,County Court of Maramureş,1,lower court,not applicable,single judge,general,not applicable
1405,NAT_COURT_RO_T_MUR,Tribunalul Mureş,ACT_EU_MS_RO,Romania,Târgu Mureș,County Court of Mureş,1,lower court,not applicable,single judge,general,not applicable
1406,NAT_COURT_RO_T_NEA,Tribunalul Neamţ,ACT_EU_MS_RO,Romania,Piatra Neamț,County Court of Neamţ,1,lower court,not applicable,single judge,general,not applicable
1407,NAT_COURT_RO_T_OLT,Tribunalul Olt,ACT_EU_MS_RO,Romania,Olt,County Court of Olt,1,lower court,not applicable,single judge,general,not applicable
1408,NAT_COURT_RO_T_PRA,Tribunalul Prahova,ACT_EU_MS_RO,Romania,Ploiești,County Court of Prahova,1,lower court,not applicable,single judge,general,not applicable
1409,NAT_COURT_RO_T_SAT_MAR,Tribunalul Satu Mare,ACT_EU_MS_RO,Romania,Satu Mare,County Court of Satu Mare,1,lower court,not applicable,single judge,general,not applicable
1410,NAT_COURT_RO_T_SIB,Tribunalul Sibiu,ACT_EU_MS_RO,Romania,Sibiu,County Court of Sibiu,1,lower court,not applicable,single judge,general,not applicable
1411,NAT_COURT_RO_TS_CLU,Tribunalul Specializat Cluj,ACT_EU_MS_RO,Romania,Cluj-Napoca,Cluj Specialized Tribunal,1,lower court,not applicable,single judge,specialized,commercial law
1412,NAT_COURT_RO_TS_MUR,Tribunalul Specializat Mureş,ACT_EU_MS_RO,Romania,Târgu Mureș,Mureş Specialized Tribunal,1,lower court,not applicable,single judge,specialized,commercial law
1413,NAT_COURT_RO_T_TIM,Tribunalul Timiş,ACT_EU_MS_RO,Romania,Timișoara,County Court of Timiş,1,lower court,not applicable,single judge,general,not applicable
1414,NAT_COURT_RO_T_VAL,Tribunalul Vâlcea,ACT_EU_MS_RO,Romania,Râmnicu Vâlcea,County Court of Vâlcea,1,lower court,not applicable,single judge,general,not applicable
1415,NAT_COURT_SE_AD,Arbetsdomstolen,ACT_EU_MS_SE,Sweden,Stockholm,Labor Court,1,higher court,not applicable,panel,specialized,labor law
1416,NAT_COURT_SE_TR_ATT,Attunda Tingsrätt,ACT_EU_MS_SE,Sweden,Sollentuna,District Court of Attunda,1,lower court,not applicable,panel,general,not applicable
1417,NAT_COURT_SE_FR_FAL,Förvaltningsrätten i Falun,ACT_EU_MS_SE,Sweden,Falun,Administrative Court in Falun,1,lower court,not applicable,panel,administrative,not applicable
1418,NAT_COURT_SE_FR_LIN,Förvaltningsrätten i Linköping,ACT_EU_MS_SE,Sweden,Linköping,Administrative Court in Linköping,1,lower court,not applicable,panel,administrative,not applicable
1419,NAT_COURT_SE_FR_MAL,Förvaltningsrätten i Malmö,ACT_EU_MS_SE,Sweden,Malmö,Administrative Court in Malmö,1,lower court,not applicable,panel,administrative,not applicable
1420,NAT_COURT_SE_FR_STO,Förvaltningsrätten i Stockholm,ACT_EU_MS_SE,Sweden,Stockholm,Administrative Court in Stockholm,1,lower court,not applicable,panel,administrative,not applicable
1421,NAT_COURT_SE_HR_GOT,Göta hovrätt,ACT_EU_MS_SE,Sweden,Jönköping,Göta Court of Appeal,1,mid-level court,not applicable,panel,general,not applicable
1422,NAT_COURT_SE_TR_HAL,Halmstads tingsrätt,ACT_EU_MS_SE,Sweden,Halmstad,District Court of Halmstad,1,lower court,not applicable,panel,general,not applicable
1423,NAT_COURT_SE_TR_HAN,Handens tingsrätt,ACT_EU_MS_SE,Sweden,Handen,District Court of Handen,1,lower court,not applicable,panel,general,not applicable
1424,NAT_COURT_SE_TR_HAP,Haparanda tingsrätt,ACT_EU_MS_SE,Sweden,Haparanda,District Court of Haparanda,1,lower court,not applicable,panel,general,not applicable
1425,NAT_COURT_SE_TR_HAS,Hässleholms tingsrätt,ACT_EU_MS_SE,Sweden,Hässleholm,District Court of Hässleholm,1,lower court,not applicable,panel,general,not applicable
1426,NAT_COURT_SE_TR_HEL,Helsingborgs tingsrätt,ACT_EU_MS_SE,Sweden,Helsingborg,District Court of Helsingborg,1,lower court,not applicable,panel,general,not applicable
1427,NAT_COURT_SE_HD,Högsta domstolen,ACT_EU_MS_SE,Sweden,Stockholm,Supreme Court,1,higher court,not applicable,panel,general,not applicable
1428,NAT_COURT_SE_HFD,Högsta förvaltningsdomstolen,ACT_EU_MS_SE,Sweden,Stockholm,Administrative Supreme Court,1,higher court,not applicable,panel,administrative,not applicable
1429,NAT_COURT_SE_HR_NED_NOR,Hovrätten för Nedre Norrland,ACT_EU_MS_SE,Sweden,Sundsvall,Court of Appeal for Southern Norrland,1,mid-level court,not applicable,panel,general,not applicable
1430,NAT_COURT_SE_HR_OVR_NOR,Hovrätten för Övre Norrland,ACT_EU_MS_SE,Sweden,Umeå,Court of Appeal for Northern Norrland,1,mid-level court,not applicable,panel,general,not applicable
1431,NAT_COURT_SE_HR_VAS_SVE,Hovrätten för Västra Sverige,ACT_EU_MS_SE,Sweden,Göteborg,Court of Appeal for Western Sweden,1,mid-level court,not applicable,panel,general,not applicable
1432,NAT_COURT_SE_HR_SKA_BLE,Hovrätten över Skåne och Blekinge,ACT_EU_MS_SE,Sweden,Malmö,Skåne and Blekinge Court of Appeal,1,mid-level court,not applicable,panel,general,not applicable
1433,NAT_COURT_SE_KR_GOT,Kammarrätten i Göteborg,ACT_EU_MS_SE,Sweden,Göteborg,Administrative Court of Appeal in Göteborg,1,mid-level court,not applicable,panel,administrative,not applicable
1434,NAT_COURT_SE_KR_STO,Kammarrätten i Stockholm,ACT_EU_MS_SE,Sweden,Stockholm,Administrative Court of Appeal in Stockholm,1,mid-level court,not applicable,panel,administrative,not applicable
1435,NAT_COURT_SE_KR_SUN,Kammarrätten i Sundsvall,ACT_EU_MS_SE,Sweden,Sundsvall,Administrative Court of Appeal in Sundsvall,1,mid-level court,not applicable,panel,administrative,not applicable
1436,NAT_COURT_SE_TR_LAN,Landskrona tingsrätt,ACT_EU_MS_SE,Sweden,Landskrona,District Court of Landskrona,1,lower court,not applicable,panel,general,not applicable
1437,NAT_COURT_SE_LR_DAL,Länsrätten i Dalarnas län,ACT_EU_MS_SE,Sweden,Falun,County Administrative Court in Dalarna County,1,lower court,not applicable,panel,administrative,not applicable
1438,NAT_COURT_SE_LR_JON_IAN,Länsrätten i Jönköpings län,ACT_EU_MS_SE,Sweden,Jönköping,County Administrative Court in Jönköping County,1,lower court,not applicable,panel,administrative,not applicable
1439,NAT_COURT_SE_LR_NOR_IAN,Länsrätten i Norrbottens län,ACT_EU_MS_SE,Sweden,Luleå,County Administrative Court in Norrbotten County,1,lower court,not applicable,panel,administrative,not applicable
1440,NAT_COURT_SE_LR_STO_IAN,Länsrätten i Stockholms län,ACT_EU_MS_SE,Sweden,Stockholm,County Administrative Court in Stockholm County,1,lower court,not applicable,panel,administrative,not applicable
1441,NAT_COURT_SE_TR_LIN,Linköpings tingsrätt,ACT_EU_MS_SE,Sweden,Linköping,District Court of Linköping,1,lower court,not applicable,panel,general,not applicable
1442,NAT_COURT_SE_TR,Luleå tingsrätt,ACT_EU_MS_SE,Sweden,Luleå,District Court of Luleå,1,lower court,not applicable,panel,general,not applicable
1443,NAT_COURT_SE_TR_LUN,Lunds tingsrätt,ACT_EU_MS_SE,Sweden,Lund,District Court of Lund,1,lower court,not applicable,panel,general,not applicable
1444,NAT_COURT_SE_MD,Marknadsdomstolen,ACT_EU_MS_SE,Sweden,Stockholm,Market Court,0,not applicable,mid-level court,panel,specialized,commercial law
1445,NAT_COURT_SE_NTR,Nacka tingsrätt,ACT_EU_MS_SE,Sweden,Nacka,District Court,1,lower court,not applicable,panel,general,not applicable
1446,NAT_COURT_SE_ONH,Överklagandenämnden för högskolan,ACT_EU_MS_SE,Sweden,Stockholm,Appeals Board for the University,0,not applicable,lower court,panel,specialized,education policy
1447,NAT_COURT_SE_ONS,Överklagandenämnden för studiestöd,ACT_EU_MS_SE,Sweden,Stockholm,Appeals Board for Student Support,0,not applicable,not available,panel,specialized,education policy
1448,NAT_COURT_SE_RR,Regeringsrätten,ACT_EU_MS_SE,Sweden,Stockholm,Administrative Supreme Court,1,higher court,not applicable,panel,administrative,not applicable
1449,NAT_COURT_SE_SN,Skatterättsnämnden,ACT_EU_MS_SE,Sweden,Stockholm,Tax Law Board,0,not applicable,lower court,panel,specialized,tax law
1450,NAT_COURT_SE_TR-SOD,Södertörns tingsrätt,ACT_EU_MS_SE,Sweden,Huddinge,District Court of Södertörn,1,lower court,not applicable,panel,general,not applicable
1451,NAT_COURT_SE_TR_STO,Stockholms tingsrätt,ACT_EU_MS_SE,Sweden,Stockholm,District Court of Stockholm,1,lower court,not applicable,panel,general,not applicable
1452,NAT_COURT_SE_HR_SVE,Svea hovrätt,ACT_EU_MS_SE,Sweden,Stockholm,Svea Court of Appeal,1,mid-level court,not applicable,panel,general,not applicable
1453,NAT_COURT_SE_UN,Utlänningsnämnden,ACT_EU_MS_SE,Sweden,Stockholm,Foreigners Appeals Board,0,not applicable,lower court,panel,specialized,immigration law
1454,NAT_COURT_SE_TR_VAN,Vänersborgs tingsrätt,ACT_EU_MS_SE,Sweden,Vänersborg,"Vänersborg District Court, Land and Environmental Court",1,lower court,not applicable,panel,specialized,environmental law
1455,NAT_COURT_SE_TR_VAR,Varbergs tingsrätt,ACT_EU_MS_SE,Sweden,Varberg,District Court of Varberg,1,lower court,not applicable,panel,general,not applicable
1456,NAT_COURT_SI_DRKRPOJN,Državna revizijska komisija za revizijo postopkov oddaje javnih naročil,ACT_EU_MS_SI,Slovenia,Ljubljana,National Audit Commission of Public Procurement Procedures,0,not applicable,not available,mixed,specialized,public procurement law
1457,NAT_COURT_SI_UPRS,Upravno sodišče,ACT_EU_MS_SI,Slovenia,Ljubljana,Administrative Court,1,mid-level court,not applicable,panel,administrative,not applicable
1458,NAT_COURT_SI_USTS,Ustavno sodišče,ACT_EU_MS_SI,Slovenia,Ljubljana,Constitutional Court,0,not applicable,higher court,panel,constitutional,not applicable
1459,NAT_COURT_SI_VS_LJU,Višje sodišče v Ljubljani,ACT_EU_MS_SI,Slovenia,Ljubljana,Higher Court of Ljubljana,1,mid-level court,not applicable,panel,general,not applicable
1460,NAT_COURT_SI_VS_MAR,Višje sodišče v Mariboru,ACT_EU_MS_SI,Slovenia,Maribor,Higher Court of Maribor,1,mid-level court,not applicable,panel,general,not applicable
1461,NAT_COURT_SI_VS,Vrhovno sodišče,ACT_EU_MS_SI,Slovenia,Ljubljana,Supreme Court,1,higher court,not applicable,panel,general,not applicable
1462,NAT_COURT_SK_KS_BRA,Krajský súd v Bratislave,ACT_EU_MS_SK,Slovakia,Bratislava,Regional Court of Bratislava,1,mid-level court,not applicable,panel,general,not applicable
1463,NAT_COURT_SK_KS_PRE,Krajský súd v Prešove,ACT_EU_MS_SK,Slovakia,Prešov,Regional Court of Prešov,1,mid-level court,not applicable,panel,general,not applicable
1464,NAT_COURT_SK_KS_TRN,Krajský súd v Trnave,ACT_EU_MS_SK,Slovakia,Trnava,Regional Court of Trnava,1,mid-level court,not applicable,panel,general,not applicable
1465,NAT_COURT_SK_NS,Najvyšší súd,ACT_EU_MS_SK,Slovakia,Bratislava,Supreme Court,1,higher court,not applicable,panel,general,not applicable
1466,NAT_COURT_SK_OS_BRA_2,Okresný súd Bratislava II,ACT_EU_MS_SK,Slovakia,Bratislava,District Court of Bratislava II,1,lower court,not applicable,panel,general,not applicable
1467,NAT_COURT_SK_OS_BRA_3,Okresný súd Bratislava III,ACT_EU_MS_SK,Slovakia,Bratislava,District Court of Bratislava III,1,lower court,not applicable,panel,general,not applicable
1468,NAT_COURT_SK_OS_DUN_STR,Okresný súd Dunajská Streda,ACT_EU_MS_SK,Slovakia,Dunajská Streda,District Court of Dunajská Streda,1,lower court,not applicable,panel,general,not applicable
1469,NAT_COURT_SK_OS_KOS_1,Okresný súd Košice I,ACT_EU_MS_SK,Slovakia,Košice,District Court of Košice I,1,lower court,not applicable,panel,general,not applicable
1470,NAT_COURT_SK_OS_PRE,Okresný súd Prešov,ACT_EU_MS_SK,Slovakia,Prešov,District Court of Prešov,1,lower court,not applicable,panel,general,not applicable
1471,NAT_COURT_SK_OS_SVI,Okresný súd Svidník,ACT_EU_MS_SK,Slovakia,Svidník,District Court of Svidnik,1,lower court,not applicable,panel,general,not applicable
1472,NAT_COURT_SK_STS,Špecializovaný trestný súd,ACT_EU_MS_SK,Slovakia,Pezinok,Specialized Criminal Court,1,lower court,not applicable,panel,specialized,criminal law
1473,NAT_COURT_SK_USSR,Ústavný súd Slovenskej republiky,ACT_EU_MS_SK,Slovakia,Košice,Constitutional Court,0,not applicable,higher court,panel,constitutional,not applicable
1474,NAT_COURT_UK_AT_NOR_IRE,Appeal Tribunal for Northern Ireland,ACT_EU_MS_UK,United Kingdom,Belfast,Appeal Tribunal for Northern Ireland,1,mid-level court,not applicable,panel,specialized,social security law
1475,NAT_COURT_UK_MC_ARM,Armagh Magistrates' Court (Northern Ireland),ACT_EU_MS_UK,United Kingdom,Armagh,Armagh Magistrates' Court (Northern Ireland),1,lower court,not applicable,panel,specialized,criminal law
1476,NAT_COURT_UK_CSPITA,Commissioners for the Special Purposes of the Income Tax Acts,ACT_EU_MS_UK,United Kingdom,London,Commissioners for the Special Purposes of the Income Tax Acts,0,not applicable,lower court,single judge,specialized,tax law
1477,NAT_COURT_UK_CAT,Competition Appeal Tribunal,ACT_EU_MS_UK,United Kingdom,London,Competition Appeal Tribunal,1,lower court,not applicable,panel,specialized,competition law
1478,NAT_COURT_UK_CC_BIR,"County Court, Birkenhead",ACT_EU_MS_UK,United Kingdom,Birkenhead,"County Court, Birkenhead",1,lower court,not applicable,single judge,general,not applicable
1479,NAT_COURT_UK_CC_TUN_WEL,"County Court, Tunbridge Wells",ACT_EU_MS_UK,United Kingdom,Tunbridge Wells,"County Court, Tunbridge Wells",1,lower court,not applicable,single judge,general,not applicable
1480,NAT_COURT_UK_CA_EW,Court of Appeal (England & Wales),ACT_EU_MS_UK,United Kingdom,London,Court of Appeal,1,mid-level court,not applicable,panel,general,not applicable
1481,NAT_COURT_UK_CA_EW_CD,Court of Appeal (England & Wales) (Civil Division),ACT_EU_MS_UK,United Kingdom,London,Court of Appeal,1,mid-level court,not applicable,panel,general,not applicable
1482,NAT_COURT_UK_CA_NI,Court of Appeal (Northern Ireland),ACT_EU_MS_UK,United Kingdom,Belfast,Court of Appeal in Northern Ireland,1,mid-level court,not applicable,panel,general,not applicable
1483,NAT_COURT_UK_CS_SCO,Court of Session (Scotland),ACT_EU_MS_UK,United Kingdom,Edinburgh,Court of Session (Scotland),1,mid-level court,not applicable,not available,general,not applicable
1484,NAT_COURT_UK_CS_SCO_FDIH,"Court of Session (Scotland) (First Division, Inner House)",ACT_EU_MS_UK,United Kingdom,Edinburgh,Court of Session (Scotland),1,mid-level court,not applicable,panel,general,not applicable
1485,NAT_COURT_UK_CS_SCO_OH,Court of Session (Scotland) (Outer House),ACT_EU_MS_UK,United Kingdom,Edinburgh,Court of Session (Scotland),1,lower court,not applicable,single judge,general,not applicable
1486,NAT_COURT_UK_CC_BOL,"Crown Court, Bolton",ACT_EU_MS_UK,United Kingdom,Bolton,Bolton Crown Court,1,lower court,not applicable,single judge,specialized,criminal law
1487,NAT_COURT_UK_CC_BRI,"Crown Court, Bristol",ACT_EU_MS_UK,United Kingdom,Bristol,Bristol Crown Court,1,lower court,not applicable,single judge,specialized,criminal law
1488,NAT_COURT_UK_CC_CHE,"Crown Court, Chelmsford",ACT_EU_MS_UK,United Kingdom,Chelmsford,Chelmsford Crown Court,1,lower court,not applicable,single judge,specialized,criminal law
1489,NAT_COURT_UK_CC_LEE,"Crown Court, Leeds",ACT_EU_MS_UK,United Kingdom,Leeds,Leeds Crown Court,1,lower court,not applicable,single judge,specialized,criminal law
1490,NAT_COURT_UK_CC_MAI,"Crown Court, Maidstone",ACT_EU_MS_UK,United Kingdom,Maidstone,Maidstone Crown Court,1,lower court,not applicable,single judge,specialized,criminal law
1491,NAT_COURT_UK_CC_MAN,"Crown Court, Manchester",ACT_EU_MS_UK,United Kingdom,Manchester,Manchester Crown Court,1,lower court,not applicable,single judge,specialized,criminal law
1492,NAT_COURT_UK_CC_NEW,"Crown Court, Newcastle-upon-Tyne",ACT_EU_MS_UK,United Kingdom,Newcastle,Newcastle-upon-Tyne Crown Court,1,lower court,not applicable,single judge,specialized,criminal law
1493,NAT_COURT_UK_MC_CWM,Cwmbran Magistrates' Court,ACT_EU_MS_UK,United Kingdom,Cwmbran,Cwmbran Magistrates' Court,1,lower court,not applicable,panel,specialized,criminal law
1494,NAT_COURT_UK_DHBC_DOU,"Deputy High Bailiff's Court, Douglas (Isle of Man)",ACT_EU_MS_UK,United Kingdom,Douglas,"Deputy High Bailiff's Court, Douglas (Isle of Man)",1,lower court,not applicable,single judge,general,not applicable
1495,NAT_COURT_UK_EAT,Employment Appeal Tribunal,ACT_EU_MS_UK,United Kingdom,not available,Employment Appeal Tribunal,1,mid-level court,not applicable,panel,specialized,labor law
1496,NAT_COURT_UK_ET_BIR,"Employment Tribunal, Birmingham",ACT_EU_MS_UK,United Kingdom,Birmingham,"Employment Tribunal, Birmingham",1,lower court,not applicable,panel,specialized,labor law
1497,NAT_COURT_UK_ET_CRO,"Employment Tribunal, Croydon",ACT_EU_MS_UK,United Kingdom,Croydon,"Employment Tribunal, Croydon",1,lower court,not applicable,panel,specialized,labor law
1498,NAT_COURT_UK_ET_LEE,"Employment Tribunal, Leeds",ACT_EU_MS_UK,United Kingdom,Leeds,"Employment Tribunal, Leeds",1,lower court,not applicable,panel,specialized,labor law
1499,NAT_COURT_UK_ET_LEI,"Employment Tribunal, Leicester",ACT_EU_MS_UK,United Kingdom,Leicester,"Employment Tribunal, Leicester",1,lower court,not applicable,panel,specialized,labor law
1500,NAT_COURT_UK_ET_LON_SOU,"Employment Tribunal, London South",ACT_EU_MS_UK,United Kingdom,London,"Employment Tribunal, London South",1,lower court,not applicable,panel,specialized,labor law
1501,NAT_COURT_UK_ET_NEW,"Employment Tribunal, Newcastle upon Tyne",ACT_EU_MS_UK,United Kingdom,Newcastle,"Employment Tribunal, Newcastle upon Tyne",1,lower court,not applicable,panel,specialized,labor law
1502,NAT_COURT_UK_FTT_GRCIR,"First-tier Tribunal (General Regulatory Chamber, Information Rights)",ACT_EU_MS_UK,United Kingdom,London,"First-tier Tribunal (General Regulatory Chamber, Information Rights)",1,lower court,not applicable,mixed,administrative,not applicable
1503,NAT_COURT_UK_FTT_IAC,First-tier Tribunal (Immigration and Asylum Chamber),ACT_EU_MS_UK,United Kingdom,London,First-tier Tribunal (Immigration and Asylum Chamber),1,lower court,not applicable,mixed,specialized,immigration law
1504,NAT_COURT_UK_FTT_TC,First-tier Tribunal (Tax Chamber),ACT_EU_MS_UK,United Kingdom,London,First-tier Tribunal (Tax Chamber),1,lower court,not applicable,mixed,specialized,tax law
1505,NAT_COURT_UK_HCJ_EW_CD,"High Court of Justice (England & Wales), Chancery Division",ACT_EU_MS_UK,United Kingdom,London,"High Court of Justice (England & Wales), Chancery Division",1,lower court,not applicable,single judge,general,not applicable
1506,NAT_COURT_UK_HCJ_EW_CD_BPC,"High Court of Justice (England & Wales), Chancery Division (Business and Property Courts)",ACT_EU_MS_UK,United Kingdom,London,"High Court of Justice (England & Wales), Chancery Division (Business and Property Courts)",1,lower court,not applicable,panel,specialized,commercial law
1507,NAT_COURT_UK_HCJ_EW_CD_IP,"High Court of Justice (England & Wales), Chancery Division (Intellectual Property)",ACT_EU_MS_UK,United Kingdom,London,"High Court of Justice (England & Wales), Chancery Division (Intellectual Property)",1,lower court,not applicable,panel,specialized,intellectual property law
1508,NAT_COURT_UK_HCJ_EW_CD_PC,"High Court of Justice (England & Wales), Chancery Division (Patents Court)",ACT_EU_MS_UK,United Kingdom,London,"High Court of Justice (England & Wales), Chancery Division (Patents Court)",1,lower court,not applicable,single judge,specialized,intellectual property law
1509,NAT_COURT_UK_HCJ_EW_FD,"High Court of Justice (England & Wales), Family Division",ACT_EU_MS_UK,United Kingdom,London,"High Court of Justice (England & Wales), Family Division",1,lower court,not applicable,single judge,specialized,family law
1510,NAT_COURT_UK_HCJ_EW_QBD,"High Court of Justice (England & Wales), Queen's Bench Division",ACT_EU_MS_UK,United Kingdom,London,"High Court of Justice (England & Wales), Queen's Bench Division",1,lower court,not applicable,single judge,general,not applicable
1511,NAT_COURT_UK_HCJ_EW_QBD_AC,"High Court of Justice (England & Wales), Queen's Bench Division (Administrative Court)",ACT_EU_MS_UK,United Kingdom,London,"High Court of Justice (England & Wales), Queen's Bench Division (Administrative Court)",1,lower court,not applicable,panel,administrative,not applicable
1512,NAT_COURT_UK_HCJ_EW_QBD_BMC,"High Court of Justice (England & Wales), Queen's Bench Division (Bristol Mercantile Court)",ACT_EU_MS_UK,United Kingdom,Bristol,"High Court of Justice (England & Wales), Queen's Bench Division (Bristol Mercantile Court)",1,lower court,not applicable,single judge,specialized,commercial law
1513,NAT_COURT_UK_HCJ_EW_QBD_CC,"High Court of Justice (England & Wales), Queen's Bench Division (Commercial Court)",ACT_EU_MS_UK,United Kingdom,London,"High Court of Justice (England & Wales), Queen's Bench Division (Commercial Court)",1,lower court,not applicable,single judge,specialized,commercial law
1514,NAT_COURT_UK_HCJ_EW_QBD_CO,"High Court of Justice (England & Wales), Queen's Bench Division (Crown Office)",ACT_EU_MS_UK,United Kingdom,London,"High Court of Justice (England & Wales), Queen's Bench Division (Crown Office)",1,lower court,not applicable,not available,general,not applicable
1515,NAT_COURT_UK_HCJ_EW_QBD_DC,"High Court of Justice (England & Wales), Queen's Bench Division (Divisional Court)",ACT_EU_MS_UK,United Kingdom,London,"High Court of Justice (England & Wales), Queen's Bench Division (Divisional Court)",1,lower court,not applicable,panel,general,not applicable
1516,NAT_COURT_UK_HCJ_NI_QBD,"High Court of Justice (Northern Ireland), Queen's Bench Division",ACT_EU_MS_UK,United Kingdom,Belfast,"High Court of Justice (Northern Ireland), Queen's Bench Division",1,lower court,not applicable,single judge,general,not applicable
1517,NAT_COURT_UK_HCJ_SCO,High Court of Justiciary (Scotland),ACT_EU_MS_UK,United Kingdom,not available,High Court of Justiciary (Scotland),1,higher court,not applicable,panel,specialized,criminal law
1518,NAT_COURT_UK_HL,House of Lords,ACT_EU_MS_UK,United Kingdom,London,House of Lords,1,higher court,not applicable,panel,constitutional,not applicable
1519,NAT_COURT_UK_IA,Immigration Adjudicator,ACT_EU_MS_UK,United Kingdom,London,Immigration Adjudicator,1,lower court,not applicable,single judge,specialized,immigration law
1520,NAT_COURT_UK_IAT,Immigration Appeal Tribunal,ACT_EU_MS_UK,United Kingdom,London,Immigration Appeal Tribunal,1,mid-level court,not applicable,panel,specialized,immigration law
1521,NAT_COURT_UK_IAA,Immigration Appellate Authority,ACT_EU_MS_UK,United Kingdom,London,Immigration Appellate Authority,0,not applicable,mid-level court,not available,specialized,immigration law
1522,NAT_COURT_UK_ITTG,Income Tax Tribunal of Gibraltar,ACT_EU_MS_UK,United Kingdom,Gibraltar,Income Tax Tribunal of Gibraltar,0,not applicable,not available,not available,specialized,tax law
1523,NAT_COURT_UK_IT_BED,"Industrial Tribunal, Bedford",ACT_EU_MS_UK,United Kingdom,Bedford,"Employment Tribunal, Bedford",1,lower court,not applicable,panel,specialized,labor law
1524,NAT_COURT_UK_IT_BEL,"Industrial Tribunal, Belfast",ACT_EU_MS_UK,United Kingdom,Belfast,"Employment Tribunal, Belfast",1,lower court,not applicable,panel,specialized,labor law
1525,NAT_COURT_UK_IT_BRI,"Industrial Tribunal, Bristol",ACT_EU_MS_UK,United Kingdom,Bristol,"Employment Tribunal, Bristol",1,lower court,not applicable,panel,specialized,labor law
1526,NAT_COURT_UK_IT_BUR_ST_EDM,"Industrial Tribunal, Bury St Edmunds",ACT_EU_MS_UK,United Kingdom,Bury St Edmunds,"Employment Tribunal, Bury St Edmunds",1,lower court,not applicable,panel,specialized,labor law
1527,NAT_COURT_UK_IT_LEE,"Industrial Tribunal, Leeds",ACT_EU_MS_UK,United Kingdom,Leeds,"Employment Tribunal, Leeds",1,lower court,not applicable,panel,specialized,labor law
1528,NAT_COURT_UK_IT_MAN,"Industrial Tribunal, Manchester",ACT_EU_MS_UK,United Kingdom,Manchester,"Employment Tribunal, Manchester",1,lower court,not applicable,panel,specialized,labor law
1529,NAT_COURT_UK_IT_SOU,"Industrial Tribunal, Southampton",ACT_EU_MS_UK,United Kingdom,Southampton,"Employment Tribunal, Southampton",1,lower court,not applicable,panel,specialized,labor law
1530,NAT_COURT_UK_IT_TRU,"Industrial Tribunal, Truro",ACT_EU_MS_UK,United Kingdom,Truro,"Employment Tribunal, Truro",1,lower court,not applicable,panel,specialized,labor law
1531,NAT_COURT_UK_IPT,Investigatory Powers Tribunal,ACT_EU_MS_UK,United Kingdom,not available,Investigatory Powers Tribunal,1,lower court,not applicable,panel,specialized,surveillance law
1532,NAT_COURT_UK_MC_MAR_STR_LON,"Marlborough Street Magistrates' Court, London",ACT_EU_MS_UK,United Kingdom,London,"Marlborough Street Magistrates' Court, London",1,lower court,not applicable,panel,specialized,criminal law
1533,NAT_COURT_UK_NIC,National Insurance Commissioner,ACT_EU_MS_UK,United Kingdom,not available,National Insurance Commissioner,0,not applicable,not available,panel,specialized,social security law
1534,NAT_COURT_UK_MC_NOT,Nottingham Magistrates' Court,ACT_EU_MS_UK,United Kingdom,Nottingham,Nottingham Magistrates' Court,1,lower court,not applicable,panel,specialized,criminal law
1535,NAT_COURT_UK_OITFFT,"Office of the Industrial Tribunal and the Fair Employment Tribunal, Belfast",ACT_EU_MS_UK,United Kingdom,Belfast,"Office of the Industrial Tribunal and the Fair Employment Tribunal, Belfast",1,lower court,not applicable,panel,specialized,labor law
1536,NAT_COURT_UK_MC_PET,Petersfield Magistrates' Court,ACT_EU_MS_UK,United Kingdom,Petersfield,Petersfield Magistrates' Court,1,lower court,not applicable,panel,specialized,criminal law
1537,NAT_COURT_UK_MC_PLY,Plymouth Magistrates' Court,ACT_EU_MS_UK,United Kingdom,Plymouth,Plymouth Magistrates' Court,1,lower court,not applicable,panel,specialized,criminal law
1538,NAT_COURT_UK_MC_PON,Pontypridd Magistrates' Court,ACT_EU_MS_UK,United Kingdom,Pontypridd,Pontypridd Magistrates' Court,1,lower court,not applicable,panel,specialized,criminal law
1539,NAT_COURT_UK_MC_REA_SON,Reading and Sonning Magistrates' Court,ACT_EU_MS_UK,United Kingdom,Reading,Reading and Sonning Magistrates' Court,1,lower court,not applicable,panel,specialized,criminal law
1540,NAT_COURT_UK_MC_RIC,Richmond Magistrates' Court,ACT_EU_MS_UK,United Kingdom,Richmond,Richmond Magistrates' Court,1,lower court,not applicable,panel,specialized,criminal law
1541,NAT_COURT_UK_RCJ,Royal Court of Jersey,ACT_EU_MS_UK,United Kingdom,Saint Helier,Royal Court of Jersey,1,lower court,not applicable,panel,general,not applicable
1542,NAT_COURT_UK_SCL,Scottish Land Court,ACT_EU_MS_UK,United Kingdom,Edinburgh,Scottish Land Court,0,not applicable,not available,panel,specialized,agricultural law
1543,NAT_COURT_UK_MC_SED,Sedgefield Magistrates' Court,ACT_EU_MS_UK,United Kingdom,Sedgefield,Sedgefield Magistrates' Court,1,lower court,not applicable,panel,specialized,criminal law
1544,NAT_COURT_UK_SC_GRA_HIG_ISL_ELG,"Sheriff Court of Grampian, Highland and Islands at Elgin (Scotland)",ACT_EU_MS_UK,United Kingdom,Elgin,"Sheriff Court of Grampian, Highland and Islands at Elgin (Scotland)",1,lower court,not applicable,panel,general,not applicable
1545,NAT_COURT_UK_SSAT_NI,Social Security Appeal Tribunal (Northern Ireland),ACT_EU_MS_UK,United Kingdom,Belfast,Social Security Appeal Tribunal (Northern Ireland),1,lower court,not applicable,panel,specialized,social security law
1546,NAT_COURT_UK_SSAT_BOG_REG,"Social Security Appeal Tribunal, Bognor Regis",ACT_EU_MS_UK,United Kingdom,Bognor Regis,"Social Security Appeal Tribunal, Bognor Regis",1,lower court,not applicable,panel,specialized,social security law
1547,NAT_COURT_UK_SSC,Social Security Commissioner,ACT_EU_MS_UK,United Kingdom,not available,Social Security Commissioner,1,lower court,not applicable,not available,specialized,social security law
1548,NAT_COURT_UK_SSC_BEL,"Social Security Commissioner, Belfast",ACT_EU_MS_UK,United Kingdom,Belfast,"Social Security Commissioner, Belfast",1,lower court,not applicable,not available,specialized,social security law
1549,NAT_COURT_UK_SSC_LON,"Social Security Commissioner, London",ACT_EU_MS_UK,United Kingdom,London,"Social Security Commissioner, London",1,lower court,not applicable,not available,specialized,social security law
1550,NAT_COURT_UK_SCIT,Special Commissioners of Income Tax,ACT_EU_MS_UK,United Kingdom,London,Special Commissioners of Income Tax,1,lower court,not applicable,mixed,specialized,tax law
1551,NAT_COURT_UK_SCG,Supreme Court of Gibraltar,ACT_EU_MS_UK,United Kingdom,Gibraltar,Supreme Court of Gibraltar,1,higher court,not applicable,panel,general,not applicable
1552,NAT_COURT_UK_SCUK,Supreme Court of the United Kingdom,ACT_EU_MS_UK,United Kingdom,London,Supreme Court,1,higher court,not applicable,panel,general,not applicable
1553,NAT_COURT_UK_PALC,The Person Appointed by the Lord Chancellor under Section 76 of The Trade Marks Act 1994,ACT_EU_MS_UK,United Kingdom,Newport,The Person Appointed by the Lord Chancellor under Section 76 of The Trade Marks Act 1994,0,not applicable,mid-level court,single judge,specialized,intellectual property law
1554,NAT_COURT_UK_TSSC,Tribunal of Social Security Commissioners,ACT_EU_MS_UK,United Kingdom,not available,Tribunal of Social Security Commissioners,0,not applicable,not available,panel,specialized,social security law
1555,NAT_COURT_UK_UT,Upper Tribunal,ACT_EU_MS_UK,United Kingdom,London,Upper Tribunal,1,mid-level court,not applicable,single judge,administrative,not applicable
1556,NAT_COURT_UK_UT_AAC,Upper Tribunal (Administrative Appeals Chamber),ACT_EU_MS_UK,United Kingdom,London,Upper Tribunal (Administrative Appeals Chamber),1,mid-level court,not applicable,single judge,administrative,not applicable
1557,NAT_COURT_UK_UT_IAC,Upper Tribunal (Immigration and Asylum Chamber),ACT_EU_MS_UK,United Kingdom,London,Upper Tribunal (Immigration and Asylum Chamber),1,mid-level court,not applicable,single judge,specialized,immigration law
1558,NAT_COURT_UK_UT_TCC,Upper Tribunal (Tax and Chancery Chamber),ACT_EU_MS_UK,United Kingdom,London,Upper Tribunal (Tax and Chancery Chamber),1,mid-level court,not applicable,single judge,specialized,tax law
1559,NAT_COURT_UK_VATT_LON,"Value Added Tax Tribunal, London",ACT_EU_MS_UK,United Kingdom,London,"Value Added Tax Tribunal, London",1,lower court,not applicable,panel,specialized,tax law
1560,NAT_COURT_UK_VATT_MAN,"Value Added Tax Tribunal, Manchester",ACT_EU_MS_UK,United Kingdom,Manchester,"Value Added Tax Tribunal, Manchester",1,lower court,not applicable,panel,specialized,tax law
1561,NAT_COURT_UK_VDT_BEL,"VAT and Duties Tribunal, Belfast",ACT_EU_MS_UK,United Kingdom,Belfast,"VAT and Duties Tribunal, Belfast",1,lower court,not applicable,panel,specialized,tax law
1562,NAT_COURT_UK_VDT_EDI,"VAT and Duties Tribunal, Edinburgh",ACT_EU_MS_UK,United Kingdom,Edinburgh,"VAT and Duties Tribunal, Edinburgh",1,lower court,not applicable,panel,specialized,tax law
1563,NAT_COURT_UK_VDT_LON,"VAT and Duties Tribunal, London",ACT_EU_MS_UK,United Kingdom,London,"VAT and Duties Tribunal, London",1,lower court,not applicable,panel,specialized,tax law
1564,NAT_COURT_UK_VDT_MAN,"VAT and Duties Tribunal, Manchester",ACT_EU_MS_UK,United Kingdom,Manchester,"VAT and Duties Tribunal, Manchester",1,lower court,not applicable,panel,specialized,tax law
1565,NAT_COURT_UK_ET_WAT,Watford Employment Tribunal,ACT_EU_MS_UK,United Kingdom,Watford,Watford Employment Tribunal,1,lower court,not applicable,panel,specialized,labor law
1566,NAT_COURT_UK_MC_WES,Westminster Magistrates' Court,ACT_EU_MS_UK,United Kingdom,London,Westminster Magistrates' Court,1,lower court,not applicable,panel,specialized,criminal law
